ISO-10303-21;
HEADER;
FILE_DESCRIPTION(('FreeCAD Model'),'2;1');
FILE_NAME('Open CASCADE Shape Model','2026-08-28T13:03:57',('FreeCAD'),(
    'FreeCAD'),'Open CASCADE STEP processor 7.8','FreeCAD','Unknown');
FILE_SCHEMA(('AUTOMOTIVE_DESIGN { 1 0 10303 214 1 1 1 1 }'));
ENDSEC;
DATA;
#1 = APPLICATION_PROTOCOL_DEFINITION('international standard',
  'automotive_design',2000,#2);
#2 = APPLICATION_CONTEXT(
  'core data for automotive mechanical design processes');
#3 = SHAPE_DEFINITION_REPRESENTATION(#4,#10);
#4 = PRODUCT_DEFINITION_SHAPE('','',#5);
#5 = PRODUCT_DEFINITION('design','',#6,#9);
#6 = PRODUCT_DEFINITION_FORMATION('','',#7);
#7 = PRODUCT('Open CASCADE STEP translator 7.8 14',
  'Open CASCADE STEP translator 7.8 14','',(#8));
#8 = PRODUCT_CONTEXT('',#2,'mechanical');
#9 = PRODUCT_DEFINITION_CONTEXT('part definition',#2,'design');
#10 = ADVANCED_BREP_SHAPE_REPRESENTATION('',(#11,#15),#6233);
#11 = AXIS2_PLACEMENT_3D('',#12,#13,#14);
#12 = CARTESIAN_POINT('',(0.,0.,0.));
#13 = DIRECTION('',(0.,0.,1.));
#14 = DIRECTION('',(1.,0.,-0.));
#15 = MANIFOLD_SOLID_BREP('',#16);
#16 = CLOSED_SHELL('',(#17,#108,#128,#1701,#1824,#1852,#1883,#1947,#2011
    ,#2035,#2059,#2083,#2107,#2131,#2155,#2219,#2283,#2307,#2331,#2395,
    #2459,#2483,#2507,#2531,#2555,#2579,#2603,#2667,#2731,#2755,#2779,
    #2843,#2907,#2931,#2955,#2979,#3003,#3027,#3051,#3115,#3179,#3203,
    #3227,#3291,#3355,#3379,#3403,#3427,#3451,#3475,#3499,#3563,#3627,
    #3651,#3675,#3739,#3803,#3827,#3851,#3875,#3899,#3923,#3947,#4011,
    #4075,#4099,#4123,#4187,#4251,#4275,#4299,#4323,#4347,#4371,#4395,
    #4459,#4523,#4547,#4571,#4635,#4699,#4723,#4747,#4771,#4795,#4819,
    #4843,#4907,#4971,#4995,#5019,#5083,#5147,#5171,#5195,#5219,#5243,
    #5267,#5291,#5355,#5419,#5443,#5467,#5531,#5595,#5619,#5643,#5667,
    #5691,#5715,#5739,#5803,#5867,#5891,#5915,#5979,#6043,#6067,#6091,
    #6108));
#17 = ADVANCED_FACE('',(#18,#45),#103,.T.);
#18 = FACE_BOUND('',#19,.F.);
#19 = EDGE_LOOP('',(#20,#30,#37,#38));
#20 = ORIENTED_EDGE('',*,*,#21,.F.);
#21 = EDGE_CURVE('',#22,#24,#26,.T.);
#22 = VERTEX_POINT('',#23);
#23 = CARTESIAN_POINT('',(6.25,0.,8.));
#24 = VERTEX_POINT('',#25);
#25 = CARTESIAN_POINT('',(6.25,0.,18.));
#26 = LINE('',#27,#28);
#27 = CARTESIAN_POINT('',(6.25,0.,8.));
#28 = VECTOR('',#29,1.);
#29 = DIRECTION('',(0.,0.,1.));
#30 = ORIENTED_EDGE('',*,*,#31,.F.);
#31 = EDGE_CURVE('',#22,#22,#32,.T.);
#32 = CIRCLE('',#33,6.25);
#33 = AXIS2_PLACEMENT_3D('',#34,#35,#36);
#34 = CARTESIAN_POINT('',(0.,0.,8.));
#35 = DIRECTION('',(0.,0.,1.));
#36 = DIRECTION('',(1.,0.,0.));
#37 = ORIENTED_EDGE('',*,*,#21,.T.);
#38 = ORIENTED_EDGE('',*,*,#39,.T.);
#39 = EDGE_CURVE('',#24,#24,#40,.T.);
#40 = CIRCLE('',#41,6.25);
#41 = AXIS2_PLACEMENT_3D('',#42,#43,#44);
#42 = CARTESIAN_POINT('',(0.,0.,18.));
#43 = DIRECTION('',(0.,0.,1.));
#44 = DIRECTION('',(1.,0.,0.));
#45 = FACE_BOUND('',#46,.F.);
#46 = EDGE_LOOP('',(#47));
#47 = ORIENTED_EDGE('',*,*,#48,.F.);
#48 = EDGE_CURVE('',#49,#49,#51,.T.);
#49 = VERTEX_POINT('',#50);
#50 = CARTESIAN_POINT('',(1.7,6.014357821081,13.));
#51 = B_SPLINE_CURVE_WITH_KNOTS('',8,(#52,#53,#54,#55,#56,#57,#58,#59,
    #60,#61,#62,#63,#64,#65,#66,#67,#68,#69,#70,#71,#72,#73,#74,#75,#76,
    #77,#78,#79,#80,#81,#82,#83,#84,#85,#86,#87,#88,#89,#90,#91,#92,#93,
    #94,#95,#96,#97,#98,#99,#100,#101,#102),.UNSPECIFIED.,.T.,.F.,(9,7,7
    ,7,7,7,7,9),(0.,0.153356469176,0.287294419,0.424135270455,
    0.577601339183,0.705864872685,0.828830310229,1.),.UNSPECIFIED.);
#52 = CARTESIAN_POINT('',(1.7,6.014357821081,13.));
#53 = CARTESIAN_POINT('',(1.7,6.014357821081,13.179061762474));
#54 = CARTESIAN_POINT('',(1.678445699364,6.020450184686,13.35782960176)
  );
#55 = CARTESIAN_POINT('',(1.635456523758,6.032601795096,13.534625289197)
  );
#56 = CARTESIAN_POINT('',(1.570768430667,6.050418599894,13.707635836901)
  );
#57 = CARTESIAN_POINT('',(1.483866144208,6.073126492169,13.8747317924));
#58 = CARTESIAN_POINT('',(1.374089392977,6.099480036138,14.03327442686)
  );
#59 = CARTESIAN_POINT('',(1.240790513592,6.127675481023,14.17985040349)
  );
#60 = CARTESIAN_POINT('',(0.94635241913,6.179509986464,14.423430778865)
  );
#61 = CARTESIAN_POINT('',(0.78574509409,6.204177055376,14.528606268873)
  );
#62 = CARTESIAN_POINT('',(0.604315247084,6.226814606631,14.616433506306)
  );
#63 = CARTESIAN_POINT('',(0.406544599104,6.244464639965,14.680393752621)
  );
#64 = CARTESIAN_POINT('',(0.198345599695,6.254592694049,14.716270771874)
  );
#65 = CARTESIAN_POINT('',(-1.369045222175E-02,6.256058066965,
    14.722042777015));
#66 = CARTESIAN_POINT('',(-0.222808033169,6.249242057617,14.697933601752
    ));
#67 = CARTESIAN_POINT('',(-0.627071515974,6.221833422119,14.594136381278
    ));
#68 = CARTESIAN_POINT('',(-0.815111365408,6.201399300455,14.514977803175
    ));
#69 = CARTESIAN_POINT('',(-0.984776258276,6.176600880635,14.414319369589
    ));
#70 = CARTESIAN_POINT('',(-1.134983284899,6.14977456189,14.296542830688)
  );
#71 = CARTESIAN_POINT('',(-1.265285505735,6.123010014032,14.165450462056
    ));
#72 = CARTESIAN_POINT('',(-1.375667493212,6.097995044823,14.02439111154)
  );
#73 = CARTESIAN_POINT('',(-1.466448233658,6.075978172871,13.876317788433
    ));
#74 = CARTESIAN_POINT('',(-1.618681815859,6.037322512033,13.55280495867)
  );
#75 = CARTESIAN_POINT('',(-1.676656269286,6.02130095818,13.373197572744)
  );
#76 = CARTESIAN_POINT('',(-1.711616881007,6.011077158065,13.187982933004
    ));
#77 = CARTESIAN_POINT('',(-1.723297666687,6.007563340443,13.));
#78 = CARTESIAN_POINT('',(-1.711616881006,6.011077158065,12.812017066996
    ));
#79 = CARTESIAN_POINT('',(-1.676656269286,6.02130095818,12.626802427256)
  );
#80 = CARTESIAN_POINT('',(-1.618681815859,6.037322512032,12.447195041331
    ));
#81 = CARTESIAN_POINT('',(-1.47094607972,6.074836064742,12.133240620994)
  );
#82 = CARTESIAN_POINT('',(-1.38710922155,6.095215471021,11.994478224249)
  );
#83 = CARTESIAN_POINT('',(-1.286262898623,6.118233134908,11.861837705313
    ));
#84 = CARTESIAN_POINT('',(-1.168098199317,6.142907706842,11.737576476895
    ));
#85 = CARTESIAN_POINT('',(-1.032502096951,6.167933147959,11.624300528277
    ));
#86 = CARTESIAN_POINT('',(-0.879645573829,6.191683560338,11.525020342006
    ));
#87 = CARTESIAN_POINT('',(-0.710141839062,6.212294054282,11.443253289425
    ));
#88 = CARTESIAN_POINT('',(-0.348149886623,6.242828478841,11.3256349742)
  );
#89 = CARTESIAN_POINT('',(-0.159296387644,6.252956882468,11.288805726419
    ));
#90 = CARTESIAN_POINT('',(3.609629160103E-02,6.256552236308,
    11.276547793082));
#91 = CARTESIAN_POINT('',(0.232156991611,6.252657670007,11.290420023917)
  );
#92 = CARTESIAN_POINT('',(0.422857785163,6.241535788649,11.329865403256)
  );
#93 = CARTESIAN_POINT('',(0.602501352826,6.224749153095,11.392272847009)
  );
#94 = CARTESIAN_POINT('',(0.766315377431,6.204564511838,11.47288281197)
  );
#95 = CARTESIAN_POINT('',(1.112177191101,6.153612869324,11.692373393208)
  );
#96 = CARTESIAN_POINT('',(1.283437480416,6.12073242235,11.846303637917)
  );
#97 = CARTESIAN_POINT('',(1.424289358561,6.088531230664,12.018676659335)
  );
#98 = CARTESIAN_POINT('',(1.535438944431,6.060114004497,12.203836029333)
  );
#99 = CARTESIAN_POINT('',(1.617887044419,6.037568715763,12.397488767767)
  );
#100 = CARTESIAN_POINT('',(1.672550535085,6.022116170469,12.596359255906
    ));
#101 = CARTESIAN_POINT('',(1.7,6.014357821081,12.79793431795));
#102 = CARTESIAN_POINT('',(1.7,6.014357821081,13.));
#103 = CYLINDRICAL_SURFACE('',#104,6.25);
#104 = AXIS2_PLACEMENT_3D('',#105,#106,#107);
#105 = CARTESIAN_POINT('',(0.,0.,8.));
#106 = DIRECTION('',(-0.,-0.,-1.));
#107 = DIRECTION('',(1.,0.,0.));
#108 = ADVANCED_FACE('',(#109,#112),#123,.T.);
#109 = FACE_BOUND('',#110,.T.);
#110 = EDGE_LOOP('',(#111));
#111 = ORIENTED_EDGE('',*,*,#39,.T.);
#112 = FACE_BOUND('',#113,.T.);
#113 = EDGE_LOOP('',(#114));
#114 = ORIENTED_EDGE('',*,*,#115,.F.);
#115 = EDGE_CURVE('',#116,#116,#118,.T.);
#116 = VERTEX_POINT('',#117);
#117 = CARTESIAN_POINT('',(2.5,0.,18.));
#118 = CIRCLE('',#119,2.5);
#119 = AXIS2_PLACEMENT_3D('',#120,#121,#122);
#120 = CARTESIAN_POINT('',(0.,0.,18.));
#121 = DIRECTION('',(0.,0.,1.));
#122 = DIRECTION('',(1.,0.,0.));
#123 = PLANE('',#124);
#124 = AXIS2_PLACEMENT_3D('',#125,#126,#127);
#125 = CARTESIAN_POINT('',(-4.4E-16,-2.6E-16,18.));
#126 = DIRECTION('',(0.,0.,1.));
#127 = DIRECTION('',(1.,0.,0.));
#128 = ADVANCED_FACE('',(#129,#1693),#1696,.T.);
#129 = FACE_BOUND('',#130,.T.);
#130 = EDGE_LOOP('',(#131,#141,#168,#176,#184,#192,#219,#226,#253,#260,
    #267,#274,#301,#308,#335,#342,#349,#356,#383,#390,#417,#424,#431,
    #438,#465,#472,#499,#506,#513,#520,#547,#554,#581,#588,#595,#602,
    #629,#636,#663,#670,#677,#684,#711,#718,#745,#752,#759,#766,#793,
    #800,#827,#834,#841,#848,#875,#882,#909,#916,#923,#930,#957,#964,
    #991,#998,#1005,#1012,#1039,#1046,#1073,#1080,#1087,#1094,#1121,
    #1128,#1155,#1162,#1169,#1176,#1203,#1210,#1237,#1244,#1251,#1258,
    #1285,#1292,#1319,#1326,#1333,#1340,#1367,#1374,#1401,#1408,#1415,
    #1422,#1449,#1456,#1483,#1490,#1497,#1504,#1531,#1538,#1565,#1572,
    #1579,#1586,#1613,#1620,#1647,#1654,#1661,#1668));
#131 = ORIENTED_EDGE('',*,*,#132,.T.);
#132 = EDGE_CURVE('',#133,#135,#137,.T.);
#133 = VERTEX_POINT('',#134);
#134 = CARTESIAN_POINT('',(10.494356161615,-0.344221953345,8.));
#135 = VERTEX_POINT('',#136);
#136 = CARTESIAN_POINT('',(10.494356161615,0.344221953345,8.));
#137 = LINE('',#138,#139);
#138 = CARTESIAN_POINT('',(10.494356161615,-0.344221953345,8.));
#139 = VECTOR('',#140,1.);
#140 = DIRECTION('',(0.,1.,0.));
#141 = ORIENTED_EDGE('',*,*,#142,.T.);
#142 = EDGE_CURVE('',#135,#143,#145,.T.);
#143 = VERTEX_POINT('',#144);
#144 = CARTESIAN_POINT('',(8.884614272876,0.86970381047,8.));
#145 = B_SPLINE_CURVE_WITH_KNOTS('',3,(#146,#147,#148,#149,#150,#151,
    #152,#153,#154,#155,#156,#157,#158,#159,#160,#161,#162,#163,#164,
    #165,#166,#167),.UNSPECIFIED.,.F.,.F.,(4,1,1,1,1,1,1,1,1,1,1,1,1,1,1
    ,1,1,1,1,4),(0.,0.175408275205,0.341335022231,0.497780241091,
    0.6447439318,0.782226094377,0.910226728846,1.028745835234,
    1.137783413579,1.237339463926,1.327413986336,1.408006980892,
    1.479118447709,1.540748386957,1.592896798895,1.635563683959,
    1.668749042956,1.692452877662,1.706675193405,1.711416027488),
  .UNSPECIFIED.);
#146 = CARTESIAN_POINT('',(10.494356161615,0.344221953345,8.));
#147 = CARTESIAN_POINT('',(10.443661393787,0.373354089008,8.));
#148 = CARTESIAN_POINT('',(10.344110754644,0.428496462918,8.));
#149 = CARTESIAN_POINT('',(10.19639298181,0.504129775658,8.));
#150 = CARTESIAN_POINT('',(10.054867992506,0.57087216777,8.));
#151 = CARTESIAN_POINT('',(9.919949833168,0.629207674092,8.));
#152 = CARTESIAN_POINT('',(9.792026671684,0.679642754893,8.));
#153 = CARTESIAN_POINT('',(9.671460751361,0.722698667007,8.));
#154 = CARTESIAN_POINT('',(9.558587612936,0.758911882816,8.));
#155 = CARTESIAN_POINT('',(9.453715554719,0.788832520065,8.));
#156 = CARTESIAN_POINT('',(9.357125097175,0.813023214461,8.));
#157 = CARTESIAN_POINT('',(9.269068504388,0.832057899522,8.));
#158 = CARTESIAN_POINT('',(9.189769367282,0.846520459718,8.));
#159 = CARTESIAN_POINT('',(9.119422195806,0.857003789075,8.));
#160 = CARTESIAN_POINT('',(9.058192197023,0.864107502041,8.));
#161 = CARTESIAN_POINT('',(9.006214701966,0.868439648474,8.));
#162 = CARTESIAN_POINT('',(8.963595829076,0.870606636928,8.));
#163 = CARTESIAN_POINT('',(8.930409914591,0.871235848141,8.));
#164 = CARTESIAN_POINT('',(8.906705587425,0.870912734381,8.));
#165 = CARTESIAN_POINT('',(8.89249203523,0.870315443102,8.));
#166 = CARTESIAN_POINT('',(8.886189079904,0.869837264591,8.));
#167 = CARTESIAN_POINT('',(8.884614272876,0.86970381047,8.));
#168 = ORIENTED_EDGE('',*,*,#169,.T.);
#169 = EDGE_CURVE('',#143,#170,#172,.T.);
#170 = VERTEX_POINT('',#171);
#171 = CARTESIAN_POINT('',(8.210755206978,0.803740586932,8.));
#172 = LINE('',#173,#174);
#173 = CARTESIAN_POINT('',(8.884614272876,0.86970381047,8.));
#174 = VECTOR('',#175,1.);
#175 = DIRECTION('',(-0.995243055391,-9.742310144626E-02,0.));
#176 = ORIENTED_EDGE('',*,*,#177,.T.);
#177 = EDGE_CURVE('',#170,#178,#180,.T.);
#178 = VERTEX_POINT('',#179);
#179 = CARTESIAN_POINT('',(8.026847984098,1.905836152501,8.));
#180 = LINE('',#181,#182);
#181 = CARTESIAN_POINT('',(8.210755206978,0.803740586932,8.));
#182 = VECTOR('',#183,1.);
#183 = DIRECTION('',(-0.164594590281,0.986361303403,0.));
#184 = ORIENTED_EDGE('',*,*,#185,.T.);
#185 = EDGE_CURVE('',#178,#186,#188,.T.);
#186 = VERTEX_POINT('',#187);
#187 = CARTESIAN_POINT('',(8.685613730771,2.062248679376,8.));
#188 = LINE('',#189,#190);
#189 = CARTESIAN_POINT('',(8.026847984098,1.905836152501,8.));
#190 = VECTOR('',#191,1.);
#191 = DIRECTION('',(0.9729512708,0.231010442727,0.));
#192 = ORIENTED_EDGE('',*,*,#193,.T.);
#193 = EDGE_CURVE('',#186,#194,#196,.T.);
#194 = VERTEX_POINT('',#195);
#195 = CARTESIAN_POINT('',(10.037511683743,3.081940816876,8.));
#196 = B_SPLINE_CURVE_WITH_KNOTS('',3,(#197,#198,#199,#200,#201,#202,
    #203,#204,#205,#206,#207,#208,#209,#210,#211,#212,#213,#214,#215,
    #216,#217,#218),.UNSPECIFIED.,.F.,.F.,(4,1,1,1,1,1,1,1,1,1,1,1,1,1,1
    ,1,1,1,1,4),(0.,4.740834082121E-03,1.896314982603E-02,
    4.266698453205E-02,7.585234352884E-02,0.118519228593,0.170667640531,
    0.232297579778,0.303409046595,0.384002041151,0.474076563562,
    0.573632613909,0.682670192253,0.801189298642,0.929189933111,
    1.066672095688,1.213635786397,1.370081005257,1.536007752283,
    1.711416027488),.UNSPECIFIED.);
#197 = CARTESIAN_POINT('',(8.685613730771,2.062248679376,8.));
#198 = CARTESIAN_POINT('',(8.687146542892,2.062633795173,8.));
#199 = CARTESIAN_POINT('',(8.693263251022,2.064228091942,8.));
#200 = CARTESIAN_POINT('',(8.706900613915,2.068278296405,8.));
#201 = CARTESIAN_POINT('',(8.729425490118,2.075669472289,8.));
#202 = CARTESIAN_POINT('',(8.760608995672,2.087040039921,8.));
#203 = CARTESIAN_POINT('',(8.800215040473,2.102927940369,8.));
#204 = CARTESIAN_POINT('',(8.847969605831,2.123902424214,8.));
#205 = CARTESIAN_POINT('',(8.903575422559,2.150502586522,8.));
#206 = CARTESIAN_POINT('',(8.966707058769,2.183259589416,8.));
#207 = CARTESIAN_POINT('',(9.037013564277,2.222686915936,8.));
#208 = CARTESIAN_POINT('',(9.114118455844,2.269282178194,8.));
#209 = CARTESIAN_POINT('',(9.197620670343,2.323525024337,8.));
#210 = CARTESIAN_POINT('',(9.287095256144,2.385876380568,8.));
#211 = CARTESIAN_POINT('',(9.38209420464,2.456777312591,8.));
#212 = CARTESIAN_POINT('',(9.482147299034,2.53664802696,8.));
#213 = CARTESIAN_POINT('',(9.586762986813,2.6258869786,8.));
#214 = CARTESIAN_POINT('',(9.695429400195,2.724869561005,8.));
#215 = CARTESIAN_POINT('',(9.807614955918,2.833948755124,8.));
#216 = CARTESIAN_POINT('',(9.922770875869,2.953447928792,8.));
#217 = CARTESIAN_POINT('',(9.999022887253,3.037926576473,8.));
#218 = CARTESIAN_POINT('',(10.037511683743,3.081940816876,8.));
#219 = ORIENTED_EDGE('',*,*,#220,.T.);
#220 = EDGE_CURVE('',#194,#221,#223,.T.);
#221 = VERTEX_POINT('',#222);
#222 = CARTESIAN_POINT('',(9.813974312663,3.733082933767,8.));
#223 = B_SPLINE_CURVE_WITH_KNOTS('',1,(#224,#225),.UNSPECIFIED.,.F.,.F.,
  (2,2),(0.,0.68844390669),.PIECEWISE_BEZIER_KNOTS.);
#224 = CARTESIAN_POINT('',(10.037511683743,3.081940816876,8.));
#225 = CARTESIAN_POINT('',(9.813974312663,3.733082933767,8.));
#226 = ORIENTED_EDGE('',*,*,#227,.T.);
#227 = EDGE_CURVE('',#221,#228,#230,.T.);
#228 = VERTEX_POINT('',#229);
#229 = CARTESIAN_POINT('',(8.120828999521,3.707410397606,8.));
#230 = B_SPLINE_CURVE_WITH_KNOTS('',3,(#231,#232,#233,#234,#235,#236,
    #237,#238,#239,#240,#241,#242,#243,#244,#245,#246,#247,#248,#249,
    #250,#251,#252),.UNSPECIFIED.,.F.,.F.,(4,1,1,1,1,1,1,1,1,1,1,1,1,1,1
    ,1,1,1,1,4),(0.,0.175408275205,0.341335022231,0.497780241091,
    0.6447439318,0.782226094377,0.910226728846,1.028745835234,
    1.137783413579,1.237339463926,1.327413986336,1.408006980892,
    1.479118447709,1.540748386957,1.592896798895,1.635563683959,
    1.668749042956,1.692452877662,1.706675193405,1.711416027488),
  .UNSPECIFIED.);
#231 = CARTESIAN_POINT('',(9.813974312663,3.733082933767,8.));
#232 = CARTESIAN_POINT('',(9.7565671382,3.744176045759,8.));
#233 = CARTESIAN_POINT('',(9.644505727738,3.764006614063,8.));
#234 = CARTESIAN_POINT('',(9.480233614785,3.787578022868,8.));
#235 = CARTESIAN_POINT('',(9.324705620477,3.804751039174,8.));
#236 = CARTESIAN_POINT('',(9.178156191218,3.816117912133,8.));
#237 = CARTESIAN_POINT('',(9.040788015509,3.822283698508,8.));
#238 = CARTESIAN_POINT('',(8.912774457496,3.82385903221,8.));
#239 = CARTESIAN_POINT('',(8.794258685097,3.821460267966,8.));
#240 = CARTESIAN_POINT('',(8.68535366923,3.815707820921,8.));
#241 = CARTESIAN_POINT('',(8.586142043471,3.807224926475,8.));
#242 = CARTESIAN_POINT('',(8.496676047632,3.796636330857,8.));
#243 = CARTESIAN_POINT('',(8.416977570887,3.784566881924,8.));
#244 = CARTESIAN_POINT('',(8.347038071722,3.771640506341,8.));
#245 = CARTESIAN_POINT('',(8.286819111334,3.75847797244,8.));
#246 = CARTESIAN_POINT('',(8.236251254682,3.745698326175,8.));
#247 = CARTESIAN_POINT('',(8.195237969879,3.733909575812,8.));
#248 = CARTESIAN_POINT('',(8.163645855231,3.723729245807,8.));
#249 = CARTESIAN_POINT('',(8.14133080876,3.715726856794,8.));
#250 = CARTESIAN_POINT('',(8.12808132619,3.71054679555,8.));
#251 = CARTESIAN_POINT('',(8.122275146678,3.708047959821,8.));
#252 = CARTESIAN_POINT('',(8.120828999521,3.707410397606,8.));
#253 = ORIENTED_EDGE('',*,*,#254,.T.);
#254 = EDGE_CURVE('',#228,#255,#257,.T.);
#255 = VERTEX_POINT('',#256);
#256 = CARTESIAN_POINT('',(7.504899700188,3.42621956245,8.));
#257 = B_SPLINE_CURVE_WITH_KNOTS('',1,(#258,#259),.UNSPECIFIED.,.F.,.F.,
  (2,2),(0.,0.677079897466),.PIECEWISE_BEZIER_KNOTS.);
#258 = CARTESIAN_POINT('',(8.120828999521,3.707410397606,8.));
#259 = CARTESIAN_POINT('',(7.504899700188,3.42621956245,8.));
#260 = ORIENTED_EDGE('',*,*,#261,.T.);
#261 = EDGE_CURVE('',#255,#262,#264,.T.);
#262 = VERTEX_POINT('',#263);
#263 = CARTESIAN_POINT('',(6.973107232762,4.408885972715,8.));
#264 = B_SPLINE_CURVE_WITH_KNOTS('',1,(#265,#266),.UNSPECIFIED.,.F.,.F.,
  (2,2),(0.,1.117334552529),.PIECEWISE_BEZIER_KNOTS.);
#265 = CARTESIAN_POINT('',(7.504899700188,3.42621956245,8.));
#266 = CARTESIAN_POINT('',(6.973107232762,4.408885972715,8.));
#267 = ORIENTED_EDGE('',*,*,#268,.T.);
#268 = EDGE_CURVE('',#262,#269,#271,.T.);
#269 = VERTEX_POINT('',#270);
#270 = CARTESIAN_POINT('',(7.545392169753,4.770724525727,8.));
#271 = B_SPLINE_CURVE_WITH_KNOTS('',1,(#272,#273),.UNSPECIFIED.,.F.,.F.,
  (2,2),(0.,0.677079897466),.PIECEWISE_BEZIER_KNOTS.);
#272 = CARTESIAN_POINT('',(6.973107232762,4.408885972715,8.));
#273 = CARTESIAN_POINT('',(7.545392169753,4.770724525727,8.));
#274 = ORIENTED_EDGE('',*,*,#275,.T.);
#275 = EDGE_CURVE('',#269,#276,#278,.T.);
#276 = VERTEX_POINT('',#277);
#277 = CARTESIAN_POINT('',(8.492947066896,6.174127478349,8.));
#278 = B_SPLINE_CURVE_WITH_KNOTS('',3,(#279,#280,#281,#282,#283,#284,
    #285,#286,#287,#288,#289,#290,#291,#292,#293,#294,#295,#296,#297,
    #298,#299,#300),.UNSPECIFIED.,.F.,.F.,(4,1,1,1,1,1,1,1,1,1,1,1,1,1,1
    ,1,1,1,1,4),(0.,4.740834082121E-03,1.896314982603E-02,
    4.266698453205E-02,7.585234352884E-02,0.118519228593,0.170667640531,
    0.232297579778,0.303409046595,0.384002041151,0.474076563562,
    0.573632613909,0.682670192253,0.801189298642,0.929189933111,
    1.066672095688,1.213635786397,1.370081005257,1.536007752283,
    1.711416027488),.UNSPECIFIED.);
#279 = CARTESIAN_POINT('',(7.545392169753,4.770724525727,8.));
#280 = CARTESIAN_POINT('',(7.546716882991,4.77158647817,8.));
#281 = CARTESIAN_POINT('',(7.551984503688,4.775080483425,8.));
#282 = CARTESIAN_POINT('',(7.563567857404,4.783339281131,8.));
#283 = CARTESIAN_POINT('',(7.582472362798,4.797643798065,8.));
#284 = CARTESIAN_POINT('',(7.608274242733,4.818523544681,8.));
#285 = CARTESIAN_POINT('',(7.640575529939,4.846410656584,8.));
#286 = CARTESIAN_POINT('',(7.678932217453,4.881754567064,8.));
#287 = CARTESIAN_POINT('',(7.722888099072,4.924968638383,8.));
#288 = CARTESIAN_POINT('',(7.771962907643,4.976449585275,8.));
#289 = CARTESIAN_POINT('',(7.825657980763,5.036569115511,8.));
#290 = CARTESIAN_POINT('',(7.883455659704,5.105675635301,8.));
#291 = CARTESIAN_POINT('',(7.944820870547,5.184092579148,8.));
#292 = CARTESIAN_POINT('',(8.009202024219,5.272117917431,8.));
#293 = CARTESIAN_POINT('',(8.076032172656,5.370023349543,8.));
#294 = CARTESIAN_POINT('',(8.144730135858,5.478053634941,8.));
#295 = CARTESIAN_POINT('',(8.214701616882,5.596426032326,8.));
#296 = CARTESIAN_POINT('',(8.285340592285,5.725329392139,8.));
#297 = CARTESIAN_POINT('',(8.356029668726,5.864924965042,8.));
#298 = CARTESIAN_POINT('',(8.426144805039,6.015340409951,8.));
#299 = CARTESIAN_POINT('',(8.47083510006,6.120000759105,8.));
#300 = CARTESIAN_POINT('',(8.492947066896,6.174127478349,8.));
#301 = ORIENTED_EDGE('',*,*,#302,.T.);
#302 = EDGE_CURVE('',#276,#303,#305,.T.);
#303 = VERTEX_POINT('',#304);
#304 = CARTESIAN_POINT('',(8.070096067433,6.717406453566,8.));
#305 = B_SPLINE_CURVE_WITH_KNOTS('',1,(#306,#307),.UNSPECIFIED.,.F.,.F.,
  (2,2),(0.,0.68844390669),.PIECEWISE_BEZIER_KNOTS.);
#306 = CARTESIAN_POINT('',(8.492947066896,6.174127478349,8.));
#307 = CARTESIAN_POINT('',(8.070096067433,6.717406453566,8.));
#308 = ORIENTED_EDGE('',*,*,#309,.T.);
#309 = EDGE_CURVE('',#303,#310,#312,.T.);
#310 = VERTEX_POINT('',#311);
#311 = CARTESIAN_POINT('',(6.477025896423,6.143361541763,8.));
#312 = B_SPLINE_CURVE_WITH_KNOTS('',3,(#313,#314,#315,#316,#317,#318,
    #319,#320,#321,#322,#323,#324,#325,#326,#327,#328,#329,#330,#331,
    #332,#333,#334),.UNSPECIFIED.,.F.,.F.,(4,1,1,1,1,1,1,1,1,1,1,1,1,1,1
    ,1,1,1,1,4),(0.,0.175408275205,0.341335022231,0.497780241091,
    0.6447439318,0.782226094377,0.910226728846,1.028745835234,
    1.137783413579,1.237339463926,1.327413986336,1.408006980892,
    1.479118447709,1.540748386957,1.592896798895,1.635563683959,
    1.668749042956,1.692452877662,1.706675193405,1.711416027488),
  .UNSPECIFIED.);
#313 = CARTESIAN_POINT('',(8.070096067433,6.717406453566,8.));
#314 = CARTESIAN_POINT('',(8.012197444453,6.709258431075,8.));
#315 = CARTESIAN_POINT('',(7.899768855306,6.691628243994,8.));
#316 = CARTESIAN_POINT('',(7.736743834616,6.660583420972,8.));
#317 = CARTESIAN_POINT('',(7.584066706754,6.626326098688,8.));
#318 = CARTESIAN_POINT('',(7.441766912184,6.589492561224,8.));
#319 = CARTESIAN_POINT('',(7.309839695573,6.550720894548,8.));
#320 = CARTESIAN_POINT('',(7.188250755216,6.510644937987,8.));
#321 = CARTESIAN_POINT('',(7.076935371745,6.469894137016,8.));
#322 = CARTESIAN_POINT('',(6.975798946532,6.429091972573,8.));
#323 = CARTESIAN_POINT('',(6.884717271636,6.388854742523,8.));
#324 = CARTESIAN_POINT('',(6.803536901603,6.349790304862,8.));
#325 = CARTESIAN_POINT('',(6.732075651822,6.312496758867,8.));
#326 = CARTESIAN_POINT('',(6.670122854926,6.277561451713,8.));
#327 = CARTESIAN_POINT('',(6.617440591685,6.245559035732,8.));
#328 = CARTESIAN_POINT('',(6.573762185346,6.217052469737,8.));
#329 = CARTESIAN_POINT('',(6.538798914427,6.19258547458,8.));
#330 = CARTESIAN_POINT('',(6.51222409544,6.172698800078,8.));
#331 = CARTESIAN_POINT('',(6.493716511204,6.15788431883,8.));
#332 = CARTESIAN_POINT('',(6.482866885281,6.148682827635,8.));
#333 = CARTESIAN_POINT('',(6.478186671225,6.144434122312,8.));
#334 = CARTESIAN_POINT('',(6.477025896423,6.143361541763,8.));
#335 = ORIENTED_EDGE('',*,*,#336,.T.);
#336 = EDGE_CURVE('',#310,#337,#339,.T.);
#337 = VERTEX_POINT('',#338);
#338 = CARTESIAN_POINT('',(5.985771860366,5.677414485103,8.));
#339 = B_SPLINE_CURVE_WITH_KNOTS('',1,(#340,#341),.UNSPECIFIED.,.F.,.F.,
  (2,2),(0.,0.677079897466),.PIECEWISE_BEZIER_KNOTS.);
#340 = CARTESIAN_POINT('',(6.477025896423,6.143361541763,8.));
#341 = CARTESIAN_POINT('',(5.985771860366,5.677414485103,8.));
#342 = ORIENTED_EDGE('',*,*,#343,.T.);
#343 = EDGE_CURVE('',#337,#344,#346,.T.);
#344 = VERTEX_POINT('',#345);
#345 = CARTESIAN_POINT('',(5.163722113849,6.434164586871,8.));
#346 = B_SPLINE_CURVE_WITH_KNOTS('',1,(#347,#348),.UNSPECIFIED.,.F.,.F.,
  (2,2),(0.,1.117334552529),.PIECEWISE_BEZIER_KNOTS.);
#347 = CARTESIAN_POINT('',(5.985771860366,5.677414485103,8.));
#348 = CARTESIAN_POINT('',(5.163722113849,6.434164586871,8.));
#349 = ORIENTED_EDGE('',*,*,#350,.T.);
#350 = EDGE_CURVE('',#344,#351,#353,.T.);
#351 = VERTEX_POINT('',#352);
#352 = CARTESIAN_POINT('',(5.58751028832,6.962218344296,8.));
#353 = B_SPLINE_CURVE_WITH_KNOTS('',1,(#354,#355),.UNSPECIFIED.,.F.,.F.,
  (2,2),(0.,0.677079897466),.PIECEWISE_BEZIER_KNOTS.);
#354 = CARTESIAN_POINT('',(5.163722113849,6.434164586871,8.));
#355 = CARTESIAN_POINT('',(5.58751028832,6.962218344296,8.));
#356 = ORIENTED_EDGE('',*,*,#357,.T.);
#357 = EDGE_CURVE('',#351,#358,#360,.T.);
#358 = VERTEX_POINT('',#359);
#359 = CARTESIAN_POINT('',(6.028039853699,8.597251626085,8.));
#360 = B_SPLINE_CURVE_WITH_KNOTS('',3,(#361,#362,#363,#364,#365,#366,
    #367,#368,#369,#370,#371,#372,#373,#374,#375,#376,#377,#378,#379,
    #380,#381,#382),.UNSPECIFIED.,.F.,.F.,(4,1,1,1,1,1,1,1,1,1,1,1,1,1,1
    ,1,1,1,1,4),(0.,4.740834082121E-03,1.896314982603E-02,
    4.266698453205E-02,7.585234352884E-02,0.118519228593,0.170667640531,
    0.232297579778,0.303409046595,0.384002041151,0.474076563562,
    0.573632613909,0.682670192253,0.801189298642,0.929189933111,
    1.066672095688,1.213635786397,1.370081005257,1.536007752283,
    1.711416027488),.UNSPECIFIED.);
#361 = CARTESIAN_POINT('',(5.58751028832,6.962218344296,8.));
#362 = CARTESIAN_POINT('',(5.58848334944,6.963463727464,8.));
#363 = CARTESIAN_POINT('',(5.592331054266,6.968478811521,8.));
#364 = CARTESIAN_POINT('',(5.600605162697,6.98005123359,8.));
#365 = CARTESIAN_POINT('',(5.613840700788,6.999718975208,8.));
#366 = CARTESIAN_POINT('',(5.631464921056,7.027845256279,8.));
#367 = CARTESIAN_POINT('',(5.652961104992,7.064709578348,8.));
#368 = CARTESIAN_POINT('',(5.677763372404,7.110592854346,8.));
#369 = CARTESIAN_POINT('',(5.705306017094,7.165737919514,8.));
#370 = CARTESIAN_POINT('',(5.735005981044,7.230364050997,8.));
#371 = CARTESIAN_POINT('',(5.766270927439,7.304660900998,8.));
#372 = CARTESIAN_POINT('',(5.798498118417,7.388789914604,8.));
#373 = CARTESIAN_POINT('',(5.831076452829,7.482883263523,8.));
#374 = CARTESIAN_POINT('',(5.863387477396,7.587043672602,8.));
#375 = CARTESIAN_POINT('',(5.894806742214,7.701344032074,8.));
#376 = CARTESIAN_POINT('',(5.924705083953,7.825827130817,8.));
#377 = CARTESIAN_POINT('',(5.952449862533,7.960505487953,8.));
#378 = CARTESIAN_POINT('',(5.977406570896,8.105360945995,8.));
#379 = CARTESIAN_POINT('',(5.998938909769,8.260345551311,8.));
#380 = CARTESIAN_POINT('',(6.016415199476,8.425377420068,8.));
#381 = CARTESIAN_POINT('',(6.024700891226,8.538877897892,8.));
#382 = CARTESIAN_POINT('',(6.028039853699,8.597251626085,8.));
#383 = ORIENTED_EDGE('',*,*,#384,.T.);
#384 = EDGE_CURVE('',#358,#385,#387,.T.);
#385 = VERTEX_POINT('',#386);
#386 = CARTESIAN_POINT('',(5.451697692854,8.97379475282,8.));
#387 = B_SPLINE_CURVE_WITH_KNOTS('',1,(#388,#389),.UNSPECIFIED.,.F.,.F.,
  (2,2),(0.,0.68844390669),.PIECEWISE_BEZIER_KNOTS.);
#388 = CARTESIAN_POINT('',(6.028039853699,8.597251626085,8.));
#389 = CARTESIAN_POINT('',(5.451697692854,8.97379475282,8.));
#390 = ORIENTED_EDGE('',*,*,#391,.T.);
#391 = EDGE_CURVE('',#385,#392,#394,.T.);
#392 = VERTEX_POINT('',#393);
#393 = CARTESIAN_POINT('',(4.131336536036,7.913584138793,8.));
#394 = B_SPLINE_CURVE_WITH_KNOTS('',3,(#395,#396,#397,#398,#399,#400,
    #401,#402,#403,#404,#405,#406,#407,#408,#409,#410,#411,#412,#413,
    #414,#415,#416),.UNSPECIFIED.,.F.,.F.,(4,1,1,1,1,1,1,1,1,1,1,1,1,1,1
    ,1,1,1,1,4),(0.,0.175408275205,0.341335022231,0.497780241091,
    0.6447439318,0.782226094377,0.910226728846,1.028745835234,
    1.137783413579,1.237339463926,1.327413986336,1.408006980892,
    1.479118447709,1.540748386957,1.592896798895,1.635563683959,
    1.668749042956,1.692452877662,1.706675193405,1.711416027488),
  .UNSPECIFIED.);
#395 = CARTESIAN_POINT('',(5.451697692854,8.97379475282,8.));
#396 = CARTESIAN_POINT('',(5.399581835546,8.947288560513,8.));
#397 = CARTESIAN_POINT('',(5.298969449858,8.894108122378,8.));
#398 = CARTESIAN_POINT('',(5.154857812018,8.811811255814,8.));
#399 = CARTESIAN_POINT('',(5.021576486435,8.729835907366,8.));
#400 = CARTESIAN_POINT('',(4.898946717303,8.648793444795,8.));
#401 = CARTESIAN_POINT('',(4.786756820773,8.569285836756,8.));
#402 = CARTESIAN_POINT('',(4.684768546406,8.491901441668,8.));
#403 = CARTESIAN_POINT('',(4.592716300898,8.417214585569,8.));
#404 = CARTESIAN_POINT('',(4.510308167305,8.345784251356,8.));
#405 = CARTESIAN_POINT('',(4.437226556025,8.278153013924,8.));
#406 = CARTESIAN_POINT('',(4.373128964533,8.214845972187,8.));
#407 = CARTESIAN_POINT('',(4.317648876966,8.156369663508,8.));
#408 = CARTESIAN_POINT('',(4.27039632918,8.10321120739,8.));
#409 = CARTESIAN_POINT('',(4.230959703757,8.055836867668,8.));
#410 = CARTESIAN_POINT('',(4.198903980799,8.014692510694,8.));
#411 = CARTESIAN_POINT('',(4.173779536678,7.980198649313,8.));
#412 = CARTESIAN_POINT('',(4.15510180734,7.95276066007,8.));
#413 = CARTESIAN_POINT('',(4.142407269265,7.932739465501,8.));
#414 = CARTESIAN_POINT('',(4.135133225308,7.920513668701,8.));
#415 = CARTESIAN_POINT('',(4.132086150522,7.914975506933,8.));
#416 = CARTESIAN_POINT('',(4.131336536036,7.913584138793,8.));
#417 = ORIENTED_EDGE('',*,*,#418,.T.);
#418 = EDGE_CURVE('',#392,#419,#421,.T.);
#419 = VERTEX_POINT('',#420);
#420 = CARTESIAN_POINT('',(3.817992760653,7.313373454132,8.));
#421 = B_SPLINE_CURVE_WITH_KNOTS('',1,(#422,#423),.UNSPECIFIED.,.F.,.F.,
  (2,2),(0.,0.677079897466),.PIECEWISE_BEZIER_KNOTS.);
#422 = CARTESIAN_POINT('',(4.131336536036,7.913584138793,8.));
#423 = CARTESIAN_POINT('',(3.817992760653,7.313373454132,8.));
#424 = ORIENTED_EDGE('',*,*,#425,.T.);
#425 = EDGE_CURVE('',#419,#426,#428,.T.);
#426 = VERTEX_POINT('',#427);
#427 = CARTESIAN_POINT('',(2.794767580497,7.76220163169,8.));
#428 = B_SPLINE_CURVE_WITH_KNOTS('',1,(#429,#430),.UNSPECIFIED.,.F.,.F.,
  (2,2),(0.,1.117334552529),.PIECEWISE_BEZIER_KNOTS.);
#429 = CARTESIAN_POINT('',(3.817992760653,7.313373454132,8.));
#430 = CARTESIAN_POINT('',(2.794767580497,7.76220163169,8.));
#431 = ORIENTED_EDGE('',*,*,#432,.T.);
#432 = EDGE_CURVE('',#426,#433,#435,.T.);
#433 = VERTEX_POINT('',#434);
#434 = CARTESIAN_POINT('',(3.024134967993,8.399247775313,8.));
#435 = B_SPLINE_CURVE_WITH_KNOTS('',1,(#436,#437),.UNSPECIFIED.,.F.,.F.,
  (2,2),(0.,0.677079897466),.PIECEWISE_BEZIER_KNOTS.);
#436 = CARTESIAN_POINT('',(2.794767580497,7.76220163169,8.));
#437 = CARTESIAN_POINT('',(3.024134967993,8.399247775313,8.));
#438 = ORIENTED_EDGE('',*,*,#439,.T.);
#439 = EDGE_CURVE('',#433,#440,#442,.T.);
#440 = VERTEX_POINT('',#441);
#441 = CARTESIAN_POINT('',(2.909900987678,10.088730160031,8.));
#442 = B_SPLINE_CURVE_WITH_KNOTS('',3,(#443,#444,#445,#446,#447,#448,
    #449,#450,#451,#452,#453,#454,#455,#456,#457,#458,#459,#460,#461,
    #462,#463,#464),.UNSPECIFIED.,.F.,.F.,(4,1,1,1,1,1,1,1,1,1,1,1,1,1,1
    ,1,1,1,1,4),(0.,4.740834082121E-03,1.896314982603E-02,
    4.266698453205E-02,7.585234352884E-02,0.118519228593,0.170667640531,
    0.232297579778,0.303409046595,0.384002041151,0.474076563562,
    0.573632613909,0.682670192253,0.801189298642,0.929189933111,
    1.066672095688,1.213635786397,1.370081005257,1.536007752283,
    1.711416027488),.UNSPECIFIED.);
#443 = CARTESIAN_POINT('',(3.024134967993,8.399247775313,8.));
#444 = CARTESIAN_POINT('',(3.024650930724,8.400741632615,8.));
#445 = CARTESIAN_POINT('',(3.026661761158,8.406734333299,8.));
#446 = CARTESIAN_POINT('',(3.030729996268,8.420366328236,8.));
#447 = CARTESIAN_POINT('',(3.036862291134,8.443265989556,8.));
#448 = CARTESIAN_POINT('',(3.044398994,8.475590886105,8.));
#449 = CARTESIAN_POINT('',(3.05276062959,8.517437597035,8.));
#450 = CARTESIAN_POINT('',(3.06132076638,8.568888073643,8.));
#451 = CARTESIAN_POINT('',(3.06946550122,8.629988309185,8.));
#452 = CARTESIAN_POINT('',(3.076572168613,8.700756381136,8.));
#453 = CARTESIAN_POINT('',(3.082018946214,8.78117933437,8.));
#454 = CARTESIAN_POINT('',(3.085183333031,8.87121415777,8.));
#455 = CARTESIAN_POINT('',(3.085444422974,8.970787437399,8.));
#456 = CARTESIAN_POINT('',(3.082183917566,9.079795520734,8.));
#457 = CARTESIAN_POINT('',(3.074787533902,9.198104590065,8.));
#458 = CARTESIAN_POINT('',(3.062646304931,9.325550826849,8.));
#459 = CARTESIAN_POINT('',(3.045157803803,9.461940653991,8.));
#460 = CARTESIAN_POINT('',(3.021727798531,9.60705087372,8.));
#461 = CARTESIAN_POINT('',(2.99177003681,9.760629524629,8.));
#462 = CARTESIAN_POINT('',(2.954713652749,9.922394053521,8.));
#463 = CARTESIAN_POINT('',(2.925696857961,10.032435122101,8.));
#464 = CARTESIAN_POINT('',(2.909900987678,10.088730160031,8.));
#465 = ORIENTED_EDGE('',*,*,#466,.T.);
#466 = EDGE_CURVE('',#440,#467,#469,.T.);
#467 = VERTEX_POINT('',#468);
#468 = CARTESIAN_POINT('',(2.242523281448,10.257733147834,8.));
#469 = B_SPLINE_CURVE_WITH_KNOTS('',1,(#470,#471),.UNSPECIFIED.,.F.,.F.,
  (2,2),(0.,0.68844390669),.PIECEWISE_BEZIER_KNOTS.);
#470 = CARTESIAN_POINT('',(2.909900987678,10.088730160031,8.));
#471 = CARTESIAN_POINT('',(2.242523281448,10.257733147834,8.));
#472 = ORIENTED_EDGE('',*,*,#473,.T.);
#473 = EDGE_CURVE('',#467,#474,#476,.T.);
#474 = VERTEX_POINT('',#475);
#475 = CARTESIAN_POINT('',(1.337952757677,8.826247102476,8.));
#476 = B_SPLINE_CURVE_WITH_KNOTS('',3,(#477,#478,#479,#480,#481,#482,
    #483,#484,#485,#486,#487,#488,#489,#490,#491,#492,#493,#494,#495,
    #496,#497,#498),.UNSPECIFIED.,.F.,.F.,(4,1,1,1,1,1,1,1,1,1,1,1,1,1,1
    ,1,1,1,1,4),(0.,0.175408275205,0.341335022231,0.497780241091,
    0.6447439318,0.782226094377,0.910226728846,1.028745835234,
    1.137783413579,1.237339463926,1.327413986336,1.408006980892,
    1.479118447709,1.540748386957,1.592896798895,1.635563683959,
    1.668749042956,1.692452877662,1.706675193405,1.711416027488),
  .UNSPECIFIED.);
#477 = CARTESIAN_POINT('',(2.242523281448,10.257733147834,8.));
#478 = CARTESIAN_POINT('',(2.201837751613,10.215741142933,8.));
#479 = CARTESIAN_POINT('',(2.123944482536,10.132773379396,8.));
#480 = CARTESIAN_POINT('',(2.014362959627,10.008142611748,8.));
#481 = CARTESIAN_POINT('',(1.914920536023,9.88733253812,8.));
#482 = CARTESIAN_POINT('',(1.825249630612,9.770863358765,8.));
#483 = CARTESIAN_POINT('',(1.744954570257,9.659235692382,8.));
#484 = CARTESIAN_POINT('',(1.67361897392,9.552928658717,8.));
#485 = CARTESIAN_POINT('',(1.610805155513,9.452399227234,8.));
#486 = CARTESIAN_POINT('',(1.556055513508,9.35808130832,8.));
#487 = CARTESIAN_POINT('',(1.508893492404,9.270384957488,8.));
#488 = CARTESIAN_POINT('',(1.468824648068,9.189695611957,8.));
#489 = CARTESIAN_POINT('',(1.435337851065,9.116373355993,8.));
#490 = CARTESIAN_POINT('',(1.40790609914,9.05075229447,8.));
#491 = CARTESIAN_POINT('',(1.385988681823,8.993139775804,8.));
#492 = CARTESIAN_POINT('',(1.369029377224,8.943816257351,8.));
#493 = CARTESIAN_POINT('',(1.356466383267,8.903033474853,8.));
#494 = CARTESIAN_POINT('',(1.347709765367,8.871017502747,8.));
#495 = CARTESIAN_POINT('',(1.342203923629,8.847959201949,8.));
#496 = CARTESIAN_POINT('',(1.33929371717,8.834033954331,8.));
#497 = CARTESIAN_POINT('',(1.338209979487,8.827806481878,8.));
#498 = CARTESIAN_POINT('',(1.337952757677,8.826247102476,8.));
#499 = ORIENTED_EDGE('',*,*,#500,.T.);
#500 = EDGE_CURVE('',#474,#501,#503,.T.);
#501 = VERTEX_POINT('',#502);
#502 = CARTESIAN_POINT('',(1.236474903061,8.156814930725,8.));
#503 = B_SPLINE_CURVE_WITH_KNOTS('',1,(#504,#505),.UNSPECIFIED.,.F.,.F.,
  (2,2),(0.,0.677079897466),.PIECEWISE_BEZIER_KNOTS.);
#504 = CARTESIAN_POINT('',(1.337952757677,8.826247102476,8.));
#505 = CARTESIAN_POINT('',(1.236474903061,8.156814930725,8.));
#506 = ORIENTED_EDGE('',*,*,#507,.T.);
#507 = EDGE_CURVE('',#501,#508,#510,.T.);
#508 = VERTEX_POINT('',#509);
#509 = CARTESIAN_POINT('',(0.12295661451,8.249083686747,8.));
#510 = B_SPLINE_CURVE_WITH_KNOTS('',1,(#511,#512),.UNSPECIFIED.,.F.,.F.,
  (2,2),(0.,1.117334552529),.PIECEWISE_BEZIER_KNOTS.);
#511 = CARTESIAN_POINT('',(1.236474903061,8.156814930725,8.));
#512 = CARTESIAN_POINT('',(0.12295661451,8.249083686747,8.));
#513 = ORIENTED_EDGE('',*,*,#514,.T.);
#514 = EDGE_CURVE('',#508,#515,#517,.T.);
#515 = VERTEX_POINT('',#516);
#516 = CARTESIAN_POINT('',(0.133047699595,8.926088382118,8.));
#517 = B_SPLINE_CURVE_WITH_KNOTS('',1,(#518,#519),.UNSPECIFIED.,.F.,.F.,
  (2,2),(0.,0.677079897466),.PIECEWISE_BEZIER_KNOTS.);
#518 = CARTESIAN_POINT('',(0.12295661451,8.249083686747,8.));
#519 = CARTESIAN_POINT('',(0.133047699595,8.926088382118,8.));
#520 = ORIENTED_EDGE('',*,*,#521,.T.);
#521 = EDGE_CURVE('',#515,#522,#524,.T.);
#522 = VERTEX_POINT('',#523);
#523 = CARTESIAN_POINT('',(-0.523570802123,10.486938238359,8.));
#524 = B_SPLINE_CURVE_WITH_KNOTS('',3,(#525,#526,#527,#528,#529,#530,
    #531,#532,#533,#534,#535,#536,#537,#538,#539,#540,#541,#542,#543,
    #544,#545,#546),.UNSPECIFIED.,.F.,.F.,(4,1,1,1,1,1,1,1,1,1,1,1,1,1,1
    ,1,1,1,1,4),(0.,4.740834082121E-03,1.896314982603E-02,
    4.266698453205E-02,7.585234352884E-02,0.118519228593,0.170667640531,
    0.232297579778,0.303409046595,0.384002041151,0.474076563562,
    0.573632613909,0.682670192253,0.801189298642,0.929189933111,
    1.066672095688,1.213635786397,1.370081005257,1.536007752283,
    1.711416027488),.UNSPECIFIED.);
#525 = CARTESIAN_POINT('',(0.133047699595,8.926088382118,8.));
#526 = CARTESIAN_POINT('',(0.133050651369,8.927668830935,8.));
#527 = CARTESIAN_POINT('',(0.133006702732,8.933989746141,8.));
#528 = CARTESIAN_POINT('',(0.132428208122,8.948204075772,8.));
#529 = CARTESIAN_POINT('',(0.130792730462,8.971854123166,8.));
#530 = CARTESIAN_POINT('',(0.127425197227,9.004874731078,8.));
#531 = CARTESIAN_POINT('',(0.12174617151,9.047169090421,8.));
#532 = CARTESIAN_POINT('',(0.113136554032,9.098611310163,8.));
#533 = CARTESIAN_POINT('',(0.101000770624,9.15904555749,8.));
#534 = CARTESIAN_POINT('',(8.47440237759E-02,9.228286751234,8.));
#535 = CARTESIAN_POINT('',(6.378238971644E-02,9.306120732827,8.));
#536 = CARTESIAN_POINT('',(3.754106195905E-02,9.392304695872,8.));
#537 = CARTESIAN_POINT('',(5.456614286138E-03,9.486567596323,8.));
#538 = CARTESIAN_POINT('',(-3.302209474317E-02,9.588610636651,8.));
#539 = CARTESIAN_POINT('',(-7.843261395253E-02,9.698107792424,8.));
#540 = CARTESIAN_POINT('',(-0.131297723085,9.814706389962,8.));
#541 = CARTESIAN_POINT('',(-0.192124353461,9.938027733032,8.));
#542 = CARTESIAN_POINT('',(-0.261402067743,10.067667770523,8.));
#543 = CARTESIAN_POINT('',(-0.339603541732,10.203197837181,8.));
#544 = CARTESIAN_POINT('',(-0.42717696536,10.344165329467,8.));
#545 = CARTESIAN_POINT('',(-0.490351826727,10.43882233156,8.));
#546 = CARTESIAN_POINT('',(-0.523570802123,10.486938238359,8.));
#547 = ORIENTED_EDGE('',*,*,#548,.T.);
#548 = EDGE_CURVE('',#522,#549,#551,.T.);
#549 = VERTEX_POINT('',#550);
#550 = CARTESIAN_POINT('',(-1.209663323836,10.43008699115,8.));
#551 = B_SPLINE_CURVE_WITH_KNOTS('',1,(#552,#553),.UNSPECIFIED.,.F.,.F.,
  (2,2),(0.,0.68844390669),.PIECEWISE_BEZIER_KNOTS.);
#552 = CARTESIAN_POINT('',(-0.523570802123,10.486938238359,8.));
#553 = CARTESIAN_POINT('',(-1.209663323836,10.43008699115,8.));
#554 = ORIENTED_EDGE('',*,*,#555,.T.);
#555 = EDGE_CURVE('',#549,#556,#558,.T.);
#556 = VERTEX_POINT('',#557);
#557 = CARTESIAN_POINT('',(-1.600418962451,8.782449239271,8.));
#558 = B_SPLINE_CURVE_WITH_KNOTS('',3,(#559,#560,#561,#562,#563,#564,
    #565,#566,#567,#568,#569,#570,#571,#572,#573,#574,#575,#576,#577,
    #578,#579,#580),.UNSPECIFIED.,.F.,.F.,(4,1,1,1,1,1,1,1,1,1,1,1,1,1,1
    ,1,1,1,1,4),(0.,0.175408275205,0.341335022231,0.497780241091,
    0.6447439318,0.782226094377,0.910226728846,1.028745835234,
    1.137783413579,1.237339463926,1.327413986336,1.408006980892,
    1.479118447709,1.540748386957,1.592896798895,1.635563683959,
    1.668749042956,1.692452877662,1.706675193405,1.711416027488),
  .UNSPECIFIED.);
#559 = CARTESIAN_POINT('',(-1.209663323836,10.43008699115,8.));
#560 = CARTESIAN_POINT('',(-1.23450961774,10.377159658961,8.));
#561 = CARTESIAN_POINT('',(-1.281242825864,10.273395414577,8.));
#562 = CARTESIAN_POINT('',(-1.344419375501,10.119936423367,8.));
#563 = CARTESIAN_POINT('',(-1.399246767521,9.973383270598,8.));
#564 = CARTESIAN_POINT('',(-1.446241575222,9.834108617246,8.));
#565 = CARTESIAN_POINT('',(-1.485940583706,9.702457482254,8.));
#566 = CARTESIAN_POINT('',(-1.518893183265,9.578747826634,8.));
#567 = CARTESIAN_POINT('',(-1.545661722689,9.463269743543,8.));
#568 = CARTESIAN_POINT('',(-1.566819899867,9.356285049935,8.));
#569 = CARTESIAN_POINT('',(-1.582951594014,9.258026846064,8.));
#570 = CARTESIAN_POINT('',(-1.594649610178,9.168699139352,8.));
#571 = CARTESIAN_POINT('',(-1.60251430256,9.088476540249,8.));
#572 = CARTESIAN_POINT('',(-1.607152602655,9.017503933552,8.));
#573 = CARTESIAN_POINT('',(-1.609175719617,8.955896446291,8.));
#574 = CARTESIAN_POINT('',(-1.609200802053,8.903738734915,8.));
#575 = CARTESIAN_POINT('',(-1.607840950515,8.861086478595,8.));
#576 = CARTESIAN_POINT('',(-1.605727541555,8.827961950983,8.));
#577 = CARTESIAN_POINT('',(-1.603448043571,8.804365268634,8.));
#578 = CARTESIAN_POINT('',(-1.601679046507,8.790249586849,8.));
#579 = CARTESIAN_POINT('',(-1.600682007293,8.78400764698,8.));
#580 = CARTESIAN_POINT('',(-1.600418962451,8.782449239271,8.));
#581 = ORIENTED_EDGE('',*,*,#582,.T.);
#582 = EDGE_CURVE('',#556,#583,#585,.T.);
#583 = VERTEX_POINT('',#584);
#584 = CARTESIAN_POINT('',(-1.479034196162,8.11633894355,8.));
#585 = B_SPLINE_CURVE_WITH_KNOTS('',1,(#586,#587),.UNSPECIFIED.,.F.,.F.,
  (2,2),(0.,0.677079897466),.PIECEWISE_BEZIER_KNOTS.);
#586 = CARTESIAN_POINT('',(-1.600418962451,8.782449239271,8.));
#587 = CARTESIAN_POINT('',(-1.479034196162,8.11633894355,8.));
#588 = ORIENTED_EDGE('',*,*,#589,.T.);
#589 = EDGE_CURVE('',#583,#590,#592,.T.);
#590 = VERTEX_POINT('',#591);
#591 = CARTESIAN_POINT('',(-2.562178608527,7.842049526623,8.));
#592 = B_SPLINE_CURVE_WITH_KNOTS('',1,(#593,#594),.UNSPECIFIED.,.F.,.F.,
  (2,2),(0.,1.117334552529),.PIECEWISE_BEZIER_KNOTS.);
#593 = CARTESIAN_POINT('',(-1.479034196162,8.11633894355,8.));
#594 = CARTESIAN_POINT('',(-2.562178608527,7.842049526623,8.));
#595 = ORIENTED_EDGE('',*,*,#596,.T.);
#596 = EDGE_CURVE('',#590,#597,#599,.T.);
#597 = VERTEX_POINT('',#598);
#598 = CARTESIAN_POINT('',(-2.772457351503,8.485648810188,8.));
#599 = B_SPLINE_CURVE_WITH_KNOTS('',1,(#600,#601),.UNSPECIFIED.,.F.,.F.,
  (2,2),(0.,0.677079897466),.PIECEWISE_BEZIER_KNOTS.);
#600 = CARTESIAN_POINT('',(-2.562178608527,7.842049526623,8.));
#601 = CARTESIAN_POINT('',(-2.772457351503,8.485648810188,8.));
#602 = ORIENTED_EDGE('',*,*,#603,.T.);
#603 = EDGE_CURVE('',#597,#604,#606,.T.);
#604 = VERTEX_POINT('',#605);
#605 = CARTESIAN_POINT('',(-3.900305571477,9.748723836949,8.));
#606 = B_SPLINE_CURVE_WITH_KNOTS('',3,(#607,#608,#609,#610,#611,#612,
    #613,#614,#615,#616,#617,#618,#619,#620,#621,#622,#623,#624,#625,
    #626,#627,#628),.UNSPECIFIED.,.F.,.F.,(4,1,1,1,1,1,1,1,1,1,1,1,1,1,1
    ,1,1,1,1,4),(0.,4.740834082121E-03,1.896314982603E-02,
    4.266698453205E-02,7.585234352884E-02,0.118519228593,0.170667640531,
    0.232297579778,0.303409046595,0.384002041151,0.474076563562,
    0.573632613909,0.682670192253,0.801189298642,0.929189933111,
    1.066672095688,1.213635786397,1.370081005257,1.536007752283,
    1.711416027488),.UNSPECIFIED.);
#607 = CARTESIAN_POINT('',(-2.772457351503,8.485648810188,8.));
#608 = CARTESIAN_POINT('',(-2.772967730556,8.487144584368,8.));
#609 = CARTESIAN_POINT('',(-2.775061695746,8.493108744855,8.));
#610 = CARTESIAN_POINT('',(-2.780224231209,8.506365066006,8.));
#611 = CARTESIAN_POINT('',(-2.789450252014,8.52820264987,8.));
#612 = CARTESIAN_POINT('',(-2.803357096871,8.558340673911,8.));
#613 = CARTESIAN_POINT('',(-2.82246137334,8.596499431568,8.));
#614 = CARTESIAN_POINT('',(-2.84730775944,8.642358831727,8.));
#615 = CARTESIAN_POINT('',(-2.878408960657,8.695578102406,8.));
#616 = CARTESIAN_POINT('',(-2.916267450976,8.755789060213,8.));
#617 = CARTESIAN_POINT('',(-2.961365978393,8.822599550541,8.));
#618 = CARTESIAN_POINT('',(-3.014169365686,8.895593283553,8.));
#619 = CARTESIAN_POINT('',(-3.075122503227,8.974330956923,8.));
#620 = CARTESIAN_POINT('',(-3.144649650696,9.058351007464,8.));
#621 = CARTESIAN_POINT('',(-3.223153371078,9.147170533827,8.));
#622 = CARTESIAN_POINT('',(-3.31101360551,9.240286224862,8.));
#623 = CARTESIAN_POINT('',(-3.408586855911,9.337175302811,8.));
#624 = CARTESIAN_POINT('',(-3.516204963905,9.43729664843,8.));
#625 = CARTESIAN_POINT('',(-3.634175807036,9.540091345148,8.));
#626 = CARTESIAN_POINT('',(-3.762776330938,9.644985785703,8.));
#627 = CARTESIAN_POINT('',(-3.853263282398,9.714001166377,8.));
#628 = CARTESIAN_POINT('',(-3.900305571477,9.748723836949,8.));
#629 = ORIENTED_EDGE('',*,*,#630,.T.);
#630 = EDGE_CURVE('',#604,#631,#633,.T.);
#631 = VERTEX_POINT('',#632);
#632 = CARTESIAN_POINT('',(-4.530764138122,9.472179069502,8.));
#633 = B_SPLINE_CURVE_WITH_KNOTS('',1,(#634,#635),.UNSPECIFIED.,.F.,.F.,
  (2,2),(0.,0.68844390669),.PIECEWISE_BEZIER_KNOTS.);
#634 = CARTESIAN_POINT('',(-3.900305571477,9.748723836949,8.));
#635 = CARTESIAN_POINT('',(-4.530764138122,9.472179069502,8.));
#636 = ORIENTED_EDGE('',*,*,#637,.T.);
#637 = EDGE_CURVE('',#631,#638,#640,.T.);
#638 = VERTEX_POINT('',#639);
#639 = CARTESIAN_POINT('',(-4.365360454939,7.78693672725,8.));
#640 = B_SPLINE_CURVE_WITH_KNOTS('',3,(#641,#642,#643,#644,#645,#646,
    #647,#648,#649,#650,#651,#652,#653,#654,#655,#656,#657,#658,#659,
    #660,#661,#662),.UNSPECIFIED.,.F.,.F.,(4,1,1,1,1,1,1,1,1,1,1,1,1,1,1
    ,1,1,1,1,4),(0.,0.175408275205,0.341335022231,0.497780241091,
    0.6447439318,0.782226094377,0.910226728846,1.028745835234,
    1.137783413579,1.237339463926,1.327413986336,1.408006980892,
    1.479118447709,1.540748386957,1.592896798895,1.635563683959,
    1.668749042956,1.692452877662,1.706675193405,1.711416027488),
  .UNSPECIFIED.);
#641 = CARTESIAN_POINT('',(-4.530764138122,9.472179069502,8.));
#642 = CARTESIAN_POINT('',(-4.53707871462,9.414051907717,8.));
#643 = CARTESIAN_POINT('',(-4.54758759355,9.300735648435,8.));
#644 = CARTESIAN_POINT('',(-4.557513010477,9.135078096521,8.));
#645 = CARTESIAN_POINT('',(-4.561783972253,8.978663172719,8.));
#646 = CARTESIAN_POINT('',(-4.56101006563,8.831675615132,8.));
#647 = CARTESIAN_POINT('',(-4.55581101868,8.694267454784,8.));
#648 = CARTESIAN_POINT('',(-4.546809695987,8.566561037948,8.));
#649 = CARTESIAN_POINT('',(-4.534632169825,8.44864814538,8.));
#650 = CARTESIAN_POINT('',(-4.519906065375,8.340590128668,8.));
#651 = CARTESIAN_POINT('',(-4.503259313196,8.242417872782,8.));
#652 = CARTESIAN_POINT('',(-4.485318839622,8.154131847973,8.));
#653 = CARTESIAN_POINT('',(-4.466709165931,8.075702269125,8.));
#654 = CARTESIAN_POINT('',(-4.448051382411,8.007069100443,8.));
#655 = CARTESIAN_POINT('',(-4.429960962903,7.94814277177,8.));
#656 = CARTESIAN_POINT('',(-4.413049105104,7.89880296481,8.));
#657 = CARTESIAN_POINT('',(-4.397913769086,7.858903268458,8.));
#658 = CARTESIAN_POINT('',(-4.38515935392,7.828259741887,8.));
#659 = CARTESIAN_POINT('',(-4.37534153519,7.80668174466,8.));
#660 = CARTESIAN_POINT('',(-4.369085032883,7.793905281857,8.));
#661 = CARTESIAN_POINT('',(-4.366115261442,7.788325285611,8.));
#662 = CARTESIAN_POINT('',(-4.365360454939,7.78693672725,8.));
#663 = ORIENTED_EDGE('',*,*,#664,.T.);
#664 = EDGE_CURVE('',#638,#665,#667,.T.);
#665 = VERTEX_POINT('',#666);
#666 = CARTESIAN_POINT('',(-4.034266990651,7.196331693866,8.));
#667 = B_SPLINE_CURVE_WITH_KNOTS('',1,(#668,#669),.UNSPECIFIED.,.F.,.F.,
  (2,2),(0.,0.677079897466),.PIECEWISE_BEZIER_KNOTS.);
#668 = CARTESIAN_POINT('',(-4.365360454939,7.78693672725,8.));
#669 = CARTESIAN_POINT('',(-4.034266990651,7.196331693866,8.));
#670 = ORIENTED_EDGE('',*,*,#671,.T.);
#671 = EDGE_CURVE('',#665,#672,#674,.T.);
#672 = VERTEX_POINT('',#673);
#673 = CARTESIAN_POINT('',(-4.969662023032,6.585207618354,8.));
#674 = B_SPLINE_CURVE_WITH_KNOTS('',1,(#675,#676),.UNSPECIFIED.,.F.,.F.,
  (2,2),(0.,1.117334552529),.PIECEWISE_BEZIER_KNOTS.);
#675 = CARTESIAN_POINT('',(-4.034266990651,7.196331693866,8.));
#676 = CARTESIAN_POINT('',(-4.969662023032,6.585207618354,8.));
#677 = ORIENTED_EDGE('',*,*,#678,.T.);
#678 = EDGE_CURVE('',#672,#679,#681,.T.);
#679 = VERTEX_POINT('',#680);
#680 = CARTESIAN_POINT('',(-5.377523629456,7.125657521267,8.));
#681 = B_SPLINE_CURVE_WITH_KNOTS('',1,(#682,#683),.UNSPECIFIED.,.F.,.F.,
  (2,2),(0.,0.677079897466),.PIECEWISE_BEZIER_KNOTS.);
#682 = CARTESIAN_POINT('',(-4.969662023032,6.585207618354,8.));
#683 = CARTESIAN_POINT('',(-5.377523629456,7.125657521267,8.));
#684 = ORIENTED_EDGE('',*,*,#685,.T.);
#685 = EDGE_CURVE('',#679,#686,#688,.T.);
#686 = VERTEX_POINT('',#687);
#687 = CARTESIAN_POINT('',(-6.854381712684,7.95408394077,8.));
#688 = B_SPLINE_CURVE_WITH_KNOTS('',3,(#689,#690,#691,#692,#693,#694,
    #695,#696,#697,#698,#699,#700,#701,#702,#703,#704,#705,#706,#707,
    #708,#709,#710),.UNSPECIFIED.,.F.,.F.,(4,1,1,1,1,1,1,1,1,1,1,1,1,1,1
    ,1,1,1,1,4),(0.,4.740834082121E-03,1.896314982603E-02,
    4.266698453205E-02,7.585234352884E-02,0.118519228593,0.170667640531,
    0.232297579778,0.303409046595,0.384002041151,0.474076563562,
    0.573632613909,0.682670192253,0.801189298642,0.929189933111,
    1.066672095688,1.213635786397,1.370081005257,1.536007752283,
    1.711416027488),.UNSPECIFIED.);
#689 = CARTESIAN_POINT('',(-5.377523629456,7.125657521267,8.));
#690 = CARTESIAN_POINT('',(-5.378492031847,7.126906530469,8.));
#691 = CARTESIAN_POINT('',(-5.382409099972,7.131867626903,8.));
#692 = CARTESIAN_POINT('',(-5.391596235465,7.142729411485,8.));
#693 = CARTESIAN_POINT('',(-5.407413016904,7.160388090763,8.));
#694 = CARTESIAN_POINT('',(-5.430352150956,7.184377608387,8.));
#695 = CARTESIAN_POINT('',(-5.460811433388,7.214265670873,8.));
#696 = CARTESIAN_POINT('',(-5.499202096644,7.249572673858,8.));
#697 = CARTESIAN_POINT('',(-5.545898417934,7.289809834131,8.));
#698 = CARTESIAN_POINT('',(-5.601256096863,7.334465764452,8.));
#699 = CARTESIAN_POINT('',(-5.665604392416,7.383012810217,8.));
#700 = CARTESIAN_POINT('',(-5.739247772902,7.43490630961,8.));
#701 = CARTESIAN_POINT('',(-5.822464382074,7.489586307249,8.));
#702 = CARTESIAN_POINT('',(-5.91550562273,7.54647849182,8.));
#703 = CARTESIAN_POINT('',(-6.018595448069,7.604995414915,8.));
#704 = CARTESIAN_POINT('',(-6.131929788109,7.664537669485,8.));
#705 = CARTESIAN_POINT('',(-6.255676082848,7.724495047327,8.));
#706 = CARTESIAN_POINT('',(-6.389972492687,7.784247999733,8.));
#707 = CARTESIAN_POINT('',(-6.5349287336,7.843167926099,8.));
#708 = CARTESIAN_POINT('',(-6.690620495569,7.900622374684,8.));
#709 = CARTESIAN_POINT('',(-6.79861387188,7.936517246559,8.));
#710 = CARTESIAN_POINT('',(-6.854381712684,7.95408394077,8.));
#711 = ORIENTED_EDGE('',*,*,#712,.T.);
#712 = EDGE_CURVE('',#686,#713,#715,.T.);
#713 = VERTEX_POINT('',#714);
#714 = CARTESIAN_POINT('',(-7.360886355994,7.487813569671,8.));
#715 = B_SPLINE_CURVE_WITH_KNOTS('',1,(#716,#717),.UNSPECIFIED.,.F.,.F.,
  (2,2),(0.,0.68844390669),.PIECEWISE_BEZIER_KNOTS.);
#716 = CARTESIAN_POINT('',(-6.854381712684,7.95408394077,8.));
#717 = CARTESIAN_POINT('',(-7.360886355994,7.487813569671,8.));
#718 = ORIENTED_EDGE('',*,*,#719,.T.);
#719 = EDGE_CURVE('',#713,#720,#722,.T.);
#720 = VERTEX_POINT('',#721);
#721 = CARTESIAN_POINT('',(-6.657247406588,5.947588794059,8.));
#722 = B_SPLINE_CURVE_WITH_KNOTS('',3,(#723,#724,#725,#726,#727,#728,
    #729,#730,#731,#732,#733,#734,#735,#736,#737,#738,#739,#740,#741,
    #742,#743,#744),.UNSPECIFIED.,.F.,.F.,(4,1,1,1,1,1,1,1,1,1,1,1,1,1,1
    ,1,1,1,1,4),(0.,0.175408275205,0.341335022231,0.497780241091,
    0.6447439318,0.782226094377,0.910226728846,1.028745835234,
    1.137783413579,1.237339463926,1.327413986336,1.408006980892,
    1.479118447709,1.540748386957,1.592896798895,1.635563683959,
    1.668749042956,1.692452877662,1.706675193405,1.711416027488),
  .UNSPECIFIED.);
#723 = CARTESIAN_POINT('',(-7.360886355994,7.487813569671,8.));
#724 = CARTESIAN_POINT('',(-7.347984932742,7.430785558207,8.));
#725 = CARTESIAN_POINT('',(-7.321130682384,7.320196859002,8.));
#726 = CARTESIAN_POINT('',(-7.276729393668,7.160292312576,8.));
#727 = CARTESIAN_POINT('',(-7.22998110022,7.010965601764,8.));
#728 = CARTESIAN_POINT('',(-7.181522344065,6.872193522552,8.));
#729 = CARTESIAN_POINT('',(-7.13198863909,6.743918643129,8.));
#730 = CARTESIAN_POINT('',(-7.082008827127,6.62605443691,8.));
#731 = CARTESIAN_POINT('',(-7.032204859293,6.518484426382,8.));
#732 = CARTESIAN_POINT('',(-6.983190275131,6.42106284937,8.));
#733 = CARTESIAN_POINT('',(-6.935569010525,6.333615028693,8.));
#734 = CARTESIAN_POINT('',(-6.889934175901,6.255937846474,8.));
#735 = CARTESIAN_POINT('',(-6.84686678304,6.18780034971,8.));
#736 = CARTESIAN_POINT('',(-6.806934776254,6.128944087824,8.));
#737 = CARTESIAN_POINT('',(-6.770691197931,6.079084499787,8.));
#738 = CARTESIAN_POINT('',(-6.738675062105,6.037909330912,8.));
#739 = CARTESIAN_POINT('',(-6.711404390113,6.005085945735,8.));
#740 = CARTESIAN_POINT('',(-6.689391107529,5.980244121792,8.));
#741 = CARTESIAN_POINT('',(-6.673098881053,5.963023120504,8.));
#742 = CARTESIAN_POINT('',(-6.663032862608,5.952970404675,8.));
#743 = CARTESIAN_POINT('',(-6.658412179755,5.948657031227,8.));
#744 = CARTESIAN_POINT('',(-6.657247406588,5.947588794059,8.));
#745 = ORIENTED_EDGE('',*,*,#746,.T.);
#746 = EDGE_CURVE('',#720,#747,#749,.T.);
#747 = VERTEX_POINT('',#748);
#748 = CARTESIAN_POINT('',(-6.1523243586,5.496490242561,8.));
#749 = B_SPLINE_CURVE_WITH_KNOTS('',1,(#750,#751),.UNSPECIFIED.,.F.,.F.,
  (2,2),(0.,0.677079897466),.PIECEWISE_BEZIER_KNOTS.);
#750 = CARTESIAN_POINT('',(-6.657247406588,5.947588794059,8.));
#751 = CARTESIAN_POINT('',(-6.1523243586,5.496490242561,8.));
#752 = ORIENTED_EDGE('',*,*,#753,.T.);
#753 = EDGE_CURVE('',#747,#754,#756,.T.);
#754 = VERTEX_POINT('',#755);
#755 = CARTESIAN_POINT('',(-6.838605445091,4.614756284612,8.));
#756 = B_SPLINE_CURVE_WITH_KNOTS('',1,(#757,#758),.UNSPECIFIED.,.F.,.F.,
  (2,2),(0.,1.117334552529),.PIECEWISE_BEZIER_KNOTS.);
#757 = CARTESIAN_POINT('',(-6.1523243586,5.496490242561,8.));
#758 = CARTESIAN_POINT('',(-6.838605445091,4.614756284612,8.));
#759 = ORIENTED_EDGE('',*,*,#760,.T.);
#760 = EDGE_CURVE('',#754,#761,#763,.T.);
#761 = VERTEX_POINT('',#762);
#762 = CARTESIAN_POINT('',(-7.399851781282,4.993490673948,8.));
#763 = B_SPLINE_CURVE_WITH_KNOTS('',1,(#764,#765),.UNSPECIFIED.,.F.,.F.,
  (2,2),(0.,0.677079897466),.PIECEWISE_BEZIER_KNOTS.);
#764 = CARTESIAN_POINT('',(-6.838605445091,4.614756284612,8.));
#765 = CARTESIAN_POINT('',(-7.399851781282,4.993490673948,8.));
#766 = ORIENTED_EDGE('',*,*,#767,.T.);
#767 = EDGE_CURVE('',#761,#768,#770,.T.);
#768 = VERTEX_POINT('',#769);
#769 = CARTESIAN_POINT('',(-9.065679238632,5.29749562928,8.));
#770 = B_SPLINE_CURVE_WITH_KNOTS('',3,(#771,#772,#773,#774,#775,#776,
    #777,#778,#779,#780,#781,#782,#783,#784,#785,#786,#787,#788,#789,
    #790,#791,#792),.UNSPECIFIED.,.F.,.F.,(4,1,1,1,1,1,1,1,1,1,1,1,1,1,1
    ,1,1,1,1,4),(0.,4.740834082121E-03,1.896314982603E-02,
    4.266698453205E-02,7.585234352884E-02,0.118519228593,0.170667640531,
    0.232297579778,0.303409046595,0.384002041151,0.474076563562,
    0.573632613909,0.682670192253,0.801189298642,0.929189933111,
    1.066672095688,1.213635786397,1.370081005257,1.536007752283,
    1.711416027488),.UNSPECIFIED.);
#771 = CARTESIAN_POINT('',(-7.399851781282,4.993490673948,8.));
#772 = CARTESIAN_POINT('',(-7.401173265585,4.994357568644,8.));
#773 = CARTESIAN_POINT('',(-7.406488961533,4.997777989248,8.));
#774 = CARTESIAN_POINT('',(-7.418705128373,5.005068194363,8.));
#775 = CARTESIAN_POINT('',(-7.439398676754,5.016634377152,8.));
#776 = CARTESIAN_POINT('',(-7.46888428889,5.031875751891,8.));
#777 = CARTESIAN_POINT('',(-7.507397841408,5.050254283873,8.));
#778 = CARTESIAN_POINT('',(-7.555172557765,5.071182828067,8.));
#779 = CARTESIAN_POINT('',(-7.612403728148,5.094077557274,8.));
#780 = CARTESIAN_POINT('',(-7.679261732211,5.118339297151,8.));
#781 = CARTESIAN_POINT('',(-7.755886659611,5.143362072659,8.));
#782 = CARTESIAN_POINT('',(-7.842389630319,5.168531872562,8.));
#783 = CARTESIAN_POINT('',(-7.93885190028,5.193228768278,8.));
#784 = CARTESIAN_POINT('',(-8.045324772013,5.216827935909,8.));
#785 = CARTESIAN_POINT('',(-8.161829320132,5.238701039135,8.));
#786 = CARTESIAN_POINT('',(-8.288356231472,5.258217530063,8.));
#787 = CARTESIAN_POINT('',(-8.424865739393,5.274745895576,8.));
#788 = CARTESIAN_POINT('',(-8.571287351247,5.287655295214,8.));
#789 = CARTESIAN_POINT('',(-8.727520732011,5.296315562967,8.));
#790 = CARTESIAN_POINT('',(-8.893432113831,5.300103938581,8.));
#791 = CARTESIAN_POINT('',(-9.007229156981,5.298988535323,8.));
#792 = CARTESIAN_POINT('',(-9.065679238632,5.29749562928,8.));
#793 = ORIENTED_EDGE('',*,*,#794,.T.);
#794 = EDGE_CURVE('',#768,#795,#797,.T.);
#795 = VERTEX_POINT('',#796);
#796 = CARTESIAN_POINT('',(-9.393342321274,4.692027284167,8.));
#797 = B_SPLINE_CURVE_WITH_KNOTS('',1,(#798,#799),.UNSPECIFIED.,.F.,.F.,
  (2,2),(0.,0.68844390669),.PIECEWISE_BEZIER_KNOTS.);
#798 = CARTESIAN_POINT('',(-9.065679238632,5.29749562928,8.));
#799 = CARTESIAN_POINT('',(-9.393342321274,4.692027284167,8.));
#800 = ORIENTED_EDGE('',*,*,#801,.T.);
#801 = EDGE_CURVE('',#795,#802,#804,.T.);
#802 = VERTEX_POINT('',#803);
#803 = CARTESIAN_POINT('',(-8.227718303897,3.463727328683,8.));
#804 = B_SPLINE_CURVE_WITH_KNOTS('',3,(#805,#806,#807,#808,#809,#810,
    #811,#812,#813,#814,#815,#816,#817,#818,#819,#820,#821,#822,#823,
    #824,#825,#826),.UNSPECIFIED.,.F.,.F.,(4,1,1,1,1,1,1,1,1,1,1,1,1,1,1
    ,1,1,1,1,4),(0.,0.175408275205,0.341335022231,0.497780241091,
    0.6447439318,0.782226094377,0.910226728846,1.028745835234,
    1.137783413579,1.237339463926,1.327413986336,1.408006980892,
    1.479118447709,1.540748386957,1.592896798895,1.635563683959,
    1.668749042956,1.692452877662,1.706675193405,1.711416027488),
  .UNSPECIFIED.);
#805 = CARTESIAN_POINT('',(-9.393342321274,4.692027284167,8.));
#806 = CARTESIAN_POINT('',(-9.362622967667,4.642278292946,8.));
#807 = CARTESIAN_POINT('',(-9.301315662734,4.546401155339,8.));
#808 = CARTESIAN_POINT('',(-9.207399236965,4.409577753181,8.));
#809 = CARTESIAN_POINT('',(-9.114697591263,4.283521121517,8.));
#810 = CARTESIAN_POINT('',(-9.023805243719,4.168002628733,8.));
#811 = CARTESIAN_POINT('',(-8.935304626248,4.062761603812,8.));
#812 = CARTESIAN_POINT('',(-8.849762413159,3.967512023806,8.));
#813 = CARTESIAN_POINT('',(-8.767729036356,3.881941775078,8.));
#814 = CARTESIAN_POINT('',(-8.689737463216,3.805713777287,8.));
#815 = CARTESIAN_POINT('',(-8.616302189122,3.738466720082,8.));
#816 = CARTESIAN_POINT('',(-8.547918235877,3.679815908432,8.));
#817 = CARTESIAN_POINT('',(-8.485060144122,3.629354248789,8.));
#818 = CARTESIAN_POINT('',(-8.428181166614,3.586652882923,8.));
#819 = CARTESIAN_POINT('',(-8.377711983565,3.551263095536,8.));
#820 = CARTESIAN_POINT('',(-8.33406101481,3.522714533193,8.));
#821 = CARTESIAN_POINT('',(-8.297610207303,3.500524382282,8.));
#822 = CARTESIAN_POINT('',(-8.26872353804,3.484176258052,8.));
#823 = CARTESIAN_POINT('',(-8.247722419356,3.473178415404,8.));
#824 = CARTESIAN_POINT('',(-8.234937694062,3.466938814293,8.));
#825 = CARTESIAN_POINT('',(-8.229166822482,3.464359484586,8.));
#826 = CARTESIAN_POINT('',(-8.227718303897,3.463727328683,8.));
#827 = ORIENTED_EDGE('',*,*,#828,.T.);
#828 = EDGE_CURVE('',#802,#829,#831,.T.);
#829 = VERTEX_POINT('',#830);
#830 = CARTESIAN_POINT('',(-7.603681919147,3.201018786641,8.));
#831 = B_SPLINE_CURVE_WITH_KNOTS('',1,(#832,#833),.UNSPECIFIED.,.F.,.F.,
  (2,2),(0.,0.677079897466),.PIECEWISE_BEZIER_KNOTS.);
#832 = CARTESIAN_POINT('',(-8.227718303897,3.463727328683,8.));
#833 = CARTESIAN_POINT('',(-7.603681919147,3.201018786641,8.));
#834 = ORIENTED_EDGE('',*,*,#835,.T.);
#835 = EDGE_CURVE('',#829,#836,#838,.T.);
#836 = VERTEX_POINT('',#837);
#837 = CARTESIAN_POINT('',(-7.966479855278,2.144224502112,8.));
#838 = B_SPLINE_CURVE_WITH_KNOTS('',1,(#839,#840),.UNSPECIFIED.,.F.,.F.,
  (2,2),(0.,1.117334552529),.PIECEWISE_BEZIER_KNOTS.);
#839 = CARTESIAN_POINT('',(-7.603681919147,3.201018786641,8.));
#840 = CARTESIAN_POINT('',(-7.966479855278,2.144224502112,8.));
#841 = ORIENTED_EDGE('',*,*,#842,.T.);
#842 = EDGE_CURVE('',#836,#843,#845,.T.);
#843 = VERTEX_POINT('',#844);
#844 = CARTESIAN_POINT('',(-8.620291172075,2.320201630116,8.));
#845 = B_SPLINE_CURVE_WITH_KNOTS('',1,(#846,#847),.UNSPECIFIED.,.F.,.F.,
  (2,2),(0.,0.677079897466),.PIECEWISE_BEZIER_KNOTS.);
#846 = CARTESIAN_POINT('',(-7.966479855278,2.144224502112,8.));
#847 = CARTESIAN_POINT('',(-8.620291172075,2.320201630116,8.));
#848 = ORIENTED_EDGE('',*,*,#849,.T.);
#849 = EDGE_CURVE('',#843,#850,#852,.T.);
#850 = VERTEX_POINT('',#851);
#851 = CARTESIAN_POINT('',(-10.29456975056,2.066841467243,8.));
#852 = B_SPLINE_CURVE_WITH_KNOTS('',3,(#853,#854,#855,#856,#857,#858,
    #859,#860,#861,#862,#863,#864,#865,#866,#867,#868,#869,#870,#871,
    #872,#873,#874),.UNSPECIFIED.,.F.,.F.,(4,1,1,1,1,1,1,1,1,1,1,1,1,1,1
    ,1,1,1,1,4),(0.,4.740834082121E-03,1.896314982603E-02,
    4.266698453205E-02,7.585234352884E-02,0.118519228593,0.170667640531,
    0.232297579778,0.303409046595,0.384002041151,0.474076563562,
    0.573632613909,0.682670192253,0.801189298642,0.929189933111,
    1.066672095688,1.213635786397,1.370081005257,1.536007752283,
    1.711416027488),.UNSPECIFIED.);
#853 = CARTESIAN_POINT('',(-8.620291172075,2.320201630116,8.));
#854 = CARTESIAN_POINT('',(-8.621822534961,2.320592468814,8.));
#855 = CARTESIAN_POINT('',(-8.627960820595,2.322101557943,8.));
#856 = CARTESIAN_POINT('',(-8.641882207551,2.325030176748,8.));
#857 = CARTESIAN_POINT('',(-8.665210055814,2.329250487674,8.));
#858 = CARTESIAN_POINT('',(-8.698046922442,2.33409208008,8.));
#859 = CARTESIAN_POINT('',(-8.740441204032,2.338969482446,8.));
#860 = CARTESIAN_POINT('',(-8.792422841671,2.343251635346,8.));
#861 = CARTESIAN_POINT('',(-8.853986975803,2.346322934328,8.));
#862 = CARTESIAN_POINT('',(-8.925100202852,2.347561347787,8.));
#863 = CARTESIAN_POINT('',(-9.005698262256,2.346348247043,8.));
#864 = CARTESIAN_POINT('',(-9.095686884079,2.342066809088,8.));
#865 = CARTESIAN_POINT('',(-9.194941631111,2.334104311018,8.));
#866 = CARTESIAN_POINT('',(-9.303308146173,2.321853125716,8.));
#867 = CARTESIAN_POINT('',(-9.420602341528,2.304712118943,8.));
#868 = CARTESIAN_POINT('',(-9.546610670058,2.282087931608,8.));
#869 = CARTESIAN_POINT('',(-9.681090467814,2.253396179924,8.));
#870 = CARTESIAN_POINT('',(-9.823770228073,2.218063093032,8.));
#871 = CARTESIAN_POINT('',(-9.974350437672,2.175525227785,8.));
#872 = CARTESIAN_POINT('',(-10.13250236674,2.125237001146,8.));
#873 = CARTESIAN_POINT('',(-10.23977140136,2.087232194006,8.));
#874 = CARTESIAN_POINT('',(-10.29456975056,2.066841467243,8.));
#875 = ORIENTED_EDGE('',*,*,#876,.T.);
#876 = EDGE_CURVE('',#850,#877,#879,.T.);
#877 = VERTEX_POINT('',#878);
#878 = CARTESIAN_POINT('',(-10.40788389332,1.38778703812,8.));
#879 = B_SPLINE_CURVE_WITH_KNOTS('',1,(#880,#881),.UNSPECIFIED.,.F.,.F.,
  (2,2),(0.,0.68844390669),.PIECEWISE_BEZIER_KNOTS.);
#880 = CARTESIAN_POINT('',(-10.29456975056,2.066841467243,8.));
#881 = CARTESIAN_POINT('',(-10.40788389332,1.38778703812,8.));
#882 = ORIENTED_EDGE('',*,*,#883,.T.);
#883 = EDGE_CURVE('',#877,#884,#886,.T.);
#884 = VERTEX_POINT('',#885);
#885 = CARTESIAN_POINT('',(-8.906588256775,0.604517261977,8.));
#886 = B_SPLINE_CURVE_WITH_KNOTS('',3,(#887,#888,#889,#890,#891,#892,
    #893,#894,#895,#896,#897,#898,#899,#900,#901,#902,#903,#904,#905,
    #906,#907,#908),.UNSPECIFIED.,.F.,.F.,(4,1,1,1,1,1,1,1,1,1,1,1,1,1,1
    ,1,1,1,1,4),(0.,0.175408275205,0.341335022231,0.497780241091,
    0.6447439318,0.782226094377,0.910226728846,1.028745835234,
    1.137783413579,1.237339463926,1.327413986336,1.408006980892,
    1.479118447709,1.540748386957,1.592896798895,1.635563683959,
    1.668749042956,1.692452877662,1.706675193405,1.711416027488),
  .UNSPECIFIED.);
#887 = CARTESIAN_POINT('',(-10.40788389332,1.38778703812,8.));
#888 = CARTESIAN_POINT('',(-10.36267552798,1.350708142276,8.));
#889 = CARTESIAN_POINT('',(-10.27355876624,1.279932341812,8.));
#890 = CARTESIAN_POINT('',(-10.14030450541,1.18101702258,8.));
#891 = CARTESIAN_POINT('',(-10.01169516918,1.091890662075,8.));
#892 = CARTESIAN_POINT('',(-9.888218826452,1.012143976867,8.));
#893 = CARTESIAN_POINT('',(-9.770341711615,0.94134130448,8.));
#894 = CARTESIAN_POINT('',(-9.658506923513,0.87902812063,8.));
#895 = CARTESIAN_POINT('',(-9.553133726996,0.824730497911,8.));
#896 = CARTESIAN_POINT('',(-9.454616761991,0.777956565702,8.));
#897 = CARTESIAN_POINT('',(-9.363325329825,0.738197534062,8.));
#898 = CARTESIAN_POINT('',(-9.279602720379,0.704928818485,8.));
#899 = CARTESIAN_POINT('',(-9.203765579315,0.677611299778,8.));
#900 = CARTESIAN_POINT('',(-9.136103350866,0.655692185503,8.));
#901 = CARTESIAN_POINT('',(-9.076877682185,0.63860723136,8.));
#902 = CARTESIAN_POINT('',(-9.02632214028,0.625778955255,8.));
#903 = CARTESIAN_POINT('',(-8.984641207843,0.616626685778,8.));
#904 = CARTESIAN_POINT('',(-8.952011470739,0.610543834188,8.));
#905 = CARTESIAN_POINT('',(-8.928577256922,0.606960937079,8.));
#906 = CARTESIAN_POINT('',(-8.91445924814,0.605210608284,8.));
#907 = CARTESIAN_POINT('',(-8.908163551314,0.604644832714,8.));
#908 = CARTESIAN_POINT('',(-8.906588256775,0.604517261977,8.));
#909 = ORIENTED_EDGE('',*,*,#910,.T.);
#910 = EDGE_CURVE('',#884,#911,#913,.T.);
#911 = VERTEX_POINT('',#912);
#912 = CARTESIAN_POINT('',(-8.231062560474,0.558667276264,8.));
#913 = B_SPLINE_CURVE_WITH_KNOTS('',1,(#914,#915),.UNSPECIFIED.,.F.,.F.,
  (2,2),(0.,0.677079897466),.PIECEWISE_BEZIER_KNOTS.);
#914 = CARTESIAN_POINT('',(-8.906588256775,0.604517261977,8.));
#915 = CARTESIAN_POINT('',(-8.231062560474,0.558667276264,8.));
#916 = ORIENTED_EDGE('',*,*,#917,.T.);
#917 = EDGE_CURVE('',#911,#918,#920,.T.);
#918 = VERTEX_POINT('',#919);
#919 = CARTESIAN_POINT('',(-8.231062560474,-0.558667276264,8.));
#920 = B_SPLINE_CURVE_WITH_KNOTS('',1,(#921,#922),.UNSPECIFIED.,.F.,.F.,
  (2,2),(0.,1.117334552529),.PIECEWISE_BEZIER_KNOTS.);
#921 = CARTESIAN_POINT('',(-8.231062560474,0.558667276264,8.));
#922 = CARTESIAN_POINT('',(-8.231062560474,-0.558667276264,8.));
#923 = ORIENTED_EDGE('',*,*,#924,.T.);
#924 = EDGE_CURVE('',#918,#925,#927,.T.);
#925 = VERTEX_POINT('',#926);
#926 = CARTESIAN_POINT('',(-8.906588256775,-0.604517261977,8.));
#927 = B_SPLINE_CURVE_WITH_KNOTS('',1,(#928,#929),.UNSPECIFIED.,.F.,.F.,
  (2,2),(0.,0.677079897466),.PIECEWISE_BEZIER_KNOTS.);
#928 = CARTESIAN_POINT('',(-8.231062560474,-0.558667276264,8.));
#929 = CARTESIAN_POINT('',(-8.906588256775,-0.604517261977,8.));
#930 = ORIENTED_EDGE('',*,*,#931,.T.);
#931 = EDGE_CURVE('',#925,#932,#934,.T.);
#932 = VERTEX_POINT('',#933);
#933 = CARTESIAN_POINT('',(-10.40788389332,-1.38778703812,8.));
#934 = B_SPLINE_CURVE_WITH_KNOTS('',3,(#935,#936,#937,#938,#939,#940,
    #941,#942,#943,#944,#945,#946,#947,#948,#949,#950,#951,#952,#953,
    #954,#955,#956),.UNSPECIFIED.,.F.,.F.,(4,1,1,1,1,1,1,1,1,1,1,1,1,1,1
    ,1,1,1,1,4),(0.,4.740834082121E-03,1.896314982603E-02,
    4.266698453205E-02,7.585234352884E-02,0.118519228593,0.170667640531,
    0.232297579778,0.303409046595,0.384002041151,0.474076563562,
    0.573632613909,0.682670192253,0.801189298642,0.929189933111,
    1.066672095688,1.213635786397,1.370081005257,1.536007752283,
    1.711416027488),.UNSPECIFIED.);
#935 = CARTESIAN_POINT('',(-8.906588256775,-0.604517261977,8.));
#936 = CARTESIAN_POINT('',(-8.908163551314,-0.604644832714,8.));
#937 = CARTESIAN_POINT('',(-8.91445924814,-0.605210608284,8.));
#938 = CARTESIAN_POINT('',(-8.928577256922,-0.606960937079,8.));
#939 = CARTESIAN_POINT('',(-8.952011470739,-0.610543834188,8.));
#940 = CARTESIAN_POINT('',(-8.984641207843,-0.616626685778,8.));
#941 = CARTESIAN_POINT('',(-9.02632214028,-0.625778955255,8.));
#942 = CARTESIAN_POINT('',(-9.076877682185,-0.63860723136,8.));
#943 = CARTESIAN_POINT('',(-9.136103350866,-0.655692185503,8.));
#944 = CARTESIAN_POINT('',(-9.203765579315,-0.677611299778,8.));
#945 = CARTESIAN_POINT('',(-9.279602720379,-0.704928818485,8.));
#946 = CARTESIAN_POINT('',(-9.363325329825,-0.738197534062,8.));
#947 = CARTESIAN_POINT('',(-9.454616761991,-0.777956565702,8.));
#948 = CARTESIAN_POINT('',(-9.553133726996,-0.824730497911,8.));
#949 = CARTESIAN_POINT('',(-9.658506923513,-0.87902812063,8.));
#950 = CARTESIAN_POINT('',(-9.770341711615,-0.94134130448,8.));
#951 = CARTESIAN_POINT('',(-9.888218826452,-1.012143976867,8.));
#952 = CARTESIAN_POINT('',(-10.01169516918,-1.091890662075,8.));
#953 = CARTESIAN_POINT('',(-10.14030450541,-1.18101702258,8.));
#954 = CARTESIAN_POINT('',(-10.27355876624,-1.279932341812,8.));
#955 = CARTESIAN_POINT('',(-10.36267552798,-1.350708142276,8.));
#956 = CARTESIAN_POINT('',(-10.40788389332,-1.38778703812,8.));
#957 = ORIENTED_EDGE('',*,*,#958,.T.);
#958 = EDGE_CURVE('',#932,#959,#961,.T.);
#959 = VERTEX_POINT('',#960);
#960 = CARTESIAN_POINT('',(-10.29456975056,-2.066841467243,8.));
#961 = B_SPLINE_CURVE_WITH_KNOTS('',1,(#962,#963),.UNSPECIFIED.,.F.,.F.,
  (2,2),(0.,0.68844390669),.PIECEWISE_BEZIER_KNOTS.);
#962 = CARTESIAN_POINT('',(-10.40788389332,-1.38778703812,8.));
#963 = CARTESIAN_POINT('',(-10.29456975056,-2.066841467243,8.));
#964 = ORIENTED_EDGE('',*,*,#965,.T.);
#965 = EDGE_CURVE('',#959,#966,#968,.T.);
#966 = VERTEX_POINT('',#967);
#967 = CARTESIAN_POINT('',(-8.620291172075,-2.320201630116,8.));
#968 = B_SPLINE_CURVE_WITH_KNOTS('',3,(#969,#970,#971,#972,#973,#974,
    #975,#976,#977,#978,#979,#980,#981,#982,#983,#984,#985,#986,#987,
    #988,#989,#990),.UNSPECIFIED.,.F.,.F.,(4,1,1,1,1,1,1,1,1,1,1,1,1,1,1
    ,1,1,1,1,4),(0.,0.175408275205,0.341335022231,0.497780241091,
    0.6447439318,0.782226094377,0.910226728846,1.028745835234,
    1.137783413579,1.237339463926,1.327413986336,1.408006980892,
    1.479118447709,1.540748386957,1.592896798895,1.635563683959,
    1.668749042956,1.692452877662,1.706675193405,1.711416027488),
  .UNSPECIFIED.);
#969 = CARTESIAN_POINT('',(-10.29456975056,-2.066841467243,8.));
#970 = CARTESIAN_POINT('',(-10.23977140136,-2.087232194006,8.));
#971 = CARTESIAN_POINT('',(-10.13250236674,-2.125237001146,8.));
#972 = CARTESIAN_POINT('',(-9.974350437672,-2.175525227785,8.));
#973 = CARTESIAN_POINT('',(-9.823770228073,-2.218063093032,8.));
#974 = CARTESIAN_POINT('',(-9.681090467814,-2.253396179924,8.));
#975 = CARTESIAN_POINT('',(-9.546610670058,-2.282087931608,8.));
#976 = CARTESIAN_POINT('',(-9.420602341528,-2.304712118943,8.));
#977 = CARTESIAN_POINT('',(-9.303308146173,-2.321853125716,8.));
#978 = CARTESIAN_POINT('',(-9.194941631111,-2.334104311018,8.));
#979 = CARTESIAN_POINT('',(-9.095686884079,-2.342066809088,8.));
#980 = CARTESIAN_POINT('',(-9.005698262256,-2.346348247043,8.));
#981 = CARTESIAN_POINT('',(-8.925100202852,-2.347561347787,8.));
#982 = CARTESIAN_POINT('',(-8.853986975803,-2.346322934328,8.));
#983 = CARTESIAN_POINT('',(-8.792422841671,-2.343251635346,8.));
#984 = CARTESIAN_POINT('',(-8.740441204032,-2.338969482446,8.));
#985 = CARTESIAN_POINT('',(-8.698046922442,-2.33409208008,8.));
#986 = CARTESIAN_POINT('',(-8.665210055814,-2.329250487674,8.));
#987 = CARTESIAN_POINT('',(-8.641882207551,-2.325030176748,8.));
#988 = CARTESIAN_POINT('',(-8.627960820595,-2.322101557943,8.));
#989 = CARTESIAN_POINT('',(-8.621822534961,-2.320592468814,8.));
#990 = CARTESIAN_POINT('',(-8.620291172075,-2.320201630116,8.));
#991 = ORIENTED_EDGE('',*,*,#992,.T.);
#992 = EDGE_CURVE('',#966,#993,#995,.T.);
#993 = VERTEX_POINT('',#994);
#994 = CARTESIAN_POINT('',(-7.966479855278,-2.144224502112,8.));
#995 = B_SPLINE_CURVE_WITH_KNOTS('',1,(#996,#997),.UNSPECIFIED.,.F.,.F.,
  (2,2),(0.,0.677079897466),.PIECEWISE_BEZIER_KNOTS.);
#996 = CARTESIAN_POINT('',(-8.620291172075,-2.320201630116,8.));
#997 = CARTESIAN_POINT('',(-7.966479855278,-2.144224502112,8.));
#998 = ORIENTED_EDGE('',*,*,#999,.T.);
#999 = EDGE_CURVE('',#993,#1000,#1002,.T.);
#1000 = VERTEX_POINT('',#1001);
#1001 = CARTESIAN_POINT('',(-7.603681919147,-3.201018786641,8.));
#1002 = B_SPLINE_CURVE_WITH_KNOTS('',1,(#1003,#1004),.UNSPECIFIED.,.F.,
  .F.,(2,2),(0.,1.117334552529),.PIECEWISE_BEZIER_KNOTS.);
#1003 = CARTESIAN_POINT('',(-7.966479855278,-2.144224502112,8.));
#1004 = CARTESIAN_POINT('',(-7.603681919147,-3.201018786641,8.));
#1005 = ORIENTED_EDGE('',*,*,#1006,.T.);
#1006 = EDGE_CURVE('',#1000,#1007,#1009,.T.);
#1007 = VERTEX_POINT('',#1008);
#1008 = CARTESIAN_POINT('',(-8.227718303897,-3.463727328683,8.));
#1009 = B_SPLINE_CURVE_WITH_KNOTS('',1,(#1010,#1011),.UNSPECIFIED.,.F.,
  .F.,(2,2),(0.,0.677079897466),.PIECEWISE_BEZIER_KNOTS.);
#1010 = CARTESIAN_POINT('',(-7.603681919147,-3.201018786641,8.));
#1011 = CARTESIAN_POINT('',(-8.227718303897,-3.463727328683,8.));
#1012 = ORIENTED_EDGE('',*,*,#1013,.T.);
#1013 = EDGE_CURVE('',#1007,#1014,#1016,.T.);
#1014 = VERTEX_POINT('',#1015);
#1015 = CARTESIAN_POINT('',(-9.393342321274,-4.692027284167,8.));
#1016 = B_SPLINE_CURVE_WITH_KNOTS('',3,(#1017,#1018,#1019,#1020,#1021,
    #1022,#1023,#1024,#1025,#1026,#1027,#1028,#1029,#1030,#1031,#1032,
    #1033,#1034,#1035,#1036,#1037,#1038),.UNSPECIFIED.,.F.,.F.,(4,1,1,1,
    1,1,1,1,1,1,1,1,1,1,1,1,1,1,1,4),(0.,4.740834082121E-03,
    1.896314982603E-02,4.266698453205E-02,7.585234352884E-02,
    0.118519228593,0.170667640531,0.232297579778,0.303409046595,
    0.384002041151,0.474076563562,0.573632613909,0.682670192253,
    0.801189298642,0.929189933111,1.066672095688,1.213635786397,
    1.370081005257,1.536007752283,1.711416027488),.UNSPECIFIED.);
#1017 = CARTESIAN_POINT('',(-8.227718303897,-3.463727328683,8.));
#1018 = CARTESIAN_POINT('',(-8.229166822482,-3.464359484586,8.));
#1019 = CARTESIAN_POINT('',(-8.234937694062,-3.466938814293,8.));
#1020 = CARTESIAN_POINT('',(-8.247722419356,-3.473178415404,8.));
#1021 = CARTESIAN_POINT('',(-8.26872353804,-3.484176258052,8.));
#1022 = CARTESIAN_POINT('',(-8.297610207303,-3.500524382282,8.));
#1023 = CARTESIAN_POINT('',(-8.33406101481,-3.522714533193,8.));
#1024 = CARTESIAN_POINT('',(-8.377711983565,-3.551263095536,8.));
#1025 = CARTESIAN_POINT('',(-8.428181166614,-3.586652882923,8.));
#1026 = CARTESIAN_POINT('',(-8.485060144122,-3.629354248789,8.));
#1027 = CARTESIAN_POINT('',(-8.547918235877,-3.679815908432,8.));
#1028 = CARTESIAN_POINT('',(-8.616302189122,-3.738466720082,8.));
#1029 = CARTESIAN_POINT('',(-8.689737463216,-3.805713777287,8.));
#1030 = CARTESIAN_POINT('',(-8.767729036356,-3.881941775078,8.));
#1031 = CARTESIAN_POINT('',(-8.849762413159,-3.967512023806,8.));
#1032 = CARTESIAN_POINT('',(-8.935304626248,-4.062761603812,8.));
#1033 = CARTESIAN_POINT('',(-9.023805243719,-4.168002628733,8.));
#1034 = CARTESIAN_POINT('',(-9.114697591263,-4.283521121517,8.));
#1035 = CARTESIAN_POINT('',(-9.207399236965,-4.409577753181,8.));
#1036 = CARTESIAN_POINT('',(-9.301315662734,-4.546401155339,8.));
#1037 = CARTESIAN_POINT('',(-9.362622967667,-4.642278292946,8.));
#1038 = CARTESIAN_POINT('',(-9.393342321274,-4.692027284167,8.));
#1039 = ORIENTED_EDGE('',*,*,#1040,.T.);
#1040 = EDGE_CURVE('',#1014,#1041,#1043,.T.);
#1041 = VERTEX_POINT('',#1042);
#1042 = CARTESIAN_POINT('',(-9.065679238632,-5.29749562928,8.));
#1043 = B_SPLINE_CURVE_WITH_KNOTS('',1,(#1044,#1045),.UNSPECIFIED.,.F.,
  .F.,(2,2),(0.,0.68844390669),.PIECEWISE_BEZIER_KNOTS.);
#1044 = CARTESIAN_POINT('',(-9.393342321274,-4.692027284167,8.));
#1045 = CARTESIAN_POINT('',(-9.065679238632,-5.29749562928,8.));
#1046 = ORIENTED_EDGE('',*,*,#1047,.T.);
#1047 = EDGE_CURVE('',#1041,#1048,#1050,.T.);
#1048 = VERTEX_POINT('',#1049);
#1049 = CARTESIAN_POINT('',(-7.399851781282,-4.993490673948,8.));
#1050 = B_SPLINE_CURVE_WITH_KNOTS('',3,(#1051,#1052,#1053,#1054,#1055,
    #1056,#1057,#1058,#1059,#1060,#1061,#1062,#1063,#1064,#1065,#1066,
    #1067,#1068,#1069,#1070,#1071,#1072),.UNSPECIFIED.,.F.,.F.,(4,1,1,1,
    1,1,1,1,1,1,1,1,1,1,1,1,1,1,1,4),(0.,0.175408275205,0.341335022231,
    0.497780241091,0.6447439318,0.782226094377,0.910226728846,
    1.028745835234,1.137783413579,1.237339463926,1.327413986336,
    1.408006980892,1.479118447709,1.540748386957,1.592896798895,
    1.635563683959,1.668749042956,1.692452877662,1.706675193405,
    1.711416027488),.UNSPECIFIED.);
#1051 = CARTESIAN_POINT('',(-9.065679238632,-5.29749562928,8.));
#1052 = CARTESIAN_POINT('',(-9.007229156981,-5.298988535323,8.));
#1053 = CARTESIAN_POINT('',(-8.893432113831,-5.300103938581,8.));
#1054 = CARTESIAN_POINT('',(-8.727520732011,-5.296315562967,8.));
#1055 = CARTESIAN_POINT('',(-8.571287351247,-5.287655295214,8.));
#1056 = CARTESIAN_POINT('',(-8.424865739393,-5.274745895576,8.));
#1057 = CARTESIAN_POINT('',(-8.288356231472,-5.258217530063,8.));
#1058 = CARTESIAN_POINT('',(-8.161829320132,-5.238701039135,8.));
#1059 = CARTESIAN_POINT('',(-8.045324772013,-5.216827935909,8.));
#1060 = CARTESIAN_POINT('',(-7.93885190028,-5.193228768278,8.));
#1061 = CARTESIAN_POINT('',(-7.842389630319,-5.168531872562,8.));
#1062 = CARTESIAN_POINT('',(-7.755886659611,-5.143362072659,8.));
#1063 = CARTESIAN_POINT('',(-7.679261732211,-5.118339297151,8.));
#1064 = CARTESIAN_POINT('',(-7.612403728148,-5.094077557274,8.));
#1065 = CARTESIAN_POINT('',(-7.555172557765,-5.071182828067,8.));
#1066 = CARTESIAN_POINT('',(-7.507397841408,-5.050254283873,8.));
#1067 = CARTESIAN_POINT('',(-7.46888428889,-5.031875751891,8.));
#1068 = CARTESIAN_POINT('',(-7.439398676754,-5.016634377152,8.));
#1069 = CARTESIAN_POINT('',(-7.418705128373,-5.005068194363,8.));
#1070 = CARTESIAN_POINT('',(-7.406488961533,-4.997777989248,8.));
#1071 = CARTESIAN_POINT('',(-7.401173265585,-4.994357568644,8.));
#1072 = CARTESIAN_POINT('',(-7.399851781282,-4.993490673948,8.));
#1073 = ORIENTED_EDGE('',*,*,#1074,.T.);
#1074 = EDGE_CURVE('',#1048,#1075,#1077,.T.);
#1075 = VERTEX_POINT('',#1076);
#1076 = CARTESIAN_POINT('',(-6.838605445091,-4.614756284612,8.));
#1077 = B_SPLINE_CURVE_WITH_KNOTS('',1,(#1078,#1079),.UNSPECIFIED.,.F.,
  .F.,(2,2),(0.,0.677079897466),.PIECEWISE_BEZIER_KNOTS.);
#1078 = CARTESIAN_POINT('',(-7.399851781282,-4.993490673948,8.));
#1079 = CARTESIAN_POINT('',(-6.838605445091,-4.614756284612,8.));
#1080 = ORIENTED_EDGE('',*,*,#1081,.T.);
#1081 = EDGE_CURVE('',#1075,#1082,#1084,.T.);
#1082 = VERTEX_POINT('',#1083);
#1083 = CARTESIAN_POINT('',(-6.1523243586,-5.496490242561,8.));
#1084 = B_SPLINE_CURVE_WITH_KNOTS('',1,(#1085,#1086),.UNSPECIFIED.,.F.,
  .F.,(2,2),(0.,1.117334552529),.PIECEWISE_BEZIER_KNOTS.);
#1085 = CARTESIAN_POINT('',(-6.838605445091,-4.614756284612,8.));
#1086 = CARTESIAN_POINT('',(-6.1523243586,-5.496490242561,8.));
#1087 = ORIENTED_EDGE('',*,*,#1088,.T.);
#1088 = EDGE_CURVE('',#1082,#1089,#1091,.T.);
#1089 = VERTEX_POINT('',#1090);
#1090 = CARTESIAN_POINT('',(-6.657247406588,-5.947588794059,8.));
#1091 = B_SPLINE_CURVE_WITH_KNOTS('',1,(#1092,#1093),.UNSPECIFIED.,.F.,
  .F.,(2,2),(0.,0.677079897466),.PIECEWISE_BEZIER_KNOTS.);
#1092 = CARTESIAN_POINT('',(-6.1523243586,-5.496490242561,8.));
#1093 = CARTESIAN_POINT('',(-6.657247406588,-5.947588794059,8.));
#1094 = ORIENTED_EDGE('',*,*,#1095,.T.);
#1095 = EDGE_CURVE('',#1089,#1096,#1098,.T.);
#1096 = VERTEX_POINT('',#1097);
#1097 = CARTESIAN_POINT('',(-7.360886355994,-7.487813569671,8.));
#1098 = B_SPLINE_CURVE_WITH_KNOTS('',3,(#1099,#1100,#1101,#1102,#1103,
    #1104,#1105,#1106,#1107,#1108,#1109,#1110,#1111,#1112,#1113,#1114,
    #1115,#1116,#1117,#1118,#1119,#1120),.UNSPECIFIED.,.F.,.F.,(4,1,1,1,
    1,1,1,1,1,1,1,1,1,1,1,1,1,1,1,4),(0.,4.740834082121E-03,
    1.896314982603E-02,4.266698453205E-02,7.585234352884E-02,
    0.118519228593,0.170667640531,0.232297579778,0.303409046595,
    0.384002041151,0.474076563562,0.573632613909,0.682670192253,
    0.801189298642,0.929189933111,1.066672095688,1.213635786397,
    1.370081005257,1.536007752283,1.711416027488),.UNSPECIFIED.);
#1099 = CARTESIAN_POINT('',(-6.657247406588,-5.947588794059,8.));
#1100 = CARTESIAN_POINT('',(-6.658412179755,-5.948657031227,8.));
#1101 = CARTESIAN_POINT('',(-6.663032862608,-5.952970404675,8.));
#1102 = CARTESIAN_POINT('',(-6.673098881053,-5.963023120504,8.));
#1103 = CARTESIAN_POINT('',(-6.689391107529,-5.980244121792,8.));
#1104 = CARTESIAN_POINT('',(-6.711404390113,-6.005085945735,8.));
#1105 = CARTESIAN_POINT('',(-6.738675062105,-6.037909330912,8.));
#1106 = CARTESIAN_POINT('',(-6.770691197931,-6.079084499787,8.));
#1107 = CARTESIAN_POINT('',(-6.806934776254,-6.128944087824,8.));
#1108 = CARTESIAN_POINT('',(-6.84686678304,-6.18780034971,8.));
#1109 = CARTESIAN_POINT('',(-6.889934175901,-6.255937846474,8.));
#1110 = CARTESIAN_POINT('',(-6.935569010525,-6.333615028693,8.));
#1111 = CARTESIAN_POINT('',(-6.983190275131,-6.42106284937,8.));
#1112 = CARTESIAN_POINT('',(-7.032204859293,-6.518484426382,8.));
#1113 = CARTESIAN_POINT('',(-7.082008827127,-6.62605443691,8.));
#1114 = CARTESIAN_POINT('',(-7.13198863909,-6.743918643129,8.));
#1115 = CARTESIAN_POINT('',(-7.181522344065,-6.872193522552,8.));
#1116 = CARTESIAN_POINT('',(-7.22998110022,-7.010965601764,8.));
#1117 = CARTESIAN_POINT('',(-7.276729393668,-7.160292312576,8.));
#1118 = CARTESIAN_POINT('',(-7.321130682384,-7.320196859002,8.));
#1119 = CARTESIAN_POINT('',(-7.347984932742,-7.430785558207,8.));
#1120 = CARTESIAN_POINT('',(-7.360886355994,-7.487813569671,8.));
#1121 = ORIENTED_EDGE('',*,*,#1122,.T.);
#1122 = EDGE_CURVE('',#1096,#1123,#1125,.T.);
#1123 = VERTEX_POINT('',#1124);
#1124 = CARTESIAN_POINT('',(-6.854381712684,-7.95408394077,8.));
#1125 = B_SPLINE_CURVE_WITH_KNOTS('',1,(#1126,#1127),.UNSPECIFIED.,.F.,
  .F.,(2,2),(0.,0.68844390669),.PIECEWISE_BEZIER_KNOTS.);
#1126 = CARTESIAN_POINT('',(-7.360886355994,-7.487813569671,8.));
#1127 = CARTESIAN_POINT('',(-6.854381712684,-7.95408394077,8.));
#1128 = ORIENTED_EDGE('',*,*,#1129,.T.);
#1129 = EDGE_CURVE('',#1123,#1130,#1132,.T.);
#1130 = VERTEX_POINT('',#1131);
#1131 = CARTESIAN_POINT('',(-5.377523629456,-7.125657521267,8.));
#1132 = B_SPLINE_CURVE_WITH_KNOTS('',3,(#1133,#1134,#1135,#1136,#1137,
    #1138,#1139,#1140,#1141,#1142,#1143,#1144,#1145,#1146,#1147,#1148,
    #1149,#1150,#1151,#1152,#1153,#1154),.UNSPECIFIED.,.F.,.F.,(4,1,1,1,
    1,1,1,1,1,1,1,1,1,1,1,1,1,1,1,4),(0.,0.175408275205,0.341335022231,
    0.497780241091,0.6447439318,0.782226094377,0.910226728846,
    1.028745835234,1.137783413579,1.237339463926,1.327413986336,
    1.408006980892,1.479118447709,1.540748386957,1.592896798895,
    1.635563683959,1.668749042956,1.692452877662,1.706675193405,
    1.711416027488),.UNSPECIFIED.);
#1133 = CARTESIAN_POINT('',(-6.854381712684,-7.95408394077,8.));
#1134 = CARTESIAN_POINT('',(-6.79861387188,-7.936517246559,8.));
#1135 = CARTESIAN_POINT('',(-6.690620495569,-7.900622374684,8.));
#1136 = CARTESIAN_POINT('',(-6.5349287336,-7.843167926099,8.));
#1137 = CARTESIAN_POINT('',(-6.389972492687,-7.784247999733,8.));
#1138 = CARTESIAN_POINT('',(-6.255676082848,-7.724495047327,8.));
#1139 = CARTESIAN_POINT('',(-6.131929788109,-7.664537669485,8.));
#1140 = CARTESIAN_POINT('',(-6.018595448069,-7.604995414915,8.));
#1141 = CARTESIAN_POINT('',(-5.91550562273,-7.54647849182,8.));
#1142 = CARTESIAN_POINT('',(-5.822464382074,-7.489586307249,8.));
#1143 = CARTESIAN_POINT('',(-5.739247772902,-7.43490630961,8.));
#1144 = CARTESIAN_POINT('',(-5.665604392416,-7.383012810217,8.));
#1145 = CARTESIAN_POINT('',(-5.601256096863,-7.334465764452,8.));
#1146 = CARTESIAN_POINT('',(-5.545898417934,-7.289809834131,8.));
#1147 = CARTESIAN_POINT('',(-5.499202096644,-7.249572673858,8.));
#1148 = CARTESIAN_POINT('',(-5.460811433388,-7.214265670873,8.));
#1149 = CARTESIAN_POINT('',(-5.430352150956,-7.184377608387,8.));
#1150 = CARTESIAN_POINT('',(-5.407413016904,-7.160388090763,8.));
#1151 = CARTESIAN_POINT('',(-5.391596235465,-7.142729411485,8.));
#1152 = CARTESIAN_POINT('',(-5.382409099972,-7.131867626903,8.));
#1153 = CARTESIAN_POINT('',(-5.378492031847,-7.126906530469,8.));
#1154 = CARTESIAN_POINT('',(-5.377523629456,-7.125657521267,8.));
#1155 = ORIENTED_EDGE('',*,*,#1156,.T.);
#1156 = EDGE_CURVE('',#1130,#1157,#1159,.T.);
#1157 = VERTEX_POINT('',#1158);
#1158 = CARTESIAN_POINT('',(-4.969662023032,-6.585207618354,8.));
#1159 = B_SPLINE_CURVE_WITH_KNOTS('',1,(#1160,#1161),.UNSPECIFIED.,.F.,
  .F.,(2,2),(0.,0.677079897466),.PIECEWISE_BEZIER_KNOTS.);
#1160 = CARTESIAN_POINT('',(-5.377523629456,-7.125657521267,8.));
#1161 = CARTESIAN_POINT('',(-4.969662023032,-6.585207618354,8.));
#1162 = ORIENTED_EDGE('',*,*,#1163,.T.);
#1163 = EDGE_CURVE('',#1157,#1164,#1166,.T.);
#1164 = VERTEX_POINT('',#1165);
#1165 = CARTESIAN_POINT('',(-4.034266990651,-7.196331693866,8.));
#1166 = B_SPLINE_CURVE_WITH_KNOTS('',1,(#1167,#1168),.UNSPECIFIED.,.F.,
  .F.,(2,2),(0.,1.117334552529),.PIECEWISE_BEZIER_KNOTS.);
#1167 = CARTESIAN_POINT('',(-4.969662023032,-6.585207618354,8.));
#1168 = CARTESIAN_POINT('',(-4.034266990651,-7.196331693866,8.));
#1169 = ORIENTED_EDGE('',*,*,#1170,.T.);
#1170 = EDGE_CURVE('',#1164,#1171,#1173,.T.);
#1171 = VERTEX_POINT('',#1172);
#1172 = CARTESIAN_POINT('',(-4.365360454939,-7.78693672725,8.));
#1173 = B_SPLINE_CURVE_WITH_KNOTS('',1,(#1174,#1175),.UNSPECIFIED.,.F.,
  .F.,(2,2),(0.,0.677079897466),.PIECEWISE_BEZIER_KNOTS.);
#1174 = CARTESIAN_POINT('',(-4.034266990651,-7.196331693866,8.));
#1175 = CARTESIAN_POINT('',(-4.365360454939,-7.78693672725,8.));
#1176 = ORIENTED_EDGE('',*,*,#1177,.T.);
#1177 = EDGE_CURVE('',#1171,#1178,#1180,.T.);
#1178 = VERTEX_POINT('',#1179);
#1179 = CARTESIAN_POINT('',(-4.530764138122,-9.472179069502,8.));
#1180 = B_SPLINE_CURVE_WITH_KNOTS('',3,(#1181,#1182,#1183,#1184,#1185,
    #1186,#1187,#1188,#1189,#1190,#1191,#1192,#1193,#1194,#1195,#1196,
    #1197,#1198,#1199,#1200,#1201,#1202),.UNSPECIFIED.,.F.,.F.,(4,1,1,1,
    1,1,1,1,1,1,1,1,1,1,1,1,1,1,1,4),(0.,4.740834082121E-03,
    1.896314982603E-02,4.266698453205E-02,7.585234352884E-02,
    0.118519228593,0.170667640531,0.232297579778,0.303409046595,
    0.384002041151,0.474076563562,0.573632613909,0.682670192253,
    0.801189298642,0.929189933111,1.066672095688,1.213635786397,
    1.370081005257,1.536007752283,1.711416027488),.UNSPECIFIED.);
#1181 = CARTESIAN_POINT('',(-4.365360454939,-7.78693672725,8.));
#1182 = CARTESIAN_POINT('',(-4.366115261442,-7.788325285611,8.));
#1183 = CARTESIAN_POINT('',(-4.369085032883,-7.793905281857,8.));
#1184 = CARTESIAN_POINT('',(-4.37534153519,-7.80668174466,8.));
#1185 = CARTESIAN_POINT('',(-4.38515935392,-7.828259741887,8.));
#1186 = CARTESIAN_POINT('',(-4.397913769086,-7.858903268458,8.));
#1187 = CARTESIAN_POINT('',(-4.413049105104,-7.89880296481,8.));
#1188 = CARTESIAN_POINT('',(-4.429960962903,-7.94814277177,8.));
#1189 = CARTESIAN_POINT('',(-4.448051382411,-8.007069100443,8.));
#1190 = CARTESIAN_POINT('',(-4.466709165931,-8.075702269125,8.));
#1191 = CARTESIAN_POINT('',(-4.485318839622,-8.154131847973,8.));
#1192 = CARTESIAN_POINT('',(-4.503259313196,-8.242417872782,8.));
#1193 = CARTESIAN_POINT('',(-4.519906065375,-8.340590128668,8.));
#1194 = CARTESIAN_POINT('',(-4.534632169825,-8.44864814538,8.));
#1195 = CARTESIAN_POINT('',(-4.546809695987,-8.566561037948,8.));
#1196 = CARTESIAN_POINT('',(-4.55581101868,-8.694267454784,8.));
#1197 = CARTESIAN_POINT('',(-4.56101006563,-8.831675615132,8.));
#1198 = CARTESIAN_POINT('',(-4.561783972253,-8.978663172719,8.));
#1199 = CARTESIAN_POINT('',(-4.557513010477,-9.135078096521,8.));
#1200 = CARTESIAN_POINT('',(-4.54758759355,-9.300735648435,8.));
#1201 = CARTESIAN_POINT('',(-4.53707871462,-9.414051907717,8.));
#1202 = CARTESIAN_POINT('',(-4.530764138122,-9.472179069502,8.));
#1203 = ORIENTED_EDGE('',*,*,#1204,.T.);
#1204 = EDGE_CURVE('',#1178,#1205,#1207,.T.);
#1205 = VERTEX_POINT('',#1206);
#1206 = CARTESIAN_POINT('',(-3.900305571477,-9.748723836949,8.));
#1207 = B_SPLINE_CURVE_WITH_KNOTS('',1,(#1208,#1209),.UNSPECIFIED.,.F.,
  .F.,(2,2),(0.,0.68844390669),.PIECEWISE_BEZIER_KNOTS.);
#1208 = CARTESIAN_POINT('',(-4.530764138122,-9.472179069502,8.));
#1209 = CARTESIAN_POINT('',(-3.900305571477,-9.748723836949,8.));
#1210 = ORIENTED_EDGE('',*,*,#1211,.T.);
#1211 = EDGE_CURVE('',#1205,#1212,#1214,.T.);
#1212 = VERTEX_POINT('',#1213);
#1213 = CARTESIAN_POINT('',(-2.772457351503,-8.485648810188,8.));
#1214 = B_SPLINE_CURVE_WITH_KNOTS('',3,(#1215,#1216,#1217,#1218,#1219,
    #1220,#1221,#1222,#1223,#1224,#1225,#1226,#1227,#1228,#1229,#1230,
    #1231,#1232,#1233,#1234,#1235,#1236),.UNSPECIFIED.,.F.,.F.,(4,1,1,1,
    1,1,1,1,1,1,1,1,1,1,1,1,1,1,1,4),(0.,0.175408275205,0.341335022231,
    0.497780241091,0.6447439318,0.782226094377,0.910226728846,
    1.028745835234,1.137783413579,1.237339463926,1.327413986336,
    1.408006980892,1.479118447709,1.540748386957,1.592896798895,
    1.635563683959,1.668749042956,1.692452877662,1.706675193405,
    1.711416027488),.UNSPECIFIED.);
#1215 = CARTESIAN_POINT('',(-3.900305571477,-9.748723836949,8.));
#1216 = CARTESIAN_POINT('',(-3.853263282398,-9.714001166377,8.));
#1217 = CARTESIAN_POINT('',(-3.762776330938,-9.644985785703,8.));
#1218 = CARTESIAN_POINT('',(-3.634175807036,-9.540091345148,8.));
#1219 = CARTESIAN_POINT('',(-3.516204963905,-9.43729664843,8.));
#1220 = CARTESIAN_POINT('',(-3.408586855911,-9.337175302811,8.));
#1221 = CARTESIAN_POINT('',(-3.31101360551,-9.240286224862,8.));
#1222 = CARTESIAN_POINT('',(-3.223153371078,-9.147170533827,8.));
#1223 = CARTESIAN_POINT('',(-3.144649650696,-9.058351007464,8.));
#1224 = CARTESIAN_POINT('',(-3.075122503227,-8.974330956923,8.));
#1225 = CARTESIAN_POINT('',(-3.014169365686,-8.895593283553,8.));
#1226 = CARTESIAN_POINT('',(-2.961365978393,-8.822599550541,8.));
#1227 = CARTESIAN_POINT('',(-2.916267450976,-8.755789060213,8.));
#1228 = CARTESIAN_POINT('',(-2.878408960657,-8.695578102406,8.));
#1229 = CARTESIAN_POINT('',(-2.84730775944,-8.642358831727,8.));
#1230 = CARTESIAN_POINT('',(-2.82246137334,-8.596499431568,8.));
#1231 = CARTESIAN_POINT('',(-2.803357096871,-8.558340673911,8.));
#1232 = CARTESIAN_POINT('',(-2.789450252014,-8.52820264987,8.));
#1233 = CARTESIAN_POINT('',(-2.780224231209,-8.506365066006,8.));
#1234 = CARTESIAN_POINT('',(-2.775061695746,-8.493108744855,8.));
#1235 = CARTESIAN_POINT('',(-2.772967730556,-8.487144584368,8.));
#1236 = CARTESIAN_POINT('',(-2.772457351503,-8.485648810188,8.));
#1237 = ORIENTED_EDGE('',*,*,#1238,.T.);
#1238 = EDGE_CURVE('',#1212,#1239,#1241,.T.);
#1239 = VERTEX_POINT('',#1240);
#1240 = CARTESIAN_POINT('',(-2.562178608527,-7.842049526623,8.));
#1241 = B_SPLINE_CURVE_WITH_KNOTS('',1,(#1242,#1243),.UNSPECIFIED.,.F.,
  .F.,(2,2),(0.,0.677079897466),.PIECEWISE_BEZIER_KNOTS.);
#1242 = CARTESIAN_POINT('',(-2.772457351503,-8.485648810188,8.));
#1243 = CARTESIAN_POINT('',(-2.562178608527,-7.842049526623,8.));
#1244 = ORIENTED_EDGE('',*,*,#1245,.T.);
#1245 = EDGE_CURVE('',#1239,#1246,#1248,.T.);
#1246 = VERTEX_POINT('',#1247);
#1247 = CARTESIAN_POINT('',(-1.479034196162,-8.11633894355,8.));
#1248 = B_SPLINE_CURVE_WITH_KNOTS('',1,(#1249,#1250),.UNSPECIFIED.,.F.,
  .F.,(2,2),(0.,1.117334552529),.PIECEWISE_BEZIER_KNOTS.);
#1249 = CARTESIAN_POINT('',(-2.562178608527,-7.842049526623,8.));
#1250 = CARTESIAN_POINT('',(-1.479034196162,-8.11633894355,8.));
#1251 = ORIENTED_EDGE('',*,*,#1252,.T.);
#1252 = EDGE_CURVE('',#1246,#1253,#1255,.T.);
#1253 = VERTEX_POINT('',#1254);
#1254 = CARTESIAN_POINT('',(-1.600418962451,-8.782449239271,8.));
#1255 = B_SPLINE_CURVE_WITH_KNOTS('',1,(#1256,#1257),.UNSPECIFIED.,.F.,
  .F.,(2,2),(0.,0.677079897466),.PIECEWISE_BEZIER_KNOTS.);
#1256 = CARTESIAN_POINT('',(-1.479034196162,-8.11633894355,8.));
#1257 = CARTESIAN_POINT('',(-1.600418962451,-8.782449239271,8.));
#1258 = ORIENTED_EDGE('',*,*,#1259,.T.);
#1259 = EDGE_CURVE('',#1253,#1260,#1262,.T.);
#1260 = VERTEX_POINT('',#1261);
#1261 = CARTESIAN_POINT('',(-1.209663323836,-10.43008699115,8.));
#1262 = B_SPLINE_CURVE_WITH_KNOTS('',3,(#1263,#1264,#1265,#1266,#1267,
    #1268,#1269,#1270,#1271,#1272,#1273,#1274,#1275,#1276,#1277,#1278,
    #1279,#1280,#1281,#1282,#1283,#1284),.UNSPECIFIED.,.F.,.F.,(4,1,1,1,
    1,1,1,1,1,1,1,1,1,1,1,1,1,1,1,4),(0.,4.740834082121E-03,
    1.896314982603E-02,4.266698453205E-02,7.585234352884E-02,
    0.118519228593,0.170667640531,0.232297579778,0.303409046595,
    0.384002041151,0.474076563562,0.573632613909,0.682670192253,
    0.801189298642,0.929189933111,1.066672095688,1.213635786397,
    1.370081005257,1.536007752283,1.711416027488),.UNSPECIFIED.);
#1263 = CARTESIAN_POINT('',(-1.600418962451,-8.782449239271,8.));
#1264 = CARTESIAN_POINT('',(-1.600682007293,-8.78400764698,8.));
#1265 = CARTESIAN_POINT('',(-1.601679046507,-8.790249586849,8.));
#1266 = CARTESIAN_POINT('',(-1.603448043571,-8.804365268634,8.));
#1267 = CARTESIAN_POINT('',(-1.605727541555,-8.827961950983,8.));
#1268 = CARTESIAN_POINT('',(-1.607840950515,-8.861086478595,8.));
#1269 = CARTESIAN_POINT('',(-1.609200802053,-8.903738734915,8.));
#1270 = CARTESIAN_POINT('',(-1.609175719617,-8.955896446291,8.));
#1271 = CARTESIAN_POINT('',(-1.607152602655,-9.017503933552,8.));
#1272 = CARTESIAN_POINT('',(-1.60251430256,-9.088476540249,8.));
#1273 = CARTESIAN_POINT('',(-1.594649610178,-9.168699139352,8.));
#1274 = CARTESIAN_POINT('',(-1.582951594014,-9.258026846064,8.));
#1275 = CARTESIAN_POINT('',(-1.566819899867,-9.356285049935,8.));
#1276 = CARTESIAN_POINT('',(-1.545661722689,-9.463269743543,8.));
#1277 = CARTESIAN_POINT('',(-1.518893183265,-9.578747826634,8.));
#1278 = CARTESIAN_POINT('',(-1.485940583706,-9.702457482254,8.));
#1279 = CARTESIAN_POINT('',(-1.446241575222,-9.834108617246,8.));
#1280 = CARTESIAN_POINT('',(-1.399246767521,-9.973383270598,8.));
#1281 = CARTESIAN_POINT('',(-1.344419375501,-10.11993642336,8.));
#1282 = CARTESIAN_POINT('',(-1.281242825864,-10.27339541457,8.));
#1283 = CARTESIAN_POINT('',(-1.23450961774,-10.37715965896,8.));
#1284 = CARTESIAN_POINT('',(-1.209663323836,-10.43008699115,8.));
#1285 = ORIENTED_EDGE('',*,*,#1286,.T.);
#1286 = EDGE_CURVE('',#1260,#1287,#1289,.T.);
#1287 = VERTEX_POINT('',#1288);
#1288 = CARTESIAN_POINT('',(-0.523570802123,-10.48693823835,8.));
#1289 = B_SPLINE_CURVE_WITH_KNOTS('',1,(#1290,#1291),.UNSPECIFIED.,.F.,
  .F.,(2,2),(0.,0.68844390669),.PIECEWISE_BEZIER_KNOTS.);
#1290 = CARTESIAN_POINT('',(-1.209663323836,-10.43008699115,8.));
#1291 = CARTESIAN_POINT('',(-0.523570802123,-10.48693823835,8.));
#1292 = ORIENTED_EDGE('',*,*,#1293,.T.);
#1293 = EDGE_CURVE('',#1287,#1294,#1296,.T.);
#1294 = VERTEX_POINT('',#1295);
#1295 = CARTESIAN_POINT('',(0.133047699595,-8.926088382118,8.));
#1296 = B_SPLINE_CURVE_WITH_KNOTS('',3,(#1297,#1298,#1299,#1300,#1301,
    #1302,#1303,#1304,#1305,#1306,#1307,#1308,#1309,#1310,#1311,#1312,
    #1313,#1314,#1315,#1316,#1317,#1318),.UNSPECIFIED.,.F.,.F.,(4,1,1,1,
    1,1,1,1,1,1,1,1,1,1,1,1,1,1,1,4),(0.,0.175408275205,0.341335022231,
    0.497780241091,0.6447439318,0.782226094377,0.910226728846,
    1.028745835234,1.137783413579,1.237339463926,1.327413986336,
    1.408006980892,1.479118447709,1.540748386957,1.592896798895,
    1.635563683959,1.668749042956,1.692452877662,1.706675193405,
    1.711416027488),.UNSPECIFIED.);
#1297 = CARTESIAN_POINT('',(-0.523570802123,-10.48693823835,8.));
#1298 = CARTESIAN_POINT('',(-0.490351826727,-10.43882233156,8.));
#1299 = CARTESIAN_POINT('',(-0.42717696536,-10.34416532946,8.));
#1300 = CARTESIAN_POINT('',(-0.339603541732,-10.20319783718,8.));
#1301 = CARTESIAN_POINT('',(-0.261402067743,-10.06766777052,8.));
#1302 = CARTESIAN_POINT('',(-0.192124353461,-9.938027733032,8.));
#1303 = CARTESIAN_POINT('',(-0.131297723085,-9.814706389962,8.));
#1304 = CARTESIAN_POINT('',(-7.843261395253E-02,-9.698107792424,8.));
#1305 = CARTESIAN_POINT('',(-3.302209474318E-02,-9.588610636651,8.));
#1306 = CARTESIAN_POINT('',(5.456614286135E-03,-9.486567596323,8.));
#1307 = CARTESIAN_POINT('',(3.754106195905E-02,-9.392304695872,8.));
#1308 = CARTESIAN_POINT('',(6.378238971644E-02,-9.306120732827,8.));
#1309 = CARTESIAN_POINT('',(8.47440237759E-02,-9.228286751234,8.));
#1310 = CARTESIAN_POINT('',(0.101000770624,-9.15904555749,8.));
#1311 = CARTESIAN_POINT('',(0.113136554032,-9.098611310163,8.));
#1312 = CARTESIAN_POINT('',(0.12174617151,-9.047169090421,8.));
#1313 = CARTESIAN_POINT('',(0.127425197227,-9.004874731078,8.));
#1314 = CARTESIAN_POINT('',(0.130792730462,-8.971854123166,8.));
#1315 = CARTESIAN_POINT('',(0.132428208122,-8.948204075772,8.));
#1316 = CARTESIAN_POINT('',(0.133006702732,-8.933989746141,8.));
#1317 = CARTESIAN_POINT('',(0.133050651369,-8.927668830935,8.));
#1318 = CARTESIAN_POINT('',(0.133047699595,-8.926088382118,8.));
#1319 = ORIENTED_EDGE('',*,*,#1320,.T.);
#1320 = EDGE_CURVE('',#1294,#1321,#1323,.T.);
#1321 = VERTEX_POINT('',#1322);
#1322 = CARTESIAN_POINT('',(0.12295661451,-8.249083686747,8.));
#1323 = B_SPLINE_CURVE_WITH_KNOTS('',1,(#1324,#1325),.UNSPECIFIED.,.F.,
  .F.,(2,2),(0.,0.677079897466),.PIECEWISE_BEZIER_KNOTS.);
#1324 = CARTESIAN_POINT('',(0.133047699595,-8.926088382118,8.));
#1325 = CARTESIAN_POINT('',(0.12295661451,-8.249083686747,8.));
#1326 = ORIENTED_EDGE('',*,*,#1327,.T.);
#1327 = EDGE_CURVE('',#1321,#1328,#1330,.T.);
#1328 = VERTEX_POINT('',#1329);
#1329 = CARTESIAN_POINT('',(1.236474903061,-8.156814930725,8.));
#1330 = B_SPLINE_CURVE_WITH_KNOTS('',1,(#1331,#1332),.UNSPECIFIED.,.F.,
  .F.,(2,2),(0.,1.117334552529),.PIECEWISE_BEZIER_KNOTS.);
#1331 = CARTESIAN_POINT('',(0.12295661451,-8.249083686747,8.));
#1332 = CARTESIAN_POINT('',(1.236474903061,-8.156814930725,8.));
#1333 = ORIENTED_EDGE('',*,*,#1334,.T.);
#1334 = EDGE_CURVE('',#1328,#1335,#1337,.T.);
#1335 = VERTEX_POINT('',#1336);
#1336 = CARTESIAN_POINT('',(1.337952757677,-8.826247102476,8.));
#1337 = B_SPLINE_CURVE_WITH_KNOTS('',1,(#1338,#1339),.UNSPECIFIED.,.F.,
  .F.,(2,2),(0.,0.677079897466),.PIECEWISE_BEZIER_KNOTS.);
#1338 = CARTESIAN_POINT('',(1.236474903061,-8.156814930725,8.));
#1339 = CARTESIAN_POINT('',(1.337952757677,-8.826247102476,8.));
#1340 = ORIENTED_EDGE('',*,*,#1341,.T.);
#1341 = EDGE_CURVE('',#1335,#1342,#1344,.T.);
#1342 = VERTEX_POINT('',#1343);
#1343 = CARTESIAN_POINT('',(2.242523281448,-10.25773314783,8.));
#1344 = B_SPLINE_CURVE_WITH_KNOTS('',3,(#1345,#1346,#1347,#1348,#1349,
    #1350,#1351,#1352,#1353,#1354,#1355,#1356,#1357,#1358,#1359,#1360,
    #1361,#1362,#1363,#1364,#1365,#1366),.UNSPECIFIED.,.F.,.F.,(4,1,1,1,
    1,1,1,1,1,1,1,1,1,1,1,1,1,1,1,4),(0.,4.740834082121E-03,
    1.896314982603E-02,4.266698453205E-02,7.585234352884E-02,
    0.118519228593,0.170667640531,0.232297579778,0.303409046595,
    0.384002041151,0.474076563562,0.573632613909,0.682670192253,
    0.801189298642,0.929189933111,1.066672095688,1.213635786397,
    1.370081005257,1.536007752283,1.711416027488),.UNSPECIFIED.);
#1345 = CARTESIAN_POINT('',(1.337952757677,-8.826247102476,8.));
#1346 = CARTESIAN_POINT('',(1.338209979487,-8.827806481878,8.));
#1347 = CARTESIAN_POINT('',(1.33929371717,-8.834033954331,8.));
#1348 = CARTESIAN_POINT('',(1.342203923629,-8.847959201949,8.));
#1349 = CARTESIAN_POINT('',(1.347709765367,-8.871017502747,8.));
#1350 = CARTESIAN_POINT('',(1.356466383267,-8.903033474853,8.));
#1351 = CARTESIAN_POINT('',(1.369029377224,-8.943816257351,8.));
#1352 = CARTESIAN_POINT('',(1.385988681823,-8.993139775804,8.));
#1353 = CARTESIAN_POINT('',(1.40790609914,-9.05075229447,8.));
#1354 = CARTESIAN_POINT('',(1.435337851065,-9.116373355993,8.));
#1355 = CARTESIAN_POINT('',(1.468824648068,-9.189695611957,8.));
#1356 = CARTESIAN_POINT('',(1.508893492404,-9.270384957488,8.));
#1357 = CARTESIAN_POINT('',(1.556055513508,-9.35808130832,8.));
#1358 = CARTESIAN_POINT('',(1.610805155513,-9.452399227234,8.));
#1359 = CARTESIAN_POINT('',(1.67361897392,-9.552928658717,8.));
#1360 = CARTESIAN_POINT('',(1.744954570257,-9.659235692382,8.));
#1361 = CARTESIAN_POINT('',(1.825249630612,-9.770863358765,8.));
#1362 = CARTESIAN_POINT('',(1.914920536023,-9.88733253812,8.));
#1363 = CARTESIAN_POINT('',(2.014362959627,-10.00814261174,8.));
#1364 = CARTESIAN_POINT('',(2.123944482536,-10.13277337939,8.));
#1365 = CARTESIAN_POINT('',(2.201837751613,-10.21574114293,8.));
#1366 = CARTESIAN_POINT('',(2.242523281448,-10.25773314783,8.));
#1367 = ORIENTED_EDGE('',*,*,#1368,.T.);
#1368 = EDGE_CURVE('',#1342,#1369,#1371,.T.);
#1369 = VERTEX_POINT('',#1370);
#1370 = CARTESIAN_POINT('',(2.909900987678,-10.08873016003,8.));
#1371 = B_SPLINE_CURVE_WITH_KNOTS('',1,(#1372,#1373),.UNSPECIFIED.,.F.,
  .F.,(2,2),(0.,0.68844390669),.PIECEWISE_BEZIER_KNOTS.);
#1372 = CARTESIAN_POINT('',(2.242523281448,-10.25773314783,8.));
#1373 = CARTESIAN_POINT('',(2.909900987678,-10.08873016003,8.));
#1374 = ORIENTED_EDGE('',*,*,#1375,.T.);
#1375 = EDGE_CURVE('',#1369,#1376,#1378,.T.);
#1376 = VERTEX_POINT('',#1377);
#1377 = CARTESIAN_POINT('',(3.024134967993,-8.399247775313,8.));
#1378 = B_SPLINE_CURVE_WITH_KNOTS('',3,(#1379,#1380,#1381,#1382,#1383,
    #1384,#1385,#1386,#1387,#1388,#1389,#1390,#1391,#1392,#1393,#1394,
    #1395,#1396,#1397,#1398,#1399,#1400),.UNSPECIFIED.,.F.,.F.,(4,1,1,1,
    1,1,1,1,1,1,1,1,1,1,1,1,1,1,1,4),(0.,0.175408275205,0.341335022231,
    0.497780241091,0.6447439318,0.782226094377,0.910226728846,
    1.028745835234,1.137783413579,1.237339463926,1.327413986336,
    1.408006980892,1.479118447709,1.540748386957,1.592896798895,
    1.635563683959,1.668749042956,1.692452877662,1.706675193405,
    1.711416027488),.UNSPECIFIED.);
#1379 = CARTESIAN_POINT('',(2.909900987678,-10.08873016003,8.));
#1380 = CARTESIAN_POINT('',(2.925696857961,-10.0324351221,8.));
#1381 = CARTESIAN_POINT('',(2.954713652749,-9.922394053521,8.));
#1382 = CARTESIAN_POINT('',(2.99177003681,-9.760629524629,8.));
#1383 = CARTESIAN_POINT('',(3.021727798531,-9.60705087372,8.));
#1384 = CARTESIAN_POINT('',(3.045157803803,-9.461940653991,8.));
#1385 = CARTESIAN_POINT('',(3.062646304931,-9.325550826849,8.));
#1386 = CARTESIAN_POINT('',(3.074787533902,-9.198104590065,8.));
#1387 = CARTESIAN_POINT('',(3.082183917566,-9.079795520734,8.));
#1388 = CARTESIAN_POINT('',(3.085444422974,-8.970787437399,8.));
#1389 = CARTESIAN_POINT('',(3.085183333031,-8.87121415777,8.));
#1390 = CARTESIAN_POINT('',(3.082018946214,-8.78117933437,8.));
#1391 = CARTESIAN_POINT('',(3.076572168613,-8.700756381136,8.));
#1392 = CARTESIAN_POINT('',(3.06946550122,-8.629988309185,8.));
#1393 = CARTESIAN_POINT('',(3.06132076638,-8.568888073643,8.));
#1394 = CARTESIAN_POINT('',(3.05276062959,-8.517437597035,8.));
#1395 = CARTESIAN_POINT('',(3.044398994,-8.475590886105,8.));
#1396 = CARTESIAN_POINT('',(3.036862291134,-8.443265989556,8.));
#1397 = CARTESIAN_POINT('',(3.030729996268,-8.420366328236,8.));
#1398 = CARTESIAN_POINT('',(3.026661761158,-8.406734333299,8.));
#1399 = CARTESIAN_POINT('',(3.024650930724,-8.400741632615,8.));
#1400 = CARTESIAN_POINT('',(3.024134967993,-8.399247775313,8.));
#1401 = ORIENTED_EDGE('',*,*,#1402,.T.);
#1402 = EDGE_CURVE('',#1376,#1403,#1405,.T.);
#1403 = VERTEX_POINT('',#1404);
#1404 = CARTESIAN_POINT('',(2.794767580497,-7.76220163169,8.));
#1405 = B_SPLINE_CURVE_WITH_KNOTS('',1,(#1406,#1407),.UNSPECIFIED.,.F.,
  .F.,(2,2),(0.,0.677079897466),.PIECEWISE_BEZIER_KNOTS.);
#1406 = CARTESIAN_POINT('',(3.024134967993,-8.399247775313,8.));
#1407 = CARTESIAN_POINT('',(2.794767580497,-7.76220163169,8.));
#1408 = ORIENTED_EDGE('',*,*,#1409,.T.);
#1409 = EDGE_CURVE('',#1403,#1410,#1412,.T.);
#1410 = VERTEX_POINT('',#1411);
#1411 = CARTESIAN_POINT('',(3.817992760653,-7.313373454132,8.));
#1412 = B_SPLINE_CURVE_WITH_KNOTS('',1,(#1413,#1414),.UNSPECIFIED.,.F.,
  .F.,(2,2),(0.,1.117334552529),.PIECEWISE_BEZIER_KNOTS.);
#1413 = CARTESIAN_POINT('',(2.794767580497,-7.76220163169,8.));
#1414 = CARTESIAN_POINT('',(3.817992760653,-7.313373454132,8.));
#1415 = ORIENTED_EDGE('',*,*,#1416,.T.);
#1416 = EDGE_CURVE('',#1410,#1417,#1419,.T.);
#1417 = VERTEX_POINT('',#1418);
#1418 = CARTESIAN_POINT('',(4.131336536036,-7.913584138793,8.));
#1419 = B_SPLINE_CURVE_WITH_KNOTS('',1,(#1420,#1421),.UNSPECIFIED.,.F.,
  .F.,(2,2),(0.,0.677079897466),.PIECEWISE_BEZIER_KNOTS.);
#1420 = CARTESIAN_POINT('',(3.817992760653,-7.313373454132,8.));
#1421 = CARTESIAN_POINT('',(4.131336536036,-7.913584138793,8.));
#1422 = ORIENTED_EDGE('',*,*,#1423,.T.);
#1423 = EDGE_CURVE('',#1417,#1424,#1426,.T.);
#1424 = VERTEX_POINT('',#1425);
#1425 = CARTESIAN_POINT('',(5.451697692854,-8.97379475282,8.));
#1426 = B_SPLINE_CURVE_WITH_KNOTS('',3,(#1427,#1428,#1429,#1430,#1431,
    #1432,#1433,#1434,#1435,#1436,#1437,#1438,#1439,#1440,#1441,#1442,
    #1443,#1444,#1445,#1446,#1447,#1448),.UNSPECIFIED.,.F.,.F.,(4,1,1,1,
    1,1,1,1,1,1,1,1,1,1,1,1,1,1,1,4),(0.,4.740834082121E-03,
    1.896314982603E-02,4.266698453205E-02,7.585234352884E-02,
    0.118519228593,0.170667640531,0.232297579778,0.303409046595,
    0.384002041151,0.474076563562,0.573632613909,0.682670192253,
    0.801189298642,0.929189933111,1.066672095688,1.213635786397,
    1.370081005257,1.536007752283,1.711416027488),.UNSPECIFIED.);
#1427 = CARTESIAN_POINT('',(4.131336536036,-7.913584138793,8.));
#1428 = CARTESIAN_POINT('',(4.132086150522,-7.914975506933,8.));
#1429 = CARTESIAN_POINT('',(4.135133225308,-7.920513668701,8.));
#1430 = CARTESIAN_POINT('',(4.142407269265,-7.932739465501,8.));
#1431 = CARTESIAN_POINT('',(4.15510180734,-7.95276066007,8.));
#1432 = CARTESIAN_POINT('',(4.173779536678,-7.980198649313,8.));
#1433 = CARTESIAN_POINT('',(4.198903980799,-8.014692510694,8.));
#1434 = CARTESIAN_POINT('',(4.230959703757,-8.055836867668,8.));
#1435 = CARTESIAN_POINT('',(4.270396329179,-8.10321120739,8.));
#1436 = CARTESIAN_POINT('',(4.317648876966,-8.156369663508,8.));
#1437 = CARTESIAN_POINT('',(4.373128964533,-8.214845972187,8.));
#1438 = CARTESIAN_POINT('',(4.437226556025,-8.278153013924,8.));
#1439 = CARTESIAN_POINT('',(4.510308167305,-8.345784251356,8.));
#1440 = CARTESIAN_POINT('',(4.592716300898,-8.417214585569,8.));
#1441 = CARTESIAN_POINT('',(4.684768546406,-8.491901441668,8.));
#1442 = CARTESIAN_POINT('',(4.786756820773,-8.569285836756,8.));
#1443 = CARTESIAN_POINT('',(4.898946717303,-8.648793444795,8.));
#1444 = CARTESIAN_POINT('',(5.021576486435,-8.729835907366,8.));
#1445 = CARTESIAN_POINT('',(5.154857812018,-8.811811255814,8.));
#1446 = CARTESIAN_POINT('',(5.298969449858,-8.894108122378,8.));
#1447 = CARTESIAN_POINT('',(5.399581835546,-8.947288560513,8.));
#1448 = CARTESIAN_POINT('',(5.451697692854,-8.97379475282,8.));
#1449 = ORIENTED_EDGE('',*,*,#1450,.T.);
#1450 = EDGE_CURVE('',#1424,#1451,#1453,.T.);
#1451 = VERTEX_POINT('',#1452);
#1452 = CARTESIAN_POINT('',(6.028039853699,-8.597251626085,8.));
#1453 = B_SPLINE_CURVE_WITH_KNOTS('',1,(#1454,#1455),.UNSPECIFIED.,.F.,
  .F.,(2,2),(0.,0.68844390669),.PIECEWISE_BEZIER_KNOTS.);
#1454 = CARTESIAN_POINT('',(5.451697692854,-8.97379475282,8.));
#1455 = CARTESIAN_POINT('',(6.028039853699,-8.597251626085,8.));
#1456 = ORIENTED_EDGE('',*,*,#1457,.T.);
#1457 = EDGE_CURVE('',#1451,#1458,#1460,.T.);
#1458 = VERTEX_POINT('',#1459);
#1459 = CARTESIAN_POINT('',(5.58751028832,-6.962218344296,8.));
#1460 = B_SPLINE_CURVE_WITH_KNOTS('',3,(#1461,#1462,#1463,#1464,#1465,
    #1466,#1467,#1468,#1469,#1470,#1471,#1472,#1473,#1474,#1475,#1476,
    #1477,#1478,#1479,#1480,#1481,#1482),.UNSPECIFIED.,.F.,.F.,(4,1,1,1,
    1,1,1,1,1,1,1,1,1,1,1,1,1,1,1,4),(0.,0.175408275205,0.341335022231,
    0.497780241091,0.6447439318,0.782226094377,0.910226728846,
    1.028745835234,1.137783413579,1.237339463926,1.327413986336,
    1.408006980892,1.479118447709,1.540748386957,1.592896798895,
    1.635563683959,1.668749042956,1.692452877662,1.706675193405,
    1.711416027488),.UNSPECIFIED.);
#1461 = CARTESIAN_POINT('',(6.028039853699,-8.597251626085,8.));
#1462 = CARTESIAN_POINT('',(6.024700891226,-8.538877897892,8.));
#1463 = CARTESIAN_POINT('',(6.016415199476,-8.425377420068,8.));
#1464 = CARTESIAN_POINT('',(5.998938909769,-8.260345551311,8.));
#1465 = CARTESIAN_POINT('',(5.977406570896,-8.105360945995,8.));
#1466 = CARTESIAN_POINT('',(5.952449862533,-7.960505487953,8.));
#1467 = CARTESIAN_POINT('',(5.924705083953,-7.825827130817,8.));
#1468 = CARTESIAN_POINT('',(5.894806742214,-7.701344032074,8.));
#1469 = CARTESIAN_POINT('',(5.863387477396,-7.587043672602,8.));
#1470 = CARTESIAN_POINT('',(5.831076452829,-7.482883263523,8.));
#1471 = CARTESIAN_POINT('',(5.798498118417,-7.388789914604,8.));
#1472 = CARTESIAN_POINT('',(5.766270927439,-7.304660900998,8.));
#1473 = CARTESIAN_POINT('',(5.735005981044,-7.230364050997,8.));
#1474 = CARTESIAN_POINT('',(5.705306017094,-7.165737919514,8.));
#1475 = CARTESIAN_POINT('',(5.677763372404,-7.110592854346,8.));
#1476 = CARTESIAN_POINT('',(5.652961104992,-7.064709578348,8.));
#1477 = CARTESIAN_POINT('',(5.631464921056,-7.027845256279,8.));
#1478 = CARTESIAN_POINT('',(5.613840700788,-6.999718975208,8.));
#1479 = CARTESIAN_POINT('',(5.600605162697,-6.98005123359,8.));
#1480 = CARTESIAN_POINT('',(5.592331054266,-6.968478811521,8.));
#1481 = CARTESIAN_POINT('',(5.58848334944,-6.963463727464,8.));
#1482 = CARTESIAN_POINT('',(5.58751028832,-6.962218344296,8.));
#1483 = ORIENTED_EDGE('',*,*,#1484,.T.);
#1484 = EDGE_CURVE('',#1458,#1485,#1487,.T.);
#1485 = VERTEX_POINT('',#1486);
#1486 = CARTESIAN_POINT('',(5.163722113849,-6.434164586871,8.));
#1487 = B_SPLINE_CURVE_WITH_KNOTS('',1,(#1488,#1489),.UNSPECIFIED.,.F.,
  .F.,(2,2),(0.,0.677079897466),.PIECEWISE_BEZIER_KNOTS.);
#1488 = CARTESIAN_POINT('',(5.58751028832,-6.962218344296,8.));
#1489 = CARTESIAN_POINT('',(5.163722113849,-6.434164586871,8.));
#1490 = ORIENTED_EDGE('',*,*,#1491,.T.);
#1491 = EDGE_CURVE('',#1485,#1492,#1494,.T.);
#1492 = VERTEX_POINT('',#1493);
#1493 = CARTESIAN_POINT('',(5.985771860366,-5.677414485103,8.));
#1494 = B_SPLINE_CURVE_WITH_KNOTS('',1,(#1495,#1496),.UNSPECIFIED.,.F.,
  .F.,(2,2),(0.,1.117334552529),.PIECEWISE_BEZIER_KNOTS.);
#1495 = CARTESIAN_POINT('',(5.163722113849,-6.434164586871,8.));
#1496 = CARTESIAN_POINT('',(5.985771860366,-5.677414485103,8.));
#1497 = ORIENTED_EDGE('',*,*,#1498,.T.);
#1498 = EDGE_CURVE('',#1492,#1499,#1501,.T.);
#1499 = VERTEX_POINT('',#1500);
#1500 = CARTESIAN_POINT('',(6.477025896423,-6.143361541763,8.));
#1501 = B_SPLINE_CURVE_WITH_KNOTS('',1,(#1502,#1503),.UNSPECIFIED.,.F.,
  .F.,(2,2),(0.,0.677079897466),.PIECEWISE_BEZIER_KNOTS.);
#1502 = CARTESIAN_POINT('',(5.985771860366,-5.677414485103,8.));
#1503 = CARTESIAN_POINT('',(6.477025896423,-6.143361541763,8.));
#1504 = ORIENTED_EDGE('',*,*,#1505,.T.);
#1505 = EDGE_CURVE('',#1499,#1506,#1508,.T.);
#1506 = VERTEX_POINT('',#1507);
#1507 = CARTESIAN_POINT('',(8.070096067433,-6.717406453566,8.));
#1508 = B_SPLINE_CURVE_WITH_KNOTS('',3,(#1509,#1510,#1511,#1512,#1513,
    #1514,#1515,#1516,#1517,#1518,#1519,#1520,#1521,#1522,#1523,#1524,
    #1525,#1526,#1527,#1528,#1529,#1530),.UNSPECIFIED.,.F.,.F.,(4,1,1,1,
    1,1,1,1,1,1,1,1,1,1,1,1,1,1,1,4),(0.,4.740834082121E-03,
    1.896314982603E-02,4.266698453205E-02,7.585234352884E-02,
    0.118519228593,0.170667640531,0.232297579778,0.303409046595,
    0.384002041151,0.474076563562,0.573632613909,0.682670192253,
    0.801189298642,0.929189933111,1.066672095688,1.213635786397,
    1.370081005257,1.536007752283,1.711416027488),.UNSPECIFIED.);
#1509 = CARTESIAN_POINT('',(6.477025896423,-6.143361541763,8.));
#1510 = CARTESIAN_POINT('',(6.478186671225,-6.144434122312,8.));
#1511 = CARTESIAN_POINT('',(6.482866885281,-6.148682827635,8.));
#1512 = CARTESIAN_POINT('',(6.493716511204,-6.15788431883,8.));
#1513 = CARTESIAN_POINT('',(6.51222409544,-6.172698800078,8.));
#1514 = CARTESIAN_POINT('',(6.538798914427,-6.19258547458,8.));
#1515 = CARTESIAN_POINT('',(6.573762185346,-6.217052469737,8.));
#1516 = CARTESIAN_POINT('',(6.617440591685,-6.245559035732,8.));
#1517 = CARTESIAN_POINT('',(6.670122854926,-6.277561451713,8.));
#1518 = CARTESIAN_POINT('',(6.732075651822,-6.312496758867,8.));
#1519 = CARTESIAN_POINT('',(6.803536901603,-6.349790304862,8.));
#1520 = CARTESIAN_POINT('',(6.884717271636,-6.388854742523,8.));
#1521 = CARTESIAN_POINT('',(6.975798946532,-6.429091972573,8.));
#1522 = CARTESIAN_POINT('',(7.076935371745,-6.469894137016,8.));
#1523 = CARTESIAN_POINT('',(7.188250755216,-6.510644937987,8.));
#1524 = CARTESIAN_POINT('',(7.309839695573,-6.550720894548,8.));
#1525 = CARTESIAN_POINT('',(7.441766912184,-6.589492561224,8.));
#1526 = CARTESIAN_POINT('',(7.584066706754,-6.626326098688,8.));
#1527 = CARTESIAN_POINT('',(7.736743834616,-6.660583420972,8.));
#1528 = CARTESIAN_POINT('',(7.899768855306,-6.691628243994,8.));
#1529 = CARTESIAN_POINT('',(8.012197444453,-6.709258431075,8.));
#1530 = CARTESIAN_POINT('',(8.070096067433,-6.717406453566,8.));
#1531 = ORIENTED_EDGE('',*,*,#1532,.T.);
#1532 = EDGE_CURVE('',#1506,#1533,#1535,.T.);
#1533 = VERTEX_POINT('',#1534);
#1534 = CARTESIAN_POINT('',(8.492947066896,-6.174127478349,8.));
#1535 = B_SPLINE_CURVE_WITH_KNOTS('',1,(#1536,#1537),.UNSPECIFIED.,.F.,
  .F.,(2,2),(0.,0.68844390669),.PIECEWISE_BEZIER_KNOTS.);
#1536 = CARTESIAN_POINT('',(8.070096067433,-6.717406453566,8.));
#1537 = CARTESIAN_POINT('',(8.492947066896,-6.174127478349,8.));
#1538 = ORIENTED_EDGE('',*,*,#1539,.T.);
#1539 = EDGE_CURVE('',#1533,#1540,#1542,.T.);
#1540 = VERTEX_POINT('',#1541);
#1541 = CARTESIAN_POINT('',(7.545392169753,-4.770724525727,8.));
#1542 = B_SPLINE_CURVE_WITH_KNOTS('',3,(#1543,#1544,#1545,#1546,#1547,
    #1548,#1549,#1550,#1551,#1552,#1553,#1554,#1555,#1556,#1557,#1558,
    #1559,#1560,#1561,#1562,#1563,#1564),.UNSPECIFIED.,.F.,.F.,(4,1,1,1,
    1,1,1,1,1,1,1,1,1,1,1,1,1,1,1,4),(0.,0.175408275205,0.341335022231,
    0.497780241091,0.6447439318,0.782226094377,0.910226728846,
    1.028745835234,1.137783413579,1.237339463926,1.327413986336,
    1.408006980892,1.479118447709,1.540748386957,1.592896798895,
    1.635563683959,1.668749042956,1.692452877662,1.706675193405,
    1.711416027488),.UNSPECIFIED.);
#1543 = CARTESIAN_POINT('',(8.492947066896,-6.174127478349,8.));
#1544 = CARTESIAN_POINT('',(8.47083510006,-6.120000759105,8.));
#1545 = CARTESIAN_POINT('',(8.426144805039,-6.015340409951,8.));
#1546 = CARTESIAN_POINT('',(8.356029668726,-5.864924965042,8.));
#1547 = CARTESIAN_POINT('',(8.285340592285,-5.725329392139,8.));
#1548 = CARTESIAN_POINT('',(8.214701616882,-5.596426032326,8.));
#1549 = CARTESIAN_POINT('',(8.144730135858,-5.478053634941,8.));
#1550 = CARTESIAN_POINT('',(8.076032172656,-5.370023349543,8.));
#1551 = CARTESIAN_POINT('',(8.009202024219,-5.272117917431,8.));
#1552 = CARTESIAN_POINT('',(7.944820870547,-5.184092579148,8.));
#1553 = CARTESIAN_POINT('',(7.883455659704,-5.105675635301,8.));
#1554 = CARTESIAN_POINT('',(7.825657980763,-5.036569115511,8.));
#1555 = CARTESIAN_POINT('',(7.771962907643,-4.976449585275,8.));
#1556 = CARTESIAN_POINT('',(7.722888099072,-4.924968638383,8.));
#1557 = CARTESIAN_POINT('',(7.678932217453,-4.881754567064,8.));
#1558 = CARTESIAN_POINT('',(7.640575529939,-4.846410656584,8.));
#1559 = CARTESIAN_POINT('',(7.608274242733,-4.818523544681,8.));
#1560 = CARTESIAN_POINT('',(7.582472362798,-4.797643798065,8.));
#1561 = CARTESIAN_POINT('',(7.563567857404,-4.783339281131,8.));
#1562 = CARTESIAN_POINT('',(7.551984503688,-4.775080483425,8.));
#1563 = CARTESIAN_POINT('',(7.546716882991,-4.77158647817,8.));
#1564 = CARTESIAN_POINT('',(7.545392169753,-4.770724525727,8.));
#1565 = ORIENTED_EDGE('',*,*,#1566,.T.);
#1566 = EDGE_CURVE('',#1540,#1567,#1569,.T.);
#1567 = VERTEX_POINT('',#1568);
#1568 = CARTESIAN_POINT('',(6.973107232762,-4.408885972715,8.));
#1569 = B_SPLINE_CURVE_WITH_KNOTS('',1,(#1570,#1571),.UNSPECIFIED.,.F.,
  .F.,(2,2),(0.,0.677079897466),.PIECEWISE_BEZIER_KNOTS.);
#1570 = CARTESIAN_POINT('',(7.545392169753,-4.770724525727,8.));
#1571 = CARTESIAN_POINT('',(6.973107232762,-4.408885972715,8.));
#1572 = ORIENTED_EDGE('',*,*,#1573,.T.);
#1573 = EDGE_CURVE('',#1567,#1574,#1576,.T.);
#1574 = VERTEX_POINT('',#1575);
#1575 = CARTESIAN_POINT('',(7.504899700188,-3.42621956245,8.));
#1576 = B_SPLINE_CURVE_WITH_KNOTS('',1,(#1577,#1578),.UNSPECIFIED.,.F.,
  .F.,(2,2),(0.,1.117334552529),.PIECEWISE_BEZIER_KNOTS.);
#1577 = CARTESIAN_POINT('',(6.973107232762,-4.408885972715,8.));
#1578 = CARTESIAN_POINT('',(7.504899700188,-3.42621956245,8.));
#1579 = ORIENTED_EDGE('',*,*,#1580,.T.);
#1580 = EDGE_CURVE('',#1574,#1581,#1583,.T.);
#1581 = VERTEX_POINT('',#1582);
#1582 = CARTESIAN_POINT('',(8.120828999521,-3.707410397606,8.));
#1583 = B_SPLINE_CURVE_WITH_KNOTS('',1,(#1584,#1585),.UNSPECIFIED.,.F.,
  .F.,(2,2),(0.,0.677079897466),.PIECEWISE_BEZIER_KNOTS.);
#1584 = CARTESIAN_POINT('',(7.504899700188,-3.42621956245,8.));
#1585 = CARTESIAN_POINT('',(8.120828999521,-3.707410397606,8.));
#1586 = ORIENTED_EDGE('',*,*,#1587,.T.);
#1587 = EDGE_CURVE('',#1581,#1588,#1590,.T.);
#1588 = VERTEX_POINT('',#1589);
#1589 = CARTESIAN_POINT('',(9.813974312663,-3.733082933767,8.));
#1590 = B_SPLINE_CURVE_WITH_KNOTS('',3,(#1591,#1592,#1593,#1594,#1595,
    #1596,#1597,#1598,#1599,#1600,#1601,#1602,#1603,#1604,#1605,#1606,
    #1607,#1608,#1609,#1610,#1611,#1612),.UNSPECIFIED.,.F.,.F.,(4,1,1,1,
    1,1,1,1,1,1,1,1,1,1,1,1,1,1,1,4),(0.,4.740834082121E-03,
    1.896314982603E-02,4.266698453205E-02,7.585234352884E-02,
    0.118519228593,0.170667640531,0.232297579778,0.303409046595,
    0.384002041151,0.474076563562,0.573632613909,0.682670192253,
    0.801189298642,0.929189933111,1.066672095688,1.213635786397,
    1.370081005257,1.536007752283,1.711416027488),.UNSPECIFIED.);
#1591 = CARTESIAN_POINT('',(8.120828999521,-3.707410397606,8.));
#1592 = CARTESIAN_POINT('',(8.122275146678,-3.708047959821,8.));
#1593 = CARTESIAN_POINT('',(8.12808132619,-3.71054679555,8.));
#1594 = CARTESIAN_POINT('',(8.14133080876,-3.715726856794,8.));
#1595 = CARTESIAN_POINT('',(8.163645855231,-3.723729245807,8.));
#1596 = CARTESIAN_POINT('',(8.195237969879,-3.733909575812,8.));
#1597 = CARTESIAN_POINT('',(8.236251254682,-3.745698326175,8.));
#1598 = CARTESIAN_POINT('',(8.286819111334,-3.75847797244,8.));
#1599 = CARTESIAN_POINT('',(8.347038071722,-3.771640506341,8.));
#1600 = CARTESIAN_POINT('',(8.416977570887,-3.784566881924,8.));
#1601 = CARTESIAN_POINT('',(8.496676047632,-3.796636330857,8.));
#1602 = CARTESIAN_POINT('',(8.586142043471,-3.807224926475,8.));
#1603 = CARTESIAN_POINT('',(8.68535366923,-3.815707820921,8.));
#1604 = CARTESIAN_POINT('',(8.794258685097,-3.821460267966,8.));
#1605 = CARTESIAN_POINT('',(8.912774457496,-3.82385903221,8.));
#1606 = CARTESIAN_POINT('',(9.040788015509,-3.822283698508,8.));
#1607 = CARTESIAN_POINT('',(9.178156191218,-3.816117912133,8.));
#1608 = CARTESIAN_POINT('',(9.324705620477,-3.804751039174,8.));
#1609 = CARTESIAN_POINT('',(9.480233614785,-3.787578022868,8.));
#1610 = CARTESIAN_POINT('',(9.644505727738,-3.764006614063,8.));
#1611 = CARTESIAN_POINT('',(9.7565671382,-3.744176045759,8.));
#1612 = CARTESIAN_POINT('',(9.813974312663,-3.733082933767,8.));
#1613 = ORIENTED_EDGE('',*,*,#1614,.T.);
#1614 = EDGE_CURVE('',#1588,#1615,#1617,.T.);
#1615 = VERTEX_POINT('',#1616);
#1616 = CARTESIAN_POINT('',(10.037511683743,-3.081940816876,8.));
#1617 = B_SPLINE_CURVE_WITH_KNOTS('',1,(#1618,#1619),.UNSPECIFIED.,.F.,
  .F.,(2,2),(0.,0.68844390669),.PIECEWISE_BEZIER_KNOTS.);
#1618 = CARTESIAN_POINT('',(9.813974312663,-3.733082933767,8.));
#1619 = CARTESIAN_POINT('',(10.037511683743,-3.081940816876,8.));
#1620 = ORIENTED_EDGE('',*,*,#1621,.T.);
#1621 = EDGE_CURVE('',#1615,#1622,#1624,.T.);
#1622 = VERTEX_POINT('',#1623);
#1623 = CARTESIAN_POINT('',(8.685613730771,-2.062248679376,8.));
#1624 = B_SPLINE_CURVE_WITH_KNOTS('',3,(#1625,#1626,#1627,#1628,#1629,
    #1630,#1631,#1632,#1633,#1634,#1635,#1636,#1637,#1638,#1639,#1640,
    #1641,#1642,#1643,#1644,#1645,#1646),.UNSPECIFIED.,.F.,.F.,(4,1,1,1,
    1,1,1,1,1,1,1,1,1,1,1,1,1,1,1,4),(0.,0.175408275205,0.341335022231,
    0.497780241091,0.6447439318,0.782226094377,0.910226728846,
    1.028745835234,1.137783413579,1.237339463926,1.327413986336,
    1.408006980892,1.479118447709,1.540748386957,1.592896798895,
    1.635563683959,1.668749042956,1.692452877662,1.706675193405,
    1.711416027488),.UNSPECIFIED.);
#1625 = CARTESIAN_POINT('',(10.037511683743,-3.081940816876,8.));
#1626 = CARTESIAN_POINT('',(9.999022887253,-3.037926576473,8.));
#1627 = CARTESIAN_POINT('',(9.922770875869,-2.953447928792,8.));
#1628 = CARTESIAN_POINT('',(9.807614955918,-2.833948755124,8.));
#1629 = CARTESIAN_POINT('',(9.695429400195,-2.724869561005,8.));
#1630 = CARTESIAN_POINT('',(9.586762986813,-2.6258869786,8.));
#1631 = CARTESIAN_POINT('',(9.482147299034,-2.53664802696,8.));
#1632 = CARTESIAN_POINT('',(9.38209420464,-2.456777312591,8.));
#1633 = CARTESIAN_POINT('',(9.287095256144,-2.385876380568,8.));
#1634 = CARTESIAN_POINT('',(9.197620670343,-2.323525024337,8.));
#1635 = CARTESIAN_POINT('',(9.114118455844,-2.269282178194,8.));
#1636 = CARTESIAN_POINT('',(9.037013564277,-2.222686915936,8.));
#1637 = CARTESIAN_POINT('',(8.966707058769,-2.183259589416,8.));
#1638 = CARTESIAN_POINT('',(8.903575422559,-2.150502586522,8.));
#1639 = CARTESIAN_POINT('',(8.847969605831,-2.123902424214,8.));
#1640 = CARTESIAN_POINT('',(8.800215040473,-2.102927940369,8.));
#1641 = CARTESIAN_POINT('',(8.760608995672,-2.087040039921,8.));
#1642 = CARTESIAN_POINT('',(8.729425490118,-2.075669472289,8.));
#1643 = CARTESIAN_POINT('',(8.706900613915,-2.068278296405,8.));
#1644 = CARTESIAN_POINT('',(8.693263251022,-2.064228091942,8.));
#1645 = CARTESIAN_POINT('',(8.687146542892,-2.062633795173,8.));
#1646 = CARTESIAN_POINT('',(8.685613730771,-2.062248679376,8.));
#1647 = ORIENTED_EDGE('',*,*,#1648,.T.);
#1648 = EDGE_CURVE('',#1622,#1649,#1651,.T.);
#1649 = VERTEX_POINT('',#1650);
#1650 = CARTESIAN_POINT('',(8.026847984098,-1.905836152501,8.));
#1651 = B_SPLINE_CURVE_WITH_KNOTS('',1,(#1652,#1653),.UNSPECIFIED.,.F.,
  .F.,(2,2),(0.,0.677079897466),.PIECEWISE_BEZIER_KNOTS.);
#1652 = CARTESIAN_POINT('',(8.685613730771,-2.062248679376,8.));
#1653 = CARTESIAN_POINT('',(8.026847984098,-1.905836152501,8.));
#1654 = ORIENTED_EDGE('',*,*,#1655,.T.);
#1655 = EDGE_CURVE('',#1649,#1656,#1658,.T.);
#1656 = VERTEX_POINT('',#1657);
#1657 = CARTESIAN_POINT('',(8.210755206978,-0.803740586932,8.));
#1658 = B_SPLINE_CURVE_WITH_KNOTS('',1,(#1659,#1660),.UNSPECIFIED.,.F.,
  .F.,(2,2),(0.,1.117334552529),.PIECEWISE_BEZIER_KNOTS.);
#1659 = CARTESIAN_POINT('',(8.026847984098,-1.905836152501,8.));
#1660 = CARTESIAN_POINT('',(8.210755206978,-0.803740586932,8.));
#1661 = ORIENTED_EDGE('',*,*,#1662,.T.);
#1662 = EDGE_CURVE('',#1656,#1663,#1665,.T.);
#1663 = VERTEX_POINT('',#1664);
#1664 = CARTESIAN_POINT('',(8.884614272876,-0.86970381047,8.));
#1665 = B_SPLINE_CURVE_WITH_KNOTS('',1,(#1666,#1667),.UNSPECIFIED.,.F.,
  .F.,(2,2),(0.,0.677079897466),.PIECEWISE_BEZIER_KNOTS.);
#1666 = CARTESIAN_POINT('',(8.210755206978,-0.803740586932,8.));
#1667 = CARTESIAN_POINT('',(8.884614272876,-0.86970381047,8.));
#1668 = ORIENTED_EDGE('',*,*,#1669,.T.);
#1669 = EDGE_CURVE('',#1663,#133,#1670,.T.);
#1670 = B_SPLINE_CURVE_WITH_KNOTS('',3,(#1671,#1672,#1673,#1674,#1675,
    #1676,#1677,#1678,#1679,#1680,#1681,#1682,#1683,#1684,#1685,#1686,
    #1687,#1688,#1689,#1690,#1691,#1692),.UNSPECIFIED.,.F.,.F.,(4,1,1,1,
    1,1,1,1,1,1,1,1,1,1,1,1,1,1,1,4),(0.,4.740834082121E-03,
    1.896314982603E-02,4.266698453205E-02,7.585234352884E-02,
    0.118519228593,0.170667640531,0.232297579778,0.303409046595,
    0.384002041151,0.474076563562,0.573632613909,0.682670192253,
    0.801189298642,0.929189933111,1.066672095688,1.213635786397,
    1.370081005257,1.536007752283,1.711416027488),.UNSPECIFIED.);
#1671 = CARTESIAN_POINT('',(8.884614272876,-0.86970381047,8.));
#1672 = CARTESIAN_POINT('',(8.886189079904,-0.869837264591,8.));
#1673 = CARTESIAN_POINT('',(8.89249203523,-0.870315443102,8.));
#1674 = CARTESIAN_POINT('',(8.906705587425,-0.870912734381,8.));
#1675 = CARTESIAN_POINT('',(8.930409914591,-0.871235848141,8.));
#1676 = CARTESIAN_POINT('',(8.963595829076,-0.870606636928,8.));
#1677 = CARTESIAN_POINT('',(9.006214701966,-0.868439648474,8.));
#1678 = CARTESIAN_POINT('',(9.058192197023,-0.864107502041,8.));
#1679 = CARTESIAN_POINT('',(9.119422195806,-0.857003789075,8.));
#1680 = CARTESIAN_POINT('',(9.189769367282,-0.846520459718,8.));
#1681 = CARTESIAN_POINT('',(9.269068504388,-0.832057899522,8.));
#1682 = CARTESIAN_POINT('',(9.357125097175,-0.813023214461,8.));
#1683 = CARTESIAN_POINT('',(9.453715554719,-0.788832520065,8.));
#1684 = CARTESIAN_POINT('',(9.558587612936,-0.758911882816,8.));
#1685 = CARTESIAN_POINT('',(9.671460751361,-0.722698667007,8.));
#1686 = CARTESIAN_POINT('',(9.792026671684,-0.679642754893,8.));
#1687 = CARTESIAN_POINT('',(9.919949833168,-0.629207674092,8.));
#1688 = CARTESIAN_POINT('',(10.054867992506,-0.57087216777,8.));
#1689 = CARTESIAN_POINT('',(10.19639298181,-0.504129775658,8.));
#1690 = CARTESIAN_POINT('',(10.344110754644,-0.428496462918,8.));
#1691 = CARTESIAN_POINT('',(10.443661393787,-0.373354089008,8.));
#1692 = CARTESIAN_POINT('',(10.494356161615,-0.344221953345,8.));
#1693 = FACE_BOUND('',#1694,.T.);
#1694 = EDGE_LOOP('',(#1695));
#1695 = ORIENTED_EDGE('',*,*,#31,.F.);
#1696 = PLANE('',#1697);
#1697 = AXIS2_PLACEMENT_3D('',#1698,#1699,#1700);
#1698 = CARTESIAN_POINT('',(9.4E-16,4.4E-15,8.));
#1699 = DIRECTION('',(0.,0.,1.));
#1700 = DIRECTION('',(1.,0.,0.));
#1701 = ADVANCED_FACE('',(#1702),#1819,.F.);
#1702 = FACE_BOUND('',#1703,.F.);
#1703 = EDGE_LOOP('',(#1704,#1811,#1817,#1818));
#1704 = ORIENTED_EDGE('',*,*,#1705,.F.);
#1705 = EDGE_CURVE('',#1706,#1706,#1708,.T.);
#1706 = VERTEX_POINT('',#1707);
#1707 = CARTESIAN_POINT('',(1.7,1.833030277982,13.));
#1708 = B_SPLINE_CURVE_WITH_KNOTS('',6,(#1709,#1710,#1711,#1712,#1713,
    #1714,#1715,#1716,#1717,#1718,#1719,#1720,#1721,#1722,#1723,#1724,
    #1725,#1726,#1727,#1728,#1729,#1730,#1731,#1732,#1733,#1734,#1735,
    #1736,#1737,#1738,#1739,#1740,#1741,#1742,#1743,#1744,#1745,#1746,
    #1747,#1748,#1749,#1750,#1751,#1752,#1753,#1754,#1755,#1756,#1757,
    #1758,#1759,#1760,#1761,#1762,#1763,#1764,#1765,#1766,#1767,#1768,
    #1769,#1770,#1771,#1772,#1773,#1774,#1775,#1776,#1777,#1778,#1779,
    #1780,#1781,#1782,#1783,#1784,#1785,#1786,#1787,#1788,#1789,#1790,
    #1791,#1792,#1793,#1794,#1795,#1796,#1797,#1798,#1799,#1800,#1801,
    #1802,#1803,#1804,#1805,#1806,#1807,#1808,#1809,#1810),
  .UNSPECIFIED.,.T.,.F.,(7,5,5,5,5,5,5,5,5,5,5,5,5,5,5,5,5,5,5,5,7),(0.,
    5.006682869686E-02,0.105839919147,0.165936617097,0.213903970562,
    0.276428536149,0.309644838519,0.335589057725,0.395221507257,
    0.451114565102,0.50078697808,0.550696443262,0.606294235021,
    0.666202044882,0.714018633628,0.776346680169,0.809458581398,
    0.835321260493,0.894766293935,0.950483694468,1.),.UNSPECIFIED.);
#1709 = CARTESIAN_POINT('',(1.7,1.833030277982,13.));
#1710 = CARTESIAN_POINT('',(1.7,1.833030277982,13.083804333458));
#1711 = CARTESIAN_POINT('',(1.695042517147,1.837627956175,
    13.167446837083));
#1712 = CARTESIAN_POINT('',(1.685163143108,1.846790438464,
    13.250564207457));
#1713 = CARTESIAN_POINT('',(1.670433499571,1.860263833511,
    13.332774704003));
#1714 = CARTESIAN_POINT('',(1.650973869791,1.877572273275,
    13.413638956013));
#1715 = CARTESIAN_POINT('',(1.600413845964,1.920913058067,
    13.580627812653));
#1716 = CARTESIAN_POINT('',(1.568206537018,1.947743094003,
    13.666410639697));
#1717 = CARTESIAN_POINT('',(1.530597847068,1.977857044856,
    13.749866838078));
#1718 = CARTESIAN_POINT('',(1.487673534356,2.010515256646,
    13.830824914723));
#1719 = CARTESIAN_POINT('',(1.43948913732,2.044991634336,13.909056010758
    ));
#1720 = CARTESIAN_POINT('',(1.328514055141,2.118922760138,
    14.065332370184));
#1721 = CARTESIAN_POINT('',(1.264813904779,2.158600331926,
    14.142986828961));
#1722 = CARTESIAN_POINT('',(1.194872934135,2.198802848789,
    14.217025341836));
#1723 = CARTESIAN_POINT('',(1.118496220114,2.238737472659,
    14.287084379051));
#1724 = CARTESIAN_POINT('',(1.035455085464,2.277556817872,
    14.352603594651));
#1725 = CARTESIAN_POINT('',(0.873789734396,2.343608451554,
    14.460803765666));
#1726 = CARTESIAN_POINT('',(0.797512531987,2.371657344228,
    14.505521826965));
#1727 = CARTESIAN_POINT('',(0.716818331672,2.397836690177,
    14.546336509561));
#1728 = CARTESIAN_POINT('',(0.631866003565,2.421539207997,14.58265124583
    ));
#1729 = CARTESIAN_POINT('',(0.542876644208,2.442165782077,
    14.613856872568));
#1730 = CARTESIAN_POINT('',(0.329253259521,2.481268801177,
    14.672515181754));
#1731 = CARTESIAN_POINT('',(0.201756671464,2.497237132733,
    14.696020926948));
#1732 = CARTESIAN_POINT('',(7.031358614923E-02,2.505343433656,
    14.707794537104));
#1733 = CARTESIAN_POINT('',(-6.21611952303E-02,2.504769588472,
    14.707003289029));
#1734 = CARTESIAN_POINT('',(-0.192710069813,2.495788334709,
    14.693893240038));
#1735 = CARTESIAN_POINT('',(-0.385400015349,2.471034145065,
    14.657135667062));
#1736 = CARTESIAN_POINT('',(-0.450866861441,2.460425361676,
    14.641318705739));
#1737 = CARTESIAN_POINT('',(-0.514738185784,2.447959453507,
    14.622621980967));
#1738 = CARTESIAN_POINT('',(-0.576818599477,2.433830084574,
    14.601254551959));
#1739 = CARTESIAN_POINT('',(-0.636929620394,2.418256406406,
    14.577452690363));
#1740 = CARTESIAN_POINT('',(-0.74019912929,2.388373497954,14.53119812174
    ));
#1741 = CARTESIAN_POINT('',(-0.784222963283,2.374523646465,
    14.509575222069));
#1742 = CARTESIAN_POINT('',(-0.826970155372,2.360021656645,
    14.486706745315));
#1743 = CARTESIAN_POINT('',(-0.868432124966,2.344958103579,
    14.462680292208));
#1744 = CARTESIAN_POINT('',(-0.908604439057,2.329421256807,
    14.437578192048));
#1745 = CARTESIAN_POINT('',(-1.036857439922,2.276895568324,
    14.351485408625));
#1746 = CARTESIAN_POINT('',(-1.119428658722,2.23824057586,
    14.286207330284));
#1747 = CARTESIAN_POINT('',(-1.195398709377,2.198488741922,
    14.216436383416));
#1748 = CARTESIAN_POINT('',(-1.264993098797,2.158475382167,
    14.142723789758));
#1749 = CARTESIAN_POINT('',(-1.328403740428,2.118982528777,
    14.06542782001));
#1750 = CARTESIAN_POINT('',(-1.439457791627,2.04502529922,
    13.909155945558));
#1751 = CARTESIAN_POINT('',(-1.487899732002,2.010361807253,
    13.83050629113));
#1752 = CARTESIAN_POINT('',(-1.531025392996,1.977536528246,
    13.74910066081));
#1753 = CARTESIAN_POINT('',(-1.568777945027,1.94728762165,
    13.665172174379));
#1754 = CARTESIAN_POINT('',(-1.601070045462,1.92036688865,
    13.578895316688));
#1755 = CARTESIAN_POINT('',(-1.651432916006,1.877163858329,
    13.411725867632));
#1756 = CARTESIAN_POINT('',(-1.670711429486,1.860009607387,
    13.331219662289));
#1757 = CARTESIAN_POINT('',(-1.685303145472,1.846660594063,
    13.249384526246));
#1758 = CARTESIAN_POINT('',(-1.695089496699,1.837584386825,
    13.166654272521));
#1759 = CARTESIAN_POINT('',(-1.7,1.833030277982,13.083406292688));
#1760 = CARTESIAN_POINT('',(-1.7,1.833030277982,12.916195666542));
#1761 = CARTESIAN_POINT('',(-1.695042517147,1.837627956175,
    12.832553162917));
#1762 = CARTESIAN_POINT('',(-1.685163143108,1.846790438464,
    12.749435792543));
#1763 = CARTESIAN_POINT('',(-1.670433499571,1.860263833511,
    12.667225295996));
#1764 = CARTESIAN_POINT('',(-1.650973869791,1.877572273275,
    12.586361043987));
#1765 = CARTESIAN_POINT('',(-1.600413845964,1.920913058067,
    12.419372187347));
#1766 = CARTESIAN_POINT('',(-1.568206537018,1.947743094003,
    12.333589360303));
#1767 = CARTESIAN_POINT('',(-1.530597847068,1.977857044856,
    12.250133161922));
#1768 = CARTESIAN_POINT('',(-1.487673534356,2.010515256646,
    12.169175085277));
#1769 = CARTESIAN_POINT('',(-1.43948913732,2.044991634336,
    12.090943989242));
#1770 = CARTESIAN_POINT('',(-1.328514055141,2.118922760138,
    11.934667629816));
#1771 = CARTESIAN_POINT('',(-1.264813904779,2.158600331926,
    11.857013171039));
#1772 = CARTESIAN_POINT('',(-1.194872934135,2.198802848789,
    11.782974658164));
#1773 = CARTESIAN_POINT('',(-1.118496220114,2.238737472659,
    11.712915620949));
#1774 = CARTESIAN_POINT('',(-1.035455085464,2.277556817872,
    11.647396405349));
#1775 = CARTESIAN_POINT('',(-0.873789734396,2.343608451554,
    11.539196234334));
#1776 = CARTESIAN_POINT('',(-0.797512531987,2.371657344228,
    11.494478173035));
#1777 = CARTESIAN_POINT('',(-0.716818331672,2.397836690177,
    11.453663490439));
#1778 = CARTESIAN_POINT('',(-0.631866003566,2.421539207997,
    11.41734875417));
#1779 = CARTESIAN_POINT('',(-0.542876644207,2.442165782077,
    11.386143127432));
#1780 = CARTESIAN_POINT('',(-0.329253259521,2.481268801177,
    11.327484818246));
#1781 = CARTESIAN_POINT('',(-0.201756671464,2.497237132733,
    11.303979073052));
#1782 = CARTESIAN_POINT('',(-7.031358614921E-02,2.505343433656,
    11.292205462896));
#1783 = CARTESIAN_POINT('',(6.216119523025E-02,2.504769588472,
    11.292996710971));
#1784 = CARTESIAN_POINT('',(0.192710069813,2.495788334709,
    11.306106759962));
#1785 = CARTESIAN_POINT('',(0.385400015349,2.471034145065,
    11.342864332938));
#1786 = CARTESIAN_POINT('',(0.450866861441,2.460425361676,
    11.358681294261));
#1787 = CARTESIAN_POINT('',(0.514738185784,2.447959453507,
    11.377378019033));
#1788 = CARTESIAN_POINT('',(0.576818599477,2.433830084574,
    11.398745448041));
#1789 = CARTESIAN_POINT('',(0.636929620394,2.418256406406,
    11.422547309637));
#1790 = CARTESIAN_POINT('',(0.740199136941,2.38837349574,11.468801881687
    ));
#1791 = CARTESIAN_POINT('',(0.784222962112,2.3745236472,11.490424776673)
  );
#1792 = CARTESIAN_POINT('',(0.826970148491,2.36002165902,11.513293250895
    ));
#1793 = CARTESIAN_POINT('',(0.868432122369,2.344958104163,
    11.537319706944));
#1794 = CARTESIAN_POINT('',(0.908604444925,2.329421254404,
    11.562421811891));
#1795 = CARTESIAN_POINT('',(1.036857430631,2.276895572129,
    11.648514585138));
#1796 = CARTESIAN_POINT('',(1.119428672704,2.238240568906,
    11.713792682466));
#1797 = CARTESIAN_POINT('',(1.195398710791,2.198488742144,
    11.783563615234));
#1798 = CARTESIAN_POINT('',(1.264993085624,2.15847538918,11.857276196912
    ));
#1799 = CARTESIAN_POINT('',(1.328403747029,2.118982524382,
    11.934572189278));
#1800 = CARTESIAN_POINT('',(1.439457791628,2.04502529922,12.090844054442
    ));
#1801 = CARTESIAN_POINT('',(1.487899732003,2.010361807253,
    12.169493708871));
#1802 = CARTESIAN_POINT('',(1.531025392996,1.977536528246,12.25089933919
    ));
#1803 = CARTESIAN_POINT('',(1.568777945027,1.94728762165,12.334827825621
    ));
#1804 = CARTESIAN_POINT('',(1.601070045462,1.920366888649,
    12.421104683312));
#1805 = CARTESIAN_POINT('',(1.651432916006,1.877163858329,
    12.588274132367));
#1806 = CARTESIAN_POINT('',(1.670711429486,1.860009607387,
    12.668780337711));
#1807 = CARTESIAN_POINT('',(1.685303145472,1.846660594063,
    12.750615473755));
#1808 = CARTESIAN_POINT('',(1.695089496699,1.837584386825,
    12.833345727479));
#1809 = CARTESIAN_POINT('',(1.7,1.833030277982,12.916593707312));
#1810 = CARTESIAN_POINT('',(1.7,1.833030277982,13.));
#1811 = ORIENTED_EDGE('',*,*,#1812,.T.);
#1812 = EDGE_CURVE('',#1706,#49,#1813,.T.);
#1813 = LINE('',#1814,#1815);
#1814 = CARTESIAN_POINT('',(1.7,2.89E-15,13.));
#1815 = VECTOR('',#1816,1.);
#1816 = DIRECTION('',(0.,1.,-2.2E-16));
#1817 = ORIENTED_EDGE('',*,*,#48,.T.);
#1818 = ORIENTED_EDGE('',*,*,#1812,.F.);
#1819 = CYLINDRICAL_SURFACE('',#1820,1.7);
#1820 = AXIS2_PLACEMENT_3D('',#1821,#1822,#1823);
#1821 = CARTESIAN_POINT('',(0.,2.89E-15,13.));
#1822 = DIRECTION('',(0.,-1.,2.2E-16));
#1823 = DIRECTION('',(1.,0.,0.));
#1824 = ADVANCED_FACE('',(#1825,#1844),#1847,.F.);
#1825 = FACE_BOUND('',#1826,.F.);
#1826 = EDGE_LOOP('',(#1827,#1828,#1836,#1843));
#1827 = ORIENTED_EDGE('',*,*,#115,.F.);
#1828 = ORIENTED_EDGE('',*,*,#1829,.T.);
#1829 = EDGE_CURVE('',#116,#1830,#1832,.T.);
#1830 = VERTEX_POINT('',#1831);
#1831 = CARTESIAN_POINT('',(2.5,0.,0.));
#1832 = LINE('',#1833,#1834);
#1833 = CARTESIAN_POINT('',(2.5,0.,18.));
#1834 = VECTOR('',#1835,1.);
#1835 = DIRECTION('',(-0.,-0.,-1.));
#1836 = ORIENTED_EDGE('',*,*,#1837,.T.);
#1837 = EDGE_CURVE('',#1830,#1830,#1838,.T.);
#1838 = CIRCLE('',#1839,2.5);
#1839 = AXIS2_PLACEMENT_3D('',#1840,#1841,#1842);
#1840 = CARTESIAN_POINT('',(0.,0.,0.));
#1841 = DIRECTION('',(0.,0.,1.));
#1842 = DIRECTION('',(1.,0.,0.));
#1843 = ORIENTED_EDGE('',*,*,#1829,.F.);
#1844 = FACE_BOUND('',#1845,.F.);
#1845 = EDGE_LOOP('',(#1846));
#1846 = ORIENTED_EDGE('',*,*,#1705,.T.);
#1847 = CYLINDRICAL_SURFACE('',#1848,2.5);
#1848 = AXIS2_PLACEMENT_3D('',#1849,#1850,#1851);
#1849 = CARTESIAN_POINT('',(0.,0.,18.));
#1850 = DIRECTION('',(0.,0.,1.));
#1851 = DIRECTION('',(1.,0.,0.));
#1852 = ADVANCED_FACE('',(#1853),#1878,.F.);
#1853 = FACE_BOUND('',#1854,.F.);
#1854 = EDGE_LOOP('',(#1855,#1863,#1864,#1872));
#1855 = ORIENTED_EDGE('',*,*,#1856,.T.);
#1856 = EDGE_CURVE('',#1857,#133,#1859,.T.);
#1857 = VERTEX_POINT('',#1858);
#1858 = CARTESIAN_POINT('',(10.494356161615,-0.344221953345,0.));
#1859 = LINE('',#1860,#1861);
#1860 = CARTESIAN_POINT('',(10.494356161615,-0.344221953345,0.));
#1861 = VECTOR('',#1862,1.);
#1862 = DIRECTION('',(0.,0.,1.));
#1863 = ORIENTED_EDGE('',*,*,#132,.T.);
#1864 = ORIENTED_EDGE('',*,*,#1865,.F.);
#1865 = EDGE_CURVE('',#1866,#135,#1868,.T.);
#1866 = VERTEX_POINT('',#1867);
#1867 = CARTESIAN_POINT('',(10.494356161615,0.344221953345,0.));
#1868 = LINE('',#1869,#1870);
#1869 = CARTESIAN_POINT('',(10.494356161615,0.344221953345,0.));
#1870 = VECTOR('',#1871,1.);
#1871 = DIRECTION('',(0.,0.,1.));
#1872 = ORIENTED_EDGE('',*,*,#1873,.F.);
#1873 = EDGE_CURVE('',#1857,#1866,#1874,.T.);
#1874 = LINE('',#1875,#1876);
#1875 = CARTESIAN_POINT('',(10.494356161615,-0.344221953345,0.));
#1876 = VECTOR('',#1877,1.);
#1877 = DIRECTION('',(0.,1.,0.));
#1878 = PLANE('',#1879);
#1879 = AXIS2_PLACEMENT_3D('',#1880,#1881,#1882);
#1880 = CARTESIAN_POINT('',(10.494356161615,-0.344221953345,0.));
#1881 = DIRECTION('',(-1.,0.,0.));
#1882 = DIRECTION('',(0.,1.,0.));
#1883 = ADVANCED_FACE('',(#1884),#1921,.F.);
#1884 = FACE_BOUND('',#1885,.F.);
#1885 = EDGE_LOOP('',(#1886,#1894,#1895,#1896));
#1886 = ORIENTED_EDGE('',*,*,#1887,.T.);
#1887 = EDGE_CURVE('',#1888,#1663,#1890,.T.);
#1888 = VERTEX_POINT('',#1889);
#1889 = CARTESIAN_POINT('',(8.884614272876,-0.86970381047,0.));
#1890 = LINE('',#1891,#1892);
#1891 = CARTESIAN_POINT('',(8.884614272876,-0.86970381047,0.));
#1892 = VECTOR('',#1893,1.);
#1893 = DIRECTION('',(0.,0.,1.));
#1894 = ORIENTED_EDGE('',*,*,#1669,.T.);
#1895 = ORIENTED_EDGE('',*,*,#1856,.F.);
#1896 = ORIENTED_EDGE('',*,*,#1897,.F.);
#1897 = EDGE_CURVE('',#1888,#1857,#1898,.T.);
#1898 = B_SPLINE_CURVE_WITH_KNOTS('',3,(#1899,#1900,#1901,#1902,#1903,
    #1904,#1905,#1906,#1907,#1908,#1909,#1910,#1911,#1912,#1913,#1914,
    #1915,#1916,#1917,#1918,#1919,#1920),.UNSPECIFIED.,.F.,.F.,(4,1,1,1,
    1,1,1,1,1,1,1,1,1,1,1,1,1,1,1,4),(0.,4.740834082121E-03,
    1.896314982603E-02,4.266698453205E-02,7.585234352884E-02,
    0.118519228593,0.170667640531,0.232297579778,0.303409046595,
    0.384002041151,0.474076563562,0.573632613909,0.682670192253,
    0.801189298642,0.929189933111,1.066672095688,1.213635786397,
    1.370081005257,1.536007752283,1.711416027488),.UNSPECIFIED.);
#1899 = CARTESIAN_POINT('',(8.884614272876,-0.86970381047,0.));
#1900 = CARTESIAN_POINT('',(8.886189079904,-0.869837264591,0.));
#1901 = CARTESIAN_POINT('',(8.89249203523,-0.870315443102,0.));
#1902 = CARTESIAN_POINT('',(8.906705587425,-0.870912734381,0.));
#1903 = CARTESIAN_POINT('',(8.930409914591,-0.871235848141,0.));
#1904 = CARTESIAN_POINT('',(8.963595829076,-0.870606636928,0.));
#1905 = CARTESIAN_POINT('',(9.006214701966,-0.868439648474,0.));
#1906 = CARTESIAN_POINT('',(9.058192197023,-0.864107502041,0.));
#1907 = CARTESIAN_POINT('',(9.119422195806,-0.857003789075,0.));
#1908 = CARTESIAN_POINT('',(9.189769367282,-0.846520459718,0.));
#1909 = CARTESIAN_POINT('',(9.269068504388,-0.832057899522,0.));
#1910 = CARTESIAN_POINT('',(9.357125097175,-0.813023214461,0.));
#1911 = CARTESIAN_POINT('',(9.453715554719,-0.788832520065,0.));
#1912 = CARTESIAN_POINT('',(9.558587612936,-0.758911882816,0.));
#1913 = CARTESIAN_POINT('',(9.671460751361,-0.722698667007,0.));
#1914 = CARTESIAN_POINT('',(9.792026671684,-0.679642754893,0.));
#1915 = CARTESIAN_POINT('',(9.919949833168,-0.629207674092,0.));
#1916 = CARTESIAN_POINT('',(10.054867992506,-0.57087216777,0.));
#1917 = CARTESIAN_POINT('',(10.19639298181,-0.504129775658,0.));
#1918 = CARTESIAN_POINT('',(10.344110754644,-0.428496462918,0.));
#1919 = CARTESIAN_POINT('',(10.443661393787,-0.373354089008,0.));
#1920 = CARTESIAN_POINT('',(10.494356161615,-0.344221953345,0.));
#1921 = SURFACE_OF_LINEAR_EXTRUSION('',#1922,#1945);
#1922 = B_SPLINE_CURVE_WITH_KNOTS('',3,(#1923,#1924,#1925,#1926,#1927,
    #1928,#1929,#1930,#1931,#1932,#1933,#1934,#1935,#1936,#1937,#1938,
    #1939,#1940,#1941,#1942,#1943,#1944),.UNSPECIFIED.,.F.,.F.,(4,1,1,1,
    1,1,1,1,1,1,1,1,1,1,1,1,1,1,1,4),(0.,4.740834082121E-03,
    1.896314982603E-02,4.266698453205E-02,7.585234352884E-02,
    0.118519228593,0.170667640531,0.232297579778,0.303409046595,
    0.384002041151,0.474076563562,0.573632613909,0.682670192253,
    0.801189298642,0.929189933111,1.066672095688,1.213635786397,
    1.370081005257,1.536007752283,1.711416027488),.UNSPECIFIED.);
#1923 = CARTESIAN_POINT('',(8.884614272876,-0.86970381047,0.));
#1924 = CARTESIAN_POINT('',(8.886189079904,-0.869837264591,0.));
#1925 = CARTESIAN_POINT('',(8.89249203523,-0.870315443102,0.));
#1926 = CARTESIAN_POINT('',(8.906705587425,-0.870912734381,0.));
#1927 = CARTESIAN_POINT('',(8.930409914591,-0.871235848141,0.));
#1928 = CARTESIAN_POINT('',(8.963595829076,-0.870606636928,0.));
#1929 = CARTESIAN_POINT('',(9.006214701966,-0.868439648474,0.));
#1930 = CARTESIAN_POINT('',(9.058192197023,-0.864107502041,0.));
#1931 = CARTESIAN_POINT('',(9.119422195806,-0.857003789075,0.));
#1932 = CARTESIAN_POINT('',(9.189769367282,-0.846520459718,0.));
#1933 = CARTESIAN_POINT('',(9.269068504388,-0.832057899522,0.));
#1934 = CARTESIAN_POINT('',(9.357125097175,-0.813023214461,0.));
#1935 = CARTESIAN_POINT('',(9.453715554719,-0.788832520065,0.));
#1936 = CARTESIAN_POINT('',(9.558587612936,-0.758911882816,0.));
#1937 = CARTESIAN_POINT('',(9.671460751361,-0.722698667007,0.));
#1938 = CARTESIAN_POINT('',(9.792026671684,-0.679642754893,0.));
#1939 = CARTESIAN_POINT('',(9.919949833168,-0.629207674092,0.));
#1940 = CARTESIAN_POINT('',(10.054867992506,-0.57087216777,0.));
#1941 = CARTESIAN_POINT('',(10.19639298181,-0.504129775658,0.));
#1942 = CARTESIAN_POINT('',(10.344110754644,-0.428496462918,0.));
#1943 = CARTESIAN_POINT('',(10.443661393787,-0.373354089008,0.));
#1944 = CARTESIAN_POINT('',(10.494356161615,-0.344221953345,0.));
#1945 = VECTOR('',#1946,1.);
#1946 = DIRECTION('',(-0.,-0.,-1.));
#1947 = ADVANCED_FACE('',(#1948),#1985,.F.);
#1948 = FACE_BOUND('',#1949,.F.);
#1949 = EDGE_LOOP('',(#1950,#1951,#1952,#1960));
#1950 = ORIENTED_EDGE('',*,*,#1865,.T.);
#1951 = ORIENTED_EDGE('',*,*,#142,.T.);
#1952 = ORIENTED_EDGE('',*,*,#1953,.F.);
#1953 = EDGE_CURVE('',#1954,#143,#1956,.T.);
#1954 = VERTEX_POINT('',#1955);
#1955 = CARTESIAN_POINT('',(8.884614272876,0.86970381047,0.));
#1956 = LINE('',#1957,#1958);
#1957 = CARTESIAN_POINT('',(8.884614272876,0.86970381047,0.));
#1958 = VECTOR('',#1959,1.);
#1959 = DIRECTION('',(0.,0.,1.));
#1960 = ORIENTED_EDGE('',*,*,#1961,.F.);
#1961 = EDGE_CURVE('',#1866,#1954,#1962,.T.);
#1962 = B_SPLINE_CURVE_WITH_KNOTS('',3,(#1963,#1964,#1965,#1966,#1967,
    #1968,#1969,#1970,#1971,#1972,#1973,#1974,#1975,#1976,#1977,#1978,
    #1979,#1980,#1981,#1982,#1983,#1984),.UNSPECIFIED.,.F.,.F.,(4,1,1,1,
    1,1,1,1,1,1,1,1,1,1,1,1,1,1,1,4),(0.,0.175408275205,0.341335022231,
    0.497780241091,0.6447439318,0.782226094377,0.910226728846,
    1.028745835234,1.137783413579,1.237339463926,1.327413986336,
    1.408006980892,1.479118447709,1.540748386957,1.592896798895,
    1.635563683959,1.668749042956,1.692452877662,1.706675193405,
    1.711416027488),.UNSPECIFIED.);
#1963 = CARTESIAN_POINT('',(10.494356161615,0.344221953345,0.));
#1964 = CARTESIAN_POINT('',(10.443661393787,0.373354089008,0.));
#1965 = CARTESIAN_POINT('',(10.344110754644,0.428496462918,0.));
#1966 = CARTESIAN_POINT('',(10.19639298181,0.504129775658,0.));
#1967 = CARTESIAN_POINT('',(10.054867992506,0.57087216777,0.));
#1968 = CARTESIAN_POINT('',(9.919949833168,0.629207674092,0.));
#1969 = CARTESIAN_POINT('',(9.792026671684,0.679642754893,0.));
#1970 = CARTESIAN_POINT('',(9.671460751361,0.722698667007,0.));
#1971 = CARTESIAN_POINT('',(9.558587612936,0.758911882816,0.));
#1972 = CARTESIAN_POINT('',(9.453715554719,0.788832520065,0.));
#1973 = CARTESIAN_POINT('',(9.357125097175,0.813023214461,0.));
#1974 = CARTESIAN_POINT('',(9.269068504388,0.832057899522,0.));
#1975 = CARTESIAN_POINT('',(9.189769367282,0.846520459718,0.));
#1976 = CARTESIAN_POINT('',(9.119422195806,0.857003789075,0.));
#1977 = CARTESIAN_POINT('',(9.058192197023,0.864107502041,0.));
#1978 = CARTESIAN_POINT('',(9.006214701966,0.868439648474,0.));
#1979 = CARTESIAN_POINT('',(8.963595829076,0.870606636928,0.));
#1980 = CARTESIAN_POINT('',(8.930409914591,0.871235848141,0.));
#1981 = CARTESIAN_POINT('',(8.906705587425,0.870912734381,0.));
#1982 = CARTESIAN_POINT('',(8.89249203523,0.870315443102,0.));
#1983 = CARTESIAN_POINT('',(8.886189079904,0.869837264591,0.));
#1984 = CARTESIAN_POINT('',(8.884614272876,0.86970381047,0.));
#1985 = SURFACE_OF_LINEAR_EXTRUSION('',#1986,#2009);
#1986 = B_SPLINE_CURVE_WITH_KNOTS('',3,(#1987,#1988,#1989,#1990,#1991,
    #1992,#1993,#1994,#1995,#1996,#1997,#1998,#1999,#2000,#2001,#2002,
    #2003,#2004,#2005,#2006,#2007,#2008),.UNSPECIFIED.,.F.,.F.,(4,1,1,1,
    1,1,1,1,1,1,1,1,1,1,1,1,1,1,1,4),(0.,0.175408275205,0.341335022231,
    0.497780241091,0.6447439318,0.782226094377,0.910226728846,
    1.028745835234,1.137783413579,1.237339463926,1.327413986336,
    1.408006980892,1.479118447709,1.540748386957,1.592896798895,
    1.635563683959,1.668749042956,1.692452877662,1.706675193405,
    1.711416027488),.UNSPECIFIED.);
#1987 = CARTESIAN_POINT('',(10.494356161615,0.344221953345,0.));
#1988 = CARTESIAN_POINT('',(10.443661393787,0.373354089008,0.));
#1989 = CARTESIAN_POINT('',(10.344110754644,0.428496462918,0.));
#1990 = CARTESIAN_POINT('',(10.19639298181,0.504129775658,0.));
#1991 = CARTESIAN_POINT('',(10.054867992506,0.57087216777,0.));
#1992 = CARTESIAN_POINT('',(9.919949833168,0.629207674092,0.));
#1993 = CARTESIAN_POINT('',(9.792026671684,0.679642754893,0.));
#1994 = CARTESIAN_POINT('',(9.671460751361,0.722698667007,0.));
#1995 = CARTESIAN_POINT('',(9.558587612936,0.758911882816,0.));
#1996 = CARTESIAN_POINT('',(9.453715554719,0.788832520065,0.));
#1997 = CARTESIAN_POINT('',(9.357125097175,0.813023214461,0.));
#1998 = CARTESIAN_POINT('',(9.269068504388,0.832057899522,0.));
#1999 = CARTESIAN_POINT('',(9.189769367282,0.846520459718,0.));
#2000 = CARTESIAN_POINT('',(9.119422195806,0.857003789075,0.));
#2001 = CARTESIAN_POINT('',(9.058192197023,0.864107502041,0.));
#2002 = CARTESIAN_POINT('',(9.006214701966,0.868439648474,0.));
#2003 = CARTESIAN_POINT('',(8.963595829076,0.870606636928,0.));
#2004 = CARTESIAN_POINT('',(8.930409914591,0.871235848141,0.));
#2005 = CARTESIAN_POINT('',(8.906705587425,0.870912734381,0.));
#2006 = CARTESIAN_POINT('',(8.89249203523,0.870315443102,0.));
#2007 = CARTESIAN_POINT('',(8.886189079904,0.869837264591,0.));
#2008 = CARTESIAN_POINT('',(8.884614272876,0.86970381047,0.));
#2009 = VECTOR('',#2010,1.);
#2010 = DIRECTION('',(-0.,-0.,-1.));
#2011 = ADVANCED_FACE('',(#2012),#2029,.F.);
#2012 = FACE_BOUND('',#2013,.F.);
#2013 = EDGE_LOOP('',(#2014,#2022,#2023,#2024));
#2014 = ORIENTED_EDGE('',*,*,#2015,.T.);
#2015 = EDGE_CURVE('',#2016,#1656,#2018,.T.);
#2016 = VERTEX_POINT('',#2017);
#2017 = CARTESIAN_POINT('',(8.210755206978,-0.803740586932,0.));
#2018 = LINE('',#2019,#2020);
#2019 = CARTESIAN_POINT('',(8.210755206978,-0.803740586932,0.));
#2020 = VECTOR('',#2021,1.);
#2021 = DIRECTION('',(0.,0.,1.));
#2022 = ORIENTED_EDGE('',*,*,#1662,.T.);
#2023 = ORIENTED_EDGE('',*,*,#1887,.F.);
#2024 = ORIENTED_EDGE('',*,*,#2025,.F.);
#2025 = EDGE_CURVE('',#2016,#1888,#2026,.T.);
#2026 = B_SPLINE_CURVE_WITH_KNOTS('',1,(#2027,#2028),.UNSPECIFIED.,.F.,
  .F.,(2,2),(0.,0.677079897466),.PIECEWISE_BEZIER_KNOTS.);
#2027 = CARTESIAN_POINT('',(8.210755206978,-0.803740586932,0.));
#2028 = CARTESIAN_POINT('',(8.884614272876,-0.86970381047,0.));
#2029 = SURFACE_OF_LINEAR_EXTRUSION('',#2030,#2033);
#2030 = B_SPLINE_CURVE_WITH_KNOTS('',1,(#2031,#2032),.UNSPECIFIED.,.F.,
  .F.,(2,2),(0.,0.677079897466),.PIECEWISE_BEZIER_KNOTS.);
#2031 = CARTESIAN_POINT('',(8.210755206978,-0.803740586932,0.));
#2032 = CARTESIAN_POINT('',(8.884614272876,-0.86970381047,0.));
#2033 = VECTOR('',#2034,1.);
#2034 = DIRECTION('',(-0.,-0.,-1.));
#2035 = ADVANCED_FACE('',(#2036),#2054,.F.);
#2036 = FACE_BOUND('',#2037,.F.);
#2037 = EDGE_LOOP('',(#2038,#2039,#2040,#2048));
#2038 = ORIENTED_EDGE('',*,*,#1953,.T.);
#2039 = ORIENTED_EDGE('',*,*,#169,.T.);
#2040 = ORIENTED_EDGE('',*,*,#2041,.F.);
#2041 = EDGE_CURVE('',#2042,#170,#2044,.T.);
#2042 = VERTEX_POINT('',#2043);
#2043 = CARTESIAN_POINT('',(8.210755206978,0.803740586932,0.));
#2044 = LINE('',#2045,#2046);
#2045 = CARTESIAN_POINT('',(8.210755206978,0.803740586932,0.));
#2046 = VECTOR('',#2047,1.);
#2047 = DIRECTION('',(0.,0.,1.));
#2048 = ORIENTED_EDGE('',*,*,#2049,.F.);
#2049 = EDGE_CURVE('',#1954,#2042,#2050,.T.);
#2050 = LINE('',#2051,#2052);
#2051 = CARTESIAN_POINT('',(8.884614272876,0.86970381047,0.));
#2052 = VECTOR('',#2053,1.);
#2053 = DIRECTION('',(-0.995243055391,-9.742310144626E-02,0.));
#2054 = PLANE('',#2055);
#2055 = AXIS2_PLACEMENT_3D('',#2056,#2057,#2058);
#2056 = CARTESIAN_POINT('',(8.884614272876,0.86970381047,0.));
#2057 = DIRECTION('',(9.742310144626E-02,-0.995243055391,0.));
#2058 = DIRECTION('',(-0.995243055391,-9.742310144626E-02,0.));
#2059 = ADVANCED_FACE('',(#2060),#2077,.F.);
#2060 = FACE_BOUND('',#2061,.F.);
#2061 = EDGE_LOOP('',(#2062,#2070,#2071,#2072));
#2062 = ORIENTED_EDGE('',*,*,#2063,.T.);
#2063 = EDGE_CURVE('',#2064,#1649,#2066,.T.);
#2064 = VERTEX_POINT('',#2065);
#2065 = CARTESIAN_POINT('',(8.026847984098,-1.905836152501,0.));
#2066 = LINE('',#2067,#2068);
#2067 = CARTESIAN_POINT('',(8.026847984098,-1.905836152501,0.));
#2068 = VECTOR('',#2069,1.);
#2069 = DIRECTION('',(0.,0.,1.));
#2070 = ORIENTED_EDGE('',*,*,#1655,.T.);
#2071 = ORIENTED_EDGE('',*,*,#2015,.F.);
#2072 = ORIENTED_EDGE('',*,*,#2073,.F.);
#2073 = EDGE_CURVE('',#2064,#2016,#2074,.T.);
#2074 = B_SPLINE_CURVE_WITH_KNOTS('',1,(#2075,#2076),.UNSPECIFIED.,.F.,
  .F.,(2,2),(0.,1.117334552529),.PIECEWISE_BEZIER_KNOTS.);
#2075 = CARTESIAN_POINT('',(8.026847984098,-1.905836152501,0.));
#2076 = CARTESIAN_POINT('',(8.210755206978,-0.803740586932,0.));
#2077 = SURFACE_OF_LINEAR_EXTRUSION('',#2078,#2081);
#2078 = B_SPLINE_CURVE_WITH_KNOTS('',1,(#2079,#2080),.UNSPECIFIED.,.F.,
  .F.,(2,2),(0.,1.117334552529),.PIECEWISE_BEZIER_KNOTS.);
#2079 = CARTESIAN_POINT('',(8.026847984098,-1.905836152501,0.));
#2080 = CARTESIAN_POINT('',(8.210755206978,-0.803740586932,0.));
#2081 = VECTOR('',#2082,1.);
#2082 = DIRECTION('',(-0.,-0.,-1.));
#2083 = ADVANCED_FACE('',(#2084),#2102,.F.);
#2084 = FACE_BOUND('',#2085,.F.);
#2085 = EDGE_LOOP('',(#2086,#2087,#2088,#2096));
#2086 = ORIENTED_EDGE('',*,*,#2041,.T.);
#2087 = ORIENTED_EDGE('',*,*,#177,.T.);
#2088 = ORIENTED_EDGE('',*,*,#2089,.F.);
#2089 = EDGE_CURVE('',#2090,#178,#2092,.T.);
#2090 = VERTEX_POINT('',#2091);
#2091 = CARTESIAN_POINT('',(8.026847984098,1.905836152501,0.));
#2092 = LINE('',#2093,#2094);
#2093 = CARTESIAN_POINT('',(8.026847984098,1.905836152501,0.));
#2094 = VECTOR('',#2095,1.);
#2095 = DIRECTION('',(0.,0.,1.));
#2096 = ORIENTED_EDGE('',*,*,#2097,.F.);
#2097 = EDGE_CURVE('',#2042,#2090,#2098,.T.);
#2098 = LINE('',#2099,#2100);
#2099 = CARTESIAN_POINT('',(8.210755206978,0.803740586932,0.));
#2100 = VECTOR('',#2101,1.);
#2101 = DIRECTION('',(-0.164594590281,0.986361303403,0.));
#2102 = PLANE('',#2103);
#2103 = AXIS2_PLACEMENT_3D('',#2104,#2105,#2106);
#2104 = CARTESIAN_POINT('',(8.210755206978,0.803740586932,0.));
#2105 = DIRECTION('',(-0.986361303403,-0.164594590281,0.));
#2106 = DIRECTION('',(-0.164594590281,0.986361303403,0.));
#2107 = ADVANCED_FACE('',(#2108),#2125,.F.);
#2108 = FACE_BOUND('',#2109,.F.);
#2109 = EDGE_LOOP('',(#2110,#2118,#2119,#2120));
#2110 = ORIENTED_EDGE('',*,*,#2111,.T.);
#2111 = EDGE_CURVE('',#2112,#1622,#2114,.T.);
#2112 = VERTEX_POINT('',#2113);
#2113 = CARTESIAN_POINT('',(8.685613730771,-2.062248679376,0.));
#2114 = LINE('',#2115,#2116);
#2115 = CARTESIAN_POINT('',(8.685613730771,-2.062248679376,0.));
#2116 = VECTOR('',#2117,1.);
#2117 = DIRECTION('',(0.,0.,1.));
#2118 = ORIENTED_EDGE('',*,*,#1648,.T.);
#2119 = ORIENTED_EDGE('',*,*,#2063,.F.);
#2120 = ORIENTED_EDGE('',*,*,#2121,.F.);
#2121 = EDGE_CURVE('',#2112,#2064,#2122,.T.);
#2122 = B_SPLINE_CURVE_WITH_KNOTS('',1,(#2123,#2124),.UNSPECIFIED.,.F.,
  .F.,(2,2),(0.,0.677079897466),.PIECEWISE_BEZIER_KNOTS.);
#2123 = CARTESIAN_POINT('',(8.685613730771,-2.062248679376,0.));
#2124 = CARTESIAN_POINT('',(8.026847984098,-1.905836152501,0.));
#2125 = SURFACE_OF_LINEAR_EXTRUSION('',#2126,#2129);
#2126 = B_SPLINE_CURVE_WITH_KNOTS('',1,(#2127,#2128),.UNSPECIFIED.,.F.,
  .F.,(2,2),(0.,0.677079897466),.PIECEWISE_BEZIER_KNOTS.);
#2127 = CARTESIAN_POINT('',(8.685613730771,-2.062248679376,0.));
#2128 = CARTESIAN_POINT('',(8.026847984098,-1.905836152501,0.));
#2129 = VECTOR('',#2130,1.);
#2130 = DIRECTION('',(-0.,-0.,-1.));
#2131 = ADVANCED_FACE('',(#2132),#2150,.F.);
#2132 = FACE_BOUND('',#2133,.F.);
#2133 = EDGE_LOOP('',(#2134,#2135,#2136,#2144));
#2134 = ORIENTED_EDGE('',*,*,#2089,.T.);
#2135 = ORIENTED_EDGE('',*,*,#185,.T.);
#2136 = ORIENTED_EDGE('',*,*,#2137,.F.);
#2137 = EDGE_CURVE('',#2138,#186,#2140,.T.);
#2138 = VERTEX_POINT('',#2139);
#2139 = CARTESIAN_POINT('',(8.685613730771,2.062248679376,0.));
#2140 = LINE('',#2141,#2142);
#2141 = CARTESIAN_POINT('',(8.685613730771,2.062248679376,0.));
#2142 = VECTOR('',#2143,1.);
#2143 = DIRECTION('',(0.,0.,1.));
#2144 = ORIENTED_EDGE('',*,*,#2145,.F.);
#2145 = EDGE_CURVE('',#2090,#2138,#2146,.T.);
#2146 = LINE('',#2147,#2148);
#2147 = CARTESIAN_POINT('',(8.026847984098,1.905836152501,0.));
#2148 = VECTOR('',#2149,1.);
#2149 = DIRECTION('',(0.9729512708,0.231010442727,0.));
#2150 = PLANE('',#2151);
#2151 = AXIS2_PLACEMENT_3D('',#2152,#2153,#2154);
#2152 = CARTESIAN_POINT('',(8.026847984098,1.905836152501,0.));
#2153 = DIRECTION('',(-0.231010442727,0.9729512708,0.));
#2154 = DIRECTION('',(0.9729512708,0.231010442727,0.));
#2155 = ADVANCED_FACE('',(#2156),#2193,.F.);
#2156 = FACE_BOUND('',#2157,.F.);
#2157 = EDGE_LOOP('',(#2158,#2166,#2167,#2168));
#2158 = ORIENTED_EDGE('',*,*,#2159,.T.);
#2159 = EDGE_CURVE('',#2160,#1615,#2162,.T.);
#2160 = VERTEX_POINT('',#2161);
#2161 = CARTESIAN_POINT('',(10.037511683743,-3.081940816876,0.));
#2162 = LINE('',#2163,#2164);
#2163 = CARTESIAN_POINT('',(10.037511683743,-3.081940816876,0.));
#2164 = VECTOR('',#2165,1.);
#2165 = DIRECTION('',(0.,0.,1.));
#2166 = ORIENTED_EDGE('',*,*,#1621,.T.);
#2167 = ORIENTED_EDGE('',*,*,#2111,.F.);
#2168 = ORIENTED_EDGE('',*,*,#2169,.F.);
#2169 = EDGE_CURVE('',#2160,#2112,#2170,.T.);
#2170 = B_SPLINE_CURVE_WITH_KNOTS('',3,(#2171,#2172,#2173,#2174,#2175,
    #2176,#2177,#2178,#2179,#2180,#2181,#2182,#2183,#2184,#2185,#2186,
    #2187,#2188,#2189,#2190,#2191,#2192),.UNSPECIFIED.,.F.,.F.,(4,1,1,1,
    1,1,1,1,1,1,1,1,1,1,1,1,1,1,1,4),(0.,0.175408275205,0.341335022231,
    0.497780241091,0.6447439318,0.782226094377,0.910226728846,
    1.028745835234,1.137783413579,1.237339463926,1.327413986336,
    1.408006980892,1.479118447709,1.540748386957,1.592896798895,
    1.635563683959,1.668749042956,1.692452877662,1.706675193405,
    1.711416027488),.UNSPECIFIED.);
#2171 = CARTESIAN_POINT('',(10.037511683743,-3.081940816876,0.));
#2172 = CARTESIAN_POINT('',(9.999022887253,-3.037926576473,0.));
#2173 = CARTESIAN_POINT('',(9.922770875869,-2.953447928792,0.));
#2174 = CARTESIAN_POINT('',(9.807614955918,-2.833948755124,0.));
#2175 = CARTESIAN_POINT('',(9.695429400195,-2.724869561005,0.));
#2176 = CARTESIAN_POINT('',(9.586762986813,-2.6258869786,0.));
#2177 = CARTESIAN_POINT('',(9.482147299034,-2.53664802696,0.));
#2178 = CARTESIAN_POINT('',(9.38209420464,-2.456777312591,0.));
#2179 = CARTESIAN_POINT('',(9.287095256144,-2.385876380568,0.));
#2180 = CARTESIAN_POINT('',(9.197620670343,-2.323525024337,0.));
#2181 = CARTESIAN_POINT('',(9.114118455844,-2.269282178194,0.));
#2182 = CARTESIAN_POINT('',(9.037013564277,-2.222686915936,0.));
#2183 = CARTESIAN_POINT('',(8.966707058769,-2.183259589416,0.));
#2184 = CARTESIAN_POINT('',(8.903575422559,-2.150502586522,0.));
#2185 = CARTESIAN_POINT('',(8.847969605831,-2.123902424214,0.));
#2186 = CARTESIAN_POINT('',(8.800215040473,-2.102927940369,0.));
#2187 = CARTESIAN_POINT('',(8.760608995672,-2.087040039921,0.));
#2188 = CARTESIAN_POINT('',(8.729425490118,-2.075669472289,0.));
#2189 = CARTESIAN_POINT('',(8.706900613915,-2.068278296405,0.));
#2190 = CARTESIAN_POINT('',(8.693263251022,-2.064228091942,0.));
#2191 = CARTESIAN_POINT('',(8.687146542892,-2.062633795173,0.));
#2192 = CARTESIAN_POINT('',(8.685613730771,-2.062248679376,0.));
#2193 = SURFACE_OF_LINEAR_EXTRUSION('',#2194,#2217);
#2194 = B_SPLINE_CURVE_WITH_KNOTS('',3,(#2195,#2196,#2197,#2198,#2199,
    #2200,#2201,#2202,#2203,#2204,#2205,#2206,#2207,#2208,#2209,#2210,
    #2211,#2212,#2213,#2214,#2215,#2216),.UNSPECIFIED.,.F.,.F.,(4,1,1,1,
    1,1,1,1,1,1,1,1,1,1,1,1,1,1,1,4),(0.,0.175408275205,0.341335022231,
    0.497780241091,0.6447439318,0.782226094377,0.910226728846,
    1.028745835234,1.137783413579,1.237339463926,1.327413986336,
    1.408006980892,1.479118447709,1.540748386957,1.592896798895,
    1.635563683959,1.668749042956,1.692452877662,1.706675193405,
    1.711416027488),.UNSPECIFIED.);
#2195 = CARTESIAN_POINT('',(10.037511683743,-3.081940816876,0.));
#2196 = CARTESIAN_POINT('',(9.999022887253,-3.037926576473,0.));
#2197 = CARTESIAN_POINT('',(9.922770875869,-2.953447928792,0.));
#2198 = CARTESIAN_POINT('',(9.807614955918,-2.833948755124,0.));
#2199 = CARTESIAN_POINT('',(9.695429400195,-2.724869561005,0.));
#2200 = CARTESIAN_POINT('',(9.586762986813,-2.6258869786,0.));
#2201 = CARTESIAN_POINT('',(9.482147299034,-2.53664802696,0.));
#2202 = CARTESIAN_POINT('',(9.38209420464,-2.456777312591,0.));
#2203 = CARTESIAN_POINT('',(9.287095256144,-2.385876380568,0.));
#2204 = CARTESIAN_POINT('',(9.197620670343,-2.323525024337,0.));
#2205 = CARTESIAN_POINT('',(9.114118455844,-2.269282178194,0.));
#2206 = CARTESIAN_POINT('',(9.037013564277,-2.222686915936,0.));
#2207 = CARTESIAN_POINT('',(8.966707058769,-2.183259589416,0.));
#2208 = CARTESIAN_POINT('',(8.903575422559,-2.150502586522,0.));
#2209 = CARTESIAN_POINT('',(8.847969605831,-2.123902424214,0.));
#2210 = CARTESIAN_POINT('',(8.800215040473,-2.102927940369,0.));
#2211 = CARTESIAN_POINT('',(8.760608995672,-2.087040039921,0.));
#2212 = CARTESIAN_POINT('',(8.729425490118,-2.075669472289,0.));
#2213 = CARTESIAN_POINT('',(8.706900613915,-2.068278296405,0.));
#2214 = CARTESIAN_POINT('',(8.693263251022,-2.064228091942,0.));
#2215 = CARTESIAN_POINT('',(8.687146542892,-2.062633795173,0.));
#2216 = CARTESIAN_POINT('',(8.685613730771,-2.062248679376,0.));
#2217 = VECTOR('',#2218,1.);
#2218 = DIRECTION('',(-0.,-0.,-1.));
#2219 = ADVANCED_FACE('',(#2220),#2257,.F.);
#2220 = FACE_BOUND('',#2221,.F.);
#2221 = EDGE_LOOP('',(#2222,#2223,#2224,#2232));
#2222 = ORIENTED_EDGE('',*,*,#2137,.T.);
#2223 = ORIENTED_EDGE('',*,*,#193,.T.);
#2224 = ORIENTED_EDGE('',*,*,#2225,.F.);
#2225 = EDGE_CURVE('',#2226,#194,#2228,.T.);
#2226 = VERTEX_POINT('',#2227);
#2227 = CARTESIAN_POINT('',(10.037511683743,3.081940816876,0.));
#2228 = LINE('',#2229,#2230);
#2229 = CARTESIAN_POINT('',(10.037511683743,3.081940816876,0.));
#2230 = VECTOR('',#2231,1.);
#2231 = DIRECTION('',(0.,0.,1.));
#2232 = ORIENTED_EDGE('',*,*,#2233,.F.);
#2233 = EDGE_CURVE('',#2138,#2226,#2234,.T.);
#2234 = B_SPLINE_CURVE_WITH_KNOTS('',3,(#2235,#2236,#2237,#2238,#2239,
    #2240,#2241,#2242,#2243,#2244,#2245,#2246,#2247,#2248,#2249,#2250,
    #2251,#2252,#2253,#2254,#2255,#2256),.UNSPECIFIED.,.F.,.F.,(4,1,1,1,
    1,1,1,1,1,1,1,1,1,1,1,1,1,1,1,4),(0.,4.740834082121E-03,
    1.896314982603E-02,4.266698453205E-02,7.585234352884E-02,
    0.118519228593,0.170667640531,0.232297579778,0.303409046595,
    0.384002041151,0.474076563562,0.573632613909,0.682670192253,
    0.801189298642,0.929189933111,1.066672095688,1.213635786397,
    1.370081005257,1.536007752283,1.711416027488),.UNSPECIFIED.);
#2235 = CARTESIAN_POINT('',(8.685613730771,2.062248679376,0.));
#2236 = CARTESIAN_POINT('',(8.687146542892,2.062633795173,0.));
#2237 = CARTESIAN_POINT('',(8.693263251022,2.064228091942,0.));
#2238 = CARTESIAN_POINT('',(8.706900613915,2.068278296405,0.));
#2239 = CARTESIAN_POINT('',(8.729425490118,2.075669472289,0.));
#2240 = CARTESIAN_POINT('',(8.760608995672,2.087040039921,0.));
#2241 = CARTESIAN_POINT('',(8.800215040473,2.102927940369,0.));
#2242 = CARTESIAN_POINT('',(8.847969605831,2.123902424214,0.));
#2243 = CARTESIAN_POINT('',(8.903575422559,2.150502586522,0.));
#2244 = CARTESIAN_POINT('',(8.966707058769,2.183259589416,0.));
#2245 = CARTESIAN_POINT('',(9.037013564277,2.222686915936,0.));
#2246 = CARTESIAN_POINT('',(9.114118455844,2.269282178194,0.));
#2247 = CARTESIAN_POINT('',(9.197620670343,2.323525024337,0.));
#2248 = CARTESIAN_POINT('',(9.287095256144,2.385876380568,0.));
#2249 = CARTESIAN_POINT('',(9.38209420464,2.456777312591,0.));
#2250 = CARTESIAN_POINT('',(9.482147299034,2.53664802696,0.));
#2251 = CARTESIAN_POINT('',(9.586762986813,2.6258869786,0.));
#2252 = CARTESIAN_POINT('',(9.695429400195,2.724869561005,0.));
#2253 = CARTESIAN_POINT('',(9.807614955918,2.833948755124,0.));
#2254 = CARTESIAN_POINT('',(9.922770875869,2.953447928792,0.));
#2255 = CARTESIAN_POINT('',(9.999022887253,3.037926576473,0.));
#2256 = CARTESIAN_POINT('',(10.037511683743,3.081940816876,0.));
#2257 = SURFACE_OF_LINEAR_EXTRUSION('',#2258,#2281);
#2258 = B_SPLINE_CURVE_WITH_KNOTS('',3,(#2259,#2260,#2261,#2262,#2263,
    #2264,#2265,#2266,#2267,#2268,#2269,#2270,#2271,#2272,#2273,#2274,
    #2275,#2276,#2277,#2278,#2279,#2280),.UNSPECIFIED.,.F.,.F.,(4,1,1,1,
    1,1,1,1,1,1,1,1,1,1,1,1,1,1,1,4),(0.,4.740834082121E-03,
    1.896314982603E-02,4.266698453205E-02,7.585234352884E-02,
    0.118519228593,0.170667640531,0.232297579778,0.303409046595,
    0.384002041151,0.474076563562,0.573632613909,0.682670192253,
    0.801189298642,0.929189933111,1.066672095688,1.213635786397,
    1.370081005257,1.536007752283,1.711416027488),.UNSPECIFIED.);
#2259 = CARTESIAN_POINT('',(8.685613730771,2.062248679376,0.));
#2260 = CARTESIAN_POINT('',(8.687146542892,2.062633795173,0.));
#2261 = CARTESIAN_POINT('',(8.693263251022,2.064228091942,0.));
#2262 = CARTESIAN_POINT('',(8.706900613915,2.068278296405,0.));
#2263 = CARTESIAN_POINT('',(8.729425490118,2.075669472289,0.));
#2264 = CARTESIAN_POINT('',(8.760608995672,2.087040039921,0.));
#2265 = CARTESIAN_POINT('',(8.800215040473,2.102927940369,0.));
#2266 = CARTESIAN_POINT('',(8.847969605831,2.123902424214,0.));
#2267 = CARTESIAN_POINT('',(8.903575422559,2.150502586522,0.));
#2268 = CARTESIAN_POINT('',(8.966707058769,2.183259589416,0.));
#2269 = CARTESIAN_POINT('',(9.037013564277,2.222686915936,0.));
#2270 = CARTESIAN_POINT('',(9.114118455844,2.269282178194,0.));
#2271 = CARTESIAN_POINT('',(9.197620670343,2.323525024337,0.));
#2272 = CARTESIAN_POINT('',(9.287095256144,2.385876380568,0.));
#2273 = CARTESIAN_POINT('',(9.38209420464,2.456777312591,0.));
#2274 = CARTESIAN_POINT('',(9.482147299034,2.53664802696,0.));
#2275 = CARTESIAN_POINT('',(9.586762986813,2.6258869786,0.));
#2276 = CARTESIAN_POINT('',(9.695429400195,2.724869561005,0.));
#2277 = CARTESIAN_POINT('',(9.807614955918,2.833948755124,0.));
#2278 = CARTESIAN_POINT('',(9.922770875869,2.953447928792,0.));
#2279 = CARTESIAN_POINT('',(9.999022887253,3.037926576473,0.));
#2280 = CARTESIAN_POINT('',(10.037511683743,3.081940816876,0.));
#2281 = VECTOR('',#2282,1.);
#2282 = DIRECTION('',(-0.,-0.,-1.));
#2283 = ADVANCED_FACE('',(#2284),#2301,.F.);
#2284 = FACE_BOUND('',#2285,.F.);
#2285 = EDGE_LOOP('',(#2286,#2294,#2295,#2296));
#2286 = ORIENTED_EDGE('',*,*,#2287,.T.);
#2287 = EDGE_CURVE('',#2288,#1588,#2290,.T.);
#2288 = VERTEX_POINT('',#2289);
#2289 = CARTESIAN_POINT('',(9.813974312663,-3.733082933767,0.));
#2290 = LINE('',#2291,#2292);
#2291 = CARTESIAN_POINT('',(9.813974312663,-3.733082933767,0.));
#2292 = VECTOR('',#2293,1.);
#2293 = DIRECTION('',(0.,0.,1.));
#2294 = ORIENTED_EDGE('',*,*,#1614,.T.);
#2295 = ORIENTED_EDGE('',*,*,#2159,.F.);
#2296 = ORIENTED_EDGE('',*,*,#2297,.F.);
#2297 = EDGE_CURVE('',#2288,#2160,#2298,.T.);
#2298 = B_SPLINE_CURVE_WITH_KNOTS('',1,(#2299,#2300),.UNSPECIFIED.,.F.,
  .F.,(2,2),(0.,0.68844390669),.PIECEWISE_BEZIER_KNOTS.);
#2299 = CARTESIAN_POINT('',(9.813974312663,-3.733082933767,0.));
#2300 = CARTESIAN_POINT('',(10.037511683743,-3.081940816876,0.));
#2301 = SURFACE_OF_LINEAR_EXTRUSION('',#2302,#2305);
#2302 = B_SPLINE_CURVE_WITH_KNOTS('',1,(#2303,#2304),.UNSPECIFIED.,.F.,
  .F.,(2,2),(0.,0.68844390669),.PIECEWISE_BEZIER_KNOTS.);
#2303 = CARTESIAN_POINT('',(9.813974312663,-3.733082933767,0.));
#2304 = CARTESIAN_POINT('',(10.037511683743,-3.081940816876,0.));
#2305 = VECTOR('',#2306,1.);
#2306 = DIRECTION('',(-0.,-0.,-1.));
#2307 = ADVANCED_FACE('',(#2308),#2325,.F.);
#2308 = FACE_BOUND('',#2309,.F.);
#2309 = EDGE_LOOP('',(#2310,#2311,#2312,#2320));
#2310 = ORIENTED_EDGE('',*,*,#2225,.T.);
#2311 = ORIENTED_EDGE('',*,*,#220,.T.);
#2312 = ORIENTED_EDGE('',*,*,#2313,.F.);
#2313 = EDGE_CURVE('',#2314,#221,#2316,.T.);
#2314 = VERTEX_POINT('',#2315);
#2315 = CARTESIAN_POINT('',(9.813974312663,3.733082933767,0.));
#2316 = LINE('',#2317,#2318);
#2317 = CARTESIAN_POINT('',(9.813974312663,3.733082933767,0.));
#2318 = VECTOR('',#2319,1.);
#2319 = DIRECTION('',(0.,0.,1.));
#2320 = ORIENTED_EDGE('',*,*,#2321,.F.);
#2321 = EDGE_CURVE('',#2226,#2314,#2322,.T.);
#2322 = B_SPLINE_CURVE_WITH_KNOTS('',1,(#2323,#2324),.UNSPECIFIED.,.F.,
  .F.,(2,2),(0.,0.68844390669),.PIECEWISE_BEZIER_KNOTS.);
#2323 = CARTESIAN_POINT('',(10.037511683743,3.081940816876,0.));
#2324 = CARTESIAN_POINT('',(9.813974312663,3.733082933767,0.));
#2325 = SURFACE_OF_LINEAR_EXTRUSION('',#2326,#2329);
#2326 = B_SPLINE_CURVE_WITH_KNOTS('',1,(#2327,#2328),.UNSPECIFIED.,.F.,
  .F.,(2,2),(0.,0.68844390669),.PIECEWISE_BEZIER_KNOTS.);
#2327 = CARTESIAN_POINT('',(10.037511683743,3.081940816876,0.));
#2328 = CARTESIAN_POINT('',(9.813974312663,3.733082933767,0.));
#2329 = VECTOR('',#2330,1.);
#2330 = DIRECTION('',(-0.,-0.,-1.));
#2331 = ADVANCED_FACE('',(#2332),#2369,.F.);
#2332 = FACE_BOUND('',#2333,.F.);
#2333 = EDGE_LOOP('',(#2334,#2342,#2343,#2344));
#2334 = ORIENTED_EDGE('',*,*,#2335,.T.);
#2335 = EDGE_CURVE('',#2336,#1581,#2338,.T.);
#2336 = VERTEX_POINT('',#2337);
#2337 = CARTESIAN_POINT('',(8.120828999521,-3.707410397606,0.));
#2338 = LINE('',#2339,#2340);
#2339 = CARTESIAN_POINT('',(8.120828999521,-3.707410397606,0.));
#2340 = VECTOR('',#2341,1.);
#2341 = DIRECTION('',(0.,0.,1.));
#2342 = ORIENTED_EDGE('',*,*,#1587,.T.);
#2343 = ORIENTED_EDGE('',*,*,#2287,.F.);
#2344 = ORIENTED_EDGE('',*,*,#2345,.F.);
#2345 = EDGE_CURVE('',#2336,#2288,#2346,.T.);
#2346 = B_SPLINE_CURVE_WITH_KNOTS('',3,(#2347,#2348,#2349,#2350,#2351,
    #2352,#2353,#2354,#2355,#2356,#2357,#2358,#2359,#2360,#2361,#2362,
    #2363,#2364,#2365,#2366,#2367,#2368),.UNSPECIFIED.,.F.,.F.,(4,1,1,1,
    1,1,1,1,1,1,1,1,1,1,1,1,1,1,1,4),(0.,4.740834082121E-03,
    1.896314982603E-02,4.266698453205E-02,7.585234352884E-02,
    0.118519228593,0.170667640531,0.232297579778,0.303409046595,
    0.384002041151,0.474076563562,0.573632613909,0.682670192253,
    0.801189298642,0.929189933111,1.066672095688,1.213635786397,
    1.370081005257,1.536007752283,1.711416027488),.UNSPECIFIED.);
#2347 = CARTESIAN_POINT('',(8.120828999521,-3.707410397606,0.));
#2348 = CARTESIAN_POINT('',(8.122275146678,-3.708047959821,0.));
#2349 = CARTESIAN_POINT('',(8.12808132619,-3.71054679555,0.));
#2350 = CARTESIAN_POINT('',(8.14133080876,-3.715726856794,0.));
#2351 = CARTESIAN_POINT('',(8.163645855231,-3.723729245807,0.));
#2352 = CARTESIAN_POINT('',(8.195237969879,-3.733909575812,0.));
#2353 = CARTESIAN_POINT('',(8.236251254682,-3.745698326175,0.));
#2354 = CARTESIAN_POINT('',(8.286819111334,-3.75847797244,0.));
#2355 = CARTESIAN_POINT('',(8.347038071722,-3.771640506341,0.));
#2356 = CARTESIAN_POINT('',(8.416977570887,-3.784566881924,0.));
#2357 = CARTESIAN_POINT('',(8.496676047632,-3.796636330857,0.));
#2358 = CARTESIAN_POINT('',(8.586142043471,-3.807224926475,0.));
#2359 = CARTESIAN_POINT('',(8.68535366923,-3.815707820921,0.));
#2360 = CARTESIAN_POINT('',(8.794258685097,-3.821460267966,0.));
#2361 = CARTESIAN_POINT('',(8.912774457496,-3.82385903221,0.));
#2362 = CARTESIAN_POINT('',(9.040788015509,-3.822283698508,0.));
#2363 = CARTESIAN_POINT('',(9.178156191218,-3.816117912133,0.));
#2364 = CARTESIAN_POINT('',(9.324705620477,-3.804751039174,0.));
#2365 = CARTESIAN_POINT('',(9.480233614785,-3.787578022868,0.));
#2366 = CARTESIAN_POINT('',(9.644505727738,-3.764006614063,0.));
#2367 = CARTESIAN_POINT('',(9.7565671382,-3.744176045759,0.));
#2368 = CARTESIAN_POINT('',(9.813974312663,-3.733082933767,0.));
#2369 = SURFACE_OF_LINEAR_EXTRUSION('',#2370,#2393);
#2370 = B_SPLINE_CURVE_WITH_KNOTS('',3,(#2371,#2372,#2373,#2374,#2375,
    #2376,#2377,#2378,#2379,#2380,#2381,#2382,#2383,#2384,#2385,#2386,
    #2387,#2388,#2389,#2390,#2391,#2392),.UNSPECIFIED.,.F.,.F.,(4,1,1,1,
    1,1,1,1,1,1,1,1,1,1,1,1,1,1,1,4),(0.,4.740834082121E-03,
    1.896314982603E-02,4.266698453205E-02,7.585234352884E-02,
    0.118519228593,0.170667640531,0.232297579778,0.303409046595,
    0.384002041151,0.474076563562,0.573632613909,0.682670192253,
    0.801189298642,0.929189933111,1.066672095688,1.213635786397,
    1.370081005257,1.536007752283,1.711416027488),.UNSPECIFIED.);
#2371 = CARTESIAN_POINT('',(8.120828999521,-3.707410397606,0.));
#2372 = CARTESIAN_POINT('',(8.122275146678,-3.708047959821,0.));
#2373 = CARTESIAN_POINT('',(8.12808132619,-3.71054679555,0.));
#2374 = CARTESIAN_POINT('',(8.14133080876,-3.715726856794,0.));
#2375 = CARTESIAN_POINT('',(8.163645855231,-3.723729245807,0.));
#2376 = CARTESIAN_POINT('',(8.195237969879,-3.733909575812,0.));
#2377 = CARTESIAN_POINT('',(8.236251254682,-3.745698326175,0.));
#2378 = CARTESIAN_POINT('',(8.286819111334,-3.75847797244,0.));
#2379 = CARTESIAN_POINT('',(8.347038071722,-3.771640506341,0.));
#2380 = CARTESIAN_POINT('',(8.416977570887,-3.784566881924,0.));
#2381 = CARTESIAN_POINT('',(8.496676047632,-3.796636330857,0.));
#2382 = CARTESIAN_POINT('',(8.586142043471,-3.807224926475,0.));
#2383 = CARTESIAN_POINT('',(8.68535366923,-3.815707820921,0.));
#2384 = CARTESIAN_POINT('',(8.794258685097,-3.821460267966,0.));
#2385 = CARTESIAN_POINT('',(8.912774457496,-3.82385903221,0.));
#2386 = CARTESIAN_POINT('',(9.040788015509,-3.822283698508,0.));
#2387 = CARTESIAN_POINT('',(9.178156191218,-3.816117912133,0.));
#2388 = CARTESIAN_POINT('',(9.324705620477,-3.804751039174,0.));
#2389 = CARTESIAN_POINT('',(9.480233614785,-3.787578022868,0.));
#2390 = CARTESIAN_POINT('',(9.644505727738,-3.764006614063,0.));
#2391 = CARTESIAN_POINT('',(9.7565671382,-3.744176045759,0.));
#2392 = CARTESIAN_POINT('',(9.813974312663,-3.733082933767,0.));
#2393 = VECTOR('',#2394,1.);
#2394 = DIRECTION('',(-0.,-0.,-1.));
#2395 = ADVANCED_FACE('',(#2396),#2433,.F.);
#2396 = FACE_BOUND('',#2397,.F.);
#2397 = EDGE_LOOP('',(#2398,#2399,#2400,#2408));
#2398 = ORIENTED_EDGE('',*,*,#2313,.T.);
#2399 = ORIENTED_EDGE('',*,*,#227,.T.);
#2400 = ORIENTED_EDGE('',*,*,#2401,.F.);
#2401 = EDGE_CURVE('',#2402,#228,#2404,.T.);
#2402 = VERTEX_POINT('',#2403);
#2403 = CARTESIAN_POINT('',(8.120828999521,3.707410397606,0.));
#2404 = LINE('',#2405,#2406);
#2405 = CARTESIAN_POINT('',(8.120828999521,3.707410397606,0.));
#2406 = VECTOR('',#2407,1.);
#2407 = DIRECTION('',(0.,0.,1.));
#2408 = ORIENTED_EDGE('',*,*,#2409,.F.);
#2409 = EDGE_CURVE('',#2314,#2402,#2410,.T.);
#2410 = B_SPLINE_CURVE_WITH_KNOTS('',3,(#2411,#2412,#2413,#2414,#2415,
    #2416,#2417,#2418,#2419,#2420,#2421,#2422,#2423,#2424,#2425,#2426,
    #2427,#2428,#2429,#2430,#2431,#2432),.UNSPECIFIED.,.F.,.F.,(4,1,1,1,
    1,1,1,1,1,1,1,1,1,1,1,1,1,1,1,4),(0.,0.175408275205,0.341335022231,
    0.497780241091,0.6447439318,0.782226094377,0.910226728846,
    1.028745835234,1.137783413579,1.237339463926,1.327413986336,
    1.408006980892,1.479118447709,1.540748386957,1.592896798895,
    1.635563683959,1.668749042956,1.692452877662,1.706675193405,
    1.711416027488),.UNSPECIFIED.);
#2411 = CARTESIAN_POINT('',(9.813974312663,3.733082933767,0.));
#2412 = CARTESIAN_POINT('',(9.7565671382,3.744176045759,0.));
#2413 = CARTESIAN_POINT('',(9.644505727738,3.764006614063,0.));
#2414 = CARTESIAN_POINT('',(9.480233614785,3.787578022868,0.));
#2415 = CARTESIAN_POINT('',(9.324705620477,3.804751039174,0.));
#2416 = CARTESIAN_POINT('',(9.178156191218,3.816117912133,0.));
#2417 = CARTESIAN_POINT('',(9.040788015509,3.822283698508,0.));
#2418 = CARTESIAN_POINT('',(8.912774457496,3.82385903221,0.));
#2419 = CARTESIAN_POINT('',(8.794258685097,3.821460267966,0.));
#2420 = CARTESIAN_POINT('',(8.68535366923,3.815707820921,0.));
#2421 = CARTESIAN_POINT('',(8.586142043471,3.807224926475,0.));
#2422 = CARTESIAN_POINT('',(8.496676047632,3.796636330857,0.));
#2423 = CARTESIAN_POINT('',(8.416977570887,3.784566881924,0.));
#2424 = CARTESIAN_POINT('',(8.347038071722,3.771640506341,0.));
#2425 = CARTESIAN_POINT('',(8.286819111334,3.75847797244,0.));
#2426 = CARTESIAN_POINT('',(8.236251254682,3.745698326175,0.));
#2427 = CARTESIAN_POINT('',(8.195237969879,3.733909575812,0.));
#2428 = CARTESIAN_POINT('',(8.163645855231,3.723729245807,0.));
#2429 = CARTESIAN_POINT('',(8.14133080876,3.715726856794,0.));
#2430 = CARTESIAN_POINT('',(8.12808132619,3.71054679555,0.));
#2431 = CARTESIAN_POINT('',(8.122275146678,3.708047959821,0.));
#2432 = CARTESIAN_POINT('',(8.120828999521,3.707410397606,0.));
#2433 = SURFACE_OF_LINEAR_EXTRUSION('',#2434,#2457);
#2434 = B_SPLINE_CURVE_WITH_KNOTS('',3,(#2435,#2436,#2437,#2438,#2439,
    #2440,#2441,#2442,#2443,#2444,#2445,#2446,#2447,#2448,#2449,#2450,
    #2451,#2452,#2453,#2454,#2455,#2456),.UNSPECIFIED.,.F.,.F.,(4,1,1,1,
    1,1,1,1,1,1,1,1,1,1,1,1,1,1,1,4),(0.,0.175408275205,0.341335022231,
    0.497780241091,0.6447439318,0.782226094377,0.910226728846,
    1.028745835234,1.137783413579,1.237339463926,1.327413986336,
    1.408006980892,1.479118447709,1.540748386957,1.592896798895,
    1.635563683959,1.668749042956,1.692452877662,1.706675193405,
    1.711416027488),.UNSPECIFIED.);
#2435 = CARTESIAN_POINT('',(9.813974312663,3.733082933767,0.));
#2436 = CARTESIAN_POINT('',(9.7565671382,3.744176045759,0.));
#2437 = CARTESIAN_POINT('',(9.644505727738,3.764006614063,0.));
#2438 = CARTESIAN_POINT('',(9.480233614785,3.787578022868,0.));
#2439 = CARTESIAN_POINT('',(9.324705620477,3.804751039174,0.));
#2440 = CARTESIAN_POINT('',(9.178156191218,3.816117912133,0.));
#2441 = CARTESIAN_POINT('',(9.040788015509,3.822283698508,0.));
#2442 = CARTESIAN_POINT('',(8.912774457496,3.82385903221,0.));
#2443 = CARTESIAN_POINT('',(8.794258685097,3.821460267966,0.));
#2444 = CARTESIAN_POINT('',(8.68535366923,3.815707820921,0.));
#2445 = CARTESIAN_POINT('',(8.586142043471,3.807224926475,0.));
#2446 = CARTESIAN_POINT('',(8.496676047632,3.796636330857,0.));
#2447 = CARTESIAN_POINT('',(8.416977570887,3.784566881924,0.));
#2448 = CARTESIAN_POINT('',(8.347038071722,3.771640506341,0.));
#2449 = CARTESIAN_POINT('',(8.286819111334,3.75847797244,0.));
#2450 = CARTESIAN_POINT('',(8.236251254682,3.745698326175,0.));
#2451 = CARTESIAN_POINT('',(8.195237969879,3.733909575812,0.));
#2452 = CARTESIAN_POINT('',(8.163645855231,3.723729245807,0.));
#2453 = CARTESIAN_POINT('',(8.14133080876,3.715726856794,0.));
#2454 = CARTESIAN_POINT('',(8.12808132619,3.71054679555,0.));
#2455 = CARTESIAN_POINT('',(8.122275146678,3.708047959821,0.));
#2456 = CARTESIAN_POINT('',(8.120828999521,3.707410397606,0.));
#2457 = VECTOR('',#2458,1.);
#2458 = DIRECTION('',(-0.,-0.,-1.));
#2459 = ADVANCED_FACE('',(#2460),#2477,.F.);
#2460 = FACE_BOUND('',#2461,.F.);
#2461 = EDGE_LOOP('',(#2462,#2470,#2471,#2472));
#2462 = ORIENTED_EDGE('',*,*,#2463,.T.);
#2463 = EDGE_CURVE('',#2464,#1574,#2466,.T.);
#2464 = VERTEX_POINT('',#2465);
#2465 = CARTESIAN_POINT('',(7.504899700188,-3.42621956245,0.));
#2466 = LINE('',#2467,#2468);
#2467 = CARTESIAN_POINT('',(7.504899700188,-3.42621956245,0.));
#2468 = VECTOR('',#2469,1.);
#2469 = DIRECTION('',(0.,0.,1.));
#2470 = ORIENTED_EDGE('',*,*,#1580,.T.);
#2471 = ORIENTED_EDGE('',*,*,#2335,.F.);
#2472 = ORIENTED_EDGE('',*,*,#2473,.F.);
#2473 = EDGE_CURVE('',#2464,#2336,#2474,.T.);
#2474 = B_SPLINE_CURVE_WITH_KNOTS('',1,(#2475,#2476),.UNSPECIFIED.,.F.,
  .F.,(2,2),(0.,0.677079897466),.PIECEWISE_BEZIER_KNOTS.);
#2475 = CARTESIAN_POINT('',(7.504899700188,-3.42621956245,0.));
#2476 = CARTESIAN_POINT('',(8.120828999521,-3.707410397606,0.));
#2477 = SURFACE_OF_LINEAR_EXTRUSION('',#2478,#2481);
#2478 = B_SPLINE_CURVE_WITH_KNOTS('',1,(#2479,#2480),.UNSPECIFIED.,.F.,
  .F.,(2,2),(0.,0.677079897466),.PIECEWISE_BEZIER_KNOTS.);
#2479 = CARTESIAN_POINT('',(7.504899700188,-3.42621956245,0.));
#2480 = CARTESIAN_POINT('',(8.120828999521,-3.707410397606,0.));
#2481 = VECTOR('',#2482,1.);
#2482 = DIRECTION('',(-0.,-0.,-1.));
#2483 = ADVANCED_FACE('',(#2484),#2501,.F.);
#2484 = FACE_BOUND('',#2485,.F.);
#2485 = EDGE_LOOP('',(#2486,#2487,#2488,#2496));
#2486 = ORIENTED_EDGE('',*,*,#2401,.T.);
#2487 = ORIENTED_EDGE('',*,*,#254,.T.);
#2488 = ORIENTED_EDGE('',*,*,#2489,.F.);
#2489 = EDGE_CURVE('',#2490,#255,#2492,.T.);
#2490 = VERTEX_POINT('',#2491);
#2491 = CARTESIAN_POINT('',(7.504899700188,3.42621956245,0.));
#2492 = LINE('',#2493,#2494);
#2493 = CARTESIAN_POINT('',(7.504899700188,3.42621956245,0.));
#2494 = VECTOR('',#2495,1.);
#2495 = DIRECTION('',(0.,0.,1.));
#2496 = ORIENTED_EDGE('',*,*,#2497,.F.);
#2497 = EDGE_CURVE('',#2402,#2490,#2498,.T.);
#2498 = B_SPLINE_CURVE_WITH_KNOTS('',1,(#2499,#2500),.UNSPECIFIED.,.F.,
  .F.,(2,2),(0.,0.677079897466),.PIECEWISE_BEZIER_KNOTS.);
#2499 = CARTESIAN_POINT('',(8.120828999521,3.707410397606,0.));
#2500 = CARTESIAN_POINT('',(7.504899700188,3.42621956245,0.));
#2501 = SURFACE_OF_LINEAR_EXTRUSION('',#2502,#2505);
#2502 = B_SPLINE_CURVE_WITH_KNOTS('',1,(#2503,#2504),.UNSPECIFIED.,.F.,
  .F.,(2,2),(0.,0.677079897466),.PIECEWISE_BEZIER_KNOTS.);
#2503 = CARTESIAN_POINT('',(8.120828999521,3.707410397606,0.));
#2504 = CARTESIAN_POINT('',(7.504899700188,3.42621956245,0.));
#2505 = VECTOR('',#2506,1.);
#2506 = DIRECTION('',(-0.,-0.,-1.));
#2507 = ADVANCED_FACE('',(#2508),#2525,.F.);
#2508 = FACE_BOUND('',#2509,.F.);
#2509 = EDGE_LOOP('',(#2510,#2518,#2519,#2520));
#2510 = ORIENTED_EDGE('',*,*,#2511,.T.);
#2511 = EDGE_CURVE('',#2512,#1567,#2514,.T.);
#2512 = VERTEX_POINT('',#2513);
#2513 = CARTESIAN_POINT('',(6.973107232762,-4.408885972715,0.));
#2514 = LINE('',#2515,#2516);
#2515 = CARTESIAN_POINT('',(6.973107232762,-4.408885972715,0.));
#2516 = VECTOR('',#2517,1.);
#2517 = DIRECTION('',(0.,0.,1.));
#2518 = ORIENTED_EDGE('',*,*,#1573,.T.);
#2519 = ORIENTED_EDGE('',*,*,#2463,.F.);
#2520 = ORIENTED_EDGE('',*,*,#2521,.F.);
#2521 = EDGE_CURVE('',#2512,#2464,#2522,.T.);
#2522 = B_SPLINE_CURVE_WITH_KNOTS('',1,(#2523,#2524),.UNSPECIFIED.,.F.,
  .F.,(2,2),(0.,1.117334552529),.PIECEWISE_BEZIER_KNOTS.);
#2523 = CARTESIAN_POINT('',(6.973107232762,-4.408885972715,0.));
#2524 = CARTESIAN_POINT('',(7.504899700188,-3.42621956245,0.));
#2525 = SURFACE_OF_LINEAR_EXTRUSION('',#2526,#2529);
#2526 = B_SPLINE_CURVE_WITH_KNOTS('',1,(#2527,#2528),.UNSPECIFIED.,.F.,
  .F.,(2,2),(0.,1.117334552529),.PIECEWISE_BEZIER_KNOTS.);
#2527 = CARTESIAN_POINT('',(6.973107232762,-4.408885972715,0.));
#2528 = CARTESIAN_POINT('',(7.504899700188,-3.42621956245,0.));
#2529 = VECTOR('',#2530,1.);
#2530 = DIRECTION('',(-0.,-0.,-1.));
#2531 = ADVANCED_FACE('',(#2532),#2549,.F.);
#2532 = FACE_BOUND('',#2533,.F.);
#2533 = EDGE_LOOP('',(#2534,#2535,#2536,#2544));
#2534 = ORIENTED_EDGE('',*,*,#2489,.T.);
#2535 = ORIENTED_EDGE('',*,*,#261,.T.);
#2536 = ORIENTED_EDGE('',*,*,#2537,.F.);
#2537 = EDGE_CURVE('',#2538,#262,#2540,.T.);
#2538 = VERTEX_POINT('',#2539);
#2539 = CARTESIAN_POINT('',(6.973107232762,4.408885972715,0.));
#2540 = LINE('',#2541,#2542);
#2541 = CARTESIAN_POINT('',(6.973107232762,4.408885972715,0.));
#2542 = VECTOR('',#2543,1.);
#2543 = DIRECTION('',(0.,0.,1.));
#2544 = ORIENTED_EDGE('',*,*,#2545,.F.);
#2545 = EDGE_CURVE('',#2490,#2538,#2546,.T.);
#2546 = B_SPLINE_CURVE_WITH_KNOTS('',1,(#2547,#2548),.UNSPECIFIED.,.F.,
  .F.,(2,2),(0.,1.117334552529),.PIECEWISE_BEZIER_KNOTS.);
#2547 = CARTESIAN_POINT('',(7.504899700188,3.42621956245,0.));
#2548 = CARTESIAN_POINT('',(6.973107232762,4.408885972715,0.));
#2549 = SURFACE_OF_LINEAR_EXTRUSION('',#2550,#2553);
#2550 = B_SPLINE_CURVE_WITH_KNOTS('',1,(#2551,#2552),.UNSPECIFIED.,.F.,
  .F.,(2,2),(0.,1.117334552529),.PIECEWISE_BEZIER_KNOTS.);
#2551 = CARTESIAN_POINT('',(7.504899700188,3.42621956245,0.));
#2552 = CARTESIAN_POINT('',(6.973107232762,4.408885972715,0.));
#2553 = VECTOR('',#2554,1.);
#2554 = DIRECTION('',(-0.,-0.,-1.));
#2555 = ADVANCED_FACE('',(#2556),#2573,.F.);
#2556 = FACE_BOUND('',#2557,.F.);
#2557 = EDGE_LOOP('',(#2558,#2566,#2567,#2568));
#2558 = ORIENTED_EDGE('',*,*,#2559,.T.);
#2559 = EDGE_CURVE('',#2560,#1540,#2562,.T.);
#2560 = VERTEX_POINT('',#2561);
#2561 = CARTESIAN_POINT('',(7.545392169753,-4.770724525727,0.));
#2562 = LINE('',#2563,#2564);
#2563 = CARTESIAN_POINT('',(7.545392169753,-4.770724525727,0.));
#2564 = VECTOR('',#2565,1.);
#2565 = DIRECTION('',(0.,0.,1.));
#2566 = ORIENTED_EDGE('',*,*,#1566,.T.);
#2567 = ORIENTED_EDGE('',*,*,#2511,.F.);
#2568 = ORIENTED_EDGE('',*,*,#2569,.F.);
#2569 = EDGE_CURVE('',#2560,#2512,#2570,.T.);
#2570 = B_SPLINE_CURVE_WITH_KNOTS('',1,(#2571,#2572),.UNSPECIFIED.,.F.,
  .F.,(2,2),(0.,0.677079897466),.PIECEWISE_BEZIER_KNOTS.);
#2571 = CARTESIAN_POINT('',(7.545392169753,-4.770724525727,0.));
#2572 = CARTESIAN_POINT('',(6.973107232762,-4.408885972715,0.));
#2573 = SURFACE_OF_LINEAR_EXTRUSION('',#2574,#2577);
#2574 = B_SPLINE_CURVE_WITH_KNOTS('',1,(#2575,#2576),.UNSPECIFIED.,.F.,
  .F.,(2,2),(0.,0.677079897466),.PIECEWISE_BEZIER_KNOTS.);
#2575 = CARTESIAN_POINT('',(7.545392169753,-4.770724525727,0.));
#2576 = CARTESIAN_POINT('',(6.973107232762,-4.408885972715,0.));
#2577 = VECTOR('',#2578,1.);
#2578 = DIRECTION('',(-0.,-0.,-1.));
#2579 = ADVANCED_FACE('',(#2580),#2597,.F.);
#2580 = FACE_BOUND('',#2581,.F.);
#2581 = EDGE_LOOP('',(#2582,#2583,#2584,#2592));
#2582 = ORIENTED_EDGE('',*,*,#2537,.T.);
#2583 = ORIENTED_EDGE('',*,*,#268,.T.);
#2584 = ORIENTED_EDGE('',*,*,#2585,.F.);
#2585 = EDGE_CURVE('',#2586,#269,#2588,.T.);
#2586 = VERTEX_POINT('',#2587);
#2587 = CARTESIAN_POINT('',(7.545392169753,4.770724525727,0.));
#2588 = LINE('',#2589,#2590);
#2589 = CARTESIAN_POINT('',(7.545392169753,4.770724525727,0.));
#2590 = VECTOR('',#2591,1.);
#2591 = DIRECTION('',(0.,0.,1.));
#2592 = ORIENTED_EDGE('',*,*,#2593,.F.);
#2593 = EDGE_CURVE('',#2538,#2586,#2594,.T.);
#2594 = B_SPLINE_CURVE_WITH_KNOTS('',1,(#2595,#2596),.UNSPECIFIED.,.F.,
  .F.,(2,2),(0.,0.677079897466),.PIECEWISE_BEZIER_KNOTS.);
#2595 = CARTESIAN_POINT('',(6.973107232762,4.408885972715,0.));
#2596 = CARTESIAN_POINT('',(7.545392169753,4.770724525727,0.));
#2597 = SURFACE_OF_LINEAR_EXTRUSION('',#2598,#2601);
#2598 = B_SPLINE_CURVE_WITH_KNOTS('',1,(#2599,#2600),.UNSPECIFIED.,.F.,
  .F.,(2,2),(0.,0.677079897466),.PIECEWISE_BEZIER_KNOTS.);
#2599 = CARTESIAN_POINT('',(6.973107232762,4.408885972715,0.));
#2600 = CARTESIAN_POINT('',(7.545392169753,4.770724525727,0.));
#2601 = VECTOR('',#2602,1.);
#2602 = DIRECTION('',(-0.,-0.,-1.));
#2603 = ADVANCED_FACE('',(#2604),#2641,.F.);
#2604 = FACE_BOUND('',#2605,.F.);
#2605 = EDGE_LOOP('',(#2606,#2614,#2615,#2616));
#2606 = ORIENTED_EDGE('',*,*,#2607,.T.);
#2607 = EDGE_CURVE('',#2608,#1533,#2610,.T.);
#2608 = VERTEX_POINT('',#2609);
#2609 = CARTESIAN_POINT('',(8.492947066896,-6.174127478349,0.));
#2610 = LINE('',#2611,#2612);
#2611 = CARTESIAN_POINT('',(8.492947066896,-6.174127478349,0.));
#2612 = VECTOR('',#2613,1.);
#2613 = DIRECTION('',(0.,0.,1.));
#2614 = ORIENTED_EDGE('',*,*,#1539,.T.);
#2615 = ORIENTED_EDGE('',*,*,#2559,.F.);
#2616 = ORIENTED_EDGE('',*,*,#2617,.F.);
#2617 = EDGE_CURVE('',#2608,#2560,#2618,.T.);
#2618 = B_SPLINE_CURVE_WITH_KNOTS('',3,(#2619,#2620,#2621,#2622,#2623,
    #2624,#2625,#2626,#2627,#2628,#2629,#2630,#2631,#2632,#2633,#2634,
    #2635,#2636,#2637,#2638,#2639,#2640),.UNSPECIFIED.,.F.,.F.,(4,1,1,1,
    1,1,1,1,1,1,1,1,1,1,1,1,1,1,1,4),(0.,0.175408275205,0.341335022231,
    0.497780241091,0.6447439318,0.782226094377,0.910226728846,
    1.028745835234,1.137783413579,1.237339463926,1.327413986336,
    1.408006980892,1.479118447709,1.540748386957,1.592896798895,
    1.635563683959,1.668749042956,1.692452877662,1.706675193405,
    1.711416027488),.UNSPECIFIED.);
#2619 = CARTESIAN_POINT('',(8.492947066896,-6.174127478349,0.));
#2620 = CARTESIAN_POINT('',(8.47083510006,-6.120000759105,0.));
#2621 = CARTESIAN_POINT('',(8.426144805039,-6.015340409951,0.));
#2622 = CARTESIAN_POINT('',(8.356029668726,-5.864924965042,0.));
#2623 = CARTESIAN_POINT('',(8.285340592285,-5.725329392139,0.));
#2624 = CARTESIAN_POINT('',(8.214701616882,-5.596426032326,0.));
#2625 = CARTESIAN_POINT('',(8.144730135858,-5.478053634941,0.));
#2626 = CARTESIAN_POINT('',(8.076032172656,-5.370023349543,0.));
#2627 = CARTESIAN_POINT('',(8.009202024219,-5.272117917431,0.));
#2628 = CARTESIAN_POINT('',(7.944820870547,-5.184092579148,0.));
#2629 = CARTESIAN_POINT('',(7.883455659704,-5.105675635301,0.));
#2630 = CARTESIAN_POINT('',(7.825657980763,-5.036569115511,0.));
#2631 = CARTESIAN_POINT('',(7.771962907643,-4.976449585275,0.));
#2632 = CARTESIAN_POINT('',(7.722888099072,-4.924968638383,0.));
#2633 = CARTESIAN_POINT('',(7.678932217453,-4.881754567064,0.));
#2634 = CARTESIAN_POINT('',(7.640575529939,-4.846410656584,0.));
#2635 = CARTESIAN_POINT('',(7.608274242733,-4.818523544681,0.));
#2636 = CARTESIAN_POINT('',(7.582472362798,-4.797643798065,0.));
#2637 = CARTESIAN_POINT('',(7.563567857404,-4.783339281131,0.));
#2638 = CARTESIAN_POINT('',(7.551984503688,-4.775080483425,0.));
#2639 = CARTESIAN_POINT('',(7.546716882991,-4.77158647817,0.));
#2640 = CARTESIAN_POINT('',(7.545392169753,-4.770724525727,0.));
#2641 = SURFACE_OF_LINEAR_EXTRUSION('',#2642,#2665);
#2642 = B_SPLINE_CURVE_WITH_KNOTS('',3,(#2643,#2644,#2645,#2646,#2647,
    #2648,#2649,#2650,#2651,#2652,#2653,#2654,#2655,#2656,#2657,#2658,
    #2659,#2660,#2661,#2662,#2663,#2664),.UNSPECIFIED.,.F.,.F.,(4,1,1,1,
    1,1,1,1,1,1,1,1,1,1,1,1,1,1,1,4),(0.,0.175408275205,0.341335022231,
    0.497780241091,0.6447439318,0.782226094377,0.910226728846,
    1.028745835234,1.137783413579,1.237339463926,1.327413986336,
    1.408006980892,1.479118447709,1.540748386957,1.592896798895,
    1.635563683959,1.668749042956,1.692452877662,1.706675193405,
    1.711416027488),.UNSPECIFIED.);
#2643 = CARTESIAN_POINT('',(8.492947066896,-6.174127478349,0.));
#2644 = CARTESIAN_POINT('',(8.47083510006,-6.120000759105,0.));
#2645 = CARTESIAN_POINT('',(8.426144805039,-6.015340409951,0.));
#2646 = CARTESIAN_POINT('',(8.356029668726,-5.864924965042,0.));
#2647 = CARTESIAN_POINT('',(8.285340592285,-5.725329392139,0.));
#2648 = CARTESIAN_POINT('',(8.214701616882,-5.596426032326,0.));
#2649 = CARTESIAN_POINT('',(8.144730135858,-5.478053634941,0.));
#2650 = CARTESIAN_POINT('',(8.076032172656,-5.370023349543,0.));
#2651 = CARTESIAN_POINT('',(8.009202024219,-5.272117917431,0.));
#2652 = CARTESIAN_POINT('',(7.944820870547,-5.184092579148,0.));
#2653 = CARTESIAN_POINT('',(7.883455659704,-5.105675635301,0.));
#2654 = CARTESIAN_POINT('',(7.825657980763,-5.036569115511,0.));
#2655 = CARTESIAN_POINT('',(7.771962907643,-4.976449585275,0.));
#2656 = CARTESIAN_POINT('',(7.722888099072,-4.924968638383,0.));
#2657 = CARTESIAN_POINT('',(7.678932217453,-4.881754567064,0.));
#2658 = CARTESIAN_POINT('',(7.640575529939,-4.846410656584,0.));
#2659 = CARTESIAN_POINT('',(7.608274242733,-4.818523544681,0.));
#2660 = CARTESIAN_POINT('',(7.582472362798,-4.797643798065,0.));
#2661 = CARTESIAN_POINT('',(7.563567857404,-4.783339281131,0.));
#2662 = CARTESIAN_POINT('',(7.551984503688,-4.775080483425,0.));
#2663 = CARTESIAN_POINT('',(7.546716882991,-4.77158647817,0.));
#2664 = CARTESIAN_POINT('',(7.545392169753,-4.770724525727,0.));
#2665 = VECTOR('',#2666,1.);
#2666 = DIRECTION('',(-0.,-0.,-1.));
#2667 = ADVANCED_FACE('',(#2668),#2705,.F.);
#2668 = FACE_BOUND('',#2669,.F.);
#2669 = EDGE_LOOP('',(#2670,#2671,#2672,#2680));
#2670 = ORIENTED_EDGE('',*,*,#2585,.T.);
#2671 = ORIENTED_EDGE('',*,*,#275,.T.);
#2672 = ORIENTED_EDGE('',*,*,#2673,.F.);
#2673 = EDGE_CURVE('',#2674,#276,#2676,.T.);
#2674 = VERTEX_POINT('',#2675);
#2675 = CARTESIAN_POINT('',(8.492947066896,6.174127478349,0.));
#2676 = LINE('',#2677,#2678);
#2677 = CARTESIAN_POINT('',(8.492947066896,6.174127478349,0.));
#2678 = VECTOR('',#2679,1.);
#2679 = DIRECTION('',(0.,0.,1.));
#2680 = ORIENTED_EDGE('',*,*,#2681,.F.);
#2681 = EDGE_CURVE('',#2586,#2674,#2682,.T.);
#2682 = B_SPLINE_CURVE_WITH_KNOTS('',3,(#2683,#2684,#2685,#2686,#2687,
    #2688,#2689,#2690,#2691,#2692,#2693,#2694,#2695,#2696,#2697,#2698,
    #2699,#2700,#2701,#2702,#2703,#2704),.UNSPECIFIED.,.F.,.F.,(4,1,1,1,
    1,1,1,1,1,1,1,1,1,1,1,1,1,1,1,4),(0.,4.740834082121E-03,
    1.896314982603E-02,4.266698453205E-02,7.585234352884E-02,
    0.118519228593,0.170667640531,0.232297579778,0.303409046595,
    0.384002041151,0.474076563562,0.573632613909,0.682670192253,
    0.801189298642,0.929189933111,1.066672095688,1.213635786397,
    1.370081005257,1.536007752283,1.711416027488),.UNSPECIFIED.);
#2683 = CARTESIAN_POINT('',(7.545392169753,4.770724525727,0.));
#2684 = CARTESIAN_POINT('',(7.546716882991,4.77158647817,0.));
#2685 = CARTESIAN_POINT('',(7.551984503688,4.775080483425,0.));
#2686 = CARTESIAN_POINT('',(7.563567857404,4.783339281131,0.));
#2687 = CARTESIAN_POINT('',(7.582472362798,4.797643798065,0.));
#2688 = CARTESIAN_POINT('',(7.608274242733,4.818523544681,0.));
#2689 = CARTESIAN_POINT('',(7.640575529939,4.846410656584,0.));
#2690 = CARTESIAN_POINT('',(7.678932217453,4.881754567064,0.));
#2691 = CARTESIAN_POINT('',(7.722888099072,4.924968638383,0.));
#2692 = CARTESIAN_POINT('',(7.771962907643,4.976449585275,0.));
#2693 = CARTESIAN_POINT('',(7.825657980763,5.036569115511,0.));
#2694 = CARTESIAN_POINT('',(7.883455659704,5.105675635301,0.));
#2695 = CARTESIAN_POINT('',(7.944820870547,5.184092579148,0.));
#2696 = CARTESIAN_POINT('',(8.009202024219,5.272117917431,0.));
#2697 = CARTESIAN_POINT('',(8.076032172656,5.370023349543,0.));
#2698 = CARTESIAN_POINT('',(8.144730135858,5.478053634941,0.));
#2699 = CARTESIAN_POINT('',(8.214701616882,5.596426032326,0.));
#2700 = CARTESIAN_POINT('',(8.285340592285,5.725329392139,0.));
#2701 = CARTESIAN_POINT('',(8.356029668726,5.864924965042,0.));
#2702 = CARTESIAN_POINT('',(8.426144805039,6.015340409951,0.));
#2703 = CARTESIAN_POINT('',(8.47083510006,6.120000759105,0.));
#2704 = CARTESIAN_POINT('',(8.492947066896,6.174127478349,0.));
#2705 = SURFACE_OF_LINEAR_EXTRUSION('',#2706,#2729);
#2706 = B_SPLINE_CURVE_WITH_KNOTS('',3,(#2707,#2708,#2709,#2710,#2711,
    #2712,#2713,#2714,#2715,#2716,#2717,#2718,#2719,#2720,#2721,#2722,
    #2723,#2724,#2725,#2726,#2727,#2728),.UNSPECIFIED.,.F.,.F.,(4,1,1,1,
    1,1,1,1,1,1,1,1,1,1,1,1,1,1,1,4),(0.,4.740834082121E-03,
    1.896314982603E-02,4.266698453205E-02,7.585234352884E-02,
    0.118519228593,0.170667640531,0.232297579778,0.303409046595,
    0.384002041151,0.474076563562,0.573632613909,0.682670192253,
    0.801189298642,0.929189933111,1.066672095688,1.213635786397,
    1.370081005257,1.536007752283,1.711416027488),.UNSPECIFIED.);
#2707 = CARTESIAN_POINT('',(7.545392169753,4.770724525727,0.));
#2708 = CARTESIAN_POINT('',(7.546716882991,4.77158647817,0.));
#2709 = CARTESIAN_POINT('',(7.551984503688,4.775080483425,0.));
#2710 = CARTESIAN_POINT('',(7.563567857404,4.783339281131,0.));
#2711 = CARTESIAN_POINT('',(7.582472362798,4.797643798065,0.));
#2712 = CARTESIAN_POINT('',(7.608274242733,4.818523544681,0.));
#2713 = CARTESIAN_POINT('',(7.640575529939,4.846410656584,0.));
#2714 = CARTESIAN_POINT('',(7.678932217453,4.881754567064,0.));
#2715 = CARTESIAN_POINT('',(7.722888099072,4.924968638383,0.));
#2716 = CARTESIAN_POINT('',(7.771962907643,4.976449585275,0.));
#2717 = CARTESIAN_POINT('',(7.825657980763,5.036569115511,0.));
#2718 = CARTESIAN_POINT('',(7.883455659704,5.105675635301,0.));
#2719 = CARTESIAN_POINT('',(7.944820870547,5.184092579148,0.));
#2720 = CARTESIAN_POINT('',(8.009202024219,5.272117917431,0.));
#2721 = CARTESIAN_POINT('',(8.076032172656,5.370023349543,0.));
#2722 = CARTESIAN_POINT('',(8.144730135858,5.478053634941,0.));
#2723 = CARTESIAN_POINT('',(8.214701616882,5.596426032326,0.));
#2724 = CARTESIAN_POINT('',(8.285340592285,5.725329392139,0.));
#2725 = CARTESIAN_POINT('',(8.356029668726,5.864924965042,0.));
#2726 = CARTESIAN_POINT('',(8.426144805039,6.015340409951,0.));
#2727 = CARTESIAN_POINT('',(8.47083510006,6.120000759105,0.));
#2728 = CARTESIAN_POINT('',(8.492947066896,6.174127478349,0.));
#2729 = VECTOR('',#2730,1.);
#2730 = DIRECTION('',(-0.,-0.,-1.));
#2731 = ADVANCED_FACE('',(#2732),#2749,.F.);
#2732 = FACE_BOUND('',#2733,.F.);
#2733 = EDGE_LOOP('',(#2734,#2742,#2743,#2744));
#2734 = ORIENTED_EDGE('',*,*,#2735,.T.);
#2735 = EDGE_CURVE('',#2736,#1506,#2738,.T.);
#2736 = VERTEX_POINT('',#2737);
#2737 = CARTESIAN_POINT('',(8.070096067433,-6.717406453566,0.));
#2738 = LINE('',#2739,#2740);
#2739 = CARTESIAN_POINT('',(8.070096067433,-6.717406453566,0.));
#2740 = VECTOR('',#2741,1.);
#2741 = DIRECTION('',(0.,0.,1.));
#2742 = ORIENTED_EDGE('',*,*,#1532,.T.);
#2743 = ORIENTED_EDGE('',*,*,#2607,.F.);
#2744 = ORIENTED_EDGE('',*,*,#2745,.F.);
#2745 = EDGE_CURVE('',#2736,#2608,#2746,.T.);
#2746 = B_SPLINE_CURVE_WITH_KNOTS('',1,(#2747,#2748),.UNSPECIFIED.,.F.,
  .F.,(2,2),(0.,0.68844390669),.PIECEWISE_BEZIER_KNOTS.);
#2747 = CARTESIAN_POINT('',(8.070096067433,-6.717406453566,0.));
#2748 = CARTESIAN_POINT('',(8.492947066896,-6.174127478349,0.));
#2749 = SURFACE_OF_LINEAR_EXTRUSION('',#2750,#2753);
#2750 = B_SPLINE_CURVE_WITH_KNOTS('',1,(#2751,#2752),.UNSPECIFIED.,.F.,
  .F.,(2,2),(0.,0.68844390669),.PIECEWISE_BEZIER_KNOTS.);
#2751 = CARTESIAN_POINT('',(8.070096067433,-6.717406453566,0.));
#2752 = CARTESIAN_POINT('',(8.492947066896,-6.174127478349,0.));
#2753 = VECTOR('',#2754,1.);
#2754 = DIRECTION('',(-0.,-0.,-1.));
#2755 = ADVANCED_FACE('',(#2756),#2773,.F.);
#2756 = FACE_BOUND('',#2757,.F.);
#2757 = EDGE_LOOP('',(#2758,#2759,#2760,#2768));
#2758 = ORIENTED_EDGE('',*,*,#2673,.T.);
#2759 = ORIENTED_EDGE('',*,*,#302,.T.);
#2760 = ORIENTED_EDGE('',*,*,#2761,.F.);
#2761 = EDGE_CURVE('',#2762,#303,#2764,.T.);
#2762 = VERTEX_POINT('',#2763);
#2763 = CARTESIAN_POINT('',(8.070096067433,6.717406453566,0.));
#2764 = LINE('',#2765,#2766);
#2765 = CARTESIAN_POINT('',(8.070096067433,6.717406453566,0.));
#2766 = VECTOR('',#2767,1.);
#2767 = DIRECTION('',(0.,0.,1.));
#2768 = ORIENTED_EDGE('',*,*,#2769,.F.);
#2769 = EDGE_CURVE('',#2674,#2762,#2770,.T.);
#2770 = B_SPLINE_CURVE_WITH_KNOTS('',1,(#2771,#2772),.UNSPECIFIED.,.F.,
  .F.,(2,2),(0.,0.68844390669),.PIECEWISE_BEZIER_KNOTS.);
#2771 = CARTESIAN_POINT('',(8.492947066896,6.174127478349,0.));
#2772 = CARTESIAN_POINT('',(8.070096067433,6.717406453566,0.));
#2773 = SURFACE_OF_LINEAR_EXTRUSION('',#2774,#2777);
#2774 = B_SPLINE_CURVE_WITH_KNOTS('',1,(#2775,#2776),.UNSPECIFIED.,.F.,
  .F.,(2,2),(0.,0.68844390669),.PIECEWISE_BEZIER_KNOTS.);
#2775 = CARTESIAN_POINT('',(8.492947066896,6.174127478349,0.));
#2776 = CARTESIAN_POINT('',(8.070096067433,6.717406453566,0.));
#2777 = VECTOR('',#2778,1.);
#2778 = DIRECTION('',(-0.,-0.,-1.));
#2779 = ADVANCED_FACE('',(#2780),#2817,.F.);
#2780 = FACE_BOUND('',#2781,.F.);
#2781 = EDGE_LOOP('',(#2782,#2790,#2791,#2792));
#2782 = ORIENTED_EDGE('',*,*,#2783,.T.);
#2783 = EDGE_CURVE('',#2784,#1499,#2786,.T.);
#2784 = VERTEX_POINT('',#2785);
#2785 = CARTESIAN_POINT('',(6.477025896423,-6.143361541763,0.));
#2786 = LINE('',#2787,#2788);
#2787 = CARTESIAN_POINT('',(6.477025896423,-6.143361541763,0.));
#2788 = VECTOR('',#2789,1.);
#2789 = DIRECTION('',(0.,0.,1.));
#2790 = ORIENTED_EDGE('',*,*,#1505,.T.);
#2791 = ORIENTED_EDGE('',*,*,#2735,.F.);
#2792 = ORIENTED_EDGE('',*,*,#2793,.F.);
#2793 = EDGE_CURVE('',#2784,#2736,#2794,.T.);
#2794 = B_SPLINE_CURVE_WITH_KNOTS('',3,(#2795,#2796,#2797,#2798,#2799,
    #2800,#2801,#2802,#2803,#2804,#2805,#2806,#2807,#2808,#2809,#2810,
    #2811,#2812,#2813,#2814,#2815,#2816),.UNSPECIFIED.,.F.,.F.,(4,1,1,1,
    1,1,1,1,1,1,1,1,1,1,1,1,1,1,1,4),(0.,4.740834082121E-03,
    1.896314982603E-02,4.266698453205E-02,7.585234352884E-02,
    0.118519228593,0.170667640531,0.232297579778,0.303409046595,
    0.384002041151,0.474076563562,0.573632613909,0.682670192253,
    0.801189298642,0.929189933111,1.066672095688,1.213635786397,
    1.370081005257,1.536007752283,1.711416027488),.UNSPECIFIED.);
#2795 = CARTESIAN_POINT('',(6.477025896423,-6.143361541763,0.));
#2796 = CARTESIAN_POINT('',(6.478186671225,-6.144434122312,0.));
#2797 = CARTESIAN_POINT('',(6.482866885281,-6.148682827635,0.));
#2798 = CARTESIAN_POINT('',(6.493716511204,-6.15788431883,0.));
#2799 = CARTESIAN_POINT('',(6.51222409544,-6.172698800078,0.));
#2800 = CARTESIAN_POINT('',(6.538798914427,-6.19258547458,0.));
#2801 = CARTESIAN_POINT('',(6.573762185346,-6.217052469737,0.));
#2802 = CARTESIAN_POINT('',(6.617440591685,-6.245559035732,0.));
#2803 = CARTESIAN_POINT('',(6.670122854926,-6.277561451713,0.));
#2804 = CARTESIAN_POINT('',(6.732075651822,-6.312496758867,0.));
#2805 = CARTESIAN_POINT('',(6.803536901603,-6.349790304862,0.));
#2806 = CARTESIAN_POINT('',(6.884717271636,-6.388854742523,0.));
#2807 = CARTESIAN_POINT('',(6.975798946532,-6.429091972573,0.));
#2808 = CARTESIAN_POINT('',(7.076935371745,-6.469894137016,0.));
#2809 = CARTESIAN_POINT('',(7.188250755216,-6.510644937987,0.));
#2810 = CARTESIAN_POINT('',(7.309839695573,-6.550720894548,0.));
#2811 = CARTESIAN_POINT('',(7.441766912184,-6.589492561224,0.));
#2812 = CARTESIAN_POINT('',(7.584066706754,-6.626326098688,0.));
#2813 = CARTESIAN_POINT('',(7.736743834616,-6.660583420972,0.));
#2814 = CARTESIAN_POINT('',(7.899768855306,-6.691628243994,0.));
#2815 = CARTESIAN_POINT('',(8.012197444453,-6.709258431075,0.));
#2816 = CARTESIAN_POINT('',(8.070096067433,-6.717406453566,0.));
#2817 = SURFACE_OF_LINEAR_EXTRUSION('',#2818,#2841);
#2818 = B_SPLINE_CURVE_WITH_KNOTS('',3,(#2819,#2820,#2821,#2822,#2823,
    #2824,#2825,#2826,#2827,#2828,#2829,#2830,#2831,#2832,#2833,#2834,
    #2835,#2836,#2837,#2838,#2839,#2840),.UNSPECIFIED.,.F.,.F.,(4,1,1,1,
    1,1,1,1,1,1,1,1,1,1,1,1,1,1,1,4),(0.,4.740834082121E-03,
    1.896314982603E-02,4.266698453205E-02,7.585234352884E-02,
    0.118519228593,0.170667640531,0.232297579778,0.303409046595,
    0.384002041151,0.474076563562,0.573632613909,0.682670192253,
    0.801189298642,0.929189933111,1.066672095688,1.213635786397,
    1.370081005257,1.536007752283,1.711416027488),.UNSPECIFIED.);
#2819 = CARTESIAN_POINT('',(6.477025896423,-6.143361541763,0.));
#2820 = CARTESIAN_POINT('',(6.478186671225,-6.144434122312,0.));
#2821 = CARTESIAN_POINT('',(6.482866885281,-6.148682827635,0.));
#2822 = CARTESIAN_POINT('',(6.493716511204,-6.15788431883,0.));
#2823 = CARTESIAN_POINT('',(6.51222409544,-6.172698800078,0.));
#2824 = CARTESIAN_POINT('',(6.538798914427,-6.19258547458,0.));
#2825 = CARTESIAN_POINT('',(6.573762185346,-6.217052469737,0.));
#2826 = CARTESIAN_POINT('',(6.617440591685,-6.245559035732,0.));
#2827 = CARTESIAN_POINT('',(6.670122854926,-6.277561451713,0.));
#2828 = CARTESIAN_POINT('',(6.732075651822,-6.312496758867,0.));
#2829 = CARTESIAN_POINT('',(6.803536901603,-6.349790304862,0.));
#2830 = CARTESIAN_POINT('',(6.884717271636,-6.388854742523,0.));
#2831 = CARTESIAN_POINT('',(6.975798946532,-6.429091972573,0.));
#2832 = CARTESIAN_POINT('',(7.076935371745,-6.469894137016,0.));
#2833 = CARTESIAN_POINT('',(7.188250755216,-6.510644937987,0.));
#2834 = CARTESIAN_POINT('',(7.309839695573,-6.550720894548,0.));
#2835 = CARTESIAN_POINT('',(7.441766912184,-6.589492561224,0.));
#2836 = CARTESIAN_POINT('',(7.584066706754,-6.626326098688,0.));
#2837 = CARTESIAN_POINT('',(7.736743834616,-6.660583420972,0.));
#2838 = CARTESIAN_POINT('',(7.899768855306,-6.691628243994,0.));
#2839 = CARTESIAN_POINT('',(8.012197444453,-6.709258431075,0.));
#2840 = CARTESIAN_POINT('',(8.070096067433,-6.717406453566,0.));
#2841 = VECTOR('',#2842,1.);
#2842 = DIRECTION('',(-0.,-0.,-1.));
#2843 = ADVANCED_FACE('',(#2844),#2881,.F.);
#2844 = FACE_BOUND('',#2845,.F.);
#2845 = EDGE_LOOP('',(#2846,#2847,#2848,#2856));
#2846 = ORIENTED_EDGE('',*,*,#2761,.T.);
#2847 = ORIENTED_EDGE('',*,*,#309,.T.);
#2848 = ORIENTED_EDGE('',*,*,#2849,.F.);
#2849 = EDGE_CURVE('',#2850,#310,#2852,.T.);
#2850 = VERTEX_POINT('',#2851);
#2851 = CARTESIAN_POINT('',(6.477025896423,6.143361541763,0.));
#2852 = LINE('',#2853,#2854);
#2853 = CARTESIAN_POINT('',(6.477025896423,6.143361541763,0.));
#2854 = VECTOR('',#2855,1.);
#2855 = DIRECTION('',(0.,0.,1.));
#2856 = ORIENTED_EDGE('',*,*,#2857,.F.);
#2857 = EDGE_CURVE('',#2762,#2850,#2858,.T.);
#2858 = B_SPLINE_CURVE_WITH_KNOTS('',3,(#2859,#2860,#2861,#2862,#2863,
    #2864,#2865,#2866,#2867,#2868,#2869,#2870,#2871,#2872,#2873,#2874,
    #2875,#2876,#2877,#2878,#2879,#2880),.UNSPECIFIED.,.F.,.F.,(4,1,1,1,
    1,1,1,1,1,1,1,1,1,1,1,1,1,1,1,4),(0.,0.175408275205,0.341335022231,
    0.497780241091,0.6447439318,0.782226094377,0.910226728846,
    1.028745835234,1.137783413579,1.237339463926,1.327413986336,
    1.408006980892,1.479118447709,1.540748386957,1.592896798895,
    1.635563683959,1.668749042956,1.692452877662,1.706675193405,
    1.711416027488),.UNSPECIFIED.);
#2859 = CARTESIAN_POINT('',(8.070096067433,6.717406453566,0.));
#2860 = CARTESIAN_POINT('',(8.012197444453,6.709258431075,0.));
#2861 = CARTESIAN_POINT('',(7.899768855306,6.691628243994,0.));
#2862 = CARTESIAN_POINT('',(7.736743834616,6.660583420972,0.));
#2863 = CARTESIAN_POINT('',(7.584066706754,6.626326098688,0.));
#2864 = CARTESIAN_POINT('',(7.441766912184,6.589492561224,0.));
#2865 = CARTESIAN_POINT('',(7.309839695573,6.550720894548,0.));
#2866 = CARTESIAN_POINT('',(7.188250755216,6.510644937987,0.));
#2867 = CARTESIAN_POINT('',(7.076935371745,6.469894137016,0.));
#2868 = CARTESIAN_POINT('',(6.975798946532,6.429091972573,0.));
#2869 = CARTESIAN_POINT('',(6.884717271636,6.388854742523,0.));
#2870 = CARTESIAN_POINT('',(6.803536901603,6.349790304862,0.));
#2871 = CARTESIAN_POINT('',(6.732075651822,6.312496758867,0.));
#2872 = CARTESIAN_POINT('',(6.670122854926,6.277561451713,0.));
#2873 = CARTESIAN_POINT('',(6.617440591685,6.245559035732,0.));
#2874 = CARTESIAN_POINT('',(6.573762185346,6.217052469737,0.));
#2875 = CARTESIAN_POINT('',(6.538798914427,6.19258547458,0.));
#2876 = CARTESIAN_POINT('',(6.51222409544,6.172698800078,0.));
#2877 = CARTESIAN_POINT('',(6.493716511204,6.15788431883,0.));
#2878 = CARTESIAN_POINT('',(6.482866885281,6.148682827635,0.));
#2879 = CARTESIAN_POINT('',(6.478186671225,6.144434122312,0.));
#2880 = CARTESIAN_POINT('',(6.477025896423,6.143361541763,0.));
#2881 = SURFACE_OF_LINEAR_EXTRUSION('',#2882,#2905);
#2882 = B_SPLINE_CURVE_WITH_KNOTS('',3,(#2883,#2884,#2885,#2886,#2887,
    #2888,#2889,#2890,#2891,#2892,#2893,#2894,#2895,#2896,#2897,#2898,
    #2899,#2900,#2901,#2902,#2903,#2904),.UNSPECIFIED.,.F.,.F.,(4,1,1,1,
    1,1,1,1,1,1,1,1,1,1,1,1,1,1,1,4),(0.,0.175408275205,0.341335022231,
    0.497780241091,0.6447439318,0.782226094377,0.910226728846,
    1.028745835234,1.137783413579,1.237339463926,1.327413986336,
    1.408006980892,1.479118447709,1.540748386957,1.592896798895,
    1.635563683959,1.668749042956,1.692452877662,1.706675193405,
    1.711416027488),.UNSPECIFIED.);
#2883 = CARTESIAN_POINT('',(8.070096067433,6.717406453566,0.));
#2884 = CARTESIAN_POINT('',(8.012197444453,6.709258431075,0.));
#2885 = CARTESIAN_POINT('',(7.899768855306,6.691628243994,0.));
#2886 = CARTESIAN_POINT('',(7.736743834616,6.660583420972,0.));
#2887 = CARTESIAN_POINT('',(7.584066706754,6.626326098688,0.));
#2888 = CARTESIAN_POINT('',(7.441766912184,6.589492561224,0.));
#2889 = CARTESIAN_POINT('',(7.309839695573,6.550720894548,0.));
#2890 = CARTESIAN_POINT('',(7.188250755216,6.510644937987,0.));
#2891 = CARTESIAN_POINT('',(7.076935371745,6.469894137016,0.));
#2892 = CARTESIAN_POINT('',(6.975798946532,6.429091972573,0.));
#2893 = CARTESIAN_POINT('',(6.884717271636,6.388854742523,0.));
#2894 = CARTESIAN_POINT('',(6.803536901603,6.349790304862,0.));
#2895 = CARTESIAN_POINT('',(6.732075651822,6.312496758867,0.));
#2896 = CARTESIAN_POINT('',(6.670122854926,6.277561451713,0.));
#2897 = CARTESIAN_POINT('',(6.617440591685,6.245559035732,0.));
#2898 = CARTESIAN_POINT('',(6.573762185346,6.217052469737,0.));
#2899 = CARTESIAN_POINT('',(6.538798914427,6.19258547458,0.));
#2900 = CARTESIAN_POINT('',(6.51222409544,6.172698800078,0.));
#2901 = CARTESIAN_POINT('',(6.493716511204,6.15788431883,0.));
#2902 = CARTESIAN_POINT('',(6.482866885281,6.148682827635,0.));
#2903 = CARTESIAN_POINT('',(6.478186671225,6.144434122312,0.));
#2904 = CARTESIAN_POINT('',(6.477025896423,6.143361541763,0.));
#2905 = VECTOR('',#2906,1.);
#2906 = DIRECTION('',(-0.,-0.,-1.));
#2907 = ADVANCED_FACE('',(#2908),#2925,.F.);
#2908 = FACE_BOUND('',#2909,.F.);
#2909 = EDGE_LOOP('',(#2910,#2918,#2919,#2920));
#2910 = ORIENTED_EDGE('',*,*,#2911,.T.);
#2911 = EDGE_CURVE('',#2912,#1492,#2914,.T.);
#2912 = VERTEX_POINT('',#2913);
#2913 = CARTESIAN_POINT('',(5.985771860366,-5.677414485103,0.));
#2914 = LINE('',#2915,#2916);
#2915 = CARTESIAN_POINT('',(5.985771860366,-5.677414485103,0.));
#2916 = VECTOR('',#2917,1.);
#2917 = DIRECTION('',(0.,0.,1.));
#2918 = ORIENTED_EDGE('',*,*,#1498,.T.);
#2919 = ORIENTED_EDGE('',*,*,#2783,.F.);
#2920 = ORIENTED_EDGE('',*,*,#2921,.F.);
#2921 = EDGE_CURVE('',#2912,#2784,#2922,.T.);
#2922 = B_SPLINE_CURVE_WITH_KNOTS('',1,(#2923,#2924),.UNSPECIFIED.,.F.,
  .F.,(2,2),(0.,0.677079897466),.PIECEWISE_BEZIER_KNOTS.);
#2923 = CARTESIAN_POINT('',(5.985771860366,-5.677414485103,0.));
#2924 = CARTESIAN_POINT('',(6.477025896423,-6.143361541763,0.));
#2925 = SURFACE_OF_LINEAR_EXTRUSION('',#2926,#2929);
#2926 = B_SPLINE_CURVE_WITH_KNOTS('',1,(#2927,#2928),.UNSPECIFIED.,.F.,
  .F.,(2,2),(0.,0.677079897466),.PIECEWISE_BEZIER_KNOTS.);
#2927 = CARTESIAN_POINT('',(5.985771860366,-5.677414485103,0.));
#2928 = CARTESIAN_POINT('',(6.477025896423,-6.143361541763,0.));
#2929 = VECTOR('',#2930,1.);
#2930 = DIRECTION('',(-0.,-0.,-1.));
#2931 = ADVANCED_FACE('',(#2932),#2949,.F.);
#2932 = FACE_BOUND('',#2933,.F.);
#2933 = EDGE_LOOP('',(#2934,#2935,#2936,#2944));
#2934 = ORIENTED_EDGE('',*,*,#2849,.T.);
#2935 = ORIENTED_EDGE('',*,*,#336,.T.);
#2936 = ORIENTED_EDGE('',*,*,#2937,.F.);
#2937 = EDGE_CURVE('',#2938,#337,#2940,.T.);
#2938 = VERTEX_POINT('',#2939);
#2939 = CARTESIAN_POINT('',(5.985771860366,5.677414485103,0.));
#2940 = LINE('',#2941,#2942);
#2941 = CARTESIAN_POINT('',(5.985771860366,5.677414485103,0.));
#2942 = VECTOR('',#2943,1.);
#2943 = DIRECTION('',(0.,0.,1.));
#2944 = ORIENTED_EDGE('',*,*,#2945,.F.);
#2945 = EDGE_CURVE('',#2850,#2938,#2946,.T.);
#2946 = B_SPLINE_CURVE_WITH_KNOTS('',1,(#2947,#2948),.UNSPECIFIED.,.F.,
  .F.,(2,2),(0.,0.677079897466),.PIECEWISE_BEZIER_KNOTS.);
#2947 = CARTESIAN_POINT('',(6.477025896423,6.143361541763,0.));
#2948 = CARTESIAN_POINT('',(5.985771860366,5.677414485103,0.));
#2949 = SURFACE_OF_LINEAR_EXTRUSION('',#2950,#2953);
#2950 = B_SPLINE_CURVE_WITH_KNOTS('',1,(#2951,#2952),.UNSPECIFIED.,.F.,
  .F.,(2,2),(0.,0.677079897466),.PIECEWISE_BEZIER_KNOTS.);
#2951 = CARTESIAN_POINT('',(6.477025896423,6.143361541763,0.));
#2952 = CARTESIAN_POINT('',(5.985771860366,5.677414485103,0.));
#2953 = VECTOR('',#2954,1.);
#2954 = DIRECTION('',(-0.,-0.,-1.));
#2955 = ADVANCED_FACE('',(#2956),#2973,.F.);
#2956 = FACE_BOUND('',#2957,.F.);
#2957 = EDGE_LOOP('',(#2958,#2966,#2967,#2968));
#2958 = ORIENTED_EDGE('',*,*,#2959,.T.);
#2959 = EDGE_CURVE('',#2960,#1485,#2962,.T.);
#2960 = VERTEX_POINT('',#2961);
#2961 = CARTESIAN_POINT('',(5.163722113849,-6.434164586871,0.));
#2962 = LINE('',#2963,#2964);
#2963 = CARTESIAN_POINT('',(5.163722113849,-6.434164586871,0.));
#2964 = VECTOR('',#2965,1.);
#2965 = DIRECTION('',(0.,0.,1.));
#2966 = ORIENTED_EDGE('',*,*,#1491,.T.);
#2967 = ORIENTED_EDGE('',*,*,#2911,.F.);
#2968 = ORIENTED_EDGE('',*,*,#2969,.F.);
#2969 = EDGE_CURVE('',#2960,#2912,#2970,.T.);
#2970 = B_SPLINE_CURVE_WITH_KNOTS('',1,(#2971,#2972),.UNSPECIFIED.,.F.,
  .F.,(2,2),(0.,1.117334552529),.PIECEWISE_BEZIER_KNOTS.);
#2971 = CARTESIAN_POINT('',(5.163722113849,-6.434164586871,0.));
#2972 = CARTESIAN_POINT('',(5.985771860366,-5.677414485103,0.));
#2973 = SURFACE_OF_LINEAR_EXTRUSION('',#2974,#2977);
#2974 = B_SPLINE_CURVE_WITH_KNOTS('',1,(#2975,#2976),.UNSPECIFIED.,.F.,
  .F.,(2,2),(0.,1.117334552529),.PIECEWISE_BEZIER_KNOTS.);
#2975 = CARTESIAN_POINT('',(5.163722113849,-6.434164586871,0.));
#2976 = CARTESIAN_POINT('',(5.985771860366,-5.677414485103,0.));
#2977 = VECTOR('',#2978,1.);
#2978 = DIRECTION('',(-0.,-0.,-1.));
#2979 = ADVANCED_FACE('',(#2980),#2997,.F.);
#2980 = FACE_BOUND('',#2981,.F.);
#2981 = EDGE_LOOP('',(#2982,#2983,#2984,#2992));
#2982 = ORIENTED_EDGE('',*,*,#2937,.T.);
#2983 = ORIENTED_EDGE('',*,*,#343,.T.);
#2984 = ORIENTED_EDGE('',*,*,#2985,.F.);
#2985 = EDGE_CURVE('',#2986,#344,#2988,.T.);
#2986 = VERTEX_POINT('',#2987);
#2987 = CARTESIAN_POINT('',(5.163722113849,6.434164586871,0.));
#2988 = LINE('',#2989,#2990);
#2989 = CARTESIAN_POINT('',(5.163722113849,6.434164586871,0.));
#2990 = VECTOR('',#2991,1.);
#2991 = DIRECTION('',(0.,0.,1.));
#2992 = ORIENTED_EDGE('',*,*,#2993,.F.);
#2993 = EDGE_CURVE('',#2938,#2986,#2994,.T.);
#2994 = B_SPLINE_CURVE_WITH_KNOTS('',1,(#2995,#2996),.UNSPECIFIED.,.F.,
  .F.,(2,2),(0.,1.117334552529),.PIECEWISE_BEZIER_KNOTS.);
#2995 = CARTESIAN_POINT('',(5.985771860366,5.677414485103,0.));
#2996 = CARTESIAN_POINT('',(5.163722113849,6.434164586871,0.));
#2997 = SURFACE_OF_LINEAR_EXTRUSION('',#2998,#3001);
#2998 = B_SPLINE_CURVE_WITH_KNOTS('',1,(#2999,#3000),.UNSPECIFIED.,.F.,
  .F.,(2,2),(0.,1.117334552529),.PIECEWISE_BEZIER_KNOTS.);
#2999 = CARTESIAN_POINT('',(5.985771860366,5.677414485103,0.));
#3000 = CARTESIAN_POINT('',(5.163722113849,6.434164586871,0.));
#3001 = VECTOR('',#3002,1.);
#3002 = DIRECTION('',(-0.,-0.,-1.));
#3003 = ADVANCED_FACE('',(#3004),#3021,.F.);
#3004 = FACE_BOUND('',#3005,.F.);
#3005 = EDGE_LOOP('',(#3006,#3014,#3015,#3016));
#3006 = ORIENTED_EDGE('',*,*,#3007,.T.);
#3007 = EDGE_CURVE('',#3008,#1458,#3010,.T.);
#3008 = VERTEX_POINT('',#3009);
#3009 = CARTESIAN_POINT('',(5.58751028832,-6.962218344296,0.));
#3010 = LINE('',#3011,#3012);
#3011 = CARTESIAN_POINT('',(5.58751028832,-6.962218344296,0.));
#3012 = VECTOR('',#3013,1.);
#3013 = DIRECTION('',(0.,0.,1.));
#3014 = ORIENTED_EDGE('',*,*,#1484,.T.);
#3015 = ORIENTED_EDGE('',*,*,#2959,.F.);
#3016 = ORIENTED_EDGE('',*,*,#3017,.F.);
#3017 = EDGE_CURVE('',#3008,#2960,#3018,.T.);
#3018 = B_SPLINE_CURVE_WITH_KNOTS('',1,(#3019,#3020),.UNSPECIFIED.,.F.,
  .F.,(2,2),(0.,0.677079897466),.PIECEWISE_BEZIER_KNOTS.);
#3019 = CARTESIAN_POINT('',(5.58751028832,-6.962218344296,0.));
#3020 = CARTESIAN_POINT('',(5.163722113849,-6.434164586871,0.));
#3021 = SURFACE_OF_LINEAR_EXTRUSION('',#3022,#3025);
#3022 = B_SPLINE_CURVE_WITH_KNOTS('',1,(#3023,#3024),.UNSPECIFIED.,.F.,
  .F.,(2,2),(0.,0.677079897466),.PIECEWISE_BEZIER_KNOTS.);
#3023 = CARTESIAN_POINT('',(5.58751028832,-6.962218344296,0.));
#3024 = CARTESIAN_POINT('',(5.163722113849,-6.434164586871,0.));
#3025 = VECTOR('',#3026,1.);
#3026 = DIRECTION('',(-0.,-0.,-1.));
#3027 = ADVANCED_FACE('',(#3028),#3045,.F.);
#3028 = FACE_BOUND('',#3029,.F.);
#3029 = EDGE_LOOP('',(#3030,#3031,#3032,#3040));
#3030 = ORIENTED_EDGE('',*,*,#2985,.T.);
#3031 = ORIENTED_EDGE('',*,*,#350,.T.);
#3032 = ORIENTED_EDGE('',*,*,#3033,.F.);
#3033 = EDGE_CURVE('',#3034,#351,#3036,.T.);
#3034 = VERTEX_POINT('',#3035);
#3035 = CARTESIAN_POINT('',(5.58751028832,6.962218344296,0.));
#3036 = LINE('',#3037,#3038);
#3037 = CARTESIAN_POINT('',(5.58751028832,6.962218344296,0.));
#3038 = VECTOR('',#3039,1.);
#3039 = DIRECTION('',(0.,0.,1.));
#3040 = ORIENTED_EDGE('',*,*,#3041,.F.);
#3041 = EDGE_CURVE('',#2986,#3034,#3042,.T.);
#3042 = B_SPLINE_CURVE_WITH_KNOTS('',1,(#3043,#3044),.UNSPECIFIED.,.F.,
  .F.,(2,2),(0.,0.677079897466),.PIECEWISE_BEZIER_KNOTS.);
#3043 = CARTESIAN_POINT('',(5.163722113849,6.434164586871,0.));
#3044 = CARTESIAN_POINT('',(5.58751028832,6.962218344296,0.));
#3045 = SURFACE_OF_LINEAR_EXTRUSION('',#3046,#3049);
#3046 = B_SPLINE_CURVE_WITH_KNOTS('',1,(#3047,#3048),.UNSPECIFIED.,.F.,
  .F.,(2,2),(0.,0.677079897466),.PIECEWISE_BEZIER_KNOTS.);
#3047 = CARTESIAN_POINT('',(5.163722113849,6.434164586871,0.));
#3048 = CARTESIAN_POINT('',(5.58751028832,6.962218344296,0.));
#3049 = VECTOR('',#3050,1.);
#3050 = DIRECTION('',(-0.,-0.,-1.));
#3051 = ADVANCED_FACE('',(#3052),#3089,.F.);
#3052 = FACE_BOUND('',#3053,.F.);
#3053 = EDGE_LOOP('',(#3054,#3062,#3063,#3064));
#3054 = ORIENTED_EDGE('',*,*,#3055,.T.);
#3055 = EDGE_CURVE('',#3056,#1451,#3058,.T.);
#3056 = VERTEX_POINT('',#3057);
#3057 = CARTESIAN_POINT('',(6.028039853699,-8.597251626085,0.));
#3058 = LINE('',#3059,#3060);
#3059 = CARTESIAN_POINT('',(6.028039853699,-8.597251626085,0.));
#3060 = VECTOR('',#3061,1.);
#3061 = DIRECTION('',(0.,0.,1.));
#3062 = ORIENTED_EDGE('',*,*,#1457,.T.);
#3063 = ORIENTED_EDGE('',*,*,#3007,.F.);
#3064 = ORIENTED_EDGE('',*,*,#3065,.F.);
#3065 = EDGE_CURVE('',#3056,#3008,#3066,.T.);
#3066 = B_SPLINE_CURVE_WITH_KNOTS('',3,(#3067,#3068,#3069,#3070,#3071,
    #3072,#3073,#3074,#3075,#3076,#3077,#3078,#3079,#3080,#3081,#3082,
    #3083,#3084,#3085,#3086,#3087,#3088),.UNSPECIFIED.,.F.,.F.,(4,1,1,1,
    1,1,1,1,1,1,1,1,1,1,1,1,1,1,1,4),(0.,0.175408275205,0.341335022231,
    0.497780241091,0.6447439318,0.782226094377,0.910226728846,
    1.028745835234,1.137783413579,1.237339463926,1.327413986336,
    1.408006980892,1.479118447709,1.540748386957,1.592896798895,
    1.635563683959,1.668749042956,1.692452877662,1.706675193405,
    1.711416027488),.UNSPECIFIED.);
#3067 = CARTESIAN_POINT('',(6.028039853699,-8.597251626085,0.));
#3068 = CARTESIAN_POINT('',(6.024700891226,-8.538877897892,0.));
#3069 = CARTESIAN_POINT('',(6.016415199476,-8.425377420068,0.));
#3070 = CARTESIAN_POINT('',(5.998938909769,-8.260345551311,0.));
#3071 = CARTESIAN_POINT('',(5.977406570896,-8.105360945995,0.));
#3072 = CARTESIAN_POINT('',(5.952449862533,-7.960505487953,0.));
#3073 = CARTESIAN_POINT('',(5.924705083953,-7.825827130817,0.));
#3074 = CARTESIAN_POINT('',(5.894806742214,-7.701344032074,0.));
#3075 = CARTESIAN_POINT('',(5.863387477396,-7.587043672602,0.));
#3076 = CARTESIAN_POINT('',(5.831076452829,-7.482883263523,0.));
#3077 = CARTESIAN_POINT('',(5.798498118417,-7.388789914604,0.));
#3078 = CARTESIAN_POINT('',(5.766270927439,-7.304660900998,0.));
#3079 = CARTESIAN_POINT('',(5.735005981044,-7.230364050997,0.));
#3080 = CARTESIAN_POINT('',(5.705306017094,-7.165737919514,0.));
#3081 = CARTESIAN_POINT('',(5.677763372404,-7.110592854346,0.));
#3082 = CARTESIAN_POINT('',(5.652961104992,-7.064709578348,0.));
#3083 = CARTESIAN_POINT('',(5.631464921056,-7.027845256279,0.));
#3084 = CARTESIAN_POINT('',(5.613840700788,-6.999718975208,0.));
#3085 = CARTESIAN_POINT('',(5.600605162697,-6.98005123359,0.));
#3086 = CARTESIAN_POINT('',(5.592331054266,-6.968478811521,0.));
#3087 = CARTESIAN_POINT('',(5.58848334944,-6.963463727464,0.));
#3088 = CARTESIAN_POINT('',(5.58751028832,-6.962218344296,0.));
#3089 = SURFACE_OF_LINEAR_EXTRUSION('',#3090,#3113);
#3090 = B_SPLINE_CURVE_WITH_KNOTS('',3,(#3091,#3092,#3093,#3094,#3095,
    #3096,#3097,#3098,#3099,#3100,#3101,#3102,#3103,#3104,#3105,#3106,
    #3107,#3108,#3109,#3110,#3111,#3112),.UNSPECIFIED.,.F.,.F.,(4,1,1,1,
    1,1,1,1,1,1,1,1,1,1,1,1,1,1,1,4),(0.,0.175408275205,0.341335022231,
    0.497780241091,0.6447439318,0.782226094377,0.910226728846,
    1.028745835234,1.137783413579,1.237339463926,1.327413986336,
    1.408006980892,1.479118447709,1.540748386957,1.592896798895,
    1.635563683959,1.668749042956,1.692452877662,1.706675193405,
    1.711416027488),.UNSPECIFIED.);
#3091 = CARTESIAN_POINT('',(6.028039853699,-8.597251626085,0.));
#3092 = CARTESIAN_POINT('',(6.024700891226,-8.538877897892,0.));
#3093 = CARTESIAN_POINT('',(6.016415199476,-8.425377420068,0.));
#3094 = CARTESIAN_POINT('',(5.998938909769,-8.260345551311,0.));
#3095 = CARTESIAN_POINT('',(5.977406570896,-8.105360945995,0.));
#3096 = CARTESIAN_POINT('',(5.952449862533,-7.960505487953,0.));
#3097 = CARTESIAN_POINT('',(5.924705083953,-7.825827130817,0.));
#3098 = CARTESIAN_POINT('',(5.894806742214,-7.701344032074,0.));
#3099 = CARTESIAN_POINT('',(5.863387477396,-7.587043672602,0.));
#3100 = CARTESIAN_POINT('',(5.831076452829,-7.482883263523,0.));
#3101 = CARTESIAN_POINT('',(5.798498118417,-7.388789914604,0.));
#3102 = CARTESIAN_POINT('',(5.766270927439,-7.304660900998,0.));
#3103 = CARTESIAN_POINT('',(5.735005981044,-7.230364050997,0.));
#3104 = CARTESIAN_POINT('',(5.705306017094,-7.165737919514,0.));
#3105 = CARTESIAN_POINT('',(5.677763372404,-7.110592854346,0.));
#3106 = CARTESIAN_POINT('',(5.652961104992,-7.064709578348,0.));
#3107 = CARTESIAN_POINT('',(5.631464921056,-7.027845256279,0.));
#3108 = CARTESIAN_POINT('',(5.613840700788,-6.999718975208,0.));
#3109 = CARTESIAN_POINT('',(5.600605162697,-6.98005123359,0.));
#3110 = CARTESIAN_POINT('',(5.592331054266,-6.968478811521,0.));
#3111 = CARTESIAN_POINT('',(5.58848334944,-6.963463727464,0.));
#3112 = CARTESIAN_POINT('',(5.58751028832,-6.962218344296,0.));
#3113 = VECTOR('',#3114,1.);
#3114 = DIRECTION('',(-0.,-0.,-1.));
#3115 = ADVANCED_FACE('',(#3116),#3153,.F.);
#3116 = FACE_BOUND('',#3117,.F.);
#3117 = EDGE_LOOP('',(#3118,#3119,#3120,#3128));
#3118 = ORIENTED_EDGE('',*,*,#3033,.T.);
#3119 = ORIENTED_EDGE('',*,*,#357,.T.);
#3120 = ORIENTED_EDGE('',*,*,#3121,.F.);
#3121 = EDGE_CURVE('',#3122,#358,#3124,.T.);
#3122 = VERTEX_POINT('',#3123);
#3123 = CARTESIAN_POINT('',(6.028039853699,8.597251626085,0.));
#3124 = LINE('',#3125,#3126);
#3125 = CARTESIAN_POINT('',(6.028039853699,8.597251626085,0.));
#3126 = VECTOR('',#3127,1.);
#3127 = DIRECTION('',(0.,0.,1.));
#3128 = ORIENTED_EDGE('',*,*,#3129,.F.);
#3129 = EDGE_CURVE('',#3034,#3122,#3130,.T.);
#3130 = B_SPLINE_CURVE_WITH_KNOTS('',3,(#3131,#3132,#3133,#3134,#3135,
    #3136,#3137,#3138,#3139,#3140,#3141,#3142,#3143,#3144,#3145,#3146,
    #3147,#3148,#3149,#3150,#3151,#3152),.UNSPECIFIED.,.F.,.F.,(4,1,1,1,
    1,1,1,1,1,1,1,1,1,1,1,1,1,1,1,4),(0.,4.740834082121E-03,
    1.896314982603E-02,4.266698453205E-02,7.585234352884E-02,
    0.118519228593,0.170667640531,0.232297579778,0.303409046595,
    0.384002041151,0.474076563562,0.573632613909,0.682670192253,
    0.801189298642,0.929189933111,1.066672095688,1.213635786397,
    1.370081005257,1.536007752283,1.711416027488),.UNSPECIFIED.);
#3131 = CARTESIAN_POINT('',(5.58751028832,6.962218344296,0.));
#3132 = CARTESIAN_POINT('',(5.58848334944,6.963463727464,0.));
#3133 = CARTESIAN_POINT('',(5.592331054266,6.968478811521,0.));
#3134 = CARTESIAN_POINT('',(5.600605162697,6.98005123359,0.));
#3135 = CARTESIAN_POINT('',(5.613840700788,6.999718975208,0.));
#3136 = CARTESIAN_POINT('',(5.631464921056,7.027845256279,0.));
#3137 = CARTESIAN_POINT('',(5.652961104992,7.064709578348,0.));
#3138 = CARTESIAN_POINT('',(5.677763372404,7.110592854346,0.));
#3139 = CARTESIAN_POINT('',(5.705306017094,7.165737919514,0.));
#3140 = CARTESIAN_POINT('',(5.735005981044,7.230364050997,0.));
#3141 = CARTESIAN_POINT('',(5.766270927439,7.304660900998,0.));
#3142 = CARTESIAN_POINT('',(5.798498118417,7.388789914604,0.));
#3143 = CARTESIAN_POINT('',(5.831076452829,7.482883263523,0.));
#3144 = CARTESIAN_POINT('',(5.863387477396,7.587043672602,0.));
#3145 = CARTESIAN_POINT('',(5.894806742214,7.701344032074,0.));
#3146 = CARTESIAN_POINT('',(5.924705083953,7.825827130817,0.));
#3147 = CARTESIAN_POINT('',(5.952449862533,7.960505487953,0.));
#3148 = CARTESIAN_POINT('',(5.977406570896,8.105360945995,0.));
#3149 = CARTESIAN_POINT('',(5.998938909769,8.260345551311,0.));
#3150 = CARTESIAN_POINT('',(6.016415199476,8.425377420068,0.));
#3151 = CARTESIAN_POINT('',(6.024700891226,8.538877897892,0.));
#3152 = CARTESIAN_POINT('',(6.028039853699,8.597251626085,0.));
#3153 = SURFACE_OF_LINEAR_EXTRUSION('',#3154,#3177);
#3154 = B_SPLINE_CURVE_WITH_KNOTS('',3,(#3155,#3156,#3157,#3158,#3159,
    #3160,#3161,#3162,#3163,#3164,#3165,#3166,#3167,#3168,#3169,#3170,
    #3171,#3172,#3173,#3174,#3175,#3176),.UNSPECIFIED.,.F.,.F.,(4,1,1,1,
    1,1,1,1,1,1,1,1,1,1,1,1,1,1,1,4),(0.,4.740834082121E-03,
    1.896314982603E-02,4.266698453205E-02,7.585234352884E-02,
    0.118519228593,0.170667640531,0.232297579778,0.303409046595,
    0.384002041151,0.474076563562,0.573632613909,0.682670192253,
    0.801189298642,0.929189933111,1.066672095688,1.213635786397,
    1.370081005257,1.536007752283,1.711416027488),.UNSPECIFIED.);
#3155 = CARTESIAN_POINT('',(5.58751028832,6.962218344296,0.));
#3156 = CARTESIAN_POINT('',(5.58848334944,6.963463727464,0.));
#3157 = CARTESIAN_POINT('',(5.592331054266,6.968478811521,0.));
#3158 = CARTESIAN_POINT('',(5.600605162697,6.98005123359,0.));
#3159 = CARTESIAN_POINT('',(5.613840700788,6.999718975208,0.));
#3160 = CARTESIAN_POINT('',(5.631464921056,7.027845256279,0.));
#3161 = CARTESIAN_POINT('',(5.652961104992,7.064709578348,0.));
#3162 = CARTESIAN_POINT('',(5.677763372404,7.110592854346,0.));
#3163 = CARTESIAN_POINT('',(5.705306017094,7.165737919514,0.));
#3164 = CARTESIAN_POINT('',(5.735005981044,7.230364050997,0.));
#3165 = CARTESIAN_POINT('',(5.766270927439,7.304660900998,0.));
#3166 = CARTESIAN_POINT('',(5.798498118417,7.388789914604,0.));
#3167 = CARTESIAN_POINT('',(5.831076452829,7.482883263523,0.));
#3168 = CARTESIAN_POINT('',(5.863387477396,7.587043672602,0.));
#3169 = CARTESIAN_POINT('',(5.894806742214,7.701344032074,0.));
#3170 = CARTESIAN_POINT('',(5.924705083953,7.825827130817,0.));
#3171 = CARTESIAN_POINT('',(5.952449862533,7.960505487953,0.));
#3172 = CARTESIAN_POINT('',(5.977406570896,8.105360945995,0.));
#3173 = CARTESIAN_POINT('',(5.998938909769,8.260345551311,0.));
#3174 = CARTESIAN_POINT('',(6.016415199476,8.425377420068,0.));
#3175 = CARTESIAN_POINT('',(6.024700891226,8.538877897892,0.));
#3176 = CARTESIAN_POINT('',(6.028039853699,8.597251626085,0.));
#3177 = VECTOR('',#3178,1.);
#3178 = DIRECTION('',(-0.,-0.,-1.));
#3179 = ADVANCED_FACE('',(#3180),#3197,.F.);
#3180 = FACE_BOUND('',#3181,.F.);
#3181 = EDGE_LOOP('',(#3182,#3190,#3191,#3192));
#3182 = ORIENTED_EDGE('',*,*,#3183,.T.);
#3183 = EDGE_CURVE('',#3184,#1424,#3186,.T.);
#3184 = VERTEX_POINT('',#3185);
#3185 = CARTESIAN_POINT('',(5.451697692854,-8.97379475282,0.));
#3186 = LINE('',#3187,#3188);
#3187 = CARTESIAN_POINT('',(5.451697692854,-8.97379475282,0.));
#3188 = VECTOR('',#3189,1.);
#3189 = DIRECTION('',(0.,0.,1.));
#3190 = ORIENTED_EDGE('',*,*,#1450,.T.);
#3191 = ORIENTED_EDGE('',*,*,#3055,.F.);
#3192 = ORIENTED_EDGE('',*,*,#3193,.F.);
#3193 = EDGE_CURVE('',#3184,#3056,#3194,.T.);
#3194 = B_SPLINE_CURVE_WITH_KNOTS('',1,(#3195,#3196),.UNSPECIFIED.,.F.,
  .F.,(2,2),(0.,0.68844390669),.PIECEWISE_BEZIER_KNOTS.);
#3195 = CARTESIAN_POINT('',(5.451697692854,-8.97379475282,0.));
#3196 = CARTESIAN_POINT('',(6.028039853699,-8.597251626085,0.));
#3197 = SURFACE_OF_LINEAR_EXTRUSION('',#3198,#3201);
#3198 = B_SPLINE_CURVE_WITH_KNOTS('',1,(#3199,#3200),.UNSPECIFIED.,.F.,
  .F.,(2,2),(0.,0.68844390669),.PIECEWISE_BEZIER_KNOTS.);
#3199 = CARTESIAN_POINT('',(5.451697692854,-8.97379475282,0.));
#3200 = CARTESIAN_POINT('',(6.028039853699,-8.597251626085,0.));
#3201 = VECTOR('',#3202,1.);
#3202 = DIRECTION('',(-0.,-0.,-1.));
#3203 = ADVANCED_FACE('',(#3204),#3221,.F.);
#3204 = FACE_BOUND('',#3205,.F.);
#3205 = EDGE_LOOP('',(#3206,#3207,#3208,#3216));
#3206 = ORIENTED_EDGE('',*,*,#3121,.T.);
#3207 = ORIENTED_EDGE('',*,*,#384,.T.);
#3208 = ORIENTED_EDGE('',*,*,#3209,.F.);
#3209 = EDGE_CURVE('',#3210,#385,#3212,.T.);
#3210 = VERTEX_POINT('',#3211);
#3211 = CARTESIAN_POINT('',(5.451697692854,8.97379475282,0.));
#3212 = LINE('',#3213,#3214);
#3213 = CARTESIAN_POINT('',(5.451697692854,8.97379475282,0.));
#3214 = VECTOR('',#3215,1.);
#3215 = DIRECTION('',(0.,0.,1.));
#3216 = ORIENTED_EDGE('',*,*,#3217,.F.);
#3217 = EDGE_CURVE('',#3122,#3210,#3218,.T.);
#3218 = B_SPLINE_CURVE_WITH_KNOTS('',1,(#3219,#3220),.UNSPECIFIED.,.F.,
  .F.,(2,2),(0.,0.68844390669),.PIECEWISE_BEZIER_KNOTS.);
#3219 = CARTESIAN_POINT('',(6.028039853699,8.597251626085,0.));
#3220 = CARTESIAN_POINT('',(5.451697692854,8.97379475282,0.));
#3221 = SURFACE_OF_LINEAR_EXTRUSION('',#3222,#3225);
#3222 = B_SPLINE_CURVE_WITH_KNOTS('',1,(#3223,#3224),.UNSPECIFIED.,.F.,
  .F.,(2,2),(0.,0.68844390669),.PIECEWISE_BEZIER_KNOTS.);
#3223 = CARTESIAN_POINT('',(6.028039853699,8.597251626085,0.));
#3224 = CARTESIAN_POINT('',(5.451697692854,8.97379475282,0.));
#3225 = VECTOR('',#3226,1.);
#3226 = DIRECTION('',(-0.,-0.,-1.));
#3227 = ADVANCED_FACE('',(#3228),#3265,.F.);
#3228 = FACE_BOUND('',#3229,.F.);
#3229 = EDGE_LOOP('',(#3230,#3238,#3239,#3240));
#3230 = ORIENTED_EDGE('',*,*,#3231,.T.);
#3231 = EDGE_CURVE('',#3232,#1417,#3234,.T.);
#3232 = VERTEX_POINT('',#3233);
#3233 = CARTESIAN_POINT('',(4.131336536036,-7.913584138793,0.));
#3234 = LINE('',#3235,#3236);
#3235 = CARTESIAN_POINT('',(4.131336536036,-7.913584138793,0.));
#3236 = VECTOR('',#3237,1.);
#3237 = DIRECTION('',(0.,0.,1.));
#3238 = ORIENTED_EDGE('',*,*,#1423,.T.);
#3239 = ORIENTED_EDGE('',*,*,#3183,.F.);
#3240 = ORIENTED_EDGE('',*,*,#3241,.F.);
#3241 = EDGE_CURVE('',#3232,#3184,#3242,.T.);
#3242 = B_SPLINE_CURVE_WITH_KNOTS('',3,(#3243,#3244,#3245,#3246,#3247,
    #3248,#3249,#3250,#3251,#3252,#3253,#3254,#3255,#3256,#3257,#3258,
    #3259,#3260,#3261,#3262,#3263,#3264),.UNSPECIFIED.,.F.,.F.,(4,1,1,1,
    1,1,1,1,1,1,1,1,1,1,1,1,1,1,1,4),(0.,4.740834082121E-03,
    1.896314982603E-02,4.266698453205E-02,7.585234352884E-02,
    0.118519228593,0.170667640531,0.232297579778,0.303409046595,
    0.384002041151,0.474076563562,0.573632613909,0.682670192253,
    0.801189298642,0.929189933111,1.066672095688,1.213635786397,
    1.370081005257,1.536007752283,1.711416027488),.UNSPECIFIED.);
#3243 = CARTESIAN_POINT('',(4.131336536036,-7.913584138793,0.));
#3244 = CARTESIAN_POINT('',(4.132086150522,-7.914975506933,0.));
#3245 = CARTESIAN_POINT('',(4.135133225308,-7.920513668701,0.));
#3246 = CARTESIAN_POINT('',(4.142407269265,-7.932739465501,0.));
#3247 = CARTESIAN_POINT('',(4.15510180734,-7.95276066007,0.));
#3248 = CARTESIAN_POINT('',(4.173779536678,-7.980198649313,0.));
#3249 = CARTESIAN_POINT('',(4.198903980799,-8.014692510694,0.));
#3250 = CARTESIAN_POINT('',(4.230959703757,-8.055836867668,0.));
#3251 = CARTESIAN_POINT('',(4.270396329179,-8.10321120739,0.));
#3252 = CARTESIAN_POINT('',(4.317648876966,-8.156369663508,0.));
#3253 = CARTESIAN_POINT('',(4.373128964533,-8.214845972187,0.));
#3254 = CARTESIAN_POINT('',(4.437226556025,-8.278153013924,0.));
#3255 = CARTESIAN_POINT('',(4.510308167305,-8.345784251356,0.));
#3256 = CARTESIAN_POINT('',(4.592716300898,-8.417214585569,0.));
#3257 = CARTESIAN_POINT('',(4.684768546406,-8.491901441668,0.));
#3258 = CARTESIAN_POINT('',(4.786756820773,-8.569285836756,0.));
#3259 = CARTESIAN_POINT('',(4.898946717303,-8.648793444795,0.));
#3260 = CARTESIAN_POINT('',(5.021576486435,-8.729835907366,0.));
#3261 = CARTESIAN_POINT('',(5.154857812018,-8.811811255814,0.));
#3262 = CARTESIAN_POINT('',(5.298969449858,-8.894108122378,0.));
#3263 = CARTESIAN_POINT('',(5.399581835546,-8.947288560513,0.));
#3264 = CARTESIAN_POINT('',(5.451697692854,-8.97379475282,0.));
#3265 = SURFACE_OF_LINEAR_EXTRUSION('',#3266,#3289);
#3266 = B_SPLINE_CURVE_WITH_KNOTS('',3,(#3267,#3268,#3269,#3270,#3271,
    #3272,#3273,#3274,#3275,#3276,#3277,#3278,#3279,#3280,#3281,#3282,
    #3283,#3284,#3285,#3286,#3287,#3288),.UNSPECIFIED.,.F.,.F.,(4,1,1,1,
    1,1,1,1,1,1,1,1,1,1,1,1,1,1,1,4),(0.,4.740834082121E-03,
    1.896314982603E-02,4.266698453205E-02,7.585234352884E-02,
    0.118519228593,0.170667640531,0.232297579778,0.303409046595,
    0.384002041151,0.474076563562,0.573632613909,0.682670192253,
    0.801189298642,0.929189933111,1.066672095688,1.213635786397,
    1.370081005257,1.536007752283,1.711416027488),.UNSPECIFIED.);
#3267 = CARTESIAN_POINT('',(4.131336536036,-7.913584138793,0.));
#3268 = CARTESIAN_POINT('',(4.132086150522,-7.914975506933,0.));
#3269 = CARTESIAN_POINT('',(4.135133225308,-7.920513668701,0.));
#3270 = CARTESIAN_POINT('',(4.142407269265,-7.932739465501,0.));
#3271 = CARTESIAN_POINT('',(4.15510180734,-7.95276066007,0.));
#3272 = CARTESIAN_POINT('',(4.173779536678,-7.980198649313,0.));
#3273 = CARTESIAN_POINT('',(4.198903980799,-8.014692510694,0.));
#3274 = CARTESIAN_POINT('',(4.230959703757,-8.055836867668,0.));
#3275 = CARTESIAN_POINT('',(4.270396329179,-8.10321120739,0.));
#3276 = CARTESIAN_POINT('',(4.317648876966,-8.156369663508,0.));
#3277 = CARTESIAN_POINT('',(4.373128964533,-8.214845972187,0.));
#3278 = CARTESIAN_POINT('',(4.437226556025,-8.278153013924,0.));
#3279 = CARTESIAN_POINT('',(4.510308167305,-8.345784251356,0.));
#3280 = CARTESIAN_POINT('',(4.592716300898,-8.417214585569,0.));
#3281 = CARTESIAN_POINT('',(4.684768546406,-8.491901441668,0.));
#3282 = CARTESIAN_POINT('',(4.786756820773,-8.569285836756,0.));
#3283 = CARTESIAN_POINT('',(4.898946717303,-8.648793444795,0.));
#3284 = CARTESIAN_POINT('',(5.021576486435,-8.729835907366,0.));
#3285 = CARTESIAN_POINT('',(5.154857812018,-8.811811255814,0.));
#3286 = CARTESIAN_POINT('',(5.298969449858,-8.894108122378,0.));
#3287 = CARTESIAN_POINT('',(5.399581835546,-8.947288560513,0.));
#3288 = CARTESIAN_POINT('',(5.451697692854,-8.97379475282,0.));
#3289 = VECTOR('',#3290,1.);
#3290 = DIRECTION('',(-0.,-0.,-1.));
#3291 = ADVANCED_FACE('',(#3292),#3329,.F.);
#3292 = FACE_BOUND('',#3293,.F.);
#3293 = EDGE_LOOP('',(#3294,#3295,#3296,#3304));
#3294 = ORIENTED_EDGE('',*,*,#3209,.T.);
#3295 = ORIENTED_EDGE('',*,*,#391,.T.);
#3296 = ORIENTED_EDGE('',*,*,#3297,.F.);
#3297 = EDGE_CURVE('',#3298,#392,#3300,.T.);
#3298 = VERTEX_POINT('',#3299);
#3299 = CARTESIAN_POINT('',(4.131336536036,7.913584138793,0.));
#3300 = LINE('',#3301,#3302);
#3301 = CARTESIAN_POINT('',(4.131336536036,7.913584138793,0.));
#3302 = VECTOR('',#3303,1.);
#3303 = DIRECTION('',(0.,0.,1.));
#3304 = ORIENTED_EDGE('',*,*,#3305,.F.);
#3305 = EDGE_CURVE('',#3210,#3298,#3306,.T.);
#3306 = B_SPLINE_CURVE_WITH_KNOTS('',3,(#3307,#3308,#3309,#3310,#3311,
    #3312,#3313,#3314,#3315,#3316,#3317,#3318,#3319,#3320,#3321,#3322,
    #3323,#3324,#3325,#3326,#3327,#3328),.UNSPECIFIED.,.F.,.F.,(4,1,1,1,
    1,1,1,1,1,1,1,1,1,1,1,1,1,1,1,4),(0.,0.175408275205,0.341335022231,
    0.497780241091,0.6447439318,0.782226094377,0.910226728846,
    1.028745835234,1.137783413579,1.237339463926,1.327413986336,
    1.408006980892,1.479118447709,1.540748386957,1.592896798895,
    1.635563683959,1.668749042956,1.692452877662,1.706675193405,
    1.711416027488),.UNSPECIFIED.);
#3307 = CARTESIAN_POINT('',(5.451697692854,8.97379475282,0.));
#3308 = CARTESIAN_POINT('',(5.399581835546,8.947288560513,0.));
#3309 = CARTESIAN_POINT('',(5.298969449858,8.894108122378,0.));
#3310 = CARTESIAN_POINT('',(5.154857812018,8.811811255814,0.));
#3311 = CARTESIAN_POINT('',(5.021576486435,8.729835907366,0.));
#3312 = CARTESIAN_POINT('',(4.898946717303,8.648793444795,0.));
#3313 = CARTESIAN_POINT('',(4.786756820773,8.569285836756,0.));
#3314 = CARTESIAN_POINT('',(4.684768546406,8.491901441668,0.));
#3315 = CARTESIAN_POINT('',(4.592716300898,8.417214585569,0.));
#3316 = CARTESIAN_POINT('',(4.510308167305,8.345784251356,0.));
#3317 = CARTESIAN_POINT('',(4.437226556025,8.278153013924,0.));
#3318 = CARTESIAN_POINT('',(4.373128964533,8.214845972187,0.));
#3319 = CARTESIAN_POINT('',(4.317648876966,8.156369663508,0.));
#3320 = CARTESIAN_POINT('',(4.27039632918,8.10321120739,0.));
#3321 = CARTESIAN_POINT('',(4.230959703757,8.055836867668,0.));
#3322 = CARTESIAN_POINT('',(4.198903980799,8.014692510694,0.));
#3323 = CARTESIAN_POINT('',(4.173779536678,7.980198649313,0.));
#3324 = CARTESIAN_POINT('',(4.15510180734,7.95276066007,0.));
#3325 = CARTESIAN_POINT('',(4.142407269265,7.932739465501,0.));
#3326 = CARTESIAN_POINT('',(4.135133225308,7.920513668701,0.));
#3327 = CARTESIAN_POINT('',(4.132086150522,7.914975506933,0.));
#3328 = CARTESIAN_POINT('',(4.131336536036,7.913584138793,0.));
#3329 = SURFACE_OF_LINEAR_EXTRUSION('',#3330,#3353);
#3330 = B_SPLINE_CURVE_WITH_KNOTS('',3,(#3331,#3332,#3333,#3334,#3335,
    #3336,#3337,#3338,#3339,#3340,#3341,#3342,#3343,#3344,#3345,#3346,
    #3347,#3348,#3349,#3350,#3351,#3352),.UNSPECIFIED.,.F.,.F.,(4,1,1,1,
    1,1,1,1,1,1,1,1,1,1,1,1,1,1,1,4),(0.,0.175408275205,0.341335022231,
    0.497780241091,0.6447439318,0.782226094377,0.910226728846,
    1.028745835234,1.137783413579,1.237339463926,1.327413986336,
    1.408006980892,1.479118447709,1.540748386957,1.592896798895,
    1.635563683959,1.668749042956,1.692452877662,1.706675193405,
    1.711416027488),.UNSPECIFIED.);
#3331 = CARTESIAN_POINT('',(5.451697692854,8.97379475282,0.));
#3332 = CARTESIAN_POINT('',(5.399581835546,8.947288560513,0.));
#3333 = CARTESIAN_POINT('',(5.298969449858,8.894108122378,0.));
#3334 = CARTESIAN_POINT('',(5.154857812018,8.811811255814,0.));
#3335 = CARTESIAN_POINT('',(5.021576486435,8.729835907366,0.));
#3336 = CARTESIAN_POINT('',(4.898946717303,8.648793444795,0.));
#3337 = CARTESIAN_POINT('',(4.786756820773,8.569285836756,0.));
#3338 = CARTESIAN_POINT('',(4.684768546406,8.491901441668,0.));
#3339 = CARTESIAN_POINT('',(4.592716300898,8.417214585569,0.));
#3340 = CARTESIAN_POINT('',(4.510308167305,8.345784251356,0.));
#3341 = CARTESIAN_POINT('',(4.437226556025,8.278153013924,0.));
#3342 = CARTESIAN_POINT('',(4.373128964533,8.214845972187,0.));
#3343 = CARTESIAN_POINT('',(4.317648876966,8.156369663508,0.));
#3344 = CARTESIAN_POINT('',(4.27039632918,8.10321120739,0.));
#3345 = CARTESIAN_POINT('',(4.230959703757,8.055836867668,0.));
#3346 = CARTESIAN_POINT('',(4.198903980799,8.014692510694,0.));
#3347 = CARTESIAN_POINT('',(4.173779536678,7.980198649313,0.));
#3348 = CARTESIAN_POINT('',(4.15510180734,7.95276066007,0.));
#3349 = CARTESIAN_POINT('',(4.142407269265,7.932739465501,0.));
#3350 = CARTESIAN_POINT('',(4.135133225308,7.920513668701,0.));
#3351 = CARTESIAN_POINT('',(4.132086150522,7.914975506933,0.));
#3352 = CARTESIAN_POINT('',(4.131336536036,7.913584138793,0.));
#3353 = VECTOR('',#3354,1.);
#3354 = DIRECTION('',(-0.,-0.,-1.));
#3355 = ADVANCED_FACE('',(#3356),#3373,.F.);
#3356 = FACE_BOUND('',#3357,.F.);
#3357 = EDGE_LOOP('',(#3358,#3366,#3367,#3368));
#3358 = ORIENTED_EDGE('',*,*,#3359,.T.);
#3359 = EDGE_CURVE('',#3360,#1410,#3362,.T.);
#3360 = VERTEX_POINT('',#3361);
#3361 = CARTESIAN_POINT('',(3.817992760653,-7.313373454132,0.));
#3362 = LINE('',#3363,#3364);
#3363 = CARTESIAN_POINT('',(3.817992760653,-7.313373454132,0.));
#3364 = VECTOR('',#3365,1.);
#3365 = DIRECTION('',(0.,0.,1.));
#3366 = ORIENTED_EDGE('',*,*,#1416,.T.);
#3367 = ORIENTED_EDGE('',*,*,#3231,.F.);
#3368 = ORIENTED_EDGE('',*,*,#3369,.F.);
#3369 = EDGE_CURVE('',#3360,#3232,#3370,.T.);
#3370 = B_SPLINE_CURVE_WITH_KNOTS('',1,(#3371,#3372),.UNSPECIFIED.,.F.,
  .F.,(2,2),(0.,0.677079897466),.PIECEWISE_BEZIER_KNOTS.);
#3371 = CARTESIAN_POINT('',(3.817992760653,-7.313373454132,0.));
#3372 = CARTESIAN_POINT('',(4.131336536036,-7.913584138793,0.));
#3373 = SURFACE_OF_LINEAR_EXTRUSION('',#3374,#3377);
#3374 = B_SPLINE_CURVE_WITH_KNOTS('',1,(#3375,#3376),.UNSPECIFIED.,.F.,
  .F.,(2,2),(0.,0.677079897466),.PIECEWISE_BEZIER_KNOTS.);
#3375 = CARTESIAN_POINT('',(3.817992760653,-7.313373454132,0.));
#3376 = CARTESIAN_POINT('',(4.131336536036,-7.913584138793,0.));
#3377 = VECTOR('',#3378,1.);
#3378 = DIRECTION('',(-0.,-0.,-1.));
#3379 = ADVANCED_FACE('',(#3380),#3397,.F.);
#3380 = FACE_BOUND('',#3381,.F.);
#3381 = EDGE_LOOP('',(#3382,#3383,#3384,#3392));
#3382 = ORIENTED_EDGE('',*,*,#3297,.T.);
#3383 = ORIENTED_EDGE('',*,*,#418,.T.);
#3384 = ORIENTED_EDGE('',*,*,#3385,.F.);
#3385 = EDGE_CURVE('',#3386,#419,#3388,.T.);
#3386 = VERTEX_POINT('',#3387);
#3387 = CARTESIAN_POINT('',(3.817992760653,7.313373454132,0.));
#3388 = LINE('',#3389,#3390);
#3389 = CARTESIAN_POINT('',(3.817992760653,7.313373454132,0.));
#3390 = VECTOR('',#3391,1.);
#3391 = DIRECTION('',(0.,0.,1.));
#3392 = ORIENTED_EDGE('',*,*,#3393,.F.);
#3393 = EDGE_CURVE('',#3298,#3386,#3394,.T.);
#3394 = B_SPLINE_CURVE_WITH_KNOTS('',1,(#3395,#3396),.UNSPECIFIED.,.F.,
  .F.,(2,2),(0.,0.677079897466),.PIECEWISE_BEZIER_KNOTS.);
#3395 = CARTESIAN_POINT('',(4.131336536036,7.913584138793,0.));
#3396 = CARTESIAN_POINT('',(3.817992760653,7.313373454132,0.));
#3397 = SURFACE_OF_LINEAR_EXTRUSION('',#3398,#3401);
#3398 = B_SPLINE_CURVE_WITH_KNOTS('',1,(#3399,#3400),.UNSPECIFIED.,.F.,
  .F.,(2,2),(0.,0.677079897466),.PIECEWISE_BEZIER_KNOTS.);
#3399 = CARTESIAN_POINT('',(4.131336536036,7.913584138793,0.));
#3400 = CARTESIAN_POINT('',(3.817992760653,7.313373454132,0.));
#3401 = VECTOR('',#3402,1.);
#3402 = DIRECTION('',(-0.,-0.,-1.));
#3403 = ADVANCED_FACE('',(#3404),#3421,.F.);
#3404 = FACE_BOUND('',#3405,.F.);
#3405 = EDGE_LOOP('',(#3406,#3414,#3415,#3416));
#3406 = ORIENTED_EDGE('',*,*,#3407,.T.);
#3407 = EDGE_CURVE('',#3408,#1403,#3410,.T.);
#3408 = VERTEX_POINT('',#3409);
#3409 = CARTESIAN_POINT('',(2.794767580497,-7.76220163169,0.));
#3410 = LINE('',#3411,#3412);
#3411 = CARTESIAN_POINT('',(2.794767580497,-7.76220163169,0.));
#3412 = VECTOR('',#3413,1.);
#3413 = DIRECTION('',(0.,0.,1.));
#3414 = ORIENTED_EDGE('',*,*,#1409,.T.);
#3415 = ORIENTED_EDGE('',*,*,#3359,.F.);
#3416 = ORIENTED_EDGE('',*,*,#3417,.F.);
#3417 = EDGE_CURVE('',#3408,#3360,#3418,.T.);
#3418 = B_SPLINE_CURVE_WITH_KNOTS('',1,(#3419,#3420),.UNSPECIFIED.,.F.,
  .F.,(2,2),(0.,1.117334552529),.PIECEWISE_BEZIER_KNOTS.);
#3419 = CARTESIAN_POINT('',(2.794767580497,-7.76220163169,0.));
#3420 = CARTESIAN_POINT('',(3.817992760653,-7.313373454132,0.));
#3421 = SURFACE_OF_LINEAR_EXTRUSION('',#3422,#3425);
#3422 = B_SPLINE_CURVE_WITH_KNOTS('',1,(#3423,#3424),.UNSPECIFIED.,.F.,
  .F.,(2,2),(0.,1.117334552529),.PIECEWISE_BEZIER_KNOTS.);
#3423 = CARTESIAN_POINT('',(2.794767580497,-7.76220163169,0.));
#3424 = CARTESIAN_POINT('',(3.817992760653,-7.313373454132,0.));
#3425 = VECTOR('',#3426,1.);
#3426 = DIRECTION('',(-0.,-0.,-1.));
#3427 = ADVANCED_FACE('',(#3428),#3445,.F.);
#3428 = FACE_BOUND('',#3429,.F.);
#3429 = EDGE_LOOP('',(#3430,#3431,#3432,#3440));
#3430 = ORIENTED_EDGE('',*,*,#3385,.T.);
#3431 = ORIENTED_EDGE('',*,*,#425,.T.);
#3432 = ORIENTED_EDGE('',*,*,#3433,.F.);
#3433 = EDGE_CURVE('',#3434,#426,#3436,.T.);
#3434 = VERTEX_POINT('',#3435);
#3435 = CARTESIAN_POINT('',(2.794767580497,7.76220163169,0.));
#3436 = LINE('',#3437,#3438);
#3437 = CARTESIAN_POINT('',(2.794767580497,7.76220163169,0.));
#3438 = VECTOR('',#3439,1.);
#3439 = DIRECTION('',(0.,0.,1.));
#3440 = ORIENTED_EDGE('',*,*,#3441,.F.);
#3441 = EDGE_CURVE('',#3386,#3434,#3442,.T.);
#3442 = B_SPLINE_CURVE_WITH_KNOTS('',1,(#3443,#3444),.UNSPECIFIED.,.F.,
  .F.,(2,2),(0.,1.117334552529),.PIECEWISE_BEZIER_KNOTS.);
#3443 = CARTESIAN_POINT('',(3.817992760653,7.313373454132,0.));
#3444 = CARTESIAN_POINT('',(2.794767580497,7.76220163169,0.));
#3445 = SURFACE_OF_LINEAR_EXTRUSION('',#3446,#3449);
#3446 = B_SPLINE_CURVE_WITH_KNOTS('',1,(#3447,#3448),.UNSPECIFIED.,.F.,
  .F.,(2,2),(0.,1.117334552529),.PIECEWISE_BEZIER_KNOTS.);
#3447 = CARTESIAN_POINT('',(3.817992760653,7.313373454132,0.));
#3448 = CARTESIAN_POINT('',(2.794767580497,7.76220163169,0.));
#3449 = VECTOR('',#3450,1.);
#3450 = DIRECTION('',(-0.,-0.,-1.));
#3451 = ADVANCED_FACE('',(#3452),#3469,.F.);
#3452 = FACE_BOUND('',#3453,.F.);
#3453 = EDGE_LOOP('',(#3454,#3462,#3463,#3464));
#3454 = ORIENTED_EDGE('',*,*,#3455,.T.);
#3455 = EDGE_CURVE('',#3456,#1376,#3458,.T.);
#3456 = VERTEX_POINT('',#3457);
#3457 = CARTESIAN_POINT('',(3.024134967993,-8.399247775313,0.));
#3458 = LINE('',#3459,#3460);
#3459 = CARTESIAN_POINT('',(3.024134967993,-8.399247775313,0.));
#3460 = VECTOR('',#3461,1.);
#3461 = DIRECTION('',(0.,0.,1.));
#3462 = ORIENTED_EDGE('',*,*,#1402,.T.);
#3463 = ORIENTED_EDGE('',*,*,#3407,.F.);
#3464 = ORIENTED_EDGE('',*,*,#3465,.F.);
#3465 = EDGE_CURVE('',#3456,#3408,#3466,.T.);
#3466 = B_SPLINE_CURVE_WITH_KNOTS('',1,(#3467,#3468),.UNSPECIFIED.,.F.,
  .F.,(2,2),(0.,0.677079897466),.PIECEWISE_BEZIER_KNOTS.);
#3467 = CARTESIAN_POINT('',(3.024134967993,-8.399247775313,0.));
#3468 = CARTESIAN_POINT('',(2.794767580497,-7.76220163169,0.));
#3469 = SURFACE_OF_LINEAR_EXTRUSION('',#3470,#3473);
#3470 = B_SPLINE_CURVE_WITH_KNOTS('',1,(#3471,#3472),.UNSPECIFIED.,.F.,
  .F.,(2,2),(0.,0.677079897466),.PIECEWISE_BEZIER_KNOTS.);
#3471 = CARTESIAN_POINT('',(3.024134967993,-8.399247775313,0.));
#3472 = CARTESIAN_POINT('',(2.794767580497,-7.76220163169,0.));
#3473 = VECTOR('',#3474,1.);
#3474 = DIRECTION('',(-0.,-0.,-1.));
#3475 = ADVANCED_FACE('',(#3476),#3493,.F.);
#3476 = FACE_BOUND('',#3477,.F.);
#3477 = EDGE_LOOP('',(#3478,#3479,#3480,#3488));
#3478 = ORIENTED_EDGE('',*,*,#3433,.T.);
#3479 = ORIENTED_EDGE('',*,*,#432,.T.);
#3480 = ORIENTED_EDGE('',*,*,#3481,.F.);
#3481 = EDGE_CURVE('',#3482,#433,#3484,.T.);
#3482 = VERTEX_POINT('',#3483);
#3483 = CARTESIAN_POINT('',(3.024134967993,8.399247775313,0.));
#3484 = LINE('',#3485,#3486);
#3485 = CARTESIAN_POINT('',(3.024134967993,8.399247775313,0.));
#3486 = VECTOR('',#3487,1.);
#3487 = DIRECTION('',(0.,0.,1.));
#3488 = ORIENTED_EDGE('',*,*,#3489,.F.);
#3489 = EDGE_CURVE('',#3434,#3482,#3490,.T.);
#3490 = B_SPLINE_CURVE_WITH_KNOTS('',1,(#3491,#3492),.UNSPECIFIED.,.F.,
  .F.,(2,2),(0.,0.677079897466),.PIECEWISE_BEZIER_KNOTS.);
#3491 = CARTESIAN_POINT('',(2.794767580497,7.76220163169,0.));
#3492 = CARTESIAN_POINT('',(3.024134967993,8.399247775313,0.));
#3493 = SURFACE_OF_LINEAR_EXTRUSION('',#3494,#3497);
#3494 = B_SPLINE_CURVE_WITH_KNOTS('',1,(#3495,#3496),.UNSPECIFIED.,.F.,
  .F.,(2,2),(0.,0.677079897466),.PIECEWISE_BEZIER_KNOTS.);
#3495 = CARTESIAN_POINT('',(2.794767580497,7.76220163169,0.));
#3496 = CARTESIAN_POINT('',(3.024134967993,8.399247775313,0.));
#3497 = VECTOR('',#3498,1.);
#3498 = DIRECTION('',(-0.,-0.,-1.));
#3499 = ADVANCED_FACE('',(#3500),#3537,.F.);
#3500 = FACE_BOUND('',#3501,.F.);
#3501 = EDGE_LOOP('',(#3502,#3510,#3511,#3512));
#3502 = ORIENTED_EDGE('',*,*,#3503,.T.);
#3503 = EDGE_CURVE('',#3504,#1369,#3506,.T.);
#3504 = VERTEX_POINT('',#3505);
#3505 = CARTESIAN_POINT('',(2.909900987678,-10.08873016003,0.));
#3506 = LINE('',#3507,#3508);
#3507 = CARTESIAN_POINT('',(2.909900987678,-10.08873016003,0.));
#3508 = VECTOR('',#3509,1.);
#3509 = DIRECTION('',(0.,0.,1.));
#3510 = ORIENTED_EDGE('',*,*,#1375,.T.);
#3511 = ORIENTED_EDGE('',*,*,#3455,.F.);
#3512 = ORIENTED_EDGE('',*,*,#3513,.F.);
#3513 = EDGE_CURVE('',#3504,#3456,#3514,.T.);
#3514 = B_SPLINE_CURVE_WITH_KNOTS('',3,(#3515,#3516,#3517,#3518,#3519,
    #3520,#3521,#3522,#3523,#3524,#3525,#3526,#3527,#3528,#3529,#3530,
    #3531,#3532,#3533,#3534,#3535,#3536),.UNSPECIFIED.,.F.,.F.,(4,1,1,1,
    1,1,1,1,1,1,1,1,1,1,1,1,1,1,1,4),(0.,0.175408275205,0.341335022231,
    0.497780241091,0.6447439318,0.782226094377,0.910226728846,
    1.028745835234,1.137783413579,1.237339463926,1.327413986336,
    1.408006980892,1.479118447709,1.540748386957,1.592896798895,
    1.635563683959,1.668749042956,1.692452877662,1.706675193405,
    1.711416027488),.UNSPECIFIED.);
#3515 = CARTESIAN_POINT('',(2.909900987678,-10.08873016003,0.));
#3516 = CARTESIAN_POINT('',(2.925696857961,-10.0324351221,0.));
#3517 = CARTESIAN_POINT('',(2.954713652749,-9.922394053521,0.));
#3518 = CARTESIAN_POINT('',(2.99177003681,-9.760629524629,0.));
#3519 = CARTESIAN_POINT('',(3.021727798531,-9.60705087372,0.));
#3520 = CARTESIAN_POINT('',(3.045157803803,-9.461940653991,0.));
#3521 = CARTESIAN_POINT('',(3.062646304931,-9.325550826849,0.));
#3522 = CARTESIAN_POINT('',(3.074787533902,-9.198104590065,0.));
#3523 = CARTESIAN_POINT('',(3.082183917566,-9.079795520734,0.));
#3524 = CARTESIAN_POINT('',(3.085444422974,-8.970787437399,0.));
#3525 = CARTESIAN_POINT('',(3.085183333031,-8.87121415777,0.));
#3526 = CARTESIAN_POINT('',(3.082018946214,-8.78117933437,0.));
#3527 = CARTESIAN_POINT('',(3.076572168613,-8.700756381136,0.));
#3528 = CARTESIAN_POINT('',(3.06946550122,-8.629988309185,0.));
#3529 = CARTESIAN_POINT('',(3.06132076638,-8.568888073643,0.));
#3530 = CARTESIAN_POINT('',(3.05276062959,-8.517437597035,0.));
#3531 = CARTESIAN_POINT('',(3.044398994,-8.475590886105,0.));
#3532 = CARTESIAN_POINT('',(3.036862291134,-8.443265989556,0.));
#3533 = CARTESIAN_POINT('',(3.030729996268,-8.420366328236,0.));
#3534 = CARTESIAN_POINT('',(3.026661761158,-8.406734333299,0.));
#3535 = CARTESIAN_POINT('',(3.024650930724,-8.400741632615,0.));
#3536 = CARTESIAN_POINT('',(3.024134967993,-8.399247775313,0.));
#3537 = SURFACE_OF_LINEAR_EXTRUSION('',#3538,#3561);
#3538 = B_SPLINE_CURVE_WITH_KNOTS('',3,(#3539,#3540,#3541,#3542,#3543,
    #3544,#3545,#3546,#3547,#3548,#3549,#3550,#3551,#3552,#3553,#3554,
    #3555,#3556,#3557,#3558,#3559,#3560),.UNSPECIFIED.,.F.,.F.,(4,1,1,1,
    1,1,1,1,1,1,1,1,1,1,1,1,1,1,1,4),(0.,0.175408275205,0.341335022231,
    0.497780241091,0.6447439318,0.782226094377,0.910226728846,
    1.028745835234,1.137783413579,1.237339463926,1.327413986336,
    1.408006980892,1.479118447709,1.540748386957,1.592896798895,
    1.635563683959,1.668749042956,1.692452877662,1.706675193405,
    1.711416027488),.UNSPECIFIED.);
#3539 = CARTESIAN_POINT('',(2.909900987678,-10.08873016003,0.));
#3540 = CARTESIAN_POINT('',(2.925696857961,-10.0324351221,0.));
#3541 = CARTESIAN_POINT('',(2.954713652749,-9.922394053521,0.));
#3542 = CARTESIAN_POINT('',(2.99177003681,-9.760629524629,0.));
#3543 = CARTESIAN_POINT('',(3.021727798531,-9.60705087372,0.));
#3544 = CARTESIAN_POINT('',(3.045157803803,-9.461940653991,0.));
#3545 = CARTESIAN_POINT('',(3.062646304931,-9.325550826849,0.));
#3546 = CARTESIAN_POINT('',(3.074787533902,-9.198104590065,0.));
#3547 = CARTESIAN_POINT('',(3.082183917566,-9.079795520734,0.));
#3548 = CARTESIAN_POINT('',(3.085444422974,-8.970787437399,0.));
#3549 = CARTESIAN_POINT('',(3.085183333031,-8.87121415777,0.));
#3550 = CARTESIAN_POINT('',(3.082018946214,-8.78117933437,0.));
#3551 = CARTESIAN_POINT('',(3.076572168613,-8.700756381136,0.));
#3552 = CARTESIAN_POINT('',(3.06946550122,-8.629988309185,0.));
#3553 = CARTESIAN_POINT('',(3.06132076638,-8.568888073643,0.));
#3554 = CARTESIAN_POINT('',(3.05276062959,-8.517437597035,0.));
#3555 = CARTESIAN_POINT('',(3.044398994,-8.475590886105,0.));
#3556 = CARTESIAN_POINT('',(3.036862291134,-8.443265989556,0.));
#3557 = CARTESIAN_POINT('',(3.030729996268,-8.420366328236,0.));
#3558 = CARTESIAN_POINT('',(3.026661761158,-8.406734333299,0.));
#3559 = CARTESIAN_POINT('',(3.024650930724,-8.400741632615,0.));
#3560 = CARTESIAN_POINT('',(3.024134967993,-8.399247775313,0.));
#3561 = VECTOR('',#3562,1.);
#3562 = DIRECTION('',(-0.,-0.,-1.));
#3563 = ADVANCED_FACE('',(#3564),#3601,.F.);
#3564 = FACE_BOUND('',#3565,.F.);
#3565 = EDGE_LOOP('',(#3566,#3567,#3568,#3576));
#3566 = ORIENTED_EDGE('',*,*,#3481,.T.);
#3567 = ORIENTED_EDGE('',*,*,#439,.T.);
#3568 = ORIENTED_EDGE('',*,*,#3569,.F.);
#3569 = EDGE_CURVE('',#3570,#440,#3572,.T.);
#3570 = VERTEX_POINT('',#3571);
#3571 = CARTESIAN_POINT('',(2.909900987678,10.088730160031,0.));
#3572 = LINE('',#3573,#3574);
#3573 = CARTESIAN_POINT('',(2.909900987678,10.088730160031,0.));
#3574 = VECTOR('',#3575,1.);
#3575 = DIRECTION('',(0.,0.,1.));
#3576 = ORIENTED_EDGE('',*,*,#3577,.F.);
#3577 = EDGE_CURVE('',#3482,#3570,#3578,.T.);
#3578 = B_SPLINE_CURVE_WITH_KNOTS('',3,(#3579,#3580,#3581,#3582,#3583,
    #3584,#3585,#3586,#3587,#3588,#3589,#3590,#3591,#3592,#3593,#3594,
    #3595,#3596,#3597,#3598,#3599,#3600),.UNSPECIFIED.,.F.,.F.,(4,1,1,1,
    1,1,1,1,1,1,1,1,1,1,1,1,1,1,1,4),(0.,4.740834082121E-03,
    1.896314982603E-02,4.266698453205E-02,7.585234352884E-02,
    0.118519228593,0.170667640531,0.232297579778,0.303409046595,
    0.384002041151,0.474076563562,0.573632613909,0.682670192253,
    0.801189298642,0.929189933111,1.066672095688,1.213635786397,
    1.370081005257,1.536007752283,1.711416027488),.UNSPECIFIED.);
#3579 = CARTESIAN_POINT('',(3.024134967993,8.399247775313,0.));
#3580 = CARTESIAN_POINT('',(3.024650930724,8.400741632615,0.));
#3581 = CARTESIAN_POINT('',(3.026661761158,8.406734333299,0.));
#3582 = CARTESIAN_POINT('',(3.030729996268,8.420366328236,0.));
#3583 = CARTESIAN_POINT('',(3.036862291134,8.443265989556,0.));
#3584 = CARTESIAN_POINT('',(3.044398994,8.475590886105,0.));
#3585 = CARTESIAN_POINT('',(3.05276062959,8.517437597035,0.));
#3586 = CARTESIAN_POINT('',(3.06132076638,8.568888073643,0.));
#3587 = CARTESIAN_POINT('',(3.06946550122,8.629988309185,0.));
#3588 = CARTESIAN_POINT('',(3.076572168613,8.700756381136,0.));
#3589 = CARTESIAN_POINT('',(3.082018946214,8.78117933437,0.));
#3590 = CARTESIAN_POINT('',(3.085183333031,8.87121415777,0.));
#3591 = CARTESIAN_POINT('',(3.085444422974,8.970787437399,0.));
#3592 = CARTESIAN_POINT('',(3.082183917566,9.079795520734,0.));
#3593 = CARTESIAN_POINT('',(3.074787533902,9.198104590065,0.));
#3594 = CARTESIAN_POINT('',(3.062646304931,9.325550826849,0.));
#3595 = CARTESIAN_POINT('',(3.045157803803,9.461940653991,0.));
#3596 = CARTESIAN_POINT('',(3.021727798531,9.60705087372,0.));
#3597 = CARTESIAN_POINT('',(2.99177003681,9.760629524629,0.));
#3598 = CARTESIAN_POINT('',(2.954713652749,9.922394053521,0.));
#3599 = CARTESIAN_POINT('',(2.925696857961,10.032435122101,0.));
#3600 = CARTESIAN_POINT('',(2.909900987678,10.088730160031,0.));
#3601 = SURFACE_OF_LINEAR_EXTRUSION('',#3602,#3625);
#3602 = B_SPLINE_CURVE_WITH_KNOTS('',3,(#3603,#3604,#3605,#3606,#3607,
    #3608,#3609,#3610,#3611,#3612,#3613,#3614,#3615,#3616,#3617,#3618,
    #3619,#3620,#3621,#3622,#3623,#3624),.UNSPECIFIED.,.F.,.F.,(4,1,1,1,
    1,1,1,1,1,1,1,1,1,1,1,1,1,1,1,4),(0.,4.740834082121E-03,
    1.896314982603E-02,4.266698453205E-02,7.585234352884E-02,
    0.118519228593,0.170667640531,0.232297579778,0.303409046595,
    0.384002041151,0.474076563562,0.573632613909,0.682670192253,
    0.801189298642,0.929189933111,1.066672095688,1.213635786397,
    1.370081005257,1.536007752283,1.711416027488),.UNSPECIFIED.);
#3603 = CARTESIAN_POINT('',(3.024134967993,8.399247775313,0.));
#3604 = CARTESIAN_POINT('',(3.024650930724,8.400741632615,0.));
#3605 = CARTESIAN_POINT('',(3.026661761158,8.406734333299,0.));
#3606 = CARTESIAN_POINT('',(3.030729996268,8.420366328236,0.));
#3607 = CARTESIAN_POINT('',(3.036862291134,8.443265989556,0.));
#3608 = CARTESIAN_POINT('',(3.044398994,8.475590886105,0.));
#3609 = CARTESIAN_POINT('',(3.05276062959,8.517437597035,0.));
#3610 = CARTESIAN_POINT('',(3.06132076638,8.568888073643,0.));
#3611 = CARTESIAN_POINT('',(3.06946550122,8.629988309185,0.));
#3612 = CARTESIAN_POINT('',(3.076572168613,8.700756381136,0.));
#3613 = CARTESIAN_POINT('',(3.082018946214,8.78117933437,0.));
#3614 = CARTESIAN_POINT('',(3.085183333031,8.87121415777,0.));
#3615 = CARTESIAN_POINT('',(3.085444422974,8.970787437399,0.));
#3616 = CARTESIAN_POINT('',(3.082183917566,9.079795520734,0.));
#3617 = CARTESIAN_POINT('',(3.074787533902,9.198104590065,0.));
#3618 = CARTESIAN_POINT('',(3.062646304931,9.325550826849,0.));
#3619 = CARTESIAN_POINT('',(3.045157803803,9.461940653991,0.));
#3620 = CARTESIAN_POINT('',(3.021727798531,9.60705087372,0.));
#3621 = CARTESIAN_POINT('',(2.99177003681,9.760629524629,0.));
#3622 = CARTESIAN_POINT('',(2.954713652749,9.922394053521,0.));
#3623 = CARTESIAN_POINT('',(2.925696857961,10.032435122101,0.));
#3624 = CARTESIAN_POINT('',(2.909900987678,10.088730160031,0.));
#3625 = VECTOR('',#3626,1.);
#3626 = DIRECTION('',(-0.,-0.,-1.));
#3627 = ADVANCED_FACE('',(#3628),#3645,.F.);
#3628 = FACE_BOUND('',#3629,.F.);
#3629 = EDGE_LOOP('',(#3630,#3638,#3639,#3640));
#3630 = ORIENTED_EDGE('',*,*,#3631,.T.);
#3631 = EDGE_CURVE('',#3632,#1342,#3634,.T.);
#3632 = VERTEX_POINT('',#3633);
#3633 = CARTESIAN_POINT('',(2.242523281448,-10.25773314783,0.));
#3634 = LINE('',#3635,#3636);
#3635 = CARTESIAN_POINT('',(2.242523281448,-10.25773314783,0.));
#3636 = VECTOR('',#3637,1.);
#3637 = DIRECTION('',(0.,0.,1.));
#3638 = ORIENTED_EDGE('',*,*,#1368,.T.);
#3639 = ORIENTED_EDGE('',*,*,#3503,.F.);
#3640 = ORIENTED_EDGE('',*,*,#3641,.F.);
#3641 = EDGE_CURVE('',#3632,#3504,#3642,.T.);
#3642 = B_SPLINE_CURVE_WITH_KNOTS('',1,(#3643,#3644),.UNSPECIFIED.,.F.,
  .F.,(2,2),(0.,0.68844390669),.PIECEWISE_BEZIER_KNOTS.);
#3643 = CARTESIAN_POINT('',(2.242523281448,-10.25773314783,0.));
#3644 = CARTESIAN_POINT('',(2.909900987678,-10.08873016003,0.));
#3645 = SURFACE_OF_LINEAR_EXTRUSION('',#3646,#3649);
#3646 = B_SPLINE_CURVE_WITH_KNOTS('',1,(#3647,#3648),.UNSPECIFIED.,.F.,
  .F.,(2,2),(0.,0.68844390669),.PIECEWISE_BEZIER_KNOTS.);
#3647 = CARTESIAN_POINT('',(2.242523281448,-10.25773314783,0.));
#3648 = CARTESIAN_POINT('',(2.909900987678,-10.08873016003,0.));
#3649 = VECTOR('',#3650,1.);
#3650 = DIRECTION('',(-0.,-0.,-1.));
#3651 = ADVANCED_FACE('',(#3652),#3669,.F.);
#3652 = FACE_BOUND('',#3653,.F.);
#3653 = EDGE_LOOP('',(#3654,#3655,#3656,#3664));
#3654 = ORIENTED_EDGE('',*,*,#3569,.T.);
#3655 = ORIENTED_EDGE('',*,*,#466,.T.);
#3656 = ORIENTED_EDGE('',*,*,#3657,.F.);
#3657 = EDGE_CURVE('',#3658,#467,#3660,.T.);
#3658 = VERTEX_POINT('',#3659);
#3659 = CARTESIAN_POINT('',(2.242523281448,10.257733147834,0.));
#3660 = LINE('',#3661,#3662);
#3661 = CARTESIAN_POINT('',(2.242523281448,10.257733147834,0.));
#3662 = VECTOR('',#3663,1.);
#3663 = DIRECTION('',(0.,0.,1.));
#3664 = ORIENTED_EDGE('',*,*,#3665,.F.);
#3665 = EDGE_CURVE('',#3570,#3658,#3666,.T.);
#3666 = B_SPLINE_CURVE_WITH_KNOTS('',1,(#3667,#3668),.UNSPECIFIED.,.F.,
  .F.,(2,2),(0.,0.68844390669),.PIECEWISE_BEZIER_KNOTS.);
#3667 = CARTESIAN_POINT('',(2.909900987678,10.088730160031,0.));
#3668 = CARTESIAN_POINT('',(2.242523281448,10.257733147834,0.));
#3669 = SURFACE_OF_LINEAR_EXTRUSION('',#3670,#3673);
#3670 = B_SPLINE_CURVE_WITH_KNOTS('',1,(#3671,#3672),.UNSPECIFIED.,.F.,
  .F.,(2,2),(0.,0.68844390669),.PIECEWISE_BEZIER_KNOTS.);
#3671 = CARTESIAN_POINT('',(2.909900987678,10.088730160031,0.));
#3672 = CARTESIAN_POINT('',(2.242523281448,10.257733147834,0.));
#3673 = VECTOR('',#3674,1.);
#3674 = DIRECTION('',(-0.,-0.,-1.));
#3675 = ADVANCED_FACE('',(#3676),#3713,.F.);
#3676 = FACE_BOUND('',#3677,.F.);
#3677 = EDGE_LOOP('',(#3678,#3686,#3687,#3688));
#3678 = ORIENTED_EDGE('',*,*,#3679,.T.);
#3679 = EDGE_CURVE('',#3680,#1335,#3682,.T.);
#3680 = VERTEX_POINT('',#3681);
#3681 = CARTESIAN_POINT('',(1.337952757677,-8.826247102476,0.));
#3682 = LINE('',#3683,#3684);
#3683 = CARTESIAN_POINT('',(1.337952757677,-8.826247102476,0.));
#3684 = VECTOR('',#3685,1.);
#3685 = DIRECTION('',(0.,0.,1.));
#3686 = ORIENTED_EDGE('',*,*,#1341,.T.);
#3687 = ORIENTED_EDGE('',*,*,#3631,.F.);
#3688 = ORIENTED_EDGE('',*,*,#3689,.F.);
#3689 = EDGE_CURVE('',#3680,#3632,#3690,.T.);
#3690 = B_SPLINE_CURVE_WITH_KNOTS('',3,(#3691,#3692,#3693,#3694,#3695,
    #3696,#3697,#3698,#3699,#3700,#3701,#3702,#3703,#3704,#3705,#3706,
    #3707,#3708,#3709,#3710,#3711,#3712),.UNSPECIFIED.,.F.,.F.,(4,1,1,1,
    1,1,1,1,1,1,1,1,1,1,1,1,1,1,1,4),(0.,4.740834082121E-03,
    1.896314982603E-02,4.266698453205E-02,7.585234352884E-02,
    0.118519228593,0.170667640531,0.232297579778,0.303409046595,
    0.384002041151,0.474076563562,0.573632613909,0.682670192253,
    0.801189298642,0.929189933111,1.066672095688,1.213635786397,
    1.370081005257,1.536007752283,1.711416027488),.UNSPECIFIED.);
#3691 = CARTESIAN_POINT('',(1.337952757677,-8.826247102476,0.));
#3692 = CARTESIAN_POINT('',(1.338209979487,-8.827806481878,0.));
#3693 = CARTESIAN_POINT('',(1.33929371717,-8.834033954331,0.));
#3694 = CARTESIAN_POINT('',(1.342203923629,-8.847959201949,0.));
#3695 = CARTESIAN_POINT('',(1.347709765367,-8.871017502747,0.));
#3696 = CARTESIAN_POINT('',(1.356466383267,-8.903033474853,0.));
#3697 = CARTESIAN_POINT('',(1.369029377224,-8.943816257351,0.));
#3698 = CARTESIAN_POINT('',(1.385988681823,-8.993139775804,0.));
#3699 = CARTESIAN_POINT('',(1.40790609914,-9.05075229447,0.));
#3700 = CARTESIAN_POINT('',(1.435337851065,-9.116373355993,0.));
#3701 = CARTESIAN_POINT('',(1.468824648068,-9.189695611957,0.));
#3702 = CARTESIAN_POINT('',(1.508893492404,-9.270384957488,0.));
#3703 = CARTESIAN_POINT('',(1.556055513508,-9.35808130832,0.));
#3704 = CARTESIAN_POINT('',(1.610805155513,-9.452399227234,0.));
#3705 = CARTESIAN_POINT('',(1.67361897392,-9.552928658717,0.));
#3706 = CARTESIAN_POINT('',(1.744954570257,-9.659235692382,0.));
#3707 = CARTESIAN_POINT('',(1.825249630612,-9.770863358765,0.));
#3708 = CARTESIAN_POINT('',(1.914920536023,-9.88733253812,0.));
#3709 = CARTESIAN_POINT('',(2.014362959627,-10.00814261174,0.));
#3710 = CARTESIAN_POINT('',(2.123944482536,-10.13277337939,0.));
#3711 = CARTESIAN_POINT('',(2.201837751613,-10.21574114293,0.));
#3712 = CARTESIAN_POINT('',(2.242523281448,-10.25773314783,0.));
#3713 = SURFACE_OF_LINEAR_EXTRUSION('',#3714,#3737);
#3714 = B_SPLINE_CURVE_WITH_KNOTS('',3,(#3715,#3716,#3717,#3718,#3719,
    #3720,#3721,#3722,#3723,#3724,#3725,#3726,#3727,#3728,#3729,#3730,
    #3731,#3732,#3733,#3734,#3735,#3736),.UNSPECIFIED.,.F.,.F.,(4,1,1,1,
    1,1,1,1,1,1,1,1,1,1,1,1,1,1,1,4),(0.,4.740834082121E-03,
    1.896314982603E-02,4.266698453205E-02,7.585234352884E-02,
    0.118519228593,0.170667640531,0.232297579778,0.303409046595,
    0.384002041151,0.474076563562,0.573632613909,0.682670192253,
    0.801189298642,0.929189933111,1.066672095688,1.213635786397,
    1.370081005257,1.536007752283,1.711416027488),.UNSPECIFIED.);
#3715 = CARTESIAN_POINT('',(1.337952757677,-8.826247102476,0.));
#3716 = CARTESIAN_POINT('',(1.338209979487,-8.827806481878,0.));
#3717 = CARTESIAN_POINT('',(1.33929371717,-8.834033954331,0.));
#3718 = CARTESIAN_POINT('',(1.342203923629,-8.847959201949,0.));
#3719 = CARTESIAN_POINT('',(1.347709765367,-8.871017502747,0.));
#3720 = CARTESIAN_POINT('',(1.356466383267,-8.903033474853,0.));
#3721 = CARTESIAN_POINT('',(1.369029377224,-8.943816257351,0.));
#3722 = CARTESIAN_POINT('',(1.385988681823,-8.993139775804,0.));
#3723 = CARTESIAN_POINT('',(1.40790609914,-9.05075229447,0.));
#3724 = CARTESIAN_POINT('',(1.435337851065,-9.116373355993,0.));
#3725 = CARTESIAN_POINT('',(1.468824648068,-9.189695611957,0.));
#3726 = CARTESIAN_POINT('',(1.508893492404,-9.270384957488,0.));
#3727 = CARTESIAN_POINT('',(1.556055513508,-9.35808130832,0.));
#3728 = CARTESIAN_POINT('',(1.610805155513,-9.452399227234,0.));
#3729 = CARTESIAN_POINT('',(1.67361897392,-9.552928658717,0.));
#3730 = CARTESIAN_POINT('',(1.744954570257,-9.659235692382,0.));
#3731 = CARTESIAN_POINT('',(1.825249630612,-9.770863358765,0.));
#3732 = CARTESIAN_POINT('',(1.914920536023,-9.88733253812,0.));
#3733 = CARTESIAN_POINT('',(2.014362959627,-10.00814261174,0.));
#3734 = CARTESIAN_POINT('',(2.123944482536,-10.13277337939,0.));
#3735 = CARTESIAN_POINT('',(2.201837751613,-10.21574114293,0.));
#3736 = CARTESIAN_POINT('',(2.242523281448,-10.25773314783,0.));
#3737 = VECTOR('',#3738,1.);
#3738 = DIRECTION('',(-0.,-0.,-1.));
#3739 = ADVANCED_FACE('',(#3740),#3777,.F.);
#3740 = FACE_BOUND('',#3741,.F.);
#3741 = EDGE_LOOP('',(#3742,#3743,#3744,#3752));
#3742 = ORIENTED_EDGE('',*,*,#3657,.T.);
#3743 = ORIENTED_EDGE('',*,*,#473,.T.);
#3744 = ORIENTED_EDGE('',*,*,#3745,.F.);
#3745 = EDGE_CURVE('',#3746,#474,#3748,.T.);
#3746 = VERTEX_POINT('',#3747);
#3747 = CARTESIAN_POINT('',(1.337952757677,8.826247102476,0.));
#3748 = LINE('',#3749,#3750);
#3749 = CARTESIAN_POINT('',(1.337952757677,8.826247102476,0.));
#3750 = VECTOR('',#3751,1.);
#3751 = DIRECTION('',(0.,0.,1.));
#3752 = ORIENTED_EDGE('',*,*,#3753,.F.);
#3753 = EDGE_CURVE('',#3658,#3746,#3754,.T.);
#3754 = B_SPLINE_CURVE_WITH_KNOTS('',3,(#3755,#3756,#3757,#3758,#3759,
    #3760,#3761,#3762,#3763,#3764,#3765,#3766,#3767,#3768,#3769,#3770,
    #3771,#3772,#3773,#3774,#3775,#3776),.UNSPECIFIED.,.F.,.F.,(4,1,1,1,
    1,1,1,1,1,1,1,1,1,1,1,1,1,1,1,4),(0.,0.175408275205,0.341335022231,
    0.497780241091,0.6447439318,0.782226094377,0.910226728846,
    1.028745835234,1.137783413579,1.237339463926,1.327413986336,
    1.408006980892,1.479118447709,1.540748386957,1.592896798895,
    1.635563683959,1.668749042956,1.692452877662,1.706675193405,
    1.711416027488),.UNSPECIFIED.);
#3755 = CARTESIAN_POINT('',(2.242523281448,10.257733147834,0.));
#3756 = CARTESIAN_POINT('',(2.201837751613,10.215741142933,0.));
#3757 = CARTESIAN_POINT('',(2.123944482536,10.132773379396,0.));
#3758 = CARTESIAN_POINT('',(2.014362959627,10.008142611748,0.));
#3759 = CARTESIAN_POINT('',(1.914920536023,9.88733253812,0.));
#3760 = CARTESIAN_POINT('',(1.825249630612,9.770863358765,0.));
#3761 = CARTESIAN_POINT('',(1.744954570257,9.659235692382,0.));
#3762 = CARTESIAN_POINT('',(1.67361897392,9.552928658717,0.));
#3763 = CARTESIAN_POINT('',(1.610805155513,9.452399227234,0.));
#3764 = CARTESIAN_POINT('',(1.556055513508,9.35808130832,0.));
#3765 = CARTESIAN_POINT('',(1.508893492404,9.270384957488,0.));
#3766 = CARTESIAN_POINT('',(1.468824648068,9.189695611957,0.));
#3767 = CARTESIAN_POINT('',(1.435337851065,9.116373355993,0.));
#3768 = CARTESIAN_POINT('',(1.40790609914,9.05075229447,0.));
#3769 = CARTESIAN_POINT('',(1.385988681823,8.993139775804,0.));
#3770 = CARTESIAN_POINT('',(1.369029377224,8.943816257351,0.));
#3771 = CARTESIAN_POINT('',(1.356466383267,8.903033474853,0.));
#3772 = CARTESIAN_POINT('',(1.347709765367,8.871017502747,0.));
#3773 = CARTESIAN_POINT('',(1.342203923629,8.847959201949,0.));
#3774 = CARTESIAN_POINT('',(1.33929371717,8.834033954331,0.));
#3775 = CARTESIAN_POINT('',(1.338209979487,8.827806481878,0.));
#3776 = CARTESIAN_POINT('',(1.337952757677,8.826247102476,0.));
#3777 = SURFACE_OF_LINEAR_EXTRUSION('',#3778,#3801);
#3778 = B_SPLINE_CURVE_WITH_KNOTS('',3,(#3779,#3780,#3781,#3782,#3783,
    #3784,#3785,#3786,#3787,#3788,#3789,#3790,#3791,#3792,#3793,#3794,
    #3795,#3796,#3797,#3798,#3799,#3800),.UNSPECIFIED.,.F.,.F.,(4,1,1,1,
    1,1,1,1,1,1,1,1,1,1,1,1,1,1,1,4),(0.,0.175408275205,0.341335022231,
    0.497780241091,0.6447439318,0.782226094377,0.910226728846,
    1.028745835234,1.137783413579,1.237339463926,1.327413986336,
    1.408006980892,1.479118447709,1.540748386957,1.592896798895,
    1.635563683959,1.668749042956,1.692452877662,1.706675193405,
    1.711416027488),.UNSPECIFIED.);
#3779 = CARTESIAN_POINT('',(2.242523281448,10.257733147834,0.));
#3780 = CARTESIAN_POINT('',(2.201837751613,10.215741142933,0.));
#3781 = CARTESIAN_POINT('',(2.123944482536,10.132773379396,0.));
#3782 = CARTESIAN_POINT('',(2.014362959627,10.008142611748,0.));
#3783 = CARTESIAN_POINT('',(1.914920536023,9.88733253812,0.));
#3784 = CARTESIAN_POINT('',(1.825249630612,9.770863358765,0.));
#3785 = CARTESIAN_POINT('',(1.744954570257,9.659235692382,0.));
#3786 = CARTESIAN_POINT('',(1.67361897392,9.552928658717,0.));
#3787 = CARTESIAN_POINT('',(1.610805155513,9.452399227234,0.));
#3788 = CARTESIAN_POINT('',(1.556055513508,9.35808130832,0.));
#3789 = CARTESIAN_POINT('',(1.508893492404,9.270384957488,0.));
#3790 = CARTESIAN_POINT('',(1.468824648068,9.189695611957,0.));
#3791 = CARTESIAN_POINT('',(1.435337851065,9.116373355993,0.));
#3792 = CARTESIAN_POINT('',(1.40790609914,9.05075229447,0.));
#3793 = CARTESIAN_POINT('',(1.385988681823,8.993139775804,0.));
#3794 = CARTESIAN_POINT('',(1.369029377224,8.943816257351,0.));
#3795 = CARTESIAN_POINT('',(1.356466383267,8.903033474853,0.));
#3796 = CARTESIAN_POINT('',(1.347709765367,8.871017502747,0.));
#3797 = CARTESIAN_POINT('',(1.342203923629,8.847959201949,0.));
#3798 = CARTESIAN_POINT('',(1.33929371717,8.834033954331,0.));
#3799 = CARTESIAN_POINT('',(1.338209979487,8.827806481878,0.));
#3800 = CARTESIAN_POINT('',(1.337952757677,8.826247102476,0.));
#3801 = VECTOR('',#3802,1.);
#3802 = DIRECTION('',(-0.,-0.,-1.));
#3803 = ADVANCED_FACE('',(#3804),#3821,.F.);
#3804 = FACE_BOUND('',#3805,.F.);
#3805 = EDGE_LOOP('',(#3806,#3814,#3815,#3816));
#3806 = ORIENTED_EDGE('',*,*,#3807,.T.);
#3807 = EDGE_CURVE('',#3808,#1328,#3810,.T.);
#3808 = VERTEX_POINT('',#3809);
#3809 = CARTESIAN_POINT('',(1.236474903061,-8.156814930725,0.));
#3810 = LINE('',#3811,#3812);
#3811 = CARTESIAN_POINT('',(1.236474903061,-8.156814930725,0.));
#3812 = VECTOR('',#3813,1.);
#3813 = DIRECTION('',(0.,0.,1.));
#3814 = ORIENTED_EDGE('',*,*,#1334,.T.);
#3815 = ORIENTED_EDGE('',*,*,#3679,.F.);
#3816 = ORIENTED_EDGE('',*,*,#3817,.F.);
#3817 = EDGE_CURVE('',#3808,#3680,#3818,.T.);
#3818 = B_SPLINE_CURVE_WITH_KNOTS('',1,(#3819,#3820),.UNSPECIFIED.,.F.,
  .F.,(2,2),(0.,0.677079897466),.PIECEWISE_BEZIER_KNOTS.);
#3819 = CARTESIAN_POINT('',(1.236474903061,-8.156814930725,0.));
#3820 = CARTESIAN_POINT('',(1.337952757677,-8.826247102476,0.));
#3821 = SURFACE_OF_LINEAR_EXTRUSION('',#3822,#3825);
#3822 = B_SPLINE_CURVE_WITH_KNOTS('',1,(#3823,#3824),.UNSPECIFIED.,.F.,
  .F.,(2,2),(0.,0.677079897466),.PIECEWISE_BEZIER_KNOTS.);
#3823 = CARTESIAN_POINT('',(1.236474903061,-8.156814930725,0.));
#3824 = CARTESIAN_POINT('',(1.337952757677,-8.826247102476,0.));
#3825 = VECTOR('',#3826,1.);
#3826 = DIRECTION('',(-0.,-0.,-1.));
#3827 = ADVANCED_FACE('',(#3828),#3845,.F.);
#3828 = FACE_BOUND('',#3829,.F.);
#3829 = EDGE_LOOP('',(#3830,#3831,#3832,#3840));
#3830 = ORIENTED_EDGE('',*,*,#3745,.T.);
#3831 = ORIENTED_EDGE('',*,*,#500,.T.);
#3832 = ORIENTED_EDGE('',*,*,#3833,.F.);
#3833 = EDGE_CURVE('',#3834,#501,#3836,.T.);
#3834 = VERTEX_POINT('',#3835);
#3835 = CARTESIAN_POINT('',(1.236474903061,8.156814930725,0.));
#3836 = LINE('',#3837,#3838);
#3837 = CARTESIAN_POINT('',(1.236474903061,8.156814930725,0.));
#3838 = VECTOR('',#3839,1.);
#3839 = DIRECTION('',(0.,0.,1.));
#3840 = ORIENTED_EDGE('',*,*,#3841,.F.);
#3841 = EDGE_CURVE('',#3746,#3834,#3842,.T.);
#3842 = B_SPLINE_CURVE_WITH_KNOTS('',1,(#3843,#3844),.UNSPECIFIED.,.F.,
  .F.,(2,2),(0.,0.677079897466),.PIECEWISE_BEZIER_KNOTS.);
#3843 = CARTESIAN_POINT('',(1.337952757677,8.826247102476,0.));
#3844 = CARTESIAN_POINT('',(1.236474903061,8.156814930725,0.));
#3845 = SURFACE_OF_LINEAR_EXTRUSION('',#3846,#3849);
#3846 = B_SPLINE_CURVE_WITH_KNOTS('',1,(#3847,#3848),.UNSPECIFIED.,.F.,
  .F.,(2,2),(0.,0.677079897466),.PIECEWISE_BEZIER_KNOTS.);
#3847 = CARTESIAN_POINT('',(1.337952757677,8.826247102476,0.));
#3848 = CARTESIAN_POINT('',(1.236474903061,8.156814930725,0.));
#3849 = VECTOR('',#3850,1.);
#3850 = DIRECTION('',(-0.,-0.,-1.));
#3851 = ADVANCED_FACE('',(#3852),#3869,.F.);
#3852 = FACE_BOUND('',#3853,.F.);
#3853 = EDGE_LOOP('',(#3854,#3862,#3863,#3864));
#3854 = ORIENTED_EDGE('',*,*,#3855,.T.);
#3855 = EDGE_CURVE('',#3856,#1321,#3858,.T.);
#3856 = VERTEX_POINT('',#3857);
#3857 = CARTESIAN_POINT('',(0.12295661451,-8.249083686747,0.));
#3858 = LINE('',#3859,#3860);
#3859 = CARTESIAN_POINT('',(0.12295661451,-8.249083686747,0.));
#3860 = VECTOR('',#3861,1.);
#3861 = DIRECTION('',(0.,0.,1.));
#3862 = ORIENTED_EDGE('',*,*,#1327,.T.);
#3863 = ORIENTED_EDGE('',*,*,#3807,.F.);
#3864 = ORIENTED_EDGE('',*,*,#3865,.F.);
#3865 = EDGE_CURVE('',#3856,#3808,#3866,.T.);
#3866 = B_SPLINE_CURVE_WITH_KNOTS('',1,(#3867,#3868),.UNSPECIFIED.,.F.,
  .F.,(2,2),(0.,1.117334552529),.PIECEWISE_BEZIER_KNOTS.);
#3867 = CARTESIAN_POINT('',(0.12295661451,-8.249083686747,0.));
#3868 = CARTESIAN_POINT('',(1.236474903061,-8.156814930725,0.));
#3869 = SURFACE_OF_LINEAR_EXTRUSION('',#3870,#3873);
#3870 = B_SPLINE_CURVE_WITH_KNOTS('',1,(#3871,#3872),.UNSPECIFIED.,.F.,
  .F.,(2,2),(0.,1.117334552529),.PIECEWISE_BEZIER_KNOTS.);
#3871 = CARTESIAN_POINT('',(0.12295661451,-8.249083686747,0.));
#3872 = CARTESIAN_POINT('',(1.236474903061,-8.156814930725,0.));
#3873 = VECTOR('',#3874,1.);
#3874 = DIRECTION('',(-0.,-0.,-1.));
#3875 = ADVANCED_FACE('',(#3876),#3893,.F.);
#3876 = FACE_BOUND('',#3877,.F.);
#3877 = EDGE_LOOP('',(#3878,#3879,#3880,#3888));
#3878 = ORIENTED_EDGE('',*,*,#3833,.T.);
#3879 = ORIENTED_EDGE('',*,*,#507,.T.);
#3880 = ORIENTED_EDGE('',*,*,#3881,.F.);
#3881 = EDGE_CURVE('',#3882,#508,#3884,.T.);
#3882 = VERTEX_POINT('',#3883);
#3883 = CARTESIAN_POINT('',(0.12295661451,8.249083686747,0.));
#3884 = LINE('',#3885,#3886);
#3885 = CARTESIAN_POINT('',(0.12295661451,8.249083686747,0.));
#3886 = VECTOR('',#3887,1.);
#3887 = DIRECTION('',(0.,0.,1.));
#3888 = ORIENTED_EDGE('',*,*,#3889,.F.);
#3889 = EDGE_CURVE('',#3834,#3882,#3890,.T.);
#3890 = B_SPLINE_CURVE_WITH_KNOTS('',1,(#3891,#3892),.UNSPECIFIED.,.F.,
  .F.,(2,2),(0.,1.117334552529),.PIECEWISE_BEZIER_KNOTS.);
#3891 = CARTESIAN_POINT('',(1.236474903061,8.156814930725,0.));
#3892 = CARTESIAN_POINT('',(0.12295661451,8.249083686747,0.));
#3893 = SURFACE_OF_LINEAR_EXTRUSION('',#3894,#3897);
#3894 = B_SPLINE_CURVE_WITH_KNOTS('',1,(#3895,#3896),.UNSPECIFIED.,.F.,
  .F.,(2,2),(0.,1.117334552529),.PIECEWISE_BEZIER_KNOTS.);
#3895 = CARTESIAN_POINT('',(1.236474903061,8.156814930725,0.));
#3896 = CARTESIAN_POINT('',(0.12295661451,8.249083686747,0.));
#3897 = VECTOR('',#3898,1.);
#3898 = DIRECTION('',(-0.,-0.,-1.));
#3899 = ADVANCED_FACE('',(#3900),#3917,.F.);
#3900 = FACE_BOUND('',#3901,.F.);
#3901 = EDGE_LOOP('',(#3902,#3910,#3911,#3912));
#3902 = ORIENTED_EDGE('',*,*,#3903,.T.);
#3903 = EDGE_CURVE('',#3904,#1294,#3906,.T.);
#3904 = VERTEX_POINT('',#3905);
#3905 = CARTESIAN_POINT('',(0.133047699595,-8.926088382118,0.));
#3906 = LINE('',#3907,#3908);
#3907 = CARTESIAN_POINT('',(0.133047699595,-8.926088382118,0.));
#3908 = VECTOR('',#3909,1.);
#3909 = DIRECTION('',(0.,0.,1.));
#3910 = ORIENTED_EDGE('',*,*,#1320,.T.);
#3911 = ORIENTED_EDGE('',*,*,#3855,.F.);
#3912 = ORIENTED_EDGE('',*,*,#3913,.F.);
#3913 = EDGE_CURVE('',#3904,#3856,#3914,.T.);
#3914 = B_SPLINE_CURVE_WITH_KNOTS('',1,(#3915,#3916),.UNSPECIFIED.,.F.,
  .F.,(2,2),(0.,0.677079897466),.PIECEWISE_BEZIER_KNOTS.);
#3915 = CARTESIAN_POINT('',(0.133047699595,-8.926088382118,0.));
#3916 = CARTESIAN_POINT('',(0.12295661451,-8.249083686747,0.));
#3917 = SURFACE_OF_LINEAR_EXTRUSION('',#3918,#3921);
#3918 = B_SPLINE_CURVE_WITH_KNOTS('',1,(#3919,#3920),.UNSPECIFIED.,.F.,
  .F.,(2,2),(0.,0.677079897466),.PIECEWISE_BEZIER_KNOTS.);
#3919 = CARTESIAN_POINT('',(0.133047699595,-8.926088382118,0.));
#3920 = CARTESIAN_POINT('',(0.12295661451,-8.249083686747,0.));
#3921 = VECTOR('',#3922,1.);
#3922 = DIRECTION('',(-0.,-0.,-1.));
#3923 = ADVANCED_FACE('',(#3924),#3941,.F.);
#3924 = FACE_BOUND('',#3925,.F.);
#3925 = EDGE_LOOP('',(#3926,#3927,#3928,#3936));
#3926 = ORIENTED_EDGE('',*,*,#3881,.T.);
#3927 = ORIENTED_EDGE('',*,*,#514,.T.);
#3928 = ORIENTED_EDGE('',*,*,#3929,.F.);
#3929 = EDGE_CURVE('',#3930,#515,#3932,.T.);
#3930 = VERTEX_POINT('',#3931);
#3931 = CARTESIAN_POINT('',(0.133047699595,8.926088382118,0.));
#3932 = LINE('',#3933,#3934);
#3933 = CARTESIAN_POINT('',(0.133047699595,8.926088382118,0.));
#3934 = VECTOR('',#3935,1.);
#3935 = DIRECTION('',(0.,0.,1.));
#3936 = ORIENTED_EDGE('',*,*,#3937,.F.);
#3937 = EDGE_CURVE('',#3882,#3930,#3938,.T.);
#3938 = B_SPLINE_CURVE_WITH_KNOTS('',1,(#3939,#3940),.UNSPECIFIED.,.F.,
  .F.,(2,2),(0.,0.677079897466),.PIECEWISE_BEZIER_KNOTS.);
#3939 = CARTESIAN_POINT('',(0.12295661451,8.249083686747,0.));
#3940 = CARTESIAN_POINT('',(0.133047699595,8.926088382118,0.));
#3941 = SURFACE_OF_LINEAR_EXTRUSION('',#3942,#3945);
#3942 = B_SPLINE_CURVE_WITH_KNOTS('',1,(#3943,#3944),.UNSPECIFIED.,.F.,
  .F.,(2,2),(0.,0.677079897466),.PIECEWISE_BEZIER_KNOTS.);
#3943 = CARTESIAN_POINT('',(0.12295661451,8.249083686747,0.));
#3944 = CARTESIAN_POINT('',(0.133047699595,8.926088382118,0.));
#3945 = VECTOR('',#3946,1.);
#3946 = DIRECTION('',(-0.,-0.,-1.));
#3947 = ADVANCED_FACE('',(#3948),#3985,.F.);
#3948 = FACE_BOUND('',#3949,.F.);
#3949 = EDGE_LOOP('',(#3950,#3958,#3959,#3960));
#3950 = ORIENTED_EDGE('',*,*,#3951,.T.);
#3951 = EDGE_CURVE('',#3952,#1287,#3954,.T.);
#3952 = VERTEX_POINT('',#3953);
#3953 = CARTESIAN_POINT('',(-0.523570802123,-10.48693823835,0.));
#3954 = LINE('',#3955,#3956);
#3955 = CARTESIAN_POINT('',(-0.523570802123,-10.48693823835,0.));
#3956 = VECTOR('',#3957,1.);
#3957 = DIRECTION('',(0.,0.,1.));
#3958 = ORIENTED_EDGE('',*,*,#1293,.T.);
#3959 = ORIENTED_EDGE('',*,*,#3903,.F.);
#3960 = ORIENTED_EDGE('',*,*,#3961,.F.);
#3961 = EDGE_CURVE('',#3952,#3904,#3962,.T.);
#3962 = B_SPLINE_CURVE_WITH_KNOTS('',3,(#3963,#3964,#3965,#3966,#3967,
    #3968,#3969,#3970,#3971,#3972,#3973,#3974,#3975,#3976,#3977,#3978,
    #3979,#3980,#3981,#3982,#3983,#3984),.UNSPECIFIED.,.F.,.F.,(4,1,1,1,
    1,1,1,1,1,1,1,1,1,1,1,1,1,1,1,4),(0.,0.175408275205,0.341335022231,
    0.497780241091,0.6447439318,0.782226094377,0.910226728846,
    1.028745835234,1.137783413579,1.237339463926,1.327413986336,
    1.408006980892,1.479118447709,1.540748386957,1.592896798895,
    1.635563683959,1.668749042956,1.692452877662,1.706675193405,
    1.711416027488),.UNSPECIFIED.);
#3963 = CARTESIAN_POINT('',(-0.523570802123,-10.48693823835,0.));
#3964 = CARTESIAN_POINT('',(-0.490351826727,-10.43882233156,0.));
#3965 = CARTESIAN_POINT('',(-0.42717696536,-10.34416532946,0.));
#3966 = CARTESIAN_POINT('',(-0.339603541732,-10.20319783718,0.));
#3967 = CARTESIAN_POINT('',(-0.261402067743,-10.06766777052,0.));
#3968 = CARTESIAN_POINT('',(-0.192124353461,-9.938027733032,0.));
#3969 = CARTESIAN_POINT('',(-0.131297723085,-9.814706389962,0.));
#3970 = CARTESIAN_POINT('',(-7.843261395253E-02,-9.698107792424,0.));
#3971 = CARTESIAN_POINT('',(-3.302209474318E-02,-9.588610636651,0.));
#3972 = CARTESIAN_POINT('',(5.456614286135E-03,-9.486567596323,0.));
#3973 = CARTESIAN_POINT('',(3.754106195905E-02,-9.392304695872,0.));
#3974 = CARTESIAN_POINT('',(6.378238971644E-02,-9.306120732827,0.));
#3975 = CARTESIAN_POINT('',(8.47440237759E-02,-9.228286751234,0.));
#3976 = CARTESIAN_POINT('',(0.101000770624,-9.15904555749,0.));
#3977 = CARTESIAN_POINT('',(0.113136554032,-9.098611310163,0.));
#3978 = CARTESIAN_POINT('',(0.12174617151,-9.047169090421,0.));
#3979 = CARTESIAN_POINT('',(0.127425197227,-9.004874731078,0.));
#3980 = CARTESIAN_POINT('',(0.130792730462,-8.971854123166,0.));
#3981 = CARTESIAN_POINT('',(0.132428208122,-8.948204075772,0.));
#3982 = CARTESIAN_POINT('',(0.133006702732,-8.933989746141,0.));
#3983 = CARTESIAN_POINT('',(0.133050651369,-8.927668830935,0.));
#3984 = CARTESIAN_POINT('',(0.133047699595,-8.926088382118,0.));
#3985 = SURFACE_OF_LINEAR_EXTRUSION('',#3986,#4009);
#3986 = B_SPLINE_CURVE_WITH_KNOTS('',3,(#3987,#3988,#3989,#3990,#3991,
    #3992,#3993,#3994,#3995,#3996,#3997,#3998,#3999,#4000,#4001,#4002,
    #4003,#4004,#4005,#4006,#4007,#4008),.UNSPECIFIED.,.F.,.F.,(4,1,1,1,
    1,1,1,1,1,1,1,1,1,1,1,1,1,1,1,4),(0.,0.175408275205,0.341335022231,
    0.497780241091,0.6447439318,0.782226094377,0.910226728846,
    1.028745835234,1.137783413579,1.237339463926,1.327413986336,
    1.408006980892,1.479118447709,1.540748386957,1.592896798895,
    1.635563683959,1.668749042956,1.692452877662,1.706675193405,
    1.711416027488),.UNSPECIFIED.);
#3987 = CARTESIAN_POINT('',(-0.523570802123,-10.48693823835,0.));
#3988 = CARTESIAN_POINT('',(-0.490351826727,-10.43882233156,0.));
#3989 = CARTESIAN_POINT('',(-0.42717696536,-10.34416532946,0.));
#3990 = CARTESIAN_POINT('',(-0.339603541732,-10.20319783718,0.));
#3991 = CARTESIAN_POINT('',(-0.261402067743,-10.06766777052,0.));
#3992 = CARTESIAN_POINT('',(-0.192124353461,-9.938027733032,0.));
#3993 = CARTESIAN_POINT('',(-0.131297723085,-9.814706389962,0.));
#3994 = CARTESIAN_POINT('',(-7.843261395253E-02,-9.698107792424,0.));
#3995 = CARTESIAN_POINT('',(-3.302209474318E-02,-9.588610636651,0.));
#3996 = CARTESIAN_POINT('',(5.456614286135E-03,-9.486567596323,0.));
#3997 = CARTESIAN_POINT('',(3.754106195905E-02,-9.392304695872,0.));
#3998 = CARTESIAN_POINT('',(6.378238971644E-02,-9.306120732827,0.));
#3999 = CARTESIAN_POINT('',(8.47440237759E-02,-9.228286751234,0.));
#4000 = CARTESIAN_POINT('',(0.101000770624,-9.15904555749,0.));
#4001 = CARTESIAN_POINT('',(0.113136554032,-9.098611310163,0.));
#4002 = CARTESIAN_POINT('',(0.12174617151,-9.047169090421,0.));
#4003 = CARTESIAN_POINT('',(0.127425197227,-9.004874731078,0.));
#4004 = CARTESIAN_POINT('',(0.130792730462,-8.971854123166,0.));
#4005 = CARTESIAN_POINT('',(0.132428208122,-8.948204075772,0.));
#4006 = CARTESIAN_POINT('',(0.133006702732,-8.933989746141,0.));
#4007 = CARTESIAN_POINT('',(0.133050651369,-8.927668830935,0.));
#4008 = CARTESIAN_POINT('',(0.133047699595,-8.926088382118,0.));
#4009 = VECTOR('',#4010,1.);
#4010 = DIRECTION('',(-0.,-0.,-1.));
#4011 = ADVANCED_FACE('',(#4012),#4049,.F.);
#4012 = FACE_BOUND('',#4013,.F.);
#4013 = EDGE_LOOP('',(#4014,#4015,#4016,#4024));
#4014 = ORIENTED_EDGE('',*,*,#3929,.T.);
#4015 = ORIENTED_EDGE('',*,*,#521,.T.);
#4016 = ORIENTED_EDGE('',*,*,#4017,.F.);
#4017 = EDGE_CURVE('',#4018,#522,#4020,.T.);
#4018 = VERTEX_POINT('',#4019);
#4019 = CARTESIAN_POINT('',(-0.523570802123,10.486938238359,0.));
#4020 = LINE('',#4021,#4022);
#4021 = CARTESIAN_POINT('',(-0.523570802123,10.486938238359,0.));
#4022 = VECTOR('',#4023,1.);
#4023 = DIRECTION('',(0.,0.,1.));
#4024 = ORIENTED_EDGE('',*,*,#4025,.F.);
#4025 = EDGE_CURVE('',#3930,#4018,#4026,.T.);
#4026 = B_SPLINE_CURVE_WITH_KNOTS('',3,(#4027,#4028,#4029,#4030,#4031,
    #4032,#4033,#4034,#4035,#4036,#4037,#4038,#4039,#4040,#4041,#4042,
    #4043,#4044,#4045,#4046,#4047,#4048),.UNSPECIFIED.,.F.,.F.,(4,1,1,1,
    1,1,1,1,1,1,1,1,1,1,1,1,1,1,1,4),(0.,4.740834082121E-03,
    1.896314982603E-02,4.266698453205E-02,7.585234352884E-02,
    0.118519228593,0.170667640531,0.232297579778,0.303409046595,
    0.384002041151,0.474076563562,0.573632613909,0.682670192253,
    0.801189298642,0.929189933111,1.066672095688,1.213635786397,
    1.370081005257,1.536007752283,1.711416027488),.UNSPECIFIED.);
#4027 = CARTESIAN_POINT('',(0.133047699595,8.926088382118,0.));
#4028 = CARTESIAN_POINT('',(0.133050651369,8.927668830935,0.));
#4029 = CARTESIAN_POINT('',(0.133006702732,8.933989746141,0.));
#4030 = CARTESIAN_POINT('',(0.132428208122,8.948204075772,0.));
#4031 = CARTESIAN_POINT('',(0.130792730462,8.971854123166,0.));
#4032 = CARTESIAN_POINT('',(0.127425197227,9.004874731078,0.));
#4033 = CARTESIAN_POINT('',(0.12174617151,9.047169090421,0.));
#4034 = CARTESIAN_POINT('',(0.113136554032,9.098611310163,0.));
#4035 = CARTESIAN_POINT('',(0.101000770624,9.15904555749,0.));
#4036 = CARTESIAN_POINT('',(8.47440237759E-02,9.228286751234,0.));
#4037 = CARTESIAN_POINT('',(6.378238971644E-02,9.306120732827,0.));
#4038 = CARTESIAN_POINT('',(3.754106195905E-02,9.392304695872,0.));
#4039 = CARTESIAN_POINT('',(5.456614286138E-03,9.486567596323,0.));
#4040 = CARTESIAN_POINT('',(-3.302209474317E-02,9.588610636651,0.));
#4041 = CARTESIAN_POINT('',(-7.843261395253E-02,9.698107792424,0.));
#4042 = CARTESIAN_POINT('',(-0.131297723085,9.814706389962,0.));
#4043 = CARTESIAN_POINT('',(-0.192124353461,9.938027733032,0.));
#4044 = CARTESIAN_POINT('',(-0.261402067743,10.067667770523,0.));
#4045 = CARTESIAN_POINT('',(-0.339603541732,10.203197837181,0.));
#4046 = CARTESIAN_POINT('',(-0.42717696536,10.344165329467,0.));
#4047 = CARTESIAN_POINT('',(-0.490351826727,10.43882233156,0.));
#4048 = CARTESIAN_POINT('',(-0.523570802123,10.486938238359,0.));
#4049 = SURFACE_OF_LINEAR_EXTRUSION('',#4050,#4073);
#4050 = B_SPLINE_CURVE_WITH_KNOTS('',3,(#4051,#4052,#4053,#4054,#4055,
    #4056,#4057,#4058,#4059,#4060,#4061,#4062,#4063,#4064,#4065,#4066,
    #4067,#4068,#4069,#4070,#4071,#4072),.UNSPECIFIED.,.F.,.F.,(4,1,1,1,
    1,1,1,1,1,1,1,1,1,1,1,1,1,1,1,4),(0.,4.740834082121E-03,
    1.896314982603E-02,4.266698453205E-02,7.585234352884E-02,
    0.118519228593,0.170667640531,0.232297579778,0.303409046595,
    0.384002041151,0.474076563562,0.573632613909,0.682670192253,
    0.801189298642,0.929189933111,1.066672095688,1.213635786397,
    1.370081005257,1.536007752283,1.711416027488),.UNSPECIFIED.);
#4051 = CARTESIAN_POINT('',(0.133047699595,8.926088382118,0.));
#4052 = CARTESIAN_POINT('',(0.133050651369,8.927668830935,0.));
#4053 = CARTESIAN_POINT('',(0.133006702732,8.933989746141,0.));
#4054 = CARTESIAN_POINT('',(0.132428208122,8.948204075772,0.));
#4055 = CARTESIAN_POINT('',(0.130792730462,8.971854123166,0.));
#4056 = CARTESIAN_POINT('',(0.127425197227,9.004874731078,0.));
#4057 = CARTESIAN_POINT('',(0.12174617151,9.047169090421,0.));
#4058 = CARTESIAN_POINT('',(0.113136554032,9.098611310163,0.));
#4059 = CARTESIAN_POINT('',(0.101000770624,9.15904555749,0.));
#4060 = CARTESIAN_POINT('',(8.47440237759E-02,9.228286751234,0.));
#4061 = CARTESIAN_POINT('',(6.378238971644E-02,9.306120732827,0.));
#4062 = CARTESIAN_POINT('',(3.754106195905E-02,9.392304695872,0.));
#4063 = CARTESIAN_POINT('',(5.456614286138E-03,9.486567596323,0.));
#4064 = CARTESIAN_POINT('',(-3.302209474317E-02,9.588610636651,0.));
#4065 = CARTESIAN_POINT('',(-7.843261395253E-02,9.698107792424,0.));
#4066 = CARTESIAN_POINT('',(-0.131297723085,9.814706389962,0.));
#4067 = CARTESIAN_POINT('',(-0.192124353461,9.938027733032,0.));
#4068 = CARTESIAN_POINT('',(-0.261402067743,10.067667770523,0.));
#4069 = CARTESIAN_POINT('',(-0.339603541732,10.203197837181,0.));
#4070 = CARTESIAN_POINT('',(-0.42717696536,10.344165329467,0.));
#4071 = CARTESIAN_POINT('',(-0.490351826727,10.43882233156,0.));
#4072 = CARTESIAN_POINT('',(-0.523570802123,10.486938238359,0.));
#4073 = VECTOR('',#4074,1.);
#4074 = DIRECTION('',(-0.,-0.,-1.));
#4075 = ADVANCED_FACE('',(#4076),#4093,.F.);
#4076 = FACE_BOUND('',#4077,.F.);
#4077 = EDGE_LOOP('',(#4078,#4086,#4087,#4088));
#4078 = ORIENTED_EDGE('',*,*,#4079,.T.);
#4079 = EDGE_CURVE('',#4080,#1260,#4082,.T.);
#4080 = VERTEX_POINT('',#4081);
#4081 = CARTESIAN_POINT('',(-1.209663323836,-10.43008699115,0.));
#4082 = LINE('',#4083,#4084);
#4083 = CARTESIAN_POINT('',(-1.209663323836,-10.43008699115,0.));
#4084 = VECTOR('',#4085,1.);
#4085 = DIRECTION('',(0.,0.,1.));
#4086 = ORIENTED_EDGE('',*,*,#1286,.T.);
#4087 = ORIENTED_EDGE('',*,*,#3951,.F.);
#4088 = ORIENTED_EDGE('',*,*,#4089,.F.);
#4089 = EDGE_CURVE('',#4080,#3952,#4090,.T.);
#4090 = B_SPLINE_CURVE_WITH_KNOTS('',1,(#4091,#4092),.UNSPECIFIED.,.F.,
  .F.,(2,2),(0.,0.68844390669),.PIECEWISE_BEZIER_KNOTS.);
#4091 = CARTESIAN_POINT('',(-1.209663323836,-10.43008699115,0.));
#4092 = CARTESIAN_POINT('',(-0.523570802123,-10.48693823835,0.));
#4093 = SURFACE_OF_LINEAR_EXTRUSION('',#4094,#4097);
#4094 = B_SPLINE_CURVE_WITH_KNOTS('',1,(#4095,#4096),.UNSPECIFIED.,.F.,
  .F.,(2,2),(0.,0.68844390669),.PIECEWISE_BEZIER_KNOTS.);
#4095 = CARTESIAN_POINT('',(-1.209663323836,-10.43008699115,0.));
#4096 = CARTESIAN_POINT('',(-0.523570802123,-10.48693823835,0.));
#4097 = VECTOR('',#4098,1.);
#4098 = DIRECTION('',(-0.,-0.,-1.));
#4099 = ADVANCED_FACE('',(#4100),#4117,.F.);
#4100 = FACE_BOUND('',#4101,.F.);
#4101 = EDGE_LOOP('',(#4102,#4103,#4104,#4112));
#4102 = ORIENTED_EDGE('',*,*,#4017,.T.);
#4103 = ORIENTED_EDGE('',*,*,#548,.T.);
#4104 = ORIENTED_EDGE('',*,*,#4105,.F.);
#4105 = EDGE_CURVE('',#4106,#549,#4108,.T.);
#4106 = VERTEX_POINT('',#4107);
#4107 = CARTESIAN_POINT('',(-1.209663323836,10.43008699115,0.));
#4108 = LINE('',#4109,#4110);
#4109 = CARTESIAN_POINT('',(-1.209663323836,10.43008699115,0.));
#4110 = VECTOR('',#4111,1.);
#4111 = DIRECTION('',(0.,0.,1.));
#4112 = ORIENTED_EDGE('',*,*,#4113,.F.);
#4113 = EDGE_CURVE('',#4018,#4106,#4114,.T.);
#4114 = B_SPLINE_CURVE_WITH_KNOTS('',1,(#4115,#4116),.UNSPECIFIED.,.F.,
  .F.,(2,2),(0.,0.68844390669),.PIECEWISE_BEZIER_KNOTS.);
#4115 = CARTESIAN_POINT('',(-0.523570802123,10.486938238359,0.));
#4116 = CARTESIAN_POINT('',(-1.209663323836,10.43008699115,0.));
#4117 = SURFACE_OF_LINEAR_EXTRUSION('',#4118,#4121);
#4118 = B_SPLINE_CURVE_WITH_KNOTS('',1,(#4119,#4120),.UNSPECIFIED.,.F.,
  .F.,(2,2),(0.,0.68844390669),.PIECEWISE_BEZIER_KNOTS.);
#4119 = CARTESIAN_POINT('',(-0.523570802123,10.486938238359,0.));
#4120 = CARTESIAN_POINT('',(-1.209663323836,10.43008699115,0.));
#4121 = VECTOR('',#4122,1.);
#4122 = DIRECTION('',(-0.,-0.,-1.));
#4123 = ADVANCED_FACE('',(#4124),#4161,.F.);
#4124 = FACE_BOUND('',#4125,.F.);
#4125 = EDGE_LOOP('',(#4126,#4134,#4135,#4136));
#4126 = ORIENTED_EDGE('',*,*,#4127,.T.);
#4127 = EDGE_CURVE('',#4128,#1253,#4130,.T.);
#4128 = VERTEX_POINT('',#4129);
#4129 = CARTESIAN_POINT('',(-1.600418962451,-8.782449239271,0.));
#4130 = LINE('',#4131,#4132);
#4131 = CARTESIAN_POINT('',(-1.600418962451,-8.782449239271,0.));
#4132 = VECTOR('',#4133,1.);
#4133 = DIRECTION('',(0.,0.,1.));
#4134 = ORIENTED_EDGE('',*,*,#1259,.T.);
#4135 = ORIENTED_EDGE('',*,*,#4079,.F.);
#4136 = ORIENTED_EDGE('',*,*,#4137,.F.);
#4137 = EDGE_CURVE('',#4128,#4080,#4138,.T.);
#4138 = B_SPLINE_CURVE_WITH_KNOTS('',3,(#4139,#4140,#4141,#4142,#4143,
    #4144,#4145,#4146,#4147,#4148,#4149,#4150,#4151,#4152,#4153,#4154,
    #4155,#4156,#4157,#4158,#4159,#4160),.UNSPECIFIED.,.F.,.F.,(4,1,1,1,
    1,1,1,1,1,1,1,1,1,1,1,1,1,1,1,4),(0.,4.740834082121E-03,
    1.896314982603E-02,4.266698453205E-02,7.585234352884E-02,
    0.118519228593,0.170667640531,0.232297579778,0.303409046595,
    0.384002041151,0.474076563562,0.573632613909,0.682670192253,
    0.801189298642,0.929189933111,1.066672095688,1.213635786397,
    1.370081005257,1.536007752283,1.711416027488),.UNSPECIFIED.);
#4139 = CARTESIAN_POINT('',(-1.600418962451,-8.782449239271,0.));
#4140 = CARTESIAN_POINT('',(-1.600682007293,-8.78400764698,0.));
#4141 = CARTESIAN_POINT('',(-1.601679046507,-8.790249586849,0.));
#4142 = CARTESIAN_POINT('',(-1.603448043571,-8.804365268634,0.));
#4143 = CARTESIAN_POINT('',(-1.605727541555,-8.827961950983,0.));
#4144 = CARTESIAN_POINT('',(-1.607840950515,-8.861086478595,0.));
#4145 = CARTESIAN_POINT('',(-1.609200802053,-8.903738734915,0.));
#4146 = CARTESIAN_POINT('',(-1.609175719617,-8.955896446291,0.));
#4147 = CARTESIAN_POINT('',(-1.607152602655,-9.017503933552,0.));
#4148 = CARTESIAN_POINT('',(-1.60251430256,-9.088476540249,0.));
#4149 = CARTESIAN_POINT('',(-1.594649610178,-9.168699139352,0.));
#4150 = CARTESIAN_POINT('',(-1.582951594014,-9.258026846064,0.));
#4151 = CARTESIAN_POINT('',(-1.566819899867,-9.356285049935,0.));
#4152 = CARTESIAN_POINT('',(-1.545661722689,-9.463269743543,0.));
#4153 = CARTESIAN_POINT('',(-1.518893183265,-9.578747826634,0.));
#4154 = CARTESIAN_POINT('',(-1.485940583706,-9.702457482254,0.));
#4155 = CARTESIAN_POINT('',(-1.446241575222,-9.834108617246,0.));
#4156 = CARTESIAN_POINT('',(-1.399246767521,-9.973383270598,0.));
#4157 = CARTESIAN_POINT('',(-1.344419375501,-10.11993642336,0.));
#4158 = CARTESIAN_POINT('',(-1.281242825864,-10.27339541457,0.));
#4159 = CARTESIAN_POINT('',(-1.23450961774,-10.37715965896,0.));
#4160 = CARTESIAN_POINT('',(-1.209663323836,-10.43008699115,0.));
#4161 = SURFACE_OF_LINEAR_EXTRUSION('',#4162,#4185);
#4162 = B_SPLINE_CURVE_WITH_KNOTS('',3,(#4163,#4164,#4165,#4166,#4167,
    #4168,#4169,#4170,#4171,#4172,#4173,#4174,#4175,#4176,#4177,#4178,
    #4179,#4180,#4181,#4182,#4183,#4184),.UNSPECIFIED.,.F.,.F.,(4,1,1,1,
    1,1,1,1,1,1,1,1,1,1,1,1,1,1,1,4),(0.,4.740834082121E-03,
    1.896314982603E-02,4.266698453205E-02,7.585234352884E-02,
    0.118519228593,0.170667640531,0.232297579778,0.303409046595,
    0.384002041151,0.474076563562,0.573632613909,0.682670192253,
    0.801189298642,0.929189933111,1.066672095688,1.213635786397,
    1.370081005257,1.536007752283,1.711416027488),.UNSPECIFIED.);
#4163 = CARTESIAN_POINT('',(-1.600418962451,-8.782449239271,0.));
#4164 = CARTESIAN_POINT('',(-1.600682007293,-8.78400764698,0.));
#4165 = CARTESIAN_POINT('',(-1.601679046507,-8.790249586849,0.));
#4166 = CARTESIAN_POINT('',(-1.603448043571,-8.804365268634,0.));
#4167 = CARTESIAN_POINT('',(-1.605727541555,-8.827961950983,0.));
#4168 = CARTESIAN_POINT('',(-1.607840950515,-8.861086478595,0.));
#4169 = CARTESIAN_POINT('',(-1.609200802053,-8.903738734915,0.));
#4170 = CARTESIAN_POINT('',(-1.609175719617,-8.955896446291,0.));
#4171 = CARTESIAN_POINT('',(-1.607152602655,-9.017503933552,0.));
#4172 = CARTESIAN_POINT('',(-1.60251430256,-9.088476540249,0.));
#4173 = CARTESIAN_POINT('',(-1.594649610178,-9.168699139352,0.));
#4174 = CARTESIAN_POINT('',(-1.582951594014,-9.258026846064,0.));
#4175 = CARTESIAN_POINT('',(-1.566819899867,-9.356285049935,0.));
#4176 = CARTESIAN_POINT('',(-1.545661722689,-9.463269743543,0.));
#4177 = CARTESIAN_POINT('',(-1.518893183265,-9.578747826634,0.));
#4178 = CARTESIAN_POINT('',(-1.485940583706,-9.702457482254,0.));
#4179 = CARTESIAN_POINT('',(-1.446241575222,-9.834108617246,0.));
#4180 = CARTESIAN_POINT('',(-1.399246767521,-9.973383270598,0.));
#4181 = CARTESIAN_POINT('',(-1.344419375501,-10.11993642336,0.));
#4182 = CARTESIAN_POINT('',(-1.281242825864,-10.27339541457,0.));
#4183 = CARTESIAN_POINT('',(-1.23450961774,-10.37715965896,0.));
#4184 = CARTESIAN_POINT('',(-1.209663323836,-10.43008699115,0.));
#4185 = VECTOR('',#4186,1.);
#4186 = DIRECTION('',(-0.,-0.,-1.));
#4187 = ADVANCED_FACE('',(#4188),#4225,.F.);
#4188 = FACE_BOUND('',#4189,.F.);
#4189 = EDGE_LOOP('',(#4190,#4191,#4192,#4200));
#4190 = ORIENTED_EDGE('',*,*,#4105,.T.);
#4191 = ORIENTED_EDGE('',*,*,#555,.T.);
#4192 = ORIENTED_EDGE('',*,*,#4193,.F.);
#4193 = EDGE_CURVE('',#4194,#556,#4196,.T.);
#4194 = VERTEX_POINT('',#4195);
#4195 = CARTESIAN_POINT('',(-1.600418962451,8.782449239271,0.));
#4196 = LINE('',#4197,#4198);
#4197 = CARTESIAN_POINT('',(-1.600418962451,8.782449239271,0.));
#4198 = VECTOR('',#4199,1.);
#4199 = DIRECTION('',(0.,0.,1.));
#4200 = ORIENTED_EDGE('',*,*,#4201,.F.);
#4201 = EDGE_CURVE('',#4106,#4194,#4202,.T.);
#4202 = B_SPLINE_CURVE_WITH_KNOTS('',3,(#4203,#4204,#4205,#4206,#4207,
    #4208,#4209,#4210,#4211,#4212,#4213,#4214,#4215,#4216,#4217,#4218,
    #4219,#4220,#4221,#4222,#4223,#4224),.UNSPECIFIED.,.F.,.F.,(4,1,1,1,
    1,1,1,1,1,1,1,1,1,1,1,1,1,1,1,4),(0.,0.175408275205,0.341335022231,
    0.497780241091,0.6447439318,0.782226094377,0.910226728846,
    1.028745835234,1.137783413579,1.237339463926,1.327413986336,
    1.408006980892,1.479118447709,1.540748386957,1.592896798895,
    1.635563683959,1.668749042956,1.692452877662,1.706675193405,
    1.711416027488),.UNSPECIFIED.);
#4203 = CARTESIAN_POINT('',(-1.209663323836,10.43008699115,0.));
#4204 = CARTESIAN_POINT('',(-1.23450961774,10.377159658961,0.));
#4205 = CARTESIAN_POINT('',(-1.281242825864,10.273395414577,0.));
#4206 = CARTESIAN_POINT('',(-1.344419375501,10.119936423367,0.));
#4207 = CARTESIAN_POINT('',(-1.399246767521,9.973383270598,0.));
#4208 = CARTESIAN_POINT('',(-1.446241575222,9.834108617246,0.));
#4209 = CARTESIAN_POINT('',(-1.485940583706,9.702457482254,0.));
#4210 = CARTESIAN_POINT('',(-1.518893183265,9.578747826634,0.));
#4211 = CARTESIAN_POINT('',(-1.545661722689,9.463269743543,0.));
#4212 = CARTESIAN_POINT('',(-1.566819899867,9.356285049935,0.));
#4213 = CARTESIAN_POINT('',(-1.582951594014,9.258026846064,0.));
#4214 = CARTESIAN_POINT('',(-1.594649610178,9.168699139352,0.));
#4215 = CARTESIAN_POINT('',(-1.60251430256,9.088476540249,0.));
#4216 = CARTESIAN_POINT('',(-1.607152602655,9.017503933552,0.));
#4217 = CARTESIAN_POINT('',(-1.609175719617,8.955896446291,0.));
#4218 = CARTESIAN_POINT('',(-1.609200802053,8.903738734915,0.));
#4219 = CARTESIAN_POINT('',(-1.607840950515,8.861086478595,0.));
#4220 = CARTESIAN_POINT('',(-1.605727541555,8.827961950983,0.));
#4221 = CARTESIAN_POINT('',(-1.603448043571,8.804365268634,0.));
#4222 = CARTESIAN_POINT('',(-1.601679046507,8.790249586849,0.));
#4223 = CARTESIAN_POINT('',(-1.600682007293,8.78400764698,0.));
#4224 = CARTESIAN_POINT('',(-1.600418962451,8.782449239271,0.));
#4225 = SURFACE_OF_LINEAR_EXTRUSION('',#4226,#4249);
#4226 = B_SPLINE_CURVE_WITH_KNOTS('',3,(#4227,#4228,#4229,#4230,#4231,
    #4232,#4233,#4234,#4235,#4236,#4237,#4238,#4239,#4240,#4241,#4242,
    #4243,#4244,#4245,#4246,#4247,#4248),.UNSPECIFIED.,.F.,.F.,(4,1,1,1,
    1,1,1,1,1,1,1,1,1,1,1,1,1,1,1,4),(0.,0.175408275205,0.341335022231,
    0.497780241091,0.6447439318,0.782226094377,0.910226728846,
    1.028745835234,1.137783413579,1.237339463926,1.327413986336,
    1.408006980892,1.479118447709,1.540748386957,1.592896798895,
    1.635563683959,1.668749042956,1.692452877662,1.706675193405,
    1.711416027488),.UNSPECIFIED.);
#4227 = CARTESIAN_POINT('',(-1.209663323836,10.43008699115,0.));
#4228 = CARTESIAN_POINT('',(-1.23450961774,10.377159658961,0.));
#4229 = CARTESIAN_POINT('',(-1.281242825864,10.273395414577,0.));
#4230 = CARTESIAN_POINT('',(-1.344419375501,10.119936423367,0.));
#4231 = CARTESIAN_POINT('',(-1.399246767521,9.973383270598,0.));
#4232 = CARTESIAN_POINT('',(-1.446241575222,9.834108617246,0.));
#4233 = CARTESIAN_POINT('',(-1.485940583706,9.702457482254,0.));
#4234 = CARTESIAN_POINT('',(-1.518893183265,9.578747826634,0.));
#4235 = CARTESIAN_POINT('',(-1.545661722689,9.463269743543,0.));
#4236 = CARTESIAN_POINT('',(-1.566819899867,9.356285049935,0.));
#4237 = CARTESIAN_POINT('',(-1.582951594014,9.258026846064,0.));
#4238 = CARTESIAN_POINT('',(-1.594649610178,9.168699139352,0.));
#4239 = CARTESIAN_POINT('',(-1.60251430256,9.088476540249,0.));
#4240 = CARTESIAN_POINT('',(-1.607152602655,9.017503933552,0.));
#4241 = CARTESIAN_POINT('',(-1.609175719617,8.955896446291,0.));
#4242 = CARTESIAN_POINT('',(-1.609200802053,8.903738734915,0.));
#4243 = CARTESIAN_POINT('',(-1.607840950515,8.861086478595,0.));
#4244 = CARTESIAN_POINT('',(-1.605727541555,8.827961950983,0.));
#4245 = CARTESIAN_POINT('',(-1.603448043571,8.804365268634,0.));
#4246 = CARTESIAN_POINT('',(-1.601679046507,8.790249586849,0.));
#4247 = CARTESIAN_POINT('',(-1.600682007293,8.78400764698,0.));
#4248 = CARTESIAN_POINT('',(-1.600418962451,8.782449239271,0.));
#4249 = VECTOR('',#4250,1.);
#4250 = DIRECTION('',(-0.,-0.,-1.));
#4251 = ADVANCED_FACE('',(#4252),#4269,.F.);
#4252 = FACE_BOUND('',#4253,.F.);
#4253 = EDGE_LOOP('',(#4254,#4262,#4263,#4264));
#4254 = ORIENTED_EDGE('',*,*,#4255,.T.);
#4255 = EDGE_CURVE('',#4256,#1246,#4258,.T.);
#4256 = VERTEX_POINT('',#4257);
#4257 = CARTESIAN_POINT('',(-1.479034196162,-8.11633894355,0.));
#4258 = LINE('',#4259,#4260);
#4259 = CARTESIAN_POINT('',(-1.479034196162,-8.11633894355,0.));
#4260 = VECTOR('',#4261,1.);
#4261 = DIRECTION('',(0.,0.,1.));
#4262 = ORIENTED_EDGE('',*,*,#1252,.T.);
#4263 = ORIENTED_EDGE('',*,*,#4127,.F.);
#4264 = ORIENTED_EDGE('',*,*,#4265,.F.);
#4265 = EDGE_CURVE('',#4256,#4128,#4266,.T.);
#4266 = B_SPLINE_CURVE_WITH_KNOTS('',1,(#4267,#4268),.UNSPECIFIED.,.F.,
  .F.,(2,2),(0.,0.677079897466),.PIECEWISE_BEZIER_KNOTS.);
#4267 = CARTESIAN_POINT('',(-1.479034196162,-8.11633894355,0.));
#4268 = CARTESIAN_POINT('',(-1.600418962451,-8.782449239271,0.));
#4269 = SURFACE_OF_LINEAR_EXTRUSION('',#4270,#4273);
#4270 = B_SPLINE_CURVE_WITH_KNOTS('',1,(#4271,#4272),.UNSPECIFIED.,.F.,
  .F.,(2,2),(0.,0.677079897466),.PIECEWISE_BEZIER_KNOTS.);
#4271 = CARTESIAN_POINT('',(-1.479034196162,-8.11633894355,0.));
#4272 = CARTESIAN_POINT('',(-1.600418962451,-8.782449239271,0.));
#4273 = VECTOR('',#4274,1.);
#4274 = DIRECTION('',(-0.,-0.,-1.));
#4275 = ADVANCED_FACE('',(#4276),#4293,.F.);
#4276 = FACE_BOUND('',#4277,.F.);
#4277 = EDGE_LOOP('',(#4278,#4279,#4280,#4288));
#4278 = ORIENTED_EDGE('',*,*,#4193,.T.);
#4279 = ORIENTED_EDGE('',*,*,#582,.T.);
#4280 = ORIENTED_EDGE('',*,*,#4281,.F.);
#4281 = EDGE_CURVE('',#4282,#583,#4284,.T.);
#4282 = VERTEX_POINT('',#4283);
#4283 = CARTESIAN_POINT('',(-1.479034196162,8.11633894355,0.));
#4284 = LINE('',#4285,#4286);
#4285 = CARTESIAN_POINT('',(-1.479034196162,8.11633894355,0.));
#4286 = VECTOR('',#4287,1.);
#4287 = DIRECTION('',(0.,0.,1.));
#4288 = ORIENTED_EDGE('',*,*,#4289,.F.);
#4289 = EDGE_CURVE('',#4194,#4282,#4290,.T.);
#4290 = B_SPLINE_CURVE_WITH_KNOTS('',1,(#4291,#4292),.UNSPECIFIED.,.F.,
  .F.,(2,2),(0.,0.677079897466),.PIECEWISE_BEZIER_KNOTS.);
#4291 = CARTESIAN_POINT('',(-1.600418962451,8.782449239271,0.));
#4292 = CARTESIAN_POINT('',(-1.479034196162,8.11633894355,0.));
#4293 = SURFACE_OF_LINEAR_EXTRUSION('',#4294,#4297);
#4294 = B_SPLINE_CURVE_WITH_KNOTS('',1,(#4295,#4296),.UNSPECIFIED.,.F.,
  .F.,(2,2),(0.,0.677079897466),.PIECEWISE_BEZIER_KNOTS.);
#4295 = CARTESIAN_POINT('',(-1.600418962451,8.782449239271,0.));
#4296 = CARTESIAN_POINT('',(-1.479034196162,8.11633894355,0.));
#4297 = VECTOR('',#4298,1.);
#4298 = DIRECTION('',(-0.,-0.,-1.));
#4299 = ADVANCED_FACE('',(#4300),#4317,.F.);
#4300 = FACE_BOUND('',#4301,.F.);
#4301 = EDGE_LOOP('',(#4302,#4310,#4311,#4312));
#4302 = ORIENTED_EDGE('',*,*,#4303,.T.);
#4303 = EDGE_CURVE('',#4304,#1239,#4306,.T.);
#4304 = VERTEX_POINT('',#4305);
#4305 = CARTESIAN_POINT('',(-2.562178608527,-7.842049526623,0.));
#4306 = LINE('',#4307,#4308);
#4307 = CARTESIAN_POINT('',(-2.562178608527,-7.842049526623,0.));
#4308 = VECTOR('',#4309,1.);
#4309 = DIRECTION('',(0.,0.,1.));
#4310 = ORIENTED_EDGE('',*,*,#1245,.T.);
#4311 = ORIENTED_EDGE('',*,*,#4255,.F.);
#4312 = ORIENTED_EDGE('',*,*,#4313,.F.);
#4313 = EDGE_CURVE('',#4304,#4256,#4314,.T.);
#4314 = B_SPLINE_CURVE_WITH_KNOTS('',1,(#4315,#4316),.UNSPECIFIED.,.F.,
  .F.,(2,2),(0.,1.117334552529),.PIECEWISE_BEZIER_KNOTS.);
#4315 = CARTESIAN_POINT('',(-2.562178608527,-7.842049526623,0.));
#4316 = CARTESIAN_POINT('',(-1.479034196162,-8.11633894355,0.));
#4317 = SURFACE_OF_LINEAR_EXTRUSION('',#4318,#4321);
#4318 = B_SPLINE_CURVE_WITH_KNOTS('',1,(#4319,#4320),.UNSPECIFIED.,.F.,
  .F.,(2,2),(0.,1.117334552529),.PIECEWISE_BEZIER_KNOTS.);
#4319 = CARTESIAN_POINT('',(-2.562178608527,-7.842049526623,0.));
#4320 = CARTESIAN_POINT('',(-1.479034196162,-8.11633894355,0.));
#4321 = VECTOR('',#4322,1.);
#4322 = DIRECTION('',(-0.,-0.,-1.));
#4323 = ADVANCED_FACE('',(#4324),#4341,.F.);
#4324 = FACE_BOUND('',#4325,.F.);
#4325 = EDGE_LOOP('',(#4326,#4327,#4328,#4336));
#4326 = ORIENTED_EDGE('',*,*,#4281,.T.);
#4327 = ORIENTED_EDGE('',*,*,#589,.T.);
#4328 = ORIENTED_EDGE('',*,*,#4329,.F.);
#4329 = EDGE_CURVE('',#4330,#590,#4332,.T.);
#4330 = VERTEX_POINT('',#4331);
#4331 = CARTESIAN_POINT('',(-2.562178608527,7.842049526623,0.));
#4332 = LINE('',#4333,#4334);
#4333 = CARTESIAN_POINT('',(-2.562178608527,7.842049526623,0.));
#4334 = VECTOR('',#4335,1.);
#4335 = DIRECTION('',(0.,0.,1.));
#4336 = ORIENTED_EDGE('',*,*,#4337,.F.);
#4337 = EDGE_CURVE('',#4282,#4330,#4338,.T.);
#4338 = B_SPLINE_CURVE_WITH_KNOTS('',1,(#4339,#4340),.UNSPECIFIED.,.F.,
  .F.,(2,2),(0.,1.117334552529),.PIECEWISE_BEZIER_KNOTS.);
#4339 = CARTESIAN_POINT('',(-1.479034196162,8.11633894355,0.));
#4340 = CARTESIAN_POINT('',(-2.562178608527,7.842049526623,0.));
#4341 = SURFACE_OF_LINEAR_EXTRUSION('',#4342,#4345);
#4342 = B_SPLINE_CURVE_WITH_KNOTS('',1,(#4343,#4344),.UNSPECIFIED.,.F.,
  .F.,(2,2),(0.,1.117334552529),.PIECEWISE_BEZIER_KNOTS.);
#4343 = CARTESIAN_POINT('',(-1.479034196162,8.11633894355,0.));
#4344 = CARTESIAN_POINT('',(-2.562178608527,7.842049526623,0.));
#4345 = VECTOR('',#4346,1.);
#4346 = DIRECTION('',(-0.,-0.,-1.));
#4347 = ADVANCED_FACE('',(#4348),#4365,.F.);
#4348 = FACE_BOUND('',#4349,.F.);
#4349 = EDGE_LOOP('',(#4350,#4358,#4359,#4360));
#4350 = ORIENTED_EDGE('',*,*,#4351,.T.);
#4351 = EDGE_CURVE('',#4352,#1212,#4354,.T.);
#4352 = VERTEX_POINT('',#4353);
#4353 = CARTESIAN_POINT('',(-2.772457351503,-8.485648810188,0.));
#4354 = LINE('',#4355,#4356);
#4355 = CARTESIAN_POINT('',(-2.772457351503,-8.485648810188,0.));
#4356 = VECTOR('',#4357,1.);
#4357 = DIRECTION('',(0.,0.,1.));
#4358 = ORIENTED_EDGE('',*,*,#1238,.T.);
#4359 = ORIENTED_EDGE('',*,*,#4303,.F.);
#4360 = ORIENTED_EDGE('',*,*,#4361,.F.);
#4361 = EDGE_CURVE('',#4352,#4304,#4362,.T.);
#4362 = B_SPLINE_CURVE_WITH_KNOTS('',1,(#4363,#4364),.UNSPECIFIED.,.F.,
  .F.,(2,2),(0.,0.677079897466),.PIECEWISE_BEZIER_KNOTS.);
#4363 = CARTESIAN_POINT('',(-2.772457351503,-8.485648810188,0.));
#4364 = CARTESIAN_POINT('',(-2.562178608527,-7.842049526623,0.));
#4365 = SURFACE_OF_LINEAR_EXTRUSION('',#4366,#4369);
#4366 = B_SPLINE_CURVE_WITH_KNOTS('',1,(#4367,#4368),.UNSPECIFIED.,.F.,
  .F.,(2,2),(0.,0.677079897466),.PIECEWISE_BEZIER_KNOTS.);
#4367 = CARTESIAN_POINT('',(-2.772457351503,-8.485648810188,0.));
#4368 = CARTESIAN_POINT('',(-2.562178608527,-7.842049526623,0.));
#4369 = VECTOR('',#4370,1.);
#4370 = DIRECTION('',(-0.,-0.,-1.));
#4371 = ADVANCED_FACE('',(#4372),#4389,.F.);
#4372 = FACE_BOUND('',#4373,.F.);
#4373 = EDGE_LOOP('',(#4374,#4375,#4376,#4384));
#4374 = ORIENTED_EDGE('',*,*,#4329,.T.);
#4375 = ORIENTED_EDGE('',*,*,#596,.T.);
#4376 = ORIENTED_EDGE('',*,*,#4377,.F.);
#4377 = EDGE_CURVE('',#4378,#597,#4380,.T.);
#4378 = VERTEX_POINT('',#4379);
#4379 = CARTESIAN_POINT('',(-2.772457351503,8.485648810188,0.));
#4380 = LINE('',#4381,#4382);
#4381 = CARTESIAN_POINT('',(-2.772457351503,8.485648810188,0.));
#4382 = VECTOR('',#4383,1.);
#4383 = DIRECTION('',(0.,0.,1.));
#4384 = ORIENTED_EDGE('',*,*,#4385,.F.);
#4385 = EDGE_CURVE('',#4330,#4378,#4386,.T.);
#4386 = B_SPLINE_CURVE_WITH_KNOTS('',1,(#4387,#4388),.UNSPECIFIED.,.F.,
  .F.,(2,2),(0.,0.677079897466),.PIECEWISE_BEZIER_KNOTS.);
#4387 = CARTESIAN_POINT('',(-2.562178608527,7.842049526623,0.));
#4388 = CARTESIAN_POINT('',(-2.772457351503,8.485648810188,0.));
#4389 = SURFACE_OF_LINEAR_EXTRUSION('',#4390,#4393);
#4390 = B_SPLINE_CURVE_WITH_KNOTS('',1,(#4391,#4392),.UNSPECIFIED.,.F.,
  .F.,(2,2),(0.,0.677079897466),.PIECEWISE_BEZIER_KNOTS.);
#4391 = CARTESIAN_POINT('',(-2.562178608527,7.842049526623,0.));
#4392 = CARTESIAN_POINT('',(-2.772457351503,8.485648810188,0.));
#4393 = VECTOR('',#4394,1.);
#4394 = DIRECTION('',(-0.,-0.,-1.));
#4395 = ADVANCED_FACE('',(#4396),#4433,.F.);
#4396 = FACE_BOUND('',#4397,.F.);
#4397 = EDGE_LOOP('',(#4398,#4406,#4407,#4408));
#4398 = ORIENTED_EDGE('',*,*,#4399,.T.);
#4399 = EDGE_CURVE('',#4400,#1205,#4402,.T.);
#4400 = VERTEX_POINT('',#4401);
#4401 = CARTESIAN_POINT('',(-3.900305571477,-9.748723836949,0.));
#4402 = LINE('',#4403,#4404);
#4403 = CARTESIAN_POINT('',(-3.900305571477,-9.748723836949,0.));
#4404 = VECTOR('',#4405,1.);
#4405 = DIRECTION('',(0.,0.,1.));
#4406 = ORIENTED_EDGE('',*,*,#1211,.T.);
#4407 = ORIENTED_EDGE('',*,*,#4351,.F.);
#4408 = ORIENTED_EDGE('',*,*,#4409,.F.);
#4409 = EDGE_CURVE('',#4400,#4352,#4410,.T.);
#4410 = B_SPLINE_CURVE_WITH_KNOTS('',3,(#4411,#4412,#4413,#4414,#4415,
    #4416,#4417,#4418,#4419,#4420,#4421,#4422,#4423,#4424,#4425,#4426,
    #4427,#4428,#4429,#4430,#4431,#4432),.UNSPECIFIED.,.F.,.F.,(4,1,1,1,
    1,1,1,1,1,1,1,1,1,1,1,1,1,1,1,4),(0.,0.175408275205,0.341335022231,
    0.497780241091,0.6447439318,0.782226094377,0.910226728846,
    1.028745835234,1.137783413579,1.237339463926,1.327413986336,
    1.408006980892,1.479118447709,1.540748386957,1.592896798895,
    1.635563683959,1.668749042956,1.692452877662,1.706675193405,
    1.711416027488),.UNSPECIFIED.);
#4411 = CARTESIAN_POINT('',(-3.900305571477,-9.748723836949,0.));
#4412 = CARTESIAN_POINT('',(-3.853263282398,-9.714001166377,0.));
#4413 = CARTESIAN_POINT('',(-3.762776330938,-9.644985785703,0.));
#4414 = CARTESIAN_POINT('',(-3.634175807036,-9.540091345148,0.));
#4415 = CARTESIAN_POINT('',(-3.516204963905,-9.43729664843,0.));
#4416 = CARTESIAN_POINT('',(-3.408586855911,-9.337175302811,0.));
#4417 = CARTESIAN_POINT('',(-3.31101360551,-9.240286224862,0.));
#4418 = CARTESIAN_POINT('',(-3.223153371078,-9.147170533827,0.));
#4419 = CARTESIAN_POINT('',(-3.144649650696,-9.058351007464,0.));
#4420 = CARTESIAN_POINT('',(-3.075122503227,-8.974330956923,0.));
#4421 = CARTESIAN_POINT('',(-3.014169365686,-8.895593283553,0.));
#4422 = CARTESIAN_POINT('',(-2.961365978393,-8.822599550541,0.));
#4423 = CARTESIAN_POINT('',(-2.916267450976,-8.755789060213,0.));
#4424 = CARTESIAN_POINT('',(-2.878408960657,-8.695578102406,0.));
#4425 = CARTESIAN_POINT('',(-2.84730775944,-8.642358831727,0.));
#4426 = CARTESIAN_POINT('',(-2.82246137334,-8.596499431568,0.));
#4427 = CARTESIAN_POINT('',(-2.803357096871,-8.558340673911,0.));
#4428 = CARTESIAN_POINT('',(-2.789450252014,-8.52820264987,0.));
#4429 = CARTESIAN_POINT('',(-2.780224231209,-8.506365066006,0.));
#4430 = CARTESIAN_POINT('',(-2.775061695746,-8.493108744855,0.));
#4431 = CARTESIAN_POINT('',(-2.772967730556,-8.487144584368,0.));
#4432 = CARTESIAN_POINT('',(-2.772457351503,-8.485648810188,0.));
#4433 = SURFACE_OF_LINEAR_EXTRUSION('',#4434,#4457);
#4434 = B_SPLINE_CURVE_WITH_KNOTS('',3,(#4435,#4436,#4437,#4438,#4439,
    #4440,#4441,#4442,#4443,#4444,#4445,#4446,#4447,#4448,#4449,#4450,
    #4451,#4452,#4453,#4454,#4455,#4456),.UNSPECIFIED.,.F.,.F.,(4,1,1,1,
    1,1,1,1,1,1,1,1,1,1,1,1,1,1,1,4),(0.,0.175408275205,0.341335022231,
    0.497780241091,0.6447439318,0.782226094377,0.910226728846,
    1.028745835234,1.137783413579,1.237339463926,1.327413986336,
    1.408006980892,1.479118447709,1.540748386957,1.592896798895,
    1.635563683959,1.668749042956,1.692452877662,1.706675193405,
    1.711416027488),.UNSPECIFIED.);
#4435 = CARTESIAN_POINT('',(-3.900305571477,-9.748723836949,0.));
#4436 = CARTESIAN_POINT('',(-3.853263282398,-9.714001166377,0.));
#4437 = CARTESIAN_POINT('',(-3.762776330938,-9.644985785703,0.));
#4438 = CARTESIAN_POINT('',(-3.634175807036,-9.540091345148,0.));
#4439 = CARTESIAN_POINT('',(-3.516204963905,-9.43729664843,0.));
#4440 = CARTESIAN_POINT('',(-3.408586855911,-9.337175302811,0.));
#4441 = CARTESIAN_POINT('',(-3.31101360551,-9.240286224862,0.));
#4442 = CARTESIAN_POINT('',(-3.223153371078,-9.147170533827,0.));
#4443 = CARTESIAN_POINT('',(-3.144649650696,-9.058351007464,0.));
#4444 = CARTESIAN_POINT('',(-3.075122503227,-8.974330956923,0.));
#4445 = CARTESIAN_POINT('',(-3.014169365686,-8.895593283553,0.));
#4446 = CARTESIAN_POINT('',(-2.961365978393,-8.822599550541,0.));
#4447 = CARTESIAN_POINT('',(-2.916267450976,-8.755789060213,0.));
#4448 = CARTESIAN_POINT('',(-2.878408960657,-8.695578102406,0.));
#4449 = CARTESIAN_POINT('',(-2.84730775944,-8.642358831727,0.));
#4450 = CARTESIAN_POINT('',(-2.82246137334,-8.596499431568,0.));
#4451 = CARTESIAN_POINT('',(-2.803357096871,-8.558340673911,0.));
#4452 = CARTESIAN_POINT('',(-2.789450252014,-8.52820264987,0.));
#4453 = CARTESIAN_POINT('',(-2.780224231209,-8.506365066006,0.));
#4454 = CARTESIAN_POINT('',(-2.775061695746,-8.493108744855,0.));
#4455 = CARTESIAN_POINT('',(-2.772967730556,-8.487144584368,0.));
#4456 = CARTESIAN_POINT('',(-2.772457351503,-8.485648810188,0.));
#4457 = VECTOR('',#4458,1.);
#4458 = DIRECTION('',(-0.,-0.,-1.));
#4459 = ADVANCED_FACE('',(#4460),#4497,.F.);
#4460 = FACE_BOUND('',#4461,.F.);
#4461 = EDGE_LOOP('',(#4462,#4463,#4464,#4472));
#4462 = ORIENTED_EDGE('',*,*,#4377,.T.);
#4463 = ORIENTED_EDGE('',*,*,#603,.T.);
#4464 = ORIENTED_EDGE('',*,*,#4465,.F.);
#4465 = EDGE_CURVE('',#4466,#604,#4468,.T.);
#4466 = VERTEX_POINT('',#4467);
#4467 = CARTESIAN_POINT('',(-3.900305571477,9.748723836949,0.));
#4468 = LINE('',#4469,#4470);
#4469 = CARTESIAN_POINT('',(-3.900305571477,9.748723836949,0.));
#4470 = VECTOR('',#4471,1.);
#4471 = DIRECTION('',(0.,0.,1.));
#4472 = ORIENTED_EDGE('',*,*,#4473,.F.);
#4473 = EDGE_CURVE('',#4378,#4466,#4474,.T.);
#4474 = B_SPLINE_CURVE_WITH_KNOTS('',3,(#4475,#4476,#4477,#4478,#4479,
    #4480,#4481,#4482,#4483,#4484,#4485,#4486,#4487,#4488,#4489,#4490,
    #4491,#4492,#4493,#4494,#4495,#4496),.UNSPECIFIED.,.F.,.F.,(4,1,1,1,
    1,1,1,1,1,1,1,1,1,1,1,1,1,1,1,4),(0.,4.740834082121E-03,
    1.896314982603E-02,4.266698453205E-02,7.585234352884E-02,
    0.118519228593,0.170667640531,0.232297579778,0.303409046595,
    0.384002041151,0.474076563562,0.573632613909,0.682670192253,
    0.801189298642,0.929189933111,1.066672095688,1.213635786397,
    1.370081005257,1.536007752283,1.711416027488),.UNSPECIFIED.);
#4475 = CARTESIAN_POINT('',(-2.772457351503,8.485648810188,0.));
#4476 = CARTESIAN_POINT('',(-2.772967730556,8.487144584368,0.));
#4477 = CARTESIAN_POINT('',(-2.775061695746,8.493108744855,0.));
#4478 = CARTESIAN_POINT('',(-2.780224231209,8.506365066006,0.));
#4479 = CARTESIAN_POINT('',(-2.789450252014,8.52820264987,0.));
#4480 = CARTESIAN_POINT('',(-2.803357096871,8.558340673911,0.));
#4481 = CARTESIAN_POINT('',(-2.82246137334,8.596499431568,0.));
#4482 = CARTESIAN_POINT('',(-2.84730775944,8.642358831727,0.));
#4483 = CARTESIAN_POINT('',(-2.878408960657,8.695578102406,0.));
#4484 = CARTESIAN_POINT('',(-2.916267450976,8.755789060213,0.));
#4485 = CARTESIAN_POINT('',(-2.961365978393,8.822599550541,0.));
#4486 = CARTESIAN_POINT('',(-3.014169365686,8.895593283553,0.));
#4487 = CARTESIAN_POINT('',(-3.075122503227,8.974330956923,0.));
#4488 = CARTESIAN_POINT('',(-3.144649650696,9.058351007464,0.));
#4489 = CARTESIAN_POINT('',(-3.223153371078,9.147170533827,0.));
#4490 = CARTESIAN_POINT('',(-3.31101360551,9.240286224862,0.));
#4491 = CARTESIAN_POINT('',(-3.408586855911,9.337175302811,0.));
#4492 = CARTESIAN_POINT('',(-3.516204963905,9.43729664843,0.));
#4493 = CARTESIAN_POINT('',(-3.634175807036,9.540091345148,0.));
#4494 = CARTESIAN_POINT('',(-3.762776330938,9.644985785703,0.));
#4495 = CARTESIAN_POINT('',(-3.853263282398,9.714001166377,0.));
#4496 = CARTESIAN_POINT('',(-3.900305571477,9.748723836949,0.));
#4497 = SURFACE_OF_LINEAR_EXTRUSION('',#4498,#4521);
#4498 = B_SPLINE_CURVE_WITH_KNOTS('',3,(#4499,#4500,#4501,#4502,#4503,
    #4504,#4505,#4506,#4507,#4508,#4509,#4510,#4511,#4512,#4513,#4514,
    #4515,#4516,#4517,#4518,#4519,#4520),.UNSPECIFIED.,.F.,.F.,(4,1,1,1,
    1,1,1,1,1,1,1,1,1,1,1,1,1,1,1,4),(0.,4.740834082121E-03,
    1.896314982603E-02,4.266698453205E-02,7.585234352884E-02,
    0.118519228593,0.170667640531,0.232297579778,0.303409046595,
    0.384002041151,0.474076563562,0.573632613909,0.682670192253,
    0.801189298642,0.929189933111,1.066672095688,1.213635786397,
    1.370081005257,1.536007752283,1.711416027488),.UNSPECIFIED.);
#4499 = CARTESIAN_POINT('',(-2.772457351503,8.485648810188,0.));
#4500 = CARTESIAN_POINT('',(-2.772967730556,8.487144584368,0.));
#4501 = CARTESIAN_POINT('',(-2.775061695746,8.493108744855,0.));
#4502 = CARTESIAN_POINT('',(-2.780224231209,8.506365066006,0.));
#4503 = CARTESIAN_POINT('',(-2.789450252014,8.52820264987,0.));
#4504 = CARTESIAN_POINT('',(-2.803357096871,8.558340673911,0.));
#4505 = CARTESIAN_POINT('',(-2.82246137334,8.596499431568,0.));
#4506 = CARTESIAN_POINT('',(-2.84730775944,8.642358831727,0.));
#4507 = CARTESIAN_POINT('',(-2.878408960657,8.695578102406,0.));
#4508 = CARTESIAN_POINT('',(-2.916267450976,8.755789060213,0.));
#4509 = CARTESIAN_POINT('',(-2.961365978393,8.822599550541,0.));
#4510 = CARTESIAN_POINT('',(-3.014169365686,8.895593283553,0.));
#4511 = CARTESIAN_POINT('',(-3.075122503227,8.974330956923,0.));
#4512 = CARTESIAN_POINT('',(-3.144649650696,9.058351007464,0.));
#4513 = CARTESIAN_POINT('',(-3.223153371078,9.147170533827,0.));
#4514 = CARTESIAN_POINT('',(-3.31101360551,9.240286224862,0.));
#4515 = CARTESIAN_POINT('',(-3.408586855911,9.337175302811,0.));
#4516 = CARTESIAN_POINT('',(-3.516204963905,9.43729664843,0.));
#4517 = CARTESIAN_POINT('',(-3.634175807036,9.540091345148,0.));
#4518 = CARTESIAN_POINT('',(-3.762776330938,9.644985785703,0.));
#4519 = CARTESIAN_POINT('',(-3.853263282398,9.714001166377,0.));
#4520 = CARTESIAN_POINT('',(-3.900305571477,9.748723836949,0.));
#4521 = VECTOR('',#4522,1.);
#4522 = DIRECTION('',(-0.,-0.,-1.));
#4523 = ADVANCED_FACE('',(#4524),#4541,.F.);
#4524 = FACE_BOUND('',#4525,.F.);
#4525 = EDGE_LOOP('',(#4526,#4534,#4535,#4536));
#4526 = ORIENTED_EDGE('',*,*,#4527,.T.);
#4527 = EDGE_CURVE('',#4528,#1178,#4530,.T.);
#4528 = VERTEX_POINT('',#4529);
#4529 = CARTESIAN_POINT('',(-4.530764138122,-9.472179069502,0.));
#4530 = LINE('',#4531,#4532);
#4531 = CARTESIAN_POINT('',(-4.530764138122,-9.472179069502,0.));
#4532 = VECTOR('',#4533,1.);
#4533 = DIRECTION('',(0.,0.,1.));
#4534 = ORIENTED_EDGE('',*,*,#1204,.T.);
#4535 = ORIENTED_EDGE('',*,*,#4399,.F.);
#4536 = ORIENTED_EDGE('',*,*,#4537,.F.);
#4537 = EDGE_CURVE('',#4528,#4400,#4538,.T.);
#4538 = B_SPLINE_CURVE_WITH_KNOTS('',1,(#4539,#4540),.UNSPECIFIED.,.F.,
  .F.,(2,2),(0.,0.68844390669),.PIECEWISE_BEZIER_KNOTS.);
#4539 = CARTESIAN_POINT('',(-4.530764138122,-9.472179069502,0.));
#4540 = CARTESIAN_POINT('',(-3.900305571477,-9.748723836949,0.));
#4541 = SURFACE_OF_LINEAR_EXTRUSION('',#4542,#4545);
#4542 = B_SPLINE_CURVE_WITH_KNOTS('',1,(#4543,#4544),.UNSPECIFIED.,.F.,
  .F.,(2,2),(0.,0.68844390669),.PIECEWISE_BEZIER_KNOTS.);
#4543 = CARTESIAN_POINT('',(-4.530764138122,-9.472179069502,0.));
#4544 = CARTESIAN_POINT('',(-3.900305571477,-9.748723836949,0.));
#4545 = VECTOR('',#4546,1.);
#4546 = DIRECTION('',(-0.,-0.,-1.));
#4547 = ADVANCED_FACE('',(#4548),#4565,.F.);
#4548 = FACE_BOUND('',#4549,.F.);
#4549 = EDGE_LOOP('',(#4550,#4551,#4552,#4560));
#4550 = ORIENTED_EDGE('',*,*,#4465,.T.);
#4551 = ORIENTED_EDGE('',*,*,#630,.T.);
#4552 = ORIENTED_EDGE('',*,*,#4553,.F.);
#4553 = EDGE_CURVE('',#4554,#631,#4556,.T.);
#4554 = VERTEX_POINT('',#4555);
#4555 = CARTESIAN_POINT('',(-4.530764138122,9.472179069502,0.));
#4556 = LINE('',#4557,#4558);
#4557 = CARTESIAN_POINT('',(-4.530764138122,9.472179069502,0.));
#4558 = VECTOR('',#4559,1.);
#4559 = DIRECTION('',(0.,0.,1.));
#4560 = ORIENTED_EDGE('',*,*,#4561,.F.);
#4561 = EDGE_CURVE('',#4466,#4554,#4562,.T.);
#4562 = B_SPLINE_CURVE_WITH_KNOTS('',1,(#4563,#4564),.UNSPECIFIED.,.F.,
  .F.,(2,2),(0.,0.68844390669),.PIECEWISE_BEZIER_KNOTS.);
#4563 = CARTESIAN_POINT('',(-3.900305571477,9.748723836949,0.));
#4564 = CARTESIAN_POINT('',(-4.530764138122,9.472179069502,0.));
#4565 = SURFACE_OF_LINEAR_EXTRUSION('',#4566,#4569);
#4566 = B_SPLINE_CURVE_WITH_KNOTS('',1,(#4567,#4568),.UNSPECIFIED.,.F.,
  .F.,(2,2),(0.,0.68844390669),.PIECEWISE_BEZIER_KNOTS.);
#4567 = CARTESIAN_POINT('',(-3.900305571477,9.748723836949,0.));
#4568 = CARTESIAN_POINT('',(-4.530764138122,9.472179069502,0.));
#4569 = VECTOR('',#4570,1.);
#4570 = DIRECTION('',(-0.,-0.,-1.));
#4571 = ADVANCED_FACE('',(#4572),#4609,.F.);
#4572 = FACE_BOUND('',#4573,.F.);
#4573 = EDGE_LOOP('',(#4574,#4582,#4583,#4584));
#4574 = ORIENTED_EDGE('',*,*,#4575,.T.);
#4575 = EDGE_CURVE('',#4576,#1171,#4578,.T.);
#4576 = VERTEX_POINT('',#4577);
#4577 = CARTESIAN_POINT('',(-4.365360454939,-7.78693672725,0.));
#4578 = LINE('',#4579,#4580);
#4579 = CARTESIAN_POINT('',(-4.365360454939,-7.78693672725,0.));
#4580 = VECTOR('',#4581,1.);
#4581 = DIRECTION('',(0.,0.,1.));
#4582 = ORIENTED_EDGE('',*,*,#1177,.T.);
#4583 = ORIENTED_EDGE('',*,*,#4527,.F.);
#4584 = ORIENTED_EDGE('',*,*,#4585,.F.);
#4585 = EDGE_CURVE('',#4576,#4528,#4586,.T.);
#4586 = B_SPLINE_CURVE_WITH_KNOTS('',3,(#4587,#4588,#4589,#4590,#4591,
    #4592,#4593,#4594,#4595,#4596,#4597,#4598,#4599,#4600,#4601,#4602,
    #4603,#4604,#4605,#4606,#4607,#4608),.UNSPECIFIED.,.F.,.F.,(4,1,1,1,
    1,1,1,1,1,1,1,1,1,1,1,1,1,1,1,4),(0.,4.740834082121E-03,
    1.896314982603E-02,4.266698453205E-02,7.585234352884E-02,
    0.118519228593,0.170667640531,0.232297579778,0.303409046595,
    0.384002041151,0.474076563562,0.573632613909,0.682670192253,
    0.801189298642,0.929189933111,1.066672095688,1.213635786397,
    1.370081005257,1.536007752283,1.711416027488),.UNSPECIFIED.);
#4587 = CARTESIAN_POINT('',(-4.365360454939,-7.78693672725,0.));
#4588 = CARTESIAN_POINT('',(-4.366115261442,-7.788325285611,0.));
#4589 = CARTESIAN_POINT('',(-4.369085032883,-7.793905281857,0.));
#4590 = CARTESIAN_POINT('',(-4.37534153519,-7.80668174466,0.));
#4591 = CARTESIAN_POINT('',(-4.38515935392,-7.828259741887,0.));
#4592 = CARTESIAN_POINT('',(-4.397913769086,-7.858903268458,0.));
#4593 = CARTESIAN_POINT('',(-4.413049105104,-7.89880296481,0.));
#4594 = CARTESIAN_POINT('',(-4.429960962903,-7.94814277177,0.));
#4595 = CARTESIAN_POINT('',(-4.448051382411,-8.007069100443,0.));
#4596 = CARTESIAN_POINT('',(-4.466709165931,-8.075702269125,0.));
#4597 = CARTESIAN_POINT('',(-4.485318839622,-8.154131847973,0.));
#4598 = CARTESIAN_POINT('',(-4.503259313196,-8.242417872782,0.));
#4599 = CARTESIAN_POINT('',(-4.519906065375,-8.340590128668,0.));
#4600 = CARTESIAN_POINT('',(-4.534632169825,-8.44864814538,0.));
#4601 = CARTESIAN_POINT('',(-4.546809695987,-8.566561037948,0.));
#4602 = CARTESIAN_POINT('',(-4.55581101868,-8.694267454784,0.));
#4603 = CARTESIAN_POINT('',(-4.56101006563,-8.831675615132,0.));
#4604 = CARTESIAN_POINT('',(-4.561783972253,-8.978663172719,0.));
#4605 = CARTESIAN_POINT('',(-4.557513010477,-9.135078096521,0.));
#4606 = CARTESIAN_POINT('',(-4.54758759355,-9.300735648435,0.));
#4607 = CARTESIAN_POINT('',(-4.53707871462,-9.414051907717,0.));
#4608 = CARTESIAN_POINT('',(-4.530764138122,-9.472179069502,0.));
#4609 = SURFACE_OF_LINEAR_EXTRUSION('',#4610,#4633);
#4610 = B_SPLINE_CURVE_WITH_KNOTS('',3,(#4611,#4612,#4613,#4614,#4615,
    #4616,#4617,#4618,#4619,#4620,#4621,#4622,#4623,#4624,#4625,#4626,
    #4627,#4628,#4629,#4630,#4631,#4632),.UNSPECIFIED.,.F.,.F.,(4,1,1,1,
    1,1,1,1,1,1,1,1,1,1,1,1,1,1,1,4),(0.,4.740834082121E-03,
    1.896314982603E-02,4.266698453205E-02,7.585234352884E-02,
    0.118519228593,0.170667640531,0.232297579778,0.303409046595,
    0.384002041151,0.474076563562,0.573632613909,0.682670192253,
    0.801189298642,0.929189933111,1.066672095688,1.213635786397,
    1.370081005257,1.536007752283,1.711416027488),.UNSPECIFIED.);
#4611 = CARTESIAN_POINT('',(-4.365360454939,-7.78693672725,0.));
#4612 = CARTESIAN_POINT('',(-4.366115261442,-7.788325285611,0.));
#4613 = CARTESIAN_POINT('',(-4.369085032883,-7.793905281857,0.));
#4614 = CARTESIAN_POINT('',(-4.37534153519,-7.80668174466,0.));
#4615 = CARTESIAN_POINT('',(-4.38515935392,-7.828259741887,0.));
#4616 = CARTESIAN_POINT('',(-4.397913769086,-7.858903268458,0.));
#4617 = CARTESIAN_POINT('',(-4.413049105104,-7.89880296481,0.));
#4618 = CARTESIAN_POINT('',(-4.429960962903,-7.94814277177,0.));
#4619 = CARTESIAN_POINT('',(-4.448051382411,-8.007069100443,0.));
#4620 = CARTESIAN_POINT('',(-4.466709165931,-8.075702269125,0.));
#4621 = CARTESIAN_POINT('',(-4.485318839622,-8.154131847973,0.));
#4622 = CARTESIAN_POINT('',(-4.503259313196,-8.242417872782,0.));
#4623 = CARTESIAN_POINT('',(-4.519906065375,-8.340590128668,0.));
#4624 = CARTESIAN_POINT('',(-4.534632169825,-8.44864814538,0.));
#4625 = CARTESIAN_POINT('',(-4.546809695987,-8.566561037948,0.));
#4626 = CARTESIAN_POINT('',(-4.55581101868,-8.694267454784,0.));
#4627 = CARTESIAN_POINT('',(-4.56101006563,-8.831675615132,0.));
#4628 = CARTESIAN_POINT('',(-4.561783972253,-8.978663172719,0.));
#4629 = CARTESIAN_POINT('',(-4.557513010477,-9.135078096521,0.));
#4630 = CARTESIAN_POINT('',(-4.54758759355,-9.300735648435,0.));
#4631 = CARTESIAN_POINT('',(-4.53707871462,-9.414051907717,0.));
#4632 = CARTESIAN_POINT('',(-4.530764138122,-9.472179069502,0.));
#4633 = VECTOR('',#4634,1.);
#4634 = DIRECTION('',(-0.,-0.,-1.));
#4635 = ADVANCED_FACE('',(#4636),#4673,.F.);
#4636 = FACE_BOUND('',#4637,.F.);
#4637 = EDGE_LOOP('',(#4638,#4639,#4640,#4648));
#4638 = ORIENTED_EDGE('',*,*,#4553,.T.);
#4639 = ORIENTED_EDGE('',*,*,#637,.T.);
#4640 = ORIENTED_EDGE('',*,*,#4641,.F.);
#4641 = EDGE_CURVE('',#4642,#638,#4644,.T.);
#4642 = VERTEX_POINT('',#4643);
#4643 = CARTESIAN_POINT('',(-4.365360454939,7.78693672725,0.));
#4644 = LINE('',#4645,#4646);
#4645 = CARTESIAN_POINT('',(-4.365360454939,7.78693672725,0.));
#4646 = VECTOR('',#4647,1.);
#4647 = DIRECTION('',(0.,0.,1.));
#4648 = ORIENTED_EDGE('',*,*,#4649,.F.);
#4649 = EDGE_CURVE('',#4554,#4642,#4650,.T.);
#4650 = B_SPLINE_CURVE_WITH_KNOTS('',3,(#4651,#4652,#4653,#4654,#4655,
    #4656,#4657,#4658,#4659,#4660,#4661,#4662,#4663,#4664,#4665,#4666,
    #4667,#4668,#4669,#4670,#4671,#4672),.UNSPECIFIED.,.F.,.F.,(4,1,1,1,
    1,1,1,1,1,1,1,1,1,1,1,1,1,1,1,4),(0.,0.175408275205,0.341335022231,
    0.497780241091,0.6447439318,0.782226094377,0.910226728846,
    1.028745835234,1.137783413579,1.237339463926,1.327413986336,
    1.408006980892,1.479118447709,1.540748386957,1.592896798895,
    1.635563683959,1.668749042956,1.692452877662,1.706675193405,
    1.711416027488),.UNSPECIFIED.);
#4651 = CARTESIAN_POINT('',(-4.530764138122,9.472179069502,0.));
#4652 = CARTESIAN_POINT('',(-4.53707871462,9.414051907717,0.));
#4653 = CARTESIAN_POINT('',(-4.54758759355,9.300735648435,0.));
#4654 = CARTESIAN_POINT('',(-4.557513010477,9.135078096521,0.));
#4655 = CARTESIAN_POINT('',(-4.561783972253,8.978663172719,0.));
#4656 = CARTESIAN_POINT('',(-4.56101006563,8.831675615132,0.));
#4657 = CARTESIAN_POINT('',(-4.55581101868,8.694267454784,0.));
#4658 = CARTESIAN_POINT('',(-4.546809695987,8.566561037948,0.));
#4659 = CARTESIAN_POINT('',(-4.534632169825,8.44864814538,0.));
#4660 = CARTESIAN_POINT('',(-4.519906065375,8.340590128668,0.));
#4661 = CARTESIAN_POINT('',(-4.503259313196,8.242417872782,0.));
#4662 = CARTESIAN_POINT('',(-4.485318839622,8.154131847973,0.));
#4663 = CARTESIAN_POINT('',(-4.466709165931,8.075702269125,0.));
#4664 = CARTESIAN_POINT('',(-4.448051382411,8.007069100443,0.));
#4665 = CARTESIAN_POINT('',(-4.429960962903,7.94814277177,0.));
#4666 = CARTESIAN_POINT('',(-4.413049105104,7.89880296481,0.));
#4667 = CARTESIAN_POINT('',(-4.397913769086,7.858903268458,0.));
#4668 = CARTESIAN_POINT('',(-4.38515935392,7.828259741887,0.));
#4669 = CARTESIAN_POINT('',(-4.37534153519,7.80668174466,0.));
#4670 = CARTESIAN_POINT('',(-4.369085032883,7.793905281857,0.));
#4671 = CARTESIAN_POINT('',(-4.366115261442,7.788325285611,0.));
#4672 = CARTESIAN_POINT('',(-4.365360454939,7.78693672725,0.));
#4673 = SURFACE_OF_LINEAR_EXTRUSION('',#4674,#4697);
#4674 = B_SPLINE_CURVE_WITH_KNOTS('',3,(#4675,#4676,#4677,#4678,#4679,
    #4680,#4681,#4682,#4683,#4684,#4685,#4686,#4687,#4688,#4689,#4690,
    #4691,#4692,#4693,#4694,#4695,#4696),.UNSPECIFIED.,.F.,.F.,(4,1,1,1,
    1,1,1,1,1,1,1,1,1,1,1,1,1,1,1,4),(0.,0.175408275205,0.341335022231,
    0.497780241091,0.6447439318,0.782226094377,0.910226728846,
    1.028745835234,1.137783413579,1.237339463926,1.327413986336,
    1.408006980892,1.479118447709,1.540748386957,1.592896798895,
    1.635563683959,1.668749042956,1.692452877662,1.706675193405,
    1.711416027488),.UNSPECIFIED.);
#4675 = CARTESIAN_POINT('',(-4.530764138122,9.472179069502,0.));
#4676 = CARTESIAN_POINT('',(-4.53707871462,9.414051907717,0.));
#4677 = CARTESIAN_POINT('',(-4.54758759355,9.300735648435,0.));
#4678 = CARTESIAN_POINT('',(-4.557513010477,9.135078096521,0.));
#4679 = CARTESIAN_POINT('',(-4.561783972253,8.978663172719,0.));
#4680 = CARTESIAN_POINT('',(-4.56101006563,8.831675615132,0.));
#4681 = CARTESIAN_POINT('',(-4.55581101868,8.694267454784,0.));
#4682 = CARTESIAN_POINT('',(-4.546809695987,8.566561037948,0.));
#4683 = CARTESIAN_POINT('',(-4.534632169825,8.44864814538,0.));
#4684 = CARTESIAN_POINT('',(-4.519906065375,8.340590128668,0.));
#4685 = CARTESIAN_POINT('',(-4.503259313196,8.242417872782,0.));
#4686 = CARTESIAN_POINT('',(-4.485318839622,8.154131847973,0.));
#4687 = CARTESIAN_POINT('',(-4.466709165931,8.075702269125,0.));
#4688 = CARTESIAN_POINT('',(-4.448051382411,8.007069100443,0.));
#4689 = CARTESIAN_POINT('',(-4.429960962903,7.94814277177,0.));
#4690 = CARTESIAN_POINT('',(-4.413049105104,7.89880296481,0.));
#4691 = CARTESIAN_POINT('',(-4.397913769086,7.858903268458,0.));
#4692 = CARTESIAN_POINT('',(-4.38515935392,7.828259741887,0.));
#4693 = CARTESIAN_POINT('',(-4.37534153519,7.80668174466,0.));
#4694 = CARTESIAN_POINT('',(-4.369085032883,7.793905281857,0.));
#4695 = CARTESIAN_POINT('',(-4.366115261442,7.788325285611,0.));
#4696 = CARTESIAN_POINT('',(-4.365360454939,7.78693672725,0.));
#4697 = VECTOR('',#4698,1.);
#4698 = DIRECTION('',(-0.,-0.,-1.));
#4699 = ADVANCED_FACE('',(#4700),#4717,.F.);
#4700 = FACE_BOUND('',#4701,.F.);
#4701 = EDGE_LOOP('',(#4702,#4710,#4711,#4712));
#4702 = ORIENTED_EDGE('',*,*,#4703,.T.);
#4703 = EDGE_CURVE('',#4704,#1164,#4706,.T.);
#4704 = VERTEX_POINT('',#4705);
#4705 = CARTESIAN_POINT('',(-4.034266990651,-7.196331693866,0.));
#4706 = LINE('',#4707,#4708);
#4707 = CARTESIAN_POINT('',(-4.034266990651,-7.196331693866,0.));
#4708 = VECTOR('',#4709,1.);
#4709 = DIRECTION('',(0.,0.,1.));
#4710 = ORIENTED_EDGE('',*,*,#1170,.T.);
#4711 = ORIENTED_EDGE('',*,*,#4575,.F.);
#4712 = ORIENTED_EDGE('',*,*,#4713,.F.);
#4713 = EDGE_CURVE('',#4704,#4576,#4714,.T.);
#4714 = B_SPLINE_CURVE_WITH_KNOTS('',1,(#4715,#4716),.UNSPECIFIED.,.F.,
  .F.,(2,2),(0.,0.677079897466),.PIECEWISE_BEZIER_KNOTS.);
#4715 = CARTESIAN_POINT('',(-4.034266990651,-7.196331693866,0.));
#4716 = CARTESIAN_POINT('',(-4.365360454939,-7.78693672725,0.));
#4717 = SURFACE_OF_LINEAR_EXTRUSION('',#4718,#4721);
#4718 = B_SPLINE_CURVE_WITH_KNOTS('',1,(#4719,#4720),.UNSPECIFIED.,.F.,
  .F.,(2,2),(0.,0.677079897466),.PIECEWISE_BEZIER_KNOTS.);
#4719 = CARTESIAN_POINT('',(-4.034266990651,-7.196331693866,0.));
#4720 = CARTESIAN_POINT('',(-4.365360454939,-7.78693672725,0.));
#4721 = VECTOR('',#4722,1.);
#4722 = DIRECTION('',(-0.,-0.,-1.));
#4723 = ADVANCED_FACE('',(#4724),#4741,.F.);
#4724 = FACE_BOUND('',#4725,.F.);
#4725 = EDGE_LOOP('',(#4726,#4727,#4728,#4736));
#4726 = ORIENTED_EDGE('',*,*,#4641,.T.);
#4727 = ORIENTED_EDGE('',*,*,#664,.T.);
#4728 = ORIENTED_EDGE('',*,*,#4729,.F.);
#4729 = EDGE_CURVE('',#4730,#665,#4732,.T.);
#4730 = VERTEX_POINT('',#4731);
#4731 = CARTESIAN_POINT('',(-4.034266990651,7.196331693866,0.));
#4732 = LINE('',#4733,#4734);
#4733 = CARTESIAN_POINT('',(-4.034266990651,7.196331693866,0.));
#4734 = VECTOR('',#4735,1.);
#4735 = DIRECTION('',(0.,0.,1.));
#4736 = ORIENTED_EDGE('',*,*,#4737,.F.);
#4737 = EDGE_CURVE('',#4642,#4730,#4738,.T.);
#4738 = B_SPLINE_CURVE_WITH_KNOTS('',1,(#4739,#4740),.UNSPECIFIED.,.F.,
  .F.,(2,2),(0.,0.677079897466),.PIECEWISE_BEZIER_KNOTS.);
#4739 = CARTESIAN_POINT('',(-4.365360454939,7.78693672725,0.));
#4740 = CARTESIAN_POINT('',(-4.034266990651,7.196331693866,0.));
#4741 = SURFACE_OF_LINEAR_EXTRUSION('',#4742,#4745);
#4742 = B_SPLINE_CURVE_WITH_KNOTS('',1,(#4743,#4744),.UNSPECIFIED.,.F.,
  .F.,(2,2),(0.,0.677079897466),.PIECEWISE_BEZIER_KNOTS.);
#4743 = CARTESIAN_POINT('',(-4.365360454939,7.78693672725,0.));
#4744 = CARTESIAN_POINT('',(-4.034266990651,7.196331693866,0.));
#4745 = VECTOR('',#4746,1.);
#4746 = DIRECTION('',(-0.,-0.,-1.));
#4747 = ADVANCED_FACE('',(#4748),#4765,.F.);
#4748 = FACE_BOUND('',#4749,.F.);
#4749 = EDGE_LOOP('',(#4750,#4758,#4759,#4760));
#4750 = ORIENTED_EDGE('',*,*,#4751,.T.);
#4751 = EDGE_CURVE('',#4752,#1157,#4754,.T.);
#4752 = VERTEX_POINT('',#4753);
#4753 = CARTESIAN_POINT('',(-4.969662023032,-6.585207618354,0.));
#4754 = LINE('',#4755,#4756);
#4755 = CARTESIAN_POINT('',(-4.969662023032,-6.585207618354,0.));
#4756 = VECTOR('',#4757,1.);
#4757 = DIRECTION('',(0.,0.,1.));
#4758 = ORIENTED_EDGE('',*,*,#1163,.T.);
#4759 = ORIENTED_EDGE('',*,*,#4703,.F.);
#4760 = ORIENTED_EDGE('',*,*,#4761,.F.);
#4761 = EDGE_CURVE('',#4752,#4704,#4762,.T.);
#4762 = B_SPLINE_CURVE_WITH_KNOTS('',1,(#4763,#4764),.UNSPECIFIED.,.F.,
  .F.,(2,2),(0.,1.117334552529),.PIECEWISE_BEZIER_KNOTS.);
#4763 = CARTESIAN_POINT('',(-4.969662023032,-6.585207618354,0.));
#4764 = CARTESIAN_POINT('',(-4.034266990651,-7.196331693866,0.));
#4765 = SURFACE_OF_LINEAR_EXTRUSION('',#4766,#4769);
#4766 = B_SPLINE_CURVE_WITH_KNOTS('',1,(#4767,#4768),.UNSPECIFIED.,.F.,
  .F.,(2,2),(0.,1.117334552529),.PIECEWISE_BEZIER_KNOTS.);
#4767 = CARTESIAN_POINT('',(-4.969662023032,-6.585207618354,0.));
#4768 = CARTESIAN_POINT('',(-4.034266990651,-7.196331693866,0.));
#4769 = VECTOR('',#4770,1.);
#4770 = DIRECTION('',(-0.,-0.,-1.));
#4771 = ADVANCED_FACE('',(#4772),#4789,.F.);
#4772 = FACE_BOUND('',#4773,.F.);
#4773 = EDGE_LOOP('',(#4774,#4775,#4776,#4784));
#4774 = ORIENTED_EDGE('',*,*,#4729,.T.);
#4775 = ORIENTED_EDGE('',*,*,#671,.T.);
#4776 = ORIENTED_EDGE('',*,*,#4777,.F.);
#4777 = EDGE_CURVE('',#4778,#672,#4780,.T.);
#4778 = VERTEX_POINT('',#4779);
#4779 = CARTESIAN_POINT('',(-4.969662023032,6.585207618354,0.));
#4780 = LINE('',#4781,#4782);
#4781 = CARTESIAN_POINT('',(-4.969662023032,6.585207618354,0.));
#4782 = VECTOR('',#4783,1.);
#4783 = DIRECTION('',(0.,0.,1.));
#4784 = ORIENTED_EDGE('',*,*,#4785,.F.);
#4785 = EDGE_CURVE('',#4730,#4778,#4786,.T.);
#4786 = B_SPLINE_CURVE_WITH_KNOTS('',1,(#4787,#4788),.UNSPECIFIED.,.F.,
  .F.,(2,2),(0.,1.117334552529),.PIECEWISE_BEZIER_KNOTS.);
#4787 = CARTESIAN_POINT('',(-4.034266990651,7.196331693866,0.));
#4788 = CARTESIAN_POINT('',(-4.969662023032,6.585207618354,0.));
#4789 = SURFACE_OF_LINEAR_EXTRUSION('',#4790,#4793);
#4790 = B_SPLINE_CURVE_WITH_KNOTS('',1,(#4791,#4792),.UNSPECIFIED.,.F.,
  .F.,(2,2),(0.,1.117334552529),.PIECEWISE_BEZIER_KNOTS.);
#4791 = CARTESIAN_POINT('',(-4.034266990651,7.196331693866,0.));
#4792 = CARTESIAN_POINT('',(-4.969662023032,6.585207618354,0.));
#4793 = VECTOR('',#4794,1.);
#4794 = DIRECTION('',(-0.,-0.,-1.));
#4795 = ADVANCED_FACE('',(#4796),#4813,.F.);
#4796 = FACE_BOUND('',#4797,.F.);
#4797 = EDGE_LOOP('',(#4798,#4806,#4807,#4808));
#4798 = ORIENTED_EDGE('',*,*,#4799,.T.);
#4799 = EDGE_CURVE('',#4800,#1130,#4802,.T.);
#4800 = VERTEX_POINT('',#4801);
#4801 = CARTESIAN_POINT('',(-5.377523629456,-7.125657521267,0.));
#4802 = LINE('',#4803,#4804);
#4803 = CARTESIAN_POINT('',(-5.377523629456,-7.125657521267,0.));
#4804 = VECTOR('',#4805,1.);
#4805 = DIRECTION('',(0.,0.,1.));
#4806 = ORIENTED_EDGE('',*,*,#1156,.T.);
#4807 = ORIENTED_EDGE('',*,*,#4751,.F.);
#4808 = ORIENTED_EDGE('',*,*,#4809,.F.);
#4809 = EDGE_CURVE('',#4800,#4752,#4810,.T.);
#4810 = B_SPLINE_CURVE_WITH_KNOTS('',1,(#4811,#4812),.UNSPECIFIED.,.F.,
  .F.,(2,2),(0.,0.677079897466),.PIECEWISE_BEZIER_KNOTS.);
#4811 = CARTESIAN_POINT('',(-5.377523629456,-7.125657521267,0.));
#4812 = CARTESIAN_POINT('',(-4.969662023032,-6.585207618354,0.));
#4813 = SURFACE_OF_LINEAR_EXTRUSION('',#4814,#4817);
#4814 = B_SPLINE_CURVE_WITH_KNOTS('',1,(#4815,#4816),.UNSPECIFIED.,.F.,
  .F.,(2,2),(0.,0.677079897466),.PIECEWISE_BEZIER_KNOTS.);
#4815 = CARTESIAN_POINT('',(-5.377523629456,-7.125657521267,0.));
#4816 = CARTESIAN_POINT('',(-4.969662023032,-6.585207618354,0.));
#4817 = VECTOR('',#4818,1.);
#4818 = DIRECTION('',(-0.,-0.,-1.));
#4819 = ADVANCED_FACE('',(#4820),#4837,.F.);
#4820 = FACE_BOUND('',#4821,.F.);
#4821 = EDGE_LOOP('',(#4822,#4823,#4824,#4832));
#4822 = ORIENTED_EDGE('',*,*,#4777,.T.);
#4823 = ORIENTED_EDGE('',*,*,#678,.T.);
#4824 = ORIENTED_EDGE('',*,*,#4825,.F.);
#4825 = EDGE_CURVE('',#4826,#679,#4828,.T.);
#4826 = VERTEX_POINT('',#4827);
#4827 = CARTESIAN_POINT('',(-5.377523629456,7.125657521267,0.));
#4828 = LINE('',#4829,#4830);
#4829 = CARTESIAN_POINT('',(-5.377523629456,7.125657521267,0.));
#4830 = VECTOR('',#4831,1.);
#4831 = DIRECTION('',(0.,0.,1.));
#4832 = ORIENTED_EDGE('',*,*,#4833,.F.);
#4833 = EDGE_CURVE('',#4778,#4826,#4834,.T.);
#4834 = B_SPLINE_CURVE_WITH_KNOTS('',1,(#4835,#4836),.UNSPECIFIED.,.F.,
  .F.,(2,2),(0.,0.677079897466),.PIECEWISE_BEZIER_KNOTS.);
#4835 = CARTESIAN_POINT('',(-4.969662023032,6.585207618354,0.));
#4836 = CARTESIAN_POINT('',(-5.377523629456,7.125657521267,0.));
#4837 = SURFACE_OF_LINEAR_EXTRUSION('',#4838,#4841);
#4838 = B_SPLINE_CURVE_WITH_KNOTS('',1,(#4839,#4840),.UNSPECIFIED.,.F.,
  .F.,(2,2),(0.,0.677079897466),.PIECEWISE_BEZIER_KNOTS.);
#4839 = CARTESIAN_POINT('',(-4.969662023032,6.585207618354,0.));
#4840 = CARTESIAN_POINT('',(-5.377523629456,7.125657521267,0.));
#4841 = VECTOR('',#4842,1.);
#4842 = DIRECTION('',(-0.,-0.,-1.));
#4843 = ADVANCED_FACE('',(#4844),#4881,.F.);
#4844 = FACE_BOUND('',#4845,.F.);
#4845 = EDGE_LOOP('',(#4846,#4854,#4855,#4856));
#4846 = ORIENTED_EDGE('',*,*,#4847,.T.);
#4847 = EDGE_CURVE('',#4848,#1123,#4850,.T.);
#4848 = VERTEX_POINT('',#4849);
#4849 = CARTESIAN_POINT('',(-6.854381712684,-7.95408394077,0.));
#4850 = LINE('',#4851,#4852);
#4851 = CARTESIAN_POINT('',(-6.854381712684,-7.95408394077,0.));
#4852 = VECTOR('',#4853,1.);
#4853 = DIRECTION('',(0.,0.,1.));
#4854 = ORIENTED_EDGE('',*,*,#1129,.T.);
#4855 = ORIENTED_EDGE('',*,*,#4799,.F.);
#4856 = ORIENTED_EDGE('',*,*,#4857,.F.);
#4857 = EDGE_CURVE('',#4848,#4800,#4858,.T.);
#4858 = B_SPLINE_CURVE_WITH_KNOTS('',3,(#4859,#4860,#4861,#4862,#4863,
    #4864,#4865,#4866,#4867,#4868,#4869,#4870,#4871,#4872,#4873,#4874,
    #4875,#4876,#4877,#4878,#4879,#4880),.UNSPECIFIED.,.F.,.F.,(4,1,1,1,
    1,1,1,1,1,1,1,1,1,1,1,1,1,1,1,4),(0.,0.175408275205,0.341335022231,
    0.497780241091,0.6447439318,0.782226094377,0.910226728846,
    1.028745835234,1.137783413579,1.237339463926,1.327413986336,
    1.408006980892,1.479118447709,1.540748386957,1.592896798895,
    1.635563683959,1.668749042956,1.692452877662,1.706675193405,
    1.711416027488),.UNSPECIFIED.);
#4859 = CARTESIAN_POINT('',(-6.854381712684,-7.95408394077,0.));
#4860 = CARTESIAN_POINT('',(-6.79861387188,-7.936517246559,0.));
#4861 = CARTESIAN_POINT('',(-6.690620495569,-7.900622374684,0.));
#4862 = CARTESIAN_POINT('',(-6.5349287336,-7.843167926099,0.));
#4863 = CARTESIAN_POINT('',(-6.389972492687,-7.784247999733,0.));
#4864 = CARTESIAN_POINT('',(-6.255676082848,-7.724495047327,0.));
#4865 = CARTESIAN_POINT('',(-6.131929788109,-7.664537669485,0.));
#4866 = CARTESIAN_POINT('',(-6.018595448069,-7.604995414915,0.));
#4867 = CARTESIAN_POINT('',(-5.91550562273,-7.54647849182,0.));
#4868 = CARTESIAN_POINT('',(-5.822464382074,-7.489586307249,0.));
#4869 = CARTESIAN_POINT('',(-5.739247772902,-7.43490630961,0.));
#4870 = CARTESIAN_POINT('',(-5.665604392416,-7.383012810217,0.));
#4871 = CARTESIAN_POINT('',(-5.601256096863,-7.334465764452,0.));
#4872 = CARTESIAN_POINT('',(-5.545898417934,-7.289809834131,0.));
#4873 = CARTESIAN_POINT('',(-5.499202096644,-7.249572673858,0.));
#4874 = CARTESIAN_POINT('',(-5.460811433388,-7.214265670873,0.));
#4875 = CARTESIAN_POINT('',(-5.430352150956,-7.184377608387,0.));
#4876 = CARTESIAN_POINT('',(-5.407413016904,-7.160388090763,0.));
#4877 = CARTESIAN_POINT('',(-5.391596235465,-7.142729411485,0.));
#4878 = CARTESIAN_POINT('',(-5.382409099972,-7.131867626903,0.));
#4879 = CARTESIAN_POINT('',(-5.378492031847,-7.126906530469,0.));
#4880 = CARTESIAN_POINT('',(-5.377523629456,-7.125657521267,0.));
#4881 = SURFACE_OF_LINEAR_EXTRUSION('',#4882,#4905);
#4882 = B_SPLINE_CURVE_WITH_KNOTS('',3,(#4883,#4884,#4885,#4886,#4887,
    #4888,#4889,#4890,#4891,#4892,#4893,#4894,#4895,#4896,#4897,#4898,
    #4899,#4900,#4901,#4902,#4903,#4904),.UNSPECIFIED.,.F.,.F.,(4,1,1,1,
    1,1,1,1,1,1,1,1,1,1,1,1,1,1,1,4),(0.,0.175408275205,0.341335022231,
    0.497780241091,0.6447439318,0.782226094377,0.910226728846,
    1.028745835234,1.137783413579,1.237339463926,1.327413986336,
    1.408006980892,1.479118447709,1.540748386957,1.592896798895,
    1.635563683959,1.668749042956,1.692452877662,1.706675193405,
    1.711416027488),.UNSPECIFIED.);
#4883 = CARTESIAN_POINT('',(-6.854381712684,-7.95408394077,0.));
#4884 = CARTESIAN_POINT('',(-6.79861387188,-7.936517246559,0.));
#4885 = CARTESIAN_POINT('',(-6.690620495569,-7.900622374684,0.));
#4886 = CARTESIAN_POINT('',(-6.5349287336,-7.843167926099,0.));
#4887 = CARTESIAN_POINT('',(-6.389972492687,-7.784247999733,0.));
#4888 = CARTESIAN_POINT('',(-6.255676082848,-7.724495047327,0.));
#4889 = CARTESIAN_POINT('',(-6.131929788109,-7.664537669485,0.));
#4890 = CARTESIAN_POINT('',(-6.018595448069,-7.604995414915,0.));
#4891 = CARTESIAN_POINT('',(-5.91550562273,-7.54647849182,0.));
#4892 = CARTESIAN_POINT('',(-5.822464382074,-7.489586307249,0.));
#4893 = CARTESIAN_POINT('',(-5.739247772902,-7.43490630961,0.));
#4894 = CARTESIAN_POINT('',(-5.665604392416,-7.383012810217,0.));
#4895 = CARTESIAN_POINT('',(-5.601256096863,-7.334465764452,0.));
#4896 = CARTESIAN_POINT('',(-5.545898417934,-7.289809834131,0.));
#4897 = CARTESIAN_POINT('',(-5.499202096644,-7.249572673858,0.));
#4898 = CARTESIAN_POINT('',(-5.460811433388,-7.214265670873,0.));
#4899 = CARTESIAN_POINT('',(-5.430352150956,-7.184377608387,0.));
#4900 = CARTESIAN_POINT('',(-5.407413016904,-7.160388090763,0.));
#4901 = CARTESIAN_POINT('',(-5.391596235465,-7.142729411485,0.));
#4902 = CARTESIAN_POINT('',(-5.382409099972,-7.131867626903,0.));
#4903 = CARTESIAN_POINT('',(-5.378492031847,-7.126906530469,0.));
#4904 = CARTESIAN_POINT('',(-5.377523629456,-7.125657521267,0.));
#4905 = VECTOR('',#4906,1.);
#4906 = DIRECTION('',(-0.,-0.,-1.));
#4907 = ADVANCED_FACE('',(#4908),#4945,.F.);
#4908 = FACE_BOUND('',#4909,.F.);
#4909 = EDGE_LOOP('',(#4910,#4911,#4912,#4920));
#4910 = ORIENTED_EDGE('',*,*,#4825,.T.);
#4911 = ORIENTED_EDGE('',*,*,#685,.T.);
#4912 = ORIENTED_EDGE('',*,*,#4913,.F.);
#4913 = EDGE_CURVE('',#4914,#686,#4916,.T.);
#4914 = VERTEX_POINT('',#4915);
#4915 = CARTESIAN_POINT('',(-6.854381712684,7.95408394077,0.));
#4916 = LINE('',#4917,#4918);
#4917 = CARTESIAN_POINT('',(-6.854381712684,7.95408394077,0.));
#4918 = VECTOR('',#4919,1.);
#4919 = DIRECTION('',(0.,0.,1.));
#4920 = ORIENTED_EDGE('',*,*,#4921,.F.);
#4921 = EDGE_CURVE('',#4826,#4914,#4922,.T.);
#4922 = B_SPLINE_CURVE_WITH_KNOTS('',3,(#4923,#4924,#4925,#4926,#4927,
    #4928,#4929,#4930,#4931,#4932,#4933,#4934,#4935,#4936,#4937,#4938,
    #4939,#4940,#4941,#4942,#4943,#4944),.UNSPECIFIED.,.F.,.F.,(4,1,1,1,
    1,1,1,1,1,1,1,1,1,1,1,1,1,1,1,4),(0.,4.740834082121E-03,
    1.896314982603E-02,4.266698453205E-02,7.585234352884E-02,
    0.118519228593,0.170667640531,0.232297579778,0.303409046595,
    0.384002041151,0.474076563562,0.573632613909,0.682670192253,
    0.801189298642,0.929189933111,1.066672095688,1.213635786397,
    1.370081005257,1.536007752283,1.711416027488),.UNSPECIFIED.);
#4923 = CARTESIAN_POINT('',(-5.377523629456,7.125657521267,0.));
#4924 = CARTESIAN_POINT('',(-5.378492031847,7.126906530469,0.));
#4925 = CARTESIAN_POINT('',(-5.382409099972,7.131867626903,0.));
#4926 = CARTESIAN_POINT('',(-5.391596235465,7.142729411485,0.));
#4927 = CARTESIAN_POINT('',(-5.407413016904,7.160388090763,0.));
#4928 = CARTESIAN_POINT('',(-5.430352150956,7.184377608387,0.));
#4929 = CARTESIAN_POINT('',(-5.460811433388,7.214265670873,0.));
#4930 = CARTESIAN_POINT('',(-5.499202096644,7.249572673858,0.));
#4931 = CARTESIAN_POINT('',(-5.545898417934,7.289809834131,0.));
#4932 = CARTESIAN_POINT('',(-5.601256096863,7.334465764452,0.));
#4933 = CARTESIAN_POINT('',(-5.665604392416,7.383012810217,0.));
#4934 = CARTESIAN_POINT('',(-5.739247772902,7.43490630961,0.));
#4935 = CARTESIAN_POINT('',(-5.822464382074,7.489586307249,0.));
#4936 = CARTESIAN_POINT('',(-5.91550562273,7.54647849182,0.));
#4937 = CARTESIAN_POINT('',(-6.018595448069,7.604995414915,0.));
#4938 = CARTESIAN_POINT('',(-6.131929788109,7.664537669485,0.));
#4939 = CARTESIAN_POINT('',(-6.255676082848,7.724495047327,0.));
#4940 = CARTESIAN_POINT('',(-6.389972492687,7.784247999733,0.));
#4941 = CARTESIAN_POINT('',(-6.5349287336,7.843167926099,0.));
#4942 = CARTESIAN_POINT('',(-6.690620495569,7.900622374684,0.));
#4943 = CARTESIAN_POINT('',(-6.79861387188,7.936517246559,0.));
#4944 = CARTESIAN_POINT('',(-6.854381712684,7.95408394077,0.));
#4945 = SURFACE_OF_LINEAR_EXTRUSION('',#4946,#4969);
#4946 = B_SPLINE_CURVE_WITH_KNOTS('',3,(#4947,#4948,#4949,#4950,#4951,
    #4952,#4953,#4954,#4955,#4956,#4957,#4958,#4959,#4960,#4961,#4962,
    #4963,#4964,#4965,#4966,#4967,#4968),.UNSPECIFIED.,.F.,.F.,(4,1,1,1,
    1,1,1,1,1,1,1,1,1,1,1,1,1,1,1,4),(0.,4.740834082121E-03,
    1.896314982603E-02,4.266698453205E-02,7.585234352884E-02,
    0.118519228593,0.170667640531,0.232297579778,0.303409046595,
    0.384002041151,0.474076563562,0.573632613909,0.682670192253,
    0.801189298642,0.929189933111,1.066672095688,1.213635786397,
    1.370081005257,1.536007752283,1.711416027488),.UNSPECIFIED.);
#4947 = CARTESIAN_POINT('',(-5.377523629456,7.125657521267,0.));
#4948 = CARTESIAN_POINT('',(-5.378492031847,7.126906530469,0.));
#4949 = CARTESIAN_POINT('',(-5.382409099972,7.131867626903,0.));
#4950 = CARTESIAN_POINT('',(-5.391596235465,7.142729411485,0.));
#4951 = CARTESIAN_POINT('',(-5.407413016904,7.160388090763,0.));
#4952 = CARTESIAN_POINT('',(-5.430352150956,7.184377608387,0.));
#4953 = CARTESIAN_POINT('',(-5.460811433388,7.214265670873,0.));
#4954 = CARTESIAN_POINT('',(-5.499202096644,7.249572673858,0.));
#4955 = CARTESIAN_POINT('',(-5.545898417934,7.289809834131,0.));
#4956 = CARTESIAN_POINT('',(-5.601256096863,7.334465764452,0.));
#4957 = CARTESIAN_POINT('',(-5.665604392416,7.383012810217,0.));
#4958 = CARTESIAN_POINT('',(-5.739247772902,7.43490630961,0.));
#4959 = CARTESIAN_POINT('',(-5.822464382074,7.489586307249,0.));
#4960 = CARTESIAN_POINT('',(-5.91550562273,7.54647849182,0.));
#4961 = CARTESIAN_POINT('',(-6.018595448069,7.604995414915,0.));
#4962 = CARTESIAN_POINT('',(-6.131929788109,7.664537669485,0.));
#4963 = CARTESIAN_POINT('',(-6.255676082848,7.724495047327,0.));
#4964 = CARTESIAN_POINT('',(-6.389972492687,7.784247999733,0.));
#4965 = CARTESIAN_POINT('',(-6.5349287336,7.843167926099,0.));
#4966 = CARTESIAN_POINT('',(-6.690620495569,7.900622374684,0.));
#4967 = CARTESIAN_POINT('',(-6.79861387188,7.936517246559,0.));
#4968 = CARTESIAN_POINT('',(-6.854381712684,7.95408394077,0.));
#4969 = VECTOR('',#4970,1.);
#4970 = DIRECTION('',(-0.,-0.,-1.));
#4971 = ADVANCED_FACE('',(#4972),#4989,.F.);
#4972 = FACE_BOUND('',#4973,.F.);
#4973 = EDGE_LOOP('',(#4974,#4982,#4983,#4984));
#4974 = ORIENTED_EDGE('',*,*,#4975,.T.);
#4975 = EDGE_CURVE('',#4976,#1096,#4978,.T.);
#4976 = VERTEX_POINT('',#4977);
#4977 = CARTESIAN_POINT('',(-7.360886355994,-7.487813569671,0.));
#4978 = LINE('',#4979,#4980);
#4979 = CARTESIAN_POINT('',(-7.360886355994,-7.487813569671,0.));
#4980 = VECTOR('',#4981,1.);
#4981 = DIRECTION('',(0.,0.,1.));
#4982 = ORIENTED_EDGE('',*,*,#1122,.T.);
#4983 = ORIENTED_EDGE('',*,*,#4847,.F.);
#4984 = ORIENTED_EDGE('',*,*,#4985,.F.);
#4985 = EDGE_CURVE('',#4976,#4848,#4986,.T.);
#4986 = B_SPLINE_CURVE_WITH_KNOTS('',1,(#4987,#4988),.UNSPECIFIED.,.F.,
  .F.,(2,2),(0.,0.68844390669),.PIECEWISE_BEZIER_KNOTS.);
#4987 = CARTESIAN_POINT('',(-7.360886355994,-7.487813569671,0.));
#4988 = CARTESIAN_POINT('',(-6.854381712684,-7.95408394077,0.));
#4989 = SURFACE_OF_LINEAR_EXTRUSION('',#4990,#4993);
#4990 = B_SPLINE_CURVE_WITH_KNOTS('',1,(#4991,#4992),.UNSPECIFIED.,.F.,
  .F.,(2,2),(0.,0.68844390669),.PIECEWISE_BEZIER_KNOTS.);
#4991 = CARTESIAN_POINT('',(-7.360886355994,-7.487813569671,0.));
#4992 = CARTESIAN_POINT('',(-6.854381712684,-7.95408394077,0.));
#4993 = VECTOR('',#4994,1.);
#4994 = DIRECTION('',(-0.,-0.,-1.));
#4995 = ADVANCED_FACE('',(#4996),#5013,.F.);
#4996 = FACE_BOUND('',#4997,.F.);
#4997 = EDGE_LOOP('',(#4998,#4999,#5000,#5008));
#4998 = ORIENTED_EDGE('',*,*,#4913,.T.);
#4999 = ORIENTED_EDGE('',*,*,#712,.T.);
#5000 = ORIENTED_EDGE('',*,*,#5001,.F.);
#5001 = EDGE_CURVE('',#5002,#713,#5004,.T.);
#5002 = VERTEX_POINT('',#5003);
#5003 = CARTESIAN_POINT('',(-7.360886355994,7.487813569671,0.));
#5004 = LINE('',#5005,#5006);
#5005 = CARTESIAN_POINT('',(-7.360886355994,7.487813569671,0.));
#5006 = VECTOR('',#5007,1.);
#5007 = DIRECTION('',(0.,0.,1.));
#5008 = ORIENTED_EDGE('',*,*,#5009,.F.);
#5009 = EDGE_CURVE('',#4914,#5002,#5010,.T.);
#5010 = B_SPLINE_CURVE_WITH_KNOTS('',1,(#5011,#5012),.UNSPECIFIED.,.F.,
  .F.,(2,2),(0.,0.68844390669),.PIECEWISE_BEZIER_KNOTS.);
#5011 = CARTESIAN_POINT('',(-6.854381712684,7.95408394077,0.));
#5012 = CARTESIAN_POINT('',(-7.360886355994,7.487813569671,0.));
#5013 = SURFACE_OF_LINEAR_EXTRUSION('',#5014,#5017);
#5014 = B_SPLINE_CURVE_WITH_KNOTS('',1,(#5015,#5016),.UNSPECIFIED.,.F.,
  .F.,(2,2),(0.,0.68844390669),.PIECEWISE_BEZIER_KNOTS.);
#5015 = CARTESIAN_POINT('',(-6.854381712684,7.95408394077,0.));
#5016 = CARTESIAN_POINT('',(-7.360886355994,7.487813569671,0.));
#5017 = VECTOR('',#5018,1.);
#5018 = DIRECTION('',(-0.,-0.,-1.));
#5019 = ADVANCED_FACE('',(#5020),#5057,.F.);
#5020 = FACE_BOUND('',#5021,.F.);
#5021 = EDGE_LOOP('',(#5022,#5030,#5031,#5032));
#5022 = ORIENTED_EDGE('',*,*,#5023,.T.);
#5023 = EDGE_CURVE('',#5024,#1089,#5026,.T.);
#5024 = VERTEX_POINT('',#5025);
#5025 = CARTESIAN_POINT('',(-6.657247406588,-5.947588794059,0.));
#5026 = LINE('',#5027,#5028);
#5027 = CARTESIAN_POINT('',(-6.657247406588,-5.947588794059,0.));
#5028 = VECTOR('',#5029,1.);
#5029 = DIRECTION('',(0.,0.,1.));
#5030 = ORIENTED_EDGE('',*,*,#1095,.T.);
#5031 = ORIENTED_EDGE('',*,*,#4975,.F.);
#5032 = ORIENTED_EDGE('',*,*,#5033,.F.);
#5033 = EDGE_CURVE('',#5024,#4976,#5034,.T.);
#5034 = B_SPLINE_CURVE_WITH_KNOTS('',3,(#5035,#5036,#5037,#5038,#5039,
    #5040,#5041,#5042,#5043,#5044,#5045,#5046,#5047,#5048,#5049,#5050,
    #5051,#5052,#5053,#5054,#5055,#5056),.UNSPECIFIED.,.F.,.F.,(4,1,1,1,
    1,1,1,1,1,1,1,1,1,1,1,1,1,1,1,4),(0.,4.740834082121E-03,
    1.896314982603E-02,4.266698453205E-02,7.585234352884E-02,
    0.118519228593,0.170667640531,0.232297579778,0.303409046595,
    0.384002041151,0.474076563562,0.573632613909,0.682670192253,
    0.801189298642,0.929189933111,1.066672095688,1.213635786397,
    1.370081005257,1.536007752283,1.711416027488),.UNSPECIFIED.);
#5035 = CARTESIAN_POINT('',(-6.657247406588,-5.947588794059,0.));
#5036 = CARTESIAN_POINT('',(-6.658412179755,-5.948657031227,0.));
#5037 = CARTESIAN_POINT('',(-6.663032862608,-5.952970404675,0.));
#5038 = CARTESIAN_POINT('',(-6.673098881053,-5.963023120504,0.));
#5039 = CARTESIAN_POINT('',(-6.689391107529,-5.980244121792,0.));
#5040 = CARTESIAN_POINT('',(-6.711404390113,-6.005085945735,0.));
#5041 = CARTESIAN_POINT('',(-6.738675062105,-6.037909330912,0.));
#5042 = CARTESIAN_POINT('',(-6.770691197931,-6.079084499787,0.));
#5043 = CARTESIAN_POINT('',(-6.806934776254,-6.128944087824,0.));
#5044 = CARTESIAN_POINT('',(-6.84686678304,-6.18780034971,0.));
#5045 = CARTESIAN_POINT('',(-6.889934175901,-6.255937846474,0.));
#5046 = CARTESIAN_POINT('',(-6.935569010525,-6.333615028693,0.));
#5047 = CARTESIAN_POINT('',(-6.983190275131,-6.42106284937,0.));
#5048 = CARTESIAN_POINT('',(-7.032204859293,-6.518484426382,0.));
#5049 = CARTESIAN_POINT('',(-7.082008827127,-6.62605443691,0.));
#5050 = CARTESIAN_POINT('',(-7.13198863909,-6.743918643129,0.));
#5051 = CARTESIAN_POINT('',(-7.181522344065,-6.872193522552,0.));
#5052 = CARTESIAN_POINT('',(-7.22998110022,-7.010965601764,0.));
#5053 = CARTESIAN_POINT('',(-7.276729393668,-7.160292312576,0.));
#5054 = CARTESIAN_POINT('',(-7.321130682384,-7.320196859002,0.));
#5055 = CARTESIAN_POINT('',(-7.347984932742,-7.430785558207,0.));
#5056 = CARTESIAN_POINT('',(-7.360886355994,-7.487813569671,0.));
#5057 = SURFACE_OF_LINEAR_EXTRUSION('',#5058,#5081);
#5058 = B_SPLINE_CURVE_WITH_KNOTS('',3,(#5059,#5060,#5061,#5062,#5063,
    #5064,#5065,#5066,#5067,#5068,#5069,#5070,#5071,#5072,#5073,#5074,
    #5075,#5076,#5077,#5078,#5079,#5080),.UNSPECIFIED.,.F.,.F.,(4,1,1,1,
    1,1,1,1,1,1,1,1,1,1,1,1,1,1,1,4),(0.,4.740834082121E-03,
    1.896314982603E-02,4.266698453205E-02,7.585234352884E-02,
    0.118519228593,0.170667640531,0.232297579778,0.303409046595,
    0.384002041151,0.474076563562,0.573632613909,0.682670192253,
    0.801189298642,0.929189933111,1.066672095688,1.213635786397,
    1.370081005257,1.536007752283,1.711416027488),.UNSPECIFIED.);
#5059 = CARTESIAN_POINT('',(-6.657247406588,-5.947588794059,0.));
#5060 = CARTESIAN_POINT('',(-6.658412179755,-5.948657031227,0.));
#5061 = CARTESIAN_POINT('',(-6.663032862608,-5.952970404675,0.));
#5062 = CARTESIAN_POINT('',(-6.673098881053,-5.963023120504,0.));
#5063 = CARTESIAN_POINT('',(-6.689391107529,-5.980244121792,0.));
#5064 = CARTESIAN_POINT('',(-6.711404390113,-6.005085945735,0.));
#5065 = CARTESIAN_POINT('',(-6.738675062105,-6.037909330912,0.));
#5066 = CARTESIAN_POINT('',(-6.770691197931,-6.079084499787,0.));
#5067 = CARTESIAN_POINT('',(-6.806934776254,-6.128944087824,0.));
#5068 = CARTESIAN_POINT('',(-6.84686678304,-6.18780034971,0.));
#5069 = CARTESIAN_POINT('',(-6.889934175901,-6.255937846474,0.));
#5070 = CARTESIAN_POINT('',(-6.935569010525,-6.333615028693,0.));
#5071 = CARTESIAN_POINT('',(-6.983190275131,-6.42106284937,0.));
#5072 = CARTESIAN_POINT('',(-7.032204859293,-6.518484426382,0.));
#5073 = CARTESIAN_POINT('',(-7.082008827127,-6.62605443691,0.));
#5074 = CARTESIAN_POINT('',(-7.13198863909,-6.743918643129,0.));
#5075 = CARTESIAN_POINT('',(-7.181522344065,-6.872193522552,0.));
#5076 = CARTESIAN_POINT('',(-7.22998110022,-7.010965601764,0.));
#5077 = CARTESIAN_POINT('',(-7.276729393668,-7.160292312576,0.));
#5078 = CARTESIAN_POINT('',(-7.321130682384,-7.320196859002,0.));
#5079 = CARTESIAN_POINT('',(-7.347984932742,-7.430785558207,0.));
#5080 = CARTESIAN_POINT('',(-7.360886355994,-7.487813569671,0.));
#5081 = VECTOR('',#5082,1.);
#5082 = DIRECTION('',(-0.,-0.,-1.));
#5083 = ADVANCED_FACE('',(#5084),#5121,.F.);
#5084 = FACE_BOUND('',#5085,.F.);
#5085 = EDGE_LOOP('',(#5086,#5087,#5088,#5096));
#5086 = ORIENTED_EDGE('',*,*,#5001,.T.);
#5087 = ORIENTED_EDGE('',*,*,#719,.T.);
#5088 = ORIENTED_EDGE('',*,*,#5089,.F.);
#5089 = EDGE_CURVE('',#5090,#720,#5092,.T.);
#5090 = VERTEX_POINT('',#5091);
#5091 = CARTESIAN_POINT('',(-6.657247406588,5.947588794059,0.));
#5092 = LINE('',#5093,#5094);
#5093 = CARTESIAN_POINT('',(-6.657247406588,5.947588794059,0.));
#5094 = VECTOR('',#5095,1.);
#5095 = DIRECTION('',(0.,0.,1.));
#5096 = ORIENTED_EDGE('',*,*,#5097,.F.);
#5097 = EDGE_CURVE('',#5002,#5090,#5098,.T.);
#5098 = B_SPLINE_CURVE_WITH_KNOTS('',3,(#5099,#5100,#5101,#5102,#5103,
    #5104,#5105,#5106,#5107,#5108,#5109,#5110,#5111,#5112,#5113,#5114,
    #5115,#5116,#5117,#5118,#5119,#5120),.UNSPECIFIED.,.F.,.F.,(4,1,1,1,
    1,1,1,1,1,1,1,1,1,1,1,1,1,1,1,4),(0.,0.175408275205,0.341335022231,
    0.497780241091,0.6447439318,0.782226094377,0.910226728846,
    1.028745835234,1.137783413579,1.237339463926,1.327413986336,
    1.408006980892,1.479118447709,1.540748386957,1.592896798895,
    1.635563683959,1.668749042956,1.692452877662,1.706675193405,
    1.711416027488),.UNSPECIFIED.);
#5099 = CARTESIAN_POINT('',(-7.360886355994,7.487813569671,0.));
#5100 = CARTESIAN_POINT('',(-7.347984932742,7.430785558207,0.));
#5101 = CARTESIAN_POINT('',(-7.321130682384,7.320196859002,0.));
#5102 = CARTESIAN_POINT('',(-7.276729393668,7.160292312576,0.));
#5103 = CARTESIAN_POINT('',(-7.22998110022,7.010965601764,0.));
#5104 = CARTESIAN_POINT('',(-7.181522344065,6.872193522552,0.));
#5105 = CARTESIAN_POINT('',(-7.13198863909,6.743918643129,0.));
#5106 = CARTESIAN_POINT('',(-7.082008827127,6.62605443691,0.));
#5107 = CARTESIAN_POINT('',(-7.032204859293,6.518484426382,0.));
#5108 = CARTESIAN_POINT('',(-6.983190275131,6.42106284937,0.));
#5109 = CARTESIAN_POINT('',(-6.935569010525,6.333615028693,0.));
#5110 = CARTESIAN_POINT('',(-6.889934175901,6.255937846474,0.));
#5111 = CARTESIAN_POINT('',(-6.84686678304,6.18780034971,0.));
#5112 = CARTESIAN_POINT('',(-6.806934776254,6.128944087824,0.));
#5113 = CARTESIAN_POINT('',(-6.770691197931,6.079084499787,0.));
#5114 = CARTESIAN_POINT('',(-6.738675062105,6.037909330912,0.));
#5115 = CARTESIAN_POINT('',(-6.711404390113,6.005085945735,0.));
#5116 = CARTESIAN_POINT('',(-6.689391107529,5.980244121792,0.));
#5117 = CARTESIAN_POINT('',(-6.673098881053,5.963023120504,0.));
#5118 = CARTESIAN_POINT('',(-6.663032862608,5.952970404675,0.));
#5119 = CARTESIAN_POINT('',(-6.658412179755,5.948657031227,0.));
#5120 = CARTESIAN_POINT('',(-6.657247406588,5.947588794059,0.));
#5121 = SURFACE_OF_LINEAR_EXTRUSION('',#5122,#5145);
#5122 = B_SPLINE_CURVE_WITH_KNOTS('',3,(#5123,#5124,#5125,#5126,#5127,
    #5128,#5129,#5130,#5131,#5132,#5133,#5134,#5135,#5136,#5137,#5138,
    #5139,#5140,#5141,#5142,#5143,#5144),.UNSPECIFIED.,.F.,.F.,(4,1,1,1,
    1,1,1,1,1,1,1,1,1,1,1,1,1,1,1,4),(0.,0.175408275205,0.341335022231,
    0.497780241091,0.6447439318,0.782226094377,0.910226728846,
    1.028745835234,1.137783413579,1.237339463926,1.327413986336,
    1.408006980892,1.479118447709,1.540748386957,1.592896798895,
    1.635563683959,1.668749042956,1.692452877662,1.706675193405,
    1.711416027488),.UNSPECIFIED.);
#5123 = CARTESIAN_POINT('',(-7.360886355994,7.487813569671,0.));
#5124 = CARTESIAN_POINT('',(-7.347984932742,7.430785558207,0.));
#5125 = CARTESIAN_POINT('',(-7.321130682384,7.320196859002,0.));
#5126 = CARTESIAN_POINT('',(-7.276729393668,7.160292312576,0.));
#5127 = CARTESIAN_POINT('',(-7.22998110022,7.010965601764,0.));
#5128 = CARTESIAN_POINT('',(-7.181522344065,6.872193522552,0.));
#5129 = CARTESIAN_POINT('',(-7.13198863909,6.743918643129,0.));
#5130 = CARTESIAN_POINT('',(-7.082008827127,6.62605443691,0.));
#5131 = CARTESIAN_POINT('',(-7.032204859293,6.518484426382,0.));
#5132 = CARTESIAN_POINT('',(-6.983190275131,6.42106284937,0.));
#5133 = CARTESIAN_POINT('',(-6.935569010525,6.333615028693,0.));
#5134 = CARTESIAN_POINT('',(-6.889934175901,6.255937846474,0.));
#5135 = CARTESIAN_POINT('',(-6.84686678304,6.18780034971,0.));
#5136 = CARTESIAN_POINT('',(-6.806934776254,6.128944087824,0.));
#5137 = CARTESIAN_POINT('',(-6.770691197931,6.079084499787,0.));
#5138 = CARTESIAN_POINT('',(-6.738675062105,6.037909330912,0.));
#5139 = CARTESIAN_POINT('',(-6.711404390113,6.005085945735,0.));
#5140 = CARTESIAN_POINT('',(-6.689391107529,5.980244121792,0.));
#5141 = CARTESIAN_POINT('',(-6.673098881053,5.963023120504,0.));
#5142 = CARTESIAN_POINT('',(-6.663032862608,5.952970404675,0.));
#5143 = CARTESIAN_POINT('',(-6.658412179755,5.948657031227,0.));
#5144 = CARTESIAN_POINT('',(-6.657247406588,5.947588794059,0.));
#5145 = VECTOR('',#5146,1.);
#5146 = DIRECTION('',(-0.,-0.,-1.));
#5147 = ADVANCED_FACE('',(#5148),#5165,.F.);
#5148 = FACE_BOUND('',#5149,.F.);
#5149 = EDGE_LOOP('',(#5150,#5158,#5159,#5160));
#5150 = ORIENTED_EDGE('',*,*,#5151,.T.);
#5151 = EDGE_CURVE('',#5152,#1082,#5154,.T.);
#5152 = VERTEX_POINT('',#5153);
#5153 = CARTESIAN_POINT('',(-6.1523243586,-5.496490242561,0.));
#5154 = LINE('',#5155,#5156);
#5155 = CARTESIAN_POINT('',(-6.1523243586,-5.496490242561,0.));
#5156 = VECTOR('',#5157,1.);
#5157 = DIRECTION('',(0.,0.,1.));
#5158 = ORIENTED_EDGE('',*,*,#1088,.T.);
#5159 = ORIENTED_EDGE('',*,*,#5023,.F.);
#5160 = ORIENTED_EDGE('',*,*,#5161,.F.);
#5161 = EDGE_CURVE('',#5152,#5024,#5162,.T.);
#5162 = B_SPLINE_CURVE_WITH_KNOTS('',1,(#5163,#5164),.UNSPECIFIED.,.F.,
  .F.,(2,2),(0.,0.677079897466),.PIECEWISE_BEZIER_KNOTS.);
#5163 = CARTESIAN_POINT('',(-6.1523243586,-5.496490242561,0.));
#5164 = CARTESIAN_POINT('',(-6.657247406588,-5.947588794059,0.));
#5165 = SURFACE_OF_LINEAR_EXTRUSION('',#5166,#5169);
#5166 = B_SPLINE_CURVE_WITH_KNOTS('',1,(#5167,#5168),.UNSPECIFIED.,.F.,
  .F.,(2,2),(0.,0.677079897466),.PIECEWISE_BEZIER_KNOTS.);
#5167 = CARTESIAN_POINT('',(-6.1523243586,-5.496490242561,0.));
#5168 = CARTESIAN_POINT('',(-6.657247406588,-5.947588794059,0.));
#5169 = VECTOR('',#5170,1.);
#5170 = DIRECTION('',(-0.,-0.,-1.));
#5171 = ADVANCED_FACE('',(#5172),#5189,.F.);
#5172 = FACE_BOUND('',#5173,.F.);
#5173 = EDGE_LOOP('',(#5174,#5175,#5176,#5184));
#5174 = ORIENTED_EDGE('',*,*,#5089,.T.);
#5175 = ORIENTED_EDGE('',*,*,#746,.T.);
#5176 = ORIENTED_EDGE('',*,*,#5177,.F.);
#5177 = EDGE_CURVE('',#5178,#747,#5180,.T.);
#5178 = VERTEX_POINT('',#5179);
#5179 = CARTESIAN_POINT('',(-6.1523243586,5.496490242561,0.));
#5180 = LINE('',#5181,#5182);
#5181 = CARTESIAN_POINT('',(-6.1523243586,5.496490242561,0.));
#5182 = VECTOR('',#5183,1.);
#5183 = DIRECTION('',(0.,0.,1.));
#5184 = ORIENTED_EDGE('',*,*,#5185,.F.);
#5185 = EDGE_CURVE('',#5090,#5178,#5186,.T.);
#5186 = B_SPLINE_CURVE_WITH_KNOTS('',1,(#5187,#5188),.UNSPECIFIED.,.F.,
  .F.,(2,2),(0.,0.677079897466),.PIECEWISE_BEZIER_KNOTS.);
#5187 = CARTESIAN_POINT('',(-6.657247406588,5.947588794059,0.));
#5188 = CARTESIAN_POINT('',(-6.1523243586,5.496490242561,0.));
#5189 = SURFACE_OF_LINEAR_EXTRUSION('',#5190,#5193);
#5190 = B_SPLINE_CURVE_WITH_KNOTS('',1,(#5191,#5192),.UNSPECIFIED.,.F.,
  .F.,(2,2),(0.,0.677079897466),.PIECEWISE_BEZIER_KNOTS.);
#5191 = CARTESIAN_POINT('',(-6.657247406588,5.947588794059,0.));
#5192 = CARTESIAN_POINT('',(-6.1523243586,5.496490242561,0.));
#5193 = VECTOR('',#5194,1.);
#5194 = DIRECTION('',(-0.,-0.,-1.));
#5195 = ADVANCED_FACE('',(#5196),#5213,.F.);
#5196 = FACE_BOUND('',#5197,.F.);
#5197 = EDGE_LOOP('',(#5198,#5206,#5207,#5208));
#5198 = ORIENTED_EDGE('',*,*,#5199,.T.);
#5199 = EDGE_CURVE('',#5200,#1075,#5202,.T.);
#5200 = VERTEX_POINT('',#5201);
#5201 = CARTESIAN_POINT('',(-6.838605445091,-4.614756284612,0.));
#5202 = LINE('',#5203,#5204);
#5203 = CARTESIAN_POINT('',(-6.838605445091,-4.614756284612,0.));
#5204 = VECTOR('',#5205,1.);
#5205 = DIRECTION('',(0.,0.,1.));
#5206 = ORIENTED_EDGE('',*,*,#1081,.T.);
#5207 = ORIENTED_EDGE('',*,*,#5151,.F.);
#5208 = ORIENTED_EDGE('',*,*,#5209,.F.);
#5209 = EDGE_CURVE('',#5200,#5152,#5210,.T.);
#5210 = B_SPLINE_CURVE_WITH_KNOTS('',1,(#5211,#5212),.UNSPECIFIED.,.F.,
  .F.,(2,2),(0.,1.117334552529),.PIECEWISE_BEZIER_KNOTS.);
#5211 = CARTESIAN_POINT('',(-6.838605445091,-4.614756284612,0.));
#5212 = CARTESIAN_POINT('',(-6.1523243586,-5.496490242561,0.));
#5213 = SURFACE_OF_LINEAR_EXTRUSION('',#5214,#5217);
#5214 = B_SPLINE_CURVE_WITH_KNOTS('',1,(#5215,#5216),.UNSPECIFIED.,.F.,
  .F.,(2,2),(0.,1.117334552529),.PIECEWISE_BEZIER_KNOTS.);
#5215 = CARTESIAN_POINT('',(-6.838605445091,-4.614756284612,0.));
#5216 = CARTESIAN_POINT('',(-6.1523243586,-5.496490242561,0.));
#5217 = VECTOR('',#5218,1.);
#5218 = DIRECTION('',(-0.,-0.,-1.));
#5219 = ADVANCED_FACE('',(#5220),#5237,.F.);
#5220 = FACE_BOUND('',#5221,.F.);
#5221 = EDGE_LOOP('',(#5222,#5223,#5224,#5232));
#5222 = ORIENTED_EDGE('',*,*,#5177,.T.);
#5223 = ORIENTED_EDGE('',*,*,#753,.T.);
#5224 = ORIENTED_EDGE('',*,*,#5225,.F.);
#5225 = EDGE_CURVE('',#5226,#754,#5228,.T.);
#5226 = VERTEX_POINT('',#5227);
#5227 = CARTESIAN_POINT('',(-6.838605445091,4.614756284612,0.));
#5228 = LINE('',#5229,#5230);
#5229 = CARTESIAN_POINT('',(-6.838605445091,4.614756284612,0.));
#5230 = VECTOR('',#5231,1.);
#5231 = DIRECTION('',(0.,0.,1.));
#5232 = ORIENTED_EDGE('',*,*,#5233,.F.);
#5233 = EDGE_CURVE('',#5178,#5226,#5234,.T.);
#5234 = B_SPLINE_CURVE_WITH_KNOTS('',1,(#5235,#5236),.UNSPECIFIED.,.F.,
  .F.,(2,2),(0.,1.117334552529),.PIECEWISE_BEZIER_KNOTS.);
#5235 = CARTESIAN_POINT('',(-6.1523243586,5.496490242561,0.));
#5236 = CARTESIAN_POINT('',(-6.838605445091,4.614756284612,0.));
#5237 = SURFACE_OF_LINEAR_EXTRUSION('',#5238,#5241);
#5238 = B_SPLINE_CURVE_WITH_KNOTS('',1,(#5239,#5240),.UNSPECIFIED.,.F.,
  .F.,(2,2),(0.,1.117334552529),.PIECEWISE_BEZIER_KNOTS.);
#5239 = CARTESIAN_POINT('',(-6.1523243586,5.496490242561,0.));
#5240 = CARTESIAN_POINT('',(-6.838605445091,4.614756284612,0.));
#5241 = VECTOR('',#5242,1.);
#5242 = DIRECTION('',(-0.,-0.,-1.));
#5243 = ADVANCED_FACE('',(#5244),#5261,.F.);
#5244 = FACE_BOUND('',#5245,.F.);
#5245 = EDGE_LOOP('',(#5246,#5254,#5255,#5256));
#5246 = ORIENTED_EDGE('',*,*,#5247,.T.);
#5247 = EDGE_CURVE('',#5248,#1048,#5250,.T.);
#5248 = VERTEX_POINT('',#5249);
#5249 = CARTESIAN_POINT('',(-7.399851781282,-4.993490673948,0.));
#5250 = LINE('',#5251,#5252);
#5251 = CARTESIAN_POINT('',(-7.399851781282,-4.993490673948,0.));
#5252 = VECTOR('',#5253,1.);
#5253 = DIRECTION('',(0.,0.,1.));
#5254 = ORIENTED_EDGE('',*,*,#1074,.T.);
#5255 = ORIENTED_EDGE('',*,*,#5199,.F.);
#5256 = ORIENTED_EDGE('',*,*,#5257,.F.);
#5257 = EDGE_CURVE('',#5248,#5200,#5258,.T.);
#5258 = B_SPLINE_CURVE_WITH_KNOTS('',1,(#5259,#5260),.UNSPECIFIED.,.F.,
  .F.,(2,2),(0.,0.677079897466),.PIECEWISE_BEZIER_KNOTS.);
#5259 = CARTESIAN_POINT('',(-7.399851781282,-4.993490673948,0.));
#5260 = CARTESIAN_POINT('',(-6.838605445091,-4.614756284612,0.));
#5261 = SURFACE_OF_LINEAR_EXTRUSION('',#5262,#5265);
#5262 = B_SPLINE_CURVE_WITH_KNOTS('',1,(#5263,#5264),.UNSPECIFIED.,.F.,
  .F.,(2,2),(0.,0.677079897466),.PIECEWISE_BEZIER_KNOTS.);
#5263 = CARTESIAN_POINT('',(-7.399851781282,-4.993490673948,0.));
#5264 = CARTESIAN_POINT('',(-6.838605445091,-4.614756284612,0.));
#5265 = VECTOR('',#5266,1.);
#5266 = DIRECTION('',(-0.,-0.,-1.));
#5267 = ADVANCED_FACE('',(#5268),#5285,.F.);
#5268 = FACE_BOUND('',#5269,.F.);
#5269 = EDGE_LOOP('',(#5270,#5271,#5272,#5280));
#5270 = ORIENTED_EDGE('',*,*,#5225,.T.);
#5271 = ORIENTED_EDGE('',*,*,#760,.T.);
#5272 = ORIENTED_EDGE('',*,*,#5273,.F.);
#5273 = EDGE_CURVE('',#5274,#761,#5276,.T.);
#5274 = VERTEX_POINT('',#5275);
#5275 = CARTESIAN_POINT('',(-7.399851781282,4.993490673948,0.));
#5276 = LINE('',#5277,#5278);
#5277 = CARTESIAN_POINT('',(-7.399851781282,4.993490673948,0.));
#5278 = VECTOR('',#5279,1.);
#5279 = DIRECTION('',(0.,0.,1.));
#5280 = ORIENTED_EDGE('',*,*,#5281,.F.);
#5281 = EDGE_CURVE('',#5226,#5274,#5282,.T.);
#5282 = B_SPLINE_CURVE_WITH_KNOTS('',1,(#5283,#5284),.UNSPECIFIED.,.F.,
  .F.,(2,2),(0.,0.677079897466),.PIECEWISE_BEZIER_KNOTS.);
#5283 = CARTESIAN_POINT('',(-6.838605445091,4.614756284612,0.));
#5284 = CARTESIAN_POINT('',(-7.399851781282,4.993490673948,0.));
#5285 = SURFACE_OF_LINEAR_EXTRUSION('',#5286,#5289);
#5286 = B_SPLINE_CURVE_WITH_KNOTS('',1,(#5287,#5288),.UNSPECIFIED.,.F.,
  .F.,(2,2),(0.,0.677079897466),.PIECEWISE_BEZIER_KNOTS.);
#5287 = CARTESIAN_POINT('',(-6.838605445091,4.614756284612,0.));
#5288 = CARTESIAN_POINT('',(-7.399851781282,4.993490673948,0.));
#5289 = VECTOR('',#5290,1.);
#5290 = DIRECTION('',(-0.,-0.,-1.));
#5291 = ADVANCED_FACE('',(#5292),#5329,.F.);
#5292 = FACE_BOUND('',#5293,.F.);
#5293 = EDGE_LOOP('',(#5294,#5302,#5303,#5304));
#5294 = ORIENTED_EDGE('',*,*,#5295,.T.);
#5295 = EDGE_CURVE('',#5296,#1041,#5298,.T.);
#5296 = VERTEX_POINT('',#5297);
#5297 = CARTESIAN_POINT('',(-9.065679238632,-5.29749562928,0.));
#5298 = LINE('',#5299,#5300);
#5299 = CARTESIAN_POINT('',(-9.065679238632,-5.29749562928,0.));
#5300 = VECTOR('',#5301,1.);
#5301 = DIRECTION('',(0.,0.,1.));
#5302 = ORIENTED_EDGE('',*,*,#1047,.T.);
#5303 = ORIENTED_EDGE('',*,*,#5247,.F.);
#5304 = ORIENTED_EDGE('',*,*,#5305,.F.);
#5305 = EDGE_CURVE('',#5296,#5248,#5306,.T.);
#5306 = B_SPLINE_CURVE_WITH_KNOTS('',3,(#5307,#5308,#5309,#5310,#5311,
    #5312,#5313,#5314,#5315,#5316,#5317,#5318,#5319,#5320,#5321,#5322,
    #5323,#5324,#5325,#5326,#5327,#5328),.UNSPECIFIED.,.F.,.F.,(4,1,1,1,
    1,1,1,1,1,1,1,1,1,1,1,1,1,1,1,4),(0.,0.175408275205,0.341335022231,
    0.497780241091,0.6447439318,0.782226094377,0.910226728846,
    1.028745835234,1.137783413579,1.237339463926,1.327413986336,
    1.408006980892,1.479118447709,1.540748386957,1.592896798895,
    1.635563683959,1.668749042956,1.692452877662,1.706675193405,
    1.711416027488),.UNSPECIFIED.);
#5307 = CARTESIAN_POINT('',(-9.065679238632,-5.29749562928,0.));
#5308 = CARTESIAN_POINT('',(-9.007229156981,-5.298988535323,0.));
#5309 = CARTESIAN_POINT('',(-8.893432113831,-5.300103938581,0.));
#5310 = CARTESIAN_POINT('',(-8.727520732011,-5.296315562967,0.));
#5311 = CARTESIAN_POINT('',(-8.571287351247,-5.287655295214,0.));
#5312 = CARTESIAN_POINT('',(-8.424865739393,-5.274745895576,0.));
#5313 = CARTESIAN_POINT('',(-8.288356231472,-5.258217530063,0.));
#5314 = CARTESIAN_POINT('',(-8.161829320132,-5.238701039135,0.));
#5315 = CARTESIAN_POINT('',(-8.045324772013,-5.216827935909,0.));
#5316 = CARTESIAN_POINT('',(-7.93885190028,-5.193228768278,0.));
#5317 = CARTESIAN_POINT('',(-7.842389630319,-5.168531872562,0.));
#5318 = CARTESIAN_POINT('',(-7.755886659611,-5.143362072659,0.));
#5319 = CARTESIAN_POINT('',(-7.679261732211,-5.118339297151,0.));
#5320 = CARTESIAN_POINT('',(-7.612403728148,-5.094077557274,0.));
#5321 = CARTESIAN_POINT('',(-7.555172557765,-5.071182828067,0.));
#5322 = CARTESIAN_POINT('',(-7.507397841408,-5.050254283873,0.));
#5323 = CARTESIAN_POINT('',(-7.46888428889,-5.031875751891,0.));
#5324 = CARTESIAN_POINT('',(-7.439398676754,-5.016634377152,0.));
#5325 = CARTESIAN_POINT('',(-7.418705128373,-5.005068194363,0.));
#5326 = CARTESIAN_POINT('',(-7.406488961533,-4.997777989248,0.));
#5327 = CARTESIAN_POINT('',(-7.401173265585,-4.994357568644,0.));
#5328 = CARTESIAN_POINT('',(-7.399851781282,-4.993490673948,0.));
#5329 = SURFACE_OF_LINEAR_EXTRUSION('',#5330,#5353);
#5330 = B_SPLINE_CURVE_WITH_KNOTS('',3,(#5331,#5332,#5333,#5334,#5335,
    #5336,#5337,#5338,#5339,#5340,#5341,#5342,#5343,#5344,#5345,#5346,
    #5347,#5348,#5349,#5350,#5351,#5352),.UNSPECIFIED.,.F.,.F.,(4,1,1,1,
    1,1,1,1,1,1,1,1,1,1,1,1,1,1,1,4),(0.,0.175408275205,0.341335022231,
    0.497780241091,0.6447439318,0.782226094377,0.910226728846,
    1.028745835234,1.137783413579,1.237339463926,1.327413986336,
    1.408006980892,1.479118447709,1.540748386957,1.592896798895,
    1.635563683959,1.668749042956,1.692452877662,1.706675193405,
    1.711416027488),.UNSPECIFIED.);
#5331 = CARTESIAN_POINT('',(-9.065679238632,-5.29749562928,0.));
#5332 = CARTESIAN_POINT('',(-9.007229156981,-5.298988535323,0.));
#5333 = CARTESIAN_POINT('',(-8.893432113831,-5.300103938581,0.));
#5334 = CARTESIAN_POINT('',(-8.727520732011,-5.296315562967,0.));
#5335 = CARTESIAN_POINT('',(-8.571287351247,-5.287655295214,0.));
#5336 = CARTESIAN_POINT('',(-8.424865739393,-5.274745895576,0.));
#5337 = CARTESIAN_POINT('',(-8.288356231472,-5.258217530063,0.));
#5338 = CARTESIAN_POINT('',(-8.161829320132,-5.238701039135,0.));
#5339 = CARTESIAN_POINT('',(-8.045324772013,-5.216827935909,0.));
#5340 = CARTESIAN_POINT('',(-7.93885190028,-5.193228768278,0.));
#5341 = CARTESIAN_POINT('',(-7.842389630319,-5.168531872562,0.));
#5342 = CARTESIAN_POINT('',(-7.755886659611,-5.143362072659,0.));
#5343 = CARTESIAN_POINT('',(-7.679261732211,-5.118339297151,0.));
#5344 = CARTESIAN_POINT('',(-7.612403728148,-5.094077557274,0.));
#5345 = CARTESIAN_POINT('',(-7.555172557765,-5.071182828067,0.));
#5346 = CARTESIAN_POINT('',(-7.507397841408,-5.050254283873,0.));
#5347 = CARTESIAN_POINT('',(-7.46888428889,-5.031875751891,0.));
#5348 = CARTESIAN_POINT('',(-7.439398676754,-5.016634377152,0.));
#5349 = CARTESIAN_POINT('',(-7.418705128373,-5.005068194363,0.));
#5350 = CARTESIAN_POINT('',(-7.406488961533,-4.997777989248,0.));
#5351 = CARTESIAN_POINT('',(-7.401173265585,-4.994357568644,0.));
#5352 = CARTESIAN_POINT('',(-7.399851781282,-4.993490673948,0.));
#5353 = VECTOR('',#5354,1.);
#5354 = DIRECTION('',(-0.,-0.,-1.));
#5355 = ADVANCED_FACE('',(#5356),#5393,.F.);
#5356 = FACE_BOUND('',#5357,.F.);
#5357 = EDGE_LOOP('',(#5358,#5359,#5360,#5368));
#5358 = ORIENTED_EDGE('',*,*,#5273,.T.);
#5359 = ORIENTED_EDGE('',*,*,#767,.T.);
#5360 = ORIENTED_EDGE('',*,*,#5361,.F.);
#5361 = EDGE_CURVE('',#5362,#768,#5364,.T.);
#5362 = VERTEX_POINT('',#5363);
#5363 = CARTESIAN_POINT('',(-9.065679238632,5.29749562928,0.));
#5364 = LINE('',#5365,#5366);
#5365 = CARTESIAN_POINT('',(-9.065679238632,5.29749562928,0.));
#5366 = VECTOR('',#5367,1.);
#5367 = DIRECTION('',(0.,0.,1.));
#5368 = ORIENTED_EDGE('',*,*,#5369,.F.);
#5369 = EDGE_CURVE('',#5274,#5362,#5370,.T.);
#5370 = B_SPLINE_CURVE_WITH_KNOTS('',3,(#5371,#5372,#5373,#5374,#5375,
    #5376,#5377,#5378,#5379,#5380,#5381,#5382,#5383,#5384,#5385,#5386,
    #5387,#5388,#5389,#5390,#5391,#5392),.UNSPECIFIED.,.F.,.F.,(4,1,1,1,
    1,1,1,1,1,1,1,1,1,1,1,1,1,1,1,4),(0.,4.740834082121E-03,
    1.896314982603E-02,4.266698453205E-02,7.585234352884E-02,
    0.118519228593,0.170667640531,0.232297579778,0.303409046595,
    0.384002041151,0.474076563562,0.573632613909,0.682670192253,
    0.801189298642,0.929189933111,1.066672095688,1.213635786397,
    1.370081005257,1.536007752283,1.711416027488),.UNSPECIFIED.);
#5371 = CARTESIAN_POINT('',(-7.399851781282,4.993490673948,0.));
#5372 = CARTESIAN_POINT('',(-7.401173265585,4.994357568644,0.));
#5373 = CARTESIAN_POINT('',(-7.406488961533,4.997777989248,0.));
#5374 = CARTESIAN_POINT('',(-7.418705128373,5.005068194363,0.));
#5375 = CARTESIAN_POINT('',(-7.439398676754,5.016634377152,0.));
#5376 = CARTESIAN_POINT('',(-7.46888428889,5.031875751891,0.));
#5377 = CARTESIAN_POINT('',(-7.507397841408,5.050254283873,0.));
#5378 = CARTESIAN_POINT('',(-7.555172557765,5.071182828067,0.));
#5379 = CARTESIAN_POINT('',(-7.612403728148,5.094077557274,0.));
#5380 = CARTESIAN_POINT('',(-7.679261732211,5.118339297151,0.));
#5381 = CARTESIAN_POINT('',(-7.755886659611,5.143362072659,0.));
#5382 = CARTESIAN_POINT('',(-7.842389630319,5.168531872562,0.));
#5383 = CARTESIAN_POINT('',(-7.93885190028,5.193228768278,0.));
#5384 = CARTESIAN_POINT('',(-8.045324772013,5.216827935909,0.));
#5385 = CARTESIAN_POINT('',(-8.161829320132,5.238701039135,0.));
#5386 = CARTESIAN_POINT('',(-8.288356231472,5.258217530063,0.));
#5387 = CARTESIAN_POINT('',(-8.424865739393,5.274745895576,0.));
#5388 = CARTESIAN_POINT('',(-8.571287351247,5.287655295214,0.));
#5389 = CARTESIAN_POINT('',(-8.727520732011,5.296315562967,0.));
#5390 = CARTESIAN_POINT('',(-8.893432113831,5.300103938581,0.));
#5391 = CARTESIAN_POINT('',(-9.007229156981,5.298988535323,0.));
#5392 = CARTESIAN_POINT('',(-9.065679238632,5.29749562928,0.));
#5393 = SURFACE_OF_LINEAR_EXTRUSION('',#5394,#5417);
#5394 = B_SPLINE_CURVE_WITH_KNOTS('',3,(#5395,#5396,#5397,#5398,#5399,
    #5400,#5401,#5402,#5403,#5404,#5405,#5406,#5407,#5408,#5409,#5410,
    #5411,#5412,#5413,#5414,#5415,#5416),.UNSPECIFIED.,.F.,.F.,(4,1,1,1,
    1,1,1,1,1,1,1,1,1,1,1,1,1,1,1,4),(0.,4.740834082121E-03,
    1.896314982603E-02,4.266698453205E-02,7.585234352884E-02,
    0.118519228593,0.170667640531,0.232297579778,0.303409046595,
    0.384002041151,0.474076563562,0.573632613909,0.682670192253,
    0.801189298642,0.929189933111,1.066672095688,1.213635786397,
    1.370081005257,1.536007752283,1.711416027488),.UNSPECIFIED.);
#5395 = CARTESIAN_POINT('',(-7.399851781282,4.993490673948,0.));
#5396 = CARTESIAN_POINT('',(-7.401173265585,4.994357568644,0.));
#5397 = CARTESIAN_POINT('',(-7.406488961533,4.997777989248,0.));
#5398 = CARTESIAN_POINT('',(-7.418705128373,5.005068194363,0.));
#5399 = CARTESIAN_POINT('',(-7.439398676754,5.016634377152,0.));
#5400 = CARTESIAN_POINT('',(-7.46888428889,5.031875751891,0.));
#5401 = CARTESIAN_POINT('',(-7.507397841408,5.050254283873,0.));
#5402 = CARTESIAN_POINT('',(-7.555172557765,5.071182828067,0.));
#5403 = CARTESIAN_POINT('',(-7.612403728148,5.094077557274,0.));
#5404 = CARTESIAN_POINT('',(-7.679261732211,5.118339297151,0.));
#5405 = CARTESIAN_POINT('',(-7.755886659611,5.143362072659,0.));
#5406 = CARTESIAN_POINT('',(-7.842389630319,5.168531872562,0.));
#5407 = CARTESIAN_POINT('',(-7.93885190028,5.193228768278,0.));
#5408 = CARTESIAN_POINT('',(-8.045324772013,5.216827935909,0.));
#5409 = CARTESIAN_POINT('',(-8.161829320132,5.238701039135,0.));
#5410 = CARTESIAN_POINT('',(-8.288356231472,5.258217530063,0.));
#5411 = CARTESIAN_POINT('',(-8.424865739393,5.274745895576,0.));
#5412 = CARTESIAN_POINT('',(-8.571287351247,5.287655295214,0.));
#5413 = CARTESIAN_POINT('',(-8.727520732011,5.296315562967,0.));
#5414 = CARTESIAN_POINT('',(-8.893432113831,5.300103938581,0.));
#5415 = CARTESIAN_POINT('',(-9.007229156981,5.298988535323,0.));
#5416 = CARTESIAN_POINT('',(-9.065679238632,5.29749562928,0.));
#5417 = VECTOR('',#5418,1.);
#5418 = DIRECTION('',(-0.,-0.,-1.));
#5419 = ADVANCED_FACE('',(#5420),#5437,.F.);
#5420 = FACE_BOUND('',#5421,.F.);
#5421 = EDGE_LOOP('',(#5422,#5430,#5431,#5432));
#5422 = ORIENTED_EDGE('',*,*,#5423,.T.);
#5423 = EDGE_CURVE('',#5424,#1014,#5426,.T.);
#5424 = VERTEX_POINT('',#5425);
#5425 = CARTESIAN_POINT('',(-9.393342321274,-4.692027284167,0.));
#5426 = LINE('',#5427,#5428);
#5427 = CARTESIAN_POINT('',(-9.393342321274,-4.692027284167,0.));
#5428 = VECTOR('',#5429,1.);
#5429 = DIRECTION('',(0.,0.,1.));
#5430 = ORIENTED_EDGE('',*,*,#1040,.T.);
#5431 = ORIENTED_EDGE('',*,*,#5295,.F.);
#5432 = ORIENTED_EDGE('',*,*,#5433,.F.);
#5433 = EDGE_CURVE('',#5424,#5296,#5434,.T.);
#5434 = B_SPLINE_CURVE_WITH_KNOTS('',1,(#5435,#5436),.UNSPECIFIED.,.F.,
  .F.,(2,2),(0.,0.68844390669),.PIECEWISE_BEZIER_KNOTS.);
#5435 = CARTESIAN_POINT('',(-9.393342321274,-4.692027284167,0.));
#5436 = CARTESIAN_POINT('',(-9.065679238632,-5.29749562928,0.));
#5437 = SURFACE_OF_LINEAR_EXTRUSION('',#5438,#5441);
#5438 = B_SPLINE_CURVE_WITH_KNOTS('',1,(#5439,#5440),.UNSPECIFIED.,.F.,
  .F.,(2,2),(0.,0.68844390669),.PIECEWISE_BEZIER_KNOTS.);
#5439 = CARTESIAN_POINT('',(-9.393342321274,-4.692027284167,0.));
#5440 = CARTESIAN_POINT('',(-9.065679238632,-5.29749562928,0.));
#5441 = VECTOR('',#5442,1.);
#5442 = DIRECTION('',(-0.,-0.,-1.));
#5443 = ADVANCED_FACE('',(#5444),#5461,.F.);
#5444 = FACE_BOUND('',#5445,.F.);
#5445 = EDGE_LOOP('',(#5446,#5447,#5448,#5456));
#5446 = ORIENTED_EDGE('',*,*,#5361,.T.);
#5447 = ORIENTED_EDGE('',*,*,#794,.T.);
#5448 = ORIENTED_EDGE('',*,*,#5449,.F.);
#5449 = EDGE_CURVE('',#5450,#795,#5452,.T.);
#5450 = VERTEX_POINT('',#5451);
#5451 = CARTESIAN_POINT('',(-9.393342321274,4.692027284167,0.));
#5452 = LINE('',#5453,#5454);
#5453 = CARTESIAN_POINT('',(-9.393342321274,4.692027284167,0.));
#5454 = VECTOR('',#5455,1.);
#5455 = DIRECTION('',(0.,0.,1.));
#5456 = ORIENTED_EDGE('',*,*,#5457,.F.);
#5457 = EDGE_CURVE('',#5362,#5450,#5458,.T.);
#5458 = B_SPLINE_CURVE_WITH_KNOTS('',1,(#5459,#5460),.UNSPECIFIED.,.F.,
  .F.,(2,2),(0.,0.68844390669),.PIECEWISE_BEZIER_KNOTS.);
#5459 = CARTESIAN_POINT('',(-9.065679238632,5.29749562928,0.));
#5460 = CARTESIAN_POINT('',(-9.393342321274,4.692027284167,0.));
#5461 = SURFACE_OF_LINEAR_EXTRUSION('',#5462,#5465);
#5462 = B_SPLINE_CURVE_WITH_KNOTS('',1,(#5463,#5464),.UNSPECIFIED.,.F.,
  .F.,(2,2),(0.,0.68844390669),.PIECEWISE_BEZIER_KNOTS.);
#5463 = CARTESIAN_POINT('',(-9.065679238632,5.29749562928,0.));
#5464 = CARTESIAN_POINT('',(-9.393342321274,4.692027284167,0.));
#5465 = VECTOR('',#5466,1.);
#5466 = DIRECTION('',(-0.,-0.,-1.));
#5467 = ADVANCED_FACE('',(#5468),#5505,.F.);
#5468 = FACE_BOUND('',#5469,.F.);
#5469 = EDGE_LOOP('',(#5470,#5478,#5479,#5480));
#5470 = ORIENTED_EDGE('',*,*,#5471,.T.);
#5471 = EDGE_CURVE('',#5472,#1007,#5474,.T.);
#5472 = VERTEX_POINT('',#5473);
#5473 = CARTESIAN_POINT('',(-8.227718303897,-3.463727328683,0.));
#5474 = LINE('',#5475,#5476);
#5475 = CARTESIAN_POINT('',(-8.227718303897,-3.463727328683,0.));
#5476 = VECTOR('',#5477,1.);
#5477 = DIRECTION('',(0.,0.,1.));
#5478 = ORIENTED_EDGE('',*,*,#1013,.T.);
#5479 = ORIENTED_EDGE('',*,*,#5423,.F.);
#5480 = ORIENTED_EDGE('',*,*,#5481,.F.);
#5481 = EDGE_CURVE('',#5472,#5424,#5482,.T.);
#5482 = B_SPLINE_CURVE_WITH_KNOTS('',3,(#5483,#5484,#5485,#5486,#5487,
    #5488,#5489,#5490,#5491,#5492,#5493,#5494,#5495,#5496,#5497,#5498,
    #5499,#5500,#5501,#5502,#5503,#5504),.UNSPECIFIED.,.F.,.F.,(4,1,1,1,
    1,1,1,1,1,1,1,1,1,1,1,1,1,1,1,4),(0.,4.740834082121E-03,
    1.896314982603E-02,4.266698453205E-02,7.585234352884E-02,
    0.118519228593,0.170667640531,0.232297579778,0.303409046595,
    0.384002041151,0.474076563562,0.573632613909,0.682670192253,
    0.801189298642,0.929189933111,1.066672095688,1.213635786397,
    1.370081005257,1.536007752283,1.711416027488),.UNSPECIFIED.);
#5483 = CARTESIAN_POINT('',(-8.227718303897,-3.463727328683,0.));
#5484 = CARTESIAN_POINT('',(-8.229166822482,-3.464359484586,0.));
#5485 = CARTESIAN_POINT('',(-8.234937694062,-3.466938814293,0.));
#5486 = CARTESIAN_POINT('',(-8.247722419356,-3.473178415404,0.));
#5487 = CARTESIAN_POINT('',(-8.26872353804,-3.484176258052,0.));
#5488 = CARTESIAN_POINT('',(-8.297610207303,-3.500524382282,0.));
#5489 = CARTESIAN_POINT('',(-8.33406101481,-3.522714533193,0.));
#5490 = CARTESIAN_POINT('',(-8.377711983565,-3.551263095536,0.));
#5491 = CARTESIAN_POINT('',(-8.428181166614,-3.586652882923,0.));
#5492 = CARTESIAN_POINT('',(-8.485060144122,-3.629354248789,0.));
#5493 = CARTESIAN_POINT('',(-8.547918235877,-3.679815908432,0.));
#5494 = CARTESIAN_POINT('',(-8.616302189122,-3.738466720082,0.));
#5495 = CARTESIAN_POINT('',(-8.689737463216,-3.805713777287,0.));
#5496 = CARTESIAN_POINT('',(-8.767729036356,-3.881941775078,0.));
#5497 = CARTESIAN_POINT('',(-8.849762413159,-3.967512023806,0.));
#5498 = CARTESIAN_POINT('',(-8.935304626248,-4.062761603812,0.));
#5499 = CARTESIAN_POINT('',(-9.023805243719,-4.168002628733,0.));
#5500 = CARTESIAN_POINT('',(-9.114697591263,-4.283521121517,0.));
#5501 = CARTESIAN_POINT('',(-9.207399236965,-4.409577753181,0.));
#5502 = CARTESIAN_POINT('',(-9.301315662734,-4.546401155339,0.));
#5503 = CARTESIAN_POINT('',(-9.362622967667,-4.642278292946,0.));
#5504 = CARTESIAN_POINT('',(-9.393342321274,-4.692027284167,0.));
#5505 = SURFACE_OF_LINEAR_EXTRUSION('',#5506,#5529);
#5506 = B_SPLINE_CURVE_WITH_KNOTS('',3,(#5507,#5508,#5509,#5510,#5511,
    #5512,#5513,#5514,#5515,#5516,#5517,#5518,#5519,#5520,#5521,#5522,
    #5523,#5524,#5525,#5526,#5527,#5528),.UNSPECIFIED.,.F.,.F.,(4,1,1,1,
    1,1,1,1,1,1,1,1,1,1,1,1,1,1,1,4),(0.,4.740834082121E-03,
    1.896314982603E-02,4.266698453205E-02,7.585234352884E-02,
    0.118519228593,0.170667640531,0.232297579778,0.303409046595,
    0.384002041151,0.474076563562,0.573632613909,0.682670192253,
    0.801189298642,0.929189933111,1.066672095688,1.213635786397,
    1.370081005257,1.536007752283,1.711416027488),.UNSPECIFIED.);
#5507 = CARTESIAN_POINT('',(-8.227718303897,-3.463727328683,0.));
#5508 = CARTESIAN_POINT('',(-8.229166822482,-3.464359484586,0.));
#5509 = CARTESIAN_POINT('',(-8.234937694062,-3.466938814293,0.));
#5510 = CARTESIAN_POINT('',(-8.247722419356,-3.473178415404,0.));
#5511 = CARTESIAN_POINT('',(-8.26872353804,-3.484176258052,0.));
#5512 = CARTESIAN_POINT('',(-8.297610207303,-3.500524382282,0.));
#5513 = CARTESIAN_POINT('',(-8.33406101481,-3.522714533193,0.));
#5514 = CARTESIAN_POINT('',(-8.377711983565,-3.551263095536,0.));
#5515 = CARTESIAN_POINT('',(-8.428181166614,-3.586652882923,0.));
#5516 = CARTESIAN_POINT('',(-8.485060144122,-3.629354248789,0.));
#5517 = CARTESIAN_POINT('',(-8.547918235877,-3.679815908432,0.));
#5518 = CARTESIAN_POINT('',(-8.616302189122,-3.738466720082,0.));
#5519 = CARTESIAN_POINT('',(-8.689737463216,-3.805713777287,0.));
#5520 = CARTESIAN_POINT('',(-8.767729036356,-3.881941775078,0.));
#5521 = CARTESIAN_POINT('',(-8.849762413159,-3.967512023806,0.));
#5522 = CARTESIAN_POINT('',(-8.935304626248,-4.062761603812,0.));
#5523 = CARTESIAN_POINT('',(-9.023805243719,-4.168002628733,0.));
#5524 = CARTESIAN_POINT('',(-9.114697591263,-4.283521121517,0.));
#5525 = CARTESIAN_POINT('',(-9.207399236965,-4.409577753181,0.));
#5526 = CARTESIAN_POINT('',(-9.301315662734,-4.546401155339,0.));
#5527 = CARTESIAN_POINT('',(-9.362622967667,-4.642278292946,0.));
#5528 = CARTESIAN_POINT('',(-9.393342321274,-4.692027284167,0.));
#5529 = VECTOR('',#5530,1.);
#5530 = DIRECTION('',(-0.,-0.,-1.));
#5531 = ADVANCED_FACE('',(#5532),#5569,.F.);
#5532 = FACE_BOUND('',#5533,.F.);
#5533 = EDGE_LOOP('',(#5534,#5535,#5536,#5544));
#5534 = ORIENTED_EDGE('',*,*,#5449,.T.);
#5535 = ORIENTED_EDGE('',*,*,#801,.T.);
#5536 = ORIENTED_EDGE('',*,*,#5537,.F.);
#5537 = EDGE_CURVE('',#5538,#802,#5540,.T.);
#5538 = VERTEX_POINT('',#5539);
#5539 = CARTESIAN_POINT('',(-8.227718303897,3.463727328683,0.));
#5540 = LINE('',#5541,#5542);
#5541 = CARTESIAN_POINT('',(-8.227718303897,3.463727328683,0.));
#5542 = VECTOR('',#5543,1.);
#5543 = DIRECTION('',(0.,0.,1.));
#5544 = ORIENTED_EDGE('',*,*,#5545,.F.);
#5545 = EDGE_CURVE('',#5450,#5538,#5546,.T.);
#5546 = B_SPLINE_CURVE_WITH_KNOTS('',3,(#5547,#5548,#5549,#5550,#5551,
    #5552,#5553,#5554,#5555,#5556,#5557,#5558,#5559,#5560,#5561,#5562,
    #5563,#5564,#5565,#5566,#5567,#5568),.UNSPECIFIED.,.F.,.F.,(4,1,1,1,
    1,1,1,1,1,1,1,1,1,1,1,1,1,1,1,4),(0.,0.175408275205,0.341335022231,
    0.497780241091,0.6447439318,0.782226094377,0.910226728846,
    1.028745835234,1.137783413579,1.237339463926,1.327413986336,
    1.408006980892,1.479118447709,1.540748386957,1.592896798895,
    1.635563683959,1.668749042956,1.692452877662,1.706675193405,
    1.711416027488),.UNSPECIFIED.);
#5547 = CARTESIAN_POINT('',(-9.393342321274,4.692027284167,0.));
#5548 = CARTESIAN_POINT('',(-9.362622967667,4.642278292946,0.));
#5549 = CARTESIAN_POINT('',(-9.301315662734,4.546401155339,0.));
#5550 = CARTESIAN_POINT('',(-9.207399236965,4.409577753181,0.));
#5551 = CARTESIAN_POINT('',(-9.114697591263,4.283521121517,0.));
#5552 = CARTESIAN_POINT('',(-9.023805243719,4.168002628733,0.));
#5553 = CARTESIAN_POINT('',(-8.935304626248,4.062761603812,0.));
#5554 = CARTESIAN_POINT('',(-8.849762413159,3.967512023806,0.));
#5555 = CARTESIAN_POINT('',(-8.767729036356,3.881941775078,0.));
#5556 = CARTESIAN_POINT('',(-8.689737463216,3.805713777287,0.));
#5557 = CARTESIAN_POINT('',(-8.616302189122,3.738466720082,0.));
#5558 = CARTESIAN_POINT('',(-8.547918235877,3.679815908432,0.));
#5559 = CARTESIAN_POINT('',(-8.485060144122,3.629354248789,0.));
#5560 = CARTESIAN_POINT('',(-8.428181166614,3.586652882923,0.));
#5561 = CARTESIAN_POINT('',(-8.377711983565,3.551263095536,0.));
#5562 = CARTESIAN_POINT('',(-8.33406101481,3.522714533193,0.));
#5563 = CARTESIAN_POINT('',(-8.297610207303,3.500524382282,0.));
#5564 = CARTESIAN_POINT('',(-8.26872353804,3.484176258052,0.));
#5565 = CARTESIAN_POINT('',(-8.247722419356,3.473178415404,0.));
#5566 = CARTESIAN_POINT('',(-8.234937694062,3.466938814293,0.));
#5567 = CARTESIAN_POINT('',(-8.229166822482,3.464359484586,0.));
#5568 = CARTESIAN_POINT('',(-8.227718303897,3.463727328683,0.));
#5569 = SURFACE_OF_LINEAR_EXTRUSION('',#5570,#5593);
#5570 = B_SPLINE_CURVE_WITH_KNOTS('',3,(#5571,#5572,#5573,#5574,#5575,
    #5576,#5577,#5578,#5579,#5580,#5581,#5582,#5583,#5584,#5585,#5586,
    #5587,#5588,#5589,#5590,#5591,#5592),.UNSPECIFIED.,.F.,.F.,(4,1,1,1,
    1,1,1,1,1,1,1,1,1,1,1,1,1,1,1,4),(0.,0.175408275205,0.341335022231,
    0.497780241091,0.6447439318,0.782226094377,0.910226728846,
    1.028745835234,1.137783413579,1.237339463926,1.327413986336,
    1.408006980892,1.479118447709,1.540748386957,1.592896798895,
    1.635563683959,1.668749042956,1.692452877662,1.706675193405,
    1.711416027488),.UNSPECIFIED.);
#5571 = CARTESIAN_POINT('',(-9.393342321274,4.692027284167,0.));
#5572 = CARTESIAN_POINT('',(-9.362622967667,4.642278292946,0.));
#5573 = CARTESIAN_POINT('',(-9.301315662734,4.546401155339,0.));
#5574 = CARTESIAN_POINT('',(-9.207399236965,4.409577753181,0.));
#5575 = CARTESIAN_POINT('',(-9.114697591263,4.283521121517,0.));
#5576 = CARTESIAN_POINT('',(-9.023805243719,4.168002628733,0.));
#5577 = CARTESIAN_POINT('',(-8.935304626248,4.062761603812,0.));
#5578 = CARTESIAN_POINT('',(-8.849762413159,3.967512023806,0.));
#5579 = CARTESIAN_POINT('',(-8.767729036356,3.881941775078,0.));
#5580 = CARTESIAN_POINT('',(-8.689737463216,3.805713777287,0.));
#5581 = CARTESIAN_POINT('',(-8.616302189122,3.738466720082,0.));
#5582 = CARTESIAN_POINT('',(-8.547918235877,3.679815908432,0.));
#5583 = CARTESIAN_POINT('',(-8.485060144122,3.629354248789,0.));
#5584 = CARTESIAN_POINT('',(-8.428181166614,3.586652882923,0.));
#5585 = CARTESIAN_POINT('',(-8.377711983565,3.551263095536,0.));
#5586 = CARTESIAN_POINT('',(-8.33406101481,3.522714533193,0.));
#5587 = CARTESIAN_POINT('',(-8.297610207303,3.500524382282,0.));
#5588 = CARTESIAN_POINT('',(-8.26872353804,3.484176258052,0.));
#5589 = CARTESIAN_POINT('',(-8.247722419356,3.473178415404,0.));
#5590 = CARTESIAN_POINT('',(-8.234937694062,3.466938814293,0.));
#5591 = CARTESIAN_POINT('',(-8.229166822482,3.464359484586,0.));
#5592 = CARTESIAN_POINT('',(-8.227718303897,3.463727328683,0.));
#5593 = VECTOR('',#5594,1.);
#5594 = DIRECTION('',(-0.,-0.,-1.));
#5595 = ADVANCED_FACE('',(#5596),#5613,.F.);
#5596 = FACE_BOUND('',#5597,.F.);
#5597 = EDGE_LOOP('',(#5598,#5606,#5607,#5608));
#5598 = ORIENTED_EDGE('',*,*,#5599,.T.);
#5599 = EDGE_CURVE('',#5600,#1000,#5602,.T.);
#5600 = VERTEX_POINT('',#5601);
#5601 = CARTESIAN_POINT('',(-7.603681919147,-3.201018786641,0.));
#5602 = LINE('',#5603,#5604);
#5603 = CARTESIAN_POINT('',(-7.603681919147,-3.201018786641,0.));
#5604 = VECTOR('',#5605,1.);
#5605 = DIRECTION('',(0.,0.,1.));
#5606 = ORIENTED_EDGE('',*,*,#1006,.T.);
#5607 = ORIENTED_EDGE('',*,*,#5471,.F.);
#5608 = ORIENTED_EDGE('',*,*,#5609,.F.);
#5609 = EDGE_CURVE('',#5600,#5472,#5610,.T.);
#5610 = B_SPLINE_CURVE_WITH_KNOTS('',1,(#5611,#5612),.UNSPECIFIED.,.F.,
  .F.,(2,2),(0.,0.677079897466),.PIECEWISE_BEZIER_KNOTS.);
#5611 = CARTESIAN_POINT('',(-7.603681919147,-3.201018786641,0.));
#5612 = CARTESIAN_POINT('',(-8.227718303897,-3.463727328683,0.));
#5613 = SURFACE_OF_LINEAR_EXTRUSION('',#5614,#5617);
#5614 = B_SPLINE_CURVE_WITH_KNOTS('',1,(#5615,#5616),.UNSPECIFIED.,.F.,
  .F.,(2,2),(0.,0.677079897466),.PIECEWISE_BEZIER_KNOTS.);
#5615 = CARTESIAN_POINT('',(-7.603681919147,-3.201018786641,0.));
#5616 = CARTESIAN_POINT('',(-8.227718303897,-3.463727328683,0.));
#5617 = VECTOR('',#5618,1.);
#5618 = DIRECTION('',(-0.,-0.,-1.));
#5619 = ADVANCED_FACE('',(#5620),#5637,.F.);
#5620 = FACE_BOUND('',#5621,.F.);
#5621 = EDGE_LOOP('',(#5622,#5623,#5624,#5632));
#5622 = ORIENTED_EDGE('',*,*,#5537,.T.);
#5623 = ORIENTED_EDGE('',*,*,#828,.T.);
#5624 = ORIENTED_EDGE('',*,*,#5625,.F.);
#5625 = EDGE_CURVE('',#5626,#829,#5628,.T.);
#5626 = VERTEX_POINT('',#5627);
#5627 = CARTESIAN_POINT('',(-7.603681919147,3.201018786641,0.));
#5628 = LINE('',#5629,#5630);
#5629 = CARTESIAN_POINT('',(-7.603681919147,3.201018786641,0.));
#5630 = VECTOR('',#5631,1.);
#5631 = DIRECTION('',(0.,0.,1.));
#5632 = ORIENTED_EDGE('',*,*,#5633,.F.);
#5633 = EDGE_CURVE('',#5538,#5626,#5634,.T.);
#5634 = B_SPLINE_CURVE_WITH_KNOTS('',1,(#5635,#5636),.UNSPECIFIED.,.F.,
  .F.,(2,2),(0.,0.677079897466),.PIECEWISE_BEZIER_KNOTS.);
#5635 = CARTESIAN_POINT('',(-8.227718303897,3.463727328683,0.));
#5636 = CARTESIAN_POINT('',(-7.603681919147,3.201018786641,0.));
#5637 = SURFACE_OF_LINEAR_EXTRUSION('',#5638,#5641);
#5638 = B_SPLINE_CURVE_WITH_KNOTS('',1,(#5639,#5640),.UNSPECIFIED.,.F.,
  .F.,(2,2),(0.,0.677079897466),.PIECEWISE_BEZIER_KNOTS.);
#5639 = CARTESIAN_POINT('',(-8.227718303897,3.463727328683,0.));
#5640 = CARTESIAN_POINT('',(-7.603681919147,3.201018786641,0.));
#5641 = VECTOR('',#5642,1.);
#5642 = DIRECTION('',(-0.,-0.,-1.));
#5643 = ADVANCED_FACE('',(#5644),#5661,.F.);
#5644 = FACE_BOUND('',#5645,.F.);
#5645 = EDGE_LOOP('',(#5646,#5654,#5655,#5656));
#5646 = ORIENTED_EDGE('',*,*,#5647,.T.);
#5647 = EDGE_CURVE('',#5648,#993,#5650,.T.);
#5648 = VERTEX_POINT('',#5649);
#5649 = CARTESIAN_POINT('',(-7.966479855278,-2.144224502112,0.));
#5650 = LINE('',#5651,#5652);
#5651 = CARTESIAN_POINT('',(-7.966479855278,-2.144224502112,0.));
#5652 = VECTOR('',#5653,1.);
#5653 = DIRECTION('',(0.,0.,1.));
#5654 = ORIENTED_EDGE('',*,*,#999,.T.);
#5655 = ORIENTED_EDGE('',*,*,#5599,.F.);
#5656 = ORIENTED_EDGE('',*,*,#5657,.F.);
#5657 = EDGE_CURVE('',#5648,#5600,#5658,.T.);
#5658 = B_SPLINE_CURVE_WITH_KNOTS('',1,(#5659,#5660),.UNSPECIFIED.,.F.,
  .F.,(2,2),(0.,1.117334552529),.PIECEWISE_BEZIER_KNOTS.);
#5659 = CARTESIAN_POINT('',(-7.966479855278,-2.144224502112,0.));
#5660 = CARTESIAN_POINT('',(-7.603681919147,-3.201018786641,0.));
#5661 = SURFACE_OF_LINEAR_EXTRUSION('',#5662,#5665);
#5662 = B_SPLINE_CURVE_WITH_KNOTS('',1,(#5663,#5664),.UNSPECIFIED.,.F.,
  .F.,(2,2),(0.,1.117334552529),.PIECEWISE_BEZIER_KNOTS.);
#5663 = CARTESIAN_POINT('',(-7.966479855278,-2.144224502112,0.));
#5664 = CARTESIAN_POINT('',(-7.603681919147,-3.201018786641,0.));
#5665 = VECTOR('',#5666,1.);
#5666 = DIRECTION('',(-0.,-0.,-1.));
#5667 = ADVANCED_FACE('',(#5668),#5685,.F.);
#5668 = FACE_BOUND('',#5669,.F.);
#5669 = EDGE_LOOP('',(#5670,#5671,#5672,#5680));
#5670 = ORIENTED_EDGE('',*,*,#5625,.T.);
#5671 = ORIENTED_EDGE('',*,*,#835,.T.);
#5672 = ORIENTED_EDGE('',*,*,#5673,.F.);
#5673 = EDGE_CURVE('',#5674,#836,#5676,.T.);
#5674 = VERTEX_POINT('',#5675);
#5675 = CARTESIAN_POINT('',(-7.966479855278,2.144224502112,0.));
#5676 = LINE('',#5677,#5678);
#5677 = CARTESIAN_POINT('',(-7.966479855278,2.144224502112,0.));
#5678 = VECTOR('',#5679,1.);
#5679 = DIRECTION('',(0.,0.,1.));
#5680 = ORIENTED_EDGE('',*,*,#5681,.F.);
#5681 = EDGE_CURVE('',#5626,#5674,#5682,.T.);
#5682 = B_SPLINE_CURVE_WITH_KNOTS('',1,(#5683,#5684),.UNSPECIFIED.,.F.,
  .F.,(2,2),(0.,1.117334552529),.PIECEWISE_BEZIER_KNOTS.);
#5683 = CARTESIAN_POINT('',(-7.603681919147,3.201018786641,0.));
#5684 = CARTESIAN_POINT('',(-7.966479855278,2.144224502112,0.));
#5685 = SURFACE_OF_LINEAR_EXTRUSION('',#5686,#5689);
#5686 = B_SPLINE_CURVE_WITH_KNOTS('',1,(#5687,#5688),.UNSPECIFIED.,.F.,
  .F.,(2,2),(0.,1.117334552529),.PIECEWISE_BEZIER_KNOTS.);
#5687 = CARTESIAN_POINT('',(-7.603681919147,3.201018786641,0.));
#5688 = CARTESIAN_POINT('',(-7.966479855278,2.144224502112,0.));
#5689 = VECTOR('',#5690,1.);
#5690 = DIRECTION('',(-0.,-0.,-1.));
#5691 = ADVANCED_FACE('',(#5692),#5709,.F.);
#5692 = FACE_BOUND('',#5693,.F.);
#5693 = EDGE_LOOP('',(#5694,#5702,#5703,#5704));
#5694 = ORIENTED_EDGE('',*,*,#5695,.T.);
#5695 = EDGE_CURVE('',#5696,#966,#5698,.T.);
#5696 = VERTEX_POINT('',#5697);
#5697 = CARTESIAN_POINT('',(-8.620291172075,-2.320201630116,0.));
#5698 = LINE('',#5699,#5700);
#5699 = CARTESIAN_POINT('',(-8.620291172075,-2.320201630116,0.));
#5700 = VECTOR('',#5701,1.);
#5701 = DIRECTION('',(0.,0.,1.));
#5702 = ORIENTED_EDGE('',*,*,#992,.T.);
#5703 = ORIENTED_EDGE('',*,*,#5647,.F.);
#5704 = ORIENTED_EDGE('',*,*,#5705,.F.);
#5705 = EDGE_CURVE('',#5696,#5648,#5706,.T.);
#5706 = B_SPLINE_CURVE_WITH_KNOTS('',1,(#5707,#5708),.UNSPECIFIED.,.F.,
  .F.,(2,2),(0.,0.677079897466),.PIECEWISE_BEZIER_KNOTS.);
#5707 = CARTESIAN_POINT('',(-8.620291172075,-2.320201630116,0.));
#5708 = CARTESIAN_POINT('',(-7.966479855278,-2.144224502112,0.));
#5709 = SURFACE_OF_LINEAR_EXTRUSION('',#5710,#5713);
#5710 = B_SPLINE_CURVE_WITH_KNOTS('',1,(#5711,#5712),.UNSPECIFIED.,.F.,
  .F.,(2,2),(0.,0.677079897466),.PIECEWISE_BEZIER_KNOTS.);
#5711 = CARTESIAN_POINT('',(-8.620291172075,-2.320201630116,0.));
#5712 = CARTESIAN_POINT('',(-7.966479855278,-2.144224502112,0.));
#5713 = VECTOR('',#5714,1.);
#5714 = DIRECTION('',(-0.,-0.,-1.));
#5715 = ADVANCED_FACE('',(#5716),#5733,.F.);
#5716 = FACE_BOUND('',#5717,.F.);
#5717 = EDGE_LOOP('',(#5718,#5719,#5720,#5728));
#5718 = ORIENTED_EDGE('',*,*,#5673,.T.);
#5719 = ORIENTED_EDGE('',*,*,#842,.T.);
#5720 = ORIENTED_EDGE('',*,*,#5721,.F.);
#5721 = EDGE_CURVE('',#5722,#843,#5724,.T.);
#5722 = VERTEX_POINT('',#5723);
#5723 = CARTESIAN_POINT('',(-8.620291172075,2.320201630116,0.));
#5724 = LINE('',#5725,#5726);
#5725 = CARTESIAN_POINT('',(-8.620291172075,2.320201630116,0.));
#5726 = VECTOR('',#5727,1.);
#5727 = DIRECTION('',(0.,0.,1.));
#5728 = ORIENTED_EDGE('',*,*,#5729,.F.);
#5729 = EDGE_CURVE('',#5674,#5722,#5730,.T.);
#5730 = B_SPLINE_CURVE_WITH_KNOTS('',1,(#5731,#5732),.UNSPECIFIED.,.F.,
  .F.,(2,2),(0.,0.677079897466),.PIECEWISE_BEZIER_KNOTS.);
#5731 = CARTESIAN_POINT('',(-7.966479855278,2.144224502112,0.));
#5732 = CARTESIAN_POINT('',(-8.620291172075,2.320201630116,0.));
#5733 = SURFACE_OF_LINEAR_EXTRUSION('',#5734,#5737);
#5734 = B_SPLINE_CURVE_WITH_KNOTS('',1,(#5735,#5736),.UNSPECIFIED.,.F.,
  .F.,(2,2),(0.,0.677079897466),.PIECEWISE_BEZIER_KNOTS.);
#5735 = CARTESIAN_POINT('',(-7.966479855278,2.144224502112,0.));
#5736 = CARTESIAN_POINT('',(-8.620291172075,2.320201630116,0.));
#5737 = VECTOR('',#5738,1.);
#5738 = DIRECTION('',(-0.,-0.,-1.));
#5739 = ADVANCED_FACE('',(#5740),#5777,.F.);
#5740 = FACE_BOUND('',#5741,.F.);
#5741 = EDGE_LOOP('',(#5742,#5750,#5751,#5752));
#5742 = ORIENTED_EDGE('',*,*,#5743,.T.);
#5743 = EDGE_CURVE('',#5744,#959,#5746,.T.);
#5744 = VERTEX_POINT('',#5745);
#5745 = CARTESIAN_POINT('',(-10.29456975056,-2.066841467243,0.));
#5746 = LINE('',#5747,#5748);
#5747 = CARTESIAN_POINT('',(-10.29456975056,-2.066841467243,0.));
#5748 = VECTOR('',#5749,1.);
#5749 = DIRECTION('',(0.,0.,1.));
#5750 = ORIENTED_EDGE('',*,*,#965,.T.);
#5751 = ORIENTED_EDGE('',*,*,#5695,.F.);
#5752 = ORIENTED_EDGE('',*,*,#5753,.F.);
#5753 = EDGE_CURVE('',#5744,#5696,#5754,.T.);
#5754 = B_SPLINE_CURVE_WITH_KNOTS('',3,(#5755,#5756,#5757,#5758,#5759,
    #5760,#5761,#5762,#5763,#5764,#5765,#5766,#5767,#5768,#5769,#5770,
    #5771,#5772,#5773,#5774,#5775,#5776),.UNSPECIFIED.,.F.,.F.,(4,1,1,1,
    1,1,1,1,1,1,1,1,1,1,1,1,1,1,1,4),(0.,0.175408275205,0.341335022231,
    0.497780241091,0.6447439318,0.782226094377,0.910226728846,
    1.028745835234,1.137783413579,1.237339463926,1.327413986336,
    1.408006980892,1.479118447709,1.540748386957,1.592896798895,
    1.635563683959,1.668749042956,1.692452877662,1.706675193405,
    1.711416027488),.UNSPECIFIED.);
#5755 = CARTESIAN_POINT('',(-10.29456975056,-2.066841467243,0.));
#5756 = CARTESIAN_POINT('',(-10.23977140136,-2.087232194006,0.));
#5757 = CARTESIAN_POINT('',(-10.13250236674,-2.125237001146,0.));
#5758 = CARTESIAN_POINT('',(-9.974350437672,-2.175525227785,0.));
#5759 = CARTESIAN_POINT('',(-9.823770228073,-2.218063093032,0.));
#5760 = CARTESIAN_POINT('',(-9.681090467814,-2.253396179924,0.));
#5761 = CARTESIAN_POINT('',(-9.546610670058,-2.282087931608,0.));
#5762 = CARTESIAN_POINT('',(-9.420602341528,-2.304712118943,0.));
#5763 = CARTESIAN_POINT('',(-9.303308146173,-2.321853125716,0.));
#5764 = CARTESIAN_POINT('',(-9.194941631111,-2.334104311018,0.));
#5765 = CARTESIAN_POINT('',(-9.095686884079,-2.342066809088,0.));
#5766 = CARTESIAN_POINT('',(-9.005698262256,-2.346348247043,0.));
#5767 = CARTESIAN_POINT('',(-8.925100202852,-2.347561347787,0.));
#5768 = CARTESIAN_POINT('',(-8.853986975803,-2.346322934328,0.));
#5769 = CARTESIAN_POINT('',(-8.792422841671,-2.343251635346,0.));
#5770 = CARTESIAN_POINT('',(-8.740441204032,-2.338969482446,0.));
#5771 = CARTESIAN_POINT('',(-8.698046922442,-2.33409208008,0.));
#5772 = CARTESIAN_POINT('',(-8.665210055814,-2.329250487674,0.));
#5773 = CARTESIAN_POINT('',(-8.641882207551,-2.325030176748,0.));
#5774 = CARTESIAN_POINT('',(-8.627960820595,-2.322101557943,0.));
#5775 = CARTESIAN_POINT('',(-8.621822534961,-2.320592468814,0.));
#5776 = CARTESIAN_POINT('',(-8.620291172075,-2.320201630116,0.));
#5777 = SURFACE_OF_LINEAR_EXTRUSION('',#5778,#5801);
#5778 = B_SPLINE_CURVE_WITH_KNOTS('',3,(#5779,#5780,#5781,#5782,#5783,
    #5784,#5785,#5786,#5787,#5788,#5789,#5790,#5791,#5792,#5793,#5794,
    #5795,#5796,#5797,#5798,#5799,#5800),.UNSPECIFIED.,.F.,.F.,(4,1,1,1,
    1,1,1,1,1,1,1,1,1,1,1,1,1,1,1,4),(0.,0.175408275205,0.341335022231,
    0.497780241091,0.6447439318,0.782226094377,0.910226728846,
    1.028745835234,1.137783413579,1.237339463926,1.327413986336,
    1.408006980892,1.479118447709,1.540748386957,1.592896798895,
    1.635563683959,1.668749042956,1.692452877662,1.706675193405,
    1.711416027488),.UNSPECIFIED.);
#5779 = CARTESIAN_POINT('',(-10.29456975056,-2.066841467243,0.));
#5780 = CARTESIAN_POINT('',(-10.23977140136,-2.087232194006,0.));
#5781 = CARTESIAN_POINT('',(-10.13250236674,-2.125237001146,0.));
#5782 = CARTESIAN_POINT('',(-9.974350437672,-2.175525227785,0.));
#5783 = CARTESIAN_POINT('',(-9.823770228073,-2.218063093032,0.));
#5784 = CARTESIAN_POINT('',(-9.681090467814,-2.253396179924,0.));
#5785 = CARTESIAN_POINT('',(-9.546610670058,-2.282087931608,0.));
#5786 = CARTESIAN_POINT('',(-9.420602341528,-2.304712118943,0.));
#5787 = CARTESIAN_POINT('',(-9.303308146173,-2.321853125716,0.));
#5788 = CARTESIAN_POINT('',(-9.194941631111,-2.334104311018,0.));
#5789 = CARTESIAN_POINT('',(-9.095686884079,-2.342066809088,0.));
#5790 = CARTESIAN_POINT('',(-9.005698262256,-2.346348247043,0.));
#5791 = CARTESIAN_POINT('',(-8.925100202852,-2.347561347787,0.));
#5792 = CARTESIAN_POINT('',(-8.853986975803,-2.346322934328,0.));
#5793 = CARTESIAN_POINT('',(-8.792422841671,-2.343251635346,0.));
#5794 = CARTESIAN_POINT('',(-8.740441204032,-2.338969482446,0.));
#5795 = CARTESIAN_POINT('',(-8.698046922442,-2.33409208008,0.));
#5796 = CARTESIAN_POINT('',(-8.665210055814,-2.329250487674,0.));
#5797 = CARTESIAN_POINT('',(-8.641882207551,-2.325030176748,0.));
#5798 = CARTESIAN_POINT('',(-8.627960820595,-2.322101557943,0.));
#5799 = CARTESIAN_POINT('',(-8.621822534961,-2.320592468814,0.));
#5800 = CARTESIAN_POINT('',(-8.620291172075,-2.320201630116,0.));
#5801 = VECTOR('',#5802,1.);
#5802 = DIRECTION('',(-0.,-0.,-1.));
#5803 = ADVANCED_FACE('',(#5804),#5841,.F.);
#5804 = FACE_BOUND('',#5805,.F.);
#5805 = EDGE_LOOP('',(#5806,#5807,#5808,#5816));
#5806 = ORIENTED_EDGE('',*,*,#5721,.T.);
#5807 = ORIENTED_EDGE('',*,*,#849,.T.);
#5808 = ORIENTED_EDGE('',*,*,#5809,.F.);
#5809 = EDGE_CURVE('',#5810,#850,#5812,.T.);
#5810 = VERTEX_POINT('',#5811);
#5811 = CARTESIAN_POINT('',(-10.29456975056,2.066841467243,0.));
#5812 = LINE('',#5813,#5814);
#5813 = CARTESIAN_POINT('',(-10.29456975056,2.066841467243,0.));
#5814 = VECTOR('',#5815,1.);
#5815 = DIRECTION('',(0.,0.,1.));
#5816 = ORIENTED_EDGE('',*,*,#5817,.F.);
#5817 = EDGE_CURVE('',#5722,#5810,#5818,.T.);
#5818 = B_SPLINE_CURVE_WITH_KNOTS('',3,(#5819,#5820,#5821,#5822,#5823,
    #5824,#5825,#5826,#5827,#5828,#5829,#5830,#5831,#5832,#5833,#5834,
    #5835,#5836,#5837,#5838,#5839,#5840),.UNSPECIFIED.,.F.,.F.,(4,1,1,1,
    1,1,1,1,1,1,1,1,1,1,1,1,1,1,1,4),(0.,4.740834082121E-03,
    1.896314982603E-02,4.266698453205E-02,7.585234352884E-02,
    0.118519228593,0.170667640531,0.232297579778,0.303409046595,
    0.384002041151,0.474076563562,0.573632613909,0.682670192253,
    0.801189298642,0.929189933111,1.066672095688,1.213635786397,
    1.370081005257,1.536007752283,1.711416027488),.UNSPECIFIED.);
#5819 = CARTESIAN_POINT('',(-8.620291172075,2.320201630116,0.));
#5820 = CARTESIAN_POINT('',(-8.621822534961,2.320592468814,0.));
#5821 = CARTESIAN_POINT('',(-8.627960820595,2.322101557943,0.));
#5822 = CARTESIAN_POINT('',(-8.641882207551,2.325030176748,0.));
#5823 = CARTESIAN_POINT('',(-8.665210055814,2.329250487674,0.));
#5824 = CARTESIAN_POINT('',(-8.698046922442,2.33409208008,0.));
#5825 = CARTESIAN_POINT('',(-8.740441204032,2.338969482446,0.));
#5826 = CARTESIAN_POINT('',(-8.792422841671,2.343251635346,0.));
#5827 = CARTESIAN_POINT('',(-8.853986975803,2.346322934328,0.));
#5828 = CARTESIAN_POINT('',(-8.925100202852,2.347561347787,0.));
#5829 = CARTESIAN_POINT('',(-9.005698262256,2.346348247043,0.));
#5830 = CARTESIAN_POINT('',(-9.095686884079,2.342066809088,0.));
#5831 = CARTESIAN_POINT('',(-9.194941631111,2.334104311018,0.));
#5832 = CARTESIAN_POINT('',(-9.303308146173,2.321853125716,0.));
#5833 = CARTESIAN_POINT('',(-9.420602341528,2.304712118943,0.));
#5834 = CARTESIAN_POINT('',(-9.546610670058,2.282087931608,0.));
#5835 = CARTESIAN_POINT('',(-9.681090467814,2.253396179924,0.));
#5836 = CARTESIAN_POINT('',(-9.823770228073,2.218063093032,0.));
#5837 = CARTESIAN_POINT('',(-9.974350437672,2.175525227785,0.));
#5838 = CARTESIAN_POINT('',(-10.13250236674,2.125237001146,0.));
#5839 = CARTESIAN_POINT('',(-10.23977140136,2.087232194006,0.));
#5840 = CARTESIAN_POINT('',(-10.29456975056,2.066841467243,0.));
#5841 = SURFACE_OF_LINEAR_EXTRUSION('',#5842,#5865);
#5842 = B_SPLINE_CURVE_WITH_KNOTS('',3,(#5843,#5844,#5845,#5846,#5847,
    #5848,#5849,#5850,#5851,#5852,#5853,#5854,#5855,#5856,#5857,#5858,
    #5859,#5860,#5861,#5862,#5863,#5864),.UNSPECIFIED.,.F.,.F.,(4,1,1,1,
    1,1,1,1,1,1,1,1,1,1,1,1,1,1,1,4),(0.,4.740834082121E-03,
    1.896314982603E-02,4.266698453205E-02,7.585234352884E-02,
    0.118519228593,0.170667640531,0.232297579778,0.303409046595,
    0.384002041151,0.474076563562,0.573632613909,0.682670192253,
    0.801189298642,0.929189933111,1.066672095688,1.213635786397,
    1.370081005257,1.536007752283,1.711416027488),.UNSPECIFIED.);
#5843 = CARTESIAN_POINT('',(-8.620291172075,2.320201630116,0.));
#5844 = CARTESIAN_POINT('',(-8.621822534961,2.320592468814,0.));
#5845 = CARTESIAN_POINT('',(-8.627960820595,2.322101557943,0.));
#5846 = CARTESIAN_POINT('',(-8.641882207551,2.325030176748,0.));
#5847 = CARTESIAN_POINT('',(-8.665210055814,2.329250487674,0.));
#5848 = CARTESIAN_POINT('',(-8.698046922442,2.33409208008,0.));
#5849 = CARTESIAN_POINT('',(-8.740441204032,2.338969482446,0.));
#5850 = CARTESIAN_POINT('',(-8.792422841671,2.343251635346,0.));
#5851 = CARTESIAN_POINT('',(-8.853986975803,2.346322934328,0.));
#5852 = CARTESIAN_POINT('',(-8.925100202852,2.347561347787,0.));
#5853 = CARTESIAN_POINT('',(-9.005698262256,2.346348247043,0.));
#5854 = CARTESIAN_POINT('',(-9.095686884079,2.342066809088,0.));
#5855 = CARTESIAN_POINT('',(-9.194941631111,2.334104311018,0.));
#5856 = CARTESIAN_POINT('',(-9.303308146173,2.321853125716,0.));
#5857 = CARTESIAN_POINT('',(-9.420602341528,2.304712118943,0.));
#5858 = CARTESIAN_POINT('',(-9.546610670058,2.282087931608,0.));
#5859 = CARTESIAN_POINT('',(-9.681090467814,2.253396179924,0.));
#5860 = CARTESIAN_POINT('',(-9.823770228073,2.218063093032,0.));
#5861 = CARTESIAN_POINT('',(-9.974350437672,2.175525227785,0.));
#5862 = CARTESIAN_POINT('',(-10.13250236674,2.125237001146,0.));
#5863 = CARTESIAN_POINT('',(-10.23977140136,2.087232194006,0.));
#5864 = CARTESIAN_POINT('',(-10.29456975056,2.066841467243,0.));
#5865 = VECTOR('',#5866,1.);
#5866 = DIRECTION('',(-0.,-0.,-1.));
#5867 = ADVANCED_FACE('',(#5868),#5885,.F.);
#5868 = FACE_BOUND('',#5869,.F.);
#5869 = EDGE_LOOP('',(#5870,#5878,#5879,#5880));
#5870 = ORIENTED_EDGE('',*,*,#5871,.T.);
#5871 = EDGE_CURVE('',#5872,#932,#5874,.T.);
#5872 = VERTEX_POINT('',#5873);
#5873 = CARTESIAN_POINT('',(-10.40788389332,-1.38778703812,0.));
#5874 = LINE('',#5875,#5876);
#5875 = CARTESIAN_POINT('',(-10.40788389332,-1.38778703812,0.));
#5876 = VECTOR('',#5877,1.);
#5877 = DIRECTION('',(0.,0.,1.));
#5878 = ORIENTED_EDGE('',*,*,#958,.T.);
#5879 = ORIENTED_EDGE('',*,*,#5743,.F.);
#5880 = ORIENTED_EDGE('',*,*,#5881,.F.);
#5881 = EDGE_CURVE('',#5872,#5744,#5882,.T.);
#5882 = B_SPLINE_CURVE_WITH_KNOTS('',1,(#5883,#5884),.UNSPECIFIED.,.F.,
  .F.,(2,2),(0.,0.68844390669),.PIECEWISE_BEZIER_KNOTS.);
#5883 = CARTESIAN_POINT('',(-10.40788389332,-1.38778703812,0.));
#5884 = CARTESIAN_POINT('',(-10.29456975056,-2.066841467243,0.));
#5885 = SURFACE_OF_LINEAR_EXTRUSION('',#5886,#5889);
#5886 = B_SPLINE_CURVE_WITH_KNOTS('',1,(#5887,#5888),.UNSPECIFIED.,.F.,
  .F.,(2,2),(0.,0.68844390669),.PIECEWISE_BEZIER_KNOTS.);
#5887 = CARTESIAN_POINT('',(-10.40788389332,-1.38778703812,0.));
#5888 = CARTESIAN_POINT('',(-10.29456975056,-2.066841467243,0.));
#5889 = VECTOR('',#5890,1.);
#5890 = DIRECTION('',(-0.,-0.,-1.));
#5891 = ADVANCED_FACE('',(#5892),#5909,.F.);
#5892 = FACE_BOUND('',#5893,.F.);
#5893 = EDGE_LOOP('',(#5894,#5895,#5896,#5904));
#5894 = ORIENTED_EDGE('',*,*,#5809,.T.);
#5895 = ORIENTED_EDGE('',*,*,#876,.T.);
#5896 = ORIENTED_EDGE('',*,*,#5897,.F.);
#5897 = EDGE_CURVE('',#5898,#877,#5900,.T.);
#5898 = VERTEX_POINT('',#5899);
#5899 = CARTESIAN_POINT('',(-10.40788389332,1.38778703812,0.));
#5900 = LINE('',#5901,#5902);
#5901 = CARTESIAN_POINT('',(-10.40788389332,1.38778703812,0.));
#5902 = VECTOR('',#5903,1.);
#5903 = DIRECTION('',(0.,0.,1.));
#5904 = ORIENTED_EDGE('',*,*,#5905,.F.);
#5905 = EDGE_CURVE('',#5810,#5898,#5906,.T.);
#5906 = B_SPLINE_CURVE_WITH_KNOTS('',1,(#5907,#5908),.UNSPECIFIED.,.F.,
  .F.,(2,2),(0.,0.68844390669),.PIECEWISE_BEZIER_KNOTS.);
#5907 = CARTESIAN_POINT('',(-10.29456975056,2.066841467243,0.));
#5908 = CARTESIAN_POINT('',(-10.40788389332,1.38778703812,0.));
#5909 = SURFACE_OF_LINEAR_EXTRUSION('',#5910,#5913);
#5910 = B_SPLINE_CURVE_WITH_KNOTS('',1,(#5911,#5912),.UNSPECIFIED.,.F.,
  .F.,(2,2),(0.,0.68844390669),.PIECEWISE_BEZIER_KNOTS.);
#5911 = CARTESIAN_POINT('',(-10.29456975056,2.066841467243,0.));
#5912 = CARTESIAN_POINT('',(-10.40788389332,1.38778703812,0.));
#5913 = VECTOR('',#5914,1.);
#5914 = DIRECTION('',(-0.,-0.,-1.));
#5915 = ADVANCED_FACE('',(#5916),#5953,.F.);
#5916 = FACE_BOUND('',#5917,.F.);
#5917 = EDGE_LOOP('',(#5918,#5926,#5927,#5928));
#5918 = ORIENTED_EDGE('',*,*,#5919,.T.);
#5919 = EDGE_CURVE('',#5920,#925,#5922,.T.);
#5920 = VERTEX_POINT('',#5921);
#5921 = CARTESIAN_POINT('',(-8.906588256775,-0.604517261977,0.));
#5922 = LINE('',#5923,#5924);
#5923 = CARTESIAN_POINT('',(-8.906588256775,-0.604517261977,0.));
#5924 = VECTOR('',#5925,1.);
#5925 = DIRECTION('',(0.,0.,1.));
#5926 = ORIENTED_EDGE('',*,*,#931,.T.);
#5927 = ORIENTED_EDGE('',*,*,#5871,.F.);
#5928 = ORIENTED_EDGE('',*,*,#5929,.F.);
#5929 = EDGE_CURVE('',#5920,#5872,#5930,.T.);
#5930 = B_SPLINE_CURVE_WITH_KNOTS('',3,(#5931,#5932,#5933,#5934,#5935,
    #5936,#5937,#5938,#5939,#5940,#5941,#5942,#5943,#5944,#5945,#5946,
    #5947,#5948,#5949,#5950,#5951,#5952),.UNSPECIFIED.,.F.,.F.,(4,1,1,1,
    1,1,1,1,1,1,1,1,1,1,1,1,1,1,1,4),(0.,4.740834082121E-03,
    1.896314982603E-02,4.266698453205E-02,7.585234352884E-02,
    0.118519228593,0.170667640531,0.232297579778,0.303409046595,
    0.384002041151,0.474076563562,0.573632613909,0.682670192253,
    0.801189298642,0.929189933111,1.066672095688,1.213635786397,
    1.370081005257,1.536007752283,1.711416027488),.UNSPECIFIED.);
#5931 = CARTESIAN_POINT('',(-8.906588256775,-0.604517261977,0.));
#5932 = CARTESIAN_POINT('',(-8.908163551314,-0.604644832714,0.));
#5933 = CARTESIAN_POINT('',(-8.91445924814,-0.605210608284,0.));
#5934 = CARTESIAN_POINT('',(-8.928577256922,-0.606960937079,0.));
#5935 = CARTESIAN_POINT('',(-8.952011470739,-0.610543834188,0.));
#5936 = CARTESIAN_POINT('',(-8.984641207843,-0.616626685778,0.));
#5937 = CARTESIAN_POINT('',(-9.02632214028,-0.625778955255,0.));
#5938 = CARTESIAN_POINT('',(-9.076877682185,-0.63860723136,0.));
#5939 = CARTESIAN_POINT('',(-9.136103350866,-0.655692185503,0.));
#5940 = CARTESIAN_POINT('',(-9.203765579315,-0.677611299778,0.));
#5941 = CARTESIAN_POINT('',(-9.279602720379,-0.704928818485,0.));
#5942 = CARTESIAN_POINT('',(-9.363325329825,-0.738197534062,0.));
#5943 = CARTESIAN_POINT('',(-9.454616761991,-0.777956565702,0.));
#5944 = CARTESIAN_POINT('',(-9.553133726996,-0.824730497911,0.));
#5945 = CARTESIAN_POINT('',(-9.658506923513,-0.87902812063,0.));
#5946 = CARTESIAN_POINT('',(-9.770341711615,-0.94134130448,0.));
#5947 = CARTESIAN_POINT('',(-9.888218826452,-1.012143976867,0.));
#5948 = CARTESIAN_POINT('',(-10.01169516918,-1.091890662075,0.));
#5949 = CARTESIAN_POINT('',(-10.14030450541,-1.18101702258,0.));
#5950 = CARTESIAN_POINT('',(-10.27355876624,-1.279932341812,0.));
#5951 = CARTESIAN_POINT('',(-10.36267552798,-1.350708142276,0.));
#5952 = CARTESIAN_POINT('',(-10.40788389332,-1.38778703812,0.));
#5953 = SURFACE_OF_LINEAR_EXTRUSION('',#5954,#5977);
#5954 = B_SPLINE_CURVE_WITH_KNOTS('',3,(#5955,#5956,#5957,#5958,#5959,
    #5960,#5961,#5962,#5963,#5964,#5965,#5966,#5967,#5968,#5969,#5970,
    #5971,#5972,#5973,#5974,#5975,#5976),.UNSPECIFIED.,.F.,.F.,(4,1,1,1,
    1,1,1,1,1,1,1,1,1,1,1,1,1,1,1,4),(0.,4.740834082121E-03,
    1.896314982603E-02,4.266698453205E-02,7.585234352884E-02,
    0.118519228593,0.170667640531,0.232297579778,0.303409046595,
    0.384002041151,0.474076563562,0.573632613909,0.682670192253,
    0.801189298642,0.929189933111,1.066672095688,1.213635786397,
    1.370081005257,1.536007752283,1.711416027488),.UNSPECIFIED.);
#5955 = CARTESIAN_POINT('',(-8.906588256775,-0.604517261977,0.));
#5956 = CARTESIAN_POINT('',(-8.908163551314,-0.604644832714,0.));
#5957 = CARTESIAN_POINT('',(-8.91445924814,-0.605210608284,0.));
#5958 = CARTESIAN_POINT('',(-8.928577256922,-0.606960937079,0.));
#5959 = CARTESIAN_POINT('',(-8.952011470739,-0.610543834188,0.));
#5960 = CARTESIAN_POINT('',(-8.984641207843,-0.616626685778,0.));
#5961 = CARTESIAN_POINT('',(-9.02632214028,-0.625778955255,0.));
#5962 = CARTESIAN_POINT('',(-9.076877682185,-0.63860723136,0.));
#5963 = CARTESIAN_POINT('',(-9.136103350866,-0.655692185503,0.));
#5964 = CARTESIAN_POINT('',(-9.203765579315,-0.677611299778,0.));
#5965 = CARTESIAN_POINT('',(-9.279602720379,-0.704928818485,0.));
#5966 = CARTESIAN_POINT('',(-9.363325329825,-0.738197534062,0.));
#5967 = CARTESIAN_POINT('',(-9.454616761991,-0.777956565702,0.));
#5968 = CARTESIAN_POINT('',(-9.553133726996,-0.824730497911,0.));
#5969 = CARTESIAN_POINT('',(-9.658506923513,-0.87902812063,0.));
#5970 = CARTESIAN_POINT('',(-9.770341711615,-0.94134130448,0.));
#5971 = CARTESIAN_POINT('',(-9.888218826452,-1.012143976867,0.));
#5972 = CARTESIAN_POINT('',(-10.01169516918,-1.091890662075,0.));
#5973 = CARTESIAN_POINT('',(-10.14030450541,-1.18101702258,0.));
#5974 = CARTESIAN_POINT('',(-10.27355876624,-1.279932341812,0.));
#5975 = CARTESIAN_POINT('',(-10.36267552798,-1.350708142276,0.));
#5976 = CARTESIAN_POINT('',(-10.40788389332,-1.38778703812,0.));
#5977 = VECTOR('',#5978,1.);
#5978 = DIRECTION('',(-0.,-0.,-1.));
#5979 = ADVANCED_FACE('',(#5980),#6017,.F.);
#5980 = FACE_BOUND('',#5981,.F.);
#5981 = EDGE_LOOP('',(#5982,#5983,#5984,#5992));
#5982 = ORIENTED_EDGE('',*,*,#5897,.T.);
#5983 = ORIENTED_EDGE('',*,*,#883,.T.);
#5984 = ORIENTED_EDGE('',*,*,#5985,.F.);
#5985 = EDGE_CURVE('',#5986,#884,#5988,.T.);
#5986 = VERTEX_POINT('',#5987);
#5987 = CARTESIAN_POINT('',(-8.906588256775,0.604517261977,0.));
#5988 = LINE('',#5989,#5990);
#5989 = CARTESIAN_POINT('',(-8.906588256775,0.604517261977,0.));
#5990 = VECTOR('',#5991,1.);
#5991 = DIRECTION('',(0.,0.,1.));
#5992 = ORIENTED_EDGE('',*,*,#5993,.F.);
#5993 = EDGE_CURVE('',#5898,#5986,#5994,.T.);
#5994 = B_SPLINE_CURVE_WITH_KNOTS('',3,(#5995,#5996,#5997,#5998,#5999,
    #6000,#6001,#6002,#6003,#6004,#6005,#6006,#6007,#6008,#6009,#6010,
    #6011,#6012,#6013,#6014,#6015,#6016),.UNSPECIFIED.,.F.,.F.,(4,1,1,1,
    1,1,1,1,1,1,1,1,1,1,1,1,1,1,1,4),(0.,0.175408275205,0.341335022231,
    0.497780241091,0.6447439318,0.782226094377,0.910226728846,
    1.028745835234,1.137783413579,1.237339463926,1.327413986336,
    1.408006980892,1.479118447709,1.540748386957,1.592896798895,
    1.635563683959,1.668749042956,1.692452877662,1.706675193405,
    1.711416027488),.UNSPECIFIED.);
#5995 = CARTESIAN_POINT('',(-10.40788389332,1.38778703812,0.));
#5996 = CARTESIAN_POINT('',(-10.36267552798,1.350708142276,0.));
#5997 = CARTESIAN_POINT('',(-10.27355876624,1.279932341812,0.));
#5998 = CARTESIAN_POINT('',(-10.14030450541,1.18101702258,0.));
#5999 = CARTESIAN_POINT('',(-10.01169516918,1.091890662075,0.));
#6000 = CARTESIAN_POINT('',(-9.888218826452,1.012143976867,0.));
#6001 = CARTESIAN_POINT('',(-9.770341711615,0.94134130448,0.));
#6002 = CARTESIAN_POINT('',(-9.658506923513,0.87902812063,0.));
#6003 = CARTESIAN_POINT('',(-9.553133726996,0.824730497911,0.));
#6004 = CARTESIAN_POINT('',(-9.454616761991,0.777956565702,0.));
#6005 = CARTESIAN_POINT('',(-9.363325329825,0.738197534062,0.));
#6006 = CARTESIAN_POINT('',(-9.279602720379,0.704928818485,0.));
#6007 = CARTESIAN_POINT('',(-9.203765579315,0.677611299778,0.));
#6008 = CARTESIAN_POINT('',(-9.136103350866,0.655692185503,0.));
#6009 = CARTESIAN_POINT('',(-9.076877682185,0.63860723136,0.));
#6010 = CARTESIAN_POINT('',(-9.02632214028,0.625778955255,0.));
#6011 = CARTESIAN_POINT('',(-8.984641207843,0.616626685778,0.));
#6012 = CARTESIAN_POINT('',(-8.952011470739,0.610543834188,0.));
#6013 = CARTESIAN_POINT('',(-8.928577256922,0.606960937079,0.));
#6014 = CARTESIAN_POINT('',(-8.91445924814,0.605210608284,0.));
#6015 = CARTESIAN_POINT('',(-8.908163551314,0.604644832714,0.));
#6016 = CARTESIAN_POINT('',(-8.906588256775,0.604517261977,0.));
#6017 = SURFACE_OF_LINEAR_EXTRUSION('',#6018,#6041);
#6018 = B_SPLINE_CURVE_WITH_KNOTS('',3,(#6019,#6020,#6021,#6022,#6023,
    #6024,#6025,#6026,#6027,#6028,#6029,#6030,#6031,#6032,#6033,#6034,
    #6035,#6036,#6037,#6038,#6039,#6040),.UNSPECIFIED.,.F.,.F.,(4,1,1,1,
    1,1,1,1,1,1,1,1,1,1,1,1,1,1,1,4),(0.,0.175408275205,0.341335022231,
    0.497780241091,0.6447439318,0.782226094377,0.910226728846,
    1.028745835234,1.137783413579,1.237339463926,1.327413986336,
    1.408006980892,1.479118447709,1.540748386957,1.592896798895,
    1.635563683959,1.668749042956,1.692452877662,1.706675193405,
    1.711416027488),.UNSPECIFIED.);
#6019 = CARTESIAN_POINT('',(-10.40788389332,1.38778703812,0.));
#6020 = CARTESIAN_POINT('',(-10.36267552798,1.350708142276,0.));
#6021 = CARTESIAN_POINT('',(-10.27355876624,1.279932341812,0.));
#6022 = CARTESIAN_POINT('',(-10.14030450541,1.18101702258,0.));
#6023 = CARTESIAN_POINT('',(-10.01169516918,1.091890662075,0.));
#6024 = CARTESIAN_POINT('',(-9.888218826452,1.012143976867,0.));
#6025 = CARTESIAN_POINT('',(-9.770341711615,0.94134130448,0.));
#6026 = CARTESIAN_POINT('',(-9.658506923513,0.87902812063,0.));
#6027 = CARTESIAN_POINT('',(-9.553133726996,0.824730497911,0.));
#6028 = CARTESIAN_POINT('',(-9.454616761991,0.777956565702,0.));
#6029 = CARTESIAN_POINT('',(-9.363325329825,0.738197534062,0.));
#6030 = CARTESIAN_POINT('',(-9.279602720379,0.704928818485,0.));
#6031 = CARTESIAN_POINT('',(-9.203765579315,0.677611299778,0.));
#6032 = CARTESIAN_POINT('',(-9.136103350866,0.655692185503,0.));
#6033 = CARTESIAN_POINT('',(-9.076877682185,0.63860723136,0.));
#6034 = CARTESIAN_POINT('',(-9.02632214028,0.625778955255,0.));
#6035 = CARTESIAN_POINT('',(-8.984641207843,0.616626685778,0.));
#6036 = CARTESIAN_POINT('',(-8.952011470739,0.610543834188,0.));
#6037 = CARTESIAN_POINT('',(-8.928577256922,0.606960937079,0.));
#6038 = CARTESIAN_POINT('',(-8.91445924814,0.605210608284,0.));
#6039 = CARTESIAN_POINT('',(-8.908163551314,0.604644832714,0.));
#6040 = CARTESIAN_POINT('',(-8.906588256775,0.604517261977,0.));
#6041 = VECTOR('',#6042,1.);
#6042 = DIRECTION('',(-0.,-0.,-1.));
#6043 = ADVANCED_FACE('',(#6044),#6061,.F.);
#6044 = FACE_BOUND('',#6045,.F.);
#6045 = EDGE_LOOP('',(#6046,#6054,#6055,#6056));
#6046 = ORIENTED_EDGE('',*,*,#6047,.T.);
#6047 = EDGE_CURVE('',#6048,#918,#6050,.T.);
#6048 = VERTEX_POINT('',#6049);
#6049 = CARTESIAN_POINT('',(-8.231062560474,-0.558667276264,0.));
#6050 = LINE('',#6051,#6052);
#6051 = CARTESIAN_POINT('',(-8.231062560474,-0.558667276264,0.));
#6052 = VECTOR('',#6053,1.);
#6053 = DIRECTION('',(0.,0.,1.));
#6054 = ORIENTED_EDGE('',*,*,#924,.T.);
#6055 = ORIENTED_EDGE('',*,*,#5919,.F.);
#6056 = ORIENTED_EDGE('',*,*,#6057,.F.);
#6057 = EDGE_CURVE('',#6048,#5920,#6058,.T.);
#6058 = B_SPLINE_CURVE_WITH_KNOTS('',1,(#6059,#6060),.UNSPECIFIED.,.F.,
  .F.,(2,2),(0.,0.677079897466),.PIECEWISE_BEZIER_KNOTS.);
#6059 = CARTESIAN_POINT('',(-8.231062560474,-0.558667276264,0.));
#6060 = CARTESIAN_POINT('',(-8.906588256775,-0.604517261977,0.));
#6061 = SURFACE_OF_LINEAR_EXTRUSION('',#6062,#6065);
#6062 = B_SPLINE_CURVE_WITH_KNOTS('',1,(#6063,#6064),.UNSPECIFIED.,.F.,
  .F.,(2,2),(0.,0.677079897466),.PIECEWISE_BEZIER_KNOTS.);
#6063 = CARTESIAN_POINT('',(-8.231062560474,-0.558667276264,0.));
#6064 = CARTESIAN_POINT('',(-8.906588256775,-0.604517261977,0.));
#6065 = VECTOR('',#6066,1.);
#6066 = DIRECTION('',(-0.,-0.,-1.));
#6067 = ADVANCED_FACE('',(#6068),#6085,.F.);
#6068 = FACE_BOUND('',#6069,.F.);
#6069 = EDGE_LOOP('',(#6070,#6071,#6072,#6080));
#6070 = ORIENTED_EDGE('',*,*,#5985,.T.);
#6071 = ORIENTED_EDGE('',*,*,#910,.T.);
#6072 = ORIENTED_EDGE('',*,*,#6073,.F.);
#6073 = EDGE_CURVE('',#6074,#911,#6076,.T.);
#6074 = VERTEX_POINT('',#6075);
#6075 = CARTESIAN_POINT('',(-8.231062560474,0.558667276264,0.));
#6076 = LINE('',#6077,#6078);
#6077 = CARTESIAN_POINT('',(-8.231062560474,0.558667276264,0.));
#6078 = VECTOR('',#6079,1.);
#6079 = DIRECTION('',(0.,0.,1.));
#6080 = ORIENTED_EDGE('',*,*,#6081,.F.);
#6081 = EDGE_CURVE('',#5986,#6074,#6082,.T.);
#6082 = B_SPLINE_CURVE_WITH_KNOTS('',1,(#6083,#6084),.UNSPECIFIED.,.F.,
  .F.,(2,2),(0.,0.677079897466),.PIECEWISE_BEZIER_KNOTS.);
#6083 = CARTESIAN_POINT('',(-8.906588256775,0.604517261977,0.));
#6084 = CARTESIAN_POINT('',(-8.231062560474,0.558667276264,0.));
#6085 = SURFACE_OF_LINEAR_EXTRUSION('',#6086,#6089);
#6086 = B_SPLINE_CURVE_WITH_KNOTS('',1,(#6087,#6088),.UNSPECIFIED.,.F.,
  .F.,(2,2),(0.,0.677079897466),.PIECEWISE_BEZIER_KNOTS.);
#6087 = CARTESIAN_POINT('',(-8.906588256775,0.604517261977,0.));
#6088 = CARTESIAN_POINT('',(-8.231062560474,0.558667276264,0.));
#6089 = VECTOR('',#6090,1.);
#6090 = DIRECTION('',(-0.,-0.,-1.));
#6091 = ADVANCED_FACE('',(#6092),#6102,.F.);
#6092 = FACE_BOUND('',#6093,.F.);
#6093 = EDGE_LOOP('',(#6094,#6095,#6096,#6097));
#6094 = ORIENTED_EDGE('',*,*,#6073,.T.);
#6095 = ORIENTED_EDGE('',*,*,#917,.T.);
#6096 = ORIENTED_EDGE('',*,*,#6047,.F.);
#6097 = ORIENTED_EDGE('',*,*,#6098,.F.);
#6098 = EDGE_CURVE('',#6074,#6048,#6099,.T.);
#6099 = B_SPLINE_CURVE_WITH_KNOTS('',1,(#6100,#6101),.UNSPECIFIED.,.F.,
  .F.,(2,2),(0.,1.117334552529),.PIECEWISE_BEZIER_KNOTS.);
#6100 = CARTESIAN_POINT('',(-8.231062560474,0.558667276264,0.));
#6101 = CARTESIAN_POINT('',(-8.231062560474,-0.558667276264,0.));
#6102 = SURFACE_OF_LINEAR_EXTRUSION('',#6103,#6106);
#6103 = B_SPLINE_CURVE_WITH_KNOTS('',1,(#6104,#6105),.UNSPECIFIED.,.F.,
  .F.,(2,2),(0.,1.117334552529),.PIECEWISE_BEZIER_KNOTS.);
#6104 = CARTESIAN_POINT('',(-8.231062560474,0.558667276264,0.));
#6105 = CARTESIAN_POINT('',(-8.231062560474,-0.558667276264,0.));
#6106 = VECTOR('',#6107,1.);
#6107 = DIRECTION('',(-0.,-0.,-1.));
#6108 = ADVANCED_FACE('',(#6109,#6225),#6228,.F.);
#6109 = FACE_BOUND('',#6110,.F.);
#6110 = EDGE_LOOP('',(#6111,#6112,#6113,#6114,#6115,#6116,#6117,#6118,
    #6119,#6120,#6121,#6122,#6123,#6124,#6125,#6126,#6127,#6128,#6129,
    #6130,#6131,#6132,#6133,#6134,#6135,#6136,#6137,#6138,#6139,#6140,
    #6141,#6142,#6143,#6144,#6145,#6146,#6147,#6148,#6149,#6150,#6151,
    #6152,#6153,#6154,#6155,#6156,#6157,#6158,#6159,#6160,#6161,#6162,
    #6163,#6164,#6165,#6166,#6167,#6168,#6169,#6170,#6171,#6172,#6173,
    #6174,#6175,#6176,#6177,#6178,#6179,#6180,#6181,#6182,#6183,#6184,
    #6185,#6186,#6187,#6188,#6189,#6190,#6191,#6192,#6193,#6194,#6195,
    #6196,#6197,#6198,#6199,#6200,#6201,#6202,#6203,#6204,#6205,#6206,
    #6207,#6208,#6209,#6210,#6211,#6212,#6213,#6214,#6215,#6216,#6217,
    #6218,#6219,#6220,#6221,#6222,#6223,#6224));
#6111 = ORIENTED_EDGE('',*,*,#1873,.T.);
#6112 = ORIENTED_EDGE('',*,*,#1961,.T.);
#6113 = ORIENTED_EDGE('',*,*,#2049,.T.);
#6114 = ORIENTED_EDGE('',*,*,#2097,.T.);
#6115 = ORIENTED_EDGE('',*,*,#2145,.T.);
#6116 = ORIENTED_EDGE('',*,*,#2233,.T.);
#6117 = ORIENTED_EDGE('',*,*,#2321,.T.);
#6118 = ORIENTED_EDGE('',*,*,#2409,.T.);
#6119 = ORIENTED_EDGE('',*,*,#2497,.T.);
#6120 = ORIENTED_EDGE('',*,*,#2545,.T.);
#6121 = ORIENTED_EDGE('',*,*,#2593,.T.);
#6122 = ORIENTED_EDGE('',*,*,#2681,.T.);
#6123 = ORIENTED_EDGE('',*,*,#2769,.T.);
#6124 = ORIENTED_EDGE('',*,*,#2857,.T.);
#6125 = ORIENTED_EDGE('',*,*,#2945,.T.);
#6126 = ORIENTED_EDGE('',*,*,#2993,.T.);
#6127 = ORIENTED_EDGE('',*,*,#3041,.T.);
#6128 = ORIENTED_EDGE('',*,*,#3129,.T.);
#6129 = ORIENTED_EDGE('',*,*,#3217,.T.);
#6130 = ORIENTED_EDGE('',*,*,#3305,.T.);
#6131 = ORIENTED_EDGE('',*,*,#3393,.T.);
#6132 = ORIENTED_EDGE('',*,*,#3441,.T.);
#6133 = ORIENTED_EDGE('',*,*,#3489,.T.);
#6134 = ORIENTED_EDGE('',*,*,#3577,.T.);
#6135 = ORIENTED_EDGE('',*,*,#3665,.T.);
#6136 = ORIENTED_EDGE('',*,*,#3753,.T.);
#6137 = ORIENTED_EDGE('',*,*,#3841,.T.);
#6138 = ORIENTED_EDGE('',*,*,#3889,.T.);
#6139 = ORIENTED_EDGE('',*,*,#3937,.T.);
#6140 = ORIENTED_EDGE('',*,*,#4025,.T.);
#6141 = ORIENTED_EDGE('',*,*,#4113,.T.);
#6142 = ORIENTED_EDGE('',*,*,#4201,.T.);
#6143 = ORIENTED_EDGE('',*,*,#4289,.T.);
#6144 = ORIENTED_EDGE('',*,*,#4337,.T.);
#6145 = ORIENTED_EDGE('',*,*,#4385,.T.);
#6146 = ORIENTED_EDGE('',*,*,#4473,.T.);
#6147 = ORIENTED_EDGE('',*,*,#4561,.T.);
#6148 = ORIENTED_EDGE('',*,*,#4649,.T.);
#6149 = ORIENTED_EDGE('',*,*,#4737,.T.);
#6150 = ORIENTED_EDGE('',*,*,#4785,.T.);
#6151 = ORIENTED_EDGE('',*,*,#4833,.T.);
#6152 = ORIENTED_EDGE('',*,*,#4921,.T.);
#6153 = ORIENTED_EDGE('',*,*,#5009,.T.);
#6154 = ORIENTED_EDGE('',*,*,#5097,.T.);
#6155 = ORIENTED_EDGE('',*,*,#5185,.T.);
#6156 = ORIENTED_EDGE('',*,*,#5233,.T.);
#6157 = ORIENTED_EDGE('',*,*,#5281,.T.);
#6158 = ORIENTED_EDGE('',*,*,#5369,.T.);
#6159 = ORIENTED_EDGE('',*,*,#5457,.T.);
#6160 = ORIENTED_EDGE('',*,*,#5545,.T.);
#6161 = ORIENTED_EDGE('',*,*,#5633,.T.);
#6162 = ORIENTED_EDGE('',*,*,#5681,.T.);
#6163 = ORIENTED_EDGE('',*,*,#5729,.T.);
#6164 = ORIENTED_EDGE('',*,*,#5817,.T.);
#6165 = ORIENTED_EDGE('',*,*,#5905,.T.);
#6166 = ORIENTED_EDGE('',*,*,#5993,.T.);
#6167 = ORIENTED_EDGE('',*,*,#6081,.T.);
#6168 = ORIENTED_EDGE('',*,*,#6098,.T.);
#6169 = ORIENTED_EDGE('',*,*,#6057,.T.);
#6170 = ORIENTED_EDGE('',*,*,#5929,.T.);
#6171 = ORIENTED_EDGE('',*,*,#5881,.T.);
#6172 = ORIENTED_EDGE('',*,*,#5753,.T.);
#6173 = ORIENTED_EDGE('',*,*,#5705,.T.);
#6174 = ORIENTED_EDGE('',*,*,#5657,.T.);
#6175 = ORIENTED_EDGE('',*,*,#5609,.T.);
#6176 = ORIENTED_EDGE('',*,*,#5481,.T.);
#6177 = ORIENTED_EDGE('',*,*,#5433,.T.);
#6178 = ORIENTED_EDGE('',*,*,#5305,.T.);
#6179 = ORIENTED_EDGE('',*,*,#5257,.T.);
#6180 = ORIENTED_EDGE('',*,*,#5209,.T.);
#6181 = ORIENTED_EDGE('',*,*,#5161,.T.);
#6182 = ORIENTED_EDGE('',*,*,#5033,.T.);
#6183 = ORIENTED_EDGE('',*,*,#4985,.T.);
#6184 = ORIENTED_EDGE('',*,*,#4857,.T.);
#6185 = ORIENTED_EDGE('',*,*,#4809,.T.);
#6186 = ORIENTED_EDGE('',*,*,#4761,.T.);
#6187 = ORIENTED_EDGE('',*,*,#4713,.T.);
#6188 = ORIENTED_EDGE('',*,*,#4585,.T.);
#6189 = ORIENTED_EDGE('',*,*,#4537,.T.);
#6190 = ORIENTED_EDGE('',*,*,#4409,.T.);
#6191 = ORIENTED_EDGE('',*,*,#4361,.T.);
#6192 = ORIENTED_EDGE('',*,*,#4313,.T.);
#6193 = ORIENTED_EDGE('',*,*,#4265,.T.);
#6194 = ORIENTED_EDGE('',*,*,#4137,.T.);
#6195 = ORIENTED_EDGE('',*,*,#4089,.T.);
#6196 = ORIENTED_EDGE('',*,*,#3961,.T.);
#6197 = ORIENTED_EDGE('',*,*,#3913,.T.);
#6198 = ORIENTED_EDGE('',*,*,#3865,.T.);
#6199 = ORIENTED_EDGE('',*,*,#3817,.T.);
#6200 = ORIENTED_EDGE('',*,*,#3689,.T.);
#6201 = ORIENTED_EDGE('',*,*,#3641,.T.);
#6202 = ORIENTED_EDGE('',*,*,#3513,.T.);
#6203 = ORIENTED_EDGE('',*,*,#3465,.T.);
#6204 = ORIENTED_EDGE('',*,*,#3417,.T.);
#6205 = ORIENTED_EDGE('',*,*,#3369,.T.);
#6206 = ORIENTED_EDGE('',*,*,#3241,.T.);
#6207 = ORIENTED_EDGE('',*,*,#3193,.T.);
#6208 = ORIENTED_EDGE('',*,*,#3065,.T.);
#6209 = ORIENTED_EDGE('',*,*,#3017,.T.);
#6210 = ORIENTED_EDGE('',*,*,#2969,.T.);
#6211 = ORIENTED_EDGE('',*,*,#2921,.T.);
#6212 = ORIENTED_EDGE('',*,*,#2793,.T.);
#6213 = ORIENTED_EDGE('',*,*,#2745,.T.);
#6214 = ORIENTED_EDGE('',*,*,#2617,.T.);
#6215 = ORIENTED_EDGE('',*,*,#2569,.T.);
#6216 = ORIENTED_EDGE('',*,*,#2521,.T.);
#6217 = ORIENTED_EDGE('',*,*,#2473,.T.);
#6218 = ORIENTED_EDGE('',*,*,#2345,.T.);
#6219 = ORIENTED_EDGE('',*,*,#2297,.T.);
#6220 = ORIENTED_EDGE('',*,*,#2169,.T.);
#6221 = ORIENTED_EDGE('',*,*,#2121,.T.);
#6222 = ORIENTED_EDGE('',*,*,#2073,.T.);
#6223 = ORIENTED_EDGE('',*,*,#2025,.T.);
#6224 = ORIENTED_EDGE('',*,*,#1897,.T.);
#6225 = FACE_BOUND('',#6226,.F.);
#6226 = EDGE_LOOP('',(#6227));
#6227 = ORIENTED_EDGE('',*,*,#1837,.F.);
#6228 = PLANE('',#6229);
#6229 = AXIS2_PLACEMENT_3D('',#6230,#6231,#6232);
#6230 = CARTESIAN_POINT('',(9.4E-16,4.4E-15,0.));
#6231 = DIRECTION('',(0.,0.,1.));
#6232 = DIRECTION('',(1.,0.,0.));
#6233 = ( GEOMETRIC_REPRESENTATION_CONTEXT(3) 
GLOBAL_UNCERTAINTY_ASSIGNED_CONTEXT((#6237)) 
GLOBAL_UNIT_ASSIGNED_CONTEXT((#6234,#6235,#6236)) REPRESENTATION_CONTEXT
('Context #1','3D Context with UNIT and UNCERTAINTY') );
#6234 = ( LENGTH_UNIT() NAMED_UNIT(*) SI_UNIT(.MILLI.,.METRE.) );
#6235 = ( NAMED_UNIT(*) PLANE_ANGLE_UNIT() SI_UNIT($,.RADIAN.) );
#6236 = ( NAMED_UNIT(*) SI_UNIT($,.STERADIAN.) SOLID_ANGLE_UNIT() );
#6237 = UNCERTAINTY_MEASURE_WITH_UNIT(LENGTH_MEASURE(1.E-07),#6234,
  'distance_accuracy_value','confusion accuracy');
#6238 = PRODUCT_RELATED_PRODUCT_CATEGORY('part',$,(#7));
ENDSEC;
END-ISO-10303-21;
