ISO-10303-21;
HEADER;
FILE_DESCRIPTION(('FreeCAD Model'),'2;1');
FILE_NAME('Open CASCADE Shape Model','2026-08-28T13:04:04',('FreeCAD'),(
    'FreeCAD'),'Open CASCADE STEP processor 7.8','FreeCAD','Unknown');
FILE_SCHEMA(('AUTOMOTIVE_DESIGN { 1 0 10303 214 1 1 1 1 }'));
ENDSEC;
DATA;
#1 = APPLICATION_PROTOCOL_DEFINITION('international standard',
  'automotive_design',2000,#2);
#2 = APPLICATION_CONTEXT(
  'core data for automotive mechanical design processes');
#3 = SHAPE_DEFINITION_REPRESENTATION(#4,#10);
#4 = PRODUCT_DEFINITION_SHAPE('','',#5);
#5 = PRODUCT_DEFINITION('design','',#6,#9);
#6 = PRODUCT_DEFINITION_FORMATION('','',#7);
#7 = PRODUCT('Open CASCADE STEP translator 7.8 43',
  'Open CASCADE STEP translator 7.8 43','',(#8));
#8 = PRODUCT_CONTEXT('',#2,'mechanical');
#9 = PRODUCT_DEFINITION_CONTEXT('part definition',#2,'design');
#10 = ADVANCED_BREP_SHAPE_REPRESENTATION('',(#11,#15),#4874);
#11 = AXIS2_PLACEMENT_3D('',#12,#13,#14);
#12 = CARTESIAN_POINT('',(0.,0.,0.));
#13 = DIRECTION('',(0.,0.,1.));
#14 = DIRECTION('',(1.,0.,-0.));
#15 = MANIFOLD_SOLID_BREP('',#16);
#16 = CLOSED_SHELL('',(#17,#59,#111,#146,#191,#219,#244,#258,#330,#416,
    #433,#1466,#1486,#1518,#1543,#1568,#1593,#1619,#1649,#1675,#1701,
    #1727,#1757,#1783,#1809,#1835,#1865,#1891,#1917,#1943,#1973,#1999,
    #2025,#2051,#2081,#2107,#2133,#2159,#2189,#2215,#2241,#2267,#2297,
    #2323,#2349,#2375,#2405,#2431,#2457,#2483,#2513,#2539,#2565,#2591,
    #2621,#2647,#2673,#2699,#2729,#2755,#2781,#2807,#2837,#2863,#2889,
    #2915,#2945,#2971,#2997,#3023,#3053,#3079,#3105,#3131,#3161,#3187,
    #3213,#3239,#3269,#3295,#3321,#3347,#3377,#3403,#3429,#3455,#3485,
    #3511,#3537,#3563,#3593,#3619,#3645,#3671,#3701,#3727,#3753,#3779,
    #3809,#3835,#3861,#3887,#3917,#3943,#3969,#3995,#4025,#4051,#4077,
    #4103,#4133,#4159,#4185,#4211,#4241,#4267,#4293,#4319,#4349,#4375,
    #4401,#4427,#4457,#4483,#4509,#4535,#4565,#4591,#4617,#4643,#4673,
    #4699,#4718,#4743));
#17 = ADVANCED_FACE('',(#18),#54,.T.);
#18 = FACE_BOUND('',#19,.F.);
#19 = EDGE_LOOP('',(#20,#31,#39,#48));
#20 = ORIENTED_EDGE('',*,*,#21,.F.);
#21 = EDGE_CURVE('',#22,#24,#26,.T.);
#22 = VERTEX_POINT('',#23);
#23 = CARTESIAN_POINT('',(-3.122498999199,-9.5,72.));
#24 = VERTEX_POINT('',#25);
#25 = CARTESIAN_POINT('',(-3.122498999199,9.5,72.));
#26 = CIRCLE('',#27,10.);
#27 = AXIS2_PLACEMENT_3D('',#28,#29,#30);
#28 = CARTESIAN_POINT('',(0.,0.,72.));
#29 = DIRECTION('',(0.,0.,-1.));
#30 = DIRECTION('',(1.,0.,0.));
#31 = ORIENTED_EDGE('',*,*,#32,.F.);
#32 = EDGE_CURVE('',#33,#22,#35,.T.);
#33 = VERTEX_POINT('',#34);
#34 = CARTESIAN_POINT('',(-3.122498999199,-9.5,62.));
#35 = LINE('',#36,#37);
#36 = CARTESIAN_POINT('',(-3.122498999199,-9.5,72.));
#37 = VECTOR('',#38,1.);
#38 = DIRECTION('',(0.,0.,1.));
#39 = ORIENTED_EDGE('',*,*,#40,.T.);
#40 = EDGE_CURVE('',#33,#41,#43,.T.);
#41 = VERTEX_POINT('',#42);
#42 = CARTESIAN_POINT('',(-3.122498999199,9.5,62.));
#43 = CIRCLE('',#44,10.);
#44 = AXIS2_PLACEMENT_3D('',#45,#46,#47);
#45 = CARTESIAN_POINT('',(0.,0.,62.));
#46 = DIRECTION('',(0.,0.,-1.));
#47 = DIRECTION('',(1.,0.,0.));
#48 = ORIENTED_EDGE('',*,*,#49,.T.);
#49 = EDGE_CURVE('',#41,#24,#50,.T.);
#50 = LINE('',#51,#52);
#51 = CARTESIAN_POINT('',(-3.122498999199,9.5,72.));
#52 = VECTOR('',#53,1.);
#53 = DIRECTION('',(0.,0.,1.));
#54 = CYLINDRICAL_SURFACE('',#55,10.);
#55 = AXIS2_PLACEMENT_3D('',#56,#57,#58);
#56 = CARTESIAN_POINT('',(0.,0.,72.));
#57 = DIRECTION('',(0.,0.,1.));
#58 = DIRECTION('',(1.,0.,0.));
#59 = ADVANCED_FACE('',(#60,#71),#106,.T.);
#60 = FACE_BOUND('',#61,.T.);
#61 = EDGE_LOOP('',(#62));
#62 = ORIENTED_EDGE('',*,*,#63,.T.);
#63 = EDGE_CURVE('',#64,#64,#66,.T.);
#64 = VERTEX_POINT('',#65);
#65 = CARTESIAN_POINT('',(17.,0.,72.));
#66 = CIRCLE('',#67,17.);
#67 = AXIS2_PLACEMENT_3D('',#68,#69,#70);
#68 = CARTESIAN_POINT('',(0.,0.,72.));
#69 = DIRECTION('',(0.,0.,-1.));
#70 = DIRECTION('',(1.,0.,0.));
#71 = FACE_BOUND('',#72,.T.);
#72 = EDGE_LOOP('',(#73,#84,#90,#91,#99));
#73 = ORIENTED_EDGE('',*,*,#74,.F.);
#74 = EDGE_CURVE('',#75,#77,#79,.T.);
#75 = VERTEX_POINT('',#76);
#76 = CARTESIAN_POINT('',(3.1224989992,9.5,72.));
#77 = VERTEX_POINT('',#78);
#78 = CARTESIAN_POINT('',(10.,0.,72.));
#79 = CIRCLE('',#80,10.);
#80 = AXIS2_PLACEMENT_3D('',#81,#82,#83);
#81 = CARTESIAN_POINT('',(0.,0.,72.));
#82 = DIRECTION('',(0.,0.,-1.));
#83 = DIRECTION('',(1.,0.,0.));
#84 = ORIENTED_EDGE('',*,*,#85,.F.);
#85 = EDGE_CURVE('',#24,#75,#86,.T.);
#86 = LINE('',#87,#88);
#87 = CARTESIAN_POINT('',(-11.57271065246,9.5,72.));
#88 = VECTOR('',#89,1.);
#89 = DIRECTION('',(1.,0.,0.));
#90 = ORIENTED_EDGE('',*,*,#21,.F.);
#91 = ORIENTED_EDGE('',*,*,#92,.F.);
#92 = EDGE_CURVE('',#93,#22,#95,.T.);
#93 = VERTEX_POINT('',#94);
#94 = CARTESIAN_POINT('',(3.1224989992,-9.5,72.));
#95 = LINE('',#96,#97);
#96 = CARTESIAN_POINT('',(11.572710652469,-9.5,72.));
#97 = VECTOR('',#98,1.);
#98 = DIRECTION('',(-1.,0.,0.));
#99 = ORIENTED_EDGE('',*,*,#100,.F.);
#100 = EDGE_CURVE('',#77,#93,#101,.T.);
#101 = CIRCLE('',#102,10.);
#102 = AXIS2_PLACEMENT_3D('',#103,#104,#105);
#103 = CARTESIAN_POINT('',(0.,0.,72.));
#104 = DIRECTION('',(0.,0.,-1.));
#105 = DIRECTION('',(1.,0.,0.));
#106 = PLANE('',#107);
#107 = AXIS2_PLACEMENT_3D('',#108,#109,#110);
#108 = CARTESIAN_POINT('',(-1.61E-15,6.9E-16,72.));
#109 = DIRECTION('',(-0.,-0.,-1.));
#110 = DIRECTION('',(-1.,0.,0.));
#111 = ADVANCED_FACE('',(#112,#130),#141,.T.);
#112 = FACE_BOUND('',#113,.T.);
#113 = EDGE_LOOP('',(#114,#122,#123,#124));
#114 = ORIENTED_EDGE('',*,*,#115,.F.);
#115 = EDGE_CURVE('',#41,#116,#118,.T.);
#116 = VERTEX_POINT('',#117);
#117 = CARTESIAN_POINT('',(3.1224989992,9.5,62.));
#118 = LINE('',#119,#120);
#119 = CARTESIAN_POINT('',(-11.57271065246,9.5,62.));
#120 = VECTOR('',#121,1.);
#121 = DIRECTION('',(1.,0.,0.));
#122 = ORIENTED_EDGE('',*,*,#49,.T.);
#123 = ORIENTED_EDGE('',*,*,#85,.T.);
#124 = ORIENTED_EDGE('',*,*,#125,.F.);
#125 = EDGE_CURVE('',#116,#75,#126,.T.);
#126 = LINE('',#127,#128);
#127 = CARTESIAN_POINT('',(3.122498999199,9.5,72.));
#128 = VECTOR('',#129,1.);
#129 = DIRECTION('',(0.,0.,1.));
#130 = FACE_BOUND('',#131,.T.);
#131 = EDGE_LOOP('',(#132));
#132 = ORIENTED_EDGE('',*,*,#133,.F.);
#133 = EDGE_CURVE('',#134,#134,#136,.T.);
#134 = VERTEX_POINT('',#135);
#135 = CARTESIAN_POINT('',(-1.4,9.5,69.));
#136 = CIRCLE('',#137,1.4);
#137 = AXIS2_PLACEMENT_3D('',#138,#139,#140);
#138 = CARTESIAN_POINT('',(0.,9.5,69.));
#139 = DIRECTION('',(0.,1.,-0.));
#140 = DIRECTION('',(-1.,0.,0.));
#141 = PLANE('',#142);
#142 = AXIS2_PLACEMENT_3D('',#143,#144,#145);
#143 = CARTESIAN_POINT('',(-11.57271065246,9.5,62.));
#144 = DIRECTION('',(0.,1.,0.));
#145 = DIRECTION('',(1.,0.,0.));
#146 = ADVANCED_FACE('',(#147,#175),#186,.F.);
#147 = FACE_BOUND('',#148,.F.);
#148 = EDGE_LOOP('',(#149,#160,#167,#168,#169));
#149 = ORIENTED_EDGE('',*,*,#150,.F.);
#150 = EDGE_CURVE('',#151,#153,#155,.T.);
#151 = VERTEX_POINT('',#152);
#152 = CARTESIAN_POINT('',(10.,0.,62.));
#153 = VERTEX_POINT('',#154);
#154 = CARTESIAN_POINT('',(3.1224989992,-9.5,62.));
#155 = CIRCLE('',#156,10.);
#156 = AXIS2_PLACEMENT_3D('',#157,#158,#159);
#157 = CARTESIAN_POINT('',(0.,0.,62.));
#158 = DIRECTION('',(0.,0.,-1.));
#159 = DIRECTION('',(1.,0.,0.));
#160 = ORIENTED_EDGE('',*,*,#161,.F.);
#161 = EDGE_CURVE('',#116,#151,#162,.T.);
#162 = CIRCLE('',#163,10.);
#163 = AXIS2_PLACEMENT_3D('',#164,#165,#166);
#164 = CARTESIAN_POINT('',(0.,0.,62.));
#165 = DIRECTION('',(0.,0.,-1.));
#166 = DIRECTION('',(1.,0.,0.));
#167 = ORIENTED_EDGE('',*,*,#115,.F.);
#168 = ORIENTED_EDGE('',*,*,#40,.F.);
#169 = ORIENTED_EDGE('',*,*,#170,.F.);
#170 = EDGE_CURVE('',#153,#33,#171,.T.);
#171 = LINE('',#172,#173);
#172 = CARTESIAN_POINT('',(11.572710652469,-9.5,62.));
#173 = VECTOR('',#174,1.);
#174 = DIRECTION('',(-1.,0.,0.));
#175 = FACE_BOUND('',#176,.F.);
#176 = EDGE_LOOP('',(#177));
#177 = ORIENTED_EDGE('',*,*,#178,.T.);
#178 = EDGE_CURVE('',#179,#179,#181,.T.);
#179 = VERTEX_POINT('',#180);
#180 = CARTESIAN_POINT('',(6.,0.,62.));
#181 = CIRCLE('',#182,6.);
#182 = AXIS2_PLACEMENT_3D('',#183,#184,#185);
#183 = CARTESIAN_POINT('',(0.,0.,62.));
#184 = DIRECTION('',(0.,0.,-1.));
#185 = DIRECTION('',(1.,0.,0.));
#186 = PLANE('',#187);
#187 = AXIS2_PLACEMENT_3D('',#188,#189,#190);
#188 = CARTESIAN_POINT('',(-5.5E-16,-1.4E-16,62.));
#189 = DIRECTION('',(0.,0.,1.));
#190 = DIRECTION('',(1.,0.,0.));
#191 = ADVANCED_FACE('',(#192,#203),#214,.T.);
#192 = FACE_BOUND('',#193,.T.);
#193 = EDGE_LOOP('',(#194,#195,#201,#202));
#194 = ORIENTED_EDGE('',*,*,#170,.F.);
#195 = ORIENTED_EDGE('',*,*,#196,.T.);
#196 = EDGE_CURVE('',#153,#93,#197,.T.);
#197 = LINE('',#198,#199);
#198 = CARTESIAN_POINT('',(3.122498999199,-9.5,72.));
#199 = VECTOR('',#200,1.);
#200 = DIRECTION('',(0.,0.,1.));
#201 = ORIENTED_EDGE('',*,*,#92,.T.);
#202 = ORIENTED_EDGE('',*,*,#32,.F.);
#203 = FACE_BOUND('',#204,.T.);
#204 = EDGE_LOOP('',(#205));
#205 = ORIENTED_EDGE('',*,*,#206,.T.);
#206 = EDGE_CURVE('',#207,#207,#209,.T.);
#207 = VERTEX_POINT('',#208);
#208 = CARTESIAN_POINT('',(-1.4,-9.5,69.));
#209 = CIRCLE('',#210,1.4);
#210 = AXIS2_PLACEMENT_3D('',#211,#212,#213);
#211 = CARTESIAN_POINT('',(0.,-9.5,69.));
#212 = DIRECTION('',(0.,1.,-2.2E-16));
#213 = DIRECTION('',(-1.,0.,0.));
#214 = PLANE('',#215);
#215 = AXIS2_PLACEMENT_3D('',#216,#217,#218);
#216 = CARTESIAN_POINT('',(11.572710652469,-9.5,62.));
#217 = DIRECTION('',(0.,-1.,0.));
#218 = DIRECTION('',(-1.,0.,0.));
#219 = ADVANCED_FACE('',(#220),#239,.T.);
#220 = FACE_BOUND('',#221,.F.);
#221 = EDGE_LOOP('',(#222,#230,#231,#232));
#222 = ORIENTED_EDGE('',*,*,#223,.T.);
#223 = EDGE_CURVE('',#224,#64,#226,.T.);
#224 = VERTEX_POINT('',#225);
#225 = CARTESIAN_POINT('',(17.,0.,74.));
#226 = LINE('',#227,#228);
#227 = CARTESIAN_POINT('',(17.,0.,74.));
#228 = VECTOR('',#229,1.);
#229 = DIRECTION('',(0.,0.,-1.));
#230 = ORIENTED_EDGE('',*,*,#63,.T.);
#231 = ORIENTED_EDGE('',*,*,#223,.F.);
#232 = ORIENTED_EDGE('',*,*,#233,.F.);
#233 = EDGE_CURVE('',#224,#224,#234,.T.);
#234 = CIRCLE('',#235,17.);
#235 = AXIS2_PLACEMENT_3D('',#236,#237,#238);
#236 = CARTESIAN_POINT('',(0.,0.,74.));
#237 = DIRECTION('',(0.,0.,-1.));
#238 = DIRECTION('',(1.,0.,0.));
#239 = CYLINDRICAL_SURFACE('',#240,17.);
#240 = AXIS2_PLACEMENT_3D('',#241,#242,#243);
#241 = CARTESIAN_POINT('',(0.,0.,74.));
#242 = DIRECTION('',(0.,0.,1.));
#243 = DIRECTION('',(1.,0.,0.));
#244 = ADVANCED_FACE('',(#245),#253,.T.);
#245 = FACE_BOUND('',#246,.F.);
#246 = EDGE_LOOP('',(#247,#248,#249,#250,#251,#252));
#247 = ORIENTED_EDGE('',*,*,#196,.T.);
#248 = ORIENTED_EDGE('',*,*,#100,.F.);
#249 = ORIENTED_EDGE('',*,*,#74,.F.);
#250 = ORIENTED_EDGE('',*,*,#125,.F.);
#251 = ORIENTED_EDGE('',*,*,#161,.T.);
#252 = ORIENTED_EDGE('',*,*,#150,.T.);
#253 = CYLINDRICAL_SURFACE('',#254,10.);
#254 = AXIS2_PLACEMENT_3D('',#255,#256,#257);
#255 = CARTESIAN_POINT('',(0.,0.,72.));
#256 = DIRECTION('',(0.,0.,1.));
#257 = DIRECTION('',(1.,0.,0.));
#258 = ADVANCED_FACE('',(#259),#325,.F.);
#259 = FACE_BOUND('',#260,.F.);
#260 = EDGE_LOOP('',(#261,#262,#270,#324));
#261 = ORIENTED_EDGE('',*,*,#133,.F.);
#262 = ORIENTED_EDGE('',*,*,#263,.T.);
#263 = EDGE_CURVE('',#134,#264,#266,.T.);
#264 = VERTEX_POINT('',#265);
#265 = CARTESIAN_POINT('',(-1.4,5.834380858326,69.));
#266 = LINE('',#267,#268);
#267 = CARTESIAN_POINT('',(-1.4,9.5,69.));
#268 = VECTOR('',#269,1.);
#269 = DIRECTION('',(0.,-1.,2.2E-16));
#270 = ORIENTED_EDGE('',*,*,#271,.T.);
#271 = EDGE_CURVE('',#264,#264,#272,.T.);
#272 = B_SPLINE_CURVE_WITH_KNOTS('',8,(#273,#274,#275,#276,#277,#278,
    #279,#280,#281,#282,#283,#284,#285,#286,#287,#288,#289,#290,#291,
    #292,#293,#294,#295,#296,#297,#298,#299,#300,#301,#302,#303,#304,
    #305,#306,#307,#308,#309,#310,#311,#312,#313,#314,#315,#316,#317,
    #318,#319,#320,#321,#322,#323),.UNSPECIFIED.,.T.,.F.,(9,7,7,7,7,7,7,
    9),(0.,0.151872516317,0.28710907784,0.42423187725,0.576732948249,
    0.705161927306,0.829669396021,1.),.UNSPECIFIED.);
#273 = CARTESIAN_POINT('',(-1.4,5.834380858326,69.));
#274 = CARTESIAN_POINT('',(-1.4,5.834380858326,69.147568078254));
#275 = CARTESIAN_POINT('',(-1.382223812411,5.838646255606,
    69.295134188206));
#276 = CARTESIAN_POINT('',(-1.346669815629,5.847178165521,
    69.441124705897));
#277 = CARTESIAN_POINT('',(-1.293142602612,5.859700874172,
    69.583882648324));
#278 = CARTESIAN_POINT('',(-1.22131729796,5.875652985943,69.721542339709
    ));
#279 = CARTESIAN_POINT('',(-1.130794076715,5.894140153298,
    69.851890151647));
#280 = CARTESIAN_POINT('',(-1.021199787882,5.913891895239,
    69.972160782311));
#281 = CARTESIAN_POINT('',(-0.777696678562,5.95051601576,70.173604073408
    ));
#282 = CARTESIAN_POINT('',(-0.644393573251,5.967974097393,
    70.260406329955));
#283 = CARTESIAN_POINT('',(-0.494554354792,5.983887532097,70.33233928088
    ));
#284 = CARTESIAN_POINT('',(-0.331816142579,5.996227324066,
    70.384435614723));
#285 = CARTESIAN_POINT('',(-0.160911127087,6.003264978227,70.41347960864
    ));
#286 = CARTESIAN_POINT('',(1.290161095766E-02,6.004233358193,
    70.417958451773));
#287 = CARTESIAN_POINT('',(0.184245268347,5.99941783992,70.398104075468)
  );
#288 = CARTESIAN_POINT('',(0.514372729365,5.980228988687,70.31334175012)
  );
#289 = CARTESIAN_POINT('',(0.668261856435,5.965995304618,70.249013086045
    ));
#290 = CARTESIAN_POINT('',(0.807890076374,5.948640981534,70.166839450914
    ));
#291 = CARTESIAN_POINT('',(0.932078047398,5.929766483455,70.070176242712
    ));
#292 = CARTESIAN_POINT('',(1.040158978213,5.910862502659,69.962068929892
    ));
#293 = CARTESIAN_POINT('',(1.131859813498,5.893167753663,69.845323856638
    ));
#294 = CARTESIAN_POINT('',(1.20725811246,5.877604379043,69.722534436578)
  );
#295 = CARTESIAN_POINT('',(1.332930510787,5.850459756311,69.455466995753
    ));
#296 = CARTESIAN_POINT('',(1.380715811277,5.839245335972,69.307608816715
    ));
#297 = CARTESIAN_POINT('',(1.409581353366,5.832083877298,69.154986604835
    ));
#298 = CARTESIAN_POINT('',(1.419234265303,5.829621515713,69.));
#299 = CARTESIAN_POINT('',(1.409581353366,5.832083877298,68.845013395165
    ));
#300 = CARTESIAN_POINT('',(1.380715811277,5.839245335972,68.692391183285
    ));
#301 = CARTESIAN_POINT('',(1.332930510787,5.850459756311,68.544533004247
    ));
#302 = CARTESIAN_POINT('',(1.211030499221,5.876789561973,68.285482293361
    ));
#303 = CARTESIAN_POINT('',(1.141469252909,5.891180917556,68.170500256913
    ));
#304 = CARTESIAN_POINT('',(1.057777321107,5.907446528553,68.060769008168
    ));
#305 = CARTESIAN_POINT('',(0.959845282032,5.924863145056,67.958280290275
    ));
#306 = CARTESIAN_POINT('',(0.847784864914,5.942473280139,67.865228814812
    ));
#307 = CARTESIAN_POINT('',(0.721975339592,5.959114504196,67.7840407649)
  );
#308 = CARTESIAN_POINT('',(0.583159198357,5.973500204006,67.717432795652
    ));
#309 = CARTESIAN_POINT('',(0.286684904191,5.994932963107,67.621102458051
    ));
#310 = CARTESIAN_POINT('',(0.131567622363,6.002057291974,67.590912777045
    ));
#311 = CARTESIAN_POINT('',(-2.869579045548E-02,6.004597956031,
    67.58083149066));
#312 = CARTESIAN_POINT('',(-0.189509304017,6.001890700629,
    67.592040864108));
#313 = CARTESIAN_POINT('',(-0.346139303382,5.994131985576,
    67.624133305776));
#314 = CARTESIAN_POINT('',(-0.49412610699,5.982353298811,67.675139211011
    ));
#315 = CARTESIAN_POINT('',(-0.629692068779,5.968101060476,
    67.741491208726));
#316 = CARTESIAN_POINT('',(-0.914958484988,5.932153202342,
    67.922526781394));
#317 = CARTESIAN_POINT('',(-1.055585616127,5.909134488958,
    68.048605297563));
#318 = CARTESIAN_POINT('',(-1.171668358703,5.886560945922,
    68.190069368582));
#319 = CARTESIAN_POINT('',(-1.263604714049,5.866586404011,
    68.342450742755));
#320 = CARTESIAN_POINT('',(-1.331977439781,5.850704736568,68.50225930914
    ));
#321 = CARTESIAN_POINT('',(-1.377319565965,5.839822688282,
    68.666668624773));
#322 = CARTESIAN_POINT('',(-1.4,5.834380858326,68.833317814864));
#323 = CARTESIAN_POINT('',(-1.4,5.834380858326,69.));
#324 = ORIENTED_EDGE('',*,*,#263,.F.);
#325 = CYLINDRICAL_SURFACE('',#326,1.4);
#326 = AXIS2_PLACEMENT_3D('',#327,#328,#329);
#327 = CARTESIAN_POINT('',(0.,9.5,69.));
#328 = DIRECTION('',(0.,1.,-2.2E-16));
#329 = DIRECTION('',(-1.,0.,0.));
#330 = ADVANCED_FACE('',(#331,#350,#408),#411,.F.);
#331 = FACE_BOUND('',#332,.F.);
#332 = EDGE_LOOP('',(#333,#341,#342,#343));
#333 = ORIENTED_EDGE('',*,*,#334,.F.);
#334 = EDGE_CURVE('',#179,#335,#337,.T.);
#335 = VERTEX_POINT('',#336);
#336 = CARTESIAN_POINT('',(6.,0.,83.));
#337 = LINE('',#338,#339);
#338 = CARTESIAN_POINT('',(6.,0.,62.));
#339 = VECTOR('',#340,1.);
#340 = DIRECTION('',(0.,0.,1.));
#341 = ORIENTED_EDGE('',*,*,#178,.F.);
#342 = ORIENTED_EDGE('',*,*,#334,.T.);
#343 = ORIENTED_EDGE('',*,*,#344,.T.);
#344 = EDGE_CURVE('',#335,#335,#345,.T.);
#345 = CIRCLE('',#346,6.);
#346 = AXIS2_PLACEMENT_3D('',#347,#348,#349);
#347 = CARTESIAN_POINT('',(0.,0.,83.));
#348 = DIRECTION('',(0.,0.,-1.));
#349 = DIRECTION('',(1.,0.,0.));
#350 = FACE_BOUND('',#351,.F.);
#351 = EDGE_LOOP('',(#352));
#352 = ORIENTED_EDGE('',*,*,#353,.T.);
#353 = EDGE_CURVE('',#354,#354,#356,.T.);
#354 = VERTEX_POINT('',#355);
#355 = CARTESIAN_POINT('',(-1.4,-5.834380858326,69.));
#356 = B_SPLINE_CURVE_WITH_KNOTS('',8,(#357,#358,#359,#360,#361,#362,
    #363,#364,#365,#366,#367,#368,#369,#370,#371,#372,#373,#374,#375,
    #376,#377,#378,#379,#380,#381,#382,#383,#384,#385,#386,#387,#388,
    #389,#390,#391,#392,#393,#394,#395,#396,#397,#398,#399,#400,#401,
    #402,#403,#404,#405,#406,#407),.UNSPECIFIED.,.T.,.F.,(9,7,7,7,7,7,7,
    9),(0.,0.151872516317,0.28710907784,0.424231877249,0.576732948249,
    0.705161927306,0.829669396021,1.),.UNSPECIFIED.);
#357 = CARTESIAN_POINT('',(-1.4,-5.834380858326,69.));
#358 = CARTESIAN_POINT('',(-1.4,-5.834380858326,69.147568078254));
#359 = CARTESIAN_POINT('',(-1.382223812411,-5.838646255606,
    69.295134188206));
#360 = CARTESIAN_POINT('',(-1.346669815629,-5.847178165521,
    69.441124705897));
#361 = CARTESIAN_POINT('',(-1.293142602612,-5.859700874172,
    69.583882648324));
#362 = CARTESIAN_POINT('',(-1.22131729796,-5.875652985943,
    69.721542339709));
#363 = CARTESIAN_POINT('',(-1.130794076715,-5.894140153298,
    69.851890151647));
#364 = CARTESIAN_POINT('',(-1.021199787882,-5.913891895239,
    69.972160782311));
#365 = CARTESIAN_POINT('',(-0.777696678562,-5.95051601576,
    70.173604073408));
#366 = CARTESIAN_POINT('',(-0.64439357325,-5.967974097393,
    70.260406329956));
#367 = CARTESIAN_POINT('',(-0.494554354794,-5.983887532097,
    70.332339280879));
#368 = CARTESIAN_POINT('',(-0.331816142577,-5.996227324066,
    70.384435614723));
#369 = CARTESIAN_POINT('',(-0.160911127088,-6.003264978227,
    70.41347960864));
#370 = CARTESIAN_POINT('',(1.290161095849E-02,-6.004233358193,
    70.417958451773));
#371 = CARTESIAN_POINT('',(0.184245268347,-5.99941783992,70.398104075469
    ));
#372 = CARTESIAN_POINT('',(0.514372729365,-5.980228988687,70.31334175012
    ));
#373 = CARTESIAN_POINT('',(0.668261856435,-5.965995304618,
    70.249013086045));
#374 = CARTESIAN_POINT('',(0.807890076375,-5.948640981534,
    70.166839450914));
#375 = CARTESIAN_POINT('',(0.932078047398,-5.929766483455,
    70.070176242712));
#376 = CARTESIAN_POINT('',(1.040158978213,-5.910862502659,
    69.962068929892));
#377 = CARTESIAN_POINT('',(1.131859813498,-5.893167753663,
    69.845323856638));
#378 = CARTESIAN_POINT('',(1.20725811246,-5.877604379043,69.722534436578
    ));
#379 = CARTESIAN_POINT('',(1.332930510787,-5.850459756311,
    69.455466995753));
#380 = CARTESIAN_POINT('',(1.380715811277,-5.839245335972,
    69.307608816715));
#381 = CARTESIAN_POINT('',(1.409581353366,-5.832083877298,
    69.154986604835));
#382 = CARTESIAN_POINT('',(1.419234265303,-5.829621515713,69.));
#383 = CARTESIAN_POINT('',(1.409581353366,-5.832083877298,
    68.845013395165));
#384 = CARTESIAN_POINT('',(1.380715811277,-5.839245335972,
    68.692391183285));
#385 = CARTESIAN_POINT('',(1.332930510787,-5.850459756311,
    68.544533004247));
#386 = CARTESIAN_POINT('',(1.211030499221,-5.876789561973,
    68.285482293361));
#387 = CARTESIAN_POINT('',(1.141469252909,-5.891180917556,
    68.170500256914));
#388 = CARTESIAN_POINT('',(1.057777321107,-5.907446528553,
    68.060769008168));
#389 = CARTESIAN_POINT('',(0.959845282032,-5.924863145056,
    67.958280290275));
#390 = CARTESIAN_POINT('',(0.847784864914,-5.942473280139,
    67.865228814813));
#391 = CARTESIAN_POINT('',(0.721975339592,-5.959114504196,67.7840407649)
  );
#392 = CARTESIAN_POINT('',(0.583159198357,-5.973500204006,
    67.717432795652));
#393 = CARTESIAN_POINT('',(0.28668490419,-5.994932963107,67.621102458051
    ));
#394 = CARTESIAN_POINT('',(0.131567622364,-6.002057291974,
    67.590912777045));
#395 = CARTESIAN_POINT('',(-2.869579045558E-02,-6.004597956031,
    67.58083149066));
#396 = CARTESIAN_POINT('',(-0.189509304018,-6.001890700629,
    67.592040864108));
#397 = CARTESIAN_POINT('',(-0.346139303382,-5.994131985576,
    67.624133305776));
#398 = CARTESIAN_POINT('',(-0.494126106991,-5.982353298811,
    67.675139211011));
#399 = CARTESIAN_POINT('',(-0.629692068779,-5.968101060476,
    67.741491208726));
#400 = CARTESIAN_POINT('',(-0.914958484988,-5.932153202342,
    67.922526781394));
#401 = CARTESIAN_POINT('',(-1.055585616127,-5.909134488958,
    68.048605297563));
#402 = CARTESIAN_POINT('',(-1.171668358703,-5.886560945922,
    68.190069368582));
#403 = CARTESIAN_POINT('',(-1.263604714049,-5.866586404011,
    68.342450742755));
#404 = CARTESIAN_POINT('',(-1.331977439781,-5.850704736568,
    68.50225930914));
#405 = CARTESIAN_POINT('',(-1.377319565965,-5.839822688282,
    68.666668624773));
#406 = CARTESIAN_POINT('',(-1.4,-5.834380858326,68.833317814864));
#407 = CARTESIAN_POINT('',(-1.4,-5.834380858326,69.));
#408 = FACE_BOUND('',#409,.F.);
#409 = EDGE_LOOP('',(#410));
#410 = ORIENTED_EDGE('',*,*,#271,.F.);
#411 = CYLINDRICAL_SURFACE('',#412,6.);
#412 = AXIS2_PLACEMENT_3D('',#413,#414,#415);
#413 = CARTESIAN_POINT('',(0.,0.,62.));
#414 = DIRECTION('',(0.,0.,-1.));
#415 = DIRECTION('',(1.,0.,0.));
#416 = ADVANCED_FACE('',(#417),#428,.F.);
#417 = FACE_BOUND('',#418,.F.);
#418 = EDGE_LOOP('',(#419,#420,#426,#427));
#419 = ORIENTED_EDGE('',*,*,#353,.F.);
#420 = ORIENTED_EDGE('',*,*,#421,.T.);
#421 = EDGE_CURVE('',#354,#207,#422,.T.);
#422 = LINE('',#423,#424);
#423 = CARTESIAN_POINT('',(-1.4,9.5,69.));
#424 = VECTOR('',#425,1.);
#425 = DIRECTION('',(0.,-1.,2.2E-16));
#426 = ORIENTED_EDGE('',*,*,#206,.T.);
#427 = ORIENTED_EDGE('',*,*,#421,.F.);
#428 = CYLINDRICAL_SURFACE('',#429,1.4);
#429 = AXIS2_PLACEMENT_3D('',#430,#431,#432);
#430 = CARTESIAN_POINT('',(0.,9.5,69.));
#431 = DIRECTION('',(0.,1.,-2.2E-16));
#432 = DIRECTION('',(-1.,0.,0.));
#433 = ADVANCED_FACE('',(#434,#437),#1461,.T.);
#434 = FACE_BOUND('',#435,.T.);
#435 = EDGE_LOOP('',(#436));
#436 = ORIENTED_EDGE('',*,*,#233,.F.);
#437 = FACE_BOUND('',#438,.T.);
#438 = EDGE_LOOP('',(#439,#450,#458,#466,#476,#484,#492,#500,#510,#518,
    #526,#534,#544,#552,#560,#568,#578,#586,#594,#602,#612,#620,#628,
    #636,#646,#654,#662,#670,#680,#688,#696,#704,#714,#722,#730,#738,
    #748,#756,#764,#772,#782,#790,#798,#806,#816,#824,#832,#840,#850,
    #858,#866,#874,#884,#892,#900,#908,#918,#926,#934,#942,#952,#960,
    #968,#976,#986,#994,#1002,#1010,#1020,#1028,#1036,#1044,#1054,#1062,
    #1070,#1078,#1088,#1096,#1104,#1112,#1122,#1130,#1138,#1146,#1156,
    #1164,#1172,#1180,#1190,#1198,#1206,#1214,#1224,#1232,#1240,#1248,
    #1258,#1266,#1274,#1282,#1292,#1300,#1308,#1316,#1326,#1334,#1342,
    #1350,#1360,#1368,#1376,#1384,#1394,#1402,#1410,#1418,#1428,#1436,
    #1445,#1454));
#439 = ORIENTED_EDGE('',*,*,#440,.F.);
#440 = EDGE_CURVE('',#441,#443,#445,.T.);
#441 = VERTEX_POINT('',#442);
#442 = CARTESIAN_POINT('',(1.15,13.882944878271,74.));
#443 = VERTEX_POINT('',#444);
#444 = CARTESIAN_POINT('',(0.89,13.622944878271,74.));
#445 = CIRCLE('',#446,0.26);
#446 = AXIS2_PLACEMENT_3D('',#447,#448,#449);
#447 = CARTESIAN_POINT('',(1.15,13.622944878271,74.));
#448 = DIRECTION('',(0.,0.,1.));
#449 = DIRECTION('',(-3.42E-15,1.,0.));
#450 = ORIENTED_EDGE('',*,*,#451,.F.);
#451 = EDGE_CURVE('',#452,#441,#454,.T.);
#452 = VERTEX_POINT('',#453);
#453 = CARTESIAN_POINT('',(1.761556802327,13.81866766824,74.));
#454 = ( BOUNDED_CURVE() B_SPLINE_CURVE(2,(#455,#456,#457),
.UNSPECIFIED.,.F.,.F.) B_SPLINE_CURVE_WITH_KNOTS((3,3),(0.,
4.414598448277E-02),.PIECEWISE_BEZIER_KNOTS.) CURVE() 
GEOMETRIC_REPRESENTATION_ITEM() RATIONAL_B_SPLINE_CURVE((1.,
0.999756401397,1.)) REPRESENTATION_ITEM('') );
#455 = CARTESIAN_POINT('',(1.761556802327,13.81866766824,74.));
#456 = CARTESIAN_POINT('',(1.456487911575,13.857556813894,74.));
#457 = CARTESIAN_POINT('',(1.15,13.882944878271,74.));
#458 = ORIENTED_EDGE('',*,*,#459,.F.);
#459 = EDGE_CURVE('',#460,#452,#462,.T.);
#460 = VERTEX_POINT('',#461);
#461 = CARTESIAN_POINT('',(1.961818138905,13.510292252437,74.));
#462 = ( BOUNDED_CURVE() B_SPLINE_CURVE(2,(#463,#464,#465),
.UNSPECIFIED.,.F.,.F.) B_SPLINE_CURVE_WITH_KNOTS((3,3),(0.,
1.570796326795),.PIECEWISE_BEZIER_KNOTS.) CURVE() 
GEOMETRIC_REPRESENTATION_ITEM() RATIONAL_B_SPLINE_CURVE((1.,
0.707106781187,1.)) REPRESENTATION_ITEM('') );
#463 = CARTESIAN_POINT('',(1.961818138905,13.510292252437,74.));
#464 = CARTESIAN_POINT('',(2.015875178518,13.764610628628,74.));
#465 = CARTESIAN_POINT('',(1.761556802327,13.81866766824,74.));
#466 = ORIENTED_EDGE('',*,*,#467,.F.);
#467 = EDGE_CURVE('',#468,#460,#470,.T.);
#468 = VERTEX_POINT('',#469);
#469 = CARTESIAN_POINT('',(3.702920868211,13.140209442781,74.));
#470 = ( BOUNDED_CURVE() B_SPLINE_CURVE(2,(#471,#472,#473,#474,#475),
.UNSPECIFIED.,.F.,.F.) B_SPLINE_CURVE_WITH_KNOTS((3,2,3),(0.,
1.570796326795,3.14159265359),.PIECEWISE_BEZIER_KNOTS.) CURVE() 
GEOMETRIC_REPRESENTATION_ITEM() RATIONAL_B_SPLINE_CURVE((1.,
0.707106781187,1.,0.707106781187,1.)) REPRESENTATION_ITEM('') );
#471 = CARTESIAN_POINT('',(3.702920868211,13.140209442781,74.));
#472 = CARTESIAN_POINT('',(3.517879463384,12.269658078128,74.));
#473 = CARTESIAN_POINT('',(2.647328098731,12.454699482956,74.));
#474 = CARTESIAN_POINT('',(1.776776734077,12.639740887784,74.));
#475 = CARTESIAN_POINT('',(1.961818138905,13.510292252437,74.));
#476 = ORIENTED_EDGE('',*,*,#477,.F.);
#477 = EDGE_CURVE('',#478,#468,#480,.T.);
#478 = VERTEX_POINT('',#479);
#479 = CARTESIAN_POINT('',(4.011296284015,13.34047077936,74.));
#480 = ( BOUNDED_CURVE() B_SPLINE_CURVE(2,(#481,#482,#483),
.UNSPECIFIED.,.F.,.F.) B_SPLINE_CURVE_WITH_KNOTS((3,3),(0.,
1.570796326795),.PIECEWISE_BEZIER_KNOTS.) CURVE() 
GEOMETRIC_REPRESENTATION_ITEM() RATIONAL_B_SPLINE_CURVE((1.,
0.707106781187,1.)) REPRESENTATION_ITEM('') );
#481 = CARTESIAN_POINT('',(4.011296284015,13.34047077936,74.));
#482 = CARTESIAN_POINT('',(3.756977907824,13.394527818972,74.));
#483 = CARTESIAN_POINT('',(3.702920868211,13.140209442781,74.));
#484 = ORIENTED_EDGE('',*,*,#485,.F.);
#485 = EDGE_CURVE('',#486,#478,#488,.T.);
#486 = VERTEX_POINT('',#487);
#487 = CARTESIAN_POINT('',(4.596125119505,13.150448371784,74.));
#488 = ( BOUNDED_CURVE() B_SPLINE_CURVE(2,(#489,#490,#491),
.UNSPECIFIED.,.F.,.F.) B_SPLINE_CURVE_WITH_KNOTS((3,3),(0.,
4.414598448277E-02),.PIECEWISE_BEZIER_KNOTS.) CURVE() 
GEOMETRIC_REPRESENTATION_ITEM() RATIONAL_B_SPLINE_CURVE((1.,
0.999756401397,1.)) REPRESENTATION_ITEM('') );
#489 = CARTESIAN_POINT('',(4.596125119505,13.150448371784,74.));
#490 = CARTESIAN_POINT('',(4.305808223985,13.251915085191,74.));
#491 = CARTESIAN_POINT('',(4.011296284015,13.34047077936,74.));
#492 = ORIENTED_EDGE('',*,*,#493,.F.);
#493 = EDGE_CURVE('',#494,#486,#496,.T.);
#494 = VERTEX_POINT('',#495);
#495 = CARTESIAN_POINT('',(4.727895411293,12.807175025597,74.));
#496 = ( BOUNDED_CURVE() B_SPLINE_CURVE(2,(#497,#498,#499),
.UNSPECIFIED.,.F.,.F.) B_SPLINE_CURVE_WITH_KNOTS((3,3),(0.,
1.570796326795),.PIECEWISE_BEZIER_KNOTS.) CURVE() 
GEOMETRIC_REPRESENTATION_ITEM() RATIONAL_B_SPLINE_CURVE((1.,
0.707106781187,1.)) REPRESENTATION_ITEM('') );
#497 = CARTESIAN_POINT('',(4.727895411293,12.807175025597,74.));
#498 = CARTESIAN_POINT('',(4.833646938492,13.044696844584,74.));
#499 = CARTESIAN_POINT('',(4.596125119505,13.150448371784,74.));
#500 = ORIENTED_EDGE('',*,*,#501,.F.);
#501 = EDGE_CURVE('',#502,#494,#504,.T.);
#502 = VERTEX_POINT('',#503);
#503 = CARTESIAN_POINT('',(6.354006325896,12.083183800922,74.));
#504 = ( BOUNDED_CURVE() B_SPLINE_CURVE(2,(#505,#506,#507,#508,#509),
.UNSPECIFIED.,.F.,.F.) B_SPLINE_CURVE_WITH_KNOTS((3,2,3),(0.,
1.570796326795,3.14159265359),.PIECEWISE_BEZIER_KNOTS.) CURVE() 
GEOMETRIC_REPRESENTATION_ITEM() RATIONAL_B_SPLINE_CURVE((1.,
0.707106781187,1.,0.707106781187,1.)) REPRESENTATION_ITEM('') );
#505 = CARTESIAN_POINT('',(6.354006325896,12.083183800922,74.));
#506 = CARTESIAN_POINT('',(5.992010713559,11.27012834362,74.));
#507 = CARTESIAN_POINT('',(5.178955256257,11.632123955958,74.));
#508 = CARTESIAN_POINT('',(4.365899798955,11.994119568295,74.));
#509 = CARTESIAN_POINT('',(4.727895411293,12.807175025597,74.));
#510 = ORIENTED_EDGE('',*,*,#511,.F.);
#511 = EDGE_CURVE('',#512,#502,#514,.T.);
#512 = VERTEX_POINT('',#513);
#513 = CARTESIAN_POINT('',(6.697279672083,12.21495409271,74.));
#514 = ( BOUNDED_CURVE() B_SPLINE_CURVE(2,(#515,#516,#517),
.UNSPECIFIED.,.F.,.F.) B_SPLINE_CURVE_WITH_KNOTS((3,3),(0.,
1.570796326795),.PIECEWISE_BEZIER_KNOTS.) CURVE() 
GEOMETRIC_REPRESENTATION_ITEM() RATIONAL_B_SPLINE_CURVE((1.,
0.707106781187,1.)) REPRESENTATION_ITEM('') );
#515 = CARTESIAN_POINT('',(6.697279672083,12.21495409271,74.));
#516 = CARTESIAN_POINT('',(6.459757853096,12.320705619909,74.));
#517 = CARTESIAN_POINT('',(6.354006325896,12.083183800922,74.));
#518 = ORIENTED_EDGE('',*,*,#519,.F.);
#519 = EDGE_CURVE('',#520,#512,#522,.T.);
#520 = VERTEX_POINT('',#521);
#521 = CARTESIAN_POINT('',(7.229820714306,11.907491378628,74.));
#522 = ( BOUNDED_CURVE() B_SPLINE_CURVE(2,(#523,#524,#525),
.UNSPECIFIED.,.F.,.F.) B_SPLINE_CURVE_WITH_KNOTS((3,3),(0.,
4.414598448277E-02),.PIECEWISE_BEZIER_KNOTS.) CURVE() 
GEOMETRIC_REPRESENTATION_ITEM() RATIONAL_B_SPLINE_CURVE((1.,
0.999756401397,1.)) REPRESENTATION_ITEM('') );
#523 = CARTESIAN_POINT('',(7.229820714306,11.907491378628,74.));
#524 = CARTESIAN_POINT('',(6.966944055446,12.067101077522,74.));
#525 = CARTESIAN_POINT('',(6.697279672083,12.21495409271,74.));
#526 = ORIENTED_EDGE('',*,*,#527,.F.);
#527 = EDGE_CURVE('',#528,#520,#530,.T.);
#528 = VERTEX_POINT('',#529);
#529 = CARTESIAN_POINT('',(7.287340967247,11.544322794494,74.));
#530 = ( BOUNDED_CURVE() B_SPLINE_CURVE(2,(#531,#532,#533),
.UNSPECIFIED.,.F.,.F.) B_SPLINE_CURVE_WITH_KNOTS((3,3),(0.,
1.570796326795),.PIECEWISE_BEZIER_KNOTS.) CURVE() 
GEOMETRIC_REPRESENTATION_ITEM() RATIONAL_B_SPLINE_CURVE((1.,
0.707106781187,1.)) REPRESENTATION_ITEM('') );
#531 = CARTESIAN_POINT('',(7.287340967247,11.544322794494,74.));
#532 = CARTESIAN_POINT('',(7.440165132843,11.754667213032,74.));
#533 = CARTESIAN_POINT('',(7.229820714306,11.907491378628,74.));
#534 = ORIENTED_EDGE('',*,*,#535,.F.);
#535 = EDGE_CURVE('',#536,#528,#538,.T.);
#536 = VERTEX_POINT('',#537);
#537 = CARTESIAN_POINT('',(8.727391217234,10.498065045414,74.));
#538 = ( BOUNDED_CURVE() B_SPLINE_CURVE(2,(#539,#540,#541,#542,#543),
.UNSPECIFIED.,.F.,.F.) B_SPLINE_CURVE_WITH_KNOTS((3,2,3),(0.,
1.570796326795,3.14159265359),.PIECEWISE_BEZIER_KNOTS.) CURVE() 
GEOMETRIC_REPRESENTATION_ITEM() RATIONAL_B_SPLINE_CURVE((1.,
0.707106781187,1.,0.707106781187,1.)) REPRESENTATION_ITEM('') );
#539 = CARTESIAN_POINT('',(8.727391217234,10.498065045414,74.));
#540 = CARTESIAN_POINT('',(8.204262342694,9.77803992042,74.));
#541 = CARTESIAN_POINT('',(7.4842372177,10.30116879496,74.));
#542 = CARTESIAN_POINT('',(6.764212092707,10.824297669501,74.));
#543 = CARTESIAN_POINT('',(7.287340967247,11.544322794494,74.));
#544 = ORIENTED_EDGE('',*,*,#545,.F.);
#545 = EDGE_CURVE('',#546,#536,#548,.T.);
#546 = VERTEX_POINT('',#547);
#547 = CARTESIAN_POINT('',(9.090559801368,10.555585298355,74.));
#548 = ( BOUNDED_CURVE() B_SPLINE_CURVE(2,(#549,#550,#551),
.UNSPECIFIED.,.F.,.F.) B_SPLINE_CURVE_WITH_KNOTS((3,3),(0.,
1.570796326795),.PIECEWISE_BEZIER_KNOTS.) CURVE() 
GEOMETRIC_REPRESENTATION_ITEM() RATIONAL_B_SPLINE_CURVE((1.,
0.707106781187,1.)) REPRESENTATION_ITEM('') );
#549 = CARTESIAN_POINT('',(9.090559801368,10.555585298355,74.));
#550 = CARTESIAN_POINT('',(8.88021538283,10.708409463951,74.));
#551 = CARTESIAN_POINT('',(8.727391217234,10.498065045414,74.));
#552 = ORIENTED_EDGE('',*,*,#553,.F.);
#553 = EDGE_CURVE('',#554,#546,#556,.T.);
#554 = VERTEX_POINT('',#555);
#555 = CARTESIAN_POINT('',(9.547538451362,10.144119873743,74.));
#556 = ( BOUNDED_CURVE() B_SPLINE_CURVE(2,(#557,#558,#559),
.UNSPECIFIED.,.F.,.F.) B_SPLINE_CURVE_WITH_KNOTS((3,3),(0.,
4.414598448277E-02),.PIECEWISE_BEZIER_KNOTS.) CURVE() 
GEOMETRIC_REPRESENTATION_ITEM() RATIONAL_B_SPLINE_CURVE((1.,
0.999756401397,1.)) REPRESENTATION_ITEM('') );
#557 = CARTESIAN_POINT('',(9.547538451362,10.144119873743,74.));
#558 = CARTESIAN_POINT('',(9.323591000578,10.35489684839,74.));
#559 = CARTESIAN_POINT('',(9.090559801368,10.555585298355,74.));
#560 = ORIENTED_EDGE('',*,*,#561,.F.);
#561 = EDGE_CURVE('',#562,#554,#564,.T.);
#562 = VERTEX_POINT('',#563);
#563 = CARTESIAN_POINT('',(9.528294754391,9.776928261465,74.));
#564 = ( BOUNDED_CURVE() B_SPLINE_CURVE(2,(#565,#566,#567),
.UNSPECIFIED.,.F.,.F.) B_SPLINE_CURVE_WITH_KNOTS((3,3),(0.,
1.570796326795),.PIECEWISE_BEZIER_KNOTS.) CURVE() 
GEOMETRIC_REPRESENTATION_ITEM() RATIONAL_B_SPLINE_CURVE((1.,
0.707106781187,1.)) REPRESENTATION_ITEM('') );
#565 = CARTESIAN_POINT('',(9.528294754391,9.776928261465,74.));
#566 = CARTESIAN_POINT('',(9.721512409015,9.950902219119,74.));
#567 = CARTESIAN_POINT('',(9.547538451362,10.144119873743,74.));
#568 = ORIENTED_EDGE('',*,*,#569,.F.);
#569 = EDGE_CURVE('',#570,#562,#572,.T.);
#570 = VERTEX_POINT('',#571);
#571 = CARTESIAN_POINT('',(10.71934723371,8.454130472116,74.));
#572 = ( BOUNDED_CURVE() B_SPLINE_CURVE(2,(#573,#574,#575,#576,#577),
.UNSPECIFIED.,.F.,.F.) B_SPLINE_CURVE_WITH_KNOTS((3,2,3),(0.,
1.570796326795,3.14159265359),.PIECEWISE_BEZIER_KNOTS.) CURVE() 
GEOMETRIC_REPRESENTATION_ITEM() RATIONAL_B_SPLINE_CURVE((1.,
0.707106781187,1.,0.707106781187,1.)) REPRESENTATION_ITEM('') );
#573 = CARTESIAN_POINT('',(10.71934723371,8.454130472116,74.));
#574 = CARTESIAN_POINT('',(10.057948339035,7.858604232456,74.));
#575 = CARTESIAN_POINT('',(9.462422099376,8.520003127131,74.));
#576 = CARTESIAN_POINT('',(8.866895859716,9.181402021806,74.));
#577 = CARTESIAN_POINT('',(9.528294754391,9.776928261465,74.));
#578 = ORIENTED_EDGE('',*,*,#579,.F.);
#579 = EDGE_CURVE('',#580,#570,#582,.T.);
#580 = VERTEX_POINT('',#581);
#581 = CARTESIAN_POINT('',(11.086538845987,8.434886775145,74.));
#582 = ( BOUNDED_CURVE() B_SPLINE_CURVE(2,(#583,#584,#585),
.UNSPECIFIED.,.F.,.F.) B_SPLINE_CURVE_WITH_KNOTS((3,3),(0.,
1.570796326795),.PIECEWISE_BEZIER_KNOTS.) CURVE() 
GEOMETRIC_REPRESENTATION_ITEM() RATIONAL_B_SPLINE_CURVE((1.,
0.707106781187,1.)) REPRESENTATION_ITEM('') );
#583 = CARTESIAN_POINT('',(11.086538845987,8.434886775145,74.));
#584 = CARTESIAN_POINT('',(10.912564888334,8.628104429769,74.));
#585 = CARTESIAN_POINT('',(10.71934723371,8.454130472116,74.));
#586 = ORIENTED_EDGE('',*,*,#587,.F.);
#587 = EDGE_CURVE('',#588,#580,#590,.T.);
#588 = VERTEX_POINT('',#589);
#589 = CARTESIAN_POINT('',(11.447982943921,7.937401653487,74.));
#590 = ( BOUNDED_CURVE() B_SPLINE_CURVE(2,(#591,#592,#593),
.UNSPECIFIED.,.F.,.F.) B_SPLINE_CURVE_WITH_KNOTS((3,3),(0.,
4.414598448277E-02),.PIECEWISE_BEZIER_KNOTS.) CURVE() 
GEOMETRIC_REPRESENTATION_ITEM() RATIONAL_B_SPLINE_CURVE((1.,
0.999756401397,1.)) REPRESENTATION_ITEM('') );
#591 = CARTESIAN_POINT('',(11.447982943921,7.937401653487,74.));
#592 = CARTESIAN_POINT('',(11.272752279431,8.190133938676,74.));
#593 = CARTESIAN_POINT('',(11.086538845987,8.434886775145,74.));
#594 = ORIENTED_EDGE('',*,*,#595,.F.);
#595 = EDGE_CURVE('',#596,#588,#598,.T.);
#596 = VERTEX_POINT('',#597);
#597 = CARTESIAN_POINT('',(11.352816338937,7.582235048503,74.));
#598 = ( BOUNDED_CURVE() B_SPLINE_CURVE(2,(#599,#600,#601),
.UNSPECIFIED.,.F.,.F.) B_SPLINE_CURVE_WITH_KNOTS((3,3),(0.,
1.570796326795),.PIECEWISE_BEZIER_KNOTS.) CURVE() 
GEOMETRIC_REPRESENTATION_ITEM() RATIONAL_B_SPLINE_CURVE((1.,
0.707106781187,1.)) REPRESENTATION_ITEM('') );
#599 = CARTESIAN_POINT('',(11.352816338937,7.582235048503,74.));
#600 = CARTESIAN_POINT('',(11.577982943921,7.712235048503,74.));
#601 = CARTESIAN_POINT('',(11.447982943921,7.937401653487,74.));
#602 = ORIENTED_EDGE('',*,*,#603,.F.);
#603 = EDGE_CURVE('',#604,#596,#606,.T.);
#604 = VERTEX_POINT('',#605);
#605 = CARTESIAN_POINT('',(12.242816338937,6.040709829767,74.));
#606 = ( BOUNDED_CURVE() B_SPLINE_CURVE(2,(#607,#608,#609,#610,#611),
.UNSPECIFIED.,.F.,.F.) B_SPLINE_CURVE_WITH_KNOTS((3,2,3),(0.,
1.570796326795,3.14159265359),.PIECEWISE_BEZIER_KNOTS.) CURVE() 
GEOMETRIC_REPRESENTATION_ITEM() RATIONAL_B_SPLINE_CURVE((1.,
0.707106781187,1.,0.707106781187,1.)) REPRESENTATION_ITEM('') );
#607 = CARTESIAN_POINT('',(12.242816338937,6.040709829767,74.));
#608 = CARTESIAN_POINT('',(11.472053729569,5.595709829767,74.));
#609 = CARTESIAN_POINT('',(11.027053729569,6.366472439135,74.));
#610 = CARTESIAN_POINT('',(10.582053729569,7.137235048503,74.));
#611 = CARTESIAN_POINT('',(11.352816338937,7.582235048503,74.));
#612 = ORIENTED_EDGE('',*,*,#613,.F.);
#613 = EDGE_CURVE('',#614,#604,#616,.T.);
#614 = VERTEX_POINT('',#615);
#615 = CARTESIAN_POINT('',(12.597982943921,5.945543224783,74.));
#616 = ( BOUNDED_CURVE() B_SPLINE_CURVE(2,(#617,#618,#619),
.UNSPECIFIED.,.F.,.F.) B_SPLINE_CURVE_WITH_KNOTS((3,3),(0.,
1.570796326795),.PIECEWISE_BEZIER_KNOTS.) CURVE() 
GEOMETRIC_REPRESENTATION_ITEM() RATIONAL_B_SPLINE_CURVE((1.,
0.707106781187,1.)) REPRESENTATION_ITEM('') );
#617 = CARTESIAN_POINT('',(12.597982943921,5.945543224783,74.));
#618 = CARTESIAN_POINT('',(12.467982943921,6.170709829767,74.));
#619 = CARTESIAN_POINT('',(12.242816338937,6.040709829767,74.));
#620 = ORIENTED_EDGE('',*,*,#621,.F.);
#621 = EDGE_CURVE('',#622,#614,#624,.T.);
#622 = VERTEX_POINT('',#623);
#623 = CARTESIAN_POINT('',(12.848095648314,5.383780893096,74.));
#624 = ( BOUNDED_CURVE() B_SPLINE_CURVE(2,(#625,#626,#627),
.UNSPECIFIED.,.F.,.F.) B_SPLINE_CURVE_WITH_KNOTS((3,3),(0.,
4.414598448277E-02),.PIECEWISE_BEZIER_KNOTS.) CURVE() 
GEOMETRIC_REPRESENTATION_ITEM() RATIONAL_B_SPLINE_CURVE((1.,
0.999756401397,1.)) REPRESENTATION_ITEM('') );
#625 = CARTESIAN_POINT('',(12.848095648314,5.383780893096,74.));
#626 = CARTESIAN_POINT('',(12.729240191006,5.667422875218,74.));
#627 = CARTESIAN_POINT('',(12.597982943921,5.945543224783,74.));
#628 = ORIENTED_EDGE('',*,*,#629,.F.);
#629 = EDGE_CURVE('',#630,#622,#632,.T.);
#630 = VERTEX_POINT('',#631);
#631 = CARTESIAN_POINT('',(12.681165372615,5.056161780321,74.));
#632 = ( BOUNDED_CURVE() B_SPLINE_CURVE(2,(#633,#634,#635),
.UNSPECIFIED.,.F.,.F.) B_SPLINE_CURVE_WITH_KNOTS((3,3),(0.,
1.570796326795),.PIECEWISE_BEZIER_KNOTS.) CURVE() 
GEOMETRIC_REPRESENTATION_ITEM() RATIONAL_B_SPLINE_CURVE((1.,
0.707106781187,1.)) REPRESENTATION_ITEM('') );
#633 = CARTESIAN_POINT('',(12.681165372615,5.056161780321,74.));
#634 = CARTESIAN_POINT('',(12.928440066852,5.136506198859,74.));
#635 = CARTESIAN_POINT('',(12.848095648314,5.383780893096,74.));
#636 = ORIENTED_EDGE('',*,*,#637,.F.);
#637 = EDGE_CURVE('',#638,#630,#640,.T.);
#638 = VERTEX_POINT('',#639);
#639 = CARTESIAN_POINT('',(13.231215622603,3.363281181316,74.));
#640 = ( BOUNDED_CURVE() B_SPLINE_CURVE(2,(#641,#642,#643,#644,#645),
.UNSPECIFIED.,.F.,.F.) B_SPLINE_CURVE_WITH_KNOTS((3,2,3),(0.,
1.570796326795,3.14159265359),.PIECEWISE_BEZIER_KNOTS.) CURVE() 
GEOMETRIC_REPRESENTATION_ITEM() RATIONAL_B_SPLINE_CURVE((1.,
0.707106781187,1.,0.707106781187,1.)) REPRESENTATION_ITEM('') );
#641 = CARTESIAN_POINT('',(13.231215622603,3.363281181316,74.));
#642 = CARTESIAN_POINT('',(12.3847753231,3.088256056322,74.));
#643 = CARTESIAN_POINT('',(12.109750198106,3.934696355825,74.));
#644 = CARTESIAN_POINT('',(11.834725073113,4.781136655328,74.));
#645 = CARTESIAN_POINT('',(12.681165372615,5.056161780321,74.));
#646 = ORIENTED_EDGE('',*,*,#647,.F.);
#647 = EDGE_CURVE('',#648,#638,#650,.T.);
#648 = VERTEX_POINT('',#649);
#649 = CARTESIAN_POINT('',(13.558834735377,3.196350905617,74.));
#650 = ( BOUNDED_CURVE() B_SPLINE_CURVE(2,(#651,#652,#653),
.UNSPECIFIED.,.F.,.F.) B_SPLINE_CURVE_WITH_KNOTS((3,3),(0.,
1.570796326795),.PIECEWISE_BEZIER_KNOTS.) CURVE() 
GEOMETRIC_REPRESENTATION_ITEM() RATIONAL_B_SPLINE_CURVE((1.,
0.707106781187,1.)) REPRESENTATION_ITEM('') );
#651 = CARTESIAN_POINT('',(13.558834735377,3.196350905617,74.));
#652 = CARTESIAN_POINT('',(13.478490316839,3.443625599854,74.));
#653 = CARTESIAN_POINT('',(13.231215622603,3.363281181316,74.));
#654 = ORIENTED_EDGE('',*,*,#655,.F.);
#655 = EDGE_CURVE('',#656,#648,#658,.T.);
#656 = VERTEX_POINT('',#657);
#657 = CARTESIAN_POINT('',(13.686684920873,2.594863073429,74.));
#658 = ( BOUNDED_CURVE() B_SPLINE_CURVE(2,(#659,#660,#661),
.UNSPECIFIED.,.F.,.F.) B_SPLINE_CURVE_WITH_KNOTS((3,3),(0.,
4.414598448277E-02),.PIECEWISE_BEZIER_KNOTS.) CURVE() 
GEOMETRIC_REPRESENTATION_ITEM() RATIONAL_B_SPLINE_CURVE((1.,
0.999756401397,1.)) REPRESENTATION_ITEM('') );
#659 = CARTESIAN_POINT('',(13.686684920873,2.594863073429,74.));
#660 = CARTESIAN_POINT('',(13.629399224562,2.897018236801,74.));
#661 = CARTESIAN_POINT('',(13.558834735377,3.196350905617,74.));
#662 = ORIENTED_EDGE('',*,*,#663,.F.);
#663 = EDGE_CURVE('',#664,#656,#666,.T.);
#664 = VERTEX_POINT('',#665);
#665 = CARTESIAN_POINT('',(13.455286628527,2.309109980183,74.));
#666 = ( BOUNDED_CURVE() B_SPLINE_CURVE(2,(#667,#668,#669),
.UNSPECIFIED.,.F.,.F.) B_SPLINE_CURVE_WITH_KNOTS((3,3),(0.,
1.570796326795),.PIECEWISE_BEZIER_KNOTS.) CURVE() 
GEOMETRIC_REPRESENTATION_ITEM() RATIONAL_B_SPLINE_CURVE((1.,
0.707106781187,1.)) REPRESENTATION_ITEM('') );
#667 = CARTESIAN_POINT('',(13.455286628527,2.309109980183,74.));
#668 = CARTESIAN_POINT('',(13.713862321323,2.336287380633,74.));
#669 = CARTESIAN_POINT('',(13.686684920873,2.594863073429,74.));
#670 = ORIENTED_EDGE('',*,*,#671,.F.);
#671 = EDGE_CURVE('',#672,#664,#674,.T.);
#672 = VERTEX_POINT('',#673);
#673 = CARTESIAN_POINT('',(13.641347293143,0.538861006428,74.));
#674 = ( BOUNDED_CURVE() B_SPLINE_CURVE(2,(#675,#676,#677,#678,#679),
.UNSPECIFIED.,.F.,.F.) B_SPLINE_CURVE_WITH_KNOTS((3,2,3),(0.,
1.570796326795,3.14159265359),.PIECEWISE_BEZIER_KNOTS.) CURVE() 
GEOMETRIC_REPRESENTATION_ITEM() RATIONAL_B_SPLINE_CURVE((1.,
0.707106781187,1.,0.707106781187,1.)) REPRESENTATION_ITEM('') );
#675 = CARTESIAN_POINT('',(13.641347293143,0.538861006428,74.));
#676 = CARTESIAN_POINT('',(12.756222806266,0.44583067412,74.));
#677 = CARTESIAN_POINT('',(12.663192473957,1.330955160997,74.));
#678 = CARTESIAN_POINT('',(12.570162141649,2.216079647875,74.));
#679 = CARTESIAN_POINT('',(13.455286628527,2.309109980183,74.));
#680 = ORIENTED_EDGE('',*,*,#681,.F.);
#681 = EDGE_CURVE('',#682,#672,#684,.T.);
#682 = VERTEX_POINT('',#683);
#683 = CARTESIAN_POINT('',(13.927100386389,0.307462714082,74.));
#684 = ( BOUNDED_CURVE() B_SPLINE_CURVE(2,(#685,#686,#687),
.UNSPECIFIED.,.F.,.F.) B_SPLINE_CURVE_WITH_KNOTS((3,3),(0.,
1.570796326795),.PIECEWISE_BEZIER_KNOTS.) CURVE() 
GEOMETRIC_REPRESENTATION_ITEM() RATIONAL_B_SPLINE_CURVE((1.,
0.707106781187,1.)) REPRESENTATION_ITEM('') );
#685 = CARTESIAN_POINT('',(13.927100386389,0.307462714082,74.));
#686 = CARTESIAN_POINT('',(13.899922985939,0.566038406877,74.));
#687 = CARTESIAN_POINT('',(13.641347293143,0.538861006428,74.));
#688 = ORIENTED_EDGE('',*,*,#689,.F.);
#689 = EDGE_CURVE('',#690,#682,#692,.T.);
#690 = VERTEX_POINT('',#691);
#691 = CARTESIAN_POINT('',(13.927100386389,-0.307462714082,74.));
#692 = ( BOUNDED_CURVE() B_SPLINE_CURVE(2,(#693,#694,#695),
.UNSPECIFIED.,.F.,.F.) B_SPLINE_CURVE_WITH_KNOTS((3,3),(0.,
4.414598448277E-02),.PIECEWISE_BEZIER_KNOTS.) CURVE() 
GEOMETRIC_REPRESENTATION_ITEM() RATIONAL_B_SPLINE_CURVE((1.,
0.999756401397,1.)) REPRESENTATION_ITEM('') );
#693 = CARTESIAN_POINT('',(13.927100386389,-0.307462714082,74.));
#694 = CARTESIAN_POINT('',(13.933888110892,-1.288E-14,74.));
#695 = CARTESIAN_POINT('',(13.927100386389,0.307462714082,74.));
#696 = ORIENTED_EDGE('',*,*,#697,.F.);
#697 = EDGE_CURVE('',#698,#690,#700,.T.);
#698 = VERTEX_POINT('',#699);
#699 = CARTESIAN_POINT('',(13.641347293143,-0.538861006428,74.));
#700 = ( BOUNDED_CURVE() B_SPLINE_CURVE(2,(#701,#702,#703),
.UNSPECIFIED.,.F.,.F.) B_SPLINE_CURVE_WITH_KNOTS((3,3),(0.,
1.570796326795),.PIECEWISE_BEZIER_KNOTS.) CURVE() 
GEOMETRIC_REPRESENTATION_ITEM() RATIONAL_B_SPLINE_CURVE((1.,
0.707106781187,1.)) REPRESENTATION_ITEM('') );
#701 = CARTESIAN_POINT('',(13.641347293143,-0.538861006428,74.));
#702 = CARTESIAN_POINT('',(13.899922985939,-0.566038406877,74.));
#703 = CARTESIAN_POINT('',(13.927100386389,-0.307462714082,74.));
#704 = ORIENTED_EDGE('',*,*,#705,.F.);
#705 = EDGE_CURVE('',#706,#698,#708,.T.);
#706 = VERTEX_POINT('',#707);
#707 = CARTESIAN_POINT('',(13.455286628527,-2.309109980183,74.));
#708 = ( BOUNDED_CURVE() B_SPLINE_CURVE(2,(#709,#710,#711,#712,#713),
.UNSPECIFIED.,.F.,.F.) B_SPLINE_CURVE_WITH_KNOTS((3,2,3),(0.,
1.570796326795,3.14159265359),.PIECEWISE_BEZIER_KNOTS.) CURVE() 
GEOMETRIC_REPRESENTATION_ITEM() RATIONAL_B_SPLINE_CURVE((1.,
0.707106781187,1.,0.707106781187,1.)) REPRESENTATION_ITEM('') );
#709 = CARTESIAN_POINT('',(13.455286628527,-2.309109980183,74.));
#710 = CARTESIAN_POINT('',(12.570162141649,-2.216079647875,74.));
#711 = CARTESIAN_POINT('',(12.663192473957,-1.330955160997,74.));
#712 = CARTESIAN_POINT('',(12.756222806266,-0.44583067412,74.));
#713 = CARTESIAN_POINT('',(13.641347293143,-0.538861006428,74.));
#714 = ORIENTED_EDGE('',*,*,#715,.F.);
#715 = EDGE_CURVE('',#716,#706,#718,.T.);
#716 = VERTEX_POINT('',#717);
#717 = CARTESIAN_POINT('',(13.686684920873,-2.594863073429,74.));
#718 = ( BOUNDED_CURVE() B_SPLINE_CURVE(2,(#719,#720,#721),
.UNSPECIFIED.,.F.,.F.) B_SPLINE_CURVE_WITH_KNOTS((3,3),(0.,
1.570796326795),.PIECEWISE_BEZIER_KNOTS.) CURVE() 
GEOMETRIC_REPRESENTATION_ITEM() RATIONAL_B_SPLINE_CURVE((1.,
0.707106781187,1.)) REPRESENTATION_ITEM('') );
#719 = CARTESIAN_POINT('',(13.686684920873,-2.594863073429,74.));
#720 = CARTESIAN_POINT('',(13.713862321323,-2.336287380633,74.));
#721 = CARTESIAN_POINT('',(13.455286628527,-2.309109980183,74.));
#722 = ORIENTED_EDGE('',*,*,#723,.F.);
#723 = EDGE_CURVE('',#724,#716,#726,.T.);
#724 = VERTEX_POINT('',#725);
#725 = CARTESIAN_POINT('',(13.558834735377,-3.196350905617,74.));
#726 = ( BOUNDED_CURVE() B_SPLINE_CURVE(2,(#727,#728,#729),
.UNSPECIFIED.,.F.,.F.) B_SPLINE_CURVE_WITH_KNOTS((3,3),(0.,
4.414598448277E-02),.PIECEWISE_BEZIER_KNOTS.) CURVE() 
GEOMETRIC_REPRESENTATION_ITEM() RATIONAL_B_SPLINE_CURVE((1.,
0.999756401397,1.)) REPRESENTATION_ITEM('') );
#727 = CARTESIAN_POINT('',(13.558834735377,-3.196350905617,74.));
#728 = CARTESIAN_POINT('',(13.629399224562,-2.897018236801,74.));
#729 = CARTESIAN_POINT('',(13.686684920873,-2.594863073429,74.));
#730 = ORIENTED_EDGE('',*,*,#731,.F.);
#731 = EDGE_CURVE('',#732,#724,#734,.T.);
#732 = VERTEX_POINT('',#733);
#733 = CARTESIAN_POINT('',(13.231215622603,-3.363281181316,74.));
#734 = ( BOUNDED_CURVE() B_SPLINE_CURVE(2,(#735,#736,#737),
.UNSPECIFIED.,.F.,.F.) B_SPLINE_CURVE_WITH_KNOTS((3,3),(0.,
1.570796326795),.PIECEWISE_BEZIER_KNOTS.) CURVE() 
GEOMETRIC_REPRESENTATION_ITEM() RATIONAL_B_SPLINE_CURVE((1.,
0.707106781187,1.)) REPRESENTATION_ITEM('') );
#735 = CARTESIAN_POINT('',(13.231215622603,-3.363281181316,74.));
#736 = CARTESIAN_POINT('',(13.478490316839,-3.443625599854,74.));
#737 = CARTESIAN_POINT('',(13.558834735377,-3.196350905617,74.));
#738 = ORIENTED_EDGE('',*,*,#739,.F.);
#739 = EDGE_CURVE('',#740,#732,#742,.T.);
#740 = VERTEX_POINT('',#741);
#741 = CARTESIAN_POINT('',(12.681165372615,-5.056161780321,74.));
#742 = ( BOUNDED_CURVE() B_SPLINE_CURVE(2,(#743,#744,#745,#746,#747),
.UNSPECIFIED.,.F.,.F.) B_SPLINE_CURVE_WITH_KNOTS((3,2,3),(0.,
1.570796326795,3.14159265359),.PIECEWISE_BEZIER_KNOTS.) CURVE() 
GEOMETRIC_REPRESENTATION_ITEM() RATIONAL_B_SPLINE_CURVE((1.,
0.707106781187,1.,0.707106781187,1.)) REPRESENTATION_ITEM('') );
#743 = CARTESIAN_POINT('',(12.681165372615,-5.056161780321,74.));
#744 = CARTESIAN_POINT('',(11.834725073113,-4.781136655328,74.));
#745 = CARTESIAN_POINT('',(12.109750198106,-3.934696355825,74.));
#746 = CARTESIAN_POINT('',(12.3847753231,-3.088256056322,74.));
#747 = CARTESIAN_POINT('',(13.231215622603,-3.363281181316,74.));
#748 = ORIENTED_EDGE('',*,*,#749,.F.);
#749 = EDGE_CURVE('',#750,#740,#752,.T.);
#750 = VERTEX_POINT('',#751);
#751 = CARTESIAN_POINT('',(12.848095648314,-5.383780893096,74.));
#752 = ( BOUNDED_CURVE() B_SPLINE_CURVE(2,(#753,#754,#755),
.UNSPECIFIED.,.F.,.F.) B_SPLINE_CURVE_WITH_KNOTS((3,3),(0.,
1.570796326795),.PIECEWISE_BEZIER_KNOTS.) CURVE() 
GEOMETRIC_REPRESENTATION_ITEM() RATIONAL_B_SPLINE_CURVE((1.,
0.707106781187,1.)) REPRESENTATION_ITEM('') );
#753 = CARTESIAN_POINT('',(12.848095648314,-5.383780893096,74.));
#754 = CARTESIAN_POINT('',(12.928440066852,-5.136506198859,74.));
#755 = CARTESIAN_POINT('',(12.681165372615,-5.056161780321,74.));
#756 = ORIENTED_EDGE('',*,*,#757,.F.);
#757 = EDGE_CURVE('',#758,#750,#760,.T.);
#758 = VERTEX_POINT('',#759);
#759 = CARTESIAN_POINT('',(12.597982943921,-5.945543224783,74.));
#760 = ( BOUNDED_CURVE() B_SPLINE_CURVE(2,(#761,#762,#763),
.UNSPECIFIED.,.F.,.F.) B_SPLINE_CURVE_WITH_KNOTS((3,3),(0.,
4.414598448277E-02),.PIECEWISE_BEZIER_KNOTS.) CURVE() 
GEOMETRIC_REPRESENTATION_ITEM() RATIONAL_B_SPLINE_CURVE((1.,
0.999756401397,1.)) REPRESENTATION_ITEM('') );
#761 = CARTESIAN_POINT('',(12.597982943921,-5.945543224783,74.));
#762 = CARTESIAN_POINT('',(12.729240191006,-5.667422875218,74.));
#763 = CARTESIAN_POINT('',(12.848095648314,-5.383780893096,74.));
#764 = ORIENTED_EDGE('',*,*,#765,.F.);
#765 = EDGE_CURVE('',#766,#758,#768,.T.);
#766 = VERTEX_POINT('',#767);
#767 = CARTESIAN_POINT('',(12.242816338937,-6.040709829767,74.));
#768 = ( BOUNDED_CURVE() B_SPLINE_CURVE(2,(#769,#770,#771),
.UNSPECIFIED.,.F.,.F.) B_SPLINE_CURVE_WITH_KNOTS((3,3),(0.,
1.570796326795),.PIECEWISE_BEZIER_KNOTS.) CURVE() 
GEOMETRIC_REPRESENTATION_ITEM() RATIONAL_B_SPLINE_CURVE((1.,
0.707106781187,1.)) REPRESENTATION_ITEM('') );
#769 = CARTESIAN_POINT('',(12.242816338937,-6.040709829767,74.));
#770 = CARTESIAN_POINT('',(12.467982943921,-6.170709829767,74.));
#771 = CARTESIAN_POINT('',(12.597982943921,-5.945543224783,74.));
#772 = ORIENTED_EDGE('',*,*,#773,.F.);
#773 = EDGE_CURVE('',#774,#766,#776,.T.);
#774 = VERTEX_POINT('',#775);
#775 = CARTESIAN_POINT('',(11.352816338937,-7.582235048503,74.));
#776 = ( BOUNDED_CURVE() B_SPLINE_CURVE(2,(#777,#778,#779,#780,#781),
.UNSPECIFIED.,.F.,.F.) B_SPLINE_CURVE_WITH_KNOTS((3,2,3),(0.,
1.570796326795,3.14159265359),.PIECEWISE_BEZIER_KNOTS.) CURVE() 
GEOMETRIC_REPRESENTATION_ITEM() RATIONAL_B_SPLINE_CURVE((1.,
0.707106781187,1.,0.707106781187,1.)) REPRESENTATION_ITEM('') );
#777 = CARTESIAN_POINT('',(11.352816338937,-7.582235048503,74.));
#778 = CARTESIAN_POINT('',(10.582053729569,-7.137235048503,74.));
#779 = CARTESIAN_POINT('',(11.027053729569,-6.366472439135,74.));
#780 = CARTESIAN_POINT('',(11.472053729569,-5.595709829767,74.));
#781 = CARTESIAN_POINT('',(12.242816338937,-6.040709829767,74.));
#782 = ORIENTED_EDGE('',*,*,#783,.F.);
#783 = EDGE_CURVE('',#784,#774,#786,.T.);
#784 = VERTEX_POINT('',#785);
#785 = CARTESIAN_POINT('',(11.447982943921,-7.937401653487,74.));
#786 = ( BOUNDED_CURVE() B_SPLINE_CURVE(2,(#787,#788,#789),
.UNSPECIFIED.,.F.,.F.) B_SPLINE_CURVE_WITH_KNOTS((3,3),(0.,
1.570796326795),.PIECEWISE_BEZIER_KNOTS.) CURVE() 
GEOMETRIC_REPRESENTATION_ITEM() RATIONAL_B_SPLINE_CURVE((1.,
0.707106781187,1.)) REPRESENTATION_ITEM('') );
#787 = CARTESIAN_POINT('',(11.447982943921,-7.937401653487,74.));
#788 = CARTESIAN_POINT('',(11.577982943921,-7.712235048503,74.));
#789 = CARTESIAN_POINT('',(11.352816338937,-7.582235048503,74.));
#790 = ORIENTED_EDGE('',*,*,#791,.F.);
#791 = EDGE_CURVE('',#792,#784,#794,.T.);
#792 = VERTEX_POINT('',#793);
#793 = CARTESIAN_POINT('',(11.086538845987,-8.434886775145,74.));
#794 = ( BOUNDED_CURVE() B_SPLINE_CURVE(2,(#795,#796,#797),
.UNSPECIFIED.,.F.,.F.) B_SPLINE_CURVE_WITH_KNOTS((3,3),(0.,
4.414598448277E-02),.PIECEWISE_BEZIER_KNOTS.) CURVE() 
GEOMETRIC_REPRESENTATION_ITEM() RATIONAL_B_SPLINE_CURVE((1.,
0.999756401397,1.)) REPRESENTATION_ITEM('') );
#795 = CARTESIAN_POINT('',(11.086538845987,-8.434886775145,74.));
#796 = CARTESIAN_POINT('',(11.272752279431,-8.190133938676,74.));
#797 = CARTESIAN_POINT('',(11.447982943921,-7.937401653487,74.));
#798 = ORIENTED_EDGE('',*,*,#799,.F.);
#799 = EDGE_CURVE('',#800,#792,#802,.T.);
#800 = VERTEX_POINT('',#801);
#801 = CARTESIAN_POINT('',(10.71934723371,-8.454130472116,74.));
#802 = ( BOUNDED_CURVE() B_SPLINE_CURVE(2,(#803,#804,#805),
.UNSPECIFIED.,.F.,.F.) B_SPLINE_CURVE_WITH_KNOTS((3,3),(0.,
1.570796326795),.PIECEWISE_BEZIER_KNOTS.) CURVE() 
GEOMETRIC_REPRESENTATION_ITEM() RATIONAL_B_SPLINE_CURVE((1.,
0.707106781187,1.)) REPRESENTATION_ITEM('') );
#803 = CARTESIAN_POINT('',(10.71934723371,-8.454130472116,74.));
#804 = CARTESIAN_POINT('',(10.912564888334,-8.628104429769,74.));
#805 = CARTESIAN_POINT('',(11.086538845987,-8.434886775145,74.));
#806 = ORIENTED_EDGE('',*,*,#807,.F.);
#807 = EDGE_CURVE('',#808,#800,#810,.T.);
#808 = VERTEX_POINT('',#809);
#809 = CARTESIAN_POINT('',(9.528294754391,-9.776928261465,74.));
#810 = ( BOUNDED_CURVE() B_SPLINE_CURVE(2,(#811,#812,#813,#814,#815),
.UNSPECIFIED.,.F.,.F.) B_SPLINE_CURVE_WITH_KNOTS((3,2,3),(0.,
1.570796326795,3.14159265359),.PIECEWISE_BEZIER_KNOTS.) CURVE() 
GEOMETRIC_REPRESENTATION_ITEM() RATIONAL_B_SPLINE_CURVE((1.,
0.707106781187,1.,0.707106781187,1.)) REPRESENTATION_ITEM('') );
#811 = CARTESIAN_POINT('',(9.528294754391,-9.776928261465,74.));
#812 = CARTESIAN_POINT('',(8.866895859716,-9.181402021806,74.));
#813 = CARTESIAN_POINT('',(9.462422099376,-8.520003127131,74.));
#814 = CARTESIAN_POINT('',(10.057948339035,-7.858604232456,74.));
#815 = CARTESIAN_POINT('',(10.71934723371,-8.454130472116,74.));
#816 = ORIENTED_EDGE('',*,*,#817,.F.);
#817 = EDGE_CURVE('',#818,#808,#820,.T.);
#818 = VERTEX_POINT('',#819);
#819 = CARTESIAN_POINT('',(9.547538451362,-10.14411987374,74.));
#820 = ( BOUNDED_CURVE() B_SPLINE_CURVE(2,(#821,#822,#823),
.UNSPECIFIED.,.F.,.F.) B_SPLINE_CURVE_WITH_KNOTS((3,3),(0.,
1.570796326795),.PIECEWISE_BEZIER_KNOTS.) CURVE() 
GEOMETRIC_REPRESENTATION_ITEM() RATIONAL_B_SPLINE_CURVE((1.,
0.707106781187,1.)) REPRESENTATION_ITEM('') );
#821 = CARTESIAN_POINT('',(9.547538451362,-10.14411987374,74.));
#822 = CARTESIAN_POINT('',(9.721512409015,-9.950902219119,74.));
#823 = CARTESIAN_POINT('',(9.528294754391,-9.776928261465,74.));
#824 = ORIENTED_EDGE('',*,*,#825,.F.);
#825 = EDGE_CURVE('',#826,#818,#828,.T.);
#826 = VERTEX_POINT('',#827);
#827 = CARTESIAN_POINT('',(9.090559801368,-10.55558529835,74.));
#828 = ( BOUNDED_CURVE() B_SPLINE_CURVE(2,(#829,#830,#831),
.UNSPECIFIED.,.F.,.F.) B_SPLINE_CURVE_WITH_KNOTS((3,3),(0.,
4.414598448277E-02),.PIECEWISE_BEZIER_KNOTS.) CURVE() 
GEOMETRIC_REPRESENTATION_ITEM() RATIONAL_B_SPLINE_CURVE((1.,
0.999756401397,1.)) REPRESENTATION_ITEM('') );
#829 = CARTESIAN_POINT('',(9.090559801368,-10.55558529835,74.));
#830 = CARTESIAN_POINT('',(9.323591000578,-10.35489684839,74.));
#831 = CARTESIAN_POINT('',(9.547538451362,-10.14411987374,74.));
#832 = ORIENTED_EDGE('',*,*,#833,.F.);
#833 = EDGE_CURVE('',#834,#826,#836,.T.);
#834 = VERTEX_POINT('',#835);
#835 = CARTESIAN_POINT('',(8.727391217234,-10.49806504541,74.));
#836 = ( BOUNDED_CURVE() B_SPLINE_CURVE(2,(#837,#838,#839),
.UNSPECIFIED.,.F.,.F.) B_SPLINE_CURVE_WITH_KNOTS((3,3),(0.,
1.570796326795),.PIECEWISE_BEZIER_KNOTS.) CURVE() 
GEOMETRIC_REPRESENTATION_ITEM() RATIONAL_B_SPLINE_CURVE((1.,
0.707106781187,1.)) REPRESENTATION_ITEM('') );
#837 = CARTESIAN_POINT('',(8.727391217234,-10.49806504541,74.));
#838 = CARTESIAN_POINT('',(8.88021538283,-10.70840946395,74.));
#839 = CARTESIAN_POINT('',(9.090559801368,-10.55558529835,74.));
#840 = ORIENTED_EDGE('',*,*,#841,.F.);
#841 = EDGE_CURVE('',#842,#834,#844,.T.);
#842 = VERTEX_POINT('',#843);
#843 = CARTESIAN_POINT('',(7.287340967247,-11.54432279449,74.));
#844 = ( BOUNDED_CURVE() B_SPLINE_CURVE(2,(#845,#846,#847,#848,#849),
.UNSPECIFIED.,.F.,.F.) B_SPLINE_CURVE_WITH_KNOTS((3,2,3),(0.,
1.570796326795,3.14159265359),.PIECEWISE_BEZIER_KNOTS.) CURVE() 
GEOMETRIC_REPRESENTATION_ITEM() RATIONAL_B_SPLINE_CURVE((1.,
0.707106781187,1.,0.707106781187,1.)) REPRESENTATION_ITEM('') );
#845 = CARTESIAN_POINT('',(7.287340967247,-11.54432279449,74.));
#846 = CARTESIAN_POINT('',(6.764212092707,-10.8242976695,74.));
#847 = CARTESIAN_POINT('',(7.4842372177,-10.30116879496,74.));
#848 = CARTESIAN_POINT('',(8.204262342694,-9.77803992042,74.));
#849 = CARTESIAN_POINT('',(8.727391217234,-10.49806504541,74.));
#850 = ORIENTED_EDGE('',*,*,#851,.F.);
#851 = EDGE_CURVE('',#852,#842,#854,.T.);
#852 = VERTEX_POINT('',#853);
#853 = CARTESIAN_POINT('',(7.229820714306,-11.90749137862,74.));
#854 = ( BOUNDED_CURVE() B_SPLINE_CURVE(2,(#855,#856,#857),
.UNSPECIFIED.,.F.,.F.) B_SPLINE_CURVE_WITH_KNOTS((3,3),(0.,
1.570796326795),.PIECEWISE_BEZIER_KNOTS.) CURVE() 
GEOMETRIC_REPRESENTATION_ITEM() RATIONAL_B_SPLINE_CURVE((1.,
0.707106781187,1.)) REPRESENTATION_ITEM('') );
#855 = CARTESIAN_POINT('',(7.229820714306,-11.90749137862,74.));
#856 = CARTESIAN_POINT('',(7.440165132843,-11.75466721303,74.));
#857 = CARTESIAN_POINT('',(7.287340967247,-11.54432279449,74.));
#858 = ORIENTED_EDGE('',*,*,#859,.F.);
#859 = EDGE_CURVE('',#860,#852,#862,.T.);
#860 = VERTEX_POINT('',#861);
#861 = CARTESIAN_POINT('',(6.697279672083,-12.21495409271,74.));
#862 = ( BOUNDED_CURVE() B_SPLINE_CURVE(2,(#863,#864,#865),
.UNSPECIFIED.,.F.,.F.) B_SPLINE_CURVE_WITH_KNOTS((3,3),(0.,
4.414598448277E-02),.PIECEWISE_BEZIER_KNOTS.) CURVE() 
GEOMETRIC_REPRESENTATION_ITEM() RATIONAL_B_SPLINE_CURVE((1.,
0.999756401397,1.)) REPRESENTATION_ITEM('') );
#863 = CARTESIAN_POINT('',(6.697279672083,-12.21495409271,74.));
#864 = CARTESIAN_POINT('',(6.966944055446,-12.06710107752,74.));
#865 = CARTESIAN_POINT('',(7.229820714306,-11.90749137862,74.));
#866 = ORIENTED_EDGE('',*,*,#867,.F.);
#867 = EDGE_CURVE('',#868,#860,#870,.T.);
#868 = VERTEX_POINT('',#869);
#869 = CARTESIAN_POINT('',(6.354006325896,-12.08318380092,74.));
#870 = ( BOUNDED_CURVE() B_SPLINE_CURVE(2,(#871,#872,#873),
.UNSPECIFIED.,.F.,.F.) B_SPLINE_CURVE_WITH_KNOTS((3,3),(0.,
1.570796326795),.PIECEWISE_BEZIER_KNOTS.) CURVE() 
GEOMETRIC_REPRESENTATION_ITEM() RATIONAL_B_SPLINE_CURVE((1.,
0.707106781187,1.)) REPRESENTATION_ITEM('') );
#871 = CARTESIAN_POINT('',(6.354006325896,-12.08318380092,74.));
#872 = CARTESIAN_POINT('',(6.459757853096,-12.3207056199,74.));
#873 = CARTESIAN_POINT('',(6.697279672083,-12.21495409271,74.));
#874 = ORIENTED_EDGE('',*,*,#875,.F.);
#875 = EDGE_CURVE('',#876,#868,#878,.T.);
#876 = VERTEX_POINT('',#877);
#877 = CARTESIAN_POINT('',(4.727895411293,-12.80717502559,74.));
#878 = ( BOUNDED_CURVE() B_SPLINE_CURVE(2,(#879,#880,#881,#882,#883),
.UNSPECIFIED.,.F.,.F.) B_SPLINE_CURVE_WITH_KNOTS((3,2,3),(0.,
1.570796326795,3.14159265359),.PIECEWISE_BEZIER_KNOTS.) CURVE() 
GEOMETRIC_REPRESENTATION_ITEM() RATIONAL_B_SPLINE_CURVE((1.,
0.707106781187,1.,0.707106781187,1.)) REPRESENTATION_ITEM('') );
#879 = CARTESIAN_POINT('',(4.727895411293,-12.80717502559,74.));
#880 = CARTESIAN_POINT('',(4.365899798955,-11.99411956829,74.));
#881 = CARTESIAN_POINT('',(5.178955256257,-11.63212395595,74.));
#882 = CARTESIAN_POINT('',(5.992010713559,-11.27012834362,74.));
#883 = CARTESIAN_POINT('',(6.354006325896,-12.08318380092,74.));
#884 = ORIENTED_EDGE('',*,*,#885,.F.);
#885 = EDGE_CURVE('',#886,#876,#888,.T.);
#886 = VERTEX_POINT('',#887);
#887 = CARTESIAN_POINT('',(4.596125119505,-13.15044837178,74.));
#888 = ( BOUNDED_CURVE() B_SPLINE_CURVE(2,(#889,#890,#891),
.UNSPECIFIED.,.F.,.F.) B_SPLINE_CURVE_WITH_KNOTS((3,3),(0.,
1.570796326795),.PIECEWISE_BEZIER_KNOTS.) CURVE() 
GEOMETRIC_REPRESENTATION_ITEM() RATIONAL_B_SPLINE_CURVE((1.,
0.707106781187,1.)) REPRESENTATION_ITEM('') );
#889 = CARTESIAN_POINT('',(4.596125119505,-13.15044837178,74.));
#890 = CARTESIAN_POINT('',(4.833646938492,-13.04469684458,74.));
#891 = CARTESIAN_POINT('',(4.727895411293,-12.80717502559,74.));
#892 = ORIENTED_EDGE('',*,*,#893,.F.);
#893 = EDGE_CURVE('',#894,#886,#896,.T.);
#894 = VERTEX_POINT('',#895);
#895 = CARTESIAN_POINT('',(4.011296284015,-13.34047077936,74.));
#896 = ( BOUNDED_CURVE() B_SPLINE_CURVE(2,(#897,#898,#899),
.UNSPECIFIED.,.F.,.F.) B_SPLINE_CURVE_WITH_KNOTS((3,3),(0.,
4.414598448277E-02),.PIECEWISE_BEZIER_KNOTS.) CURVE() 
GEOMETRIC_REPRESENTATION_ITEM() RATIONAL_B_SPLINE_CURVE((1.,
0.999756401397,1.)) REPRESENTATION_ITEM('') );
#897 = CARTESIAN_POINT('',(4.011296284015,-13.34047077936,74.));
#898 = CARTESIAN_POINT('',(4.305808223985,-13.25191508519,74.));
#899 = CARTESIAN_POINT('',(4.596125119505,-13.15044837178,74.));
#900 = ORIENTED_EDGE('',*,*,#901,.F.);
#901 = EDGE_CURVE('',#902,#894,#904,.T.);
#902 = VERTEX_POINT('',#903);
#903 = CARTESIAN_POINT('',(3.702920868211,-13.14020944278,74.));
#904 = ( BOUNDED_CURVE() B_SPLINE_CURVE(2,(#905,#906,#907),
.UNSPECIFIED.,.F.,.F.) B_SPLINE_CURVE_WITH_KNOTS((3,3),(0.,
1.570796326795),.PIECEWISE_BEZIER_KNOTS.) CURVE() 
GEOMETRIC_REPRESENTATION_ITEM() RATIONAL_B_SPLINE_CURVE((1.,
0.707106781187,1.)) REPRESENTATION_ITEM('') );
#905 = CARTESIAN_POINT('',(3.702920868211,-13.14020944278,74.));
#906 = CARTESIAN_POINT('',(3.756977907824,-13.39452781897,74.));
#907 = CARTESIAN_POINT('',(4.011296284015,-13.34047077936,74.));
#908 = ORIENTED_EDGE('',*,*,#909,.F.);
#909 = EDGE_CURVE('',#910,#902,#912,.T.);
#910 = VERTEX_POINT('',#911);
#911 = CARTESIAN_POINT('',(1.961818138905,-13.51029225243,74.));
#912 = ( BOUNDED_CURVE() B_SPLINE_CURVE(2,(#913,#914,#915,#916,#917),
.UNSPECIFIED.,.F.,.F.) B_SPLINE_CURVE_WITH_KNOTS((3,2,3),(0.,
1.570796326795,3.14159265359),.PIECEWISE_BEZIER_KNOTS.) CURVE() 
GEOMETRIC_REPRESENTATION_ITEM() RATIONAL_B_SPLINE_CURVE((1.,
0.707106781187,1.,0.707106781187,1.)) REPRESENTATION_ITEM('') );
#913 = CARTESIAN_POINT('',(1.961818138905,-13.51029225243,74.));
#914 = CARTESIAN_POINT('',(1.776776734077,-12.63974088778,74.));
#915 = CARTESIAN_POINT('',(2.647328098731,-12.45469948295,74.));
#916 = CARTESIAN_POINT('',(3.517879463384,-12.26965807812,74.));
#917 = CARTESIAN_POINT('',(3.702920868211,-13.14020944278,74.));
#918 = ORIENTED_EDGE('',*,*,#919,.F.);
#919 = EDGE_CURVE('',#920,#910,#922,.T.);
#920 = VERTEX_POINT('',#921);
#921 = CARTESIAN_POINT('',(1.761556802327,-13.81866766824,74.));
#922 = ( BOUNDED_CURVE() B_SPLINE_CURVE(2,(#923,#924,#925),
.UNSPECIFIED.,.F.,.F.) B_SPLINE_CURVE_WITH_KNOTS((3,3),(0.,
1.570796326795),.PIECEWISE_BEZIER_KNOTS.) CURVE() 
GEOMETRIC_REPRESENTATION_ITEM() RATIONAL_B_SPLINE_CURVE((1.,
0.707106781187,1.)) REPRESENTATION_ITEM('') );
#923 = CARTESIAN_POINT('',(1.761556802327,-13.81866766824,74.));
#924 = CARTESIAN_POINT('',(2.015875178518,-13.76461062862,74.));
#925 = CARTESIAN_POINT('',(1.961818138905,-13.51029225243,74.));
#926 = ORIENTED_EDGE('',*,*,#927,.F.);
#927 = EDGE_CURVE('',#928,#920,#930,.T.);
#928 = VERTEX_POINT('',#929);
#929 = CARTESIAN_POINT('',(1.15,-13.88294487827,74.));
#930 = ( BOUNDED_CURVE() B_SPLINE_CURVE(2,(#931,#932,#933),
.UNSPECIFIED.,.F.,.F.) B_SPLINE_CURVE_WITH_KNOTS((3,3),(0.,
4.414598448277E-02),.PIECEWISE_BEZIER_KNOTS.) CURVE() 
GEOMETRIC_REPRESENTATION_ITEM() RATIONAL_B_SPLINE_CURVE((1.,
0.999756401397,1.)) REPRESENTATION_ITEM('') );
#931 = CARTESIAN_POINT('',(1.15,-13.88294487827,74.));
#932 = CARTESIAN_POINT('',(1.456487911575,-13.85755681389,74.));
#933 = CARTESIAN_POINT('',(1.761556802327,-13.81866766824,74.));
#934 = ORIENTED_EDGE('',*,*,#935,.F.);
#935 = EDGE_CURVE('',#936,#928,#938,.T.);
#936 = VERTEX_POINT('',#937);
#937 = CARTESIAN_POINT('',(0.89,-13.62294487827,74.));
#938 = ( BOUNDED_CURVE() B_SPLINE_CURVE(2,(#939,#940,#941),
.UNSPECIFIED.,.F.,.F.) B_SPLINE_CURVE_WITH_KNOTS((3,3),(0.,
1.570796326795),.PIECEWISE_BEZIER_KNOTS.) CURVE() 
GEOMETRIC_REPRESENTATION_ITEM() RATIONAL_B_SPLINE_CURVE((1.,
0.707106781187,1.)) REPRESENTATION_ITEM('') );
#939 = CARTESIAN_POINT('',(0.89,-13.62294487827,74.));
#940 = CARTESIAN_POINT('',(0.89,-13.88294487827,74.));
#941 = CARTESIAN_POINT('',(1.15,-13.88294487827,74.));
#942 = ORIENTED_EDGE('',*,*,#943,.F.);
#943 = EDGE_CURVE('',#944,#936,#946,.T.);
#944 = VERTEX_POINT('',#945);
#945 = CARTESIAN_POINT('',(-0.89,-13.62294487827,74.));
#946 = ( BOUNDED_CURVE() B_SPLINE_CURVE(2,(#947,#948,#949,#950,#951),
.UNSPECIFIED.,.F.,.F.) B_SPLINE_CURVE_WITH_KNOTS((3,2,3),(0.,
1.570796326795,3.14159265359),.PIECEWISE_BEZIER_KNOTS.) CURVE() 
GEOMETRIC_REPRESENTATION_ITEM() RATIONAL_B_SPLINE_CURVE((1.,
0.707106781187,1.,0.707106781187,1.)) REPRESENTATION_ITEM('') );
#947 = CARTESIAN_POINT('',(-0.89,-13.62294487827,74.));
#948 = CARTESIAN_POINT('',(-0.89,-12.73294487827,74.));
#949 = CARTESIAN_POINT('',(-8.44E-15,-12.73294487827,74.));
#950 = CARTESIAN_POINT('',(0.89,-12.73294487827,74.));
#951 = CARTESIAN_POINT('',(0.89,-13.62294487827,74.));
#952 = ORIENTED_EDGE('',*,*,#953,.F.);
#953 = EDGE_CURVE('',#954,#944,#956,.T.);
#954 = VERTEX_POINT('',#955);
#955 = CARTESIAN_POINT('',(-1.15,-13.88294487827,74.));
#956 = ( BOUNDED_CURVE() B_SPLINE_CURVE(2,(#957,#958,#959),
.UNSPECIFIED.,.F.,.F.) B_SPLINE_CURVE_WITH_KNOTS((3,3),(0.,
1.570796326795),.PIECEWISE_BEZIER_KNOTS.) CURVE() 
GEOMETRIC_REPRESENTATION_ITEM() RATIONAL_B_SPLINE_CURVE((1.,
0.707106781187,1.)) REPRESENTATION_ITEM('') );
#957 = CARTESIAN_POINT('',(-1.15,-13.88294487827,74.));
#958 = CARTESIAN_POINT('',(-0.89,-13.88294487827,74.));
#959 = CARTESIAN_POINT('',(-0.89,-13.62294487827,74.));
#960 = ORIENTED_EDGE('',*,*,#961,.F.);
#961 = EDGE_CURVE('',#962,#954,#964,.T.);
#962 = VERTEX_POINT('',#963);
#963 = CARTESIAN_POINT('',(-1.761556802327,-13.81866766824,74.));
#964 = ( BOUNDED_CURVE() B_SPLINE_CURVE(2,(#965,#966,#967),
.UNSPECIFIED.,.F.,.F.) B_SPLINE_CURVE_WITH_KNOTS((3,3),(0.,
4.414598448277E-02),.PIECEWISE_BEZIER_KNOTS.) CURVE() 
GEOMETRIC_REPRESENTATION_ITEM() RATIONAL_B_SPLINE_CURVE((1.,
0.999756401397,1.)) REPRESENTATION_ITEM('') );
#965 = CARTESIAN_POINT('',(-1.761556802327,-13.81866766824,74.));
#966 = CARTESIAN_POINT('',(-1.456487911575,-13.85755681389,74.));
#967 = CARTESIAN_POINT('',(-1.15,-13.88294487827,74.));
#968 = ORIENTED_EDGE('',*,*,#969,.F.);
#969 = EDGE_CURVE('',#970,#962,#972,.T.);
#970 = VERTEX_POINT('',#971);
#971 = CARTESIAN_POINT('',(-1.961818138905,-13.51029225243,74.));
#972 = ( BOUNDED_CURVE() B_SPLINE_CURVE(2,(#973,#974,#975),
.UNSPECIFIED.,.F.,.F.) B_SPLINE_CURVE_WITH_KNOTS((3,3),(0.,
1.570796326795),.PIECEWISE_BEZIER_KNOTS.) CURVE() 
GEOMETRIC_REPRESENTATION_ITEM() RATIONAL_B_SPLINE_CURVE((1.,
0.707106781187,1.)) REPRESENTATION_ITEM('') );
#973 = CARTESIAN_POINT('',(-1.961818138905,-13.51029225243,74.));
#974 = CARTESIAN_POINT('',(-2.015875178518,-13.76461062862,74.));
#975 = CARTESIAN_POINT('',(-1.761556802327,-13.81866766824,74.));
#976 = ORIENTED_EDGE('',*,*,#977,.F.);
#977 = EDGE_CURVE('',#978,#970,#980,.T.);
#978 = VERTEX_POINT('',#979);
#979 = CARTESIAN_POINT('',(-3.702920868211,-13.14020944278,74.));
#980 = ( BOUNDED_CURVE() B_SPLINE_CURVE(2,(#981,#982,#983,#984,#985),
.UNSPECIFIED.,.F.,.F.) B_SPLINE_CURVE_WITH_KNOTS((3,2,3),(0.,
1.570796326795,3.14159265359),.PIECEWISE_BEZIER_KNOTS.) CURVE() 
GEOMETRIC_REPRESENTATION_ITEM() RATIONAL_B_SPLINE_CURVE((1.,
0.707106781187,1.,0.707106781187,1.)) REPRESENTATION_ITEM('') );
#981 = CARTESIAN_POINT('',(-3.702920868211,-13.14020944278,74.));
#982 = CARTESIAN_POINT('',(-3.517879463384,-12.26965807812,74.));
#983 = CARTESIAN_POINT('',(-2.647328098731,-12.45469948295,74.));
#984 = CARTESIAN_POINT('',(-1.776776734077,-12.63974088778,74.));
#985 = CARTESIAN_POINT('',(-1.961818138905,-13.51029225243,74.));
#986 = ORIENTED_EDGE('',*,*,#987,.F.);
#987 = EDGE_CURVE('',#988,#978,#990,.T.);
#988 = VERTEX_POINT('',#989);
#989 = CARTESIAN_POINT('',(-4.011296284015,-13.34047077936,74.));
#990 = ( BOUNDED_CURVE() B_SPLINE_CURVE(2,(#991,#992,#993),
.UNSPECIFIED.,.F.,.F.) B_SPLINE_CURVE_WITH_KNOTS((3,3),(0.,
1.570796326795),.PIECEWISE_BEZIER_KNOTS.) CURVE() 
GEOMETRIC_REPRESENTATION_ITEM() RATIONAL_B_SPLINE_CURVE((1.,
0.707106781187,1.)) REPRESENTATION_ITEM('') );
#991 = CARTESIAN_POINT('',(-4.011296284015,-13.34047077936,74.));
#992 = CARTESIAN_POINT('',(-3.756977907824,-13.39452781897,74.));
#993 = CARTESIAN_POINT('',(-3.702920868211,-13.14020944278,74.));
#994 = ORIENTED_EDGE('',*,*,#995,.F.);
#995 = EDGE_CURVE('',#996,#988,#998,.T.);
#996 = VERTEX_POINT('',#997);
#997 = CARTESIAN_POINT('',(-4.596125119505,-13.15044837178,74.));
#998 = ( BOUNDED_CURVE() B_SPLINE_CURVE(2,(#999,#1000,#1001),
.UNSPECIFIED.,.F.,.F.) B_SPLINE_CURVE_WITH_KNOTS((3,3),(0.,
4.414598448277E-02),.PIECEWISE_BEZIER_KNOTS.) CURVE() 
GEOMETRIC_REPRESENTATION_ITEM() RATIONAL_B_SPLINE_CURVE((1.,
0.999756401397,1.)) REPRESENTATION_ITEM('') );
#999 = CARTESIAN_POINT('',(-4.596125119505,-13.15044837178,74.));
#1000 = CARTESIAN_POINT('',(-4.305808223985,-13.25191508519,74.));
#1001 = CARTESIAN_POINT('',(-4.011296284015,-13.34047077936,74.));
#1002 = ORIENTED_EDGE('',*,*,#1003,.F.);
#1003 = EDGE_CURVE('',#1004,#996,#1006,.T.);
#1004 = VERTEX_POINT('',#1005);
#1005 = CARTESIAN_POINT('',(-4.727895411293,-12.80717502559,74.));
#1006 = ( BOUNDED_CURVE() B_SPLINE_CURVE(2,(#1007,#1008,#1009),
.UNSPECIFIED.,.F.,.F.) B_SPLINE_CURVE_WITH_KNOTS((3,3),(0.,
1.570796326795),.PIECEWISE_BEZIER_KNOTS.) CURVE() 
GEOMETRIC_REPRESENTATION_ITEM() RATIONAL_B_SPLINE_CURVE((1.,
0.707106781187,1.)) REPRESENTATION_ITEM('') );
#1007 = CARTESIAN_POINT('',(-4.727895411293,-12.80717502559,74.));
#1008 = CARTESIAN_POINT('',(-4.833646938492,-13.04469684458,74.));
#1009 = CARTESIAN_POINT('',(-4.596125119505,-13.15044837178,74.));
#1010 = ORIENTED_EDGE('',*,*,#1011,.F.);
#1011 = EDGE_CURVE('',#1012,#1004,#1014,.T.);
#1012 = VERTEX_POINT('',#1013);
#1013 = CARTESIAN_POINT('',(-6.354006325896,-12.08318380092,74.));
#1014 = ( BOUNDED_CURVE() B_SPLINE_CURVE(2,(#1015,#1016,#1017,#1018,
#1019),.UNSPECIFIED.,.F.,.F.) B_SPLINE_CURVE_WITH_KNOTS((3,2,3),(0.,
1.570796326795,3.14159265359),.PIECEWISE_BEZIER_KNOTS.) CURVE() 
GEOMETRIC_REPRESENTATION_ITEM() RATIONAL_B_SPLINE_CURVE((1.,
0.707106781187,1.,0.707106781187,1.)) REPRESENTATION_ITEM('') );
#1015 = CARTESIAN_POINT('',(-6.354006325896,-12.08318380092,74.));
#1016 = CARTESIAN_POINT('',(-5.992010713559,-11.27012834362,74.));
#1017 = CARTESIAN_POINT('',(-5.178955256257,-11.63212395595,74.));
#1018 = CARTESIAN_POINT('',(-4.365899798955,-11.99411956829,74.));
#1019 = CARTESIAN_POINT('',(-4.727895411293,-12.80717502559,74.));
#1020 = ORIENTED_EDGE('',*,*,#1021,.F.);
#1021 = EDGE_CURVE('',#1022,#1012,#1024,.T.);
#1022 = VERTEX_POINT('',#1023);
#1023 = CARTESIAN_POINT('',(-6.697279672083,-12.21495409271,74.));
#1024 = ( BOUNDED_CURVE() B_SPLINE_CURVE(2,(#1025,#1026,#1027),
.UNSPECIFIED.,.F.,.F.) B_SPLINE_CURVE_WITH_KNOTS((3,3),(0.,
1.570796326795),.PIECEWISE_BEZIER_KNOTS.) CURVE() 
GEOMETRIC_REPRESENTATION_ITEM() RATIONAL_B_SPLINE_CURVE((1.,
0.707106781187,1.)) REPRESENTATION_ITEM('') );
#1025 = CARTESIAN_POINT('',(-6.697279672083,-12.21495409271,74.));
#1026 = CARTESIAN_POINT('',(-6.459757853096,-12.3207056199,74.));
#1027 = CARTESIAN_POINT('',(-6.354006325896,-12.08318380092,74.));
#1028 = ORIENTED_EDGE('',*,*,#1029,.F.);
#1029 = EDGE_CURVE('',#1030,#1022,#1032,.T.);
#1030 = VERTEX_POINT('',#1031);
#1031 = CARTESIAN_POINT('',(-7.229820714306,-11.90749137862,74.));
#1032 = ( BOUNDED_CURVE() B_SPLINE_CURVE(2,(#1033,#1034,#1035),
.UNSPECIFIED.,.F.,.F.) B_SPLINE_CURVE_WITH_KNOTS((3,3),(0.,
4.414598448277E-02),.PIECEWISE_BEZIER_KNOTS.) CURVE() 
GEOMETRIC_REPRESENTATION_ITEM() RATIONAL_B_SPLINE_CURVE((1.,
0.999756401397,1.)) REPRESENTATION_ITEM('') );
#1033 = CARTESIAN_POINT('',(-7.229820714306,-11.90749137862,74.));
#1034 = CARTESIAN_POINT('',(-6.966944055446,-12.06710107752,74.));
#1035 = CARTESIAN_POINT('',(-6.697279672083,-12.21495409271,74.));
#1036 = ORIENTED_EDGE('',*,*,#1037,.F.);
#1037 = EDGE_CURVE('',#1038,#1030,#1040,.T.);
#1038 = VERTEX_POINT('',#1039);
#1039 = CARTESIAN_POINT('',(-7.287340967247,-11.54432279449,74.));
#1040 = ( BOUNDED_CURVE() B_SPLINE_CURVE(2,(#1041,#1042,#1043),
.UNSPECIFIED.,.F.,.F.) B_SPLINE_CURVE_WITH_KNOTS((3,3),(0.,
1.570796326795),.PIECEWISE_BEZIER_KNOTS.) CURVE() 
GEOMETRIC_REPRESENTATION_ITEM() RATIONAL_B_SPLINE_CURVE((1.,
0.707106781187,1.)) REPRESENTATION_ITEM('') );
#1041 = CARTESIAN_POINT('',(-7.287340967247,-11.54432279449,74.));
#1042 = CARTESIAN_POINT('',(-7.440165132843,-11.75466721303,74.));
#1043 = CARTESIAN_POINT('',(-7.229820714306,-11.90749137862,74.));
#1044 = ORIENTED_EDGE('',*,*,#1045,.F.);
#1045 = EDGE_CURVE('',#1046,#1038,#1048,.T.);
#1046 = VERTEX_POINT('',#1047);
#1047 = CARTESIAN_POINT('',(-8.727391217234,-10.49806504541,74.));
#1048 = ( BOUNDED_CURVE() B_SPLINE_CURVE(2,(#1049,#1050,#1051,#1052,
#1053),.UNSPECIFIED.,.F.,.F.) B_SPLINE_CURVE_WITH_KNOTS((3,2,3),(0.,
1.570796326795,3.14159265359),.PIECEWISE_BEZIER_KNOTS.) CURVE() 
GEOMETRIC_REPRESENTATION_ITEM() RATIONAL_B_SPLINE_CURVE((1.,
0.707106781187,1.,0.707106781187,1.)) REPRESENTATION_ITEM('') );
#1049 = CARTESIAN_POINT('',(-8.727391217234,-10.49806504541,74.));
#1050 = CARTESIAN_POINT('',(-8.204262342694,-9.77803992042,74.));
#1051 = CARTESIAN_POINT('',(-7.4842372177,-10.30116879496,74.));
#1052 = CARTESIAN_POINT('',(-6.764212092707,-10.8242976695,74.));
#1053 = CARTESIAN_POINT('',(-7.287340967247,-11.54432279449,74.));
#1054 = ORIENTED_EDGE('',*,*,#1055,.F.);
#1055 = EDGE_CURVE('',#1056,#1046,#1058,.T.);
#1056 = VERTEX_POINT('',#1057);
#1057 = CARTESIAN_POINT('',(-9.090559801368,-10.55558529835,74.));
#1058 = ( BOUNDED_CURVE() B_SPLINE_CURVE(2,(#1059,#1060,#1061),
.UNSPECIFIED.,.F.,.F.) B_SPLINE_CURVE_WITH_KNOTS((3,3),(0.,
1.570796326795),.PIECEWISE_BEZIER_KNOTS.) CURVE() 
GEOMETRIC_REPRESENTATION_ITEM() RATIONAL_B_SPLINE_CURVE((1.,
0.707106781187,1.)) REPRESENTATION_ITEM('') );
#1059 = CARTESIAN_POINT('',(-9.090559801368,-10.55558529835,74.));
#1060 = CARTESIAN_POINT('',(-8.88021538283,-10.70840946395,74.));
#1061 = CARTESIAN_POINT('',(-8.727391217234,-10.49806504541,74.));
#1062 = ORIENTED_EDGE('',*,*,#1063,.F.);
#1063 = EDGE_CURVE('',#1064,#1056,#1066,.T.);
#1064 = VERTEX_POINT('',#1065);
#1065 = CARTESIAN_POINT('',(-9.547538451362,-10.14411987374,74.));
#1066 = ( BOUNDED_CURVE() B_SPLINE_CURVE(2,(#1067,#1068,#1069),
.UNSPECIFIED.,.F.,.F.) B_SPLINE_CURVE_WITH_KNOTS((3,3),(0.,
4.414598448277E-02),.PIECEWISE_BEZIER_KNOTS.) CURVE() 
GEOMETRIC_REPRESENTATION_ITEM() RATIONAL_B_SPLINE_CURVE((1.,
0.999756401397,1.)) REPRESENTATION_ITEM('') );
#1067 = CARTESIAN_POINT('',(-9.547538451362,-10.14411987374,74.));
#1068 = CARTESIAN_POINT('',(-9.323591000578,-10.35489684839,74.));
#1069 = CARTESIAN_POINT('',(-9.090559801368,-10.55558529835,74.));
#1070 = ORIENTED_EDGE('',*,*,#1071,.F.);
#1071 = EDGE_CURVE('',#1072,#1064,#1074,.T.);
#1072 = VERTEX_POINT('',#1073);
#1073 = CARTESIAN_POINT('',(-9.528294754391,-9.776928261465,74.));
#1074 = ( BOUNDED_CURVE() B_SPLINE_CURVE(2,(#1075,#1076,#1077),
.UNSPECIFIED.,.F.,.F.) B_SPLINE_CURVE_WITH_KNOTS((3,3),(0.,
1.570796326795),.PIECEWISE_BEZIER_KNOTS.) CURVE() 
GEOMETRIC_REPRESENTATION_ITEM() RATIONAL_B_SPLINE_CURVE((1.,
0.707106781187,1.)) REPRESENTATION_ITEM('') );
#1075 = CARTESIAN_POINT('',(-9.528294754391,-9.776928261465,74.));
#1076 = CARTESIAN_POINT('',(-9.721512409015,-9.950902219119,74.));
#1077 = CARTESIAN_POINT('',(-9.547538451362,-10.14411987374,74.));
#1078 = ORIENTED_EDGE('',*,*,#1079,.F.);
#1079 = EDGE_CURVE('',#1080,#1072,#1082,.T.);
#1080 = VERTEX_POINT('',#1081);
#1081 = CARTESIAN_POINT('',(-10.71934723371,-8.454130472116,74.));
#1082 = ( BOUNDED_CURVE() B_SPLINE_CURVE(2,(#1083,#1084,#1085,#1086,
#1087),.UNSPECIFIED.,.F.,.F.) B_SPLINE_CURVE_WITH_KNOTS((3,2,3),(0.,
1.570796326795,3.14159265359),.PIECEWISE_BEZIER_KNOTS.) CURVE() 
GEOMETRIC_REPRESENTATION_ITEM() RATIONAL_B_SPLINE_CURVE((1.,
0.707106781187,1.,0.707106781187,1.)) REPRESENTATION_ITEM('') );
#1083 = CARTESIAN_POINT('',(-10.71934723371,-8.454130472116,74.));
#1084 = CARTESIAN_POINT('',(-10.05794833903,-7.858604232456,74.));
#1085 = CARTESIAN_POINT('',(-9.462422099376,-8.520003127131,74.));
#1086 = CARTESIAN_POINT('',(-8.866895859716,-9.181402021806,74.));
#1087 = CARTESIAN_POINT('',(-9.528294754391,-9.776928261465,74.));
#1088 = ORIENTED_EDGE('',*,*,#1089,.F.);
#1089 = EDGE_CURVE('',#1090,#1080,#1092,.T.);
#1090 = VERTEX_POINT('',#1091);
#1091 = CARTESIAN_POINT('',(-11.08653884598,-8.434886775145,74.));
#1092 = ( BOUNDED_CURVE() B_SPLINE_CURVE(2,(#1093,#1094,#1095),
.UNSPECIFIED.,.F.,.F.) B_SPLINE_CURVE_WITH_KNOTS((3,3),(0.,
1.570796326795),.PIECEWISE_BEZIER_KNOTS.) CURVE() 
GEOMETRIC_REPRESENTATION_ITEM() RATIONAL_B_SPLINE_CURVE((1.,
0.707106781187,1.)) REPRESENTATION_ITEM('') );
#1093 = CARTESIAN_POINT('',(-11.08653884598,-8.434886775145,74.));
#1094 = CARTESIAN_POINT('',(-10.91256488833,-8.628104429769,74.));
#1095 = CARTESIAN_POINT('',(-10.71934723371,-8.454130472116,74.));
#1096 = ORIENTED_EDGE('',*,*,#1097,.F.);
#1097 = EDGE_CURVE('',#1098,#1090,#1100,.T.);
#1098 = VERTEX_POINT('',#1099);
#1099 = CARTESIAN_POINT('',(-11.44798294392,-7.937401653487,74.));
#1100 = ( BOUNDED_CURVE() B_SPLINE_CURVE(2,(#1101,#1102,#1103),
.UNSPECIFIED.,.F.,.F.) B_SPLINE_CURVE_WITH_KNOTS((3,3),(0.,
4.414598448277E-02),.PIECEWISE_BEZIER_KNOTS.) CURVE() 
GEOMETRIC_REPRESENTATION_ITEM() RATIONAL_B_SPLINE_CURVE((1.,
0.999756401397,1.)) REPRESENTATION_ITEM('') );
#1101 = CARTESIAN_POINT('',(-11.44798294392,-7.937401653487,74.));
#1102 = CARTESIAN_POINT('',(-11.27275227943,-8.190133938676,74.));
#1103 = CARTESIAN_POINT('',(-11.08653884598,-8.434886775145,74.));
#1104 = ORIENTED_EDGE('',*,*,#1105,.F.);
#1105 = EDGE_CURVE('',#1106,#1098,#1108,.T.);
#1106 = VERTEX_POINT('',#1107);
#1107 = CARTESIAN_POINT('',(-11.35281633893,-7.582235048503,74.));
#1108 = ( BOUNDED_CURVE() B_SPLINE_CURVE(2,(#1109,#1110,#1111),
.UNSPECIFIED.,.F.,.F.) B_SPLINE_CURVE_WITH_KNOTS((3,3),(0.,
1.570796326795),.PIECEWISE_BEZIER_KNOTS.) CURVE() 
GEOMETRIC_REPRESENTATION_ITEM() RATIONAL_B_SPLINE_CURVE((1.,
0.707106781187,1.)) REPRESENTATION_ITEM('') );
#1109 = CARTESIAN_POINT('',(-11.35281633893,-7.582235048503,74.));
#1110 = CARTESIAN_POINT('',(-11.57798294392,-7.712235048503,74.));
#1111 = CARTESIAN_POINT('',(-11.44798294392,-7.937401653487,74.));
#1112 = ORIENTED_EDGE('',*,*,#1113,.F.);
#1113 = EDGE_CURVE('',#1114,#1106,#1116,.T.);
#1114 = VERTEX_POINT('',#1115);
#1115 = CARTESIAN_POINT('',(-12.24281633893,-6.040709829767,74.));
#1116 = ( BOUNDED_CURVE() B_SPLINE_CURVE(2,(#1117,#1118,#1119,#1120,
#1121),.UNSPECIFIED.,.F.,.F.) B_SPLINE_CURVE_WITH_KNOTS((3,2,3),(0.,
1.570796326795,3.14159265359),.PIECEWISE_BEZIER_KNOTS.) CURVE() 
GEOMETRIC_REPRESENTATION_ITEM() RATIONAL_B_SPLINE_CURVE((1.,
0.707106781187,1.,0.707106781187,1.)) REPRESENTATION_ITEM('') );
#1117 = CARTESIAN_POINT('',(-12.24281633893,-6.040709829767,74.));
#1118 = CARTESIAN_POINT('',(-11.47205372956,-5.595709829767,74.));
#1119 = CARTESIAN_POINT('',(-11.02705372956,-6.366472439135,74.));
#1120 = CARTESIAN_POINT('',(-10.58205372956,-7.137235048503,74.));
#1121 = CARTESIAN_POINT('',(-11.35281633893,-7.582235048503,74.));
#1122 = ORIENTED_EDGE('',*,*,#1123,.F.);
#1123 = EDGE_CURVE('',#1124,#1114,#1126,.T.);
#1124 = VERTEX_POINT('',#1125);
#1125 = CARTESIAN_POINT('',(-12.59798294392,-5.945543224783,74.));
#1126 = ( BOUNDED_CURVE() B_SPLINE_CURVE(2,(#1127,#1128,#1129),
.UNSPECIFIED.,.F.,.F.) B_SPLINE_CURVE_WITH_KNOTS((3,3),(0.,
1.570796326795),.PIECEWISE_BEZIER_KNOTS.) CURVE() 
GEOMETRIC_REPRESENTATION_ITEM() RATIONAL_B_SPLINE_CURVE((1.,
0.707106781187,1.)) REPRESENTATION_ITEM('') );
#1127 = CARTESIAN_POINT('',(-12.59798294392,-5.945543224783,74.));
#1128 = CARTESIAN_POINT('',(-12.46798294392,-6.170709829767,74.));
#1129 = CARTESIAN_POINT('',(-12.24281633893,-6.040709829767,74.));
#1130 = ORIENTED_EDGE('',*,*,#1131,.F.);
#1131 = EDGE_CURVE('',#1132,#1124,#1134,.T.);
#1132 = VERTEX_POINT('',#1133);
#1133 = CARTESIAN_POINT('',(-12.84809564831,-5.383780893096,74.));
#1134 = ( BOUNDED_CURVE() B_SPLINE_CURVE(2,(#1135,#1136,#1137),
.UNSPECIFIED.,.F.,.F.) B_SPLINE_CURVE_WITH_KNOTS((3,3),(0.,
4.414598448277E-02),.PIECEWISE_BEZIER_KNOTS.) CURVE() 
GEOMETRIC_REPRESENTATION_ITEM() RATIONAL_B_SPLINE_CURVE((1.,
0.999756401397,1.)) REPRESENTATION_ITEM('') );
#1135 = CARTESIAN_POINT('',(-12.84809564831,-5.383780893096,74.));
#1136 = CARTESIAN_POINT('',(-12.729240191,-5.667422875218,74.));
#1137 = CARTESIAN_POINT('',(-12.59798294392,-5.945543224783,74.));
#1138 = ORIENTED_EDGE('',*,*,#1139,.F.);
#1139 = EDGE_CURVE('',#1140,#1132,#1142,.T.);
#1140 = VERTEX_POINT('',#1141);
#1141 = CARTESIAN_POINT('',(-12.68116537261,-5.056161780321,74.));
#1142 = ( BOUNDED_CURVE() B_SPLINE_CURVE(2,(#1143,#1144,#1145),
.UNSPECIFIED.,.F.,.F.) B_SPLINE_CURVE_WITH_KNOTS((3,3),(0.,
1.570796326795),.PIECEWISE_BEZIER_KNOTS.) CURVE() 
GEOMETRIC_REPRESENTATION_ITEM() RATIONAL_B_SPLINE_CURVE((1.,
0.707106781187,1.)) REPRESENTATION_ITEM('') );
#1143 = CARTESIAN_POINT('',(-12.68116537261,-5.056161780321,74.));
#1144 = CARTESIAN_POINT('',(-12.92844006685,-5.136506198859,74.));
#1145 = CARTESIAN_POINT('',(-12.84809564831,-5.383780893096,74.));
#1146 = ORIENTED_EDGE('',*,*,#1147,.F.);
#1147 = EDGE_CURVE('',#1148,#1140,#1150,.T.);
#1148 = VERTEX_POINT('',#1149);
#1149 = CARTESIAN_POINT('',(-13.2312156226,-3.363281181316,74.));
#1150 = ( BOUNDED_CURVE() B_SPLINE_CURVE(2,(#1151,#1152,#1153,#1154,
#1155),.UNSPECIFIED.,.F.,.F.) B_SPLINE_CURVE_WITH_KNOTS((3,2,3),(0.,
1.570796326795,3.14159265359),.PIECEWISE_BEZIER_KNOTS.) CURVE() 
GEOMETRIC_REPRESENTATION_ITEM() RATIONAL_B_SPLINE_CURVE((1.,
0.707106781187,1.,0.707106781187,1.)) REPRESENTATION_ITEM('') );
#1151 = CARTESIAN_POINT('',(-13.2312156226,-3.363281181316,74.));
#1152 = CARTESIAN_POINT('',(-12.3847753231,-3.088256056322,74.));
#1153 = CARTESIAN_POINT('',(-12.1097501981,-3.934696355825,74.));
#1154 = CARTESIAN_POINT('',(-11.83472507311,-4.781136655328,74.));
#1155 = CARTESIAN_POINT('',(-12.68116537261,-5.056161780321,74.));
#1156 = ORIENTED_EDGE('',*,*,#1157,.F.);
#1157 = EDGE_CURVE('',#1158,#1148,#1160,.T.);
#1158 = VERTEX_POINT('',#1159);
#1159 = CARTESIAN_POINT('',(-13.55883473537,-3.196350905617,74.));
#1160 = ( BOUNDED_CURVE() B_SPLINE_CURVE(2,(#1161,#1162,#1163),
.UNSPECIFIED.,.F.,.F.) B_SPLINE_CURVE_WITH_KNOTS((3,3),(0.,
1.570796326795),.PIECEWISE_BEZIER_KNOTS.) CURVE() 
GEOMETRIC_REPRESENTATION_ITEM() RATIONAL_B_SPLINE_CURVE((1.,
0.707106781187,1.)) REPRESENTATION_ITEM('') );
#1161 = CARTESIAN_POINT('',(-13.55883473537,-3.196350905617,74.));
#1162 = CARTESIAN_POINT('',(-13.47849031683,-3.443625599854,74.));
#1163 = CARTESIAN_POINT('',(-13.2312156226,-3.363281181316,74.));
#1164 = ORIENTED_EDGE('',*,*,#1165,.F.);
#1165 = EDGE_CURVE('',#1166,#1158,#1168,.T.);
#1166 = VERTEX_POINT('',#1167);
#1167 = CARTESIAN_POINT('',(-13.68668492087,-2.594863073429,74.));
#1168 = ( BOUNDED_CURVE() B_SPLINE_CURVE(2,(#1169,#1170,#1171),
.UNSPECIFIED.,.F.,.F.) B_SPLINE_CURVE_WITH_KNOTS((3,3),(0.,
4.414598448277E-02),.PIECEWISE_BEZIER_KNOTS.) CURVE() 
GEOMETRIC_REPRESENTATION_ITEM() RATIONAL_B_SPLINE_CURVE((1.,
0.999756401397,1.)) REPRESENTATION_ITEM('') );
#1169 = CARTESIAN_POINT('',(-13.68668492087,-2.594863073429,74.));
#1170 = CARTESIAN_POINT('',(-13.62939922456,-2.897018236801,74.));
#1171 = CARTESIAN_POINT('',(-13.55883473537,-3.196350905617,74.));
#1172 = ORIENTED_EDGE('',*,*,#1173,.F.);
#1173 = EDGE_CURVE('',#1174,#1166,#1176,.T.);
#1174 = VERTEX_POINT('',#1175);
#1175 = CARTESIAN_POINT('',(-13.45528662852,-2.309109980183,74.));
#1176 = ( BOUNDED_CURVE() B_SPLINE_CURVE(2,(#1177,#1178,#1179),
.UNSPECIFIED.,.F.,.F.) B_SPLINE_CURVE_WITH_KNOTS((3,3),(0.,
1.570796326795),.PIECEWISE_BEZIER_KNOTS.) CURVE() 
GEOMETRIC_REPRESENTATION_ITEM() RATIONAL_B_SPLINE_CURVE((1.,
0.707106781187,1.)) REPRESENTATION_ITEM('') );
#1177 = CARTESIAN_POINT('',(-13.45528662852,-2.309109980183,74.));
#1178 = CARTESIAN_POINT('',(-13.71386232132,-2.336287380633,74.));
#1179 = CARTESIAN_POINT('',(-13.68668492087,-2.594863073429,74.));
#1180 = ORIENTED_EDGE('',*,*,#1181,.F.);
#1181 = EDGE_CURVE('',#1182,#1174,#1184,.T.);
#1182 = VERTEX_POINT('',#1183);
#1183 = CARTESIAN_POINT('',(-13.64134729314,-0.538861006428,74.));
#1184 = ( BOUNDED_CURVE() B_SPLINE_CURVE(2,(#1185,#1186,#1187,#1188,
#1189),.UNSPECIFIED.,.F.,.F.) B_SPLINE_CURVE_WITH_KNOTS((3,2,3),(0.,
1.570796326795,3.14159265359),.PIECEWISE_BEZIER_KNOTS.) CURVE() 
GEOMETRIC_REPRESENTATION_ITEM() RATIONAL_B_SPLINE_CURVE((1.,
0.707106781187,1.,0.707106781187,1.)) REPRESENTATION_ITEM('') );
#1185 = CARTESIAN_POINT('',(-13.64134729314,-0.538861006428,74.));
#1186 = CARTESIAN_POINT('',(-12.75622280626,-0.44583067412,74.));
#1187 = CARTESIAN_POINT('',(-12.66319247395,-1.330955160997,74.));
#1188 = CARTESIAN_POINT('',(-12.57016214164,-2.216079647875,74.));
#1189 = CARTESIAN_POINT('',(-13.45528662852,-2.309109980183,74.));
#1190 = ORIENTED_EDGE('',*,*,#1191,.F.);
#1191 = EDGE_CURVE('',#1192,#1182,#1194,.T.);
#1192 = VERTEX_POINT('',#1193);
#1193 = CARTESIAN_POINT('',(-13.92710038638,-0.307462714082,74.));
#1194 = ( BOUNDED_CURVE() B_SPLINE_CURVE(2,(#1195,#1196,#1197),
.UNSPECIFIED.,.F.,.F.) B_SPLINE_CURVE_WITH_KNOTS((3,3),(0.,
1.570796326795),.PIECEWISE_BEZIER_KNOTS.) CURVE() 
GEOMETRIC_REPRESENTATION_ITEM() RATIONAL_B_SPLINE_CURVE((1.,
0.707106781187,1.)) REPRESENTATION_ITEM('') );
#1195 = CARTESIAN_POINT('',(-13.92710038638,-0.307462714082,74.));
#1196 = CARTESIAN_POINT('',(-13.89992298593,-0.566038406877,74.));
#1197 = CARTESIAN_POINT('',(-13.64134729314,-0.538861006428,74.));
#1198 = ORIENTED_EDGE('',*,*,#1199,.F.);
#1199 = EDGE_CURVE('',#1200,#1192,#1202,.T.);
#1200 = VERTEX_POINT('',#1201);
#1201 = CARTESIAN_POINT('',(-13.92710038638,0.307462714082,74.));
#1202 = ( BOUNDED_CURVE() B_SPLINE_CURVE(2,(#1203,#1204,#1205),
.UNSPECIFIED.,.F.,.F.) B_SPLINE_CURVE_WITH_KNOTS((3,3),(0.,
4.414598448277E-02),.PIECEWISE_BEZIER_KNOTS.) CURVE() 
GEOMETRIC_REPRESENTATION_ITEM() RATIONAL_B_SPLINE_CURVE((1.,
0.999756401397,1.)) REPRESENTATION_ITEM('') );
#1203 = CARTESIAN_POINT('',(-13.92710038638,0.307462714082,74.));
#1204 = CARTESIAN_POINT('',(-13.93388811089,5.33E-15,74.));
#1205 = CARTESIAN_POINT('',(-13.92710038638,-0.307462714082,74.));
#1206 = ORIENTED_EDGE('',*,*,#1207,.F.);
#1207 = EDGE_CURVE('',#1208,#1200,#1210,.T.);
#1208 = VERTEX_POINT('',#1209);
#1209 = CARTESIAN_POINT('',(-13.64134729314,0.538861006428,74.));
#1210 = ( BOUNDED_CURVE() B_SPLINE_CURVE(2,(#1211,#1212,#1213),
.UNSPECIFIED.,.F.,.F.) B_SPLINE_CURVE_WITH_KNOTS((3,3),(0.,
1.570796326795),.PIECEWISE_BEZIER_KNOTS.) CURVE() 
GEOMETRIC_REPRESENTATION_ITEM() RATIONAL_B_SPLINE_CURVE((1.,
0.707106781187,1.)) REPRESENTATION_ITEM('') );
#1211 = CARTESIAN_POINT('',(-13.64134729314,0.538861006428,74.));
#1212 = CARTESIAN_POINT('',(-13.89992298593,0.566038406877,74.));
#1213 = CARTESIAN_POINT('',(-13.92710038638,0.307462714082,74.));
#1214 = ORIENTED_EDGE('',*,*,#1215,.F.);
#1215 = EDGE_CURVE('',#1216,#1208,#1218,.T.);
#1216 = VERTEX_POINT('',#1217);
#1217 = CARTESIAN_POINT('',(-13.45528662852,2.309109980183,74.));
#1218 = ( BOUNDED_CURVE() B_SPLINE_CURVE(2,(#1219,#1220,#1221,#1222,
#1223),.UNSPECIFIED.,.F.,.F.) B_SPLINE_CURVE_WITH_KNOTS((3,2,3),(0.,
1.570796326795,3.14159265359),.PIECEWISE_BEZIER_KNOTS.) CURVE() 
GEOMETRIC_REPRESENTATION_ITEM() RATIONAL_B_SPLINE_CURVE((1.,
0.707106781187,1.,0.707106781187,1.)) REPRESENTATION_ITEM('') );
#1219 = CARTESIAN_POINT('',(-13.45528662852,2.309109980183,74.));
#1220 = CARTESIAN_POINT('',(-12.57016214164,2.216079647875,74.));
#1221 = CARTESIAN_POINT('',(-12.66319247395,1.330955160997,74.));
#1222 = CARTESIAN_POINT('',(-12.75622280626,0.44583067412,74.));
#1223 = CARTESIAN_POINT('',(-13.64134729314,0.538861006428,74.));
#1224 = ORIENTED_EDGE('',*,*,#1225,.F.);
#1225 = EDGE_CURVE('',#1226,#1216,#1228,.T.);
#1226 = VERTEX_POINT('',#1227);
#1227 = CARTESIAN_POINT('',(-13.68668492087,2.594863073429,74.));
#1228 = ( BOUNDED_CURVE() B_SPLINE_CURVE(2,(#1229,#1230,#1231),
.UNSPECIFIED.,.F.,.F.) B_SPLINE_CURVE_WITH_KNOTS((3,3),(0.,
1.570796326795),.PIECEWISE_BEZIER_KNOTS.) CURVE() 
GEOMETRIC_REPRESENTATION_ITEM() RATIONAL_B_SPLINE_CURVE((1.,
0.707106781187,1.)) REPRESENTATION_ITEM('') );
#1229 = CARTESIAN_POINT('',(-13.68668492087,2.594863073429,74.));
#1230 = CARTESIAN_POINT('',(-13.71386232132,2.336287380633,74.));
#1231 = CARTESIAN_POINT('',(-13.45528662852,2.309109980183,74.));
#1232 = ORIENTED_EDGE('',*,*,#1233,.F.);
#1233 = EDGE_CURVE('',#1234,#1226,#1236,.T.);
#1234 = VERTEX_POINT('',#1235);
#1235 = CARTESIAN_POINT('',(-13.55883473537,3.196350905617,74.));
#1236 = ( BOUNDED_CURVE() B_SPLINE_CURVE(2,(#1237,#1238,#1239),
.UNSPECIFIED.,.F.,.F.) B_SPLINE_CURVE_WITH_KNOTS((3,3),(0.,
4.414598448277E-02),.PIECEWISE_BEZIER_KNOTS.) CURVE() 
GEOMETRIC_REPRESENTATION_ITEM() RATIONAL_B_SPLINE_CURVE((1.,
0.999756401397,1.)) REPRESENTATION_ITEM('') );
#1237 = CARTESIAN_POINT('',(-13.55883473537,3.196350905617,74.));
#1238 = CARTESIAN_POINT('',(-13.62939922456,2.897018236801,74.));
#1239 = CARTESIAN_POINT('',(-13.68668492087,2.594863073429,74.));
#1240 = ORIENTED_EDGE('',*,*,#1241,.F.);
#1241 = EDGE_CURVE('',#1242,#1234,#1244,.T.);
#1242 = VERTEX_POINT('',#1243);
#1243 = CARTESIAN_POINT('',(-13.2312156226,3.363281181316,74.));
#1244 = ( BOUNDED_CURVE() B_SPLINE_CURVE(2,(#1245,#1246,#1247),
.UNSPECIFIED.,.F.,.F.) B_SPLINE_CURVE_WITH_KNOTS((3,3),(0.,
1.570796326795),.PIECEWISE_BEZIER_KNOTS.) CURVE() 
GEOMETRIC_REPRESENTATION_ITEM() RATIONAL_B_SPLINE_CURVE((1.,
0.707106781187,1.)) REPRESENTATION_ITEM('') );
#1245 = CARTESIAN_POINT('',(-13.2312156226,3.363281181316,74.));
#1246 = CARTESIAN_POINT('',(-13.47849031683,3.443625599854,74.));
#1247 = CARTESIAN_POINT('',(-13.55883473537,3.196350905617,74.));
#1248 = ORIENTED_EDGE('',*,*,#1249,.F.);
#1249 = EDGE_CURVE('',#1250,#1242,#1252,.T.);
#1250 = VERTEX_POINT('',#1251);
#1251 = CARTESIAN_POINT('',(-12.68116537261,5.056161780321,74.));
#1252 = ( BOUNDED_CURVE() B_SPLINE_CURVE(2,(#1253,#1254,#1255,#1256,
#1257),.UNSPECIFIED.,.F.,.F.) B_SPLINE_CURVE_WITH_KNOTS((3,2,3),(0.,
1.570796326795,3.14159265359),.PIECEWISE_BEZIER_KNOTS.) CURVE() 
GEOMETRIC_REPRESENTATION_ITEM() RATIONAL_B_SPLINE_CURVE((1.,
0.707106781187,1.,0.707106781187,1.)) REPRESENTATION_ITEM('') );
#1253 = CARTESIAN_POINT('',(-12.68116537261,5.056161780321,74.));
#1254 = CARTESIAN_POINT('',(-11.83472507311,4.781136655328,74.));
#1255 = CARTESIAN_POINT('',(-12.1097501981,3.934696355825,74.));
#1256 = CARTESIAN_POINT('',(-12.3847753231,3.088256056322,74.));
#1257 = CARTESIAN_POINT('',(-13.2312156226,3.363281181316,74.));
#1258 = ORIENTED_EDGE('',*,*,#1259,.F.);
#1259 = EDGE_CURVE('',#1260,#1250,#1262,.T.);
#1260 = VERTEX_POINT('',#1261);
#1261 = CARTESIAN_POINT('',(-12.84809564831,5.383780893096,74.));
#1262 = ( BOUNDED_CURVE() B_SPLINE_CURVE(2,(#1263,#1264,#1265),
.UNSPECIFIED.,.F.,.F.) B_SPLINE_CURVE_WITH_KNOTS((3,3),(0.,
1.570796326795),.PIECEWISE_BEZIER_KNOTS.) CURVE() 
GEOMETRIC_REPRESENTATION_ITEM() RATIONAL_B_SPLINE_CURVE((1.,
0.707106781187,1.)) REPRESENTATION_ITEM('') );
#1263 = CARTESIAN_POINT('',(-12.84809564831,5.383780893096,74.));
#1264 = CARTESIAN_POINT('',(-12.92844006685,5.136506198859,74.));
#1265 = CARTESIAN_POINT('',(-12.68116537261,5.056161780321,74.));
#1266 = ORIENTED_EDGE('',*,*,#1267,.F.);
#1267 = EDGE_CURVE('',#1268,#1260,#1270,.T.);
#1268 = VERTEX_POINT('',#1269);
#1269 = CARTESIAN_POINT('',(-12.59798294392,5.945543224783,74.));
#1270 = ( BOUNDED_CURVE() B_SPLINE_CURVE(2,(#1271,#1272,#1273),
.UNSPECIFIED.,.F.,.F.) B_SPLINE_CURVE_WITH_KNOTS((3,3),(0.,
4.414598448277E-02),.PIECEWISE_BEZIER_KNOTS.) CURVE() 
GEOMETRIC_REPRESENTATION_ITEM() RATIONAL_B_SPLINE_CURVE((1.,
0.999756401397,1.)) REPRESENTATION_ITEM('') );
#1271 = CARTESIAN_POINT('',(-12.59798294392,5.945543224783,74.));
#1272 = CARTESIAN_POINT('',(-12.729240191,5.667422875218,74.));
#1273 = CARTESIAN_POINT('',(-12.84809564831,5.383780893096,74.));
#1274 = ORIENTED_EDGE('',*,*,#1275,.F.);
#1275 = EDGE_CURVE('',#1276,#1268,#1278,.T.);
#1276 = VERTEX_POINT('',#1277);
#1277 = CARTESIAN_POINT('',(-12.24281633893,6.040709829767,74.));
#1278 = ( BOUNDED_CURVE() B_SPLINE_CURVE(2,(#1279,#1280,#1281),
.UNSPECIFIED.,.F.,.F.) B_SPLINE_CURVE_WITH_KNOTS((3,3),(0.,
1.570796326795),.PIECEWISE_BEZIER_KNOTS.) CURVE() 
GEOMETRIC_REPRESENTATION_ITEM() RATIONAL_B_SPLINE_CURVE((1.,
0.707106781187,1.)) REPRESENTATION_ITEM('') );
#1279 = CARTESIAN_POINT('',(-12.24281633893,6.040709829767,74.));
#1280 = CARTESIAN_POINT('',(-12.46798294392,6.170709829767,74.));
#1281 = CARTESIAN_POINT('',(-12.59798294392,5.945543224783,74.));
#1282 = ORIENTED_EDGE('',*,*,#1283,.F.);
#1283 = EDGE_CURVE('',#1284,#1276,#1286,.T.);
#1284 = VERTEX_POINT('',#1285);
#1285 = CARTESIAN_POINT('',(-11.35281633893,7.582235048503,74.));
#1286 = ( BOUNDED_CURVE() B_SPLINE_CURVE(2,(#1287,#1288,#1289,#1290,
#1291),.UNSPECIFIED.,.F.,.F.) B_SPLINE_CURVE_WITH_KNOTS((3,2,3),(0.,
1.570796326795,3.14159265359),.PIECEWISE_BEZIER_KNOTS.) CURVE() 
GEOMETRIC_REPRESENTATION_ITEM() RATIONAL_B_SPLINE_CURVE((1.,
0.707106781187,1.,0.707106781187,1.)) REPRESENTATION_ITEM('') );
#1287 = CARTESIAN_POINT('',(-11.35281633893,7.582235048503,74.));
#1288 = CARTESIAN_POINT('',(-10.58205372956,7.137235048503,74.));
#1289 = CARTESIAN_POINT('',(-11.02705372956,6.366472439135,74.));
#1290 = CARTESIAN_POINT('',(-11.47205372956,5.595709829767,74.));
#1291 = CARTESIAN_POINT('',(-12.24281633893,6.040709829767,74.));
#1292 = ORIENTED_EDGE('',*,*,#1293,.F.);
#1293 = EDGE_CURVE('',#1294,#1284,#1296,.T.);
#1294 = VERTEX_POINT('',#1295);
#1295 = CARTESIAN_POINT('',(-11.44798294392,7.937401653487,74.));
#1296 = ( BOUNDED_CURVE() B_SPLINE_CURVE(2,(#1297,#1298,#1299),
.UNSPECIFIED.,.F.,.F.) B_SPLINE_CURVE_WITH_KNOTS((3,3),(0.,
1.570796326795),.PIECEWISE_BEZIER_KNOTS.) CURVE() 
GEOMETRIC_REPRESENTATION_ITEM() RATIONAL_B_SPLINE_CURVE((1.,
0.707106781187,1.)) REPRESENTATION_ITEM('') );
#1297 = CARTESIAN_POINT('',(-11.44798294392,7.937401653487,74.));
#1298 = CARTESIAN_POINT('',(-11.57798294392,7.712235048503,74.));
#1299 = CARTESIAN_POINT('',(-11.35281633893,7.582235048503,74.));
#1300 = ORIENTED_EDGE('',*,*,#1301,.F.);
#1301 = EDGE_CURVE('',#1302,#1294,#1304,.T.);
#1302 = VERTEX_POINT('',#1303);
#1303 = CARTESIAN_POINT('',(-11.08653884598,8.434886775145,74.));
#1304 = ( BOUNDED_CURVE() B_SPLINE_CURVE(2,(#1305,#1306,#1307),
.UNSPECIFIED.,.F.,.F.) B_SPLINE_CURVE_WITH_KNOTS((3,3),(0.,
4.414598448277E-02),.PIECEWISE_BEZIER_KNOTS.) CURVE() 
GEOMETRIC_REPRESENTATION_ITEM() RATIONAL_B_SPLINE_CURVE((1.,
0.999756401397,1.)) REPRESENTATION_ITEM('') );
#1305 = CARTESIAN_POINT('',(-11.08653884598,8.434886775145,74.));
#1306 = CARTESIAN_POINT('',(-11.27275227943,8.190133938676,74.));
#1307 = CARTESIAN_POINT('',(-11.44798294392,7.937401653487,74.));
#1308 = ORIENTED_EDGE('',*,*,#1309,.F.);
#1309 = EDGE_CURVE('',#1310,#1302,#1312,.T.);
#1310 = VERTEX_POINT('',#1311);
#1311 = CARTESIAN_POINT('',(-10.71934723371,8.454130472116,74.));
#1312 = ( BOUNDED_CURVE() B_SPLINE_CURVE(2,(#1313,#1314,#1315),
.UNSPECIFIED.,.F.,.F.) B_SPLINE_CURVE_WITH_KNOTS((3,3),(0.,
1.570796326795),.PIECEWISE_BEZIER_KNOTS.) CURVE() 
GEOMETRIC_REPRESENTATION_ITEM() RATIONAL_B_SPLINE_CURVE((1.,
0.707106781187,1.)) REPRESENTATION_ITEM('') );
#1313 = CARTESIAN_POINT('',(-10.71934723371,8.454130472116,74.));
#1314 = CARTESIAN_POINT('',(-10.91256488833,8.628104429769,74.));
#1315 = CARTESIAN_POINT('',(-11.08653884598,8.434886775145,74.));
#1316 = ORIENTED_EDGE('',*,*,#1317,.F.);
#1317 = EDGE_CURVE('',#1318,#1310,#1320,.T.);
#1318 = VERTEX_POINT('',#1319);
#1319 = CARTESIAN_POINT('',(-9.528294754391,9.776928261465,74.));
#1320 = ( BOUNDED_CURVE() B_SPLINE_CURVE(2,(#1321,#1322,#1323,#1324,
#1325),.UNSPECIFIED.,.F.,.F.) B_SPLINE_CURVE_WITH_KNOTS((3,2,3),(0.,
1.570796326795,3.14159265359),.PIECEWISE_BEZIER_KNOTS.) CURVE() 
GEOMETRIC_REPRESENTATION_ITEM() RATIONAL_B_SPLINE_CURVE((1.,
0.707106781187,1.,0.707106781187,1.)) REPRESENTATION_ITEM('') );
#1321 = CARTESIAN_POINT('',(-9.528294754391,9.776928261465,74.));
#1322 = CARTESIAN_POINT('',(-8.866895859716,9.181402021806,74.));
#1323 = CARTESIAN_POINT('',(-9.462422099376,8.520003127131,74.));
#1324 = CARTESIAN_POINT('',(-10.05794833903,7.858604232456,74.));
#1325 = CARTESIAN_POINT('',(-10.71934723371,8.454130472116,74.));
#1326 = ORIENTED_EDGE('',*,*,#1327,.F.);
#1327 = EDGE_CURVE('',#1328,#1318,#1330,.T.);
#1328 = VERTEX_POINT('',#1329);
#1329 = CARTESIAN_POINT('',(-9.547538451362,10.144119873743,74.));
#1330 = ( BOUNDED_CURVE() B_SPLINE_CURVE(2,(#1331,#1332,#1333),
.UNSPECIFIED.,.F.,.F.) B_SPLINE_CURVE_WITH_KNOTS((3,3),(0.,
1.570796326795),.PIECEWISE_BEZIER_KNOTS.) CURVE() 
GEOMETRIC_REPRESENTATION_ITEM() RATIONAL_B_SPLINE_CURVE((1.,
0.707106781187,1.)) REPRESENTATION_ITEM('') );
#1331 = CARTESIAN_POINT('',(-9.547538451362,10.144119873743,74.));
#1332 = CARTESIAN_POINT('',(-9.721512409015,9.950902219119,74.));
#1333 = CARTESIAN_POINT('',(-9.528294754391,9.776928261465,74.));
#1334 = ORIENTED_EDGE('',*,*,#1335,.F.);
#1335 = EDGE_CURVE('',#1336,#1328,#1338,.T.);
#1336 = VERTEX_POINT('',#1337);
#1337 = CARTESIAN_POINT('',(-9.090559801368,10.555585298355,74.));
#1338 = ( BOUNDED_CURVE() B_SPLINE_CURVE(2,(#1339,#1340,#1341),
.UNSPECIFIED.,.F.,.F.) B_SPLINE_CURVE_WITH_KNOTS((3,3),(0.,
4.414598448277E-02),.PIECEWISE_BEZIER_KNOTS.) CURVE() 
GEOMETRIC_REPRESENTATION_ITEM() RATIONAL_B_SPLINE_CURVE((1.,
0.999756401397,1.)) REPRESENTATION_ITEM('') );
#1339 = CARTESIAN_POINT('',(-9.090559801368,10.555585298355,74.));
#1340 = CARTESIAN_POINT('',(-9.323591000578,10.35489684839,74.));
#1341 = CARTESIAN_POINT('',(-9.547538451362,10.144119873743,74.));
#1342 = ORIENTED_EDGE('',*,*,#1343,.F.);
#1343 = EDGE_CURVE('',#1344,#1336,#1346,.T.);
#1344 = VERTEX_POINT('',#1345);
#1345 = CARTESIAN_POINT('',(-8.727391217234,10.498065045414,74.));
#1346 = ( BOUNDED_CURVE() B_SPLINE_CURVE(2,(#1347,#1348,#1349),
.UNSPECIFIED.,.F.,.F.) B_SPLINE_CURVE_WITH_KNOTS((3,3),(0.,
1.570796326795),.PIECEWISE_BEZIER_KNOTS.) CURVE() 
GEOMETRIC_REPRESENTATION_ITEM() RATIONAL_B_SPLINE_CURVE((1.,
0.707106781187,1.)) REPRESENTATION_ITEM('') );
#1347 = CARTESIAN_POINT('',(-8.727391217234,10.498065045414,74.));
#1348 = CARTESIAN_POINT('',(-8.88021538283,10.708409463951,74.));
#1349 = CARTESIAN_POINT('',(-9.090559801368,10.555585298355,74.));
#1350 = ORIENTED_EDGE('',*,*,#1351,.F.);
#1351 = EDGE_CURVE('',#1352,#1344,#1354,.T.);
#1352 = VERTEX_POINT('',#1353);
#1353 = CARTESIAN_POINT('',(-7.287340967247,11.544322794494,74.));
#1354 = ( BOUNDED_CURVE() B_SPLINE_CURVE(2,(#1355,#1356,#1357,#1358,
#1359),.UNSPECIFIED.,.F.,.F.) B_SPLINE_CURVE_WITH_KNOTS((3,2,3),(0.,
1.570796326795,3.14159265359),.PIECEWISE_BEZIER_KNOTS.) CURVE() 
GEOMETRIC_REPRESENTATION_ITEM() RATIONAL_B_SPLINE_CURVE((1.,
0.707106781187,1.,0.707106781187,1.)) REPRESENTATION_ITEM('') );
#1355 = CARTESIAN_POINT('',(-7.287340967247,11.544322794494,74.));
#1356 = CARTESIAN_POINT('',(-6.764212092707,10.824297669501,74.));
#1357 = CARTESIAN_POINT('',(-7.4842372177,10.30116879496,74.));
#1358 = CARTESIAN_POINT('',(-8.204262342694,9.77803992042,74.));
#1359 = CARTESIAN_POINT('',(-8.727391217234,10.498065045414,74.));
#1360 = ORIENTED_EDGE('',*,*,#1361,.F.);
#1361 = EDGE_CURVE('',#1362,#1352,#1364,.T.);
#1362 = VERTEX_POINT('',#1363);
#1363 = CARTESIAN_POINT('',(-7.229820714306,11.907491378628,74.));
#1364 = ( BOUNDED_CURVE() B_SPLINE_CURVE(2,(#1365,#1366,#1367),
.UNSPECIFIED.,.F.,.F.) B_SPLINE_CURVE_WITH_KNOTS((3,3),(0.,
1.570796326795),.PIECEWISE_BEZIER_KNOTS.) CURVE() 
GEOMETRIC_REPRESENTATION_ITEM() RATIONAL_B_SPLINE_CURVE((1.,
0.707106781187,1.)) REPRESENTATION_ITEM('') );
#1365 = CARTESIAN_POINT('',(-7.229820714306,11.907491378628,74.));
#1366 = CARTESIAN_POINT('',(-7.440165132843,11.754667213032,74.));
#1367 = CARTESIAN_POINT('',(-7.287340967247,11.544322794494,74.));
#1368 = ORIENTED_EDGE('',*,*,#1369,.F.);
#1369 = EDGE_CURVE('',#1370,#1362,#1372,.T.);
#1370 = VERTEX_POINT('',#1371);
#1371 = CARTESIAN_POINT('',(-6.697279672083,12.21495409271,74.));
#1372 = ( BOUNDED_CURVE() B_SPLINE_CURVE(2,(#1373,#1374,#1375),
.UNSPECIFIED.,.F.,.F.) B_SPLINE_CURVE_WITH_KNOTS((3,3),(0.,
4.414598448277E-02),.PIECEWISE_BEZIER_KNOTS.) CURVE() 
GEOMETRIC_REPRESENTATION_ITEM() RATIONAL_B_SPLINE_CURVE((1.,
0.999756401397,1.)) REPRESENTATION_ITEM('') );
#1373 = CARTESIAN_POINT('',(-6.697279672083,12.21495409271,74.));
#1374 = CARTESIAN_POINT('',(-6.966944055446,12.067101077522,74.));
#1375 = CARTESIAN_POINT('',(-7.229820714306,11.907491378628,74.));
#1376 = ORIENTED_EDGE('',*,*,#1377,.F.);
#1377 = EDGE_CURVE('',#1378,#1370,#1380,.T.);
#1378 = VERTEX_POINT('',#1379);
#1379 = CARTESIAN_POINT('',(-6.354006325896,12.083183800922,74.));
#1380 = ( BOUNDED_CURVE() B_SPLINE_CURVE(2,(#1381,#1382,#1383),
.UNSPECIFIED.,.F.,.F.) B_SPLINE_CURVE_WITH_KNOTS((3,3),(0.,
1.570796326795),.PIECEWISE_BEZIER_KNOTS.) CURVE() 
GEOMETRIC_REPRESENTATION_ITEM() RATIONAL_B_SPLINE_CURVE((1.,
0.707106781187,1.)) REPRESENTATION_ITEM('') );
#1381 = CARTESIAN_POINT('',(-6.354006325896,12.083183800922,74.));
#1382 = CARTESIAN_POINT('',(-6.459757853096,12.320705619909,74.));
#1383 = CARTESIAN_POINT('',(-6.697279672083,12.21495409271,74.));
#1384 = ORIENTED_EDGE('',*,*,#1385,.F.);
#1385 = EDGE_CURVE('',#1386,#1378,#1388,.T.);
#1386 = VERTEX_POINT('',#1387);
#1387 = CARTESIAN_POINT('',(-4.727895411293,12.807175025597,74.));
#1388 = ( BOUNDED_CURVE() B_SPLINE_CURVE(2,(#1389,#1390,#1391,#1392,
#1393),.UNSPECIFIED.,.F.,.F.) B_SPLINE_CURVE_WITH_KNOTS((3,2,3),(0.,
1.570796326795,3.14159265359),.PIECEWISE_BEZIER_KNOTS.) CURVE() 
GEOMETRIC_REPRESENTATION_ITEM() RATIONAL_B_SPLINE_CURVE((1.,
0.707106781187,1.,0.707106781187,1.)) REPRESENTATION_ITEM('') );
#1389 = CARTESIAN_POINT('',(-4.727895411293,12.807175025597,74.));
#1390 = CARTESIAN_POINT('',(-4.365899798955,11.994119568295,74.));
#1391 = CARTESIAN_POINT('',(-5.178955256257,11.632123955958,74.));
#1392 = CARTESIAN_POINT('',(-5.992010713559,11.27012834362,74.));
#1393 = CARTESIAN_POINT('',(-6.354006325896,12.083183800922,74.));
#1394 = ORIENTED_EDGE('',*,*,#1395,.F.);
#1395 = EDGE_CURVE('',#1396,#1386,#1398,.T.);
#1396 = VERTEX_POINT('',#1397);
#1397 = CARTESIAN_POINT('',(-4.596125119505,13.150448371784,74.));
#1398 = ( BOUNDED_CURVE() B_SPLINE_CURVE(2,(#1399,#1400,#1401),
.UNSPECIFIED.,.F.,.F.) B_SPLINE_CURVE_WITH_KNOTS((3,3),(0.,
1.570796326795),.PIECEWISE_BEZIER_KNOTS.) CURVE() 
GEOMETRIC_REPRESENTATION_ITEM() RATIONAL_B_SPLINE_CURVE((1.,
0.707106781187,1.)) REPRESENTATION_ITEM('') );
#1399 = CARTESIAN_POINT('',(-4.596125119505,13.150448371784,74.));
#1400 = CARTESIAN_POINT('',(-4.833646938492,13.044696844584,74.));
#1401 = CARTESIAN_POINT('',(-4.727895411293,12.807175025597,74.));
#1402 = ORIENTED_EDGE('',*,*,#1403,.F.);
#1403 = EDGE_CURVE('',#1404,#1396,#1406,.T.);
#1404 = VERTEX_POINT('',#1405);
#1405 = CARTESIAN_POINT('',(-4.011296284015,13.34047077936,74.));
#1406 = ( BOUNDED_CURVE() B_SPLINE_CURVE(2,(#1407,#1408,#1409),
.UNSPECIFIED.,.F.,.F.) B_SPLINE_CURVE_WITH_KNOTS((3,3),(0.,
4.414598448277E-02),.PIECEWISE_BEZIER_KNOTS.) CURVE() 
GEOMETRIC_REPRESENTATION_ITEM() RATIONAL_B_SPLINE_CURVE((1.,
0.999756401397,1.)) REPRESENTATION_ITEM('') );
#1407 = CARTESIAN_POINT('',(-4.011296284015,13.34047077936,74.));
#1408 = CARTESIAN_POINT('',(-4.305808223985,13.251915085191,74.));
#1409 = CARTESIAN_POINT('',(-4.596125119505,13.150448371784,74.));
#1410 = ORIENTED_EDGE('',*,*,#1411,.F.);
#1411 = EDGE_CURVE('',#1412,#1404,#1414,.T.);
#1412 = VERTEX_POINT('',#1413);
#1413 = CARTESIAN_POINT('',(-3.702920868211,13.140209442781,74.));
#1414 = ( BOUNDED_CURVE() B_SPLINE_CURVE(2,(#1415,#1416,#1417),
.UNSPECIFIED.,.F.,.F.) B_SPLINE_CURVE_WITH_KNOTS((3,3),(0.,
1.570796326795),.PIECEWISE_BEZIER_KNOTS.) CURVE() 
GEOMETRIC_REPRESENTATION_ITEM() RATIONAL_B_SPLINE_CURVE((1.,
0.707106781187,1.)) REPRESENTATION_ITEM('') );
#1415 = CARTESIAN_POINT('',(-3.702920868211,13.140209442781,74.));
#1416 = CARTESIAN_POINT('',(-3.756977907824,13.394527818972,74.));
#1417 = CARTESIAN_POINT('',(-4.011296284015,13.34047077936,74.));
#1418 = ORIENTED_EDGE('',*,*,#1419,.F.);
#1419 = EDGE_CURVE('',#1420,#1412,#1422,.T.);
#1420 = VERTEX_POINT('',#1421);
#1421 = CARTESIAN_POINT('',(-1.961818138905,13.510292252437,74.));
#1422 = ( BOUNDED_CURVE() B_SPLINE_CURVE(2,(#1423,#1424,#1425,#1426,
#1427),.UNSPECIFIED.,.F.,.F.) B_SPLINE_CURVE_WITH_KNOTS((3,2,3),(0.,
1.570796326795,3.14159265359),.PIECEWISE_BEZIER_KNOTS.) CURVE() 
GEOMETRIC_REPRESENTATION_ITEM() RATIONAL_B_SPLINE_CURVE((1.,
0.707106781187,1.,0.707106781187,1.)) REPRESENTATION_ITEM('') );
#1423 = CARTESIAN_POINT('',(-1.961818138905,13.510292252437,74.));
#1424 = CARTESIAN_POINT('',(-1.776776734077,12.639740887784,74.));
#1425 = CARTESIAN_POINT('',(-2.647328098731,12.454699482956,74.));
#1426 = CARTESIAN_POINT('',(-3.517879463384,12.269658078128,74.));
#1427 = CARTESIAN_POINT('',(-3.702920868211,13.140209442781,74.));
#1428 = ORIENTED_EDGE('',*,*,#1429,.F.);
#1429 = EDGE_CURVE('',#1430,#1420,#1432,.T.);
#1430 = VERTEX_POINT('',#1431);
#1431 = CARTESIAN_POINT('',(-1.761556802327,13.81866766824,74.));
#1432 = ( BOUNDED_CURVE() B_SPLINE_CURVE(2,(#1433,#1434,#1435),
.UNSPECIFIED.,.F.,.F.) B_SPLINE_CURVE_WITH_KNOTS((3,3),(0.,
1.570796326795),.PIECEWISE_BEZIER_KNOTS.) CURVE() 
GEOMETRIC_REPRESENTATION_ITEM() RATIONAL_B_SPLINE_CURVE((1.,
0.707106781187,1.)) REPRESENTATION_ITEM('') );
#1433 = CARTESIAN_POINT('',(-1.761556802327,13.81866766824,74.));
#1434 = CARTESIAN_POINT('',(-2.015875178518,13.764610628628,74.));
#1435 = CARTESIAN_POINT('',(-1.961818138905,13.510292252437,74.));
#1436 = ORIENTED_EDGE('',*,*,#1437,.F.);
#1437 = EDGE_CURVE('',#1438,#1430,#1440,.T.);
#1438 = VERTEX_POINT('',#1439);
#1439 = CARTESIAN_POINT('',(-1.15,13.882944878271,74.));
#1440 = CIRCLE('',#1441,13.93049383523);
#1441 = AXIS2_PLACEMENT_3D('',#1442,#1443,#1444);
#1442 = CARTESIAN_POINT('',(1.09557E-12,-1.045208E-11,74.));
#1443 = DIRECTION('',(0.,0.,1.));
#1444 = DIRECTION('',(-8.255270872686E-02,0.996586699832,0.));
#1445 = ORIENTED_EDGE('',*,*,#1446,.F.);
#1446 = EDGE_CURVE('',#1447,#1438,#1449,.T.);
#1447 = VERTEX_POINT('',#1448);
#1448 = CARTESIAN_POINT('',(-0.89,13.622944878271,74.));
#1449 = CIRCLE('',#1450,0.26);
#1450 = AXIS2_PLACEMENT_3D('',#1451,#1452,#1453);
#1451 = CARTESIAN_POINT('',(-1.15,13.622944878271,74.));
#1452 = DIRECTION('',(0.,0.,1.));
#1453 = DIRECTION('',(1.,0.,0.));
#1454 = ORIENTED_EDGE('',*,*,#1455,.F.);
#1455 = EDGE_CURVE('',#443,#1447,#1456,.T.);
#1456 = CIRCLE('',#1457,0.89);
#1457 = AXIS2_PLACEMENT_3D('',#1458,#1459,#1460);
#1458 = CARTESIAN_POINT('',(0.,13.622944878271,74.));
#1459 = DIRECTION('',(0.,0.,-1.));
#1460 = DIRECTION('',(1.,0.,0.));
#1461 = PLANE('',#1462);
#1462 = AXIS2_PLACEMENT_3D('',#1463,#1464,#1465);
#1463 = CARTESIAN_POINT('',(-1.61E-15,6.9E-16,74.));
#1464 = DIRECTION('',(0.,0.,1.));
#1465 = DIRECTION('',(1.,0.,0.));
#1466 = ADVANCED_FACE('',(#1467,#1478),#1481,.T.);
#1467 = FACE_BOUND('',#1468,.T.);
#1468 = EDGE_LOOP('',(#1469));
#1469 = ORIENTED_EDGE('',*,*,#1470,.T.);
#1470 = EDGE_CURVE('',#1471,#1471,#1473,.T.);
#1471 = VERTEX_POINT('',#1472);
#1472 = CARTESIAN_POINT('',(17.,0.,83.));
#1473 = CIRCLE('',#1474,17.);
#1474 = AXIS2_PLACEMENT_3D('',#1475,#1476,#1477);
#1475 = CARTESIAN_POINT('',(0.,0.,83.));
#1476 = DIRECTION('',(0.,0.,1.));
#1477 = DIRECTION('',(1.,0.,0.));
#1478 = FACE_BOUND('',#1479,.T.);
#1479 = EDGE_LOOP('',(#1480));
#1480 = ORIENTED_EDGE('',*,*,#344,.T.);
#1481 = PLANE('',#1482);
#1482 = AXIS2_PLACEMENT_3D('',#1483,#1484,#1485);
#1483 = CARTESIAN_POINT('',(-1.61E-15,-6.9E-16,83.));
#1484 = DIRECTION('',(0.,0.,1.));
#1485 = DIRECTION('',(1.,0.,0.));
#1486 = ADVANCED_FACE('',(#1487),#1513,.T.);
#1487 = FACE_BOUND('',#1488,.F.);
#1488 = EDGE_LOOP('',(#1489,#1497,#1506,#1512));
#1489 = ORIENTED_EDGE('',*,*,#1490,.T.);
#1490 = EDGE_CURVE('',#441,#1491,#1493,.T.);
#1491 = VERTEX_POINT('',#1492);
#1492 = CARTESIAN_POINT('',(1.15,13.882944878271,81.));
#1493 = LINE('',#1494,#1495);
#1494 = CARTESIAN_POINT('',(1.15,13.882944878271,74.));
#1495 = VECTOR('',#1496,1.);
#1496 = DIRECTION('',(0.,0.,1.));
#1497 = ORIENTED_EDGE('',*,*,#1498,.T.);
#1498 = EDGE_CURVE('',#1491,#1499,#1501,.T.);
#1499 = VERTEX_POINT('',#1500);
#1500 = CARTESIAN_POINT('',(0.89,13.622944878271,81.));
#1501 = CIRCLE('',#1502,0.26);
#1502 = AXIS2_PLACEMENT_3D('',#1503,#1504,#1505);
#1503 = CARTESIAN_POINT('',(1.15,13.622944878271,81.));
#1504 = DIRECTION('',(0.,0.,1.));
#1505 = DIRECTION('',(-3.42E-15,1.,0.));
#1506 = ORIENTED_EDGE('',*,*,#1507,.F.);
#1507 = EDGE_CURVE('',#443,#1499,#1508,.T.);
#1508 = LINE('',#1509,#1510);
#1509 = CARTESIAN_POINT('',(0.89,13.622944878271,74.));
#1510 = VECTOR('',#1511,1.);
#1511 = DIRECTION('',(0.,0.,1.));
#1512 = ORIENTED_EDGE('',*,*,#440,.F.);
#1513 = CYLINDRICAL_SURFACE('',#1514,0.26);
#1514 = AXIS2_PLACEMENT_3D('',#1515,#1516,#1517);
#1515 = CARTESIAN_POINT('',(1.15,13.622944878271,74.));
#1516 = DIRECTION('',(-0.,-0.,-1.));
#1517 = DIRECTION('',(-3.42E-15,1.,0.));
#1518 = ADVANCED_FACE('',(#1519),#1538,.F.);
#1519 = FACE_BOUND('',#1520,.F.);
#1520 = EDGE_LOOP('',(#1521,#1522,#1531,#1537));
#1521 = ORIENTED_EDGE('',*,*,#1507,.T.);
#1522 = ORIENTED_EDGE('',*,*,#1523,.T.);
#1523 = EDGE_CURVE('',#1499,#1524,#1526,.T.);
#1524 = VERTEX_POINT('',#1525);
#1525 = CARTESIAN_POINT('',(-0.89,13.622944878271,81.));
#1526 = CIRCLE('',#1527,0.89);
#1527 = AXIS2_PLACEMENT_3D('',#1528,#1529,#1530);
#1528 = CARTESIAN_POINT('',(0.,13.622944878271,81.));
#1529 = DIRECTION('',(0.,0.,-1.));
#1530 = DIRECTION('',(1.,0.,0.));
#1531 = ORIENTED_EDGE('',*,*,#1532,.F.);
#1532 = EDGE_CURVE('',#1447,#1524,#1533,.T.);
#1533 = LINE('',#1534,#1535);
#1534 = CARTESIAN_POINT('',(-0.89,13.622944878271,74.));
#1535 = VECTOR('',#1536,1.);
#1536 = DIRECTION('',(0.,0.,1.));
#1537 = ORIENTED_EDGE('',*,*,#1455,.F.);
#1538 = CYLINDRICAL_SURFACE('',#1539,0.89);
#1539 = AXIS2_PLACEMENT_3D('',#1540,#1541,#1542);
#1540 = CARTESIAN_POINT('',(0.,13.622944878271,74.));
#1541 = DIRECTION('',(0.,0.,-1.));
#1542 = DIRECTION('',(1.,0.,0.));
#1543 = ADVANCED_FACE('',(#1544),#1563,.T.);
#1544 = FACE_BOUND('',#1545,.F.);
#1545 = EDGE_LOOP('',(#1546,#1547,#1556,#1562));
#1546 = ORIENTED_EDGE('',*,*,#1532,.T.);
#1547 = ORIENTED_EDGE('',*,*,#1548,.T.);
#1548 = EDGE_CURVE('',#1524,#1549,#1551,.T.);
#1549 = VERTEX_POINT('',#1550);
#1550 = CARTESIAN_POINT('',(-1.15,13.882944878271,81.));
#1551 = CIRCLE('',#1552,0.26);
#1552 = AXIS2_PLACEMENT_3D('',#1553,#1554,#1555);
#1553 = CARTESIAN_POINT('',(-1.15,13.622944878271,81.));
#1554 = DIRECTION('',(0.,0.,1.));
#1555 = DIRECTION('',(1.,0.,0.));
#1556 = ORIENTED_EDGE('',*,*,#1557,.F.);
#1557 = EDGE_CURVE('',#1438,#1549,#1558,.T.);
#1558 = LINE('',#1559,#1560);
#1559 = CARTESIAN_POINT('',(-1.15,13.882944878271,74.));
#1560 = VECTOR('',#1561,1.);
#1561 = DIRECTION('',(0.,0.,1.));
#1562 = ORIENTED_EDGE('',*,*,#1446,.F.);
#1563 = CYLINDRICAL_SURFACE('',#1564,0.26);
#1564 = AXIS2_PLACEMENT_3D('',#1565,#1566,#1567);
#1565 = CARTESIAN_POINT('',(-1.15,13.622944878271,74.));
#1566 = DIRECTION('',(-0.,-0.,-1.));
#1567 = DIRECTION('',(1.,0.,0.));
#1568 = ADVANCED_FACE('',(#1569),#1588,.T.);
#1569 = FACE_BOUND('',#1570,.F.);
#1570 = EDGE_LOOP('',(#1571,#1572,#1581,#1587));
#1571 = ORIENTED_EDGE('',*,*,#1557,.T.);
#1572 = ORIENTED_EDGE('',*,*,#1573,.T.);
#1573 = EDGE_CURVE('',#1549,#1574,#1576,.T.);
#1574 = VERTEX_POINT('',#1575);
#1575 = CARTESIAN_POINT('',(-1.761556802327,13.81866766824,81.));
#1576 = CIRCLE('',#1577,13.93049383523);
#1577 = AXIS2_PLACEMENT_3D('',#1578,#1579,#1580);
#1578 = CARTESIAN_POINT('',(1.09557E-12,-1.045208E-11,81.));
#1579 = DIRECTION('',(0.,0.,1.));
#1580 = DIRECTION('',(-8.255270872686E-02,0.996586699832,0.));
#1581 = ORIENTED_EDGE('',*,*,#1582,.F.);
#1582 = EDGE_CURVE('',#1430,#1574,#1583,.T.);
#1583 = LINE('',#1584,#1585);
#1584 = CARTESIAN_POINT('',(-1.761556802327,13.81866766824,74.));
#1585 = VECTOR('',#1586,1.);
#1586 = DIRECTION('',(0.,0.,1.));
#1587 = ORIENTED_EDGE('',*,*,#1437,.F.);
#1588 = CYLINDRICAL_SURFACE('',#1589,13.93049383523);
#1589 = AXIS2_PLACEMENT_3D('',#1590,#1591,#1592);
#1590 = CARTESIAN_POINT('',(1.09557E-12,-1.045208E-11,74.));
#1591 = DIRECTION('',(-0.,-0.,-1.));
#1592 = DIRECTION('',(-8.255270872686E-02,0.996586699832,0.));
#1593 = ADVANCED_FACE('',(#1594),#1612,.F.);
#1594 = FACE_BOUND('',#1595,.F.);
#1595 = EDGE_LOOP('',(#1596,#1597,#1605,#1611));
#1596 = ORIENTED_EDGE('',*,*,#1582,.T.);
#1597 = ORIENTED_EDGE('',*,*,#1598,.T.);
#1598 = EDGE_CURVE('',#1574,#1599,#1601,.T.);
#1599 = VERTEX_POINT('',#1600);
#1600 = CARTESIAN_POINT('',(-1.961818138905,13.510292252437,81.));
#1601 = ( BOUNDED_CURVE() B_SPLINE_CURVE(2,(#1602,#1603,#1604),
.UNSPECIFIED.,.F.,.F.) B_SPLINE_CURVE_WITH_KNOTS((3,3),(0.,
1.570796326795),.PIECEWISE_BEZIER_KNOTS.) CURVE() 
GEOMETRIC_REPRESENTATION_ITEM() RATIONAL_B_SPLINE_CURVE((1.,
0.707106781187,1.)) REPRESENTATION_ITEM('') );
#1602 = CARTESIAN_POINT('',(-1.761556802327,13.81866766824,81.));
#1603 = CARTESIAN_POINT('',(-2.015875178518,13.764610628628,81.));
#1604 = CARTESIAN_POINT('',(-1.961818138905,13.510292252437,81.));
#1605 = ORIENTED_EDGE('',*,*,#1606,.F.);
#1606 = EDGE_CURVE('',#1420,#1599,#1607,.T.);
#1607 = LINE('',#1608,#1609);
#1608 = CARTESIAN_POINT('',(-1.961818138905,13.510292252437,74.));
#1609 = VECTOR('',#1610,1.);
#1610 = DIRECTION('',(0.,0.,1.));
#1611 = ORIENTED_EDGE('',*,*,#1429,.F.);
#1612 = SURFACE_OF_LINEAR_EXTRUSION('',#1613,#1617);
#1613 = ( BOUNDED_CURVE() B_SPLINE_CURVE(2,(#1614,#1615,#1616),
.UNSPECIFIED.,.F.,.F.) B_SPLINE_CURVE_WITH_KNOTS((3,3),(0.,
1.570796326795),.PIECEWISE_BEZIER_KNOTS.) CURVE() 
GEOMETRIC_REPRESENTATION_ITEM() RATIONAL_B_SPLINE_CURVE((1.,
0.707106781187,1.)) REPRESENTATION_ITEM('') );
#1614 = CARTESIAN_POINT('',(-1.761556802327,13.81866766824,74.));
#1615 = CARTESIAN_POINT('',(-2.015875178518,13.764610628628,74.));
#1616 = CARTESIAN_POINT('',(-1.961818138905,13.510292252437,74.));
#1617 = VECTOR('',#1618,1.);
#1618 = DIRECTION('',(-0.,-0.,-1.));
#1619 = ADVANCED_FACE('',(#1620),#1640,.F.);
#1620 = FACE_BOUND('',#1621,.F.);
#1621 = EDGE_LOOP('',(#1622,#1623,#1633,#1639));
#1622 = ORIENTED_EDGE('',*,*,#1606,.T.);
#1623 = ORIENTED_EDGE('',*,*,#1624,.T.);
#1624 = EDGE_CURVE('',#1599,#1625,#1627,.T.);
#1625 = VERTEX_POINT('',#1626);
#1626 = CARTESIAN_POINT('',(-3.702920868211,13.140209442781,81.));
#1627 = ( BOUNDED_CURVE() B_SPLINE_CURVE(2,(#1628,#1629,#1630,#1631,
#1632),.UNSPECIFIED.,.F.,.F.) B_SPLINE_CURVE_WITH_KNOTS((3,2,3),(0.,
1.570796326795,3.14159265359),.PIECEWISE_BEZIER_KNOTS.) CURVE() 
GEOMETRIC_REPRESENTATION_ITEM() RATIONAL_B_SPLINE_CURVE((1.,
0.707106781187,1.,0.707106781187,1.)) REPRESENTATION_ITEM('') );
#1628 = CARTESIAN_POINT('',(-1.961818138905,13.510292252437,81.));
#1629 = CARTESIAN_POINT('',(-1.776776734077,12.639740887784,81.));
#1630 = CARTESIAN_POINT('',(-2.647328098731,12.454699482956,81.));
#1631 = CARTESIAN_POINT('',(-3.517879463384,12.269658078128,81.));
#1632 = CARTESIAN_POINT('',(-3.702920868211,13.140209442781,81.));
#1633 = ORIENTED_EDGE('',*,*,#1634,.F.);
#1634 = EDGE_CURVE('',#1412,#1625,#1635,.T.);
#1635 = LINE('',#1636,#1637);
#1636 = CARTESIAN_POINT('',(-3.702920868211,13.140209442781,74.));
#1637 = VECTOR('',#1638,1.);
#1638 = DIRECTION('',(0.,0.,1.));
#1639 = ORIENTED_EDGE('',*,*,#1419,.F.);
#1640 = SURFACE_OF_LINEAR_EXTRUSION('',#1641,#1647);
#1641 = ( BOUNDED_CURVE() B_SPLINE_CURVE(2,(#1642,#1643,#1644,#1645,
#1646),.UNSPECIFIED.,.F.,.F.) B_SPLINE_CURVE_WITH_KNOTS((3,2,3),(0.,
1.570796326795,3.14159265359),.PIECEWISE_BEZIER_KNOTS.) CURVE() 
GEOMETRIC_REPRESENTATION_ITEM() RATIONAL_B_SPLINE_CURVE((1.,
0.707106781187,1.,0.707106781187,1.)) REPRESENTATION_ITEM('') );
#1642 = CARTESIAN_POINT('',(-1.961818138905,13.510292252437,74.));
#1643 = CARTESIAN_POINT('',(-1.776776734077,12.639740887784,74.));
#1644 = CARTESIAN_POINT('',(-2.647328098731,12.454699482956,74.));
#1645 = CARTESIAN_POINT('',(-3.517879463384,12.269658078128,74.));
#1646 = CARTESIAN_POINT('',(-3.702920868211,13.140209442781,74.));
#1647 = VECTOR('',#1648,1.);
#1648 = DIRECTION('',(-0.,-0.,-1.));
#1649 = ADVANCED_FACE('',(#1650),#1668,.F.);
#1650 = FACE_BOUND('',#1651,.F.);
#1651 = EDGE_LOOP('',(#1652,#1653,#1661,#1667));
#1652 = ORIENTED_EDGE('',*,*,#1634,.T.);
#1653 = ORIENTED_EDGE('',*,*,#1654,.T.);
#1654 = EDGE_CURVE('',#1625,#1655,#1657,.T.);
#1655 = VERTEX_POINT('',#1656);
#1656 = CARTESIAN_POINT('',(-4.011296284015,13.34047077936,81.));
#1657 = ( BOUNDED_CURVE() B_SPLINE_CURVE(2,(#1658,#1659,#1660),
.UNSPECIFIED.,.F.,.F.) B_SPLINE_CURVE_WITH_KNOTS((3,3),(0.,
1.570796326795),.PIECEWISE_BEZIER_KNOTS.) CURVE() 
GEOMETRIC_REPRESENTATION_ITEM() RATIONAL_B_SPLINE_CURVE((1.,
0.707106781187,1.)) REPRESENTATION_ITEM('') );
#1658 = CARTESIAN_POINT('',(-3.702920868211,13.140209442781,81.));
#1659 = CARTESIAN_POINT('',(-3.756977907824,13.394527818972,81.));
#1660 = CARTESIAN_POINT('',(-4.011296284015,13.34047077936,81.));
#1661 = ORIENTED_EDGE('',*,*,#1662,.F.);
#1662 = EDGE_CURVE('',#1404,#1655,#1663,.T.);
#1663 = LINE('',#1664,#1665);
#1664 = CARTESIAN_POINT('',(-4.011296284015,13.34047077936,74.));
#1665 = VECTOR('',#1666,1.);
#1666 = DIRECTION('',(0.,0.,1.));
#1667 = ORIENTED_EDGE('',*,*,#1411,.F.);
#1668 = SURFACE_OF_LINEAR_EXTRUSION('',#1669,#1673);
#1669 = ( BOUNDED_CURVE() B_SPLINE_CURVE(2,(#1670,#1671,#1672),
.UNSPECIFIED.,.F.,.F.) B_SPLINE_CURVE_WITH_KNOTS((3,3),(0.,
1.570796326795),.PIECEWISE_BEZIER_KNOTS.) CURVE() 
GEOMETRIC_REPRESENTATION_ITEM() RATIONAL_B_SPLINE_CURVE((1.,
0.707106781187,1.)) REPRESENTATION_ITEM('') );
#1670 = CARTESIAN_POINT('',(-3.702920868211,13.140209442781,74.));
#1671 = CARTESIAN_POINT('',(-3.756977907824,13.394527818972,74.));
#1672 = CARTESIAN_POINT('',(-4.011296284015,13.34047077936,74.));
#1673 = VECTOR('',#1674,1.);
#1674 = DIRECTION('',(-0.,-0.,-1.));
#1675 = ADVANCED_FACE('',(#1676),#1694,.F.);
#1676 = FACE_BOUND('',#1677,.F.);
#1677 = EDGE_LOOP('',(#1678,#1679,#1687,#1693));
#1678 = ORIENTED_EDGE('',*,*,#1662,.T.);
#1679 = ORIENTED_EDGE('',*,*,#1680,.T.);
#1680 = EDGE_CURVE('',#1655,#1681,#1683,.T.);
#1681 = VERTEX_POINT('',#1682);
#1682 = CARTESIAN_POINT('',(-4.596125119505,13.150448371784,81.));
#1683 = ( BOUNDED_CURVE() B_SPLINE_CURVE(2,(#1684,#1685,#1686),
.UNSPECIFIED.,.F.,.F.) B_SPLINE_CURVE_WITH_KNOTS((3,3),(0.,
4.414598448277E-02),.PIECEWISE_BEZIER_KNOTS.) CURVE() 
GEOMETRIC_REPRESENTATION_ITEM() RATIONAL_B_SPLINE_CURVE((1.,
0.999756401397,1.)) REPRESENTATION_ITEM('') );
#1684 = CARTESIAN_POINT('',(-4.011296284015,13.34047077936,81.));
#1685 = CARTESIAN_POINT('',(-4.305808223985,13.251915085191,81.));
#1686 = CARTESIAN_POINT('',(-4.596125119505,13.150448371784,81.));
#1687 = ORIENTED_EDGE('',*,*,#1688,.F.);
#1688 = EDGE_CURVE('',#1396,#1681,#1689,.T.);
#1689 = LINE('',#1690,#1691);
#1690 = CARTESIAN_POINT('',(-4.596125119505,13.150448371784,74.));
#1691 = VECTOR('',#1692,1.);
#1692 = DIRECTION('',(0.,0.,1.));
#1693 = ORIENTED_EDGE('',*,*,#1403,.F.);
#1694 = SURFACE_OF_LINEAR_EXTRUSION('',#1695,#1699);
#1695 = ( BOUNDED_CURVE() B_SPLINE_CURVE(2,(#1696,#1697,#1698),
.UNSPECIFIED.,.F.,.F.) B_SPLINE_CURVE_WITH_KNOTS((3,3),(0.,
4.414598448277E-02),.PIECEWISE_BEZIER_KNOTS.) CURVE() 
GEOMETRIC_REPRESENTATION_ITEM() RATIONAL_B_SPLINE_CURVE((1.,
0.999756401397,1.)) REPRESENTATION_ITEM('') );
#1696 = CARTESIAN_POINT('',(-4.011296284015,13.34047077936,74.));
#1697 = CARTESIAN_POINT('',(-4.305808223985,13.251915085191,74.));
#1698 = CARTESIAN_POINT('',(-4.596125119505,13.150448371784,74.));
#1699 = VECTOR('',#1700,1.);
#1700 = DIRECTION('',(-0.,-0.,-1.));
#1701 = ADVANCED_FACE('',(#1702),#1720,.F.);
#1702 = FACE_BOUND('',#1703,.F.);
#1703 = EDGE_LOOP('',(#1704,#1705,#1713,#1719));
#1704 = ORIENTED_EDGE('',*,*,#1688,.T.);
#1705 = ORIENTED_EDGE('',*,*,#1706,.T.);
#1706 = EDGE_CURVE('',#1681,#1707,#1709,.T.);
#1707 = VERTEX_POINT('',#1708);
#1708 = CARTESIAN_POINT('',(-4.727895411293,12.807175025597,81.));
#1709 = ( BOUNDED_CURVE() B_SPLINE_CURVE(2,(#1710,#1711,#1712),
.UNSPECIFIED.,.F.,.F.) B_SPLINE_CURVE_WITH_KNOTS((3,3),(0.,
1.570796326795),.PIECEWISE_BEZIER_KNOTS.) CURVE() 
GEOMETRIC_REPRESENTATION_ITEM() RATIONAL_B_SPLINE_CURVE((1.,
0.707106781187,1.)) REPRESENTATION_ITEM('') );
#1710 = CARTESIAN_POINT('',(-4.596125119505,13.150448371784,81.));
#1711 = CARTESIAN_POINT('',(-4.833646938492,13.044696844584,81.));
#1712 = CARTESIAN_POINT('',(-4.727895411293,12.807175025597,81.));
#1713 = ORIENTED_EDGE('',*,*,#1714,.F.);
#1714 = EDGE_CURVE('',#1386,#1707,#1715,.T.);
#1715 = LINE('',#1716,#1717);
#1716 = CARTESIAN_POINT('',(-4.727895411293,12.807175025597,74.));
#1717 = VECTOR('',#1718,1.);
#1718 = DIRECTION('',(0.,0.,1.));
#1719 = ORIENTED_EDGE('',*,*,#1395,.F.);
#1720 = SURFACE_OF_LINEAR_EXTRUSION('',#1721,#1725);
#1721 = ( BOUNDED_CURVE() B_SPLINE_CURVE(2,(#1722,#1723,#1724),
.UNSPECIFIED.,.F.,.F.) B_SPLINE_CURVE_WITH_KNOTS((3,3),(0.,
1.570796326795),.PIECEWISE_BEZIER_KNOTS.) CURVE() 
GEOMETRIC_REPRESENTATION_ITEM() RATIONAL_B_SPLINE_CURVE((1.,
0.707106781187,1.)) REPRESENTATION_ITEM('') );
#1722 = CARTESIAN_POINT('',(-4.596125119505,13.150448371784,74.));
#1723 = CARTESIAN_POINT('',(-4.833646938492,13.044696844584,74.));
#1724 = CARTESIAN_POINT('',(-4.727895411293,12.807175025597,74.));
#1725 = VECTOR('',#1726,1.);
#1726 = DIRECTION('',(-0.,-0.,-1.));
#1727 = ADVANCED_FACE('',(#1728),#1748,.F.);
#1728 = FACE_BOUND('',#1729,.F.);
#1729 = EDGE_LOOP('',(#1730,#1731,#1741,#1747));
#1730 = ORIENTED_EDGE('',*,*,#1714,.T.);
#1731 = ORIENTED_EDGE('',*,*,#1732,.T.);
#1732 = EDGE_CURVE('',#1707,#1733,#1735,.T.);
#1733 = VERTEX_POINT('',#1734);
#1734 = CARTESIAN_POINT('',(-6.354006325896,12.083183800922,81.));
#1735 = ( BOUNDED_CURVE() B_SPLINE_CURVE(2,(#1736,#1737,#1738,#1739,
#1740),.UNSPECIFIED.,.F.,.F.) B_SPLINE_CURVE_WITH_KNOTS((3,2,3),(0.,
1.570796326795,3.14159265359),.PIECEWISE_BEZIER_KNOTS.) CURVE() 
GEOMETRIC_REPRESENTATION_ITEM() RATIONAL_B_SPLINE_CURVE((1.,
0.707106781187,1.,0.707106781187,1.)) REPRESENTATION_ITEM('') );
#1736 = CARTESIAN_POINT('',(-4.727895411293,12.807175025597,81.));
#1737 = CARTESIAN_POINT('',(-4.365899798955,11.994119568295,81.));
#1738 = CARTESIAN_POINT('',(-5.178955256257,11.632123955958,81.));
#1739 = CARTESIAN_POINT('',(-5.992010713559,11.27012834362,81.));
#1740 = CARTESIAN_POINT('',(-6.354006325896,12.083183800922,81.));
#1741 = ORIENTED_EDGE('',*,*,#1742,.F.);
#1742 = EDGE_CURVE('',#1378,#1733,#1743,.T.);
#1743 = LINE('',#1744,#1745);
#1744 = CARTESIAN_POINT('',(-6.354006325896,12.083183800922,74.));
#1745 = VECTOR('',#1746,1.);
#1746 = DIRECTION('',(0.,0.,1.));
#1747 = ORIENTED_EDGE('',*,*,#1385,.F.);
#1748 = SURFACE_OF_LINEAR_EXTRUSION('',#1749,#1755);
#1749 = ( BOUNDED_CURVE() B_SPLINE_CURVE(2,(#1750,#1751,#1752,#1753,
#1754),.UNSPECIFIED.,.F.,.F.) B_SPLINE_CURVE_WITH_KNOTS((3,2,3),(0.,
1.570796326795,3.14159265359),.PIECEWISE_BEZIER_KNOTS.) CURVE() 
GEOMETRIC_REPRESENTATION_ITEM() RATIONAL_B_SPLINE_CURVE((1.,
0.707106781187,1.,0.707106781187,1.)) REPRESENTATION_ITEM('') );
#1750 = CARTESIAN_POINT('',(-4.727895411293,12.807175025597,74.));
#1751 = CARTESIAN_POINT('',(-4.365899798955,11.994119568295,74.));
#1752 = CARTESIAN_POINT('',(-5.178955256257,11.632123955958,74.));
#1753 = CARTESIAN_POINT('',(-5.992010713559,11.27012834362,74.));
#1754 = CARTESIAN_POINT('',(-6.354006325896,12.083183800922,74.));
#1755 = VECTOR('',#1756,1.);
#1756 = DIRECTION('',(-0.,-0.,-1.));
#1757 = ADVANCED_FACE('',(#1758),#1776,.F.);
#1758 = FACE_BOUND('',#1759,.F.);
#1759 = EDGE_LOOP('',(#1760,#1761,#1769,#1775));
#1760 = ORIENTED_EDGE('',*,*,#1742,.T.);
#1761 = ORIENTED_EDGE('',*,*,#1762,.T.);
#1762 = EDGE_CURVE('',#1733,#1763,#1765,.T.);
#1763 = VERTEX_POINT('',#1764);
#1764 = CARTESIAN_POINT('',(-6.697279672083,12.21495409271,81.));
#1765 = ( BOUNDED_CURVE() B_SPLINE_CURVE(2,(#1766,#1767,#1768),
.UNSPECIFIED.,.F.,.F.) B_SPLINE_CURVE_WITH_KNOTS((3,3),(0.,
1.570796326795),.PIECEWISE_BEZIER_KNOTS.) CURVE() 
GEOMETRIC_REPRESENTATION_ITEM() RATIONAL_B_SPLINE_CURVE((1.,
0.707106781187,1.)) REPRESENTATION_ITEM('') );
#1766 = CARTESIAN_POINT('',(-6.354006325896,12.083183800922,81.));
#1767 = CARTESIAN_POINT('',(-6.459757853096,12.320705619909,81.));
#1768 = CARTESIAN_POINT('',(-6.697279672083,12.21495409271,81.));
#1769 = ORIENTED_EDGE('',*,*,#1770,.F.);
#1770 = EDGE_CURVE('',#1370,#1763,#1771,.T.);
#1771 = LINE('',#1772,#1773);
#1772 = CARTESIAN_POINT('',(-6.697279672083,12.21495409271,74.));
#1773 = VECTOR('',#1774,1.);
#1774 = DIRECTION('',(0.,0.,1.));
#1775 = ORIENTED_EDGE('',*,*,#1377,.F.);
#1776 = SURFACE_OF_LINEAR_EXTRUSION('',#1777,#1781);
#1777 = ( BOUNDED_CURVE() B_SPLINE_CURVE(2,(#1778,#1779,#1780),
.UNSPECIFIED.,.F.,.F.) B_SPLINE_CURVE_WITH_KNOTS((3,3),(0.,
1.570796326795),.PIECEWISE_BEZIER_KNOTS.) CURVE() 
GEOMETRIC_REPRESENTATION_ITEM() RATIONAL_B_SPLINE_CURVE((1.,
0.707106781187,1.)) REPRESENTATION_ITEM('') );
#1778 = CARTESIAN_POINT('',(-6.354006325896,12.083183800922,74.));
#1779 = CARTESIAN_POINT('',(-6.459757853096,12.320705619909,74.));
#1780 = CARTESIAN_POINT('',(-6.697279672083,12.21495409271,74.));
#1781 = VECTOR('',#1782,1.);
#1782 = DIRECTION('',(-0.,-0.,-1.));
#1783 = ADVANCED_FACE('',(#1784),#1802,.F.);
#1784 = FACE_BOUND('',#1785,.F.);
#1785 = EDGE_LOOP('',(#1786,#1787,#1795,#1801));
#1786 = ORIENTED_EDGE('',*,*,#1770,.T.);
#1787 = ORIENTED_EDGE('',*,*,#1788,.T.);
#1788 = EDGE_CURVE('',#1763,#1789,#1791,.T.);
#1789 = VERTEX_POINT('',#1790);
#1790 = CARTESIAN_POINT('',(-7.229820714306,11.907491378628,81.));
#1791 = ( BOUNDED_CURVE() B_SPLINE_CURVE(2,(#1792,#1793,#1794),
.UNSPECIFIED.,.F.,.F.) B_SPLINE_CURVE_WITH_KNOTS((3,3),(0.,
4.414598448277E-02),.PIECEWISE_BEZIER_KNOTS.) CURVE() 
GEOMETRIC_REPRESENTATION_ITEM() RATIONAL_B_SPLINE_CURVE((1.,
0.999756401397,1.)) REPRESENTATION_ITEM('') );
#1792 = CARTESIAN_POINT('',(-6.697279672083,12.21495409271,81.));
#1793 = CARTESIAN_POINT('',(-6.966944055446,12.067101077522,81.));
#1794 = CARTESIAN_POINT('',(-7.229820714306,11.907491378628,81.));
#1795 = ORIENTED_EDGE('',*,*,#1796,.F.);
#1796 = EDGE_CURVE('',#1362,#1789,#1797,.T.);
#1797 = LINE('',#1798,#1799);
#1798 = CARTESIAN_POINT('',(-7.229820714306,11.907491378628,74.));
#1799 = VECTOR('',#1800,1.);
#1800 = DIRECTION('',(0.,0.,1.));
#1801 = ORIENTED_EDGE('',*,*,#1369,.F.);
#1802 = SURFACE_OF_LINEAR_EXTRUSION('',#1803,#1807);
#1803 = ( BOUNDED_CURVE() B_SPLINE_CURVE(2,(#1804,#1805,#1806),
.UNSPECIFIED.,.F.,.F.) B_SPLINE_CURVE_WITH_KNOTS((3,3),(0.,
4.414598448277E-02),.PIECEWISE_BEZIER_KNOTS.) CURVE() 
GEOMETRIC_REPRESENTATION_ITEM() RATIONAL_B_SPLINE_CURVE((1.,
0.999756401397,1.)) REPRESENTATION_ITEM('') );
#1804 = CARTESIAN_POINT('',(-6.697279672083,12.21495409271,74.));
#1805 = CARTESIAN_POINT('',(-6.966944055446,12.067101077522,74.));
#1806 = CARTESIAN_POINT('',(-7.229820714306,11.907491378628,74.));
#1807 = VECTOR('',#1808,1.);
#1808 = DIRECTION('',(-0.,-0.,-1.));
#1809 = ADVANCED_FACE('',(#1810),#1828,.F.);
#1810 = FACE_BOUND('',#1811,.F.);
#1811 = EDGE_LOOP('',(#1812,#1813,#1821,#1827));
#1812 = ORIENTED_EDGE('',*,*,#1796,.T.);
#1813 = ORIENTED_EDGE('',*,*,#1814,.T.);
#1814 = EDGE_CURVE('',#1789,#1815,#1817,.T.);
#1815 = VERTEX_POINT('',#1816);
#1816 = CARTESIAN_POINT('',(-7.287340967247,11.544322794494,81.));
#1817 = ( BOUNDED_CURVE() B_SPLINE_CURVE(2,(#1818,#1819,#1820),
.UNSPECIFIED.,.F.,.F.) B_SPLINE_CURVE_WITH_KNOTS((3,3),(0.,
1.570796326795),.PIECEWISE_BEZIER_KNOTS.) CURVE() 
GEOMETRIC_REPRESENTATION_ITEM() RATIONAL_B_SPLINE_CURVE((1.,
0.707106781187,1.)) REPRESENTATION_ITEM('') );
#1818 = CARTESIAN_POINT('',(-7.229820714306,11.907491378628,81.));
#1819 = CARTESIAN_POINT('',(-7.440165132843,11.754667213032,81.));
#1820 = CARTESIAN_POINT('',(-7.287340967247,11.544322794494,81.));
#1821 = ORIENTED_EDGE('',*,*,#1822,.F.);
#1822 = EDGE_CURVE('',#1352,#1815,#1823,.T.);
#1823 = LINE('',#1824,#1825);
#1824 = CARTESIAN_POINT('',(-7.287340967247,11.544322794494,74.));
#1825 = VECTOR('',#1826,1.);
#1826 = DIRECTION('',(0.,0.,1.));
#1827 = ORIENTED_EDGE('',*,*,#1361,.F.);
#1828 = SURFACE_OF_LINEAR_EXTRUSION('',#1829,#1833);
#1829 = ( BOUNDED_CURVE() B_SPLINE_CURVE(2,(#1830,#1831,#1832),
.UNSPECIFIED.,.F.,.F.) B_SPLINE_CURVE_WITH_KNOTS((3,3),(0.,
1.570796326795),.PIECEWISE_BEZIER_KNOTS.) CURVE() 
GEOMETRIC_REPRESENTATION_ITEM() RATIONAL_B_SPLINE_CURVE((1.,
0.707106781187,1.)) REPRESENTATION_ITEM('') );
#1830 = CARTESIAN_POINT('',(-7.229820714306,11.907491378628,74.));
#1831 = CARTESIAN_POINT('',(-7.440165132843,11.754667213032,74.));
#1832 = CARTESIAN_POINT('',(-7.287340967247,11.544322794494,74.));
#1833 = VECTOR('',#1834,1.);
#1834 = DIRECTION('',(-0.,-0.,-1.));
#1835 = ADVANCED_FACE('',(#1836),#1856,.F.);
#1836 = FACE_BOUND('',#1837,.F.);
#1837 = EDGE_LOOP('',(#1838,#1839,#1849,#1855));
#1838 = ORIENTED_EDGE('',*,*,#1822,.T.);
#1839 = ORIENTED_EDGE('',*,*,#1840,.T.);
#1840 = EDGE_CURVE('',#1815,#1841,#1843,.T.);
#1841 = VERTEX_POINT('',#1842);
#1842 = CARTESIAN_POINT('',(-8.727391217234,10.498065045414,81.));
#1843 = ( BOUNDED_CURVE() B_SPLINE_CURVE(2,(#1844,#1845,#1846,#1847,
#1848),.UNSPECIFIED.,.F.,.F.) B_SPLINE_CURVE_WITH_KNOTS((3,2,3),(0.,
1.570796326795,3.14159265359),.PIECEWISE_BEZIER_KNOTS.) CURVE() 
GEOMETRIC_REPRESENTATION_ITEM() RATIONAL_B_SPLINE_CURVE((1.,
0.707106781187,1.,0.707106781187,1.)) REPRESENTATION_ITEM('') );
#1844 = CARTESIAN_POINT('',(-7.287340967247,11.544322794494,81.));
#1845 = CARTESIAN_POINT('',(-6.764212092707,10.824297669501,81.));
#1846 = CARTESIAN_POINT('',(-7.4842372177,10.30116879496,81.));
#1847 = CARTESIAN_POINT('',(-8.204262342694,9.77803992042,81.));
#1848 = CARTESIAN_POINT('',(-8.727391217234,10.498065045414,81.));
#1849 = ORIENTED_EDGE('',*,*,#1850,.F.);
#1850 = EDGE_CURVE('',#1344,#1841,#1851,.T.);
#1851 = LINE('',#1852,#1853);
#1852 = CARTESIAN_POINT('',(-8.727391217234,10.498065045414,74.));
#1853 = VECTOR('',#1854,1.);
#1854 = DIRECTION('',(0.,0.,1.));
#1855 = ORIENTED_EDGE('',*,*,#1351,.F.);
#1856 = SURFACE_OF_LINEAR_EXTRUSION('',#1857,#1863);
#1857 = ( BOUNDED_CURVE() B_SPLINE_CURVE(2,(#1858,#1859,#1860,#1861,
#1862),.UNSPECIFIED.,.F.,.F.) B_SPLINE_CURVE_WITH_KNOTS((3,2,3),(0.,
1.570796326795,3.14159265359),.PIECEWISE_BEZIER_KNOTS.) CURVE() 
GEOMETRIC_REPRESENTATION_ITEM() RATIONAL_B_SPLINE_CURVE((1.,
0.707106781187,1.,0.707106781187,1.)) REPRESENTATION_ITEM('') );
#1858 = CARTESIAN_POINT('',(-7.287340967247,11.544322794494,74.));
#1859 = CARTESIAN_POINT('',(-6.764212092707,10.824297669501,74.));
#1860 = CARTESIAN_POINT('',(-7.4842372177,10.30116879496,74.));
#1861 = CARTESIAN_POINT('',(-8.204262342694,9.77803992042,74.));
#1862 = CARTESIAN_POINT('',(-8.727391217234,10.498065045414,74.));
#1863 = VECTOR('',#1864,1.);
#1864 = DIRECTION('',(-0.,-0.,-1.));
#1865 = ADVANCED_FACE('',(#1866),#1884,.F.);
#1866 = FACE_BOUND('',#1867,.F.);
#1867 = EDGE_LOOP('',(#1868,#1869,#1877,#1883));
#1868 = ORIENTED_EDGE('',*,*,#1850,.T.);
#1869 = ORIENTED_EDGE('',*,*,#1870,.T.);
#1870 = EDGE_CURVE('',#1841,#1871,#1873,.T.);
#1871 = VERTEX_POINT('',#1872);
#1872 = CARTESIAN_POINT('',(-9.090559801368,10.555585298355,81.));
#1873 = ( BOUNDED_CURVE() B_SPLINE_CURVE(2,(#1874,#1875,#1876),
.UNSPECIFIED.,.F.,.F.) B_SPLINE_CURVE_WITH_KNOTS((3,3),(0.,
1.570796326795),.PIECEWISE_BEZIER_KNOTS.) CURVE() 
GEOMETRIC_REPRESENTATION_ITEM() RATIONAL_B_SPLINE_CURVE((1.,
0.707106781187,1.)) REPRESENTATION_ITEM('') );
#1874 = CARTESIAN_POINT('',(-8.727391217234,10.498065045414,81.));
#1875 = CARTESIAN_POINT('',(-8.88021538283,10.708409463951,81.));
#1876 = CARTESIAN_POINT('',(-9.090559801368,10.555585298355,81.));
#1877 = ORIENTED_EDGE('',*,*,#1878,.F.);
#1878 = EDGE_CURVE('',#1336,#1871,#1879,.T.);
#1879 = LINE('',#1880,#1881);
#1880 = CARTESIAN_POINT('',(-9.090559801368,10.555585298355,74.));
#1881 = VECTOR('',#1882,1.);
#1882 = DIRECTION('',(0.,0.,1.));
#1883 = ORIENTED_EDGE('',*,*,#1343,.F.);
#1884 = SURFACE_OF_LINEAR_EXTRUSION('',#1885,#1889);
#1885 = ( BOUNDED_CURVE() B_SPLINE_CURVE(2,(#1886,#1887,#1888),
.UNSPECIFIED.,.F.,.F.) B_SPLINE_CURVE_WITH_KNOTS((3,3),(0.,
1.570796326795),.PIECEWISE_BEZIER_KNOTS.) CURVE() 
GEOMETRIC_REPRESENTATION_ITEM() RATIONAL_B_SPLINE_CURVE((1.,
0.707106781187,1.)) REPRESENTATION_ITEM('') );
#1886 = CARTESIAN_POINT('',(-8.727391217234,10.498065045414,74.));
#1887 = CARTESIAN_POINT('',(-8.88021538283,10.708409463951,74.));
#1888 = CARTESIAN_POINT('',(-9.090559801368,10.555585298355,74.));
#1889 = VECTOR('',#1890,1.);
#1890 = DIRECTION('',(-0.,-0.,-1.));
#1891 = ADVANCED_FACE('',(#1892),#1910,.F.);
#1892 = FACE_BOUND('',#1893,.F.);
#1893 = EDGE_LOOP('',(#1894,#1895,#1903,#1909));
#1894 = ORIENTED_EDGE('',*,*,#1878,.T.);
#1895 = ORIENTED_EDGE('',*,*,#1896,.T.);
#1896 = EDGE_CURVE('',#1871,#1897,#1899,.T.);
#1897 = VERTEX_POINT('',#1898);
#1898 = CARTESIAN_POINT('',(-9.547538451362,10.144119873743,81.));
#1899 = ( BOUNDED_CURVE() B_SPLINE_CURVE(2,(#1900,#1901,#1902),
.UNSPECIFIED.,.F.,.F.) B_SPLINE_CURVE_WITH_KNOTS((3,3),(0.,
4.414598448277E-02),.PIECEWISE_BEZIER_KNOTS.) CURVE() 
GEOMETRIC_REPRESENTATION_ITEM() RATIONAL_B_SPLINE_CURVE((1.,
0.999756401397,1.)) REPRESENTATION_ITEM('') );
#1900 = CARTESIAN_POINT('',(-9.090559801368,10.555585298355,81.));
#1901 = CARTESIAN_POINT('',(-9.323591000578,10.35489684839,81.));
#1902 = CARTESIAN_POINT('',(-9.547538451362,10.144119873743,81.));
#1903 = ORIENTED_EDGE('',*,*,#1904,.F.);
#1904 = EDGE_CURVE('',#1328,#1897,#1905,.T.);
#1905 = LINE('',#1906,#1907);
#1906 = CARTESIAN_POINT('',(-9.547538451362,10.144119873743,74.));
#1907 = VECTOR('',#1908,1.);
#1908 = DIRECTION('',(0.,0.,1.));
#1909 = ORIENTED_EDGE('',*,*,#1335,.F.);
#1910 = SURFACE_OF_LINEAR_EXTRUSION('',#1911,#1915);
#1911 = ( BOUNDED_CURVE() B_SPLINE_CURVE(2,(#1912,#1913,#1914),
.UNSPECIFIED.,.F.,.F.) B_SPLINE_CURVE_WITH_KNOTS((3,3),(0.,
4.414598448277E-02),.PIECEWISE_BEZIER_KNOTS.) CURVE() 
GEOMETRIC_REPRESENTATION_ITEM() RATIONAL_B_SPLINE_CURVE((1.,
0.999756401397,1.)) REPRESENTATION_ITEM('') );
#1912 = CARTESIAN_POINT('',(-9.090559801368,10.555585298355,74.));
#1913 = CARTESIAN_POINT('',(-9.323591000578,10.35489684839,74.));
#1914 = CARTESIAN_POINT('',(-9.547538451362,10.144119873743,74.));
#1915 = VECTOR('',#1916,1.);
#1916 = DIRECTION('',(-0.,-0.,-1.));
#1917 = ADVANCED_FACE('',(#1918),#1936,.F.);
#1918 = FACE_BOUND('',#1919,.F.);
#1919 = EDGE_LOOP('',(#1920,#1921,#1929,#1935));
#1920 = ORIENTED_EDGE('',*,*,#1904,.T.);
#1921 = ORIENTED_EDGE('',*,*,#1922,.T.);
#1922 = EDGE_CURVE('',#1897,#1923,#1925,.T.);
#1923 = VERTEX_POINT('',#1924);
#1924 = CARTESIAN_POINT('',(-9.528294754391,9.776928261465,81.));
#1925 = ( BOUNDED_CURVE() B_SPLINE_CURVE(2,(#1926,#1927,#1928),
.UNSPECIFIED.,.F.,.F.) B_SPLINE_CURVE_WITH_KNOTS((3,3),(0.,
1.570796326795),.PIECEWISE_BEZIER_KNOTS.) CURVE() 
GEOMETRIC_REPRESENTATION_ITEM() RATIONAL_B_SPLINE_CURVE((1.,
0.707106781187,1.)) REPRESENTATION_ITEM('') );
#1926 = CARTESIAN_POINT('',(-9.547538451362,10.144119873743,81.));
#1927 = CARTESIAN_POINT('',(-9.721512409015,9.950902219119,81.));
#1928 = CARTESIAN_POINT('',(-9.528294754391,9.776928261465,81.));
#1929 = ORIENTED_EDGE('',*,*,#1930,.F.);
#1930 = EDGE_CURVE('',#1318,#1923,#1931,.T.);
#1931 = LINE('',#1932,#1933);
#1932 = CARTESIAN_POINT('',(-9.528294754391,9.776928261465,74.));
#1933 = VECTOR('',#1934,1.);
#1934 = DIRECTION('',(0.,0.,1.));
#1935 = ORIENTED_EDGE('',*,*,#1327,.F.);
#1936 = SURFACE_OF_LINEAR_EXTRUSION('',#1937,#1941);
#1937 = ( BOUNDED_CURVE() B_SPLINE_CURVE(2,(#1938,#1939,#1940),
.UNSPECIFIED.,.F.,.F.) B_SPLINE_CURVE_WITH_KNOTS((3,3),(0.,
1.570796326795),.PIECEWISE_BEZIER_KNOTS.) CURVE() 
GEOMETRIC_REPRESENTATION_ITEM() RATIONAL_B_SPLINE_CURVE((1.,
0.707106781187,1.)) REPRESENTATION_ITEM('') );
#1938 = CARTESIAN_POINT('',(-9.547538451362,10.144119873743,74.));
#1939 = CARTESIAN_POINT('',(-9.721512409015,9.950902219119,74.));
#1940 = CARTESIAN_POINT('',(-9.528294754391,9.776928261465,74.));
#1941 = VECTOR('',#1942,1.);
#1942 = DIRECTION('',(-0.,-0.,-1.));
#1943 = ADVANCED_FACE('',(#1944),#1964,.F.);
#1944 = FACE_BOUND('',#1945,.F.);
#1945 = EDGE_LOOP('',(#1946,#1947,#1957,#1963));
#1946 = ORIENTED_EDGE('',*,*,#1930,.T.);
#1947 = ORIENTED_EDGE('',*,*,#1948,.T.);
#1948 = EDGE_CURVE('',#1923,#1949,#1951,.T.);
#1949 = VERTEX_POINT('',#1950);
#1950 = CARTESIAN_POINT('',(-10.71934723371,8.454130472116,81.));
#1951 = ( BOUNDED_CURVE() B_SPLINE_CURVE(2,(#1952,#1953,#1954,#1955,
#1956),.UNSPECIFIED.,.F.,.F.) B_SPLINE_CURVE_WITH_KNOTS((3,2,3),(0.,
1.570796326795,3.14159265359),.PIECEWISE_BEZIER_KNOTS.) CURVE() 
GEOMETRIC_REPRESENTATION_ITEM() RATIONAL_B_SPLINE_CURVE((1.,
0.707106781187,1.,0.707106781187,1.)) REPRESENTATION_ITEM('') );
#1952 = CARTESIAN_POINT('',(-9.528294754391,9.776928261465,81.));
#1953 = CARTESIAN_POINT('',(-8.866895859716,9.181402021806,81.));
#1954 = CARTESIAN_POINT('',(-9.462422099376,8.520003127131,81.));
#1955 = CARTESIAN_POINT('',(-10.05794833903,7.858604232456,81.));
#1956 = CARTESIAN_POINT('',(-10.71934723371,8.454130472116,81.));
#1957 = ORIENTED_EDGE('',*,*,#1958,.F.);
#1958 = EDGE_CURVE('',#1310,#1949,#1959,.T.);
#1959 = LINE('',#1960,#1961);
#1960 = CARTESIAN_POINT('',(-10.71934723371,8.454130472116,74.));
#1961 = VECTOR('',#1962,1.);
#1962 = DIRECTION('',(0.,0.,1.));
#1963 = ORIENTED_EDGE('',*,*,#1317,.F.);
#1964 = SURFACE_OF_LINEAR_EXTRUSION('',#1965,#1971);
#1965 = ( BOUNDED_CURVE() B_SPLINE_CURVE(2,(#1966,#1967,#1968,#1969,
#1970),.UNSPECIFIED.,.F.,.F.) B_SPLINE_CURVE_WITH_KNOTS((3,2,3),(0.,
1.570796326795,3.14159265359),.PIECEWISE_BEZIER_KNOTS.) CURVE() 
GEOMETRIC_REPRESENTATION_ITEM() RATIONAL_B_SPLINE_CURVE((1.,
0.707106781187,1.,0.707106781187,1.)) REPRESENTATION_ITEM('') );
#1966 = CARTESIAN_POINT('',(-9.528294754391,9.776928261465,74.));
#1967 = CARTESIAN_POINT('',(-8.866895859716,9.181402021806,74.));
#1968 = CARTESIAN_POINT('',(-9.462422099376,8.520003127131,74.));
#1969 = CARTESIAN_POINT('',(-10.05794833903,7.858604232456,74.));
#1970 = CARTESIAN_POINT('',(-10.71934723371,8.454130472116,74.));
#1971 = VECTOR('',#1972,1.);
#1972 = DIRECTION('',(-0.,-0.,-1.));
#1973 = ADVANCED_FACE('',(#1974),#1992,.F.);
#1974 = FACE_BOUND('',#1975,.F.);
#1975 = EDGE_LOOP('',(#1976,#1977,#1985,#1991));
#1976 = ORIENTED_EDGE('',*,*,#1958,.T.);
#1977 = ORIENTED_EDGE('',*,*,#1978,.T.);
#1978 = EDGE_CURVE('',#1949,#1979,#1981,.T.);
#1979 = VERTEX_POINT('',#1980);
#1980 = CARTESIAN_POINT('',(-11.08653884598,8.434886775145,81.));
#1981 = ( BOUNDED_CURVE() B_SPLINE_CURVE(2,(#1982,#1983,#1984),
.UNSPECIFIED.,.F.,.F.) B_SPLINE_CURVE_WITH_KNOTS((3,3),(0.,
1.570796326795),.PIECEWISE_BEZIER_KNOTS.) CURVE() 
GEOMETRIC_REPRESENTATION_ITEM() RATIONAL_B_SPLINE_CURVE((1.,
0.707106781187,1.)) REPRESENTATION_ITEM('') );
#1982 = CARTESIAN_POINT('',(-10.71934723371,8.454130472116,81.));
#1983 = CARTESIAN_POINT('',(-10.91256488833,8.628104429769,81.));
#1984 = CARTESIAN_POINT('',(-11.08653884598,8.434886775145,81.));
#1985 = ORIENTED_EDGE('',*,*,#1986,.F.);
#1986 = EDGE_CURVE('',#1302,#1979,#1987,.T.);
#1987 = LINE('',#1988,#1989);
#1988 = CARTESIAN_POINT('',(-11.08653884598,8.434886775145,74.));
#1989 = VECTOR('',#1990,1.);
#1990 = DIRECTION('',(0.,0.,1.));
#1991 = ORIENTED_EDGE('',*,*,#1309,.F.);
#1992 = SURFACE_OF_LINEAR_EXTRUSION('',#1993,#1997);
#1993 = ( BOUNDED_CURVE() B_SPLINE_CURVE(2,(#1994,#1995,#1996),
.UNSPECIFIED.,.F.,.F.) B_SPLINE_CURVE_WITH_KNOTS((3,3),(0.,
1.570796326795),.PIECEWISE_BEZIER_KNOTS.) CURVE() 
GEOMETRIC_REPRESENTATION_ITEM() RATIONAL_B_SPLINE_CURVE((1.,
0.707106781187,1.)) REPRESENTATION_ITEM('') );
#1994 = CARTESIAN_POINT('',(-10.71934723371,8.454130472116,74.));
#1995 = CARTESIAN_POINT('',(-10.91256488833,8.628104429769,74.));
#1996 = CARTESIAN_POINT('',(-11.08653884598,8.434886775145,74.));
#1997 = VECTOR('',#1998,1.);
#1998 = DIRECTION('',(-0.,-0.,-1.));
#1999 = ADVANCED_FACE('',(#2000),#2018,.F.);
#2000 = FACE_BOUND('',#2001,.F.);
#2001 = EDGE_LOOP('',(#2002,#2003,#2011,#2017));
#2002 = ORIENTED_EDGE('',*,*,#1986,.T.);
#2003 = ORIENTED_EDGE('',*,*,#2004,.T.);
#2004 = EDGE_CURVE('',#1979,#2005,#2007,.T.);
#2005 = VERTEX_POINT('',#2006);
#2006 = CARTESIAN_POINT('',(-11.44798294392,7.937401653487,81.));
#2007 = ( BOUNDED_CURVE() B_SPLINE_CURVE(2,(#2008,#2009,#2010),
.UNSPECIFIED.,.F.,.F.) B_SPLINE_CURVE_WITH_KNOTS((3,3),(0.,
4.414598448277E-02),.PIECEWISE_BEZIER_KNOTS.) CURVE() 
GEOMETRIC_REPRESENTATION_ITEM() RATIONAL_B_SPLINE_CURVE((1.,
0.999756401397,1.)) REPRESENTATION_ITEM('') );
#2008 = CARTESIAN_POINT('',(-11.08653884598,8.434886775145,81.));
#2009 = CARTESIAN_POINT('',(-11.27275227943,8.190133938676,81.));
#2010 = CARTESIAN_POINT('',(-11.44798294392,7.937401653487,81.));
#2011 = ORIENTED_EDGE('',*,*,#2012,.F.);
#2012 = EDGE_CURVE('',#1294,#2005,#2013,.T.);
#2013 = LINE('',#2014,#2015);
#2014 = CARTESIAN_POINT('',(-11.44798294392,7.937401653487,74.));
#2015 = VECTOR('',#2016,1.);
#2016 = DIRECTION('',(0.,0.,1.));
#2017 = ORIENTED_EDGE('',*,*,#1301,.F.);
#2018 = SURFACE_OF_LINEAR_EXTRUSION('',#2019,#2023);
#2019 = ( BOUNDED_CURVE() B_SPLINE_CURVE(2,(#2020,#2021,#2022),
.UNSPECIFIED.,.F.,.F.) B_SPLINE_CURVE_WITH_KNOTS((3,3),(0.,
4.414598448277E-02),.PIECEWISE_BEZIER_KNOTS.) CURVE() 
GEOMETRIC_REPRESENTATION_ITEM() RATIONAL_B_SPLINE_CURVE((1.,
0.999756401397,1.)) REPRESENTATION_ITEM('') );
#2020 = CARTESIAN_POINT('',(-11.08653884598,8.434886775145,74.));
#2021 = CARTESIAN_POINT('',(-11.27275227943,8.190133938676,74.));
#2022 = CARTESIAN_POINT('',(-11.44798294392,7.937401653487,74.));
#2023 = VECTOR('',#2024,1.);
#2024 = DIRECTION('',(-0.,-0.,-1.));
#2025 = ADVANCED_FACE('',(#2026),#2044,.F.);
#2026 = FACE_BOUND('',#2027,.F.);
#2027 = EDGE_LOOP('',(#2028,#2029,#2037,#2043));
#2028 = ORIENTED_EDGE('',*,*,#2012,.T.);
#2029 = ORIENTED_EDGE('',*,*,#2030,.T.);
#2030 = EDGE_CURVE('',#2005,#2031,#2033,.T.);
#2031 = VERTEX_POINT('',#2032);
#2032 = CARTESIAN_POINT('',(-11.35281633893,7.582235048503,81.));
#2033 = ( BOUNDED_CURVE() B_SPLINE_CURVE(2,(#2034,#2035,#2036),
.UNSPECIFIED.,.F.,.F.) B_SPLINE_CURVE_WITH_KNOTS((3,3),(0.,
1.570796326795),.PIECEWISE_BEZIER_KNOTS.) CURVE() 
GEOMETRIC_REPRESENTATION_ITEM() RATIONAL_B_SPLINE_CURVE((1.,
0.707106781187,1.)) REPRESENTATION_ITEM('') );
#2034 = CARTESIAN_POINT('',(-11.44798294392,7.937401653487,81.));
#2035 = CARTESIAN_POINT('',(-11.57798294392,7.712235048503,81.));
#2036 = CARTESIAN_POINT('',(-11.35281633893,7.582235048503,81.));
#2037 = ORIENTED_EDGE('',*,*,#2038,.F.);
#2038 = EDGE_CURVE('',#1284,#2031,#2039,.T.);
#2039 = LINE('',#2040,#2041);
#2040 = CARTESIAN_POINT('',(-11.35281633893,7.582235048503,74.));
#2041 = VECTOR('',#2042,1.);
#2042 = DIRECTION('',(0.,0.,1.));
#2043 = ORIENTED_EDGE('',*,*,#1293,.F.);
#2044 = SURFACE_OF_LINEAR_EXTRUSION('',#2045,#2049);
#2045 = ( BOUNDED_CURVE() B_SPLINE_CURVE(2,(#2046,#2047,#2048),
.UNSPECIFIED.,.F.,.F.) B_SPLINE_CURVE_WITH_KNOTS((3,3),(0.,
1.570796326795),.PIECEWISE_BEZIER_KNOTS.) CURVE() 
GEOMETRIC_REPRESENTATION_ITEM() RATIONAL_B_SPLINE_CURVE((1.,
0.707106781187,1.)) REPRESENTATION_ITEM('') );
#2046 = CARTESIAN_POINT('',(-11.44798294392,7.937401653487,74.));
#2047 = CARTESIAN_POINT('',(-11.57798294392,7.712235048503,74.));
#2048 = CARTESIAN_POINT('',(-11.35281633893,7.582235048503,74.));
#2049 = VECTOR('',#2050,1.);
#2050 = DIRECTION('',(-0.,-0.,-1.));
#2051 = ADVANCED_FACE('',(#2052),#2072,.F.);
#2052 = FACE_BOUND('',#2053,.F.);
#2053 = EDGE_LOOP('',(#2054,#2055,#2065,#2071));
#2054 = ORIENTED_EDGE('',*,*,#2038,.T.);
#2055 = ORIENTED_EDGE('',*,*,#2056,.T.);
#2056 = EDGE_CURVE('',#2031,#2057,#2059,.T.);
#2057 = VERTEX_POINT('',#2058);
#2058 = CARTESIAN_POINT('',(-12.24281633893,6.040709829767,81.));
#2059 = ( BOUNDED_CURVE() B_SPLINE_CURVE(2,(#2060,#2061,#2062,#2063,
#2064),.UNSPECIFIED.,.F.,.F.) B_SPLINE_CURVE_WITH_KNOTS((3,2,3),(0.,
1.570796326795,3.14159265359),.PIECEWISE_BEZIER_KNOTS.) CURVE() 
GEOMETRIC_REPRESENTATION_ITEM() RATIONAL_B_SPLINE_CURVE((1.,
0.707106781187,1.,0.707106781187,1.)) REPRESENTATION_ITEM('') );
#2060 = CARTESIAN_POINT('',(-11.35281633893,7.582235048503,81.));
#2061 = CARTESIAN_POINT('',(-10.58205372956,7.137235048503,81.));
#2062 = CARTESIAN_POINT('',(-11.02705372956,6.366472439135,81.));
#2063 = CARTESIAN_POINT('',(-11.47205372956,5.595709829767,81.));
#2064 = CARTESIAN_POINT('',(-12.24281633893,6.040709829767,81.));
#2065 = ORIENTED_EDGE('',*,*,#2066,.F.);
#2066 = EDGE_CURVE('',#1276,#2057,#2067,.T.);
#2067 = LINE('',#2068,#2069);
#2068 = CARTESIAN_POINT('',(-12.24281633893,6.040709829767,74.));
#2069 = VECTOR('',#2070,1.);
#2070 = DIRECTION('',(0.,0.,1.));
#2071 = ORIENTED_EDGE('',*,*,#1283,.F.);
#2072 = SURFACE_OF_LINEAR_EXTRUSION('',#2073,#2079);
#2073 = ( BOUNDED_CURVE() B_SPLINE_CURVE(2,(#2074,#2075,#2076,#2077,
#2078),.UNSPECIFIED.,.F.,.F.) B_SPLINE_CURVE_WITH_KNOTS((3,2,3),(0.,
1.570796326795,3.14159265359),.PIECEWISE_BEZIER_KNOTS.) CURVE() 
GEOMETRIC_REPRESENTATION_ITEM() RATIONAL_B_SPLINE_CURVE((1.,
0.707106781187,1.,0.707106781187,1.)) REPRESENTATION_ITEM('') );
#2074 = CARTESIAN_POINT('',(-11.35281633893,7.582235048503,74.));
#2075 = CARTESIAN_POINT('',(-10.58205372956,7.137235048503,74.));
#2076 = CARTESIAN_POINT('',(-11.02705372956,6.366472439135,74.));
#2077 = CARTESIAN_POINT('',(-11.47205372956,5.595709829767,74.));
#2078 = CARTESIAN_POINT('',(-12.24281633893,6.040709829767,74.));
#2079 = VECTOR('',#2080,1.);
#2080 = DIRECTION('',(-0.,-0.,-1.));
#2081 = ADVANCED_FACE('',(#2082),#2100,.F.);
#2082 = FACE_BOUND('',#2083,.F.);
#2083 = EDGE_LOOP('',(#2084,#2085,#2093,#2099));
#2084 = ORIENTED_EDGE('',*,*,#2066,.T.);
#2085 = ORIENTED_EDGE('',*,*,#2086,.T.);
#2086 = EDGE_CURVE('',#2057,#2087,#2089,.T.);
#2087 = VERTEX_POINT('',#2088);
#2088 = CARTESIAN_POINT('',(-12.59798294392,5.945543224783,81.));
#2089 = ( BOUNDED_CURVE() B_SPLINE_CURVE(2,(#2090,#2091,#2092),
.UNSPECIFIED.,.F.,.F.) B_SPLINE_CURVE_WITH_KNOTS((3,3),(0.,
1.570796326795),.PIECEWISE_BEZIER_KNOTS.) CURVE() 
GEOMETRIC_REPRESENTATION_ITEM() RATIONAL_B_SPLINE_CURVE((1.,
0.707106781187,1.)) REPRESENTATION_ITEM('') );
#2090 = CARTESIAN_POINT('',(-12.24281633893,6.040709829767,81.));
#2091 = CARTESIAN_POINT('',(-12.46798294392,6.170709829767,81.));
#2092 = CARTESIAN_POINT('',(-12.59798294392,5.945543224783,81.));
#2093 = ORIENTED_EDGE('',*,*,#2094,.F.);
#2094 = EDGE_CURVE('',#1268,#2087,#2095,.T.);
#2095 = LINE('',#2096,#2097);
#2096 = CARTESIAN_POINT('',(-12.59798294392,5.945543224783,74.));
#2097 = VECTOR('',#2098,1.);
#2098 = DIRECTION('',(0.,0.,1.));
#2099 = ORIENTED_EDGE('',*,*,#1275,.F.);
#2100 = SURFACE_OF_LINEAR_EXTRUSION('',#2101,#2105);
#2101 = ( BOUNDED_CURVE() B_SPLINE_CURVE(2,(#2102,#2103,#2104),
.UNSPECIFIED.,.F.,.F.) B_SPLINE_CURVE_WITH_KNOTS((3,3),(0.,
1.570796326795),.PIECEWISE_BEZIER_KNOTS.) CURVE() 
GEOMETRIC_REPRESENTATION_ITEM() RATIONAL_B_SPLINE_CURVE((1.,
0.707106781187,1.)) REPRESENTATION_ITEM('') );
#2102 = CARTESIAN_POINT('',(-12.24281633893,6.040709829767,74.));
#2103 = CARTESIAN_POINT('',(-12.46798294392,6.170709829767,74.));
#2104 = CARTESIAN_POINT('',(-12.59798294392,5.945543224783,74.));
#2105 = VECTOR('',#2106,1.);
#2106 = DIRECTION('',(-0.,-0.,-1.));
#2107 = ADVANCED_FACE('',(#2108),#2126,.F.);
#2108 = FACE_BOUND('',#2109,.F.);
#2109 = EDGE_LOOP('',(#2110,#2111,#2119,#2125));
#2110 = ORIENTED_EDGE('',*,*,#2094,.T.);
#2111 = ORIENTED_EDGE('',*,*,#2112,.T.);
#2112 = EDGE_CURVE('',#2087,#2113,#2115,.T.);
#2113 = VERTEX_POINT('',#2114);
#2114 = CARTESIAN_POINT('',(-12.84809564831,5.383780893096,81.));
#2115 = ( BOUNDED_CURVE() B_SPLINE_CURVE(2,(#2116,#2117,#2118),
.UNSPECIFIED.,.F.,.F.) B_SPLINE_CURVE_WITH_KNOTS((3,3),(0.,
4.414598448277E-02),.PIECEWISE_BEZIER_KNOTS.) CURVE() 
GEOMETRIC_REPRESENTATION_ITEM() RATIONAL_B_SPLINE_CURVE((1.,
0.999756401397,1.)) REPRESENTATION_ITEM('') );
#2116 = CARTESIAN_POINT('',(-12.59798294392,5.945543224783,81.));
#2117 = CARTESIAN_POINT('',(-12.729240191,5.667422875218,81.));
#2118 = CARTESIAN_POINT('',(-12.84809564831,5.383780893096,81.));
#2119 = ORIENTED_EDGE('',*,*,#2120,.F.);
#2120 = EDGE_CURVE('',#1260,#2113,#2121,.T.);
#2121 = LINE('',#2122,#2123);
#2122 = CARTESIAN_POINT('',(-12.84809564831,5.383780893096,74.));
#2123 = VECTOR('',#2124,1.);
#2124 = DIRECTION('',(0.,0.,1.));
#2125 = ORIENTED_EDGE('',*,*,#1267,.F.);
#2126 = SURFACE_OF_LINEAR_EXTRUSION('',#2127,#2131);
#2127 = ( BOUNDED_CURVE() B_SPLINE_CURVE(2,(#2128,#2129,#2130),
.UNSPECIFIED.,.F.,.F.) B_SPLINE_CURVE_WITH_KNOTS((3,3),(0.,
4.414598448277E-02),.PIECEWISE_BEZIER_KNOTS.) CURVE() 
GEOMETRIC_REPRESENTATION_ITEM() RATIONAL_B_SPLINE_CURVE((1.,
0.999756401397,1.)) REPRESENTATION_ITEM('') );
#2128 = CARTESIAN_POINT('',(-12.59798294392,5.945543224783,74.));
#2129 = CARTESIAN_POINT('',(-12.729240191,5.667422875218,74.));
#2130 = CARTESIAN_POINT('',(-12.84809564831,5.383780893096,74.));
#2131 = VECTOR('',#2132,1.);
#2132 = DIRECTION('',(-0.,-0.,-1.));
#2133 = ADVANCED_FACE('',(#2134),#2152,.F.);
#2134 = FACE_BOUND('',#2135,.F.);
#2135 = EDGE_LOOP('',(#2136,#2137,#2145,#2151));
#2136 = ORIENTED_EDGE('',*,*,#2120,.T.);
#2137 = ORIENTED_EDGE('',*,*,#2138,.T.);
#2138 = EDGE_CURVE('',#2113,#2139,#2141,.T.);
#2139 = VERTEX_POINT('',#2140);
#2140 = CARTESIAN_POINT('',(-12.68116537261,5.056161780321,81.));
#2141 = ( BOUNDED_CURVE() B_SPLINE_CURVE(2,(#2142,#2143,#2144),
.UNSPECIFIED.,.F.,.F.) B_SPLINE_CURVE_WITH_KNOTS((3,3),(0.,
1.570796326795),.PIECEWISE_BEZIER_KNOTS.) CURVE() 
GEOMETRIC_REPRESENTATION_ITEM() RATIONAL_B_SPLINE_CURVE((1.,
0.707106781187,1.)) REPRESENTATION_ITEM('') );
#2142 = CARTESIAN_POINT('',(-12.84809564831,5.383780893096,81.));
#2143 = CARTESIAN_POINT('',(-12.92844006685,5.136506198859,81.));
#2144 = CARTESIAN_POINT('',(-12.68116537261,5.056161780321,81.));
#2145 = ORIENTED_EDGE('',*,*,#2146,.F.);
#2146 = EDGE_CURVE('',#1250,#2139,#2147,.T.);
#2147 = LINE('',#2148,#2149);
#2148 = CARTESIAN_POINT('',(-12.68116537261,5.056161780321,74.));
#2149 = VECTOR('',#2150,1.);
#2150 = DIRECTION('',(0.,0.,1.));
#2151 = ORIENTED_EDGE('',*,*,#1259,.F.);
#2152 = SURFACE_OF_LINEAR_EXTRUSION('',#2153,#2157);
#2153 = ( BOUNDED_CURVE() B_SPLINE_CURVE(2,(#2154,#2155,#2156),
.UNSPECIFIED.,.F.,.F.) B_SPLINE_CURVE_WITH_KNOTS((3,3),(0.,
1.570796326795),.PIECEWISE_BEZIER_KNOTS.) CURVE() 
GEOMETRIC_REPRESENTATION_ITEM() RATIONAL_B_SPLINE_CURVE((1.,
0.707106781187,1.)) REPRESENTATION_ITEM('') );
#2154 = CARTESIAN_POINT('',(-12.84809564831,5.383780893096,74.));
#2155 = CARTESIAN_POINT('',(-12.92844006685,5.136506198859,74.));
#2156 = CARTESIAN_POINT('',(-12.68116537261,5.056161780321,74.));
#2157 = VECTOR('',#2158,1.);
#2158 = DIRECTION('',(-0.,-0.,-1.));
#2159 = ADVANCED_FACE('',(#2160),#2180,.F.);
#2160 = FACE_BOUND('',#2161,.F.);
#2161 = EDGE_LOOP('',(#2162,#2163,#2173,#2179));
#2162 = ORIENTED_EDGE('',*,*,#2146,.T.);
#2163 = ORIENTED_EDGE('',*,*,#2164,.T.);
#2164 = EDGE_CURVE('',#2139,#2165,#2167,.T.);
#2165 = VERTEX_POINT('',#2166);
#2166 = CARTESIAN_POINT('',(-13.2312156226,3.363281181316,81.));
#2167 = ( BOUNDED_CURVE() B_SPLINE_CURVE(2,(#2168,#2169,#2170,#2171,
#2172),.UNSPECIFIED.,.F.,.F.) B_SPLINE_CURVE_WITH_KNOTS((3,2,3),(0.,
1.570796326795,3.14159265359),.PIECEWISE_BEZIER_KNOTS.) CURVE() 
GEOMETRIC_REPRESENTATION_ITEM() RATIONAL_B_SPLINE_CURVE((1.,
0.707106781187,1.,0.707106781187,1.)) REPRESENTATION_ITEM('') );
#2168 = CARTESIAN_POINT('',(-12.68116537261,5.056161780321,81.));
#2169 = CARTESIAN_POINT('',(-11.83472507311,4.781136655328,81.));
#2170 = CARTESIAN_POINT('',(-12.1097501981,3.934696355825,81.));
#2171 = CARTESIAN_POINT('',(-12.3847753231,3.088256056322,81.));
#2172 = CARTESIAN_POINT('',(-13.2312156226,3.363281181316,81.));
#2173 = ORIENTED_EDGE('',*,*,#2174,.F.);
#2174 = EDGE_CURVE('',#1242,#2165,#2175,.T.);
#2175 = LINE('',#2176,#2177);
#2176 = CARTESIAN_POINT('',(-13.2312156226,3.363281181316,74.));
#2177 = VECTOR('',#2178,1.);
#2178 = DIRECTION('',(0.,0.,1.));
#2179 = ORIENTED_EDGE('',*,*,#1249,.F.);
#2180 = SURFACE_OF_LINEAR_EXTRUSION('',#2181,#2187);
#2181 = ( BOUNDED_CURVE() B_SPLINE_CURVE(2,(#2182,#2183,#2184,#2185,
#2186),.UNSPECIFIED.,.F.,.F.) B_SPLINE_CURVE_WITH_KNOTS((3,2,3),(0.,
1.570796326795,3.14159265359),.PIECEWISE_BEZIER_KNOTS.) CURVE() 
GEOMETRIC_REPRESENTATION_ITEM() RATIONAL_B_SPLINE_CURVE((1.,
0.707106781187,1.,0.707106781187,1.)) REPRESENTATION_ITEM('') );
#2182 = CARTESIAN_POINT('',(-12.68116537261,5.056161780321,74.));
#2183 = CARTESIAN_POINT('',(-11.83472507311,4.781136655328,74.));
#2184 = CARTESIAN_POINT('',(-12.1097501981,3.934696355825,74.));
#2185 = CARTESIAN_POINT('',(-12.3847753231,3.088256056322,74.));
#2186 = CARTESIAN_POINT('',(-13.2312156226,3.363281181316,74.));
#2187 = VECTOR('',#2188,1.);
#2188 = DIRECTION('',(-0.,-0.,-1.));
#2189 = ADVANCED_FACE('',(#2190),#2208,.F.);
#2190 = FACE_BOUND('',#2191,.F.);
#2191 = EDGE_LOOP('',(#2192,#2193,#2201,#2207));
#2192 = ORIENTED_EDGE('',*,*,#2174,.T.);
#2193 = ORIENTED_EDGE('',*,*,#2194,.T.);
#2194 = EDGE_CURVE('',#2165,#2195,#2197,.T.);
#2195 = VERTEX_POINT('',#2196);
#2196 = CARTESIAN_POINT('',(-13.55883473537,3.196350905617,81.));
#2197 = ( BOUNDED_CURVE() B_SPLINE_CURVE(2,(#2198,#2199,#2200),
.UNSPECIFIED.,.F.,.F.) B_SPLINE_CURVE_WITH_KNOTS((3,3),(0.,
1.570796326795),.PIECEWISE_BEZIER_KNOTS.) CURVE() 
GEOMETRIC_REPRESENTATION_ITEM() RATIONAL_B_SPLINE_CURVE((1.,
0.707106781187,1.)) REPRESENTATION_ITEM('') );
#2198 = CARTESIAN_POINT('',(-13.2312156226,3.363281181316,81.));
#2199 = CARTESIAN_POINT('',(-13.47849031683,3.443625599854,81.));
#2200 = CARTESIAN_POINT('',(-13.55883473537,3.196350905617,81.));
#2201 = ORIENTED_EDGE('',*,*,#2202,.F.);
#2202 = EDGE_CURVE('',#1234,#2195,#2203,.T.);
#2203 = LINE('',#2204,#2205);
#2204 = CARTESIAN_POINT('',(-13.55883473537,3.196350905617,74.));
#2205 = VECTOR('',#2206,1.);
#2206 = DIRECTION('',(0.,0.,1.));
#2207 = ORIENTED_EDGE('',*,*,#1241,.F.);
#2208 = SURFACE_OF_LINEAR_EXTRUSION('',#2209,#2213);
#2209 = ( BOUNDED_CURVE() B_SPLINE_CURVE(2,(#2210,#2211,#2212),
.UNSPECIFIED.,.F.,.F.) B_SPLINE_CURVE_WITH_KNOTS((3,3),(0.,
1.570796326795),.PIECEWISE_BEZIER_KNOTS.) CURVE() 
GEOMETRIC_REPRESENTATION_ITEM() RATIONAL_B_SPLINE_CURVE((1.,
0.707106781187,1.)) REPRESENTATION_ITEM('') );
#2210 = CARTESIAN_POINT('',(-13.2312156226,3.363281181316,74.));
#2211 = CARTESIAN_POINT('',(-13.47849031683,3.443625599854,74.));
#2212 = CARTESIAN_POINT('',(-13.55883473537,3.196350905617,74.));
#2213 = VECTOR('',#2214,1.);
#2214 = DIRECTION('',(-0.,-0.,-1.));
#2215 = ADVANCED_FACE('',(#2216),#2234,.F.);
#2216 = FACE_BOUND('',#2217,.F.);
#2217 = EDGE_LOOP('',(#2218,#2219,#2227,#2233));
#2218 = ORIENTED_EDGE('',*,*,#2202,.T.);
#2219 = ORIENTED_EDGE('',*,*,#2220,.T.);
#2220 = EDGE_CURVE('',#2195,#2221,#2223,.T.);
#2221 = VERTEX_POINT('',#2222);
#2222 = CARTESIAN_POINT('',(-13.68668492087,2.594863073429,81.));
#2223 = ( BOUNDED_CURVE() B_SPLINE_CURVE(2,(#2224,#2225,#2226),
.UNSPECIFIED.,.F.,.F.) B_SPLINE_CURVE_WITH_KNOTS((3,3),(0.,
4.414598448277E-02),.PIECEWISE_BEZIER_KNOTS.) CURVE() 
GEOMETRIC_REPRESENTATION_ITEM() RATIONAL_B_SPLINE_CURVE((1.,
0.999756401397,1.)) REPRESENTATION_ITEM('') );
#2224 = CARTESIAN_POINT('',(-13.55883473537,3.196350905617,81.));
#2225 = CARTESIAN_POINT('',(-13.62939922456,2.897018236801,81.));
#2226 = CARTESIAN_POINT('',(-13.68668492087,2.594863073429,81.));
#2227 = ORIENTED_EDGE('',*,*,#2228,.F.);
#2228 = EDGE_CURVE('',#1226,#2221,#2229,.T.);
#2229 = LINE('',#2230,#2231);
#2230 = CARTESIAN_POINT('',(-13.68668492087,2.594863073429,74.));
#2231 = VECTOR('',#2232,1.);
#2232 = DIRECTION('',(0.,0.,1.));
#2233 = ORIENTED_EDGE('',*,*,#1233,.F.);
#2234 = SURFACE_OF_LINEAR_EXTRUSION('',#2235,#2239);
#2235 = ( BOUNDED_CURVE() B_SPLINE_CURVE(2,(#2236,#2237,#2238),
.UNSPECIFIED.,.F.,.F.) B_SPLINE_CURVE_WITH_KNOTS((3,3),(0.,
4.414598448277E-02),.PIECEWISE_BEZIER_KNOTS.) CURVE() 
GEOMETRIC_REPRESENTATION_ITEM() RATIONAL_B_SPLINE_CURVE((1.,
0.999756401397,1.)) REPRESENTATION_ITEM('') );
#2236 = CARTESIAN_POINT('',(-13.55883473537,3.196350905617,74.));
#2237 = CARTESIAN_POINT('',(-13.62939922456,2.897018236801,74.));
#2238 = CARTESIAN_POINT('',(-13.68668492087,2.594863073429,74.));
#2239 = VECTOR('',#2240,1.);
#2240 = DIRECTION('',(-0.,-0.,-1.));
#2241 = ADVANCED_FACE('',(#2242),#2260,.F.);
#2242 = FACE_BOUND('',#2243,.F.);
#2243 = EDGE_LOOP('',(#2244,#2245,#2253,#2259));
#2244 = ORIENTED_EDGE('',*,*,#2228,.T.);
#2245 = ORIENTED_EDGE('',*,*,#2246,.T.);
#2246 = EDGE_CURVE('',#2221,#2247,#2249,.T.);
#2247 = VERTEX_POINT('',#2248);
#2248 = CARTESIAN_POINT('',(-13.45528662852,2.309109980183,81.));
#2249 = ( BOUNDED_CURVE() B_SPLINE_CURVE(2,(#2250,#2251,#2252),
.UNSPECIFIED.,.F.,.F.) B_SPLINE_CURVE_WITH_KNOTS((3,3),(0.,
1.570796326795),.PIECEWISE_BEZIER_KNOTS.) CURVE() 
GEOMETRIC_REPRESENTATION_ITEM() RATIONAL_B_SPLINE_CURVE((1.,
0.707106781187,1.)) REPRESENTATION_ITEM('') );
#2250 = CARTESIAN_POINT('',(-13.68668492087,2.594863073429,81.));
#2251 = CARTESIAN_POINT('',(-13.71386232132,2.336287380633,81.));
#2252 = CARTESIAN_POINT('',(-13.45528662852,2.309109980183,81.));
#2253 = ORIENTED_EDGE('',*,*,#2254,.F.);
#2254 = EDGE_CURVE('',#1216,#2247,#2255,.T.);
#2255 = LINE('',#2256,#2257);
#2256 = CARTESIAN_POINT('',(-13.45528662852,2.309109980183,74.));
#2257 = VECTOR('',#2258,1.);
#2258 = DIRECTION('',(0.,0.,1.));
#2259 = ORIENTED_EDGE('',*,*,#1225,.F.);
#2260 = SURFACE_OF_LINEAR_EXTRUSION('',#2261,#2265);
#2261 = ( BOUNDED_CURVE() B_SPLINE_CURVE(2,(#2262,#2263,#2264),
.UNSPECIFIED.,.F.,.F.) B_SPLINE_CURVE_WITH_KNOTS((3,3),(0.,
1.570796326795),.PIECEWISE_BEZIER_KNOTS.) CURVE() 
GEOMETRIC_REPRESENTATION_ITEM() RATIONAL_B_SPLINE_CURVE((1.,
0.707106781187,1.)) REPRESENTATION_ITEM('') );
#2262 = CARTESIAN_POINT('',(-13.68668492087,2.594863073429,74.));
#2263 = CARTESIAN_POINT('',(-13.71386232132,2.336287380633,74.));
#2264 = CARTESIAN_POINT('',(-13.45528662852,2.309109980183,74.));
#2265 = VECTOR('',#2266,1.);
#2266 = DIRECTION('',(-0.,-0.,-1.));
#2267 = ADVANCED_FACE('',(#2268),#2288,.F.);
#2268 = FACE_BOUND('',#2269,.F.);
#2269 = EDGE_LOOP('',(#2270,#2271,#2281,#2287));
#2270 = ORIENTED_EDGE('',*,*,#2254,.T.);
#2271 = ORIENTED_EDGE('',*,*,#2272,.T.);
#2272 = EDGE_CURVE('',#2247,#2273,#2275,.T.);
#2273 = VERTEX_POINT('',#2274);
#2274 = CARTESIAN_POINT('',(-13.64134729314,0.538861006428,81.));
#2275 = ( BOUNDED_CURVE() B_SPLINE_CURVE(2,(#2276,#2277,#2278,#2279,
#2280),.UNSPECIFIED.,.F.,.F.) B_SPLINE_CURVE_WITH_KNOTS((3,2,3),(0.,
1.570796326795,3.14159265359),.PIECEWISE_BEZIER_KNOTS.) CURVE() 
GEOMETRIC_REPRESENTATION_ITEM() RATIONAL_B_SPLINE_CURVE((1.,
0.707106781187,1.,0.707106781187,1.)) REPRESENTATION_ITEM('') );
#2276 = CARTESIAN_POINT('',(-13.45528662852,2.309109980183,81.));
#2277 = CARTESIAN_POINT('',(-12.57016214164,2.216079647875,81.));
#2278 = CARTESIAN_POINT('',(-12.66319247395,1.330955160997,81.));
#2279 = CARTESIAN_POINT('',(-12.75622280626,0.44583067412,81.));
#2280 = CARTESIAN_POINT('',(-13.64134729314,0.538861006428,81.));
#2281 = ORIENTED_EDGE('',*,*,#2282,.F.);
#2282 = EDGE_CURVE('',#1208,#2273,#2283,.T.);
#2283 = LINE('',#2284,#2285);
#2284 = CARTESIAN_POINT('',(-13.64134729314,0.538861006428,74.));
#2285 = VECTOR('',#2286,1.);
#2286 = DIRECTION('',(0.,0.,1.));
#2287 = ORIENTED_EDGE('',*,*,#1215,.F.);
#2288 = SURFACE_OF_LINEAR_EXTRUSION('',#2289,#2295);
#2289 = ( BOUNDED_CURVE() B_SPLINE_CURVE(2,(#2290,#2291,#2292,#2293,
#2294),.UNSPECIFIED.,.F.,.F.) B_SPLINE_CURVE_WITH_KNOTS((3,2,3),(0.,
1.570796326795,3.14159265359),.PIECEWISE_BEZIER_KNOTS.) CURVE() 
GEOMETRIC_REPRESENTATION_ITEM() RATIONAL_B_SPLINE_CURVE((1.,
0.707106781187,1.,0.707106781187,1.)) REPRESENTATION_ITEM('') );
#2290 = CARTESIAN_POINT('',(-13.45528662852,2.309109980183,74.));
#2291 = CARTESIAN_POINT('',(-12.57016214164,2.216079647875,74.));
#2292 = CARTESIAN_POINT('',(-12.66319247395,1.330955160997,74.));
#2293 = CARTESIAN_POINT('',(-12.75622280626,0.44583067412,74.));
#2294 = CARTESIAN_POINT('',(-13.64134729314,0.538861006428,74.));
#2295 = VECTOR('',#2296,1.);
#2296 = DIRECTION('',(-0.,-0.,-1.));
#2297 = ADVANCED_FACE('',(#2298),#2316,.F.);
#2298 = FACE_BOUND('',#2299,.F.);
#2299 = EDGE_LOOP('',(#2300,#2301,#2309,#2315));
#2300 = ORIENTED_EDGE('',*,*,#2282,.T.);
#2301 = ORIENTED_EDGE('',*,*,#2302,.T.);
#2302 = EDGE_CURVE('',#2273,#2303,#2305,.T.);
#2303 = VERTEX_POINT('',#2304);
#2304 = CARTESIAN_POINT('',(-13.92710038638,0.307462714082,81.));
#2305 = ( BOUNDED_CURVE() B_SPLINE_CURVE(2,(#2306,#2307,#2308),
.UNSPECIFIED.,.F.,.F.) B_SPLINE_CURVE_WITH_KNOTS((3,3),(0.,
1.570796326795),.PIECEWISE_BEZIER_KNOTS.) CURVE() 
GEOMETRIC_REPRESENTATION_ITEM() RATIONAL_B_SPLINE_CURVE((1.,
0.707106781187,1.)) REPRESENTATION_ITEM('') );
#2306 = CARTESIAN_POINT('',(-13.64134729314,0.538861006428,81.));
#2307 = CARTESIAN_POINT('',(-13.89992298593,0.566038406877,81.));
#2308 = CARTESIAN_POINT('',(-13.92710038638,0.307462714082,81.));
#2309 = ORIENTED_EDGE('',*,*,#2310,.F.);
#2310 = EDGE_CURVE('',#1200,#2303,#2311,.T.);
#2311 = LINE('',#2312,#2313);
#2312 = CARTESIAN_POINT('',(-13.92710038638,0.307462714082,74.));
#2313 = VECTOR('',#2314,1.);
#2314 = DIRECTION('',(0.,0.,1.));
#2315 = ORIENTED_EDGE('',*,*,#1207,.F.);
#2316 = SURFACE_OF_LINEAR_EXTRUSION('',#2317,#2321);
#2317 = ( BOUNDED_CURVE() B_SPLINE_CURVE(2,(#2318,#2319,#2320),
.UNSPECIFIED.,.F.,.F.) B_SPLINE_CURVE_WITH_KNOTS((3,3),(0.,
1.570796326795),.PIECEWISE_BEZIER_KNOTS.) CURVE() 
GEOMETRIC_REPRESENTATION_ITEM() RATIONAL_B_SPLINE_CURVE((1.,
0.707106781187,1.)) REPRESENTATION_ITEM('') );
#2318 = CARTESIAN_POINT('',(-13.64134729314,0.538861006428,74.));
#2319 = CARTESIAN_POINT('',(-13.89992298593,0.566038406877,74.));
#2320 = CARTESIAN_POINT('',(-13.92710038638,0.307462714082,74.));
#2321 = VECTOR('',#2322,1.);
#2322 = DIRECTION('',(-0.,-0.,-1.));
#2323 = ADVANCED_FACE('',(#2324),#2342,.F.);
#2324 = FACE_BOUND('',#2325,.F.);
#2325 = EDGE_LOOP('',(#2326,#2327,#2335,#2341));
#2326 = ORIENTED_EDGE('',*,*,#2310,.T.);
#2327 = ORIENTED_EDGE('',*,*,#2328,.T.);
#2328 = EDGE_CURVE('',#2303,#2329,#2331,.T.);
#2329 = VERTEX_POINT('',#2330);
#2330 = CARTESIAN_POINT('',(-13.92710038638,-0.307462714082,81.));
#2331 = ( BOUNDED_CURVE() B_SPLINE_CURVE(2,(#2332,#2333,#2334),
.UNSPECIFIED.,.F.,.F.) B_SPLINE_CURVE_WITH_KNOTS((3,3),(0.,
4.414598448277E-02),.PIECEWISE_BEZIER_KNOTS.) CURVE() 
GEOMETRIC_REPRESENTATION_ITEM() RATIONAL_B_SPLINE_CURVE((1.,
0.999756401397,1.)) REPRESENTATION_ITEM('') );
#2332 = CARTESIAN_POINT('',(-13.92710038638,0.307462714082,81.));
#2333 = CARTESIAN_POINT('',(-13.93388811089,5.33E-15,81.));
#2334 = CARTESIAN_POINT('',(-13.92710038638,-0.307462714082,81.));
#2335 = ORIENTED_EDGE('',*,*,#2336,.F.);
#2336 = EDGE_CURVE('',#1192,#2329,#2337,.T.);
#2337 = LINE('',#2338,#2339);
#2338 = CARTESIAN_POINT('',(-13.92710038638,-0.307462714082,74.));
#2339 = VECTOR('',#2340,1.);
#2340 = DIRECTION('',(0.,0.,1.));
#2341 = ORIENTED_EDGE('',*,*,#1199,.F.);
#2342 = SURFACE_OF_LINEAR_EXTRUSION('',#2343,#2347);
#2343 = ( BOUNDED_CURVE() B_SPLINE_CURVE(2,(#2344,#2345,#2346),
.UNSPECIFIED.,.F.,.F.) B_SPLINE_CURVE_WITH_KNOTS((3,3),(0.,
4.414598448277E-02),.PIECEWISE_BEZIER_KNOTS.) CURVE() 
GEOMETRIC_REPRESENTATION_ITEM() RATIONAL_B_SPLINE_CURVE((1.,
0.999756401397,1.)) REPRESENTATION_ITEM('') );
#2344 = CARTESIAN_POINT('',(-13.92710038638,0.307462714082,74.));
#2345 = CARTESIAN_POINT('',(-13.93388811089,5.33E-15,74.));
#2346 = CARTESIAN_POINT('',(-13.92710038638,-0.307462714082,74.));
#2347 = VECTOR('',#2348,1.);
#2348 = DIRECTION('',(-0.,-0.,-1.));
#2349 = ADVANCED_FACE('',(#2350),#2368,.F.);
#2350 = FACE_BOUND('',#2351,.F.);
#2351 = EDGE_LOOP('',(#2352,#2353,#2361,#2367));
#2352 = ORIENTED_EDGE('',*,*,#2336,.T.);
#2353 = ORIENTED_EDGE('',*,*,#2354,.T.);
#2354 = EDGE_CURVE('',#2329,#2355,#2357,.T.);
#2355 = VERTEX_POINT('',#2356);
#2356 = CARTESIAN_POINT('',(-13.64134729314,-0.538861006428,81.));
#2357 = ( BOUNDED_CURVE() B_SPLINE_CURVE(2,(#2358,#2359,#2360),
.UNSPECIFIED.,.F.,.F.) B_SPLINE_CURVE_WITH_KNOTS((3,3),(0.,
1.570796326795),.PIECEWISE_BEZIER_KNOTS.) CURVE() 
GEOMETRIC_REPRESENTATION_ITEM() RATIONAL_B_SPLINE_CURVE((1.,
0.707106781187,1.)) REPRESENTATION_ITEM('') );
#2358 = CARTESIAN_POINT('',(-13.92710038638,-0.307462714082,81.));
#2359 = CARTESIAN_POINT('',(-13.89992298593,-0.566038406877,81.));
#2360 = CARTESIAN_POINT('',(-13.64134729314,-0.538861006428,81.));
#2361 = ORIENTED_EDGE('',*,*,#2362,.F.);
#2362 = EDGE_CURVE('',#1182,#2355,#2363,.T.);
#2363 = LINE('',#2364,#2365);
#2364 = CARTESIAN_POINT('',(-13.64134729314,-0.538861006428,74.));
#2365 = VECTOR('',#2366,1.);
#2366 = DIRECTION('',(0.,0.,1.));
#2367 = ORIENTED_EDGE('',*,*,#1191,.F.);
#2368 = SURFACE_OF_LINEAR_EXTRUSION('',#2369,#2373);
#2369 = ( BOUNDED_CURVE() B_SPLINE_CURVE(2,(#2370,#2371,#2372),
.UNSPECIFIED.,.F.,.F.) B_SPLINE_CURVE_WITH_KNOTS((3,3),(0.,
1.570796326795),.PIECEWISE_BEZIER_KNOTS.) CURVE() 
GEOMETRIC_REPRESENTATION_ITEM() RATIONAL_B_SPLINE_CURVE((1.,
0.707106781187,1.)) REPRESENTATION_ITEM('') );
#2370 = CARTESIAN_POINT('',(-13.92710038638,-0.307462714082,74.));
#2371 = CARTESIAN_POINT('',(-13.89992298593,-0.566038406877,74.));
#2372 = CARTESIAN_POINT('',(-13.64134729314,-0.538861006428,74.));
#2373 = VECTOR('',#2374,1.);
#2374 = DIRECTION('',(-0.,-0.,-1.));
#2375 = ADVANCED_FACE('',(#2376),#2396,.F.);
#2376 = FACE_BOUND('',#2377,.F.);
#2377 = EDGE_LOOP('',(#2378,#2379,#2389,#2395));
#2378 = ORIENTED_EDGE('',*,*,#2362,.T.);
#2379 = ORIENTED_EDGE('',*,*,#2380,.T.);
#2380 = EDGE_CURVE('',#2355,#2381,#2383,.T.);
#2381 = VERTEX_POINT('',#2382);
#2382 = CARTESIAN_POINT('',(-13.45528662852,-2.309109980183,81.));
#2383 = ( BOUNDED_CURVE() B_SPLINE_CURVE(2,(#2384,#2385,#2386,#2387,
#2388),.UNSPECIFIED.,.F.,.F.) B_SPLINE_CURVE_WITH_KNOTS((3,2,3),(0.,
1.570796326795,3.14159265359),.PIECEWISE_BEZIER_KNOTS.) CURVE() 
GEOMETRIC_REPRESENTATION_ITEM() RATIONAL_B_SPLINE_CURVE((1.,
0.707106781187,1.,0.707106781187,1.)) REPRESENTATION_ITEM('') );
#2384 = CARTESIAN_POINT('',(-13.64134729314,-0.538861006428,81.));
#2385 = CARTESIAN_POINT('',(-12.75622280626,-0.44583067412,81.));
#2386 = CARTESIAN_POINT('',(-12.66319247395,-1.330955160997,81.));
#2387 = CARTESIAN_POINT('',(-12.57016214164,-2.216079647875,81.));
#2388 = CARTESIAN_POINT('',(-13.45528662852,-2.309109980183,81.));
#2389 = ORIENTED_EDGE('',*,*,#2390,.F.);
#2390 = EDGE_CURVE('',#1174,#2381,#2391,.T.);
#2391 = LINE('',#2392,#2393);
#2392 = CARTESIAN_POINT('',(-13.45528662852,-2.309109980183,74.));
#2393 = VECTOR('',#2394,1.);
#2394 = DIRECTION('',(0.,0.,1.));
#2395 = ORIENTED_EDGE('',*,*,#1181,.F.);
#2396 = SURFACE_OF_LINEAR_EXTRUSION('',#2397,#2403);
#2397 = ( BOUNDED_CURVE() B_SPLINE_CURVE(2,(#2398,#2399,#2400,#2401,
#2402),.UNSPECIFIED.,.F.,.F.) B_SPLINE_CURVE_WITH_KNOTS((3,2,3),(0.,
1.570796326795,3.14159265359),.PIECEWISE_BEZIER_KNOTS.) CURVE() 
GEOMETRIC_REPRESENTATION_ITEM() RATIONAL_B_SPLINE_CURVE((1.,
0.707106781187,1.,0.707106781187,1.)) REPRESENTATION_ITEM('') );
#2398 = CARTESIAN_POINT('',(-13.64134729314,-0.538861006428,74.));
#2399 = CARTESIAN_POINT('',(-12.75622280626,-0.44583067412,74.));
#2400 = CARTESIAN_POINT('',(-12.66319247395,-1.330955160997,74.));
#2401 = CARTESIAN_POINT('',(-12.57016214164,-2.216079647875,74.));
#2402 = CARTESIAN_POINT('',(-13.45528662852,-2.309109980183,74.));
#2403 = VECTOR('',#2404,1.);
#2404 = DIRECTION('',(-0.,-0.,-1.));
#2405 = ADVANCED_FACE('',(#2406),#2424,.F.);
#2406 = FACE_BOUND('',#2407,.F.);
#2407 = EDGE_LOOP('',(#2408,#2409,#2417,#2423));
#2408 = ORIENTED_EDGE('',*,*,#2390,.T.);
#2409 = ORIENTED_EDGE('',*,*,#2410,.T.);
#2410 = EDGE_CURVE('',#2381,#2411,#2413,.T.);
#2411 = VERTEX_POINT('',#2412);
#2412 = CARTESIAN_POINT('',(-13.68668492087,-2.594863073429,81.));
#2413 = ( BOUNDED_CURVE() B_SPLINE_CURVE(2,(#2414,#2415,#2416),
.UNSPECIFIED.,.F.,.F.) B_SPLINE_CURVE_WITH_KNOTS((3,3),(0.,
1.570796326795),.PIECEWISE_BEZIER_KNOTS.) CURVE() 
GEOMETRIC_REPRESENTATION_ITEM() RATIONAL_B_SPLINE_CURVE((1.,
0.707106781187,1.)) REPRESENTATION_ITEM('') );
#2414 = CARTESIAN_POINT('',(-13.45528662852,-2.309109980183,81.));
#2415 = CARTESIAN_POINT('',(-13.71386232132,-2.336287380633,81.));
#2416 = CARTESIAN_POINT('',(-13.68668492087,-2.594863073429,81.));
#2417 = ORIENTED_EDGE('',*,*,#2418,.F.);
#2418 = EDGE_CURVE('',#1166,#2411,#2419,.T.);
#2419 = LINE('',#2420,#2421);
#2420 = CARTESIAN_POINT('',(-13.68668492087,-2.594863073429,74.));
#2421 = VECTOR('',#2422,1.);
#2422 = DIRECTION('',(0.,0.,1.));
#2423 = ORIENTED_EDGE('',*,*,#1173,.F.);
#2424 = SURFACE_OF_LINEAR_EXTRUSION('',#2425,#2429);
#2425 = ( BOUNDED_CURVE() B_SPLINE_CURVE(2,(#2426,#2427,#2428),
.UNSPECIFIED.,.F.,.F.) B_SPLINE_CURVE_WITH_KNOTS((3,3),(0.,
1.570796326795),.PIECEWISE_BEZIER_KNOTS.) CURVE() 
GEOMETRIC_REPRESENTATION_ITEM() RATIONAL_B_SPLINE_CURVE((1.,
0.707106781187,1.)) REPRESENTATION_ITEM('') );
#2426 = CARTESIAN_POINT('',(-13.45528662852,-2.309109980183,74.));
#2427 = CARTESIAN_POINT('',(-13.71386232132,-2.336287380633,74.));
#2428 = CARTESIAN_POINT('',(-13.68668492087,-2.594863073429,74.));
#2429 = VECTOR('',#2430,1.);
#2430 = DIRECTION('',(-0.,-0.,-1.));
#2431 = ADVANCED_FACE('',(#2432),#2450,.F.);
#2432 = FACE_BOUND('',#2433,.F.);
#2433 = EDGE_LOOP('',(#2434,#2435,#2443,#2449));
#2434 = ORIENTED_EDGE('',*,*,#2418,.T.);
#2435 = ORIENTED_EDGE('',*,*,#2436,.T.);
#2436 = EDGE_CURVE('',#2411,#2437,#2439,.T.);
#2437 = VERTEX_POINT('',#2438);
#2438 = CARTESIAN_POINT('',(-13.55883473537,-3.196350905617,81.));
#2439 = ( BOUNDED_CURVE() B_SPLINE_CURVE(2,(#2440,#2441,#2442),
.UNSPECIFIED.,.F.,.F.) B_SPLINE_CURVE_WITH_KNOTS((3,3),(0.,
4.414598448277E-02),.PIECEWISE_BEZIER_KNOTS.) CURVE() 
GEOMETRIC_REPRESENTATION_ITEM() RATIONAL_B_SPLINE_CURVE((1.,
0.999756401397,1.)) REPRESENTATION_ITEM('') );
#2440 = CARTESIAN_POINT('',(-13.68668492087,-2.594863073429,81.));
#2441 = CARTESIAN_POINT('',(-13.62939922456,-2.897018236801,81.));
#2442 = CARTESIAN_POINT('',(-13.55883473537,-3.196350905617,81.));
#2443 = ORIENTED_EDGE('',*,*,#2444,.F.);
#2444 = EDGE_CURVE('',#1158,#2437,#2445,.T.);
#2445 = LINE('',#2446,#2447);
#2446 = CARTESIAN_POINT('',(-13.55883473537,-3.196350905617,74.));
#2447 = VECTOR('',#2448,1.);
#2448 = DIRECTION('',(0.,0.,1.));
#2449 = ORIENTED_EDGE('',*,*,#1165,.F.);
#2450 = SURFACE_OF_LINEAR_EXTRUSION('',#2451,#2455);
#2451 = ( BOUNDED_CURVE() B_SPLINE_CURVE(2,(#2452,#2453,#2454),
.UNSPECIFIED.,.F.,.F.) B_SPLINE_CURVE_WITH_KNOTS((3,3),(0.,
4.414598448277E-02),.PIECEWISE_BEZIER_KNOTS.) CURVE() 
GEOMETRIC_REPRESENTATION_ITEM() RATIONAL_B_SPLINE_CURVE((1.,
0.999756401397,1.)) REPRESENTATION_ITEM('') );
#2452 = CARTESIAN_POINT('',(-13.68668492087,-2.594863073429,74.));
#2453 = CARTESIAN_POINT('',(-13.62939922456,-2.897018236801,74.));
#2454 = CARTESIAN_POINT('',(-13.55883473537,-3.196350905617,74.));
#2455 = VECTOR('',#2456,1.);
#2456 = DIRECTION('',(-0.,-0.,-1.));
#2457 = ADVANCED_FACE('',(#2458),#2476,.F.);
#2458 = FACE_BOUND('',#2459,.F.);
#2459 = EDGE_LOOP('',(#2460,#2461,#2469,#2475));
#2460 = ORIENTED_EDGE('',*,*,#2444,.T.);
#2461 = ORIENTED_EDGE('',*,*,#2462,.T.);
#2462 = EDGE_CURVE('',#2437,#2463,#2465,.T.);
#2463 = VERTEX_POINT('',#2464);
#2464 = CARTESIAN_POINT('',(-13.2312156226,-3.363281181316,81.));
#2465 = ( BOUNDED_CURVE() B_SPLINE_CURVE(2,(#2466,#2467,#2468),
.UNSPECIFIED.,.F.,.F.) B_SPLINE_CURVE_WITH_KNOTS((3,3),(0.,
1.570796326795),.PIECEWISE_BEZIER_KNOTS.) CURVE() 
GEOMETRIC_REPRESENTATION_ITEM() RATIONAL_B_SPLINE_CURVE((1.,
0.707106781187,1.)) REPRESENTATION_ITEM('') );
#2466 = CARTESIAN_POINT('',(-13.55883473537,-3.196350905617,81.));
#2467 = CARTESIAN_POINT('',(-13.47849031683,-3.443625599854,81.));
#2468 = CARTESIAN_POINT('',(-13.2312156226,-3.363281181316,81.));
#2469 = ORIENTED_EDGE('',*,*,#2470,.F.);
#2470 = EDGE_CURVE('',#1148,#2463,#2471,.T.);
#2471 = LINE('',#2472,#2473);
#2472 = CARTESIAN_POINT('',(-13.2312156226,-3.363281181316,74.));
#2473 = VECTOR('',#2474,1.);
#2474 = DIRECTION('',(0.,0.,1.));
#2475 = ORIENTED_EDGE('',*,*,#1157,.F.);
#2476 = SURFACE_OF_LINEAR_EXTRUSION('',#2477,#2481);
#2477 = ( BOUNDED_CURVE() B_SPLINE_CURVE(2,(#2478,#2479,#2480),
.UNSPECIFIED.,.F.,.F.) B_SPLINE_CURVE_WITH_KNOTS((3,3),(0.,
1.570796326795),.PIECEWISE_BEZIER_KNOTS.) CURVE() 
GEOMETRIC_REPRESENTATION_ITEM() RATIONAL_B_SPLINE_CURVE((1.,
0.707106781187,1.)) REPRESENTATION_ITEM('') );
#2478 = CARTESIAN_POINT('',(-13.55883473537,-3.196350905617,74.));
#2479 = CARTESIAN_POINT('',(-13.47849031683,-3.443625599854,74.));
#2480 = CARTESIAN_POINT('',(-13.2312156226,-3.363281181316,74.));
#2481 = VECTOR('',#2482,1.);
#2482 = DIRECTION('',(-0.,-0.,-1.));
#2483 = ADVANCED_FACE('',(#2484),#2504,.F.);
#2484 = FACE_BOUND('',#2485,.F.);
#2485 = EDGE_LOOP('',(#2486,#2487,#2497,#2503));
#2486 = ORIENTED_EDGE('',*,*,#2470,.T.);
#2487 = ORIENTED_EDGE('',*,*,#2488,.T.);
#2488 = EDGE_CURVE('',#2463,#2489,#2491,.T.);
#2489 = VERTEX_POINT('',#2490);
#2490 = CARTESIAN_POINT('',(-12.68116537261,-5.056161780321,81.));
#2491 = ( BOUNDED_CURVE() B_SPLINE_CURVE(2,(#2492,#2493,#2494,#2495,
#2496),.UNSPECIFIED.,.F.,.F.) B_SPLINE_CURVE_WITH_KNOTS((3,2,3),(0.,
1.570796326795,3.14159265359),.PIECEWISE_BEZIER_KNOTS.) CURVE() 
GEOMETRIC_REPRESENTATION_ITEM() RATIONAL_B_SPLINE_CURVE((1.,
0.707106781187,1.,0.707106781187,1.)) REPRESENTATION_ITEM('') );
#2492 = CARTESIAN_POINT('',(-13.2312156226,-3.363281181316,81.));
#2493 = CARTESIAN_POINT('',(-12.3847753231,-3.088256056322,81.));
#2494 = CARTESIAN_POINT('',(-12.1097501981,-3.934696355825,81.));
#2495 = CARTESIAN_POINT('',(-11.83472507311,-4.781136655328,81.));
#2496 = CARTESIAN_POINT('',(-12.68116537261,-5.056161780321,81.));
#2497 = ORIENTED_EDGE('',*,*,#2498,.F.);
#2498 = EDGE_CURVE('',#1140,#2489,#2499,.T.);
#2499 = LINE('',#2500,#2501);
#2500 = CARTESIAN_POINT('',(-12.68116537261,-5.056161780321,74.));
#2501 = VECTOR('',#2502,1.);
#2502 = DIRECTION('',(0.,0.,1.));
#2503 = ORIENTED_EDGE('',*,*,#1147,.F.);
#2504 = SURFACE_OF_LINEAR_EXTRUSION('',#2505,#2511);
#2505 = ( BOUNDED_CURVE() B_SPLINE_CURVE(2,(#2506,#2507,#2508,#2509,
#2510),.UNSPECIFIED.,.F.,.F.) B_SPLINE_CURVE_WITH_KNOTS((3,2,3),(0.,
1.570796326795,3.14159265359),.PIECEWISE_BEZIER_KNOTS.) CURVE() 
GEOMETRIC_REPRESENTATION_ITEM() RATIONAL_B_SPLINE_CURVE((1.,
0.707106781187,1.,0.707106781187,1.)) REPRESENTATION_ITEM('') );
#2506 = CARTESIAN_POINT('',(-13.2312156226,-3.363281181316,74.));
#2507 = CARTESIAN_POINT('',(-12.3847753231,-3.088256056322,74.));
#2508 = CARTESIAN_POINT('',(-12.1097501981,-3.934696355825,74.));
#2509 = CARTESIAN_POINT('',(-11.83472507311,-4.781136655328,74.));
#2510 = CARTESIAN_POINT('',(-12.68116537261,-5.056161780321,74.));
#2511 = VECTOR('',#2512,1.);
#2512 = DIRECTION('',(-0.,-0.,-1.));
#2513 = ADVANCED_FACE('',(#2514),#2532,.F.);
#2514 = FACE_BOUND('',#2515,.F.);
#2515 = EDGE_LOOP('',(#2516,#2517,#2525,#2531));
#2516 = ORIENTED_EDGE('',*,*,#2498,.T.);
#2517 = ORIENTED_EDGE('',*,*,#2518,.T.);
#2518 = EDGE_CURVE('',#2489,#2519,#2521,.T.);
#2519 = VERTEX_POINT('',#2520);
#2520 = CARTESIAN_POINT('',(-12.84809564831,-5.383780893096,81.));
#2521 = ( BOUNDED_CURVE() B_SPLINE_CURVE(2,(#2522,#2523,#2524),
.UNSPECIFIED.,.F.,.F.) B_SPLINE_CURVE_WITH_KNOTS((3,3),(0.,
1.570796326795),.PIECEWISE_BEZIER_KNOTS.) CURVE() 
GEOMETRIC_REPRESENTATION_ITEM() RATIONAL_B_SPLINE_CURVE((1.,
0.707106781187,1.)) REPRESENTATION_ITEM('') );
#2522 = CARTESIAN_POINT('',(-12.68116537261,-5.056161780321,81.));
#2523 = CARTESIAN_POINT('',(-12.92844006685,-5.136506198859,81.));
#2524 = CARTESIAN_POINT('',(-12.84809564831,-5.383780893096,81.));
#2525 = ORIENTED_EDGE('',*,*,#2526,.F.);
#2526 = EDGE_CURVE('',#1132,#2519,#2527,.T.);
#2527 = LINE('',#2528,#2529);
#2528 = CARTESIAN_POINT('',(-12.84809564831,-5.383780893096,74.));
#2529 = VECTOR('',#2530,1.);
#2530 = DIRECTION('',(0.,0.,1.));
#2531 = ORIENTED_EDGE('',*,*,#1139,.F.);
#2532 = SURFACE_OF_LINEAR_EXTRUSION('',#2533,#2537);
#2533 = ( BOUNDED_CURVE() B_SPLINE_CURVE(2,(#2534,#2535,#2536),
.UNSPECIFIED.,.F.,.F.) B_SPLINE_CURVE_WITH_KNOTS((3,3),(0.,
1.570796326795),.PIECEWISE_BEZIER_KNOTS.) CURVE() 
GEOMETRIC_REPRESENTATION_ITEM() RATIONAL_B_SPLINE_CURVE((1.,
0.707106781187,1.)) REPRESENTATION_ITEM('') );
#2534 = CARTESIAN_POINT('',(-12.68116537261,-5.056161780321,74.));
#2535 = CARTESIAN_POINT('',(-12.92844006685,-5.136506198859,74.));
#2536 = CARTESIAN_POINT('',(-12.84809564831,-5.383780893096,74.));
#2537 = VECTOR('',#2538,1.);
#2538 = DIRECTION('',(-0.,-0.,-1.));
#2539 = ADVANCED_FACE('',(#2540),#2558,.F.);
#2540 = FACE_BOUND('',#2541,.F.);
#2541 = EDGE_LOOP('',(#2542,#2543,#2551,#2557));
#2542 = ORIENTED_EDGE('',*,*,#2526,.T.);
#2543 = ORIENTED_EDGE('',*,*,#2544,.T.);
#2544 = EDGE_CURVE('',#2519,#2545,#2547,.T.);
#2545 = VERTEX_POINT('',#2546);
#2546 = CARTESIAN_POINT('',(-12.59798294392,-5.945543224783,81.));
#2547 = ( BOUNDED_CURVE() B_SPLINE_CURVE(2,(#2548,#2549,#2550),
.UNSPECIFIED.,.F.,.F.) B_SPLINE_CURVE_WITH_KNOTS((3,3),(0.,
4.414598448277E-02),.PIECEWISE_BEZIER_KNOTS.) CURVE() 
GEOMETRIC_REPRESENTATION_ITEM() RATIONAL_B_SPLINE_CURVE((1.,
0.999756401397,1.)) REPRESENTATION_ITEM('') );
#2548 = CARTESIAN_POINT('',(-12.84809564831,-5.383780893096,81.));
#2549 = CARTESIAN_POINT('',(-12.729240191,-5.667422875218,81.));
#2550 = CARTESIAN_POINT('',(-12.59798294392,-5.945543224783,81.));
#2551 = ORIENTED_EDGE('',*,*,#2552,.F.);
#2552 = EDGE_CURVE('',#1124,#2545,#2553,.T.);
#2553 = LINE('',#2554,#2555);
#2554 = CARTESIAN_POINT('',(-12.59798294392,-5.945543224783,74.));
#2555 = VECTOR('',#2556,1.);
#2556 = DIRECTION('',(0.,0.,1.));
#2557 = ORIENTED_EDGE('',*,*,#1131,.F.);
#2558 = SURFACE_OF_LINEAR_EXTRUSION('',#2559,#2563);
#2559 = ( BOUNDED_CURVE() B_SPLINE_CURVE(2,(#2560,#2561,#2562),
.UNSPECIFIED.,.F.,.F.) B_SPLINE_CURVE_WITH_KNOTS((3,3),(0.,
4.414598448277E-02),.PIECEWISE_BEZIER_KNOTS.) CURVE() 
GEOMETRIC_REPRESENTATION_ITEM() RATIONAL_B_SPLINE_CURVE((1.,
0.999756401397,1.)) REPRESENTATION_ITEM('') );
#2560 = CARTESIAN_POINT('',(-12.84809564831,-5.383780893096,74.));
#2561 = CARTESIAN_POINT('',(-12.729240191,-5.667422875218,74.));
#2562 = CARTESIAN_POINT('',(-12.59798294392,-5.945543224783,74.));
#2563 = VECTOR('',#2564,1.);
#2564 = DIRECTION('',(-0.,-0.,-1.));
#2565 = ADVANCED_FACE('',(#2566),#2584,.F.);
#2566 = FACE_BOUND('',#2567,.F.);
#2567 = EDGE_LOOP('',(#2568,#2569,#2577,#2583));
#2568 = ORIENTED_EDGE('',*,*,#2552,.T.);
#2569 = ORIENTED_EDGE('',*,*,#2570,.T.);
#2570 = EDGE_CURVE('',#2545,#2571,#2573,.T.);
#2571 = VERTEX_POINT('',#2572);
#2572 = CARTESIAN_POINT('',(-12.24281633893,-6.040709829767,81.));
#2573 = ( BOUNDED_CURVE() B_SPLINE_CURVE(2,(#2574,#2575,#2576),
.UNSPECIFIED.,.F.,.F.) B_SPLINE_CURVE_WITH_KNOTS((3,3),(0.,
1.570796326795),.PIECEWISE_BEZIER_KNOTS.) CURVE() 
GEOMETRIC_REPRESENTATION_ITEM() RATIONAL_B_SPLINE_CURVE((1.,
0.707106781187,1.)) REPRESENTATION_ITEM('') );
#2574 = CARTESIAN_POINT('',(-12.59798294392,-5.945543224783,81.));
#2575 = CARTESIAN_POINT('',(-12.46798294392,-6.170709829767,81.));
#2576 = CARTESIAN_POINT('',(-12.24281633893,-6.040709829767,81.));
#2577 = ORIENTED_EDGE('',*,*,#2578,.F.);
#2578 = EDGE_CURVE('',#1114,#2571,#2579,.T.);
#2579 = LINE('',#2580,#2581);
#2580 = CARTESIAN_POINT('',(-12.24281633893,-6.040709829767,74.));
#2581 = VECTOR('',#2582,1.);
#2582 = DIRECTION('',(0.,0.,1.));
#2583 = ORIENTED_EDGE('',*,*,#1123,.F.);
#2584 = SURFACE_OF_LINEAR_EXTRUSION('',#2585,#2589);
#2585 = ( BOUNDED_CURVE() B_SPLINE_CURVE(2,(#2586,#2587,#2588),
.UNSPECIFIED.,.F.,.F.) B_SPLINE_CURVE_WITH_KNOTS((3,3),(0.,
1.570796326795),.PIECEWISE_BEZIER_KNOTS.) CURVE() 
GEOMETRIC_REPRESENTATION_ITEM() RATIONAL_B_SPLINE_CURVE((1.,
0.707106781187,1.)) REPRESENTATION_ITEM('') );
#2586 = CARTESIAN_POINT('',(-12.59798294392,-5.945543224783,74.));
#2587 = CARTESIAN_POINT('',(-12.46798294392,-6.170709829767,74.));
#2588 = CARTESIAN_POINT('',(-12.24281633893,-6.040709829767,74.));
#2589 = VECTOR('',#2590,1.);
#2590 = DIRECTION('',(-0.,-0.,-1.));
#2591 = ADVANCED_FACE('',(#2592),#2612,.F.);
#2592 = FACE_BOUND('',#2593,.F.);
#2593 = EDGE_LOOP('',(#2594,#2595,#2605,#2611));
#2594 = ORIENTED_EDGE('',*,*,#2578,.T.);
#2595 = ORIENTED_EDGE('',*,*,#2596,.T.);
#2596 = EDGE_CURVE('',#2571,#2597,#2599,.T.);
#2597 = VERTEX_POINT('',#2598);
#2598 = CARTESIAN_POINT('',(-11.35281633893,-7.582235048503,81.));
#2599 = ( BOUNDED_CURVE() B_SPLINE_CURVE(2,(#2600,#2601,#2602,#2603,
#2604),.UNSPECIFIED.,.F.,.F.) B_SPLINE_CURVE_WITH_KNOTS((3,2,3),(0.,
1.570796326795,3.14159265359),.PIECEWISE_BEZIER_KNOTS.) CURVE() 
GEOMETRIC_REPRESENTATION_ITEM() RATIONAL_B_SPLINE_CURVE((1.,
0.707106781187,1.,0.707106781187,1.)) REPRESENTATION_ITEM('') );
#2600 = CARTESIAN_POINT('',(-12.24281633893,-6.040709829767,81.));
#2601 = CARTESIAN_POINT('',(-11.47205372956,-5.595709829767,81.));
#2602 = CARTESIAN_POINT('',(-11.02705372956,-6.366472439135,81.));
#2603 = CARTESIAN_POINT('',(-10.58205372956,-7.137235048503,81.));
#2604 = CARTESIAN_POINT('',(-11.35281633893,-7.582235048503,81.));
#2605 = ORIENTED_EDGE('',*,*,#2606,.F.);
#2606 = EDGE_CURVE('',#1106,#2597,#2607,.T.);
#2607 = LINE('',#2608,#2609);
#2608 = CARTESIAN_POINT('',(-11.35281633893,-7.582235048503,74.));
#2609 = VECTOR('',#2610,1.);
#2610 = DIRECTION('',(0.,0.,1.));
#2611 = ORIENTED_EDGE('',*,*,#1113,.F.);
#2612 = SURFACE_OF_LINEAR_EXTRUSION('',#2613,#2619);
#2613 = ( BOUNDED_CURVE() B_SPLINE_CURVE(2,(#2614,#2615,#2616,#2617,
#2618),.UNSPECIFIED.,.F.,.F.) B_SPLINE_CURVE_WITH_KNOTS((3,2,3),(0.,
1.570796326795,3.14159265359),.PIECEWISE_BEZIER_KNOTS.) CURVE() 
GEOMETRIC_REPRESENTATION_ITEM() RATIONAL_B_SPLINE_CURVE((1.,
0.707106781187,1.,0.707106781187,1.)) REPRESENTATION_ITEM('') );
#2614 = CARTESIAN_POINT('',(-12.24281633893,-6.040709829767,74.));
#2615 = CARTESIAN_POINT('',(-11.47205372956,-5.595709829767,74.));
#2616 = CARTESIAN_POINT('',(-11.02705372956,-6.366472439135,74.));
#2617 = CARTESIAN_POINT('',(-10.58205372956,-7.137235048503,74.));
#2618 = CARTESIAN_POINT('',(-11.35281633893,-7.582235048503,74.));
#2619 = VECTOR('',#2620,1.);
#2620 = DIRECTION('',(-0.,-0.,-1.));
#2621 = ADVANCED_FACE('',(#2622),#2640,.F.);
#2622 = FACE_BOUND('',#2623,.F.);
#2623 = EDGE_LOOP('',(#2624,#2625,#2633,#2639));
#2624 = ORIENTED_EDGE('',*,*,#2606,.T.);
#2625 = ORIENTED_EDGE('',*,*,#2626,.T.);
#2626 = EDGE_CURVE('',#2597,#2627,#2629,.T.);
#2627 = VERTEX_POINT('',#2628);
#2628 = CARTESIAN_POINT('',(-11.44798294392,-7.937401653487,81.));
#2629 = ( BOUNDED_CURVE() B_SPLINE_CURVE(2,(#2630,#2631,#2632),
.UNSPECIFIED.,.F.,.F.) B_SPLINE_CURVE_WITH_KNOTS((3,3),(0.,
1.570796326795),.PIECEWISE_BEZIER_KNOTS.) CURVE() 
GEOMETRIC_REPRESENTATION_ITEM() RATIONAL_B_SPLINE_CURVE((1.,
0.707106781187,1.)) REPRESENTATION_ITEM('') );
#2630 = CARTESIAN_POINT('',(-11.35281633893,-7.582235048503,81.));
#2631 = CARTESIAN_POINT('',(-11.57798294392,-7.712235048503,81.));
#2632 = CARTESIAN_POINT('',(-11.44798294392,-7.937401653487,81.));
#2633 = ORIENTED_EDGE('',*,*,#2634,.F.);
#2634 = EDGE_CURVE('',#1098,#2627,#2635,.T.);
#2635 = LINE('',#2636,#2637);
#2636 = CARTESIAN_POINT('',(-11.44798294392,-7.937401653487,74.));
#2637 = VECTOR('',#2638,1.);
#2638 = DIRECTION('',(0.,0.,1.));
#2639 = ORIENTED_EDGE('',*,*,#1105,.F.);
#2640 = SURFACE_OF_LINEAR_EXTRUSION('',#2641,#2645);
#2641 = ( BOUNDED_CURVE() B_SPLINE_CURVE(2,(#2642,#2643,#2644),
.UNSPECIFIED.,.F.,.F.) B_SPLINE_CURVE_WITH_KNOTS((3,3),(0.,
1.570796326795),.PIECEWISE_BEZIER_KNOTS.) CURVE() 
GEOMETRIC_REPRESENTATION_ITEM() RATIONAL_B_SPLINE_CURVE((1.,
0.707106781187,1.)) REPRESENTATION_ITEM('') );
#2642 = CARTESIAN_POINT('',(-11.35281633893,-7.582235048503,74.));
#2643 = CARTESIAN_POINT('',(-11.57798294392,-7.712235048503,74.));
#2644 = CARTESIAN_POINT('',(-11.44798294392,-7.937401653487,74.));
#2645 = VECTOR('',#2646,1.);
#2646 = DIRECTION('',(-0.,-0.,-1.));
#2647 = ADVANCED_FACE('',(#2648),#2666,.F.);
#2648 = FACE_BOUND('',#2649,.F.);
#2649 = EDGE_LOOP('',(#2650,#2651,#2659,#2665));
#2650 = ORIENTED_EDGE('',*,*,#2634,.T.);
#2651 = ORIENTED_EDGE('',*,*,#2652,.T.);
#2652 = EDGE_CURVE('',#2627,#2653,#2655,.T.);
#2653 = VERTEX_POINT('',#2654);
#2654 = CARTESIAN_POINT('',(-11.08653884598,-8.434886775145,81.));
#2655 = ( BOUNDED_CURVE() B_SPLINE_CURVE(2,(#2656,#2657,#2658),
.UNSPECIFIED.,.F.,.F.) B_SPLINE_CURVE_WITH_KNOTS((3,3),(0.,
4.414598448277E-02),.PIECEWISE_BEZIER_KNOTS.) CURVE() 
GEOMETRIC_REPRESENTATION_ITEM() RATIONAL_B_SPLINE_CURVE((1.,
0.999756401397,1.)) REPRESENTATION_ITEM('') );
#2656 = CARTESIAN_POINT('',(-11.44798294392,-7.937401653487,81.));
#2657 = CARTESIAN_POINT('',(-11.27275227943,-8.190133938676,81.));
#2658 = CARTESIAN_POINT('',(-11.08653884598,-8.434886775145,81.));
#2659 = ORIENTED_EDGE('',*,*,#2660,.F.);
#2660 = EDGE_CURVE('',#1090,#2653,#2661,.T.);
#2661 = LINE('',#2662,#2663);
#2662 = CARTESIAN_POINT('',(-11.08653884598,-8.434886775145,74.));
#2663 = VECTOR('',#2664,1.);
#2664 = DIRECTION('',(0.,0.,1.));
#2665 = ORIENTED_EDGE('',*,*,#1097,.F.);
#2666 = SURFACE_OF_LINEAR_EXTRUSION('',#2667,#2671);
#2667 = ( BOUNDED_CURVE() B_SPLINE_CURVE(2,(#2668,#2669,#2670),
.UNSPECIFIED.,.F.,.F.) B_SPLINE_CURVE_WITH_KNOTS((3,3),(0.,
4.414598448277E-02),.PIECEWISE_BEZIER_KNOTS.) CURVE() 
GEOMETRIC_REPRESENTATION_ITEM() RATIONAL_B_SPLINE_CURVE((1.,
0.999756401397,1.)) REPRESENTATION_ITEM('') );
#2668 = CARTESIAN_POINT('',(-11.44798294392,-7.937401653487,74.));
#2669 = CARTESIAN_POINT('',(-11.27275227943,-8.190133938676,74.));
#2670 = CARTESIAN_POINT('',(-11.08653884598,-8.434886775145,74.));
#2671 = VECTOR('',#2672,1.);
#2672 = DIRECTION('',(-0.,-0.,-1.));
#2673 = ADVANCED_FACE('',(#2674),#2692,.F.);
#2674 = FACE_BOUND('',#2675,.F.);
#2675 = EDGE_LOOP('',(#2676,#2677,#2685,#2691));
#2676 = ORIENTED_EDGE('',*,*,#2660,.T.);
#2677 = ORIENTED_EDGE('',*,*,#2678,.T.);
#2678 = EDGE_CURVE('',#2653,#2679,#2681,.T.);
#2679 = VERTEX_POINT('',#2680);
#2680 = CARTESIAN_POINT('',(-10.71934723371,-8.454130472116,81.));
#2681 = ( BOUNDED_CURVE() B_SPLINE_CURVE(2,(#2682,#2683,#2684),
.UNSPECIFIED.,.F.,.F.) B_SPLINE_CURVE_WITH_KNOTS((3,3),(0.,
1.570796326795),.PIECEWISE_BEZIER_KNOTS.) CURVE() 
GEOMETRIC_REPRESENTATION_ITEM() RATIONAL_B_SPLINE_CURVE((1.,
0.707106781187,1.)) REPRESENTATION_ITEM('') );
#2682 = CARTESIAN_POINT('',(-11.08653884598,-8.434886775145,81.));
#2683 = CARTESIAN_POINT('',(-10.91256488833,-8.628104429769,81.));
#2684 = CARTESIAN_POINT('',(-10.71934723371,-8.454130472116,81.));
#2685 = ORIENTED_EDGE('',*,*,#2686,.F.);
#2686 = EDGE_CURVE('',#1080,#2679,#2687,.T.);
#2687 = LINE('',#2688,#2689);
#2688 = CARTESIAN_POINT('',(-10.71934723371,-8.454130472116,74.));
#2689 = VECTOR('',#2690,1.);
#2690 = DIRECTION('',(0.,0.,1.));
#2691 = ORIENTED_EDGE('',*,*,#1089,.F.);
#2692 = SURFACE_OF_LINEAR_EXTRUSION('',#2693,#2697);
#2693 = ( BOUNDED_CURVE() B_SPLINE_CURVE(2,(#2694,#2695,#2696),
.UNSPECIFIED.,.F.,.F.) B_SPLINE_CURVE_WITH_KNOTS((3,3),(0.,
1.570796326795),.PIECEWISE_BEZIER_KNOTS.) CURVE() 
GEOMETRIC_REPRESENTATION_ITEM() RATIONAL_B_SPLINE_CURVE((1.,
0.707106781187,1.)) REPRESENTATION_ITEM('') );
#2694 = CARTESIAN_POINT('',(-11.08653884598,-8.434886775145,74.));
#2695 = CARTESIAN_POINT('',(-10.91256488833,-8.628104429769,74.));
#2696 = CARTESIAN_POINT('',(-10.71934723371,-8.454130472116,74.));
#2697 = VECTOR('',#2698,1.);
#2698 = DIRECTION('',(-0.,-0.,-1.));
#2699 = ADVANCED_FACE('',(#2700),#2720,.F.);
#2700 = FACE_BOUND('',#2701,.F.);
#2701 = EDGE_LOOP('',(#2702,#2703,#2713,#2719));
#2702 = ORIENTED_EDGE('',*,*,#2686,.T.);
#2703 = ORIENTED_EDGE('',*,*,#2704,.T.);
#2704 = EDGE_CURVE('',#2679,#2705,#2707,.T.);
#2705 = VERTEX_POINT('',#2706);
#2706 = CARTESIAN_POINT('',(-9.528294754391,-9.776928261465,81.));
#2707 = ( BOUNDED_CURVE() B_SPLINE_CURVE(2,(#2708,#2709,#2710,#2711,
#2712),.UNSPECIFIED.,.F.,.F.) B_SPLINE_CURVE_WITH_KNOTS((3,2,3),(0.,
1.570796326795,3.14159265359),.PIECEWISE_BEZIER_KNOTS.) CURVE() 
GEOMETRIC_REPRESENTATION_ITEM() RATIONAL_B_SPLINE_CURVE((1.,
0.707106781187,1.,0.707106781187,1.)) REPRESENTATION_ITEM('') );
#2708 = CARTESIAN_POINT('',(-10.71934723371,-8.454130472116,81.));
#2709 = CARTESIAN_POINT('',(-10.05794833903,-7.858604232456,81.));
#2710 = CARTESIAN_POINT('',(-9.462422099376,-8.520003127131,81.));
#2711 = CARTESIAN_POINT('',(-8.866895859716,-9.181402021806,81.));
#2712 = CARTESIAN_POINT('',(-9.528294754391,-9.776928261465,81.));
#2713 = ORIENTED_EDGE('',*,*,#2714,.F.);
#2714 = EDGE_CURVE('',#1072,#2705,#2715,.T.);
#2715 = LINE('',#2716,#2717);
#2716 = CARTESIAN_POINT('',(-9.528294754391,-9.776928261465,74.));
#2717 = VECTOR('',#2718,1.);
#2718 = DIRECTION('',(0.,0.,1.));
#2719 = ORIENTED_EDGE('',*,*,#1079,.F.);
#2720 = SURFACE_OF_LINEAR_EXTRUSION('',#2721,#2727);
#2721 = ( BOUNDED_CURVE() B_SPLINE_CURVE(2,(#2722,#2723,#2724,#2725,
#2726),.UNSPECIFIED.,.F.,.F.) B_SPLINE_CURVE_WITH_KNOTS((3,2,3),(0.,
1.570796326795,3.14159265359),.PIECEWISE_BEZIER_KNOTS.) CURVE() 
GEOMETRIC_REPRESENTATION_ITEM() RATIONAL_B_SPLINE_CURVE((1.,
0.707106781187,1.,0.707106781187,1.)) REPRESENTATION_ITEM('') );
#2722 = CARTESIAN_POINT('',(-10.71934723371,-8.454130472116,74.));
#2723 = CARTESIAN_POINT('',(-10.05794833903,-7.858604232456,74.));
#2724 = CARTESIAN_POINT('',(-9.462422099376,-8.520003127131,74.));
#2725 = CARTESIAN_POINT('',(-8.866895859716,-9.181402021806,74.));
#2726 = CARTESIAN_POINT('',(-9.528294754391,-9.776928261465,74.));
#2727 = VECTOR('',#2728,1.);
#2728 = DIRECTION('',(-0.,-0.,-1.));
#2729 = ADVANCED_FACE('',(#2730),#2748,.F.);
#2730 = FACE_BOUND('',#2731,.F.);
#2731 = EDGE_LOOP('',(#2732,#2733,#2741,#2747));
#2732 = ORIENTED_EDGE('',*,*,#2714,.T.);
#2733 = ORIENTED_EDGE('',*,*,#2734,.T.);
#2734 = EDGE_CURVE('',#2705,#2735,#2737,.T.);
#2735 = VERTEX_POINT('',#2736);
#2736 = CARTESIAN_POINT('',(-9.547538451362,-10.14411987374,81.));
#2737 = ( BOUNDED_CURVE() B_SPLINE_CURVE(2,(#2738,#2739,#2740),
.UNSPECIFIED.,.F.,.F.) B_SPLINE_CURVE_WITH_KNOTS((3,3),(0.,
1.570796326795),.PIECEWISE_BEZIER_KNOTS.) CURVE() 
GEOMETRIC_REPRESENTATION_ITEM() RATIONAL_B_SPLINE_CURVE((1.,
0.707106781187,1.)) REPRESENTATION_ITEM('') );
#2738 = CARTESIAN_POINT('',(-9.528294754391,-9.776928261465,81.));
#2739 = CARTESIAN_POINT('',(-9.721512409015,-9.950902219119,81.));
#2740 = CARTESIAN_POINT('',(-9.547538451362,-10.14411987374,81.));
#2741 = ORIENTED_EDGE('',*,*,#2742,.F.);
#2742 = EDGE_CURVE('',#1064,#2735,#2743,.T.);
#2743 = LINE('',#2744,#2745);
#2744 = CARTESIAN_POINT('',(-9.547538451362,-10.14411987374,74.));
#2745 = VECTOR('',#2746,1.);
#2746 = DIRECTION('',(0.,0.,1.));
#2747 = ORIENTED_EDGE('',*,*,#1071,.F.);
#2748 = SURFACE_OF_LINEAR_EXTRUSION('',#2749,#2753);
#2749 = ( BOUNDED_CURVE() B_SPLINE_CURVE(2,(#2750,#2751,#2752),
.UNSPECIFIED.,.F.,.F.) B_SPLINE_CURVE_WITH_KNOTS((3,3),(0.,
1.570796326795),.PIECEWISE_BEZIER_KNOTS.) CURVE() 
GEOMETRIC_REPRESENTATION_ITEM() RATIONAL_B_SPLINE_CURVE((1.,
0.707106781187,1.)) REPRESENTATION_ITEM('') );
#2750 = CARTESIAN_POINT('',(-9.528294754391,-9.776928261465,74.));
#2751 = CARTESIAN_POINT('',(-9.721512409015,-9.950902219119,74.));
#2752 = CARTESIAN_POINT('',(-9.547538451362,-10.14411987374,74.));
#2753 = VECTOR('',#2754,1.);
#2754 = DIRECTION('',(-0.,-0.,-1.));
#2755 = ADVANCED_FACE('',(#2756),#2774,.F.);
#2756 = FACE_BOUND('',#2757,.F.);
#2757 = EDGE_LOOP('',(#2758,#2759,#2767,#2773));
#2758 = ORIENTED_EDGE('',*,*,#2742,.T.);
#2759 = ORIENTED_EDGE('',*,*,#2760,.T.);
#2760 = EDGE_CURVE('',#2735,#2761,#2763,.T.);
#2761 = VERTEX_POINT('',#2762);
#2762 = CARTESIAN_POINT('',(-9.090559801368,-10.55558529835,81.));
#2763 = ( BOUNDED_CURVE() B_SPLINE_CURVE(2,(#2764,#2765,#2766),
.UNSPECIFIED.,.F.,.F.) B_SPLINE_CURVE_WITH_KNOTS((3,3),(0.,
4.414598448277E-02),.PIECEWISE_BEZIER_KNOTS.) CURVE() 
GEOMETRIC_REPRESENTATION_ITEM() RATIONAL_B_SPLINE_CURVE((1.,
0.999756401397,1.)) REPRESENTATION_ITEM('') );
#2764 = CARTESIAN_POINT('',(-9.547538451362,-10.14411987374,81.));
#2765 = CARTESIAN_POINT('',(-9.323591000578,-10.35489684839,81.));
#2766 = CARTESIAN_POINT('',(-9.090559801368,-10.55558529835,81.));
#2767 = ORIENTED_EDGE('',*,*,#2768,.F.);
#2768 = EDGE_CURVE('',#1056,#2761,#2769,.T.);
#2769 = LINE('',#2770,#2771);
#2770 = CARTESIAN_POINT('',(-9.090559801368,-10.55558529835,74.));
#2771 = VECTOR('',#2772,1.);
#2772 = DIRECTION('',(0.,0.,1.));
#2773 = ORIENTED_EDGE('',*,*,#1063,.F.);
#2774 = SURFACE_OF_LINEAR_EXTRUSION('',#2775,#2779);
#2775 = ( BOUNDED_CURVE() B_SPLINE_CURVE(2,(#2776,#2777,#2778),
.UNSPECIFIED.,.F.,.F.) B_SPLINE_CURVE_WITH_KNOTS((3,3),(0.,
4.414598448277E-02),.PIECEWISE_BEZIER_KNOTS.) CURVE() 
GEOMETRIC_REPRESENTATION_ITEM() RATIONAL_B_SPLINE_CURVE((1.,
0.999756401397,1.)) REPRESENTATION_ITEM('') );
#2776 = CARTESIAN_POINT('',(-9.547538451362,-10.14411987374,74.));
#2777 = CARTESIAN_POINT('',(-9.323591000578,-10.35489684839,74.));
#2778 = CARTESIAN_POINT('',(-9.090559801368,-10.55558529835,74.));
#2779 = VECTOR('',#2780,1.);
#2780 = DIRECTION('',(-0.,-0.,-1.));
#2781 = ADVANCED_FACE('',(#2782),#2800,.F.);
#2782 = FACE_BOUND('',#2783,.F.);
#2783 = EDGE_LOOP('',(#2784,#2785,#2793,#2799));
#2784 = ORIENTED_EDGE('',*,*,#2768,.T.);
#2785 = ORIENTED_EDGE('',*,*,#2786,.T.);
#2786 = EDGE_CURVE('',#2761,#2787,#2789,.T.);
#2787 = VERTEX_POINT('',#2788);
#2788 = CARTESIAN_POINT('',(-8.727391217234,-10.49806504541,81.));
#2789 = ( BOUNDED_CURVE() B_SPLINE_CURVE(2,(#2790,#2791,#2792),
.UNSPECIFIED.,.F.,.F.) B_SPLINE_CURVE_WITH_KNOTS((3,3),(0.,
1.570796326795),.PIECEWISE_BEZIER_KNOTS.) CURVE() 
GEOMETRIC_REPRESENTATION_ITEM() RATIONAL_B_SPLINE_CURVE((1.,
0.707106781187,1.)) REPRESENTATION_ITEM('') );
#2790 = CARTESIAN_POINT('',(-9.090559801368,-10.55558529835,81.));
#2791 = CARTESIAN_POINT('',(-8.88021538283,-10.70840946395,81.));
#2792 = CARTESIAN_POINT('',(-8.727391217234,-10.49806504541,81.));
#2793 = ORIENTED_EDGE('',*,*,#2794,.F.);
#2794 = EDGE_CURVE('',#1046,#2787,#2795,.T.);
#2795 = LINE('',#2796,#2797);
#2796 = CARTESIAN_POINT('',(-8.727391217234,-10.49806504541,74.));
#2797 = VECTOR('',#2798,1.);
#2798 = DIRECTION('',(0.,0.,1.));
#2799 = ORIENTED_EDGE('',*,*,#1055,.F.);
#2800 = SURFACE_OF_LINEAR_EXTRUSION('',#2801,#2805);
#2801 = ( BOUNDED_CURVE() B_SPLINE_CURVE(2,(#2802,#2803,#2804),
.UNSPECIFIED.,.F.,.F.) B_SPLINE_CURVE_WITH_KNOTS((3,3),(0.,
1.570796326795),.PIECEWISE_BEZIER_KNOTS.) CURVE() 
GEOMETRIC_REPRESENTATION_ITEM() RATIONAL_B_SPLINE_CURVE((1.,
0.707106781187,1.)) REPRESENTATION_ITEM('') );
#2802 = CARTESIAN_POINT('',(-9.090559801368,-10.55558529835,74.));
#2803 = CARTESIAN_POINT('',(-8.88021538283,-10.70840946395,74.));
#2804 = CARTESIAN_POINT('',(-8.727391217234,-10.49806504541,74.));
#2805 = VECTOR('',#2806,1.);
#2806 = DIRECTION('',(-0.,-0.,-1.));
#2807 = ADVANCED_FACE('',(#2808),#2828,.F.);
#2808 = FACE_BOUND('',#2809,.F.);
#2809 = EDGE_LOOP('',(#2810,#2811,#2821,#2827));
#2810 = ORIENTED_EDGE('',*,*,#2794,.T.);
#2811 = ORIENTED_EDGE('',*,*,#2812,.T.);
#2812 = EDGE_CURVE('',#2787,#2813,#2815,.T.);
#2813 = VERTEX_POINT('',#2814);
#2814 = CARTESIAN_POINT('',(-7.287340967247,-11.54432279449,81.));
#2815 = ( BOUNDED_CURVE() B_SPLINE_CURVE(2,(#2816,#2817,#2818,#2819,
#2820),.UNSPECIFIED.,.F.,.F.) B_SPLINE_CURVE_WITH_KNOTS((3,2,3),(0.,
1.570796326795,3.14159265359),.PIECEWISE_BEZIER_KNOTS.) CURVE() 
GEOMETRIC_REPRESENTATION_ITEM() RATIONAL_B_SPLINE_CURVE((1.,
0.707106781187,1.,0.707106781187,1.)) REPRESENTATION_ITEM('') );
#2816 = CARTESIAN_POINT('',(-8.727391217234,-10.49806504541,81.));
#2817 = CARTESIAN_POINT('',(-8.204262342694,-9.77803992042,81.));
#2818 = CARTESIAN_POINT('',(-7.4842372177,-10.30116879496,81.));
#2819 = CARTESIAN_POINT('',(-6.764212092707,-10.8242976695,81.));
#2820 = CARTESIAN_POINT('',(-7.287340967247,-11.54432279449,81.));
#2821 = ORIENTED_EDGE('',*,*,#2822,.F.);
#2822 = EDGE_CURVE('',#1038,#2813,#2823,.T.);
#2823 = LINE('',#2824,#2825);
#2824 = CARTESIAN_POINT('',(-7.287340967247,-11.54432279449,74.));
#2825 = VECTOR('',#2826,1.);
#2826 = DIRECTION('',(0.,0.,1.));
#2827 = ORIENTED_EDGE('',*,*,#1045,.F.);
#2828 = SURFACE_OF_LINEAR_EXTRUSION('',#2829,#2835);
#2829 = ( BOUNDED_CURVE() B_SPLINE_CURVE(2,(#2830,#2831,#2832,#2833,
#2834),.UNSPECIFIED.,.F.,.F.) B_SPLINE_CURVE_WITH_KNOTS((3,2,3),(0.,
1.570796326795,3.14159265359),.PIECEWISE_BEZIER_KNOTS.) CURVE() 
GEOMETRIC_REPRESENTATION_ITEM() RATIONAL_B_SPLINE_CURVE((1.,
0.707106781187,1.,0.707106781187,1.)) REPRESENTATION_ITEM('') );
#2830 = CARTESIAN_POINT('',(-8.727391217234,-10.49806504541,74.));
#2831 = CARTESIAN_POINT('',(-8.204262342694,-9.77803992042,74.));
#2832 = CARTESIAN_POINT('',(-7.4842372177,-10.30116879496,74.));
#2833 = CARTESIAN_POINT('',(-6.764212092707,-10.8242976695,74.));
#2834 = CARTESIAN_POINT('',(-7.287340967247,-11.54432279449,74.));
#2835 = VECTOR('',#2836,1.);
#2836 = DIRECTION('',(-0.,-0.,-1.));
#2837 = ADVANCED_FACE('',(#2838),#2856,.F.);
#2838 = FACE_BOUND('',#2839,.F.);
#2839 = EDGE_LOOP('',(#2840,#2841,#2849,#2855));
#2840 = ORIENTED_EDGE('',*,*,#2822,.T.);
#2841 = ORIENTED_EDGE('',*,*,#2842,.T.);
#2842 = EDGE_CURVE('',#2813,#2843,#2845,.T.);
#2843 = VERTEX_POINT('',#2844);
#2844 = CARTESIAN_POINT('',(-7.229820714306,-11.90749137862,81.));
#2845 = ( BOUNDED_CURVE() B_SPLINE_CURVE(2,(#2846,#2847,#2848),
.UNSPECIFIED.,.F.,.F.) B_SPLINE_CURVE_WITH_KNOTS((3,3),(0.,
1.570796326795),.PIECEWISE_BEZIER_KNOTS.) CURVE() 
GEOMETRIC_REPRESENTATION_ITEM() RATIONAL_B_SPLINE_CURVE((1.,
0.707106781187,1.)) REPRESENTATION_ITEM('') );
#2846 = CARTESIAN_POINT('',(-7.287340967247,-11.54432279449,81.));
#2847 = CARTESIAN_POINT('',(-7.440165132843,-11.75466721303,81.));
#2848 = CARTESIAN_POINT('',(-7.229820714306,-11.90749137862,81.));
#2849 = ORIENTED_EDGE('',*,*,#2850,.F.);
#2850 = EDGE_CURVE('',#1030,#2843,#2851,.T.);
#2851 = LINE('',#2852,#2853);
#2852 = CARTESIAN_POINT('',(-7.229820714306,-11.90749137862,74.));
#2853 = VECTOR('',#2854,1.);
#2854 = DIRECTION('',(0.,0.,1.));
#2855 = ORIENTED_EDGE('',*,*,#1037,.F.);
#2856 = SURFACE_OF_LINEAR_EXTRUSION('',#2857,#2861);
#2857 = ( BOUNDED_CURVE() B_SPLINE_CURVE(2,(#2858,#2859,#2860),
.UNSPECIFIED.,.F.,.F.) B_SPLINE_CURVE_WITH_KNOTS((3,3),(0.,
1.570796326795),.PIECEWISE_BEZIER_KNOTS.) CURVE() 
GEOMETRIC_REPRESENTATION_ITEM() RATIONAL_B_SPLINE_CURVE((1.,
0.707106781187,1.)) REPRESENTATION_ITEM('') );
#2858 = CARTESIAN_POINT('',(-7.287340967247,-11.54432279449,74.));
#2859 = CARTESIAN_POINT('',(-7.440165132843,-11.75466721303,74.));
#2860 = CARTESIAN_POINT('',(-7.229820714306,-11.90749137862,74.));
#2861 = VECTOR('',#2862,1.);
#2862 = DIRECTION('',(-0.,-0.,-1.));
#2863 = ADVANCED_FACE('',(#2864),#2882,.F.);
#2864 = FACE_BOUND('',#2865,.F.);
#2865 = EDGE_LOOP('',(#2866,#2867,#2875,#2881));
#2866 = ORIENTED_EDGE('',*,*,#2850,.T.);
#2867 = ORIENTED_EDGE('',*,*,#2868,.T.);
#2868 = EDGE_CURVE('',#2843,#2869,#2871,.T.);
#2869 = VERTEX_POINT('',#2870);
#2870 = CARTESIAN_POINT('',(-6.697279672083,-12.21495409271,81.));
#2871 = ( BOUNDED_CURVE() B_SPLINE_CURVE(2,(#2872,#2873,#2874),
.UNSPECIFIED.,.F.,.F.) B_SPLINE_CURVE_WITH_KNOTS((3,3),(0.,
4.414598448277E-02),.PIECEWISE_BEZIER_KNOTS.) CURVE() 
GEOMETRIC_REPRESENTATION_ITEM() RATIONAL_B_SPLINE_CURVE((1.,
0.999756401397,1.)) REPRESENTATION_ITEM('') );
#2872 = CARTESIAN_POINT('',(-7.229820714306,-11.90749137862,81.));
#2873 = CARTESIAN_POINT('',(-6.966944055446,-12.06710107752,81.));
#2874 = CARTESIAN_POINT('',(-6.697279672083,-12.21495409271,81.));
#2875 = ORIENTED_EDGE('',*,*,#2876,.F.);
#2876 = EDGE_CURVE('',#1022,#2869,#2877,.T.);
#2877 = LINE('',#2878,#2879);
#2878 = CARTESIAN_POINT('',(-6.697279672083,-12.21495409271,74.));
#2879 = VECTOR('',#2880,1.);
#2880 = DIRECTION('',(0.,0.,1.));
#2881 = ORIENTED_EDGE('',*,*,#1029,.F.);
#2882 = SURFACE_OF_LINEAR_EXTRUSION('',#2883,#2887);
#2883 = ( BOUNDED_CURVE() B_SPLINE_CURVE(2,(#2884,#2885,#2886),
.UNSPECIFIED.,.F.,.F.) B_SPLINE_CURVE_WITH_KNOTS((3,3),(0.,
4.414598448277E-02),.PIECEWISE_BEZIER_KNOTS.) CURVE() 
GEOMETRIC_REPRESENTATION_ITEM() RATIONAL_B_SPLINE_CURVE((1.,
0.999756401397,1.)) REPRESENTATION_ITEM('') );
#2884 = CARTESIAN_POINT('',(-7.229820714306,-11.90749137862,74.));
#2885 = CARTESIAN_POINT('',(-6.966944055446,-12.06710107752,74.));
#2886 = CARTESIAN_POINT('',(-6.697279672083,-12.21495409271,74.));
#2887 = VECTOR('',#2888,1.);
#2888 = DIRECTION('',(-0.,-0.,-1.));
#2889 = ADVANCED_FACE('',(#2890),#2908,.F.);
#2890 = FACE_BOUND('',#2891,.F.);
#2891 = EDGE_LOOP('',(#2892,#2893,#2901,#2907));
#2892 = ORIENTED_EDGE('',*,*,#2876,.T.);
#2893 = ORIENTED_EDGE('',*,*,#2894,.T.);
#2894 = EDGE_CURVE('',#2869,#2895,#2897,.T.);
#2895 = VERTEX_POINT('',#2896);
#2896 = CARTESIAN_POINT('',(-6.354006325896,-12.08318380092,81.));
#2897 = ( BOUNDED_CURVE() B_SPLINE_CURVE(2,(#2898,#2899,#2900),
.UNSPECIFIED.,.F.,.F.) B_SPLINE_CURVE_WITH_KNOTS((3,3),(0.,
1.570796326795),.PIECEWISE_BEZIER_KNOTS.) CURVE() 
GEOMETRIC_REPRESENTATION_ITEM() RATIONAL_B_SPLINE_CURVE((1.,
0.707106781187,1.)) REPRESENTATION_ITEM('') );
#2898 = CARTESIAN_POINT('',(-6.697279672083,-12.21495409271,81.));
#2899 = CARTESIAN_POINT('',(-6.459757853096,-12.3207056199,81.));
#2900 = CARTESIAN_POINT('',(-6.354006325896,-12.08318380092,81.));
#2901 = ORIENTED_EDGE('',*,*,#2902,.F.);
#2902 = EDGE_CURVE('',#1012,#2895,#2903,.T.);
#2903 = LINE('',#2904,#2905);
#2904 = CARTESIAN_POINT('',(-6.354006325896,-12.08318380092,74.));
#2905 = VECTOR('',#2906,1.);
#2906 = DIRECTION('',(0.,0.,1.));
#2907 = ORIENTED_EDGE('',*,*,#1021,.F.);
#2908 = SURFACE_OF_LINEAR_EXTRUSION('',#2909,#2913);
#2909 = ( BOUNDED_CURVE() B_SPLINE_CURVE(2,(#2910,#2911,#2912),
.UNSPECIFIED.,.F.,.F.) B_SPLINE_CURVE_WITH_KNOTS((3,3),(0.,
1.570796326795),.PIECEWISE_BEZIER_KNOTS.) CURVE() 
GEOMETRIC_REPRESENTATION_ITEM() RATIONAL_B_SPLINE_CURVE((1.,
0.707106781187,1.)) REPRESENTATION_ITEM('') );
#2910 = CARTESIAN_POINT('',(-6.697279672083,-12.21495409271,74.));
#2911 = CARTESIAN_POINT('',(-6.459757853096,-12.3207056199,74.));
#2912 = CARTESIAN_POINT('',(-6.354006325896,-12.08318380092,74.));
#2913 = VECTOR('',#2914,1.);
#2914 = DIRECTION('',(-0.,-0.,-1.));
#2915 = ADVANCED_FACE('',(#2916),#2936,.F.);
#2916 = FACE_BOUND('',#2917,.F.);
#2917 = EDGE_LOOP('',(#2918,#2919,#2929,#2935));
#2918 = ORIENTED_EDGE('',*,*,#2902,.T.);
#2919 = ORIENTED_EDGE('',*,*,#2920,.T.);
#2920 = EDGE_CURVE('',#2895,#2921,#2923,.T.);
#2921 = VERTEX_POINT('',#2922);
#2922 = CARTESIAN_POINT('',(-4.727895411293,-12.80717502559,81.));
#2923 = ( BOUNDED_CURVE() B_SPLINE_CURVE(2,(#2924,#2925,#2926,#2927,
#2928),.UNSPECIFIED.,.F.,.F.) B_SPLINE_CURVE_WITH_KNOTS((3,2,3),(0.,
1.570796326795,3.14159265359),.PIECEWISE_BEZIER_KNOTS.) CURVE() 
GEOMETRIC_REPRESENTATION_ITEM() RATIONAL_B_SPLINE_CURVE((1.,
0.707106781187,1.,0.707106781187,1.)) REPRESENTATION_ITEM('') );
#2924 = CARTESIAN_POINT('',(-6.354006325896,-12.08318380092,81.));
#2925 = CARTESIAN_POINT('',(-5.992010713559,-11.27012834362,81.));
#2926 = CARTESIAN_POINT('',(-5.178955256257,-11.63212395595,81.));
#2927 = CARTESIAN_POINT('',(-4.365899798955,-11.99411956829,81.));
#2928 = CARTESIAN_POINT('',(-4.727895411293,-12.80717502559,81.));
#2929 = ORIENTED_EDGE('',*,*,#2930,.F.);
#2930 = EDGE_CURVE('',#1004,#2921,#2931,.T.);
#2931 = LINE('',#2932,#2933);
#2932 = CARTESIAN_POINT('',(-4.727895411293,-12.80717502559,74.));
#2933 = VECTOR('',#2934,1.);
#2934 = DIRECTION('',(0.,0.,1.));
#2935 = ORIENTED_EDGE('',*,*,#1011,.F.);
#2936 = SURFACE_OF_LINEAR_EXTRUSION('',#2937,#2943);
#2937 = ( BOUNDED_CURVE() B_SPLINE_CURVE(2,(#2938,#2939,#2940,#2941,
#2942),.UNSPECIFIED.,.F.,.F.) B_SPLINE_CURVE_WITH_KNOTS((3,2,3),(0.,
1.570796326795,3.14159265359),.PIECEWISE_BEZIER_KNOTS.) CURVE() 
GEOMETRIC_REPRESENTATION_ITEM() RATIONAL_B_SPLINE_CURVE((1.,
0.707106781187,1.,0.707106781187,1.)) REPRESENTATION_ITEM('') );
#2938 = CARTESIAN_POINT('',(-6.354006325896,-12.08318380092,74.));
#2939 = CARTESIAN_POINT('',(-5.992010713559,-11.27012834362,74.));
#2940 = CARTESIAN_POINT('',(-5.178955256257,-11.63212395595,74.));
#2941 = CARTESIAN_POINT('',(-4.365899798955,-11.99411956829,74.));
#2942 = CARTESIAN_POINT('',(-4.727895411293,-12.80717502559,74.));
#2943 = VECTOR('',#2944,1.);
#2944 = DIRECTION('',(-0.,-0.,-1.));
#2945 = ADVANCED_FACE('',(#2946),#2964,.F.);
#2946 = FACE_BOUND('',#2947,.F.);
#2947 = EDGE_LOOP('',(#2948,#2949,#2957,#2963));
#2948 = ORIENTED_EDGE('',*,*,#2930,.T.);
#2949 = ORIENTED_EDGE('',*,*,#2950,.T.);
#2950 = EDGE_CURVE('',#2921,#2951,#2953,.T.);
#2951 = VERTEX_POINT('',#2952);
#2952 = CARTESIAN_POINT('',(-4.596125119505,-13.15044837178,81.));
#2953 = ( BOUNDED_CURVE() B_SPLINE_CURVE(2,(#2954,#2955,#2956),
.UNSPECIFIED.,.F.,.F.) B_SPLINE_CURVE_WITH_KNOTS((3,3),(0.,
1.570796326795),.PIECEWISE_BEZIER_KNOTS.) CURVE() 
GEOMETRIC_REPRESENTATION_ITEM() RATIONAL_B_SPLINE_CURVE((1.,
0.707106781187,1.)) REPRESENTATION_ITEM('') );
#2954 = CARTESIAN_POINT('',(-4.727895411293,-12.80717502559,81.));
#2955 = CARTESIAN_POINT('',(-4.833646938492,-13.04469684458,81.));
#2956 = CARTESIAN_POINT('',(-4.596125119505,-13.15044837178,81.));
#2957 = ORIENTED_EDGE('',*,*,#2958,.F.);
#2958 = EDGE_CURVE('',#996,#2951,#2959,.T.);
#2959 = LINE('',#2960,#2961);
#2960 = CARTESIAN_POINT('',(-4.596125119505,-13.15044837178,74.));
#2961 = VECTOR('',#2962,1.);
#2962 = DIRECTION('',(0.,0.,1.));
#2963 = ORIENTED_EDGE('',*,*,#1003,.F.);
#2964 = SURFACE_OF_LINEAR_EXTRUSION('',#2965,#2969);
#2965 = ( BOUNDED_CURVE() B_SPLINE_CURVE(2,(#2966,#2967,#2968),
.UNSPECIFIED.,.F.,.F.) B_SPLINE_CURVE_WITH_KNOTS((3,3),(0.,
1.570796326795),.PIECEWISE_BEZIER_KNOTS.) CURVE() 
GEOMETRIC_REPRESENTATION_ITEM() RATIONAL_B_SPLINE_CURVE((1.,
0.707106781187,1.)) REPRESENTATION_ITEM('') );
#2966 = CARTESIAN_POINT('',(-4.727895411293,-12.80717502559,74.));
#2967 = CARTESIAN_POINT('',(-4.833646938492,-13.04469684458,74.));
#2968 = CARTESIAN_POINT('',(-4.596125119505,-13.15044837178,74.));
#2969 = VECTOR('',#2970,1.);
#2970 = DIRECTION('',(-0.,-0.,-1.));
#2971 = ADVANCED_FACE('',(#2972),#2990,.F.);
#2972 = FACE_BOUND('',#2973,.F.);
#2973 = EDGE_LOOP('',(#2974,#2975,#2983,#2989));
#2974 = ORIENTED_EDGE('',*,*,#2958,.T.);
#2975 = ORIENTED_EDGE('',*,*,#2976,.T.);
#2976 = EDGE_CURVE('',#2951,#2977,#2979,.T.);
#2977 = VERTEX_POINT('',#2978);
#2978 = CARTESIAN_POINT('',(-4.011296284015,-13.34047077936,81.));
#2979 = ( BOUNDED_CURVE() B_SPLINE_CURVE(2,(#2980,#2981,#2982),
.UNSPECIFIED.,.F.,.F.) B_SPLINE_CURVE_WITH_KNOTS((3,3),(0.,
4.414598448277E-02),.PIECEWISE_BEZIER_KNOTS.) CURVE() 
GEOMETRIC_REPRESENTATION_ITEM() RATIONAL_B_SPLINE_CURVE((1.,
0.999756401397,1.)) REPRESENTATION_ITEM('') );
#2980 = CARTESIAN_POINT('',(-4.596125119505,-13.15044837178,81.));
#2981 = CARTESIAN_POINT('',(-4.305808223985,-13.25191508519,81.));
#2982 = CARTESIAN_POINT('',(-4.011296284015,-13.34047077936,81.));
#2983 = ORIENTED_EDGE('',*,*,#2984,.F.);
#2984 = EDGE_CURVE('',#988,#2977,#2985,.T.);
#2985 = LINE('',#2986,#2987);
#2986 = CARTESIAN_POINT('',(-4.011296284015,-13.34047077936,74.));
#2987 = VECTOR('',#2988,1.);
#2988 = DIRECTION('',(0.,0.,1.));
#2989 = ORIENTED_EDGE('',*,*,#995,.F.);
#2990 = SURFACE_OF_LINEAR_EXTRUSION('',#2991,#2995);
#2991 = ( BOUNDED_CURVE() B_SPLINE_CURVE(2,(#2992,#2993,#2994),
.UNSPECIFIED.,.F.,.F.) B_SPLINE_CURVE_WITH_KNOTS((3,3),(0.,
4.414598448277E-02),.PIECEWISE_BEZIER_KNOTS.) CURVE() 
GEOMETRIC_REPRESENTATION_ITEM() RATIONAL_B_SPLINE_CURVE((1.,
0.999756401397,1.)) REPRESENTATION_ITEM('') );
#2992 = CARTESIAN_POINT('',(-4.596125119505,-13.15044837178,74.));
#2993 = CARTESIAN_POINT('',(-4.305808223985,-13.25191508519,74.));
#2994 = CARTESIAN_POINT('',(-4.011296284015,-13.34047077936,74.));
#2995 = VECTOR('',#2996,1.);
#2996 = DIRECTION('',(-0.,-0.,-1.));
#2997 = ADVANCED_FACE('',(#2998),#3016,.F.);
#2998 = FACE_BOUND('',#2999,.F.);
#2999 = EDGE_LOOP('',(#3000,#3001,#3009,#3015));
#3000 = ORIENTED_EDGE('',*,*,#2984,.T.);
#3001 = ORIENTED_EDGE('',*,*,#3002,.T.);
#3002 = EDGE_CURVE('',#2977,#3003,#3005,.T.);
#3003 = VERTEX_POINT('',#3004);
#3004 = CARTESIAN_POINT('',(-3.702920868211,-13.14020944278,81.));
#3005 = ( BOUNDED_CURVE() B_SPLINE_CURVE(2,(#3006,#3007,#3008),
.UNSPECIFIED.,.F.,.F.) B_SPLINE_CURVE_WITH_KNOTS((3,3),(0.,
1.570796326795),.PIECEWISE_BEZIER_KNOTS.) CURVE() 
GEOMETRIC_REPRESENTATION_ITEM() RATIONAL_B_SPLINE_CURVE((1.,
0.707106781187,1.)) REPRESENTATION_ITEM('') );
#3006 = CARTESIAN_POINT('',(-4.011296284015,-13.34047077936,81.));
#3007 = CARTESIAN_POINT('',(-3.756977907824,-13.39452781897,81.));
#3008 = CARTESIAN_POINT('',(-3.702920868211,-13.14020944278,81.));
#3009 = ORIENTED_EDGE('',*,*,#3010,.F.);
#3010 = EDGE_CURVE('',#978,#3003,#3011,.T.);
#3011 = LINE('',#3012,#3013);
#3012 = CARTESIAN_POINT('',(-3.702920868211,-13.14020944278,74.));
#3013 = VECTOR('',#3014,1.);
#3014 = DIRECTION('',(0.,0.,1.));
#3015 = ORIENTED_EDGE('',*,*,#987,.F.);
#3016 = SURFACE_OF_LINEAR_EXTRUSION('',#3017,#3021);
#3017 = ( BOUNDED_CURVE() B_SPLINE_CURVE(2,(#3018,#3019,#3020),
.UNSPECIFIED.,.F.,.F.) B_SPLINE_CURVE_WITH_KNOTS((3,3),(0.,
1.570796326795),.PIECEWISE_BEZIER_KNOTS.) CURVE() 
GEOMETRIC_REPRESENTATION_ITEM() RATIONAL_B_SPLINE_CURVE((1.,
0.707106781187,1.)) REPRESENTATION_ITEM('') );
#3018 = CARTESIAN_POINT('',(-4.011296284015,-13.34047077936,74.));
#3019 = CARTESIAN_POINT('',(-3.756977907824,-13.39452781897,74.));
#3020 = CARTESIAN_POINT('',(-3.702920868211,-13.14020944278,74.));
#3021 = VECTOR('',#3022,1.);
#3022 = DIRECTION('',(-0.,-0.,-1.));
#3023 = ADVANCED_FACE('',(#3024),#3044,.F.);
#3024 = FACE_BOUND('',#3025,.F.);
#3025 = EDGE_LOOP('',(#3026,#3027,#3037,#3043));
#3026 = ORIENTED_EDGE('',*,*,#3010,.T.);
#3027 = ORIENTED_EDGE('',*,*,#3028,.T.);
#3028 = EDGE_CURVE('',#3003,#3029,#3031,.T.);
#3029 = VERTEX_POINT('',#3030);
#3030 = CARTESIAN_POINT('',(-1.961818138905,-13.51029225243,81.));
#3031 = ( BOUNDED_CURVE() B_SPLINE_CURVE(2,(#3032,#3033,#3034,#3035,
#3036),.UNSPECIFIED.,.F.,.F.) B_SPLINE_CURVE_WITH_KNOTS((3,2,3),(0.,
1.570796326795,3.14159265359),.PIECEWISE_BEZIER_KNOTS.) CURVE() 
GEOMETRIC_REPRESENTATION_ITEM() RATIONAL_B_SPLINE_CURVE((1.,
0.707106781187,1.,0.707106781187,1.)) REPRESENTATION_ITEM('') );
#3032 = CARTESIAN_POINT('',(-3.702920868211,-13.14020944278,81.));
#3033 = CARTESIAN_POINT('',(-3.517879463384,-12.26965807812,81.));
#3034 = CARTESIAN_POINT('',(-2.647328098731,-12.45469948295,81.));
#3035 = CARTESIAN_POINT('',(-1.776776734077,-12.63974088778,81.));
#3036 = CARTESIAN_POINT('',(-1.961818138905,-13.51029225243,81.));
#3037 = ORIENTED_EDGE('',*,*,#3038,.F.);
#3038 = EDGE_CURVE('',#970,#3029,#3039,.T.);
#3039 = LINE('',#3040,#3041);
#3040 = CARTESIAN_POINT('',(-1.961818138905,-13.51029225243,74.));
#3041 = VECTOR('',#3042,1.);
#3042 = DIRECTION('',(0.,0.,1.));
#3043 = ORIENTED_EDGE('',*,*,#977,.F.);
#3044 = SURFACE_OF_LINEAR_EXTRUSION('',#3045,#3051);
#3045 = ( BOUNDED_CURVE() B_SPLINE_CURVE(2,(#3046,#3047,#3048,#3049,
#3050),.UNSPECIFIED.,.F.,.F.) B_SPLINE_CURVE_WITH_KNOTS((3,2,3),(0.,
1.570796326795,3.14159265359),.PIECEWISE_BEZIER_KNOTS.) CURVE() 
GEOMETRIC_REPRESENTATION_ITEM() RATIONAL_B_SPLINE_CURVE((1.,
0.707106781187,1.,0.707106781187,1.)) REPRESENTATION_ITEM('') );
#3046 = CARTESIAN_POINT('',(-3.702920868211,-13.14020944278,74.));
#3047 = CARTESIAN_POINT('',(-3.517879463384,-12.26965807812,74.));
#3048 = CARTESIAN_POINT('',(-2.647328098731,-12.45469948295,74.));
#3049 = CARTESIAN_POINT('',(-1.776776734077,-12.63974088778,74.));
#3050 = CARTESIAN_POINT('',(-1.961818138905,-13.51029225243,74.));
#3051 = VECTOR('',#3052,1.);
#3052 = DIRECTION('',(-0.,-0.,-1.));
#3053 = ADVANCED_FACE('',(#3054),#3072,.F.);
#3054 = FACE_BOUND('',#3055,.F.);
#3055 = EDGE_LOOP('',(#3056,#3057,#3065,#3071));
#3056 = ORIENTED_EDGE('',*,*,#3038,.T.);
#3057 = ORIENTED_EDGE('',*,*,#3058,.T.);
#3058 = EDGE_CURVE('',#3029,#3059,#3061,.T.);
#3059 = VERTEX_POINT('',#3060);
#3060 = CARTESIAN_POINT('',(-1.761556802327,-13.81866766824,81.));
#3061 = ( BOUNDED_CURVE() B_SPLINE_CURVE(2,(#3062,#3063,#3064),
.UNSPECIFIED.,.F.,.F.) B_SPLINE_CURVE_WITH_KNOTS((3,3),(0.,
1.570796326795),.PIECEWISE_BEZIER_KNOTS.) CURVE() 
GEOMETRIC_REPRESENTATION_ITEM() RATIONAL_B_SPLINE_CURVE((1.,
0.707106781187,1.)) REPRESENTATION_ITEM('') );
#3062 = CARTESIAN_POINT('',(-1.961818138905,-13.51029225243,81.));
#3063 = CARTESIAN_POINT('',(-2.015875178518,-13.76461062862,81.));
#3064 = CARTESIAN_POINT('',(-1.761556802327,-13.81866766824,81.));
#3065 = ORIENTED_EDGE('',*,*,#3066,.F.);
#3066 = EDGE_CURVE('',#962,#3059,#3067,.T.);
#3067 = LINE('',#3068,#3069);
#3068 = CARTESIAN_POINT('',(-1.761556802327,-13.81866766824,74.));
#3069 = VECTOR('',#3070,1.);
#3070 = DIRECTION('',(0.,0.,1.));
#3071 = ORIENTED_EDGE('',*,*,#969,.F.);
#3072 = SURFACE_OF_LINEAR_EXTRUSION('',#3073,#3077);
#3073 = ( BOUNDED_CURVE() B_SPLINE_CURVE(2,(#3074,#3075,#3076),
.UNSPECIFIED.,.F.,.F.) B_SPLINE_CURVE_WITH_KNOTS((3,3),(0.,
1.570796326795),.PIECEWISE_BEZIER_KNOTS.) CURVE() 
GEOMETRIC_REPRESENTATION_ITEM() RATIONAL_B_SPLINE_CURVE((1.,
0.707106781187,1.)) REPRESENTATION_ITEM('') );
#3074 = CARTESIAN_POINT('',(-1.961818138905,-13.51029225243,74.));
#3075 = CARTESIAN_POINT('',(-2.015875178518,-13.76461062862,74.));
#3076 = CARTESIAN_POINT('',(-1.761556802327,-13.81866766824,74.));
#3077 = VECTOR('',#3078,1.);
#3078 = DIRECTION('',(-0.,-0.,-1.));
#3079 = ADVANCED_FACE('',(#3080),#3098,.F.);
#3080 = FACE_BOUND('',#3081,.F.);
#3081 = EDGE_LOOP('',(#3082,#3083,#3091,#3097));
#3082 = ORIENTED_EDGE('',*,*,#3066,.T.);
#3083 = ORIENTED_EDGE('',*,*,#3084,.T.);
#3084 = EDGE_CURVE('',#3059,#3085,#3087,.T.);
#3085 = VERTEX_POINT('',#3086);
#3086 = CARTESIAN_POINT('',(-1.15,-13.88294487827,81.));
#3087 = ( BOUNDED_CURVE() B_SPLINE_CURVE(2,(#3088,#3089,#3090),
.UNSPECIFIED.,.F.,.F.) B_SPLINE_CURVE_WITH_KNOTS((3,3),(0.,
4.414598448277E-02),.PIECEWISE_BEZIER_KNOTS.) CURVE() 
GEOMETRIC_REPRESENTATION_ITEM() RATIONAL_B_SPLINE_CURVE((1.,
0.999756401397,1.)) REPRESENTATION_ITEM('') );
#3088 = CARTESIAN_POINT('',(-1.761556802327,-13.81866766824,81.));
#3089 = CARTESIAN_POINT('',(-1.456487911575,-13.85755681389,81.));
#3090 = CARTESIAN_POINT('',(-1.15,-13.88294487827,81.));
#3091 = ORIENTED_EDGE('',*,*,#3092,.F.);
#3092 = EDGE_CURVE('',#954,#3085,#3093,.T.);
#3093 = LINE('',#3094,#3095);
#3094 = CARTESIAN_POINT('',(-1.15,-13.88294487827,74.));
#3095 = VECTOR('',#3096,1.);
#3096 = DIRECTION('',(0.,0.,1.));
#3097 = ORIENTED_EDGE('',*,*,#961,.F.);
#3098 = SURFACE_OF_LINEAR_EXTRUSION('',#3099,#3103);
#3099 = ( BOUNDED_CURVE() B_SPLINE_CURVE(2,(#3100,#3101,#3102),
.UNSPECIFIED.,.F.,.F.) B_SPLINE_CURVE_WITH_KNOTS((3,3),(0.,
4.414598448277E-02),.PIECEWISE_BEZIER_KNOTS.) CURVE() 
GEOMETRIC_REPRESENTATION_ITEM() RATIONAL_B_SPLINE_CURVE((1.,
0.999756401397,1.)) REPRESENTATION_ITEM('') );
#3100 = CARTESIAN_POINT('',(-1.761556802327,-13.81866766824,74.));
#3101 = CARTESIAN_POINT('',(-1.456487911575,-13.85755681389,74.));
#3102 = CARTESIAN_POINT('',(-1.15,-13.88294487827,74.));
#3103 = VECTOR('',#3104,1.);
#3104 = DIRECTION('',(-0.,-0.,-1.));
#3105 = ADVANCED_FACE('',(#3106),#3124,.F.);
#3106 = FACE_BOUND('',#3107,.F.);
#3107 = EDGE_LOOP('',(#3108,#3109,#3117,#3123));
#3108 = ORIENTED_EDGE('',*,*,#3092,.T.);
#3109 = ORIENTED_EDGE('',*,*,#3110,.T.);
#3110 = EDGE_CURVE('',#3085,#3111,#3113,.T.);
#3111 = VERTEX_POINT('',#3112);
#3112 = CARTESIAN_POINT('',(-0.89,-13.62294487827,81.));
#3113 = ( BOUNDED_CURVE() B_SPLINE_CURVE(2,(#3114,#3115,#3116),
.UNSPECIFIED.,.F.,.F.) B_SPLINE_CURVE_WITH_KNOTS((3,3),(0.,
1.570796326795),.PIECEWISE_BEZIER_KNOTS.) CURVE() 
GEOMETRIC_REPRESENTATION_ITEM() RATIONAL_B_SPLINE_CURVE((1.,
0.707106781187,1.)) REPRESENTATION_ITEM('') );
#3114 = CARTESIAN_POINT('',(-1.15,-13.88294487827,81.));
#3115 = CARTESIAN_POINT('',(-0.89,-13.88294487827,81.));
#3116 = CARTESIAN_POINT('',(-0.89,-13.62294487827,81.));
#3117 = ORIENTED_EDGE('',*,*,#3118,.F.);
#3118 = EDGE_CURVE('',#944,#3111,#3119,.T.);
#3119 = LINE('',#3120,#3121);
#3120 = CARTESIAN_POINT('',(-0.89,-13.62294487827,74.));
#3121 = VECTOR('',#3122,1.);
#3122 = DIRECTION('',(0.,0.,1.));
#3123 = ORIENTED_EDGE('',*,*,#953,.F.);
#3124 = SURFACE_OF_LINEAR_EXTRUSION('',#3125,#3129);
#3125 = ( BOUNDED_CURVE() B_SPLINE_CURVE(2,(#3126,#3127,#3128),
.UNSPECIFIED.,.F.,.F.) B_SPLINE_CURVE_WITH_KNOTS((3,3),(0.,
1.570796326795),.PIECEWISE_BEZIER_KNOTS.) CURVE() 
GEOMETRIC_REPRESENTATION_ITEM() RATIONAL_B_SPLINE_CURVE((1.,
0.707106781187,1.)) REPRESENTATION_ITEM('') );
#3126 = CARTESIAN_POINT('',(-1.15,-13.88294487827,74.));
#3127 = CARTESIAN_POINT('',(-0.89,-13.88294487827,74.));
#3128 = CARTESIAN_POINT('',(-0.89,-13.62294487827,74.));
#3129 = VECTOR('',#3130,1.);
#3130 = DIRECTION('',(-0.,-0.,-1.));
#3131 = ADVANCED_FACE('',(#3132),#3152,.F.);
#3132 = FACE_BOUND('',#3133,.F.);
#3133 = EDGE_LOOP('',(#3134,#3135,#3145,#3151));
#3134 = ORIENTED_EDGE('',*,*,#3118,.T.);
#3135 = ORIENTED_EDGE('',*,*,#3136,.T.);
#3136 = EDGE_CURVE('',#3111,#3137,#3139,.T.);
#3137 = VERTEX_POINT('',#3138);
#3138 = CARTESIAN_POINT('',(0.89,-13.62294487827,81.));
#3139 = ( BOUNDED_CURVE() B_SPLINE_CURVE(2,(#3140,#3141,#3142,#3143,
#3144),.UNSPECIFIED.,.F.,.F.) B_SPLINE_CURVE_WITH_KNOTS((3,2,3),(0.,
1.570796326795,3.14159265359),.PIECEWISE_BEZIER_KNOTS.) CURVE() 
GEOMETRIC_REPRESENTATION_ITEM() RATIONAL_B_SPLINE_CURVE((1.,
0.707106781187,1.,0.707106781187,1.)) REPRESENTATION_ITEM('') );
#3140 = CARTESIAN_POINT('',(-0.89,-13.62294487827,81.));
#3141 = CARTESIAN_POINT('',(-0.89,-12.73294487827,81.));
#3142 = CARTESIAN_POINT('',(-8.44E-15,-12.73294487827,81.));
#3143 = CARTESIAN_POINT('',(0.89,-12.73294487827,81.));
#3144 = CARTESIAN_POINT('',(0.89,-13.62294487827,81.));
#3145 = ORIENTED_EDGE('',*,*,#3146,.F.);
#3146 = EDGE_CURVE('',#936,#3137,#3147,.T.);
#3147 = LINE('',#3148,#3149);
#3148 = CARTESIAN_POINT('',(0.89,-13.62294487827,74.));
#3149 = VECTOR('',#3150,1.);
#3150 = DIRECTION('',(0.,0.,1.));
#3151 = ORIENTED_EDGE('',*,*,#943,.F.);
#3152 = SURFACE_OF_LINEAR_EXTRUSION('',#3153,#3159);
#3153 = ( BOUNDED_CURVE() B_SPLINE_CURVE(2,(#3154,#3155,#3156,#3157,
#3158),.UNSPECIFIED.,.F.,.F.) B_SPLINE_CURVE_WITH_KNOTS((3,2,3),(0.,
1.570796326795,3.14159265359),.PIECEWISE_BEZIER_KNOTS.) CURVE() 
GEOMETRIC_REPRESENTATION_ITEM() RATIONAL_B_SPLINE_CURVE((1.,
0.707106781187,1.,0.707106781187,1.)) REPRESENTATION_ITEM('') );
#3154 = CARTESIAN_POINT('',(-0.89,-13.62294487827,74.));
#3155 = CARTESIAN_POINT('',(-0.89,-12.73294487827,74.));
#3156 = CARTESIAN_POINT('',(-8.44E-15,-12.73294487827,74.));
#3157 = CARTESIAN_POINT('',(0.89,-12.73294487827,74.));
#3158 = CARTESIAN_POINT('',(0.89,-13.62294487827,74.));
#3159 = VECTOR('',#3160,1.);
#3160 = DIRECTION('',(-0.,-0.,-1.));
#3161 = ADVANCED_FACE('',(#3162),#3180,.F.);
#3162 = FACE_BOUND('',#3163,.F.);
#3163 = EDGE_LOOP('',(#3164,#3165,#3173,#3179));
#3164 = ORIENTED_EDGE('',*,*,#3146,.T.);
#3165 = ORIENTED_EDGE('',*,*,#3166,.T.);
#3166 = EDGE_CURVE('',#3137,#3167,#3169,.T.);
#3167 = VERTEX_POINT('',#3168);
#3168 = CARTESIAN_POINT('',(1.15,-13.88294487827,81.));
#3169 = ( BOUNDED_CURVE() B_SPLINE_CURVE(2,(#3170,#3171,#3172),
.UNSPECIFIED.,.F.,.F.) B_SPLINE_CURVE_WITH_KNOTS((3,3),(0.,
1.570796326795),.PIECEWISE_BEZIER_KNOTS.) CURVE() 
GEOMETRIC_REPRESENTATION_ITEM() RATIONAL_B_SPLINE_CURVE((1.,
0.707106781187,1.)) REPRESENTATION_ITEM('') );
#3170 = CARTESIAN_POINT('',(0.89,-13.62294487827,81.));
#3171 = CARTESIAN_POINT('',(0.89,-13.88294487827,81.));
#3172 = CARTESIAN_POINT('',(1.15,-13.88294487827,81.));
#3173 = ORIENTED_EDGE('',*,*,#3174,.F.);
#3174 = EDGE_CURVE('',#928,#3167,#3175,.T.);
#3175 = LINE('',#3176,#3177);
#3176 = CARTESIAN_POINT('',(1.15,-13.88294487827,74.));
#3177 = VECTOR('',#3178,1.);
#3178 = DIRECTION('',(0.,0.,1.));
#3179 = ORIENTED_EDGE('',*,*,#935,.F.);
#3180 = SURFACE_OF_LINEAR_EXTRUSION('',#3181,#3185);
#3181 = ( BOUNDED_CURVE() B_SPLINE_CURVE(2,(#3182,#3183,#3184),
.UNSPECIFIED.,.F.,.F.) B_SPLINE_CURVE_WITH_KNOTS((3,3),(0.,
1.570796326795),.PIECEWISE_BEZIER_KNOTS.) CURVE() 
GEOMETRIC_REPRESENTATION_ITEM() RATIONAL_B_SPLINE_CURVE((1.,
0.707106781187,1.)) REPRESENTATION_ITEM('') );
#3182 = CARTESIAN_POINT('',(0.89,-13.62294487827,74.));
#3183 = CARTESIAN_POINT('',(0.89,-13.88294487827,74.));
#3184 = CARTESIAN_POINT('',(1.15,-13.88294487827,74.));
#3185 = VECTOR('',#3186,1.);
#3186 = DIRECTION('',(-0.,-0.,-1.));
#3187 = ADVANCED_FACE('',(#3188),#3206,.F.);
#3188 = FACE_BOUND('',#3189,.F.);
#3189 = EDGE_LOOP('',(#3190,#3191,#3199,#3205));
#3190 = ORIENTED_EDGE('',*,*,#3174,.T.);
#3191 = ORIENTED_EDGE('',*,*,#3192,.T.);
#3192 = EDGE_CURVE('',#3167,#3193,#3195,.T.);
#3193 = VERTEX_POINT('',#3194);
#3194 = CARTESIAN_POINT('',(1.761556802327,-13.81866766824,81.));
#3195 = ( BOUNDED_CURVE() B_SPLINE_CURVE(2,(#3196,#3197,#3198),
.UNSPECIFIED.,.F.,.F.) B_SPLINE_CURVE_WITH_KNOTS((3,3),(0.,
4.414598448277E-02),.PIECEWISE_BEZIER_KNOTS.) CURVE() 
GEOMETRIC_REPRESENTATION_ITEM() RATIONAL_B_SPLINE_CURVE((1.,
0.999756401397,1.)) REPRESENTATION_ITEM('') );
#3196 = CARTESIAN_POINT('',(1.15,-13.88294487827,81.));
#3197 = CARTESIAN_POINT('',(1.456487911575,-13.85755681389,81.));
#3198 = CARTESIAN_POINT('',(1.761556802327,-13.81866766824,81.));
#3199 = ORIENTED_EDGE('',*,*,#3200,.F.);
#3200 = EDGE_CURVE('',#920,#3193,#3201,.T.);
#3201 = LINE('',#3202,#3203);
#3202 = CARTESIAN_POINT('',(1.761556802327,-13.81866766824,74.));
#3203 = VECTOR('',#3204,1.);
#3204 = DIRECTION('',(0.,0.,1.));
#3205 = ORIENTED_EDGE('',*,*,#927,.F.);
#3206 = SURFACE_OF_LINEAR_EXTRUSION('',#3207,#3211);
#3207 = ( BOUNDED_CURVE() B_SPLINE_CURVE(2,(#3208,#3209,#3210),
.UNSPECIFIED.,.F.,.F.) B_SPLINE_CURVE_WITH_KNOTS((3,3),(0.,
4.414598448277E-02),.PIECEWISE_BEZIER_KNOTS.) CURVE() 
GEOMETRIC_REPRESENTATION_ITEM() RATIONAL_B_SPLINE_CURVE((1.,
0.999756401397,1.)) REPRESENTATION_ITEM('') );
#3208 = CARTESIAN_POINT('',(1.15,-13.88294487827,74.));
#3209 = CARTESIAN_POINT('',(1.456487911575,-13.85755681389,74.));
#3210 = CARTESIAN_POINT('',(1.761556802327,-13.81866766824,74.));
#3211 = VECTOR('',#3212,1.);
#3212 = DIRECTION('',(-0.,-0.,-1.));
#3213 = ADVANCED_FACE('',(#3214),#3232,.F.);
#3214 = FACE_BOUND('',#3215,.F.);
#3215 = EDGE_LOOP('',(#3216,#3217,#3225,#3231));
#3216 = ORIENTED_EDGE('',*,*,#3200,.T.);
#3217 = ORIENTED_EDGE('',*,*,#3218,.T.);
#3218 = EDGE_CURVE('',#3193,#3219,#3221,.T.);
#3219 = VERTEX_POINT('',#3220);
#3220 = CARTESIAN_POINT('',(1.961818138905,-13.51029225243,81.));
#3221 = ( BOUNDED_CURVE() B_SPLINE_CURVE(2,(#3222,#3223,#3224),
.UNSPECIFIED.,.F.,.F.) B_SPLINE_CURVE_WITH_KNOTS((3,3),(0.,
1.570796326795),.PIECEWISE_BEZIER_KNOTS.) CURVE() 
GEOMETRIC_REPRESENTATION_ITEM() RATIONAL_B_SPLINE_CURVE((1.,
0.707106781187,1.)) REPRESENTATION_ITEM('') );
#3222 = CARTESIAN_POINT('',(1.761556802327,-13.81866766824,81.));
#3223 = CARTESIAN_POINT('',(2.015875178518,-13.76461062862,81.));
#3224 = CARTESIAN_POINT('',(1.961818138905,-13.51029225243,81.));
#3225 = ORIENTED_EDGE('',*,*,#3226,.F.);
#3226 = EDGE_CURVE('',#910,#3219,#3227,.T.);
#3227 = LINE('',#3228,#3229);
#3228 = CARTESIAN_POINT('',(1.961818138905,-13.51029225243,74.));
#3229 = VECTOR('',#3230,1.);
#3230 = DIRECTION('',(0.,0.,1.));
#3231 = ORIENTED_EDGE('',*,*,#919,.F.);
#3232 = SURFACE_OF_LINEAR_EXTRUSION('',#3233,#3237);
#3233 = ( BOUNDED_CURVE() B_SPLINE_CURVE(2,(#3234,#3235,#3236),
.UNSPECIFIED.,.F.,.F.) B_SPLINE_CURVE_WITH_KNOTS((3,3),(0.,
1.570796326795),.PIECEWISE_BEZIER_KNOTS.) CURVE() 
GEOMETRIC_REPRESENTATION_ITEM() RATIONAL_B_SPLINE_CURVE((1.,
0.707106781187,1.)) REPRESENTATION_ITEM('') );
#3234 = CARTESIAN_POINT('',(1.761556802327,-13.81866766824,74.));
#3235 = CARTESIAN_POINT('',(2.015875178518,-13.76461062862,74.));
#3236 = CARTESIAN_POINT('',(1.961818138905,-13.51029225243,74.));
#3237 = VECTOR('',#3238,1.);
#3238 = DIRECTION('',(-0.,-0.,-1.));
#3239 = ADVANCED_FACE('',(#3240),#3260,.F.);
#3240 = FACE_BOUND('',#3241,.F.);
#3241 = EDGE_LOOP('',(#3242,#3243,#3253,#3259));
#3242 = ORIENTED_EDGE('',*,*,#3226,.T.);
#3243 = ORIENTED_EDGE('',*,*,#3244,.T.);
#3244 = EDGE_CURVE('',#3219,#3245,#3247,.T.);
#3245 = VERTEX_POINT('',#3246);
#3246 = CARTESIAN_POINT('',(3.702920868211,-13.14020944278,81.));
#3247 = ( BOUNDED_CURVE() B_SPLINE_CURVE(2,(#3248,#3249,#3250,#3251,
#3252),.UNSPECIFIED.,.F.,.F.) B_SPLINE_CURVE_WITH_KNOTS((3,2,3),(0.,
1.570796326795,3.14159265359),.PIECEWISE_BEZIER_KNOTS.) CURVE() 
GEOMETRIC_REPRESENTATION_ITEM() RATIONAL_B_SPLINE_CURVE((1.,
0.707106781187,1.,0.707106781187,1.)) REPRESENTATION_ITEM('') );
#3248 = CARTESIAN_POINT('',(1.961818138905,-13.51029225243,81.));
#3249 = CARTESIAN_POINT('',(1.776776734077,-12.63974088778,81.));
#3250 = CARTESIAN_POINT('',(2.647328098731,-12.45469948295,81.));
#3251 = CARTESIAN_POINT('',(3.517879463384,-12.26965807812,81.));
#3252 = CARTESIAN_POINT('',(3.702920868211,-13.14020944278,81.));
#3253 = ORIENTED_EDGE('',*,*,#3254,.F.);
#3254 = EDGE_CURVE('',#902,#3245,#3255,.T.);
#3255 = LINE('',#3256,#3257);
#3256 = CARTESIAN_POINT('',(3.702920868211,-13.14020944278,74.));
#3257 = VECTOR('',#3258,1.);
#3258 = DIRECTION('',(0.,0.,1.));
#3259 = ORIENTED_EDGE('',*,*,#909,.F.);
#3260 = SURFACE_OF_LINEAR_EXTRUSION('',#3261,#3267);
#3261 = ( BOUNDED_CURVE() B_SPLINE_CURVE(2,(#3262,#3263,#3264,#3265,
#3266),.UNSPECIFIED.,.F.,.F.) B_SPLINE_CURVE_WITH_KNOTS((3,2,3),(0.,
1.570796326795,3.14159265359),.PIECEWISE_BEZIER_KNOTS.) CURVE() 
GEOMETRIC_REPRESENTATION_ITEM() RATIONAL_B_SPLINE_CURVE((1.,
0.707106781187,1.,0.707106781187,1.)) REPRESENTATION_ITEM('') );
#3262 = CARTESIAN_POINT('',(1.961818138905,-13.51029225243,74.));
#3263 = CARTESIAN_POINT('',(1.776776734077,-12.63974088778,74.));
#3264 = CARTESIAN_POINT('',(2.647328098731,-12.45469948295,74.));
#3265 = CARTESIAN_POINT('',(3.517879463384,-12.26965807812,74.));
#3266 = CARTESIAN_POINT('',(3.702920868211,-13.14020944278,74.));
#3267 = VECTOR('',#3268,1.);
#3268 = DIRECTION('',(-0.,-0.,-1.));
#3269 = ADVANCED_FACE('',(#3270),#3288,.F.);
#3270 = FACE_BOUND('',#3271,.F.);
#3271 = EDGE_LOOP('',(#3272,#3273,#3281,#3287));
#3272 = ORIENTED_EDGE('',*,*,#3254,.T.);
#3273 = ORIENTED_EDGE('',*,*,#3274,.T.);
#3274 = EDGE_CURVE('',#3245,#3275,#3277,.T.);
#3275 = VERTEX_POINT('',#3276);
#3276 = CARTESIAN_POINT('',(4.011296284015,-13.34047077936,81.));
#3277 = ( BOUNDED_CURVE() B_SPLINE_CURVE(2,(#3278,#3279,#3280),
.UNSPECIFIED.,.F.,.F.) B_SPLINE_CURVE_WITH_KNOTS((3,3),(0.,
1.570796326795),.PIECEWISE_BEZIER_KNOTS.) CURVE() 
GEOMETRIC_REPRESENTATION_ITEM() RATIONAL_B_SPLINE_CURVE((1.,
0.707106781187,1.)) REPRESENTATION_ITEM('') );
#3278 = CARTESIAN_POINT('',(3.702920868211,-13.14020944278,81.));
#3279 = CARTESIAN_POINT('',(3.756977907824,-13.39452781897,81.));
#3280 = CARTESIAN_POINT('',(4.011296284015,-13.34047077936,81.));
#3281 = ORIENTED_EDGE('',*,*,#3282,.F.);
#3282 = EDGE_CURVE('',#894,#3275,#3283,.T.);
#3283 = LINE('',#3284,#3285);
#3284 = CARTESIAN_POINT('',(4.011296284015,-13.34047077936,74.));
#3285 = VECTOR('',#3286,1.);
#3286 = DIRECTION('',(0.,0.,1.));
#3287 = ORIENTED_EDGE('',*,*,#901,.F.);
#3288 = SURFACE_OF_LINEAR_EXTRUSION('',#3289,#3293);
#3289 = ( BOUNDED_CURVE() B_SPLINE_CURVE(2,(#3290,#3291,#3292),
.UNSPECIFIED.,.F.,.F.) B_SPLINE_CURVE_WITH_KNOTS((3,3),(0.,
1.570796326795),.PIECEWISE_BEZIER_KNOTS.) CURVE() 
GEOMETRIC_REPRESENTATION_ITEM() RATIONAL_B_SPLINE_CURVE((1.,
0.707106781187,1.)) REPRESENTATION_ITEM('') );
#3290 = CARTESIAN_POINT('',(3.702920868211,-13.14020944278,74.));
#3291 = CARTESIAN_POINT('',(3.756977907824,-13.39452781897,74.));
#3292 = CARTESIAN_POINT('',(4.011296284015,-13.34047077936,74.));
#3293 = VECTOR('',#3294,1.);
#3294 = DIRECTION('',(-0.,-0.,-1.));
#3295 = ADVANCED_FACE('',(#3296),#3314,.F.);
#3296 = FACE_BOUND('',#3297,.F.);
#3297 = EDGE_LOOP('',(#3298,#3299,#3307,#3313));
#3298 = ORIENTED_EDGE('',*,*,#3282,.T.);
#3299 = ORIENTED_EDGE('',*,*,#3300,.T.);
#3300 = EDGE_CURVE('',#3275,#3301,#3303,.T.);
#3301 = VERTEX_POINT('',#3302);
#3302 = CARTESIAN_POINT('',(4.596125119505,-13.15044837178,81.));
#3303 = ( BOUNDED_CURVE() B_SPLINE_CURVE(2,(#3304,#3305,#3306),
.UNSPECIFIED.,.F.,.F.) B_SPLINE_CURVE_WITH_KNOTS((3,3),(0.,
4.414598448277E-02),.PIECEWISE_BEZIER_KNOTS.) CURVE() 
GEOMETRIC_REPRESENTATION_ITEM() RATIONAL_B_SPLINE_CURVE((1.,
0.999756401397,1.)) REPRESENTATION_ITEM('') );
#3304 = CARTESIAN_POINT('',(4.011296284015,-13.34047077936,81.));
#3305 = CARTESIAN_POINT('',(4.305808223985,-13.25191508519,81.));
#3306 = CARTESIAN_POINT('',(4.596125119505,-13.15044837178,81.));
#3307 = ORIENTED_EDGE('',*,*,#3308,.F.);
#3308 = EDGE_CURVE('',#886,#3301,#3309,.T.);
#3309 = LINE('',#3310,#3311);
#3310 = CARTESIAN_POINT('',(4.596125119505,-13.15044837178,74.));
#3311 = VECTOR('',#3312,1.);
#3312 = DIRECTION('',(0.,0.,1.));
#3313 = ORIENTED_EDGE('',*,*,#893,.F.);
#3314 = SURFACE_OF_LINEAR_EXTRUSION('',#3315,#3319);
#3315 = ( BOUNDED_CURVE() B_SPLINE_CURVE(2,(#3316,#3317,#3318),
.UNSPECIFIED.,.F.,.F.) B_SPLINE_CURVE_WITH_KNOTS((3,3),(0.,
4.414598448277E-02),.PIECEWISE_BEZIER_KNOTS.) CURVE() 
GEOMETRIC_REPRESENTATION_ITEM() RATIONAL_B_SPLINE_CURVE((1.,
0.999756401397,1.)) REPRESENTATION_ITEM('') );
#3316 = CARTESIAN_POINT('',(4.011296284015,-13.34047077936,74.));
#3317 = CARTESIAN_POINT('',(4.305808223985,-13.25191508519,74.));
#3318 = CARTESIAN_POINT('',(4.596125119505,-13.15044837178,74.));
#3319 = VECTOR('',#3320,1.);
#3320 = DIRECTION('',(-0.,-0.,-1.));
#3321 = ADVANCED_FACE('',(#3322),#3340,.F.);
#3322 = FACE_BOUND('',#3323,.F.);
#3323 = EDGE_LOOP('',(#3324,#3325,#3333,#3339));
#3324 = ORIENTED_EDGE('',*,*,#3308,.T.);
#3325 = ORIENTED_EDGE('',*,*,#3326,.T.);
#3326 = EDGE_CURVE('',#3301,#3327,#3329,.T.);
#3327 = VERTEX_POINT('',#3328);
#3328 = CARTESIAN_POINT('',(4.727895411293,-12.80717502559,81.));
#3329 = ( BOUNDED_CURVE() B_SPLINE_CURVE(2,(#3330,#3331,#3332),
.UNSPECIFIED.,.F.,.F.) B_SPLINE_CURVE_WITH_KNOTS((3,3),(0.,
1.570796326795),.PIECEWISE_BEZIER_KNOTS.) CURVE() 
GEOMETRIC_REPRESENTATION_ITEM() RATIONAL_B_SPLINE_CURVE((1.,
0.707106781187,1.)) REPRESENTATION_ITEM('') );
#3330 = CARTESIAN_POINT('',(4.596125119505,-13.15044837178,81.));
#3331 = CARTESIAN_POINT('',(4.833646938492,-13.04469684458,81.));
#3332 = CARTESIAN_POINT('',(4.727895411293,-12.80717502559,81.));
#3333 = ORIENTED_EDGE('',*,*,#3334,.F.);
#3334 = EDGE_CURVE('',#876,#3327,#3335,.T.);
#3335 = LINE('',#3336,#3337);
#3336 = CARTESIAN_POINT('',(4.727895411293,-12.80717502559,74.));
#3337 = VECTOR('',#3338,1.);
#3338 = DIRECTION('',(0.,0.,1.));
#3339 = ORIENTED_EDGE('',*,*,#885,.F.);
#3340 = SURFACE_OF_LINEAR_EXTRUSION('',#3341,#3345);
#3341 = ( BOUNDED_CURVE() B_SPLINE_CURVE(2,(#3342,#3343,#3344),
.UNSPECIFIED.,.F.,.F.) B_SPLINE_CURVE_WITH_KNOTS((3,3),(0.,
1.570796326795),.PIECEWISE_BEZIER_KNOTS.) CURVE() 
GEOMETRIC_REPRESENTATION_ITEM() RATIONAL_B_SPLINE_CURVE((1.,
0.707106781187,1.)) REPRESENTATION_ITEM('') );
#3342 = CARTESIAN_POINT('',(4.596125119505,-13.15044837178,74.));
#3343 = CARTESIAN_POINT('',(4.833646938492,-13.04469684458,74.));
#3344 = CARTESIAN_POINT('',(4.727895411293,-12.80717502559,74.));
#3345 = VECTOR('',#3346,1.);
#3346 = DIRECTION('',(-0.,-0.,-1.));
#3347 = ADVANCED_FACE('',(#3348),#3368,.F.);
#3348 = FACE_BOUND('',#3349,.F.);
#3349 = EDGE_LOOP('',(#3350,#3351,#3361,#3367));
#3350 = ORIENTED_EDGE('',*,*,#3334,.T.);
#3351 = ORIENTED_EDGE('',*,*,#3352,.T.);
#3352 = EDGE_CURVE('',#3327,#3353,#3355,.T.);
#3353 = VERTEX_POINT('',#3354);
#3354 = CARTESIAN_POINT('',(6.354006325896,-12.08318380092,81.));
#3355 = ( BOUNDED_CURVE() B_SPLINE_CURVE(2,(#3356,#3357,#3358,#3359,
#3360),.UNSPECIFIED.,.F.,.F.) B_SPLINE_CURVE_WITH_KNOTS((3,2,3),(0.,
1.570796326795,3.14159265359),.PIECEWISE_BEZIER_KNOTS.) CURVE() 
GEOMETRIC_REPRESENTATION_ITEM() RATIONAL_B_SPLINE_CURVE((1.,
0.707106781187,1.,0.707106781187,1.)) REPRESENTATION_ITEM('') );
#3356 = CARTESIAN_POINT('',(4.727895411293,-12.80717502559,81.));
#3357 = CARTESIAN_POINT('',(4.365899798955,-11.99411956829,81.));
#3358 = CARTESIAN_POINT('',(5.178955256257,-11.63212395595,81.));
#3359 = CARTESIAN_POINT('',(5.992010713559,-11.27012834362,81.));
#3360 = CARTESIAN_POINT('',(6.354006325896,-12.08318380092,81.));
#3361 = ORIENTED_EDGE('',*,*,#3362,.F.);
#3362 = EDGE_CURVE('',#868,#3353,#3363,.T.);
#3363 = LINE('',#3364,#3365);
#3364 = CARTESIAN_POINT('',(6.354006325896,-12.08318380092,74.));
#3365 = VECTOR('',#3366,1.);
#3366 = DIRECTION('',(0.,0.,1.));
#3367 = ORIENTED_EDGE('',*,*,#875,.F.);
#3368 = SURFACE_OF_LINEAR_EXTRUSION('',#3369,#3375);
#3369 = ( BOUNDED_CURVE() B_SPLINE_CURVE(2,(#3370,#3371,#3372,#3373,
#3374),.UNSPECIFIED.,.F.,.F.) B_SPLINE_CURVE_WITH_KNOTS((3,2,3),(0.,
1.570796326795,3.14159265359),.PIECEWISE_BEZIER_KNOTS.) CURVE() 
GEOMETRIC_REPRESENTATION_ITEM() RATIONAL_B_SPLINE_CURVE((1.,
0.707106781187,1.,0.707106781187,1.)) REPRESENTATION_ITEM('') );
#3370 = CARTESIAN_POINT('',(4.727895411293,-12.80717502559,74.));
#3371 = CARTESIAN_POINT('',(4.365899798955,-11.99411956829,74.));
#3372 = CARTESIAN_POINT('',(5.178955256257,-11.63212395595,74.));
#3373 = CARTESIAN_POINT('',(5.992010713559,-11.27012834362,74.));
#3374 = CARTESIAN_POINT('',(6.354006325896,-12.08318380092,74.));
#3375 = VECTOR('',#3376,1.);
#3376 = DIRECTION('',(-0.,-0.,-1.));
#3377 = ADVANCED_FACE('',(#3378),#3396,.F.);
#3378 = FACE_BOUND('',#3379,.F.);
#3379 = EDGE_LOOP('',(#3380,#3381,#3389,#3395));
#3380 = ORIENTED_EDGE('',*,*,#3362,.T.);
#3381 = ORIENTED_EDGE('',*,*,#3382,.T.);
#3382 = EDGE_CURVE('',#3353,#3383,#3385,.T.);
#3383 = VERTEX_POINT('',#3384);
#3384 = CARTESIAN_POINT('',(6.697279672083,-12.21495409271,81.));
#3385 = ( BOUNDED_CURVE() B_SPLINE_CURVE(2,(#3386,#3387,#3388),
.UNSPECIFIED.,.F.,.F.) B_SPLINE_CURVE_WITH_KNOTS((3,3),(0.,
1.570796326795),.PIECEWISE_BEZIER_KNOTS.) CURVE() 
GEOMETRIC_REPRESENTATION_ITEM() RATIONAL_B_SPLINE_CURVE((1.,
0.707106781187,1.)) REPRESENTATION_ITEM('') );
#3386 = CARTESIAN_POINT('',(6.354006325896,-12.08318380092,81.));
#3387 = CARTESIAN_POINT('',(6.459757853096,-12.3207056199,81.));
#3388 = CARTESIAN_POINT('',(6.697279672083,-12.21495409271,81.));
#3389 = ORIENTED_EDGE('',*,*,#3390,.F.);
#3390 = EDGE_CURVE('',#860,#3383,#3391,.T.);
#3391 = LINE('',#3392,#3393);
#3392 = CARTESIAN_POINT('',(6.697279672083,-12.21495409271,74.));
#3393 = VECTOR('',#3394,1.);
#3394 = DIRECTION('',(0.,0.,1.));
#3395 = ORIENTED_EDGE('',*,*,#867,.F.);
#3396 = SURFACE_OF_LINEAR_EXTRUSION('',#3397,#3401);
#3397 = ( BOUNDED_CURVE() B_SPLINE_CURVE(2,(#3398,#3399,#3400),
.UNSPECIFIED.,.F.,.F.) B_SPLINE_CURVE_WITH_KNOTS((3,3),(0.,
1.570796326795),.PIECEWISE_BEZIER_KNOTS.) CURVE() 
GEOMETRIC_REPRESENTATION_ITEM() RATIONAL_B_SPLINE_CURVE((1.,
0.707106781187,1.)) REPRESENTATION_ITEM('') );
#3398 = CARTESIAN_POINT('',(6.354006325896,-12.08318380092,74.));
#3399 = CARTESIAN_POINT('',(6.459757853096,-12.3207056199,74.));
#3400 = CARTESIAN_POINT('',(6.697279672083,-12.21495409271,74.));
#3401 = VECTOR('',#3402,1.);
#3402 = DIRECTION('',(-0.,-0.,-1.));
#3403 = ADVANCED_FACE('',(#3404),#3422,.F.);
#3404 = FACE_BOUND('',#3405,.F.);
#3405 = EDGE_LOOP('',(#3406,#3407,#3415,#3421));
#3406 = ORIENTED_EDGE('',*,*,#3390,.T.);
#3407 = ORIENTED_EDGE('',*,*,#3408,.T.);
#3408 = EDGE_CURVE('',#3383,#3409,#3411,.T.);
#3409 = VERTEX_POINT('',#3410);
#3410 = CARTESIAN_POINT('',(7.229820714306,-11.90749137862,81.));
#3411 = ( BOUNDED_CURVE() B_SPLINE_CURVE(2,(#3412,#3413,#3414),
.UNSPECIFIED.,.F.,.F.) B_SPLINE_CURVE_WITH_KNOTS((3,3),(0.,
4.414598448277E-02),.PIECEWISE_BEZIER_KNOTS.) CURVE() 
GEOMETRIC_REPRESENTATION_ITEM() RATIONAL_B_SPLINE_CURVE((1.,
0.999756401397,1.)) REPRESENTATION_ITEM('') );
#3412 = CARTESIAN_POINT('',(6.697279672083,-12.21495409271,81.));
#3413 = CARTESIAN_POINT('',(6.966944055446,-12.06710107752,81.));
#3414 = CARTESIAN_POINT('',(7.229820714306,-11.90749137862,81.));
#3415 = ORIENTED_EDGE('',*,*,#3416,.F.);
#3416 = EDGE_CURVE('',#852,#3409,#3417,.T.);
#3417 = LINE('',#3418,#3419);
#3418 = CARTESIAN_POINT('',(7.229820714306,-11.90749137862,74.));
#3419 = VECTOR('',#3420,1.);
#3420 = DIRECTION('',(0.,0.,1.));
#3421 = ORIENTED_EDGE('',*,*,#859,.F.);
#3422 = SURFACE_OF_LINEAR_EXTRUSION('',#3423,#3427);
#3423 = ( BOUNDED_CURVE() B_SPLINE_CURVE(2,(#3424,#3425,#3426),
.UNSPECIFIED.,.F.,.F.) B_SPLINE_CURVE_WITH_KNOTS((3,3),(0.,
4.414598448277E-02),.PIECEWISE_BEZIER_KNOTS.) CURVE() 
GEOMETRIC_REPRESENTATION_ITEM() RATIONAL_B_SPLINE_CURVE((1.,
0.999756401397,1.)) REPRESENTATION_ITEM('') );
#3424 = CARTESIAN_POINT('',(6.697279672083,-12.21495409271,74.));
#3425 = CARTESIAN_POINT('',(6.966944055446,-12.06710107752,74.));
#3426 = CARTESIAN_POINT('',(7.229820714306,-11.90749137862,74.));
#3427 = VECTOR('',#3428,1.);
#3428 = DIRECTION('',(-0.,-0.,-1.));
#3429 = ADVANCED_FACE('',(#3430),#3448,.F.);
#3430 = FACE_BOUND('',#3431,.F.);
#3431 = EDGE_LOOP('',(#3432,#3433,#3441,#3447));
#3432 = ORIENTED_EDGE('',*,*,#3416,.T.);
#3433 = ORIENTED_EDGE('',*,*,#3434,.T.);
#3434 = EDGE_CURVE('',#3409,#3435,#3437,.T.);
#3435 = VERTEX_POINT('',#3436);
#3436 = CARTESIAN_POINT('',(7.287340967247,-11.54432279449,81.));
#3437 = ( BOUNDED_CURVE() B_SPLINE_CURVE(2,(#3438,#3439,#3440),
.UNSPECIFIED.,.F.,.F.) B_SPLINE_CURVE_WITH_KNOTS((3,3),(0.,
1.570796326795),.PIECEWISE_BEZIER_KNOTS.) CURVE() 
GEOMETRIC_REPRESENTATION_ITEM() RATIONAL_B_SPLINE_CURVE((1.,
0.707106781187,1.)) REPRESENTATION_ITEM('') );
#3438 = CARTESIAN_POINT('',(7.229820714306,-11.90749137862,81.));
#3439 = CARTESIAN_POINT('',(7.440165132843,-11.75466721303,81.));
#3440 = CARTESIAN_POINT('',(7.287340967247,-11.54432279449,81.));
#3441 = ORIENTED_EDGE('',*,*,#3442,.F.);
#3442 = EDGE_CURVE('',#842,#3435,#3443,.T.);
#3443 = LINE('',#3444,#3445);
#3444 = CARTESIAN_POINT('',(7.287340967247,-11.54432279449,74.));
#3445 = VECTOR('',#3446,1.);
#3446 = DIRECTION('',(0.,0.,1.));
#3447 = ORIENTED_EDGE('',*,*,#851,.F.);
#3448 = SURFACE_OF_LINEAR_EXTRUSION('',#3449,#3453);
#3449 = ( BOUNDED_CURVE() B_SPLINE_CURVE(2,(#3450,#3451,#3452),
.UNSPECIFIED.,.F.,.F.) B_SPLINE_CURVE_WITH_KNOTS((3,3),(0.,
1.570796326795),.PIECEWISE_BEZIER_KNOTS.) CURVE() 
GEOMETRIC_REPRESENTATION_ITEM() RATIONAL_B_SPLINE_CURVE((1.,
0.707106781187,1.)) REPRESENTATION_ITEM('') );
#3450 = CARTESIAN_POINT('',(7.229820714306,-11.90749137862,74.));
#3451 = CARTESIAN_POINT('',(7.440165132843,-11.75466721303,74.));
#3452 = CARTESIAN_POINT('',(7.287340967247,-11.54432279449,74.));
#3453 = VECTOR('',#3454,1.);
#3454 = DIRECTION('',(-0.,-0.,-1.));
#3455 = ADVANCED_FACE('',(#3456),#3476,.F.);
#3456 = FACE_BOUND('',#3457,.F.);
#3457 = EDGE_LOOP('',(#3458,#3459,#3469,#3475));
#3458 = ORIENTED_EDGE('',*,*,#3442,.T.);
#3459 = ORIENTED_EDGE('',*,*,#3460,.T.);
#3460 = EDGE_CURVE('',#3435,#3461,#3463,.T.);
#3461 = VERTEX_POINT('',#3462);
#3462 = CARTESIAN_POINT('',(8.727391217234,-10.49806504541,81.));
#3463 = ( BOUNDED_CURVE() B_SPLINE_CURVE(2,(#3464,#3465,#3466,#3467,
#3468),.UNSPECIFIED.,.F.,.F.) B_SPLINE_CURVE_WITH_KNOTS((3,2,3),(0.,
1.570796326795,3.14159265359),.PIECEWISE_BEZIER_KNOTS.) CURVE() 
GEOMETRIC_REPRESENTATION_ITEM() RATIONAL_B_SPLINE_CURVE((1.,
0.707106781187,1.,0.707106781187,1.)) REPRESENTATION_ITEM('') );
#3464 = CARTESIAN_POINT('',(7.287340967247,-11.54432279449,81.));
#3465 = CARTESIAN_POINT('',(6.764212092707,-10.8242976695,81.));
#3466 = CARTESIAN_POINT('',(7.4842372177,-10.30116879496,81.));
#3467 = CARTESIAN_POINT('',(8.204262342694,-9.77803992042,81.));
#3468 = CARTESIAN_POINT('',(8.727391217234,-10.49806504541,81.));
#3469 = ORIENTED_EDGE('',*,*,#3470,.F.);
#3470 = EDGE_CURVE('',#834,#3461,#3471,.T.);
#3471 = LINE('',#3472,#3473);
#3472 = CARTESIAN_POINT('',(8.727391217234,-10.49806504541,74.));
#3473 = VECTOR('',#3474,1.);
#3474 = DIRECTION('',(0.,0.,1.));
#3475 = ORIENTED_EDGE('',*,*,#841,.F.);
#3476 = SURFACE_OF_LINEAR_EXTRUSION('',#3477,#3483);
#3477 = ( BOUNDED_CURVE() B_SPLINE_CURVE(2,(#3478,#3479,#3480,#3481,
#3482),.UNSPECIFIED.,.F.,.F.) B_SPLINE_CURVE_WITH_KNOTS((3,2,3),(0.,
1.570796326795,3.14159265359),.PIECEWISE_BEZIER_KNOTS.) CURVE() 
GEOMETRIC_REPRESENTATION_ITEM() RATIONAL_B_SPLINE_CURVE((1.,
0.707106781187,1.,0.707106781187,1.)) REPRESENTATION_ITEM('') );
#3478 = CARTESIAN_POINT('',(7.287340967247,-11.54432279449,74.));
#3479 = CARTESIAN_POINT('',(6.764212092707,-10.8242976695,74.));
#3480 = CARTESIAN_POINT('',(7.4842372177,-10.30116879496,74.));
#3481 = CARTESIAN_POINT('',(8.204262342694,-9.77803992042,74.));
#3482 = CARTESIAN_POINT('',(8.727391217234,-10.49806504541,74.));
#3483 = VECTOR('',#3484,1.);
#3484 = DIRECTION('',(-0.,-0.,-1.));
#3485 = ADVANCED_FACE('',(#3486),#3504,.F.);
#3486 = FACE_BOUND('',#3487,.F.);
#3487 = EDGE_LOOP('',(#3488,#3489,#3497,#3503));
#3488 = ORIENTED_EDGE('',*,*,#3470,.T.);
#3489 = ORIENTED_EDGE('',*,*,#3490,.T.);
#3490 = EDGE_CURVE('',#3461,#3491,#3493,.T.);
#3491 = VERTEX_POINT('',#3492);
#3492 = CARTESIAN_POINT('',(9.090559801368,-10.55558529835,81.));
#3493 = ( BOUNDED_CURVE() B_SPLINE_CURVE(2,(#3494,#3495,#3496),
.UNSPECIFIED.,.F.,.F.) B_SPLINE_CURVE_WITH_KNOTS((3,3),(0.,
1.570796326795),.PIECEWISE_BEZIER_KNOTS.) CURVE() 
GEOMETRIC_REPRESENTATION_ITEM() RATIONAL_B_SPLINE_CURVE((1.,
0.707106781187,1.)) REPRESENTATION_ITEM('') );
#3494 = CARTESIAN_POINT('',(8.727391217234,-10.49806504541,81.));
#3495 = CARTESIAN_POINT('',(8.88021538283,-10.70840946395,81.));
#3496 = CARTESIAN_POINT('',(9.090559801368,-10.55558529835,81.));
#3497 = ORIENTED_EDGE('',*,*,#3498,.F.);
#3498 = EDGE_CURVE('',#826,#3491,#3499,.T.);
#3499 = LINE('',#3500,#3501);
#3500 = CARTESIAN_POINT('',(9.090559801368,-10.55558529835,74.));
#3501 = VECTOR('',#3502,1.);
#3502 = DIRECTION('',(0.,0.,1.));
#3503 = ORIENTED_EDGE('',*,*,#833,.F.);
#3504 = SURFACE_OF_LINEAR_EXTRUSION('',#3505,#3509);
#3505 = ( BOUNDED_CURVE() B_SPLINE_CURVE(2,(#3506,#3507,#3508),
.UNSPECIFIED.,.F.,.F.) B_SPLINE_CURVE_WITH_KNOTS((3,3),(0.,
1.570796326795),.PIECEWISE_BEZIER_KNOTS.) CURVE() 
GEOMETRIC_REPRESENTATION_ITEM() RATIONAL_B_SPLINE_CURVE((1.,
0.707106781187,1.)) REPRESENTATION_ITEM('') );
#3506 = CARTESIAN_POINT('',(8.727391217234,-10.49806504541,74.));
#3507 = CARTESIAN_POINT('',(8.88021538283,-10.70840946395,74.));
#3508 = CARTESIAN_POINT('',(9.090559801368,-10.55558529835,74.));
#3509 = VECTOR('',#3510,1.);
#3510 = DIRECTION('',(-0.,-0.,-1.));
#3511 = ADVANCED_FACE('',(#3512),#3530,.F.);
#3512 = FACE_BOUND('',#3513,.F.);
#3513 = EDGE_LOOP('',(#3514,#3515,#3523,#3529));
#3514 = ORIENTED_EDGE('',*,*,#3498,.T.);
#3515 = ORIENTED_EDGE('',*,*,#3516,.T.);
#3516 = EDGE_CURVE('',#3491,#3517,#3519,.T.);
#3517 = VERTEX_POINT('',#3518);
#3518 = CARTESIAN_POINT('',(9.547538451362,-10.14411987374,81.));
#3519 = ( BOUNDED_CURVE() B_SPLINE_CURVE(2,(#3520,#3521,#3522),
.UNSPECIFIED.,.F.,.F.) B_SPLINE_CURVE_WITH_KNOTS((3,3),(0.,
4.414598448277E-02),.PIECEWISE_BEZIER_KNOTS.) CURVE() 
GEOMETRIC_REPRESENTATION_ITEM() RATIONAL_B_SPLINE_CURVE((1.,
0.999756401397,1.)) REPRESENTATION_ITEM('') );
#3520 = CARTESIAN_POINT('',(9.090559801368,-10.55558529835,81.));
#3521 = CARTESIAN_POINT('',(9.323591000578,-10.35489684839,81.));
#3522 = CARTESIAN_POINT('',(9.547538451362,-10.14411987374,81.));
#3523 = ORIENTED_EDGE('',*,*,#3524,.F.);
#3524 = EDGE_CURVE('',#818,#3517,#3525,.T.);
#3525 = LINE('',#3526,#3527);
#3526 = CARTESIAN_POINT('',(9.547538451362,-10.14411987374,74.));
#3527 = VECTOR('',#3528,1.);
#3528 = DIRECTION('',(0.,0.,1.));
#3529 = ORIENTED_EDGE('',*,*,#825,.F.);
#3530 = SURFACE_OF_LINEAR_EXTRUSION('',#3531,#3535);
#3531 = ( BOUNDED_CURVE() B_SPLINE_CURVE(2,(#3532,#3533,#3534),
.UNSPECIFIED.,.F.,.F.) B_SPLINE_CURVE_WITH_KNOTS((3,3),(0.,
4.414598448277E-02),.PIECEWISE_BEZIER_KNOTS.) CURVE() 
GEOMETRIC_REPRESENTATION_ITEM() RATIONAL_B_SPLINE_CURVE((1.,
0.999756401397,1.)) REPRESENTATION_ITEM('') );
#3532 = CARTESIAN_POINT('',(9.090559801368,-10.55558529835,74.));
#3533 = CARTESIAN_POINT('',(9.323591000578,-10.35489684839,74.));
#3534 = CARTESIAN_POINT('',(9.547538451362,-10.14411987374,74.));
#3535 = VECTOR('',#3536,1.);
#3536 = DIRECTION('',(-0.,-0.,-1.));
#3537 = ADVANCED_FACE('',(#3538),#3556,.F.);
#3538 = FACE_BOUND('',#3539,.F.);
#3539 = EDGE_LOOP('',(#3540,#3541,#3549,#3555));
#3540 = ORIENTED_EDGE('',*,*,#3524,.T.);
#3541 = ORIENTED_EDGE('',*,*,#3542,.T.);
#3542 = EDGE_CURVE('',#3517,#3543,#3545,.T.);
#3543 = VERTEX_POINT('',#3544);
#3544 = CARTESIAN_POINT('',(9.528294754391,-9.776928261465,81.));
#3545 = ( BOUNDED_CURVE() B_SPLINE_CURVE(2,(#3546,#3547,#3548),
.UNSPECIFIED.,.F.,.F.) B_SPLINE_CURVE_WITH_KNOTS((3,3),(0.,
1.570796326795),.PIECEWISE_BEZIER_KNOTS.) CURVE() 
GEOMETRIC_REPRESENTATION_ITEM() RATIONAL_B_SPLINE_CURVE((1.,
0.707106781187,1.)) REPRESENTATION_ITEM('') );
#3546 = CARTESIAN_POINT('',(9.547538451362,-10.14411987374,81.));
#3547 = CARTESIAN_POINT('',(9.721512409015,-9.950902219119,81.));
#3548 = CARTESIAN_POINT('',(9.528294754391,-9.776928261465,81.));
#3549 = ORIENTED_EDGE('',*,*,#3550,.F.);
#3550 = EDGE_CURVE('',#808,#3543,#3551,.T.);
#3551 = LINE('',#3552,#3553);
#3552 = CARTESIAN_POINT('',(9.528294754391,-9.776928261465,74.));
#3553 = VECTOR('',#3554,1.);
#3554 = DIRECTION('',(0.,0.,1.));
#3555 = ORIENTED_EDGE('',*,*,#817,.F.);
#3556 = SURFACE_OF_LINEAR_EXTRUSION('',#3557,#3561);
#3557 = ( BOUNDED_CURVE() B_SPLINE_CURVE(2,(#3558,#3559,#3560),
.UNSPECIFIED.,.F.,.F.) B_SPLINE_CURVE_WITH_KNOTS((3,3),(0.,
1.570796326795),.PIECEWISE_BEZIER_KNOTS.) CURVE() 
GEOMETRIC_REPRESENTATION_ITEM() RATIONAL_B_SPLINE_CURVE((1.,
0.707106781187,1.)) REPRESENTATION_ITEM('') );
#3558 = CARTESIAN_POINT('',(9.547538451362,-10.14411987374,74.));
#3559 = CARTESIAN_POINT('',(9.721512409015,-9.950902219119,74.));
#3560 = CARTESIAN_POINT('',(9.528294754391,-9.776928261465,74.));
#3561 = VECTOR('',#3562,1.);
#3562 = DIRECTION('',(-0.,-0.,-1.));
#3563 = ADVANCED_FACE('',(#3564),#3584,.F.);
#3564 = FACE_BOUND('',#3565,.F.);
#3565 = EDGE_LOOP('',(#3566,#3567,#3577,#3583));
#3566 = ORIENTED_EDGE('',*,*,#3550,.T.);
#3567 = ORIENTED_EDGE('',*,*,#3568,.T.);
#3568 = EDGE_CURVE('',#3543,#3569,#3571,.T.);
#3569 = VERTEX_POINT('',#3570);
#3570 = CARTESIAN_POINT('',(10.71934723371,-8.454130472116,81.));
#3571 = ( BOUNDED_CURVE() B_SPLINE_CURVE(2,(#3572,#3573,#3574,#3575,
#3576),.UNSPECIFIED.,.F.,.F.) B_SPLINE_CURVE_WITH_KNOTS((3,2,3),(0.,
1.570796326795,3.14159265359),.PIECEWISE_BEZIER_KNOTS.) CURVE() 
GEOMETRIC_REPRESENTATION_ITEM() RATIONAL_B_SPLINE_CURVE((1.,
0.707106781187,1.,0.707106781187,1.)) REPRESENTATION_ITEM('') );
#3572 = CARTESIAN_POINT('',(9.528294754391,-9.776928261465,81.));
#3573 = CARTESIAN_POINT('',(8.866895859716,-9.181402021806,81.));
#3574 = CARTESIAN_POINT('',(9.462422099376,-8.520003127131,81.));
#3575 = CARTESIAN_POINT('',(10.057948339035,-7.858604232456,81.));
#3576 = CARTESIAN_POINT('',(10.71934723371,-8.454130472116,81.));
#3577 = ORIENTED_EDGE('',*,*,#3578,.F.);
#3578 = EDGE_CURVE('',#800,#3569,#3579,.T.);
#3579 = LINE('',#3580,#3581);
#3580 = CARTESIAN_POINT('',(10.71934723371,-8.454130472116,74.));
#3581 = VECTOR('',#3582,1.);
#3582 = DIRECTION('',(0.,0.,1.));
#3583 = ORIENTED_EDGE('',*,*,#807,.F.);
#3584 = SURFACE_OF_LINEAR_EXTRUSION('',#3585,#3591);
#3585 = ( BOUNDED_CURVE() B_SPLINE_CURVE(2,(#3586,#3587,#3588,#3589,
#3590),.UNSPECIFIED.,.F.,.F.) B_SPLINE_CURVE_WITH_KNOTS((3,2,3),(0.,
1.570796326795,3.14159265359),.PIECEWISE_BEZIER_KNOTS.) CURVE() 
GEOMETRIC_REPRESENTATION_ITEM() RATIONAL_B_SPLINE_CURVE((1.,
0.707106781187,1.,0.707106781187,1.)) REPRESENTATION_ITEM('') );
#3586 = CARTESIAN_POINT('',(9.528294754391,-9.776928261465,74.));
#3587 = CARTESIAN_POINT('',(8.866895859716,-9.181402021806,74.));
#3588 = CARTESIAN_POINT('',(9.462422099376,-8.520003127131,74.));
#3589 = CARTESIAN_POINT('',(10.057948339035,-7.858604232456,74.));
#3590 = CARTESIAN_POINT('',(10.71934723371,-8.454130472116,74.));
#3591 = VECTOR('',#3592,1.);
#3592 = DIRECTION('',(-0.,-0.,-1.));
#3593 = ADVANCED_FACE('',(#3594),#3612,.F.);
#3594 = FACE_BOUND('',#3595,.F.);
#3595 = EDGE_LOOP('',(#3596,#3597,#3605,#3611));
#3596 = ORIENTED_EDGE('',*,*,#3578,.T.);
#3597 = ORIENTED_EDGE('',*,*,#3598,.T.);
#3598 = EDGE_CURVE('',#3569,#3599,#3601,.T.);
#3599 = VERTEX_POINT('',#3600);
#3600 = CARTESIAN_POINT('',(11.086538845987,-8.434886775145,81.));
#3601 = ( BOUNDED_CURVE() B_SPLINE_CURVE(2,(#3602,#3603,#3604),
.UNSPECIFIED.,.F.,.F.) B_SPLINE_CURVE_WITH_KNOTS((3,3),(0.,
1.570796326795),.PIECEWISE_BEZIER_KNOTS.) CURVE() 
GEOMETRIC_REPRESENTATION_ITEM() RATIONAL_B_SPLINE_CURVE((1.,
0.707106781187,1.)) REPRESENTATION_ITEM('') );
#3602 = CARTESIAN_POINT('',(10.71934723371,-8.454130472116,81.));
#3603 = CARTESIAN_POINT('',(10.912564888334,-8.628104429769,81.));
#3604 = CARTESIAN_POINT('',(11.086538845987,-8.434886775145,81.));
#3605 = ORIENTED_EDGE('',*,*,#3606,.F.);
#3606 = EDGE_CURVE('',#792,#3599,#3607,.T.);
#3607 = LINE('',#3608,#3609);
#3608 = CARTESIAN_POINT('',(11.086538845987,-8.434886775145,74.));
#3609 = VECTOR('',#3610,1.);
#3610 = DIRECTION('',(0.,0.,1.));
#3611 = ORIENTED_EDGE('',*,*,#799,.F.);
#3612 = SURFACE_OF_LINEAR_EXTRUSION('',#3613,#3617);
#3613 = ( BOUNDED_CURVE() B_SPLINE_CURVE(2,(#3614,#3615,#3616),
.UNSPECIFIED.,.F.,.F.) B_SPLINE_CURVE_WITH_KNOTS((3,3),(0.,
1.570796326795),.PIECEWISE_BEZIER_KNOTS.) CURVE() 
GEOMETRIC_REPRESENTATION_ITEM() RATIONAL_B_SPLINE_CURVE((1.,
0.707106781187,1.)) REPRESENTATION_ITEM('') );
#3614 = CARTESIAN_POINT('',(10.71934723371,-8.454130472116,74.));
#3615 = CARTESIAN_POINT('',(10.912564888334,-8.628104429769,74.));
#3616 = CARTESIAN_POINT('',(11.086538845987,-8.434886775145,74.));
#3617 = VECTOR('',#3618,1.);
#3618 = DIRECTION('',(-0.,-0.,-1.));
#3619 = ADVANCED_FACE('',(#3620),#3638,.F.);
#3620 = FACE_BOUND('',#3621,.F.);
#3621 = EDGE_LOOP('',(#3622,#3623,#3631,#3637));
#3622 = ORIENTED_EDGE('',*,*,#3606,.T.);
#3623 = ORIENTED_EDGE('',*,*,#3624,.T.);
#3624 = EDGE_CURVE('',#3599,#3625,#3627,.T.);
#3625 = VERTEX_POINT('',#3626);
#3626 = CARTESIAN_POINT('',(11.447982943921,-7.937401653487,81.));
#3627 = ( BOUNDED_CURVE() B_SPLINE_CURVE(2,(#3628,#3629,#3630),
.UNSPECIFIED.,.F.,.F.) B_SPLINE_CURVE_WITH_KNOTS((3,3),(0.,
4.414598448277E-02),.PIECEWISE_BEZIER_KNOTS.) CURVE() 
GEOMETRIC_REPRESENTATION_ITEM() RATIONAL_B_SPLINE_CURVE((1.,
0.999756401397,1.)) REPRESENTATION_ITEM('') );
#3628 = CARTESIAN_POINT('',(11.086538845987,-8.434886775145,81.));
#3629 = CARTESIAN_POINT('',(11.272752279431,-8.190133938676,81.));
#3630 = CARTESIAN_POINT('',(11.447982943921,-7.937401653487,81.));
#3631 = ORIENTED_EDGE('',*,*,#3632,.F.);
#3632 = EDGE_CURVE('',#784,#3625,#3633,.T.);
#3633 = LINE('',#3634,#3635);
#3634 = CARTESIAN_POINT('',(11.447982943921,-7.937401653487,74.));
#3635 = VECTOR('',#3636,1.);
#3636 = DIRECTION('',(0.,0.,1.));
#3637 = ORIENTED_EDGE('',*,*,#791,.F.);
#3638 = SURFACE_OF_LINEAR_EXTRUSION('',#3639,#3643);
#3639 = ( BOUNDED_CURVE() B_SPLINE_CURVE(2,(#3640,#3641,#3642),
.UNSPECIFIED.,.F.,.F.) B_SPLINE_CURVE_WITH_KNOTS((3,3),(0.,
4.414598448277E-02),.PIECEWISE_BEZIER_KNOTS.) CURVE() 
GEOMETRIC_REPRESENTATION_ITEM() RATIONAL_B_SPLINE_CURVE((1.,
0.999756401397,1.)) REPRESENTATION_ITEM('') );
#3640 = CARTESIAN_POINT('',(11.086538845987,-8.434886775145,74.));
#3641 = CARTESIAN_POINT('',(11.272752279431,-8.190133938676,74.));
#3642 = CARTESIAN_POINT('',(11.447982943921,-7.937401653487,74.));
#3643 = VECTOR('',#3644,1.);
#3644 = DIRECTION('',(-0.,-0.,-1.));
#3645 = ADVANCED_FACE('',(#3646),#3664,.F.);
#3646 = FACE_BOUND('',#3647,.F.);
#3647 = EDGE_LOOP('',(#3648,#3649,#3657,#3663));
#3648 = ORIENTED_EDGE('',*,*,#3632,.T.);
#3649 = ORIENTED_EDGE('',*,*,#3650,.T.);
#3650 = EDGE_CURVE('',#3625,#3651,#3653,.T.);
#3651 = VERTEX_POINT('',#3652);
#3652 = CARTESIAN_POINT('',(11.352816338937,-7.582235048503,81.));
#3653 = ( BOUNDED_CURVE() B_SPLINE_CURVE(2,(#3654,#3655,#3656),
.UNSPECIFIED.,.F.,.F.) B_SPLINE_CURVE_WITH_KNOTS((3,3),(0.,
1.570796326795),.PIECEWISE_BEZIER_KNOTS.) CURVE() 
GEOMETRIC_REPRESENTATION_ITEM() RATIONAL_B_SPLINE_CURVE((1.,
0.707106781187,1.)) REPRESENTATION_ITEM('') );
#3654 = CARTESIAN_POINT('',(11.447982943921,-7.937401653487,81.));
#3655 = CARTESIAN_POINT('',(11.577982943921,-7.712235048503,81.));
#3656 = CARTESIAN_POINT('',(11.352816338937,-7.582235048503,81.));
#3657 = ORIENTED_EDGE('',*,*,#3658,.F.);
#3658 = EDGE_CURVE('',#774,#3651,#3659,.T.);
#3659 = LINE('',#3660,#3661);
#3660 = CARTESIAN_POINT('',(11.352816338937,-7.582235048503,74.));
#3661 = VECTOR('',#3662,1.);
#3662 = DIRECTION('',(0.,0.,1.));
#3663 = ORIENTED_EDGE('',*,*,#783,.F.);
#3664 = SURFACE_OF_LINEAR_EXTRUSION('',#3665,#3669);
#3665 = ( BOUNDED_CURVE() B_SPLINE_CURVE(2,(#3666,#3667,#3668),
.UNSPECIFIED.,.F.,.F.) B_SPLINE_CURVE_WITH_KNOTS((3,3),(0.,
1.570796326795),.PIECEWISE_BEZIER_KNOTS.) CURVE() 
GEOMETRIC_REPRESENTATION_ITEM() RATIONAL_B_SPLINE_CURVE((1.,
0.707106781187,1.)) REPRESENTATION_ITEM('') );
#3666 = CARTESIAN_POINT('',(11.447982943921,-7.937401653487,74.));
#3667 = CARTESIAN_POINT('',(11.577982943921,-7.712235048503,74.));
#3668 = CARTESIAN_POINT('',(11.352816338937,-7.582235048503,74.));
#3669 = VECTOR('',#3670,1.);
#3670 = DIRECTION('',(-0.,-0.,-1.));
#3671 = ADVANCED_FACE('',(#3672),#3692,.F.);
#3672 = FACE_BOUND('',#3673,.F.);
#3673 = EDGE_LOOP('',(#3674,#3675,#3685,#3691));
#3674 = ORIENTED_EDGE('',*,*,#3658,.T.);
#3675 = ORIENTED_EDGE('',*,*,#3676,.T.);
#3676 = EDGE_CURVE('',#3651,#3677,#3679,.T.);
#3677 = VERTEX_POINT('',#3678);
#3678 = CARTESIAN_POINT('',(12.242816338937,-6.040709829767,81.));
#3679 = ( BOUNDED_CURVE() B_SPLINE_CURVE(2,(#3680,#3681,#3682,#3683,
#3684),.UNSPECIFIED.,.F.,.F.) B_SPLINE_CURVE_WITH_KNOTS((3,2,3),(0.,
1.570796326795,3.14159265359),.PIECEWISE_BEZIER_KNOTS.) CURVE() 
GEOMETRIC_REPRESENTATION_ITEM() RATIONAL_B_SPLINE_CURVE((1.,
0.707106781187,1.,0.707106781187,1.)) REPRESENTATION_ITEM('') );
#3680 = CARTESIAN_POINT('',(11.352816338937,-7.582235048503,81.));
#3681 = CARTESIAN_POINT('',(10.582053729569,-7.137235048503,81.));
#3682 = CARTESIAN_POINT('',(11.027053729569,-6.366472439135,81.));
#3683 = CARTESIAN_POINT('',(11.472053729569,-5.595709829767,81.));
#3684 = CARTESIAN_POINT('',(12.242816338937,-6.040709829767,81.));
#3685 = ORIENTED_EDGE('',*,*,#3686,.F.);
#3686 = EDGE_CURVE('',#766,#3677,#3687,.T.);
#3687 = LINE('',#3688,#3689);
#3688 = CARTESIAN_POINT('',(12.242816338937,-6.040709829767,74.));
#3689 = VECTOR('',#3690,1.);
#3690 = DIRECTION('',(0.,0.,1.));
#3691 = ORIENTED_EDGE('',*,*,#773,.F.);
#3692 = SURFACE_OF_LINEAR_EXTRUSION('',#3693,#3699);
#3693 = ( BOUNDED_CURVE() B_SPLINE_CURVE(2,(#3694,#3695,#3696,#3697,
#3698),.UNSPECIFIED.,.F.,.F.) B_SPLINE_CURVE_WITH_KNOTS((3,2,3),(0.,
1.570796326795,3.14159265359),.PIECEWISE_BEZIER_KNOTS.) CURVE() 
GEOMETRIC_REPRESENTATION_ITEM() RATIONAL_B_SPLINE_CURVE((1.,
0.707106781187,1.,0.707106781187,1.)) REPRESENTATION_ITEM('') );
#3694 = CARTESIAN_POINT('',(11.352816338937,-7.582235048503,74.));
#3695 = CARTESIAN_POINT('',(10.582053729569,-7.137235048503,74.));
#3696 = CARTESIAN_POINT('',(11.027053729569,-6.366472439135,74.));
#3697 = CARTESIAN_POINT('',(11.472053729569,-5.595709829767,74.));
#3698 = CARTESIAN_POINT('',(12.242816338937,-6.040709829767,74.));
#3699 = VECTOR('',#3700,1.);
#3700 = DIRECTION('',(-0.,-0.,-1.));
#3701 = ADVANCED_FACE('',(#3702),#3720,.F.);
#3702 = FACE_BOUND('',#3703,.F.);
#3703 = EDGE_LOOP('',(#3704,#3705,#3713,#3719));
#3704 = ORIENTED_EDGE('',*,*,#3686,.T.);
#3705 = ORIENTED_EDGE('',*,*,#3706,.T.);
#3706 = EDGE_CURVE('',#3677,#3707,#3709,.T.);
#3707 = VERTEX_POINT('',#3708);
#3708 = CARTESIAN_POINT('',(12.597982943921,-5.945543224783,81.));
#3709 = ( BOUNDED_CURVE() B_SPLINE_CURVE(2,(#3710,#3711,#3712),
.UNSPECIFIED.,.F.,.F.) B_SPLINE_CURVE_WITH_KNOTS((3,3),(0.,
1.570796326795),.PIECEWISE_BEZIER_KNOTS.) CURVE() 
GEOMETRIC_REPRESENTATION_ITEM() RATIONAL_B_SPLINE_CURVE((1.,
0.707106781187,1.)) REPRESENTATION_ITEM('') );
#3710 = CARTESIAN_POINT('',(12.242816338937,-6.040709829767,81.));
#3711 = CARTESIAN_POINT('',(12.467982943921,-6.170709829767,81.));
#3712 = CARTESIAN_POINT('',(12.597982943921,-5.945543224783,81.));
#3713 = ORIENTED_EDGE('',*,*,#3714,.F.);
#3714 = EDGE_CURVE('',#758,#3707,#3715,.T.);
#3715 = LINE('',#3716,#3717);
#3716 = CARTESIAN_POINT('',(12.597982943921,-5.945543224783,74.));
#3717 = VECTOR('',#3718,1.);
#3718 = DIRECTION('',(0.,0.,1.));
#3719 = ORIENTED_EDGE('',*,*,#765,.F.);
#3720 = SURFACE_OF_LINEAR_EXTRUSION('',#3721,#3725);
#3721 = ( BOUNDED_CURVE() B_SPLINE_CURVE(2,(#3722,#3723,#3724),
.UNSPECIFIED.,.F.,.F.) B_SPLINE_CURVE_WITH_KNOTS((3,3),(0.,
1.570796326795),.PIECEWISE_BEZIER_KNOTS.) CURVE() 
GEOMETRIC_REPRESENTATION_ITEM() RATIONAL_B_SPLINE_CURVE((1.,
0.707106781187,1.)) REPRESENTATION_ITEM('') );
#3722 = CARTESIAN_POINT('',(12.242816338937,-6.040709829767,74.));
#3723 = CARTESIAN_POINT('',(12.467982943921,-6.170709829767,74.));
#3724 = CARTESIAN_POINT('',(12.597982943921,-5.945543224783,74.));
#3725 = VECTOR('',#3726,1.);
#3726 = DIRECTION('',(-0.,-0.,-1.));
#3727 = ADVANCED_FACE('',(#3728),#3746,.F.);
#3728 = FACE_BOUND('',#3729,.F.);
#3729 = EDGE_LOOP('',(#3730,#3731,#3739,#3745));
#3730 = ORIENTED_EDGE('',*,*,#3714,.T.);
#3731 = ORIENTED_EDGE('',*,*,#3732,.T.);
#3732 = EDGE_CURVE('',#3707,#3733,#3735,.T.);
#3733 = VERTEX_POINT('',#3734);
#3734 = CARTESIAN_POINT('',(12.848095648314,-5.383780893096,81.));
#3735 = ( BOUNDED_CURVE() B_SPLINE_CURVE(2,(#3736,#3737,#3738),
.UNSPECIFIED.,.F.,.F.) B_SPLINE_CURVE_WITH_KNOTS((3,3),(0.,
4.414598448277E-02),.PIECEWISE_BEZIER_KNOTS.) CURVE() 
GEOMETRIC_REPRESENTATION_ITEM() RATIONAL_B_SPLINE_CURVE((1.,
0.999756401397,1.)) REPRESENTATION_ITEM('') );
#3736 = CARTESIAN_POINT('',(12.597982943921,-5.945543224783,81.));
#3737 = CARTESIAN_POINT('',(12.729240191006,-5.667422875218,81.));
#3738 = CARTESIAN_POINT('',(12.848095648314,-5.383780893096,81.));
#3739 = ORIENTED_EDGE('',*,*,#3740,.F.);
#3740 = EDGE_CURVE('',#750,#3733,#3741,.T.);
#3741 = LINE('',#3742,#3743);
#3742 = CARTESIAN_POINT('',(12.848095648314,-5.383780893096,74.));
#3743 = VECTOR('',#3744,1.);
#3744 = DIRECTION('',(0.,0.,1.));
#3745 = ORIENTED_EDGE('',*,*,#757,.F.);
#3746 = SURFACE_OF_LINEAR_EXTRUSION('',#3747,#3751);
#3747 = ( BOUNDED_CURVE() B_SPLINE_CURVE(2,(#3748,#3749,#3750),
.UNSPECIFIED.,.F.,.F.) B_SPLINE_CURVE_WITH_KNOTS((3,3),(0.,
4.414598448277E-02),.PIECEWISE_BEZIER_KNOTS.) CURVE() 
GEOMETRIC_REPRESENTATION_ITEM() RATIONAL_B_SPLINE_CURVE((1.,
0.999756401397,1.)) REPRESENTATION_ITEM('') );
#3748 = CARTESIAN_POINT('',(12.597982943921,-5.945543224783,74.));
#3749 = CARTESIAN_POINT('',(12.729240191006,-5.667422875218,74.));
#3750 = CARTESIAN_POINT('',(12.848095648314,-5.383780893096,74.));
#3751 = VECTOR('',#3752,1.);
#3752 = DIRECTION('',(-0.,-0.,-1.));
#3753 = ADVANCED_FACE('',(#3754),#3772,.F.);
#3754 = FACE_BOUND('',#3755,.F.);
#3755 = EDGE_LOOP('',(#3756,#3757,#3765,#3771));
#3756 = ORIENTED_EDGE('',*,*,#3740,.T.);
#3757 = ORIENTED_EDGE('',*,*,#3758,.T.);
#3758 = EDGE_CURVE('',#3733,#3759,#3761,.T.);
#3759 = VERTEX_POINT('',#3760);
#3760 = CARTESIAN_POINT('',(12.681165372615,-5.056161780321,81.));
#3761 = ( BOUNDED_CURVE() B_SPLINE_CURVE(2,(#3762,#3763,#3764),
.UNSPECIFIED.,.F.,.F.) B_SPLINE_CURVE_WITH_KNOTS((3,3),(0.,
1.570796326795),.PIECEWISE_BEZIER_KNOTS.) CURVE() 
GEOMETRIC_REPRESENTATION_ITEM() RATIONAL_B_SPLINE_CURVE((1.,
0.707106781187,1.)) REPRESENTATION_ITEM('') );
#3762 = CARTESIAN_POINT('',(12.848095648314,-5.383780893096,81.));
#3763 = CARTESIAN_POINT('',(12.928440066852,-5.136506198859,81.));
#3764 = CARTESIAN_POINT('',(12.681165372615,-5.056161780321,81.));
#3765 = ORIENTED_EDGE('',*,*,#3766,.F.);
#3766 = EDGE_CURVE('',#740,#3759,#3767,.T.);
#3767 = LINE('',#3768,#3769);
#3768 = CARTESIAN_POINT('',(12.681165372615,-5.056161780321,74.));
#3769 = VECTOR('',#3770,1.);
#3770 = DIRECTION('',(0.,0.,1.));
#3771 = ORIENTED_EDGE('',*,*,#749,.F.);
#3772 = SURFACE_OF_LINEAR_EXTRUSION('',#3773,#3777);
#3773 = ( BOUNDED_CURVE() B_SPLINE_CURVE(2,(#3774,#3775,#3776),
.UNSPECIFIED.,.F.,.F.) B_SPLINE_CURVE_WITH_KNOTS((3,3),(0.,
1.570796326795),.PIECEWISE_BEZIER_KNOTS.) CURVE() 
GEOMETRIC_REPRESENTATION_ITEM() RATIONAL_B_SPLINE_CURVE((1.,
0.707106781187,1.)) REPRESENTATION_ITEM('') );
#3774 = CARTESIAN_POINT('',(12.848095648314,-5.383780893096,74.));
#3775 = CARTESIAN_POINT('',(12.928440066852,-5.136506198859,74.));
#3776 = CARTESIAN_POINT('',(12.681165372615,-5.056161780321,74.));
#3777 = VECTOR('',#3778,1.);
#3778 = DIRECTION('',(-0.,-0.,-1.));
#3779 = ADVANCED_FACE('',(#3780),#3800,.F.);
#3780 = FACE_BOUND('',#3781,.F.);
#3781 = EDGE_LOOP('',(#3782,#3783,#3793,#3799));
#3782 = ORIENTED_EDGE('',*,*,#3766,.T.);
#3783 = ORIENTED_EDGE('',*,*,#3784,.T.);
#3784 = EDGE_CURVE('',#3759,#3785,#3787,.T.);
#3785 = VERTEX_POINT('',#3786);
#3786 = CARTESIAN_POINT('',(13.231215622603,-3.363281181316,81.));
#3787 = ( BOUNDED_CURVE() B_SPLINE_CURVE(2,(#3788,#3789,#3790,#3791,
#3792),.UNSPECIFIED.,.F.,.F.) B_SPLINE_CURVE_WITH_KNOTS((3,2,3),(0.,
1.570796326795,3.14159265359),.PIECEWISE_BEZIER_KNOTS.) CURVE() 
GEOMETRIC_REPRESENTATION_ITEM() RATIONAL_B_SPLINE_CURVE((1.,
0.707106781187,1.,0.707106781187,1.)) REPRESENTATION_ITEM('') );
#3788 = CARTESIAN_POINT('',(12.681165372615,-5.056161780321,81.));
#3789 = CARTESIAN_POINT('',(11.834725073113,-4.781136655328,81.));
#3790 = CARTESIAN_POINT('',(12.109750198106,-3.934696355825,81.));
#3791 = CARTESIAN_POINT('',(12.3847753231,-3.088256056322,81.));
#3792 = CARTESIAN_POINT('',(13.231215622603,-3.363281181316,81.));
#3793 = ORIENTED_EDGE('',*,*,#3794,.F.);
#3794 = EDGE_CURVE('',#732,#3785,#3795,.T.);
#3795 = LINE('',#3796,#3797);
#3796 = CARTESIAN_POINT('',(13.231215622603,-3.363281181316,74.));
#3797 = VECTOR('',#3798,1.);
#3798 = DIRECTION('',(0.,0.,1.));
#3799 = ORIENTED_EDGE('',*,*,#739,.F.);
#3800 = SURFACE_OF_LINEAR_EXTRUSION('',#3801,#3807);
#3801 = ( BOUNDED_CURVE() B_SPLINE_CURVE(2,(#3802,#3803,#3804,#3805,
#3806),.UNSPECIFIED.,.F.,.F.) B_SPLINE_CURVE_WITH_KNOTS((3,2,3),(0.,
1.570796326795,3.14159265359),.PIECEWISE_BEZIER_KNOTS.) CURVE() 
GEOMETRIC_REPRESENTATION_ITEM() RATIONAL_B_SPLINE_CURVE((1.,
0.707106781187,1.,0.707106781187,1.)) REPRESENTATION_ITEM('') );
#3802 = CARTESIAN_POINT('',(12.681165372615,-5.056161780321,74.));
#3803 = CARTESIAN_POINT('',(11.834725073113,-4.781136655328,74.));
#3804 = CARTESIAN_POINT('',(12.109750198106,-3.934696355825,74.));
#3805 = CARTESIAN_POINT('',(12.3847753231,-3.088256056322,74.));
#3806 = CARTESIAN_POINT('',(13.231215622603,-3.363281181316,74.));
#3807 = VECTOR('',#3808,1.);
#3808 = DIRECTION('',(-0.,-0.,-1.));
#3809 = ADVANCED_FACE('',(#3810),#3828,.F.);
#3810 = FACE_BOUND('',#3811,.F.);
#3811 = EDGE_LOOP('',(#3812,#3813,#3821,#3827));
#3812 = ORIENTED_EDGE('',*,*,#3794,.T.);
#3813 = ORIENTED_EDGE('',*,*,#3814,.T.);
#3814 = EDGE_CURVE('',#3785,#3815,#3817,.T.);
#3815 = VERTEX_POINT('',#3816);
#3816 = CARTESIAN_POINT('',(13.558834735377,-3.196350905617,81.));
#3817 = ( BOUNDED_CURVE() B_SPLINE_CURVE(2,(#3818,#3819,#3820),
.UNSPECIFIED.,.F.,.F.) B_SPLINE_CURVE_WITH_KNOTS((3,3),(0.,
1.570796326795),.PIECEWISE_BEZIER_KNOTS.) CURVE() 
GEOMETRIC_REPRESENTATION_ITEM() RATIONAL_B_SPLINE_CURVE((1.,
0.707106781187,1.)) REPRESENTATION_ITEM('') );
#3818 = CARTESIAN_POINT('',(13.231215622603,-3.363281181316,81.));
#3819 = CARTESIAN_POINT('',(13.478490316839,-3.443625599854,81.));
#3820 = CARTESIAN_POINT('',(13.558834735377,-3.196350905617,81.));
#3821 = ORIENTED_EDGE('',*,*,#3822,.F.);
#3822 = EDGE_CURVE('',#724,#3815,#3823,.T.);
#3823 = LINE('',#3824,#3825);
#3824 = CARTESIAN_POINT('',(13.558834735377,-3.196350905617,74.));
#3825 = VECTOR('',#3826,1.);
#3826 = DIRECTION('',(0.,0.,1.));
#3827 = ORIENTED_EDGE('',*,*,#731,.F.);
#3828 = SURFACE_OF_LINEAR_EXTRUSION('',#3829,#3833);
#3829 = ( BOUNDED_CURVE() B_SPLINE_CURVE(2,(#3830,#3831,#3832),
.UNSPECIFIED.,.F.,.F.) B_SPLINE_CURVE_WITH_KNOTS((3,3),(0.,
1.570796326795),.PIECEWISE_BEZIER_KNOTS.) CURVE() 
GEOMETRIC_REPRESENTATION_ITEM() RATIONAL_B_SPLINE_CURVE((1.,
0.707106781187,1.)) REPRESENTATION_ITEM('') );
#3830 = CARTESIAN_POINT('',(13.231215622603,-3.363281181316,74.));
#3831 = CARTESIAN_POINT('',(13.478490316839,-3.443625599854,74.));
#3832 = CARTESIAN_POINT('',(13.558834735377,-3.196350905617,74.));
#3833 = VECTOR('',#3834,1.);
#3834 = DIRECTION('',(-0.,-0.,-1.));
#3835 = ADVANCED_FACE('',(#3836),#3854,.F.);
#3836 = FACE_BOUND('',#3837,.F.);
#3837 = EDGE_LOOP('',(#3838,#3839,#3847,#3853));
#3838 = ORIENTED_EDGE('',*,*,#3822,.T.);
#3839 = ORIENTED_EDGE('',*,*,#3840,.T.);
#3840 = EDGE_CURVE('',#3815,#3841,#3843,.T.);
#3841 = VERTEX_POINT('',#3842);
#3842 = CARTESIAN_POINT('',(13.686684920873,-2.594863073429,81.));
#3843 = ( BOUNDED_CURVE() B_SPLINE_CURVE(2,(#3844,#3845,#3846),
.UNSPECIFIED.,.F.,.F.) B_SPLINE_CURVE_WITH_KNOTS((3,3),(0.,
4.414598448277E-02),.PIECEWISE_BEZIER_KNOTS.) CURVE() 
GEOMETRIC_REPRESENTATION_ITEM() RATIONAL_B_SPLINE_CURVE((1.,
0.999756401397,1.)) REPRESENTATION_ITEM('') );
#3844 = CARTESIAN_POINT('',(13.558834735377,-3.196350905617,81.));
#3845 = CARTESIAN_POINT('',(13.629399224562,-2.897018236801,81.));
#3846 = CARTESIAN_POINT('',(13.686684920873,-2.594863073429,81.));
#3847 = ORIENTED_EDGE('',*,*,#3848,.F.);
#3848 = EDGE_CURVE('',#716,#3841,#3849,.T.);
#3849 = LINE('',#3850,#3851);
#3850 = CARTESIAN_POINT('',(13.686684920873,-2.594863073429,74.));
#3851 = VECTOR('',#3852,1.);
#3852 = DIRECTION('',(0.,0.,1.));
#3853 = ORIENTED_EDGE('',*,*,#723,.F.);
#3854 = SURFACE_OF_LINEAR_EXTRUSION('',#3855,#3859);
#3855 = ( BOUNDED_CURVE() B_SPLINE_CURVE(2,(#3856,#3857,#3858),
.UNSPECIFIED.,.F.,.F.) B_SPLINE_CURVE_WITH_KNOTS((3,3),(0.,
4.414598448277E-02),.PIECEWISE_BEZIER_KNOTS.) CURVE() 
GEOMETRIC_REPRESENTATION_ITEM() RATIONAL_B_SPLINE_CURVE((1.,
0.999756401397,1.)) REPRESENTATION_ITEM('') );
#3856 = CARTESIAN_POINT('',(13.558834735377,-3.196350905617,74.));
#3857 = CARTESIAN_POINT('',(13.629399224562,-2.897018236801,74.));
#3858 = CARTESIAN_POINT('',(13.686684920873,-2.594863073429,74.));
#3859 = VECTOR('',#3860,1.);
#3860 = DIRECTION('',(-0.,-0.,-1.));
#3861 = ADVANCED_FACE('',(#3862),#3880,.F.);
#3862 = FACE_BOUND('',#3863,.F.);
#3863 = EDGE_LOOP('',(#3864,#3865,#3873,#3879));
#3864 = ORIENTED_EDGE('',*,*,#3848,.T.);
#3865 = ORIENTED_EDGE('',*,*,#3866,.T.);
#3866 = EDGE_CURVE('',#3841,#3867,#3869,.T.);
#3867 = VERTEX_POINT('',#3868);
#3868 = CARTESIAN_POINT('',(13.455286628527,-2.309109980183,81.));
#3869 = ( BOUNDED_CURVE() B_SPLINE_CURVE(2,(#3870,#3871,#3872),
.UNSPECIFIED.,.F.,.F.) B_SPLINE_CURVE_WITH_KNOTS((3,3),(0.,
1.570796326795),.PIECEWISE_BEZIER_KNOTS.) CURVE() 
GEOMETRIC_REPRESENTATION_ITEM() RATIONAL_B_SPLINE_CURVE((1.,
0.707106781187,1.)) REPRESENTATION_ITEM('') );
#3870 = CARTESIAN_POINT('',(13.686684920873,-2.594863073429,81.));
#3871 = CARTESIAN_POINT('',(13.713862321323,-2.336287380633,81.));
#3872 = CARTESIAN_POINT('',(13.455286628527,-2.309109980183,81.));
#3873 = ORIENTED_EDGE('',*,*,#3874,.F.);
#3874 = EDGE_CURVE('',#706,#3867,#3875,.T.);
#3875 = LINE('',#3876,#3877);
#3876 = CARTESIAN_POINT('',(13.455286628527,-2.309109980183,74.));
#3877 = VECTOR('',#3878,1.);
#3878 = DIRECTION('',(0.,0.,1.));
#3879 = ORIENTED_EDGE('',*,*,#715,.F.);
#3880 = SURFACE_OF_LINEAR_EXTRUSION('',#3881,#3885);
#3881 = ( BOUNDED_CURVE() B_SPLINE_CURVE(2,(#3882,#3883,#3884),
.UNSPECIFIED.,.F.,.F.) B_SPLINE_CURVE_WITH_KNOTS((3,3),(0.,
1.570796326795),.PIECEWISE_BEZIER_KNOTS.) CURVE() 
GEOMETRIC_REPRESENTATION_ITEM() RATIONAL_B_SPLINE_CURVE((1.,
0.707106781187,1.)) REPRESENTATION_ITEM('') );
#3882 = CARTESIAN_POINT('',(13.686684920873,-2.594863073429,74.));
#3883 = CARTESIAN_POINT('',(13.713862321323,-2.336287380633,74.));
#3884 = CARTESIAN_POINT('',(13.455286628527,-2.309109980183,74.));
#3885 = VECTOR('',#3886,1.);
#3886 = DIRECTION('',(-0.,-0.,-1.));
#3887 = ADVANCED_FACE('',(#3888),#3908,.F.);
#3888 = FACE_BOUND('',#3889,.F.);
#3889 = EDGE_LOOP('',(#3890,#3891,#3901,#3907));
#3890 = ORIENTED_EDGE('',*,*,#3874,.T.);
#3891 = ORIENTED_EDGE('',*,*,#3892,.T.);
#3892 = EDGE_CURVE('',#3867,#3893,#3895,.T.);
#3893 = VERTEX_POINT('',#3894);
#3894 = CARTESIAN_POINT('',(13.641347293143,-0.538861006428,81.));
#3895 = ( BOUNDED_CURVE() B_SPLINE_CURVE(2,(#3896,#3897,#3898,#3899,
#3900),.UNSPECIFIED.,.F.,.F.) B_SPLINE_CURVE_WITH_KNOTS((3,2,3),(0.,
1.570796326795,3.14159265359),.PIECEWISE_BEZIER_KNOTS.) CURVE() 
GEOMETRIC_REPRESENTATION_ITEM() RATIONAL_B_SPLINE_CURVE((1.,
0.707106781187,1.,0.707106781187,1.)) REPRESENTATION_ITEM('') );
#3896 = CARTESIAN_POINT('',(13.455286628527,-2.309109980183,81.));
#3897 = CARTESIAN_POINT('',(12.570162141649,-2.216079647875,81.));
#3898 = CARTESIAN_POINT('',(12.663192473957,-1.330955160997,81.));
#3899 = CARTESIAN_POINT('',(12.756222806266,-0.44583067412,81.));
#3900 = CARTESIAN_POINT('',(13.641347293143,-0.538861006428,81.));
#3901 = ORIENTED_EDGE('',*,*,#3902,.F.);
#3902 = EDGE_CURVE('',#698,#3893,#3903,.T.);
#3903 = LINE('',#3904,#3905);
#3904 = CARTESIAN_POINT('',(13.641347293143,-0.538861006428,74.));
#3905 = VECTOR('',#3906,1.);
#3906 = DIRECTION('',(0.,0.,1.));
#3907 = ORIENTED_EDGE('',*,*,#705,.F.);
#3908 = SURFACE_OF_LINEAR_EXTRUSION('',#3909,#3915);
#3909 = ( BOUNDED_CURVE() B_SPLINE_CURVE(2,(#3910,#3911,#3912,#3913,
#3914),.UNSPECIFIED.,.F.,.F.) B_SPLINE_CURVE_WITH_KNOTS((3,2,3),(0.,
1.570796326795,3.14159265359),.PIECEWISE_BEZIER_KNOTS.) CURVE() 
GEOMETRIC_REPRESENTATION_ITEM() RATIONAL_B_SPLINE_CURVE((1.,
0.707106781187,1.,0.707106781187,1.)) REPRESENTATION_ITEM('') );
#3910 = CARTESIAN_POINT('',(13.455286628527,-2.309109980183,74.));
#3911 = CARTESIAN_POINT('',(12.570162141649,-2.216079647875,74.));
#3912 = CARTESIAN_POINT('',(12.663192473957,-1.330955160997,74.));
#3913 = CARTESIAN_POINT('',(12.756222806266,-0.44583067412,74.));
#3914 = CARTESIAN_POINT('',(13.641347293143,-0.538861006428,74.));
#3915 = VECTOR('',#3916,1.);
#3916 = DIRECTION('',(-0.,-0.,-1.));
#3917 = ADVANCED_FACE('',(#3918),#3936,.F.);
#3918 = FACE_BOUND('',#3919,.F.);
#3919 = EDGE_LOOP('',(#3920,#3921,#3929,#3935));
#3920 = ORIENTED_EDGE('',*,*,#3902,.T.);
#3921 = ORIENTED_EDGE('',*,*,#3922,.T.);
#3922 = EDGE_CURVE('',#3893,#3923,#3925,.T.);
#3923 = VERTEX_POINT('',#3924);
#3924 = CARTESIAN_POINT('',(13.927100386389,-0.307462714082,81.));
#3925 = ( BOUNDED_CURVE() B_SPLINE_CURVE(2,(#3926,#3927,#3928),
.UNSPECIFIED.,.F.,.F.) B_SPLINE_CURVE_WITH_KNOTS((3,3),(0.,
1.570796326795),.PIECEWISE_BEZIER_KNOTS.) CURVE() 
GEOMETRIC_REPRESENTATION_ITEM() RATIONAL_B_SPLINE_CURVE((1.,
0.707106781187,1.)) REPRESENTATION_ITEM('') );
#3926 = CARTESIAN_POINT('',(13.641347293143,-0.538861006428,81.));
#3927 = CARTESIAN_POINT('',(13.899922985939,-0.566038406877,81.));
#3928 = CARTESIAN_POINT('',(13.927100386389,-0.307462714082,81.));
#3929 = ORIENTED_EDGE('',*,*,#3930,.F.);
#3930 = EDGE_CURVE('',#690,#3923,#3931,.T.);
#3931 = LINE('',#3932,#3933);
#3932 = CARTESIAN_POINT('',(13.927100386389,-0.307462714082,74.));
#3933 = VECTOR('',#3934,1.);
#3934 = DIRECTION('',(0.,0.,1.));
#3935 = ORIENTED_EDGE('',*,*,#697,.F.);
#3936 = SURFACE_OF_LINEAR_EXTRUSION('',#3937,#3941);
#3937 = ( BOUNDED_CURVE() B_SPLINE_CURVE(2,(#3938,#3939,#3940),
.UNSPECIFIED.,.F.,.F.) B_SPLINE_CURVE_WITH_KNOTS((3,3),(0.,
1.570796326795),.PIECEWISE_BEZIER_KNOTS.) CURVE() 
GEOMETRIC_REPRESENTATION_ITEM() RATIONAL_B_SPLINE_CURVE((1.,
0.707106781187,1.)) REPRESENTATION_ITEM('') );
#3938 = CARTESIAN_POINT('',(13.641347293143,-0.538861006428,74.));
#3939 = CARTESIAN_POINT('',(13.899922985939,-0.566038406877,74.));
#3940 = CARTESIAN_POINT('',(13.927100386389,-0.307462714082,74.));
#3941 = VECTOR('',#3942,1.);
#3942 = DIRECTION('',(-0.,-0.,-1.));
#3943 = ADVANCED_FACE('',(#3944),#3962,.F.);
#3944 = FACE_BOUND('',#3945,.F.);
#3945 = EDGE_LOOP('',(#3946,#3947,#3955,#3961));
#3946 = ORIENTED_EDGE('',*,*,#3930,.T.);
#3947 = ORIENTED_EDGE('',*,*,#3948,.T.);
#3948 = EDGE_CURVE('',#3923,#3949,#3951,.T.);
#3949 = VERTEX_POINT('',#3950);
#3950 = CARTESIAN_POINT('',(13.927100386389,0.307462714082,81.));
#3951 = ( BOUNDED_CURVE() B_SPLINE_CURVE(2,(#3952,#3953,#3954),
.UNSPECIFIED.,.F.,.F.) B_SPLINE_CURVE_WITH_KNOTS((3,3),(0.,
4.414598448277E-02),.PIECEWISE_BEZIER_KNOTS.) CURVE() 
GEOMETRIC_REPRESENTATION_ITEM() RATIONAL_B_SPLINE_CURVE((1.,
0.999756401397,1.)) REPRESENTATION_ITEM('') );
#3952 = CARTESIAN_POINT('',(13.927100386389,-0.307462714082,81.));
#3953 = CARTESIAN_POINT('',(13.933888110892,-1.288E-14,81.));
#3954 = CARTESIAN_POINT('',(13.927100386389,0.307462714082,81.));
#3955 = ORIENTED_EDGE('',*,*,#3956,.F.);
#3956 = EDGE_CURVE('',#682,#3949,#3957,.T.);
#3957 = LINE('',#3958,#3959);
#3958 = CARTESIAN_POINT('',(13.927100386389,0.307462714082,74.));
#3959 = VECTOR('',#3960,1.);
#3960 = DIRECTION('',(0.,0.,1.));
#3961 = ORIENTED_EDGE('',*,*,#689,.F.);
#3962 = SURFACE_OF_LINEAR_EXTRUSION('',#3963,#3967);
#3963 = ( BOUNDED_CURVE() B_SPLINE_CURVE(2,(#3964,#3965,#3966),
.UNSPECIFIED.,.F.,.F.) B_SPLINE_CURVE_WITH_KNOTS((3,3),(0.,
4.414598448277E-02),.PIECEWISE_BEZIER_KNOTS.) CURVE() 
GEOMETRIC_REPRESENTATION_ITEM() RATIONAL_B_SPLINE_CURVE((1.,
0.999756401397,1.)) REPRESENTATION_ITEM('') );
#3964 = CARTESIAN_POINT('',(13.927100386389,-0.307462714082,74.));
#3965 = CARTESIAN_POINT('',(13.933888110892,-1.288E-14,74.));
#3966 = CARTESIAN_POINT('',(13.927100386389,0.307462714082,74.));
#3967 = VECTOR('',#3968,1.);
#3968 = DIRECTION('',(-0.,-0.,-1.));
#3969 = ADVANCED_FACE('',(#3970),#3988,.F.);
#3970 = FACE_BOUND('',#3971,.F.);
#3971 = EDGE_LOOP('',(#3972,#3973,#3981,#3987));
#3972 = ORIENTED_EDGE('',*,*,#3956,.T.);
#3973 = ORIENTED_EDGE('',*,*,#3974,.T.);
#3974 = EDGE_CURVE('',#3949,#3975,#3977,.T.);
#3975 = VERTEX_POINT('',#3976);
#3976 = CARTESIAN_POINT('',(13.641347293143,0.538861006428,81.));
#3977 = ( BOUNDED_CURVE() B_SPLINE_CURVE(2,(#3978,#3979,#3980),
.UNSPECIFIED.,.F.,.F.) B_SPLINE_CURVE_WITH_KNOTS((3,3),(0.,
1.570796326795),.PIECEWISE_BEZIER_KNOTS.) CURVE() 
GEOMETRIC_REPRESENTATION_ITEM() RATIONAL_B_SPLINE_CURVE((1.,
0.707106781187,1.)) REPRESENTATION_ITEM('') );
#3978 = CARTESIAN_POINT('',(13.927100386389,0.307462714082,81.));
#3979 = CARTESIAN_POINT('',(13.899922985939,0.566038406877,81.));
#3980 = CARTESIAN_POINT('',(13.641347293143,0.538861006428,81.));
#3981 = ORIENTED_EDGE('',*,*,#3982,.F.);
#3982 = EDGE_CURVE('',#672,#3975,#3983,.T.);
#3983 = LINE('',#3984,#3985);
#3984 = CARTESIAN_POINT('',(13.641347293143,0.538861006428,74.));
#3985 = VECTOR('',#3986,1.);
#3986 = DIRECTION('',(0.,0.,1.));
#3987 = ORIENTED_EDGE('',*,*,#681,.F.);
#3988 = SURFACE_OF_LINEAR_EXTRUSION('',#3989,#3993);
#3989 = ( BOUNDED_CURVE() B_SPLINE_CURVE(2,(#3990,#3991,#3992),
.UNSPECIFIED.,.F.,.F.) B_SPLINE_CURVE_WITH_KNOTS((3,3),(0.,
1.570796326795),.PIECEWISE_BEZIER_KNOTS.) CURVE() 
GEOMETRIC_REPRESENTATION_ITEM() RATIONAL_B_SPLINE_CURVE((1.,
0.707106781187,1.)) REPRESENTATION_ITEM('') );
#3990 = CARTESIAN_POINT('',(13.927100386389,0.307462714082,74.));
#3991 = CARTESIAN_POINT('',(13.899922985939,0.566038406877,74.));
#3992 = CARTESIAN_POINT('',(13.641347293143,0.538861006428,74.));
#3993 = VECTOR('',#3994,1.);
#3994 = DIRECTION('',(-0.,-0.,-1.));
#3995 = ADVANCED_FACE('',(#3996),#4016,.F.);
#3996 = FACE_BOUND('',#3997,.F.);
#3997 = EDGE_LOOP('',(#3998,#3999,#4009,#4015));
#3998 = ORIENTED_EDGE('',*,*,#3982,.T.);
#3999 = ORIENTED_EDGE('',*,*,#4000,.T.);
#4000 = EDGE_CURVE('',#3975,#4001,#4003,.T.);
#4001 = VERTEX_POINT('',#4002);
#4002 = CARTESIAN_POINT('',(13.455286628527,2.309109980183,81.));
#4003 = ( BOUNDED_CURVE() B_SPLINE_CURVE(2,(#4004,#4005,#4006,#4007,
#4008),.UNSPECIFIED.,.F.,.F.) B_SPLINE_CURVE_WITH_KNOTS((3,2,3),(0.,
1.570796326795,3.14159265359),.PIECEWISE_BEZIER_KNOTS.) CURVE() 
GEOMETRIC_REPRESENTATION_ITEM() RATIONAL_B_SPLINE_CURVE((1.,
0.707106781187,1.,0.707106781187,1.)) REPRESENTATION_ITEM('') );
#4004 = CARTESIAN_POINT('',(13.641347293143,0.538861006428,81.));
#4005 = CARTESIAN_POINT('',(12.756222806266,0.44583067412,81.));
#4006 = CARTESIAN_POINT('',(12.663192473957,1.330955160997,81.));
#4007 = CARTESIAN_POINT('',(12.570162141649,2.216079647875,81.));
#4008 = CARTESIAN_POINT('',(13.455286628527,2.309109980183,81.));
#4009 = ORIENTED_EDGE('',*,*,#4010,.F.);
#4010 = EDGE_CURVE('',#664,#4001,#4011,.T.);
#4011 = LINE('',#4012,#4013);
#4012 = CARTESIAN_POINT('',(13.455286628527,2.309109980183,74.));
#4013 = VECTOR('',#4014,1.);
#4014 = DIRECTION('',(0.,0.,1.));
#4015 = ORIENTED_EDGE('',*,*,#671,.F.);
#4016 = SURFACE_OF_LINEAR_EXTRUSION('',#4017,#4023);
#4017 = ( BOUNDED_CURVE() B_SPLINE_CURVE(2,(#4018,#4019,#4020,#4021,
#4022),.UNSPECIFIED.,.F.,.F.) B_SPLINE_CURVE_WITH_KNOTS((3,2,3),(0.,
1.570796326795,3.14159265359),.PIECEWISE_BEZIER_KNOTS.) CURVE() 
GEOMETRIC_REPRESENTATION_ITEM() RATIONAL_B_SPLINE_CURVE((1.,
0.707106781187,1.,0.707106781187,1.)) REPRESENTATION_ITEM('') );
#4018 = CARTESIAN_POINT('',(13.641347293143,0.538861006428,74.));
#4019 = CARTESIAN_POINT('',(12.756222806266,0.44583067412,74.));
#4020 = CARTESIAN_POINT('',(12.663192473957,1.330955160997,74.));
#4021 = CARTESIAN_POINT('',(12.570162141649,2.216079647875,74.));
#4022 = CARTESIAN_POINT('',(13.455286628527,2.309109980183,74.));
#4023 = VECTOR('',#4024,1.);
#4024 = DIRECTION('',(-0.,-0.,-1.));
#4025 = ADVANCED_FACE('',(#4026),#4044,.F.);
#4026 = FACE_BOUND('',#4027,.F.);
#4027 = EDGE_LOOP('',(#4028,#4029,#4037,#4043));
#4028 = ORIENTED_EDGE('',*,*,#4010,.T.);
#4029 = ORIENTED_EDGE('',*,*,#4030,.T.);
#4030 = EDGE_CURVE('',#4001,#4031,#4033,.T.);
#4031 = VERTEX_POINT('',#4032);
#4032 = CARTESIAN_POINT('',(13.686684920873,2.594863073429,81.));
#4033 = ( BOUNDED_CURVE() B_SPLINE_CURVE(2,(#4034,#4035,#4036),
.UNSPECIFIED.,.F.,.F.) B_SPLINE_CURVE_WITH_KNOTS((3,3),(0.,
1.570796326795),.PIECEWISE_BEZIER_KNOTS.) CURVE() 
GEOMETRIC_REPRESENTATION_ITEM() RATIONAL_B_SPLINE_CURVE((1.,
0.707106781187,1.)) REPRESENTATION_ITEM('') );
#4034 = CARTESIAN_POINT('',(13.455286628527,2.309109980183,81.));
#4035 = CARTESIAN_POINT('',(13.713862321323,2.336287380633,81.));
#4036 = CARTESIAN_POINT('',(13.686684920873,2.594863073429,81.));
#4037 = ORIENTED_EDGE('',*,*,#4038,.F.);
#4038 = EDGE_CURVE('',#656,#4031,#4039,.T.);
#4039 = LINE('',#4040,#4041);
#4040 = CARTESIAN_POINT('',(13.686684920873,2.594863073429,74.));
#4041 = VECTOR('',#4042,1.);
#4042 = DIRECTION('',(0.,0.,1.));
#4043 = ORIENTED_EDGE('',*,*,#663,.F.);
#4044 = SURFACE_OF_LINEAR_EXTRUSION('',#4045,#4049);
#4045 = ( BOUNDED_CURVE() B_SPLINE_CURVE(2,(#4046,#4047,#4048),
.UNSPECIFIED.,.F.,.F.) B_SPLINE_CURVE_WITH_KNOTS((3,3),(0.,
1.570796326795),.PIECEWISE_BEZIER_KNOTS.) CURVE() 
GEOMETRIC_REPRESENTATION_ITEM() RATIONAL_B_SPLINE_CURVE((1.,
0.707106781187,1.)) REPRESENTATION_ITEM('') );
#4046 = CARTESIAN_POINT('',(13.455286628527,2.309109980183,74.));
#4047 = CARTESIAN_POINT('',(13.713862321323,2.336287380633,74.));
#4048 = CARTESIAN_POINT('',(13.686684920873,2.594863073429,74.));
#4049 = VECTOR('',#4050,1.);
#4050 = DIRECTION('',(-0.,-0.,-1.));
#4051 = ADVANCED_FACE('',(#4052),#4070,.F.);
#4052 = FACE_BOUND('',#4053,.F.);
#4053 = EDGE_LOOP('',(#4054,#4055,#4063,#4069));
#4054 = ORIENTED_EDGE('',*,*,#4038,.T.);
#4055 = ORIENTED_EDGE('',*,*,#4056,.T.);
#4056 = EDGE_CURVE('',#4031,#4057,#4059,.T.);
#4057 = VERTEX_POINT('',#4058);
#4058 = CARTESIAN_POINT('',(13.558834735377,3.196350905617,81.));
#4059 = ( BOUNDED_CURVE() B_SPLINE_CURVE(2,(#4060,#4061,#4062),
.UNSPECIFIED.,.F.,.F.) B_SPLINE_CURVE_WITH_KNOTS((3,3),(0.,
4.414598448277E-02),.PIECEWISE_BEZIER_KNOTS.) CURVE() 
GEOMETRIC_REPRESENTATION_ITEM() RATIONAL_B_SPLINE_CURVE((1.,
0.999756401397,1.)) REPRESENTATION_ITEM('') );
#4060 = CARTESIAN_POINT('',(13.686684920873,2.594863073429,81.));
#4061 = CARTESIAN_POINT('',(13.629399224562,2.897018236801,81.));
#4062 = CARTESIAN_POINT('',(13.558834735377,3.196350905617,81.));
#4063 = ORIENTED_EDGE('',*,*,#4064,.F.);
#4064 = EDGE_CURVE('',#648,#4057,#4065,.T.);
#4065 = LINE('',#4066,#4067);
#4066 = CARTESIAN_POINT('',(13.558834735377,3.196350905617,74.));
#4067 = VECTOR('',#4068,1.);
#4068 = DIRECTION('',(0.,0.,1.));
#4069 = ORIENTED_EDGE('',*,*,#655,.F.);
#4070 = SURFACE_OF_LINEAR_EXTRUSION('',#4071,#4075);
#4071 = ( BOUNDED_CURVE() B_SPLINE_CURVE(2,(#4072,#4073,#4074),
.UNSPECIFIED.,.F.,.F.) B_SPLINE_CURVE_WITH_KNOTS((3,3),(0.,
4.414598448277E-02),.PIECEWISE_BEZIER_KNOTS.) CURVE() 
GEOMETRIC_REPRESENTATION_ITEM() RATIONAL_B_SPLINE_CURVE((1.,
0.999756401397,1.)) REPRESENTATION_ITEM('') );
#4072 = CARTESIAN_POINT('',(13.686684920873,2.594863073429,74.));
#4073 = CARTESIAN_POINT('',(13.629399224562,2.897018236801,74.));
#4074 = CARTESIAN_POINT('',(13.558834735377,3.196350905617,74.));
#4075 = VECTOR('',#4076,1.);
#4076 = DIRECTION('',(-0.,-0.,-1.));
#4077 = ADVANCED_FACE('',(#4078),#4096,.F.);
#4078 = FACE_BOUND('',#4079,.F.);
#4079 = EDGE_LOOP('',(#4080,#4081,#4089,#4095));
#4080 = ORIENTED_EDGE('',*,*,#4064,.T.);
#4081 = ORIENTED_EDGE('',*,*,#4082,.T.);
#4082 = EDGE_CURVE('',#4057,#4083,#4085,.T.);
#4083 = VERTEX_POINT('',#4084);
#4084 = CARTESIAN_POINT('',(13.231215622603,3.363281181316,81.));
#4085 = ( BOUNDED_CURVE() B_SPLINE_CURVE(2,(#4086,#4087,#4088),
.UNSPECIFIED.,.F.,.F.) B_SPLINE_CURVE_WITH_KNOTS((3,3),(0.,
1.570796326795),.PIECEWISE_BEZIER_KNOTS.) CURVE() 
GEOMETRIC_REPRESENTATION_ITEM() RATIONAL_B_SPLINE_CURVE((1.,
0.707106781187,1.)) REPRESENTATION_ITEM('') );
#4086 = CARTESIAN_POINT('',(13.558834735377,3.196350905617,81.));
#4087 = CARTESIAN_POINT('',(13.478490316839,3.443625599854,81.));
#4088 = CARTESIAN_POINT('',(13.231215622603,3.363281181316,81.));
#4089 = ORIENTED_EDGE('',*,*,#4090,.F.);
#4090 = EDGE_CURVE('',#638,#4083,#4091,.T.);
#4091 = LINE('',#4092,#4093);
#4092 = CARTESIAN_POINT('',(13.231215622603,3.363281181316,74.));
#4093 = VECTOR('',#4094,1.);
#4094 = DIRECTION('',(0.,0.,1.));
#4095 = ORIENTED_EDGE('',*,*,#647,.F.);
#4096 = SURFACE_OF_LINEAR_EXTRUSION('',#4097,#4101);
#4097 = ( BOUNDED_CURVE() B_SPLINE_CURVE(2,(#4098,#4099,#4100),
.UNSPECIFIED.,.F.,.F.) B_SPLINE_CURVE_WITH_KNOTS((3,3),(0.,
1.570796326795),.PIECEWISE_BEZIER_KNOTS.) CURVE() 
GEOMETRIC_REPRESENTATION_ITEM() RATIONAL_B_SPLINE_CURVE((1.,
0.707106781187,1.)) REPRESENTATION_ITEM('') );
#4098 = CARTESIAN_POINT('',(13.558834735377,3.196350905617,74.));
#4099 = CARTESIAN_POINT('',(13.478490316839,3.443625599854,74.));
#4100 = CARTESIAN_POINT('',(13.231215622603,3.363281181316,74.));
#4101 = VECTOR('',#4102,1.);
#4102 = DIRECTION('',(-0.,-0.,-1.));
#4103 = ADVANCED_FACE('',(#4104),#4124,.F.);
#4104 = FACE_BOUND('',#4105,.F.);
#4105 = EDGE_LOOP('',(#4106,#4107,#4117,#4123));
#4106 = ORIENTED_EDGE('',*,*,#4090,.T.);
#4107 = ORIENTED_EDGE('',*,*,#4108,.T.);
#4108 = EDGE_CURVE('',#4083,#4109,#4111,.T.);
#4109 = VERTEX_POINT('',#4110);
#4110 = CARTESIAN_POINT('',(12.681165372615,5.056161780321,81.));
#4111 = ( BOUNDED_CURVE() B_SPLINE_CURVE(2,(#4112,#4113,#4114,#4115,
#4116),.UNSPECIFIED.,.F.,.F.) B_SPLINE_CURVE_WITH_KNOTS((3,2,3),(0.,
1.570796326795,3.14159265359),.PIECEWISE_BEZIER_KNOTS.) CURVE() 
GEOMETRIC_REPRESENTATION_ITEM() RATIONAL_B_SPLINE_CURVE((1.,
0.707106781187,1.,0.707106781187,1.)) REPRESENTATION_ITEM('') );
#4112 = CARTESIAN_POINT('',(13.231215622603,3.363281181316,81.));
#4113 = CARTESIAN_POINT('',(12.3847753231,3.088256056322,81.));
#4114 = CARTESIAN_POINT('',(12.109750198106,3.934696355825,81.));
#4115 = CARTESIAN_POINT('',(11.834725073113,4.781136655328,81.));
#4116 = CARTESIAN_POINT('',(12.681165372615,5.056161780321,81.));
#4117 = ORIENTED_EDGE('',*,*,#4118,.F.);
#4118 = EDGE_CURVE('',#630,#4109,#4119,.T.);
#4119 = LINE('',#4120,#4121);
#4120 = CARTESIAN_POINT('',(12.681165372615,5.056161780321,74.));
#4121 = VECTOR('',#4122,1.);
#4122 = DIRECTION('',(0.,0.,1.));
#4123 = ORIENTED_EDGE('',*,*,#637,.F.);
#4124 = SURFACE_OF_LINEAR_EXTRUSION('',#4125,#4131);
#4125 = ( BOUNDED_CURVE() B_SPLINE_CURVE(2,(#4126,#4127,#4128,#4129,
#4130),.UNSPECIFIED.,.F.,.F.) B_SPLINE_CURVE_WITH_KNOTS((3,2,3),(0.,
1.570796326795,3.14159265359),.PIECEWISE_BEZIER_KNOTS.) CURVE() 
GEOMETRIC_REPRESENTATION_ITEM() RATIONAL_B_SPLINE_CURVE((1.,
0.707106781187,1.,0.707106781187,1.)) REPRESENTATION_ITEM('') );
#4126 = CARTESIAN_POINT('',(13.231215622603,3.363281181316,74.));
#4127 = CARTESIAN_POINT('',(12.3847753231,3.088256056322,74.));
#4128 = CARTESIAN_POINT('',(12.109750198106,3.934696355825,74.));
#4129 = CARTESIAN_POINT('',(11.834725073113,4.781136655328,74.));
#4130 = CARTESIAN_POINT('',(12.681165372615,5.056161780321,74.));
#4131 = VECTOR('',#4132,1.);
#4132 = DIRECTION('',(-0.,-0.,-1.));
#4133 = ADVANCED_FACE('',(#4134),#4152,.F.);
#4134 = FACE_BOUND('',#4135,.F.);
#4135 = EDGE_LOOP('',(#4136,#4137,#4145,#4151));
#4136 = ORIENTED_EDGE('',*,*,#4118,.T.);
#4137 = ORIENTED_EDGE('',*,*,#4138,.T.);
#4138 = EDGE_CURVE('',#4109,#4139,#4141,.T.);
#4139 = VERTEX_POINT('',#4140);
#4140 = CARTESIAN_POINT('',(12.848095648314,5.383780893096,81.));
#4141 = ( BOUNDED_CURVE() B_SPLINE_CURVE(2,(#4142,#4143,#4144),
.UNSPECIFIED.,.F.,.F.) B_SPLINE_CURVE_WITH_KNOTS((3,3),(0.,
1.570796326795),.PIECEWISE_BEZIER_KNOTS.) CURVE() 
GEOMETRIC_REPRESENTATION_ITEM() RATIONAL_B_SPLINE_CURVE((1.,
0.707106781187,1.)) REPRESENTATION_ITEM('') );
#4142 = CARTESIAN_POINT('',(12.681165372615,5.056161780321,81.));
#4143 = CARTESIAN_POINT('',(12.928440066852,5.136506198859,81.));
#4144 = CARTESIAN_POINT('',(12.848095648314,5.383780893096,81.));
#4145 = ORIENTED_EDGE('',*,*,#4146,.F.);
#4146 = EDGE_CURVE('',#622,#4139,#4147,.T.);
#4147 = LINE('',#4148,#4149);
#4148 = CARTESIAN_POINT('',(12.848095648314,5.383780893096,74.));
#4149 = VECTOR('',#4150,1.);
#4150 = DIRECTION('',(0.,0.,1.));
#4151 = ORIENTED_EDGE('',*,*,#629,.F.);
#4152 = SURFACE_OF_LINEAR_EXTRUSION('',#4153,#4157);
#4153 = ( BOUNDED_CURVE() B_SPLINE_CURVE(2,(#4154,#4155,#4156),
.UNSPECIFIED.,.F.,.F.) B_SPLINE_CURVE_WITH_KNOTS((3,3),(0.,
1.570796326795),.PIECEWISE_BEZIER_KNOTS.) CURVE() 
GEOMETRIC_REPRESENTATION_ITEM() RATIONAL_B_SPLINE_CURVE((1.,
0.707106781187,1.)) REPRESENTATION_ITEM('') );
#4154 = CARTESIAN_POINT('',(12.681165372615,5.056161780321,74.));
#4155 = CARTESIAN_POINT('',(12.928440066852,5.136506198859,74.));
#4156 = CARTESIAN_POINT('',(12.848095648314,5.383780893096,74.));
#4157 = VECTOR('',#4158,1.);
#4158 = DIRECTION('',(-0.,-0.,-1.));
#4159 = ADVANCED_FACE('',(#4160),#4178,.F.);
#4160 = FACE_BOUND('',#4161,.F.);
#4161 = EDGE_LOOP('',(#4162,#4163,#4171,#4177));
#4162 = ORIENTED_EDGE('',*,*,#4146,.T.);
#4163 = ORIENTED_EDGE('',*,*,#4164,.T.);
#4164 = EDGE_CURVE('',#4139,#4165,#4167,.T.);
#4165 = VERTEX_POINT('',#4166);
#4166 = CARTESIAN_POINT('',(12.597982943921,5.945543224783,81.));
#4167 = ( BOUNDED_CURVE() B_SPLINE_CURVE(2,(#4168,#4169,#4170),
.UNSPECIFIED.,.F.,.F.) B_SPLINE_CURVE_WITH_KNOTS((3,3),(0.,
4.414598448277E-02),.PIECEWISE_BEZIER_KNOTS.) CURVE() 
GEOMETRIC_REPRESENTATION_ITEM() RATIONAL_B_SPLINE_CURVE((1.,
0.999756401397,1.)) REPRESENTATION_ITEM('') );
#4168 = CARTESIAN_POINT('',(12.848095648314,5.383780893096,81.));
#4169 = CARTESIAN_POINT('',(12.729240191006,5.667422875218,81.));
#4170 = CARTESIAN_POINT('',(12.597982943921,5.945543224783,81.));
#4171 = ORIENTED_EDGE('',*,*,#4172,.F.);
#4172 = EDGE_CURVE('',#614,#4165,#4173,.T.);
#4173 = LINE('',#4174,#4175);
#4174 = CARTESIAN_POINT('',(12.597982943921,5.945543224783,74.));
#4175 = VECTOR('',#4176,1.);
#4176 = DIRECTION('',(0.,0.,1.));
#4177 = ORIENTED_EDGE('',*,*,#621,.F.);
#4178 = SURFACE_OF_LINEAR_EXTRUSION('',#4179,#4183);
#4179 = ( BOUNDED_CURVE() B_SPLINE_CURVE(2,(#4180,#4181,#4182),
.UNSPECIFIED.,.F.,.F.) B_SPLINE_CURVE_WITH_KNOTS((3,3),(0.,
4.414598448277E-02),.PIECEWISE_BEZIER_KNOTS.) CURVE() 
GEOMETRIC_REPRESENTATION_ITEM() RATIONAL_B_SPLINE_CURVE((1.,
0.999756401397,1.)) REPRESENTATION_ITEM('') );
#4180 = CARTESIAN_POINT('',(12.848095648314,5.383780893096,74.));
#4181 = CARTESIAN_POINT('',(12.729240191006,5.667422875218,74.));
#4182 = CARTESIAN_POINT('',(12.597982943921,5.945543224783,74.));
#4183 = VECTOR('',#4184,1.);
#4184 = DIRECTION('',(-0.,-0.,-1.));
#4185 = ADVANCED_FACE('',(#4186),#4204,.F.);
#4186 = FACE_BOUND('',#4187,.F.);
#4187 = EDGE_LOOP('',(#4188,#4189,#4197,#4203));
#4188 = ORIENTED_EDGE('',*,*,#4172,.T.);
#4189 = ORIENTED_EDGE('',*,*,#4190,.T.);
#4190 = EDGE_CURVE('',#4165,#4191,#4193,.T.);
#4191 = VERTEX_POINT('',#4192);
#4192 = CARTESIAN_POINT('',(12.242816338937,6.040709829767,81.));
#4193 = ( BOUNDED_CURVE() B_SPLINE_CURVE(2,(#4194,#4195,#4196),
.UNSPECIFIED.,.F.,.F.) B_SPLINE_CURVE_WITH_KNOTS((3,3),(0.,
1.570796326795),.PIECEWISE_BEZIER_KNOTS.) CURVE() 
GEOMETRIC_REPRESENTATION_ITEM() RATIONAL_B_SPLINE_CURVE((1.,
0.707106781187,1.)) REPRESENTATION_ITEM('') );
#4194 = CARTESIAN_POINT('',(12.597982943921,5.945543224783,81.));
#4195 = CARTESIAN_POINT('',(12.467982943921,6.170709829767,81.));
#4196 = CARTESIAN_POINT('',(12.242816338937,6.040709829767,81.));
#4197 = ORIENTED_EDGE('',*,*,#4198,.F.);
#4198 = EDGE_CURVE('',#604,#4191,#4199,.T.);
#4199 = LINE('',#4200,#4201);
#4200 = CARTESIAN_POINT('',(12.242816338937,6.040709829767,74.));
#4201 = VECTOR('',#4202,1.);
#4202 = DIRECTION('',(0.,0.,1.));
#4203 = ORIENTED_EDGE('',*,*,#613,.F.);
#4204 = SURFACE_OF_LINEAR_EXTRUSION('',#4205,#4209);
#4205 = ( BOUNDED_CURVE() B_SPLINE_CURVE(2,(#4206,#4207,#4208),
.UNSPECIFIED.,.F.,.F.) B_SPLINE_CURVE_WITH_KNOTS((3,3),(0.,
1.570796326795),.PIECEWISE_BEZIER_KNOTS.) CURVE() 
GEOMETRIC_REPRESENTATION_ITEM() RATIONAL_B_SPLINE_CURVE((1.,
0.707106781187,1.)) REPRESENTATION_ITEM('') );
#4206 = CARTESIAN_POINT('',(12.597982943921,5.945543224783,74.));
#4207 = CARTESIAN_POINT('',(12.467982943921,6.170709829767,74.));
#4208 = CARTESIAN_POINT('',(12.242816338937,6.040709829767,74.));
#4209 = VECTOR('',#4210,1.);
#4210 = DIRECTION('',(-0.,-0.,-1.));
#4211 = ADVANCED_FACE('',(#4212),#4232,.F.);
#4212 = FACE_BOUND('',#4213,.F.);
#4213 = EDGE_LOOP('',(#4214,#4215,#4225,#4231));
#4214 = ORIENTED_EDGE('',*,*,#4198,.T.);
#4215 = ORIENTED_EDGE('',*,*,#4216,.T.);
#4216 = EDGE_CURVE('',#4191,#4217,#4219,.T.);
#4217 = VERTEX_POINT('',#4218);
#4218 = CARTESIAN_POINT('',(11.352816338937,7.582235048503,81.));
#4219 = ( BOUNDED_CURVE() B_SPLINE_CURVE(2,(#4220,#4221,#4222,#4223,
#4224),.UNSPECIFIED.,.F.,.F.) B_SPLINE_CURVE_WITH_KNOTS((3,2,3),(0.,
1.570796326795,3.14159265359),.PIECEWISE_BEZIER_KNOTS.) CURVE() 
GEOMETRIC_REPRESENTATION_ITEM() RATIONAL_B_SPLINE_CURVE((1.,
0.707106781187,1.,0.707106781187,1.)) REPRESENTATION_ITEM('') );
#4220 = CARTESIAN_POINT('',(12.242816338937,6.040709829767,81.));
#4221 = CARTESIAN_POINT('',(11.472053729569,5.595709829767,81.));
#4222 = CARTESIAN_POINT('',(11.027053729569,6.366472439135,81.));
#4223 = CARTESIAN_POINT('',(10.582053729569,7.137235048503,81.));
#4224 = CARTESIAN_POINT('',(11.352816338937,7.582235048503,81.));
#4225 = ORIENTED_EDGE('',*,*,#4226,.F.);
#4226 = EDGE_CURVE('',#596,#4217,#4227,.T.);
#4227 = LINE('',#4228,#4229);
#4228 = CARTESIAN_POINT('',(11.352816338937,7.582235048503,74.));
#4229 = VECTOR('',#4230,1.);
#4230 = DIRECTION('',(0.,0.,1.));
#4231 = ORIENTED_EDGE('',*,*,#603,.F.);
#4232 = SURFACE_OF_LINEAR_EXTRUSION('',#4233,#4239);
#4233 = ( BOUNDED_CURVE() B_SPLINE_CURVE(2,(#4234,#4235,#4236,#4237,
#4238),.UNSPECIFIED.,.F.,.F.) B_SPLINE_CURVE_WITH_KNOTS((3,2,3),(0.,
1.570796326795,3.14159265359),.PIECEWISE_BEZIER_KNOTS.) CURVE() 
GEOMETRIC_REPRESENTATION_ITEM() RATIONAL_B_SPLINE_CURVE((1.,
0.707106781187,1.,0.707106781187,1.)) REPRESENTATION_ITEM('') );
#4234 = CARTESIAN_POINT('',(12.242816338937,6.040709829767,74.));
#4235 = CARTESIAN_POINT('',(11.472053729569,5.595709829767,74.));
#4236 = CARTESIAN_POINT('',(11.027053729569,6.366472439135,74.));
#4237 = CARTESIAN_POINT('',(10.582053729569,7.137235048503,74.));
#4238 = CARTESIAN_POINT('',(11.352816338937,7.582235048503,74.));
#4239 = VECTOR('',#4240,1.);
#4240 = DIRECTION('',(-0.,-0.,-1.));
#4241 = ADVANCED_FACE('',(#4242),#4260,.F.);
#4242 = FACE_BOUND('',#4243,.F.);
#4243 = EDGE_LOOP('',(#4244,#4245,#4253,#4259));
#4244 = ORIENTED_EDGE('',*,*,#4226,.T.);
#4245 = ORIENTED_EDGE('',*,*,#4246,.T.);
#4246 = EDGE_CURVE('',#4217,#4247,#4249,.T.);
#4247 = VERTEX_POINT('',#4248);
#4248 = CARTESIAN_POINT('',(11.447982943921,7.937401653487,81.));
#4249 = ( BOUNDED_CURVE() B_SPLINE_CURVE(2,(#4250,#4251,#4252),
.UNSPECIFIED.,.F.,.F.) B_SPLINE_CURVE_WITH_KNOTS((3,3),(0.,
1.570796326795),.PIECEWISE_BEZIER_KNOTS.) CURVE() 
GEOMETRIC_REPRESENTATION_ITEM() RATIONAL_B_SPLINE_CURVE((1.,
0.707106781187,1.)) REPRESENTATION_ITEM('') );
#4250 = CARTESIAN_POINT('',(11.352816338937,7.582235048503,81.));
#4251 = CARTESIAN_POINT('',(11.577982943921,7.712235048503,81.));
#4252 = CARTESIAN_POINT('',(11.447982943921,7.937401653487,81.));
#4253 = ORIENTED_EDGE('',*,*,#4254,.F.);
#4254 = EDGE_CURVE('',#588,#4247,#4255,.T.);
#4255 = LINE('',#4256,#4257);
#4256 = CARTESIAN_POINT('',(11.447982943921,7.937401653487,74.));
#4257 = VECTOR('',#4258,1.);
#4258 = DIRECTION('',(0.,0.,1.));
#4259 = ORIENTED_EDGE('',*,*,#595,.F.);
#4260 = SURFACE_OF_LINEAR_EXTRUSION('',#4261,#4265);
#4261 = ( BOUNDED_CURVE() B_SPLINE_CURVE(2,(#4262,#4263,#4264),
.UNSPECIFIED.,.F.,.F.) B_SPLINE_CURVE_WITH_KNOTS((3,3),(0.,
1.570796326795),.PIECEWISE_BEZIER_KNOTS.) CURVE() 
GEOMETRIC_REPRESENTATION_ITEM() RATIONAL_B_SPLINE_CURVE((1.,
0.707106781187,1.)) REPRESENTATION_ITEM('') );
#4262 = CARTESIAN_POINT('',(11.352816338937,7.582235048503,74.));
#4263 = CARTESIAN_POINT('',(11.577982943921,7.712235048503,74.));
#4264 = CARTESIAN_POINT('',(11.447982943921,7.937401653487,74.));
#4265 = VECTOR('',#4266,1.);
#4266 = DIRECTION('',(-0.,-0.,-1.));
#4267 = ADVANCED_FACE('',(#4268),#4286,.F.);
#4268 = FACE_BOUND('',#4269,.F.);
#4269 = EDGE_LOOP('',(#4270,#4271,#4279,#4285));
#4270 = ORIENTED_EDGE('',*,*,#4254,.T.);
#4271 = ORIENTED_EDGE('',*,*,#4272,.T.);
#4272 = EDGE_CURVE('',#4247,#4273,#4275,.T.);
#4273 = VERTEX_POINT('',#4274);
#4274 = CARTESIAN_POINT('',(11.086538845987,8.434886775145,81.));
#4275 = ( BOUNDED_CURVE() B_SPLINE_CURVE(2,(#4276,#4277,#4278),
.UNSPECIFIED.,.F.,.F.) B_SPLINE_CURVE_WITH_KNOTS((3,3),(0.,
4.414598448277E-02),.PIECEWISE_BEZIER_KNOTS.) CURVE() 
GEOMETRIC_REPRESENTATION_ITEM() RATIONAL_B_SPLINE_CURVE((1.,
0.999756401397,1.)) REPRESENTATION_ITEM('') );
#4276 = CARTESIAN_POINT('',(11.447982943921,7.937401653487,81.));
#4277 = CARTESIAN_POINT('',(11.272752279431,8.190133938676,81.));
#4278 = CARTESIAN_POINT('',(11.086538845987,8.434886775145,81.));
#4279 = ORIENTED_EDGE('',*,*,#4280,.F.);
#4280 = EDGE_CURVE('',#580,#4273,#4281,.T.);
#4281 = LINE('',#4282,#4283);
#4282 = CARTESIAN_POINT('',(11.086538845987,8.434886775145,74.));
#4283 = VECTOR('',#4284,1.);
#4284 = DIRECTION('',(0.,0.,1.));
#4285 = ORIENTED_EDGE('',*,*,#587,.F.);
#4286 = SURFACE_OF_LINEAR_EXTRUSION('',#4287,#4291);
#4287 = ( BOUNDED_CURVE() B_SPLINE_CURVE(2,(#4288,#4289,#4290),
.UNSPECIFIED.,.F.,.F.) B_SPLINE_CURVE_WITH_KNOTS((3,3),(0.,
4.414598448277E-02),.PIECEWISE_BEZIER_KNOTS.) CURVE() 
GEOMETRIC_REPRESENTATION_ITEM() RATIONAL_B_SPLINE_CURVE((1.,
0.999756401397,1.)) REPRESENTATION_ITEM('') );
#4288 = CARTESIAN_POINT('',(11.447982943921,7.937401653487,74.));
#4289 = CARTESIAN_POINT('',(11.272752279431,8.190133938676,74.));
#4290 = CARTESIAN_POINT('',(11.086538845987,8.434886775145,74.));
#4291 = VECTOR('',#4292,1.);
#4292 = DIRECTION('',(-0.,-0.,-1.));
#4293 = ADVANCED_FACE('',(#4294),#4312,.F.);
#4294 = FACE_BOUND('',#4295,.F.);
#4295 = EDGE_LOOP('',(#4296,#4297,#4305,#4311));
#4296 = ORIENTED_EDGE('',*,*,#4280,.T.);
#4297 = ORIENTED_EDGE('',*,*,#4298,.T.);
#4298 = EDGE_CURVE('',#4273,#4299,#4301,.T.);
#4299 = VERTEX_POINT('',#4300);
#4300 = CARTESIAN_POINT('',(10.71934723371,8.454130472116,81.));
#4301 = ( BOUNDED_CURVE() B_SPLINE_CURVE(2,(#4302,#4303,#4304),
.UNSPECIFIED.,.F.,.F.) B_SPLINE_CURVE_WITH_KNOTS((3,3),(0.,
1.570796326795),.PIECEWISE_BEZIER_KNOTS.) CURVE() 
GEOMETRIC_REPRESENTATION_ITEM() RATIONAL_B_SPLINE_CURVE((1.,
0.707106781187,1.)) REPRESENTATION_ITEM('') );
#4302 = CARTESIAN_POINT('',(11.086538845987,8.434886775145,81.));
#4303 = CARTESIAN_POINT('',(10.912564888334,8.628104429769,81.));
#4304 = CARTESIAN_POINT('',(10.71934723371,8.454130472116,81.));
#4305 = ORIENTED_EDGE('',*,*,#4306,.F.);
#4306 = EDGE_CURVE('',#570,#4299,#4307,.T.);
#4307 = LINE('',#4308,#4309);
#4308 = CARTESIAN_POINT('',(10.71934723371,8.454130472116,74.));
#4309 = VECTOR('',#4310,1.);
#4310 = DIRECTION('',(0.,0.,1.));
#4311 = ORIENTED_EDGE('',*,*,#579,.F.);
#4312 = SURFACE_OF_LINEAR_EXTRUSION('',#4313,#4317);
#4313 = ( BOUNDED_CURVE() B_SPLINE_CURVE(2,(#4314,#4315,#4316),
.UNSPECIFIED.,.F.,.F.) B_SPLINE_CURVE_WITH_KNOTS((3,3),(0.,
1.570796326795),.PIECEWISE_BEZIER_KNOTS.) CURVE() 
GEOMETRIC_REPRESENTATION_ITEM() RATIONAL_B_SPLINE_CURVE((1.,
0.707106781187,1.)) REPRESENTATION_ITEM('') );
#4314 = CARTESIAN_POINT('',(11.086538845987,8.434886775145,74.));
#4315 = CARTESIAN_POINT('',(10.912564888334,8.628104429769,74.));
#4316 = CARTESIAN_POINT('',(10.71934723371,8.454130472116,74.));
#4317 = VECTOR('',#4318,1.);
#4318 = DIRECTION('',(-0.,-0.,-1.));
#4319 = ADVANCED_FACE('',(#4320),#4340,.F.);
#4320 = FACE_BOUND('',#4321,.F.);
#4321 = EDGE_LOOP('',(#4322,#4323,#4333,#4339));
#4322 = ORIENTED_EDGE('',*,*,#4306,.T.);
#4323 = ORIENTED_EDGE('',*,*,#4324,.T.);
#4324 = EDGE_CURVE('',#4299,#4325,#4327,.T.);
#4325 = VERTEX_POINT('',#4326);
#4326 = CARTESIAN_POINT('',(9.528294754391,9.776928261465,81.));
#4327 = ( BOUNDED_CURVE() B_SPLINE_CURVE(2,(#4328,#4329,#4330,#4331,
#4332),.UNSPECIFIED.,.F.,.F.) B_SPLINE_CURVE_WITH_KNOTS((3,2,3),(0.,
1.570796326795,3.14159265359),.PIECEWISE_BEZIER_KNOTS.) CURVE() 
GEOMETRIC_REPRESENTATION_ITEM() RATIONAL_B_SPLINE_CURVE((1.,
0.707106781187,1.,0.707106781187,1.)) REPRESENTATION_ITEM('') );
#4328 = CARTESIAN_POINT('',(10.71934723371,8.454130472116,81.));
#4329 = CARTESIAN_POINT('',(10.057948339035,7.858604232456,81.));
#4330 = CARTESIAN_POINT('',(9.462422099376,8.520003127131,81.));
#4331 = CARTESIAN_POINT('',(8.866895859716,9.181402021806,81.));
#4332 = CARTESIAN_POINT('',(9.528294754391,9.776928261465,81.));
#4333 = ORIENTED_EDGE('',*,*,#4334,.F.);
#4334 = EDGE_CURVE('',#562,#4325,#4335,.T.);
#4335 = LINE('',#4336,#4337);
#4336 = CARTESIAN_POINT('',(9.528294754391,9.776928261465,74.));
#4337 = VECTOR('',#4338,1.);
#4338 = DIRECTION('',(0.,0.,1.));
#4339 = ORIENTED_EDGE('',*,*,#569,.F.);
#4340 = SURFACE_OF_LINEAR_EXTRUSION('',#4341,#4347);
#4341 = ( BOUNDED_CURVE() B_SPLINE_CURVE(2,(#4342,#4343,#4344,#4345,
#4346),.UNSPECIFIED.,.F.,.F.) B_SPLINE_CURVE_WITH_KNOTS((3,2,3),(0.,
1.570796326795,3.14159265359),.PIECEWISE_BEZIER_KNOTS.) CURVE() 
GEOMETRIC_REPRESENTATION_ITEM() RATIONAL_B_SPLINE_CURVE((1.,
0.707106781187,1.,0.707106781187,1.)) REPRESENTATION_ITEM('') );
#4342 = CARTESIAN_POINT('',(10.71934723371,8.454130472116,74.));
#4343 = CARTESIAN_POINT('',(10.057948339035,7.858604232456,74.));
#4344 = CARTESIAN_POINT('',(9.462422099376,8.520003127131,74.));
#4345 = CARTESIAN_POINT('',(8.866895859716,9.181402021806,74.));
#4346 = CARTESIAN_POINT('',(9.528294754391,9.776928261465,74.));
#4347 = VECTOR('',#4348,1.);
#4348 = DIRECTION('',(-0.,-0.,-1.));
#4349 = ADVANCED_FACE('',(#4350),#4368,.F.);
#4350 = FACE_BOUND('',#4351,.F.);
#4351 = EDGE_LOOP('',(#4352,#4353,#4361,#4367));
#4352 = ORIENTED_EDGE('',*,*,#4334,.T.);
#4353 = ORIENTED_EDGE('',*,*,#4354,.T.);
#4354 = EDGE_CURVE('',#4325,#4355,#4357,.T.);
#4355 = VERTEX_POINT('',#4356);
#4356 = CARTESIAN_POINT('',(9.547538451362,10.144119873743,81.));
#4357 = ( BOUNDED_CURVE() B_SPLINE_CURVE(2,(#4358,#4359,#4360),
.UNSPECIFIED.,.F.,.F.) B_SPLINE_CURVE_WITH_KNOTS((3,3),(0.,
1.570796326795),.PIECEWISE_BEZIER_KNOTS.) CURVE() 
GEOMETRIC_REPRESENTATION_ITEM() RATIONAL_B_SPLINE_CURVE((1.,
0.707106781187,1.)) REPRESENTATION_ITEM('') );
#4358 = CARTESIAN_POINT('',(9.528294754391,9.776928261465,81.));
#4359 = CARTESIAN_POINT('',(9.721512409015,9.950902219119,81.));
#4360 = CARTESIAN_POINT('',(9.547538451362,10.144119873743,81.));
#4361 = ORIENTED_EDGE('',*,*,#4362,.F.);
#4362 = EDGE_CURVE('',#554,#4355,#4363,.T.);
#4363 = LINE('',#4364,#4365);
#4364 = CARTESIAN_POINT('',(9.547538451362,10.144119873743,74.));
#4365 = VECTOR('',#4366,1.);
#4366 = DIRECTION('',(0.,0.,1.));
#4367 = ORIENTED_EDGE('',*,*,#561,.F.);
#4368 = SURFACE_OF_LINEAR_EXTRUSION('',#4369,#4373);
#4369 = ( BOUNDED_CURVE() B_SPLINE_CURVE(2,(#4370,#4371,#4372),
.UNSPECIFIED.,.F.,.F.) B_SPLINE_CURVE_WITH_KNOTS((3,3),(0.,
1.570796326795),.PIECEWISE_BEZIER_KNOTS.) CURVE() 
GEOMETRIC_REPRESENTATION_ITEM() RATIONAL_B_SPLINE_CURVE((1.,
0.707106781187,1.)) REPRESENTATION_ITEM('') );
#4370 = CARTESIAN_POINT('',(9.528294754391,9.776928261465,74.));
#4371 = CARTESIAN_POINT('',(9.721512409015,9.950902219119,74.));
#4372 = CARTESIAN_POINT('',(9.547538451362,10.144119873743,74.));
#4373 = VECTOR('',#4374,1.);
#4374 = DIRECTION('',(-0.,-0.,-1.));
#4375 = ADVANCED_FACE('',(#4376),#4394,.F.);
#4376 = FACE_BOUND('',#4377,.F.);
#4377 = EDGE_LOOP('',(#4378,#4379,#4387,#4393));
#4378 = ORIENTED_EDGE('',*,*,#4362,.T.);
#4379 = ORIENTED_EDGE('',*,*,#4380,.T.);
#4380 = EDGE_CURVE('',#4355,#4381,#4383,.T.);
#4381 = VERTEX_POINT('',#4382);
#4382 = CARTESIAN_POINT('',(9.090559801368,10.555585298355,81.));
#4383 = ( BOUNDED_CURVE() B_SPLINE_CURVE(2,(#4384,#4385,#4386),
.UNSPECIFIED.,.F.,.F.) B_SPLINE_CURVE_WITH_KNOTS((3,3),(0.,
4.414598448277E-02),.PIECEWISE_BEZIER_KNOTS.) CURVE() 
GEOMETRIC_REPRESENTATION_ITEM() RATIONAL_B_SPLINE_CURVE((1.,
0.999756401397,1.)) REPRESENTATION_ITEM('') );
#4384 = CARTESIAN_POINT('',(9.547538451362,10.144119873743,81.));
#4385 = CARTESIAN_POINT('',(9.323591000578,10.35489684839,81.));
#4386 = CARTESIAN_POINT('',(9.090559801368,10.555585298355,81.));
#4387 = ORIENTED_EDGE('',*,*,#4388,.F.);
#4388 = EDGE_CURVE('',#546,#4381,#4389,.T.);
#4389 = LINE('',#4390,#4391);
#4390 = CARTESIAN_POINT('',(9.090559801368,10.555585298355,74.));
#4391 = VECTOR('',#4392,1.);
#4392 = DIRECTION('',(0.,0.,1.));
#4393 = ORIENTED_EDGE('',*,*,#553,.F.);
#4394 = SURFACE_OF_LINEAR_EXTRUSION('',#4395,#4399);
#4395 = ( BOUNDED_CURVE() B_SPLINE_CURVE(2,(#4396,#4397,#4398),
.UNSPECIFIED.,.F.,.F.) B_SPLINE_CURVE_WITH_KNOTS((3,3),(0.,
4.414598448277E-02),.PIECEWISE_BEZIER_KNOTS.) CURVE() 
GEOMETRIC_REPRESENTATION_ITEM() RATIONAL_B_SPLINE_CURVE((1.,
0.999756401397,1.)) REPRESENTATION_ITEM('') );
#4396 = CARTESIAN_POINT('',(9.547538451362,10.144119873743,74.));
#4397 = CARTESIAN_POINT('',(9.323591000578,10.35489684839,74.));
#4398 = CARTESIAN_POINT('',(9.090559801368,10.555585298355,74.));
#4399 = VECTOR('',#4400,1.);
#4400 = DIRECTION('',(-0.,-0.,-1.));
#4401 = ADVANCED_FACE('',(#4402),#4420,.F.);
#4402 = FACE_BOUND('',#4403,.F.);
#4403 = EDGE_LOOP('',(#4404,#4405,#4413,#4419));
#4404 = ORIENTED_EDGE('',*,*,#4388,.T.);
#4405 = ORIENTED_EDGE('',*,*,#4406,.T.);
#4406 = EDGE_CURVE('',#4381,#4407,#4409,.T.);
#4407 = VERTEX_POINT('',#4408);
#4408 = CARTESIAN_POINT('',(8.727391217234,10.498065045414,81.));
#4409 = ( BOUNDED_CURVE() B_SPLINE_CURVE(2,(#4410,#4411,#4412),
.UNSPECIFIED.,.F.,.F.) B_SPLINE_CURVE_WITH_KNOTS((3,3),(0.,
1.570796326795),.PIECEWISE_BEZIER_KNOTS.) CURVE() 
GEOMETRIC_REPRESENTATION_ITEM() RATIONAL_B_SPLINE_CURVE((1.,
0.707106781187,1.)) REPRESENTATION_ITEM('') );
#4410 = CARTESIAN_POINT('',(9.090559801368,10.555585298355,81.));
#4411 = CARTESIAN_POINT('',(8.88021538283,10.708409463951,81.));
#4412 = CARTESIAN_POINT('',(8.727391217234,10.498065045414,81.));
#4413 = ORIENTED_EDGE('',*,*,#4414,.F.);
#4414 = EDGE_CURVE('',#536,#4407,#4415,.T.);
#4415 = LINE('',#4416,#4417);
#4416 = CARTESIAN_POINT('',(8.727391217234,10.498065045414,74.));
#4417 = VECTOR('',#4418,1.);
#4418 = DIRECTION('',(0.,0.,1.));
#4419 = ORIENTED_EDGE('',*,*,#545,.F.);
#4420 = SURFACE_OF_LINEAR_EXTRUSION('',#4421,#4425);
#4421 = ( BOUNDED_CURVE() B_SPLINE_CURVE(2,(#4422,#4423,#4424),
.UNSPECIFIED.,.F.,.F.) B_SPLINE_CURVE_WITH_KNOTS((3,3),(0.,
1.570796326795),.PIECEWISE_BEZIER_KNOTS.) CURVE() 
GEOMETRIC_REPRESENTATION_ITEM() RATIONAL_B_SPLINE_CURVE((1.,
0.707106781187,1.)) REPRESENTATION_ITEM('') );
#4422 = CARTESIAN_POINT('',(9.090559801368,10.555585298355,74.));
#4423 = CARTESIAN_POINT('',(8.88021538283,10.708409463951,74.));
#4424 = CARTESIAN_POINT('',(8.727391217234,10.498065045414,74.));
#4425 = VECTOR('',#4426,1.);
#4426 = DIRECTION('',(-0.,-0.,-1.));
#4427 = ADVANCED_FACE('',(#4428),#4448,.F.);
#4428 = FACE_BOUND('',#4429,.F.);
#4429 = EDGE_LOOP('',(#4430,#4431,#4441,#4447));
#4430 = ORIENTED_EDGE('',*,*,#4414,.T.);
#4431 = ORIENTED_EDGE('',*,*,#4432,.T.);
#4432 = EDGE_CURVE('',#4407,#4433,#4435,.T.);
#4433 = VERTEX_POINT('',#4434);
#4434 = CARTESIAN_POINT('',(7.287340967247,11.544322794494,81.));
#4435 = ( BOUNDED_CURVE() B_SPLINE_CURVE(2,(#4436,#4437,#4438,#4439,
#4440),.UNSPECIFIED.,.F.,.F.) B_SPLINE_CURVE_WITH_KNOTS((3,2,3),(0.,
1.570796326795,3.14159265359),.PIECEWISE_BEZIER_KNOTS.) CURVE() 
GEOMETRIC_REPRESENTATION_ITEM() RATIONAL_B_SPLINE_CURVE((1.,
0.707106781187,1.,0.707106781187,1.)) REPRESENTATION_ITEM('') );
#4436 = CARTESIAN_POINT('',(8.727391217234,10.498065045414,81.));
#4437 = CARTESIAN_POINT('',(8.204262342694,9.77803992042,81.));
#4438 = CARTESIAN_POINT('',(7.4842372177,10.30116879496,81.));
#4439 = CARTESIAN_POINT('',(6.764212092707,10.824297669501,81.));
#4440 = CARTESIAN_POINT('',(7.287340967247,11.544322794494,81.));
#4441 = ORIENTED_EDGE('',*,*,#4442,.F.);
#4442 = EDGE_CURVE('',#528,#4433,#4443,.T.);
#4443 = LINE('',#4444,#4445);
#4444 = CARTESIAN_POINT('',(7.287340967247,11.544322794494,74.));
#4445 = VECTOR('',#4446,1.);
#4446 = DIRECTION('',(0.,0.,1.));
#4447 = ORIENTED_EDGE('',*,*,#535,.F.);
#4448 = SURFACE_OF_LINEAR_EXTRUSION('',#4449,#4455);
#4449 = ( BOUNDED_CURVE() B_SPLINE_CURVE(2,(#4450,#4451,#4452,#4453,
#4454),.UNSPECIFIED.,.F.,.F.) B_SPLINE_CURVE_WITH_KNOTS((3,2,3),(0.,
1.570796326795,3.14159265359),.PIECEWISE_BEZIER_KNOTS.) CURVE() 
GEOMETRIC_REPRESENTATION_ITEM() RATIONAL_B_SPLINE_CURVE((1.,
0.707106781187,1.,0.707106781187,1.)) REPRESENTATION_ITEM('') );
#4450 = CARTESIAN_POINT('',(8.727391217234,10.498065045414,74.));
#4451 = CARTESIAN_POINT('',(8.204262342694,9.77803992042,74.));
#4452 = CARTESIAN_POINT('',(7.4842372177,10.30116879496,74.));
#4453 = CARTESIAN_POINT('',(6.764212092707,10.824297669501,74.));
#4454 = CARTESIAN_POINT('',(7.287340967247,11.544322794494,74.));
#4455 = VECTOR('',#4456,1.);
#4456 = DIRECTION('',(-0.,-0.,-1.));
#4457 = ADVANCED_FACE('',(#4458),#4476,.F.);
#4458 = FACE_BOUND('',#4459,.F.);
#4459 = EDGE_LOOP('',(#4460,#4461,#4469,#4475));
#4460 = ORIENTED_EDGE('',*,*,#4442,.T.);
#4461 = ORIENTED_EDGE('',*,*,#4462,.T.);
#4462 = EDGE_CURVE('',#4433,#4463,#4465,.T.);
#4463 = VERTEX_POINT('',#4464);
#4464 = CARTESIAN_POINT('',(7.229820714306,11.907491378628,81.));
#4465 = ( BOUNDED_CURVE() B_SPLINE_CURVE(2,(#4466,#4467,#4468),
.UNSPECIFIED.,.F.,.F.) B_SPLINE_CURVE_WITH_KNOTS((3,3),(0.,
1.570796326795),.PIECEWISE_BEZIER_KNOTS.) CURVE() 
GEOMETRIC_REPRESENTATION_ITEM() RATIONAL_B_SPLINE_CURVE((1.,
0.707106781187,1.)) REPRESENTATION_ITEM('') );
#4466 = CARTESIAN_POINT('',(7.287340967247,11.544322794494,81.));
#4467 = CARTESIAN_POINT('',(7.440165132843,11.754667213032,81.));
#4468 = CARTESIAN_POINT('',(7.229820714306,11.907491378628,81.));
#4469 = ORIENTED_EDGE('',*,*,#4470,.F.);
#4470 = EDGE_CURVE('',#520,#4463,#4471,.T.);
#4471 = LINE('',#4472,#4473);
#4472 = CARTESIAN_POINT('',(7.229820714306,11.907491378628,74.));
#4473 = VECTOR('',#4474,1.);
#4474 = DIRECTION('',(0.,0.,1.));
#4475 = ORIENTED_EDGE('',*,*,#527,.F.);
#4476 = SURFACE_OF_LINEAR_EXTRUSION('',#4477,#4481);
#4477 = ( BOUNDED_CURVE() B_SPLINE_CURVE(2,(#4478,#4479,#4480),
.UNSPECIFIED.,.F.,.F.) B_SPLINE_CURVE_WITH_KNOTS((3,3),(0.,
1.570796326795),.PIECEWISE_BEZIER_KNOTS.) CURVE() 
GEOMETRIC_REPRESENTATION_ITEM() RATIONAL_B_SPLINE_CURVE((1.,
0.707106781187,1.)) REPRESENTATION_ITEM('') );
#4478 = CARTESIAN_POINT('',(7.287340967247,11.544322794494,74.));
#4479 = CARTESIAN_POINT('',(7.440165132843,11.754667213032,74.));
#4480 = CARTESIAN_POINT('',(7.229820714306,11.907491378628,74.));
#4481 = VECTOR('',#4482,1.);
#4482 = DIRECTION('',(-0.,-0.,-1.));
#4483 = ADVANCED_FACE('',(#4484),#4502,.F.);
#4484 = FACE_BOUND('',#4485,.F.);
#4485 = EDGE_LOOP('',(#4486,#4487,#4495,#4501));
#4486 = ORIENTED_EDGE('',*,*,#4470,.T.);
#4487 = ORIENTED_EDGE('',*,*,#4488,.T.);
#4488 = EDGE_CURVE('',#4463,#4489,#4491,.T.);
#4489 = VERTEX_POINT('',#4490);
#4490 = CARTESIAN_POINT('',(6.697279672083,12.21495409271,81.));
#4491 = ( BOUNDED_CURVE() B_SPLINE_CURVE(2,(#4492,#4493,#4494),
.UNSPECIFIED.,.F.,.F.) B_SPLINE_CURVE_WITH_KNOTS((3,3),(0.,
4.414598448277E-02),.PIECEWISE_BEZIER_KNOTS.) CURVE() 
GEOMETRIC_REPRESENTATION_ITEM() RATIONAL_B_SPLINE_CURVE((1.,
0.999756401397,1.)) REPRESENTATION_ITEM('') );
#4492 = CARTESIAN_POINT('',(7.229820714306,11.907491378628,81.));
#4493 = CARTESIAN_POINT('',(6.966944055446,12.067101077522,81.));
#4494 = CARTESIAN_POINT('',(6.697279672083,12.21495409271,81.));
#4495 = ORIENTED_EDGE('',*,*,#4496,.F.);
#4496 = EDGE_CURVE('',#512,#4489,#4497,.T.);
#4497 = LINE('',#4498,#4499);
#4498 = CARTESIAN_POINT('',(6.697279672083,12.21495409271,74.));
#4499 = VECTOR('',#4500,1.);
#4500 = DIRECTION('',(0.,0.,1.));
#4501 = ORIENTED_EDGE('',*,*,#519,.F.);
#4502 = SURFACE_OF_LINEAR_EXTRUSION('',#4503,#4507);
#4503 = ( BOUNDED_CURVE() B_SPLINE_CURVE(2,(#4504,#4505,#4506),
.UNSPECIFIED.,.F.,.F.) B_SPLINE_CURVE_WITH_KNOTS((3,3),(0.,
4.414598448277E-02),.PIECEWISE_BEZIER_KNOTS.) CURVE() 
GEOMETRIC_REPRESENTATION_ITEM() RATIONAL_B_SPLINE_CURVE((1.,
0.999756401397,1.)) REPRESENTATION_ITEM('') );
#4504 = CARTESIAN_POINT('',(7.229820714306,11.907491378628,74.));
#4505 = CARTESIAN_POINT('',(6.966944055446,12.067101077522,74.));
#4506 = CARTESIAN_POINT('',(6.697279672083,12.21495409271,74.));
#4507 = VECTOR('',#4508,1.);
#4508 = DIRECTION('',(-0.,-0.,-1.));
#4509 = ADVANCED_FACE('',(#4510),#4528,.F.);
#4510 = FACE_BOUND('',#4511,.F.);
#4511 = EDGE_LOOP('',(#4512,#4513,#4521,#4527));
#4512 = ORIENTED_EDGE('',*,*,#4496,.T.);
#4513 = ORIENTED_EDGE('',*,*,#4514,.T.);
#4514 = EDGE_CURVE('',#4489,#4515,#4517,.T.);
#4515 = VERTEX_POINT('',#4516);
#4516 = CARTESIAN_POINT('',(6.354006325896,12.083183800922,81.));
#4517 = ( BOUNDED_CURVE() B_SPLINE_CURVE(2,(#4518,#4519,#4520),
.UNSPECIFIED.,.F.,.F.) B_SPLINE_CURVE_WITH_KNOTS((3,3),(0.,
1.570796326795),.PIECEWISE_BEZIER_KNOTS.) CURVE() 
GEOMETRIC_REPRESENTATION_ITEM() RATIONAL_B_SPLINE_CURVE((1.,
0.707106781187,1.)) REPRESENTATION_ITEM('') );
#4518 = CARTESIAN_POINT('',(6.697279672083,12.21495409271,81.));
#4519 = CARTESIAN_POINT('',(6.459757853096,12.320705619909,81.));
#4520 = CARTESIAN_POINT('',(6.354006325896,12.083183800922,81.));
#4521 = ORIENTED_EDGE('',*,*,#4522,.F.);
#4522 = EDGE_CURVE('',#502,#4515,#4523,.T.);
#4523 = LINE('',#4524,#4525);
#4524 = CARTESIAN_POINT('',(6.354006325896,12.083183800922,74.));
#4525 = VECTOR('',#4526,1.);
#4526 = DIRECTION('',(0.,0.,1.));
#4527 = ORIENTED_EDGE('',*,*,#511,.F.);
#4528 = SURFACE_OF_LINEAR_EXTRUSION('',#4529,#4533);
#4529 = ( BOUNDED_CURVE() B_SPLINE_CURVE(2,(#4530,#4531,#4532),
.UNSPECIFIED.,.F.,.F.) B_SPLINE_CURVE_WITH_KNOTS((3,3),(0.,
1.570796326795),.PIECEWISE_BEZIER_KNOTS.) CURVE() 
GEOMETRIC_REPRESENTATION_ITEM() RATIONAL_B_SPLINE_CURVE((1.,
0.707106781187,1.)) REPRESENTATION_ITEM('') );
#4530 = CARTESIAN_POINT('',(6.697279672083,12.21495409271,74.));
#4531 = CARTESIAN_POINT('',(6.459757853096,12.320705619909,74.));
#4532 = CARTESIAN_POINT('',(6.354006325896,12.083183800922,74.));
#4533 = VECTOR('',#4534,1.);
#4534 = DIRECTION('',(-0.,-0.,-1.));
#4535 = ADVANCED_FACE('',(#4536),#4556,.F.);
#4536 = FACE_BOUND('',#4537,.F.);
#4537 = EDGE_LOOP('',(#4538,#4539,#4549,#4555));
#4538 = ORIENTED_EDGE('',*,*,#4522,.T.);
#4539 = ORIENTED_EDGE('',*,*,#4540,.T.);
#4540 = EDGE_CURVE('',#4515,#4541,#4543,.T.);
#4541 = VERTEX_POINT('',#4542);
#4542 = CARTESIAN_POINT('',(4.727895411293,12.807175025597,81.));
#4543 = ( BOUNDED_CURVE() B_SPLINE_CURVE(2,(#4544,#4545,#4546,#4547,
#4548),.UNSPECIFIED.,.F.,.F.) B_SPLINE_CURVE_WITH_KNOTS((3,2,3),(0.,
1.570796326795,3.14159265359),.PIECEWISE_BEZIER_KNOTS.) CURVE() 
GEOMETRIC_REPRESENTATION_ITEM() RATIONAL_B_SPLINE_CURVE((1.,
0.707106781187,1.,0.707106781187,1.)) REPRESENTATION_ITEM('') );
#4544 = CARTESIAN_POINT('',(6.354006325896,12.083183800922,81.));
#4545 = CARTESIAN_POINT('',(5.992010713559,11.27012834362,81.));
#4546 = CARTESIAN_POINT('',(5.178955256257,11.632123955958,81.));
#4547 = CARTESIAN_POINT('',(4.365899798955,11.994119568295,81.));
#4548 = CARTESIAN_POINT('',(4.727895411293,12.807175025597,81.));
#4549 = ORIENTED_EDGE('',*,*,#4550,.F.);
#4550 = EDGE_CURVE('',#494,#4541,#4551,.T.);
#4551 = LINE('',#4552,#4553);
#4552 = CARTESIAN_POINT('',(4.727895411293,12.807175025597,74.));
#4553 = VECTOR('',#4554,1.);
#4554 = DIRECTION('',(0.,0.,1.));
#4555 = ORIENTED_EDGE('',*,*,#501,.F.);
#4556 = SURFACE_OF_LINEAR_EXTRUSION('',#4557,#4563);
#4557 = ( BOUNDED_CURVE() B_SPLINE_CURVE(2,(#4558,#4559,#4560,#4561,
#4562),.UNSPECIFIED.,.F.,.F.) B_SPLINE_CURVE_WITH_KNOTS((3,2,3),(0.,
1.570796326795,3.14159265359),.PIECEWISE_BEZIER_KNOTS.) CURVE() 
GEOMETRIC_REPRESENTATION_ITEM() RATIONAL_B_SPLINE_CURVE((1.,
0.707106781187,1.,0.707106781187,1.)) REPRESENTATION_ITEM('') );
#4558 = CARTESIAN_POINT('',(6.354006325896,12.083183800922,74.));
#4559 = CARTESIAN_POINT('',(5.992010713559,11.27012834362,74.));
#4560 = CARTESIAN_POINT('',(5.178955256257,11.632123955958,74.));
#4561 = CARTESIAN_POINT('',(4.365899798955,11.994119568295,74.));
#4562 = CARTESIAN_POINT('',(4.727895411293,12.807175025597,74.));
#4563 = VECTOR('',#4564,1.);
#4564 = DIRECTION('',(-0.,-0.,-1.));
#4565 = ADVANCED_FACE('',(#4566),#4584,.F.);
#4566 = FACE_BOUND('',#4567,.F.);
#4567 = EDGE_LOOP('',(#4568,#4569,#4577,#4583));
#4568 = ORIENTED_EDGE('',*,*,#4550,.T.);
#4569 = ORIENTED_EDGE('',*,*,#4570,.T.);
#4570 = EDGE_CURVE('',#4541,#4571,#4573,.T.);
#4571 = VERTEX_POINT('',#4572);
#4572 = CARTESIAN_POINT('',(4.596125119505,13.150448371784,81.));
#4573 = ( BOUNDED_CURVE() B_SPLINE_CURVE(2,(#4574,#4575,#4576),
.UNSPECIFIED.,.F.,.F.) B_SPLINE_CURVE_WITH_KNOTS((3,3),(0.,
1.570796326795),.PIECEWISE_BEZIER_KNOTS.) CURVE() 
GEOMETRIC_REPRESENTATION_ITEM() RATIONAL_B_SPLINE_CURVE((1.,
0.707106781187,1.)) REPRESENTATION_ITEM('') );
#4574 = CARTESIAN_POINT('',(4.727895411293,12.807175025597,81.));
#4575 = CARTESIAN_POINT('',(4.833646938492,13.044696844584,81.));
#4576 = CARTESIAN_POINT('',(4.596125119505,13.150448371784,81.));
#4577 = ORIENTED_EDGE('',*,*,#4578,.F.);
#4578 = EDGE_CURVE('',#486,#4571,#4579,.T.);
#4579 = LINE('',#4580,#4581);
#4580 = CARTESIAN_POINT('',(4.596125119505,13.150448371784,74.));
#4581 = VECTOR('',#4582,1.);
#4582 = DIRECTION('',(0.,0.,1.));
#4583 = ORIENTED_EDGE('',*,*,#493,.F.);
#4584 = SURFACE_OF_LINEAR_EXTRUSION('',#4585,#4589);
#4585 = ( BOUNDED_CURVE() B_SPLINE_CURVE(2,(#4586,#4587,#4588),
.UNSPECIFIED.,.F.,.F.) B_SPLINE_CURVE_WITH_KNOTS((3,3),(0.,
1.570796326795),.PIECEWISE_BEZIER_KNOTS.) CURVE() 
GEOMETRIC_REPRESENTATION_ITEM() RATIONAL_B_SPLINE_CURVE((1.,
0.707106781187,1.)) REPRESENTATION_ITEM('') );
#4586 = CARTESIAN_POINT('',(4.727895411293,12.807175025597,74.));
#4587 = CARTESIAN_POINT('',(4.833646938492,13.044696844584,74.));
#4588 = CARTESIAN_POINT('',(4.596125119505,13.150448371784,74.));
#4589 = VECTOR('',#4590,1.);
#4590 = DIRECTION('',(-0.,-0.,-1.));
#4591 = ADVANCED_FACE('',(#4592),#4610,.F.);
#4592 = FACE_BOUND('',#4593,.F.);
#4593 = EDGE_LOOP('',(#4594,#4595,#4603,#4609));
#4594 = ORIENTED_EDGE('',*,*,#4578,.T.);
#4595 = ORIENTED_EDGE('',*,*,#4596,.T.);
#4596 = EDGE_CURVE('',#4571,#4597,#4599,.T.);
#4597 = VERTEX_POINT('',#4598);
#4598 = CARTESIAN_POINT('',(4.011296284015,13.34047077936,81.));
#4599 = ( BOUNDED_CURVE() B_SPLINE_CURVE(2,(#4600,#4601,#4602),
.UNSPECIFIED.,.F.,.F.) B_SPLINE_CURVE_WITH_KNOTS((3,3),(0.,
4.414598448277E-02),.PIECEWISE_BEZIER_KNOTS.) CURVE() 
GEOMETRIC_REPRESENTATION_ITEM() RATIONAL_B_SPLINE_CURVE((1.,
0.999756401397,1.)) REPRESENTATION_ITEM('') );
#4600 = CARTESIAN_POINT('',(4.596125119505,13.150448371784,81.));
#4601 = CARTESIAN_POINT('',(4.305808223985,13.251915085191,81.));
#4602 = CARTESIAN_POINT('',(4.011296284015,13.34047077936,81.));
#4603 = ORIENTED_EDGE('',*,*,#4604,.F.);
#4604 = EDGE_CURVE('',#478,#4597,#4605,.T.);
#4605 = LINE('',#4606,#4607);
#4606 = CARTESIAN_POINT('',(4.011296284015,13.34047077936,74.));
#4607 = VECTOR('',#4608,1.);
#4608 = DIRECTION('',(0.,0.,1.));
#4609 = ORIENTED_EDGE('',*,*,#485,.F.);
#4610 = SURFACE_OF_LINEAR_EXTRUSION('',#4611,#4615);
#4611 = ( BOUNDED_CURVE() B_SPLINE_CURVE(2,(#4612,#4613,#4614),
.UNSPECIFIED.,.F.,.F.) B_SPLINE_CURVE_WITH_KNOTS((3,3),(0.,
4.414598448277E-02),.PIECEWISE_BEZIER_KNOTS.) CURVE() 
GEOMETRIC_REPRESENTATION_ITEM() RATIONAL_B_SPLINE_CURVE((1.,
0.999756401397,1.)) REPRESENTATION_ITEM('') );
#4612 = CARTESIAN_POINT('',(4.596125119505,13.150448371784,74.));
#4613 = CARTESIAN_POINT('',(4.305808223985,13.251915085191,74.));
#4614 = CARTESIAN_POINT('',(4.011296284015,13.34047077936,74.));
#4615 = VECTOR('',#4616,1.);
#4616 = DIRECTION('',(-0.,-0.,-1.));
#4617 = ADVANCED_FACE('',(#4618),#4636,.F.);
#4618 = FACE_BOUND('',#4619,.F.);
#4619 = EDGE_LOOP('',(#4620,#4621,#4629,#4635));
#4620 = ORIENTED_EDGE('',*,*,#4604,.T.);
#4621 = ORIENTED_EDGE('',*,*,#4622,.T.);
#4622 = EDGE_CURVE('',#4597,#4623,#4625,.T.);
#4623 = VERTEX_POINT('',#4624);
#4624 = CARTESIAN_POINT('',(3.702920868211,13.140209442781,81.));
#4625 = ( BOUNDED_CURVE() B_SPLINE_CURVE(2,(#4626,#4627,#4628),
.UNSPECIFIED.,.F.,.F.) B_SPLINE_CURVE_WITH_KNOTS((3,3),(0.,
1.570796326795),.PIECEWISE_BEZIER_KNOTS.) CURVE() 
GEOMETRIC_REPRESENTATION_ITEM() RATIONAL_B_SPLINE_CURVE((1.,
0.707106781187,1.)) REPRESENTATION_ITEM('') );
#4626 = CARTESIAN_POINT('',(4.011296284015,13.34047077936,81.));
#4627 = CARTESIAN_POINT('',(3.756977907824,13.394527818972,81.));
#4628 = CARTESIAN_POINT('',(3.702920868211,13.140209442781,81.));
#4629 = ORIENTED_EDGE('',*,*,#4630,.F.);
#4630 = EDGE_CURVE('',#468,#4623,#4631,.T.);
#4631 = LINE('',#4632,#4633);
#4632 = CARTESIAN_POINT('',(3.702920868211,13.140209442781,74.));
#4633 = VECTOR('',#4634,1.);
#4634 = DIRECTION('',(0.,0.,1.));
#4635 = ORIENTED_EDGE('',*,*,#477,.F.);
#4636 = SURFACE_OF_LINEAR_EXTRUSION('',#4637,#4641);
#4637 = ( BOUNDED_CURVE() B_SPLINE_CURVE(2,(#4638,#4639,#4640),
.UNSPECIFIED.,.F.,.F.) B_SPLINE_CURVE_WITH_KNOTS((3,3),(0.,
1.570796326795),.PIECEWISE_BEZIER_KNOTS.) CURVE() 
GEOMETRIC_REPRESENTATION_ITEM() RATIONAL_B_SPLINE_CURVE((1.,
0.707106781187,1.)) REPRESENTATION_ITEM('') );
#4638 = CARTESIAN_POINT('',(4.011296284015,13.34047077936,74.));
#4639 = CARTESIAN_POINT('',(3.756977907824,13.394527818972,74.));
#4640 = CARTESIAN_POINT('',(3.702920868211,13.140209442781,74.));
#4641 = VECTOR('',#4642,1.);
#4642 = DIRECTION('',(-0.,-0.,-1.));
#4643 = ADVANCED_FACE('',(#4644),#4664,.F.);
#4644 = FACE_BOUND('',#4645,.F.);
#4645 = EDGE_LOOP('',(#4646,#4647,#4657,#4663));
#4646 = ORIENTED_EDGE('',*,*,#4630,.T.);
#4647 = ORIENTED_EDGE('',*,*,#4648,.T.);
#4648 = EDGE_CURVE('',#4623,#4649,#4651,.T.);
#4649 = VERTEX_POINT('',#4650);
#4650 = CARTESIAN_POINT('',(1.961818138905,13.510292252437,81.));
#4651 = ( BOUNDED_CURVE() B_SPLINE_CURVE(2,(#4652,#4653,#4654,#4655,
#4656),.UNSPECIFIED.,.F.,.F.) B_SPLINE_CURVE_WITH_KNOTS((3,2,3),(0.,
1.570796326795,3.14159265359),.PIECEWISE_BEZIER_KNOTS.) CURVE() 
GEOMETRIC_REPRESENTATION_ITEM() RATIONAL_B_SPLINE_CURVE((1.,
0.707106781187,1.,0.707106781187,1.)) REPRESENTATION_ITEM('') );
#4652 = CARTESIAN_POINT('',(3.702920868211,13.140209442781,81.));
#4653 = CARTESIAN_POINT('',(3.517879463384,12.269658078128,81.));
#4654 = CARTESIAN_POINT('',(2.647328098731,12.454699482956,81.));
#4655 = CARTESIAN_POINT('',(1.776776734077,12.639740887784,81.));
#4656 = CARTESIAN_POINT('',(1.961818138905,13.510292252437,81.));
#4657 = ORIENTED_EDGE('',*,*,#4658,.F.);
#4658 = EDGE_CURVE('',#460,#4649,#4659,.T.);
#4659 = LINE('',#4660,#4661);
#4660 = CARTESIAN_POINT('',(1.961818138905,13.510292252437,74.));
#4661 = VECTOR('',#4662,1.);
#4662 = DIRECTION('',(0.,0.,1.));
#4663 = ORIENTED_EDGE('',*,*,#467,.F.);
#4664 = SURFACE_OF_LINEAR_EXTRUSION('',#4665,#4671);
#4665 = ( BOUNDED_CURVE() B_SPLINE_CURVE(2,(#4666,#4667,#4668,#4669,
#4670),.UNSPECIFIED.,.F.,.F.) B_SPLINE_CURVE_WITH_KNOTS((3,2,3),(0.,
1.570796326795,3.14159265359),.PIECEWISE_BEZIER_KNOTS.) CURVE() 
GEOMETRIC_REPRESENTATION_ITEM() RATIONAL_B_SPLINE_CURVE((1.,
0.707106781187,1.,0.707106781187,1.)) REPRESENTATION_ITEM('') );
#4666 = CARTESIAN_POINT('',(3.702920868211,13.140209442781,74.));
#4667 = CARTESIAN_POINT('',(3.517879463384,12.269658078128,74.));
#4668 = CARTESIAN_POINT('',(2.647328098731,12.454699482956,74.));
#4669 = CARTESIAN_POINT('',(1.776776734077,12.639740887784,74.));
#4670 = CARTESIAN_POINT('',(1.961818138905,13.510292252437,74.));
#4671 = VECTOR('',#4672,1.);
#4672 = DIRECTION('',(-0.,-0.,-1.));
#4673 = ADVANCED_FACE('',(#4674),#4692,.F.);
#4674 = FACE_BOUND('',#4675,.F.);
#4675 = EDGE_LOOP('',(#4676,#4677,#4685,#4691));
#4676 = ORIENTED_EDGE('',*,*,#4658,.T.);
#4677 = ORIENTED_EDGE('',*,*,#4678,.T.);
#4678 = EDGE_CURVE('',#4649,#4679,#4681,.T.);
#4679 = VERTEX_POINT('',#4680);
#4680 = CARTESIAN_POINT('',(1.761556802327,13.81866766824,81.));
#4681 = ( BOUNDED_CURVE() B_SPLINE_CURVE(2,(#4682,#4683,#4684),
.UNSPECIFIED.,.F.,.F.) B_SPLINE_CURVE_WITH_KNOTS((3,3),(0.,
1.570796326795),.PIECEWISE_BEZIER_KNOTS.) CURVE() 
GEOMETRIC_REPRESENTATION_ITEM() RATIONAL_B_SPLINE_CURVE((1.,
0.707106781187,1.)) REPRESENTATION_ITEM('') );
#4682 = CARTESIAN_POINT('',(1.961818138905,13.510292252437,81.));
#4683 = CARTESIAN_POINT('',(2.015875178518,13.764610628628,81.));
#4684 = CARTESIAN_POINT('',(1.761556802327,13.81866766824,81.));
#4685 = ORIENTED_EDGE('',*,*,#4686,.F.);
#4686 = EDGE_CURVE('',#452,#4679,#4687,.T.);
#4687 = LINE('',#4688,#4689);
#4688 = CARTESIAN_POINT('',(1.761556802327,13.81866766824,74.));
#4689 = VECTOR('',#4690,1.);
#4690 = DIRECTION('',(0.,0.,1.));
#4691 = ORIENTED_EDGE('',*,*,#459,.F.);
#4692 = SURFACE_OF_LINEAR_EXTRUSION('',#4693,#4697);
#4693 = ( BOUNDED_CURVE() B_SPLINE_CURVE(2,(#4694,#4695,#4696),
.UNSPECIFIED.,.F.,.F.) B_SPLINE_CURVE_WITH_KNOTS((3,3),(0.,
1.570796326795),.PIECEWISE_BEZIER_KNOTS.) CURVE() 
GEOMETRIC_REPRESENTATION_ITEM() RATIONAL_B_SPLINE_CURVE((1.,
0.707106781187,1.)) REPRESENTATION_ITEM('') );
#4694 = CARTESIAN_POINT('',(1.961818138905,13.510292252437,74.));
#4695 = CARTESIAN_POINT('',(2.015875178518,13.764610628628,74.));
#4696 = CARTESIAN_POINT('',(1.761556802327,13.81866766824,74.));
#4697 = VECTOR('',#4698,1.);
#4698 = DIRECTION('',(-0.,-0.,-1.));
#4699 = ADVANCED_FACE('',(#4700),#4711,.F.);
#4700 = FACE_BOUND('',#4701,.F.);
#4701 = EDGE_LOOP('',(#4702,#4703,#4709,#4710));
#4702 = ORIENTED_EDGE('',*,*,#4686,.T.);
#4703 = ORIENTED_EDGE('',*,*,#4704,.T.);
#4704 = EDGE_CURVE('',#4679,#1491,#4705,.T.);
#4705 = ( BOUNDED_CURVE() B_SPLINE_CURVE(2,(#4706,#4707,#4708),
.UNSPECIFIED.,.F.,.F.) B_SPLINE_CURVE_WITH_KNOTS((3,3),(0.,
4.414598448277E-02),.PIECEWISE_BEZIER_KNOTS.) CURVE() 
GEOMETRIC_REPRESENTATION_ITEM() RATIONAL_B_SPLINE_CURVE((1.,
0.999756401397,1.)) REPRESENTATION_ITEM('') );
#4706 = CARTESIAN_POINT('',(1.761556802327,13.81866766824,81.));
#4707 = CARTESIAN_POINT('',(1.456487911575,13.857556813894,81.));
#4708 = CARTESIAN_POINT('',(1.15,13.882944878271,81.));
#4709 = ORIENTED_EDGE('',*,*,#1490,.F.);
#4710 = ORIENTED_EDGE('',*,*,#451,.F.);
#4711 = SURFACE_OF_LINEAR_EXTRUSION('',#4712,#4716);
#4712 = ( BOUNDED_CURVE() B_SPLINE_CURVE(2,(#4713,#4714,#4715),
.UNSPECIFIED.,.F.,.F.) B_SPLINE_CURVE_WITH_KNOTS((3,3),(0.,
4.414598448277E-02),.PIECEWISE_BEZIER_KNOTS.) CURVE() 
GEOMETRIC_REPRESENTATION_ITEM() RATIONAL_B_SPLINE_CURVE((1.,
0.999756401397,1.)) REPRESENTATION_ITEM('') );
#4713 = CARTESIAN_POINT('',(1.761556802327,13.81866766824,74.));
#4714 = CARTESIAN_POINT('',(1.456487911575,13.857556813894,74.));
#4715 = CARTESIAN_POINT('',(1.15,13.882944878271,74.));
#4716 = VECTOR('',#4717,1.);
#4717 = DIRECTION('',(-0.,-0.,-1.));
#4718 = ADVANCED_FACE('',(#4719),#4738,.T.);
#4719 = FACE_BOUND('',#4720,.F.);
#4720 = EDGE_LOOP('',(#4721,#4729,#4730,#4731));
#4721 = ORIENTED_EDGE('',*,*,#4722,.T.);
#4722 = EDGE_CURVE('',#4723,#1471,#4725,.T.);
#4723 = VERTEX_POINT('',#4724);
#4724 = CARTESIAN_POINT('',(17.,0.,81.));
#4725 = LINE('',#4726,#4727);
#4726 = CARTESIAN_POINT('',(17.,0.,81.));
#4727 = VECTOR('',#4728,1.);
#4728 = DIRECTION('',(0.,0.,1.));
#4729 = ORIENTED_EDGE('',*,*,#1470,.T.);
#4730 = ORIENTED_EDGE('',*,*,#4722,.F.);
#4731 = ORIENTED_EDGE('',*,*,#4732,.F.);
#4732 = EDGE_CURVE('',#4723,#4723,#4733,.T.);
#4733 = CIRCLE('',#4734,17.);
#4734 = AXIS2_PLACEMENT_3D('',#4735,#4736,#4737);
#4735 = CARTESIAN_POINT('',(0.,0.,81.));
#4736 = DIRECTION('',(0.,0.,1.));
#4737 = DIRECTION('',(1.,0.,0.));
#4738 = CYLINDRICAL_SURFACE('',#4739,17.);
#4739 = AXIS2_PLACEMENT_3D('',#4740,#4741,#4742);
#4740 = CARTESIAN_POINT('',(0.,0.,81.));
#4741 = DIRECTION('',(-0.,-0.,-1.));
#4742 = DIRECTION('',(1.,0.,0.));
#4743 = ADVANCED_FACE('',(#4744,#4747),#4869,.F.);
#4744 = FACE_BOUND('',#4745,.F.);
#4745 = EDGE_LOOP('',(#4746));
#4746 = ORIENTED_EDGE('',*,*,#4732,.T.);
#4747 = FACE_BOUND('',#4748,.F.);
#4748 = EDGE_LOOP('',(#4749,#4750,#4751,#4752,#4753,#4754,#4755,#4756,
    #4757,#4758,#4759,#4760,#4761,#4762,#4763,#4764,#4765,#4766,#4767,
    #4768,#4769,#4770,#4771,#4772,#4773,#4774,#4775,#4776,#4777,#4778,
    #4779,#4780,#4781,#4782,#4783,#4784,#4785,#4786,#4787,#4788,#4789,
    #4790,#4791,#4792,#4793,#4794,#4795,#4796,#4797,#4798,#4799,#4800,
    #4801,#4802,#4803,#4804,#4805,#4806,#4807,#4808,#4809,#4810,#4811,
    #4812,#4813,#4814,#4815,#4816,#4817,#4818,#4819,#4820,#4821,#4822,
    #4823,#4824,#4825,#4826,#4827,#4828,#4829,#4830,#4831,#4832,#4833,
    #4834,#4835,#4836,#4837,#4838,#4839,#4840,#4841,#4842,#4843,#4844,
    #4845,#4846,#4847,#4848,#4849,#4850,#4851,#4852,#4853,#4854,#4855,
    #4856,#4857,#4858,#4859,#4860,#4861,#4862,#4863,#4864,#4865,#4866,
    #4867,#4868));
#4749 = ORIENTED_EDGE('',*,*,#1498,.F.);
#4750 = ORIENTED_EDGE('',*,*,#4704,.F.);
#4751 = ORIENTED_EDGE('',*,*,#4678,.F.);
#4752 = ORIENTED_EDGE('',*,*,#4648,.F.);
#4753 = ORIENTED_EDGE('',*,*,#4622,.F.);
#4754 = ORIENTED_EDGE('',*,*,#4596,.F.);
#4755 = ORIENTED_EDGE('',*,*,#4570,.F.);
#4756 = ORIENTED_EDGE('',*,*,#4540,.F.);
#4757 = ORIENTED_EDGE('',*,*,#4514,.F.);
#4758 = ORIENTED_EDGE('',*,*,#4488,.F.);
#4759 = ORIENTED_EDGE('',*,*,#4462,.F.);
#4760 = ORIENTED_EDGE('',*,*,#4432,.F.);
#4761 = ORIENTED_EDGE('',*,*,#4406,.F.);
#4762 = ORIENTED_EDGE('',*,*,#4380,.F.);
#4763 = ORIENTED_EDGE('',*,*,#4354,.F.);
#4764 = ORIENTED_EDGE('',*,*,#4324,.F.);
#4765 = ORIENTED_EDGE('',*,*,#4298,.F.);
#4766 = ORIENTED_EDGE('',*,*,#4272,.F.);
#4767 = ORIENTED_EDGE('',*,*,#4246,.F.);
#4768 = ORIENTED_EDGE('',*,*,#4216,.F.);
#4769 = ORIENTED_EDGE('',*,*,#4190,.F.);
#4770 = ORIENTED_EDGE('',*,*,#4164,.F.);
#4771 = ORIENTED_EDGE('',*,*,#4138,.F.);
#4772 = ORIENTED_EDGE('',*,*,#4108,.F.);
#4773 = ORIENTED_EDGE('',*,*,#4082,.F.);
#4774 = ORIENTED_EDGE('',*,*,#4056,.F.);
#4775 = ORIENTED_EDGE('',*,*,#4030,.F.);
#4776 = ORIENTED_EDGE('',*,*,#4000,.F.);
#4777 = ORIENTED_EDGE('',*,*,#3974,.F.);
#4778 = ORIENTED_EDGE('',*,*,#3948,.F.);
#4779 = ORIENTED_EDGE('',*,*,#3922,.F.);
#4780 = ORIENTED_EDGE('',*,*,#3892,.F.);
#4781 = ORIENTED_EDGE('',*,*,#3866,.F.);
#4782 = ORIENTED_EDGE('',*,*,#3840,.F.);
#4783 = ORIENTED_EDGE('',*,*,#3814,.F.);
#4784 = ORIENTED_EDGE('',*,*,#3784,.F.);
#4785 = ORIENTED_EDGE('',*,*,#3758,.F.);
#4786 = ORIENTED_EDGE('',*,*,#3732,.F.);
#4787 = ORIENTED_EDGE('',*,*,#3706,.F.);
#4788 = ORIENTED_EDGE('',*,*,#3676,.F.);
#4789 = ORIENTED_EDGE('',*,*,#3650,.F.);
#4790 = ORIENTED_EDGE('',*,*,#3624,.F.);
#4791 = ORIENTED_EDGE('',*,*,#3598,.F.);
#4792 = ORIENTED_EDGE('',*,*,#3568,.F.);
#4793 = ORIENTED_EDGE('',*,*,#3542,.F.);
#4794 = ORIENTED_EDGE('',*,*,#3516,.F.);
#4795 = ORIENTED_EDGE('',*,*,#3490,.F.);
#4796 = ORIENTED_EDGE('',*,*,#3460,.F.);
#4797 = ORIENTED_EDGE('',*,*,#3434,.F.);
#4798 = ORIENTED_EDGE('',*,*,#3408,.F.);
#4799 = ORIENTED_EDGE('',*,*,#3382,.F.);
#4800 = ORIENTED_EDGE('',*,*,#3352,.F.);
#4801 = ORIENTED_EDGE('',*,*,#3326,.F.);
#4802 = ORIENTED_EDGE('',*,*,#3300,.F.);
#4803 = ORIENTED_EDGE('',*,*,#3274,.F.);
#4804 = ORIENTED_EDGE('',*,*,#3244,.F.);
#4805 = ORIENTED_EDGE('',*,*,#3218,.F.);
#4806 = ORIENTED_EDGE('',*,*,#3192,.F.);
#4807 = ORIENTED_EDGE('',*,*,#3166,.F.);
#4808 = ORIENTED_EDGE('',*,*,#3136,.F.);
#4809 = ORIENTED_EDGE('',*,*,#3110,.F.);
#4810 = ORIENTED_EDGE('',*,*,#3084,.F.);
#4811 = ORIENTED_EDGE('',*,*,#3058,.F.);
#4812 = ORIENTED_EDGE('',*,*,#3028,.F.);
#4813 = ORIENTED_EDGE('',*,*,#3002,.F.);
#4814 = ORIENTED_EDGE('',*,*,#2976,.F.);
#4815 = ORIENTED_EDGE('',*,*,#2950,.F.);
#4816 = ORIENTED_EDGE('',*,*,#2920,.F.);
#4817 = ORIENTED_EDGE('',*,*,#2894,.F.);
#4818 = ORIENTED_EDGE('',*,*,#2868,.F.);
#4819 = ORIENTED_EDGE('',*,*,#2842,.F.);
#4820 = ORIENTED_EDGE('',*,*,#2812,.F.);
#4821 = ORIENTED_EDGE('',*,*,#2786,.F.);
#4822 = ORIENTED_EDGE('',*,*,#2760,.F.);
#4823 = ORIENTED_EDGE('',*,*,#2734,.F.);
#4824 = ORIENTED_EDGE('',*,*,#2704,.F.);
#4825 = ORIENTED_EDGE('',*,*,#2678,.F.);
#4826 = ORIENTED_EDGE('',*,*,#2652,.F.);
#4827 = ORIENTED_EDGE('',*,*,#2626,.F.);
#4828 = ORIENTED_EDGE('',*,*,#2596,.F.);
#4829 = ORIENTED_EDGE('',*,*,#2570,.F.);
#4830 = ORIENTED_EDGE('',*,*,#2544,.F.);
#4831 = ORIENTED_EDGE('',*,*,#2518,.F.);
#4832 = ORIENTED_EDGE('',*,*,#2488,.F.);
#4833 = ORIENTED_EDGE('',*,*,#2462,.F.);
#4834 = ORIENTED_EDGE('',*,*,#2436,.F.);
#4835 = ORIENTED_EDGE('',*,*,#2410,.F.);
#4836 = ORIENTED_EDGE('',*,*,#2380,.F.);
#4837 = ORIENTED_EDGE('',*,*,#2354,.F.);
#4838 = ORIENTED_EDGE('',*,*,#2328,.F.);
#4839 = ORIENTED_EDGE('',*,*,#2302,.F.);
#4840 = ORIENTED_EDGE('',*,*,#2272,.F.);
#4841 = ORIENTED_EDGE('',*,*,#2246,.F.);
#4842 = ORIENTED_EDGE('',*,*,#2220,.F.);
#4843 = ORIENTED_EDGE('',*,*,#2194,.F.);
#4844 = ORIENTED_EDGE('',*,*,#2164,.F.);
#4845 = ORIENTED_EDGE('',*,*,#2138,.F.);
#4846 = ORIENTED_EDGE('',*,*,#2112,.F.);
#4847 = ORIENTED_EDGE('',*,*,#2086,.F.);
#4848 = ORIENTED_EDGE('',*,*,#2056,.F.);
#4849 = ORIENTED_EDGE('',*,*,#2030,.F.);
#4850 = ORIENTED_EDGE('',*,*,#2004,.F.);
#4851 = ORIENTED_EDGE('',*,*,#1978,.F.);
#4852 = ORIENTED_EDGE('',*,*,#1948,.F.);
#4853 = ORIENTED_EDGE('',*,*,#1922,.F.);
#4854 = ORIENTED_EDGE('',*,*,#1896,.F.);
#4855 = ORIENTED_EDGE('',*,*,#1870,.F.);
#4856 = ORIENTED_EDGE('',*,*,#1840,.F.);
#4857 = ORIENTED_EDGE('',*,*,#1814,.F.);
#4858 = ORIENTED_EDGE('',*,*,#1788,.F.);
#4859 = ORIENTED_EDGE('',*,*,#1762,.F.);
#4860 = ORIENTED_EDGE('',*,*,#1732,.F.);
#4861 = ORIENTED_EDGE('',*,*,#1706,.F.);
#4862 = ORIENTED_EDGE('',*,*,#1680,.F.);
#4863 = ORIENTED_EDGE('',*,*,#1654,.F.);
#4864 = ORIENTED_EDGE('',*,*,#1624,.F.);
#4865 = ORIENTED_EDGE('',*,*,#1598,.F.);
#4866 = ORIENTED_EDGE('',*,*,#1573,.F.);
#4867 = ORIENTED_EDGE('',*,*,#1548,.F.);
#4868 = ORIENTED_EDGE('',*,*,#1523,.F.);
#4869 = PLANE('',#4870);
#4870 = AXIS2_PLACEMENT_3D('',#4871,#4872,#4873);
#4871 = CARTESIAN_POINT('',(-1.61E-15,-6.9E-16,81.));
#4872 = DIRECTION('',(0.,0.,1.));
#4873 = DIRECTION('',(1.,0.,0.));
#4874 = ( GEOMETRIC_REPRESENTATION_CONTEXT(3) 
GLOBAL_UNCERTAINTY_ASSIGNED_CONTEXT((#4878)) 
GLOBAL_UNIT_ASSIGNED_CONTEXT((#4875,#4876,#4877)) REPRESENTATION_CONTEXT
('Context #1','3D Context with UNIT and UNCERTAINTY') );
#4875 = ( LENGTH_UNIT() NAMED_UNIT(*) SI_UNIT(.MILLI.,.METRE.) );
#4876 = ( NAMED_UNIT(*) PLANE_ANGLE_UNIT() SI_UNIT($,.RADIAN.) );
#4877 = ( NAMED_UNIT(*) SI_UNIT($,.STERADIAN.) SOLID_ANGLE_UNIT() );
#4878 = UNCERTAINTY_MEASURE_WITH_UNIT(LENGTH_MEASURE(1.E-07),#4875,
  'distance_accuracy_value','confusion accuracy');
#4879 = PRODUCT_RELATED_PRODUCT_CATEGORY('part',$,(#7));
ENDSEC;
END-ISO-10303-21;
