ISO-10303-21;
HEADER;
FILE_DESCRIPTION(('FreeCAD Model'),'2;1');
FILE_NAME('Open CASCADE Shape Model','2026-08-28T13:03:57',('FreeCAD'),(
    'FreeCAD'),'Open CASCADE STEP processor 7.8','FreeCAD','Unknown');
FILE_SCHEMA(('AUTOMOTIVE_DESIGN { 1 0 10303 214 1 1 1 1 }'));
ENDSEC;
DATA;
#1 = APPLICATION_PROTOCOL_DEFINITION('international standard',
  'automotive_design',2000,#2);
#2 = APPLICATION_CONTEXT(
  'core data for automotive mechanical design processes');
#3 = SHAPE_DEFINITION_REPRESENTATION(#4,#10);
#4 = PRODUCT_DEFINITION_SHAPE('','',#5);
#5 = PRODUCT_DEFINITION('design','',#6,#9);
#6 = PRODUCT_DEFINITION_FORMATION('','',#7);
#7 = PRODUCT('Open CASCADE STEP translator 7.8 20',
  'Open CASCADE STEP translator 7.8 20','',(#8));
#8 = PRODUCT_CONTEXT('',#2,'mechanical');
#9 = PRODUCT_DEFINITION_CONTEXT('part definition',#2,'design');
#10 = ADVANCED_BREP_SHAPE_REPRESENTATION('',(#11,#15),#13108);
#11 = AXIS2_PLACEMENT_3D('',#12,#13,#14);
#12 = CARTESIAN_POINT('',(0.,0.,0.));
#13 = DIRECTION('',(0.,0.,1.));
#14 = DIRECTION('',(1.,0.,-0.));
#15 = MANIFOLD_SOLID_BREP('',#16);
#16 = CLOSED_SHELL('',(#17,#79,#121,#156,#181,#209,#336,#3829,#3845,
    #3861,#7350,#7372,#7410,#7448,#7466,#7483,#7521,#7559,#7577,#7595,
    #7633,#7671,#7689,#7707,#7745,#7783,#7801,#7819,#7857,#7895,#7913,
    #7931,#7969,#8007,#8025,#8043,#8081,#8119,#8137,#8155,#8193,#8231,
    #8249,#8267,#8305,#8343,#8361,#8379,#8417,#8455,#8473,#8491,#8529,
    #8567,#8585,#8603,#8641,#8679,#8697,#8715,#8753,#8791,#8809,#8827,
    #8865,#8903,#8921,#8939,#8977,#9015,#9033,#9051,#9089,#9127,#9145,
    #9163,#9201,#9239,#9257,#9275,#9313,#9351,#9369,#9387,#9425,#9463,
    #9481,#9499,#9537,#9575,#9593,#9611,#9649,#9687,#9705,#9723,#9761,
    #9799,#9817,#9835,#9873,#9911,#9929,#9947,#9985,#10023,#10041,#10059
    ,#10097,#10135,#10153,#10171,#10209,#10247,#10265,#10283,#10321,
    #10359,#10377,#10395,#10433,#10471,#10489,#10507,#10545,#10583,
    #10601,#10619,#10657,#10695,#10713,#10731,#10769,#10807,#10825,
    #10843,#10881,#10919,#10937,#10955,#10993,#11031,#11049,#11067,
    #11105,#11143,#11161,#11179,#11217,#11255,#11273,#11291,#11329,
    #11367,#11385,#11403,#11441,#11479,#11497,#11515,#11553,#11591,
    #11609,#11627,#11665,#11703,#11721,#11739,#11777,#11815,#11833,
    #11851,#11889,#11927,#11945,#11963,#12001,#12039,#12057,#12075,
    #12113,#12151,#12169,#12187,#12225,#12263,#12281,#12299,#12337,
    #12375,#12393,#12411,#12449,#12487,#12505,#12523,#12561,#12599,
    #12617,#12635,#12673,#12711,#12729,#12747,#12785,#12823,#12836,
    #12858,#12875,#12892,#12904,#12926,#12943,#12960,#12972,#12994,
    #13011,#13028,#13040,#13062,#13079,#13096));
#17 = ADVANCED_FACE('',(#18,#63),#74,.T.);
#18 = FACE_BOUND('',#19,.T.);
#19 = EDGE_LOOP('',(#20,#31,#40,#48,#57));
#20 = ORIENTED_EDGE('',*,*,#21,.T.);
#21 = EDGE_CURVE('',#22,#24,#26,.T.);
#22 = VERTEX_POINT('',#23);
#23 = CARTESIAN_POINT('',(13.5,-0.877501000801,16.));
#24 = VERTEX_POINT('',#25);
#25 = CARTESIAN_POINT('',(4.,6.,16.));
#26 = CIRCLE('',#27,10.);
#27 = AXIS2_PLACEMENT_3D('',#28,#29,#30);
#28 = CARTESIAN_POINT('',(4.,-4.,16.));
#29 = DIRECTION('',(0.,-0.,1.));
#30 = DIRECTION('',(0.,1.,0.));
#31 = ORIENTED_EDGE('',*,*,#32,.T.);
#32 = EDGE_CURVE('',#24,#33,#35,.T.);
#33 = VERTEX_POINT('',#34);
#34 = CARTESIAN_POINT('',(-5.5,-0.877501000801,16.));
#35 = CIRCLE('',#36,10.);
#36 = AXIS2_PLACEMENT_3D('',#37,#38,#39);
#37 = CARTESIAN_POINT('',(4.,-4.,16.));
#38 = DIRECTION('',(0.,-0.,1.));
#39 = DIRECTION('',(0.,1.,0.));
#40 = ORIENTED_EDGE('',*,*,#41,.T.);
#41 = EDGE_CURVE('',#33,#42,#44,.T.);
#42 = VERTEX_POINT('',#43);
#43 = CARTESIAN_POINT('',(-5.5,-7.1224989992,16.));
#44 = LINE('',#45,#46);
#45 = CARTESIAN_POINT('',(-5.5,8.449303369086,16.));
#46 = VECTOR('',#47,1.);
#47 = DIRECTION('',(0.,-1.,0.));
#48 = ORIENTED_EDGE('',*,*,#49,.T.);
#49 = EDGE_CURVE('',#42,#50,#52,.T.);
#50 = VERTEX_POINT('',#51);
#51 = CARTESIAN_POINT('',(13.5,-7.1224989992,16.));
#52 = CIRCLE('',#53,10.);
#53 = AXIS2_PLACEMENT_3D('',#54,#55,#56);
#54 = CARTESIAN_POINT('',(4.,-4.,16.));
#55 = DIRECTION('',(0.,-0.,1.));
#56 = DIRECTION('',(0.,1.,0.));
#57 = ORIENTED_EDGE('',*,*,#58,.T.);
#58 = EDGE_CURVE('',#50,#22,#59,.T.);
#59 = LINE('',#60,#61);
#60 = CARTESIAN_POINT('',(13.5,-16.45085,16.));
#61 = VECTOR('',#62,1.);
#62 = DIRECTION('',(0.,1.,0.));
#63 = FACE_BOUND('',#64,.T.);
#64 = EDGE_LOOP('',(#65));
#65 = ORIENTED_EDGE('',*,*,#66,.F.);
#66 = EDGE_CURVE('',#67,#67,#69,.T.);
#67 = VERTEX_POINT('',#68);
#68 = CARTESIAN_POINT('',(4.,2.,16.));
#69 = CIRCLE('',#70,6.);
#70 = AXIS2_PLACEMENT_3D('',#71,#72,#73);
#71 = CARTESIAN_POINT('',(4.,-4.,16.));
#72 = DIRECTION('',(0.,-0.,1.));
#73 = DIRECTION('',(0.,1.,0.));
#74 = PLANE('',#75);
#75 = AXIS2_PLACEMENT_3D('',#76,#77,#78);
#76 = CARTESIAN_POINT('',(4.,-4.,16.));
#77 = DIRECTION('',(0.,0.,1.));
#78 = DIRECTION('',(0.,1.,0.));
#79 = ADVANCED_FACE('',(#80),#116,.T.);
#80 = FACE_BOUND('',#81,.F.);
#81 = EDGE_LOOP('',(#82,#90,#99,#108,#114,#115));
#82 = ORIENTED_EDGE('',*,*,#83,.T.);
#83 = EDGE_CURVE('',#33,#84,#86,.T.);
#84 = VERTEX_POINT('',#85);
#85 = CARTESIAN_POINT('',(-5.5,-0.877501000801,6.));
#86 = LINE('',#87,#88);
#87 = CARTESIAN_POINT('',(-5.5,-0.877501000801,6.));
#88 = VECTOR('',#89,1.);
#89 = DIRECTION('',(0.,-0.,-1.));
#90 = ORIENTED_EDGE('',*,*,#91,.F.);
#91 = EDGE_CURVE('',#92,#84,#94,.T.);
#92 = VERTEX_POINT('',#93);
#93 = CARTESIAN_POINT('',(4.,6.,6.));
#94 = CIRCLE('',#95,10.);
#95 = AXIS2_PLACEMENT_3D('',#96,#97,#98);
#96 = CARTESIAN_POINT('',(4.,-4.,6.));
#97 = DIRECTION('',(0.,-0.,1.));
#98 = DIRECTION('',(0.,1.,0.));
#99 = ORIENTED_EDGE('',*,*,#100,.F.);
#100 = EDGE_CURVE('',#101,#92,#103,.T.);
#101 = VERTEX_POINT('',#102);
#102 = CARTESIAN_POINT('',(13.5,-0.877501000801,6.));
#103 = CIRCLE('',#104,10.);
#104 = AXIS2_PLACEMENT_3D('',#105,#106,#107);
#105 = CARTESIAN_POINT('',(4.,-4.,6.));
#106 = DIRECTION('',(0.,-0.,1.));
#107 = DIRECTION('',(0.,1.,0.));
#108 = ORIENTED_EDGE('',*,*,#109,.F.);
#109 = EDGE_CURVE('',#22,#101,#110,.T.);
#110 = LINE('',#111,#112);
#111 = CARTESIAN_POINT('',(13.5,-0.877501000801,6.));
#112 = VECTOR('',#113,1.);
#113 = DIRECTION('',(0.,-0.,-1.));
#114 = ORIENTED_EDGE('',*,*,#21,.T.);
#115 = ORIENTED_EDGE('',*,*,#32,.T.);
#116 = CYLINDRICAL_SURFACE('',#117,10.);
#117 = AXIS2_PLACEMENT_3D('',#118,#119,#120);
#118 = CARTESIAN_POINT('',(4.,-4.,6.));
#119 = DIRECTION('',(0.,-0.,-1.));
#120 = DIRECTION('',(0.,1.,0.));
#121 = ADVANCED_FACE('',(#122,#140),#151,.T.);
#122 = FACE_BOUND('',#123,.T.);
#123 = EDGE_LOOP('',(#124,#125,#133,#139));
#124 = ORIENTED_EDGE('',*,*,#58,.F.);
#125 = ORIENTED_EDGE('',*,*,#126,.T.);
#126 = EDGE_CURVE('',#50,#127,#129,.T.);
#127 = VERTEX_POINT('',#128);
#128 = CARTESIAN_POINT('',(13.5,-7.1224989992,6.));
#129 = LINE('',#130,#131);
#130 = CARTESIAN_POINT('',(13.5,-7.122498999199,6.));
#131 = VECTOR('',#132,1.);
#132 = DIRECTION('',(0.,-0.,-1.));
#133 = ORIENTED_EDGE('',*,*,#134,.T.);
#134 = EDGE_CURVE('',#127,#101,#135,.T.);
#135 = LINE('',#136,#137);
#136 = CARTESIAN_POINT('',(13.5,-16.45085,6.));
#137 = VECTOR('',#138,1.);
#138 = DIRECTION('',(0.,1.,0.));
#139 = ORIENTED_EDGE('',*,*,#109,.F.);
#140 = FACE_BOUND('',#141,.T.);
#141 = EDGE_LOOP('',(#142));
#142 = ORIENTED_EDGE('',*,*,#143,.T.);
#143 = EDGE_CURVE('',#144,#144,#146,.T.);
#144 = VERTEX_POINT('',#145);
#145 = CARTESIAN_POINT('',(13.5,-5.220611,11.));
#146 = CIRCLE('',#147,1.220611);
#147 = AXIS2_PLACEMENT_3D('',#148,#149,#150);
#148 = CARTESIAN_POINT('',(13.5,-4.,11.));
#149 = DIRECTION('',(-1.,9.E-17,-2.2E-16));
#150 = DIRECTION('',(-9.E-17,-1.,-9.E-17));
#151 = PLANE('',#152);
#152 = AXIS2_PLACEMENT_3D('',#153,#154,#155);
#153 = CARTESIAN_POINT('',(13.5,-16.45085,16.));
#154 = DIRECTION('',(1.,0.,0.));
#155 = DIRECTION('',(0.,1.,0.));
#156 = ADVANCED_FACE('',(#157),#176,.T.);
#157 = FACE_BOUND('',#158,.F.);
#158 = EDGE_LOOP('',(#159,#168,#174,#175));
#159 = ORIENTED_EDGE('',*,*,#160,.F.);
#160 = EDGE_CURVE('',#161,#127,#163,.T.);
#161 = VERTEX_POINT('',#162);
#162 = CARTESIAN_POINT('',(-5.5,-7.1224989992,6.));
#163 = CIRCLE('',#164,10.);
#164 = AXIS2_PLACEMENT_3D('',#165,#166,#167);
#165 = CARTESIAN_POINT('',(4.,-4.,6.));
#166 = DIRECTION('',(0.,-0.,1.));
#167 = DIRECTION('',(0.,1.,0.));
#168 = ORIENTED_EDGE('',*,*,#169,.F.);
#169 = EDGE_CURVE('',#42,#161,#170,.T.);
#170 = LINE('',#171,#172);
#171 = CARTESIAN_POINT('',(-5.5,-7.122498999199,6.));
#172 = VECTOR('',#173,1.);
#173 = DIRECTION('',(0.,-0.,-1.));
#174 = ORIENTED_EDGE('',*,*,#49,.T.);
#175 = ORIENTED_EDGE('',*,*,#126,.T.);
#176 = CYLINDRICAL_SURFACE('',#177,10.);
#177 = AXIS2_PLACEMENT_3D('',#178,#179,#180);
#178 = CARTESIAN_POINT('',(4.,-4.,6.));
#179 = DIRECTION('',(0.,-0.,-1.));
#180 = DIRECTION('',(0.,1.,0.));
#181 = ADVANCED_FACE('',(#182,#193),#204,.T.);
#182 = FACE_BOUND('',#183,.T.);
#183 = EDGE_LOOP('',(#184,#185,#186,#192));
#184 = ORIENTED_EDGE('',*,*,#41,.F.);
#185 = ORIENTED_EDGE('',*,*,#83,.T.);
#186 = ORIENTED_EDGE('',*,*,#187,.T.);
#187 = EDGE_CURVE('',#84,#161,#188,.T.);
#188 = LINE('',#189,#190);
#189 = CARTESIAN_POINT('',(-5.5,8.449303369086,6.));
#190 = VECTOR('',#191,1.);
#191 = DIRECTION('',(0.,-1.,0.));
#192 = ORIENTED_EDGE('',*,*,#169,.F.);
#193 = FACE_BOUND('',#194,.T.);
#194 = EDGE_LOOP('',(#195));
#195 = ORIENTED_EDGE('',*,*,#196,.F.);
#196 = EDGE_CURVE('',#197,#197,#199,.T.);
#197 = VERTEX_POINT('',#198);
#198 = CARTESIAN_POINT('',(-5.5,-5.220611,11.));
#199 = CIRCLE('',#200,1.220611);
#200 = AXIS2_PLACEMENT_3D('',#201,#202,#203);
#201 = CARTESIAN_POINT('',(-5.5,-4.,11.));
#202 = DIRECTION('',(-1.,9.E-17,-2.2E-16));
#203 = DIRECTION('',(-9.E-17,-1.,-9.E-17));
#204 = PLANE('',#205);
#205 = AXIS2_PLACEMENT_3D('',#206,#207,#208);
#206 = CARTESIAN_POINT('',(-5.5,8.449303369086,16.));
#207 = DIRECTION('',(-1.,0.,0.));
#208 = DIRECTION('',(0.,-1.,0.));
#209 = ADVANCED_FACE('',(#210,#229,#280),#331,.F.);
#210 = FACE_BOUND('',#211,.F.);
#211 = EDGE_LOOP('',(#212,#213,#221,#228));
#212 = ORIENTED_EDGE('',*,*,#66,.F.);
#213 = ORIENTED_EDGE('',*,*,#214,.T.);
#214 = EDGE_CURVE('',#67,#215,#217,.T.);
#215 = VERTEX_POINT('',#216);
#216 = CARTESIAN_POINT('',(4.,2.,-2.));
#217 = LINE('',#218,#219);
#218 = CARTESIAN_POINT('',(4.,2.,16.));
#219 = VECTOR('',#220,1.);
#220 = DIRECTION('',(0.,-0.,-1.));
#221 = ORIENTED_EDGE('',*,*,#222,.T.);
#222 = EDGE_CURVE('',#215,#215,#223,.T.);
#223 = CIRCLE('',#224,6.);
#224 = AXIS2_PLACEMENT_3D('',#225,#226,#227);
#225 = CARTESIAN_POINT('',(4.,-4.,-2.));
#226 = DIRECTION('',(0.,-0.,1.));
#227 = DIRECTION('',(0.,1.,0.));
#228 = ORIENTED_EDGE('',*,*,#214,.F.);
#229 = FACE_BOUND('',#230,.F.);
#230 = EDGE_LOOP('',(#231));
#231 = ORIENTED_EDGE('',*,*,#232,.F.);
#232 = EDGE_CURVE('',#233,#233,#235,.T.);
#233 = VERTEX_POINT('',#234);
#234 = CARTESIAN_POINT('',(-1.874530516278,-5.220611,11.));
#235 = B_SPLINE_CURVE_WITH_KNOTS('',7,(#236,#237,#238,#239,#240,#241,
    #242,#243,#244,#245,#246,#247,#248,#249,#250,#251,#252,#253,#254,
    #255,#256,#257,#258,#259,#260,#261,#262,#263,#264,#265,#266,#267,
    #268,#269,#270,#271,#272,#273,#274,#275,#276,#277,#278,#279),
  .UNSPECIFIED.,.T.,.F.,(8,6,6,6,6,6,6,8),(0.,0.150580721365,
    0.286720509583,0.423902724645,0.586353904526,0.713243543403,
    0.839783641913,1.),.UNSPECIFIED.);
#236 = CARTESIAN_POINT('',(-1.874530516278,-5.220611,11.));
#237 = CARTESIAN_POINT('',(-1.874530516278,-5.220611,11.147309010115));
#238 = CARTESIAN_POINT('',(-1.8788398874,-5.199870425546,11.294637687937
    ));
#239 = CARTESIAN_POINT('',(-1.887461998816,-5.15837679543,11.43972854036
    ));
#240 = CARTESIAN_POINT('',(-1.899978322814,-5.095815670134,
    11.58015534438));
#241 = CARTESIAN_POINT('',(-1.915518852074,-5.01176140958,
    11.713044594577));
#242 = CARTESIAN_POINT('',(-1.932630865932,-4.905811215248,
    11.834800968379));
#243 = CARTESIAN_POINT('',(-1.964446196348,-4.662535070953,
    12.036056497678));
#244 = CARTESIAN_POINT('',(-1.97964984871,-4.525921927777,
    12.121194542014));
#245 = CARTESIAN_POINT('',(-1.992858005762,-4.371107528259,
    12.187064628195));
#246 = CARTESIAN_POINT('',(-2.001550466576,-4.203653079905,
    12.227749576436));
#247 = CARTESIAN_POINT('',(-2.004066826271,-4.030562660201,
    12.240168760025));
#248 = CARTESIAN_POINT('',(-2.000563685387,-3.859253410049,
    12.224064999277));
#249 = CARTESIAN_POINT('',(-1.98400585884,-3.532392747497,
    12.140141445212));
#250 = CARTESIAN_POINT('',(-1.971120214016,-3.38173099575,12.07314904819
    ));
#251 = CARTESIAN_POINT('',(-1.955321281281,-3.247366525311,
    11.98611227658));
#252 = CARTESIAN_POINT('',(-1.938564549199,-3.130986195161,
    11.883335191721));
#253 = CARTESIAN_POINT('',(-1.922582523168,-3.033518191538,
    11.768847532069));
#254 = CARTESIAN_POINT('',(-1.908643613561,-2.9551975089,11.646450982989
    ));
#255 = CARTESIAN_POINT('',(-1.884248538319,-2.824933213551,
    11.369625264273));
#256 = CARTESIAN_POINT('',(-1.874637273611,-2.779064357428,
    11.21038613694));
#257 = CARTESIAN_POINT('',(-1.8699935873,-2.758347572422,11.045856577393
    ));
#258 = CARTESIAN_POINT('',(-1.871061695232,-2.763192457415,
    10.879700938896));
#259 = CARTESIAN_POINT('',(-1.877820053677,-2.793786272402,
    10.715805299614));
#260 = CARTESIAN_POINT('',(-1.88930389743,-2.849872992023,
    10.558390456685));
#261 = CARTESIAN_POINT('',(-1.915279412943,-2.993246488917,
    10.297595033995));
#262 = CARTESIAN_POINT('',(-1.928779045397,-3.072212723491,
    10.187751878745));
#263 = CARTESIAN_POINT('',(-1.943697833979,-3.16752890308,
    10.085491745123));
#264 = CARTESIAN_POINT('',(-1.958943250841,-3.278852472344,
    9.993992372365));
#265 = CARTESIAN_POINT('',(-1.973104715766,-3.405269720883,
    9.916539396622));
#266 = CARTESIAN_POINT('',(-1.984657894339,-3.545264289216,
    9.856553704583));
#267 = CARTESIAN_POINT('',(-1.999953703441,-3.847212028736,
    9.779026701963));
#268 = CARTESIAN_POINT('',(-2.003547995522,-4.005762373747,
    9.762226712419));
#269 = CARTESIAN_POINT('',(-2.00202233956,-4.166561123151,9.769916583122
    ));
#270 = CARTESIAN_POINT('',(-1.995150283942,-4.323437704178,
    9.802179785238));
#271 = CARTESIAN_POINT('',(-1.984082994278,-4.470491862548,9.85679477627
    ));
#272 = CARTESIAN_POINT('',(-1.970757056343,-4.602820367233,
    9.929216463459));
#273 = CARTESIAN_POINT('',(-1.939468825743,-4.862602337189,
    10.117959112641));
#274 = CARTESIAN_POINT('',(-1.920759286032,-4.983188324715,
    10.243596703792));
#275 = CARTESIAN_POINT('',(-1.903368746068,-5.07882579735,
    10.383035421377));
#276 = CARTESIAN_POINT('',(-1.889214157316,-5.149946054477,
    10.531716519167));
#277 = CARTESIAN_POINT('',(-1.879422154616,-5.19706761139,
    10.686047353434));
#278 = CARTESIAN_POINT('',(-1.874530516278,-5.220611,10.843052452417));
#279 = CARTESIAN_POINT('',(-1.874530516278,-5.220611,11.));
#280 = FACE_BOUND('',#281,.F.);
#281 = EDGE_LOOP('',(#282));
#282 = ORIENTED_EDGE('',*,*,#283,.T.);
#283 = EDGE_CURVE('',#284,#284,#286,.T.);
#284 = VERTEX_POINT('',#285);
#285 = CARTESIAN_POINT('',(9.874530516278,-5.220611,11.));
#286 = B_SPLINE_CURVE_WITH_KNOTS('',7,(#287,#288,#289,#290,#291,#292,
    #293,#294,#295,#296,#297,#298,#299,#300,#301,#302,#303,#304,#305,
    #306,#307,#308,#309,#310,#311,#312,#313,#314,#315,#316,#317,#318,
    #319,#320,#321,#322,#323,#324,#325,#326,#327,#328,#329,#330),
  .UNSPECIFIED.,.T.,.F.,(8,6,6,6,6,6,6,8),(0.,0.150580721364,
    0.286720509583,0.423902724645,0.586353904527,0.713243543404,
    0.839783641914,1.),.UNSPECIFIED.);
#287 = CARTESIAN_POINT('',(9.874530516278,-5.220611,11.));
#288 = CARTESIAN_POINT('',(9.874530516278,-5.220611,11.147309010115));
#289 = CARTESIAN_POINT('',(9.8788398874,-5.199870425546,11.294637687937)
  );
#290 = CARTESIAN_POINT('',(9.887461998816,-5.15837679543,11.43972854036)
  );
#291 = CARTESIAN_POINT('',(9.899978322814,-5.095815670134,11.58015534438
    ));
#292 = CARTESIAN_POINT('',(9.915518852074,-5.01176140958,11.713044594577
    ));
#293 = CARTESIAN_POINT('',(9.932630865932,-4.905811215248,
    11.834800968379));
#294 = CARTESIAN_POINT('',(9.964446196348,-4.662535070953,
    12.036056497678));
#295 = CARTESIAN_POINT('',(9.97964984871,-4.525921927777,12.121194542014
    ));
#296 = CARTESIAN_POINT('',(9.992858005762,-4.371107528259,
    12.187064628196));
#297 = CARTESIAN_POINT('',(10.001550466576,-4.203653079905,
    12.227749576435));
#298 = CARTESIAN_POINT('',(10.004066826271,-4.030562660201,
    12.240168760026));
#299 = CARTESIAN_POINT('',(10.000563685387,-3.859253410049,
    12.224064999277));
#300 = CARTESIAN_POINT('',(9.98400585884,-3.532392747497,12.140141445212
    ));
#301 = CARTESIAN_POINT('',(9.971120214016,-3.38173099575,12.07314904819)
  );
#302 = CARTESIAN_POINT('',(9.955321281281,-3.247366525312,
    11.986112276581));
#303 = CARTESIAN_POINT('',(9.938564549199,-3.13098619516,11.88333519172)
  );
#304 = CARTESIAN_POINT('',(9.922582523168,-3.033518191538,
    11.768847532069));
#305 = CARTESIAN_POINT('',(9.908643613561,-2.9551975089,11.646450982989)
  );
#306 = CARTESIAN_POINT('',(9.884248538319,-2.824933213551,
    11.369625264272));
#307 = CARTESIAN_POINT('',(9.874637273611,-2.779064357428,
    11.210386136939));
#308 = CARTESIAN_POINT('',(9.8699935873,-2.758347572422,11.045856577393)
  );
#309 = CARTESIAN_POINT('',(9.871061695232,-2.763192457415,
    10.879700938897));
#310 = CARTESIAN_POINT('',(9.877820053677,-2.793786272402,
    10.715805299616));
#311 = CARTESIAN_POINT('',(9.889303897429,-2.849872992022,
    10.558390456686));
#312 = CARTESIAN_POINT('',(9.915279412943,-2.993246488917,
    10.297595033995));
#313 = CARTESIAN_POINT('',(9.928779045397,-3.072212723491,
    10.187751878745));
#314 = CARTESIAN_POINT('',(9.943697833979,-3.167528903081,
    10.085491745123));
#315 = CARTESIAN_POINT('',(9.958943250841,-3.278852472343,9.993992372366
    ));
#316 = CARTESIAN_POINT('',(9.973104715766,-3.405269720883,9.916539396621
    ));
#317 = CARTESIAN_POINT('',(9.984657894339,-3.545264289216,9.856553704583
    ));
#318 = CARTESIAN_POINT('',(9.999953703441,-3.847212028735,9.779026701963
    ));
#319 = CARTESIAN_POINT('',(10.003547995522,-4.005762373747,
    9.762226712419));
#320 = CARTESIAN_POINT('',(10.00202233956,-4.16656112315,9.769916583122)
  );
#321 = CARTESIAN_POINT('',(9.995150283942,-4.323437704178,9.802179785238
    ));
#322 = CARTESIAN_POINT('',(9.984082994278,-4.470491862547,9.856794776269
    ));
#323 = CARTESIAN_POINT('',(9.970757056343,-4.602820367233,9.929216463459
    ));
#324 = CARTESIAN_POINT('',(9.939468825743,-4.862602337189,
    10.117959112641));
#325 = CARTESIAN_POINT('',(9.920759286032,-4.983188324715,
    10.243596703792));
#326 = CARTESIAN_POINT('',(9.903368746068,-5.07882579735,10.383035421377
    ));
#327 = CARTESIAN_POINT('',(9.889214157316,-5.149946054477,
    10.531716519167));
#328 = CARTESIAN_POINT('',(9.879422154616,-5.19706761139,10.686047353434
    ));
#329 = CARTESIAN_POINT('',(9.874530516278,-5.220611,10.843052452417));
#330 = CARTESIAN_POINT('',(9.874530516278,-5.220611,11.));
#331 = CYLINDRICAL_SURFACE('',#332,6.);
#332 = AXIS2_PLACEMENT_3D('',#333,#334,#335);
#333 = CARTESIAN_POINT('',(4.,-4.,16.));
#334 = DIRECTION('',(0.,0.,1.));
#335 = DIRECTION('',(0.,1.,0.));
#336 = ADVANCED_FACE('',(#337,#3673,#3709,#3745,#3781,#3788),#3824,.T.);
#337 = FACE_BOUND('',#338,.T.);
#338 = EDGE_LOOP('',(#339,#349,#376,#384,#411,#418,#445,#452,#479,#486,
    #513,#520,#547,#554,#581,#588,#615,#622,#649,#656,#683,#690,#717,
    #724,#751,#758,#785,#792,#819,#826,#853,#860,#887,#894,#921,#928,
    #955,#962,#989,#996,#1023,#1030,#1057,#1064,#1091,#1098,#1125,#1132,
    #1159,#1166,#1193,#1200,#1227,#1234,#1261,#1268,#1295,#1302,#1329,
    #1336,#1363,#1370,#1397,#1404,#1431,#1438,#1465,#1472,#1499,#1506,
    #1533,#1540,#1567,#1574,#1601,#1608,#1635,#1642,#1669,#1676,#1703,
    #1710,#1737,#1744,#1771,#1778,#1805,#1812,#1839,#1846,#1873,#1880,
    #1907,#1914,#1941,#1948,#1975,#1982,#2009,#2016,#2043,#2050,#2077,
    #2084,#2111,#2118,#2145,#2152,#2179,#2186,#2213,#2220,#2247,#2254,
    #2281,#2288,#2315,#2322,#2349,#2356,#2383,#2390,#2417,#2424,#2451,
    #2458,#2485,#2492,#2519,#2526,#2553,#2560,#2587,#2594,#2621,#2628,
    #2655,#2662,#2689,#2696,#2723,#2730,#2757,#2764,#2791,#2798,#2825,
    #2832,#2859,#2866,#2893,#2900,#2927,#2934,#2961,#2968,#2995,#3002,
    #3029,#3036,#3063,#3070,#3097,#3104,#3131,#3138,#3165,#3172,#3199,
    #3206,#3233,#3240,#3267,#3274,#3301,#3308,#3335,#3342,#3369,#3376,
    #3403,#3410,#3437,#3444,#3471,#3478,#3505,#3512,#3539,#3546,#3573,
    #3580,#3607,#3614,#3641,#3648));
#339 = ORIENTED_EDGE('',*,*,#340,.T.);
#340 = EDGE_CURVE('',#341,#343,#345,.T.);
#341 = VERTEX_POINT('',#342);
#342 = CARTESIAN_POINT('',(4.387084835726,21.497061896029,6.));
#343 = VERTEX_POINT('',#344);
#344 = CARTESIAN_POINT('',(3.612915164274,21.497061896029,6.));
#345 = LINE('',#346,#347);
#346 = CARTESIAN_POINT('',(4.387084835726,21.497061896029,6.));
#347 = VECTOR('',#348,1.);
#348 = DIRECTION('',(-1.,0.,0.));
#349 = ORIENTED_EDGE('',*,*,#350,.T.);
#350 = EDGE_CURVE('',#343,#351,#353,.T.);
#351 = VERTEX_POINT('',#352);
#352 = CARTESIAN_POINT('',(2.929965908919,19.22536387323,6.));
#353 = B_SPLINE_CURVE_WITH_KNOTS('',3,(#354,#355,#356,#357,#358,#359,
    #360,#361,#362,#363,#364,#365,#366,#367,#368,#369,#370,#371,#372,
    #373,#374,#375),.UNSPECIFIED.,.F.,.F.,(4,1,1,1,1,1,1,1,1,1,1,1,1,1,1
    ,1,1,1,1,4),(0.,0.189906477077,0.372642952354,0.548209425831,
    0.716605897509,0.87783236739,1.031888835474,1.178775301764,
    1.318491766261,1.451038228967,1.576414689885,1.694621149018,
    1.805657606368,1.909524061941,2.006220515742,2.095746967776,
    2.178103418053,2.253289866581,2.321306313375,2.382152758453),
  .UNSPECIFIED.);
#354 = CARTESIAN_POINT('',(3.612915164274,21.497061896029,6.));
#355 = CARTESIAN_POINT('',(3.586568652494,21.439502786327,6.));
#356 = CARTESIAN_POINT('',(3.535843551687,21.326109758907,6.));
#357 = CARTESIAN_POINT('',(3.464177784626,21.158002700062,6.));
#358 = CARTESIAN_POINT('',(3.398182762365,20.995302147783,6.));
#359 = CARTESIAN_POINT('',(3.337645684754,20.83815390663,6.));
#360 = CARTESIAN_POINT('',(3.282348941239,20.686697830122,6.));
#361 = CARTESIAN_POINT('',(3.232072091718,20.54106783456,6.));
#362 = CARTESIAN_POINT('',(3.186591546032,20.401391808727,6.));
#363 = CARTESIAN_POINT('',(3.145680824414,20.267791553774,6.));
#364 = CARTESIAN_POINT('',(3.109110673964,20.140382719551,6.));
#365 = CARTESIAN_POINT('',(3.076649222329,20.019274745852,6.));
#366 = CARTESIAN_POINT('',(3.048062125179,19.904570806587,6.));
#367 = CARTESIAN_POINT('',(3.023112711441,19.796367757078,6.));
#368 = CARTESIAN_POINT('',(3.00156214829,19.694756085555,6.));
#369 = CARTESIAN_POINT('',(2.983169542329,19.599819864941,6.));
#370 = CARTESIAN_POINT('',(2.967692259722,19.511636718232,6.));
#371 = CARTESIAN_POINT('',(2.954885521821,19.43027775317,6.));
#372 = CARTESIAN_POINT('',(2.944504392861,19.35580761268,6.));
#373 = CARTESIAN_POINT('',(2.93629797463,19.288284162451,6.));
#374 = CARTESIAN_POINT('',(2.93187218415,19.245556927425,6.));
#375 = CARTESIAN_POINT('',(2.929965908919,19.22536387323,6.));
#376 = ORIENTED_EDGE('',*,*,#377,.T.);
#377 = EDGE_CURVE('',#351,#378,#380,.T.);
#378 = VERTEX_POINT('',#379);
#379 = CARTESIAN_POINT('',(2.091255514786,19.171516879354,6.));
#380 = LINE('',#381,#382);
#381 = CARTESIAN_POINT('',(2.929965908919,19.22536387323,6.));
#382 = VECTOR('',#383,1.);
#383 = DIRECTION('',(-0.99794539275,-6.407021998071E-02,0.));
#384 = ORIENTED_EDGE('',*,*,#385,.T.);
#385 = EDGE_CURVE('',#378,#386,#388,.T.);
#386 = VERTEX_POINT('',#387);
#387 = CARTESIAN_POINT('',(1.123414968018,21.337230680439,6.));
#388 = B_SPLINE_CURVE_WITH_KNOTS('',3,(#389,#390,#391,#392,#393,#394,
    #395,#396,#397,#398,#399,#400,#401,#402,#403,#404,#405,#406,#407,
    #408,#409,#410),.UNSPECIFIED.,.F.,.F.,(4,1,1,1,1,1,1,1,1,1,1,1,1,1,1
    ,1,1,1,1,4),(0.,6.084644507817E-02,0.128862891872,0.204049340401,
    0.286405790677,0.375932242711,0.472628696512,0.576495152085,
    0.687531609436,0.805738068568,0.931114529486,1.063660992193,
    1.20337745669,1.350263922979,1.504320391064,1.665546860944,
    1.833943332622,2.009509806099,2.192246281376,2.382152758453),
  .UNSPECIFIED.);
#389 = CARTESIAN_POINT('',(2.091255514786,19.171516879354,6.));
#390 = CARTESIAN_POINT('',(2.086782659593,19.191300379787,6.));
#391 = CARTESIAN_POINT('',(2.076929367249,19.233110867279,6.));
#392 = CARTESIAN_POINT('',(2.060155616436,19.299030537445,6.));
#393 = CARTESIAN_POINT('',(2.040336686205,19.371561769804,6.));
#394 = CARTESIAN_POINT('',(2.017231137916,19.450615089594,6.));
#395 = CARTESIAN_POINT('',(1.990604313075,19.536095062917,6.));
#396 = CARTESIAN_POINT('',(1.960222535722,19.627899864226,6.));
#397 = CARTESIAN_POINT('',(1.925855090248,19.725921480482,6.));
#398 = CARTESIAN_POINT('',(1.887273811995,19.830045724236,6.));
#399 = CARTESIAN_POINT('',(1.844253400331,19.940152308901,6.));
#400 = CARTESIAN_POINT('',(1.79657151283,20.05611490951,6.));
#401 = CARTESIAN_POINT('',(1.744008922716,20.177801231924,6.));
#402 = CARTESIAN_POINT('',(1.686349656153,20.305073083668,6.));
#403 = CARTESIAN_POINT('',(1.62338113138,20.437786448165,6.));
#404 = CARTESIAN_POINT('',(1.55489430361,20.575791562661,6.));
#405 = CARTESIAN_POINT('',(1.480683772411,20.718932996264,6.));
#406 = CARTESIAN_POINT('',(1.400548032328,20.867049742868,6.));
#407 = CARTESIAN_POINT('',(1.314289143458,21.01997526973,6.));
#408 = CARTESIAN_POINT('',(1.221714697809,21.177537757063,6.));
#409 = CARTESIAN_POINT('',(1.156905670878,21.283513247378,6.));
#410 = CARTESIAN_POINT('',(1.123414968018,21.337230680439,6.));
#411 = ORIENTED_EDGE('',*,*,#412,.T.);
#412 = EDGE_CURVE('',#386,#413,#415,.T.);
#413 = VERTEX_POINT('',#414);
#414 = CARTESIAN_POINT('',(0.355601218866,21.238232060191,6.));
#415 = B_SPLINE_CURVE_WITH_KNOTS('',1,(#416,#417),.UNSPECIFIED.,.F.,.F.,
  (2,2),(0.,0.774169671453),.PIECEWISE_BEZIER_KNOTS.);
#416 = CARTESIAN_POINT('',(1.123414968018,21.337230680439,6.));
#417 = CARTESIAN_POINT('',(0.355601218866,21.238232060191,6.));
#418 = ORIENTED_EDGE('',*,*,#419,.T.);
#419 = EDGE_CURVE('',#413,#420,#422,.T.);
#420 = VERTEX_POINT('',#421);
#421 = CARTESIAN_POINT('',(-3.124273718335E-02,18.897851034407,6.));
#422 = B_SPLINE_CURVE_WITH_KNOTS('',3,(#423,#424,#425,#426,#427,#428,
    #429,#430,#431,#432,#433,#434,#435,#436,#437,#438,#439,#440,#441,
    #442,#443,#444),.UNSPECIFIED.,.F.,.F.,(4,1,1,1,1,1,1,1,1,1,1,1,1,1,1
    ,1,1,1,1,4),(0.,0.189906477077,0.372642952354,0.548209425831,
    0.716605897509,0.87783236739,1.031888835474,1.178775301764,
    1.318491766261,1.451038228967,1.576414689885,1.694621149018,
    1.805657606368,1.909524061941,2.006220515742,2.095746967776,
    2.178103418053,2.253289866581,2.321306313375,2.382152758453),
  .UNSPECIFIED.);
#423 = CARTESIAN_POINT('',(0.355601218866,21.238232060191,6.));
#424 = CARTESIAN_POINT('',(0.336831507161,21.177776392837,6.));
#425 = CARTESIAN_POINT('',(0.301023237232,21.058827738687,6.));
#426 = CARTESIAN_POINT('',(0.251442898672,20.882936421591,6.));
#427 = CARTESIAN_POINT('',(0.206795379461,20.713132382465,6.));
#428 = CARTESIAN_POINT('',(0.166850981464,20.549533016537,6.));
#429 = CARTESIAN_POINT('',(0.131375996632,20.392249201713,6.));
#430 = CARTESIAN_POINT('',(0.100134669839,20.241385565586,6.));
#431 = CARTESIAN_POINT('',(7.288889254357E-02,20.0970403549,6.));
#432 = CARTESIAN_POINT('',(4.939846878853E-02,19.959305409231,6.));
#433 = CARTESIAN_POINT('',(2.942123886202E-02,19.828266112734,6.));
#434 = CARTESIAN_POINT('',(1.271323922957E-02,19.704001355526,6.));
#435 = CARTESIAN_POINT('',(-9.711440602693E-04,19.586583497172,6.));
#436 = CARTESIAN_POINT('',(-1.187902459974E-02,19.476078332989,6.));
#437 = CARTESIAN_POINT('',(-2.0258845777E-02,19.372545067036,6.));
#438 = CARTESIAN_POINT('',(-2.636027426351E-02,19.276036277235,6.));
#439 = CARTESIAN_POINT('',(-3.043387808519E-02,19.186597921971,6.));
#440 = CARTESIAN_POINT('',(-3.273151931485E-02,19.104269223594,6.));
#441 = CARTESIAN_POINT('',(-3.350438915345E-02,19.029082972622,6.));
#442 = CARTESIAN_POINT('',(-3.300872564184E-02,18.961064475515,6.));
#443 = CARTESIAN_POINT('',(-3.193434290207E-02,18.918122072973,6.));
#444 = CARTESIAN_POINT('',(-3.124273718335E-02,18.897851034407,6.));
#445 = ORIENTED_EDGE('',*,*,#446,.T.);
#446 = EDGE_CURVE('',#420,#447,#449,.T.);
#447 = VERTEX_POINT('',#448);
#448 = CARTESIAN_POINT('',(-0.856181529831,18.73719421893,6.));
#449 = B_SPLINE_CURVE_WITH_KNOTS('',1,(#450,#451),.UNSPECIFIED.,.F.,.F.,
  (2,2),(0.,0.840437162419),.PIECEWISE_BEZIER_KNOTS.);
#450 = CARTESIAN_POINT('',(-3.124273718335E-02,18.897851034407,6.));
#451 = CARTESIAN_POINT('',(-0.856181529831,18.73719421893,6.));
#452 = ORIENTED_EDGE('',*,*,#453,.T.);
#453 = EDGE_CURVE('',#447,#454,#456,.T.);
#454 = VERTEX_POINT('',#455);
#455 = CARTESIAN_POINT('',(-2.093021452994,20.761362837561,6.));
#456 = B_SPLINE_CURVE_WITH_KNOTS('',3,(#457,#458,#459,#460,#461,#462,
    #463,#464,#465,#466,#467,#468,#469,#470,#471,#472,#473,#474,#475,
    #476,#477,#478),.UNSPECIFIED.,.F.,.F.,(4,1,1,1,1,1,1,1,1,1,1,1,1,1,1
    ,1,1,1,1,4),(0.,6.084644507817E-02,0.128862891872,0.204049340401,
    0.286405790677,0.375932242711,0.472628696512,0.576495152085,
    0.687531609436,0.805738068568,0.931114529486,1.063660992193,
    1.20337745669,1.350263922979,1.504320391064,1.665546860944,
    1.833943332622,2.009509806099,2.192246281376,2.382152758453),
  .UNSPECIFIED.);
#457 = CARTESIAN_POINT('',(-0.856181529831,18.73719421893,6.));
#458 = CARTESIAN_POINT('',(-0.86314752083,18.756243321072,6.));
#459 = CARTESIAN_POINT('',(-0.878266524248,18.796450533981,6.));
#460 = CARTESIAN_POINT('',(-0.903332183119,18.859684024921,6.));
#461 = CARTESIAN_POINT('',(-0.932263488334,18.929085388319,6.));
#462 = CARTESIAN_POINT('',(-0.965288454548,19.004535009512,6.));
#463 = CARTESIAN_POINT('',(-1.002627609894,19.085908230651,6.));
#464 = CARTESIAN_POINT('',(-1.044499690696,19.173074180355,6.));
#465 = CARTESIAN_POINT('',(-1.091119705988,19.265896229115,6.));
#466 = CARTESIAN_POINT('',(-1.142699345234,19.36423194991,6.));
#467 = CARTESIAN_POINT('',(-1.199446677443,19.467933232899,6.));
#468 = CARTESIAN_POINT('',(-1.261566065533,19.576846357723,6.));
#469 = CARTESIAN_POINT('',(-1.329258019035,19.690812082277,6.));
#470 = CARTESIAN_POINT('',(-1.40271906698,19.809665730524,6.));
#471 = CARTESIAN_POINT('',(-1.482141629405,19.93323728391,6.));
#472 = CARTESIAN_POINT('',(-1.567713883605,20.061351477176,6.));
#473 = CARTESIAN_POINT('',(-1.659619667618,20.19382788949,6.));
#474 = CARTESIAN_POINT('',(-1.758038243535,20.330481068661,6.));
#475 = CARTESIAN_POINT('',(-1.863144630445,20.471120537183,6.));
#476 = CARTESIAN_POINT('',(-1.975107684843,20.615551281319,6.));
#477 = CARTESIAN_POINT('',(-2.052936475468,20.712369119908,6.));
#478 = CARTESIAN_POINT('',(-2.093021452994,20.761362837561,6.));
#479 = ORIENTED_EDGE('',*,*,#480,.T.);
#480 = EDGE_CURVE('',#454,#481,#483,.T.);
#481 = VERTEX_POINT('',#482);
#482 = CARTESIAN_POINT('',(-2.841871799311,20.564991151673,6.));
#483 = B_SPLINE_CURVE_WITH_KNOTS('',1,(#484,#485),.UNSPECIFIED.,.F.,.F.,
  (2,2),(0.,0.774169671453),.PIECEWISE_BEZIER_KNOTS.);
#484 = CARTESIAN_POINT('',(-2.093021452994,20.761362837561,6.));
#485 = CARTESIAN_POINT('',(-2.841871799311,20.564991151673,6.));
#486 = ORIENTED_EDGE('',*,*,#487,.T.);
#487 = EDGE_CURVE('',#481,#488,#490,.T.);
#488 = VERTEX_POINT('',#489);
#489 = CARTESIAN_POINT('',(-2.926258488991,18.194356114645,6.));
#490 = B_SPLINE_CURVE_WITH_KNOTS('',3,(#491,#492,#493,#494,#495,#496,
    #497,#498,#499,#500,#501,#502,#503,#504,#505,#506,#507,#508,#509,
    #510,#511,#512),.UNSPECIFIED.,.F.,.F.,(4,1,1,1,1,1,1,1,1,1,1,1,1,1,1
    ,1,1,1,1,4),(0.,0.189906477077,0.372642952354,0.548209425831,
    0.716605897509,0.87783236739,1.031888835474,1.178775301764,
    1.318491766261,1.451038228967,1.576414689885,1.694621149018,
    1.805657606368,1.909524061941,2.006220515742,2.095746967776,
    2.178103418053,2.253289866581,2.321306313375,2.382152758453),
  .UNSPECIFIED.);
#491 = CARTESIAN_POINT('',(-2.841871799311,20.564991151673,6.));
#492 = CARTESIAN_POINT('',(-2.852756512793,20.502631607054,6.));
#493 = CARTESIAN_POINT('',(-2.873059981042,20.380080459787,6.));
#494 = CARTESIAN_POINT('',(-2.899740783312,20.199293015002,6.));
#495 = CARTESIAN_POINT('',(-2.922307688441,20.025173666657,6.));
#496 = CARTESIAN_POINT('',(-2.941003520916,19.857809473022,6.));
#497 = CARTESIAN_POINT('',(-2.956074248794,19.697280515772,6.));
#498 = CARTESIAN_POINT('',(-2.967767071136,19.543660415815,6.));
#499 = CARTESIAN_POINT('',(-2.976330705131,19.397016164645,6.));
#500 = CARTESIAN_POINT('',(-2.982015118915,19.257408132259,6.));
#501 = CARTESIAN_POINT('',(-2.985071402755,19.124890035113,6.));
#502 = CARTESIAN_POINT('',(-2.985751605492,18.999508918273,6.));
#503 = CARTESIAN_POINT('',(-2.984308577727,18.881305138819,6.));
#504 = CARTESIAN_POINT('',(-2.980995817971,18.770312351703,6.));
#505 = CARTESIAN_POINT('',(-2.976067300742,18.666557504685,6.));
#506 = CARTESIAN_POINT('',(-2.969777366468,18.570060817357,6.));
#507 = CARTESIAN_POINT('',(-2.962380403041,18.480835828859,6.));
#508 = CARTESIAN_POINT('',(-2.954131220395,18.398889232119,6.));
#509 = CARTESIAN_POINT('',(-2.945283140611,18.324221426826,6.));
#510 = CARTESIAN_POINT('',(-2.936093534137,18.256824744683,6.));
#511 = CARTESIAN_POINT('',(-2.929536619512,18.214372287688,6.));
#512 = CARTESIAN_POINT('',(-2.926258488991,18.194356114645,6.));
#513 = ORIENTED_EDGE('',*,*,#514,.T.);
#514 = EDGE_CURVE('',#488,#515,#517,.T.);
#515 = VERTEX_POINT('',#516);
#516 = CARTESIAN_POINT('',(-3.723880207986,17.929527458034,6.));
#517 = B_SPLINE_CURVE_WITH_KNOTS('',1,(#518,#519),.UNSPECIFIED.,.F.,.F.,
  (2,2),(0.,0.840437162419),.PIECEWISE_BEZIER_KNOTS.);
#518 = CARTESIAN_POINT('',(-2.926258488991,18.194356114645,6.));
#519 = CARTESIAN_POINT('',(-3.723880207986,17.929527458034,6.));
#520 = ORIENTED_EDGE('',*,*,#521,.T.);
#521 = EDGE_CURVE('',#515,#522,#524,.T.);
#522 = VERTEX_POINT('',#523);
#523 = CARTESIAN_POINT('',(-5.209410630198,19.778914101456,6.));
#524 = B_SPLINE_CURVE_WITH_KNOTS('',3,(#525,#526,#527,#528,#529,#530,
    #531,#532,#533,#534,#535,#536,#537,#538,#539,#540,#541,#542,#543,
    #544,#545,#546),.UNSPECIFIED.,.F.,.F.,(4,1,1,1,1,1,1,1,1,1,1,1,1,1,1
    ,1,1,1,1,4),(0.,6.084644507817E-02,0.128862891872,0.204049340401,
    0.286405790677,0.375932242711,0.472628696512,0.576495152085,
    0.687531609436,0.805738068568,0.931114529486,1.063660992193,
    1.20337745669,1.350263922979,1.504320391064,1.665546860944,
    1.833943332622,2.009509806099,2.192246281376,2.382152758453),
  .UNSPECIFIED.);
#525 = CARTESIAN_POINT('',(-3.723880207986,17.929527458034,6.));
#526 = CARTESIAN_POINT('',(-3.733224953409,17.947529376154,6.));
#527 = CARTESIAN_POINT('',(-3.753361414285,17.985473113156,6.));
#528 = CARTESIAN_POINT('',(-3.786307403787,18.044982132698,6.));
#529 = CARTESIAN_POINT('',(-3.823876032755,18.110114058667,6.));
#530 = CARTESIAN_POINT('',(-3.866278147861,18.180721100569,6.));
#531 = CARTESIAN_POINT('',(-3.913716525814,18.256651423482,6.));
#532 = CARTESIAN_POINT('',(-3.966391371655,18.337747259097,6.));
#533 = CARTESIAN_POINT('',(-4.024498457403,18.423845604886,6.));
#534 = CARTESIAN_POINT('',(-4.088229521391,18.514778132905,6.));
#535 = CARTESIAN_POINT('',(-4.157771984519,18.610371342019,6.));
#536 = CARTESIAN_POINT('',(-4.233308874564,18.710446640559,6.));
#537 = CARTESIAN_POINT('',(-4.315018691449,18.814820453207,6.));
#538 = CARTESIAN_POINT('',(-4.403075292399,18.923304324339,6.));
#539 = CARTESIAN_POINT('',(-4.497647776197,19.035705025124,6.));
#540 = CARTESIAN_POINT('',(-4.598900362779,19.151824665648,6.));
#541 = CARTESIAN_POINT('',(-4.706992309172,19.271460797646,6.));
#542 = CARTESIAN_POINT('',(-4.82207769063,19.394406567959,6.));
#543 = CARTESIAN_POINT('',(-4.944305731611,19.520450681956,6.));
#544 = CARTESIAN_POINT('',(-5.0738189645,19.649378134069,6.));
#545 = CARTESIAN_POINT('',(-5.163389572229,19.735448574699,6.));
#546 = CARTESIAN_POINT('',(-5.209410630198,19.778914101456,6.));
#547 = ORIENTED_EDGE('',*,*,#548,.T.);
#548 = EDGE_CURVE('',#522,#549,#551,.T.);
#549 = VERTEX_POINT('',#550);
#550 = CARTESIAN_POINT('',(-5.927001471696,19.488393767581,6.));
#551 = B_SPLINE_CURVE_WITH_KNOTS('',1,(#552,#553),.UNSPECIFIED.,.F.,.F.,
  (2,2),(0.,0.774169671453),.PIECEWISE_BEZIER_KNOTS.);
#552 = CARTESIAN_POINT('',(-5.209410630198,19.778914101456,6.));
#553 = CARTESIAN_POINT('',(-5.927001471696,19.488393767581,6.));
#554 = ORIENTED_EDGE('',*,*,#555,.T.);
#555 = EDGE_CURVE('',#549,#556,#558,.T.);
#556 = VERTEX_POINT('',#557);
#557 = CARTESIAN_POINT('',(-5.707545267895,17.126430481077,6.));
#558 = B_SPLINE_CURVE_WITH_KNOTS('',3,(#559,#560,#561,#562,#563,#564,
    #565,#566,#567,#568,#569,#570,#571,#572,#573,#574,#575,#576,#577,
    #578,#579,#580),.UNSPECIFIED.,.F.,.F.,(4,1,1,1,1,1,1,1,1,1,1,1,1,1,1
    ,1,1,1,1,4),(0.,0.189906477077,0.372642952354,0.548209425831,
    0.716605897509,0.87783236739,1.031888835474,1.178775301764,
    1.318491766261,1.451038228967,1.576414689885,1.694621149018,
    1.805657606368,1.909524061941,2.006220515742,2.095746967776,
    2.178103418053,2.253289866581,2.321306313375,2.382152758453),
  .UNSPECIFIED.);
#559 = CARTESIAN_POINT('',(-5.927001471696,19.488393767581,6.));
#560 = CARTESIAN_POINT('',(-5.929822460261,19.425154287695,6.));
#561 = CARTESIAN_POINT('',(-5.934287744443,19.301012933762,6.));
#562 = CARTESIAN_POINT('',(-5.937630912388,19.118297886133,6.));
#563 = CARTESIAN_POINT('',(-5.937746655478,18.942722263455,6.));
#564 = CARTESIAN_POINT('',(-5.934886937376,18.774341357544,6.));
#565 = CARTESIAN_POINT('',(-5.929305947365,18.613203138908,6.));
#566 = CARTESIAN_POINT('',(-5.921258269437,18.459349012915,6.));
#567 = CARTESIAN_POINT('',(-5.910999145499,18.312813615811,6.));
#568 = CARTESIAN_POINT('',(-5.898784211394,18.173624856741,6.));
#569 = CARTESIAN_POINT('',(-5.884869365051,18.041803902438,6.));
#570 = CARTESIAN_POINT('',(-5.869510601983,17.917365180439,6.));
#571 = CARTESIAN_POINT('',(-5.852963857639,17.800316382675,6.));
#572 = CARTESIAN_POINT('',(-5.835484853011,17.690658471122,6.));
#573 = CARTESIAN_POINT('',(-5.817328923493,17.588385694758,6.));
#574 = CARTESIAN_POINT('',(-5.798750907004,17.493485582841,6.));
#575 = CARTESIAN_POINT('',(-5.780004834265,17.405939032953,6.));
#576 = CARTESIAN_POINT('',(-5.761344279093,17.325720098703,6.));
#577 = CARTESIAN_POINT('',(-5.743020534911,17.252796782389,6.));
#578 = CARTESIAN_POINT('',(-5.725287878561,17.187128566867,6.));
#579 = CARTESIAN_POINT('',(-5.713356096407,17.145863123589,6.));
#580 = CARTESIAN_POINT('',(-5.707545267895,17.126430481077,6.));
#581 = ORIENTED_EDGE('',*,*,#582,.T.);
#582 = EDGE_CURVE('',#556,#583,#585,.T.);
#583 = VERTEX_POINT('',#584);
#584 = CARTESIAN_POINT('',(-6.464752986663,16.761778462553,6.));
#585 = B_SPLINE_CURVE_WITH_KNOTS('',1,(#586,#587),.UNSPECIFIED.,.F.,.F.,
  (2,2),(0.,0.840437162419),.PIECEWISE_BEZIER_KNOTS.);
#586 = CARTESIAN_POINT('',(-5.707545267895,17.126430481077,6.));
#587 = CARTESIAN_POINT('',(-6.464752986663,16.761778462553,6.));
#588 = ORIENTED_EDGE('',*,*,#589,.T.);
#589 = EDGE_CURVE('',#583,#590,#592,.T.);
#590 = VERTEX_POINT('',#591);
#591 = CARTESIAN_POINT('',(-8.174581539461,18.406016253208,6.));
#592 = B_SPLINE_CURVE_WITH_KNOTS('',3,(#593,#594,#595,#596,#597,#598,
    #599,#600,#601,#602,#603,#604,#605,#606,#607,#608,#609,#610,#611,
    #612,#613,#614),.UNSPECIFIED.,.F.,.F.,(4,1,1,1,1,1,1,1,1,1,1,1,1,1,1
    ,1,1,1,1,4),(0.,6.084644507817E-02,0.128862891872,0.204049340401,
    0.286405790677,0.375932242711,0.472628696512,0.576495152085,
    0.687531609436,0.805738068568,0.931114529486,1.063660992193,
    1.20337745669,1.350263922979,1.504320391064,1.665546860944,
    1.833943332622,2.009509806099,2.192246281376,2.382152758453),
  .UNSPECIFIED.);
#593 = CARTESIAN_POINT('',(-6.464752986663,16.761778462553,6.));
#594 = CARTESIAN_POINT('',(-6.476323046049,16.778437605652,6.));
#595 = CARTESIAN_POINT('',(-6.501146324251,16.813494831635,6.));
#596 = CARTESIAN_POINT('',(-6.541431672149,16.868302243322,6.));
#597 = CARTESIAN_POINT('',(-6.58702074902,16.928095267439,6.));
#598 = CARTESIAN_POINT('',(-6.638103771461,16.992700364374,6.));
#599 = CARTESIAN_POINT('',(-6.694862435167,17.061941015257,6.));
#600 = CARTESIAN_POINT('',(-6.757475126534,17.135635145405,6.));
#601 = CARTESIAN_POINT('',(-6.826115165997,17.213596055766,6.));
#602 = CARTESIAN_POINT('',(-6.900951192418,17.295632281413,6.));
#603 = CARTESIAN_POINT('',(-6.982146901143,17.3815477788,6.));
#604 = CARTESIAN_POINT('',(-7.069860979497,17.471142017421,6.));
#605 = CARTESIAN_POINT('',(-7.164246986831,17.564210103045,6.));
#606 = CARTESIAN_POINT('',(-7.265453253833,17.660542894898,6.));
#607 = CARTESIAN_POINT('',(-7.373622781433,17.759927126681,6.));
#608 = CARTESIAN_POINT('',(-7.488893135726,17.862145533176,6.));
#609 = CARTESIAN_POINT('',(-7.611396377728,17.966976962879,6.));
#610 = CARTESIAN_POINT('',(-7.741258865943,18.074196558185,6.));
#611 = CARTESIAN_POINT('',(-7.878601579943,18.183575676789,6.));
#612 = CARTESIAN_POINT('',(-8.023538387619,18.29488285168,6.));
#613 = CARTESIAN_POINT('',(-8.12338006555,18.368792620095,6.));
#614 = CARTESIAN_POINT('',(-8.174581539461,18.406016253208,6.));
#615 = ORIENTED_EDGE('',*,*,#616,.T.);
#616 = EDGE_CURVE('',#590,#617,#619,.T.);
#617 = VERTEX_POINT('',#618);
#618 = CARTESIAN_POINT('',(-8.849130054363,18.026117607197,6.));
#619 = B_SPLINE_CURVE_WITH_KNOTS('',1,(#620,#621),.UNSPECIFIED.,.F.,.F.,
  (2,2),(0.,0.774169671453),.PIECEWISE_BEZIER_KNOTS.);
#620 = CARTESIAN_POINT('',(-8.174581539461,18.406016253208,6.));
#621 = CARTESIAN_POINT('',(-8.849130054363,18.026117607197,6.));
#622 = ORIENTED_EDGE('',*,*,#623,.T.);
#623 = EDGE_CURVE('',#617,#624,#626,.T.);
#624 = VERTEX_POINT('',#625);
#625 = CARTESIAN_POINT('',(-8.329434421881,15.711609443081,6.));
#626 = B_SPLINE_CURVE_WITH_KNOTS('',3,(#627,#628,#629,#630,#631,#632,
    #633,#634,#635,#636,#637,#638,#639,#640,#641,#642,#643,#644,#645,
    #646,#647,#648),.UNSPECIFIED.,.F.,.F.,(4,1,1,1,1,1,1,1,1,1,1,1,1,1,1
    ,1,1,1,1,4),(0.,0.189906477077,0.372642952354,0.548209425831,
    0.716605897509,0.87783236739,1.031888835474,1.178775301764,
    1.318491766261,1.451038228967,1.576414689885,1.694621149018,
    1.805657606368,1.909524061941,2.006220515742,2.095746967776,
    2.178103418053,2.253289866581,2.321306313375,2.382152758453),
  .UNSPECIFIED.);
#627 = CARTESIAN_POINT('',(-8.849130054363,18.026117607197,6.));
#628 = CARTESIAN_POINT('',(-8.843840997457,17.963036582555,6.));
#629 = CARTESIAN_POINT('',(-8.832394777728,17.839343419554,6.));
#630 = CARTESIAN_POINT('',(-8.812345416623,17.657700945113,6.));
#631 = CARTESIAN_POINT('',(-8.790008097175,17.483551994973,6.));
#632 = CARTESIAN_POINT('',(-8.765639784989,17.316919186605,6.));
#633 = CARTESIAN_POINT('',(-8.739498716791,17.157817591679,6.));
#634 = CARTESIAN_POINT('',(-8.711842681242,17.006255720146,6.));
#635 = CARTESIAN_POINT('',(-8.682929253902,16.862235284277,6.));
#636 = CARTESIAN_POINT('',(-8.653015540789,16.725751274098,6.));
#637 = CARTESIAN_POINT('',(-8.622358045655,16.596791959063,6.));
#638 = CARTESIAN_POINT('',(-8.591212507247,16.47533891228,6.));
#639 = CARTESIAN_POINT('',(-8.559833743408,16.361367034229,6.));
#640 = CARTESIAN_POINT('',(-8.528475498681,16.254844578115,6.));
#641 = CARTESIAN_POINT('',(-8.497390276734,16.155733188566,6.));
#642 = CARTESIAN_POINT('',(-8.466829228549,16.063987909275,6.));
#643 = CARTESIAN_POINT('',(-8.437041856493,15.979557309926,6.));
#644 = CARTESIAN_POINT('',(-8.408276334595,15.902383230847,6.));
#645 = CARTESIAN_POINT('',(-8.38077780139,15.83240180235,6.));
#646 = CARTESIAN_POINT('',(-8.354793264889,15.769540323733,6.));
#647 = CARTESIAN_POINT('',(-8.337682534739,15.730139471609,6.));
#648 = CARTESIAN_POINT('',(-8.329434421881,15.711609443081,6.));
#649 = ORIENTED_EDGE('',*,*,#650,.T.);
#650 = EDGE_CURVE('',#624,#651,#653,.T.);
#651 = VERTEX_POINT('',#652);
#652 = CARTESIAN_POINT('',(-9.033794810613,15.253121638707,6.));
#653 = B_SPLINE_CURVE_WITH_KNOTS('',1,(#654,#655),.UNSPECIFIED.,.F.,.F.,
  (2,2),(0.,0.840437162419),.PIECEWISE_BEZIER_KNOTS.);
#654 = CARTESIAN_POINT('',(-8.329434421881,15.711609443081,6.));
#655 = CARTESIAN_POINT('',(-9.033794810613,15.253121638707,6.));
#656 = ORIENTED_EDGE('',*,*,#657,.T.);
#657 = EDGE_CURVE('',#651,#658,#660,.T.);
#658 = VERTEX_POINT('',#659);
#659 = CARTESIAN_POINT('',(-10.93984615643,16.66521223753,6.));
#660 = B_SPLINE_CURVE_WITH_KNOTS('',3,(#661,#662,#663,#664,#665,#666,
    #667,#668,#669,#670,#671,#672,#673,#674,#675,#676,#677,#678,#679,
    #680,#681,#682),.UNSPECIFIED.,.F.,.F.,(4,1,1,1,1,1,1,1,1,1,1,1,1,1,1
    ,1,1,1,1,4),(0.,6.084644507817E-02,0.128862891872,0.204049340401,
    0.286405790677,0.375932242711,0.472628696512,0.576495152085,
    0.687531609436,0.805738068568,0.931114529486,1.063660992193,
    1.20337745669,1.350263922979,1.504320391064,1.665546860944,
    1.833943332622,2.009509806099,2.192246281376,2.382152758453),
  .UNSPECIFIED.);
#661 = CARTESIAN_POINT('',(-9.033794810613,15.253121638707,6.));
#662 = CARTESIAN_POINT('',(-9.047400203908,15.268164464116,6.));
#663 = CARTESIAN_POINT('',(-9.076502701894,15.299759540399,6.));
#664 = CARTESIAN_POINT('',(-9.123465923888,15.348965408046,6.));
#665 = CARTESIAN_POINT('',(-9.176326877281,15.402437730508,6.));
#666 = CARTESIAN_POINT('',(-9.23525202524,15.45998006857,6.));
#667 = CARTESIAN_POINT('',(-9.300398999009,15.521394117851,6.));
#668 = CARTESIAN_POINT('',(-9.371921437242,15.586476486952,6.));
#669 = CARTESIAN_POINT('',(-9.449967362869,15.655019845892,6.));
#670 = CARTESIAN_POINT('',(-9.534679546239,15.72681273661,6.));
#671 = CARTESIAN_POINT('',(-9.626195269268,15.801639792178,6.));
#672 = CARTESIAN_POINT('',(-9.72464627319,15.879281835958,6.));
#673 = CARTESIAN_POINT('',(-9.830158655341,15.959516019165,6.));
#674 = CARTESIAN_POINT('',(-9.942852784289,16.04211594996,6.));
#675 = CARTESIAN_POINT('',(-10.06284321504,16.126851826404,6.));
#676 = CARTESIAN_POINT('',(-10.19023860101,16.213490575461,6.));
#677 = CARTESIAN_POINT('',(-10.32514163877,16.301795973691,6.));
#678 = CARTESIAN_POINT('',(-10.46764889528,16.3915288512,6.));
#679 = CARTESIAN_POINT('',(-10.61785111873,16.482446972307,6.));
#680 = CARTESIAN_POINT('',(-10.77583164282,16.574306209242,6.));
#681 = CARTESIAN_POINT('',(-10.88430499336,16.634841709089,6.));
#682 = CARTESIAN_POINT('',(-10.93984615643,16.66521223753,6.));
#683 = ORIENTED_EDGE('',*,*,#684,.T.);
#684 = EDGE_CURVE('',#658,#685,#687,.T.);
#685 = VERTEX_POINT('',#686);
#686 = CARTESIAN_POINT('',(-11.56027627677,16.202173204647,6.));
#687 = B_SPLINE_CURVE_WITH_KNOTS('',1,(#688,#689),.UNSPECIFIED.,.F.,.F.,
  (2,2),(0.,0.774169671453),.PIECEWISE_BEZIER_KNOTS.);
#688 = CARTESIAN_POINT('',(-10.93984615643,16.66521223753,6.));
#689 = CARTESIAN_POINT('',(-11.56027627677,16.202173204647,6.));
#690 = ORIENTED_EDGE('',*,*,#691,.T.);
#691 = EDGE_CURVE('',#685,#692,#694,.T.);
#692 = VERTEX_POINT('',#693);
#693 = CARTESIAN_POINT('',(-10.74887460352,13.973124322986,6.));
#694 = B_SPLINE_CURVE_WITH_KNOTS('',3,(#695,#696,#697,#698,#699,#700,
    #701,#702,#703,#704,#705,#706,#707,#708,#709,#710,#711,#712,#713,
    #714,#715,#716),.UNSPECIFIED.,.F.,.F.,(4,1,1,1,1,1,1,1,1,1,1,1,1,1,1
    ,1,1,1,1,4),(0.,0.189906477077,0.372642952354,0.548209425831,
    0.716605897509,0.87783236739,1.031888835474,1.178775301764,
    1.318491766261,1.451038228967,1.576414689885,1.694621149018,
    1.805657606368,1.909524061941,2.006220515742,2.095746967776,
    2.178103418053,2.253289866581,2.321306313375,2.382152758453),
  .UNSPECIFIED.);
#695 = CARTESIAN_POINT('',(-11.56027627677,16.202173204647,6.));
#696 = CARTESIAN_POINT('',(-11.54696402056,16.140286423931,6.));
#697 = CARTESIAN_POINT('',(-11.51979424353,16.01907249018,6.));
#698 = CARTESIAN_POINT('',(-11.47668156333,15.841485153334,6.));
#699 = CARTESIAN_POINT('',(-11.43225795951,15.671622396678,6.));
#700 = CARTESIAN_POINT('',(-11.38678118025,15.509473791961,6.));
#701 = CARTESIAN_POINT('',(-11.34050926949,15.355021264535,6.));
#702 = CARTESIAN_POINT('',(-11.29369898766,15.208240289201,6.));
#703 = CARTESIAN_POINT('',(-11.24660601459,15.069099626142,6.));
#704 = CARTESIAN_POINT('',(-11.19948470481,14.937561428528,6.));
#705 = CARTESIAN_POINT('',(-11.15258795611,14.81358126115,6.));
#706 = CARTESIAN_POINT('',(-11.10616705124,14.697108145253,6.));
#707 = CARTESIAN_POINT('',(-11.06047150634,14.588084602002,6.));
#708 = CARTESIAN_POINT('',(-11.01574892303,14.486446697111,6.));
#709 = CARTESIAN_POINT('',(-10.97224482714,14.392124100654,6.));
#710 = CARTESIAN_POINT('',(-10.93020255882,14.305040108937,6.));
#711 = CARTESIAN_POINT('',(-10.88986299527,14.225111808234,6.));
#712 = CARTESIAN_POINT('',(-10.85146483572,14.152249780572,6.));
#713 = CARTESIAN_POINT('',(-10.81524303865,14.086359333012,6.));
#714 = CARTESIAN_POINT('',(-10.78143328737,14.027336775041,6.));
#715 = CARTESIAN_POINT('',(-10.75942456694,13.990447474975,6.));
#716 = CARTESIAN_POINT('',(-10.74887460352,13.973124322986,6.));
#717 = ORIENTED_EDGE('',*,*,#718,.T.);
#718 = EDGE_CURVE('',#692,#719,#721,.T.);
#719 = VERTEX_POINT('',#720);
#720 = CARTESIAN_POINT('',(-11.38882208411,13.428329089834,6.));
#721 = B_SPLINE_CURVE_WITH_KNOTS('',1,(#722,#723),.UNSPECIFIED.,.F.,.F.,
  (2,2),(0.,0.840437162419),.PIECEWISE_BEZIER_KNOTS.);
#722 = CARTESIAN_POINT('',(-10.74887460352,13.973124322986,6.));
#723 = CARTESIAN_POINT('',(-11.38882208411,13.428329089834,6.));
#724 = ORIENTED_EDGE('',*,*,#725,.T.);
#725 = EDGE_CURVE('',#719,#726,#728,.T.);
#726 = VERTEX_POINT('',#727);
#727 = CARTESIAN_POINT('',(-13.45979891254,14.585086008232,6.));
#728 = B_SPLINE_CURVE_WITH_KNOTS('',3,(#729,#730,#731,#732,#733,#734,
    #735,#736,#737,#738,#739,#740,#741,#742,#743,#744,#745,#746,#747,
    #748,#749,#750),.UNSPECIFIED.,.F.,.F.,(4,1,1,1,1,1,1,1,1,1,1,1,1,1,1
    ,1,1,1,1,4),(0.,6.084644507817E-02,0.128862891872,0.204049340401,
    0.286405790677,0.375932242711,0.472628696512,0.576495152085,
    0.687531609436,0.805738068568,0.931114529486,1.063660992193,
    1.20337745669,1.350263922979,1.504320391064,1.665546860944,
    1.833943332622,2.009509806099,2.192246281376,2.382152758453),
  .UNSPECIFIED.);
#729 = CARTESIAN_POINT('',(-11.38882208411,13.428329089834,6.));
#730 = CARTESIAN_POINT('',(-11.40423941113,13.441508594777,6.));
#731 = CARTESIAN_POINT('',(-11.43714326669,13.469122731079,6.));
#732 = CARTESIAN_POINT('',(-11.49001322797,13.511919095702,6.));
#733 = CARTESIAN_POINT('',(-11.54927808249,13.558192702451,6.));
#734 = CARTESIAN_POINT('',(-11.61507780667,13.60772743804,6.));
#735 = CARTESIAN_POINT('',(-11.68754337899,13.660306468728,6.));
#736 = CARTESIAN_POINT('',(-11.76680116763,13.71570842608,6.));
#737 = CARTESIAN_POINT('',(-11.85297146748,13.77370875354,6.));
#738 = CARTESIAN_POINT('',(-11.94616883609,13.834079472049,6.));
#739 = CARTESIAN_POINT('',(-12.04650188778,13.896589427614,6.));
#740 = CARTESIAN_POINT('',(-12.15407325451,13.961004396342,6.));
#741 = CARTESIAN_POINT('',(-12.26897950108,14.027087234062,6.));
#742 = CARTESIAN_POINT('',(-12.39131105749,14.094598015218,6.));
#743 = CARTESIAN_POINT('',(-12.52115215184,14.163294175574,6.));
#744 = CARTESIAN_POINT('',(-12.65858074077,14.23293066133,6.));
#745 = CARTESIAN_POINT('',(-12.80366847015,14.303260055888,6.));
#746 = CARTESIAN_POINT('',(-12.95648052974,14.374032804232,6.));
#747 = CARTESIAN_POINT('',(-13.11707594628,14.444997054808,6.));
#748 = CARTESIAN_POINT('',(-13.28550615095,14.515900027656,6.));
#749 = CARTESIAN_POINT('',(-13.40083004468,14.5620672677,6.));
#750 = CARTESIAN_POINT('',(-13.45979891254,14.585086008232,6.));
#751 = ORIENTED_EDGE('',*,*,#752,.T.);
#752 = EDGE_CURVE('',#726,#753,#755,.T.);
#753 = VERTEX_POINT('',#754);
#754 = CARTESIAN_POINT('',(-14.0159231929,14.046509676596,6.));
#755 = B_SPLINE_CURVE_WITH_KNOTS('',1,(#756,#757),.UNSPECIFIED.,.F.,.F.,
  (2,2),(0.,0.774169671453),.PIECEWISE_BEZIER_KNOTS.);
#756 = CARTESIAN_POINT('',(-13.45979891254,14.585086008232,6.));
#757 = CARTESIAN_POINT('',(-14.0159231929,14.046509676596,6.));
#758 = ORIENTED_EDGE('',*,*,#759,.T.);
#759 = EDGE_CURVE('',#753,#760,#762,.T.);
#760 = VERTEX_POINT('',#761);
#761 = CARTESIAN_POINT('',(-12.92613867193,11.939520998402,6.));
#762 = B_SPLINE_CURVE_WITH_KNOTS('',3,(#763,#764,#765,#766,#767,#768,
    #769,#770,#771,#772,#773,#774,#775,#776,#777,#778,#779,#780,#781,
    #782,#783,#784),.UNSPECIFIED.,.F.,.F.,(4,1,1,1,1,1,1,1,1,1,1,1,1,1,1
    ,1,1,1,1,4),(0.,0.189906477077,0.372642952354,0.548209425831,
    0.716605897509,0.87783236739,1.031888835474,1.178775301764,
    1.318491766261,1.451038228967,1.576414689885,1.694621149018,
    1.805657606368,1.909524061941,2.006220515742,2.095746967776,
    2.178103418053,2.253289866581,2.321306313375,2.382152758453),
  .UNSPECIFIED.);
#763 = CARTESIAN_POINT('',(-14.0159231929,14.046509676596,6.));
#764 = CARTESIAN_POINT('',(-13.99480632426,13.986833319034,6.));
#765 = CARTESIAN_POINT('',(-13.95235911692,13.870088943973,6.));
#766 = CARTESIAN_POINT('',(-13.88689102665,13.699472723885,6.));
#767 = CARTESIAN_POINT('',(-13.8211105728,13.536685302481,6.));
#768 = CARTESIAN_POINT('',(-13.75527205393,13.381683377022,6.));
#769 = CARTESIAN_POINT('',(-13.68962908409,13.234416023325,6.));
#770 = CARTESIAN_POINT('',(-13.62443317951,13.094826083747,6.));
#771 = CARTESIAN_POINT('',(-13.55993392604,12.96284987934,6.));
#772 = CARTESIAN_POINT('',(-13.4963787502,12.83841734786,6.));
#773 = CARTESIAN_POINT('',(-13.43401279124,12.721452079058,6.));
#774 = CARTESIAN_POINT('',(-13.37307874989,12.61187137939,6.));
#775 = CARTESIAN_POINT('',(-13.31381674351,12.509586334505,6.));
#776 = CARTESIAN_POINT('',(-13.25646416519,12.414501872426,6.));
#777 = CARTESIAN_POINT('',(-13.20125553141,12.326516843486,6.));
#778 = CARTESIAN_POINT('',(-13.14842237585,12.24552405608,6.));
#779 = CARTESIAN_POINT('',(-13.09819299533,12.171410474511,6.));
#780 = CARTESIAN_POINT('',(-13.05079269485,12.104056890747,6.));
#781 = CARTESIAN_POINT('',(-13.00644239481,12.043339343451,6.));
#782 = CARTESIAN_POINT('',(-12.96536258393,11.989124854896,6.));
#783 = CARTESIAN_POINT('',(-12.9388172558,11.955352828174,6.));
#784 = CARTESIAN_POINT('',(-12.92613867193,11.939520998402,6.));
#785 = ORIENTED_EDGE('',*,*,#786,.T.);
#786 = EDGE_CURVE('',#760,#787,#789,.T.);
#787 = VERTEX_POINT('',#788);
#788 = CARTESIAN_POINT('',(-13.49116532443,11.317363859138,6.));
#789 = B_SPLINE_CURVE_WITH_KNOTS('',1,(#790,#791),.UNSPECIFIED.,.F.,.F.,
  (2,2),(0.,0.840437162419),.PIECEWISE_BEZIER_KNOTS.);
#790 = CARTESIAN_POINT('',(-12.92613867193,11.939520998402,6.));
#791 = CARTESIAN_POINT('',(-13.49116532443,11.317363859138,6.));
#792 = ORIENTED_EDGE('',*,*,#793,.T.);
#793 = EDGE_CURVE('',#787,#794,#796,.T.);
#794 = VERTEX_POINT('',#795);
#795 = CARTESIAN_POINT('',(-15.69306225322,12.199793180492,6.));
#796 = B_SPLINE_CURVE_WITH_KNOTS('',3,(#797,#798,#799,#800,#801,#802,
    #803,#804,#805,#806,#807,#808,#809,#810,#811,#812,#813,#814,#815,
    #816,#817,#818),.UNSPECIFIED.,.F.,.F.,(4,1,1,1,1,1,1,1,1,1,1,1,1,1,1
    ,1,1,1,1,4),(0.,6.084644507817E-02,0.128862891872,0.204049340401,
    0.286405790677,0.375932242711,0.472628696512,0.576495152085,
    0.687531609436,0.805738068568,0.931114529486,1.063660992193,
    1.20337745669,1.350263922979,1.504320391064,1.665546860944,
    1.833943332622,2.009509806099,2.192246281376,2.382152758453),
  .UNSPECIFIED.);
#797 = CARTESIAN_POINT('',(-13.49116532443,11.317363859138,6.));
#798 = CARTESIAN_POINT('',(-13.5081414331,11.328463636508,6.));
#799 = CARTESIAN_POINT('',(-13.54430636583,11.351643409476,6.));
#800 = CARTESIAN_POINT('',(-13.6022149431,11.387327555949,6.));
#801 = CARTESIAN_POINT('',(-13.66691057147,11.425642635642,6.));
#802 = CARTESIAN_POINT('',(-13.73850444222,11.46635640977,6.));
#803 = CARTESIAN_POINT('',(-13.8170987304,11.509237075633,6.));
#804 = CARTESIAN_POINT('',(-13.90279045875,11.554048922629,6.));
#805 = CARTESIAN_POINT('',(-13.99567021888,11.600553854836,6.));
#806 = CARTESIAN_POINT('',(-14.09582247452,11.648511115606,6.));
#807 = CARTESIAN_POINT('',(-14.20332538894,11.697677559427,6.));
#808 = CARTESIAN_POINT('',(-14.3182507996,11.747807761096,6.));
#809 = CARTESIAN_POINT('',(-14.4406641532,11.798654174961,6.));
#810 = CARTESIAN_POINT('',(-14.5706244563,11.849967281318,6.));
#811 = CARTESIAN_POINT('',(-14.70818422706,11.901495736532,6.));
#812 = CARTESIAN_POINT('',(-14.85338944533,11.952986529815,6.));
#813 = CARTESIAN_POINT('',(-15.00627952981,12.004185113989,6.));
#814 = CARTESIAN_POINT('',(-15.16688722268,12.054835646596,6.));
#815 = CARTESIAN_POINT('',(-15.33523886002,12.104680795609,6.));
#816 = CARTESIAN_POINT('',(-15.51135312596,12.153463279515,6.));
#817 = CARTESIAN_POINT('',(-15.63163394774,12.184504194951,6.));
#818 = CARTESIAN_POINT('',(-15.69306225322,12.199793180492,6.));
#819 = ORIENTED_EDGE('',*,*,#820,.T.);
#820 = EDGE_CURVE('',#794,#821,#823,.T.);
#821 = VERTEX_POINT('',#822);
#822 = CARTESIAN_POINT('',(-16.17574914828,11.594522958578,6.));
#823 = B_SPLINE_CURVE_WITH_KNOTS('',1,(#824,#825),.UNSPECIFIED.,.F.,.F.,
  (2,2),(0.,0.774169671453),.PIECEWISE_BEZIER_KNOTS.);
#824 = CARTESIAN_POINT('',(-15.69306225322,12.199793180492,6.));
#825 = CARTESIAN_POINT('',(-16.17574914828,11.594522958578,6.));
#826 = ORIENTED_EDGE('',*,*,#827,.T.);
#827 = EDGE_CURVE('',#821,#828,#830,.T.);
#828 = VERTEX_POINT('',#829);
#829 = CARTESIAN_POINT('',(-14.82547601129,9.644191179696,6.));
#830 = B_SPLINE_CURVE_WITH_KNOTS('',3,(#831,#832,#833,#834,#835,#836,
    #837,#838,#839,#840,#841,#842,#843,#844,#845,#846,#847,#848,#849,
    #850,#851,#852),.UNSPECIFIED.,.F.,.F.,(4,1,1,1,1,1,1,1,1,1,1,1,1,1,1
    ,1,1,1,1,4),(0.,0.189906477077,0.372642952354,0.548209425831,
    0.716605897509,0.87783236739,1.031888835474,1.178775301764,
    1.318491766261,1.451038228967,1.576414689885,1.694621149018,
    1.805657606368,1.909524061941,2.006220515742,2.095746967776,
    2.178103418053,2.253289866581,2.321306313375,2.382152758453),
  .UNSPECIFIED.);
#831 = CARTESIAN_POINT('',(-16.17574914828,11.594522958578,6.));
#832 = CARTESIAN_POINT('',(-16.14717440562,11.538036908312,6.));
#833 = CARTESIAN_POINT('',(-16.09014674994,11.427679031352,6.));
#834 = CARTESIAN_POINT('',(-16.00339823382,11.266835441638,6.));
#835 = CARTESIAN_POINT('',(-15.91734104318,11.113796320445,6.));
#836 = CARTESIAN_POINT('',(-15.83222185136,10.968486201574,6.));
#837 = CARTESIAN_POINT('',(-15.74828567819,10.830822147483,6.));
#838 = CARTESIAN_POINT('',(-15.66577466581,10.700715306611,6.));
#839 = CARTESIAN_POINT('',(-15.58492820789,10.578070606483,6.));
#840 = CARTESIAN_POINT('',(-15.50598274022,10.462786919863,6.));
#841 = CARTESIAN_POINT('',(-15.42917161834,10.354757116117,6.));
#842 = CARTESIAN_POINT('',(-15.35472497577,10.253868144737,6.));
#843 = CARTESIAN_POINT('',(-15.28286958843,10.160001115828,6.));
#844 = CARTESIAN_POINT('',(-15.21382874285,10.0730313808,6.));
#845 = CARTESIAN_POINT('',(-15.14782209541,9.992828631119,6.));
#846 = CARTESIAN_POINT('',(-15.08506557156,9.919256947354,6.));
#847 = CARTESIAN_POINT('',(-15.0257711391,9.85217502788,6.));
#848 = CARTESIAN_POINT('',(-14.97014700931,9.791435831996,6.));
#849 = CARTESIAN_POINT('',(-14.91839643701,9.736888165413,6.));
#850 = CARTESIAN_POINT('',(-14.8707210959,9.688371946677,6.));
#851 = CARTESIAN_POINT('',(-14.84007503362,9.658271729045,6.));
#852 = CARTESIAN_POINT('',(-14.82547601129,9.644191179696,6.));
#853 = ORIENTED_EDGE('',*,*,#854,.T.);
#854 = EDGE_CURVE('',#828,#855,#857,.T.);
#855 = VERTEX_POINT('',#856);
#856 = CARTESIAN_POINT('',(-15.3063041137,8.954887937347,6.));
#857 = B_SPLINE_CURVE_WITH_KNOTS('',1,(#858,#859),.UNSPECIFIED.,.F.,.F.,
  (2,2),(0.,0.840437162419),.PIECEWISE_BEZIER_KNOTS.);
#858 = CARTESIAN_POINT('',(-14.82547601129,9.644191179696,6.));
#859 = CARTESIAN_POINT('',(-15.3063041137,8.954887937347,6.));
#860 = ORIENTED_EDGE('',*,*,#861,.T.);
#861 = EDGE_CURVE('',#855,#862,#864,.T.);
#862 = VERTEX_POINT('',#863);
#863 = CARTESIAN_POINT('',(-17.60296605614,9.548500196596,6.));
#864 = B_SPLINE_CURVE_WITH_KNOTS('',3,(#865,#866,#867,#868,#869,#870,
    #871,#872,#873,#874,#875,#876,#877,#878,#879,#880,#881,#882,#883,
    #884,#885,#886),.UNSPECIFIED.,.F.,.F.,(4,1,1,1,1,1,1,1,1,1,1,1,1,1,1
    ,1,1,1,1,4),(0.,6.084644507817E-02,0.128862891872,0.204049340401,
    0.286405790677,0.375932242711,0.472628696512,0.576495152085,
    0.687531609436,0.805738068568,0.931114529486,1.063660992193,
    1.20337745669,1.350263922979,1.504320391064,1.665546860944,
    1.833943332622,2.009509806099,2.192246281376,2.382152758453),
  .UNSPECIFIED.);
#865 = CARTESIAN_POINT('',(-15.3063041137,8.954887937347,6.));
#866 = CARTESIAN_POINT('',(-15.32456025677,8.963725729106,6.));
#867 = CARTESIAN_POINT('',(-15.36339243948,8.982090527507,6.));
#868 = CARTESIAN_POINT('',(-15.4253887755,9.010076523133,6.));
#869 = CARTESIAN_POINT('',(-15.4944528773,9.039803943221,6.));
#870 = CARTESIAN_POINT('',(-15.57066532523,9.071028236842,6.));
#871 = CARTESIAN_POINT('',(-15.65409781324,9.103506438533,6.));
#872 = CARTESIAN_POINT('',(-15.74481642549,9.136992365883,6.));
#873 = CARTESIAN_POINT('',(-15.84288056281,9.171238293137,6.));
#874 = CARTESIAN_POINT('',(-15.9483432082,9.205994639271,6.));
#875 = CARTESIAN_POINT('',(-16.06125079046,9.2410102597,6.));
#876 = CARTESIAN_POINT('',(-16.18164317299,9.276032557785,6.));
#877 = CARTESIAN_POINT('',(-16.30955360974,9.310807651084,6.));
#878 = CARTESIAN_POINT('',(-16.44500871495,9.345080522856,6.));
#879 = CARTESIAN_POINT('',(-16.58802843449,9.378595177118,6.));
#880 = CARTESIAN_POINT('',(-16.73862601642,9.411094800526,6.));
#881 = CARTESIAN_POINT('',(-16.89680800505,9.442321894978,6.));
#882 = CARTESIAN_POINT('',(-17.06257415733,9.472018531503,6.));
#883 = CARTESIAN_POINT('',(-17.23591768624,9.499926122983,6.));
#884 = CARTESIAN_POINT('',(-17.41682422206,9.525787110911,6.));
#885 = CARTESIAN_POINT('',(-17.54008696412,9.541192010766,6.));
#886 = CARTESIAN_POINT('',(-17.60296605614,9.548500196596,6.));
#887 = ORIENTED_EDGE('',*,*,#888,.T.);
#888 = EDGE_CURVE('',#862,#889,#891,.T.);
#889 = VERTEX_POINT('',#890);
#890 = CARTESIAN_POINT('',(-18.00428986043,8.886474604714,6.));
#891 = B_SPLINE_CURVE_WITH_KNOTS('',1,(#892,#893),.UNSPECIFIED.,.F.,.F.,
  (2,2),(0.,0.774169671453),.PIECEWISE_BEZIER_KNOTS.);
#892 = CARTESIAN_POINT('',(-17.60296605614,9.548500196596,6.));
#893 = CARTESIAN_POINT('',(-18.00428986043,8.886474604714,6.));
#894 = ORIENTED_EDGE('',*,*,#895,.T.);
#895 = EDGE_CURVE('',#889,#896,#898,.T.);
#896 = VERTEX_POINT('',#897);
#897 = CARTESIAN_POINT('',(-16.41569955501,7.124824119033,6.));
#898 = B_SPLINE_CURVE_WITH_KNOTS('',3,(#899,#900,#901,#902,#903,#904,
    #905,#906,#907,#908,#909,#910,#911,#912,#913,#914,#915,#916,#917,
    #918,#919,#920),.UNSPECIFIED.,.F.,.F.,(4,1,1,1,1,1,1,1,1,1,1,1,1,1,1
    ,1,1,1,1,4),(0.,0.189906477077,0.372642952354,0.548209425831,
    0.716605897509,0.87783236739,1.031888835474,1.178775301764,
    1.318491766261,1.451038228967,1.576414689885,1.694621149018,
    1.805657606368,1.909524061941,2.006220515742,2.095746967776,
    2.178103418053,2.253289866581,2.321306313375,2.382152758453),
  .UNSPECIFIED.);
#899 = CARTESIAN_POINT('',(-18.00428986043,8.886474604714,6.));
#900 = CARTESIAN_POINT('',(-17.96872644023,8.834106361127,6.));
#901 = CARTESIAN_POINT('',(-17.89805472874,8.731947055557,6.));
#902 = CARTESIAN_POINT('',(-17.79145019501,8.583517143514,6.));
#903 = CARTESIAN_POINT('',(-17.68652932428,8.442739220671,6.));
#904 = CARTESIAN_POINT('',(-17.58352711427,8.309506896522,6.));
#905 = CARTESIAN_POINT('',(-17.48267596743,8.183706582,6.));
#906 = CARTESIAN_POINT('',(-17.38420467579,8.065219190563,6.));
#907 = CARTESIAN_POINT('',(-17.28833851002,7.953919817299,6.));
#908 = CARTESIAN_POINT('',(-17.19529903292,7.849677930487,6.));
#909 = CARTESIAN_POINT('',(-17.1053039846,7.752357438189,6.));
#910 = CARTESIAN_POINT('',(-17.01856715264,7.661816789218,6.));
#911 = CARTESIAN_POINT('',(-16.9352982478,7.577909070304,6.));
#912 = CARTESIAN_POINT('',(-16.85570278374,7.50048210297,6.));
#913 = CARTESIAN_POINT('',(-16.77998194998,7.429378559482,6.));
#914 = CARTESIAN_POINT('',(-16.70833251822,7.364436024372,6.));
#915 = CARTESIAN_POINT('',(-16.64094664677,7.305487250255,6.));
#916 = CARTESIAN_POINT('',(-16.57801203435,7.252359778168,6.));
#917 = CARTESIAN_POINT('',(-16.51971093275,7.204877663475,6.));
#918 = CARTESIAN_POINT('',(-16.46622288918,7.162856349529,6.));
#919 = CARTESIAN_POINT('',(-16.43197930025,7.136922185727,6.));
#920 = CARTESIAN_POINT('',(-16.41569955501,7.124824119033,6.));
#921 = ORIENTED_EDGE('',*,*,#922,.T.);
#922 = EDGE_CURVE('',#896,#923,#925,.T.);
#923 = VERTEX_POINT('',#924);
#924 = CARTESIAN_POINT('',(-16.80443392317,6.379693113782,6.));
#925 = B_SPLINE_CURVE_WITH_KNOTS('',1,(#926,#927),.UNSPECIFIED.,.F.,.F.,
  (2,2),(0.,0.840437162419),.PIECEWISE_BEZIER_KNOTS.);
#926 = CARTESIAN_POINT('',(-16.41569955501,7.124824119033,6.));
#927 = CARTESIAN_POINT('',(-16.80443392317,6.379693113782,6.));
#928 = ORIENTED_EDGE('',*,*,#929,.T.);
#929 = EDGE_CURVE('',#923,#930,#932,.T.);
#930 = VERTEX_POINT('',#931);
#931 = CARTESIAN_POINT('',(-19.15814975366,6.67474121404,6.));
#932 = B_SPLINE_CURVE_WITH_KNOTS('',3,(#933,#934,#935,#936,#937,#938,
    #939,#940,#941,#942,#943,#944,#945,#946,#947,#948,#949,#950,#951,
    #952,#953,#954),.UNSPECIFIED.,.F.,.F.,(4,1,1,1,1,1,1,1,1,1,1,1,1,1,1
    ,1,1,1,1,4),(0.,6.084644507817E-02,0.128862891872,0.204049340401,
    0.286405790677,0.375932242711,0.472628696512,0.576495152085,
    0.687531609436,0.805738068568,0.931114529486,1.063660992193,
    1.20337745669,1.350263922979,1.504320391064,1.665546860944,
    1.833943332622,2.009509806099,2.192246281376,2.382152758453),
  .UNSPECIFIED.);
#933 = CARTESIAN_POINT('',(-16.80443392317,6.379693113782,6.));
#934 = CARTESIAN_POINT('',(-16.82367033528,6.386123803633,6.));
#935 = CARTESIAN_POINT('',(-16.8645321446,6.399372077987,6.));
#936 = CARTESIAN_POINT('',(-16.92959826125,6.41920039349,6.));
#937 = CARTESIAN_POINT('',(-17.00189680584,6.439852030558,6.));
#938 = CARTESIAN_POINT('',(-17.08147642467,6.461074141633,6.));
#939 = CARTESIAN_POINT('',(-17.16837715335,6.482616587978,6.));
#940 = CARTESIAN_POINT('',(-17.26263305239,6.504226757682,6.));
#941 = CARTESIAN_POINT('',(-17.36427135648,6.525651362802,6.));
#942 = CARTESIAN_POINT('',(-17.4733126979,6.54663609606,6.));
#943 = CARTESIAN_POINT('',(-17.58977100863,6.566925937576,6.));
#944 = CARTESIAN_POINT('',(-17.71365352344,6.586265266911,6.));
#945 = CARTESIAN_POINT('',(-17.8449607575,6.604398033574,6.));
#946 = CARTESIAN_POINT('',(-17.98368649573,6.621067911152,6.));
#947 = CARTESIAN_POINT('',(-18.12981778421,6.636018454766,6.));
#948 = CARTESIAN_POINT('',(-18.28333492168,6.648993265381,6.));
#949 = CARTESIAN_POINT('',(-18.44421147057,6.659736122084,6.));
#950 = CARTESIAN_POINT('',(-18.61241420662,6.667991244576,6.));
#951 = CARTESIAN_POINT('',(-18.78790333114,6.673503036644,6.));
#952 = CARTESIAN_POINT('',(-18.97063165654,6.676017891886,6.));
#953 = CARTESIAN_POINT('',(-19.09485234806,6.675533828131,6.));
#954 = CARTESIAN_POINT('',(-19.15814975366,6.67474121404,6.));
#955 = ORIENTED_EDGE('',*,*,#956,.T.);
#956 = EDGE_CURVE('',#930,#957,#959,.T.);
#957 = VERTEX_POINT('',#958);
#958 = CARTESIAN_POINT('',(-19.47152074142,5.966830694107,6.));
#959 = B_SPLINE_CURVE_WITH_KNOTS('',1,(#960,#961),.UNSPECIFIED.,.F.,.F.,
  (2,2),(0.,0.774169671453),.PIECEWISE_BEZIER_KNOTS.);
#960 = CARTESIAN_POINT('',(-19.15814975366,6.67474121404,6.));
#961 = CARTESIAN_POINT('',(-19.47152074142,5.966830694107,6.));
#962 = ORIENTED_EDGE('',*,*,#963,.T.);
#963 = EDGE_CURVE('',#957,#964,#966,.T.);
#964 = VERTEX_POINT('',#965);
#965 = CARTESIAN_POINT('',(-17.67069787645,4.422787753898,6.));
#966 = B_SPLINE_CURVE_WITH_KNOTS('',3,(#967,#968,#969,#970,#971,#972,
    #973,#974,#975,#976,#977,#978,#979,#980,#981,#982,#983,#984,#985,
    #986,#987,#988),.UNSPECIFIED.,.F.,.F.,(4,1,1,1,1,1,1,1,1,1,1,1,1,1,1
    ,1,1,1,1,4),(0.,0.189906477077,0.372642952354,0.548209425831,
    0.716605897509,0.87783236739,1.031888835474,1.178775301764,
    1.318491766261,1.451038228967,1.576414689885,1.694621149018,
    1.805657606368,1.909524061941,2.006220515742,2.095746967776,
    2.178103418053,2.253289866581,2.321306313375,2.382152758453),
  .UNSPECIFIED.);
#967 = CARTESIAN_POINT('',(-19.47152074142,5.966830694107,6.));
#968 = CARTESIAN_POINT('',(-19.42955259405,5.91944014231,6.));
#969 = CARTESIAN_POINT('',(-19.3463972543,5.827156861103,6.));
#970 = CARTESIAN_POINT('',(-19.22168714646,5.693577841783,6.));
#971 = CARTESIAN_POINT('',(-19.09962539342,5.567372686892,6.));
#972 = CARTESIAN_POINT('',(-18.98043145868,5.448405828544,6.));
#973 = CARTESIAN_POINT('',(-18.8643213112,5.336534891277,6.));
#974 = CARTESIAN_POINT('',(-18.7515066362,5.231612508967,6.));
#975 = CARTESIAN_POINT('',(-18.64219488237,5.1334859952,6.));
#976 = CARTESIAN_POINT('',(-18.53658910147,5.041997557094,6.));
#977 = CARTESIAN_POINT('',(-18.43488784293,4.956984376037,6.));
#978 = CARTESIAN_POINT('',(-18.33728503795,4.878278724427,6.));
#979 = CARTESIAN_POINT('',(-18.24396988873,4.805708077933,6.));
#980 = CARTESIAN_POINT('',(-18.15512676151,4.739095226958,6.));
#981 = CARTESIAN_POINT('',(-18.07093507542,4.67825840788,6.));
#982 = CARTESIAN_POINT('',(-17.99156921744,4.623011376056,6.));
#983 = CARTESIAN_POINT('',(-17.91719838115,4.573163684538,6.));
#984 = CARTESIAN_POINT('',(-17.84798667068,4.528520287871,6.));
#985 = CARTESIAN_POINT('',(-17.78409234227,4.488883380079,6.));
#986 = CARTESIAN_POINT('',(-17.72566986844,4.454046959736,6.));
#987 = CARTESIAN_POINT('',(-17.68839103165,4.432704688017,6.));
#988 = CARTESIAN_POINT('',(-17.67069787645,4.422787753898,6.));
#989 = ORIENTED_EDGE('',*,*,#990,.T.);
#990 = EDGE_CURVE('',#964,#991,#993,.T.);
#991 = VERTEX_POINT('',#992);
#992 = CARTESIAN_POINT('',(-17.96095550279,3.634064016251,6.));
#993 = B_SPLINE_CURVE_WITH_KNOTS('',1,(#994,#995),.UNSPECIFIED.,.F.,.F.,
  (2,2),(0.,0.840437162419),.PIECEWISE_BEZIER_KNOTS.);
#994 = CARTESIAN_POINT('',(-17.67069787645,4.422787753898,6.));
#995 = CARTESIAN_POINT('',(-17.96095550279,3.634064016251,6.));
#996 = ORIENTED_EDGE('',*,*,#997,.T.);
#997 = EDGE_CURVE('',#991,#998,#1000,.T.);
#998 = VERTEX_POINT('',#999);
#999 = CARTESIAN_POINT('',(-20.33307727247,3.625703275868,6.));
#1000 = B_SPLINE_CURVE_WITH_KNOTS('',3,(#1001,#1002,#1003,#1004,#1005,
    #1006,#1007,#1008,#1009,#1010,#1011,#1012,#1013,#1014,#1015,#1016,
    #1017,#1018,#1019,#1020,#1021,#1022),.UNSPECIFIED.,.F.,.F.,(4,1,1,1,
    1,1,1,1,1,1,1,1,1,1,1,1,1,1,1,4),(0.,6.084644507817E-02,
    0.128862891872,0.204049340401,0.286405790677,0.375932242711,
    0.472628696512,0.576495152085,0.687531609436,0.805738068568,
    0.931114529486,1.063660992193,1.20337745669,1.350263922979,
    1.504320391064,1.665546860944,1.833943332622,2.009509806099,
    2.192246281376,2.382152758453),.UNSPECIFIED.);
#1001 = CARTESIAN_POINT('',(-17.96095550279,3.634064016251,6.));
#1002 = CARTESIAN_POINT('',(-17.98085632259,3.637982012445,6.));
#1003 = CARTESIAN_POINT('',(-18.02307680875,3.645896226452,6.));
#1004 = CARTESIAN_POINT('',(-18.09014432218,3.65724128144,6.));
#1005 = CARTESIAN_POINT('',(-18.16449016945,3.668478036177,6.));
#1006 = CARTESIAN_POINT('',(-18.24613026404,3.67934949823,6.));
#1007 = CARTESIAN_POINT('',(-18.33507232584,3.689602462856,6.));
#1008 = CARTESIAN_POINT('',(-18.43131783241,3.698982036524,6.));
#1009 = CARTESIAN_POINT('',(-18.53486140512,3.707233528088,6.));
#1010 = CARTESIAN_POINT('',(-18.64569098676,3.714102079728,6.));
#1011 = CARTESIAN_POINT('',(-18.76378778371,3.719332983695,6.));
#1012 = CARTESIAN_POINT('',(-18.88912628334,3.722671793027,6.));
#1013 = CARTESIAN_POINT('',(-19.02167425355,3.723864493527,6.));
#1014 = CARTESIAN_POINT('',(-19.16139275202,3.722657657983,6.));
#1015 = CARTESIAN_POINT('',(-19.30823613773,3.718798603436,6.));
#1016 = CARTESIAN_POINT('',(-19.46215208357,3.712035555226,6.));
#1017 = CARTESIAN_POINT('',(-19.62308160425,3.70211777677,6.));
#1018 = CARTESIAN_POINT('',(-19.7909590398,3.688795836347,6.));
#1019 = CARTESIAN_POINT('',(-19.96571223335,3.671821325528,6.));
#1020 = CARTESIAN_POINT('',(-20.14726195428,3.650948754232,6.));
#1021 = CARTESIAN_POINT('',(-20.27040089494,3.634583675179,6.));
#1022 = CARTESIAN_POINT('',(-20.33307727247,3.625703275868,6.));
#1023 = ORIENTED_EDGE('',*,*,#1024,.T.);
#1024 = EDGE_CURVE('',#998,#1025,#1027,.T.);
#1025 = VERTEX_POINT('',#1026);
#1026 = CARTESIAN_POINT('',(-20.55334990074,2.88353169905,6.));
#1027 = B_SPLINE_CURVE_WITH_KNOTS('',1,(#1028,#1029),.UNSPECIFIED.,.F.,
  .F.,(2,2),(0.,0.774169671453),.PIECEWISE_BEZIER_KNOTS.);
#1028 = CARTESIAN_POINT('',(-20.33307727247,3.625703275868,6.));
#1029 = CARTESIAN_POINT('',(-20.55334990074,2.88353169905,6.));
#1030 = ORIENTED_EDGE('',*,*,#1031,.T.);
#1031 = EDGE_CURVE('',#1025,#1032,#1034,.T.);
#1032 = VERTEX_POINT('',#1033);
#1033 = CARTESIAN_POINT('',(-18.56986393789,1.582449446705,6.));
#1034 = B_SPLINE_CURVE_WITH_KNOTS('',3,(#1035,#1036,#1037,#1038,#1039,
    #1040,#1041,#1042,#1043,#1044,#1045,#1046,#1047,#1048,#1049,#1050,
    #1051,#1052,#1053,#1054,#1055,#1056),.UNSPECIFIED.,.F.,.F.,(4,1,1,1,
    1,1,1,1,1,1,1,1,1,1,1,1,1,1,1,4),(0.,0.189906477077,0.372642952354,
    0.548209425831,0.716605897509,0.87783236739,1.031888835474,
    1.178775301764,1.318491766261,1.451038228967,1.576414689885,
    1.694621149018,1.805657606368,1.909524061941,2.006220515742,
    2.095746967776,2.178103418053,2.253289866581,2.321306313375,
    2.382152758453),.UNSPECIFIED.);
#1035 = CARTESIAN_POINT('',(-20.55334990074,2.88353169905,6.));
#1036 = CARTESIAN_POINT('',(-20.50566614203,2.841896990595,6.));
#1037 = CARTESIAN_POINT('',(-20.4113925824,2.761005022677,6.));
#1038 = CARTESIAN_POINT('',(-20.27062463696,2.644470259884,6.));
#1039 = CARTESIAN_POINT('',(-20.13342625223,2.534910158098,6.));
#1040 = CARTESIAN_POINT('',(-19.99999775387,2.432162198077,6.));
#1041 = CARTESIAN_POINT('',(-19.87053513116,2.336057555762,6.));
#1042 = CARTESIAN_POINT('',(-19.74522948663,2.246423005196,6.));
#1043 = CARTESIAN_POINT('',(-19.62426704073,2.163080585568,6.));
#1044 = CARTESIAN_POINT('',(-19.50782900004,2.085847833794,6.));
#1045 = CARTESIAN_POINT('',(-19.39609146312,2.014537878059,6.));
#1046 = CARTESIAN_POINT('',(-19.28922532048,1.948959568435,6.));
#1047 = CARTESIAN_POINT('',(-19.18739615905,1.88891760237,6.));
#1048 = CARTESIAN_POINT('',(-19.09076417037,1.834212648924,6.));
#1049 = CARTESIAN_POINT('',(-18.99948405711,1.784641493144,6.));
#1050 = CARTESIAN_POINT('',(-18.9137049581,1.739997119341,6.));
#1051 = CARTESIAN_POINT('',(-18.83357032404,1.700069008138,6.));
#1052 = CARTESIAN_POINT('',(-18.75921796991,1.664642730231,6.));
#1053 = CARTESIAN_POINT('',(-18.69077955778,1.633501866269,6.));
#1054 = CARTESIAN_POINT('',(-18.62838194909,1.606422352588,6.));
#1055 = CARTESIAN_POINT('',(-18.58867998191,1.590022412465,6.));
#1056 = CARTESIAN_POINT('',(-18.56986393789,1.582449446705,6.));
#1057 = ORIENTED_EDGE('',*,*,#1058,.T.);
#1058 = EDGE_CURVE('',#1032,#1059,#1061,.T.);
#1059 = VERTEX_POINT('',#1060);
#1060 = CARTESIAN_POINT('',(-18.7568788002,0.763083798627,6.));
#1061 = B_SPLINE_CURVE_WITH_KNOTS('',1,(#1062,#1063),.UNSPECIFIED.,.F.,
  .F.,(2,2),(0.,0.840437162419),.PIECEWISE_BEZIER_KNOTS.);
#1062 = CARTESIAN_POINT('',(-18.56986393789,1.582449446705,6.));
#1063 = CARTESIAN_POINT('',(-18.7568788002,0.763083798627,6.));
#1064 = ORIENTED_EDGE('',*,*,#1065,.T.);
#1065 = EDGE_CURVE('',#1059,#1066,#1068,.T.);
#1066 = VERTEX_POINT('',#1067);
#1067 = CARTESIAN_POINT('',(-21.1084563352,0.451451500731,6.));
#1068 = B_SPLINE_CURVE_WITH_KNOTS('',3,(#1069,#1070,#1071,#1072,#1073,
    #1074,#1075,#1076,#1077,#1078,#1079,#1080,#1081,#1082,#1083,#1084,
    #1085,#1086,#1087,#1088,#1089,#1090),.UNSPECIFIED.,.F.,.F.,(4,1,1,1,
    1,1,1,1,1,1,1,1,1,1,1,1,1,1,1,4),(0.,6.084644507817E-02,
    0.128862891872,0.204049340401,0.286405790677,0.375932242711,
    0.472628696512,0.576495152085,0.687531609436,0.805738068568,
    0.931114529486,1.063660992193,1.20337745669,1.350263922979,
    1.504320391064,1.665546860944,1.833943332622,2.009509806099,
    2.192246281376,2.382152758453),.UNSPECIFIED.);
#1069 = CARTESIAN_POINT('',(-18.7568788002,0.763083798627,6.));
#1070 = CARTESIAN_POINT('',(-18.77711725678,0.764424767775,6.));
#1071 = CARTESIAN_POINT('',(-18.82000316055,0.766874970261,6.));
#1072 = CARTESIAN_POINT('',(-18.88797082406,0.769550479245,6.));
#1073 = CARTESIAN_POINT('',(-18.96314321725,0.77118784445,6.));
#1074 = CARTESIAN_POINT('',(-19.0455032595,0.771530148373,6.));
#1075 = CARTESIAN_POINT('',(-19.13502622822,0.770325277885,6.));
#1076 = CARTESIAN_POINT('',(-19.23168099377,0.767320243176,6.));
#1077 = CARTESIAN_POINT('',(-19.3354296525,0.76226313192,6.));
#1078 = CARTESIAN_POINT('',(-19.4462276557,0.754902720515,6.));
#1079 = CARTESIAN_POINT('',(-19.56402379273,0.744988795635,6.));
#1080 = CARTESIAN_POINT('',(-19.68876022247,0.732272261807,6.));
#1081 = CARTESIAN_POINT('',(-19.82037249483,0.716505312034,6.));
#1082 = CARTESIAN_POINT('',(-19.95878957966,0.697441579574,6.));
#1083 = CARTESIAN_POINT('',(-20.10393389826,0.674836292434,6.));
#1084 = CARTESIAN_POINT('',(-20.2557213569,0.648446434466,6.));
#1085 = CARTESIAN_POINT('',(-20.41406139108,0.618030870498,6.));
#1086 = CARTESIAN_POINT('',(-20.57885698327,0.583350613052,6.));
#1087 = CARTESIAN_POINT('',(-20.75000480326,0.544168520346,6.));
#1088 = CARTESIAN_POINT('',(-20.92739487831,0.500251249554,6.));
#1089 = CARTESIAN_POINT('',(-21.04743013011,0.46827386935,6.));
#1090 = CARTESIAN_POINT('',(-21.1084563352,0.451451500731,6.));
#1091 = ORIENTED_EDGE('',*,*,#1092,.T.);
#1092 = EDGE_CURVE('',#1066,#1093,#1095,.T.);
#1093 = VERTEX_POINT('',#1094);
#1094 = CARTESIAN_POINT('',(-21.2320137335,-0.312794696199,6.));
#1095 = B_SPLINE_CURVE_WITH_KNOTS('',1,(#1096,#1097),.UNSPECIFIED.,.F.,
  .F.,(2,2),(0.,0.774169671453),.PIECEWISE_BEZIER_KNOTS.);
#1096 = CARTESIAN_POINT('',(-21.1084563352,0.451451500731,6.));
#1097 = CARTESIAN_POINT('',(-21.2320137335,-0.312794696199,6.));
#1098 = ORIENTED_EDGE('',*,*,#1099,.T.);
#1099 = EDGE_CURVE('',#1093,#1100,#1102,.T.);
#1100 = VERTEX_POINT('',#1101);
#1101 = CARTESIAN_POINT('',(-19.09843345744,-1.349552526068,6.));
#1102 = B_SPLINE_CURVE_WITH_KNOTS('',3,(#1103,#1104,#1105,#1106,#1107,
    #1108,#1109,#1110,#1111,#1112,#1113,#1114,#1115,#1116,#1117,#1118,
    #1119,#1120,#1121,#1122,#1123,#1124),.UNSPECIFIED.,.F.,.F.,(4,1,1,1,
    1,1,1,1,1,1,1,1,1,1,1,1,1,1,1,4),(0.,0.189906477077,0.372642952354,
    0.548209425831,0.716605897509,0.87783236739,1.031888835474,
    1.178775301764,1.318491766261,1.451038228967,1.576414689885,
    1.694621149018,1.805657606368,1.909524061941,2.006220515742,
    2.095746967776,2.178103418053,2.253289866581,2.321306313375,
    2.382152758453),.UNSPECIFIED.);
#1103 = CARTESIAN_POINT('',(-21.2320137335,-0.312794696199,6.));
#1104 = CARTESIAN_POINT('',(-21.17939732944,-0.347989920552,6.));
#1105 = CARTESIAN_POINT('',(-21.07555351917,-0.416162331303,6.));
#1106 = CARTESIAN_POINT('',(-20.92103914192,-0.513739339987,6.));
#1107 = CARTESIAN_POINT('',(-20.77095691918,-0.604855414825,6.));
#1108 = CARTESIAN_POINT('',(-20.62548474945,-0.689697357856,6.));
#1109 = CARTESIAN_POINT('',(-20.4847954242,-0.768457669649,6.));
#1110 = CARTESIAN_POINT('',(-20.34905632537,-0.841332591629,6.));
#1111 = CARTESIAN_POINT('',(-20.2184293874,-0.908522436891,6.));
#1112 = CARTESIAN_POINT('',(-20.09307099633,-0.970231342686,6.));
#1113 = CARTESIAN_POINT('',(-19.97313190831,-1.026667165595,6.));
#1114 = CARTESIAN_POINT('',(-19.85875716712,-1.078041339203,6.));
#1115 = CARTESIAN_POINT('',(-19.7500860255,-1.124568737416,6.));
#1116 = CARTESIAN_POINT('',(-19.64725186993,-1.16646753951,6.));
#1117 = CARTESIAN_POINT('',(-19.55038214643,-1.203959074984,6.));
#1118 = CARTESIAN_POINT('',(-19.45959829684,-1.237267731382,6.));
#1119 = CARTESIAN_POINT('',(-19.37501567348,-1.266620643788,6.));
#1120 = CARTESIAN_POINT('',(-19.29674353928,-1.292248104432,6.));
#1121 = CARTESIAN_POINT('',(-19.22488480027,-1.314381592438,6.));
#1122 = CARTESIAN_POINT('',(-19.15953662374,-1.333259554591,6.));
#1123 = CARTESIAN_POINT('',(-19.11806343137,-1.344447876556,6.));
#1124 = CARTESIAN_POINT('',(-19.09843345744,-1.349552526068,6.));
#1125 = ORIENTED_EDGE('',*,*,#1126,.T.);
#1126 = EDGE_CURVE('',#1100,#1127,#1129,.T.);
#1127 = VERTEX_POINT('',#1128);
#1128 = CARTESIAN_POINT('',(-19.17913477686,-2.186106123287,6.));
#1129 = B_SPLINE_CURVE_WITH_KNOTS('',1,(#1130,#1131),.UNSPECIFIED.,.F.,
  .F.,(2,2),(0.,0.840437162419),.PIECEWISE_BEZIER_KNOTS.);
#1130 = CARTESIAN_POINT('',(-19.09843345744,-1.349552526068,6.));
#1131 = CARTESIAN_POINT('',(-19.17913477686,-2.186106123287,6.));
#1132 = ORIENTED_EDGE('',*,*,#1133,.T.);
#1133 = EDGE_CURVE('',#1127,#1134,#1136,.T.);
#1134 = VERTEX_POINT('',#1135);
#1135 = CARTESIAN_POINT('',(-21.47155523905,-2.795892984981,6.));
#1136 = B_SPLINE_CURVE_WITH_KNOTS('',3,(#1137,#1138,#1139,#1140,#1141,
    #1142,#1143,#1144,#1145,#1146,#1147,#1148,#1149,#1150,#1151,#1152,
    #1153,#1154,#1155,#1156,#1157,#1158),.UNSPECIFIED.,.F.,.F.,(4,1,1,1,
    1,1,1,1,1,1,1,1,1,1,1,1,1,1,1,4),(0.,6.084644507817E-02,
    0.128862891872,0.204049340401,0.286405790677,0.375932242711,
    0.472628696512,0.576495152085,0.687531609436,0.805738068568,
    0.931114529486,1.063660992193,1.20337745669,1.350263922979,
    1.504320391064,1.665546860944,1.833943332622,2.009509806099,
    2.192246281376,2.382152758453),.UNSPECIFIED.);
#1137 = CARTESIAN_POINT('',(-19.17913477686,-2.186106123287,6.));
#1138 = CARTESIAN_POINT('',(-19.19937855532,-2.187364199861,6.));
#1139 = CARTESIAN_POINT('',(-19.24222569135,-2.190418241155,6.));
#1140 = CARTESIAN_POINT('',(-19.30997747778,-2.196456209958,6.));
#1141 = CARTESIAN_POINT('',(-19.38474208827,-2.204445119777,6.));
#1142 = CARTESIAN_POINT('',(-19.46646972857,-2.214637594604,6.));
#1143 = CARTESIAN_POINT('',(-19.55510363953,-2.227280516267,6.));
#1144 = CARTESIAN_POINT('',(-19.65058059549,-2.242620816765,6.));
#1145 = CARTESIAN_POINT('',(-19.75283079013,-2.260903493214,6.));
#1146 = CARTESIAN_POINT('',(-19.86177791473,-2.282372009913,6.));
#1147 = CARTESIAN_POINT('',(-19.97733918254,-2.307267977268,6.));
#1148 = CARTESIAN_POINT('',(-20.09942537365,-2.335831049122,6.));
#1149 = CARTESIAN_POINT('',(-20.2279408783,-2.368298756288,6.));
#1150 = CARTESIAN_POINT('',(-20.36278374477,-2.404906359704,6.));
#1151 = CARTESIAN_POINT('',(-20.50384573056,-2.445886701246,6.));
#1152 = CARTESIAN_POINT('',(-20.65101235613,-2.491470048236,6.));
#1153 = CARTESIAN_POINT('',(-20.80416296483,-2.541883974996,6.));
#1154 = CARTESIAN_POINT('',(-20.9631707746,-2.597353100595,6.));
#1155 = CARTESIAN_POINT('',(-21.12790297855,-2.65809940631,6.));
#1156 = CARTESIAN_POINT('',(-21.2982206676,-2.724340256225,6.));
#1157 = CARTESIAN_POINT('',(-21.41318125502,-2.771404869882,6.));
#1158 = CARTESIAN_POINT('',(-21.47155523905,-2.795892984981,6.));
#1159 = ORIENTED_EDGE('',*,*,#1160,.T.);
#1160 = EDGE_CURVE('',#1134,#1161,#1163,.T.);
#1161 = VERTEX_POINT('',#1162);
#1162 = CARTESIAN_POINT('',(-21.49636859833,-3.569664900599,6.));
#1163 = B_SPLINE_CURVE_WITH_KNOTS('',1,(#1164,#1165),.UNSPECIFIED.,.F.,
  .F.,(2,2),(0.,0.774169671453),.PIECEWISE_BEZIER_KNOTS.);
#1164 = CARTESIAN_POINT('',(-21.47155523905,-2.795892984981,6.));
#1165 = CARTESIAN_POINT('',(-21.49636859833,-3.569664900599,6.));
#1166 = ORIENTED_EDGE('',*,*,#1167,.T.);
#1167 = EDGE_CURVE('',#1161,#1168,#1170,.T.);
#1168 = VERTEX_POINT('',#1169);
#1169 = CARTESIAN_POINT('',(-19.24772733821,-4.325074773088,6.));
#1170 = B_SPLINE_CURVE_WITH_KNOTS('',3,(#1171,#1172,#1173,#1174,#1175,
    #1176,#1177,#1178,#1179,#1180,#1181,#1182,#1183,#1184,#1185,#1186,
    #1187,#1188,#1189,#1190,#1191,#1192),.UNSPECIFIED.,.F.,.F.,(4,1,1,1,
    1,1,1,1,1,1,1,1,1,1,1,1,1,1,1,4),(0.,0.189906477077,0.372642952354,
    0.548209425831,0.716605897509,0.87783236739,1.031888835474,
    1.178775301764,1.318491766261,1.451038228967,1.576414689885,
    1.694621149018,1.805657606368,1.909524061941,2.006220515742,
    2.095746967776,2.178103418053,2.253289866581,2.321306313375,
    2.382152758453),.UNSPECIFIED.);
#1171 = CARTESIAN_POINT('',(-21.49636859833,-3.569664900599,6.));
#1172 = CARTESIAN_POINT('',(-21.43968350883,-3.597842736238,6.));
#1173 = CARTESIAN_POINT('',(-21.32797456042,-3.652176200724,6.));
#1174 = CARTESIAN_POINT('',(-21.16225087315,-3.729193243512,6.));
#1175 = CARTESIAN_POINT('',(-21.00174915835,-3.800369167972,6.));
#1176 = CARTESIAN_POINT('',(-20.84662196626,-3.865911991654,6.));
#1177 = CARTESIAN_POINT('',(-20.69701605329,-3.926034730784,6.));
#1178 = CARTESIAN_POINT('',(-20.55307233241,-3.980953419973,6.));
#1179 = CARTESIAN_POINT('',(-20.41492579309,-4.030887435468,6.));
#1180 = CARTESIAN_POINT('',(-20.28270543295,-4.076059236755,6.));
#1181 = CARTESIAN_POINT('',(-20.15653419034,-4.116694252188,6.));
#1182 = CARTESIAN_POINT('',(-20.03652888069,-4.153020727269,6.));
#1183 = CARTESIAN_POINT('',(-19.92280013601,-4.185269579039,6.));
#1184 = CARTESIAN_POINT('',(-19.81545234755,-4.213674252607,6.));
#1185 = CARTESIAN_POINT('',(-19.714583612,-4.2384705578,6.));
#1186 = CARTESIAN_POINT('',(-19.62028568011,-4.259896569577,6.));
#1187 = CARTESIAN_POINT('',(-19.5326439118,-4.278192309174,6.));
#1188 = CARTESIAN_POINT('',(-19.45173722381,-4.29360015036,6.));
#1189 = CARTESIAN_POINT('',(-19.37763807643,-4.306362831149,6.));
#1190 = CARTESIAN_POINT('',(-19.31041234731,-4.316729266158,6.));
#1191 = CARTESIAN_POINT('',(-19.26784891841,-4.322522258027,6.));
#1192 = CARTESIAN_POINT('',(-19.24772733821,-4.325074773088,6.));
#1193 = ORIENTED_EDGE('',*,*,#1194,.T.);
#1194 = EDGE_CURVE('',#1168,#1195,#1197,.T.);
#1195 = VERTEX_POINT('',#1196);
#1196 = CARTESIAN_POINT('',(-19.2207900013,-5.165080132509,6.));
#1197 = B_SPLINE_CURVE_WITH_KNOTS('',1,(#1198,#1199),.UNSPECIFIED.,.F.,
  .F.,(2,2),(0.,0.840437162419),.PIECEWISE_BEZIER_KNOTS.);
#1198 = CARTESIAN_POINT('',(-19.24772733821,-4.325074773088,6.));
#1199 = CARTESIAN_POINT('',(-19.2207900013,-5.165080132509,6.));
#1200 = ORIENTED_EDGE('',*,*,#1201,.T.);
#1201 = EDGE_CURVE('',#1195,#1202,#1204,.T.);
#1202 = VERTEX_POINT('',#1203);
#1203 = CARTESIAN_POINT('',(-21.41641191009,-6.063008874591,6.));
#1204 = B_SPLINE_CURVE_WITH_KNOTS('',3,(#1205,#1206,#1207,#1208,#1209,
    #1210,#1211,#1212,#1213,#1214,#1215,#1216,#1217,#1218,#1219,#1220,
    #1221,#1222,#1223,#1224,#1225,#1226),.UNSPECIFIED.,.F.,.F.,(4,1,1,1,
    1,1,1,1,1,1,1,1,1,1,1,1,1,1,1,4),(0.,6.084644507817E-02,
    0.128862891872,0.204049340401,0.286405790677,0.375932242711,
    0.472628696512,0.576495152085,0.687531609436,0.805738068568,
    0.931114529486,1.063660992193,1.20337745669,1.350263922979,
    1.504320391064,1.665546860944,1.833943332622,2.009509806099,
    2.192246281376,2.382152758453),.UNSPECIFIED.);
#1205 = CARTESIAN_POINT('',(-19.2207900013,-5.165080132509,6.));
#1206 = CARTESIAN_POINT('',(-19.24070669936,-5.168916597223,6.));
#1207 = CARTESIAN_POINT('',(-19.28281151886,-5.177424735022,6.));
#1208 = CARTESIAN_POINT('',(-19.34923494575,-5.192077038332,6.));
#1209 = CARTESIAN_POINT('',(-19.42236414071,-5.209561045497,6.));
#1210 = CARTESIAN_POINT('',(-19.50211741346,-5.230120938918,6.));
#1211 = CARTESIAN_POINT('',(-19.5884069003,-5.253994315332,6.));
#1212 = CARTESIAN_POINT('',(-19.68113831769,-5.281417994309,6.));
#1213 = CARTESIAN_POINT('',(-19.78021110287,-5.312626034909,6.));
#1214 = CARTESIAN_POINT('',(-19.8855184401,-5.347850144451,6.));
#1215 = CARTESIAN_POINT('',(-19.99694732585,-5.387319363185,6.));
#1216 = CARTESIAN_POINT('',(-20.11437862647,-5.431259968215,6.));
#1217 = CARTESIAN_POINT('',(-20.23768714236,-5.47989531392,6.));
#1218 = CARTESIAN_POINT('',(-20.36674167434,-5.533445692457,6.));
#1219 = CARTESIAN_POINT('',(-20.50140509342,-5.592128192325,6.));
#1220 = CARTESIAN_POINT('',(-20.641534414,-5.65615655104,6.));
#1221 = CARTESIAN_POINT('',(-20.78698086845,-5.725741045308,6.));
#1222 = CARTESIAN_POINT('',(-20.93758999195,-5.801088237552,6.));
#1223 = CARTESIAN_POINT('',(-21.09320168163,-5.882401303616,6.));
#1224 = CARTESIAN_POINT('',(-21.25365037293,-5.969878059729,6.));
#1225 = CARTESIAN_POINT('',(-21.36164864631,-6.031257107184,6.));
#1226 = CARTESIAN_POINT('',(-21.41641191009,-6.063008874591,6.));
#1227 = ORIENTED_EDGE('',*,*,#1228,.T.);
#1228 = EDGE_CURVE('',#1202,#1229,#1231,.T.);
#1229 = VERTEX_POINT('',#1230);
#1230 = CARTESIAN_POINT('',(-21.34207379567,-6.833601195434,6.));
#1231 = B_SPLINE_CURVE_WITH_KNOTS('',1,(#1232,#1233),.UNSPECIFIED.,.F.,
  .F.,(2,2),(0.,0.774169671453),.PIECEWISE_BEZIER_KNOTS.);
#1232 = CARTESIAN_POINT('',(-21.41641191009,-6.063008874591,6.));
#1233 = CARTESIAN_POINT('',(-21.34207379567,-6.833601195434,6.));
#1234 = ORIENTED_EDGE('',*,*,#1235,.T.);
#1235 = EDGE_CURVE('',#1229,#1236,#1238,.T.);
#1236 = VERTEX_POINT('',#1237);
#1237 = CARTESIAN_POINT('',(-19.0152941788,-7.29525930132,6.));
#1238 = B_SPLINE_CURVE_WITH_KNOTS('',3,(#1239,#1240,#1241,#1242,#1243,
    #1244,#1245,#1246,#1247,#1248,#1249,#1250,#1251,#1252,#1253,#1254,
    #1255,#1256,#1257,#1258,#1259,#1260),.UNSPECIFIED.,.F.,.F.,(4,1,1,1,
    1,1,1,1,1,1,1,1,1,1,1,1,1,1,1,4),(0.,0.189906477077,0.372642952354,
    0.548209425831,0.716605897509,0.87783236739,1.031888835474,
    1.178775301764,1.318491766261,1.451038228967,1.576414689885,
    1.694621149018,1.805657606368,1.909524061941,2.006220515742,
    2.095746967776,2.178103418053,2.253289866581,2.321306313375,
    2.382152758453),.UNSPECIFIED.);
#1239 = CARTESIAN_POINT('',(-21.34207379567,-6.833601195434,6.));
#1240 = CARTESIAN_POINT('',(-21.28225078833,-6.854298963076,6.));
#1241 = CARTESIAN_POINT('',(-21.16451095961,-6.893901327312,6.));
#1242 = CARTESIAN_POINT('',(-20.99029914069,-6.949093786491,6.));
#1243 = CARTESIAN_POINT('',(-20.82201336755,-6.999160853862,6.));
#1244 = CARTESIAN_POINT('',(-20.6597783373,-7.044328346843,6.));
#1245 = CARTESIAN_POINT('',(-20.50371236158,-7.084826299594,6.));
#1246 = CARTESIAN_POINT('',(-20.35392757055,-7.120886992635,6.));
#1247 = CARTESIAN_POINT('',(-20.21052979224,-7.152745263209,6.));
#1248 = CARTESIAN_POINT('',(-20.0736185177,-7.18063824026,6.));
#1249 = CARTESIAN_POINT('',(-19.9432868488,-7.204805222386,6.));
#1250 = CARTESIAN_POINT('',(-19.81962145456,-7.225487519224,6.));
#1251 = CARTESIAN_POINT('',(-19.70270252967,-7.242928299295,6.));
#1252 = CARTESIAN_POINT('',(-19.59260375603,-7.257372440384,6.));
#1253 = CARTESIAN_POINT('',(-19.48939227028,-7.26906636065,6.));
#1254 = CARTESIAN_POINT('',(-19.39312862554,-7.278257913284,6.));
#1255 = CARTESIAN_POINT('',(-19.30386678768,-7.285196064536,6.));
#1256 = CARTESIAN_POINT('',(-19.22165403148,-7.290131289937,6.));
#1257 = CARTESIAN_POINT('',(-19.14653118169,-7.293313600643,6.));
#1258 = CARTESIAN_POINT('',(-19.07853174458,-7.294998291931,6.));
#1259 = CARTESIAN_POINT('',(-19.03557696949,-7.295300832938,6.));
#1260 = CARTESIAN_POINT('',(-19.0152941788,-7.29525930132,6.));
#1261 = ORIENTED_EDGE('',*,*,#1262,.T.);
#1262 = EDGE_CURVE('',#1236,#1263,#1265,.T.);
#1263 = VERTEX_POINT('',#1264);
#1264 = CARTESIAN_POINT('',(-18.8811604959,-8.124923558165,6.));
#1265 = B_SPLINE_CURVE_WITH_KNOTS('',1,(#1266,#1267),.UNSPECIFIED.,.F.,
  .F.,(2,2),(0.,0.840437162419),.PIECEWISE_BEZIER_KNOTS.);
#1266 = CARTESIAN_POINT('',(-19.0152941788,-7.29525930132,6.));
#1267 = CARTESIAN_POINT('',(-18.8811604959,-8.124923558165,6.));
#1268 = ORIENTED_EDGE('',*,*,#1269,.T.);
#1269 = EDGE_CURVE('',#1263,#1270,#1272,.T.);
#1270 = VERTEX_POINT('',#1271);
#1271 = CARTESIAN_POINT('',(-20.94393180023,-9.296250215514,6.));
#1272 = B_SPLINE_CURVE_WITH_KNOTS('',3,(#1273,#1274,#1275,#1276,#1277,
    #1278,#1279,#1280,#1281,#1282,#1283,#1284,#1285,#1286,#1287,#1288,
    #1289,#1290,#1291,#1292,#1293,#1294),.UNSPECIFIED.,.F.,.F.,(4,1,1,1,
    1,1,1,1,1,1,1,1,1,1,1,1,1,1,1,4),(0.,6.084644507817E-02,
    0.128862891872,0.204049340401,0.286405790677,0.375932242711,
    0.472628696512,0.576495152085,0.687531609436,0.805738068568,
    0.931114529486,1.063660992193,1.20337745669,1.350263922979,
    1.504320391064,1.665546860944,1.833943332622,2.009509806099,
    2.192246281376,2.382152758453),.UNSPECIFIED.);
#1273 = CARTESIAN_POINT('',(-18.8811604959,-8.124923558165,6.));
#1274 = CARTESIAN_POINT('',(-18.90042308192,-8.131275416375,6.));
#1275 = CARTESIAN_POINT('',(-18.94109422493,-8.145097947291,6.));
#1276 = CARTESIAN_POINT('',(-19.00509862143,-8.168123994693,6.));
#1277 = CARTESIAN_POINT('',(-19.07539162151,-8.194816012289,6.));
#1278 = CARTESIAN_POINT('',(-19.15186098018,-8.225405731424,6.));
#1279 = CARTESIAN_POINT('',(-19.23438917191,-8.260117562408,6.));
#1280 = CARTESIAN_POINT('',(-19.3228524034,-8.299174323813,6.));
#1281 = CARTESIAN_POINT('',(-19.41712100673,-8.342795293401,6.));
#1282 = CARTESIAN_POINT('',(-19.51705941304,-8.391196616881,6.));
#1283 = CARTESIAN_POINT('',(-19.62252625751,-8.444591003514,6.));
#1284 = CARTESIAN_POINT('',(-19.73337444892,-8.5031876382,6.));
#1285 = CARTESIAN_POINT('',(-19.84945125363,-8.567192031412,6.));
#1286 = CARTESIAN_POINT('',(-19.97059837927,-8.636805889334,6.));
#1287 = CARTESIAN_POINT('',(-20.09665206202,-8.712226982504,6.));
#1288 = CARTESIAN_POINT('',(-20.22744315803,-8.793649009063,6.));
#1289 = CARTESIAN_POINT('',(-20.36279723148,-8.881261495367,6.));
#1290 = CARTESIAN_POINT('',(-20.50253467108,-8.975249555442,6.));
#1291 = CARTESIAN_POINT('',(-20.64647070683,-9.075794223558,6.));
#1292 = CARTESIAN_POINT('',(-20.79441583731,-9.183070519953,6.));
#1293 = CARTESIAN_POINT('',(-20.89367846799,-9.257756158943,6.));
#1294 = CARTESIAN_POINT('',(-20.94393180023,-9.296250215514,6.));
#1295 = ORIENTED_EDGE('',*,*,#1296,.T.);
#1296 = EDGE_CURVE('',#1270,#1297,#1299,.T.);
#1297 = VERTEX_POINT('',#1298);
#1298 = CARTESIAN_POINT('',(-20.7716628419,-10.05100983697,6.));
#1299 = B_SPLINE_CURVE_WITH_KNOTS('',1,(#1300,#1301),.UNSPECIFIED.,.F.,
  .F.,(2,2),(0.,0.774169671453),.PIECEWISE_BEZIER_KNOTS.);
#1300 = CARTESIAN_POINT('',(-20.94393180023,-9.296250215514,6.));
#1301 = CARTESIAN_POINT('',(-20.7716628419,-10.05100983697,6.));
#1302 = ORIENTED_EDGE('',*,*,#1303,.T.);
#1303 = EDGE_CURVE('',#1297,#1304,#1306,.T.);
#1304 = VERTEX_POINT('',#1305);
#1305 = CARTESIAN_POINT('',(-18.40495052527,-10.21133576292,6.));
#1306 = B_SPLINE_CURVE_WITH_KNOTS('',3,(#1307,#1308,#1309,#1310,#1311,
    #1312,#1313,#1314,#1315,#1316,#1317,#1318,#1319,#1320,#1321,#1322,
    #1323,#1324,#1325,#1326,#1327,#1328),.UNSPECIFIED.,.F.,.F.,(4,1,1,1,
    1,1,1,1,1,1,1,1,1,1,1,1,1,1,1,4),(0.,0.189906477077,0.372642952354,
    0.548209425831,0.716605897509,0.87783236739,1.031888835474,
    1.178775301764,1.318491766261,1.451038228967,1.576414689885,
    1.694621149018,1.805657606368,1.909524061941,2.006220515742,
    2.095746967776,2.178103418053,2.253289866581,2.321306313375,
    2.382152758453),.UNSPECIFIED.);
#1307 = CARTESIAN_POINT('',(-20.7716628419,-10.05100983697,6.));
#1308 = CARTESIAN_POINT('',(-20.70968420884,-10.06388767985,6.));
#1309 = CARTESIAN_POINT('',(-20.58784678455,-10.08810867411,6.));
#1310 = CARTESIAN_POINT('',(-20.40800738723,-10.12057029102,6.));
#1311 = CARTESIAN_POINT('',(-20.2347008035,-10.14870640144,6.));
#1312 = CARTESIAN_POINT('',(-20.0680218298,-10.17275691474,6.));
#1313 = CARTESIAN_POINT('',(-19.90805839033,-10.19296510584,6.));
#1314 = CARTESIAN_POINT('',(-19.75489199129,-10.20957568715,6.));
#1315 = CARTESIAN_POINT('',(-19.60859756154,-10.22283510089,6.));
#1316 = CARTESIAN_POINT('',(-19.46924345193,-10.23299125179,6.));
#1317 = CARTESIAN_POINT('',(-19.33689139916,-10.24029337943,6.));
#1318 = CARTESIAN_POINT('',(-19.21159650267,-10.24499189528,6.));
#1319 = CARTESIAN_POINT('',(-19.09340720309,-10.24733822653,6.));
#1320 = CARTESIAN_POINT('',(-18.98236526309,-10.24758466274,6.));
#1321 = CARTESIAN_POINT('',(-18.87850575688,-10.24598418423,6.));
#1322 = CARTESIAN_POINT('',(-18.78185704567,-10.24279035268,6.));
#1323 = CARTESIAN_POINT('',(-18.69244081518,-10.23825699134,6.));
#1324 = CARTESIAN_POINT('',(-18.61027192196,-10.23263856469,6.));
#1325 = CARTESIAN_POINT('',(-18.53535888486,-10.22618825186,6.));
#1326 = CARTESIAN_POINT('',(-18.46770228865,-10.21916353684,6.));
#1327 = CARTESIAN_POINT('',(-18.42506148359,-10.21397065927,6.));
#1328 = CARTESIAN_POINT('',(-18.40495052527,-10.21133576292,6.));
#1329 = ORIENTED_EDGE('',*,*,#1330,.T.);
#1330 = EDGE_CURVE('',#1304,#1331,#1333,.T.);
#1331 = VERTEX_POINT('',#1332);
#1332 = CARTESIAN_POINT('',(-18.16582296774,-11.01703585303,6.));
#1333 = B_SPLINE_CURVE_WITH_KNOTS('',1,(#1334,#1335),.UNSPECIFIED.,.F.,
  .F.,(2,2),(0.,0.840437162419),.PIECEWISE_BEZIER_KNOTS.);
#1334 = CARTESIAN_POINT('',(-18.40495052527,-10.21133576292,6.));
#1335 = CARTESIAN_POINT('',(-18.16582296774,-11.01703585303,6.));
#1336 = ORIENTED_EDGE('',*,*,#1337,.T.);
#1337 = EDGE_CURVE('',#1331,#1338,#1340,.T.);
#1338 = VERTEX_POINT('',#1339);
#1339 = CARTESIAN_POINT('',(-20.06187301982,-12.44252727432,6.));
#1340 = B_SPLINE_CURVE_WITH_KNOTS('',3,(#1341,#1342,#1343,#1344,#1345,
    #1346,#1347,#1348,#1349,#1350,#1351,#1352,#1353,#1354,#1355,#1356,
    #1357,#1358,#1359,#1360,#1361,#1362),.UNSPECIFIED.,.F.,.F.,(4,1,1,1,
    1,1,1,1,1,1,1,1,1,1,1,1,1,1,1,4),(0.,6.084644507817E-02,
    0.128862891872,0.204049340401,0.286405790677,0.375932242711,
    0.472628696512,0.576495152085,0.687531609436,0.805738068568,
    0.931114529486,1.063660992193,1.20337745669,1.350263922979,
    1.504320391064,1.665546860944,1.833943332622,2.009509806099,
    2.192246281376,2.382152758453),.UNSPECIFIED.);
#1341 = CARTESIAN_POINT('',(-18.16582296774,-11.01703585303,6.));
#1342 = CARTESIAN_POINT('',(-18.18411515059,-11.0257988074,6.));
#1343 = CARTESIAN_POINT('',(-18.22268479806,-11.04470876586,6.));
#1344 = CARTESIAN_POINT('',(-18.28321921377,-11.07573047029,6.));
#1345 = CARTESIAN_POINT('',(-18.34952180983,-11.11119221613,6.));
#1346 = CARTESIAN_POINT('',(-18.42145162966,-11.15130947863,6.));
#1347 = CARTESIAN_POINT('',(-18.49886341566,-11.19628979688,6.));
#1348 = CARTESIAN_POINT('',(-18.58160589745,-11.24633832977,6.));
#1349 = CARTESIAN_POINT('',(-18.66952243107,-11.30165597323,6.));
#1350 = CARTESIAN_POINT('',(-18.76245092057,-11.36243976226,6.));
#1351 = CARTESIAN_POINT('',(-18.8602239611,-11.42888258244,6.));
#1352 = CARTESIAN_POINT('',(-18.96266891906,-11.50117309166,6.));
#1353 = CARTESIAN_POINT('',(-19.06960803467,-11.57949558201,6.));
#1354 = CARTESIAN_POINT('',(-19.18085852152,-11.66402986169,6.));
#1355 = CARTESIAN_POINT('',(-19.29623266995,-11.7549511359,6.));
#1356 = CARTESIAN_POINT('',(-19.41553795521,-11.85242988288,6.));
#1357 = CARTESIAN_POINT('',(-19.53857713751,-11.95663176662,6.));
#1358 = CARTESIAN_POINT('',(-19.66514840831,-12.06771741318,6.));
#1359 = CARTESIAN_POINT('',(-19.79504536442,-12.18584274267,6.));
#1360 = CARTESIAN_POINT('',(-19.92805767913,-12.31115710553,6.));
#1361 = CARTESIAN_POINT('',(-20.01695477744,-12.39792299993,6.));
#1362 = CARTESIAN_POINT('',(-20.06187301982,-12.44252727432,6.));
#1363 = ORIENTED_EDGE('',*,*,#1364,.T.);
#1364 = EDGE_CURVE('',#1338,#1365,#1367,.T.);
#1365 = VERTEX_POINT('',#1366);
#1366 = CARTESIAN_POINT('',(-19.79450186911,-13.16906106428,6.));
#1367 = B_SPLINE_CURVE_WITH_KNOTS('',1,(#1368,#1369),.UNSPECIFIED.,.F.,
  .F.,(2,2),(0.,0.774169671453),.PIECEWISE_BEZIER_KNOTS.);
#1368 = CARTESIAN_POINT('',(-20.06187301982,-12.44252727432,6.));
#1369 = CARTESIAN_POINT('',(-19.79450186911,-13.16906106428,6.));
#1370 = ORIENTED_EDGE('',*,*,#1371,.T.);
#1371 = EDGE_CURVE('',#1365,#1372,#1374,.T.);
#1372 = VERTEX_POINT('',#1373);
#1373 = CARTESIAN_POINT('',(-17.42671820354,-13.02542226302,6.));
#1374 = B_SPLINE_CURVE_WITH_KNOTS('',3,(#1375,#1376,#1377,#1378,#1379,
    #1380,#1381,#1382,#1383,#1384,#1385,#1386,#1387,#1388,#1389,#1390,
    #1391,#1392,#1393,#1394,#1395,#1396),.UNSPECIFIED.,.F.,.F.,(4,1,1,1,
    1,1,1,1,1,1,1,1,1,1,1,1,1,1,1,4),(0.,0.189906477077,0.372642952354,
    0.548209425831,0.716605897509,0.87783236739,1.031888835474,
    1.178775301764,1.318491766261,1.451038228967,1.576414689885,
    1.694621149018,1.805657606368,1.909524061941,2.006220515742,
    2.095746967776,2.178103418053,2.253289866581,2.321306313375,
    2.382152758453),.UNSPECIFIED.);
#1375 = CARTESIAN_POINT('',(-19.79450186911,-13.16906106428,6.));
#1376 = CARTESIAN_POINT('',(-19.73138529778,-13.17390752857,6.));
#1377 = CARTESIAN_POINT('',(-19.60745084506,-13.18234944479,6.));
#1378 = CARTESIAN_POINT('',(-19.42493682727,-13.1915472006,6.));
#1379 = CARTESIAN_POINT('',(-19.24945512225,-13.19729035991,6.));
#1380 = CARTESIAN_POINT('',(-19.08106906925,-13.19982898475,6.));
#1381 = CARTESIAN_POINT('',(-18.91983476128,-13.19941559628,6.));
#1382 = CARTESIAN_POINT('',(-18.76580174228,-13.19630332057,6.));
#1383 = CARTESIAN_POINT('',(-18.61901281158,-13.19074615825,6.));
#1384 = CARTESIAN_POINT('',(-18.47950405753,-13.18299871929,6.));
#1385 = CARTESIAN_POINT('',(-18.34730483792,-13.17331609171,6.));
#1386 = CARTESIAN_POINT('',(-18.22243777793,-13.16195367708,6.));
#1387 = CARTESIAN_POINT('',(-18.10491876869,-13.1491670328,6.));
#1388 = CARTESIAN_POINT('',(-17.99475696792,-13.13521171766,6.));
#1389 = CARTESIAN_POINT('',(-17.89195481147,-13.12034312019,6.));
#1390 = CARTESIAN_POINT('',(-17.79650800295,-13.10481634709,6.));
#1391 = CARTESIAN_POINT('',(-17.70840559186,-13.08888591081,6.));
#1392 = CARTESIAN_POINT('',(-17.62762977257,-13.07280608652,6.));
#1393 = CARTESIAN_POINT('',(-17.55415661816,-13.05682906411,6.));
#1394 = CARTESIAN_POINT('',(-17.4879537823,-13.04121028842,6.));
#1395 = CARTESIAN_POINT('',(-17.44632710809,-13.03060725918,6.));
#1396 = CARTESIAN_POINT('',(-17.42671820354,-13.02542226302,6.));
#1397 = ORIENTED_EDGE('',*,*,#1398,.T.);
#1398 = EDGE_CURVE('',#1372,#1399,#1401,.T.);
#1399 = VERTEX_POINT('',#1400);
#1400 = CARTESIAN_POINT('',(-17.08652323925,-13.79392861319,6.));
#1401 = B_SPLINE_CURVE_WITH_KNOTS('',1,(#1402,#1403),.UNSPECIFIED.,.F.,
  .F.,(2,2),(0.,0.840437162419),.PIECEWISE_BEZIER_KNOTS.);
#1402 = CARTESIAN_POINT('',(-17.42671820354,-13.02542226302,6.));
#1403 = CARTESIAN_POINT('',(-17.08652323925,-13.79392861319,6.));
#1404 = ORIENTED_EDGE('',*,*,#1405,.T.);
#1405 = EDGE_CURVE('',#1399,#1406,#1408,.T.);
#1406 = VERTEX_POINT('',#1407);
#1407 = CARTESIAN_POINT('',(-18.78471894966,-15.45017826869,6.));
#1408 = B_SPLINE_CURVE_WITH_KNOTS('',3,(#1409,#1410,#1411,#1412,#1413,
    #1414,#1415,#1416,#1417,#1418,#1419,#1420,#1421,#1422,#1423,#1424,
    #1425,#1426,#1427,#1428,#1429,#1430),.UNSPECIFIED.,.F.,.F.,(4,1,1,1,
    1,1,1,1,1,1,1,1,1,1,1,1,1,1,1,4),(0.,6.084644507817E-02,
    0.128862891872,0.204049340401,0.286405790677,0.375932242711,
    0.472628696512,0.576495152085,0.687531609436,0.805738068568,
    0.931114529486,1.063660992193,1.20337745669,1.350263922979,
    1.504320391064,1.665546860944,1.833943332622,2.009509806099,
    2.192246281376,2.382152758453),.UNSPECIFIED.);
#1409 = CARTESIAN_POINT('',(-17.08652323925,-13.79392861319,6.));
#1410 = CARTESIAN_POINT('',(-17.10354466181,-13.80495877625,6.));
#1411 = CARTESIAN_POINT('',(-17.13937950118,-13.82864566126,6.));
#1412 = CARTESIAN_POINT('',(-17.19544996266,-13.86715364719,6.));
#1413 = CARTESIAN_POINT('',(-17.25667346793,-13.91080284038,6.));
#1414 = CARTESIAN_POINT('',(-17.32288266326,-13.95978892192,6.));
#1415 = CARTESIAN_POINT('',(-17.39390694414,-14.01429915185,6.));
#1416 = CARTESIAN_POINT('',(-17.46957004697,-14.0745176607,6.));
#1417 = CARTESIAN_POINT('',(-17.54969092383,-14.14062366386,6.));
#1418 = CARTESIAN_POINT('',(-17.6340836133,-14.21279185029,6.));
#1419 = CARTESIAN_POINT('',(-17.72255741925,-14.29119211474,6.));
#1420 = CARTESIAN_POINT('',(-17.81491700039,-14.37598949034,6.));
#1421 = CARTESIAN_POINT('',(-17.91096248957,-14.4673440247,6.));
#1422 = CARTESIAN_POINT('',(-18.01048960771,-14.56541067561,6.));
#1423 = CARTESIAN_POINT('',(-18.11328978149,-14.67033920605,6.));
#1424 = CARTESIAN_POINT('',(-18.21915026653,-14.78227407512,6.));
#1425 = CARTESIAN_POINT('',(-18.32785425771,-14.90135436424,6.));
#1426 = CARTESIAN_POINT('',(-18.43918106294,-15.02771357403,6.));
#1427 = CARTESIAN_POINT('',(-18.55290603497,-15.16147995027,6.));
#1428 = CARTESIAN_POINT('',(-18.66880147538,-15.30277472121,6.));
#1429 = CARTESIAN_POINT('',(-18.74587335343,-15.40019617743,6.));
#1430 = CARTESIAN_POINT('',(-18.78471894966,-15.45017826869,6.));
#1431 = ORIENTED_EDGE('',*,*,#1432,.T.);
#1432 = EDGE_CURVE('',#1406,#1433,#1435,.T.);
#1433 = VERTEX_POINT('',#1434);
#1434 = CARTESIAN_POINT('',(-18.42663583347,-16.13655656241,6.));
#1435 = B_SPLINE_CURVE_WITH_KNOTS('',1,(#1436,#1437),.UNSPECIFIED.,.F.,
  .F.,(2,2),(0.,0.774169671453),.PIECEWISE_BEZIER_KNOTS.);
#1436 = CARTESIAN_POINT('',(-18.78471894966,-15.45017826869,6.));
#1437 = CARTESIAN_POINT('',(-18.42663583347,-16.13655656241,6.));
#1438 = ORIENTED_EDGE('',*,*,#1439,.T.);
#1439 = EDGE_CURVE('',#1433,#1440,#1442,.T.);
#1440 = VERTEX_POINT('',#1441);
#1441 = CARTESIAN_POINT('',(-16.09665976127,-15.69131157909,6.));
#1442 = B_SPLINE_CURVE_WITH_KNOTS('',3,(#1443,#1444,#1445,#1446,#1447,
    #1448,#1449,#1450,#1451,#1452,#1453,#1454,#1455,#1456,#1457,#1458,
    #1459,#1460,#1461,#1462,#1463,#1464),.UNSPECIFIED.,.F.,.F.,(4,1,1,1,
    1,1,1,1,1,1,1,1,1,1,1,1,1,1,1,4),(0.,0.189906477077,0.372642952354,
    0.548209425831,0.716605897509,0.87783236739,1.031888835474,
    1.178775301764,1.318491766261,1.451038228967,1.576414689885,
    1.694621149018,1.805657606368,1.909524061941,2.006220515742,
    2.095746967776,2.178103418053,2.253289866581,2.321306313375,
    2.382152758453),.UNSPECIFIED.);
#1443 = CARTESIAN_POINT('',(-18.42663583347,-16.13655656241,6.));
#1444 = CARTESIAN_POINT('',(-18.36341769622,-16.13329206929,6.));
#1445 = CARTESIAN_POINT('',(-18.23942121536,-16.12581629145,6.));
#1446 = CARTESIAN_POINT('',(-18.05722945223,-16.11159915925,6.));
#1447 = CARTESIAN_POINT('',(-17.88245403067,-16.09485506494,6.));
#1448 = CARTESIAN_POINT('',(-17.71512579269,-16.07584011718,6.));
#1449 = CARTESIAN_POINT('',(-17.55526807911,-16.05481193695,6.));
#1450 = CARTESIAN_POINT('',(-17.40289765804,-16.0320279077,6.));
#1451 = CARTESIAN_POINT('',(-17.25802449658,-16.00774541779,6.));
#1452 = CARTESIAN_POINT('',(-17.12065182798,-15.98222160169,6.));
#1453 = CARTESIAN_POINT('',(-16.99077614907,-15.95571320737,6.));
#1454 = CARTESIAN_POINT('',(-16.86838723925,-15.92847643279,6.));
#1455 = CARTESIAN_POINT('',(-16.75346817922,-15.90076676934,6.));
#1456 = CARTESIAN_POINT('',(-16.64599537141,-15.87283884874,6.));
#1457 = CARTESIAN_POINT('',(-16.54593857328,-15.84494627426,6.));
#1458 = CARTESIAN_POINT('',(-16.45326090142,-15.81734150879,6.));
#1459 = CARTESIAN_POINT('',(-16.36791894888,-15.7902755749,6.));
#1460 = CARTESIAN_POINT('',(-16.28986254024,-15.76399838325,6.));
#1461 = CARTESIAN_POINT('',(-16.2190356957,-15.73875699353,6.));
#1462 = CARTESIAN_POINT('',(-16.1553736689,-15.71480061702,6.));
#1463 = CARTESIAN_POINT('',(-16.1154446344,-15.69896153755,6.));
#1464 = CARTESIAN_POINT('',(-16.09665976127,-15.69131157909,6.));
#1465 = ORIENTED_EDGE('',*,*,#1466,.T.);
#1466 = EDGE_CURVE('',#1440,#1467,#1469,.T.);
#1467 = VERTEX_POINT('',#1468);
#1468 = CARTESIAN_POINT('',(-15.66098338214,-16.41000533629,6.));
#1469 = B_SPLINE_CURVE_WITH_KNOTS('',1,(#1470,#1471),.UNSPECIFIED.,.F.,
  .F.,(2,2),(0.,0.840437162419),.PIECEWISE_BEZIER_KNOTS.);
#1470 = CARTESIAN_POINT('',(-16.09665976127,-15.69131157909,6.));
#1471 = CARTESIAN_POINT('',(-15.66098338214,-16.41000533629,6.));
#1472 = ORIENTED_EDGE('',*,*,#1473,.T.);
#1473 = EDGE_CURVE('',#1467,#1474,#1476,.T.);
#1474 = VERTEX_POINT('',#1475);
#1475 = CARTESIAN_POINT('',(-17.13344042426,-18.26981765244,6.));
#1476 = B_SPLINE_CURVE_WITH_KNOTS('',3,(#1477,#1478,#1479,#1480,#1481,
    #1482,#1483,#1484,#1485,#1486,#1487,#1488,#1489,#1490,#1491,#1492,
    #1493,#1494,#1495,#1496,#1497,#1498),.UNSPECIFIED.,.F.,.F.,(4,1,1,1,
    1,1,1,1,1,1,1,1,1,1,1,1,1,1,1,4),(0.,6.084644507817E-02,
    0.128862891872,0.204049340401,0.286405790677,0.375932242711,
    0.472628696512,0.576495152085,0.687531609436,0.805738068568,
    0.931114529486,1.063660992193,1.20337745669,1.350263922979,
    1.504320391064,1.665546860944,1.833943332622,2.009509806099,
    2.192246281376,2.382152758453),.UNSPECIFIED.);
#1477 = CARTESIAN_POINT('',(-15.66098338214,-16.41000533629,6.));
#1478 = CARTESIAN_POINT('',(-15.67645455311,-16.42312159307,6.));
#1479 = CARTESIAN_POINT('',(-15.70896617733,-16.45119646663,6.));
#1480 = CARTESIAN_POINT('',(-15.75965200915,-16.49655843399,6.));
#1481 = CARTESIAN_POINT('',(-15.81479113535,-16.54767835599,6.));
#1482 = CARTESIAN_POINT('',(-15.87419255304,-16.60472890645,6.));
#1483 = CARTESIAN_POINT('',(-15.93766311206,-16.6678739916,6.));
#1484 = CARTESIAN_POINT('',(-16.00500444987,-16.73727369016,6.));
#1485 = CARTESIAN_POINT('',(-16.07601408738,-16.81308259427,6.));
#1486 = CARTESIAN_POINT('',(-16.15048525119,-16.89545017849,6.));
#1487 = CARTESIAN_POINT('',(-16.22820708513,-16.98452055704,6.));
#1488 = CARTESIAN_POINT('',(-16.30896474767,-17.08043242844,6.));
#1489 = CARTESIAN_POINT('',(-16.39253954616,-17.1833189679,6.));
#1490 = CARTESIAN_POINT('',(-16.47870906306,-17.29330773834,6.));
#1491 = CARTESIAN_POINT('',(-16.56724728618,-17.41052060143,6.));
#1492 = CARTESIAN_POINT('',(-16.65792474475,-17.53507362513,6.));
#1493 = CARTESIAN_POINT('',(-16.75050862828,-17.66707702458,6.));
#1494 = CARTESIAN_POINT('',(-16.84476298487,-17.80663498288,6.));
#1495 = CARTESIAN_POINT('',(-16.94044861194,-17.95384596565,6.));
#1496 = CARTESIAN_POINT('',(-17.03732417811,-18.10880108845,6.));
#1497 = CARTESIAN_POINT('',(-17.10130531781,-18.21527844887,6.));
#1498 = CARTESIAN_POINT('',(-17.13344042426,-18.26981765244,6.));
#1499 = ORIENTED_EDGE('',*,*,#1500,.T.);
#1500 = EDGE_CURVE('',#1474,#1501,#1503,.T.);
#1501 = VERTEX_POINT('',#1502);
#1502 = CARTESIAN_POINT('',(-16.69052505746,-18.90477013732,6.));
#1503 = B_SPLINE_CURVE_WITH_KNOTS('',1,(#1504,#1505),.UNSPECIFIED.,.F.,
  .F.,(2,2),(0.,0.774169671453),.PIECEWISE_BEZIER_KNOTS.);
#1504 = CARTESIAN_POINT('',(-17.13344042426,-18.26981765244,6.));
#1505 = CARTESIAN_POINT('',(-16.69052505746,-18.90477013732,6.));
#1506 = ORIENTED_EDGE('',*,*,#1507,.T.);
#1507 = EDGE_CURVE('',#1501,#1508,#1510,.T.);
#1508 = VERTEX_POINT('',#1509);
#1509 = CARTESIAN_POINT('',(-14.43661472133,-18.16522988225,6.));
#1510 = B_SPLINE_CURVE_WITH_KNOTS('',3,(#1511,#1512,#1513,#1514,#1515,
    #1516,#1517,#1518,#1519,#1520,#1521,#1522,#1523,#1524,#1525,#1526,
    #1527,#1528,#1529,#1530,#1531,#1532),.UNSPECIFIED.,.F.,.F.,(4,1,1,1,
    1,1,1,1,1,1,1,1,1,1,1,1,1,1,1,4),(0.,0.189906477077,0.372642952354,
    0.548209425831,0.716605897509,0.87783236739,1.031888835474,
    1.178775301764,1.318491766261,1.451038228967,1.576414689885,
    1.694621149018,1.805657606368,1.909524061941,2.006220515742,
    2.095746967776,2.178103418053,2.253289866581,2.321306313375,
    2.382152758453),.UNSPECIFIED.);
#1511 = CARTESIAN_POINT('',(-16.69052505746,-18.90477013732,6.));
#1512 = CARTESIAN_POINT('',(-16.62824339436,-18.89344828968,6.));
#1513 = CARTESIAN_POINT('',(-16.50622090415,-18.87017756985,6.));
#1514 = CARTESIAN_POINT('',(-16.32734297938,-18.83277899455,6.));
#1515 = CARTESIAN_POINT('',(-16.15614364888,-18.79382258418,6.));
#1516 = CARTESIAN_POINT('',(-15.99262075097,-18.75356628873,6.));
#1517 = CARTESIAN_POINT('',(-15.83676449101,-18.71226859889,6.));
#1518 = CARTESIAN_POINT('',(-15.68855858598,-18.67018692924,6.));
#1519 = CARTESIAN_POINT('',(-15.54798000706,-18.62757782954,6.));
#1520 = CARTESIAN_POINT('',(-15.41499907933,-18.58469673667,6.));
#1521 = CARTESIAN_POINT('',(-15.28957949617,-18.54179784271,6.));
#1522 = CARTESIAN_POINT('',(-15.17167835904,-18.49913393526,6.));
#1523 = CARTESIAN_POINT('',(-15.06124621602,-18.45695624454,6.));
#1524 = CARTESIAN_POINT('',(-14.95822710169,-18.41551429416,6.));
#1525 = CARTESIAN_POINT('',(-14.86255859175,-18.37505573799,6.));
#1526 = CARTESIAN_POINT('',(-14.77417182135,-18.33582624962,6.));
#1527 = CARTESIAN_POINT('',(-14.69299163987,-18.29806924002,6.));
#1528 = CARTESIAN_POINT('',(-14.61893632594,-18.26202615175,6.));
#1529 = CARTESIAN_POINT('',(-14.55191876609,-18.22793485764,6.));
#1530 = CARTESIAN_POINT('',(-14.49184287709,-18.19603424336,6.));
#1531 = CARTESIAN_POINT('',(-14.45426711594,-18.17521919092,6.));
#1532 = CARTESIAN_POINT('',(-14.43661472133,-18.16522988225,6.));
#1533 = ORIENTED_EDGE('',*,*,#1534,.T.);
#1534 = EDGE_CURVE('',#1508,#1535,#1537,.T.);
#1535 = VERTEX_POINT('',#1536);
#1536 = CARTESIAN_POINT('',(-13.91261072146,-18.82231011486,6.));
#1537 = B_SPLINE_CURVE_WITH_KNOTS('',1,(#1538,#1539),.UNSPECIFIED.,.F.,
  .F.,(2,2),(0.,0.840437162419),.PIECEWISE_BEZIER_KNOTS.);
#1538 = CARTESIAN_POINT('',(-14.43661472133,-18.16522988225,6.));
#1539 = CARTESIAN_POINT('',(-13.91261072146,-18.82231011486,6.));
#1540 = ORIENTED_EDGE('',*,*,#1541,.T.);
#1541 = EDGE_CURVE('',#1535,#1542,#1544,.T.);
#1542 = VERTEX_POINT('',#1543);
#1543 = CARTESIAN_POINT('',(-15.13515139136,-20.85514702485,6.));
#1544 = B_SPLINE_CURVE_WITH_KNOTS('',3,(#1545,#1546,#1547,#1548,#1549,
    #1550,#1551,#1552,#1553,#1554,#1555,#1556,#1557,#1558,#1559,#1560,
    #1561,#1562,#1563,#1564,#1565,#1566),.UNSPECIFIED.,.F.,.F.,(4,1,1,1,
    1,1,1,1,1,1,1,1,1,1,1,1,1,1,1,4),(0.,6.084644507817E-02,
    0.128862891872,0.204049340401,0.286405790677,0.375932242711,
    0.472628696512,0.576495152085,0.687531609436,0.805738068568,
    0.931114529486,1.063660992193,1.20337745669,1.350263922979,
    1.504320391064,1.665546860944,1.833943332622,2.009509806099,
    2.192246281376,2.382152758453),.UNSPECIFIED.);
#1545 = CARTESIAN_POINT('',(-13.91261072146,-18.82231011486,6.));
#1546 = CARTESIAN_POINT('',(-13.92627760464,-18.83729709679,6.));
#1547 = CARTESIAN_POINT('',(-13.95493217372,-18.86929897024,6.));
#1548 = CARTESIAN_POINT('',(-13.99940111593,-18.9207700768,6.));
#1549 = CARTESIAN_POINT('',(-14.04755048014,-18.9785213399,6.));
#1550 = CARTESIAN_POINT('',(-14.09916875054,-19.04269959082,6.));
#1551 = CARTESIAN_POINT('',(-14.15404340289,-19.11344269063,6.));
#1552 = CARTESIAN_POINT('',(-14.21195723277,-19.19088403777,6.));
#1553 = CARTESIAN_POINT('',(-14.27268965466,-19.27515106272,6.));
#1554 = CARTESIAN_POINT('',(-14.33601647836,-19.36636557127,6.));
#1555 = CARTESIAN_POINT('',(-14.40171014991,-19.46464353077,6.));
#1556 = CARTESIAN_POINT('',(-14.46953985527,-19.5700950277,6.));
#1557 = CARTESIAN_POINT('',(-14.53927166718,-19.68282417811,6.));
#1558 = CARTESIAN_POINT('',(-14.61066868176,-19.80292905551,6.));
#1559 = CARTESIAN_POINT('',(-14.68349115905,-19.93050161929,6.));
#1560 = CARTESIAN_POINT('',(-14.75749666978,-20.06562764042,6.));
#1561 = CARTESIAN_POINT('',(-14.83244022085,-20.20838665803,6.));
#1562 = CARTESIAN_POINT('',(-14.90807447489,-20.35885182702,6.));
#1563 = CARTESIAN_POINT('',(-14.98414960163,-20.51709021606,6.));
#1564 = CARTESIAN_POINT('',(-15.06041459945,-20.68316133188,6.));
#1565 = CARTESIAN_POINT('',(-15.11025443224,-20.79694624119,6.));
#1566 = CARTESIAN_POINT('',(-15.13515139136,-20.85514702485,6.));
#1567 = ORIENTED_EDGE('',*,*,#1568,.T.);
#1568 = EDGE_CURVE('',#1542,#1569,#1571,.T.);
#1569 = VERTEX_POINT('',#1570);
#1570 = CARTESIAN_POINT('',(-14.61467643203,-21.42824779863,6.));
#1571 = B_SPLINE_CURVE_WITH_KNOTS('',1,(#1572,#1573),.UNSPECIFIED.,.F.,
  .F.,(2,2),(0.,0.774169671453),.PIECEWISE_BEZIER_KNOTS.);
#1572 = CARTESIAN_POINT('',(-15.13515139136,-20.85514702485,6.));
#1573 = CARTESIAN_POINT('',(-14.61467643203,-21.42824779863,6.));
#1574 = ORIENTED_EDGE('',*,*,#1575,.T.);
#1575 = EDGE_CURVE('',#1569,#1576,#1578,.T.);
#1576 = VERTEX_POINT('',#1577);
#1577 = CARTESIAN_POINT('',(-12.47384097737,-20.40655550236,6.));
#1578 = B_SPLINE_CURVE_WITH_KNOTS('',3,(#1579,#1580,#1581,#1582,#1583,
    #1584,#1585,#1586,#1587,#1588,#1589,#1590,#1591,#1592,#1593,#1594,
    #1595,#1596,#1597,#1598,#1599,#1600),.UNSPECIFIED.,.F.,.F.,(4,1,1,1,
    1,1,1,1,1,1,1,1,1,1,1,1,1,1,1,4),(0.,0.189906477077,0.372642952354,
    0.548209425831,0.716605897509,0.87783236739,1.031888835474,
    1.178775301764,1.318491766261,1.451038228967,1.576414689885,
    1.694621149018,1.805657606368,1.909524061941,2.006220515742,
    2.095746967776,2.178103418053,2.253289866581,2.321306313375,
    2.382152758453),.UNSPECIFIED.);
#1579 = CARTESIAN_POINT('',(-14.61467643203,-21.42824779863,6.));
#1580 = CARTESIAN_POINT('',(-14.55435390626,-21.40905450091,6.));
#1581 = CARTESIAN_POINT('',(-14.43630901261,-21.37037094365,6.));
#1582 = CARTESIAN_POINT('',(-14.2636820968,-21.31040500883,6.));
#1583 = CARTESIAN_POINT('',(-14.09886994561,-21.24987594558,6.));
#1584 = CARTESIAN_POINT('',(-13.94183742924,-21.18903930971,6.));
#1585 = CARTESIAN_POINT('',(-13.79254177838,-21.12815021718,6.));
#1586 = CARTESIAN_POINT('',(-13.65093392626,-21.06746188697,6.));
#1587 = CARTESIAN_POINT('',(-13.51695822626,-21.00722581773,6.));
#1588 = CARTESIAN_POINT('',(-13.39055258255,-20.94769155444,6.));
#1589 = CARTESIAN_POINT('',(-13.27164848124,-20.88910655949,6.));
#1590 = CARTESIAN_POINT('',(-13.1601710502,-20.83171605936,6.));
#1591 = CARTESIAN_POINT('',(-13.05603911693,-20.77576289789,6.));
#1592 = CARTESIAN_POINT('',(-12.95916526709,-20.72148739341,6.));
#1593 = CARTESIAN_POINT('',(-12.86945591962,-20.66912718391,6.));
#1594 = CARTESIAN_POINT('',(-12.78681135902,-20.61891711977,6.));
#1595 = CARTESIAN_POINT('',(-12.71112592492,-20.5710890035,6.));
#1596 = CARTESIAN_POINT('',(-12.64228769193,-20.52587184514,6.));
#1597 = CARTESIAN_POINT('',(-12.58017984324,-20.48349042475,6.));
#1598 = CARTESIAN_POINT('',(-12.52467653647,-20.4441693799,6.));
#1599 = CARTESIAN_POINT('',(-12.49007104162,-20.41872013706,6.));
#1600 = CARTESIAN_POINT('',(-12.47384097737,-20.40655550236,6.));
#1601 = ORIENTED_EDGE('',*,*,#1602,.T.);
#1602 = EDGE_CURVE('',#1576,#1603,#1605,.T.);
#1603 = VERTEX_POINT('',#1604);
#1604 = CARTESIAN_POINT('',(-11.87011348795,-20.99123297113,6.));
#1605 = B_SPLINE_CURVE_WITH_KNOTS('',1,(#1606,#1607),.UNSPECIFIED.,.F.,
  .F.,(2,2),(0.,0.840437162419),.PIECEWISE_BEZIER_KNOTS.);
#1606 = CARTESIAN_POINT('',(-12.47384097737,-20.40655550236,6.));
#1607 = CARTESIAN_POINT('',(-11.87011348795,-20.99123297113,6.));
#1608 = ORIENTED_EDGE('',*,*,#1609,.T.);
#1609 = EDGE_CURVE('',#1603,#1610,#1612,.T.);
#1610 = VERTEX_POINT('',#1611);
#1611 = CARTESIAN_POINT('',(-12.82266370163,-23.1637153491,6.));
#1612 = B_SPLINE_CURVE_WITH_KNOTS('',3,(#1613,#1614,#1615,#1616,#1617,
    #1618,#1619,#1620,#1621,#1622,#1623,#1624,#1625,#1626,#1627,#1628,
    #1629,#1630,#1631,#1632,#1633,#1634),.UNSPECIFIED.,.F.,.F.,(4,1,1,1,
    1,1,1,1,1,1,1,1,1,1,1,1,1,1,1,4),(0.,6.084644507817E-02,
    0.128862891872,0.204049340401,0.286405790677,0.375932242711,
    0.472628696512,0.576495152085,0.687531609436,0.805738068568,
    0.931114529486,1.063660992193,1.20337745669,1.350263922979,
    1.504320391064,1.665546860944,1.833943332622,2.009509806099,
    2.192246281376,2.382152758453),.UNSPECIFIED.);
#1613 = CARTESIAN_POINT('',(-11.87011348795,-20.99123297113,6.));
#1614 = CARTESIAN_POINT('',(-11.8817516735,-21.00784459237,6.));
#1615 = CARTESIAN_POINT('',(-11.90607868022,-21.04324799585,6.));
#1616 = CARTESIAN_POINT('',(-11.94360055401,-21.09998308745,6.));
#1617 = CARTESIAN_POINT('',(-11.98396954499,-21.16341741751,6.));
#1618 = CARTESIAN_POINT('',(-12.02695709754,-21.23366956379,6.));
#1619 = CARTESIAN_POINT('',(-12.07233480294,-21.31084907852,6.));
#1620 = CARTESIAN_POINT('',(-12.11987018141,-21.39506048946,6.));
#1621 = CARTESIAN_POINT('',(-12.16932816298,-21.48640197303,6.));
#1622 = CARTESIAN_POINT('',(-12.22047082187,-21.58496566619,6.));
#1623 = CARTESIAN_POINT('',(-12.27305764277,-21.69083748527,6.));
#1624 = CARTESIAN_POINT('',(-12.32684562907,-21.80409709707,6.));
#1625 = CARTESIAN_POINT('',(-12.38158945997,-21.92481784889,6.));
#1626 = CARTESIAN_POINT('',(-12.43704163522,-22.05306671449,6.));
#1627 = CARTESIAN_POINT('',(-12.49295262361,-22.18890424099,6.));
#1628 = CARTESIAN_POINT('',(-12.54907101808,-22.33238449401,6.));
#1629 = CARTESIAN_POINT('',(-12.60514366565,-22.48355503065,6.));
#1630 = CARTESIAN_POINT('',(-12.66091590476,-22.64245677642,6.));
#1631 = CARTESIAN_POINT('',(-12.71613137971,-22.80912430176,6.));
#1632 = CARTESIAN_POINT('',(-12.77053354002,-22.98358452747,6.));
#1633 = CARTESIAN_POINT('',(-12.80541369723,-23.1028086406,6.));
#1634 = CARTESIAN_POINT('',(-12.82266370163,-23.1637153491,6.));
#1635 = ORIENTED_EDGE('',*,*,#1636,.T.);
#1636 = EDGE_CURVE('',#1610,#1637,#1639,.T.);
#1637 = VERTEX_POINT('',#1638);
#1638 = CARTESIAN_POINT('',(-12.23317533421,-23.66555411293,6.));
#1639 = B_SPLINE_CURVE_WITH_KNOTS('',1,(#1640,#1641),.UNSPECIFIED.,.F.,
  .F.,(2,2),(0.,0.774169671453),.PIECEWISE_BEZIER_KNOTS.);
#1640 = CARTESIAN_POINT('',(-12.82266370163,-23.1637153491,6.));
#1641 = CARTESIAN_POINT('',(-12.23317533421,-23.66555411293,6.));
#1642 = ORIENTED_EDGE('',*,*,#1643,.T.);
#1643 = EDGE_CURVE('',#1637,#1644,#1646,.T.);
#1644 = VERTEX_POINT('',#1645);
#1645 = CARTESIAN_POINT('',(-10.24056722001,-22.37848593471,6.));
#1646 = B_SPLINE_CURVE_WITH_KNOTS('',3,(#1647,#1648,#1649,#1650,#1651,
    #1652,#1653,#1654,#1655,#1656,#1657,#1658,#1659,#1660,#1661,#1662,
    #1663,#1664,#1665,#1666,#1667,#1668),.UNSPECIFIED.,.F.,.F.,(4,1,1,1,
    1,1,1,1,1,1,1,1,1,1,1,1,1,1,1,4),(0.,0.189906477077,0.372642952354,
    0.548209425831,0.716605897509,0.87783236739,1.031888835474,
    1.178775301764,1.318491766261,1.451038228967,1.576414689885,
    1.694621149018,1.805657606368,1.909524061941,2.006220515742,
    2.095746967776,2.178103418053,2.253289866581,2.321306313375,
    2.382152758453),.UNSPECIFIED.);
#1647 = CARTESIAN_POINT('',(-12.23317533421,-23.66555411293,6.));
#1648 = CARTESIAN_POINT('',(-12.17580243998,-23.63880451853,6.));
#1649 = CARTESIAN_POINT('',(-12.06367343678,-23.58534330679,6.));
#1650 = CARTESIAN_POINT('',(-11.9001320591,-23.50379465144,6.));
#1651 = CARTESIAN_POINT('',(-11.74441329821,-23.42268682086,6.));
#1652 = CARTESIAN_POINT('',(-11.59644963295,-23.34226878045,6.));
#1653 = CARTESIAN_POINT('',(-11.45616602165,-23.26278808243,6.));
#1654 = CARTESIAN_POINT('',(-11.32348141945,-23.18448959238,6.));
#1655 = CARTESIAN_POINT('',(-11.19830847567,-23.10761562818,6.));
#1656 = CARTESIAN_POINT('',(-11.08055369316,-23.03240574543,6.));
#1657 = CARTESIAN_POINT('',(-10.97011747574,-22.95909661349,6.));
#1658 = CARTESIAN_POINT('',(-10.86689420714,-22.8879218711,6.));
#1659 = CARTESIAN_POINT('',(-10.77077232707,-22.81911198825,6.));
#1660 = CARTESIAN_POINT('',(-10.68163440766,-22.75289413195,6.));
#1661 = CARTESIAN_POINT('',(-10.59935724768,-22.68949202231,6.));
#1662 = CARTESIAN_POINT('',(-10.52381191826,-22.62912583027,6.));
#1663 = CARTESIAN_POINT('',(-10.45486398429,-22.57201194368,6.));
#1664 = CARTESIAN_POINT('',(-10.39237315411,-22.51836317972,6.));
#1665 = CARTESIAN_POINT('',(-10.33619482575,-22.46838753479,6.));
#1666 = CARTESIAN_POINT('',(-10.28617546397,-22.42229170984,6.));
#1667 = CARTESIAN_POINT('',(-10.2551084567,-22.39262615248,6.));
#1668 = CARTESIAN_POINT('',(-10.24056722001,-22.37848593471,6.));
#1669 = ORIENTED_EDGE('',*,*,#1670,.T.);
#1670 = EDGE_CURVE('',#1644,#1671,#1673,.T.);
#1671 = VERTEX_POINT('',#1672);
#1672 = CARTESIAN_POINT('',(-9.567029429725,-22.88116025176,6.));
#1673 = B_SPLINE_CURVE_WITH_KNOTS('',1,(#1674,#1675),.UNSPECIFIED.,.F.,
  .F.,(2,2),(0.,0.840437162419),.PIECEWISE_BEZIER_KNOTS.);
#1674 = CARTESIAN_POINT('',(-10.24056722001,-22.37848593471,6.));
#1675 = CARTESIAN_POINT('',(-9.567029429725,-22.88116025176,6.));
#1676 = ORIENTED_EDGE('',*,*,#1677,.T.);
#1677 = EDGE_CURVE('',#1671,#1678,#1680,.T.);
#1678 = VERTEX_POINT('',#1679);
#1679 = CARTESIAN_POINT('',(-10.23394833901,-25.15761599713,6.));
#1680 = B_SPLINE_CURVE_WITH_KNOTS('',3,(#1681,#1682,#1683,#1684,#1685,
    #1686,#1687,#1688,#1689,#1690,#1691,#1692,#1693,#1694,#1695,#1696,
    #1697,#1698,#1699,#1700,#1701,#1702),.UNSPECIFIED.,.F.,.F.,(4,1,1,1,
    1,1,1,1,1,1,1,1,1,1,1,1,1,1,1,4),(0.,6.084644507817E-02,
    0.128862891872,0.204049340401,0.286405790677,0.375932242711,
    0.472628696512,0.576495152085,0.687531609436,0.805738068568,
    0.931114529486,1.063660992193,1.20337745669,1.350263922979,
    1.504320391064,1.665546860944,1.833943332622,2.009509806099,
    2.192246281376,2.382152758453),.UNSPECIFIED.);
#1681 = CARTESIAN_POINT('',(-9.567029429725,-22.88116025176,6.));
#1682 = CARTESIAN_POINT('',(-9.576447818956,-22.89912374996,6.));
#1683 = CARTESIAN_POINT('',(-9.596047814538,-22.93734736056,6.));
#1684 = CARTESIAN_POINT('',(-9.626006511785,-22.99841484856,6.));
#1685 = CARTESIAN_POINT('',(-9.657932271823,-23.06649065563,6.));
#1686 = CARTESIAN_POINT('',(-9.691583252094,-23.14166315897,6.));
#1687 = CARTESIAN_POINT('',(-9.726718909873,-23.22401180312,6.));
#1688 = CARTESIAN_POINT('',(-9.763095307334,-23.31361052882,6.));
#1689 = CARTESIAN_POINT('',(-9.800466749889,-23.41052664638,6.));
#1690 = CARTESIAN_POINT('',(-9.838585482936,-23.51482111104,6.));
#1691 = CARTESIAN_POINT('',(-9.877201979037,-23.62654837734,6.));
#1692 = CARTESIAN_POINT('',(-9.916065049021,-23.74575638432,6.));
#1693 = CARTESIAN_POINT('',(-9.954922006726,-23.87248650615,6.));
#1694 = CARTESIAN_POINT('',(-9.993518819463,-24.00677351712,6.));
#1695 = CARTESIAN_POINT('',(-10.03160026207,-24.1486455579,6.));
#1696 = CARTESIAN_POINT('',(-10.06891007778,-24.29812410104,6.));
#1697 = CARTESIAN_POINT('',(-10.10519111053,-24.45522394068,6.));
#1698 = CARTESIAN_POINT('',(-10.1401855561,-24.61995310095,6.));
#1699 = CARTESIAN_POINT('',(-10.17363474267,-24.79231308642,6.));
#1700 = CARTESIAN_POINT('',(-10.20528078351,-24.97229778994,6.));
#1701 = CARTESIAN_POINT('',(-10.22462853391,-25.09500345026,6.));
#1702 = CARTESIAN_POINT('',(-10.23394833901,-25.15761599713,6.));
#1703 = ORIENTED_EDGE('',*,*,#1704,.T.);
#1704 = EDGE_CURVE('',#1678,#1705,#1707,.T.);
#1705 = VERTEX_POINT('',#1706);
#1706 = CARTESIAN_POINT('',(-9.585125946203,-25.57995257237,6.));
#1707 = B_SPLINE_CURVE_WITH_KNOTS('',1,(#1708,#1709),.UNSPECIFIED.,.F.,
  .F.,(2,2),(0.,0.774169671453),.PIECEWISE_BEZIER_KNOTS.);
#1708 = CARTESIAN_POINT('',(-10.23394833901,-25.15761599713,6.));
#1709 = CARTESIAN_POINT('',(-9.585125946203,-25.57995257237,6.));
#1710 = ORIENTED_EDGE('',*,*,#1711,.T.);
#1711 = EDGE_CURVE('',#1705,#1712,#1714,.T.);
#1712 = VERTEX_POINT('',#1713);
#1713 = CARTESIAN_POINT('',(-7.773463742597,-24.0486421361,6.));
#1714 = B_SPLINE_CURVE_WITH_KNOTS('',3,(#1715,#1716,#1717,#1718,#1719,
    #1720,#1721,#1722,#1723,#1724,#1725,#1726,#1727,#1728,#1729,#1730,
    #1731,#1732,#1733,#1734,#1735,#1736),.UNSPECIFIED.,.F.,.F.,(4,1,1,1,
    1,1,1,1,1,1,1,1,1,1,1,1,1,1,1,4),(0.,0.189906477077,0.372642952354,
    0.548209425831,0.716605897509,0.87783236739,1.031888835474,
    1.178775301764,1.318491766261,1.451038228967,1.576414689885,
    1.694621149018,1.805657606368,1.909524061941,2.006220515742,
    2.095746967776,2.178103418053,2.253289866581,2.321306313375,
    2.382152758453),.UNSPECIFIED.);
#1715 = CARTESIAN_POINT('',(-9.585125946203,-25.57995257237,6.));
#1716 = CARTESIAN_POINT('',(-9.53164474485,-25.5460859089,6.));
#1717 = CARTESIAN_POINT('',(-9.427272787233,-25.4787248743,6.));
#1718 = CARTESIAN_POINT('',(-9.275502292591,-25.37693252509,6.));
#1719 = CARTESIAN_POINT('',(-9.131433819738,-25.27657771551,6.));
#1720 = CARTESIAN_POINT('',(-8.994968564875,-25.17789873255,6.));
#1721 = CARTESIAN_POINT('',(-8.866000446159,-25.08113149993,6.));
#1722 = CARTESIAN_POINT('',(-8.744417771383,-24.98650850907,6.));
#1723 = CARTESIAN_POINT('',(-8.630102920085,-24.89425891827,6.));
#1724 = CARTESIAN_POINT('',(-8.522932529047,-24.80460836026,6.));
#1725 = CARTESIAN_POINT('',(-8.422777555169,-24.71777882526,6.));
#1726 = CARTESIAN_POINT('',(-8.329503372219,-24.6339885279,6.));
#1727 = CARTESIAN_POINT('',(-8.242969863969,-24.55345178004,6.));
#1728 = CARTESIAN_POINT('',(-8.163031517166,-24.47637886729,6.));
#1729 = CARTESIAN_POINT('',(-8.089537533349,-24.40297591841,6.));
#1730 = CARTESIAN_POINT('',(-8.022331887342,-24.33344480967,6.));
#1731 = CARTESIAN_POINT('',(-7.961253576664,-24.2679829612,6.));
#1732 = CARTESIAN_POINT('',(-7.906136246999,-24.20678350285,6.));
#1733 = CARTESIAN_POINT('',(-7.856809885568,-24.15003423209,6.));
#1734 = CARTESIAN_POINT('',(-7.813095785314,-24.09792051921,6.));
#1735 = CARTESIAN_POINT('',(-7.786077385019,-24.06452575496,6.));
#1736 = CARTESIAN_POINT('',(-7.773463742597,-24.0486421361,6.));
#1737 = ORIENTED_EDGE('',*,*,#1738,.T.);
#1738 = EDGE_CURVE('',#1712,#1739,#1741,.T.);
#1739 = VERTEX_POINT('',#1740);
#1740 = CARTESIAN_POINT('',(-7.041175123341,-24.46105940306,6.));
#1741 = B_SPLINE_CURVE_WITH_KNOTS('',1,(#1742,#1743),.UNSPECIFIED.,.F.,
  .F.,(2,2),(0.,0.840437162419),.PIECEWISE_BEZIER_KNOTS.);
#1742 = CARTESIAN_POINT('',(-7.773463742597,-24.0486421361,6.));
#1743 = CARTESIAN_POINT('',(-7.041175123341,-24.46105940306,6.));
#1744 = ORIENTED_EDGE('',*,*,#1745,.T.);
#1745 = EDGE_CURVE('',#1739,#1746,#1748,.T.);
#1746 = VERTEX_POINT('',#1747);
#1747 = CARTESIAN_POINT('',(-7.411511938188,-26.80410917542,6.));
#1748 = B_SPLINE_CURVE_WITH_KNOTS('',3,(#1749,#1750,#1751,#1752,#1753,
    #1754,#1755,#1756,#1757,#1758,#1759,#1760,#1761,#1762,#1763,#1764,
    #1765,#1766,#1767,#1768,#1769,#1770),.UNSPECIFIED.,.F.,.F.,(4,1,1,1,
    1,1,1,1,1,1,1,1,1,1,1,1,1,1,1,4),(0.,6.084644507817E-02,
    0.128862891872,0.204049340401,0.286405790677,0.375932242711,
    0.472628696512,0.576495152085,0.687531609436,0.805738068568,
    0.931114529486,1.063660992193,1.20337745669,1.350263922979,
    1.504320391064,1.665546860944,1.833943332622,2.009509806099,
    2.192246281376,2.382152758453),.UNSPECIFIED.);
#1749 = CARTESIAN_POINT('',(-7.041175123341,-24.46105940306,6.));
#1750 = CARTESIAN_POINT('',(-7.048219066563,-24.48007981806,6.));
#1751 = CARTESIAN_POINT('',(-7.062770219619,-24.52049600515,6.));
#1752 = CARTESIAN_POINT('',(-7.08467381934,-24.58489316309,6.));
#1753 = CARTESIAN_POINT('',(-7.107632128342,-24.65649264431,6.));
#1754 = CARTESIAN_POINT('',(-7.131393988166,-24.73535117428,6.));
#1755 = CARTESIAN_POINT('',(-7.155710671798,-24.82151678539,6.));
#1756 = CARTESIAN_POINT('',(-7.180330788806,-24.91503161725,6.));
#1757 = CARTESIAN_POINT('',(-7.205002054299,-25.01593100882,6.));
#1758 = CARTESIAN_POINT('',(-7.229470952953,-25.12424373276,6.));
#1759 = CARTESIAN_POINT('',(-7.253483042458,-25.23999188767,6.));
#1760 = CARTESIAN_POINT('',(-7.276783065593,-25.36319089764,6.));
#1761 = CARTESIAN_POINT('',(-7.299115119932,-25.49384948439,6.));
#1762 = CARTESIAN_POINT('',(-7.320222811557,-25.63196965171,6.));
#1763 = CARTESIAN_POINT('',(-7.339849412152,-25.7775466718,6.));
#1764 = CARTESIAN_POINT('',(-7.35773802296,-25.93056907149,6.));
#1765 = CARTESIAN_POINT('',(-7.373631707343,-26.09101863912,6.));
#1766 = CARTESIAN_POINT('',(-7.38727375153,-26.25887036563,6.));
#1767 = CARTESIAN_POINT('',(-7.398407415015,-26.43409266505,6.));
#1768 = CARTESIAN_POINT('',(-7.406777709262,-26.61664650252,6.));
#1769 = CARTESIAN_POINT('',(-7.410275363341,-26.74081888647,6.));
#1770 = CARTESIAN_POINT('',(-7.411511938188,-26.80410917542,6.));
#1771 = ORIENTED_EDGE('',*,*,#1772,.T.);
#1772 = EDGE_CURVE('',#1746,#1773,#1775,.T.);
#1773 = VERTEX_POINT('',#1774);
#1774 = CARTESIAN_POINT('',(-6.714009165734,-27.14000880718,6.));
#1775 = B_SPLINE_CURVE_WITH_KNOTS('',1,(#1776,#1777),.UNSPECIFIED.,.F.,
  .F.,(2,2),(0.,0.774169671453),.PIECEWISE_BEZIER_KNOTS.);
#1776 = CARTESIAN_POINT('',(-7.411511938188,-26.80410917542,6.));
#1777 = CARTESIAN_POINT('',(-6.714009165734,-27.14000880718,6.));
#1778 = ORIENTED_EDGE('',*,*,#1779,.T.);
#1779 = EDGE_CURVE('',#1773,#1780,#1782,.T.);
#1780 = VERTEX_POINT('',#1781);
#1781 = CARTESIAN_POINT('',(-5.113040316024,-25.3896001879,6.));
#1782 = B_SPLINE_CURVE_WITH_KNOTS('',3,(#1783,#1784,#1785,#1786,#1787,
    #1788,#1789,#1790,#1791,#1792,#1793,#1794,#1795,#1796,#1797,#1798,
    #1799,#1800,#1801,#1802,#1803,#1804),.UNSPECIFIED.,.F.,.F.,(4,1,1,1,
    1,1,1,1,1,1,1,1,1,1,1,1,1,1,1,4),(0.,0.189906477077,0.372642952354,
    0.548209425831,0.716605897509,0.87783236739,1.031888835474,
    1.178775301764,1.318491766261,1.451038228967,1.576414689885,
    1.694621149018,1.805657606368,1.909524061941,2.006220515742,
    2.095746967776,2.178103418053,2.253289866581,2.321306313375,
    2.382152758453),.UNSPECIFIED.);
#1783 = CARTESIAN_POINT('',(-6.714009165734,-27.14000880718,6.));
#1784 = CARTESIAN_POINT('',(-6.665297817105,-27.09958116432,6.));
#1785 = CARTESIAN_POINT('',(-6.57039668973,-27.01942637318,6.));
#1786 = CARTESIAN_POINT('',(-6.43288914545,-26.89906175767,6.));
#1787 = CARTESIAN_POINT('',(-6.302836560977,-26.78110779229,6.));
#1788 = CARTESIAN_POINT('',(-6.180110472229,-26.66578817296,6.));
#1789 = CARTESIAN_POINT('',(-6.064575499038,-26.55332332101,6.));
#1790 = CARTESIAN_POINT('',(-5.956091135841,-26.44392953623,6.));
#1791 = CARTESIAN_POINT('',(-5.854511423729,-26.33781905459,6.));
#1792 = CARTESIAN_POINT('',(-5.759685159022,-26.23519988099,6.));
#1793 = CARTESIAN_POINT('',(-5.671455970583,-26.13627568148,6.));
#1794 = CARTESIAN_POINT('',(-5.589662432787,-26.04124566354,6.));
#1795 = CARTESIAN_POINT('',(-5.514138174172,-25.95030446183,6.));
#1796 = CARTESIAN_POINT('',(-5.444711985416,-25.86364202774,6.));
#1797 = CARTESIAN_POINT('',(-5.381207946953,-25.781443514,6.));
#1798 = CARTESIAN_POINT('',(-5.323445499205,-25.70388918744,6.));
#1799 = CARTESIAN_POINT('',(-5.271239715995,-25.63115425883,6.));
#1800 = CARTESIAN_POINT('',(-5.224400911875,-25.56340899951,6.));
#1801 = CARTESIAN_POINT('',(-5.18273645486,-25.50081792439,6.));
#1802 = CARTESIAN_POINT('',(-5.146045400453,-25.4435420293,6.));
#1803 = CARTESIAN_POINT('',(-5.12351924852,-25.40696639926,6.));
#1804 = CARTESIAN_POINT('',(-5.113040316024,-25.3896001879,6.));
#1805 = ORIENTED_EDGE('',*,*,#1806,.T.);
#1806 = EDGE_CURVE('',#1780,#1807,#1809,.T.);
#1807 = VERTEX_POINT('',#1808);
#1808 = CARTESIAN_POINT('',(-4.334025026682,-25.70498852463,6.));
#1809 = B_SPLINE_CURVE_WITH_KNOTS('',1,(#1810,#1811),.UNSPECIFIED.,.F.,
  .F.,(2,2),(0.,0.840437162419),.PIECEWISE_BEZIER_KNOTS.);
#1810 = CARTESIAN_POINT('',(-5.113040316024,-25.3896001879,6.));
#1811 = CARTESIAN_POINT('',(-4.334025026682,-25.70498852463,6.));
#1812 = ORIENTED_EDGE('',*,*,#1813,.T.);
#1813 = EDGE_CURVE('',#1807,#1814,#1816,.T.);
#1814 = VERTEX_POINT('',#1815);
#1815 = CARTESIAN_POINT('',(-4.401698826823,-28.0761595115,6.));
#1816 = B_SPLINE_CURVE_WITH_KNOTS('',3,(#1817,#1818,#1819,#1820,#1821,
    #1822,#1823,#1824,#1825,#1826,#1827,#1828,#1829,#1830,#1831,#1832,
    #1833,#1834,#1835,#1836,#1837,#1838),.UNSPECIFIED.,.F.,.F.,(4,1,1,1,
    1,1,1,1,1,1,1,1,1,1,1,1,1,1,1,4),(0.,6.084644507817E-02,
    0.128862891872,0.204049340401,0.286405790677,0.375932242711,
    0.472628696512,0.576495152085,0.687531609436,0.805738068568,
    0.931114529486,1.063660992193,1.20337745669,1.350263922979,
    1.504320391064,1.665546860944,1.833943332622,2.009509806099,
    2.192246281376,2.382152758453),.UNSPECIFIED.);
#1817 = CARTESIAN_POINT('',(-4.334025026682,-25.70498852463,6.));
#1818 = CARTESIAN_POINT('',(-4.338578862542,-25.72475354176,6.));
#1819 = CARTESIAN_POINT('',(-4.347842243542,-25.76669867266,6.));
#1820 = CARTESIAN_POINT('',(-4.361331089234,-25.83336810099,6.));
#1821 = CARTESIAN_POINT('',(-4.3749449724,-25.90731559485,6.));
#1822 = CARTESIAN_POINT('',(-4.388427542696,-25.98856529657,6.));
#1823 = CARTESIAN_POINT('',(-4.401525972908,-26.07713303769,6.));
#1824 = CARTESIAN_POINT('',(-4.413985547822,-26.17302846475,6.));
#1825 = CARTESIAN_POINT('',(-4.425551534756,-26.27625436512,6.));
#1826 = CARTESIAN_POINT('',(-4.435968820379,-26.38680685641,6.));
#1827 = CARTESIAN_POINT('',(-4.444982225441,-26.50467531841,6.));
#1828 = CARTESIAN_POINT('',(-4.452336615991,-26.62984240704,6.));
#1829 = CARTESIAN_POINT('',(-4.45777707525,-26.76228404832,6.));
#1830 = CARTESIAN_POINT('',(-4.46104905805,-26.90196944267,6.));
#1831 = CARTESIAN_POINT('',(-4.46189854839,-27.04886107141,6.));
#1832 = CARTESIAN_POINT('',(-4.460072223803,-27.2029147041,6.));
#1833 = CARTESIAN_POINT('',(-4.455317585956,-27.36407942224,6.));
#1834 = CARTESIAN_POINT('',(-4.447383226778,-27.53229759429,6.));
#1835 = CARTESIAN_POINT('',(-4.436018552727,-27.70750506234,6.));
#1836 = CARTESIAN_POINT('',(-4.420975660383,-27.8896305048,6.));
#1837 = CARTESIAN_POINT('',(-4.408565786752,-28.01323070526,6.));
#1838 = CARTESIAN_POINT('',(-4.401698826823,-28.0761595115,6.));
#1839 = ORIENTED_EDGE('',*,*,#1840,.T.);
#1840 = EDGE_CURVE('',#1814,#1841,#1843,.T.);
#1841 = VERTEX_POINT('',#1842);
#1842 = CARTESIAN_POINT('',(-3.666968650969,-28.32010673712,6.));
#1843 = B_SPLINE_CURVE_WITH_KNOTS('',1,(#1844,#1845),.UNSPECIFIED.,.F.,
  .F.,(2,2),(0.,0.774169671453),.PIECEWISE_BEZIER_KNOTS.);
#1844 = CARTESIAN_POINT('',(-4.401698826823,-28.0761595115,6.));
#1845 = CARTESIAN_POINT('',(-3.666968650969,-28.32010673712,6.));
#1846 = ORIENTED_EDGE('',*,*,#1847,.T.);
#1847 = EDGE_CURVE('',#1841,#1848,#1850,.T.);
#1848 = VERTEX_POINT('',#1849);
#1849 = CARTESIAN_POINT('',(-2.302981019406,-26.37934159596,6.));
#1850 = B_SPLINE_CURVE_WITH_KNOTS('',3,(#1851,#1852,#1853,#1854,#1855,
    #1856,#1857,#1858,#1859,#1860,#1861,#1862,#1863,#1864,#1865,#1866,
    #1867,#1868,#1869,#1870,#1871,#1872),.UNSPECIFIED.,.F.,.F.,(4,1,1,1,
    1,1,1,1,1,1,1,1,1,1,1,1,1,1,1,4),(0.,0.189906477077,0.372642952354,
    0.548209425831,0.716605897509,0.87783236739,1.031888835474,
    1.178775301764,1.318491766261,1.451038228967,1.576414689885,
    1.694621149018,1.805657606368,1.909524061941,2.006220515742,
    2.095746967776,2.178103418053,2.253289866581,2.321306313375,
    2.382152758453),.UNSPECIFIED.);
#1851 = CARTESIAN_POINT('',(-3.666968650969,-28.32010673712,6.));
#1852 = CARTESIAN_POINT('',(-3.623826994061,-28.27378193564,6.));
#1853 = CARTESIAN_POINT('',(-3.539954970816,-28.18214952742,6.));
#1854 = CARTESIAN_POINT('',(-3.418968246973,-28.04518902926,6.));
#1855 = CARTESIAN_POINT('',(-3.305067010722,-27.91157270894,6.));
#1856 = CARTESIAN_POINT('',(-3.198095247073,-27.7815059982,6.));
#1857 = CARTESIAN_POINT('',(-3.097890500472,-27.65519019668,6.));
#1858 = CARTESIAN_POINT('',(-3.0042857591,-27.53282186091,6.));
#1859 = CARTESIAN_POINT('',(-2.917109122239,-27.41459281958,6.));
#1860 = CARTESIAN_POINT('',(-2.836184028507,-27.3006900344,6.));
#1861 = CARTESIAN_POINT('',(-2.761329346341,-27.19129550301,6.));
#1862 = CARTESIAN_POINT('',(-2.692359501329,-27.08658615474,6.));
#1863 = CARTESIAN_POINT('',(-2.629084598587,-26.98673375121,6.));
#1864 = CARTESIAN_POINT('',(-2.571310543979,-26.89190479054,6.));
#1865 = CARTESIAN_POINT('',(-2.518839185425,-26.80226040927,6.));
#1866 = CARTESIAN_POINT('',(-2.471468393732,-26.71795630478,6.));
#1867 = CARTESIAN_POINT('',(-2.428992355506,-26.63914260155,6.));
#1868 = CARTESIAN_POINT('',(-2.3912011688,-26.56596391655,6.));
#1869 = CARTESIAN_POINT('',(-2.357882745435,-26.49855878078,6.));
#1870 = CARTESIAN_POINT('',(-2.328817202974,-26.43706117211,6.));
#1871 = CARTESIAN_POINT('',(-2.311153178193,-26.39790524711,6.));
#1872 = CARTESIAN_POINT('',(-2.302981019406,-26.37934159596,6.));
#1873 = ORIENTED_EDGE('',*,*,#1874,.T.);
#1874 = EDGE_CURVE('',#1848,#1875,#1877,.T.);
#1875 = VERTEX_POINT('',#1876);
#1876 = CARTESIAN_POINT('',(-1.49003046949,-26.5925223347,6.));
#1877 = B_SPLINE_CURVE_WITH_KNOTS('',1,(#1878,#1879),.UNSPECIFIED.,.F.,
  .F.,(2,2),(0.,0.840437162419),.PIECEWISE_BEZIER_KNOTS.);
#1878 = CARTESIAN_POINT('',(-2.302981019406,-26.37934159596,6.));
#1879 = CARTESIAN_POINT('',(-1.49003046949,-26.5925223347,6.));
#1880 = ORIENTED_EDGE('',*,*,#1881,.T.);
#1881 = EDGE_CURVE('',#1875,#1882,#1884,.T.);
#1882 = VERTEX_POINT('',#1883);
#1883 = CARTESIAN_POINT('',(-1.253930052999,-28.95287997402,6.));
#1884 = B_SPLINE_CURVE_WITH_KNOTS('',3,(#1885,#1886,#1887,#1888,#1889,
    #1890,#1891,#1892,#1893,#1894,#1895,#1896,#1897,#1898,#1899,#1900,
    #1901,#1902,#1903,#1904,#1905,#1906),.UNSPECIFIED.,.F.,.F.,(4,1,1,1,
    1,1,1,1,1,1,1,1,1,1,1,1,1,1,1,4),(0.,6.084644507817E-02,
    0.128862891872,0.204049340401,0.286405790677,0.375932242711,
    0.472628696512,0.576495152085,0.687531609436,0.805738068568,
    0.931114529486,1.063660992193,1.20337745669,1.350263922979,
    1.504320391064,1.665546860944,1.833943332622,2.009509806099,
    2.192246281376,2.382152758453),.UNSPECIFIED.);
#1885 = CARTESIAN_POINT('',(-1.49003046949,-26.5925223347,6.));
#1886 = CARTESIAN_POINT('',(-1.492019424131,-26.61270741291,6.));
#1887 = CARTESIAN_POINT('',(-1.495842928614,-26.65549274974,6.));
#1888 = CARTESIAN_POINT('',(-1.500695533804,-26.72333973828,6.));
#1889 = CARTESIAN_POINT('',(-1.504741451549,-26.79842102898,6.));
#1890 = CARTESIAN_POINT('',(-1.507723348885,-26.88072778459,6.));
#1891 = CARTESIAN_POINT('',(-1.509388449816,-26.97024337586,6.));
#1892 = CARTESIAN_POINT('',(-1.509482896761,-27.06694479787,6.));
#1893 = CARTESIAN_POINT('',(-1.50775369195,-27.17080224061,6.));
#1894 = CARTESIAN_POINT('',(-1.503948312999,-27.28177923038,6.));
#1895 = CARTESIAN_POINT('',(-1.497815033757,-27.3998326026,6.));
#1896 = CARTESIAN_POINT('',(-1.489103032832,-27.52491252975,6.));
#1897 = CARTESIAN_POINT('',(-1.477562564819,-27.65696253747,6.));
#1898 = CARTESIAN_POINT('',(-1.462945112927,-27.79591952854,6.));
#1899 = CARTESIAN_POINT('',(-1.445003544405,-27.94171380946,6.));
#1900 = CARTESIAN_POINT('',(-1.423492272623,-28.09426911874,6.));
#1901 = CARTESIAN_POINT('',(-1.398167383567,-28.25350266718,6.));
#1902 = CARTESIAN_POINT('',(-1.368786902983,-28.41932514704,6.));
#1903 = CARTESIAN_POINT('',(-1.335110499029,-28.59164088193,6.));
#1904 = CARTESIAN_POINT('',(-1.296901423971,-28.77034743465,6.));
#1905 = CARTESIAN_POINT('',(-1.268787792411,-28.89134593976,6.));
#1906 = CARTESIAN_POINT('',(-1.253930052999,-28.95287997402,6.));
#1907 = ORIENTED_EDGE('',*,*,#1908,.T.);
#1908 = EDGE_CURVE('',#1882,#1909,#1911,.T.);
#1909 = VERTEX_POINT('',#1910);
#1910 = CARTESIAN_POINT('',(-0.494036722919,-29.1008691868,6.));
#1911 = B_SPLINE_CURVE_WITH_KNOTS('',1,(#1912,#1913),.UNSPECIFIED.,.F.,
  .F.,(2,2),(0.,0.774169671453),.PIECEWISE_BEZIER_KNOTS.);
#1912 = CARTESIAN_POINT('',(-1.253930052999,-28.95287997402,6.));
#1913 = CARTESIAN_POINT('',(-0.494036722919,-29.1008691868,6.));
#1914 = ORIENTED_EDGE('',*,*,#1915,.T.);
#1915 = EDGE_CURVE('',#1909,#1916,#1918,.T.);
#1916 = VERTEX_POINT('',#1917);
#1917 = CARTESIAN_POINT('',(0.610573051296,-27.00161483373,6.));
#1918 = B_SPLINE_CURVE_WITH_KNOTS('',3,(#1919,#1920,#1921,#1922,#1923,
    #1924,#1925,#1926,#1927,#1928,#1929,#1930,#1931,#1932,#1933,#1934,
    #1935,#1936,#1937,#1938,#1939,#1940),.UNSPECIFIED.,.F.,.F.,(4,1,1,1,
    1,1,1,1,1,1,1,1,1,1,1,1,1,1,1,4),(0.,0.189906477077,0.372642952354,
    0.548209425831,0.716605897509,0.87783236739,1.031888835474,
    1.178775301764,1.318491766261,1.451038228967,1.576414689885,
    1.694621149018,1.805657606368,1.909524061941,2.006220515742,
    2.095746967776,2.178103418053,2.253289866581,2.321306313375,
    2.382152758453),.UNSPECIFIED.);
#1919 = CARTESIAN_POINT('',(-0.494036722919,-29.1008691868,6.));
#1920 = CARTESIAN_POINT('',(-0.457173142547,-29.04940787867,6.));
#1921 = CARTESIAN_POINT('',(-0.385707399735,-28.94780245497,6.));
#1922 = CARTESIAN_POINT('',(-0.28322809499,-28.79649496177,6.));
#1923 = CARTESIAN_POINT('',(-0.187348462111,-28.64941026279,6.));
#1924 = CARTESIAN_POINT('',(-9.788749696297E-02,-28.50673215242,6.));
#1925 = CARTESIAN_POINT('',(-1.46583361198E-02,-28.3686395033,6.));
#1926 = CARTESIAN_POINT('',(6.252979616135E-02,-28.23530590124,6.));
#1927 = CARTESIAN_POINT('',(0.133871919805,-28.10689961781,6.));
#1928 = CARTESIAN_POINT('',(0.199567054759,-27.98358350163,6.));
#1929 = CARTESIAN_POINT('',(0.25981811884,-27.86551489353,6.));
#1930 = CARTESIAN_POINT('',(0.31483178812,-27.75284553954,6.));
#1931 = CARTESIAN_POINT('',(0.364818362835,-27.6457215079,6.));
#1932 = CARTESIAN_POINT('',(0.409991634917,-27.54428310956,6.));
#1933 = CARTESIAN_POINT('',(0.450568735305,-27.44866481902,6.));
#1934 = CARTESIAN_POINT('',(0.486770043853,-27.35899520768,6.));
#1935 = CARTESIAN_POINT('',(0.518818881721,-27.27539684865,6.));
#1936 = CARTESIAN_POINT('',(0.546941920772,-27.19798632995,6.));
#1937 = CARTESIAN_POINT('',(0.571367222898,-27.126873924,6.));
#1938 = CARTESIAN_POINT('',(0.59232999801,-27.06216439078,6.));
#1939 = CARTESIAN_POINT('',(0.604841852839,-27.02107111002,6.));
#1940 = CARTESIAN_POINT('',(0.610573051296,-27.00161483373,6.));
#1941 = ORIENTED_EDGE('',*,*,#1942,.T.);
#1942 = EDGE_CURVE('',#1916,#1943,#1945,.T.);
#1943 = VERTEX_POINT('',#1944);
#1944 = CARTESIAN_POINT('',(1.44411023623,-27.10908755263,6.));
#1945 = B_SPLINE_CURVE_WITH_KNOTS('',1,(#1946,#1947),.UNSPECIFIED.,.F.,
  .F.,(2,2),(0.,0.840437162419),.PIECEWISE_BEZIER_KNOTS.);
#1946 = CARTESIAN_POINT('',(0.610573051296,-27.00161483373,6.));
#1947 = CARTESIAN_POINT('',(1.44411023623,-27.10908755263,6.));
#1948 = ORIENTED_EDGE('',*,*,#1949,.T.);
#1949 = EDGE_CURVE('',#1943,#1950,#1952,.T.);
#1950 = VERTEX_POINT('',#1951);
#1951 = CARTESIAN_POINT('',(1.980108107043,-29.41987483723,6.));
#1952 = B_SPLINE_CURVE_WITH_KNOTS('',3,(#1953,#1954,#1955,#1956,#1957,
    #1958,#1959,#1960,#1961,#1962,#1963,#1964,#1965,#1966,#1967,#1968,
    #1969,#1970,#1971,#1972,#1973,#1974),.UNSPECIFIED.,.F.,.F.,(4,1,1,1,
    1,1,1,1,1,1,1,1,1,1,1,1,1,1,1,4),(0.,6.084644507817E-02,
    0.128862891872,0.204049340401,0.286405790677,0.375932242711,
    0.472628696512,0.576495152085,0.687531609436,0.805738068568,
    0.931114529486,1.063660992193,1.20337745669,1.350263922979,
    1.504320391064,1.665546860944,1.833943332622,2.009509806099,
    2.192246281376,2.382152758453),.UNSPECIFIED.);
#1953 = CARTESIAN_POINT('',(1.44411023623,-27.10908755263,6.));
#1954 = CARTESIAN_POINT('',(1.444718821389,-27.12936125351,6.));
#1955 = CARTESIAN_POINT('',(1.446397975261,-27.17228426221,6.));
#1956 = CARTESIAN_POINT('',(1.450261290216,-27.2401947653,6.));
#1957 = CARTESIAN_POINT('',(1.45584977175,-27.31517702011,6.));
#1958 = CARTESIAN_POINT('',(1.463417510045,-27.39718935497,6.));
#1959 = CARTESIAN_POINT('',(1.473213079307,-27.48618295285,6.));
#1960 = CARTESIAN_POINT('',(1.485485311147,-27.58210253512,6.));
#1961 = CARTESIAN_POINT('',(1.500481314208,-27.68488618389,6.));
#1962 = CARTESIAN_POINT('',(1.518446873515,-27.79446543306,6.));
#1963 = CARTESIAN_POINT('',(1.539626128786,-27.91076528238,6.));
#1964 = CARTESIAN_POINT('',(1.564261470372,-28.0337042391,6.));
#1965 = CARTESIAN_POINT('',(1.59259337149,-28.1631943558,6.));
#1966 = CARTESIAN_POINT('',(1.624860239918,-28.29914127363,6.));
#1967 = CARTESIAN_POINT('',(1.661298267244,-28.44144426866,6.));
#1968 = CARTESIAN_POINT('',(1.702141271733,-28.58999630058,6.));
#1969 = CARTESIAN_POINT('',(1.74762057802,-28.74468406886,6.));
#1970 = CARTESIAN_POINT('',(1.797964753331,-28.90538805597,6.));
#1971 = CARTESIAN_POINT('',(1.853399921566,-29.07198263811,6.));
#1972 = CARTESIAN_POINT('',(1.914147787382,-29.24433594444,6.));
#1973 = CARTESIAN_POINT('',(1.957503551818,-29.36074596209,6.));
#1974 = CARTESIAN_POINT('',(1.980108107043,-29.41987483723,6.));
#1975 = ORIENTED_EDGE('',*,*,#1976,.T.);
#1976 = EDGE_CURVE('',#1950,#1977,#1979,.T.);
#1977 = VERTEX_POINT('',#1978);
#1978 = CARTESIAN_POINT('',(2.752687163876,-29.46947605838,6.));
#1979 = B_SPLINE_CURVE_WITH_KNOTS('',1,(#1980,#1981),.UNSPECIFIED.,.F.,
  .F.,(2,2),(0.,0.774169671453),.PIECEWISE_BEZIER_KNOTS.);
#1980 = CARTESIAN_POINT('',(1.980108107043,-29.41987483723,6.));
#1981 = CARTESIAN_POINT('',(2.752687163876,-29.46947605838,6.));
#1982 = ORIENTED_EDGE('',*,*,#1983,.T.);
#1983 = EDGE_CURVE('',#1977,#1984,#1986,.T.);
#1984 = VERTEX_POINT('',#1985);
#1985 = CARTESIAN_POINT('',(3.57978141879,-27.24620219184,6.));
#1986 = B_SPLINE_CURVE_WITH_KNOTS('',3,(#1987,#1988,#1989,#1990,#1991,
    #1992,#1993,#1994,#1995,#1996,#1997,#1998,#1999,#2000,#2001,#2002,
    #2003,#2004,#2005,#2006,#2007,#2008),.UNSPECIFIED.,.F.,.F.,(4,1,1,1,
    1,1,1,1,1,1,1,1,1,1,1,1,1,1,1,4),(0.,0.189906477077,0.372642952354,
    0.548209425831,0.716605897509,0.87783236739,1.031888835474,
    1.178775301764,1.318491766261,1.451038228967,1.576414689885,
    1.694621149018,1.805657606368,1.909524061941,2.006220515742,
    2.095746967776,2.178103418053,2.253289866581,2.321306313375,
    2.382152758453),.UNSPECIFIED.);
#1987 = CARTESIAN_POINT('',(2.752687163876,-29.46947605838,6.));
#1988 = CARTESIAN_POINT('',(2.782667368743,-29.41372323685,6.));
#1989 = CARTESIAN_POINT('',(2.8405533656,-29.30381315593,6.));
#1990 = CARTESIAN_POINT('',(2.922842543897,-29.14064313253,6.));
#1991 = CARTESIAN_POINT('',(2.999126232483,-28.98250518158,6.));
#1992 = CARTESIAN_POINT('',(3.069607452555,-28.82955844222,6.));
#1993 = CARTESIAN_POINT('',(3.13449440712,-28.68195642299,6.));
#1994 = CARTESIAN_POINT('',(3.193998503313,-28.53984688868,6.));
#1995 = CARTESIAN_POINT('',(3.248334678041,-28.40337179079,6.));
#1996 = CARTESIAN_POINT('',(3.297721141918,-28.27266719082,6.));
#1997 = CARTESIAN_POINT('',(3.342379267108,-28.1478631893,6.));
#1998 = CARTESIAN_POINT('',(3.382533437726,-28.02908385727,6.));
#1999 = CARTESIAN_POINT('',(3.41841090624,-27.91644717115,6.));
#2000 = CARTESIAN_POINT('',(3.450241651916,-27.81006495084,6.));
#2001 = CARTESIAN_POINT('',(3.478258219271,-27.71004280071,6.));
#2002 = CARTESIAN_POINT('',(3.502695620189,-27.61648005506,6.));
#2003 = CARTESIAN_POINT('',(3.523791016668,-27.52946972298,6.));
#2004 = CARTESIAN_POINT('',(3.54178412854,-27.44909844915,6.));
#2005 = CARTESIAN_POINT('',(3.556915246641,-27.37544643677,6.));
#2006 = CARTESIAN_POINT('',(3.569431046215,-27.30858750773,6.));
#2007 = CARTESIAN_POINT('',(3.576585286782,-27.26623162176,6.));
#2008 = CARTESIAN_POINT('',(3.57978141879,-27.24620219184,6.));
#2009 = ORIENTED_EDGE('',*,*,#2010,.T.);
#2010 = EDGE_CURVE('',#1984,#2011,#2013,.T.);
#2011 = VERTEX_POINT('',#2012);
#2012 = CARTESIAN_POINT('',(4.42021858121,-27.24620219184,6.));
#2013 = B_SPLINE_CURVE_WITH_KNOTS('',1,(#2014,#2015),.UNSPECIFIED.,.F.,
  .F.,(2,2),(0.,0.840437162419),.PIECEWISE_BEZIER_KNOTS.);
#2014 = CARTESIAN_POINT('',(3.57978141879,-27.24620219184,6.));
#2015 = CARTESIAN_POINT('',(4.42021858121,-27.24620219184,6.));
#2016 = ORIENTED_EDGE('',*,*,#2017,.T.);
#2017 = EDGE_CURVE('',#2011,#2018,#2020,.T.);
#2018 = VERTEX_POINT('',#2019);
#2019 = CARTESIAN_POINT('',(5.247312836124,-29.46947605838,6.));
#2020 = B_SPLINE_CURVE_WITH_KNOTS('',3,(#2021,#2022,#2023,#2024,#2025,
    #2026,#2027,#2028,#2029,#2030,#2031,#2032,#2033,#2034,#2035,#2036,
    #2037,#2038,#2039,#2040,#2041,#2042),.UNSPECIFIED.,.F.,.F.,(4,1,1,1,
    1,1,1,1,1,1,1,1,1,1,1,1,1,1,1,4),(0.,6.084644507817E-02,
    0.128862891872,0.204049340401,0.286405790677,0.375932242711,
    0.472628696512,0.576495152085,0.687531609436,0.805738068568,
    0.931114529486,1.063660992193,1.20337745669,1.350263922979,
    1.504320391064,1.665546860944,1.833943332622,2.009509806099,
    2.192246281376,2.382152758453),.UNSPECIFIED.);
#2021 = CARTESIAN_POINT('',(4.42021858121,-27.24620219184,6.));
#2022 = CARTESIAN_POINT('',(4.423414713218,-27.26623162176,6.));
#2023 = CARTESIAN_POINT('',(4.430568953785,-27.30858750773,6.));
#2024 = CARTESIAN_POINT('',(4.443084753359,-27.37544643677,6.));
#2025 = CARTESIAN_POINT('',(4.45821587146,-27.44909844915,6.));
#2026 = CARTESIAN_POINT('',(4.476208983332,-27.52946972298,6.));
#2027 = CARTESIAN_POINT('',(4.497304379811,-27.61648005506,6.));
#2028 = CARTESIAN_POINT('',(4.521741780729,-27.71004280071,6.));
#2029 = CARTESIAN_POINT('',(4.549758348084,-27.81006495084,6.));
#2030 = CARTESIAN_POINT('',(4.58158909376,-27.91644717115,6.));
#2031 = CARTESIAN_POINT('',(4.617466562274,-28.02908385727,6.));
#2032 = CARTESIAN_POINT('',(4.657620732892,-28.1478631893,6.));
#2033 = CARTESIAN_POINT('',(4.702278858082,-28.27266719082,6.));
#2034 = CARTESIAN_POINT('',(4.751665321959,-28.40337179079,6.));
#2035 = CARTESIAN_POINT('',(4.806001496687,-28.53984688868,6.));
#2036 = CARTESIAN_POINT('',(4.86550559288,-28.68195642299,6.));
#2037 = CARTESIAN_POINT('',(4.930392547445,-28.82955844222,6.));
#2038 = CARTESIAN_POINT('',(5.000873767517,-28.98250518158,6.));
#2039 = CARTESIAN_POINT('',(5.077157456102,-29.14064313253,6.));
#2040 = CARTESIAN_POINT('',(5.1594466344,-29.30381315593,6.));
#2041 = CARTESIAN_POINT('',(5.217332631257,-29.41372323685,6.));
#2042 = CARTESIAN_POINT('',(5.247312836124,-29.46947605838,6.));
#2043 = ORIENTED_EDGE('',*,*,#2044,.T.);
#2044 = EDGE_CURVE('',#2018,#2045,#2047,.T.);
#2045 = VERTEX_POINT('',#2046);
#2046 = CARTESIAN_POINT('',(6.019891892957,-29.41987483723,6.));
#2047 = B_SPLINE_CURVE_WITH_KNOTS('',1,(#2048,#2049),.UNSPECIFIED.,.F.,
  .F.,(2,2),(0.,0.774169671453),.PIECEWISE_BEZIER_KNOTS.);
#2048 = CARTESIAN_POINT('',(5.247312836124,-29.46947605838,6.));
#2049 = CARTESIAN_POINT('',(6.019891892957,-29.41987483723,6.));
#2050 = ORIENTED_EDGE('',*,*,#2051,.T.);
#2051 = EDGE_CURVE('',#2045,#2052,#2054,.T.);
#2052 = VERTEX_POINT('',#2053);
#2053 = CARTESIAN_POINT('',(6.55588976377,-27.10908755263,6.));
#2054 = B_SPLINE_CURVE_WITH_KNOTS('',3,(#2055,#2056,#2057,#2058,#2059,
    #2060,#2061,#2062,#2063,#2064,#2065,#2066,#2067,#2068,#2069,#2070,
    #2071,#2072,#2073,#2074,#2075,#2076),.UNSPECIFIED.,.F.,.F.,(4,1,1,1,
    1,1,1,1,1,1,1,1,1,1,1,1,1,1,1,4),(0.,0.189906477077,0.372642952354,
    0.548209425831,0.716605897509,0.87783236739,1.031888835474,
    1.178775301764,1.318491766261,1.451038228967,1.576414689885,
    1.694621149018,1.805657606368,1.909524061941,2.006220515742,
    2.095746967776,2.178103418053,2.253289866581,2.321306313375,
    2.382152758453),.UNSPECIFIED.);
#2055 = CARTESIAN_POINT('',(6.019891892957,-29.41987483723,6.));
#2056 = CARTESIAN_POINT('',(6.042496448182,-29.36074596209,6.));
#2057 = CARTESIAN_POINT('',(6.085852212618,-29.24433594444,6.));
#2058 = CARTESIAN_POINT('',(6.146600078434,-29.07198263811,6.));
#2059 = CARTESIAN_POINT('',(6.202035246669,-28.90538805597,6.));
#2060 = CARTESIAN_POINT('',(6.25237942198,-28.74468406886,6.));
#2061 = CARTESIAN_POINT('',(6.297858728267,-28.58999630058,6.));
#2062 = CARTESIAN_POINT('',(6.338701732756,-28.44144426866,6.));
#2063 = CARTESIAN_POINT('',(6.375139760082,-28.29914127363,6.));
#2064 = CARTESIAN_POINT('',(6.40740662851,-28.1631943558,6.));
#2065 = CARTESIAN_POINT('',(6.435738529628,-28.0337042391,6.));
#2066 = CARTESIAN_POINT('',(6.460373871214,-27.91076528238,6.));
#2067 = CARTESIAN_POINT('',(6.481553126485,-27.79446543306,6.));
#2068 = CARTESIAN_POINT('',(6.499518685792,-27.68488618389,6.));
#2069 = CARTESIAN_POINT('',(6.514514688853,-27.58210253512,6.));
#2070 = CARTESIAN_POINT('',(6.526786920693,-27.48618295285,6.));
#2071 = CARTESIAN_POINT('',(6.536582489955,-27.39718935497,6.));
#2072 = CARTESIAN_POINT('',(6.54415022825,-27.31517702011,6.));
#2073 = CARTESIAN_POINT('',(6.549738709784,-27.2401947653,6.));
#2074 = CARTESIAN_POINT('',(6.553602024739,-27.17228426221,6.));
#2075 = CARTESIAN_POINT('',(6.555281178611,-27.12936125351,6.));
#2076 = CARTESIAN_POINT('',(6.55588976377,-27.10908755263,6.));
#2077 = ORIENTED_EDGE('',*,*,#2078,.T.);
#2078 = EDGE_CURVE('',#2052,#2079,#2081,.T.);
#2079 = VERTEX_POINT('',#2080);
#2080 = CARTESIAN_POINT('',(7.389426948704,-27.00161483373,6.));
#2081 = B_SPLINE_CURVE_WITH_KNOTS('',1,(#2082,#2083),.UNSPECIFIED.,.F.,
  .F.,(2,2),(0.,0.840437162419),.PIECEWISE_BEZIER_KNOTS.);
#2082 = CARTESIAN_POINT('',(6.55588976377,-27.10908755263,6.));
#2083 = CARTESIAN_POINT('',(7.389426948704,-27.00161483373,6.));
#2084 = ORIENTED_EDGE('',*,*,#2085,.T.);
#2085 = EDGE_CURVE('',#2079,#2086,#2088,.T.);
#2086 = VERTEX_POINT('',#2087);
#2087 = CARTESIAN_POINT('',(8.494036722919,-29.1008691868,6.));
#2088 = B_SPLINE_CURVE_WITH_KNOTS('',3,(#2089,#2090,#2091,#2092,#2093,
    #2094,#2095,#2096,#2097,#2098,#2099,#2100,#2101,#2102,#2103,#2104,
    #2105,#2106,#2107,#2108,#2109,#2110),.UNSPECIFIED.,.F.,.F.,(4,1,1,1,
    1,1,1,1,1,1,1,1,1,1,1,1,1,1,1,4),(0.,6.084644507817E-02,
    0.128862891872,0.204049340401,0.286405790677,0.375932242711,
    0.472628696512,0.576495152085,0.687531609436,0.805738068568,
    0.931114529486,1.063660992193,1.20337745669,1.350263922979,
    1.504320391064,1.665546860944,1.833943332622,2.009509806099,
    2.192246281376,2.382152758453),.UNSPECIFIED.);
#2089 = CARTESIAN_POINT('',(7.389426948704,-27.00161483373,6.));
#2090 = CARTESIAN_POINT('',(7.395158147161,-27.02107111002,6.));
#2091 = CARTESIAN_POINT('',(7.40767000199,-27.06216439078,6.));
#2092 = CARTESIAN_POINT('',(7.428632777102,-27.126873924,6.));
#2093 = CARTESIAN_POINT('',(7.453058079228,-27.19798632995,6.));
#2094 = CARTESIAN_POINT('',(7.481181118279,-27.27539684865,6.));
#2095 = CARTESIAN_POINT('',(7.513229956147,-27.35899520768,6.));
#2096 = CARTESIAN_POINT('',(7.549431264695,-27.44866481902,6.));
#2097 = CARTESIAN_POINT('',(7.590008365083,-27.54428310956,6.));
#2098 = CARTESIAN_POINT('',(7.635181637165,-27.6457215079,6.));
#2099 = CARTESIAN_POINT('',(7.68516821188,-27.75284553954,6.));
#2100 = CARTESIAN_POINT('',(7.74018188116,-27.86551489353,6.));
#2101 = CARTESIAN_POINT('',(7.800432945241,-27.98358350163,6.));
#2102 = CARTESIAN_POINT('',(7.866128080195,-28.10689961781,6.));
#2103 = CARTESIAN_POINT('',(7.937470203839,-28.23530590124,6.));
#2104 = CARTESIAN_POINT('',(8.01465833612,-28.3686395033,6.));
#2105 = CARTESIAN_POINT('',(8.097887496963,-28.50673215242,6.));
#2106 = CARTESIAN_POINT('',(8.187348462111,-28.64941026279,6.));
#2107 = CARTESIAN_POINT('',(8.28322809499,-28.79649496177,6.));
#2108 = CARTESIAN_POINT('',(8.385707399735,-28.94780245497,6.));
#2109 = CARTESIAN_POINT('',(8.457173142547,-29.04940787867,6.));
#2110 = CARTESIAN_POINT('',(8.494036722919,-29.1008691868,6.));
#2111 = ORIENTED_EDGE('',*,*,#2112,.T.);
#2112 = EDGE_CURVE('',#2086,#2113,#2115,.T.);
#2113 = VERTEX_POINT('',#2114);
#2114 = CARTESIAN_POINT('',(9.253930052999,-28.95287997402,6.));
#2115 = B_SPLINE_CURVE_WITH_KNOTS('',1,(#2116,#2117),.UNSPECIFIED.,.F.,
  .F.,(2,2),(0.,0.774169671453),.PIECEWISE_BEZIER_KNOTS.);
#2116 = CARTESIAN_POINT('',(8.494036722919,-29.1008691868,6.));
#2117 = CARTESIAN_POINT('',(9.253930052999,-28.95287997402,6.));
#2118 = ORIENTED_EDGE('',*,*,#2119,.T.);
#2119 = EDGE_CURVE('',#2113,#2120,#2122,.T.);
#2120 = VERTEX_POINT('',#2121);
#2121 = CARTESIAN_POINT('',(9.49003046949,-26.5925223347,6.));
#2122 = B_SPLINE_CURVE_WITH_KNOTS('',3,(#2123,#2124,#2125,#2126,#2127,
    #2128,#2129,#2130,#2131,#2132,#2133,#2134,#2135,#2136,#2137,#2138,
    #2139,#2140,#2141,#2142,#2143,#2144),.UNSPECIFIED.,.F.,.F.,(4,1,1,1,
    1,1,1,1,1,1,1,1,1,1,1,1,1,1,1,4),(0.,0.189906477077,0.372642952354,
    0.548209425831,0.716605897509,0.87783236739,1.031888835474,
    1.178775301764,1.318491766261,1.451038228967,1.576414689885,
    1.694621149018,1.805657606368,1.909524061941,2.006220515742,
    2.095746967776,2.178103418053,2.253289866581,2.321306313375,
    2.382152758453),.UNSPECIFIED.);
#2123 = CARTESIAN_POINT('',(9.253930052999,-28.95287997402,6.));
#2124 = CARTESIAN_POINT('',(9.268787792411,-28.89134593976,6.));
#2125 = CARTESIAN_POINT('',(9.296901423971,-28.77034743465,6.));
#2126 = CARTESIAN_POINT('',(9.335110499029,-28.59164088193,6.));
#2127 = CARTESIAN_POINT('',(9.368786902983,-28.41932514704,6.));
#2128 = CARTESIAN_POINT('',(9.398167383567,-28.25350266718,6.));
#2129 = CARTESIAN_POINT('',(9.423492272623,-28.09426911874,6.));
#2130 = CARTESIAN_POINT('',(9.445003544405,-27.94171380946,6.));
#2131 = CARTESIAN_POINT('',(9.462945112927,-27.79591952854,6.));
#2132 = CARTESIAN_POINT('',(9.477562564819,-27.65696253747,6.));
#2133 = CARTESIAN_POINT('',(9.489103032832,-27.52491252975,6.));
#2134 = CARTESIAN_POINT('',(9.497815033757,-27.3998326026,6.));
#2135 = CARTESIAN_POINT('',(9.503948312999,-27.28177923038,6.));
#2136 = CARTESIAN_POINT('',(9.50775369195,-27.17080224061,6.));
#2137 = CARTESIAN_POINT('',(9.509482896761,-27.06694479787,6.));
#2138 = CARTESIAN_POINT('',(9.509388449816,-26.97024337586,6.));
#2139 = CARTESIAN_POINT('',(9.507723348885,-26.88072778459,6.));
#2140 = CARTESIAN_POINT('',(9.504741451549,-26.79842102898,6.));
#2141 = CARTESIAN_POINT('',(9.500695533804,-26.72333973828,6.));
#2142 = CARTESIAN_POINT('',(9.495842928614,-26.65549274974,6.));
#2143 = CARTESIAN_POINT('',(9.492019424131,-26.61270741291,6.));
#2144 = CARTESIAN_POINT('',(9.49003046949,-26.5925223347,6.));
#2145 = ORIENTED_EDGE('',*,*,#2146,.T.);
#2146 = EDGE_CURVE('',#2120,#2147,#2149,.T.);
#2147 = VERTEX_POINT('',#2148);
#2148 = CARTESIAN_POINT('',(10.302981019406,-26.37934159596,6.));
#2149 = B_SPLINE_CURVE_WITH_KNOTS('',1,(#2150,#2151),.UNSPECIFIED.,.F.,
  .F.,(2,2),(0.,0.840437162419),.PIECEWISE_BEZIER_KNOTS.);
#2150 = CARTESIAN_POINT('',(9.49003046949,-26.5925223347,6.));
#2151 = CARTESIAN_POINT('',(10.302981019406,-26.37934159596,6.));
#2152 = ORIENTED_EDGE('',*,*,#2153,.T.);
#2153 = EDGE_CURVE('',#2147,#2154,#2156,.T.);
#2154 = VERTEX_POINT('',#2155);
#2155 = CARTESIAN_POINT('',(11.666968650969,-28.32010673712,6.));
#2156 = B_SPLINE_CURVE_WITH_KNOTS('',3,(#2157,#2158,#2159,#2160,#2161,
    #2162,#2163,#2164,#2165,#2166,#2167,#2168,#2169,#2170,#2171,#2172,
    #2173,#2174,#2175,#2176,#2177,#2178),.UNSPECIFIED.,.F.,.F.,(4,1,1,1,
    1,1,1,1,1,1,1,1,1,1,1,1,1,1,1,4),(0.,6.084644507817E-02,
    0.128862891872,0.204049340401,0.286405790677,0.375932242711,
    0.472628696512,0.576495152085,0.687531609436,0.805738068568,
    0.931114529486,1.063660992193,1.20337745669,1.350263922979,
    1.504320391064,1.665546860944,1.833943332622,2.009509806099,
    2.192246281376,2.382152758453),.UNSPECIFIED.);
#2157 = CARTESIAN_POINT('',(10.302981019406,-26.37934159596,6.));
#2158 = CARTESIAN_POINT('',(10.311153178193,-26.39790524711,6.));
#2159 = CARTESIAN_POINT('',(10.328817202973,-26.43706117211,6.));
#2160 = CARTESIAN_POINT('',(10.357882745435,-26.49855878078,6.));
#2161 = CARTESIAN_POINT('',(10.3912011688,-26.56596391655,6.));
#2162 = CARTESIAN_POINT('',(10.428992355506,-26.63914260155,6.));
#2163 = CARTESIAN_POINT('',(10.471468393732,-26.71795630478,6.));
#2164 = CARTESIAN_POINT('',(10.518839185425,-26.80226040927,6.));
#2165 = CARTESIAN_POINT('',(10.571310543979,-26.89190479054,6.));
#2166 = CARTESIAN_POINT('',(10.629084598587,-26.98673375121,6.));
#2167 = CARTESIAN_POINT('',(10.692359501329,-27.08658615474,6.));
#2168 = CARTESIAN_POINT('',(10.761329346341,-27.19129550301,6.));
#2169 = CARTESIAN_POINT('',(10.836184028507,-27.3006900344,6.));
#2170 = CARTESIAN_POINT('',(10.917109122239,-27.41459281958,6.));
#2171 = CARTESIAN_POINT('',(11.0042857591,-27.53282186091,6.));
#2172 = CARTESIAN_POINT('',(11.097890500472,-27.65519019668,6.));
#2173 = CARTESIAN_POINT('',(11.198095247073,-27.7815059982,6.));
#2174 = CARTESIAN_POINT('',(11.305067010722,-27.91157270894,6.));
#2175 = CARTESIAN_POINT('',(11.418968246973,-28.04518902926,6.));
#2176 = CARTESIAN_POINT('',(11.539954970816,-28.18214952742,6.));
#2177 = CARTESIAN_POINT('',(11.623826994061,-28.27378193564,6.));
#2178 = CARTESIAN_POINT('',(11.666968650969,-28.32010673712,6.));
#2179 = ORIENTED_EDGE('',*,*,#2180,.T.);
#2180 = EDGE_CURVE('',#2154,#2181,#2183,.T.);
#2181 = VERTEX_POINT('',#2182);
#2182 = CARTESIAN_POINT('',(12.401698826823,-28.0761595115,6.));
#2183 = B_SPLINE_CURVE_WITH_KNOTS('',1,(#2184,#2185),.UNSPECIFIED.,.F.,
  .F.,(2,2),(0.,0.774169671453),.PIECEWISE_BEZIER_KNOTS.);
#2184 = CARTESIAN_POINT('',(11.666968650969,-28.32010673712,6.));
#2185 = CARTESIAN_POINT('',(12.401698826823,-28.0761595115,6.));
#2186 = ORIENTED_EDGE('',*,*,#2187,.T.);
#2187 = EDGE_CURVE('',#2181,#2188,#2190,.T.);
#2188 = VERTEX_POINT('',#2189);
#2189 = CARTESIAN_POINT('',(12.334025026682,-25.70498852463,6.));
#2190 = B_SPLINE_CURVE_WITH_KNOTS('',3,(#2191,#2192,#2193,#2194,#2195,
    #2196,#2197,#2198,#2199,#2200,#2201,#2202,#2203,#2204,#2205,#2206,
    #2207,#2208,#2209,#2210,#2211,#2212),.UNSPECIFIED.,.F.,.F.,(4,1,1,1,
    1,1,1,1,1,1,1,1,1,1,1,1,1,1,1,4),(0.,0.189906477077,0.372642952354,
    0.548209425831,0.716605897509,0.87783236739,1.031888835474,
    1.178775301764,1.318491766261,1.451038228967,1.576414689885,
    1.694621149018,1.805657606368,1.909524061941,2.006220515742,
    2.095746967776,2.178103418053,2.253289866581,2.321306313375,
    2.382152758453),.UNSPECIFIED.);
#2191 = CARTESIAN_POINT('',(12.401698826823,-28.0761595115,6.));
#2192 = CARTESIAN_POINT('',(12.408565786752,-28.01323070526,6.));
#2193 = CARTESIAN_POINT('',(12.420975660383,-27.8896305048,6.));
#2194 = CARTESIAN_POINT('',(12.436018552727,-27.70750506234,6.));
#2195 = CARTESIAN_POINT('',(12.447383226778,-27.53229759429,6.));
#2196 = CARTESIAN_POINT('',(12.455317585956,-27.36407942224,6.));
#2197 = CARTESIAN_POINT('',(12.460072223803,-27.2029147041,6.));
#2198 = CARTESIAN_POINT('',(12.46189854839,-27.04886107141,6.));
#2199 = CARTESIAN_POINT('',(12.46104905805,-26.90196944267,6.));
#2200 = CARTESIAN_POINT('',(12.457777075249,-26.76228404832,6.));
#2201 = CARTESIAN_POINT('',(12.452336615991,-26.62984240704,6.));
#2202 = CARTESIAN_POINT('',(12.444982225441,-26.50467531841,6.));
#2203 = CARTESIAN_POINT('',(12.435968820379,-26.38680685641,6.));
#2204 = CARTESIAN_POINT('',(12.425551534756,-26.27625436512,6.));
#2205 = CARTESIAN_POINT('',(12.413985547822,-26.17302846475,6.));
#2206 = CARTESIAN_POINT('',(12.401525972908,-26.07713303769,6.));
#2207 = CARTESIAN_POINT('',(12.388427542696,-25.98856529657,6.));
#2208 = CARTESIAN_POINT('',(12.3749449724,-25.90731559485,6.));
#2209 = CARTESIAN_POINT('',(12.361331089234,-25.83336810099,6.));
#2210 = CARTESIAN_POINT('',(12.347842243542,-25.76669867266,6.));
#2211 = CARTESIAN_POINT('',(12.338578862542,-25.72475354176,6.));
#2212 = CARTESIAN_POINT('',(12.334025026682,-25.70498852463,6.));
#2213 = ORIENTED_EDGE('',*,*,#2214,.T.);
#2214 = EDGE_CURVE('',#2188,#2215,#2217,.T.);
#2215 = VERTEX_POINT('',#2216);
#2216 = CARTESIAN_POINT('',(13.113040316024,-25.3896001879,6.));
#2217 = B_SPLINE_CURVE_WITH_KNOTS('',1,(#2218,#2219),.UNSPECIFIED.,.F.,
  .F.,(2,2),(0.,0.840437162419),.PIECEWISE_BEZIER_KNOTS.);
#2218 = CARTESIAN_POINT('',(12.334025026682,-25.70498852463,6.));
#2219 = CARTESIAN_POINT('',(13.113040316024,-25.3896001879,6.));
#2220 = ORIENTED_EDGE('',*,*,#2221,.T.);
#2221 = EDGE_CURVE('',#2215,#2222,#2224,.T.);
#2222 = VERTEX_POINT('',#2223);
#2223 = CARTESIAN_POINT('',(14.714009165734,-27.14000880718,6.));
#2224 = B_SPLINE_CURVE_WITH_KNOTS('',3,(#2225,#2226,#2227,#2228,#2229,
    #2230,#2231,#2232,#2233,#2234,#2235,#2236,#2237,#2238,#2239,#2240,
    #2241,#2242,#2243,#2244,#2245,#2246),.UNSPECIFIED.,.F.,.F.,(4,1,1,1,
    1,1,1,1,1,1,1,1,1,1,1,1,1,1,1,4),(0.,6.084644507817E-02,
    0.128862891872,0.204049340401,0.286405790677,0.375932242711,
    0.472628696512,0.576495152085,0.687531609436,0.805738068568,
    0.931114529486,1.063660992193,1.20337745669,1.350263922979,
    1.504320391064,1.665546860944,1.833943332622,2.009509806099,
    2.192246281376,2.382152758453),.UNSPECIFIED.);
#2225 = CARTESIAN_POINT('',(13.113040316024,-25.3896001879,6.));
#2226 = CARTESIAN_POINT('',(13.12351924852,-25.40696639926,6.));
#2227 = CARTESIAN_POINT('',(13.146045400453,-25.4435420293,6.));
#2228 = CARTESIAN_POINT('',(13.18273645486,-25.50081792439,6.));
#2229 = CARTESIAN_POINT('',(13.224400911875,-25.56340899951,6.));
#2230 = CARTESIAN_POINT('',(13.271239715995,-25.63115425883,6.));
#2231 = CARTESIAN_POINT('',(13.323445499205,-25.70388918744,6.));
#2232 = CARTESIAN_POINT('',(13.381207946953,-25.781443514,6.));
#2233 = CARTESIAN_POINT('',(13.444711985416,-25.86364202774,6.));
#2234 = CARTESIAN_POINT('',(13.514138174172,-25.95030446183,6.));
#2235 = CARTESIAN_POINT('',(13.589662432787,-26.04124566354,6.));
#2236 = CARTESIAN_POINT('',(13.671455970583,-26.13627568148,6.));
#2237 = CARTESIAN_POINT('',(13.759685159022,-26.23519988099,6.));
#2238 = CARTESIAN_POINT('',(13.854511423729,-26.33781905459,6.));
#2239 = CARTESIAN_POINT('',(13.956091135841,-26.44392953623,6.));
#2240 = CARTESIAN_POINT('',(14.064575499038,-26.55332332101,6.));
#2241 = CARTESIAN_POINT('',(14.180110472229,-26.66578817296,6.));
#2242 = CARTESIAN_POINT('',(14.302836560977,-26.78110779229,6.));
#2243 = CARTESIAN_POINT('',(14.43288914545,-26.89906175767,6.));
#2244 = CARTESIAN_POINT('',(14.57039668973,-27.01942637318,6.));
#2245 = CARTESIAN_POINT('',(14.665297817105,-27.09958116432,6.));
#2246 = CARTESIAN_POINT('',(14.714009165734,-27.14000880718,6.));
#2247 = ORIENTED_EDGE('',*,*,#2248,.T.);
#2248 = EDGE_CURVE('',#2222,#2249,#2251,.T.);
#2249 = VERTEX_POINT('',#2250);
#2250 = CARTESIAN_POINT('',(15.411511938188,-26.80410917542,6.));
#2251 = B_SPLINE_CURVE_WITH_KNOTS('',1,(#2252,#2253),.UNSPECIFIED.,.F.,
  .F.,(2,2),(0.,0.774169671453),.PIECEWISE_BEZIER_KNOTS.);
#2252 = CARTESIAN_POINT('',(14.714009165734,-27.14000880718,6.));
#2253 = CARTESIAN_POINT('',(15.411511938188,-26.80410917542,6.));
#2254 = ORIENTED_EDGE('',*,*,#2255,.T.);
#2255 = EDGE_CURVE('',#2249,#2256,#2258,.T.);
#2256 = VERTEX_POINT('',#2257);
#2257 = CARTESIAN_POINT('',(15.041175123341,-24.46105940306,6.));
#2258 = B_SPLINE_CURVE_WITH_KNOTS('',3,(#2259,#2260,#2261,#2262,#2263,
    #2264,#2265,#2266,#2267,#2268,#2269,#2270,#2271,#2272,#2273,#2274,
    #2275,#2276,#2277,#2278,#2279,#2280),.UNSPECIFIED.,.F.,.F.,(4,1,1,1,
    1,1,1,1,1,1,1,1,1,1,1,1,1,1,1,4),(0.,0.189906477077,0.372642952354,
    0.548209425831,0.716605897509,0.87783236739,1.031888835474,
    1.178775301764,1.318491766261,1.451038228967,1.576414689885,
    1.694621149018,1.805657606368,1.909524061941,2.006220515742,
    2.095746967776,2.178103418053,2.253289866581,2.321306313375,
    2.382152758453),.UNSPECIFIED.);
#2259 = CARTESIAN_POINT('',(15.411511938188,-26.80410917542,6.));
#2260 = CARTESIAN_POINT('',(15.410275363341,-26.74081888647,6.));
#2261 = CARTESIAN_POINT('',(15.406777709262,-26.61664650252,6.));
#2262 = CARTESIAN_POINT('',(15.398407415015,-26.43409266505,6.));
#2263 = CARTESIAN_POINT('',(15.38727375153,-26.25887036563,6.));
#2264 = CARTESIAN_POINT('',(15.373631707343,-26.09101863912,6.));
#2265 = CARTESIAN_POINT('',(15.35773802296,-25.93056907149,6.));
#2266 = CARTESIAN_POINT('',(15.339849412152,-25.7775466718,6.));
#2267 = CARTESIAN_POINT('',(15.320222811557,-25.63196965171,6.));
#2268 = CARTESIAN_POINT('',(15.299115119932,-25.49384948439,6.));
#2269 = CARTESIAN_POINT('',(15.276783065593,-25.36319089764,6.));
#2270 = CARTESIAN_POINT('',(15.253483042458,-25.23999188767,6.));
#2271 = CARTESIAN_POINT('',(15.229470952953,-25.12424373276,6.));
#2272 = CARTESIAN_POINT('',(15.205002054299,-25.01593100882,6.));
#2273 = CARTESIAN_POINT('',(15.180330788806,-24.91503161725,6.));
#2274 = CARTESIAN_POINT('',(15.155710671798,-24.82151678539,6.));
#2275 = CARTESIAN_POINT('',(15.131393988166,-24.73535117428,6.));
#2276 = CARTESIAN_POINT('',(15.107632128342,-24.65649264431,6.));
#2277 = CARTESIAN_POINT('',(15.08467381934,-24.58489316309,6.));
#2278 = CARTESIAN_POINT('',(15.062770219619,-24.52049600515,6.));
#2279 = CARTESIAN_POINT('',(15.048219066563,-24.48007981806,6.));
#2280 = CARTESIAN_POINT('',(15.041175123341,-24.46105940306,6.));
#2281 = ORIENTED_EDGE('',*,*,#2282,.T.);
#2282 = EDGE_CURVE('',#2256,#2283,#2285,.T.);
#2283 = VERTEX_POINT('',#2284);
#2284 = CARTESIAN_POINT('',(15.773463742597,-24.0486421361,6.));
#2285 = B_SPLINE_CURVE_WITH_KNOTS('',1,(#2286,#2287),.UNSPECIFIED.,.F.,
  .F.,(2,2),(0.,0.840437162419),.PIECEWISE_BEZIER_KNOTS.);
#2286 = CARTESIAN_POINT('',(15.041175123341,-24.46105940306,6.));
#2287 = CARTESIAN_POINT('',(15.773463742597,-24.0486421361,6.));
#2288 = ORIENTED_EDGE('',*,*,#2289,.T.);
#2289 = EDGE_CURVE('',#2283,#2290,#2292,.T.);
#2290 = VERTEX_POINT('',#2291);
#2291 = CARTESIAN_POINT('',(17.585125946203,-25.57995257237,6.));
#2292 = B_SPLINE_CURVE_WITH_KNOTS('',3,(#2293,#2294,#2295,#2296,#2297,
    #2298,#2299,#2300,#2301,#2302,#2303,#2304,#2305,#2306,#2307,#2308,
    #2309,#2310,#2311,#2312,#2313,#2314),.UNSPECIFIED.,.F.,.F.,(4,1,1,1,
    1,1,1,1,1,1,1,1,1,1,1,1,1,1,1,4),(0.,6.084644507817E-02,
    0.128862891872,0.204049340401,0.286405790677,0.375932242711,
    0.472628696512,0.576495152085,0.687531609436,0.805738068568,
    0.931114529486,1.063660992193,1.20337745669,1.350263922979,
    1.504320391064,1.665546860944,1.833943332622,2.009509806099,
    2.192246281376,2.382152758453),.UNSPECIFIED.);
#2293 = CARTESIAN_POINT('',(15.773463742597,-24.0486421361,6.));
#2294 = CARTESIAN_POINT('',(15.786077385019,-24.06452575496,6.));
#2295 = CARTESIAN_POINT('',(15.813095785314,-24.09792051921,6.));
#2296 = CARTESIAN_POINT('',(15.856809885568,-24.15003423209,6.));
#2297 = CARTESIAN_POINT('',(15.906136246999,-24.20678350285,6.));
#2298 = CARTESIAN_POINT('',(15.961253576664,-24.2679829612,6.));
#2299 = CARTESIAN_POINT('',(16.022331887342,-24.33344480967,6.));
#2300 = CARTESIAN_POINT('',(16.089537533349,-24.40297591841,6.));
#2301 = CARTESIAN_POINT('',(16.163031517166,-24.47637886729,6.));
#2302 = CARTESIAN_POINT('',(16.242969863969,-24.55345178004,6.));
#2303 = CARTESIAN_POINT('',(16.329503372219,-24.6339885279,6.));
#2304 = CARTESIAN_POINT('',(16.422777555169,-24.71777882526,6.));
#2305 = CARTESIAN_POINT('',(16.522932529047,-24.80460836026,6.));
#2306 = CARTESIAN_POINT('',(16.630102920085,-24.89425891827,6.));
#2307 = CARTESIAN_POINT('',(16.744417771383,-24.98650850907,6.));
#2308 = CARTESIAN_POINT('',(16.866000446159,-25.08113149993,6.));
#2309 = CARTESIAN_POINT('',(16.994968564875,-25.17789873255,6.));
#2310 = CARTESIAN_POINT('',(17.131433819738,-25.27657771551,6.));
#2311 = CARTESIAN_POINT('',(17.275502292591,-25.37693252509,6.));
#2312 = CARTESIAN_POINT('',(17.427272787233,-25.4787248743,6.));
#2313 = CARTESIAN_POINT('',(17.53164474485,-25.5460859089,6.));
#2314 = CARTESIAN_POINT('',(17.585125946203,-25.57995257237,6.));
#2315 = ORIENTED_EDGE('',*,*,#2316,.T.);
#2316 = EDGE_CURVE('',#2290,#2317,#2319,.T.);
#2317 = VERTEX_POINT('',#2318);
#2318 = CARTESIAN_POINT('',(18.233948339016,-25.15761599713,6.));
#2319 = B_SPLINE_CURVE_WITH_KNOTS('',1,(#2320,#2321),.UNSPECIFIED.,.F.,
  .F.,(2,2),(0.,0.774169671453),.PIECEWISE_BEZIER_KNOTS.);
#2320 = CARTESIAN_POINT('',(17.585125946203,-25.57995257237,6.));
#2321 = CARTESIAN_POINT('',(18.233948339016,-25.15761599713,6.));
#2322 = ORIENTED_EDGE('',*,*,#2323,.T.);
#2323 = EDGE_CURVE('',#2317,#2324,#2326,.T.);
#2324 = VERTEX_POINT('',#2325);
#2325 = CARTESIAN_POINT('',(17.567029429725,-22.88116025176,6.));
#2326 = B_SPLINE_CURVE_WITH_KNOTS('',3,(#2327,#2328,#2329,#2330,#2331,
    #2332,#2333,#2334,#2335,#2336,#2337,#2338,#2339,#2340,#2341,#2342,
    #2343,#2344,#2345,#2346,#2347,#2348),.UNSPECIFIED.,.F.,.F.,(4,1,1,1,
    1,1,1,1,1,1,1,1,1,1,1,1,1,1,1,4),(0.,0.189906477077,0.372642952354,
    0.548209425831,0.716605897509,0.87783236739,1.031888835474,
    1.178775301764,1.318491766261,1.451038228967,1.576414689885,
    1.694621149018,1.805657606368,1.909524061941,2.006220515742,
    2.095746967776,2.178103418053,2.253289866581,2.321306313375,
    2.382152758453),.UNSPECIFIED.);
#2327 = CARTESIAN_POINT('',(18.233948339016,-25.15761599713,6.));
#2328 = CARTESIAN_POINT('',(18.224628533919,-25.09500345026,6.));
#2329 = CARTESIAN_POINT('',(18.205280783513,-24.97229778994,6.));
#2330 = CARTESIAN_POINT('',(18.173634742675,-24.79231308642,6.));
#2331 = CARTESIAN_POINT('',(18.1401855561,-24.61995310095,6.));
#2332 = CARTESIAN_POINT('',(18.105191110537,-24.45522394068,6.));
#2333 = CARTESIAN_POINT('',(18.068910077781,-24.29812410104,6.));
#2334 = CARTESIAN_POINT('',(18.031600262074,-24.1486455579,6.));
#2335 = CARTESIAN_POINT('',(17.993518819463,-24.00677351712,6.));
#2336 = CARTESIAN_POINT('',(17.954922006726,-23.87248650615,6.));
#2337 = CARTESIAN_POINT('',(17.916065049021,-23.74575638432,6.));
#2338 = CARTESIAN_POINT('',(17.877201979037,-23.62654837734,6.));
#2339 = CARTESIAN_POINT('',(17.838585482936,-23.51482111104,6.));
#2340 = CARTESIAN_POINT('',(17.800466749889,-23.41052664638,6.));
#2341 = CARTESIAN_POINT('',(17.763095307334,-23.31361052882,6.));
#2342 = CARTESIAN_POINT('',(17.726718909873,-23.22401180312,6.));
#2343 = CARTESIAN_POINT('',(17.691583252094,-23.14166315897,6.));
#2344 = CARTESIAN_POINT('',(17.657932271823,-23.06649065563,6.));
#2345 = CARTESIAN_POINT('',(17.626006511785,-22.99841484856,6.));
#2346 = CARTESIAN_POINT('',(17.596047814538,-22.93734736056,6.));
#2347 = CARTESIAN_POINT('',(17.576447818956,-22.89912374996,6.));
#2348 = CARTESIAN_POINT('',(17.567029429725,-22.88116025176,6.));
#2349 = ORIENTED_EDGE('',*,*,#2350,.T.);
#2350 = EDGE_CURVE('',#2324,#2351,#2353,.T.);
#2351 = VERTEX_POINT('',#2352);
#2352 = CARTESIAN_POINT('',(18.240567220012,-22.37848593471,6.));
#2353 = B_SPLINE_CURVE_WITH_KNOTS('',1,(#2354,#2355),.UNSPECIFIED.,.F.,
  .F.,(2,2),(0.,0.840437162419),.PIECEWISE_BEZIER_KNOTS.);
#2354 = CARTESIAN_POINT('',(17.567029429725,-22.88116025176,6.));
#2355 = CARTESIAN_POINT('',(18.240567220012,-22.37848593471,6.));
#2356 = ORIENTED_EDGE('',*,*,#2357,.T.);
#2357 = EDGE_CURVE('',#2351,#2358,#2360,.T.);
#2358 = VERTEX_POINT('',#2359);
#2359 = CARTESIAN_POINT('',(20.233175334217,-23.66555411293,6.));
#2360 = B_SPLINE_CURVE_WITH_KNOTS('',3,(#2361,#2362,#2363,#2364,#2365,
    #2366,#2367,#2368,#2369,#2370,#2371,#2372,#2373,#2374,#2375,#2376,
    #2377,#2378,#2379,#2380,#2381,#2382),.UNSPECIFIED.,.F.,.F.,(4,1,1,1,
    1,1,1,1,1,1,1,1,1,1,1,1,1,1,1,4),(0.,6.084644507817E-02,
    0.128862891872,0.204049340401,0.286405790677,0.375932242711,
    0.472628696512,0.576495152085,0.687531609436,0.805738068568,
    0.931114529486,1.063660992193,1.20337745669,1.350263922979,
    1.504320391064,1.665546860944,1.833943332622,2.009509806099,
    2.192246281376,2.382152758453),.UNSPECIFIED.);
#2361 = CARTESIAN_POINT('',(18.240567220012,-22.37848593471,6.));
#2362 = CARTESIAN_POINT('',(18.2551084567,-22.39262615248,6.));
#2363 = CARTESIAN_POINT('',(18.28617546397,-22.42229170984,6.));
#2364 = CARTESIAN_POINT('',(18.336194825753,-22.46838753479,6.));
#2365 = CARTESIAN_POINT('',(18.392373154111,-22.51836317972,6.));
#2366 = CARTESIAN_POINT('',(18.454863984291,-22.57201194368,6.));
#2367 = CARTESIAN_POINT('',(18.523811918264,-22.62912583027,6.));
#2368 = CARTESIAN_POINT('',(18.599357247681,-22.68949202231,6.));
#2369 = CARTESIAN_POINT('',(18.681634407669,-22.75289413195,6.));
#2370 = CARTESIAN_POINT('',(18.770772327074,-22.81911198825,6.));
#2371 = CARTESIAN_POINT('',(18.866894207146,-22.8879218711,6.));
#2372 = CARTESIAN_POINT('',(18.970117475746,-22.95909661349,6.));
#2373 = CARTESIAN_POINT('',(19.08055369316,-23.03240574543,6.));
#2374 = CARTESIAN_POINT('',(19.198308475671,-23.10761562818,6.));
#2375 = CARTESIAN_POINT('',(19.323481419456,-23.18448959238,6.));
#2376 = CARTESIAN_POINT('',(19.456166021655,-23.26278808243,6.));
#2377 = CARTESIAN_POINT('',(19.59644963295,-23.34226878045,6.));
#2378 = CARTESIAN_POINT('',(19.744413298217,-23.42268682086,6.));
#2379 = CARTESIAN_POINT('',(19.900132059109,-23.50379465144,6.));
#2380 = CARTESIAN_POINT('',(20.063673436786,-23.58534330679,6.));
#2381 = CARTESIAN_POINT('',(20.175802439987,-23.63880451853,6.));
#2382 = CARTESIAN_POINT('',(20.233175334217,-23.66555411293,6.));
#2383 = ORIENTED_EDGE('',*,*,#2384,.T.);
#2384 = EDGE_CURVE('',#2358,#2385,#2387,.T.);
#2385 = VERTEX_POINT('',#2386);
#2386 = CARTESIAN_POINT('',(20.822663701636,-23.1637153491,6.));
#2387 = B_SPLINE_CURVE_WITH_KNOTS('',1,(#2388,#2389),.UNSPECIFIED.,.F.,
  .F.,(2,2),(0.,0.774169671453),.PIECEWISE_BEZIER_KNOTS.);
#2388 = CARTESIAN_POINT('',(20.233175334217,-23.66555411293,6.));
#2389 = CARTESIAN_POINT('',(20.822663701636,-23.1637153491,6.));
#2390 = ORIENTED_EDGE('',*,*,#2391,.T.);
#2391 = EDGE_CURVE('',#2385,#2392,#2394,.T.);
#2392 = VERTEX_POINT('',#2393);
#2393 = CARTESIAN_POINT('',(19.870113487954,-20.99123297113,6.));
#2394 = B_SPLINE_CURVE_WITH_KNOTS('',3,(#2395,#2396,#2397,#2398,#2399,
    #2400,#2401,#2402,#2403,#2404,#2405,#2406,#2407,#2408,#2409,#2410,
    #2411,#2412,#2413,#2414,#2415,#2416),.UNSPECIFIED.,.F.,.F.,(4,1,1,1,
    1,1,1,1,1,1,1,1,1,1,1,1,1,1,1,4),(0.,0.189906477077,0.372642952354,
    0.548209425831,0.716605897509,0.87783236739,1.031888835474,
    1.178775301764,1.318491766261,1.451038228967,1.576414689885,
    1.694621149018,1.805657606368,1.909524061941,2.006220515742,
    2.095746967776,2.178103418053,2.253289866581,2.321306313375,
    2.382152758453),.UNSPECIFIED.);
#2395 = CARTESIAN_POINT('',(20.822663701636,-23.1637153491,6.));
#2396 = CARTESIAN_POINT('',(20.80541369723,-23.1028086406,6.));
#2397 = CARTESIAN_POINT('',(20.770533540024,-22.98358452747,6.));
#2398 = CARTESIAN_POINT('',(20.716131379711,-22.80912430176,6.));
#2399 = CARTESIAN_POINT('',(20.660915904765,-22.64245677642,6.));
#2400 = CARTESIAN_POINT('',(20.605143665655,-22.48355503065,6.));
#2401 = CARTESIAN_POINT('',(20.549071018081,-22.33238449401,6.));
#2402 = CARTESIAN_POINT('',(20.492952623617,-22.18890424099,6.));
#2403 = CARTESIAN_POINT('',(20.437041635225,-22.05306671449,6.));
#2404 = CARTESIAN_POINT('',(20.381589459974,-21.92481784889,6.));
#2405 = CARTESIAN_POINT('',(20.326845629075,-21.80409709707,6.));
#2406 = CARTESIAN_POINT('',(20.273057642776,-21.69083748527,6.));
#2407 = CARTESIAN_POINT('',(20.220470821876,-21.58496566619,6.));
#2408 = CARTESIAN_POINT('',(20.16932816298,-21.48640197303,6.));
#2409 = CARTESIAN_POINT('',(20.119870181417,-21.39506048946,6.));
#2410 = CARTESIAN_POINT('',(20.072334802944,-21.31084907852,6.));
#2411 = CARTESIAN_POINT('',(20.026957097547,-21.23366956379,6.));
#2412 = CARTESIAN_POINT('',(19.983969544995,-21.16341741751,6.));
#2413 = CARTESIAN_POINT('',(19.943600554017,-21.09998308745,6.));
#2414 = CARTESIAN_POINT('',(19.906078680224,-21.04324799585,6.));
#2415 = CARTESIAN_POINT('',(19.881751673502,-21.00784459237,6.));
#2416 = CARTESIAN_POINT('',(19.870113487954,-20.99123297113,6.));
#2417 = ORIENTED_EDGE('',*,*,#2418,.T.);
#2418 = EDGE_CURVE('',#2392,#2419,#2421,.T.);
#2419 = VERTEX_POINT('',#2420);
#2420 = CARTESIAN_POINT('',(20.473840977376,-20.40655550236,6.));
#2421 = B_SPLINE_CURVE_WITH_KNOTS('',1,(#2422,#2423),.UNSPECIFIED.,.F.,
  .F.,(2,2),(0.,0.840437162419),.PIECEWISE_BEZIER_KNOTS.);
#2422 = CARTESIAN_POINT('',(19.870113487954,-20.99123297113,6.));
#2423 = CARTESIAN_POINT('',(20.473840977376,-20.40655550236,6.));
#2424 = ORIENTED_EDGE('',*,*,#2425,.T.);
#2425 = EDGE_CURVE('',#2419,#2426,#2428,.T.);
#2426 = VERTEX_POINT('',#2427);
#2427 = CARTESIAN_POINT('',(22.614676432032,-21.42824779863,6.));
#2428 = B_SPLINE_CURVE_WITH_KNOTS('',3,(#2429,#2430,#2431,#2432,#2433,
    #2434,#2435,#2436,#2437,#2438,#2439,#2440,#2441,#2442,#2443,#2444,
    #2445,#2446,#2447,#2448,#2449,#2450),.UNSPECIFIED.,.F.,.F.,(4,1,1,1,
    1,1,1,1,1,1,1,1,1,1,1,1,1,1,1,4),(0.,6.084644507817E-02,
    0.128862891872,0.204049340401,0.286405790677,0.375932242711,
    0.472628696512,0.576495152085,0.687531609436,0.805738068568,
    0.931114529486,1.063660992193,1.20337745669,1.350263922979,
    1.504320391064,1.665546860944,1.833943332622,2.009509806099,
    2.192246281376,2.382152758453),.UNSPECIFIED.);
#2429 = CARTESIAN_POINT('',(20.473840977376,-20.40655550236,6.));
#2430 = CARTESIAN_POINT('',(20.490071041626,-20.41872013706,6.));
#2431 = CARTESIAN_POINT('',(20.524676536471,-20.4441693799,6.));
#2432 = CARTESIAN_POINT('',(20.580179843245,-20.48349042475,6.));
#2433 = CARTESIAN_POINT('',(20.64228769193,-20.52587184514,6.));
#2434 = CARTESIAN_POINT('',(20.711125924922,-20.5710890035,6.));
#2435 = CARTESIAN_POINT('',(20.78681135902,-20.61891711977,6.));
#2436 = CARTESIAN_POINT('',(20.869455919628,-20.66912718391,6.));
#2437 = CARTESIAN_POINT('',(20.959165267094,-20.72148739341,6.));
#2438 = CARTESIAN_POINT('',(21.05603911693,-20.77576289789,6.));
#2439 = CARTESIAN_POINT('',(21.160171050209,-20.83171605936,6.));
#2440 = CARTESIAN_POINT('',(21.271648481243,-20.88910655949,6.));
#2441 = CARTESIAN_POINT('',(21.390552582556,-20.94769155444,6.));
#2442 = CARTESIAN_POINT('',(21.516958226266,-21.00722581773,6.));
#2443 = CARTESIAN_POINT('',(21.650933926263,-21.06746188697,6.));
#2444 = CARTESIAN_POINT('',(21.792541778384,-21.12815021718,6.));
#2445 = CARTESIAN_POINT('',(21.94183742924,-21.18903930971,6.));
#2446 = CARTESIAN_POINT('',(22.098869945616,-21.24987594558,6.));
#2447 = CARTESIAN_POINT('',(22.2636820968,-21.31040500883,6.));
#2448 = CARTESIAN_POINT('',(22.436309012612,-21.37037094365,6.));
#2449 = CARTESIAN_POINT('',(22.554353906263,-21.40905450091,6.));
#2450 = CARTESIAN_POINT('',(22.614676432032,-21.42824779863,6.));
#2451 = ORIENTED_EDGE('',*,*,#2452,.T.);
#2452 = EDGE_CURVE('',#2426,#2453,#2455,.T.);
#2453 = VERTEX_POINT('',#2454);
#2454 = CARTESIAN_POINT('',(23.135151391363,-20.85514702485,6.));
#2455 = B_SPLINE_CURVE_WITH_KNOTS('',1,(#2456,#2457),.UNSPECIFIED.,.F.,
  .F.,(2,2),(0.,0.774169671453),.PIECEWISE_BEZIER_KNOTS.);
#2456 = CARTESIAN_POINT('',(22.614676432032,-21.42824779863,6.));
#2457 = CARTESIAN_POINT('',(23.135151391363,-20.85514702485,6.));
#2458 = ORIENTED_EDGE('',*,*,#2459,.T.);
#2459 = EDGE_CURVE('',#2453,#2460,#2462,.T.);
#2460 = VERTEX_POINT('',#2461);
#2461 = CARTESIAN_POINT('',(21.912610721464,-18.82231011486,6.));
#2462 = B_SPLINE_CURVE_WITH_KNOTS('',3,(#2463,#2464,#2465,#2466,#2467,
    #2468,#2469,#2470,#2471,#2472,#2473,#2474,#2475,#2476,#2477,#2478,
    #2479,#2480,#2481,#2482,#2483,#2484),.UNSPECIFIED.,.F.,.F.,(4,1,1,1,
    1,1,1,1,1,1,1,1,1,1,1,1,1,1,1,4),(0.,0.189906477077,0.372642952354,
    0.548209425831,0.716605897509,0.87783236739,1.031888835474,
    1.178775301764,1.318491766261,1.451038228967,1.576414689885,
    1.694621149018,1.805657606368,1.909524061941,2.006220515742,
    2.095746967776,2.178103418053,2.253289866581,2.321306313375,
    2.382152758453),.UNSPECIFIED.);
#2463 = CARTESIAN_POINT('',(23.135151391363,-20.85514702485,6.));
#2464 = CARTESIAN_POINT('',(23.110254432244,-20.79694624119,6.));
#2465 = CARTESIAN_POINT('',(23.060414599454,-20.68316133188,6.));
#2466 = CARTESIAN_POINT('',(22.984149601635,-20.51709021606,6.));
#2467 = CARTESIAN_POINT('',(22.90807447489,-20.35885182702,6.));
#2468 = CARTESIAN_POINT('',(22.832440220857,-20.20838665803,6.));
#2469 = CARTESIAN_POINT('',(22.757496669789,-20.06562764042,6.));
#2470 = CARTESIAN_POINT('',(22.683491159052,-19.93050161929,6.));
#2471 = CARTESIAN_POINT('',(22.610668681763,-19.80292905551,6.));
#2472 = CARTESIAN_POINT('',(22.539271667183,-19.68282417811,6.));
#2473 = CARTESIAN_POINT('',(22.469539855279,-19.57009502771,6.));
#2474 = CARTESIAN_POINT('',(22.401710149913,-19.46464353077,6.));
#2475 = CARTESIAN_POINT('',(22.336016478361,-19.36636557127,6.));
#2476 = CARTESIAN_POINT('',(22.272689654661,-19.27515106272,6.));
#2477 = CARTESIAN_POINT('',(22.211957232779,-19.19088403777,6.));
#2478 = CARTESIAN_POINT('',(22.154043402894,-19.11344269063,6.));
#2479 = CARTESIAN_POINT('',(22.099168750548,-19.04269959082,6.));
#2480 = CARTESIAN_POINT('',(22.04755048014,-18.9785213399,6.));
#2481 = CARTESIAN_POINT('',(21.999401115938,-18.9207700768,6.));
#2482 = CARTESIAN_POINT('',(21.954932173729,-18.86929897024,6.));
#2483 = CARTESIAN_POINT('',(21.926277604644,-18.83729709679,6.));
#2484 = CARTESIAN_POINT('',(21.912610721464,-18.82231011486,6.));
#2485 = ORIENTED_EDGE('',*,*,#2486,.T.);
#2486 = EDGE_CURVE('',#2460,#2487,#2489,.T.);
#2487 = VERTEX_POINT('',#2488);
#2488 = CARTESIAN_POINT('',(22.436614721335,-18.16522988225,6.));
#2489 = B_SPLINE_CURVE_WITH_KNOTS('',1,(#2490,#2491),.UNSPECIFIED.,.F.,
  .F.,(2,2),(0.,0.840437162419),.PIECEWISE_BEZIER_KNOTS.);
#2490 = CARTESIAN_POINT('',(21.912610721464,-18.82231011486,6.));
#2491 = CARTESIAN_POINT('',(22.436614721335,-18.16522988225,6.));
#2492 = ORIENTED_EDGE('',*,*,#2493,.T.);
#2493 = EDGE_CURVE('',#2487,#2494,#2496,.T.);
#2494 = VERTEX_POINT('',#2495);
#2495 = CARTESIAN_POINT('',(24.690525057465,-18.90477013732,6.));
#2496 = B_SPLINE_CURVE_WITH_KNOTS('',3,(#2497,#2498,#2499,#2500,#2501,
    #2502,#2503,#2504,#2505,#2506,#2507,#2508,#2509,#2510,#2511,#2512,
    #2513,#2514,#2515,#2516,#2517,#2518),.UNSPECIFIED.,.F.,.F.,(4,1,1,1,
    1,1,1,1,1,1,1,1,1,1,1,1,1,1,1,4),(0.,6.084644507817E-02,
    0.128862891872,0.204049340401,0.286405790677,0.375932242711,
    0.472628696512,0.576495152085,0.687531609436,0.805738068568,
    0.931114529486,1.063660992193,1.20337745669,1.350263922979,
    1.504320391064,1.665546860944,1.833943332622,2.009509806099,
    2.192246281376,2.382152758453),.UNSPECIFIED.);
#2497 = CARTESIAN_POINT('',(22.436614721335,-18.16522988225,6.));
#2498 = CARTESIAN_POINT('',(22.45426711594,-18.17521919092,6.));
#2499 = CARTESIAN_POINT('',(22.491842877092,-18.19603424336,6.));
#2500 = CARTESIAN_POINT('',(22.551918766095,-18.22793485764,6.));
#2501 = CARTESIAN_POINT('',(22.618936325949,-18.26202615175,6.));
#2502 = CARTESIAN_POINT('',(22.692991639871,-18.29806924002,6.));
#2503 = CARTESIAN_POINT('',(22.774171821358,-18.33582624962,6.));
#2504 = CARTESIAN_POINT('',(22.862558591755,-18.37505573799,6.));
#2505 = CARTESIAN_POINT('',(22.958227101695,-18.41551429416,6.));
#2506 = CARTESIAN_POINT('',(23.061246216025,-18.45695624454,6.));
#2507 = CARTESIAN_POINT('',(23.171678359047,-18.49913393526,6.));
#2508 = CARTESIAN_POINT('',(23.289579496177,-18.54179784271,6.));
#2509 = CARTESIAN_POINT('',(23.414999079334,-18.58469673667,6.));
#2510 = CARTESIAN_POINT('',(23.547980007068,-18.62757782954,6.));
#2511 = CARTESIAN_POINT('',(23.688558585987,-18.67018692924,6.));
#2512 = CARTESIAN_POINT('',(23.836764491013,-18.71226859889,6.));
#2513 = CARTESIAN_POINT('',(23.992620750971,-18.75356628873,6.));
#2514 = CARTESIAN_POINT('',(24.15614364888,-18.79382258418,6.));
#2515 = CARTESIAN_POINT('',(24.327342979387,-18.83277899455,6.));
#2516 = CARTESIAN_POINT('',(24.50622090415,-18.87017756985,6.));
#2517 = CARTESIAN_POINT('',(24.628243394362,-18.89344828968,6.));
#2518 = CARTESIAN_POINT('',(24.690525057465,-18.90477013732,6.));
#2519 = ORIENTED_EDGE('',*,*,#2520,.T.);
#2520 = EDGE_CURVE('',#2494,#2521,#2523,.T.);
#2521 = VERTEX_POINT('',#2522);
#2522 = CARTESIAN_POINT('',(25.133440424264,-18.26981765244,6.));
#2523 = B_SPLINE_CURVE_WITH_KNOTS('',1,(#2524,#2525),.UNSPECIFIED.,.F.,
  .F.,(2,2),(0.,0.774169671453),.PIECEWISE_BEZIER_KNOTS.);
#2524 = CARTESIAN_POINT('',(24.690525057465,-18.90477013732,6.));
#2525 = CARTESIAN_POINT('',(25.133440424264,-18.26981765244,6.));
#2526 = ORIENTED_EDGE('',*,*,#2527,.T.);
#2527 = EDGE_CURVE('',#2521,#2528,#2530,.T.);
#2528 = VERTEX_POINT('',#2529);
#2529 = CARTESIAN_POINT('',(23.660983382148,-16.41000533629,6.));
#2530 = B_SPLINE_CURVE_WITH_KNOTS('',3,(#2531,#2532,#2533,#2534,#2535,
    #2536,#2537,#2538,#2539,#2540,#2541,#2542,#2543,#2544,#2545,#2546,
    #2547,#2548,#2549,#2550,#2551,#2552),.UNSPECIFIED.,.F.,.F.,(4,1,1,1,
    1,1,1,1,1,1,1,1,1,1,1,1,1,1,1,4),(0.,0.189906477077,0.372642952354,
    0.548209425831,0.716605897509,0.87783236739,1.031888835474,
    1.178775301764,1.318491766261,1.451038228967,1.576414689885,
    1.694621149018,1.805657606368,1.909524061941,2.006220515742,
    2.095746967776,2.178103418053,2.253289866581,2.321306313375,
    2.382152758453),.UNSPECIFIED.);
#2531 = CARTESIAN_POINT('',(25.133440424264,-18.26981765244,6.));
#2532 = CARTESIAN_POINT('',(25.101305317812,-18.21527844887,6.));
#2533 = CARTESIAN_POINT('',(25.037324178116,-18.10880108845,6.));
#2534 = CARTESIAN_POINT('',(24.940448611946,-17.95384596565,6.));
#2535 = CARTESIAN_POINT('',(24.844762984879,-17.80663498288,6.));
#2536 = CARTESIAN_POINT('',(24.750508628283,-17.66707702458,6.));
#2537 = CARTESIAN_POINT('',(24.657924744757,-17.53507362513,6.));
#2538 = CARTESIAN_POINT('',(24.567247286189,-17.41052060143,6.));
#2539 = CARTESIAN_POINT('',(24.478709063067,-17.29330773834,6.));
#2540 = CARTESIAN_POINT('',(24.392539546162,-17.1833189679,6.));
#2541 = CARTESIAN_POINT('',(24.308964747678,-17.08043242844,6.));
#2542 = CARTESIAN_POINT('',(24.228207085132,-16.98452055704,6.));
#2543 = CARTESIAN_POINT('',(24.150485251198,-16.89545017849,6.));
#2544 = CARTESIAN_POINT('',(24.076014087387,-16.81308259427,6.));
#2545 = CARTESIAN_POINT('',(24.005004449875,-16.73727369016,6.));
#2546 = CARTESIAN_POINT('',(23.937663112064,-16.6678739916,6.));
#2547 = CARTESIAN_POINT('',(23.874192553043,-16.60472890645,6.));
#2548 = CARTESIAN_POINT('',(23.814791135351,-16.54767835599,6.));
#2549 = CARTESIAN_POINT('',(23.759652009155,-16.49655843399,6.));
#2550 = CARTESIAN_POINT('',(23.708966177332,-16.45119646663,6.));
#2551 = CARTESIAN_POINT('',(23.676454553116,-16.42312159307,6.));
#2552 = CARTESIAN_POINT('',(23.660983382148,-16.41000533629,6.));
#2553 = ORIENTED_EDGE('',*,*,#2554,.T.);
#2554 = EDGE_CURVE('',#2528,#2555,#2557,.T.);
#2555 = VERTEX_POINT('',#2556);
#2556 = CARTESIAN_POINT('',(24.096659761278,-15.69131157909,6.));
#2557 = B_SPLINE_CURVE_WITH_KNOTS('',1,(#2558,#2559),.UNSPECIFIED.,.F.,
  .F.,(2,2),(0.,0.840437162419),.PIECEWISE_BEZIER_KNOTS.);
#2558 = CARTESIAN_POINT('',(23.660983382148,-16.41000533629,6.));
#2559 = CARTESIAN_POINT('',(24.096659761278,-15.69131157909,6.));
#2560 = ORIENTED_EDGE('',*,*,#2561,.T.);
#2561 = EDGE_CURVE('',#2555,#2562,#2564,.T.);
#2562 = VERTEX_POINT('',#2563);
#2563 = CARTESIAN_POINT('',(26.426635833474,-16.13655656241,6.));
#2564 = B_SPLINE_CURVE_WITH_KNOTS('',3,(#2565,#2566,#2567,#2568,#2569,
    #2570,#2571,#2572,#2573,#2574,#2575,#2576,#2577,#2578,#2579,#2580,
    #2581,#2582,#2583,#2584,#2585,#2586),.UNSPECIFIED.,.F.,.F.,(4,1,1,1,
    1,1,1,1,1,1,1,1,1,1,1,1,1,1,1,4),(0.,6.084644507817E-02,
    0.128862891872,0.204049340401,0.286405790677,0.375932242711,
    0.472628696512,0.576495152085,0.687531609436,0.805738068568,
    0.931114529486,1.063660992193,1.20337745669,1.350263922979,
    1.504320391064,1.665546860944,1.833943332622,2.009509806099,
    2.192246281376,2.382152758453),.UNSPECIFIED.);
#2565 = CARTESIAN_POINT('',(24.096659761278,-15.69131157909,6.));
#2566 = CARTESIAN_POINT('',(24.115444634407,-15.69896153755,6.));
#2567 = CARTESIAN_POINT('',(24.155373668906,-15.71480061702,6.));
#2568 = CARTESIAN_POINT('',(24.219035695701,-15.73875699353,6.));
#2569 = CARTESIAN_POINT('',(24.289862540244,-15.76399838325,6.));
#2570 = CARTESIAN_POINT('',(24.367918948888,-15.7902755749,6.));
#2571 = CARTESIAN_POINT('',(24.453260901429,-15.81734150879,6.));
#2572 = CARTESIAN_POINT('',(24.545938573289,-15.84494627426,6.));
#2573 = CARTESIAN_POINT('',(24.645995371414,-15.87283884874,6.));
#2574 = CARTESIAN_POINT('',(24.753468179229,-15.90076676934,6.));
#2575 = CARTESIAN_POINT('',(24.868387239259,-15.92847643279,6.));
#2576 = CARTESIAN_POINT('',(24.990776149074,-15.95571320737,6.));
#2577 = CARTESIAN_POINT('',(25.120651827985,-15.98222160169,6.));
#2578 = CARTESIAN_POINT('',(25.258024496588,-16.00774541779,6.));
#2579 = CARTESIAN_POINT('',(25.402897658049,-16.0320279077,6.));
#2580 = CARTESIAN_POINT('',(25.555268079117,-16.05481193695,6.));
#2581 = CARTESIAN_POINT('',(25.715125792697,-16.07584011718,6.));
#2582 = CARTESIAN_POINT('',(25.882454030675,-16.09485506494,6.));
#2583 = CARTESIAN_POINT('',(26.057229452233,-16.11159915925,6.));
#2584 = CARTESIAN_POINT('',(26.239421215366,-16.12581629145,6.));
#2585 = CARTESIAN_POINT('',(26.363417696224,-16.13329206929,6.));
#2586 = CARTESIAN_POINT('',(26.426635833474,-16.13655656241,6.));
#2587 = ORIENTED_EDGE('',*,*,#2588,.T.);
#2588 = EDGE_CURVE('',#2562,#2589,#2591,.T.);
#2589 = VERTEX_POINT('',#2590);
#2590 = CARTESIAN_POINT('',(26.784718949664,-15.45017826869,6.));
#2591 = B_SPLINE_CURVE_WITH_KNOTS('',1,(#2592,#2593),.UNSPECIFIED.,.F.,
  .F.,(2,2),(0.,0.774169671453),.PIECEWISE_BEZIER_KNOTS.);
#2592 = CARTESIAN_POINT('',(26.426635833474,-16.13655656241,6.));
#2593 = CARTESIAN_POINT('',(26.784718949664,-15.45017826869,6.));
#2594 = ORIENTED_EDGE('',*,*,#2595,.T.);
#2595 = EDGE_CURVE('',#2589,#2596,#2598,.T.);
#2596 = VERTEX_POINT('',#2597);
#2597 = CARTESIAN_POINT('',(25.086523239254,-13.79392861319,6.));
#2598 = B_SPLINE_CURVE_WITH_KNOTS('',3,(#2599,#2600,#2601,#2602,#2603,
    #2604,#2605,#2606,#2607,#2608,#2609,#2610,#2611,#2612,#2613,#2614,
    #2615,#2616,#2617,#2618,#2619,#2620),.UNSPECIFIED.,.F.,.F.,(4,1,1,1,
    1,1,1,1,1,1,1,1,1,1,1,1,1,1,1,4),(0.,0.189906477077,0.372642952354,
    0.548209425831,0.716605897509,0.87783236739,1.031888835474,
    1.178775301764,1.318491766261,1.451038228967,1.576414689885,
    1.694621149018,1.805657606368,1.909524061941,2.006220515742,
    2.095746967776,2.178103418053,2.253289866581,2.321306313375,
    2.382152758453),.UNSPECIFIED.);
#2599 = CARTESIAN_POINT('',(26.784718949664,-15.45017826869,6.));
#2600 = CARTESIAN_POINT('',(26.745873353439,-15.40019617743,6.));
#2601 = CARTESIAN_POINT('',(26.66880147538,-15.30277472121,6.));
#2602 = CARTESIAN_POINT('',(26.552906034978,-15.16147995027,6.));
#2603 = CARTESIAN_POINT('',(26.439181062942,-15.02771357403,6.));
#2604 = CARTESIAN_POINT('',(26.327854257711,-14.90135436424,6.));
#2605 = CARTESIAN_POINT('',(26.219150266535,-14.78227407512,6.));
#2606 = CARTESIAN_POINT('',(26.113289781499,-14.67033920605,6.));
#2607 = CARTESIAN_POINT('',(26.010489607719,-14.56541067562,6.));
#2608 = CARTESIAN_POINT('',(25.910962489576,-14.4673440247,6.));
#2609 = CARTESIAN_POINT('',(25.814917000391,-14.37598949034,6.));
#2610 = CARTESIAN_POINT('',(25.722557419252,-14.29119211474,6.));
#2611 = CARTESIAN_POINT('',(25.6340836133,-14.21279185029,6.));
#2612 = CARTESIAN_POINT('',(25.54969092383,-14.14062366386,6.));
#2613 = CARTESIAN_POINT('',(25.469570046973,-14.0745176607,6.));
#2614 = CARTESIAN_POINT('',(25.39390694414,-14.01429915185,6.));
#2615 = CARTESIAN_POINT('',(25.322882663269,-13.95978892192,6.));
#2616 = CARTESIAN_POINT('',(25.25667346793,-13.91080284038,6.));
#2617 = CARTESIAN_POINT('',(25.195449962666,-13.86715364719,6.));
#2618 = CARTESIAN_POINT('',(25.139379501187,-13.82864566126,6.));
#2619 = CARTESIAN_POINT('',(25.103544661812,-13.80495877625,6.));
#2620 = CARTESIAN_POINT('',(25.086523239254,-13.79392861319,6.));
#2621 = ORIENTED_EDGE('',*,*,#2622,.T.);
#2622 = EDGE_CURVE('',#2596,#2623,#2625,.T.);
#2623 = VERTEX_POINT('',#2624);
#2624 = CARTESIAN_POINT('',(25.426718203542,-13.02542226302,6.));
#2625 = B_SPLINE_CURVE_WITH_KNOTS('',1,(#2626,#2627),.UNSPECIFIED.,.F.,
  .F.,(2,2),(0.,0.840437162419),.PIECEWISE_BEZIER_KNOTS.);
#2626 = CARTESIAN_POINT('',(25.086523239254,-13.79392861319,6.));
#2627 = CARTESIAN_POINT('',(25.426718203542,-13.02542226302,6.));
#2628 = ORIENTED_EDGE('',*,*,#2629,.T.);
#2629 = EDGE_CURVE('',#2623,#2630,#2632,.T.);
#2630 = VERTEX_POINT('',#2631);
#2631 = CARTESIAN_POINT('',(27.794501869115,-13.16906106428,6.));
#2632 = B_SPLINE_CURVE_WITH_KNOTS('',3,(#2633,#2634,#2635,#2636,#2637,
    #2638,#2639,#2640,#2641,#2642,#2643,#2644,#2645,#2646,#2647,#2648,
    #2649,#2650,#2651,#2652,#2653,#2654),.UNSPECIFIED.,.F.,.F.,(4,1,1,1,
    1,1,1,1,1,1,1,1,1,1,1,1,1,1,1,4),(0.,6.084644507817E-02,
    0.128862891872,0.204049340401,0.286405790677,0.375932242711,
    0.472628696512,0.576495152085,0.687531609436,0.805738068568,
    0.931114529486,1.063660992193,1.20337745669,1.350263922979,
    1.504320391064,1.665546860944,1.833943332622,2.009509806099,
    2.192246281376,2.382152758453),.UNSPECIFIED.);
#2633 = CARTESIAN_POINT('',(25.426718203542,-13.02542226302,6.));
#2634 = CARTESIAN_POINT('',(25.446327108099,-13.03060725918,6.));
#2635 = CARTESIAN_POINT('',(25.487953782302,-13.04121028842,6.));
#2636 = CARTESIAN_POINT('',(25.554156618169,-13.05682906411,6.));
#2637 = CARTESIAN_POINT('',(25.627629772572,-13.07280608652,6.));
#2638 = CARTESIAN_POINT('',(25.708405591866,-13.08888591081,6.));
#2639 = CARTESIAN_POINT('',(25.796508002959,-13.10481634709,6.));
#2640 = CARTESIAN_POINT('',(25.891954811473,-13.12034312019,6.));
#2641 = CARTESIAN_POINT('',(25.994756967924,-13.13521171766,6.));
#2642 = CARTESIAN_POINT('',(26.104918768691,-13.1491670328,6.));
#2643 = CARTESIAN_POINT('',(26.222437777939,-13.16195367708,6.));
#2644 = CARTESIAN_POINT('',(26.347304837925,-13.17331609171,6.));
#2645 = CARTESIAN_POINT('',(26.479504057534,-13.18299871929,6.));
#2646 = CARTESIAN_POINT('',(26.619012811583,-13.19074615825,6.));
#2647 = CARTESIAN_POINT('',(26.76580174228,-13.19630332057,6.));
#2648 = CARTESIAN_POINT('',(26.919834761289,-13.19941559628,6.));
#2649 = CARTESIAN_POINT('',(27.081069069253,-13.19982898475,6.));
#2650 = CARTESIAN_POINT('',(27.24945512226,-13.19729035991,6.));
#2651 = CARTESIAN_POINT('',(27.424936827278,-13.1915472006,6.));
#2652 = CARTESIAN_POINT('',(27.607450845069,-13.18234944479,6.));
#2653 = CARTESIAN_POINT('',(27.731385297783,-13.17390752857,6.));
#2654 = CARTESIAN_POINT('',(27.794501869115,-13.16906106428,6.));
#2655 = ORIENTED_EDGE('',*,*,#2656,.T.);
#2656 = EDGE_CURVE('',#2630,#2657,#2659,.T.);
#2657 = VERTEX_POINT('',#2658);
#2658 = CARTESIAN_POINT('',(28.061873019828,-12.44252727432,6.));
#2659 = B_SPLINE_CURVE_WITH_KNOTS('',1,(#2660,#2661),.UNSPECIFIED.,.F.,
  .F.,(2,2),(0.,0.774169671453),.PIECEWISE_BEZIER_KNOTS.);
#2660 = CARTESIAN_POINT('',(27.794501869115,-13.16906106428,6.));
#2661 = CARTESIAN_POINT('',(28.061873019828,-12.44252727432,6.));
#2662 = ORIENTED_EDGE('',*,*,#2663,.T.);
#2663 = EDGE_CURVE('',#2657,#2664,#2666,.T.);
#2664 = VERTEX_POINT('',#2665);
#2665 = CARTESIAN_POINT('',(26.16582296774,-11.01703585303,6.));
#2666 = B_SPLINE_CURVE_WITH_KNOTS('',3,(#2667,#2668,#2669,#2670,#2671,
    #2672,#2673,#2674,#2675,#2676,#2677,#2678,#2679,#2680,#2681,#2682,
    #2683,#2684,#2685,#2686,#2687,#2688),.UNSPECIFIED.,.F.,.F.,(4,1,1,1,
    1,1,1,1,1,1,1,1,1,1,1,1,1,1,1,4),(0.,0.189906477077,0.372642952354,
    0.548209425831,0.716605897509,0.87783236739,1.031888835474,
    1.178775301764,1.318491766261,1.451038228967,1.576414689885,
    1.694621149018,1.805657606368,1.909524061941,2.006220515742,
    2.095746967776,2.178103418053,2.253289866581,2.321306313375,
    2.382152758453),.UNSPECIFIED.);
#2667 = CARTESIAN_POINT('',(28.061873019828,-12.44252727432,6.));
#2668 = CARTESIAN_POINT('',(28.016954777445,-12.39792299993,6.));
#2669 = CARTESIAN_POINT('',(27.928057679132,-12.31115710553,6.));
#2670 = CARTESIAN_POINT('',(27.795045364424,-12.18584274267,6.));
#2671 = CARTESIAN_POINT('',(27.665148408315,-12.06771741318,6.));
#2672 = CARTESIAN_POINT('',(27.538577137515,-11.95663176662,6.));
#2673 = CARTESIAN_POINT('',(27.415537955219,-11.85242988288,6.));
#2674 = CARTESIAN_POINT('',(27.296232669951,-11.7549511359,6.));
#2675 = CARTESIAN_POINT('',(27.180858521526,-11.6640298617,6.));
#2676 = CARTESIAN_POINT('',(27.069608034672,-11.57949558201,6.));
#2677 = CARTESIAN_POINT('',(26.962668919064,-11.50117309166,6.));
#2678 = CARTESIAN_POINT('',(26.8602239611,-11.42888258244,6.));
#2679 = CARTESIAN_POINT('',(26.762450920578,-11.36243976226,6.));
#2680 = CARTESIAN_POINT('',(26.669522431077,-11.30165597323,6.));
#2681 = CARTESIAN_POINT('',(26.581605897457,-11.24633832977,6.));
#2682 = CARTESIAN_POINT('',(26.498863415661,-11.19628979688,6.));
#2683 = CARTESIAN_POINT('',(26.421451629667,-11.15130947863,6.));
#2684 = CARTESIAN_POINT('',(26.349521809838,-11.11119221613,6.));
#2685 = CARTESIAN_POINT('',(26.283219213771,-11.07573047029,6.));
#2686 = CARTESIAN_POINT('',(26.222684798062,-11.04470876586,6.));
#2687 = CARTESIAN_POINT('',(26.184115150599,-11.0257988074,6.));
#2688 = CARTESIAN_POINT('',(26.16582296774,-11.01703585303,6.));
#2689 = ORIENTED_EDGE('',*,*,#2690,.T.);
#2690 = EDGE_CURVE('',#2664,#2691,#2693,.T.);
#2691 = VERTEX_POINT('',#2692);
#2692 = CARTESIAN_POINT('',(26.404950525279,-10.21133576292,6.));
#2693 = B_SPLINE_CURVE_WITH_KNOTS('',1,(#2694,#2695),.UNSPECIFIED.,.F.,
  .F.,(2,2),(0.,0.840437162419),.PIECEWISE_BEZIER_KNOTS.);
#2694 = CARTESIAN_POINT('',(26.16582296774,-11.01703585303,6.));
#2695 = CARTESIAN_POINT('',(26.404950525279,-10.21133576292,6.));
#2696 = ORIENTED_EDGE('',*,*,#2697,.T.);
#2697 = EDGE_CURVE('',#2691,#2698,#2700,.T.);
#2698 = VERTEX_POINT('',#2699);
#2699 = CARTESIAN_POINT('',(28.7716628419,-10.05100983697,6.));
#2700 = B_SPLINE_CURVE_WITH_KNOTS('',3,(#2701,#2702,#2703,#2704,#2705,
    #2706,#2707,#2708,#2709,#2710,#2711,#2712,#2713,#2714,#2715,#2716,
    #2717,#2718,#2719,#2720,#2721,#2722),.UNSPECIFIED.,.F.,.F.,(4,1,1,1,
    1,1,1,1,1,1,1,1,1,1,1,1,1,1,1,4),(0.,6.084644507817E-02,
    0.128862891872,0.204049340401,0.286405790677,0.375932242711,
    0.472628696512,0.576495152085,0.687531609436,0.805738068568,
    0.931114529486,1.063660992193,1.20337745669,1.350263922979,
    1.504320391064,1.665546860944,1.833943332622,2.009509806099,
    2.192246281376,2.382152758453),.UNSPECIFIED.);
#2701 = CARTESIAN_POINT('',(26.404950525279,-10.21133576292,6.));
#2702 = CARTESIAN_POINT('',(26.425061483591,-10.21397065927,6.));
#2703 = CARTESIAN_POINT('',(26.467702288659,-10.21916353684,6.));
#2704 = CARTESIAN_POINT('',(26.535358884864,-10.22618825186,6.));
#2705 = CARTESIAN_POINT('',(26.610271921963,-10.23263856469,6.));
#2706 = CARTESIAN_POINT('',(26.692440815186,-10.23825699134,6.));
#2707 = CARTESIAN_POINT('',(26.781857045678,-10.24279035268,6.));
#2708 = CARTESIAN_POINT('',(26.878505756888,-10.24598418423,6.));
#2709 = CARTESIAN_POINT('',(26.982365263099,-10.24758466274,6.));
#2710 = CARTESIAN_POINT('',(27.093407203095,-10.24733822653,6.));
#2711 = CARTESIAN_POINT('',(27.211596502679,-10.24499189528,6.));
#2712 = CARTESIAN_POINT('',(27.336891399161,-10.24029337943,6.));
#2713 = CARTESIAN_POINT('',(27.469243451937,-10.23299125179,6.));
#2714 = CARTESIAN_POINT('',(27.608597561548,-10.22283510089,6.));
#2715 = CARTESIAN_POINT('',(27.754891991298,-10.20957568715,6.));
#2716 = CARTESIAN_POINT('',(27.908058390334,-10.19296510584,6.));
#2717 = CARTESIAN_POINT('',(28.068021829803,-10.17275691474,6.));
#2718 = CARTESIAN_POINT('',(28.234700803503,-10.14870640144,6.));
#2719 = CARTESIAN_POINT('',(28.408007387237,-10.12057029102,6.));
#2720 = CARTESIAN_POINT('',(28.587846784558,-10.08810867411,6.));
#2721 = CARTESIAN_POINT('',(28.709684208843,-10.06388767985,6.));
#2722 = CARTESIAN_POINT('',(28.7716628419,-10.05100983697,6.));
#2723 = ORIENTED_EDGE('',*,*,#2724,.T.);
#2724 = EDGE_CURVE('',#2698,#2725,#2727,.T.);
#2725 = VERTEX_POINT('',#2726);
#2726 = CARTESIAN_POINT('',(28.943931800233,-9.296250215514,6.));
#2727 = B_SPLINE_CURVE_WITH_KNOTS('',1,(#2728,#2729),.UNSPECIFIED.,.F.,
  .F.,(2,2),(0.,0.774169671453),.PIECEWISE_BEZIER_KNOTS.);
#2728 = CARTESIAN_POINT('',(28.7716628419,-10.05100983697,6.));
#2729 = CARTESIAN_POINT('',(28.943931800233,-9.296250215514,6.));
#2730 = ORIENTED_EDGE('',*,*,#2731,.T.);
#2731 = EDGE_CURVE('',#2725,#2732,#2734,.T.);
#2732 = VERTEX_POINT('',#2733);
#2733 = CARTESIAN_POINT('',(26.881160495904,-8.124923558165,6.));
#2734 = B_SPLINE_CURVE_WITH_KNOTS('',3,(#2735,#2736,#2737,#2738,#2739,
    #2740,#2741,#2742,#2743,#2744,#2745,#2746,#2747,#2748,#2749,#2750,
    #2751,#2752,#2753,#2754,#2755,#2756),.UNSPECIFIED.,.F.,.F.,(4,1,1,1,
    1,1,1,1,1,1,1,1,1,1,1,1,1,1,1,4),(0.,0.189906477077,0.372642952354,
    0.548209425831,0.716605897509,0.87783236739,1.031888835474,
    1.178775301764,1.318491766261,1.451038228967,1.576414689885,
    1.694621149018,1.805657606368,1.909524061941,2.006220515742,
    2.095746967776,2.178103418053,2.253289866581,2.321306313375,
    2.382152758453),.UNSPECIFIED.);
#2735 = CARTESIAN_POINT('',(28.943931800233,-9.296250215514,6.));
#2736 = CARTESIAN_POINT('',(28.893678467991,-9.257756158943,6.));
#2737 = CARTESIAN_POINT('',(28.794415837319,-9.183070519953,6.));
#2738 = CARTESIAN_POINT('',(28.646470706836,-9.075794223558,6.));
#2739 = CARTESIAN_POINT('',(28.502534671082,-8.975249555442,6.));
#2740 = CARTESIAN_POINT('',(28.36279723148,-8.881261495367,6.));
#2741 = CARTESIAN_POINT('',(28.227443158035,-8.793649009063,6.));
#2742 = CARTESIAN_POINT('',(28.096652062022,-8.712226982504,6.));
#2743 = CARTESIAN_POINT('',(27.970598379278,-8.636805889334,6.));
#2744 = CARTESIAN_POINT('',(27.849451253633,-8.567192031412,6.));
#2745 = CARTESIAN_POINT('',(27.733374448923,-8.5031876382,6.));
#2746 = CARTESIAN_POINT('',(27.622526257512,-8.444591003514,6.));
#2747 = CARTESIAN_POINT('',(27.517059413042,-8.391196616881,6.));
#2748 = CARTESIAN_POINT('',(27.417121006739,-8.342795293401,6.));
#2749 = CARTESIAN_POINT('',(27.322852403408,-8.299174323814,6.));
#2750 = CARTESIAN_POINT('',(27.23438917191,-8.260117562408,6.));
#2751 = CARTESIAN_POINT('',(27.15186098018,-8.225405731424,6.));
#2752 = CARTESIAN_POINT('',(27.075391621514,-8.194816012289,6.));
#2753 = CARTESIAN_POINT('',(27.005098621438,-8.168123994693,6.));
#2754 = CARTESIAN_POINT('',(26.941094224932,-8.145097947291,6.));
#2755 = CARTESIAN_POINT('',(26.900423081926,-8.131275416375,6.));
#2756 = CARTESIAN_POINT('',(26.881160495904,-8.124923558165,6.));
#2757 = ORIENTED_EDGE('',*,*,#2758,.T.);
#2758 = EDGE_CURVE('',#2732,#2759,#2761,.T.);
#2759 = VERTEX_POINT('',#2760);
#2760 = CARTESIAN_POINT('',(27.015294178808,-7.29525930132,6.));
#2761 = B_SPLINE_CURVE_WITH_KNOTS('',1,(#2762,#2763),.UNSPECIFIED.,.F.,
  .F.,(2,2),(0.,0.840437162419),.PIECEWISE_BEZIER_KNOTS.);
#2762 = CARTESIAN_POINT('',(26.881160495904,-8.124923558165,6.));
#2763 = CARTESIAN_POINT('',(27.015294178808,-7.29525930132,6.));
#2764 = ORIENTED_EDGE('',*,*,#2765,.T.);
#2765 = EDGE_CURVE('',#2759,#2766,#2768,.T.);
#2766 = VERTEX_POINT('',#2767);
#2767 = CARTESIAN_POINT('',(29.342073795671,-6.833601195434,6.));
#2768 = B_SPLINE_CURVE_WITH_KNOTS('',3,(#2769,#2770,#2771,#2772,#2773,
    #2774,#2775,#2776,#2777,#2778,#2779,#2780,#2781,#2782,#2783,#2784,
    #2785,#2786,#2787,#2788,#2789,#2790),.UNSPECIFIED.,.F.,.F.,(4,1,1,1,
    1,1,1,1,1,1,1,1,1,1,1,1,1,1,1,4),(0.,6.084644507817E-02,
    0.128862891872,0.204049340401,0.286405790677,0.375932242711,
    0.472628696512,0.576495152085,0.687531609436,0.805738068568,
    0.931114529486,1.063660992193,1.20337745669,1.350263922979,
    1.504320391064,1.665546860944,1.833943332622,2.009509806099,
    2.192246281376,2.382152758453),.UNSPECIFIED.);
#2769 = CARTESIAN_POINT('',(27.015294178808,-7.29525930132,6.));
#2770 = CARTESIAN_POINT('',(27.035576969497,-7.295300832938,6.));
#2771 = CARTESIAN_POINT('',(27.078531744589,-7.294998291931,6.));
#2772 = CARTESIAN_POINT('',(27.146531181692,-7.293313600643,6.));
#2773 = CARTESIAN_POINT('',(27.221654031489,-7.290131289937,6.));
#2774 = CARTESIAN_POINT('',(27.303866787688,-7.285196064536,6.));
#2775 = CARTESIAN_POINT('',(27.393128625545,-7.278257913284,6.));
#2776 = CARTESIAN_POINT('',(27.489392270286,-7.26906636065,6.));
#2777 = CARTESIAN_POINT('',(27.592603756035,-7.257372440384,6.));
#2778 = CARTESIAN_POINT('',(27.702702529676,-7.242928299295,6.));
#2779 = CARTESIAN_POINT('',(27.819621454564,-7.225487519224,6.));
#2780 = CARTESIAN_POINT('',(27.943286848806,-7.204805222386,6.));
#2781 = CARTESIAN_POINT('',(28.073618517701,-7.18063824026,6.));
#2782 = CARTESIAN_POINT('',(28.210529792248,-7.152745263209,6.));
#2783 = CARTESIAN_POINT('',(28.353927570558,-7.120886992635,6.));
#2784 = CARTESIAN_POINT('',(28.503712361584,-7.084826299594,6.));
#2785 = CARTESIAN_POINT('',(28.659778337304,-7.044328346843,6.));
#2786 = CARTESIAN_POINT('',(28.822013367557,-6.999160853862,6.));
#2787 = CARTESIAN_POINT('',(28.990299140693,-6.949093786491,6.));
#2788 = CARTESIAN_POINT('',(29.164510959613,-6.893901327312,6.));
#2789 = CARTESIAN_POINT('',(29.28225078833,-6.854298963076,6.));
#2790 = CARTESIAN_POINT('',(29.342073795671,-6.833601195434,6.));
#2791 = ORIENTED_EDGE('',*,*,#2792,.T.);
#2792 = EDGE_CURVE('',#2766,#2793,#2795,.T.);
#2793 = VERTEX_POINT('',#2794);
#2794 = CARTESIAN_POINT('',(29.41641191009,-6.063008874591,6.));
#2795 = B_SPLINE_CURVE_WITH_KNOTS('',1,(#2796,#2797),.UNSPECIFIED.,.F.,
  .F.,(2,2),(0.,0.774169671453),.PIECEWISE_BEZIER_KNOTS.);
#2796 = CARTESIAN_POINT('',(29.342073795671,-6.833601195434,6.));
#2797 = CARTESIAN_POINT('',(29.41641191009,-6.063008874591,6.));
#2798 = ORIENTED_EDGE('',*,*,#2799,.T.);
#2799 = EDGE_CURVE('',#2793,#2800,#2802,.T.);
#2800 = VERTEX_POINT('',#2801);
#2801 = CARTESIAN_POINT('',(27.220790001308,-5.165080132509,6.));
#2802 = B_SPLINE_CURVE_WITH_KNOTS('',3,(#2803,#2804,#2805,#2806,#2807,
    #2808,#2809,#2810,#2811,#2812,#2813,#2814,#2815,#2816,#2817,#2818,
    #2819,#2820,#2821,#2822,#2823,#2824),.UNSPECIFIED.,.F.,.F.,(4,1,1,1,
    1,1,1,1,1,1,1,1,1,1,1,1,1,1,1,4),(0.,0.189906477077,0.372642952354,
    0.548209425831,0.716605897509,0.87783236739,1.031888835474,
    1.178775301764,1.318491766261,1.451038228967,1.576414689885,
    1.694621149018,1.805657606368,1.909524061941,2.006220515742,
    2.095746967776,2.178103418053,2.253289866581,2.321306313375,
    2.382152758453),.UNSPECIFIED.);
#2803 = CARTESIAN_POINT('',(29.41641191009,-6.063008874591,6.));
#2804 = CARTESIAN_POINT('',(29.361648646315,-6.031257107184,6.));
#2805 = CARTESIAN_POINT('',(29.253650372936,-5.969878059729,6.));
#2806 = CARTESIAN_POINT('',(29.09320168163,-5.882401303616,6.));
#2807 = CARTESIAN_POINT('',(28.937589991959,-5.801088237552,6.));
#2808 = CARTESIAN_POINT('',(28.78698086845,-5.725741045308,6.));
#2809 = CARTESIAN_POINT('',(28.641534414,-5.65615655104,6.));
#2810 = CARTESIAN_POINT('',(28.501405093423,-5.592128192325,6.));
#2811 = CARTESIAN_POINT('',(28.366741674346,-5.533445692457,6.));
#2812 = CARTESIAN_POINT('',(28.237687142363,-5.47989531392,6.));
#2813 = CARTESIAN_POINT('',(28.114378626476,-5.431259968215,6.));
#2814 = CARTESIAN_POINT('',(27.996947325856,-5.387319363185,6.));
#2815 = CARTESIAN_POINT('',(27.885518440108,-5.347850144451,6.));
#2816 = CARTESIAN_POINT('',(27.780211102871,-5.312626034909,6.));
#2817 = CARTESIAN_POINT('',(27.68113831769,-5.281417994309,6.));
#2818 = CARTESIAN_POINT('',(27.588406900307,-5.253994315332,6.));
#2819 = CARTESIAN_POINT('',(27.502117413467,-5.230120938918,6.));
#2820 = CARTESIAN_POINT('',(27.422364140718,-5.209561045497,6.));
#2821 = CARTESIAN_POINT('',(27.349234945752,-5.192077038332,6.));
#2822 = CARTESIAN_POINT('',(27.28281151887,-5.177424735022,6.));
#2823 = CARTESIAN_POINT('',(27.240706699365,-5.168916597223,6.));
#2824 = CARTESIAN_POINT('',(27.220790001308,-5.165080132509,6.));
#2825 = ORIENTED_EDGE('',*,*,#2826,.T.);
#2826 = EDGE_CURVE('',#2800,#2827,#2829,.T.);
#2827 = VERTEX_POINT('',#2828);
#2828 = CARTESIAN_POINT('',(27.247727338213,-4.325074773088,6.));
#2829 = B_SPLINE_CURVE_WITH_KNOTS('',1,(#2830,#2831),.UNSPECIFIED.,.F.,
  .F.,(2,2),(0.,0.840437162419),.PIECEWISE_BEZIER_KNOTS.);
#2830 = CARTESIAN_POINT('',(27.220790001308,-5.165080132509,6.));
#2831 = CARTESIAN_POINT('',(27.247727338213,-4.325074773088,6.));
#2832 = ORIENTED_EDGE('',*,*,#2833,.T.);
#2833 = EDGE_CURVE('',#2827,#2834,#2836,.T.);
#2834 = VERTEX_POINT('',#2835);
#2835 = CARTESIAN_POINT('',(29.496368598336,-3.569664900599,6.));
#2836 = B_SPLINE_CURVE_WITH_KNOTS('',3,(#2837,#2838,#2839,#2840,#2841,
    #2842,#2843,#2844,#2845,#2846,#2847,#2848,#2849,#2850,#2851,#2852,
    #2853,#2854,#2855,#2856,#2857,#2858),.UNSPECIFIED.,.F.,.F.,(4,1,1,1,
    1,1,1,1,1,1,1,1,1,1,1,1,1,1,1,4),(0.,6.084644507817E-02,
    0.128862891872,0.204049340401,0.286405790677,0.375932242711,
    0.472628696512,0.576495152085,0.687531609436,0.805738068568,
    0.931114529486,1.063660992193,1.20337745669,1.350263922979,
    1.504320391064,1.665546860944,1.833943332622,2.009509806099,
    2.192246281376,2.382152758453),.UNSPECIFIED.);
#2837 = CARTESIAN_POINT('',(27.247727338213,-4.325074773088,6.));
#2838 = CARTESIAN_POINT('',(27.267848918416,-4.322522258027,6.));
#2839 = CARTESIAN_POINT('',(27.310412347314,-4.316729266158,6.));
#2840 = CARTESIAN_POINT('',(27.377638076438,-4.306362831149,6.));
#2841 = CARTESIAN_POINT('',(27.451737223816,-4.29360015036,6.));
#2842 = CARTESIAN_POINT('',(27.532643911806,-4.278192309175,6.));
#2843 = CARTESIAN_POINT('',(27.620285680119,-4.259896569577,6.));
#2844 = CARTESIAN_POINT('',(27.714583612004,-4.2384705578,6.));
#2845 = CARTESIAN_POINT('',(27.81545234755,-4.213674252607,6.));
#2846 = CARTESIAN_POINT('',(27.922800136015,-4.185269579039,6.));
#2847 = CARTESIAN_POINT('',(28.036528880693,-4.153020727269,6.));
#2848 = CARTESIAN_POINT('',(28.156534190342,-4.116694252188,6.));
#2849 = CARTESIAN_POINT('',(28.282705432956,-4.076059236755,6.));
#2850 = CARTESIAN_POINT('',(28.414925793095,-4.030887435468,6.));
#2851 = CARTESIAN_POINT('',(28.553072332411,-3.980953419973,6.));
#2852 = CARTESIAN_POINT('',(28.697016053298,-3.926034730784,6.));
#2853 = CARTESIAN_POINT('',(28.846621966263,-3.865911991654,6.));
#2854 = CARTESIAN_POINT('',(29.001749158357,-3.800369167972,6.));
#2855 = CARTESIAN_POINT('',(29.162250873153,-3.729193243512,6.));
#2856 = CARTESIAN_POINT('',(29.327974560422,-3.652176200724,6.));
#2857 = CARTESIAN_POINT('',(29.439683508838,-3.597842736238,6.));
#2858 = CARTESIAN_POINT('',(29.496368598336,-3.569664900599,6.));
#2859 = ORIENTED_EDGE('',*,*,#2860,.T.);
#2860 = EDGE_CURVE('',#2834,#2861,#2863,.T.);
#2861 = VERTEX_POINT('',#2862);
#2862 = CARTESIAN_POINT('',(29.471555239058,-2.795892984981,6.));
#2863 = B_SPLINE_CURVE_WITH_KNOTS('',1,(#2864,#2865),.UNSPECIFIED.,.F.,
  .F.,(2,2),(0.,0.774169671453),.PIECEWISE_BEZIER_KNOTS.);
#2864 = CARTESIAN_POINT('',(29.496368598336,-3.569664900599,6.));
#2865 = CARTESIAN_POINT('',(29.471555239058,-2.795892984981,6.));
#2866 = ORIENTED_EDGE('',*,*,#2867,.T.);
#2867 = EDGE_CURVE('',#2861,#2868,#2870,.T.);
#2868 = VERTEX_POINT('',#2869);
#2869 = CARTESIAN_POINT('',(27.179134776864,-2.186106123287,6.));
#2870 = B_SPLINE_CURVE_WITH_KNOTS('',3,(#2871,#2872,#2873,#2874,#2875,
    #2876,#2877,#2878,#2879,#2880,#2881,#2882,#2883,#2884,#2885,#2886,
    #2887,#2888,#2889,#2890,#2891,#2892),.UNSPECIFIED.,.F.,.F.,(4,1,1,1,
    1,1,1,1,1,1,1,1,1,1,1,1,1,1,1,4),(0.,0.189906477077,0.372642952354,
    0.548209425831,0.716605897509,0.87783236739,1.031888835474,
    1.178775301764,1.318491766261,1.451038228967,1.576414689885,
    1.694621149018,1.805657606368,1.909524061941,2.006220515742,
    2.095746967776,2.178103418053,2.253289866581,2.321306313375,
    2.382152758453),.UNSPECIFIED.);
#2871 = CARTESIAN_POINT('',(29.471555239058,-2.795892984981,6.));
#2872 = CARTESIAN_POINT('',(29.413181255027,-2.771404869882,6.));
#2873 = CARTESIAN_POINT('',(29.298220667605,-2.724340256225,6.));
#2874 = CARTESIAN_POINT('',(29.127902978551,-2.658099406311,6.));
#2875 = CARTESIAN_POINT('',(28.963170774605,-2.597353100595,6.));
#2876 = CARTESIAN_POINT('',(28.804162964833,-2.541883974996,6.));
#2877 = CARTESIAN_POINT('',(28.651012356139,-2.491470048236,6.));
#2878 = CARTESIAN_POINT('',(28.503845730567,-2.445886701246,6.));
#2879 = CARTESIAN_POINT('',(28.362783744775,-2.404906359704,6.));
#2880 = CARTESIAN_POINT('',(28.227940878302,-2.368298756288,6.));
#2881 = CARTESIAN_POINT('',(28.099425373659,-2.335831049122,6.));
#2882 = CARTESIAN_POINT('',(27.977339182541,-2.307267977268,6.));
#2883 = CARTESIAN_POINT('',(27.861777914739,-2.282372009913,6.));
#2884 = CARTESIAN_POINT('',(27.752830790134,-2.260903493214,6.));
#2885 = CARTESIAN_POINT('',(27.650580595495,-2.242620816765,6.));
#2886 = CARTESIAN_POINT('',(27.555103639537,-2.227280516267,6.));
#2887 = CARTESIAN_POINT('',(27.466469728575,-2.214637594604,6.));
#2888 = CARTESIAN_POINT('',(27.384742088278,-2.204445119777,6.));
#2889 = CARTESIAN_POINT('',(27.30997747778,-2.196456209958,6.));
#2890 = CARTESIAN_POINT('',(27.242225691355,-2.190418241155,6.));
#2891 = CARTESIAN_POINT('',(27.199378555324,-2.187364199861,6.));
#2892 = CARTESIAN_POINT('',(27.179134776864,-2.186106123287,6.));
#2893 = ORIENTED_EDGE('',*,*,#2894,.T.);
#2894 = EDGE_CURVE('',#2868,#2895,#2897,.T.);
#2895 = VERTEX_POINT('',#2896);
#2896 = CARTESIAN_POINT('',(27.098433457443,-1.349552526068,6.));
#2897 = B_SPLINE_CURVE_WITH_KNOTS('',1,(#2898,#2899),.UNSPECIFIED.,.F.,
  .F.,(2,2),(0.,0.840437162419),.PIECEWISE_BEZIER_KNOTS.);
#2898 = CARTESIAN_POINT('',(27.179134776864,-2.186106123287,6.));
#2899 = CARTESIAN_POINT('',(27.098433457443,-1.349552526068,6.));
#2900 = ORIENTED_EDGE('',*,*,#2901,.T.);
#2901 = EDGE_CURVE('',#2895,#2902,#2904,.T.);
#2902 = VERTEX_POINT('',#2903);
#2903 = CARTESIAN_POINT('',(29.232013733502,-0.312794696199,6.));
#2904 = B_SPLINE_CURVE_WITH_KNOTS('',3,(#2905,#2906,#2907,#2908,#2909,
    #2910,#2911,#2912,#2913,#2914,#2915,#2916,#2917,#2918,#2919,#2920,
    #2921,#2922,#2923,#2924,#2925,#2926),.UNSPECIFIED.,.F.,.F.,(4,1,1,1,
    1,1,1,1,1,1,1,1,1,1,1,1,1,1,1,4),(0.,6.084644507817E-02,
    0.128862891872,0.204049340401,0.286405790677,0.375932242711,
    0.472628696512,0.576495152085,0.687531609436,0.805738068568,
    0.931114529486,1.063660992193,1.20337745669,1.350263922979,
    1.504320391064,1.665546860944,1.833943332622,2.009509806099,
    2.192246281376,2.382152758453),.UNSPECIFIED.);
#2905 = CARTESIAN_POINT('',(27.098433457443,-1.349552526068,6.));
#2906 = CARTESIAN_POINT('',(27.11806343137,-1.344447876556,6.));
#2907 = CARTESIAN_POINT('',(27.159536623747,-1.333259554591,6.));
#2908 = CARTESIAN_POINT('',(27.224884800278,-1.314381592438,6.));
#2909 = CARTESIAN_POINT('',(27.296743539285,-1.292248104432,6.));
#2910 = CARTESIAN_POINT('',(27.375015673487,-1.266620643788,6.));
#2911 = CARTESIAN_POINT('',(27.459598296843,-1.237267731382,6.));
#2912 = CARTESIAN_POINT('',(27.550382146439,-1.203959074984,6.));
#2913 = CARTESIAN_POINT('',(27.647251869932,-1.16646753951,6.));
#2914 = CARTESIAN_POINT('',(27.750086025503,-1.124568737416,6.));
#2915 = CARTESIAN_POINT('',(27.858757167128,-1.078041339203,6.));
#2916 = CARTESIAN_POINT('',(27.973131908316,-1.026667165595,6.));
#2917 = CARTESIAN_POINT('',(28.093070996334,-0.970231342686,6.));
#2918 = CARTESIAN_POINT('',(28.218429387407,-0.908522436891,6.));
#2919 = CARTESIAN_POINT('',(28.349056325371,-0.841332591629,6.));
#2920 = CARTESIAN_POINT('',(28.484795424203,-0.768457669649,6.));
#2921 = CARTESIAN_POINT('',(28.625484749458,-0.689697357856,6.));
#2922 = CARTESIAN_POINT('',(28.770956919188,-0.604855414825,6.));
#2923 = CARTESIAN_POINT('',(28.921039141923,-0.513739339987,6.));
#2924 = CARTESIAN_POINT('',(29.075553519178,-0.416162331303,6.));
#2925 = CARTESIAN_POINT('',(29.179397329448,-0.347989920552,6.));
#2926 = CARTESIAN_POINT('',(29.232013733502,-0.312794696199,6.));
#2927 = ORIENTED_EDGE('',*,*,#2928,.T.);
#2928 = EDGE_CURVE('',#2902,#2929,#2931,.T.);
#2929 = VERTEX_POINT('',#2930);
#2930 = CARTESIAN_POINT('',(29.1084563352,0.451451500731,6.));
#2931 = B_SPLINE_CURVE_WITH_KNOTS('',1,(#2932,#2933),.UNSPECIFIED.,.F.,
  .F.,(2,2),(0.,0.774169671453),.PIECEWISE_BEZIER_KNOTS.);
#2932 = CARTESIAN_POINT('',(29.232013733502,-0.312794696199,6.));
#2933 = CARTESIAN_POINT('',(29.1084563352,0.451451500731,6.));
#2934 = ORIENTED_EDGE('',*,*,#2935,.T.);
#2935 = EDGE_CURVE('',#2929,#2936,#2938,.T.);
#2936 = VERTEX_POINT('',#2937);
#2937 = CARTESIAN_POINT('',(26.756878800206,0.763083798627,6.));
#2938 = B_SPLINE_CURVE_WITH_KNOTS('',3,(#2939,#2940,#2941,#2942,#2943,
    #2944,#2945,#2946,#2947,#2948,#2949,#2950,#2951,#2952,#2953,#2954,
    #2955,#2956,#2957,#2958,#2959,#2960),.UNSPECIFIED.,.F.,.F.,(4,1,1,1,
    1,1,1,1,1,1,1,1,1,1,1,1,1,1,1,4),(0.,0.189906477077,0.372642952354,
    0.548209425831,0.716605897509,0.87783236739,1.031888835474,
    1.178775301764,1.318491766261,1.451038228967,1.576414689885,
    1.694621149018,1.805657606368,1.909524061941,2.006220515742,
    2.095746967776,2.178103418053,2.253289866581,2.321306313375,
    2.382152758453),.UNSPECIFIED.);
#2939 = CARTESIAN_POINT('',(29.1084563352,0.451451500731,6.));
#2940 = CARTESIAN_POINT('',(29.047430130117,0.46827386935,6.));
#2941 = CARTESIAN_POINT('',(28.927394878318,0.500251249554,6.));
#2942 = CARTESIAN_POINT('',(28.750004803263,0.544168520346,6.));
#2943 = CARTESIAN_POINT('',(28.578856983276,0.583350613052,6.));
#2944 = CARTESIAN_POINT('',(28.414061391082,0.618030870498,6.));
#2945 = CARTESIAN_POINT('',(28.255721356905,0.648446434465,6.));
#2946 = CARTESIAN_POINT('',(28.103933898261,0.674836292434,6.));
#2947 = CARTESIAN_POINT('',(27.958789579662,0.697441579574,6.));
#2948 = CARTESIAN_POINT('',(27.820372494837,0.716505312034,6.));
#2949 = CARTESIAN_POINT('',(27.688760222472,0.732272261807,6.));
#2950 = CARTESIAN_POINT('',(27.564023792737,0.744988795635,6.));
#2951 = CARTESIAN_POINT('',(27.446227655704,0.754902720515,6.));
#2952 = CARTESIAN_POINT('',(27.335429652505,0.76226313192,6.));
#2953 = CARTESIAN_POINT('',(27.231680993779,0.767320243176,6.));
#2954 = CARTESIAN_POINT('',(27.135026228221,0.770325277885,6.));
#2955 = CARTESIAN_POINT('',(27.045503259506,0.771530148373,6.));
#2956 = CARTESIAN_POINT('',(26.963143217255,0.77118784445,6.));
#2957 = CARTESIAN_POINT('',(26.887970824063,0.769550479245,6.));
#2958 = CARTESIAN_POINT('',(26.820003160555,0.766874970261,6.));
#2959 = CARTESIAN_POINT('',(26.777117256786,0.764424767775,6.));
#2960 = CARTESIAN_POINT('',(26.756878800206,0.763083798627,6.));
#2961 = ORIENTED_EDGE('',*,*,#2962,.T.);
#2962 = EDGE_CURVE('',#2936,#2963,#2965,.T.);
#2963 = VERTEX_POINT('',#2964);
#2964 = CARTESIAN_POINT('',(26.569863937893,1.582449446705,6.));
#2965 = B_SPLINE_CURVE_WITH_KNOTS('',1,(#2966,#2967),.UNSPECIFIED.,.F.,
  .F.,(2,2),(0.,0.840437162419),.PIECEWISE_BEZIER_KNOTS.);
#2966 = CARTESIAN_POINT('',(26.756878800206,0.763083798627,6.));
#2967 = CARTESIAN_POINT('',(26.569863937893,1.582449446705,6.));
#2968 = ORIENTED_EDGE('',*,*,#2969,.T.);
#2969 = EDGE_CURVE('',#2963,#2970,#2972,.T.);
#2970 = VERTEX_POINT('',#2971);
#2971 = CARTESIAN_POINT('',(28.55334990074,2.88353169905,6.));
#2972 = B_SPLINE_CURVE_WITH_KNOTS('',3,(#2973,#2974,#2975,#2976,#2977,
    #2978,#2979,#2980,#2981,#2982,#2983,#2984,#2985,#2986,#2987,#2988,
    #2989,#2990,#2991,#2992,#2993,#2994),.UNSPECIFIED.,.F.,.F.,(4,1,1,1,
    1,1,1,1,1,1,1,1,1,1,1,1,1,1,1,4),(0.,6.084644507817E-02,
    0.128862891872,0.204049340401,0.286405790677,0.375932242711,
    0.472628696512,0.576495152085,0.687531609436,0.805738068568,
    0.931114529486,1.063660992193,1.20337745669,1.350263922979,
    1.504320391064,1.665546860944,1.833943332622,2.009509806099,
    2.192246281376,2.382152758453),.UNSPECIFIED.);
#2973 = CARTESIAN_POINT('',(26.569863937893,1.582449446705,6.));
#2974 = CARTESIAN_POINT('',(26.588679981914,1.590022412465,6.));
#2975 = CARTESIAN_POINT('',(26.628381949098,1.606422352588,6.));
#2976 = CARTESIAN_POINT('',(26.690779557784,1.633501866269,6.));
#2977 = CARTESIAN_POINT('',(26.759217969913,1.664642730231,6.));
#2978 = CARTESIAN_POINT('',(26.833570324047,1.700069008138,6.));
#2979 = CARTESIAN_POINT('',(26.913704958109,1.739997119341,6.));
#2980 = CARTESIAN_POINT('',(26.999484057115,1.784641493144,6.));
#2981 = CARTESIAN_POINT('',(27.090764170373,1.834212648924,6.));
#2982 = CARTESIAN_POINT('',(27.187396159059,1.88891760237,6.));
#2983 = CARTESIAN_POINT('',(27.289225320489,1.948959568435,6.));
#2984 = CARTESIAN_POINT('',(27.396091463128,2.014537878059,6.));
#2985 = CARTESIAN_POINT('',(27.50782900004,2.085847833794,6.));
#2986 = CARTESIAN_POINT('',(27.624267040732,2.163080585568,6.));
#2987 = CARTESIAN_POINT('',(27.745229486635,2.246423005196,6.));
#2988 = CARTESIAN_POINT('',(27.870535131161,2.336057555762,6.));
#2989 = CARTESIAN_POINT('',(27.999997753875,2.432162198077,6.));
#2990 = CARTESIAN_POINT('',(28.133426252235,2.534910158098,6.));
#2991 = CARTESIAN_POINT('',(28.270624636963,2.644470259884,6.));
#2992 = CARTESIAN_POINT('',(28.4113925824,2.761005022677,6.));
#2993 = CARTESIAN_POINT('',(28.505666142031,2.841896990595,6.));
#2994 = CARTESIAN_POINT('',(28.55334990074,2.88353169905,6.));
#2995 = ORIENTED_EDGE('',*,*,#2996,.T.);
#2996 = EDGE_CURVE('',#2970,#2997,#2999,.T.);
#2997 = VERTEX_POINT('',#2998);
#2998 = CARTESIAN_POINT('',(28.333077272479,3.625703275868,6.));
#2999 = B_SPLINE_CURVE_WITH_KNOTS('',1,(#3000,#3001),.UNSPECIFIED.,.F.,
  .F.,(2,2),(0.,0.774169671453),.PIECEWISE_BEZIER_KNOTS.);
#3000 = CARTESIAN_POINT('',(28.55334990074,2.88353169905,6.));
#3001 = CARTESIAN_POINT('',(28.333077272479,3.625703275868,6.));
#3002 = ORIENTED_EDGE('',*,*,#3003,.T.);
#3003 = EDGE_CURVE('',#2997,#3004,#3006,.T.);
#3004 = VERTEX_POINT('',#3005);
#3005 = CARTESIAN_POINT('',(25.960955502796,3.634064016251,6.));
#3006 = B_SPLINE_CURVE_WITH_KNOTS('',3,(#3007,#3008,#3009,#3010,#3011,
    #3012,#3013,#3014,#3015,#3016,#3017,#3018,#3019,#3020,#3021,#3022,
    #3023,#3024,#3025,#3026,#3027,#3028),.UNSPECIFIED.,.F.,.F.,(4,1,1,1,
    1,1,1,1,1,1,1,1,1,1,1,1,1,1,1,4),(0.,0.189906477077,0.372642952354,
    0.548209425831,0.716605897509,0.87783236739,1.031888835474,
    1.178775301764,1.318491766261,1.451038228967,1.576414689885,
    1.694621149018,1.805657606368,1.909524061941,2.006220515742,
    2.095746967776,2.178103418053,2.253289866581,2.321306313375,
    2.382152758453),.UNSPECIFIED.);
#3007 = CARTESIAN_POINT('',(28.333077272479,3.625703275868,6.));
#3008 = CARTESIAN_POINT('',(28.270400894944,3.634583675179,6.));
#3009 = CARTESIAN_POINT('',(28.147261954284,3.650948754232,6.));
#3010 = CARTESIAN_POINT('',(27.965712233356,3.671821325528,6.));
#3011 = CARTESIAN_POINT('',(27.790959039801,3.688795836347,6.));
#3012 = CARTESIAN_POINT('',(27.623081604252,3.70211777677,6.));
#3013 = CARTESIAN_POINT('',(27.462152083575,3.712035555226,6.));
#3014 = CARTESIAN_POINT('',(27.308236137735,3.718798603436,6.));
#3015 = CARTESIAN_POINT('',(27.161392752026,3.722657657983,6.));
#3016 = CARTESIAN_POINT('',(27.021674253556,3.723864493527,6.));
#3017 = CARTESIAN_POINT('',(26.889126283343,3.722671793027,6.));
#3018 = CARTESIAN_POINT('',(26.763787783719,3.719332983695,6.));
#3019 = CARTESIAN_POINT('',(26.645690986768,3.714102079728,6.));
#3020 = CARTESIAN_POINT('',(26.534861405124,3.707233528088,6.));
#3021 = CARTESIAN_POINT('',(26.431317832418,3.698982036524,6.));
#3022 = CARTESIAN_POINT('',(26.335072325841,3.689602462856,6.));
#3023 = CARTESIAN_POINT('',(26.246130264043,3.67934949823,6.));
#3024 = CARTESIAN_POINT('',(26.164490169455,3.668478036177,6.));
#3025 = CARTESIAN_POINT('',(26.090144322187,3.65724128144,6.));
#3026 = CARTESIAN_POINT('',(26.023076808752,3.645896226452,6.));
#3027 = CARTESIAN_POINT('',(25.980856322599,3.637982012445,6.));
#3028 = CARTESIAN_POINT('',(25.960955502796,3.634064016251,6.));
#3029 = ORIENTED_EDGE('',*,*,#3030,.T.);
#3030 = EDGE_CURVE('',#3004,#3031,#3033,.T.);
#3031 = VERTEX_POINT('',#3032);
#3032 = CARTESIAN_POINT('',(25.67069787646,4.422787753898,6.));
#3033 = B_SPLINE_CURVE_WITH_KNOTS('',1,(#3034,#3035),.UNSPECIFIED.,.F.,
  .F.,(2,2),(0.,0.840437162419),.PIECEWISE_BEZIER_KNOTS.);
#3034 = CARTESIAN_POINT('',(25.960955502796,3.634064016251,6.));
#3035 = CARTESIAN_POINT('',(25.67069787646,4.422787753898,6.));
#3036 = ORIENTED_EDGE('',*,*,#3037,.T.);
#3037 = EDGE_CURVE('',#3031,#3038,#3040,.T.);
#3038 = VERTEX_POINT('',#3039);
#3039 = CARTESIAN_POINT('',(27.471520741422,5.966830694107,6.));
#3040 = B_SPLINE_CURVE_WITH_KNOTS('',3,(#3041,#3042,#3043,#3044,#3045,
    #3046,#3047,#3048,#3049,#3050,#3051,#3052,#3053,#3054,#3055,#3056,
    #3057,#3058,#3059,#3060,#3061,#3062),.UNSPECIFIED.,.F.,.F.,(4,1,1,1,
    1,1,1,1,1,1,1,1,1,1,1,1,1,1,1,4),(0.,6.084644507817E-02,
    0.128862891872,0.204049340401,0.286405790677,0.375932242711,
    0.472628696512,0.576495152085,0.687531609436,0.805738068568,
    0.931114529486,1.063660992193,1.20337745669,1.350263922979,
    1.504320391064,1.665546860944,1.833943332622,2.009509806099,
    2.192246281376,2.382152758453),.UNSPECIFIED.);
#3041 = CARTESIAN_POINT('',(25.67069787646,4.422787753898,6.));
#3042 = CARTESIAN_POINT('',(25.688391031652,4.432704688017,6.));
#3043 = CARTESIAN_POINT('',(25.72566986844,4.454046959736,6.));
#3044 = CARTESIAN_POINT('',(25.784092342272,4.488883380079,6.));
#3045 = CARTESIAN_POINT('',(25.847986670688,4.528520287871,6.));
#3046 = CARTESIAN_POINT('',(25.917198381154,4.573163684538,6.));
#3047 = CARTESIAN_POINT('',(25.991569217446,4.623011376056,6.));
#3048 = CARTESIAN_POINT('',(26.070935075428,4.67825840788,6.));
#3049 = CARTESIAN_POINT('',(26.155126761515,4.739095226958,6.));
#3050 = CARTESIAN_POINT('',(26.243969888733,4.805708077933,6.));
#3051 = CARTESIAN_POINT('',(26.337285037953,4.878278724427,6.));
#3052 = CARTESIAN_POINT('',(26.434887842935,4.956984376037,6.));
#3053 = CARTESIAN_POINT('',(26.536589101475,5.041997557094,6.));
#3054 = CARTESIAN_POINT('',(26.642194882376,5.1334859952,6.));
#3055 = CARTESIAN_POINT('',(26.751506636201,5.231612508967,6.));
#3056 = CARTESIAN_POINT('',(26.864321311201,5.336534891277,6.));
#3057 = CARTESIAN_POINT('',(26.980431458689,5.448405828544,6.));
#3058 = CARTESIAN_POINT('',(27.099625393426,5.567372686892,6.));
#3059 = CARTESIAN_POINT('',(27.221687146461,5.693577841783,6.));
#3060 = CARTESIAN_POINT('',(27.346397254308,5.827156861103,6.));
#3061 = CARTESIAN_POINT('',(27.429552594058,5.91944014231,6.));
#3062 = CARTESIAN_POINT('',(27.471520741422,5.966830694107,6.));
#3063 = ORIENTED_EDGE('',*,*,#3064,.T.);
#3064 = EDGE_CURVE('',#3038,#3065,#3067,.T.);
#3065 = VERTEX_POINT('',#3066);
#3066 = CARTESIAN_POINT('',(27.158149753667,6.67474121404,6.));
#3067 = B_SPLINE_CURVE_WITH_KNOTS('',1,(#3068,#3069),.UNSPECIFIED.,.F.,
  .F.,(2,2),(0.,0.774169671453),.PIECEWISE_BEZIER_KNOTS.);
#3068 = CARTESIAN_POINT('',(27.471520741422,5.966830694107,6.));
#3069 = CARTESIAN_POINT('',(27.158149753667,6.67474121404,6.));
#3070 = ORIENTED_EDGE('',*,*,#3071,.T.);
#3071 = EDGE_CURVE('',#3065,#3072,#3074,.T.);
#3072 = VERTEX_POINT('',#3073);
#3073 = CARTESIAN_POINT('',(24.804433923174,6.379693113782,6.));
#3074 = B_SPLINE_CURVE_WITH_KNOTS('',3,(#3075,#3076,#3077,#3078,#3079,
    #3080,#3081,#3082,#3083,#3084,#3085,#3086,#3087,#3088,#3089,#3090,
    #3091,#3092,#3093,#3094,#3095,#3096),.UNSPECIFIED.,.F.,.F.,(4,1,1,1,
    1,1,1,1,1,1,1,1,1,1,1,1,1,1,1,4),(0.,0.189906477077,0.372642952354,
    0.548209425831,0.716605897509,0.87783236739,1.031888835474,
    1.178775301764,1.318491766261,1.451038228967,1.576414689885,
    1.694621149018,1.805657606368,1.909524061941,2.006220515742,
    2.095746967776,2.178103418053,2.253289866581,2.321306313375,
    2.382152758453),.UNSPECIFIED.);
#3075 = CARTESIAN_POINT('',(27.158149753667,6.67474121404,6.));
#3076 = CARTESIAN_POINT('',(27.094852348068,6.675533828131,6.));
#3077 = CARTESIAN_POINT('',(26.970631656548,6.676017891886,6.));
#3078 = CARTESIAN_POINT('',(26.787903331145,6.673503036644,6.));
#3079 = CARTESIAN_POINT('',(26.612414206629,6.667991244576,6.));
#3080 = CARTESIAN_POINT('',(26.444211470575,6.659736122084,6.));
#3081 = CARTESIAN_POINT('',(26.28333492168,6.648993265381,6.));
#3082 = CARTESIAN_POINT('',(26.129817784218,6.636018454766,6.));
#3083 = CARTESIAN_POINT('',(25.983686495734,6.621067911152,6.));
#3084 = CARTESIAN_POINT('',(25.844960757501,6.604398033574,6.));
#3085 = CARTESIAN_POINT('',(25.713653523445,6.586265266911,6.));
#3086 = CARTESIAN_POINT('',(25.589771008632,6.566925937576,6.));
#3087 = CARTESIAN_POINT('',(25.473312697904,6.546636096059,6.));
#3088 = CARTESIAN_POINT('',(25.364271356482,6.525651362802,6.));
#3089 = CARTESIAN_POINT('',(25.262633052397,6.504226757682,6.));
#3090 = CARTESIAN_POINT('',(25.168377153357,6.482616587978,6.));
#3091 = CARTESIAN_POINT('',(25.081476424672,6.461074141633,6.));
#3092 = CARTESIAN_POINT('',(25.001896805842,6.439852030558,6.));
#3093 = CARTESIAN_POINT('',(24.929598261255,6.41920039349,6.));
#3094 = CARTESIAN_POINT('',(24.864532144609,6.399372077987,6.));
#3095 = CARTESIAN_POINT('',(24.823670335288,6.386123803633,6.));
#3096 = CARTESIAN_POINT('',(24.804433923174,6.379693113782,6.));
#3097 = ORIENTED_EDGE('',*,*,#3098,.T.);
#3098 = EDGE_CURVE('',#3072,#3099,#3101,.T.);
#3099 = VERTEX_POINT('',#3100);
#3100 = CARTESIAN_POINT('',(24.415699555014,7.124824119033,6.));
#3101 = B_SPLINE_CURVE_WITH_KNOTS('',1,(#3102,#3103),.UNSPECIFIED.,.F.,
  .F.,(2,2),(0.,0.840437162419),.PIECEWISE_BEZIER_KNOTS.);
#3102 = CARTESIAN_POINT('',(24.804433923174,6.379693113782,6.));
#3103 = CARTESIAN_POINT('',(24.415699555014,7.124824119033,6.));
#3104 = ORIENTED_EDGE('',*,*,#3105,.T.);
#3105 = EDGE_CURVE('',#3099,#3106,#3108,.T.);
#3106 = VERTEX_POINT('',#3107);
#3107 = CARTESIAN_POINT('',(26.004289860435,8.886474604715,6.));
#3108 = B_SPLINE_CURVE_WITH_KNOTS('',3,(#3109,#3110,#3111,#3112,#3113,
    #3114,#3115,#3116,#3117,#3118,#3119,#3120,#3121,#3122,#3123,#3124,
    #3125,#3126,#3127,#3128,#3129,#3130),.UNSPECIFIED.,.F.,.F.,(4,1,1,1,
    1,1,1,1,1,1,1,1,1,1,1,1,1,1,1,4),(0.,6.084644507817E-02,
    0.128862891872,0.204049340401,0.286405790677,0.375932242711,
    0.472628696512,0.576495152085,0.687531609436,0.805738068568,
    0.931114529486,1.063660992193,1.20337745669,1.350263922979,
    1.504320391064,1.665546860944,1.833943332622,2.009509806099,
    2.192246281376,2.382152758453),.UNSPECIFIED.);
#3109 = CARTESIAN_POINT('',(24.415699555014,7.124824119033,6.));
#3110 = CARTESIAN_POINT('',(24.431979300259,7.136922185727,6.));
#3111 = CARTESIAN_POINT('',(24.466222889181,7.162856349529,6.));
#3112 = CARTESIAN_POINT('',(24.519710932754,7.204877663475,6.));
#3113 = CARTESIAN_POINT('',(24.57801203435,7.252359778168,6.));
#3114 = CARTESIAN_POINT('',(24.640946646777,7.305487250255,6.));
#3115 = CARTESIAN_POINT('',(24.708332518223,7.364436024372,6.));
#3116 = CARTESIAN_POINT('',(24.779981949986,7.429378559482,6.));
#3117 = CARTESIAN_POINT('',(24.855702783745,7.50048210297,6.));
#3118 = CARTESIAN_POINT('',(24.935298247802,7.577909070304,6.));
#3119 = CARTESIAN_POINT('',(25.018567152642,7.661816789217,6.));
#3120 = CARTESIAN_POINT('',(25.105303984608,7.752357438189,6.));
#3121 = CARTESIAN_POINT('',(25.195299032921,7.849677930487,6.));
#3122 = CARTESIAN_POINT('',(25.288338510029,7.953919817299,6.));
#3123 = CARTESIAN_POINT('',(25.384204675799,8.065219190563,6.));
#3124 = CARTESIAN_POINT('',(25.482675967431,8.183706582,6.));
#3125 = CARTESIAN_POINT('',(25.583527114279,8.309506896522,6.));
#3126 = CARTESIAN_POINT('',(25.68652932428,8.442739220671,6.));
#3127 = CARTESIAN_POINT('',(25.791450195013,8.583517143514,6.));
#3128 = CARTESIAN_POINT('',(25.898054728747,8.731947055557,6.));
#3129 = CARTESIAN_POINT('',(25.968726440235,8.834106361127,6.));
#3130 = CARTESIAN_POINT('',(26.004289860435,8.886474604715,6.));
#3131 = ORIENTED_EDGE('',*,*,#3132,.T.);
#3132 = EDGE_CURVE('',#3106,#3133,#3135,.T.);
#3133 = VERTEX_POINT('',#3134);
#3134 = CARTESIAN_POINT('',(25.602966056143,9.548500196596,6.));
#3135 = B_SPLINE_CURVE_WITH_KNOTS('',1,(#3136,#3137),.UNSPECIFIED.,.F.,
  .F.,(2,2),(0.,0.774169671453),.PIECEWISE_BEZIER_KNOTS.);
#3136 = CARTESIAN_POINT('',(26.004289860435,8.886474604715,6.));
#3137 = CARTESIAN_POINT('',(25.602966056143,9.548500196596,6.));
#3138 = ORIENTED_EDGE('',*,*,#3139,.T.);
#3139 = EDGE_CURVE('',#3133,#3140,#3142,.T.);
#3140 = VERTEX_POINT('',#3141);
#3141 = CARTESIAN_POINT('',(23.306304113703,8.954887937347,6.));
#3142 = B_SPLINE_CURVE_WITH_KNOTS('',3,(#3143,#3144,#3145,#3146,#3147,
    #3148,#3149,#3150,#3151,#3152,#3153,#3154,#3155,#3156,#3157,#3158,
    #3159,#3160,#3161,#3162,#3163,#3164),.UNSPECIFIED.,.F.,.F.,(4,1,1,1,
    1,1,1,1,1,1,1,1,1,1,1,1,1,1,1,4),(0.,0.189906477077,0.372642952354,
    0.548209425831,0.716605897509,0.87783236739,1.031888835474,
    1.178775301764,1.318491766261,1.451038228967,1.576414689885,
    1.694621149018,1.805657606368,1.909524061941,2.006220515742,
    2.095746967776,2.178103418053,2.253289866581,2.321306313375,
    2.382152758453),.UNSPECIFIED.);
#3143 = CARTESIAN_POINT('',(25.602966056143,9.548500196596,6.));
#3144 = CARTESIAN_POINT('',(25.540086964128,9.541192010766,6.));
#3145 = CARTESIAN_POINT('',(25.416824222069,9.525787110911,6.));
#3146 = CARTESIAN_POINT('',(25.235917686242,9.499926122983,6.));
#3147 = CARTESIAN_POINT('',(25.062574157337,9.472018531503,6.));
#3148 = CARTESIAN_POINT('',(24.896808005056,9.442321894978,6.));
#3149 = CARTESIAN_POINT('',(24.738626016427,9.411094800526,6.));
#3150 = CARTESIAN_POINT('',(24.588028434496,9.378595177118,6.));
#3151 = CARTESIAN_POINT('',(24.445008714953,9.345080522856,6.));
#3152 = CARTESIAN_POINT('',(24.309553609744,9.310807651084,6.));
#3153 = CARTESIAN_POINT('',(24.181643172999,9.276032557785,6.));
#3154 = CARTESIAN_POINT('',(24.061250790464,9.2410102597,6.));
#3155 = CARTESIAN_POINT('',(23.948343208201,9.205994639271,6.));
#3156 = CARTESIAN_POINT('',(23.842880562813,9.171238293137,6.));
#3157 = CARTESIAN_POINT('',(23.744816425493,9.136992365883,6.));
#3158 = CARTESIAN_POINT('',(23.654097813246,9.103506438533,6.));
#3159 = CARTESIAN_POINT('',(23.570665325237,9.071028236842,6.));
#3160 = CARTESIAN_POINT('',(23.494452877307,9.039803943221,6.));
#3161 = CARTESIAN_POINT('',(23.425388775504,9.010076523133,6.));
#3162 = CARTESIAN_POINT('',(23.363392439483,8.982090527507,6.));
#3163 = CARTESIAN_POINT('',(23.324560256774,8.963725729106,6.));
#3164 = CARTESIAN_POINT('',(23.306304113703,8.954887937347,6.));
#3165 = ORIENTED_EDGE('',*,*,#3166,.T.);
#3166 = EDGE_CURVE('',#3140,#3167,#3169,.T.);
#3167 = VERTEX_POINT('',#3168);
#3168 = CARTESIAN_POINT('',(22.825476011297,9.644191179696,6.));
#3169 = B_SPLINE_CURVE_WITH_KNOTS('',1,(#3170,#3171),.UNSPECIFIED.,.F.,
  .F.,(2,2),(0.,0.840437162419),.PIECEWISE_BEZIER_KNOTS.);
#3170 = CARTESIAN_POINT('',(23.306304113703,8.954887937347,6.));
#3171 = CARTESIAN_POINT('',(22.825476011297,9.644191179696,6.));
#3172 = ORIENTED_EDGE('',*,*,#3173,.T.);
#3173 = EDGE_CURVE('',#3167,#3174,#3176,.T.);
#3174 = VERTEX_POINT('',#3175);
#3175 = CARTESIAN_POINT('',(24.175749148281,11.594522958578,6.));
#3176 = B_SPLINE_CURVE_WITH_KNOTS('',3,(#3177,#3178,#3179,#3180,#3181,
    #3182,#3183,#3184,#3185,#3186,#3187,#3188,#3189,#3190,#3191,#3192,
    #3193,#3194,#3195,#3196,#3197,#3198),.UNSPECIFIED.,.F.,.F.,(4,1,1,1,
    1,1,1,1,1,1,1,1,1,1,1,1,1,1,1,4),(0.,6.084644507817E-02,
    0.128862891872,0.204049340401,0.286405790677,0.375932242711,
    0.472628696512,0.576495152085,0.687531609436,0.805738068568,
    0.931114529486,1.063660992193,1.20337745669,1.350263922979,
    1.504320391064,1.665546860944,1.833943332622,2.009509806099,
    2.192246281376,2.382152758453),.UNSPECIFIED.);
#3177 = CARTESIAN_POINT('',(22.825476011297,9.644191179696,6.));
#3178 = CARTESIAN_POINT('',(22.840075033628,9.658271729045,6.));
#3179 = CARTESIAN_POINT('',(22.8707210959,9.688371946677,6.));
#3180 = CARTESIAN_POINT('',(22.918396437018,9.736888165413,6.));
#3181 = CARTESIAN_POINT('',(22.970147009318,9.791435831996,6.));
#3182 = CARTESIAN_POINT('',(23.025771139108,9.85217502788,6.));
#3183 = CARTESIAN_POINT('',(23.085065571562,9.919256947354,6.));
#3184 = CARTESIAN_POINT('',(23.147822095419,9.992828631119,6.));
#3185 = CARTESIAN_POINT('',(23.213828742853,10.0730313808,6.));
#3186 = CARTESIAN_POINT('',(23.28286958843,10.160001115828,6.));
#3187 = CARTESIAN_POINT('',(23.354724975773,10.253868144737,6.));
#3188 = CARTESIAN_POINT('',(23.42917161834,10.354757116117,6.));
#3189 = CARTESIAN_POINT('',(23.505982740223,10.462786919863,6.));
#3190 = CARTESIAN_POINT('',(23.584928207895,10.578070606483,6.));
#3191 = CARTESIAN_POINT('',(23.665774665819,10.700715306611,6.));
#3192 = CARTESIAN_POINT('',(23.748285678196,10.830822147483,6.));
#3193 = CARTESIAN_POINT('',(23.832221851363,10.968486201574,6.));
#3194 = CARTESIAN_POINT('',(23.917341043186,11.113796320445,6.));
#3195 = CARTESIAN_POINT('',(24.00339823382,11.266835441638,6.));
#3196 = CARTESIAN_POINT('',(24.090146749944,11.427679031352,6.));
#3197 = CARTESIAN_POINT('',(24.147174405622,11.538036908312,6.));
#3198 = CARTESIAN_POINT('',(24.175749148281,11.594522958578,6.));
#3199 = ORIENTED_EDGE('',*,*,#3200,.T.);
#3200 = EDGE_CURVE('',#3174,#3201,#3203,.T.);
#3201 = VERTEX_POINT('',#3202);
#3202 = CARTESIAN_POINT('',(23.693062253222,12.199793180492,6.));
#3203 = B_SPLINE_CURVE_WITH_KNOTS('',1,(#3204,#3205),.UNSPECIFIED.,.F.,
  .F.,(2,2),(0.,0.774169671453),.PIECEWISE_BEZIER_KNOTS.);
#3204 = CARTESIAN_POINT('',(24.175749148281,11.594522958578,6.));
#3205 = CARTESIAN_POINT('',(23.693062253222,12.199793180492,6.));
#3206 = ORIENTED_EDGE('',*,*,#3207,.T.);
#3207 = EDGE_CURVE('',#3201,#3208,#3210,.T.);
#3208 = VERTEX_POINT('',#3209);
#3209 = CARTESIAN_POINT('',(21.491165324436,11.317363859138,6.));
#3210 = B_SPLINE_CURVE_WITH_KNOTS('',3,(#3211,#3212,#3213,#3214,#3215,
    #3216,#3217,#3218,#3219,#3220,#3221,#3222,#3223,#3224,#3225,#3226,
    #3227,#3228,#3229,#3230,#3231,#3232),.UNSPECIFIED.,.F.,.F.,(4,1,1,1,
    1,1,1,1,1,1,1,1,1,1,1,1,1,1,1,4),(0.,0.189906477077,0.372642952354,
    0.548209425831,0.716605897509,0.87783236739,1.031888835474,
    1.178775301764,1.318491766261,1.451038228967,1.576414689885,
    1.694621149018,1.805657606368,1.909524061941,2.006220515742,
    2.095746967776,2.178103418053,2.253289866581,2.321306313375,
    2.382152758453),.UNSPECIFIED.);
#3211 = CARTESIAN_POINT('',(23.693062253222,12.199793180492,6.));
#3212 = CARTESIAN_POINT('',(23.631633947744,12.184504194951,6.));
#3213 = CARTESIAN_POINT('',(23.511353125964,12.153463279515,6.));
#3214 = CARTESIAN_POINT('',(23.335238860029,12.104680795609,6.));
#3215 = CARTESIAN_POINT('',(23.166887222689,12.054835646596,6.));
#3216 = CARTESIAN_POINT('',(23.006279529817,12.004185113989,6.));
#3217 = CARTESIAN_POINT('',(22.853389445334,11.952986529815,6.));
#3218 = CARTESIAN_POINT('',(22.708184227066,11.901495736532,6.));
#3219 = CARTESIAN_POINT('',(22.570624456306,11.849967281318,6.));
#3220 = CARTESIAN_POINT('',(22.440664153202,11.798654174961,6.));
#3221 = CARTESIAN_POINT('',(22.318250799604,11.747807761096,6.));
#3222 = CARTESIAN_POINT('',(22.20332538894,11.697677559427,6.));
#3223 = CARTESIAN_POINT('',(22.095822474522,11.648511115606,6.));
#3224 = CARTESIAN_POINT('',(21.995670218888,11.600553854836,6.));
#3225 = CARTESIAN_POINT('',(21.902790458757,11.554048922629,6.));
#3226 = CARTESIAN_POINT('',(21.817098730408,11.509237075633,6.));
#3227 = CARTESIAN_POINT('',(21.738504442222,11.46635640977,6.));
#3228 = CARTESIAN_POINT('',(21.666910571479,11.425642635642,6.));
#3229 = CARTESIAN_POINT('',(21.602214943102,11.387327555949,6.));
#3230 = CARTESIAN_POINT('',(21.544306365831,11.351643409476,6.));
#3231 = CARTESIAN_POINT('',(21.5081414331,11.328463636508,6.));
#3232 = CARTESIAN_POINT('',(21.491165324436,11.317363859138,6.));
#3233 = ORIENTED_EDGE('',*,*,#3234,.T.);
#3234 = EDGE_CURVE('',#3208,#3235,#3237,.T.);
#3235 = VERTEX_POINT('',#3236);
#3236 = CARTESIAN_POINT('',(20.926138671933,11.939520998402,6.));
#3237 = B_SPLINE_CURVE_WITH_KNOTS('',1,(#3238,#3239),.UNSPECIFIED.,.F.,
  .F.,(2,2),(0.,0.840437162419),.PIECEWISE_BEZIER_KNOTS.);
#3238 = CARTESIAN_POINT('',(21.491165324436,11.317363859138,6.));
#3239 = CARTESIAN_POINT('',(20.926138671933,11.939520998402,6.));
#3240 = ORIENTED_EDGE('',*,*,#3241,.T.);
#3241 = EDGE_CURVE('',#3235,#3242,#3244,.T.);
#3242 = VERTEX_POINT('',#3243);
#3243 = CARTESIAN_POINT('',(22.015923192901,14.046509676596,6.));
#3244 = B_SPLINE_CURVE_WITH_KNOTS('',3,(#3245,#3246,#3247,#3248,#3249,
    #3250,#3251,#3252,#3253,#3254,#3255,#3256,#3257,#3258,#3259,#3260,
    #3261,#3262,#3263,#3264,#3265,#3266),.UNSPECIFIED.,.F.,.F.,(4,1,1,1,
    1,1,1,1,1,1,1,1,1,1,1,1,1,1,1,4),(0.,6.084644507817E-02,
    0.128862891872,0.204049340401,0.286405790677,0.375932242711,
    0.472628696512,0.576495152085,0.687531609436,0.805738068568,
    0.931114529486,1.063660992193,1.20337745669,1.350263922979,
    1.504320391064,1.665546860944,1.833943332622,2.009509806099,
    2.192246281376,2.382152758453),.UNSPECIFIED.);
#3245 = CARTESIAN_POINT('',(20.926138671933,11.939520998402,6.));
#3246 = CARTESIAN_POINT('',(20.938817255807,11.955352828174,6.));
#3247 = CARTESIAN_POINT('',(20.965362583935,11.989124854896,6.));
#3248 = CARTESIAN_POINT('',(21.006442394813,12.043339343451,6.));
#3249 = CARTESIAN_POINT('',(21.050792694851,12.104056890747,6.));
#3250 = CARTESIAN_POINT('',(21.098192995332,12.171410474511,6.));
#3251 = CARTESIAN_POINT('',(21.148422375852,12.24552405608,6.));
#3252 = CARTESIAN_POINT('',(21.201255531416,12.326516843486,6.));
#3253 = CARTESIAN_POINT('',(21.256464165198,12.414501872426,6.));
#3254 = CARTESIAN_POINT('',(21.313816743519,12.509586334505,6.));
#3255 = CARTESIAN_POINT('',(21.373078749893,12.61187137939,6.));
#3256 = CARTESIAN_POINT('',(21.434012791249,12.721452079058,6.));
#3257 = CARTESIAN_POINT('',(21.496378750201,12.83841734786,6.));
#3258 = CARTESIAN_POINT('',(21.559933926042,12.96284987934,6.));
#3259 = CARTESIAN_POINT('',(21.624433179516,13.094826083747,6.));
#3260 = CARTESIAN_POINT('',(21.689629084095,13.234416023325,6.));
#3261 = CARTESIAN_POINT('',(21.755272053938,13.381683377022,6.));
#3262 = CARTESIAN_POINT('',(21.821110572808,13.536685302481,6.));
#3263 = CARTESIAN_POINT('',(21.886891026651,13.699472723885,6.));
#3264 = CARTESIAN_POINT('',(21.952359116929,13.870088943973,6.));
#3265 = CARTESIAN_POINT('',(21.994806324267,13.986833319034,6.));
#3266 = CARTESIAN_POINT('',(22.015923192901,14.046509676596,6.));
#3267 = ORIENTED_EDGE('',*,*,#3268,.T.);
#3268 = EDGE_CURVE('',#3242,#3269,#3271,.T.);
#3269 = VERTEX_POINT('',#3270);
#3270 = CARTESIAN_POINT('',(21.459798912548,14.585086008232,6.));
#3271 = B_SPLINE_CURVE_WITH_KNOTS('',1,(#3272,#3273),.UNSPECIFIED.,.F.,
  .F.,(2,2),(0.,0.774169671453),.PIECEWISE_BEZIER_KNOTS.);
#3272 = CARTESIAN_POINT('',(22.015923192901,14.046509676596,6.));
#3273 = CARTESIAN_POINT('',(21.459798912548,14.585086008232,6.));
#3274 = ORIENTED_EDGE('',*,*,#3275,.T.);
#3275 = EDGE_CURVE('',#3269,#3276,#3278,.T.);
#3276 = VERTEX_POINT('',#3277);
#3277 = CARTESIAN_POINT('',(19.388822084112,13.428329089834,6.));
#3278 = B_SPLINE_CURVE_WITH_KNOTS('',3,(#3279,#3280,#3281,#3282,#3283,
    #3284,#3285,#3286,#3287,#3288,#3289,#3290,#3291,#3292,#3293,#3294,
    #3295,#3296,#3297,#3298,#3299,#3300),.UNSPECIFIED.,.F.,.F.,(4,1,1,1,
    1,1,1,1,1,1,1,1,1,1,1,1,1,1,1,4),(0.,0.189906477077,0.372642952354,
    0.548209425831,0.716605897509,0.87783236739,1.031888835474,
    1.178775301764,1.318491766261,1.451038228967,1.576414689885,
    1.694621149018,1.805657606368,1.909524061941,2.006220515742,
    2.095746967776,2.178103418053,2.253289866581,2.321306313375,
    2.382152758453),.UNSPECIFIED.);
#3279 = CARTESIAN_POINT('',(21.459798912548,14.585086008232,6.));
#3280 = CARTESIAN_POINT('',(21.400830044685,14.5620672677,6.));
#3281 = CARTESIAN_POINT('',(21.285506150951,14.515900027656,6.));
#3282 = CARTESIAN_POINT('',(21.117075946287,14.444997054808,6.));
#3283 = CARTESIAN_POINT('',(20.956480529742,14.374032804232,6.));
#3284 = CARTESIAN_POINT('',(20.803668470155,14.303260055888,6.));
#3285 = CARTESIAN_POINT('',(20.658580740779,14.23293066133,6.));
#3286 = CARTESIAN_POINT('',(20.521152151844,14.163294175574,6.));
#3287 = CARTESIAN_POINT('',(20.391311057499,14.094598015218,6.));
#3288 = CARTESIAN_POINT('',(20.268979501085,14.027087234062,6.));
#3289 = CARTESIAN_POINT('',(20.154073254515,13.961004396342,6.));
#3290 = CARTESIAN_POINT('',(20.046501887788,13.896589427614,6.));
#3291 = CARTESIAN_POINT('',(19.946168836097,13.834079472049,6.));
#3292 = CARTESIAN_POINT('',(19.852971467487,13.77370875354,6.));
#3293 = CARTESIAN_POINT('',(19.766801167637,13.71570842608,6.));
#3294 = CARTESIAN_POINT('',(19.687543378998,13.660306468728,6.));
#3295 = CARTESIAN_POINT('',(19.615077806672,13.60772743804,6.));
#3296 = CARTESIAN_POINT('',(19.549278082496,13.558192702451,6.));
#3297 = CARTESIAN_POINT('',(19.490013227975,13.511919095702,6.));
#3298 = CARTESIAN_POINT('',(19.437143266691,13.469122731079,6.));
#3299 = CARTESIAN_POINT('',(19.404239411132,13.441508594777,6.));
#3300 = CARTESIAN_POINT('',(19.388822084112,13.428329089834,6.));
#3301 = ORIENTED_EDGE('',*,*,#3302,.T.);
#3302 = EDGE_CURVE('',#3276,#3303,#3305,.T.);
#3303 = VERTEX_POINT('',#3304);
#3304 = CARTESIAN_POINT('',(18.748874603525,13.973124322986,6.));
#3305 = B_SPLINE_CURVE_WITH_KNOTS('',1,(#3306,#3307),.UNSPECIFIED.,.F.,
  .F.,(2,2),(0.,0.840437162419),.PIECEWISE_BEZIER_KNOTS.);
#3306 = CARTESIAN_POINT('',(19.388822084112,13.428329089834,6.));
#3307 = CARTESIAN_POINT('',(18.748874603525,13.973124322986,6.));
#3308 = ORIENTED_EDGE('',*,*,#3309,.T.);
#3309 = EDGE_CURVE('',#3303,#3310,#3312,.T.);
#3310 = VERTEX_POINT('',#3311);
#3311 = CARTESIAN_POINT('',(19.560276276771,16.202173204647,6.));
#3312 = B_SPLINE_CURVE_WITH_KNOTS('',3,(#3313,#3314,#3315,#3316,#3317,
    #3318,#3319,#3320,#3321,#3322,#3323,#3324,#3325,#3326,#3327,#3328,
    #3329,#3330,#3331,#3332,#3333,#3334),.UNSPECIFIED.,.F.,.F.,(4,1,1,1,
    1,1,1,1,1,1,1,1,1,1,1,1,1,1,1,4),(0.,6.084644507817E-02,
    0.128862891872,0.204049340401,0.286405790677,0.375932242711,
    0.472628696512,0.576495152085,0.687531609436,0.805738068568,
    0.931114529486,1.063660992193,1.20337745669,1.350263922979,
    1.504320391064,1.665546860944,1.833943332622,2.009509806099,
    2.192246281376,2.382152758453),.UNSPECIFIED.);
#3313 = CARTESIAN_POINT('',(18.748874603525,13.973124322986,6.));
#3314 = CARTESIAN_POINT('',(18.759424566945,13.990447474975,6.));
#3315 = CARTESIAN_POINT('',(18.781433287374,14.027336775041,6.));
#3316 = CARTESIAN_POINT('',(18.815243038654,14.086359333013,6.));
#3317 = CARTESIAN_POINT('',(18.851464835729,14.152249780573,6.));
#3318 = CARTESIAN_POINT('',(18.889862995277,14.225111808234,6.));
#3319 = CARTESIAN_POINT('',(18.930202558825,14.305040108937,6.));
#3320 = CARTESIAN_POINT('',(18.972244827141,14.392124100654,6.));
#3321 = CARTESIAN_POINT('',(19.015748923031,14.486446697111,6.));
#3322 = CARTESIAN_POINT('',(19.060471506346,14.588084602002,6.));
#3323 = CARTESIAN_POINT('',(19.106167051244,14.697108145253,6.));
#3324 = CARTESIAN_POINT('',(19.152587956114,14.81358126115,6.));
#3325 = CARTESIAN_POINT('',(19.199484704816,14.937561428528,6.));
#3326 = CARTESIAN_POINT('',(19.246606014594,15.069099626142,6.));
#3327 = CARTESIAN_POINT('',(19.29369898766,15.208240289201,6.));
#3328 = CARTESIAN_POINT('',(19.34050926949,15.355021264535,6.));
#3329 = CARTESIAN_POINT('',(19.386781180258,15.509473791961,6.));
#3330 = CARTESIAN_POINT('',(19.432257959515,15.671622396678,6.));
#3331 = CARTESIAN_POINT('',(19.476681563334,15.841485153334,6.));
#3332 = CARTESIAN_POINT('',(19.519794243534,16.01907249018,6.));
#3333 = CARTESIAN_POINT('',(19.546964020561,16.140286423931,6.));
#3334 = CARTESIAN_POINT('',(19.560276276771,16.202173204647,6.));
#3335 = ORIENTED_EDGE('',*,*,#3336,.T.);
#3336 = EDGE_CURVE('',#3310,#3337,#3339,.T.);
#3337 = VERTEX_POINT('',#3338);
#3338 = CARTESIAN_POINT('',(18.939846156432,16.66521223753,6.));
#3339 = B_SPLINE_CURVE_WITH_KNOTS('',1,(#3340,#3341),.UNSPECIFIED.,.F.,
  .F.,(2,2),(0.,0.774169671453),.PIECEWISE_BEZIER_KNOTS.);
#3340 = CARTESIAN_POINT('',(19.560276276771,16.202173204647,6.));
#3341 = CARTESIAN_POINT('',(18.939846156432,16.66521223753,6.));
#3342 = ORIENTED_EDGE('',*,*,#3343,.T.);
#3343 = EDGE_CURVE('',#3337,#3344,#3346,.T.);
#3344 = VERTEX_POINT('',#3345);
#3345 = CARTESIAN_POINT('',(17.033794810613,15.253121638707,6.));
#3346 = B_SPLINE_CURVE_WITH_KNOTS('',3,(#3347,#3348,#3349,#3350,#3351,
    #3352,#3353,#3354,#3355,#3356,#3357,#3358,#3359,#3360,#3361,#3362,
    #3363,#3364,#3365,#3366,#3367,#3368),.UNSPECIFIED.,.F.,.F.,(4,1,1,1,
    1,1,1,1,1,1,1,1,1,1,1,1,1,1,1,4),(0.,0.189906477077,0.372642952354,
    0.548209425831,0.716605897509,0.87783236739,1.031888835474,
    1.178775301764,1.318491766261,1.451038228967,1.576414689885,
    1.694621149018,1.805657606368,1.909524061941,2.006220515742,
    2.095746967776,2.178103418053,2.253289866581,2.321306313375,
    2.382152758453),.UNSPECIFIED.);
#3347 = CARTESIAN_POINT('',(18.939846156432,16.66521223753,6.));
#3348 = CARTESIAN_POINT('',(18.884304993364,16.634841709089,6.));
#3349 = CARTESIAN_POINT('',(18.775831642823,16.574306209242,6.));
#3350 = CARTESIAN_POINT('',(18.617851118734,16.482446972307,6.));
#3351 = CARTESIAN_POINT('',(18.467648895283,16.3915288512,6.));
#3352 = CARTESIAN_POINT('',(18.325141638776,16.301795973691,6.));
#3353 = CARTESIAN_POINT('',(18.190238601011,16.213490575461,6.));
#3354 = CARTESIAN_POINT('',(18.06284321504,16.126851826404,6.));
#3355 = CARTESIAN_POINT('',(17.942852784289,16.04211594996,6.));
#3356 = CARTESIAN_POINT('',(17.830158655341,15.959516019165,6.));
#3357 = CARTESIAN_POINT('',(17.72464627319,15.879281835958,6.));
#3358 = CARTESIAN_POINT('',(17.626195269268,15.801639792178,6.));
#3359 = CARTESIAN_POINT('',(17.534679546239,15.72681273661,6.));
#3360 = CARTESIAN_POINT('',(17.449967362869,15.655019845892,6.));
#3361 = CARTESIAN_POINT('',(17.371921437242,15.586476486952,6.));
#3362 = CARTESIAN_POINT('',(17.300398999009,15.521394117851,6.));
#3363 = CARTESIAN_POINT('',(17.23525202524,15.45998006857,6.));
#3364 = CARTESIAN_POINT('',(17.176326877281,15.402437730508,6.));
#3365 = CARTESIAN_POINT('',(17.123465923888,15.348965408046,6.));
#3366 = CARTESIAN_POINT('',(17.076502701894,15.299759540399,6.));
#3367 = CARTESIAN_POINT('',(17.047400203908,15.268164464116,6.));
#3368 = CARTESIAN_POINT('',(17.033794810613,15.253121638707,6.));
#3369 = ORIENTED_EDGE('',*,*,#3370,.T.);
#3370 = EDGE_CURVE('',#3344,#3371,#3373,.T.);
#3371 = VERTEX_POINT('',#3372);
#3372 = CARTESIAN_POINT('',(16.329434421881,15.711609443081,6.));
#3373 = B_SPLINE_CURVE_WITH_KNOTS('',1,(#3374,#3375),.UNSPECIFIED.,.F.,
  .F.,(2,2),(0.,0.840437162419),.PIECEWISE_BEZIER_KNOTS.);
#3374 = CARTESIAN_POINT('',(17.033794810613,15.253121638707,6.));
#3375 = CARTESIAN_POINT('',(16.329434421881,15.711609443081,6.));
#3376 = ORIENTED_EDGE('',*,*,#3377,.T.);
#3377 = EDGE_CURVE('',#3371,#3378,#3380,.T.);
#3378 = VERTEX_POINT('',#3379);
#3379 = CARTESIAN_POINT('',(16.849130054363,18.026117607197,6.));
#3380 = B_SPLINE_CURVE_WITH_KNOTS('',3,(#3381,#3382,#3383,#3384,#3385,
    #3386,#3387,#3388,#3389,#3390,#3391,#3392,#3393,#3394,#3395,#3396,
    #3397,#3398,#3399,#3400,#3401,#3402),.UNSPECIFIED.,.F.,.F.,(4,1,1,1,
    1,1,1,1,1,1,1,1,1,1,1,1,1,1,1,4),(0.,6.084644507817E-02,
    0.128862891872,0.204049340401,0.286405790677,0.375932242711,
    0.472628696512,0.576495152085,0.687531609436,0.805738068568,
    0.931114529486,1.063660992193,1.20337745669,1.350263922979,
    1.504320391064,1.665546860944,1.833943332622,2.009509806099,
    2.192246281376,2.382152758453),.UNSPECIFIED.);
#3381 = CARTESIAN_POINT('',(16.329434421881,15.711609443081,6.));
#3382 = CARTESIAN_POINT('',(16.337682534739,15.730139471609,6.));
#3383 = CARTESIAN_POINT('',(16.354793264889,15.769540323733,6.));
#3384 = CARTESIAN_POINT('',(16.38077780139,15.83240180235,6.));
#3385 = CARTESIAN_POINT('',(16.408276334595,15.902383230847,6.));
#3386 = CARTESIAN_POINT('',(16.437041856493,15.979557309926,6.));
#3387 = CARTESIAN_POINT('',(16.466829228549,16.063987909275,6.));
#3388 = CARTESIAN_POINT('',(16.497390276734,16.155733188566,6.));
#3389 = CARTESIAN_POINT('',(16.528475498681,16.254844578115,6.));
#3390 = CARTESIAN_POINT('',(16.559833743408,16.361367034229,6.));
#3391 = CARTESIAN_POINT('',(16.591212507247,16.47533891228,6.));
#3392 = CARTESIAN_POINT('',(16.622358045655,16.596791959063,6.));
#3393 = CARTESIAN_POINT('',(16.653015540789,16.725751274098,6.));
#3394 = CARTESIAN_POINT('',(16.682929253902,16.862235284277,6.));
#3395 = CARTESIAN_POINT('',(16.711842681243,17.006255720146,6.));
#3396 = CARTESIAN_POINT('',(16.739498716791,17.157817591679,6.));
#3397 = CARTESIAN_POINT('',(16.765639784989,17.316919186606,6.));
#3398 = CARTESIAN_POINT('',(16.790008097175,17.483551994973,6.));
#3399 = CARTESIAN_POINT('',(16.812345416623,17.657700945113,6.));
#3400 = CARTESIAN_POINT('',(16.832394777728,17.839343419554,6.));
#3401 = CARTESIAN_POINT('',(16.843840997457,17.963036582555,6.));
#3402 = CARTESIAN_POINT('',(16.849130054363,18.026117607197,6.));
#3403 = ORIENTED_EDGE('',*,*,#3404,.T.);
#3404 = EDGE_CURVE('',#3378,#3405,#3407,.T.);
#3405 = VERTEX_POINT('',#3406);
#3406 = CARTESIAN_POINT('',(16.174581539461,18.406016253208,6.));
#3407 = B_SPLINE_CURVE_WITH_KNOTS('',1,(#3408,#3409),.UNSPECIFIED.,.F.,
  .F.,(2,2),(0.,0.774169671453),.PIECEWISE_BEZIER_KNOTS.);
#3408 = CARTESIAN_POINT('',(16.849130054363,18.026117607197,6.));
#3409 = CARTESIAN_POINT('',(16.174581539461,18.406016253208,6.));
#3410 = ORIENTED_EDGE('',*,*,#3411,.T.);
#3411 = EDGE_CURVE('',#3405,#3412,#3414,.T.);
#3412 = VERTEX_POINT('',#3413);
#3413 = CARTESIAN_POINT('',(14.464752986663,16.761778462553,6.));
#3414 = B_SPLINE_CURVE_WITH_KNOTS('',3,(#3415,#3416,#3417,#3418,#3419,
    #3420,#3421,#3422,#3423,#3424,#3425,#3426,#3427,#3428,#3429,#3430,
    #3431,#3432,#3433,#3434,#3435,#3436),.UNSPECIFIED.,.F.,.F.,(4,1,1,1,
    1,1,1,1,1,1,1,1,1,1,1,1,1,1,1,4),(0.,0.189906477077,0.372642952354,
    0.548209425831,0.716605897509,0.87783236739,1.031888835474,
    1.178775301764,1.318491766261,1.451038228967,1.576414689885,
    1.694621149018,1.805657606368,1.909524061941,2.006220515742,
    2.095746967776,2.178103418053,2.253289866581,2.321306313375,
    2.382152758453),.UNSPECIFIED.);
#3415 = CARTESIAN_POINT('',(16.174581539461,18.406016253208,6.));
#3416 = CARTESIAN_POINT('',(16.12338006555,18.368792620095,6.));
#3417 = CARTESIAN_POINT('',(16.023538387619,18.29488285168,6.));
#3418 = CARTESIAN_POINT('',(15.878601579943,18.183575676789,6.));
#3419 = CARTESIAN_POINT('',(15.741258865943,18.074196558185,6.));
#3420 = CARTESIAN_POINT('',(15.611396377728,17.966976962879,6.));
#3421 = CARTESIAN_POINT('',(15.488893135726,17.862145533176,6.));
#3422 = CARTESIAN_POINT('',(15.373622781433,17.759927126681,6.));
#3423 = CARTESIAN_POINT('',(15.265453253833,17.660542894898,6.));
#3424 = CARTESIAN_POINT('',(15.164246986831,17.564210103045,6.));
#3425 = CARTESIAN_POINT('',(15.069860979497,17.471142017421,6.));
#3426 = CARTESIAN_POINT('',(14.982146901143,17.3815477788,6.));
#3427 = CARTESIAN_POINT('',(14.900951192418,17.295632281413,6.));
#3428 = CARTESIAN_POINT('',(14.826115165997,17.213596055766,6.));
#3429 = CARTESIAN_POINT('',(14.757475126534,17.135635145405,6.));
#3430 = CARTESIAN_POINT('',(14.694862435167,17.061941015257,6.));
#3431 = CARTESIAN_POINT('',(14.638103771461,16.992700364374,6.));
#3432 = CARTESIAN_POINT('',(14.587020749021,16.928095267439,6.));
#3433 = CARTESIAN_POINT('',(14.541431672149,16.868302243322,6.));
#3434 = CARTESIAN_POINT('',(14.501146324251,16.813494831635,6.));
#3435 = CARTESIAN_POINT('',(14.476323046049,16.778437605652,6.));
#3436 = CARTESIAN_POINT('',(14.464752986663,16.761778462553,6.));
#3437 = ORIENTED_EDGE('',*,*,#3438,.T.);
#3438 = EDGE_CURVE('',#3412,#3439,#3441,.T.);
#3439 = VERTEX_POINT('',#3440);
#3440 = CARTESIAN_POINT('',(13.707545267895,17.126430481077,6.));
#3441 = B_SPLINE_CURVE_WITH_KNOTS('',1,(#3442,#3443),.UNSPECIFIED.,.F.,
  .F.,(2,2),(0.,0.840437162419),.PIECEWISE_BEZIER_KNOTS.);
#3442 = CARTESIAN_POINT('',(14.464752986663,16.761778462553,6.));
#3443 = CARTESIAN_POINT('',(13.707545267895,17.126430481077,6.));
#3444 = ORIENTED_EDGE('',*,*,#3445,.T.);
#3445 = EDGE_CURVE('',#3439,#3446,#3448,.T.);
#3446 = VERTEX_POINT('',#3447);
#3447 = CARTESIAN_POINT('',(13.927001471696,19.488393767581,6.));
#3448 = B_SPLINE_CURVE_WITH_KNOTS('',3,(#3449,#3450,#3451,#3452,#3453,
    #3454,#3455,#3456,#3457,#3458,#3459,#3460,#3461,#3462,#3463,#3464,
    #3465,#3466,#3467,#3468,#3469,#3470),.UNSPECIFIED.,.F.,.F.,(4,1,1,1,
    1,1,1,1,1,1,1,1,1,1,1,1,1,1,1,4),(0.,6.084644507817E-02,
    0.128862891872,0.204049340401,0.286405790677,0.375932242711,
    0.472628696512,0.576495152085,0.687531609436,0.805738068568,
    0.931114529486,1.063660992193,1.20337745669,1.350263922979,
    1.504320391064,1.665546860944,1.833943332622,2.009509806099,
    2.192246281376,2.382152758453),.UNSPECIFIED.);
#3449 = CARTESIAN_POINT('',(13.707545267895,17.126430481077,6.));
#3450 = CARTESIAN_POINT('',(13.713356096407,17.145863123589,6.));
#3451 = CARTESIAN_POINT('',(13.725287878561,17.187128566867,6.));
#3452 = CARTESIAN_POINT('',(13.743020534911,17.252796782389,6.));
#3453 = CARTESIAN_POINT('',(13.761344279093,17.325720098703,6.));
#3454 = CARTESIAN_POINT('',(13.780004834265,17.405939032953,6.));
#3455 = CARTESIAN_POINT('',(13.798750907004,17.493485582841,6.));
#3456 = CARTESIAN_POINT('',(13.817328923493,17.588385694758,6.));
#3457 = CARTESIAN_POINT('',(13.835484853011,17.690658471122,6.));
#3458 = CARTESIAN_POINT('',(13.852963857639,17.800316382675,6.));
#3459 = CARTESIAN_POINT('',(13.869510601983,17.917365180439,6.));
#3460 = CARTESIAN_POINT('',(13.884869365051,18.041803902438,6.));
#3461 = CARTESIAN_POINT('',(13.898784211394,18.173624856741,6.));
#3462 = CARTESIAN_POINT('',(13.910999145499,18.312813615811,6.));
#3463 = CARTESIAN_POINT('',(13.921258269437,18.459349012915,6.));
#3464 = CARTESIAN_POINT('',(13.929305947365,18.613203138908,6.));
#3465 = CARTESIAN_POINT('',(13.934886937376,18.774341357544,6.));
#3466 = CARTESIAN_POINT('',(13.937746655478,18.942722263455,6.));
#3467 = CARTESIAN_POINT('',(13.937630912388,19.118297886133,6.));
#3468 = CARTESIAN_POINT('',(13.934287744443,19.301012933762,6.));
#3469 = CARTESIAN_POINT('',(13.929822460261,19.425154287695,6.));
#3470 = CARTESIAN_POINT('',(13.927001471696,19.488393767581,6.));
#3471 = ORIENTED_EDGE('',*,*,#3472,.T.);
#3472 = EDGE_CURVE('',#3446,#3473,#3475,.T.);
#3473 = VERTEX_POINT('',#3474);
#3474 = CARTESIAN_POINT('',(13.209410630198,19.778914101456,6.));
#3475 = B_SPLINE_CURVE_WITH_KNOTS('',1,(#3476,#3477),.UNSPECIFIED.,.F.,
  .F.,(2,2),(0.,0.774169671453),.PIECEWISE_BEZIER_KNOTS.);
#3476 = CARTESIAN_POINT('',(13.927001471696,19.488393767581,6.));
#3477 = CARTESIAN_POINT('',(13.209410630198,19.778914101456,6.));
#3478 = ORIENTED_EDGE('',*,*,#3479,.T.);
#3479 = EDGE_CURVE('',#3473,#3480,#3482,.T.);
#3480 = VERTEX_POINT('',#3481);
#3481 = CARTESIAN_POINT('',(11.723880207986,17.929527458034,6.));
#3482 = B_SPLINE_CURVE_WITH_KNOTS('',3,(#3483,#3484,#3485,#3486,#3487,
    #3488,#3489,#3490,#3491,#3492,#3493,#3494,#3495,#3496,#3497,#3498,
    #3499,#3500,#3501,#3502,#3503,#3504),.UNSPECIFIED.,.F.,.F.,(4,1,1,1,
    1,1,1,1,1,1,1,1,1,1,1,1,1,1,1,4),(0.,0.189906477077,0.372642952354,
    0.548209425831,0.716605897509,0.87783236739,1.031888835474,
    1.178775301764,1.318491766261,1.451038228967,1.576414689885,
    1.694621149018,1.805657606368,1.909524061941,2.006220515742,
    2.095746967776,2.178103418053,2.253289866581,2.321306313375,
    2.382152758453),.UNSPECIFIED.);
#3483 = CARTESIAN_POINT('',(13.209410630198,19.778914101456,6.));
#3484 = CARTESIAN_POINT('',(13.163389572229,19.735448574699,6.));
#3485 = CARTESIAN_POINT('',(13.0738189645,19.649378134069,6.));
#3486 = CARTESIAN_POINT('',(12.944305731611,19.520450681956,6.));
#3487 = CARTESIAN_POINT('',(12.82207769063,19.39440656796,6.));
#3488 = CARTESIAN_POINT('',(12.706992309172,19.271460797646,6.));
#3489 = CARTESIAN_POINT('',(12.598900362779,19.151824665648,6.));
#3490 = CARTESIAN_POINT('',(12.497647776197,19.035705025124,6.));
#3491 = CARTESIAN_POINT('',(12.403075292399,18.923304324339,6.));
#3492 = CARTESIAN_POINT('',(12.315018691449,18.814820453207,6.));
#3493 = CARTESIAN_POINT('',(12.233308874564,18.710446640559,6.));
#3494 = CARTESIAN_POINT('',(12.157771984519,18.610371342019,6.));
#3495 = CARTESIAN_POINT('',(12.088229521391,18.514778132905,6.));
#3496 = CARTESIAN_POINT('',(12.024498457403,18.423845604886,6.));
#3497 = CARTESIAN_POINT('',(11.966391371655,18.337747259097,6.));
#3498 = CARTESIAN_POINT('',(11.913716525814,18.256651423482,6.));
#3499 = CARTESIAN_POINT('',(11.866278147861,18.180721100569,6.));
#3500 = CARTESIAN_POINT('',(11.823876032755,18.110114058667,6.));
#3501 = CARTESIAN_POINT('',(11.786307403787,18.044982132698,6.));
#3502 = CARTESIAN_POINT('',(11.753361414285,17.985473113156,6.));
#3503 = CARTESIAN_POINT('',(11.733224953409,17.947529376154,6.));
#3504 = CARTESIAN_POINT('',(11.723880207986,17.929527458034,6.));
#3505 = ORIENTED_EDGE('',*,*,#3506,.T.);
#3506 = EDGE_CURVE('',#3480,#3507,#3509,.T.);
#3507 = VERTEX_POINT('',#3508);
#3508 = CARTESIAN_POINT('',(10.926258488991,18.194356114645,6.));
#3509 = B_SPLINE_CURVE_WITH_KNOTS('',1,(#3510,#3511),.UNSPECIFIED.,.F.,
  .F.,(2,2),(0.,0.840437162419),.PIECEWISE_BEZIER_KNOTS.);
#3510 = CARTESIAN_POINT('',(11.723880207986,17.929527458034,6.));
#3511 = CARTESIAN_POINT('',(10.926258488991,18.194356114645,6.));
#3512 = ORIENTED_EDGE('',*,*,#3513,.T.);
#3513 = EDGE_CURVE('',#3507,#3514,#3516,.T.);
#3514 = VERTEX_POINT('',#3515);
#3515 = CARTESIAN_POINT('',(10.841871799311,20.564991151674,6.));
#3516 = B_SPLINE_CURVE_WITH_KNOTS('',3,(#3517,#3518,#3519,#3520,#3521,
    #3522,#3523,#3524,#3525,#3526,#3527,#3528,#3529,#3530,#3531,#3532,
    #3533,#3534,#3535,#3536,#3537,#3538),.UNSPECIFIED.,.F.,.F.,(4,1,1,1,
    1,1,1,1,1,1,1,1,1,1,1,1,1,1,1,4),(0.,6.084644507817E-02,
    0.128862891872,0.204049340401,0.286405790677,0.375932242711,
    0.472628696512,0.576495152085,0.687531609436,0.805738068568,
    0.931114529486,1.063660992193,1.20337745669,1.350263922979,
    1.504320391064,1.665546860944,1.833943332622,2.009509806099,
    2.192246281376,2.382152758453),.UNSPECIFIED.);
#3517 = CARTESIAN_POINT('',(10.926258488991,18.194356114645,6.));
#3518 = CARTESIAN_POINT('',(10.929536619512,18.214372287688,6.));
#3519 = CARTESIAN_POINT('',(10.936093534137,18.256824744683,6.));
#3520 = CARTESIAN_POINT('',(10.945283140611,18.324221426827,6.));
#3521 = CARTESIAN_POINT('',(10.954131220395,18.398889232119,6.));
#3522 = CARTESIAN_POINT('',(10.962380403041,18.480835828859,6.));
#3523 = CARTESIAN_POINT('',(10.969777366468,18.570060817357,6.));
#3524 = CARTESIAN_POINT('',(10.976067300742,18.666557504685,6.));
#3525 = CARTESIAN_POINT('',(10.980995817971,18.770312351703,6.));
#3526 = CARTESIAN_POINT('',(10.984308577727,18.881305138819,6.));
#3527 = CARTESIAN_POINT('',(10.985751605492,18.999508918273,6.));
#3528 = CARTESIAN_POINT('',(10.985071402755,19.124890035113,6.));
#3529 = CARTESIAN_POINT('',(10.982015118915,19.257408132259,6.));
#3530 = CARTESIAN_POINT('',(10.976330705131,19.397016164645,6.));
#3531 = CARTESIAN_POINT('',(10.967767071136,19.543660415815,6.));
#3532 = CARTESIAN_POINT('',(10.956074248794,19.697280515772,6.));
#3533 = CARTESIAN_POINT('',(10.941003520916,19.857809473022,6.));
#3534 = CARTESIAN_POINT('',(10.922307688441,20.025173666657,6.));
#3535 = CARTESIAN_POINT('',(10.899740783312,20.199293015002,6.));
#3536 = CARTESIAN_POINT('',(10.873059981042,20.380080459788,6.));
#3537 = CARTESIAN_POINT('',(10.852756512793,20.502631607054,6.));
#3538 = CARTESIAN_POINT('',(10.841871799311,20.564991151674,6.));
#3539 = ORIENTED_EDGE('',*,*,#3540,.T.);
#3540 = EDGE_CURVE('',#3514,#3541,#3543,.T.);
#3541 = VERTEX_POINT('',#3542);
#3542 = CARTESIAN_POINT('',(10.093021452994,20.761362837561,6.));
#3543 = B_SPLINE_CURVE_WITH_KNOTS('',1,(#3544,#3545),.UNSPECIFIED.,.F.,
  .F.,(2,2),(0.,0.774169671453),.PIECEWISE_BEZIER_KNOTS.);
#3544 = CARTESIAN_POINT('',(10.841871799311,20.564991151674,6.));
#3545 = CARTESIAN_POINT('',(10.093021452994,20.761362837561,6.));
#3546 = ORIENTED_EDGE('',*,*,#3547,.T.);
#3547 = EDGE_CURVE('',#3541,#3548,#3550,.T.);
#3548 = VERTEX_POINT('',#3549);
#3549 = CARTESIAN_POINT('',(8.856181529831,18.73719421893,6.));
#3550 = B_SPLINE_CURVE_WITH_KNOTS('',3,(#3551,#3552,#3553,#3554,#3555,
    #3556,#3557,#3558,#3559,#3560,#3561,#3562,#3563,#3564,#3565,#3566,
    #3567,#3568,#3569,#3570,#3571,#3572),.UNSPECIFIED.,.F.,.F.,(4,1,1,1,
    1,1,1,1,1,1,1,1,1,1,1,1,1,1,1,4),(0.,0.189906477077,0.372642952354,
    0.548209425831,0.716605897509,0.87783236739,1.031888835474,
    1.178775301764,1.318491766261,1.451038228967,1.576414689885,
    1.694621149018,1.805657606368,1.909524061941,2.006220515742,
    2.095746967776,2.178103418053,2.253289866581,2.321306313375,
    2.382152758453),.UNSPECIFIED.);
#3551 = CARTESIAN_POINT('',(10.093021452994,20.761362837561,6.));
#3552 = CARTESIAN_POINT('',(10.052936475468,20.712369119908,6.));
#3553 = CARTESIAN_POINT('',(9.975107684843,20.615551281319,6.));
#3554 = CARTESIAN_POINT('',(9.863144630445,20.471120537183,6.));
#3555 = CARTESIAN_POINT('',(9.758038243535,20.330481068661,6.));
#3556 = CARTESIAN_POINT('',(9.659619667618,20.19382788949,6.));
#3557 = CARTESIAN_POINT('',(9.567713883605,20.061351477176,6.));
#3558 = CARTESIAN_POINT('',(9.482141629405,19.93323728391,6.));
#3559 = CARTESIAN_POINT('',(9.40271906698,19.809665730524,6.));
#3560 = CARTESIAN_POINT('',(9.329258019036,19.690812082277,6.));
#3561 = CARTESIAN_POINT('',(9.261566065533,19.576846357723,6.));
#3562 = CARTESIAN_POINT('',(9.199446677443,19.467933232899,6.));
#3563 = CARTESIAN_POINT('',(9.142699345234,19.36423194991,6.));
#3564 = CARTESIAN_POINT('',(9.091119705988,19.265896229115,6.));
#3565 = CARTESIAN_POINT('',(9.044499690696,19.173074180356,6.));
#3566 = CARTESIAN_POINT('',(9.002627609894,19.085908230651,6.));
#3567 = CARTESIAN_POINT('',(8.965288454548,19.004535009512,6.));
#3568 = CARTESIAN_POINT('',(8.932263488334,18.929085388319,6.));
#3569 = CARTESIAN_POINT('',(8.903332183119,18.859684024921,6.));
#3570 = CARTESIAN_POINT('',(8.878266524248,18.796450533981,6.));
#3571 = CARTESIAN_POINT('',(8.86314752083,18.756243321072,6.));
#3572 = CARTESIAN_POINT('',(8.856181529831,18.73719421893,6.));
#3573 = ORIENTED_EDGE('',*,*,#3574,.T.);
#3574 = EDGE_CURVE('',#3548,#3575,#3577,.T.);
#3575 = VERTEX_POINT('',#3576);
#3576 = CARTESIAN_POINT('',(8.031242737183,18.897851034407,6.));
#3577 = B_SPLINE_CURVE_WITH_KNOTS('',1,(#3578,#3579),.UNSPECIFIED.,.F.,
  .F.,(2,2),(0.,0.840437162419),.PIECEWISE_BEZIER_KNOTS.);
#3578 = CARTESIAN_POINT('',(8.856181529831,18.73719421893,6.));
#3579 = CARTESIAN_POINT('',(8.031242737183,18.897851034407,6.));
#3580 = ORIENTED_EDGE('',*,*,#3581,.T.);
#3581 = EDGE_CURVE('',#3575,#3582,#3584,.T.);
#3582 = VERTEX_POINT('',#3583);
#3583 = CARTESIAN_POINT('',(7.644398781134,21.238232060191,6.));
#3584 = B_SPLINE_CURVE_WITH_KNOTS('',3,(#3585,#3586,#3587,#3588,#3589,
    #3590,#3591,#3592,#3593,#3594,#3595,#3596,#3597,#3598,#3599,#3600,
    #3601,#3602,#3603,#3604,#3605,#3606),.UNSPECIFIED.,.F.,.F.,(4,1,1,1,
    1,1,1,1,1,1,1,1,1,1,1,1,1,1,1,4),(0.,6.084644507817E-02,
    0.128862891872,0.204049340401,0.286405790677,0.375932242711,
    0.472628696512,0.576495152085,0.687531609436,0.805738068568,
    0.931114529486,1.063660992193,1.20337745669,1.350263922979,
    1.504320391064,1.665546860944,1.833943332622,2.009509806099,
    2.192246281376,2.382152758453),.UNSPECIFIED.);
#3585 = CARTESIAN_POINT('',(8.031242737183,18.897851034407,6.));
#3586 = CARTESIAN_POINT('',(8.031934342902,18.918122072973,6.));
#3587 = CARTESIAN_POINT('',(8.033008725642,18.961064475515,6.));
#3588 = CARTESIAN_POINT('',(8.033504389153,19.029082972622,6.));
#3589 = CARTESIAN_POINT('',(8.032731519315,19.104269223594,6.));
#3590 = CARTESIAN_POINT('',(8.030433878085,19.186597921971,6.));
#3591 = CARTESIAN_POINT('',(8.026360274264,19.276036277235,6.));
#3592 = CARTESIAN_POINT('',(8.020258845777,19.372545067036,6.));
#3593 = CARTESIAN_POINT('',(8.0118790246,19.476078332989,6.));
#3594 = CARTESIAN_POINT('',(8.00097114406,19.586583497172,6.));
#3595 = CARTESIAN_POINT('',(7.98728676077,19.704001355526,6.));
#3596 = CARTESIAN_POINT('',(7.970578761138,19.828266112734,6.));
#3597 = CARTESIAN_POINT('',(7.950601531212,19.959305409231,6.));
#3598 = CARTESIAN_POINT('',(7.927111107456,20.0970403549,6.));
#3599 = CARTESIAN_POINT('',(7.899865330161,20.241385565586,6.));
#3600 = CARTESIAN_POINT('',(7.868624003368,20.392249201713,6.));
#3601 = CARTESIAN_POINT('',(7.833149018536,20.549533016537,6.));
#3602 = CARTESIAN_POINT('',(7.793204620539,20.713132382465,6.));
#3603 = CARTESIAN_POINT('',(7.748557101328,20.882936421591,6.));
#3604 = CARTESIAN_POINT('',(7.698976762768,21.058827738687,6.));
#3605 = CARTESIAN_POINT('',(7.663168492839,21.177776392837,6.));
#3606 = CARTESIAN_POINT('',(7.644398781134,21.238232060191,6.));
#3607 = ORIENTED_EDGE('',*,*,#3608,.T.);
#3608 = EDGE_CURVE('',#3582,#3609,#3611,.T.);
#3609 = VERTEX_POINT('',#3610);
#3610 = CARTESIAN_POINT('',(6.876585031983,21.337230680439,6.));
#3611 = B_SPLINE_CURVE_WITH_KNOTS('',1,(#3612,#3613),.UNSPECIFIED.,.F.,
  .F.,(2,2),(0.,0.774169671453),.PIECEWISE_BEZIER_KNOTS.);
#3612 = CARTESIAN_POINT('',(7.644398781134,21.238232060191,6.));
#3613 = CARTESIAN_POINT('',(6.876585031983,21.337230680439,6.));
#3614 = ORIENTED_EDGE('',*,*,#3615,.T.);
#3615 = EDGE_CURVE('',#3609,#3616,#3618,.T.);
#3616 = VERTEX_POINT('',#3617);
#3617 = CARTESIAN_POINT('',(5.908744485214,19.171516879354,6.));
#3618 = B_SPLINE_CURVE_WITH_KNOTS('',3,(#3619,#3620,#3621,#3622,#3623,
    #3624,#3625,#3626,#3627,#3628,#3629,#3630,#3631,#3632,#3633,#3634,
    #3635,#3636,#3637,#3638,#3639,#3640),.UNSPECIFIED.,.F.,.F.,(4,1,1,1,
    1,1,1,1,1,1,1,1,1,1,1,1,1,1,1,4),(0.,0.189906477077,0.372642952354,
    0.548209425831,0.716605897509,0.87783236739,1.031888835474,
    1.178775301764,1.318491766261,1.451038228967,1.576414689885,
    1.694621149018,1.805657606368,1.909524061941,2.006220515742,
    2.095746967776,2.178103418053,2.253289866581,2.321306313375,
    2.382152758453),.UNSPECIFIED.);
#3619 = CARTESIAN_POINT('',(6.876585031983,21.337230680439,6.));
#3620 = CARTESIAN_POINT('',(6.843094329122,21.283513247378,6.));
#3621 = CARTESIAN_POINT('',(6.778285302191,21.177537757063,6.));
#3622 = CARTESIAN_POINT('',(6.685710856542,21.01997526973,6.));
#3623 = CARTESIAN_POINT('',(6.599451967672,20.867049742868,6.));
#3624 = CARTESIAN_POINT('',(6.519316227589,20.718932996264,6.));
#3625 = CARTESIAN_POINT('',(6.44510569639,20.575791562661,6.));
#3626 = CARTESIAN_POINT('',(6.37661886862,20.437786448165,6.));
#3627 = CARTESIAN_POINT('',(6.313650343847,20.305073083668,6.));
#3628 = CARTESIAN_POINT('',(6.255991077284,20.177801231924,6.));
#3629 = CARTESIAN_POINT('',(6.20342848717,20.056114909511,6.));
#3630 = CARTESIAN_POINT('',(6.15574659967,19.940152308901,6.));
#3631 = CARTESIAN_POINT('',(6.112726188005,19.830045724236,6.));
#3632 = CARTESIAN_POINT('',(6.074144909752,19.725921480482,6.));
#3633 = CARTESIAN_POINT('',(6.039777464278,19.627899864226,6.));
#3634 = CARTESIAN_POINT('',(6.009395686925,19.536095062917,6.));
#3635 = CARTESIAN_POINT('',(5.982768862084,19.450615089594,6.));
#3636 = CARTESIAN_POINT('',(5.959663313795,19.371561769804,6.));
#3637 = CARTESIAN_POINT('',(5.939844383564,19.299030537445,6.));
#3638 = CARTESIAN_POINT('',(5.923070632751,19.233110867279,6.));
#3639 = CARTESIAN_POINT('',(5.913217340407,19.191300379788,6.));
#3640 = CARTESIAN_POINT('',(5.908744485214,19.171516879354,6.));
#3641 = ORIENTED_EDGE('',*,*,#3642,.T.);
#3642 = EDGE_CURVE('',#3616,#3643,#3645,.T.);
#3643 = VERTEX_POINT('',#3644);
#3644 = CARTESIAN_POINT('',(5.070034091081,19.22536387323,6.));
#3645 = B_SPLINE_CURVE_WITH_KNOTS('',1,(#3646,#3647),.UNSPECIFIED.,.F.,
  .F.,(2,2),(0.,0.840437162419),.PIECEWISE_BEZIER_KNOTS.);
#3646 = CARTESIAN_POINT('',(5.908744485214,19.171516879354,6.));
#3647 = CARTESIAN_POINT('',(5.070034091081,19.22536387323,6.));
#3648 = ORIENTED_EDGE('',*,*,#3649,.T.);
#3649 = EDGE_CURVE('',#3643,#341,#3650,.T.);
#3650 = B_SPLINE_CURVE_WITH_KNOTS('',3,(#3651,#3652,#3653,#3654,#3655,
    #3656,#3657,#3658,#3659,#3660,#3661,#3662,#3663,#3664,#3665,#3666,
    #3667,#3668,#3669,#3670,#3671,#3672),.UNSPECIFIED.,.F.,.F.,(4,1,1,1,
    1,1,1,1,1,1,1,1,1,1,1,1,1,1,1,4),(0.,6.084644507817E-02,
    0.128862891872,0.204049340401,0.286405790677,0.375932242711,
    0.472628696512,0.576495152085,0.687531609436,0.805738068568,
    0.931114529486,1.063660992193,1.20337745669,1.350263922979,
    1.504320391064,1.665546860944,1.833943332622,2.009509806099,
    2.192246281376,2.382152758453),.UNSPECIFIED.);
#3651 = CARTESIAN_POINT('',(5.070034091081,19.22536387323,6.));
#3652 = CARTESIAN_POINT('',(5.06812781585,19.245556927425,6.));
#3653 = CARTESIAN_POINT('',(5.06370202537,19.288284162451,6.));
#3654 = CARTESIAN_POINT('',(5.055495607139,19.35580761268,6.));
#3655 = CARTESIAN_POINT('',(5.045114478179,19.43027775317,6.));
#3656 = CARTESIAN_POINT('',(5.032307740278,19.511636718232,6.));
#3657 = CARTESIAN_POINT('',(5.016830457671,19.599819864941,6.));
#3658 = CARTESIAN_POINT('',(4.99843785171,19.694756085555,6.));
#3659 = CARTESIAN_POINT('',(4.976887288559,19.796367757078,6.));
#3660 = CARTESIAN_POINT('',(4.951937874821,19.904570806587,6.));
#3661 = CARTESIAN_POINT('',(4.923350777672,20.019274745853,6.));
#3662 = CARTESIAN_POINT('',(4.890889326036,20.140382719551,6.));
#3663 = CARTESIAN_POINT('',(4.854319175586,20.267791553774,6.));
#3664 = CARTESIAN_POINT('',(4.813408453968,20.401391808727,6.));
#3665 = CARTESIAN_POINT('',(4.767927908282,20.54106783456,6.));
#3666 = CARTESIAN_POINT('',(4.717651058761,20.686697830122,6.));
#3667 = CARTESIAN_POINT('',(4.662354315246,20.83815390663,6.));
#3668 = CARTESIAN_POINT('',(4.601817237635,20.995302147783,6.));
#3669 = CARTESIAN_POINT('',(4.535822215374,21.158002700062,6.));
#3670 = CARTESIAN_POINT('',(4.464156448313,21.326109758907,6.));
#3671 = CARTESIAN_POINT('',(4.413431347506,21.439502786327,6.));
#3672 = CARTESIAN_POINT('',(4.387084835726,21.497061896029,6.));
#3673 = FACE_BOUND('',#3674,.T.);
#3674 = EDGE_LOOP('',(#3675,#3686,#3694,#3703));
#3675 = ORIENTED_EDGE('',*,*,#3676,.F.);
#3676 = EDGE_CURVE('',#3677,#3679,#3681,.T.);
#3677 = VERTEX_POINT('',#3678);
#3678 = CARTESIAN_POINT('',(8.,-23.59591794226,6.));
#3679 = VERTEX_POINT('',#3680);
#3680 = CARTESIAN_POINT('',(23.595917942265,-8.,6.));
#3681 = CIRCLE('',#3682,20.);
#3682 = AXIS2_PLACEMENT_3D('',#3683,#3684,#3685);
#3683 = CARTESIAN_POINT('',(4.,-4.,6.));
#3684 = DIRECTION('',(0.,-0.,1.));
#3685 = DIRECTION('',(0.,1.,0.));
#3686 = ORIENTED_EDGE('',*,*,#3687,.T.);
#3687 = EDGE_CURVE('',#3677,#3688,#3690,.T.);
#3688 = VERTEX_POINT('',#3689);
#3689 = CARTESIAN_POINT('',(8.,-16.36931687685,6.));
#3690 = LINE('',#3691,#3692);
#3691 = CARTESIAN_POINT('',(8.,-23.59591794226,6.));
#3692 = VECTOR('',#3693,1.);
#3693 = DIRECTION('',(0.,1.,0.));
#3694 = ORIENTED_EDGE('',*,*,#3695,.T.);
#3695 = EDGE_CURVE('',#3688,#3696,#3698,.T.);
#3696 = VERTEX_POINT('',#3697);
#3697 = CARTESIAN_POINT('',(16.369316876853,-8.,6.));
#3698 = CIRCLE('',#3699,13.);
#3699 = AXIS2_PLACEMENT_3D('',#3700,#3701,#3702);
#3700 = CARTESIAN_POINT('',(4.,-4.,6.));
#3701 = DIRECTION('',(0.,-0.,1.));
#3702 = DIRECTION('',(0.,1.,0.));
#3703 = ORIENTED_EDGE('',*,*,#3704,.T.);
#3704 = EDGE_CURVE('',#3696,#3679,#3705,.T.);
#3705 = LINE('',#3706,#3707);
#3706 = CARTESIAN_POINT('',(16.369316876853,-8.,6.));
#3707 = VECTOR('',#3708,1.);
#3708 = DIRECTION('',(1.,0.,0.));
#3709 = FACE_BOUND('',#3710,.T.);
#3710 = EDGE_LOOP('',(#3711,#3722,#3730,#3739));
#3711 = ORIENTED_EDGE('',*,*,#3712,.F.);
#3712 = EDGE_CURVE('',#3713,#3715,#3717,.T.);
#3713 = VERTEX_POINT('',#3714);
#3714 = CARTESIAN_POINT('',(23.595917942265,1.554312234475E-13,6.));
#3715 = VERTEX_POINT('',#3716);
#3716 = CARTESIAN_POINT('',(8.,15.595917942266,6.));
#3717 = CIRCLE('',#3718,20.);
#3718 = AXIS2_PLACEMENT_3D('',#3719,#3720,#3721);
#3719 = CARTESIAN_POINT('',(4.,-4.,6.));
#3720 = DIRECTION('',(0.,-0.,1.));
#3721 = DIRECTION('',(0.,1.,0.));
#3722 = ORIENTED_EDGE('',*,*,#3723,.T.);
#3723 = EDGE_CURVE('',#3713,#3724,#3726,.T.);
#3724 = VERTEX_POINT('',#3725);
#3725 = CARTESIAN_POINT('',(16.369316876853,1.50990331349E-13,6.));
#3726 = LINE('',#3727,#3728);
#3727 = CARTESIAN_POINT('',(23.595917942265,1.545430450278E-13,6.));
#3728 = VECTOR('',#3729,1.);
#3729 = DIRECTION('',(-1.,0.,0.));
#3730 = ORIENTED_EDGE('',*,*,#3731,.T.);
#3731 = EDGE_CURVE('',#3724,#3732,#3734,.T.);
#3732 = VERTEX_POINT('',#3733);
#3733 = CARTESIAN_POINT('',(8.,8.369316876853,6.));
#3734 = CIRCLE('',#3735,13.);
#3735 = AXIS2_PLACEMENT_3D('',#3736,#3737,#3738);
#3736 = CARTESIAN_POINT('',(4.,-4.,6.));
#3737 = DIRECTION('',(0.,-0.,1.));
#3738 = DIRECTION('',(0.,1.,0.));
#3739 = ORIENTED_EDGE('',*,*,#3740,.T.);
#3740 = EDGE_CURVE('',#3732,#3715,#3741,.T.);
#3741 = LINE('',#3742,#3743);
#3742 = CARTESIAN_POINT('',(8.,8.369316876853,6.));
#3743 = VECTOR('',#3744,1.);
#3744 = DIRECTION('',(0.,1.,0.));
#3745 = FACE_BOUND('',#3746,.T.);
#3746 = EDGE_LOOP('',(#3747,#3758,#3766,#3775));
#3747 = ORIENTED_EDGE('',*,*,#3748,.F.);
#3748 = EDGE_CURVE('',#3749,#3751,#3753,.T.);
#3749 = VERTEX_POINT('',#3750);
#3750 = CARTESIAN_POINT('',(-15.59591794226,-8.,6.));
#3751 = VERTEX_POINT('',#3752);
#3752 = CARTESIAN_POINT('',(-3.685940441756E-13,-23.59591794226,6.));
#3753 = CIRCLE('',#3754,20.);
#3754 = AXIS2_PLACEMENT_3D('',#3755,#3756,#3757);
#3755 = CARTESIAN_POINT('',(4.,-4.,6.));
#3756 = DIRECTION('',(0.,-0.,1.));
#3757 = DIRECTION('',(0.,1.,0.));
#3758 = ORIENTED_EDGE('',*,*,#3759,.T.);
#3759 = EDGE_CURVE('',#3749,#3760,#3762,.T.);
#3760 = VERTEX_POINT('',#3761);
#3761 = CARTESIAN_POINT('',(-8.369316876853,-8.,6.));
#3762 = LINE('',#3763,#3764);
#3763 = CARTESIAN_POINT('',(-15.59591794226,-8.,6.));
#3764 = VECTOR('',#3765,1.);
#3765 = DIRECTION('',(1.,0.,0.));
#3766 = ORIENTED_EDGE('',*,*,#3767,.T.);
#3767 = EDGE_CURVE('',#3760,#3768,#3770,.T.);
#3768 = VERTEX_POINT('',#3769);
#3769 = CARTESIAN_POINT('',(-3.70370401015E-13,-16.36931687685,6.));
#3770 = CIRCLE('',#3771,13.);
#3771 = AXIS2_PLACEMENT_3D('',#3772,#3773,#3774);
#3772 = CARTESIAN_POINT('',(4.,-4.,6.));
#3773 = DIRECTION('',(0.,-0.,1.));
#3774 = DIRECTION('',(0.,1.,0.));
#3775 = ORIENTED_EDGE('',*,*,#3776,.T.);
#3776 = EDGE_CURVE('',#3768,#3751,#3777,.T.);
#3777 = LINE('',#3778,#3779);
#3778 = CARTESIAN_POINT('',(-3.694822225953E-13,-16.36931687685,6.));
#3779 = VECTOR('',#3780,1.);
#3780 = DIRECTION('',(0.,-1.,0.));
#3781 = FACE_BOUND('',#3782,.T.);
#3782 = EDGE_LOOP('',(#3783,#3784,#3785,#3786,#3787));
#3783 = ORIENTED_EDGE('',*,*,#134,.F.);
#3784 = ORIENTED_EDGE('',*,*,#160,.F.);
#3785 = ORIENTED_EDGE('',*,*,#187,.F.);
#3786 = ORIENTED_EDGE('',*,*,#91,.F.);
#3787 = ORIENTED_EDGE('',*,*,#100,.F.);
#3788 = FACE_BOUND('',#3789,.T.);
#3789 = EDGE_LOOP('',(#3790,#3801,#3809,#3818));
#3790 = ORIENTED_EDGE('',*,*,#3791,.F.);
#3791 = EDGE_CURVE('',#3792,#3794,#3796,.T.);
#3792 = VERTEX_POINT('',#3793);
#3793 = CARTESIAN_POINT('',(-3.623767952377E-13,15.595917942265,6.));
#3794 = VERTEX_POINT('',#3795);
#3795 = CARTESIAN_POINT('',(-15.59591794226,1.607602939657E-13,6.));
#3796 = CIRCLE('',#3797,20.);
#3797 = AXIS2_PLACEMENT_3D('',#3798,#3799,#3800);
#3798 = CARTESIAN_POINT('',(4.,-4.,6.));
#3799 = DIRECTION('',(0.,-0.,1.));
#3800 = DIRECTION('',(0.,1.,0.));
#3801 = ORIENTED_EDGE('',*,*,#3802,.T.);
#3802 = EDGE_CURVE('',#3792,#3803,#3805,.T.);
#3803 = VERTEX_POINT('',#3804);
#3804 = CARTESIAN_POINT('',(-3.588240815589E-13,8.369316876853,6.));
#3805 = LINE('',#3806,#3807);
#3806 = CARTESIAN_POINT('',(-3.588240815589E-13,15.595917942265,6.));
#3807 = VECTOR('',#3808,1.);
#3808 = DIRECTION('',(0.,-1.,0.));
#3809 = ORIENTED_EDGE('',*,*,#3810,.T.);
#3810 = EDGE_CURVE('',#3803,#3811,#3813,.T.);
#3811 = VERTEX_POINT('',#3812);
#3812 = CARTESIAN_POINT('',(-8.369316876853,1.616484723854E-13,6.));
#3813 = CIRCLE('',#3814,13.);
#3814 = AXIS2_PLACEMENT_3D('',#3815,#3816,#3817);
#3815 = CARTESIAN_POINT('',(4.,-4.,6.));
#3816 = DIRECTION('',(0.,-0.,1.));
#3817 = DIRECTION('',(0.,1.,0.));
#3818 = ORIENTED_EDGE('',*,*,#3819,.T.);
#3819 = EDGE_CURVE('',#3811,#3794,#3820,.T.);
#3820 = LINE('',#3821,#3822);
#3821 = CARTESIAN_POINT('',(-8.369316876853,1.616484723854E-13,6.));
#3822 = VECTOR('',#3823,1.);
#3823 = DIRECTION('',(-1.,0.,0.));
#3824 = PLANE('',#3825);
#3825 = AXIS2_PLACEMENT_3D('',#3826,#3827,#3828);
#3826 = CARTESIAN_POINT('',(4.,-4.,6.));
#3827 = DIRECTION('',(0.,0.,1.));
#3828 = DIRECTION('',(0.,1.,0.));
#3829 = ADVANCED_FACE('',(#3830),#3840,.F.);
#3830 = FACE_BOUND('',#3831,.F.);
#3831 = EDGE_LOOP('',(#3832,#3833,#3838,#3839));
#3832 = ORIENTED_EDGE('',*,*,#283,.F.);
#3833 = ORIENTED_EDGE('',*,*,#3834,.F.);
#3834 = EDGE_CURVE('',#144,#284,#3835,.T.);
#3835 = B_SPLINE_CURVE_WITH_KNOTS('',1,(#3836,#3837),.UNSPECIFIED.,.F.,
  .F.,(2,2),(-60.5186807387,60.518680738704),.PIECEWISE_BEZIER_KNOTS.);
#3836 = CARTESIAN_POINT('',(56.518680738704,-5.220611,11.));
#3837 = CARTESIAN_POINT('',(-64.5186807387,-5.220611,11.));
#3838 = ORIENTED_EDGE('',*,*,#143,.T.);
#3839 = ORIENTED_EDGE('',*,*,#3834,.T.);
#3840 = CYLINDRICAL_SURFACE('',#3841,1.220611);
#3841 = AXIS2_PLACEMENT_3D('',#3842,#3843,#3844);
#3842 = CARTESIAN_POINT('',(-4.,-4.,11.));
#3843 = DIRECTION('',(-1.,9.E-17,-2.2E-16));
#3844 = DIRECTION('',(-9.E-17,-1.,-9.E-17));
#3845 = ADVANCED_FACE('',(#3846),#3856,.F.);
#3846 = FACE_BOUND('',#3847,.F.);
#3847 = EDGE_LOOP('',(#3848,#3853,#3854,#3855));
#3848 = ORIENTED_EDGE('',*,*,#3849,.T.);
#3849 = EDGE_CURVE('',#233,#197,#3850,.T.);
#3850 = B_SPLINE_CURVE_WITH_KNOTS('',1,(#3851,#3852),.UNSPECIFIED.,.F.,
  .F.,(2,2),(-60.5186807387,60.518680738704),.PIECEWISE_BEZIER_KNOTS.);
#3851 = CARTESIAN_POINT('',(56.518680738704,-5.220611,11.));
#3852 = CARTESIAN_POINT('',(-64.5186807387,-5.220611,11.));
#3853 = ORIENTED_EDGE('',*,*,#196,.F.);
#3854 = ORIENTED_EDGE('',*,*,#3849,.F.);
#3855 = ORIENTED_EDGE('',*,*,#232,.T.);
#3856 = CYLINDRICAL_SURFACE('',#3857,1.220611);
#3857 = AXIS2_PLACEMENT_3D('',#3858,#3859,#3860);
#3858 = CARTESIAN_POINT('',(-4.,-4.,11.));
#3859 = DIRECTION('',(-1.,9.E-17,-2.2E-16));
#3860 = DIRECTION('',(-9.E-17,-1.,-9.E-17));
#3861 = ADVANCED_FACE('',(#3862,#7198,#7234,#7270,#7306,#7309),#7345,.F.
  );
#3862 = FACE_BOUND('',#3863,.F.);
#3863 = EDGE_LOOP('',(#3864,#3874,#3901,#3909,#3936,#3943,#3970,#3977,
    #4004,#4011,#4038,#4045,#4072,#4079,#4106,#4113,#4140,#4147,#4174,
    #4181,#4208,#4215,#4242,#4249,#4276,#4283,#4310,#4317,#4344,#4351,
    #4378,#4385,#4412,#4419,#4446,#4453,#4480,#4487,#4514,#4521,#4548,
    #4555,#4582,#4589,#4616,#4623,#4650,#4657,#4684,#4691,#4718,#4725,
    #4752,#4759,#4786,#4793,#4820,#4827,#4854,#4861,#4888,#4895,#4922,
    #4929,#4956,#4963,#4990,#4997,#5024,#5031,#5058,#5065,#5092,#5099,
    #5126,#5133,#5160,#5167,#5194,#5201,#5228,#5235,#5262,#5269,#5296,
    #5303,#5330,#5337,#5364,#5371,#5398,#5405,#5432,#5439,#5466,#5473,
    #5500,#5507,#5534,#5541,#5568,#5575,#5602,#5609,#5636,#5643,#5670,
    #5677,#5704,#5711,#5738,#5745,#5772,#5779,#5806,#5813,#5840,#5847,
    #5874,#5881,#5908,#5915,#5942,#5949,#5976,#5983,#6010,#6017,#6044,
    #6051,#6078,#6085,#6112,#6119,#6146,#6153,#6180,#6187,#6214,#6221,
    #6248,#6255,#6282,#6289,#6316,#6323,#6350,#6357,#6384,#6391,#6418,
    #6425,#6452,#6459,#6486,#6493,#6520,#6527,#6554,#6561,#6588,#6595,
    #6622,#6629,#6656,#6663,#6690,#6697,#6724,#6731,#6758,#6765,#6792,
    #6799,#6826,#6833,#6860,#6867,#6894,#6901,#6928,#6935,#6962,#6969,
    #6996,#7003,#7030,#7037,#7064,#7071,#7098,#7105,#7132,#7139,#7166,
    #7173));
#3864 = ORIENTED_EDGE('',*,*,#3865,.T.);
#3865 = EDGE_CURVE('',#3866,#3868,#3870,.T.);
#3866 = VERTEX_POINT('',#3867);
#3867 = CARTESIAN_POINT('',(4.387084835726,21.497061896029,-2.));
#3868 = VERTEX_POINT('',#3869);
#3869 = CARTESIAN_POINT('',(3.612915164274,21.497061896029,-2.));
#3870 = LINE('',#3871,#3872);
#3871 = CARTESIAN_POINT('',(4.387084835726,21.497061896029,-2.));
#3872 = VECTOR('',#3873,1.);
#3873 = DIRECTION('',(-1.,0.,0.));
#3874 = ORIENTED_EDGE('',*,*,#3875,.T.);
#3875 = EDGE_CURVE('',#3868,#3876,#3878,.T.);
#3876 = VERTEX_POINT('',#3877);
#3877 = CARTESIAN_POINT('',(2.929965908919,19.22536387323,-2.));
#3878 = B_SPLINE_CURVE_WITH_KNOTS('',3,(#3879,#3880,#3881,#3882,#3883,
    #3884,#3885,#3886,#3887,#3888,#3889,#3890,#3891,#3892,#3893,#3894,
    #3895,#3896,#3897,#3898,#3899,#3900),.UNSPECIFIED.,.F.,.F.,(4,1,1,1,
    1,1,1,1,1,1,1,1,1,1,1,1,1,1,1,4),(0.,0.189906477077,0.372642952354,
    0.548209425831,0.716605897509,0.87783236739,1.031888835474,
    1.178775301764,1.318491766261,1.451038228967,1.576414689885,
    1.694621149018,1.805657606368,1.909524061941,2.006220515742,
    2.095746967776,2.178103418053,2.253289866581,2.321306313375,
    2.382152758453),.UNSPECIFIED.);
#3879 = CARTESIAN_POINT('',(3.612915164274,21.497061896029,-2.));
#3880 = CARTESIAN_POINT('',(3.586568652494,21.439502786327,-2.));
#3881 = CARTESIAN_POINT('',(3.535843551687,21.326109758907,-2.));
#3882 = CARTESIAN_POINT('',(3.464177784626,21.158002700062,-2.));
#3883 = CARTESIAN_POINT('',(3.398182762365,20.995302147783,-2.));
#3884 = CARTESIAN_POINT('',(3.337645684754,20.83815390663,-2.));
#3885 = CARTESIAN_POINT('',(3.282348941239,20.686697830122,-2.));
#3886 = CARTESIAN_POINT('',(3.232072091718,20.54106783456,-2.));
#3887 = CARTESIAN_POINT('',(3.186591546032,20.401391808727,-2.));
#3888 = CARTESIAN_POINT('',(3.145680824414,20.267791553774,-2.));
#3889 = CARTESIAN_POINT('',(3.109110673964,20.140382719551,-2.));
#3890 = CARTESIAN_POINT('',(3.076649222329,20.019274745852,-2.));
#3891 = CARTESIAN_POINT('',(3.048062125179,19.904570806587,-2.));
#3892 = CARTESIAN_POINT('',(3.023112711441,19.796367757078,-2.));
#3893 = CARTESIAN_POINT('',(3.00156214829,19.694756085555,-2.));
#3894 = CARTESIAN_POINT('',(2.983169542329,19.599819864941,-2.));
#3895 = CARTESIAN_POINT('',(2.967692259722,19.511636718232,-2.));
#3896 = CARTESIAN_POINT('',(2.954885521821,19.43027775317,-2.));
#3897 = CARTESIAN_POINT('',(2.944504392861,19.35580761268,-2.));
#3898 = CARTESIAN_POINT('',(2.93629797463,19.288284162451,-2.));
#3899 = CARTESIAN_POINT('',(2.93187218415,19.245556927425,-2.));
#3900 = CARTESIAN_POINT('',(2.929965908919,19.22536387323,-2.));
#3901 = ORIENTED_EDGE('',*,*,#3902,.T.);
#3902 = EDGE_CURVE('',#3876,#3903,#3905,.T.);
#3903 = VERTEX_POINT('',#3904);
#3904 = CARTESIAN_POINT('',(2.091255514786,19.171516879354,-2.));
#3905 = LINE('',#3906,#3907);
#3906 = CARTESIAN_POINT('',(2.929965908919,19.22536387323,-2.));
#3907 = VECTOR('',#3908,1.);
#3908 = DIRECTION('',(-0.99794539275,-6.407021998071E-02,0.));
#3909 = ORIENTED_EDGE('',*,*,#3910,.T.);
#3910 = EDGE_CURVE('',#3903,#3911,#3913,.T.);
#3911 = VERTEX_POINT('',#3912);
#3912 = CARTESIAN_POINT('',(1.123414968018,21.337230680439,-2.));
#3913 = B_SPLINE_CURVE_WITH_KNOTS('',3,(#3914,#3915,#3916,#3917,#3918,
    #3919,#3920,#3921,#3922,#3923,#3924,#3925,#3926,#3927,#3928,#3929,
    #3930,#3931,#3932,#3933,#3934,#3935),.UNSPECIFIED.,.F.,.F.,(4,1,1,1,
    1,1,1,1,1,1,1,1,1,1,1,1,1,1,1,4),(0.,6.084644507817E-02,
    0.128862891872,0.204049340401,0.286405790677,0.375932242711,
    0.472628696512,0.576495152085,0.687531609436,0.805738068568,
    0.931114529486,1.063660992193,1.20337745669,1.350263922979,
    1.504320391064,1.665546860944,1.833943332622,2.009509806099,
    2.192246281376,2.382152758453),.UNSPECIFIED.);
#3914 = CARTESIAN_POINT('',(2.091255514786,19.171516879354,-2.));
#3915 = CARTESIAN_POINT('',(2.086782659593,19.191300379787,-2.));
#3916 = CARTESIAN_POINT('',(2.076929367249,19.233110867279,-2.));
#3917 = CARTESIAN_POINT('',(2.060155616436,19.299030537445,-2.));
#3918 = CARTESIAN_POINT('',(2.040336686205,19.371561769804,-2.));
#3919 = CARTESIAN_POINT('',(2.017231137916,19.450615089594,-2.));
#3920 = CARTESIAN_POINT('',(1.990604313075,19.536095062917,-2.));
#3921 = CARTESIAN_POINT('',(1.960222535722,19.627899864226,-2.));
#3922 = CARTESIAN_POINT('',(1.925855090248,19.725921480482,-2.));
#3923 = CARTESIAN_POINT('',(1.887273811995,19.830045724236,-2.));
#3924 = CARTESIAN_POINT('',(1.844253400331,19.940152308901,-2.));
#3925 = CARTESIAN_POINT('',(1.79657151283,20.05611490951,-2.));
#3926 = CARTESIAN_POINT('',(1.744008922716,20.177801231924,-2.));
#3927 = CARTESIAN_POINT('',(1.686349656153,20.305073083668,-2.));
#3928 = CARTESIAN_POINT('',(1.62338113138,20.437786448165,-2.));
#3929 = CARTESIAN_POINT('',(1.55489430361,20.575791562661,-2.));
#3930 = CARTESIAN_POINT('',(1.480683772411,20.718932996264,-2.));
#3931 = CARTESIAN_POINT('',(1.400548032328,20.867049742868,-2.));
#3932 = CARTESIAN_POINT('',(1.314289143458,21.01997526973,-2.));
#3933 = CARTESIAN_POINT('',(1.221714697809,21.177537757063,-2.));
#3934 = CARTESIAN_POINT('',(1.156905670878,21.283513247378,-2.));
#3935 = CARTESIAN_POINT('',(1.123414968018,21.337230680439,-2.));
#3936 = ORIENTED_EDGE('',*,*,#3937,.T.);
#3937 = EDGE_CURVE('',#3911,#3938,#3940,.T.);
#3938 = VERTEX_POINT('',#3939);
#3939 = CARTESIAN_POINT('',(0.355601218866,21.238232060191,-2.));
#3940 = B_SPLINE_CURVE_WITH_KNOTS('',1,(#3941,#3942),.UNSPECIFIED.,.F.,
  .F.,(2,2),(0.,0.774169671453),.PIECEWISE_BEZIER_KNOTS.);
#3941 = CARTESIAN_POINT('',(1.123414968018,21.337230680439,-2.));
#3942 = CARTESIAN_POINT('',(0.355601218866,21.238232060191,-2.));
#3943 = ORIENTED_EDGE('',*,*,#3944,.T.);
#3944 = EDGE_CURVE('',#3938,#3945,#3947,.T.);
#3945 = VERTEX_POINT('',#3946);
#3946 = CARTESIAN_POINT('',(-3.124273718335E-02,18.897851034407,-2.));
#3947 = B_SPLINE_CURVE_WITH_KNOTS('',3,(#3948,#3949,#3950,#3951,#3952,
    #3953,#3954,#3955,#3956,#3957,#3958,#3959,#3960,#3961,#3962,#3963,
    #3964,#3965,#3966,#3967,#3968,#3969),.UNSPECIFIED.,.F.,.F.,(4,1,1,1,
    1,1,1,1,1,1,1,1,1,1,1,1,1,1,1,4),(0.,0.189906477077,0.372642952354,
    0.548209425831,0.716605897509,0.87783236739,1.031888835474,
    1.178775301764,1.318491766261,1.451038228967,1.576414689885,
    1.694621149018,1.805657606368,1.909524061941,2.006220515742,
    2.095746967776,2.178103418053,2.253289866581,2.321306313375,
    2.382152758453),.UNSPECIFIED.);
#3948 = CARTESIAN_POINT('',(0.355601218866,21.238232060191,-2.));
#3949 = CARTESIAN_POINT('',(0.336831507161,21.177776392837,-2.));
#3950 = CARTESIAN_POINT('',(0.301023237232,21.058827738687,-2.));
#3951 = CARTESIAN_POINT('',(0.251442898672,20.882936421591,-2.));
#3952 = CARTESIAN_POINT('',(0.206795379461,20.713132382465,-2.));
#3953 = CARTESIAN_POINT('',(0.166850981464,20.549533016537,-2.));
#3954 = CARTESIAN_POINT('',(0.131375996632,20.392249201713,-2.));
#3955 = CARTESIAN_POINT('',(0.100134669839,20.241385565586,-2.));
#3956 = CARTESIAN_POINT('',(7.288889254357E-02,20.0970403549,-2.));
#3957 = CARTESIAN_POINT('',(4.939846878853E-02,19.959305409231,-2.));
#3958 = CARTESIAN_POINT('',(2.942123886202E-02,19.828266112734,-2.));
#3959 = CARTESIAN_POINT('',(1.271323922957E-02,19.704001355526,-2.));
#3960 = CARTESIAN_POINT('',(-9.711440602693E-04,19.586583497172,-2.));
#3961 = CARTESIAN_POINT('',(-1.187902459974E-02,19.476078332989,-2.));
#3962 = CARTESIAN_POINT('',(-2.0258845777E-02,19.372545067036,-2.));
#3963 = CARTESIAN_POINT('',(-2.636027426351E-02,19.276036277235,-2.));
#3964 = CARTESIAN_POINT('',(-3.043387808519E-02,19.186597921971,-2.));
#3965 = CARTESIAN_POINT('',(-3.273151931485E-02,19.104269223594,-2.));
#3966 = CARTESIAN_POINT('',(-3.350438915345E-02,19.029082972622,-2.));
#3967 = CARTESIAN_POINT('',(-3.300872564184E-02,18.961064475515,-2.));
#3968 = CARTESIAN_POINT('',(-3.193434290207E-02,18.918122072973,-2.));
#3969 = CARTESIAN_POINT('',(-3.124273718335E-02,18.897851034407,-2.));
#3970 = ORIENTED_EDGE('',*,*,#3971,.T.);
#3971 = EDGE_CURVE('',#3945,#3972,#3974,.T.);
#3972 = VERTEX_POINT('',#3973);
#3973 = CARTESIAN_POINT('',(-0.856181529831,18.73719421893,-2.));
#3974 = B_SPLINE_CURVE_WITH_KNOTS('',1,(#3975,#3976),.UNSPECIFIED.,.F.,
  .F.,(2,2),(0.,0.840437162419),.PIECEWISE_BEZIER_KNOTS.);
#3975 = CARTESIAN_POINT('',(-3.124273718335E-02,18.897851034407,-2.));
#3976 = CARTESIAN_POINT('',(-0.856181529831,18.73719421893,-2.));
#3977 = ORIENTED_EDGE('',*,*,#3978,.T.);
#3978 = EDGE_CURVE('',#3972,#3979,#3981,.T.);
#3979 = VERTEX_POINT('',#3980);
#3980 = CARTESIAN_POINT('',(-2.093021452994,20.761362837561,-2.));
#3981 = B_SPLINE_CURVE_WITH_KNOTS('',3,(#3982,#3983,#3984,#3985,#3986,
    #3987,#3988,#3989,#3990,#3991,#3992,#3993,#3994,#3995,#3996,#3997,
    #3998,#3999,#4000,#4001,#4002,#4003),.UNSPECIFIED.,.F.,.F.,(4,1,1,1,
    1,1,1,1,1,1,1,1,1,1,1,1,1,1,1,4),(0.,6.084644507817E-02,
    0.128862891872,0.204049340401,0.286405790677,0.375932242711,
    0.472628696512,0.576495152085,0.687531609436,0.805738068568,
    0.931114529486,1.063660992193,1.20337745669,1.350263922979,
    1.504320391064,1.665546860944,1.833943332622,2.009509806099,
    2.192246281376,2.382152758453),.UNSPECIFIED.);
#3982 = CARTESIAN_POINT('',(-0.856181529831,18.73719421893,-2.));
#3983 = CARTESIAN_POINT('',(-0.86314752083,18.756243321072,-2.));
#3984 = CARTESIAN_POINT('',(-0.878266524248,18.796450533981,-2.));
#3985 = CARTESIAN_POINT('',(-0.903332183119,18.859684024921,-2.));
#3986 = CARTESIAN_POINT('',(-0.932263488334,18.929085388319,-2.));
#3987 = CARTESIAN_POINT('',(-0.965288454548,19.004535009512,-2.));
#3988 = CARTESIAN_POINT('',(-1.002627609894,19.085908230651,-2.));
#3989 = CARTESIAN_POINT('',(-1.044499690696,19.173074180355,-2.));
#3990 = CARTESIAN_POINT('',(-1.091119705988,19.265896229115,-2.));
#3991 = CARTESIAN_POINT('',(-1.142699345234,19.36423194991,-2.));
#3992 = CARTESIAN_POINT('',(-1.199446677443,19.467933232899,-2.));
#3993 = CARTESIAN_POINT('',(-1.261566065533,19.576846357723,-2.));
#3994 = CARTESIAN_POINT('',(-1.329258019035,19.690812082277,-2.));
#3995 = CARTESIAN_POINT('',(-1.40271906698,19.809665730524,-2.));
#3996 = CARTESIAN_POINT('',(-1.482141629405,19.93323728391,-2.));
#3997 = CARTESIAN_POINT('',(-1.567713883605,20.061351477176,-2.));
#3998 = CARTESIAN_POINT('',(-1.659619667618,20.19382788949,-2.));
#3999 = CARTESIAN_POINT('',(-1.758038243535,20.330481068661,-2.));
#4000 = CARTESIAN_POINT('',(-1.863144630445,20.471120537183,-2.));
#4001 = CARTESIAN_POINT('',(-1.975107684843,20.615551281319,-2.));
#4002 = CARTESIAN_POINT('',(-2.052936475468,20.712369119908,-2.));
#4003 = CARTESIAN_POINT('',(-2.093021452994,20.761362837561,-2.));
#4004 = ORIENTED_EDGE('',*,*,#4005,.T.);
#4005 = EDGE_CURVE('',#3979,#4006,#4008,.T.);
#4006 = VERTEX_POINT('',#4007);
#4007 = CARTESIAN_POINT('',(-2.841871799311,20.564991151673,-2.));
#4008 = B_SPLINE_CURVE_WITH_KNOTS('',1,(#4009,#4010),.UNSPECIFIED.,.F.,
  .F.,(2,2),(0.,0.774169671453),.PIECEWISE_BEZIER_KNOTS.);
#4009 = CARTESIAN_POINT('',(-2.093021452994,20.761362837561,-2.));
#4010 = CARTESIAN_POINT('',(-2.841871799311,20.564991151673,-2.));
#4011 = ORIENTED_EDGE('',*,*,#4012,.T.);
#4012 = EDGE_CURVE('',#4006,#4013,#4015,.T.);
#4013 = VERTEX_POINT('',#4014);
#4014 = CARTESIAN_POINT('',(-2.926258488991,18.194356114645,-2.));
#4015 = B_SPLINE_CURVE_WITH_KNOTS('',3,(#4016,#4017,#4018,#4019,#4020,
    #4021,#4022,#4023,#4024,#4025,#4026,#4027,#4028,#4029,#4030,#4031,
    #4032,#4033,#4034,#4035,#4036,#4037),.UNSPECIFIED.,.F.,.F.,(4,1,1,1,
    1,1,1,1,1,1,1,1,1,1,1,1,1,1,1,4),(0.,0.189906477077,0.372642952354,
    0.548209425831,0.716605897509,0.87783236739,1.031888835474,
    1.178775301764,1.318491766261,1.451038228967,1.576414689885,
    1.694621149018,1.805657606368,1.909524061941,2.006220515742,
    2.095746967776,2.178103418053,2.253289866581,2.321306313375,
    2.382152758453),.UNSPECIFIED.);
#4016 = CARTESIAN_POINT('',(-2.841871799311,20.564991151673,-2.));
#4017 = CARTESIAN_POINT('',(-2.852756512793,20.502631607054,-2.));
#4018 = CARTESIAN_POINT('',(-2.873059981042,20.380080459787,-2.));
#4019 = CARTESIAN_POINT('',(-2.899740783312,20.199293015002,-2.));
#4020 = CARTESIAN_POINT('',(-2.922307688441,20.025173666657,-2.));
#4021 = CARTESIAN_POINT('',(-2.941003520916,19.857809473022,-2.));
#4022 = CARTESIAN_POINT('',(-2.956074248794,19.697280515772,-2.));
#4023 = CARTESIAN_POINT('',(-2.967767071136,19.543660415815,-2.));
#4024 = CARTESIAN_POINT('',(-2.976330705131,19.397016164645,-2.));
#4025 = CARTESIAN_POINT('',(-2.982015118915,19.257408132259,-2.));
#4026 = CARTESIAN_POINT('',(-2.985071402755,19.124890035113,-2.));
#4027 = CARTESIAN_POINT('',(-2.985751605492,18.999508918273,-2.));
#4028 = CARTESIAN_POINT('',(-2.984308577727,18.881305138819,-2.));
#4029 = CARTESIAN_POINT('',(-2.980995817971,18.770312351703,-2.));
#4030 = CARTESIAN_POINT('',(-2.976067300742,18.666557504685,-2.));
#4031 = CARTESIAN_POINT('',(-2.969777366468,18.570060817357,-2.));
#4032 = CARTESIAN_POINT('',(-2.962380403041,18.480835828859,-2.));
#4033 = CARTESIAN_POINT('',(-2.954131220395,18.398889232119,-2.));
#4034 = CARTESIAN_POINT('',(-2.945283140611,18.324221426826,-2.));
#4035 = CARTESIAN_POINT('',(-2.936093534137,18.256824744683,-2.));
#4036 = CARTESIAN_POINT('',(-2.929536619512,18.214372287688,-2.));
#4037 = CARTESIAN_POINT('',(-2.926258488991,18.194356114645,-2.));
#4038 = ORIENTED_EDGE('',*,*,#4039,.T.);
#4039 = EDGE_CURVE('',#4013,#4040,#4042,.T.);
#4040 = VERTEX_POINT('',#4041);
#4041 = CARTESIAN_POINT('',(-3.723880207986,17.929527458034,-2.));
#4042 = B_SPLINE_CURVE_WITH_KNOTS('',1,(#4043,#4044),.UNSPECIFIED.,.F.,
  .F.,(2,2),(0.,0.840437162419),.PIECEWISE_BEZIER_KNOTS.);
#4043 = CARTESIAN_POINT('',(-2.926258488991,18.194356114645,-2.));
#4044 = CARTESIAN_POINT('',(-3.723880207986,17.929527458034,-2.));
#4045 = ORIENTED_EDGE('',*,*,#4046,.T.);
#4046 = EDGE_CURVE('',#4040,#4047,#4049,.T.);
#4047 = VERTEX_POINT('',#4048);
#4048 = CARTESIAN_POINT('',(-5.209410630198,19.778914101456,-2.));
#4049 = B_SPLINE_CURVE_WITH_KNOTS('',3,(#4050,#4051,#4052,#4053,#4054,
    #4055,#4056,#4057,#4058,#4059,#4060,#4061,#4062,#4063,#4064,#4065,
    #4066,#4067,#4068,#4069,#4070,#4071),.UNSPECIFIED.,.F.,.F.,(4,1,1,1,
    1,1,1,1,1,1,1,1,1,1,1,1,1,1,1,4),(0.,6.084644507817E-02,
    0.128862891872,0.204049340401,0.286405790677,0.375932242711,
    0.472628696512,0.576495152085,0.687531609436,0.805738068568,
    0.931114529486,1.063660992193,1.20337745669,1.350263922979,
    1.504320391064,1.665546860944,1.833943332622,2.009509806099,
    2.192246281376,2.382152758453),.UNSPECIFIED.);
#4050 = CARTESIAN_POINT('',(-3.723880207986,17.929527458034,-2.));
#4051 = CARTESIAN_POINT('',(-3.733224953409,17.947529376154,-2.));
#4052 = CARTESIAN_POINT('',(-3.753361414285,17.985473113156,-2.));
#4053 = CARTESIAN_POINT('',(-3.786307403787,18.044982132698,-2.));
#4054 = CARTESIAN_POINT('',(-3.823876032755,18.110114058667,-2.));
#4055 = CARTESIAN_POINT('',(-3.866278147861,18.180721100569,-2.));
#4056 = CARTESIAN_POINT('',(-3.913716525814,18.256651423482,-2.));
#4057 = CARTESIAN_POINT('',(-3.966391371655,18.337747259097,-2.));
#4058 = CARTESIAN_POINT('',(-4.024498457403,18.423845604886,-2.));
#4059 = CARTESIAN_POINT('',(-4.088229521391,18.514778132905,-2.));
#4060 = CARTESIAN_POINT('',(-4.157771984519,18.610371342019,-2.));
#4061 = CARTESIAN_POINT('',(-4.233308874564,18.710446640559,-2.));
#4062 = CARTESIAN_POINT('',(-4.315018691449,18.814820453207,-2.));
#4063 = CARTESIAN_POINT('',(-4.403075292399,18.923304324339,-2.));
#4064 = CARTESIAN_POINT('',(-4.497647776197,19.035705025124,-2.));
#4065 = CARTESIAN_POINT('',(-4.598900362779,19.151824665648,-2.));
#4066 = CARTESIAN_POINT('',(-4.706992309172,19.271460797646,-2.));
#4067 = CARTESIAN_POINT('',(-4.82207769063,19.394406567959,-2.));
#4068 = CARTESIAN_POINT('',(-4.944305731611,19.520450681956,-2.));
#4069 = CARTESIAN_POINT('',(-5.0738189645,19.649378134069,-2.));
#4070 = CARTESIAN_POINT('',(-5.163389572229,19.735448574699,-2.));
#4071 = CARTESIAN_POINT('',(-5.209410630198,19.778914101456,-2.));
#4072 = ORIENTED_EDGE('',*,*,#4073,.T.);
#4073 = EDGE_CURVE('',#4047,#4074,#4076,.T.);
#4074 = VERTEX_POINT('',#4075);
#4075 = CARTESIAN_POINT('',(-5.927001471696,19.488393767581,-2.));
#4076 = B_SPLINE_CURVE_WITH_KNOTS('',1,(#4077,#4078),.UNSPECIFIED.,.F.,
  .F.,(2,2),(0.,0.774169671453),.PIECEWISE_BEZIER_KNOTS.);
#4077 = CARTESIAN_POINT('',(-5.209410630198,19.778914101456,-2.));
#4078 = CARTESIAN_POINT('',(-5.927001471696,19.488393767581,-2.));
#4079 = ORIENTED_EDGE('',*,*,#4080,.T.);
#4080 = EDGE_CURVE('',#4074,#4081,#4083,.T.);
#4081 = VERTEX_POINT('',#4082);
#4082 = CARTESIAN_POINT('',(-5.707545267895,17.126430481077,-2.));
#4083 = B_SPLINE_CURVE_WITH_KNOTS('',3,(#4084,#4085,#4086,#4087,#4088,
    #4089,#4090,#4091,#4092,#4093,#4094,#4095,#4096,#4097,#4098,#4099,
    #4100,#4101,#4102,#4103,#4104,#4105),.UNSPECIFIED.,.F.,.F.,(4,1,1,1,
    1,1,1,1,1,1,1,1,1,1,1,1,1,1,1,4),(0.,0.189906477077,0.372642952354,
    0.548209425831,0.716605897509,0.87783236739,1.031888835474,
    1.178775301764,1.318491766261,1.451038228967,1.576414689885,
    1.694621149018,1.805657606368,1.909524061941,2.006220515742,
    2.095746967776,2.178103418053,2.253289866581,2.321306313375,
    2.382152758453),.UNSPECIFIED.);
#4084 = CARTESIAN_POINT('',(-5.927001471696,19.488393767581,-2.));
#4085 = CARTESIAN_POINT('',(-5.929822460261,19.425154287695,-2.));
#4086 = CARTESIAN_POINT('',(-5.934287744443,19.301012933762,-2.));
#4087 = CARTESIAN_POINT('',(-5.937630912388,19.118297886133,-2.));
#4088 = CARTESIAN_POINT('',(-5.937746655478,18.942722263455,-2.));
#4089 = CARTESIAN_POINT('',(-5.934886937376,18.774341357544,-2.));
#4090 = CARTESIAN_POINT('',(-5.929305947365,18.613203138908,-2.));
#4091 = CARTESIAN_POINT('',(-5.921258269437,18.459349012915,-2.));
#4092 = CARTESIAN_POINT('',(-5.910999145499,18.312813615811,-2.));
#4093 = CARTESIAN_POINT('',(-5.898784211394,18.173624856741,-2.));
#4094 = CARTESIAN_POINT('',(-5.884869365051,18.041803902438,-2.));
#4095 = CARTESIAN_POINT('',(-5.869510601983,17.917365180439,-2.));
#4096 = CARTESIAN_POINT('',(-5.852963857639,17.800316382675,-2.));
#4097 = CARTESIAN_POINT('',(-5.835484853011,17.690658471122,-2.));
#4098 = CARTESIAN_POINT('',(-5.817328923493,17.588385694758,-2.));
#4099 = CARTESIAN_POINT('',(-5.798750907004,17.493485582841,-2.));
#4100 = CARTESIAN_POINT('',(-5.780004834265,17.405939032953,-2.));
#4101 = CARTESIAN_POINT('',(-5.761344279093,17.325720098703,-2.));
#4102 = CARTESIAN_POINT('',(-5.743020534911,17.252796782389,-2.));
#4103 = CARTESIAN_POINT('',(-5.725287878561,17.187128566867,-2.));
#4104 = CARTESIAN_POINT('',(-5.713356096407,17.145863123589,-2.));
#4105 = CARTESIAN_POINT('',(-5.707545267895,17.126430481077,-2.));
#4106 = ORIENTED_EDGE('',*,*,#4107,.T.);
#4107 = EDGE_CURVE('',#4081,#4108,#4110,.T.);
#4108 = VERTEX_POINT('',#4109);
#4109 = CARTESIAN_POINT('',(-6.464752986663,16.761778462553,-2.));
#4110 = B_SPLINE_CURVE_WITH_KNOTS('',1,(#4111,#4112),.UNSPECIFIED.,.F.,
  .F.,(2,2),(0.,0.840437162419),.PIECEWISE_BEZIER_KNOTS.);
#4111 = CARTESIAN_POINT('',(-5.707545267895,17.126430481077,-2.));
#4112 = CARTESIAN_POINT('',(-6.464752986663,16.761778462553,-2.));
#4113 = ORIENTED_EDGE('',*,*,#4114,.T.);
#4114 = EDGE_CURVE('',#4108,#4115,#4117,.T.);
#4115 = VERTEX_POINT('',#4116);
#4116 = CARTESIAN_POINT('',(-8.174581539461,18.406016253208,-2.));
#4117 = B_SPLINE_CURVE_WITH_KNOTS('',3,(#4118,#4119,#4120,#4121,#4122,
    #4123,#4124,#4125,#4126,#4127,#4128,#4129,#4130,#4131,#4132,#4133,
    #4134,#4135,#4136,#4137,#4138,#4139),.UNSPECIFIED.,.F.,.F.,(4,1,1,1,
    1,1,1,1,1,1,1,1,1,1,1,1,1,1,1,4),(0.,6.084644507817E-02,
    0.128862891872,0.204049340401,0.286405790677,0.375932242711,
    0.472628696512,0.576495152085,0.687531609436,0.805738068568,
    0.931114529486,1.063660992193,1.20337745669,1.350263922979,
    1.504320391064,1.665546860944,1.833943332622,2.009509806099,
    2.192246281376,2.382152758453),.UNSPECIFIED.);
#4118 = CARTESIAN_POINT('',(-6.464752986663,16.761778462553,-2.));
#4119 = CARTESIAN_POINT('',(-6.476323046049,16.778437605652,-2.));
#4120 = CARTESIAN_POINT('',(-6.501146324251,16.813494831635,-2.));
#4121 = CARTESIAN_POINT('',(-6.541431672149,16.868302243322,-2.));
#4122 = CARTESIAN_POINT('',(-6.58702074902,16.928095267439,-2.));
#4123 = CARTESIAN_POINT('',(-6.638103771461,16.992700364374,-2.));
#4124 = CARTESIAN_POINT('',(-6.694862435167,17.061941015257,-2.));
#4125 = CARTESIAN_POINT('',(-6.757475126534,17.135635145405,-2.));
#4126 = CARTESIAN_POINT('',(-6.826115165997,17.213596055766,-2.));
#4127 = CARTESIAN_POINT('',(-6.900951192418,17.295632281413,-2.));
#4128 = CARTESIAN_POINT('',(-6.982146901143,17.3815477788,-2.));
#4129 = CARTESIAN_POINT('',(-7.069860979497,17.471142017421,-2.));
#4130 = CARTESIAN_POINT('',(-7.164246986831,17.564210103045,-2.));
#4131 = CARTESIAN_POINT('',(-7.265453253833,17.660542894898,-2.));
#4132 = CARTESIAN_POINT('',(-7.373622781433,17.759927126681,-2.));
#4133 = CARTESIAN_POINT('',(-7.488893135726,17.862145533176,-2.));
#4134 = CARTESIAN_POINT('',(-7.611396377728,17.966976962879,-2.));
#4135 = CARTESIAN_POINT('',(-7.741258865943,18.074196558185,-2.));
#4136 = CARTESIAN_POINT('',(-7.878601579943,18.183575676789,-2.));
#4137 = CARTESIAN_POINT('',(-8.023538387619,18.29488285168,-2.));
#4138 = CARTESIAN_POINT('',(-8.12338006555,18.368792620095,-2.));
#4139 = CARTESIAN_POINT('',(-8.174581539461,18.406016253208,-2.));
#4140 = ORIENTED_EDGE('',*,*,#4141,.T.);
#4141 = EDGE_CURVE('',#4115,#4142,#4144,.T.);
#4142 = VERTEX_POINT('',#4143);
#4143 = CARTESIAN_POINT('',(-8.849130054363,18.026117607197,-2.));
#4144 = B_SPLINE_CURVE_WITH_KNOTS('',1,(#4145,#4146),.UNSPECIFIED.,.F.,
  .F.,(2,2),(0.,0.774169671453),.PIECEWISE_BEZIER_KNOTS.);
#4145 = CARTESIAN_POINT('',(-8.174581539461,18.406016253208,-2.));
#4146 = CARTESIAN_POINT('',(-8.849130054363,18.026117607197,-2.));
#4147 = ORIENTED_EDGE('',*,*,#4148,.T.);
#4148 = EDGE_CURVE('',#4142,#4149,#4151,.T.);
#4149 = VERTEX_POINT('',#4150);
#4150 = CARTESIAN_POINT('',(-8.329434421881,15.711609443081,-2.));
#4151 = B_SPLINE_CURVE_WITH_KNOTS('',3,(#4152,#4153,#4154,#4155,#4156,
    #4157,#4158,#4159,#4160,#4161,#4162,#4163,#4164,#4165,#4166,#4167,
    #4168,#4169,#4170,#4171,#4172,#4173),.UNSPECIFIED.,.F.,.F.,(4,1,1,1,
    1,1,1,1,1,1,1,1,1,1,1,1,1,1,1,4),(0.,0.189906477077,0.372642952354,
    0.548209425831,0.716605897509,0.87783236739,1.031888835474,
    1.178775301764,1.318491766261,1.451038228967,1.576414689885,
    1.694621149018,1.805657606368,1.909524061941,2.006220515742,
    2.095746967776,2.178103418053,2.253289866581,2.321306313375,
    2.382152758453),.UNSPECIFIED.);
#4152 = CARTESIAN_POINT('',(-8.849130054363,18.026117607197,-2.));
#4153 = CARTESIAN_POINT('',(-8.843840997457,17.963036582555,-2.));
#4154 = CARTESIAN_POINT('',(-8.832394777728,17.839343419554,-2.));
#4155 = CARTESIAN_POINT('',(-8.812345416623,17.657700945113,-2.));
#4156 = CARTESIAN_POINT('',(-8.790008097175,17.483551994973,-2.));
#4157 = CARTESIAN_POINT('',(-8.765639784989,17.316919186605,-2.));
#4158 = CARTESIAN_POINT('',(-8.739498716791,17.157817591679,-2.));
#4159 = CARTESIAN_POINT('',(-8.711842681242,17.006255720146,-2.));
#4160 = CARTESIAN_POINT('',(-8.682929253902,16.862235284277,-2.));
#4161 = CARTESIAN_POINT('',(-8.653015540789,16.725751274098,-2.));
#4162 = CARTESIAN_POINT('',(-8.622358045655,16.596791959063,-2.));
#4163 = CARTESIAN_POINT('',(-8.591212507247,16.47533891228,-2.));
#4164 = CARTESIAN_POINT('',(-8.559833743408,16.361367034229,-2.));
#4165 = CARTESIAN_POINT('',(-8.528475498681,16.254844578115,-2.));
#4166 = CARTESIAN_POINT('',(-8.497390276734,16.155733188566,-2.));
#4167 = CARTESIAN_POINT('',(-8.466829228549,16.063987909275,-2.));
#4168 = CARTESIAN_POINT('',(-8.437041856493,15.979557309926,-2.));
#4169 = CARTESIAN_POINT('',(-8.408276334595,15.902383230847,-2.));
#4170 = CARTESIAN_POINT('',(-8.38077780139,15.83240180235,-2.));
#4171 = CARTESIAN_POINT('',(-8.354793264889,15.769540323733,-2.));
#4172 = CARTESIAN_POINT('',(-8.337682534739,15.730139471609,-2.));
#4173 = CARTESIAN_POINT('',(-8.329434421881,15.711609443081,-2.));
#4174 = ORIENTED_EDGE('',*,*,#4175,.T.);
#4175 = EDGE_CURVE('',#4149,#4176,#4178,.T.);
#4176 = VERTEX_POINT('',#4177);
#4177 = CARTESIAN_POINT('',(-9.033794810613,15.253121638707,-2.));
#4178 = B_SPLINE_CURVE_WITH_KNOTS('',1,(#4179,#4180),.UNSPECIFIED.,.F.,
  .F.,(2,2),(0.,0.840437162419),.PIECEWISE_BEZIER_KNOTS.);
#4179 = CARTESIAN_POINT('',(-8.329434421881,15.711609443081,-2.));
#4180 = CARTESIAN_POINT('',(-9.033794810613,15.253121638707,-2.));
#4181 = ORIENTED_EDGE('',*,*,#4182,.T.);
#4182 = EDGE_CURVE('',#4176,#4183,#4185,.T.);
#4183 = VERTEX_POINT('',#4184);
#4184 = CARTESIAN_POINT('',(-10.93984615643,16.66521223753,-2.));
#4185 = B_SPLINE_CURVE_WITH_KNOTS('',3,(#4186,#4187,#4188,#4189,#4190,
    #4191,#4192,#4193,#4194,#4195,#4196,#4197,#4198,#4199,#4200,#4201,
    #4202,#4203,#4204,#4205,#4206,#4207),.UNSPECIFIED.,.F.,.F.,(4,1,1,1,
    1,1,1,1,1,1,1,1,1,1,1,1,1,1,1,4),(0.,6.084644507817E-02,
    0.128862891872,0.204049340401,0.286405790677,0.375932242711,
    0.472628696512,0.576495152085,0.687531609436,0.805738068568,
    0.931114529486,1.063660992193,1.20337745669,1.350263922979,
    1.504320391064,1.665546860944,1.833943332622,2.009509806099,
    2.192246281376,2.382152758453),.UNSPECIFIED.);
#4186 = CARTESIAN_POINT('',(-9.033794810613,15.253121638707,-2.));
#4187 = CARTESIAN_POINT('',(-9.047400203908,15.268164464116,-2.));
#4188 = CARTESIAN_POINT('',(-9.076502701894,15.299759540399,-2.));
#4189 = CARTESIAN_POINT('',(-9.123465923888,15.348965408046,-2.));
#4190 = CARTESIAN_POINT('',(-9.176326877281,15.402437730508,-2.));
#4191 = CARTESIAN_POINT('',(-9.23525202524,15.45998006857,-2.));
#4192 = CARTESIAN_POINT('',(-9.300398999009,15.521394117851,-2.));
#4193 = CARTESIAN_POINT('',(-9.371921437242,15.586476486952,-2.));
#4194 = CARTESIAN_POINT('',(-9.449967362869,15.655019845892,-2.));
#4195 = CARTESIAN_POINT('',(-9.534679546239,15.72681273661,-2.));
#4196 = CARTESIAN_POINT('',(-9.626195269268,15.801639792178,-2.));
#4197 = CARTESIAN_POINT('',(-9.72464627319,15.879281835958,-2.));
#4198 = CARTESIAN_POINT('',(-9.830158655341,15.959516019165,-2.));
#4199 = CARTESIAN_POINT('',(-9.942852784289,16.04211594996,-2.));
#4200 = CARTESIAN_POINT('',(-10.06284321504,16.126851826404,-2.));
#4201 = CARTESIAN_POINT('',(-10.19023860101,16.213490575461,-2.));
#4202 = CARTESIAN_POINT('',(-10.32514163877,16.301795973691,-2.));
#4203 = CARTESIAN_POINT('',(-10.46764889528,16.3915288512,-2.));
#4204 = CARTESIAN_POINT('',(-10.61785111873,16.482446972307,-2.));
#4205 = CARTESIAN_POINT('',(-10.77583164282,16.574306209242,-2.));
#4206 = CARTESIAN_POINT('',(-10.88430499336,16.634841709089,-2.));
#4207 = CARTESIAN_POINT('',(-10.93984615643,16.66521223753,-2.));
#4208 = ORIENTED_EDGE('',*,*,#4209,.T.);
#4209 = EDGE_CURVE('',#4183,#4210,#4212,.T.);
#4210 = VERTEX_POINT('',#4211);
#4211 = CARTESIAN_POINT('',(-11.56027627677,16.202173204647,-2.));
#4212 = B_SPLINE_CURVE_WITH_KNOTS('',1,(#4213,#4214),.UNSPECIFIED.,.F.,
  .F.,(2,2),(0.,0.774169671453),.PIECEWISE_BEZIER_KNOTS.);
#4213 = CARTESIAN_POINT('',(-10.93984615643,16.66521223753,-2.));
#4214 = CARTESIAN_POINT('',(-11.56027627677,16.202173204647,-2.));
#4215 = ORIENTED_EDGE('',*,*,#4216,.T.);
#4216 = EDGE_CURVE('',#4210,#4217,#4219,.T.);
#4217 = VERTEX_POINT('',#4218);
#4218 = CARTESIAN_POINT('',(-10.74887460352,13.973124322986,-2.));
#4219 = B_SPLINE_CURVE_WITH_KNOTS('',3,(#4220,#4221,#4222,#4223,#4224,
    #4225,#4226,#4227,#4228,#4229,#4230,#4231,#4232,#4233,#4234,#4235,
    #4236,#4237,#4238,#4239,#4240,#4241),.UNSPECIFIED.,.F.,.F.,(4,1,1,1,
    1,1,1,1,1,1,1,1,1,1,1,1,1,1,1,4),(0.,0.189906477077,0.372642952354,
    0.548209425831,0.716605897509,0.87783236739,1.031888835474,
    1.178775301764,1.318491766261,1.451038228967,1.576414689885,
    1.694621149018,1.805657606368,1.909524061941,2.006220515742,
    2.095746967776,2.178103418053,2.253289866581,2.321306313375,
    2.382152758453),.UNSPECIFIED.);
#4220 = CARTESIAN_POINT('',(-11.56027627677,16.202173204647,-2.));
#4221 = CARTESIAN_POINT('',(-11.54696402056,16.140286423931,-2.));
#4222 = CARTESIAN_POINT('',(-11.51979424353,16.01907249018,-2.));
#4223 = CARTESIAN_POINT('',(-11.47668156333,15.841485153334,-2.));
#4224 = CARTESIAN_POINT('',(-11.43225795951,15.671622396678,-2.));
#4225 = CARTESIAN_POINT('',(-11.38678118025,15.509473791961,-2.));
#4226 = CARTESIAN_POINT('',(-11.34050926949,15.355021264535,-2.));
#4227 = CARTESIAN_POINT('',(-11.29369898766,15.208240289201,-2.));
#4228 = CARTESIAN_POINT('',(-11.24660601459,15.069099626142,-2.));
#4229 = CARTESIAN_POINT('',(-11.19948470481,14.937561428528,-2.));
#4230 = CARTESIAN_POINT('',(-11.15258795611,14.81358126115,-2.));
#4231 = CARTESIAN_POINT('',(-11.10616705124,14.697108145253,-2.));
#4232 = CARTESIAN_POINT('',(-11.06047150634,14.588084602002,-2.));
#4233 = CARTESIAN_POINT('',(-11.01574892303,14.486446697111,-2.));
#4234 = CARTESIAN_POINT('',(-10.97224482714,14.392124100654,-2.));
#4235 = CARTESIAN_POINT('',(-10.93020255882,14.305040108937,-2.));
#4236 = CARTESIAN_POINT('',(-10.88986299527,14.225111808234,-2.));
#4237 = CARTESIAN_POINT('',(-10.85146483572,14.152249780572,-2.));
#4238 = CARTESIAN_POINT('',(-10.81524303865,14.086359333012,-2.));
#4239 = CARTESIAN_POINT('',(-10.78143328737,14.027336775041,-2.));
#4240 = CARTESIAN_POINT('',(-10.75942456694,13.990447474975,-2.));
#4241 = CARTESIAN_POINT('',(-10.74887460352,13.973124322986,-2.));
#4242 = ORIENTED_EDGE('',*,*,#4243,.T.);
#4243 = EDGE_CURVE('',#4217,#4244,#4246,.T.);
#4244 = VERTEX_POINT('',#4245);
#4245 = CARTESIAN_POINT('',(-11.38882208411,13.428329089834,-2.));
#4246 = B_SPLINE_CURVE_WITH_KNOTS('',1,(#4247,#4248),.UNSPECIFIED.,.F.,
  .F.,(2,2),(0.,0.840437162419),.PIECEWISE_BEZIER_KNOTS.);
#4247 = CARTESIAN_POINT('',(-10.74887460352,13.973124322986,-2.));
#4248 = CARTESIAN_POINT('',(-11.38882208411,13.428329089834,-2.));
#4249 = ORIENTED_EDGE('',*,*,#4250,.T.);
#4250 = EDGE_CURVE('',#4244,#4251,#4253,.T.);
#4251 = VERTEX_POINT('',#4252);
#4252 = CARTESIAN_POINT('',(-13.45979891254,14.585086008232,-2.));
#4253 = B_SPLINE_CURVE_WITH_KNOTS('',3,(#4254,#4255,#4256,#4257,#4258,
    #4259,#4260,#4261,#4262,#4263,#4264,#4265,#4266,#4267,#4268,#4269,
    #4270,#4271,#4272,#4273,#4274,#4275),.UNSPECIFIED.,.F.,.F.,(4,1,1,1,
    1,1,1,1,1,1,1,1,1,1,1,1,1,1,1,4),(0.,6.084644507817E-02,
    0.128862891872,0.204049340401,0.286405790677,0.375932242711,
    0.472628696512,0.576495152085,0.687531609436,0.805738068568,
    0.931114529486,1.063660992193,1.20337745669,1.350263922979,
    1.504320391064,1.665546860944,1.833943332622,2.009509806099,
    2.192246281376,2.382152758453),.UNSPECIFIED.);
#4254 = CARTESIAN_POINT('',(-11.38882208411,13.428329089834,-2.));
#4255 = CARTESIAN_POINT('',(-11.40423941113,13.441508594777,-2.));
#4256 = CARTESIAN_POINT('',(-11.43714326669,13.469122731079,-2.));
#4257 = CARTESIAN_POINT('',(-11.49001322797,13.511919095702,-2.));
#4258 = CARTESIAN_POINT('',(-11.54927808249,13.558192702451,-2.));
#4259 = CARTESIAN_POINT('',(-11.61507780667,13.60772743804,-2.));
#4260 = CARTESIAN_POINT('',(-11.68754337899,13.660306468728,-2.));
#4261 = CARTESIAN_POINT('',(-11.76680116763,13.71570842608,-2.));
#4262 = CARTESIAN_POINT('',(-11.85297146748,13.77370875354,-2.));
#4263 = CARTESIAN_POINT('',(-11.94616883609,13.834079472049,-2.));
#4264 = CARTESIAN_POINT('',(-12.04650188778,13.896589427614,-2.));
#4265 = CARTESIAN_POINT('',(-12.15407325451,13.961004396342,-2.));
#4266 = CARTESIAN_POINT('',(-12.26897950108,14.027087234062,-2.));
#4267 = CARTESIAN_POINT('',(-12.39131105749,14.094598015218,-2.));
#4268 = CARTESIAN_POINT('',(-12.52115215184,14.163294175574,-2.));
#4269 = CARTESIAN_POINT('',(-12.65858074077,14.23293066133,-2.));
#4270 = CARTESIAN_POINT('',(-12.80366847015,14.303260055888,-2.));
#4271 = CARTESIAN_POINT('',(-12.95648052974,14.374032804232,-2.));
#4272 = CARTESIAN_POINT('',(-13.11707594628,14.444997054808,-2.));
#4273 = CARTESIAN_POINT('',(-13.28550615095,14.515900027656,-2.));
#4274 = CARTESIAN_POINT('',(-13.40083004468,14.5620672677,-2.));
#4275 = CARTESIAN_POINT('',(-13.45979891254,14.585086008232,-2.));
#4276 = ORIENTED_EDGE('',*,*,#4277,.T.);
#4277 = EDGE_CURVE('',#4251,#4278,#4280,.T.);
#4278 = VERTEX_POINT('',#4279);
#4279 = CARTESIAN_POINT('',(-14.0159231929,14.046509676596,-2.));
#4280 = B_SPLINE_CURVE_WITH_KNOTS('',1,(#4281,#4282),.UNSPECIFIED.,.F.,
  .F.,(2,2),(0.,0.774169671453),.PIECEWISE_BEZIER_KNOTS.);
#4281 = CARTESIAN_POINT('',(-13.45979891254,14.585086008232,-2.));
#4282 = CARTESIAN_POINT('',(-14.0159231929,14.046509676596,-2.));
#4283 = ORIENTED_EDGE('',*,*,#4284,.T.);
#4284 = EDGE_CURVE('',#4278,#4285,#4287,.T.);
#4285 = VERTEX_POINT('',#4286);
#4286 = CARTESIAN_POINT('',(-12.92613867193,11.939520998402,-2.));
#4287 = B_SPLINE_CURVE_WITH_KNOTS('',3,(#4288,#4289,#4290,#4291,#4292,
    #4293,#4294,#4295,#4296,#4297,#4298,#4299,#4300,#4301,#4302,#4303,
    #4304,#4305,#4306,#4307,#4308,#4309),.UNSPECIFIED.,.F.,.F.,(4,1,1,1,
    1,1,1,1,1,1,1,1,1,1,1,1,1,1,1,4),(0.,0.189906477077,0.372642952354,
    0.548209425831,0.716605897509,0.87783236739,1.031888835474,
    1.178775301764,1.318491766261,1.451038228967,1.576414689885,
    1.694621149018,1.805657606368,1.909524061941,2.006220515742,
    2.095746967776,2.178103418053,2.253289866581,2.321306313375,
    2.382152758453),.UNSPECIFIED.);
#4288 = CARTESIAN_POINT('',(-14.0159231929,14.046509676596,-2.));
#4289 = CARTESIAN_POINT('',(-13.99480632426,13.986833319034,-2.));
#4290 = CARTESIAN_POINT('',(-13.95235911692,13.870088943973,-2.));
#4291 = CARTESIAN_POINT('',(-13.88689102665,13.699472723885,-2.));
#4292 = CARTESIAN_POINT('',(-13.8211105728,13.536685302481,-2.));
#4293 = CARTESIAN_POINT('',(-13.75527205393,13.381683377022,-2.));
#4294 = CARTESIAN_POINT('',(-13.68962908409,13.234416023325,-2.));
#4295 = CARTESIAN_POINT('',(-13.62443317951,13.094826083747,-2.));
#4296 = CARTESIAN_POINT('',(-13.55993392604,12.96284987934,-2.));
#4297 = CARTESIAN_POINT('',(-13.4963787502,12.83841734786,-2.));
#4298 = CARTESIAN_POINT('',(-13.43401279124,12.721452079058,-2.));
#4299 = CARTESIAN_POINT('',(-13.37307874989,12.61187137939,-2.));
#4300 = CARTESIAN_POINT('',(-13.31381674351,12.509586334505,-2.));
#4301 = CARTESIAN_POINT('',(-13.25646416519,12.414501872426,-2.));
#4302 = CARTESIAN_POINT('',(-13.20125553141,12.326516843486,-2.));
#4303 = CARTESIAN_POINT('',(-13.14842237585,12.24552405608,-2.));
#4304 = CARTESIAN_POINT('',(-13.09819299533,12.171410474511,-2.));
#4305 = CARTESIAN_POINT('',(-13.05079269485,12.104056890747,-2.));
#4306 = CARTESIAN_POINT('',(-13.00644239481,12.043339343451,-2.));
#4307 = CARTESIAN_POINT('',(-12.96536258393,11.989124854896,-2.));
#4308 = CARTESIAN_POINT('',(-12.9388172558,11.955352828174,-2.));
#4309 = CARTESIAN_POINT('',(-12.92613867193,11.939520998402,-2.));
#4310 = ORIENTED_EDGE('',*,*,#4311,.T.);
#4311 = EDGE_CURVE('',#4285,#4312,#4314,.T.);
#4312 = VERTEX_POINT('',#4313);
#4313 = CARTESIAN_POINT('',(-13.49116532443,11.317363859138,-2.));
#4314 = B_SPLINE_CURVE_WITH_KNOTS('',1,(#4315,#4316),.UNSPECIFIED.,.F.,
  .F.,(2,2),(0.,0.840437162419),.PIECEWISE_BEZIER_KNOTS.);
#4315 = CARTESIAN_POINT('',(-12.92613867193,11.939520998402,-2.));
#4316 = CARTESIAN_POINT('',(-13.49116532443,11.317363859138,-2.));
#4317 = ORIENTED_EDGE('',*,*,#4318,.T.);
#4318 = EDGE_CURVE('',#4312,#4319,#4321,.T.);
#4319 = VERTEX_POINT('',#4320);
#4320 = CARTESIAN_POINT('',(-15.69306225322,12.199793180492,-2.));
#4321 = B_SPLINE_CURVE_WITH_KNOTS('',3,(#4322,#4323,#4324,#4325,#4326,
    #4327,#4328,#4329,#4330,#4331,#4332,#4333,#4334,#4335,#4336,#4337,
    #4338,#4339,#4340,#4341,#4342,#4343),.UNSPECIFIED.,.F.,.F.,(4,1,1,1,
    1,1,1,1,1,1,1,1,1,1,1,1,1,1,1,4),(0.,6.084644507817E-02,
    0.128862891872,0.204049340401,0.286405790677,0.375932242711,
    0.472628696512,0.576495152085,0.687531609436,0.805738068568,
    0.931114529486,1.063660992193,1.20337745669,1.350263922979,
    1.504320391064,1.665546860944,1.833943332622,2.009509806099,
    2.192246281376,2.382152758453),.UNSPECIFIED.);
#4322 = CARTESIAN_POINT('',(-13.49116532443,11.317363859138,-2.));
#4323 = CARTESIAN_POINT('',(-13.5081414331,11.328463636508,-2.));
#4324 = CARTESIAN_POINT('',(-13.54430636583,11.351643409476,-2.));
#4325 = CARTESIAN_POINT('',(-13.6022149431,11.387327555949,-2.));
#4326 = CARTESIAN_POINT('',(-13.66691057147,11.425642635642,-2.));
#4327 = CARTESIAN_POINT('',(-13.73850444222,11.46635640977,-2.));
#4328 = CARTESIAN_POINT('',(-13.8170987304,11.509237075633,-2.));
#4329 = CARTESIAN_POINT('',(-13.90279045875,11.554048922629,-2.));
#4330 = CARTESIAN_POINT('',(-13.99567021888,11.600553854836,-2.));
#4331 = CARTESIAN_POINT('',(-14.09582247452,11.648511115606,-2.));
#4332 = CARTESIAN_POINT('',(-14.20332538894,11.697677559427,-2.));
#4333 = CARTESIAN_POINT('',(-14.3182507996,11.747807761096,-2.));
#4334 = CARTESIAN_POINT('',(-14.4406641532,11.798654174961,-2.));
#4335 = CARTESIAN_POINT('',(-14.5706244563,11.849967281318,-2.));
#4336 = CARTESIAN_POINT('',(-14.70818422706,11.901495736532,-2.));
#4337 = CARTESIAN_POINT('',(-14.85338944533,11.952986529815,-2.));
#4338 = CARTESIAN_POINT('',(-15.00627952981,12.004185113989,-2.));
#4339 = CARTESIAN_POINT('',(-15.16688722268,12.054835646596,-2.));
#4340 = CARTESIAN_POINT('',(-15.33523886002,12.104680795609,-2.));
#4341 = CARTESIAN_POINT('',(-15.51135312596,12.153463279515,-2.));
#4342 = CARTESIAN_POINT('',(-15.63163394774,12.184504194951,-2.));
#4343 = CARTESIAN_POINT('',(-15.69306225322,12.199793180492,-2.));
#4344 = ORIENTED_EDGE('',*,*,#4345,.T.);
#4345 = EDGE_CURVE('',#4319,#4346,#4348,.T.);
#4346 = VERTEX_POINT('',#4347);
#4347 = CARTESIAN_POINT('',(-16.17574914828,11.594522958578,-2.));
#4348 = B_SPLINE_CURVE_WITH_KNOTS('',1,(#4349,#4350),.UNSPECIFIED.,.F.,
  .F.,(2,2),(0.,0.774169671453),.PIECEWISE_BEZIER_KNOTS.);
#4349 = CARTESIAN_POINT('',(-15.69306225322,12.199793180492,-2.));
#4350 = CARTESIAN_POINT('',(-16.17574914828,11.594522958578,-2.));
#4351 = ORIENTED_EDGE('',*,*,#4352,.T.);
#4352 = EDGE_CURVE('',#4346,#4353,#4355,.T.);
#4353 = VERTEX_POINT('',#4354);
#4354 = CARTESIAN_POINT('',(-14.82547601129,9.644191179696,-2.));
#4355 = B_SPLINE_CURVE_WITH_KNOTS('',3,(#4356,#4357,#4358,#4359,#4360,
    #4361,#4362,#4363,#4364,#4365,#4366,#4367,#4368,#4369,#4370,#4371,
    #4372,#4373,#4374,#4375,#4376,#4377),.UNSPECIFIED.,.F.,.F.,(4,1,1,1,
    1,1,1,1,1,1,1,1,1,1,1,1,1,1,1,4),(0.,0.189906477077,0.372642952354,
    0.548209425831,0.716605897509,0.87783236739,1.031888835474,
    1.178775301764,1.318491766261,1.451038228967,1.576414689885,
    1.694621149018,1.805657606368,1.909524061941,2.006220515742,
    2.095746967776,2.178103418053,2.253289866581,2.321306313375,
    2.382152758453),.UNSPECIFIED.);
#4356 = CARTESIAN_POINT('',(-16.17574914828,11.594522958578,-2.));
#4357 = CARTESIAN_POINT('',(-16.14717440562,11.538036908312,-2.));
#4358 = CARTESIAN_POINT('',(-16.09014674994,11.427679031352,-2.));
#4359 = CARTESIAN_POINT('',(-16.00339823382,11.266835441638,-2.));
#4360 = CARTESIAN_POINT('',(-15.91734104318,11.113796320445,-2.));
#4361 = CARTESIAN_POINT('',(-15.83222185136,10.968486201574,-2.));
#4362 = CARTESIAN_POINT('',(-15.74828567819,10.830822147483,-2.));
#4363 = CARTESIAN_POINT('',(-15.66577466581,10.700715306611,-2.));
#4364 = CARTESIAN_POINT('',(-15.58492820789,10.578070606483,-2.));
#4365 = CARTESIAN_POINT('',(-15.50598274022,10.462786919863,-2.));
#4366 = CARTESIAN_POINT('',(-15.42917161834,10.354757116117,-2.));
#4367 = CARTESIAN_POINT('',(-15.35472497577,10.253868144737,-2.));
#4368 = CARTESIAN_POINT('',(-15.28286958843,10.160001115828,-2.));
#4369 = CARTESIAN_POINT('',(-15.21382874285,10.0730313808,-2.));
#4370 = CARTESIAN_POINT('',(-15.14782209541,9.992828631119,-2.));
#4371 = CARTESIAN_POINT('',(-15.08506557156,9.919256947354,-2.));
#4372 = CARTESIAN_POINT('',(-15.0257711391,9.85217502788,-2.));
#4373 = CARTESIAN_POINT('',(-14.97014700931,9.791435831996,-2.));
#4374 = CARTESIAN_POINT('',(-14.91839643701,9.736888165413,-2.));
#4375 = CARTESIAN_POINT('',(-14.8707210959,9.688371946677,-2.));
#4376 = CARTESIAN_POINT('',(-14.84007503362,9.658271729045,-2.));
#4377 = CARTESIAN_POINT('',(-14.82547601129,9.644191179696,-2.));
#4378 = ORIENTED_EDGE('',*,*,#4379,.T.);
#4379 = EDGE_CURVE('',#4353,#4380,#4382,.T.);
#4380 = VERTEX_POINT('',#4381);
#4381 = CARTESIAN_POINT('',(-15.3063041137,8.954887937347,-2.));
#4382 = B_SPLINE_CURVE_WITH_KNOTS('',1,(#4383,#4384),.UNSPECIFIED.,.F.,
  .F.,(2,2),(0.,0.840437162419),.PIECEWISE_BEZIER_KNOTS.);
#4383 = CARTESIAN_POINT('',(-14.82547601129,9.644191179696,-2.));
#4384 = CARTESIAN_POINT('',(-15.3063041137,8.954887937347,-2.));
#4385 = ORIENTED_EDGE('',*,*,#4386,.T.);
#4386 = EDGE_CURVE('',#4380,#4387,#4389,.T.);
#4387 = VERTEX_POINT('',#4388);
#4388 = CARTESIAN_POINT('',(-17.60296605614,9.548500196596,-2.));
#4389 = B_SPLINE_CURVE_WITH_KNOTS('',3,(#4390,#4391,#4392,#4393,#4394,
    #4395,#4396,#4397,#4398,#4399,#4400,#4401,#4402,#4403,#4404,#4405,
    #4406,#4407,#4408,#4409,#4410,#4411),.UNSPECIFIED.,.F.,.F.,(4,1,1,1,
    1,1,1,1,1,1,1,1,1,1,1,1,1,1,1,4),(0.,6.084644507817E-02,
    0.128862891872,0.204049340401,0.286405790677,0.375932242711,
    0.472628696512,0.576495152085,0.687531609436,0.805738068568,
    0.931114529486,1.063660992193,1.20337745669,1.350263922979,
    1.504320391064,1.665546860944,1.833943332622,2.009509806099,
    2.192246281376,2.382152758453),.UNSPECIFIED.);
#4390 = CARTESIAN_POINT('',(-15.3063041137,8.954887937347,-2.));
#4391 = CARTESIAN_POINT('',(-15.32456025677,8.963725729106,-2.));
#4392 = CARTESIAN_POINT('',(-15.36339243948,8.982090527507,-2.));
#4393 = CARTESIAN_POINT('',(-15.4253887755,9.010076523133,-2.));
#4394 = CARTESIAN_POINT('',(-15.4944528773,9.039803943221,-2.));
#4395 = CARTESIAN_POINT('',(-15.57066532523,9.071028236842,-2.));
#4396 = CARTESIAN_POINT('',(-15.65409781324,9.103506438533,-2.));
#4397 = CARTESIAN_POINT('',(-15.74481642549,9.136992365883,-2.));
#4398 = CARTESIAN_POINT('',(-15.84288056281,9.171238293137,-2.));
#4399 = CARTESIAN_POINT('',(-15.9483432082,9.205994639271,-2.));
#4400 = CARTESIAN_POINT('',(-16.06125079046,9.2410102597,-2.));
#4401 = CARTESIAN_POINT('',(-16.18164317299,9.276032557785,-2.));
#4402 = CARTESIAN_POINT('',(-16.30955360974,9.310807651084,-2.));
#4403 = CARTESIAN_POINT('',(-16.44500871495,9.345080522856,-2.));
#4404 = CARTESIAN_POINT('',(-16.58802843449,9.378595177118,-2.));
#4405 = CARTESIAN_POINT('',(-16.73862601642,9.411094800526,-2.));
#4406 = CARTESIAN_POINT('',(-16.89680800505,9.442321894978,-2.));
#4407 = CARTESIAN_POINT('',(-17.06257415733,9.472018531503,-2.));
#4408 = CARTESIAN_POINT('',(-17.23591768624,9.499926122983,-2.));
#4409 = CARTESIAN_POINT('',(-17.41682422206,9.525787110911,-2.));
#4410 = CARTESIAN_POINT('',(-17.54008696412,9.541192010766,-2.));
#4411 = CARTESIAN_POINT('',(-17.60296605614,9.548500196596,-2.));
#4412 = ORIENTED_EDGE('',*,*,#4413,.T.);
#4413 = EDGE_CURVE('',#4387,#4414,#4416,.T.);
#4414 = VERTEX_POINT('',#4415);
#4415 = CARTESIAN_POINT('',(-18.00428986043,8.886474604714,-2.));
#4416 = B_SPLINE_CURVE_WITH_KNOTS('',1,(#4417,#4418),.UNSPECIFIED.,.F.,
  .F.,(2,2),(0.,0.774169671453),.PIECEWISE_BEZIER_KNOTS.);
#4417 = CARTESIAN_POINT('',(-17.60296605614,9.548500196596,-2.));
#4418 = CARTESIAN_POINT('',(-18.00428986043,8.886474604714,-2.));
#4419 = ORIENTED_EDGE('',*,*,#4420,.T.);
#4420 = EDGE_CURVE('',#4414,#4421,#4423,.T.);
#4421 = VERTEX_POINT('',#4422);
#4422 = CARTESIAN_POINT('',(-16.41569955501,7.124824119033,-2.));
#4423 = B_SPLINE_CURVE_WITH_KNOTS('',3,(#4424,#4425,#4426,#4427,#4428,
    #4429,#4430,#4431,#4432,#4433,#4434,#4435,#4436,#4437,#4438,#4439,
    #4440,#4441,#4442,#4443,#4444,#4445),.UNSPECIFIED.,.F.,.F.,(4,1,1,1,
    1,1,1,1,1,1,1,1,1,1,1,1,1,1,1,4),(0.,0.189906477077,0.372642952354,
    0.548209425831,0.716605897509,0.87783236739,1.031888835474,
    1.178775301764,1.318491766261,1.451038228967,1.576414689885,
    1.694621149018,1.805657606368,1.909524061941,2.006220515742,
    2.095746967776,2.178103418053,2.253289866581,2.321306313375,
    2.382152758453),.UNSPECIFIED.);
#4424 = CARTESIAN_POINT('',(-18.00428986043,8.886474604714,-2.));
#4425 = CARTESIAN_POINT('',(-17.96872644023,8.834106361127,-2.));
#4426 = CARTESIAN_POINT('',(-17.89805472874,8.731947055557,-2.));
#4427 = CARTESIAN_POINT('',(-17.79145019501,8.583517143514,-2.));
#4428 = CARTESIAN_POINT('',(-17.68652932428,8.442739220671,-2.));
#4429 = CARTESIAN_POINT('',(-17.58352711427,8.309506896522,-2.));
#4430 = CARTESIAN_POINT('',(-17.48267596743,8.183706582,-2.));
#4431 = CARTESIAN_POINT('',(-17.38420467579,8.065219190563,-2.));
#4432 = CARTESIAN_POINT('',(-17.28833851002,7.953919817299,-2.));
#4433 = CARTESIAN_POINT('',(-17.19529903292,7.849677930487,-2.));
#4434 = CARTESIAN_POINT('',(-17.1053039846,7.752357438189,-2.));
#4435 = CARTESIAN_POINT('',(-17.01856715264,7.661816789218,-2.));
#4436 = CARTESIAN_POINT('',(-16.9352982478,7.577909070304,-2.));
#4437 = CARTESIAN_POINT('',(-16.85570278374,7.50048210297,-2.));
#4438 = CARTESIAN_POINT('',(-16.77998194998,7.429378559482,-2.));
#4439 = CARTESIAN_POINT('',(-16.70833251822,7.364436024372,-2.));
#4440 = CARTESIAN_POINT('',(-16.64094664677,7.305487250255,-2.));
#4441 = CARTESIAN_POINT('',(-16.57801203435,7.252359778168,-2.));
#4442 = CARTESIAN_POINT('',(-16.51971093275,7.204877663475,-2.));
#4443 = CARTESIAN_POINT('',(-16.46622288918,7.162856349529,-2.));
#4444 = CARTESIAN_POINT('',(-16.43197930025,7.136922185727,-2.));
#4445 = CARTESIAN_POINT('',(-16.41569955501,7.124824119033,-2.));
#4446 = ORIENTED_EDGE('',*,*,#4447,.T.);
#4447 = EDGE_CURVE('',#4421,#4448,#4450,.T.);
#4448 = VERTEX_POINT('',#4449);
#4449 = CARTESIAN_POINT('',(-16.80443392317,6.379693113782,-2.));
#4450 = B_SPLINE_CURVE_WITH_KNOTS('',1,(#4451,#4452),.UNSPECIFIED.,.F.,
  .F.,(2,2),(0.,0.840437162419),.PIECEWISE_BEZIER_KNOTS.);
#4451 = CARTESIAN_POINT('',(-16.41569955501,7.124824119033,-2.));
#4452 = CARTESIAN_POINT('',(-16.80443392317,6.379693113782,-2.));
#4453 = ORIENTED_EDGE('',*,*,#4454,.T.);
#4454 = EDGE_CURVE('',#4448,#4455,#4457,.T.);
#4455 = VERTEX_POINT('',#4456);
#4456 = CARTESIAN_POINT('',(-19.15814975366,6.67474121404,-2.));
#4457 = B_SPLINE_CURVE_WITH_KNOTS('',3,(#4458,#4459,#4460,#4461,#4462,
    #4463,#4464,#4465,#4466,#4467,#4468,#4469,#4470,#4471,#4472,#4473,
    #4474,#4475,#4476,#4477,#4478,#4479),.UNSPECIFIED.,.F.,.F.,(4,1,1,1,
    1,1,1,1,1,1,1,1,1,1,1,1,1,1,1,4),(0.,6.084644507817E-02,
    0.128862891872,0.204049340401,0.286405790677,0.375932242711,
    0.472628696512,0.576495152085,0.687531609436,0.805738068568,
    0.931114529486,1.063660992193,1.20337745669,1.350263922979,
    1.504320391064,1.665546860944,1.833943332622,2.009509806099,
    2.192246281376,2.382152758453),.UNSPECIFIED.);
#4458 = CARTESIAN_POINT('',(-16.80443392317,6.379693113782,-2.));
#4459 = CARTESIAN_POINT('',(-16.82367033528,6.386123803633,-2.));
#4460 = CARTESIAN_POINT('',(-16.8645321446,6.399372077987,-2.));
#4461 = CARTESIAN_POINT('',(-16.92959826125,6.41920039349,-2.));
#4462 = CARTESIAN_POINT('',(-17.00189680584,6.439852030558,-2.));
#4463 = CARTESIAN_POINT('',(-17.08147642467,6.461074141633,-2.));
#4464 = CARTESIAN_POINT('',(-17.16837715335,6.482616587978,-2.));
#4465 = CARTESIAN_POINT('',(-17.26263305239,6.504226757682,-2.));
#4466 = CARTESIAN_POINT('',(-17.36427135648,6.525651362802,-2.));
#4467 = CARTESIAN_POINT('',(-17.4733126979,6.54663609606,-2.));
#4468 = CARTESIAN_POINT('',(-17.58977100863,6.566925937576,-2.));
#4469 = CARTESIAN_POINT('',(-17.71365352344,6.586265266911,-2.));
#4470 = CARTESIAN_POINT('',(-17.8449607575,6.604398033574,-2.));
#4471 = CARTESIAN_POINT('',(-17.98368649573,6.621067911152,-2.));
#4472 = CARTESIAN_POINT('',(-18.12981778421,6.636018454766,-2.));
#4473 = CARTESIAN_POINT('',(-18.28333492168,6.648993265381,-2.));
#4474 = CARTESIAN_POINT('',(-18.44421147057,6.659736122084,-2.));
#4475 = CARTESIAN_POINT('',(-18.61241420662,6.667991244576,-2.));
#4476 = CARTESIAN_POINT('',(-18.78790333114,6.673503036644,-2.));
#4477 = CARTESIAN_POINT('',(-18.97063165654,6.676017891886,-2.));
#4478 = CARTESIAN_POINT('',(-19.09485234806,6.675533828131,-2.));
#4479 = CARTESIAN_POINT('',(-19.15814975366,6.67474121404,-2.));
#4480 = ORIENTED_EDGE('',*,*,#4481,.T.);
#4481 = EDGE_CURVE('',#4455,#4482,#4484,.T.);
#4482 = VERTEX_POINT('',#4483);
#4483 = CARTESIAN_POINT('',(-19.47152074142,5.966830694107,-2.));
#4484 = B_SPLINE_CURVE_WITH_KNOTS('',1,(#4485,#4486),.UNSPECIFIED.,.F.,
  .F.,(2,2),(0.,0.774169671453),.PIECEWISE_BEZIER_KNOTS.);
#4485 = CARTESIAN_POINT('',(-19.15814975366,6.67474121404,-2.));
#4486 = CARTESIAN_POINT('',(-19.47152074142,5.966830694107,-2.));
#4487 = ORIENTED_EDGE('',*,*,#4488,.T.);
#4488 = EDGE_CURVE('',#4482,#4489,#4491,.T.);
#4489 = VERTEX_POINT('',#4490);
#4490 = CARTESIAN_POINT('',(-17.67069787645,4.422787753898,-2.));
#4491 = B_SPLINE_CURVE_WITH_KNOTS('',3,(#4492,#4493,#4494,#4495,#4496,
    #4497,#4498,#4499,#4500,#4501,#4502,#4503,#4504,#4505,#4506,#4507,
    #4508,#4509,#4510,#4511,#4512,#4513),.UNSPECIFIED.,.F.,.F.,(4,1,1,1,
    1,1,1,1,1,1,1,1,1,1,1,1,1,1,1,4),(0.,0.189906477077,0.372642952354,
    0.548209425831,0.716605897509,0.87783236739,1.031888835474,
    1.178775301764,1.318491766261,1.451038228967,1.576414689885,
    1.694621149018,1.805657606368,1.909524061941,2.006220515742,
    2.095746967776,2.178103418053,2.253289866581,2.321306313375,
    2.382152758453),.UNSPECIFIED.);
#4492 = CARTESIAN_POINT('',(-19.47152074142,5.966830694107,-2.));
#4493 = CARTESIAN_POINT('',(-19.42955259405,5.91944014231,-2.));
#4494 = CARTESIAN_POINT('',(-19.3463972543,5.827156861103,-2.));
#4495 = CARTESIAN_POINT('',(-19.22168714646,5.693577841783,-2.));
#4496 = CARTESIAN_POINT('',(-19.09962539342,5.567372686892,-2.));
#4497 = CARTESIAN_POINT('',(-18.98043145868,5.448405828544,-2.));
#4498 = CARTESIAN_POINT('',(-18.8643213112,5.336534891277,-2.));
#4499 = CARTESIAN_POINT('',(-18.7515066362,5.231612508967,-2.));
#4500 = CARTESIAN_POINT('',(-18.64219488237,5.1334859952,-2.));
#4501 = CARTESIAN_POINT('',(-18.53658910147,5.041997557094,-2.));
#4502 = CARTESIAN_POINT('',(-18.43488784293,4.956984376037,-2.));
#4503 = CARTESIAN_POINT('',(-18.33728503795,4.878278724427,-2.));
#4504 = CARTESIAN_POINT('',(-18.24396988873,4.805708077933,-2.));
#4505 = CARTESIAN_POINT('',(-18.15512676151,4.739095226958,-2.));
#4506 = CARTESIAN_POINT('',(-18.07093507542,4.67825840788,-2.));
#4507 = CARTESIAN_POINT('',(-17.99156921744,4.623011376056,-2.));
#4508 = CARTESIAN_POINT('',(-17.91719838115,4.573163684538,-2.));
#4509 = CARTESIAN_POINT('',(-17.84798667068,4.528520287871,-2.));
#4510 = CARTESIAN_POINT('',(-17.78409234227,4.488883380079,-2.));
#4511 = CARTESIAN_POINT('',(-17.72566986844,4.454046959736,-2.));
#4512 = CARTESIAN_POINT('',(-17.68839103165,4.432704688017,-2.));
#4513 = CARTESIAN_POINT('',(-17.67069787645,4.422787753898,-2.));
#4514 = ORIENTED_EDGE('',*,*,#4515,.T.);
#4515 = EDGE_CURVE('',#4489,#4516,#4518,.T.);
#4516 = VERTEX_POINT('',#4517);
#4517 = CARTESIAN_POINT('',(-17.96095550279,3.634064016251,-2.));
#4518 = B_SPLINE_CURVE_WITH_KNOTS('',1,(#4519,#4520),.UNSPECIFIED.,.F.,
  .F.,(2,2),(0.,0.840437162419),.PIECEWISE_BEZIER_KNOTS.);
#4519 = CARTESIAN_POINT('',(-17.67069787645,4.422787753898,-2.));
#4520 = CARTESIAN_POINT('',(-17.96095550279,3.634064016251,-2.));
#4521 = ORIENTED_EDGE('',*,*,#4522,.T.);
#4522 = EDGE_CURVE('',#4516,#4523,#4525,.T.);
#4523 = VERTEX_POINT('',#4524);
#4524 = CARTESIAN_POINT('',(-20.33307727247,3.625703275868,-2.));
#4525 = B_SPLINE_CURVE_WITH_KNOTS('',3,(#4526,#4527,#4528,#4529,#4530,
    #4531,#4532,#4533,#4534,#4535,#4536,#4537,#4538,#4539,#4540,#4541,
    #4542,#4543,#4544,#4545,#4546,#4547),.UNSPECIFIED.,.F.,.F.,(4,1,1,1,
    1,1,1,1,1,1,1,1,1,1,1,1,1,1,1,4),(0.,6.084644507817E-02,
    0.128862891872,0.204049340401,0.286405790677,0.375932242711,
    0.472628696512,0.576495152085,0.687531609436,0.805738068568,
    0.931114529486,1.063660992193,1.20337745669,1.350263922979,
    1.504320391064,1.665546860944,1.833943332622,2.009509806099,
    2.192246281376,2.382152758453),.UNSPECIFIED.);
#4526 = CARTESIAN_POINT('',(-17.96095550279,3.634064016251,-2.));
#4527 = CARTESIAN_POINT('',(-17.98085632259,3.637982012445,-2.));
#4528 = CARTESIAN_POINT('',(-18.02307680875,3.645896226452,-2.));
#4529 = CARTESIAN_POINT('',(-18.09014432218,3.65724128144,-2.));
#4530 = CARTESIAN_POINT('',(-18.16449016945,3.668478036177,-2.));
#4531 = CARTESIAN_POINT('',(-18.24613026404,3.67934949823,-2.));
#4532 = CARTESIAN_POINT('',(-18.33507232584,3.689602462856,-2.));
#4533 = CARTESIAN_POINT('',(-18.43131783241,3.698982036524,-2.));
#4534 = CARTESIAN_POINT('',(-18.53486140512,3.707233528088,-2.));
#4535 = CARTESIAN_POINT('',(-18.64569098676,3.714102079728,-2.));
#4536 = CARTESIAN_POINT('',(-18.76378778371,3.719332983695,-2.));
#4537 = CARTESIAN_POINT('',(-18.88912628334,3.722671793027,-2.));
#4538 = CARTESIAN_POINT('',(-19.02167425355,3.723864493527,-2.));
#4539 = CARTESIAN_POINT('',(-19.16139275202,3.722657657983,-2.));
#4540 = CARTESIAN_POINT('',(-19.30823613773,3.718798603436,-2.));
#4541 = CARTESIAN_POINT('',(-19.46215208357,3.712035555226,-2.));
#4542 = CARTESIAN_POINT('',(-19.62308160425,3.70211777677,-2.));
#4543 = CARTESIAN_POINT('',(-19.7909590398,3.688795836347,-2.));
#4544 = CARTESIAN_POINT('',(-19.96571223335,3.671821325528,-2.));
#4545 = CARTESIAN_POINT('',(-20.14726195428,3.650948754232,-2.));
#4546 = CARTESIAN_POINT('',(-20.27040089494,3.634583675179,-2.));
#4547 = CARTESIAN_POINT('',(-20.33307727247,3.625703275868,-2.));
#4548 = ORIENTED_EDGE('',*,*,#4549,.T.);
#4549 = EDGE_CURVE('',#4523,#4550,#4552,.T.);
#4550 = VERTEX_POINT('',#4551);
#4551 = CARTESIAN_POINT('',(-20.55334990074,2.88353169905,-2.));
#4552 = B_SPLINE_CURVE_WITH_KNOTS('',1,(#4553,#4554),.UNSPECIFIED.,.F.,
  .F.,(2,2),(0.,0.774169671453),.PIECEWISE_BEZIER_KNOTS.);
#4553 = CARTESIAN_POINT('',(-20.33307727247,3.625703275868,-2.));
#4554 = CARTESIAN_POINT('',(-20.55334990074,2.88353169905,-2.));
#4555 = ORIENTED_EDGE('',*,*,#4556,.T.);
#4556 = EDGE_CURVE('',#4550,#4557,#4559,.T.);
#4557 = VERTEX_POINT('',#4558);
#4558 = CARTESIAN_POINT('',(-18.56986393789,1.582449446705,-2.));
#4559 = B_SPLINE_CURVE_WITH_KNOTS('',3,(#4560,#4561,#4562,#4563,#4564,
    #4565,#4566,#4567,#4568,#4569,#4570,#4571,#4572,#4573,#4574,#4575,
    #4576,#4577,#4578,#4579,#4580,#4581),.UNSPECIFIED.,.F.,.F.,(4,1,1,1,
    1,1,1,1,1,1,1,1,1,1,1,1,1,1,1,4),(0.,0.189906477077,0.372642952354,
    0.548209425831,0.716605897509,0.87783236739,1.031888835474,
    1.178775301764,1.318491766261,1.451038228967,1.576414689885,
    1.694621149018,1.805657606368,1.909524061941,2.006220515742,
    2.095746967776,2.178103418053,2.253289866581,2.321306313375,
    2.382152758453),.UNSPECIFIED.);
#4560 = CARTESIAN_POINT('',(-20.55334990074,2.88353169905,-2.));
#4561 = CARTESIAN_POINT('',(-20.50566614203,2.841896990595,-2.));
#4562 = CARTESIAN_POINT('',(-20.4113925824,2.761005022677,-2.));
#4563 = CARTESIAN_POINT('',(-20.27062463696,2.644470259884,-2.));
#4564 = CARTESIAN_POINT('',(-20.13342625223,2.534910158098,-2.));
#4565 = CARTESIAN_POINT('',(-19.99999775387,2.432162198077,-2.));
#4566 = CARTESIAN_POINT('',(-19.87053513116,2.336057555762,-2.));
#4567 = CARTESIAN_POINT('',(-19.74522948663,2.246423005196,-2.));
#4568 = CARTESIAN_POINT('',(-19.62426704073,2.163080585568,-2.));
#4569 = CARTESIAN_POINT('',(-19.50782900004,2.085847833794,-2.));
#4570 = CARTESIAN_POINT('',(-19.39609146312,2.014537878059,-2.));
#4571 = CARTESIAN_POINT('',(-19.28922532048,1.948959568435,-2.));
#4572 = CARTESIAN_POINT('',(-19.18739615905,1.88891760237,-2.));
#4573 = CARTESIAN_POINT('',(-19.09076417037,1.834212648924,-2.));
#4574 = CARTESIAN_POINT('',(-18.99948405711,1.784641493144,-2.));
#4575 = CARTESIAN_POINT('',(-18.9137049581,1.739997119341,-2.));
#4576 = CARTESIAN_POINT('',(-18.83357032404,1.700069008138,-2.));
#4577 = CARTESIAN_POINT('',(-18.75921796991,1.664642730231,-2.));
#4578 = CARTESIAN_POINT('',(-18.69077955778,1.633501866269,-2.));
#4579 = CARTESIAN_POINT('',(-18.62838194909,1.606422352588,-2.));
#4580 = CARTESIAN_POINT('',(-18.58867998191,1.590022412465,-2.));
#4581 = CARTESIAN_POINT('',(-18.56986393789,1.582449446705,-2.));
#4582 = ORIENTED_EDGE('',*,*,#4583,.T.);
#4583 = EDGE_CURVE('',#4557,#4584,#4586,.T.);
#4584 = VERTEX_POINT('',#4585);
#4585 = CARTESIAN_POINT('',(-18.7568788002,0.763083798627,-2.));
#4586 = B_SPLINE_CURVE_WITH_KNOTS('',1,(#4587,#4588),.UNSPECIFIED.,.F.,
  .F.,(2,2),(0.,0.840437162419),.PIECEWISE_BEZIER_KNOTS.);
#4587 = CARTESIAN_POINT('',(-18.56986393789,1.582449446705,-2.));
#4588 = CARTESIAN_POINT('',(-18.7568788002,0.763083798627,-2.));
#4589 = ORIENTED_EDGE('',*,*,#4590,.T.);
#4590 = EDGE_CURVE('',#4584,#4591,#4593,.T.);
#4591 = VERTEX_POINT('',#4592);
#4592 = CARTESIAN_POINT('',(-21.1084563352,0.451451500731,-2.));
#4593 = B_SPLINE_CURVE_WITH_KNOTS('',3,(#4594,#4595,#4596,#4597,#4598,
    #4599,#4600,#4601,#4602,#4603,#4604,#4605,#4606,#4607,#4608,#4609,
    #4610,#4611,#4612,#4613,#4614,#4615),.UNSPECIFIED.,.F.,.F.,(4,1,1,1,
    1,1,1,1,1,1,1,1,1,1,1,1,1,1,1,4),(0.,6.084644507817E-02,
    0.128862891872,0.204049340401,0.286405790677,0.375932242711,
    0.472628696512,0.576495152085,0.687531609436,0.805738068568,
    0.931114529486,1.063660992193,1.20337745669,1.350263922979,
    1.504320391064,1.665546860944,1.833943332622,2.009509806099,
    2.192246281376,2.382152758453),.UNSPECIFIED.);
#4594 = CARTESIAN_POINT('',(-18.7568788002,0.763083798627,-2.));
#4595 = CARTESIAN_POINT('',(-18.77711725678,0.764424767775,-2.));
#4596 = CARTESIAN_POINT('',(-18.82000316055,0.766874970261,-2.));
#4597 = CARTESIAN_POINT('',(-18.88797082406,0.769550479245,-2.));
#4598 = CARTESIAN_POINT('',(-18.96314321725,0.77118784445,-2.));
#4599 = CARTESIAN_POINT('',(-19.0455032595,0.771530148373,-2.));
#4600 = CARTESIAN_POINT('',(-19.13502622822,0.770325277885,-2.));
#4601 = CARTESIAN_POINT('',(-19.23168099377,0.767320243176,-2.));
#4602 = CARTESIAN_POINT('',(-19.3354296525,0.76226313192,-2.));
#4603 = CARTESIAN_POINT('',(-19.4462276557,0.754902720515,-2.));
#4604 = CARTESIAN_POINT('',(-19.56402379273,0.744988795635,-2.));
#4605 = CARTESIAN_POINT('',(-19.68876022247,0.732272261807,-2.));
#4606 = CARTESIAN_POINT('',(-19.82037249483,0.716505312034,-2.));
#4607 = CARTESIAN_POINT('',(-19.95878957966,0.697441579574,-2.));
#4608 = CARTESIAN_POINT('',(-20.10393389826,0.674836292434,-2.));
#4609 = CARTESIAN_POINT('',(-20.2557213569,0.648446434466,-2.));
#4610 = CARTESIAN_POINT('',(-20.41406139108,0.618030870498,-2.));
#4611 = CARTESIAN_POINT('',(-20.57885698327,0.583350613052,-2.));
#4612 = CARTESIAN_POINT('',(-20.75000480326,0.544168520346,-2.));
#4613 = CARTESIAN_POINT('',(-20.92739487831,0.500251249554,-2.));
#4614 = CARTESIAN_POINT('',(-21.04743013011,0.46827386935,-2.));
#4615 = CARTESIAN_POINT('',(-21.1084563352,0.451451500731,-2.));
#4616 = ORIENTED_EDGE('',*,*,#4617,.T.);
#4617 = EDGE_CURVE('',#4591,#4618,#4620,.T.);
#4618 = VERTEX_POINT('',#4619);
#4619 = CARTESIAN_POINT('',(-21.2320137335,-0.312794696199,-2.));
#4620 = B_SPLINE_CURVE_WITH_KNOTS('',1,(#4621,#4622),.UNSPECIFIED.,.F.,
  .F.,(2,2),(0.,0.774169671453),.PIECEWISE_BEZIER_KNOTS.);
#4621 = CARTESIAN_POINT('',(-21.1084563352,0.451451500731,-2.));
#4622 = CARTESIAN_POINT('',(-21.2320137335,-0.312794696199,-2.));
#4623 = ORIENTED_EDGE('',*,*,#4624,.T.);
#4624 = EDGE_CURVE('',#4618,#4625,#4627,.T.);
#4625 = VERTEX_POINT('',#4626);
#4626 = CARTESIAN_POINT('',(-19.09843345744,-1.349552526068,-2.));
#4627 = B_SPLINE_CURVE_WITH_KNOTS('',3,(#4628,#4629,#4630,#4631,#4632,
    #4633,#4634,#4635,#4636,#4637,#4638,#4639,#4640,#4641,#4642,#4643,
    #4644,#4645,#4646,#4647,#4648,#4649),.UNSPECIFIED.,.F.,.F.,(4,1,1,1,
    1,1,1,1,1,1,1,1,1,1,1,1,1,1,1,4),(0.,0.189906477077,0.372642952354,
    0.548209425831,0.716605897509,0.87783236739,1.031888835474,
    1.178775301764,1.318491766261,1.451038228967,1.576414689885,
    1.694621149018,1.805657606368,1.909524061941,2.006220515742,
    2.095746967776,2.178103418053,2.253289866581,2.321306313375,
    2.382152758453),.UNSPECIFIED.);
#4628 = CARTESIAN_POINT('',(-21.2320137335,-0.312794696199,-2.));
#4629 = CARTESIAN_POINT('',(-21.17939732944,-0.347989920552,-2.));
#4630 = CARTESIAN_POINT('',(-21.07555351917,-0.416162331303,-2.));
#4631 = CARTESIAN_POINT('',(-20.92103914192,-0.513739339987,-2.));
#4632 = CARTESIAN_POINT('',(-20.77095691918,-0.604855414825,-2.));
#4633 = CARTESIAN_POINT('',(-20.62548474945,-0.689697357856,-2.));
#4634 = CARTESIAN_POINT('',(-20.4847954242,-0.768457669649,-2.));
#4635 = CARTESIAN_POINT('',(-20.34905632537,-0.841332591629,-2.));
#4636 = CARTESIAN_POINT('',(-20.2184293874,-0.908522436891,-2.));
#4637 = CARTESIAN_POINT('',(-20.09307099633,-0.970231342686,-2.));
#4638 = CARTESIAN_POINT('',(-19.97313190831,-1.026667165595,-2.));
#4639 = CARTESIAN_POINT('',(-19.85875716712,-1.078041339203,-2.));
#4640 = CARTESIAN_POINT('',(-19.7500860255,-1.124568737416,-2.));
#4641 = CARTESIAN_POINT('',(-19.64725186993,-1.16646753951,-2.));
#4642 = CARTESIAN_POINT('',(-19.55038214643,-1.203959074984,-2.));
#4643 = CARTESIAN_POINT('',(-19.45959829684,-1.237267731382,-2.));
#4644 = CARTESIAN_POINT('',(-19.37501567348,-1.266620643788,-2.));
#4645 = CARTESIAN_POINT('',(-19.29674353928,-1.292248104432,-2.));
#4646 = CARTESIAN_POINT('',(-19.22488480027,-1.314381592438,-2.));
#4647 = CARTESIAN_POINT('',(-19.15953662374,-1.333259554591,-2.));
#4648 = CARTESIAN_POINT('',(-19.11806343137,-1.344447876556,-2.));
#4649 = CARTESIAN_POINT('',(-19.09843345744,-1.349552526068,-2.));
#4650 = ORIENTED_EDGE('',*,*,#4651,.T.);
#4651 = EDGE_CURVE('',#4625,#4652,#4654,.T.);
#4652 = VERTEX_POINT('',#4653);
#4653 = CARTESIAN_POINT('',(-19.17913477686,-2.186106123287,-2.));
#4654 = B_SPLINE_CURVE_WITH_KNOTS('',1,(#4655,#4656),.UNSPECIFIED.,.F.,
  .F.,(2,2),(0.,0.840437162419),.PIECEWISE_BEZIER_KNOTS.);
#4655 = CARTESIAN_POINT('',(-19.09843345744,-1.349552526068,-2.));
#4656 = CARTESIAN_POINT('',(-19.17913477686,-2.186106123287,-2.));
#4657 = ORIENTED_EDGE('',*,*,#4658,.T.);
#4658 = EDGE_CURVE('',#4652,#4659,#4661,.T.);
#4659 = VERTEX_POINT('',#4660);
#4660 = CARTESIAN_POINT('',(-21.47155523905,-2.795892984981,-2.));
#4661 = B_SPLINE_CURVE_WITH_KNOTS('',3,(#4662,#4663,#4664,#4665,#4666,
    #4667,#4668,#4669,#4670,#4671,#4672,#4673,#4674,#4675,#4676,#4677,
    #4678,#4679,#4680,#4681,#4682,#4683),.UNSPECIFIED.,.F.,.F.,(4,1,1,1,
    1,1,1,1,1,1,1,1,1,1,1,1,1,1,1,4),(0.,6.084644507817E-02,
    0.128862891872,0.204049340401,0.286405790677,0.375932242711,
    0.472628696512,0.576495152085,0.687531609436,0.805738068568,
    0.931114529486,1.063660992193,1.20337745669,1.350263922979,
    1.504320391064,1.665546860944,1.833943332622,2.009509806099,
    2.192246281376,2.382152758453),.UNSPECIFIED.);
#4662 = CARTESIAN_POINT('',(-19.17913477686,-2.186106123287,-2.));
#4663 = CARTESIAN_POINT('',(-19.19937855532,-2.187364199861,-2.));
#4664 = CARTESIAN_POINT('',(-19.24222569135,-2.190418241155,-2.));
#4665 = CARTESIAN_POINT('',(-19.30997747778,-2.196456209958,-2.));
#4666 = CARTESIAN_POINT('',(-19.38474208827,-2.204445119777,-2.));
#4667 = CARTESIAN_POINT('',(-19.46646972857,-2.214637594604,-2.));
#4668 = CARTESIAN_POINT('',(-19.55510363953,-2.227280516267,-2.));
#4669 = CARTESIAN_POINT('',(-19.65058059549,-2.242620816765,-2.));
#4670 = CARTESIAN_POINT('',(-19.75283079013,-2.260903493214,-2.));
#4671 = CARTESIAN_POINT('',(-19.86177791473,-2.282372009913,-2.));
#4672 = CARTESIAN_POINT('',(-19.97733918254,-2.307267977268,-2.));
#4673 = CARTESIAN_POINT('',(-20.09942537365,-2.335831049122,-2.));
#4674 = CARTESIAN_POINT('',(-20.2279408783,-2.368298756288,-2.));
#4675 = CARTESIAN_POINT('',(-20.36278374477,-2.404906359704,-2.));
#4676 = CARTESIAN_POINT('',(-20.50384573056,-2.445886701246,-2.));
#4677 = CARTESIAN_POINT('',(-20.65101235613,-2.491470048236,-2.));
#4678 = CARTESIAN_POINT('',(-20.80416296483,-2.541883974996,-2.));
#4679 = CARTESIAN_POINT('',(-20.9631707746,-2.597353100595,-2.));
#4680 = CARTESIAN_POINT('',(-21.12790297855,-2.65809940631,-2.));
#4681 = CARTESIAN_POINT('',(-21.2982206676,-2.724340256225,-2.));
#4682 = CARTESIAN_POINT('',(-21.41318125502,-2.771404869882,-2.));
#4683 = CARTESIAN_POINT('',(-21.47155523905,-2.795892984981,-2.));
#4684 = ORIENTED_EDGE('',*,*,#4685,.T.);
#4685 = EDGE_CURVE('',#4659,#4686,#4688,.T.);
#4686 = VERTEX_POINT('',#4687);
#4687 = CARTESIAN_POINT('',(-21.49636859833,-3.569664900599,-2.));
#4688 = B_SPLINE_CURVE_WITH_KNOTS('',1,(#4689,#4690),.UNSPECIFIED.,.F.,
  .F.,(2,2),(0.,0.774169671453),.PIECEWISE_BEZIER_KNOTS.);
#4689 = CARTESIAN_POINT('',(-21.47155523905,-2.795892984981,-2.));
#4690 = CARTESIAN_POINT('',(-21.49636859833,-3.569664900599,-2.));
#4691 = ORIENTED_EDGE('',*,*,#4692,.T.);
#4692 = EDGE_CURVE('',#4686,#4693,#4695,.T.);
#4693 = VERTEX_POINT('',#4694);
#4694 = CARTESIAN_POINT('',(-19.24772733821,-4.325074773088,-2.));
#4695 = B_SPLINE_CURVE_WITH_KNOTS('',3,(#4696,#4697,#4698,#4699,#4700,
    #4701,#4702,#4703,#4704,#4705,#4706,#4707,#4708,#4709,#4710,#4711,
    #4712,#4713,#4714,#4715,#4716,#4717),.UNSPECIFIED.,.F.,.F.,(4,1,1,1,
    1,1,1,1,1,1,1,1,1,1,1,1,1,1,1,4),(0.,0.189906477077,0.372642952354,
    0.548209425831,0.716605897509,0.87783236739,1.031888835474,
    1.178775301764,1.318491766261,1.451038228967,1.576414689885,
    1.694621149018,1.805657606368,1.909524061941,2.006220515742,
    2.095746967776,2.178103418053,2.253289866581,2.321306313375,
    2.382152758453),.UNSPECIFIED.);
#4696 = CARTESIAN_POINT('',(-21.49636859833,-3.569664900599,-2.));
#4697 = CARTESIAN_POINT('',(-21.43968350883,-3.597842736238,-2.));
#4698 = CARTESIAN_POINT('',(-21.32797456042,-3.652176200724,-2.));
#4699 = CARTESIAN_POINT('',(-21.16225087315,-3.729193243512,-2.));
#4700 = CARTESIAN_POINT('',(-21.00174915835,-3.800369167972,-2.));
#4701 = CARTESIAN_POINT('',(-20.84662196626,-3.865911991654,-2.));
#4702 = CARTESIAN_POINT('',(-20.69701605329,-3.926034730784,-2.));
#4703 = CARTESIAN_POINT('',(-20.55307233241,-3.980953419973,-2.));
#4704 = CARTESIAN_POINT('',(-20.41492579309,-4.030887435468,-2.));
#4705 = CARTESIAN_POINT('',(-20.28270543295,-4.076059236755,-2.));
#4706 = CARTESIAN_POINT('',(-20.15653419034,-4.116694252188,-2.));
#4707 = CARTESIAN_POINT('',(-20.03652888069,-4.153020727269,-2.));
#4708 = CARTESIAN_POINT('',(-19.92280013601,-4.185269579039,-2.));
#4709 = CARTESIAN_POINT('',(-19.81545234755,-4.213674252607,-2.));
#4710 = CARTESIAN_POINT('',(-19.714583612,-4.2384705578,-2.));
#4711 = CARTESIAN_POINT('',(-19.62028568011,-4.259896569577,-2.));
#4712 = CARTESIAN_POINT('',(-19.5326439118,-4.278192309174,-2.));
#4713 = CARTESIAN_POINT('',(-19.45173722381,-4.29360015036,-2.));
#4714 = CARTESIAN_POINT('',(-19.37763807643,-4.306362831149,-2.));
#4715 = CARTESIAN_POINT('',(-19.31041234731,-4.316729266158,-2.));
#4716 = CARTESIAN_POINT('',(-19.26784891841,-4.322522258027,-2.));
#4717 = CARTESIAN_POINT('',(-19.24772733821,-4.325074773088,-2.));
#4718 = ORIENTED_EDGE('',*,*,#4719,.T.);
#4719 = EDGE_CURVE('',#4693,#4720,#4722,.T.);
#4720 = VERTEX_POINT('',#4721);
#4721 = CARTESIAN_POINT('',(-19.2207900013,-5.165080132509,-2.));
#4722 = B_SPLINE_CURVE_WITH_KNOTS('',1,(#4723,#4724),.UNSPECIFIED.,.F.,
  .F.,(2,2),(0.,0.840437162419),.PIECEWISE_BEZIER_KNOTS.);
#4723 = CARTESIAN_POINT('',(-19.24772733821,-4.325074773088,-2.));
#4724 = CARTESIAN_POINT('',(-19.2207900013,-5.165080132509,-2.));
#4725 = ORIENTED_EDGE('',*,*,#4726,.T.);
#4726 = EDGE_CURVE('',#4720,#4727,#4729,.T.);
#4727 = VERTEX_POINT('',#4728);
#4728 = CARTESIAN_POINT('',(-21.41641191009,-6.063008874591,-2.));
#4729 = B_SPLINE_CURVE_WITH_KNOTS('',3,(#4730,#4731,#4732,#4733,#4734,
    #4735,#4736,#4737,#4738,#4739,#4740,#4741,#4742,#4743,#4744,#4745,
    #4746,#4747,#4748,#4749,#4750,#4751),.UNSPECIFIED.,.F.,.F.,(4,1,1,1,
    1,1,1,1,1,1,1,1,1,1,1,1,1,1,1,4),(0.,6.084644507817E-02,
    0.128862891872,0.204049340401,0.286405790677,0.375932242711,
    0.472628696512,0.576495152085,0.687531609436,0.805738068568,
    0.931114529486,1.063660992193,1.20337745669,1.350263922979,
    1.504320391064,1.665546860944,1.833943332622,2.009509806099,
    2.192246281376,2.382152758453),.UNSPECIFIED.);
#4730 = CARTESIAN_POINT('',(-19.2207900013,-5.165080132509,-2.));
#4731 = CARTESIAN_POINT('',(-19.24070669936,-5.168916597223,-2.));
#4732 = CARTESIAN_POINT('',(-19.28281151886,-5.177424735022,-2.));
#4733 = CARTESIAN_POINT('',(-19.34923494575,-5.192077038332,-2.));
#4734 = CARTESIAN_POINT('',(-19.42236414071,-5.209561045497,-2.));
#4735 = CARTESIAN_POINT('',(-19.50211741346,-5.230120938918,-2.));
#4736 = CARTESIAN_POINT('',(-19.5884069003,-5.253994315332,-2.));
#4737 = CARTESIAN_POINT('',(-19.68113831769,-5.281417994309,-2.));
#4738 = CARTESIAN_POINT('',(-19.78021110287,-5.312626034909,-2.));
#4739 = CARTESIAN_POINT('',(-19.8855184401,-5.347850144451,-2.));
#4740 = CARTESIAN_POINT('',(-19.99694732585,-5.387319363185,-2.));
#4741 = CARTESIAN_POINT('',(-20.11437862647,-5.431259968215,-2.));
#4742 = CARTESIAN_POINT('',(-20.23768714236,-5.47989531392,-2.));
#4743 = CARTESIAN_POINT('',(-20.36674167434,-5.533445692457,-2.));
#4744 = CARTESIAN_POINT('',(-20.50140509342,-5.592128192325,-2.));
#4745 = CARTESIAN_POINT('',(-20.641534414,-5.65615655104,-2.));
#4746 = CARTESIAN_POINT('',(-20.78698086845,-5.725741045308,-2.));
#4747 = CARTESIAN_POINT('',(-20.93758999195,-5.801088237552,-2.));
#4748 = CARTESIAN_POINT('',(-21.09320168163,-5.882401303616,-2.));
#4749 = CARTESIAN_POINT('',(-21.25365037293,-5.969878059729,-2.));
#4750 = CARTESIAN_POINT('',(-21.36164864631,-6.031257107184,-2.));
#4751 = CARTESIAN_POINT('',(-21.41641191009,-6.063008874591,-2.));
#4752 = ORIENTED_EDGE('',*,*,#4753,.T.);
#4753 = EDGE_CURVE('',#4727,#4754,#4756,.T.);
#4754 = VERTEX_POINT('',#4755);
#4755 = CARTESIAN_POINT('',(-21.34207379567,-6.833601195434,-2.));
#4756 = B_SPLINE_CURVE_WITH_KNOTS('',1,(#4757,#4758),.UNSPECIFIED.,.F.,
  .F.,(2,2),(0.,0.774169671453),.PIECEWISE_BEZIER_KNOTS.);
#4757 = CARTESIAN_POINT('',(-21.41641191009,-6.063008874591,-2.));
#4758 = CARTESIAN_POINT('',(-21.34207379567,-6.833601195434,-2.));
#4759 = ORIENTED_EDGE('',*,*,#4760,.T.);
#4760 = EDGE_CURVE('',#4754,#4761,#4763,.T.);
#4761 = VERTEX_POINT('',#4762);
#4762 = CARTESIAN_POINT('',(-19.0152941788,-7.29525930132,-2.));
#4763 = B_SPLINE_CURVE_WITH_KNOTS('',3,(#4764,#4765,#4766,#4767,#4768,
    #4769,#4770,#4771,#4772,#4773,#4774,#4775,#4776,#4777,#4778,#4779,
    #4780,#4781,#4782,#4783,#4784,#4785),.UNSPECIFIED.,.F.,.F.,(4,1,1,1,
    1,1,1,1,1,1,1,1,1,1,1,1,1,1,1,4),(0.,0.189906477077,0.372642952354,
    0.548209425831,0.716605897509,0.87783236739,1.031888835474,
    1.178775301764,1.318491766261,1.451038228967,1.576414689885,
    1.694621149018,1.805657606368,1.909524061941,2.006220515742,
    2.095746967776,2.178103418053,2.253289866581,2.321306313375,
    2.382152758453),.UNSPECIFIED.);
#4764 = CARTESIAN_POINT('',(-21.34207379567,-6.833601195434,-2.));
#4765 = CARTESIAN_POINT('',(-21.28225078833,-6.854298963076,-2.));
#4766 = CARTESIAN_POINT('',(-21.16451095961,-6.893901327312,-2.));
#4767 = CARTESIAN_POINT('',(-20.99029914069,-6.949093786491,-2.));
#4768 = CARTESIAN_POINT('',(-20.82201336755,-6.999160853862,-2.));
#4769 = CARTESIAN_POINT('',(-20.6597783373,-7.044328346843,-2.));
#4770 = CARTESIAN_POINT('',(-20.50371236158,-7.084826299594,-2.));
#4771 = CARTESIAN_POINT('',(-20.35392757055,-7.120886992635,-2.));
#4772 = CARTESIAN_POINT('',(-20.21052979224,-7.152745263209,-2.));
#4773 = CARTESIAN_POINT('',(-20.0736185177,-7.18063824026,-2.));
#4774 = CARTESIAN_POINT('',(-19.9432868488,-7.204805222386,-2.));
#4775 = CARTESIAN_POINT('',(-19.81962145456,-7.225487519224,-2.));
#4776 = CARTESIAN_POINT('',(-19.70270252967,-7.242928299295,-2.));
#4777 = CARTESIAN_POINT('',(-19.59260375603,-7.257372440384,-2.));
#4778 = CARTESIAN_POINT('',(-19.48939227028,-7.26906636065,-2.));
#4779 = CARTESIAN_POINT('',(-19.39312862554,-7.278257913284,-2.));
#4780 = CARTESIAN_POINT('',(-19.30386678768,-7.285196064536,-2.));
#4781 = CARTESIAN_POINT('',(-19.22165403148,-7.290131289937,-2.));
#4782 = CARTESIAN_POINT('',(-19.14653118169,-7.293313600643,-2.));
#4783 = CARTESIAN_POINT('',(-19.07853174458,-7.294998291931,-2.));
#4784 = CARTESIAN_POINT('',(-19.03557696949,-7.295300832938,-2.));
#4785 = CARTESIAN_POINT('',(-19.0152941788,-7.29525930132,-2.));
#4786 = ORIENTED_EDGE('',*,*,#4787,.T.);
#4787 = EDGE_CURVE('',#4761,#4788,#4790,.T.);
#4788 = VERTEX_POINT('',#4789);
#4789 = CARTESIAN_POINT('',(-18.8811604959,-8.124923558165,-2.));
#4790 = B_SPLINE_CURVE_WITH_KNOTS('',1,(#4791,#4792),.UNSPECIFIED.,.F.,
  .F.,(2,2),(0.,0.840437162419),.PIECEWISE_BEZIER_KNOTS.);
#4791 = CARTESIAN_POINT('',(-19.0152941788,-7.29525930132,-2.));
#4792 = CARTESIAN_POINT('',(-18.8811604959,-8.124923558165,-2.));
#4793 = ORIENTED_EDGE('',*,*,#4794,.T.);
#4794 = EDGE_CURVE('',#4788,#4795,#4797,.T.);
#4795 = VERTEX_POINT('',#4796);
#4796 = CARTESIAN_POINT('',(-20.94393180023,-9.296250215514,-2.));
#4797 = B_SPLINE_CURVE_WITH_KNOTS('',3,(#4798,#4799,#4800,#4801,#4802,
    #4803,#4804,#4805,#4806,#4807,#4808,#4809,#4810,#4811,#4812,#4813,
    #4814,#4815,#4816,#4817,#4818,#4819),.UNSPECIFIED.,.F.,.F.,(4,1,1,1,
    1,1,1,1,1,1,1,1,1,1,1,1,1,1,1,4),(0.,6.084644507817E-02,
    0.128862891872,0.204049340401,0.286405790677,0.375932242711,
    0.472628696512,0.576495152085,0.687531609436,0.805738068568,
    0.931114529486,1.063660992193,1.20337745669,1.350263922979,
    1.504320391064,1.665546860944,1.833943332622,2.009509806099,
    2.192246281376,2.382152758453),.UNSPECIFIED.);
#4798 = CARTESIAN_POINT('',(-18.8811604959,-8.124923558165,-2.));
#4799 = CARTESIAN_POINT('',(-18.90042308192,-8.131275416375,-2.));
#4800 = CARTESIAN_POINT('',(-18.94109422493,-8.145097947291,-2.));
#4801 = CARTESIAN_POINT('',(-19.00509862143,-8.168123994693,-2.));
#4802 = CARTESIAN_POINT('',(-19.07539162151,-8.194816012289,-2.));
#4803 = CARTESIAN_POINT('',(-19.15186098018,-8.225405731424,-2.));
#4804 = CARTESIAN_POINT('',(-19.23438917191,-8.260117562408,-2.));
#4805 = CARTESIAN_POINT('',(-19.3228524034,-8.299174323813,-2.));
#4806 = CARTESIAN_POINT('',(-19.41712100673,-8.342795293401,-2.));
#4807 = CARTESIAN_POINT('',(-19.51705941304,-8.391196616881,-2.));
#4808 = CARTESIAN_POINT('',(-19.62252625751,-8.444591003514,-2.));
#4809 = CARTESIAN_POINT('',(-19.73337444892,-8.5031876382,-2.));
#4810 = CARTESIAN_POINT('',(-19.84945125363,-8.567192031412,-2.));
#4811 = CARTESIAN_POINT('',(-19.97059837927,-8.636805889334,-2.));
#4812 = CARTESIAN_POINT('',(-20.09665206202,-8.712226982504,-2.));
#4813 = CARTESIAN_POINT('',(-20.22744315803,-8.793649009063,-2.));
#4814 = CARTESIAN_POINT('',(-20.36279723148,-8.881261495367,-2.));
#4815 = CARTESIAN_POINT('',(-20.50253467108,-8.975249555442,-2.));
#4816 = CARTESIAN_POINT('',(-20.64647070683,-9.075794223558,-2.));
#4817 = CARTESIAN_POINT('',(-20.79441583731,-9.183070519953,-2.));
#4818 = CARTESIAN_POINT('',(-20.89367846799,-9.257756158943,-2.));
#4819 = CARTESIAN_POINT('',(-20.94393180023,-9.296250215514,-2.));
#4820 = ORIENTED_EDGE('',*,*,#4821,.T.);
#4821 = EDGE_CURVE('',#4795,#4822,#4824,.T.);
#4822 = VERTEX_POINT('',#4823);
#4823 = CARTESIAN_POINT('',(-20.7716628419,-10.05100983697,-2.));
#4824 = B_SPLINE_CURVE_WITH_KNOTS('',1,(#4825,#4826),.UNSPECIFIED.,.F.,
  .F.,(2,2),(0.,0.774169671453),.PIECEWISE_BEZIER_KNOTS.);
#4825 = CARTESIAN_POINT('',(-20.94393180023,-9.296250215514,-2.));
#4826 = CARTESIAN_POINT('',(-20.7716628419,-10.05100983697,-2.));
#4827 = ORIENTED_EDGE('',*,*,#4828,.T.);
#4828 = EDGE_CURVE('',#4822,#4829,#4831,.T.);
#4829 = VERTEX_POINT('',#4830);
#4830 = CARTESIAN_POINT('',(-18.40495052527,-10.21133576292,-2.));
#4831 = B_SPLINE_CURVE_WITH_KNOTS('',3,(#4832,#4833,#4834,#4835,#4836,
    #4837,#4838,#4839,#4840,#4841,#4842,#4843,#4844,#4845,#4846,#4847,
    #4848,#4849,#4850,#4851,#4852,#4853),.UNSPECIFIED.,.F.,.F.,(4,1,1,1,
    1,1,1,1,1,1,1,1,1,1,1,1,1,1,1,4),(0.,0.189906477077,0.372642952354,
    0.548209425831,0.716605897509,0.87783236739,1.031888835474,
    1.178775301764,1.318491766261,1.451038228967,1.576414689885,
    1.694621149018,1.805657606368,1.909524061941,2.006220515742,
    2.095746967776,2.178103418053,2.253289866581,2.321306313375,
    2.382152758453),.UNSPECIFIED.);
#4832 = CARTESIAN_POINT('',(-20.7716628419,-10.05100983697,-2.));
#4833 = CARTESIAN_POINT('',(-20.70968420884,-10.06388767985,-2.));
#4834 = CARTESIAN_POINT('',(-20.58784678455,-10.08810867411,-2.));
#4835 = CARTESIAN_POINT('',(-20.40800738723,-10.12057029102,-2.));
#4836 = CARTESIAN_POINT('',(-20.2347008035,-10.14870640144,-2.));
#4837 = CARTESIAN_POINT('',(-20.0680218298,-10.17275691474,-2.));
#4838 = CARTESIAN_POINT('',(-19.90805839033,-10.19296510584,-2.));
#4839 = CARTESIAN_POINT('',(-19.75489199129,-10.20957568715,-2.));
#4840 = CARTESIAN_POINT('',(-19.60859756154,-10.22283510089,-2.));
#4841 = CARTESIAN_POINT('',(-19.46924345193,-10.23299125179,-2.));
#4842 = CARTESIAN_POINT('',(-19.33689139916,-10.24029337943,-2.));
#4843 = CARTESIAN_POINT('',(-19.21159650267,-10.24499189528,-2.));
#4844 = CARTESIAN_POINT('',(-19.09340720309,-10.24733822653,-2.));
#4845 = CARTESIAN_POINT('',(-18.98236526309,-10.24758466274,-2.));
#4846 = CARTESIAN_POINT('',(-18.87850575688,-10.24598418423,-2.));
#4847 = CARTESIAN_POINT('',(-18.78185704567,-10.24279035268,-2.));
#4848 = CARTESIAN_POINT('',(-18.69244081518,-10.23825699134,-2.));
#4849 = CARTESIAN_POINT('',(-18.61027192196,-10.23263856469,-2.));
#4850 = CARTESIAN_POINT('',(-18.53535888486,-10.22618825186,-2.));
#4851 = CARTESIAN_POINT('',(-18.46770228865,-10.21916353684,-2.));
#4852 = CARTESIAN_POINT('',(-18.42506148359,-10.21397065927,-2.));
#4853 = CARTESIAN_POINT('',(-18.40495052527,-10.21133576292,-2.));
#4854 = ORIENTED_EDGE('',*,*,#4855,.T.);
#4855 = EDGE_CURVE('',#4829,#4856,#4858,.T.);
#4856 = VERTEX_POINT('',#4857);
#4857 = CARTESIAN_POINT('',(-18.16582296774,-11.01703585303,-2.));
#4858 = B_SPLINE_CURVE_WITH_KNOTS('',1,(#4859,#4860),.UNSPECIFIED.,.F.,
  .F.,(2,2),(0.,0.840437162419),.PIECEWISE_BEZIER_KNOTS.);
#4859 = CARTESIAN_POINT('',(-18.40495052527,-10.21133576292,-2.));
#4860 = CARTESIAN_POINT('',(-18.16582296774,-11.01703585303,-2.));
#4861 = ORIENTED_EDGE('',*,*,#4862,.T.);
#4862 = EDGE_CURVE('',#4856,#4863,#4865,.T.);
#4863 = VERTEX_POINT('',#4864);
#4864 = CARTESIAN_POINT('',(-20.06187301982,-12.44252727432,-2.));
#4865 = B_SPLINE_CURVE_WITH_KNOTS('',3,(#4866,#4867,#4868,#4869,#4870,
    #4871,#4872,#4873,#4874,#4875,#4876,#4877,#4878,#4879,#4880,#4881,
    #4882,#4883,#4884,#4885,#4886,#4887),.UNSPECIFIED.,.F.,.F.,(4,1,1,1,
    1,1,1,1,1,1,1,1,1,1,1,1,1,1,1,4),(0.,6.084644507817E-02,
    0.128862891872,0.204049340401,0.286405790677,0.375932242711,
    0.472628696512,0.576495152085,0.687531609436,0.805738068568,
    0.931114529486,1.063660992193,1.20337745669,1.350263922979,
    1.504320391064,1.665546860944,1.833943332622,2.009509806099,
    2.192246281376,2.382152758453),.UNSPECIFIED.);
#4866 = CARTESIAN_POINT('',(-18.16582296774,-11.01703585303,-2.));
#4867 = CARTESIAN_POINT('',(-18.18411515059,-11.0257988074,-2.));
#4868 = CARTESIAN_POINT('',(-18.22268479806,-11.04470876586,-2.));
#4869 = CARTESIAN_POINT('',(-18.28321921377,-11.07573047029,-2.));
#4870 = CARTESIAN_POINT('',(-18.34952180983,-11.11119221613,-2.));
#4871 = CARTESIAN_POINT('',(-18.42145162966,-11.15130947863,-2.));
#4872 = CARTESIAN_POINT('',(-18.49886341566,-11.19628979688,-2.));
#4873 = CARTESIAN_POINT('',(-18.58160589745,-11.24633832977,-2.));
#4874 = CARTESIAN_POINT('',(-18.66952243107,-11.30165597323,-2.));
#4875 = CARTESIAN_POINT('',(-18.76245092057,-11.36243976226,-2.));
#4876 = CARTESIAN_POINT('',(-18.8602239611,-11.42888258244,-2.));
#4877 = CARTESIAN_POINT('',(-18.96266891906,-11.50117309166,-2.));
#4878 = CARTESIAN_POINT('',(-19.06960803467,-11.57949558201,-2.));
#4879 = CARTESIAN_POINT('',(-19.18085852152,-11.66402986169,-2.));
#4880 = CARTESIAN_POINT('',(-19.29623266995,-11.7549511359,-2.));
#4881 = CARTESIAN_POINT('',(-19.41553795521,-11.85242988288,-2.));
#4882 = CARTESIAN_POINT('',(-19.53857713751,-11.95663176662,-2.));
#4883 = CARTESIAN_POINT('',(-19.66514840831,-12.06771741318,-2.));
#4884 = CARTESIAN_POINT('',(-19.79504536442,-12.18584274267,-2.));
#4885 = CARTESIAN_POINT('',(-19.92805767913,-12.31115710553,-2.));
#4886 = CARTESIAN_POINT('',(-20.01695477744,-12.39792299993,-2.));
#4887 = CARTESIAN_POINT('',(-20.06187301982,-12.44252727432,-2.));
#4888 = ORIENTED_EDGE('',*,*,#4889,.T.);
#4889 = EDGE_CURVE('',#4863,#4890,#4892,.T.);
#4890 = VERTEX_POINT('',#4891);
#4891 = CARTESIAN_POINT('',(-19.79450186911,-13.16906106428,-2.));
#4892 = B_SPLINE_CURVE_WITH_KNOTS('',1,(#4893,#4894),.UNSPECIFIED.,.F.,
  .F.,(2,2),(0.,0.774169671453),.PIECEWISE_BEZIER_KNOTS.);
#4893 = CARTESIAN_POINT('',(-20.06187301982,-12.44252727432,-2.));
#4894 = CARTESIAN_POINT('',(-19.79450186911,-13.16906106428,-2.));
#4895 = ORIENTED_EDGE('',*,*,#4896,.T.);
#4896 = EDGE_CURVE('',#4890,#4897,#4899,.T.);
#4897 = VERTEX_POINT('',#4898);
#4898 = CARTESIAN_POINT('',(-17.42671820354,-13.02542226302,-2.));
#4899 = B_SPLINE_CURVE_WITH_KNOTS('',3,(#4900,#4901,#4902,#4903,#4904,
    #4905,#4906,#4907,#4908,#4909,#4910,#4911,#4912,#4913,#4914,#4915,
    #4916,#4917,#4918,#4919,#4920,#4921),.UNSPECIFIED.,.F.,.F.,(4,1,1,1,
    1,1,1,1,1,1,1,1,1,1,1,1,1,1,1,4),(0.,0.189906477077,0.372642952354,
    0.548209425831,0.716605897509,0.87783236739,1.031888835474,
    1.178775301764,1.318491766261,1.451038228967,1.576414689885,
    1.694621149018,1.805657606368,1.909524061941,2.006220515742,
    2.095746967776,2.178103418053,2.253289866581,2.321306313375,
    2.382152758453),.UNSPECIFIED.);
#4900 = CARTESIAN_POINT('',(-19.79450186911,-13.16906106428,-2.));
#4901 = CARTESIAN_POINT('',(-19.73138529778,-13.17390752857,-2.));
#4902 = CARTESIAN_POINT('',(-19.60745084506,-13.18234944479,-2.));
#4903 = CARTESIAN_POINT('',(-19.42493682727,-13.1915472006,-2.));
#4904 = CARTESIAN_POINT('',(-19.24945512225,-13.19729035991,-2.));
#4905 = CARTESIAN_POINT('',(-19.08106906925,-13.19982898475,-2.));
#4906 = CARTESIAN_POINT('',(-18.91983476128,-13.19941559628,-2.));
#4907 = CARTESIAN_POINT('',(-18.76580174228,-13.19630332057,-2.));
#4908 = CARTESIAN_POINT('',(-18.61901281158,-13.19074615825,-2.));
#4909 = CARTESIAN_POINT('',(-18.47950405753,-13.18299871929,-2.));
#4910 = CARTESIAN_POINT('',(-18.34730483792,-13.17331609171,-2.));
#4911 = CARTESIAN_POINT('',(-18.22243777793,-13.16195367708,-2.));
#4912 = CARTESIAN_POINT('',(-18.10491876869,-13.1491670328,-2.));
#4913 = CARTESIAN_POINT('',(-17.99475696792,-13.13521171766,-2.));
#4914 = CARTESIAN_POINT('',(-17.89195481147,-13.12034312019,-2.));
#4915 = CARTESIAN_POINT('',(-17.79650800295,-13.10481634709,-2.));
#4916 = CARTESIAN_POINT('',(-17.70840559186,-13.08888591081,-2.));
#4917 = CARTESIAN_POINT('',(-17.62762977257,-13.07280608652,-2.));
#4918 = CARTESIAN_POINT('',(-17.55415661816,-13.05682906411,-2.));
#4919 = CARTESIAN_POINT('',(-17.4879537823,-13.04121028842,-2.));
#4920 = CARTESIAN_POINT('',(-17.44632710809,-13.03060725918,-2.));
#4921 = CARTESIAN_POINT('',(-17.42671820354,-13.02542226302,-2.));
#4922 = ORIENTED_EDGE('',*,*,#4923,.T.);
#4923 = EDGE_CURVE('',#4897,#4924,#4926,.T.);
#4924 = VERTEX_POINT('',#4925);
#4925 = CARTESIAN_POINT('',(-17.08652323925,-13.79392861319,-2.));
#4926 = B_SPLINE_CURVE_WITH_KNOTS('',1,(#4927,#4928),.UNSPECIFIED.,.F.,
  .F.,(2,2),(0.,0.840437162419),.PIECEWISE_BEZIER_KNOTS.);
#4927 = CARTESIAN_POINT('',(-17.42671820354,-13.02542226302,-2.));
#4928 = CARTESIAN_POINT('',(-17.08652323925,-13.79392861319,-2.));
#4929 = ORIENTED_EDGE('',*,*,#4930,.T.);
#4930 = EDGE_CURVE('',#4924,#4931,#4933,.T.);
#4931 = VERTEX_POINT('',#4932);
#4932 = CARTESIAN_POINT('',(-18.78471894966,-15.45017826869,-2.));
#4933 = B_SPLINE_CURVE_WITH_KNOTS('',3,(#4934,#4935,#4936,#4937,#4938,
    #4939,#4940,#4941,#4942,#4943,#4944,#4945,#4946,#4947,#4948,#4949,
    #4950,#4951,#4952,#4953,#4954,#4955),.UNSPECIFIED.,.F.,.F.,(4,1,1,1,
    1,1,1,1,1,1,1,1,1,1,1,1,1,1,1,4),(0.,6.084644507817E-02,
    0.128862891872,0.204049340401,0.286405790677,0.375932242711,
    0.472628696512,0.576495152085,0.687531609436,0.805738068568,
    0.931114529486,1.063660992193,1.20337745669,1.350263922979,
    1.504320391064,1.665546860944,1.833943332622,2.009509806099,
    2.192246281376,2.382152758453),.UNSPECIFIED.);
#4934 = CARTESIAN_POINT('',(-17.08652323925,-13.79392861319,-2.));
#4935 = CARTESIAN_POINT('',(-17.10354466181,-13.80495877625,-2.));
#4936 = CARTESIAN_POINT('',(-17.13937950118,-13.82864566126,-2.));
#4937 = CARTESIAN_POINT('',(-17.19544996266,-13.86715364719,-2.));
#4938 = CARTESIAN_POINT('',(-17.25667346793,-13.91080284038,-2.));
#4939 = CARTESIAN_POINT('',(-17.32288266326,-13.95978892192,-2.));
#4940 = CARTESIAN_POINT('',(-17.39390694414,-14.01429915185,-2.));
#4941 = CARTESIAN_POINT('',(-17.46957004697,-14.0745176607,-2.));
#4942 = CARTESIAN_POINT('',(-17.54969092383,-14.14062366386,-2.));
#4943 = CARTESIAN_POINT('',(-17.6340836133,-14.21279185029,-2.));
#4944 = CARTESIAN_POINT('',(-17.72255741925,-14.29119211474,-2.));
#4945 = CARTESIAN_POINT('',(-17.81491700039,-14.37598949034,-2.));
#4946 = CARTESIAN_POINT('',(-17.91096248957,-14.4673440247,-2.));
#4947 = CARTESIAN_POINT('',(-18.01048960771,-14.56541067561,-2.));
#4948 = CARTESIAN_POINT('',(-18.11328978149,-14.67033920605,-2.));
#4949 = CARTESIAN_POINT('',(-18.21915026653,-14.78227407512,-2.));
#4950 = CARTESIAN_POINT('',(-18.32785425771,-14.90135436424,-2.));
#4951 = CARTESIAN_POINT('',(-18.43918106294,-15.02771357403,-2.));
#4952 = CARTESIAN_POINT('',(-18.55290603497,-15.16147995027,-2.));
#4953 = CARTESIAN_POINT('',(-18.66880147538,-15.30277472121,-2.));
#4954 = CARTESIAN_POINT('',(-18.74587335343,-15.40019617743,-2.));
#4955 = CARTESIAN_POINT('',(-18.78471894966,-15.45017826869,-2.));
#4956 = ORIENTED_EDGE('',*,*,#4957,.T.);
#4957 = EDGE_CURVE('',#4931,#4958,#4960,.T.);
#4958 = VERTEX_POINT('',#4959);
#4959 = CARTESIAN_POINT('',(-18.42663583347,-16.13655656241,-2.));
#4960 = B_SPLINE_CURVE_WITH_KNOTS('',1,(#4961,#4962),.UNSPECIFIED.,.F.,
  .F.,(2,2),(0.,0.774169671453),.PIECEWISE_BEZIER_KNOTS.);
#4961 = CARTESIAN_POINT('',(-18.78471894966,-15.45017826869,-2.));
#4962 = CARTESIAN_POINT('',(-18.42663583347,-16.13655656241,-2.));
#4963 = ORIENTED_EDGE('',*,*,#4964,.T.);
#4964 = EDGE_CURVE('',#4958,#4965,#4967,.T.);
#4965 = VERTEX_POINT('',#4966);
#4966 = CARTESIAN_POINT('',(-16.09665976127,-15.69131157909,-2.));
#4967 = B_SPLINE_CURVE_WITH_KNOTS('',3,(#4968,#4969,#4970,#4971,#4972,
    #4973,#4974,#4975,#4976,#4977,#4978,#4979,#4980,#4981,#4982,#4983,
    #4984,#4985,#4986,#4987,#4988,#4989),.UNSPECIFIED.,.F.,.F.,(4,1,1,1,
    1,1,1,1,1,1,1,1,1,1,1,1,1,1,1,4),(0.,0.189906477077,0.372642952354,
    0.548209425831,0.716605897509,0.87783236739,1.031888835474,
    1.178775301764,1.318491766261,1.451038228967,1.576414689885,
    1.694621149018,1.805657606368,1.909524061941,2.006220515742,
    2.095746967776,2.178103418053,2.253289866581,2.321306313375,
    2.382152758453),.UNSPECIFIED.);
#4968 = CARTESIAN_POINT('',(-18.42663583347,-16.13655656241,-2.));
#4969 = CARTESIAN_POINT('',(-18.36341769622,-16.13329206929,-2.));
#4970 = CARTESIAN_POINT('',(-18.23942121536,-16.12581629145,-2.));
#4971 = CARTESIAN_POINT('',(-18.05722945223,-16.11159915925,-2.));
#4972 = CARTESIAN_POINT('',(-17.88245403067,-16.09485506494,-2.));
#4973 = CARTESIAN_POINT('',(-17.71512579269,-16.07584011718,-2.));
#4974 = CARTESIAN_POINT('',(-17.55526807911,-16.05481193695,-2.));
#4975 = CARTESIAN_POINT('',(-17.40289765804,-16.0320279077,-2.));
#4976 = CARTESIAN_POINT('',(-17.25802449658,-16.00774541779,-2.));
#4977 = CARTESIAN_POINT('',(-17.12065182798,-15.98222160169,-2.));
#4978 = CARTESIAN_POINT('',(-16.99077614907,-15.95571320737,-2.));
#4979 = CARTESIAN_POINT('',(-16.86838723925,-15.92847643279,-2.));
#4980 = CARTESIAN_POINT('',(-16.75346817922,-15.90076676934,-2.));
#4981 = CARTESIAN_POINT('',(-16.64599537141,-15.87283884874,-2.));
#4982 = CARTESIAN_POINT('',(-16.54593857328,-15.84494627426,-2.));
#4983 = CARTESIAN_POINT('',(-16.45326090142,-15.81734150879,-2.));
#4984 = CARTESIAN_POINT('',(-16.36791894888,-15.7902755749,-2.));
#4985 = CARTESIAN_POINT('',(-16.28986254024,-15.76399838325,-2.));
#4986 = CARTESIAN_POINT('',(-16.2190356957,-15.73875699353,-2.));
#4987 = CARTESIAN_POINT('',(-16.1553736689,-15.71480061702,-2.));
#4988 = CARTESIAN_POINT('',(-16.1154446344,-15.69896153755,-2.));
#4989 = CARTESIAN_POINT('',(-16.09665976127,-15.69131157909,-2.));
#4990 = ORIENTED_EDGE('',*,*,#4991,.T.);
#4991 = EDGE_CURVE('',#4965,#4992,#4994,.T.);
#4992 = VERTEX_POINT('',#4993);
#4993 = CARTESIAN_POINT('',(-15.66098338214,-16.41000533629,-2.));
#4994 = B_SPLINE_CURVE_WITH_KNOTS('',1,(#4995,#4996),.UNSPECIFIED.,.F.,
  .F.,(2,2),(0.,0.840437162419),.PIECEWISE_BEZIER_KNOTS.);
#4995 = CARTESIAN_POINT('',(-16.09665976127,-15.69131157909,-2.));
#4996 = CARTESIAN_POINT('',(-15.66098338214,-16.41000533629,-2.));
#4997 = ORIENTED_EDGE('',*,*,#4998,.T.);
#4998 = EDGE_CURVE('',#4992,#4999,#5001,.T.);
#4999 = VERTEX_POINT('',#5000);
#5000 = CARTESIAN_POINT('',(-17.13344042426,-18.26981765244,-2.));
#5001 = B_SPLINE_CURVE_WITH_KNOTS('',3,(#5002,#5003,#5004,#5005,#5006,
    #5007,#5008,#5009,#5010,#5011,#5012,#5013,#5014,#5015,#5016,#5017,
    #5018,#5019,#5020,#5021,#5022,#5023),.UNSPECIFIED.,.F.,.F.,(4,1,1,1,
    1,1,1,1,1,1,1,1,1,1,1,1,1,1,1,4),(0.,6.084644507817E-02,
    0.128862891872,0.204049340401,0.286405790677,0.375932242711,
    0.472628696512,0.576495152085,0.687531609436,0.805738068568,
    0.931114529486,1.063660992193,1.20337745669,1.350263922979,
    1.504320391064,1.665546860944,1.833943332622,2.009509806099,
    2.192246281376,2.382152758453),.UNSPECIFIED.);
#5002 = CARTESIAN_POINT('',(-15.66098338214,-16.41000533629,-2.));
#5003 = CARTESIAN_POINT('',(-15.67645455311,-16.42312159307,-2.));
#5004 = CARTESIAN_POINT('',(-15.70896617733,-16.45119646663,-2.));
#5005 = CARTESIAN_POINT('',(-15.75965200915,-16.49655843399,-2.));
#5006 = CARTESIAN_POINT('',(-15.81479113535,-16.54767835599,-2.));
#5007 = CARTESIAN_POINT('',(-15.87419255304,-16.60472890645,-2.));
#5008 = CARTESIAN_POINT('',(-15.93766311206,-16.6678739916,-2.));
#5009 = CARTESIAN_POINT('',(-16.00500444987,-16.73727369016,-2.));
#5010 = CARTESIAN_POINT('',(-16.07601408738,-16.81308259427,-2.));
#5011 = CARTESIAN_POINT('',(-16.15048525119,-16.89545017849,-2.));
#5012 = CARTESIAN_POINT('',(-16.22820708513,-16.98452055704,-2.));
#5013 = CARTESIAN_POINT('',(-16.30896474767,-17.08043242844,-2.));
#5014 = CARTESIAN_POINT('',(-16.39253954616,-17.1833189679,-2.));
#5015 = CARTESIAN_POINT('',(-16.47870906306,-17.29330773834,-2.));
#5016 = CARTESIAN_POINT('',(-16.56724728618,-17.41052060143,-2.));
#5017 = CARTESIAN_POINT('',(-16.65792474475,-17.53507362513,-2.));
#5018 = CARTESIAN_POINT('',(-16.75050862828,-17.66707702458,-2.));
#5019 = CARTESIAN_POINT('',(-16.84476298487,-17.80663498288,-2.));
#5020 = CARTESIAN_POINT('',(-16.94044861194,-17.95384596565,-2.));
#5021 = CARTESIAN_POINT('',(-17.03732417811,-18.10880108845,-2.));
#5022 = CARTESIAN_POINT('',(-17.10130531781,-18.21527844887,-2.));
#5023 = CARTESIAN_POINT('',(-17.13344042426,-18.26981765244,-2.));
#5024 = ORIENTED_EDGE('',*,*,#5025,.T.);
#5025 = EDGE_CURVE('',#4999,#5026,#5028,.T.);
#5026 = VERTEX_POINT('',#5027);
#5027 = CARTESIAN_POINT('',(-16.69052505746,-18.90477013732,-2.));
#5028 = B_SPLINE_CURVE_WITH_KNOTS('',1,(#5029,#5030),.UNSPECIFIED.,.F.,
  .F.,(2,2),(0.,0.774169671453),.PIECEWISE_BEZIER_KNOTS.);
#5029 = CARTESIAN_POINT('',(-17.13344042426,-18.26981765244,-2.));
#5030 = CARTESIAN_POINT('',(-16.69052505746,-18.90477013732,-2.));
#5031 = ORIENTED_EDGE('',*,*,#5032,.T.);
#5032 = EDGE_CURVE('',#5026,#5033,#5035,.T.);
#5033 = VERTEX_POINT('',#5034);
#5034 = CARTESIAN_POINT('',(-14.43661472133,-18.16522988225,-2.));
#5035 = B_SPLINE_CURVE_WITH_KNOTS('',3,(#5036,#5037,#5038,#5039,#5040,
    #5041,#5042,#5043,#5044,#5045,#5046,#5047,#5048,#5049,#5050,#5051,
    #5052,#5053,#5054,#5055,#5056,#5057),.UNSPECIFIED.,.F.,.F.,(4,1,1,1,
    1,1,1,1,1,1,1,1,1,1,1,1,1,1,1,4),(0.,0.189906477077,0.372642952354,
    0.548209425831,0.716605897509,0.87783236739,1.031888835474,
    1.178775301764,1.318491766261,1.451038228967,1.576414689885,
    1.694621149018,1.805657606368,1.909524061941,2.006220515742,
    2.095746967776,2.178103418053,2.253289866581,2.321306313375,
    2.382152758453),.UNSPECIFIED.);
#5036 = CARTESIAN_POINT('',(-16.69052505746,-18.90477013732,-2.));
#5037 = CARTESIAN_POINT('',(-16.62824339436,-18.89344828968,-2.));
#5038 = CARTESIAN_POINT('',(-16.50622090415,-18.87017756985,-2.));
#5039 = CARTESIAN_POINT('',(-16.32734297938,-18.83277899455,-2.));
#5040 = CARTESIAN_POINT('',(-16.15614364888,-18.79382258418,-2.));
#5041 = CARTESIAN_POINT('',(-15.99262075097,-18.75356628873,-2.));
#5042 = CARTESIAN_POINT('',(-15.83676449101,-18.71226859889,-2.));
#5043 = CARTESIAN_POINT('',(-15.68855858598,-18.67018692924,-2.));
#5044 = CARTESIAN_POINT('',(-15.54798000706,-18.62757782954,-2.));
#5045 = CARTESIAN_POINT('',(-15.41499907933,-18.58469673667,-2.));
#5046 = CARTESIAN_POINT('',(-15.28957949617,-18.54179784271,-2.));
#5047 = CARTESIAN_POINT('',(-15.17167835904,-18.49913393526,-2.));
#5048 = CARTESIAN_POINT('',(-15.06124621602,-18.45695624454,-2.));
#5049 = CARTESIAN_POINT('',(-14.95822710169,-18.41551429416,-2.));
#5050 = CARTESIAN_POINT('',(-14.86255859175,-18.37505573799,-2.));
#5051 = CARTESIAN_POINT('',(-14.77417182135,-18.33582624962,-2.));
#5052 = CARTESIAN_POINT('',(-14.69299163987,-18.29806924002,-2.));
#5053 = CARTESIAN_POINT('',(-14.61893632594,-18.26202615175,-2.));
#5054 = CARTESIAN_POINT('',(-14.55191876609,-18.22793485764,-2.));
#5055 = CARTESIAN_POINT('',(-14.49184287709,-18.19603424336,-2.));
#5056 = CARTESIAN_POINT('',(-14.45426711594,-18.17521919092,-2.));
#5057 = CARTESIAN_POINT('',(-14.43661472133,-18.16522988225,-2.));
#5058 = ORIENTED_EDGE('',*,*,#5059,.T.);
#5059 = EDGE_CURVE('',#5033,#5060,#5062,.T.);
#5060 = VERTEX_POINT('',#5061);
#5061 = CARTESIAN_POINT('',(-13.91261072146,-18.82231011486,-2.));
#5062 = B_SPLINE_CURVE_WITH_KNOTS('',1,(#5063,#5064),.UNSPECIFIED.,.F.,
  .F.,(2,2),(0.,0.840437162419),.PIECEWISE_BEZIER_KNOTS.);
#5063 = CARTESIAN_POINT('',(-14.43661472133,-18.16522988225,-2.));
#5064 = CARTESIAN_POINT('',(-13.91261072146,-18.82231011486,-2.));
#5065 = ORIENTED_EDGE('',*,*,#5066,.T.);
#5066 = EDGE_CURVE('',#5060,#5067,#5069,.T.);
#5067 = VERTEX_POINT('',#5068);
#5068 = CARTESIAN_POINT('',(-15.13515139136,-20.85514702485,-2.));
#5069 = B_SPLINE_CURVE_WITH_KNOTS('',3,(#5070,#5071,#5072,#5073,#5074,
    #5075,#5076,#5077,#5078,#5079,#5080,#5081,#5082,#5083,#5084,#5085,
    #5086,#5087,#5088,#5089,#5090,#5091),.UNSPECIFIED.,.F.,.F.,(4,1,1,1,
    1,1,1,1,1,1,1,1,1,1,1,1,1,1,1,4),(0.,6.084644507817E-02,
    0.128862891872,0.204049340401,0.286405790677,0.375932242711,
    0.472628696512,0.576495152085,0.687531609436,0.805738068568,
    0.931114529486,1.063660992193,1.20337745669,1.350263922979,
    1.504320391064,1.665546860944,1.833943332622,2.009509806099,
    2.192246281376,2.382152758453),.UNSPECIFIED.);
#5070 = CARTESIAN_POINT('',(-13.91261072146,-18.82231011486,-2.));
#5071 = CARTESIAN_POINT('',(-13.92627760464,-18.83729709679,-2.));
#5072 = CARTESIAN_POINT('',(-13.95493217372,-18.86929897024,-2.));
#5073 = CARTESIAN_POINT('',(-13.99940111593,-18.9207700768,-2.));
#5074 = CARTESIAN_POINT('',(-14.04755048014,-18.9785213399,-2.));
#5075 = CARTESIAN_POINT('',(-14.09916875054,-19.04269959082,-2.));
#5076 = CARTESIAN_POINT('',(-14.15404340289,-19.11344269063,-2.));
#5077 = CARTESIAN_POINT('',(-14.21195723277,-19.19088403777,-2.));
#5078 = CARTESIAN_POINT('',(-14.27268965466,-19.27515106272,-2.));
#5079 = CARTESIAN_POINT('',(-14.33601647836,-19.36636557127,-2.));
#5080 = CARTESIAN_POINT('',(-14.40171014991,-19.46464353077,-2.));
#5081 = CARTESIAN_POINT('',(-14.46953985527,-19.5700950277,-2.));
#5082 = CARTESIAN_POINT('',(-14.53927166718,-19.68282417811,-2.));
#5083 = CARTESIAN_POINT('',(-14.61066868176,-19.80292905551,-2.));
#5084 = CARTESIAN_POINT('',(-14.68349115905,-19.93050161929,-2.));
#5085 = CARTESIAN_POINT('',(-14.75749666978,-20.06562764042,-2.));
#5086 = CARTESIAN_POINT('',(-14.83244022085,-20.20838665803,-2.));
#5087 = CARTESIAN_POINT('',(-14.90807447489,-20.35885182702,-2.));
#5088 = CARTESIAN_POINT('',(-14.98414960163,-20.51709021606,-2.));
#5089 = CARTESIAN_POINT('',(-15.06041459945,-20.68316133188,-2.));
#5090 = CARTESIAN_POINT('',(-15.11025443224,-20.79694624119,-2.));
#5091 = CARTESIAN_POINT('',(-15.13515139136,-20.85514702485,-2.));
#5092 = ORIENTED_EDGE('',*,*,#5093,.T.);
#5093 = EDGE_CURVE('',#5067,#5094,#5096,.T.);
#5094 = VERTEX_POINT('',#5095);
#5095 = CARTESIAN_POINT('',(-14.61467643203,-21.42824779863,-2.));
#5096 = B_SPLINE_CURVE_WITH_KNOTS('',1,(#5097,#5098),.UNSPECIFIED.,.F.,
  .F.,(2,2),(0.,0.774169671453),.PIECEWISE_BEZIER_KNOTS.);
#5097 = CARTESIAN_POINT('',(-15.13515139136,-20.85514702485,-2.));
#5098 = CARTESIAN_POINT('',(-14.61467643203,-21.42824779863,-2.));
#5099 = ORIENTED_EDGE('',*,*,#5100,.T.);
#5100 = EDGE_CURVE('',#5094,#5101,#5103,.T.);
#5101 = VERTEX_POINT('',#5102);
#5102 = CARTESIAN_POINT('',(-12.47384097737,-20.40655550236,-2.));
#5103 = B_SPLINE_CURVE_WITH_KNOTS('',3,(#5104,#5105,#5106,#5107,#5108,
    #5109,#5110,#5111,#5112,#5113,#5114,#5115,#5116,#5117,#5118,#5119,
    #5120,#5121,#5122,#5123,#5124,#5125),.UNSPECIFIED.,.F.,.F.,(4,1,1,1,
    1,1,1,1,1,1,1,1,1,1,1,1,1,1,1,4),(0.,0.189906477077,0.372642952354,
    0.548209425831,0.716605897509,0.87783236739,1.031888835474,
    1.178775301764,1.318491766261,1.451038228967,1.576414689885,
    1.694621149018,1.805657606368,1.909524061941,2.006220515742,
    2.095746967776,2.178103418053,2.253289866581,2.321306313375,
    2.382152758453),.UNSPECIFIED.);
#5104 = CARTESIAN_POINT('',(-14.61467643203,-21.42824779863,-2.));
#5105 = CARTESIAN_POINT('',(-14.55435390626,-21.40905450091,-2.));
#5106 = CARTESIAN_POINT('',(-14.43630901261,-21.37037094365,-2.));
#5107 = CARTESIAN_POINT('',(-14.2636820968,-21.31040500883,-2.));
#5108 = CARTESIAN_POINT('',(-14.09886994561,-21.24987594558,-2.));
#5109 = CARTESIAN_POINT('',(-13.94183742924,-21.18903930971,-2.));
#5110 = CARTESIAN_POINT('',(-13.79254177838,-21.12815021718,-2.));
#5111 = CARTESIAN_POINT('',(-13.65093392626,-21.06746188697,-2.));
#5112 = CARTESIAN_POINT('',(-13.51695822626,-21.00722581773,-2.));
#5113 = CARTESIAN_POINT('',(-13.39055258255,-20.94769155444,-2.));
#5114 = CARTESIAN_POINT('',(-13.27164848124,-20.88910655949,-2.));
#5115 = CARTESIAN_POINT('',(-13.1601710502,-20.83171605936,-2.));
#5116 = CARTESIAN_POINT('',(-13.05603911693,-20.77576289789,-2.));
#5117 = CARTESIAN_POINT('',(-12.95916526709,-20.72148739341,-2.));
#5118 = CARTESIAN_POINT('',(-12.86945591962,-20.66912718391,-2.));
#5119 = CARTESIAN_POINT('',(-12.78681135902,-20.61891711977,-2.));
#5120 = CARTESIAN_POINT('',(-12.71112592492,-20.5710890035,-2.));
#5121 = CARTESIAN_POINT('',(-12.64228769193,-20.52587184514,-2.));
#5122 = CARTESIAN_POINT('',(-12.58017984324,-20.48349042475,-2.));
#5123 = CARTESIAN_POINT('',(-12.52467653647,-20.4441693799,-2.));
#5124 = CARTESIAN_POINT('',(-12.49007104162,-20.41872013706,-2.));
#5125 = CARTESIAN_POINT('',(-12.47384097737,-20.40655550236,-2.));
#5126 = ORIENTED_EDGE('',*,*,#5127,.T.);
#5127 = EDGE_CURVE('',#5101,#5128,#5130,.T.);
#5128 = VERTEX_POINT('',#5129);
#5129 = CARTESIAN_POINT('',(-11.87011348795,-20.99123297113,-2.));
#5130 = B_SPLINE_CURVE_WITH_KNOTS('',1,(#5131,#5132),.UNSPECIFIED.,.F.,
  .F.,(2,2),(0.,0.840437162419),.PIECEWISE_BEZIER_KNOTS.);
#5131 = CARTESIAN_POINT('',(-12.47384097737,-20.40655550236,-2.));
#5132 = CARTESIAN_POINT('',(-11.87011348795,-20.99123297113,-2.));
#5133 = ORIENTED_EDGE('',*,*,#5134,.T.);
#5134 = EDGE_CURVE('',#5128,#5135,#5137,.T.);
#5135 = VERTEX_POINT('',#5136);
#5136 = CARTESIAN_POINT('',(-12.82266370163,-23.1637153491,-2.));
#5137 = B_SPLINE_CURVE_WITH_KNOTS('',3,(#5138,#5139,#5140,#5141,#5142,
    #5143,#5144,#5145,#5146,#5147,#5148,#5149,#5150,#5151,#5152,#5153,
    #5154,#5155,#5156,#5157,#5158,#5159),.UNSPECIFIED.,.F.,.F.,(4,1,1,1,
    1,1,1,1,1,1,1,1,1,1,1,1,1,1,1,4),(0.,6.084644507817E-02,
    0.128862891872,0.204049340401,0.286405790677,0.375932242711,
    0.472628696512,0.576495152085,0.687531609436,0.805738068568,
    0.931114529486,1.063660992193,1.20337745669,1.350263922979,
    1.504320391064,1.665546860944,1.833943332622,2.009509806099,
    2.192246281376,2.382152758453),.UNSPECIFIED.);
#5138 = CARTESIAN_POINT('',(-11.87011348795,-20.99123297113,-2.));
#5139 = CARTESIAN_POINT('',(-11.8817516735,-21.00784459237,-2.));
#5140 = CARTESIAN_POINT('',(-11.90607868022,-21.04324799585,-2.));
#5141 = CARTESIAN_POINT('',(-11.94360055401,-21.09998308745,-2.));
#5142 = CARTESIAN_POINT('',(-11.98396954499,-21.16341741751,-2.));
#5143 = CARTESIAN_POINT('',(-12.02695709754,-21.23366956379,-2.));
#5144 = CARTESIAN_POINT('',(-12.07233480294,-21.31084907852,-2.));
#5145 = CARTESIAN_POINT('',(-12.11987018141,-21.39506048946,-2.));
#5146 = CARTESIAN_POINT('',(-12.16932816298,-21.48640197303,-2.));
#5147 = CARTESIAN_POINT('',(-12.22047082187,-21.58496566619,-2.));
#5148 = CARTESIAN_POINT('',(-12.27305764277,-21.69083748527,-2.));
#5149 = CARTESIAN_POINT('',(-12.32684562907,-21.80409709707,-2.));
#5150 = CARTESIAN_POINT('',(-12.38158945997,-21.92481784889,-2.));
#5151 = CARTESIAN_POINT('',(-12.43704163522,-22.05306671449,-2.));
#5152 = CARTESIAN_POINT('',(-12.49295262361,-22.18890424099,-2.));
#5153 = CARTESIAN_POINT('',(-12.54907101808,-22.33238449401,-2.));
#5154 = CARTESIAN_POINT('',(-12.60514366565,-22.48355503065,-2.));
#5155 = CARTESIAN_POINT('',(-12.66091590476,-22.64245677642,-2.));
#5156 = CARTESIAN_POINT('',(-12.71613137971,-22.80912430176,-2.));
#5157 = CARTESIAN_POINT('',(-12.77053354002,-22.98358452747,-2.));
#5158 = CARTESIAN_POINT('',(-12.80541369723,-23.1028086406,-2.));
#5159 = CARTESIAN_POINT('',(-12.82266370163,-23.1637153491,-2.));
#5160 = ORIENTED_EDGE('',*,*,#5161,.T.);
#5161 = EDGE_CURVE('',#5135,#5162,#5164,.T.);
#5162 = VERTEX_POINT('',#5163);
#5163 = CARTESIAN_POINT('',(-12.23317533421,-23.66555411293,-2.));
#5164 = B_SPLINE_CURVE_WITH_KNOTS('',1,(#5165,#5166),.UNSPECIFIED.,.F.,
  .F.,(2,2),(0.,0.774169671453),.PIECEWISE_BEZIER_KNOTS.);
#5165 = CARTESIAN_POINT('',(-12.82266370163,-23.1637153491,-2.));
#5166 = CARTESIAN_POINT('',(-12.23317533421,-23.66555411293,-2.));
#5167 = ORIENTED_EDGE('',*,*,#5168,.T.);
#5168 = EDGE_CURVE('',#5162,#5169,#5171,.T.);
#5169 = VERTEX_POINT('',#5170);
#5170 = CARTESIAN_POINT('',(-10.24056722001,-22.37848593471,-2.));
#5171 = B_SPLINE_CURVE_WITH_KNOTS('',3,(#5172,#5173,#5174,#5175,#5176,
    #5177,#5178,#5179,#5180,#5181,#5182,#5183,#5184,#5185,#5186,#5187,
    #5188,#5189,#5190,#5191,#5192,#5193),.UNSPECIFIED.,.F.,.F.,(4,1,1,1,
    1,1,1,1,1,1,1,1,1,1,1,1,1,1,1,4),(0.,0.189906477077,0.372642952354,
    0.548209425831,0.716605897509,0.87783236739,1.031888835474,
    1.178775301764,1.318491766261,1.451038228967,1.576414689885,
    1.694621149018,1.805657606368,1.909524061941,2.006220515742,
    2.095746967776,2.178103418053,2.253289866581,2.321306313375,
    2.382152758453),.UNSPECIFIED.);
#5172 = CARTESIAN_POINT('',(-12.23317533421,-23.66555411293,-2.));
#5173 = CARTESIAN_POINT('',(-12.17580243998,-23.63880451853,-2.));
#5174 = CARTESIAN_POINT('',(-12.06367343678,-23.58534330679,-2.));
#5175 = CARTESIAN_POINT('',(-11.9001320591,-23.50379465144,-2.));
#5176 = CARTESIAN_POINT('',(-11.74441329821,-23.42268682086,-2.));
#5177 = CARTESIAN_POINT('',(-11.59644963295,-23.34226878045,-2.));
#5178 = CARTESIAN_POINT('',(-11.45616602165,-23.26278808243,-2.));
#5179 = CARTESIAN_POINT('',(-11.32348141945,-23.18448959238,-2.));
#5180 = CARTESIAN_POINT('',(-11.19830847567,-23.10761562818,-2.));
#5181 = CARTESIAN_POINT('',(-11.08055369316,-23.03240574543,-2.));
#5182 = CARTESIAN_POINT('',(-10.97011747574,-22.95909661349,-2.));
#5183 = CARTESIAN_POINT('',(-10.86689420714,-22.8879218711,-2.));
#5184 = CARTESIAN_POINT('',(-10.77077232707,-22.81911198825,-2.));
#5185 = CARTESIAN_POINT('',(-10.68163440766,-22.75289413195,-2.));
#5186 = CARTESIAN_POINT('',(-10.59935724768,-22.68949202231,-2.));
#5187 = CARTESIAN_POINT('',(-10.52381191826,-22.62912583027,-2.));
#5188 = CARTESIAN_POINT('',(-10.45486398429,-22.57201194368,-2.));
#5189 = CARTESIAN_POINT('',(-10.39237315411,-22.51836317972,-2.));
#5190 = CARTESIAN_POINT('',(-10.33619482575,-22.46838753479,-2.));
#5191 = CARTESIAN_POINT('',(-10.28617546397,-22.42229170984,-2.));
#5192 = CARTESIAN_POINT('',(-10.2551084567,-22.39262615248,-2.));
#5193 = CARTESIAN_POINT('',(-10.24056722001,-22.37848593471,-2.));
#5194 = ORIENTED_EDGE('',*,*,#5195,.T.);
#5195 = EDGE_CURVE('',#5169,#5196,#5198,.T.);
#5196 = VERTEX_POINT('',#5197);
#5197 = CARTESIAN_POINT('',(-9.567029429725,-22.88116025176,-2.));
#5198 = B_SPLINE_CURVE_WITH_KNOTS('',1,(#5199,#5200),.UNSPECIFIED.,.F.,
  .F.,(2,2),(0.,0.840437162419),.PIECEWISE_BEZIER_KNOTS.);
#5199 = CARTESIAN_POINT('',(-10.24056722001,-22.37848593471,-2.));
#5200 = CARTESIAN_POINT('',(-9.567029429725,-22.88116025176,-2.));
#5201 = ORIENTED_EDGE('',*,*,#5202,.T.);
#5202 = EDGE_CURVE('',#5196,#5203,#5205,.T.);
#5203 = VERTEX_POINT('',#5204);
#5204 = CARTESIAN_POINT('',(-10.23394833901,-25.15761599713,-2.));
#5205 = B_SPLINE_CURVE_WITH_KNOTS('',3,(#5206,#5207,#5208,#5209,#5210,
    #5211,#5212,#5213,#5214,#5215,#5216,#5217,#5218,#5219,#5220,#5221,
    #5222,#5223,#5224,#5225,#5226,#5227),.UNSPECIFIED.,.F.,.F.,(4,1,1,1,
    1,1,1,1,1,1,1,1,1,1,1,1,1,1,1,4),(0.,6.084644507817E-02,
    0.128862891872,0.204049340401,0.286405790677,0.375932242711,
    0.472628696512,0.576495152085,0.687531609436,0.805738068568,
    0.931114529486,1.063660992193,1.20337745669,1.350263922979,
    1.504320391064,1.665546860944,1.833943332622,2.009509806099,
    2.192246281376,2.382152758453),.UNSPECIFIED.);
#5206 = CARTESIAN_POINT('',(-9.567029429725,-22.88116025176,-2.));
#5207 = CARTESIAN_POINT('',(-9.576447818956,-22.89912374996,-2.));
#5208 = CARTESIAN_POINT('',(-9.596047814538,-22.93734736056,-2.));
#5209 = CARTESIAN_POINT('',(-9.626006511785,-22.99841484856,-2.));
#5210 = CARTESIAN_POINT('',(-9.657932271823,-23.06649065563,-2.));
#5211 = CARTESIAN_POINT('',(-9.691583252094,-23.14166315897,-2.));
#5212 = CARTESIAN_POINT('',(-9.726718909873,-23.22401180312,-2.));
#5213 = CARTESIAN_POINT('',(-9.763095307334,-23.31361052882,-2.));
#5214 = CARTESIAN_POINT('',(-9.800466749889,-23.41052664638,-2.));
#5215 = CARTESIAN_POINT('',(-9.838585482936,-23.51482111104,-2.));
#5216 = CARTESIAN_POINT('',(-9.877201979037,-23.62654837734,-2.));
#5217 = CARTESIAN_POINT('',(-9.916065049021,-23.74575638432,-2.));
#5218 = CARTESIAN_POINT('',(-9.954922006726,-23.87248650615,-2.));
#5219 = CARTESIAN_POINT('',(-9.993518819463,-24.00677351712,-2.));
#5220 = CARTESIAN_POINT('',(-10.03160026207,-24.1486455579,-2.));
#5221 = CARTESIAN_POINT('',(-10.06891007778,-24.29812410104,-2.));
#5222 = CARTESIAN_POINT('',(-10.10519111053,-24.45522394068,-2.));
#5223 = CARTESIAN_POINT('',(-10.1401855561,-24.61995310095,-2.));
#5224 = CARTESIAN_POINT('',(-10.17363474267,-24.79231308642,-2.));
#5225 = CARTESIAN_POINT('',(-10.20528078351,-24.97229778994,-2.));
#5226 = CARTESIAN_POINT('',(-10.22462853391,-25.09500345026,-2.));
#5227 = CARTESIAN_POINT('',(-10.23394833901,-25.15761599713,-2.));
#5228 = ORIENTED_EDGE('',*,*,#5229,.T.);
#5229 = EDGE_CURVE('',#5203,#5230,#5232,.T.);
#5230 = VERTEX_POINT('',#5231);
#5231 = CARTESIAN_POINT('',(-9.585125946203,-25.57995257237,-2.));
#5232 = B_SPLINE_CURVE_WITH_KNOTS('',1,(#5233,#5234),.UNSPECIFIED.,.F.,
  .F.,(2,2),(0.,0.774169671453),.PIECEWISE_BEZIER_KNOTS.);
#5233 = CARTESIAN_POINT('',(-10.23394833901,-25.15761599713,-2.));
#5234 = CARTESIAN_POINT('',(-9.585125946203,-25.57995257237,-2.));
#5235 = ORIENTED_EDGE('',*,*,#5236,.T.);
#5236 = EDGE_CURVE('',#5230,#5237,#5239,.T.);
#5237 = VERTEX_POINT('',#5238);
#5238 = CARTESIAN_POINT('',(-7.773463742597,-24.0486421361,-2.));
#5239 = B_SPLINE_CURVE_WITH_KNOTS('',3,(#5240,#5241,#5242,#5243,#5244,
    #5245,#5246,#5247,#5248,#5249,#5250,#5251,#5252,#5253,#5254,#5255,
    #5256,#5257,#5258,#5259,#5260,#5261),.UNSPECIFIED.,.F.,.F.,(4,1,1,1,
    1,1,1,1,1,1,1,1,1,1,1,1,1,1,1,4),(0.,0.189906477077,0.372642952354,
    0.548209425831,0.716605897509,0.87783236739,1.031888835474,
    1.178775301764,1.318491766261,1.451038228967,1.576414689885,
    1.694621149018,1.805657606368,1.909524061941,2.006220515742,
    2.095746967776,2.178103418053,2.253289866581,2.321306313375,
    2.382152758453),.UNSPECIFIED.);
#5240 = CARTESIAN_POINT('',(-9.585125946203,-25.57995257237,-2.));
#5241 = CARTESIAN_POINT('',(-9.53164474485,-25.5460859089,-2.));
#5242 = CARTESIAN_POINT('',(-9.427272787233,-25.4787248743,-2.));
#5243 = CARTESIAN_POINT('',(-9.275502292591,-25.37693252509,-2.));
#5244 = CARTESIAN_POINT('',(-9.131433819738,-25.27657771551,-2.));
#5245 = CARTESIAN_POINT('',(-8.994968564875,-25.17789873255,-2.));
#5246 = CARTESIAN_POINT('',(-8.866000446159,-25.08113149993,-2.));
#5247 = CARTESIAN_POINT('',(-8.744417771383,-24.98650850907,-2.));
#5248 = CARTESIAN_POINT('',(-8.630102920085,-24.89425891827,-2.));
#5249 = CARTESIAN_POINT('',(-8.522932529047,-24.80460836026,-2.));
#5250 = CARTESIAN_POINT('',(-8.422777555169,-24.71777882526,-2.));
#5251 = CARTESIAN_POINT('',(-8.329503372219,-24.6339885279,-2.));
#5252 = CARTESIAN_POINT('',(-8.242969863969,-24.55345178004,-2.));
#5253 = CARTESIAN_POINT('',(-8.163031517166,-24.47637886729,-2.));
#5254 = CARTESIAN_POINT('',(-8.089537533349,-24.40297591841,-2.));
#5255 = CARTESIAN_POINT('',(-8.022331887342,-24.33344480967,-2.));
#5256 = CARTESIAN_POINT('',(-7.961253576664,-24.2679829612,-2.));
#5257 = CARTESIAN_POINT('',(-7.906136246999,-24.20678350285,-2.));
#5258 = CARTESIAN_POINT('',(-7.856809885568,-24.15003423209,-2.));
#5259 = CARTESIAN_POINT('',(-7.813095785314,-24.09792051921,-2.));
#5260 = CARTESIAN_POINT('',(-7.786077385019,-24.06452575496,-2.));
#5261 = CARTESIAN_POINT('',(-7.773463742597,-24.0486421361,-2.));
#5262 = ORIENTED_EDGE('',*,*,#5263,.T.);
#5263 = EDGE_CURVE('',#5237,#5264,#5266,.T.);
#5264 = VERTEX_POINT('',#5265);
#5265 = CARTESIAN_POINT('',(-7.041175123341,-24.46105940306,-2.));
#5266 = B_SPLINE_CURVE_WITH_KNOTS('',1,(#5267,#5268),.UNSPECIFIED.,.F.,
  .F.,(2,2),(0.,0.840437162419),.PIECEWISE_BEZIER_KNOTS.);
#5267 = CARTESIAN_POINT('',(-7.773463742597,-24.0486421361,-2.));
#5268 = CARTESIAN_POINT('',(-7.041175123341,-24.46105940306,-2.));
#5269 = ORIENTED_EDGE('',*,*,#5270,.T.);
#5270 = EDGE_CURVE('',#5264,#5271,#5273,.T.);
#5271 = VERTEX_POINT('',#5272);
#5272 = CARTESIAN_POINT('',(-7.411511938188,-26.80410917542,-2.));
#5273 = B_SPLINE_CURVE_WITH_KNOTS('',3,(#5274,#5275,#5276,#5277,#5278,
    #5279,#5280,#5281,#5282,#5283,#5284,#5285,#5286,#5287,#5288,#5289,
    #5290,#5291,#5292,#5293,#5294,#5295),.UNSPECIFIED.,.F.,.F.,(4,1,1,1,
    1,1,1,1,1,1,1,1,1,1,1,1,1,1,1,4),(0.,6.084644507817E-02,
    0.128862891872,0.204049340401,0.286405790677,0.375932242711,
    0.472628696512,0.576495152085,0.687531609436,0.805738068568,
    0.931114529486,1.063660992193,1.20337745669,1.350263922979,
    1.504320391064,1.665546860944,1.833943332622,2.009509806099,
    2.192246281376,2.382152758453),.UNSPECIFIED.);
#5274 = CARTESIAN_POINT('',(-7.041175123341,-24.46105940306,-2.));
#5275 = CARTESIAN_POINT('',(-7.048219066563,-24.48007981806,-2.));
#5276 = CARTESIAN_POINT('',(-7.062770219619,-24.52049600515,-2.));
#5277 = CARTESIAN_POINT('',(-7.08467381934,-24.58489316309,-2.));
#5278 = CARTESIAN_POINT('',(-7.107632128342,-24.65649264431,-2.));
#5279 = CARTESIAN_POINT('',(-7.131393988166,-24.73535117428,-2.));
#5280 = CARTESIAN_POINT('',(-7.155710671798,-24.82151678539,-2.));
#5281 = CARTESIAN_POINT('',(-7.180330788806,-24.91503161725,-2.));
#5282 = CARTESIAN_POINT('',(-7.205002054299,-25.01593100882,-2.));
#5283 = CARTESIAN_POINT('',(-7.229470952953,-25.12424373276,-2.));
#5284 = CARTESIAN_POINT('',(-7.253483042458,-25.23999188767,-2.));
#5285 = CARTESIAN_POINT('',(-7.276783065593,-25.36319089764,-2.));
#5286 = CARTESIAN_POINT('',(-7.299115119932,-25.49384948439,-2.));
#5287 = CARTESIAN_POINT('',(-7.320222811557,-25.63196965171,-2.));
#5288 = CARTESIAN_POINT('',(-7.339849412152,-25.7775466718,-2.));
#5289 = CARTESIAN_POINT('',(-7.35773802296,-25.93056907149,-2.));
#5290 = CARTESIAN_POINT('',(-7.373631707343,-26.09101863912,-2.));
#5291 = CARTESIAN_POINT('',(-7.38727375153,-26.25887036563,-2.));
#5292 = CARTESIAN_POINT('',(-7.398407415015,-26.43409266505,-2.));
#5293 = CARTESIAN_POINT('',(-7.406777709262,-26.61664650252,-2.));
#5294 = CARTESIAN_POINT('',(-7.410275363341,-26.74081888647,-2.));
#5295 = CARTESIAN_POINT('',(-7.411511938188,-26.80410917542,-2.));
#5296 = ORIENTED_EDGE('',*,*,#5297,.T.);
#5297 = EDGE_CURVE('',#5271,#5298,#5300,.T.);
#5298 = VERTEX_POINT('',#5299);
#5299 = CARTESIAN_POINT('',(-6.714009165734,-27.14000880718,-2.));
#5300 = B_SPLINE_CURVE_WITH_KNOTS('',1,(#5301,#5302),.UNSPECIFIED.,.F.,
  .F.,(2,2),(0.,0.774169671453),.PIECEWISE_BEZIER_KNOTS.);
#5301 = CARTESIAN_POINT('',(-7.411511938188,-26.80410917542,-2.));
#5302 = CARTESIAN_POINT('',(-6.714009165734,-27.14000880718,-2.));
#5303 = ORIENTED_EDGE('',*,*,#5304,.T.);
#5304 = EDGE_CURVE('',#5298,#5305,#5307,.T.);
#5305 = VERTEX_POINT('',#5306);
#5306 = CARTESIAN_POINT('',(-5.113040316024,-25.3896001879,-2.));
#5307 = B_SPLINE_CURVE_WITH_KNOTS('',3,(#5308,#5309,#5310,#5311,#5312,
    #5313,#5314,#5315,#5316,#5317,#5318,#5319,#5320,#5321,#5322,#5323,
    #5324,#5325,#5326,#5327,#5328,#5329),.UNSPECIFIED.,.F.,.F.,(4,1,1,1,
    1,1,1,1,1,1,1,1,1,1,1,1,1,1,1,4),(0.,0.189906477077,0.372642952354,
    0.548209425831,0.716605897509,0.87783236739,1.031888835474,
    1.178775301764,1.318491766261,1.451038228967,1.576414689885,
    1.694621149018,1.805657606368,1.909524061941,2.006220515742,
    2.095746967776,2.178103418053,2.253289866581,2.321306313375,
    2.382152758453),.UNSPECIFIED.);
#5308 = CARTESIAN_POINT('',(-6.714009165734,-27.14000880718,-2.));
#5309 = CARTESIAN_POINT('',(-6.665297817105,-27.09958116432,-2.));
#5310 = CARTESIAN_POINT('',(-6.57039668973,-27.01942637318,-2.));
#5311 = CARTESIAN_POINT('',(-6.43288914545,-26.89906175767,-2.));
#5312 = CARTESIAN_POINT('',(-6.302836560977,-26.78110779229,-2.));
#5313 = CARTESIAN_POINT('',(-6.180110472229,-26.66578817296,-2.));
#5314 = CARTESIAN_POINT('',(-6.064575499038,-26.55332332101,-2.));
#5315 = CARTESIAN_POINT('',(-5.956091135841,-26.44392953623,-2.));
#5316 = CARTESIAN_POINT('',(-5.854511423729,-26.33781905459,-2.));
#5317 = CARTESIAN_POINT('',(-5.759685159022,-26.23519988099,-2.));
#5318 = CARTESIAN_POINT('',(-5.671455970583,-26.13627568148,-2.));
#5319 = CARTESIAN_POINT('',(-5.589662432787,-26.04124566354,-2.));
#5320 = CARTESIAN_POINT('',(-5.514138174172,-25.95030446183,-2.));
#5321 = CARTESIAN_POINT('',(-5.444711985416,-25.86364202774,-2.));
#5322 = CARTESIAN_POINT('',(-5.381207946953,-25.781443514,-2.));
#5323 = CARTESIAN_POINT('',(-5.323445499205,-25.70388918744,-2.));
#5324 = CARTESIAN_POINT('',(-5.271239715995,-25.63115425883,-2.));
#5325 = CARTESIAN_POINT('',(-5.224400911875,-25.56340899951,-2.));
#5326 = CARTESIAN_POINT('',(-5.18273645486,-25.50081792439,-2.));
#5327 = CARTESIAN_POINT('',(-5.146045400453,-25.4435420293,-2.));
#5328 = CARTESIAN_POINT('',(-5.12351924852,-25.40696639926,-2.));
#5329 = CARTESIAN_POINT('',(-5.113040316024,-25.3896001879,-2.));
#5330 = ORIENTED_EDGE('',*,*,#5331,.T.);
#5331 = EDGE_CURVE('',#5305,#5332,#5334,.T.);
#5332 = VERTEX_POINT('',#5333);
#5333 = CARTESIAN_POINT('',(-4.334025026682,-25.70498852463,-2.));
#5334 = B_SPLINE_CURVE_WITH_KNOTS('',1,(#5335,#5336),.UNSPECIFIED.,.F.,
  .F.,(2,2),(0.,0.840437162419),.PIECEWISE_BEZIER_KNOTS.);
#5335 = CARTESIAN_POINT('',(-5.113040316024,-25.3896001879,-2.));
#5336 = CARTESIAN_POINT('',(-4.334025026682,-25.70498852463,-2.));
#5337 = ORIENTED_EDGE('',*,*,#5338,.T.);
#5338 = EDGE_CURVE('',#5332,#5339,#5341,.T.);
#5339 = VERTEX_POINT('',#5340);
#5340 = CARTESIAN_POINT('',(-4.401698826823,-28.0761595115,-2.));
#5341 = B_SPLINE_CURVE_WITH_KNOTS('',3,(#5342,#5343,#5344,#5345,#5346,
    #5347,#5348,#5349,#5350,#5351,#5352,#5353,#5354,#5355,#5356,#5357,
    #5358,#5359,#5360,#5361,#5362,#5363),.UNSPECIFIED.,.F.,.F.,(4,1,1,1,
    1,1,1,1,1,1,1,1,1,1,1,1,1,1,1,4),(0.,6.084644507817E-02,
    0.128862891872,0.204049340401,0.286405790677,0.375932242711,
    0.472628696512,0.576495152085,0.687531609436,0.805738068568,
    0.931114529486,1.063660992193,1.20337745669,1.350263922979,
    1.504320391064,1.665546860944,1.833943332622,2.009509806099,
    2.192246281376,2.382152758453),.UNSPECIFIED.);
#5342 = CARTESIAN_POINT('',(-4.334025026682,-25.70498852463,-2.));
#5343 = CARTESIAN_POINT('',(-4.338578862542,-25.72475354176,-2.));
#5344 = CARTESIAN_POINT('',(-4.347842243542,-25.76669867266,-2.));
#5345 = CARTESIAN_POINT('',(-4.361331089234,-25.83336810099,-2.));
#5346 = CARTESIAN_POINT('',(-4.3749449724,-25.90731559485,-2.));
#5347 = CARTESIAN_POINT('',(-4.388427542696,-25.98856529657,-2.));
#5348 = CARTESIAN_POINT('',(-4.401525972908,-26.07713303769,-2.));
#5349 = CARTESIAN_POINT('',(-4.413985547822,-26.17302846475,-2.));
#5350 = CARTESIAN_POINT('',(-4.425551534756,-26.27625436512,-2.));
#5351 = CARTESIAN_POINT('',(-4.435968820379,-26.38680685641,-2.));
#5352 = CARTESIAN_POINT('',(-4.444982225441,-26.50467531841,-2.));
#5353 = CARTESIAN_POINT('',(-4.452336615991,-26.62984240704,-2.));
#5354 = CARTESIAN_POINT('',(-4.45777707525,-26.76228404832,-2.));
#5355 = CARTESIAN_POINT('',(-4.46104905805,-26.90196944267,-2.));
#5356 = CARTESIAN_POINT('',(-4.46189854839,-27.04886107141,-2.));
#5357 = CARTESIAN_POINT('',(-4.460072223803,-27.2029147041,-2.));
#5358 = CARTESIAN_POINT('',(-4.455317585956,-27.36407942224,-2.));
#5359 = CARTESIAN_POINT('',(-4.447383226778,-27.53229759429,-2.));
#5360 = CARTESIAN_POINT('',(-4.436018552727,-27.70750506234,-2.));
#5361 = CARTESIAN_POINT('',(-4.420975660383,-27.8896305048,-2.));
#5362 = CARTESIAN_POINT('',(-4.408565786752,-28.01323070526,-2.));
#5363 = CARTESIAN_POINT('',(-4.401698826823,-28.0761595115,-2.));
#5364 = ORIENTED_EDGE('',*,*,#5365,.T.);
#5365 = EDGE_CURVE('',#5339,#5366,#5368,.T.);
#5366 = VERTEX_POINT('',#5367);
#5367 = CARTESIAN_POINT('',(-3.666968650969,-28.32010673712,-2.));
#5368 = B_SPLINE_CURVE_WITH_KNOTS('',1,(#5369,#5370),.UNSPECIFIED.,.F.,
  .F.,(2,2),(0.,0.774169671453),.PIECEWISE_BEZIER_KNOTS.);
#5369 = CARTESIAN_POINT('',(-4.401698826823,-28.0761595115,-2.));
#5370 = CARTESIAN_POINT('',(-3.666968650969,-28.32010673712,-2.));
#5371 = ORIENTED_EDGE('',*,*,#5372,.T.);
#5372 = EDGE_CURVE('',#5366,#5373,#5375,.T.);
#5373 = VERTEX_POINT('',#5374);
#5374 = CARTESIAN_POINT('',(-2.302981019406,-26.37934159596,-2.));
#5375 = B_SPLINE_CURVE_WITH_KNOTS('',3,(#5376,#5377,#5378,#5379,#5380,
    #5381,#5382,#5383,#5384,#5385,#5386,#5387,#5388,#5389,#5390,#5391,
    #5392,#5393,#5394,#5395,#5396,#5397),.UNSPECIFIED.,.F.,.F.,(4,1,1,1,
    1,1,1,1,1,1,1,1,1,1,1,1,1,1,1,4),(0.,0.189906477077,0.372642952354,
    0.548209425831,0.716605897509,0.87783236739,1.031888835474,
    1.178775301764,1.318491766261,1.451038228967,1.576414689885,
    1.694621149018,1.805657606368,1.909524061941,2.006220515742,
    2.095746967776,2.178103418053,2.253289866581,2.321306313375,
    2.382152758453),.UNSPECIFIED.);
#5376 = CARTESIAN_POINT('',(-3.666968650969,-28.32010673712,-2.));
#5377 = CARTESIAN_POINT('',(-3.623826994061,-28.27378193564,-2.));
#5378 = CARTESIAN_POINT('',(-3.539954970816,-28.18214952742,-2.));
#5379 = CARTESIAN_POINT('',(-3.418968246973,-28.04518902926,-2.));
#5380 = CARTESIAN_POINT('',(-3.305067010722,-27.91157270894,-2.));
#5381 = CARTESIAN_POINT('',(-3.198095247073,-27.7815059982,-2.));
#5382 = CARTESIAN_POINT('',(-3.097890500472,-27.65519019668,-2.));
#5383 = CARTESIAN_POINT('',(-3.0042857591,-27.53282186091,-2.));
#5384 = CARTESIAN_POINT('',(-2.917109122239,-27.41459281958,-2.));
#5385 = CARTESIAN_POINT('',(-2.836184028507,-27.3006900344,-2.));
#5386 = CARTESIAN_POINT('',(-2.761329346341,-27.19129550301,-2.));
#5387 = CARTESIAN_POINT('',(-2.692359501329,-27.08658615474,-2.));
#5388 = CARTESIAN_POINT('',(-2.629084598587,-26.98673375121,-2.));
#5389 = CARTESIAN_POINT('',(-2.571310543979,-26.89190479054,-2.));
#5390 = CARTESIAN_POINT('',(-2.518839185425,-26.80226040927,-2.));
#5391 = CARTESIAN_POINT('',(-2.471468393732,-26.71795630478,-2.));
#5392 = CARTESIAN_POINT('',(-2.428992355506,-26.63914260155,-2.));
#5393 = CARTESIAN_POINT('',(-2.3912011688,-26.56596391655,-2.));
#5394 = CARTESIAN_POINT('',(-2.357882745435,-26.49855878078,-2.));
#5395 = CARTESIAN_POINT('',(-2.328817202974,-26.43706117211,-2.));
#5396 = CARTESIAN_POINT('',(-2.311153178193,-26.39790524711,-2.));
#5397 = CARTESIAN_POINT('',(-2.302981019406,-26.37934159596,-2.));
#5398 = ORIENTED_EDGE('',*,*,#5399,.T.);
#5399 = EDGE_CURVE('',#5373,#5400,#5402,.T.);
#5400 = VERTEX_POINT('',#5401);
#5401 = CARTESIAN_POINT('',(-1.49003046949,-26.5925223347,-2.));
#5402 = B_SPLINE_CURVE_WITH_KNOTS('',1,(#5403,#5404),.UNSPECIFIED.,.F.,
  .F.,(2,2),(0.,0.840437162419),.PIECEWISE_BEZIER_KNOTS.);
#5403 = CARTESIAN_POINT('',(-2.302981019406,-26.37934159596,-2.));
#5404 = CARTESIAN_POINT('',(-1.49003046949,-26.5925223347,-2.));
#5405 = ORIENTED_EDGE('',*,*,#5406,.T.);
#5406 = EDGE_CURVE('',#5400,#5407,#5409,.T.);
#5407 = VERTEX_POINT('',#5408);
#5408 = CARTESIAN_POINT('',(-1.253930052999,-28.95287997402,-2.));
#5409 = B_SPLINE_CURVE_WITH_KNOTS('',3,(#5410,#5411,#5412,#5413,#5414,
    #5415,#5416,#5417,#5418,#5419,#5420,#5421,#5422,#5423,#5424,#5425,
    #5426,#5427,#5428,#5429,#5430,#5431),.UNSPECIFIED.,.F.,.F.,(4,1,1,1,
    1,1,1,1,1,1,1,1,1,1,1,1,1,1,1,4),(0.,6.084644507817E-02,
    0.128862891872,0.204049340401,0.286405790677,0.375932242711,
    0.472628696512,0.576495152085,0.687531609436,0.805738068568,
    0.931114529486,1.063660992193,1.20337745669,1.350263922979,
    1.504320391064,1.665546860944,1.833943332622,2.009509806099,
    2.192246281376,2.382152758453),.UNSPECIFIED.);
#5410 = CARTESIAN_POINT('',(-1.49003046949,-26.5925223347,-2.));
#5411 = CARTESIAN_POINT('',(-1.492019424131,-26.61270741291,-2.));
#5412 = CARTESIAN_POINT('',(-1.495842928614,-26.65549274974,-2.));
#5413 = CARTESIAN_POINT('',(-1.500695533804,-26.72333973828,-2.));
#5414 = CARTESIAN_POINT('',(-1.504741451549,-26.79842102898,-2.));
#5415 = CARTESIAN_POINT('',(-1.507723348885,-26.88072778459,-2.));
#5416 = CARTESIAN_POINT('',(-1.509388449816,-26.97024337586,-2.));
#5417 = CARTESIAN_POINT('',(-1.509482896761,-27.06694479787,-2.));
#5418 = CARTESIAN_POINT('',(-1.50775369195,-27.17080224061,-2.));
#5419 = CARTESIAN_POINT('',(-1.503948312999,-27.28177923038,-2.));
#5420 = CARTESIAN_POINT('',(-1.497815033757,-27.3998326026,-2.));
#5421 = CARTESIAN_POINT('',(-1.489103032832,-27.52491252975,-2.));
#5422 = CARTESIAN_POINT('',(-1.477562564819,-27.65696253747,-2.));
#5423 = CARTESIAN_POINT('',(-1.462945112927,-27.79591952854,-2.));
#5424 = CARTESIAN_POINT('',(-1.445003544405,-27.94171380946,-2.));
#5425 = CARTESIAN_POINT('',(-1.423492272623,-28.09426911874,-2.));
#5426 = CARTESIAN_POINT('',(-1.398167383567,-28.25350266718,-2.));
#5427 = CARTESIAN_POINT('',(-1.368786902983,-28.41932514704,-2.));
#5428 = CARTESIAN_POINT('',(-1.335110499029,-28.59164088193,-2.));
#5429 = CARTESIAN_POINT('',(-1.296901423971,-28.77034743465,-2.));
#5430 = CARTESIAN_POINT('',(-1.268787792411,-28.89134593976,-2.));
#5431 = CARTESIAN_POINT('',(-1.253930052999,-28.95287997402,-2.));
#5432 = ORIENTED_EDGE('',*,*,#5433,.T.);
#5433 = EDGE_CURVE('',#5407,#5434,#5436,.T.);
#5434 = VERTEX_POINT('',#5435);
#5435 = CARTESIAN_POINT('',(-0.494036722919,-29.1008691868,-2.));
#5436 = B_SPLINE_CURVE_WITH_KNOTS('',1,(#5437,#5438),.UNSPECIFIED.,.F.,
  .F.,(2,2),(0.,0.774169671453),.PIECEWISE_BEZIER_KNOTS.);
#5437 = CARTESIAN_POINT('',(-1.253930052999,-28.95287997402,-2.));
#5438 = CARTESIAN_POINT('',(-0.494036722919,-29.1008691868,-2.));
#5439 = ORIENTED_EDGE('',*,*,#5440,.T.);
#5440 = EDGE_CURVE('',#5434,#5441,#5443,.T.);
#5441 = VERTEX_POINT('',#5442);
#5442 = CARTESIAN_POINT('',(0.610573051296,-27.00161483373,-2.));
#5443 = B_SPLINE_CURVE_WITH_KNOTS('',3,(#5444,#5445,#5446,#5447,#5448,
    #5449,#5450,#5451,#5452,#5453,#5454,#5455,#5456,#5457,#5458,#5459,
    #5460,#5461,#5462,#5463,#5464,#5465),.UNSPECIFIED.,.F.,.F.,(4,1,1,1,
    1,1,1,1,1,1,1,1,1,1,1,1,1,1,1,4),(0.,0.189906477077,0.372642952354,
    0.548209425831,0.716605897509,0.87783236739,1.031888835474,
    1.178775301764,1.318491766261,1.451038228967,1.576414689885,
    1.694621149018,1.805657606368,1.909524061941,2.006220515742,
    2.095746967776,2.178103418053,2.253289866581,2.321306313375,
    2.382152758453),.UNSPECIFIED.);
#5444 = CARTESIAN_POINT('',(-0.494036722919,-29.1008691868,-2.));
#5445 = CARTESIAN_POINT('',(-0.457173142547,-29.04940787867,-2.));
#5446 = CARTESIAN_POINT('',(-0.385707399735,-28.94780245497,-2.));
#5447 = CARTESIAN_POINT('',(-0.28322809499,-28.79649496177,-2.));
#5448 = CARTESIAN_POINT('',(-0.187348462111,-28.64941026279,-2.));
#5449 = CARTESIAN_POINT('',(-9.788749696297E-02,-28.50673215242,-2.));
#5450 = CARTESIAN_POINT('',(-1.46583361198E-02,-28.3686395033,-2.));
#5451 = CARTESIAN_POINT('',(6.252979616135E-02,-28.23530590124,-2.));
#5452 = CARTESIAN_POINT('',(0.133871919805,-28.10689961781,-2.));
#5453 = CARTESIAN_POINT('',(0.199567054759,-27.98358350163,-2.));
#5454 = CARTESIAN_POINT('',(0.25981811884,-27.86551489353,-2.));
#5455 = CARTESIAN_POINT('',(0.31483178812,-27.75284553954,-2.));
#5456 = CARTESIAN_POINT('',(0.364818362835,-27.6457215079,-2.));
#5457 = CARTESIAN_POINT('',(0.409991634917,-27.54428310956,-2.));
#5458 = CARTESIAN_POINT('',(0.450568735305,-27.44866481902,-2.));
#5459 = CARTESIAN_POINT('',(0.486770043853,-27.35899520768,-2.));
#5460 = CARTESIAN_POINT('',(0.518818881721,-27.27539684865,-2.));
#5461 = CARTESIAN_POINT('',(0.546941920772,-27.19798632995,-2.));
#5462 = CARTESIAN_POINT('',(0.571367222898,-27.126873924,-2.));
#5463 = CARTESIAN_POINT('',(0.59232999801,-27.06216439078,-2.));
#5464 = CARTESIAN_POINT('',(0.604841852839,-27.02107111002,-2.));
#5465 = CARTESIAN_POINT('',(0.610573051296,-27.00161483373,-2.));
#5466 = ORIENTED_EDGE('',*,*,#5467,.T.);
#5467 = EDGE_CURVE('',#5441,#5468,#5470,.T.);
#5468 = VERTEX_POINT('',#5469);
#5469 = CARTESIAN_POINT('',(1.44411023623,-27.10908755263,-2.));
#5470 = B_SPLINE_CURVE_WITH_KNOTS('',1,(#5471,#5472),.UNSPECIFIED.,.F.,
  .F.,(2,2),(0.,0.840437162419),.PIECEWISE_BEZIER_KNOTS.);
#5471 = CARTESIAN_POINT('',(0.610573051296,-27.00161483373,-2.));
#5472 = CARTESIAN_POINT('',(1.44411023623,-27.10908755263,-2.));
#5473 = ORIENTED_EDGE('',*,*,#5474,.T.);
#5474 = EDGE_CURVE('',#5468,#5475,#5477,.T.);
#5475 = VERTEX_POINT('',#5476);
#5476 = CARTESIAN_POINT('',(1.980108107043,-29.41987483723,-2.));
#5477 = B_SPLINE_CURVE_WITH_KNOTS('',3,(#5478,#5479,#5480,#5481,#5482,
    #5483,#5484,#5485,#5486,#5487,#5488,#5489,#5490,#5491,#5492,#5493,
    #5494,#5495,#5496,#5497,#5498,#5499),.UNSPECIFIED.,.F.,.F.,(4,1,1,1,
    1,1,1,1,1,1,1,1,1,1,1,1,1,1,1,4),(0.,6.084644507817E-02,
    0.128862891872,0.204049340401,0.286405790677,0.375932242711,
    0.472628696512,0.576495152085,0.687531609436,0.805738068568,
    0.931114529486,1.063660992193,1.20337745669,1.350263922979,
    1.504320391064,1.665546860944,1.833943332622,2.009509806099,
    2.192246281376,2.382152758453),.UNSPECIFIED.);
#5478 = CARTESIAN_POINT('',(1.44411023623,-27.10908755263,-2.));
#5479 = CARTESIAN_POINT('',(1.444718821389,-27.12936125351,-2.));
#5480 = CARTESIAN_POINT('',(1.446397975261,-27.17228426221,-2.));
#5481 = CARTESIAN_POINT('',(1.450261290216,-27.2401947653,-2.));
#5482 = CARTESIAN_POINT('',(1.45584977175,-27.31517702011,-2.));
#5483 = CARTESIAN_POINT('',(1.463417510045,-27.39718935497,-2.));
#5484 = CARTESIAN_POINT('',(1.473213079307,-27.48618295285,-2.));
#5485 = CARTESIAN_POINT('',(1.485485311147,-27.58210253512,-2.));
#5486 = CARTESIAN_POINT('',(1.500481314208,-27.68488618389,-2.));
#5487 = CARTESIAN_POINT('',(1.518446873515,-27.79446543306,-2.));
#5488 = CARTESIAN_POINT('',(1.539626128786,-27.91076528238,-2.));
#5489 = CARTESIAN_POINT('',(1.564261470372,-28.0337042391,-2.));
#5490 = CARTESIAN_POINT('',(1.59259337149,-28.1631943558,-2.));
#5491 = CARTESIAN_POINT('',(1.624860239918,-28.29914127363,-2.));
#5492 = CARTESIAN_POINT('',(1.661298267244,-28.44144426866,-2.));
#5493 = CARTESIAN_POINT('',(1.702141271733,-28.58999630058,-2.));
#5494 = CARTESIAN_POINT('',(1.74762057802,-28.74468406886,-2.));
#5495 = CARTESIAN_POINT('',(1.797964753331,-28.90538805597,-2.));
#5496 = CARTESIAN_POINT('',(1.853399921566,-29.07198263811,-2.));
#5497 = CARTESIAN_POINT('',(1.914147787382,-29.24433594444,-2.));
#5498 = CARTESIAN_POINT('',(1.957503551818,-29.36074596209,-2.));
#5499 = CARTESIAN_POINT('',(1.980108107043,-29.41987483723,-2.));
#5500 = ORIENTED_EDGE('',*,*,#5501,.T.);
#5501 = EDGE_CURVE('',#5475,#5502,#5504,.T.);
#5502 = VERTEX_POINT('',#5503);
#5503 = CARTESIAN_POINT('',(2.752687163876,-29.46947605838,-2.));
#5504 = B_SPLINE_CURVE_WITH_KNOTS('',1,(#5505,#5506),.UNSPECIFIED.,.F.,
  .F.,(2,2),(0.,0.774169671453),.PIECEWISE_BEZIER_KNOTS.);
#5505 = CARTESIAN_POINT('',(1.980108107043,-29.41987483723,-2.));
#5506 = CARTESIAN_POINT('',(2.752687163876,-29.46947605838,-2.));
#5507 = ORIENTED_EDGE('',*,*,#5508,.T.);
#5508 = EDGE_CURVE('',#5502,#5509,#5511,.T.);
#5509 = VERTEX_POINT('',#5510);
#5510 = CARTESIAN_POINT('',(3.57978141879,-27.24620219184,-2.));
#5511 = B_SPLINE_CURVE_WITH_KNOTS('',3,(#5512,#5513,#5514,#5515,#5516,
    #5517,#5518,#5519,#5520,#5521,#5522,#5523,#5524,#5525,#5526,#5527,
    #5528,#5529,#5530,#5531,#5532,#5533),.UNSPECIFIED.,.F.,.F.,(4,1,1,1,
    1,1,1,1,1,1,1,1,1,1,1,1,1,1,1,4),(0.,0.189906477077,0.372642952354,
    0.548209425831,0.716605897509,0.87783236739,1.031888835474,
    1.178775301764,1.318491766261,1.451038228967,1.576414689885,
    1.694621149018,1.805657606368,1.909524061941,2.006220515742,
    2.095746967776,2.178103418053,2.253289866581,2.321306313375,
    2.382152758453),.UNSPECIFIED.);
#5512 = CARTESIAN_POINT('',(2.752687163876,-29.46947605838,-2.));
#5513 = CARTESIAN_POINT('',(2.782667368743,-29.41372323685,-2.));
#5514 = CARTESIAN_POINT('',(2.8405533656,-29.30381315593,-2.));
#5515 = CARTESIAN_POINT('',(2.922842543897,-29.14064313253,-2.));
#5516 = CARTESIAN_POINT('',(2.999126232483,-28.98250518158,-2.));
#5517 = CARTESIAN_POINT('',(3.069607452555,-28.82955844222,-2.));
#5518 = CARTESIAN_POINT('',(3.13449440712,-28.68195642299,-2.));
#5519 = CARTESIAN_POINT('',(3.193998503313,-28.53984688868,-2.));
#5520 = CARTESIAN_POINT('',(3.248334678041,-28.40337179079,-2.));
#5521 = CARTESIAN_POINT('',(3.297721141918,-28.27266719082,-2.));
#5522 = CARTESIAN_POINT('',(3.342379267108,-28.1478631893,-2.));
#5523 = CARTESIAN_POINT('',(3.382533437726,-28.02908385727,-2.));
#5524 = CARTESIAN_POINT('',(3.41841090624,-27.91644717115,-2.));
#5525 = CARTESIAN_POINT('',(3.450241651916,-27.81006495084,-2.));
#5526 = CARTESIAN_POINT('',(3.478258219271,-27.71004280071,-2.));
#5527 = CARTESIAN_POINT('',(3.502695620189,-27.61648005506,-2.));
#5528 = CARTESIAN_POINT('',(3.523791016668,-27.52946972298,-2.));
#5529 = CARTESIAN_POINT('',(3.54178412854,-27.44909844915,-2.));
#5530 = CARTESIAN_POINT('',(3.556915246641,-27.37544643677,-2.));
#5531 = CARTESIAN_POINT('',(3.569431046215,-27.30858750773,-2.));
#5532 = CARTESIAN_POINT('',(3.576585286782,-27.26623162176,-2.));
#5533 = CARTESIAN_POINT('',(3.57978141879,-27.24620219184,-2.));
#5534 = ORIENTED_EDGE('',*,*,#5535,.T.);
#5535 = EDGE_CURVE('',#5509,#5536,#5538,.T.);
#5536 = VERTEX_POINT('',#5537);
#5537 = CARTESIAN_POINT('',(4.42021858121,-27.24620219184,-2.));
#5538 = B_SPLINE_CURVE_WITH_KNOTS('',1,(#5539,#5540),.UNSPECIFIED.,.F.,
  .F.,(2,2),(0.,0.840437162419),.PIECEWISE_BEZIER_KNOTS.);
#5539 = CARTESIAN_POINT('',(3.57978141879,-27.24620219184,-2.));
#5540 = CARTESIAN_POINT('',(4.42021858121,-27.24620219184,-2.));
#5541 = ORIENTED_EDGE('',*,*,#5542,.T.);
#5542 = EDGE_CURVE('',#5536,#5543,#5545,.T.);
#5543 = VERTEX_POINT('',#5544);
#5544 = CARTESIAN_POINT('',(5.247312836124,-29.46947605838,-2.));
#5545 = B_SPLINE_CURVE_WITH_KNOTS('',3,(#5546,#5547,#5548,#5549,#5550,
    #5551,#5552,#5553,#5554,#5555,#5556,#5557,#5558,#5559,#5560,#5561,
    #5562,#5563,#5564,#5565,#5566,#5567),.UNSPECIFIED.,.F.,.F.,(4,1,1,1,
    1,1,1,1,1,1,1,1,1,1,1,1,1,1,1,4),(0.,6.084644507817E-02,
    0.128862891872,0.204049340401,0.286405790677,0.375932242711,
    0.472628696512,0.576495152085,0.687531609436,0.805738068568,
    0.931114529486,1.063660992193,1.20337745669,1.350263922979,
    1.504320391064,1.665546860944,1.833943332622,2.009509806099,
    2.192246281376,2.382152758453),.UNSPECIFIED.);
#5546 = CARTESIAN_POINT('',(4.42021858121,-27.24620219184,-2.));
#5547 = CARTESIAN_POINT('',(4.423414713218,-27.26623162176,-2.));
#5548 = CARTESIAN_POINT('',(4.430568953785,-27.30858750773,-2.));
#5549 = CARTESIAN_POINT('',(4.443084753359,-27.37544643677,-2.));
#5550 = CARTESIAN_POINT('',(4.45821587146,-27.44909844915,-2.));
#5551 = CARTESIAN_POINT('',(4.476208983332,-27.52946972298,-2.));
#5552 = CARTESIAN_POINT('',(4.497304379811,-27.61648005506,-2.));
#5553 = CARTESIAN_POINT('',(4.521741780729,-27.71004280071,-2.));
#5554 = CARTESIAN_POINT('',(4.549758348084,-27.81006495084,-2.));
#5555 = CARTESIAN_POINT('',(4.58158909376,-27.91644717115,-2.));
#5556 = CARTESIAN_POINT('',(4.617466562274,-28.02908385727,-2.));
#5557 = CARTESIAN_POINT('',(4.657620732892,-28.1478631893,-2.));
#5558 = CARTESIAN_POINT('',(4.702278858082,-28.27266719082,-2.));
#5559 = CARTESIAN_POINT('',(4.751665321959,-28.40337179079,-2.));
#5560 = CARTESIAN_POINT('',(4.806001496687,-28.53984688868,-2.));
#5561 = CARTESIAN_POINT('',(4.86550559288,-28.68195642299,-2.));
#5562 = CARTESIAN_POINT('',(4.930392547445,-28.82955844222,-2.));
#5563 = CARTESIAN_POINT('',(5.000873767517,-28.98250518158,-2.));
#5564 = CARTESIAN_POINT('',(5.077157456102,-29.14064313253,-2.));
#5565 = CARTESIAN_POINT('',(5.1594466344,-29.30381315593,-2.));
#5566 = CARTESIAN_POINT('',(5.217332631257,-29.41372323685,-2.));
#5567 = CARTESIAN_POINT('',(5.247312836124,-29.46947605838,-2.));
#5568 = ORIENTED_EDGE('',*,*,#5569,.T.);
#5569 = EDGE_CURVE('',#5543,#5570,#5572,.T.);
#5570 = VERTEX_POINT('',#5571);
#5571 = CARTESIAN_POINT('',(6.019891892957,-29.41987483723,-2.));
#5572 = B_SPLINE_CURVE_WITH_KNOTS('',1,(#5573,#5574),.UNSPECIFIED.,.F.,
  .F.,(2,2),(0.,0.774169671453),.PIECEWISE_BEZIER_KNOTS.);
#5573 = CARTESIAN_POINT('',(5.247312836124,-29.46947605838,-2.));
#5574 = CARTESIAN_POINT('',(6.019891892957,-29.41987483723,-2.));
#5575 = ORIENTED_EDGE('',*,*,#5576,.T.);
#5576 = EDGE_CURVE('',#5570,#5577,#5579,.T.);
#5577 = VERTEX_POINT('',#5578);
#5578 = CARTESIAN_POINT('',(6.55588976377,-27.10908755263,-2.));
#5579 = B_SPLINE_CURVE_WITH_KNOTS('',3,(#5580,#5581,#5582,#5583,#5584,
    #5585,#5586,#5587,#5588,#5589,#5590,#5591,#5592,#5593,#5594,#5595,
    #5596,#5597,#5598,#5599,#5600,#5601),.UNSPECIFIED.,.F.,.F.,(4,1,1,1,
    1,1,1,1,1,1,1,1,1,1,1,1,1,1,1,4),(0.,0.189906477077,0.372642952354,
    0.548209425831,0.716605897509,0.87783236739,1.031888835474,
    1.178775301764,1.318491766261,1.451038228967,1.576414689885,
    1.694621149018,1.805657606368,1.909524061941,2.006220515742,
    2.095746967776,2.178103418053,2.253289866581,2.321306313375,
    2.382152758453),.UNSPECIFIED.);
#5580 = CARTESIAN_POINT('',(6.019891892957,-29.41987483723,-2.));
#5581 = CARTESIAN_POINT('',(6.042496448182,-29.36074596209,-2.));
#5582 = CARTESIAN_POINT('',(6.085852212618,-29.24433594444,-2.));
#5583 = CARTESIAN_POINT('',(6.146600078434,-29.07198263811,-2.));
#5584 = CARTESIAN_POINT('',(6.202035246669,-28.90538805597,-2.));
#5585 = CARTESIAN_POINT('',(6.25237942198,-28.74468406886,-2.));
#5586 = CARTESIAN_POINT('',(6.297858728267,-28.58999630058,-2.));
#5587 = CARTESIAN_POINT('',(6.338701732756,-28.44144426866,-2.));
#5588 = CARTESIAN_POINT('',(6.375139760082,-28.29914127363,-2.));
#5589 = CARTESIAN_POINT('',(6.40740662851,-28.1631943558,-2.));
#5590 = CARTESIAN_POINT('',(6.435738529628,-28.0337042391,-2.));
#5591 = CARTESIAN_POINT('',(6.460373871214,-27.91076528238,-2.));
#5592 = CARTESIAN_POINT('',(6.481553126485,-27.79446543306,-2.));
#5593 = CARTESIAN_POINT('',(6.499518685792,-27.68488618389,-2.));
#5594 = CARTESIAN_POINT('',(6.514514688853,-27.58210253512,-2.));
#5595 = CARTESIAN_POINT('',(6.526786920693,-27.48618295285,-2.));
#5596 = CARTESIAN_POINT('',(6.536582489955,-27.39718935497,-2.));
#5597 = CARTESIAN_POINT('',(6.54415022825,-27.31517702011,-2.));
#5598 = CARTESIAN_POINT('',(6.549738709784,-27.2401947653,-2.));
#5599 = CARTESIAN_POINT('',(6.553602024739,-27.17228426221,-2.));
#5600 = CARTESIAN_POINT('',(6.555281178611,-27.12936125351,-2.));
#5601 = CARTESIAN_POINT('',(6.55588976377,-27.10908755263,-2.));
#5602 = ORIENTED_EDGE('',*,*,#5603,.T.);
#5603 = EDGE_CURVE('',#5577,#5604,#5606,.T.);
#5604 = VERTEX_POINT('',#5605);
#5605 = CARTESIAN_POINT('',(7.389426948704,-27.00161483373,-2.));
#5606 = B_SPLINE_CURVE_WITH_KNOTS('',1,(#5607,#5608),.UNSPECIFIED.,.F.,
  .F.,(2,2),(0.,0.840437162419),.PIECEWISE_BEZIER_KNOTS.);
#5607 = CARTESIAN_POINT('',(6.55588976377,-27.10908755263,-2.));
#5608 = CARTESIAN_POINT('',(7.389426948704,-27.00161483373,-2.));
#5609 = ORIENTED_EDGE('',*,*,#5610,.T.);
#5610 = EDGE_CURVE('',#5604,#5611,#5613,.T.);
#5611 = VERTEX_POINT('',#5612);
#5612 = CARTESIAN_POINT('',(8.494036722919,-29.1008691868,-2.));
#5613 = B_SPLINE_CURVE_WITH_KNOTS('',3,(#5614,#5615,#5616,#5617,#5618,
    #5619,#5620,#5621,#5622,#5623,#5624,#5625,#5626,#5627,#5628,#5629,
    #5630,#5631,#5632,#5633,#5634,#5635),.UNSPECIFIED.,.F.,.F.,(4,1,1,1,
    1,1,1,1,1,1,1,1,1,1,1,1,1,1,1,4),(0.,6.084644507817E-02,
    0.128862891872,0.204049340401,0.286405790677,0.375932242711,
    0.472628696512,0.576495152085,0.687531609436,0.805738068568,
    0.931114529486,1.063660992193,1.20337745669,1.350263922979,
    1.504320391064,1.665546860944,1.833943332622,2.009509806099,
    2.192246281376,2.382152758453),.UNSPECIFIED.);
#5614 = CARTESIAN_POINT('',(7.389426948704,-27.00161483373,-2.));
#5615 = CARTESIAN_POINT('',(7.395158147161,-27.02107111002,-2.));
#5616 = CARTESIAN_POINT('',(7.40767000199,-27.06216439078,-2.));
#5617 = CARTESIAN_POINT('',(7.428632777102,-27.126873924,-2.));
#5618 = CARTESIAN_POINT('',(7.453058079228,-27.19798632995,-2.));
#5619 = CARTESIAN_POINT('',(7.481181118279,-27.27539684865,-2.));
#5620 = CARTESIAN_POINT('',(7.513229956147,-27.35899520768,-2.));
#5621 = CARTESIAN_POINT('',(7.549431264695,-27.44866481902,-2.));
#5622 = CARTESIAN_POINT('',(7.590008365083,-27.54428310956,-2.));
#5623 = CARTESIAN_POINT('',(7.635181637165,-27.6457215079,-2.));
#5624 = CARTESIAN_POINT('',(7.68516821188,-27.75284553954,-2.));
#5625 = CARTESIAN_POINT('',(7.74018188116,-27.86551489353,-2.));
#5626 = CARTESIAN_POINT('',(7.800432945241,-27.98358350163,-2.));
#5627 = CARTESIAN_POINT('',(7.866128080195,-28.10689961781,-2.));
#5628 = CARTESIAN_POINT('',(7.937470203839,-28.23530590124,-2.));
#5629 = CARTESIAN_POINT('',(8.01465833612,-28.3686395033,-2.));
#5630 = CARTESIAN_POINT('',(8.097887496963,-28.50673215242,-2.));
#5631 = CARTESIAN_POINT('',(8.187348462111,-28.64941026279,-2.));
#5632 = CARTESIAN_POINT('',(8.28322809499,-28.79649496177,-2.));
#5633 = CARTESIAN_POINT('',(8.385707399735,-28.94780245497,-2.));
#5634 = CARTESIAN_POINT('',(8.457173142547,-29.04940787867,-2.));
#5635 = CARTESIAN_POINT('',(8.494036722919,-29.1008691868,-2.));
#5636 = ORIENTED_EDGE('',*,*,#5637,.T.);
#5637 = EDGE_CURVE('',#5611,#5638,#5640,.T.);
#5638 = VERTEX_POINT('',#5639);
#5639 = CARTESIAN_POINT('',(9.253930052999,-28.95287997402,-2.));
#5640 = B_SPLINE_CURVE_WITH_KNOTS('',1,(#5641,#5642),.UNSPECIFIED.,.F.,
  .F.,(2,2),(0.,0.774169671453),.PIECEWISE_BEZIER_KNOTS.);
#5641 = CARTESIAN_POINT('',(8.494036722919,-29.1008691868,-2.));
#5642 = CARTESIAN_POINT('',(9.253930052999,-28.95287997402,-2.));
#5643 = ORIENTED_EDGE('',*,*,#5644,.T.);
#5644 = EDGE_CURVE('',#5638,#5645,#5647,.T.);
#5645 = VERTEX_POINT('',#5646);
#5646 = CARTESIAN_POINT('',(9.49003046949,-26.5925223347,-2.));
#5647 = B_SPLINE_CURVE_WITH_KNOTS('',3,(#5648,#5649,#5650,#5651,#5652,
    #5653,#5654,#5655,#5656,#5657,#5658,#5659,#5660,#5661,#5662,#5663,
    #5664,#5665,#5666,#5667,#5668,#5669),.UNSPECIFIED.,.F.,.F.,(4,1,1,1,
    1,1,1,1,1,1,1,1,1,1,1,1,1,1,1,4),(0.,0.189906477077,0.372642952354,
    0.548209425831,0.716605897509,0.87783236739,1.031888835474,
    1.178775301764,1.318491766261,1.451038228967,1.576414689885,
    1.694621149018,1.805657606368,1.909524061941,2.006220515742,
    2.095746967776,2.178103418053,2.253289866581,2.321306313375,
    2.382152758453),.UNSPECIFIED.);
#5648 = CARTESIAN_POINT('',(9.253930052999,-28.95287997402,-2.));
#5649 = CARTESIAN_POINT('',(9.268787792411,-28.89134593976,-2.));
#5650 = CARTESIAN_POINT('',(9.296901423971,-28.77034743465,-2.));
#5651 = CARTESIAN_POINT('',(9.335110499029,-28.59164088193,-2.));
#5652 = CARTESIAN_POINT('',(9.368786902983,-28.41932514704,-2.));
#5653 = CARTESIAN_POINT('',(9.398167383567,-28.25350266718,-2.));
#5654 = CARTESIAN_POINT('',(9.423492272623,-28.09426911874,-2.));
#5655 = CARTESIAN_POINT('',(9.445003544405,-27.94171380946,-2.));
#5656 = CARTESIAN_POINT('',(9.462945112927,-27.79591952854,-2.));
#5657 = CARTESIAN_POINT('',(9.477562564819,-27.65696253747,-2.));
#5658 = CARTESIAN_POINT('',(9.489103032832,-27.52491252975,-2.));
#5659 = CARTESIAN_POINT('',(9.497815033757,-27.3998326026,-2.));
#5660 = CARTESIAN_POINT('',(9.503948312999,-27.28177923038,-2.));
#5661 = CARTESIAN_POINT('',(9.50775369195,-27.17080224061,-2.));
#5662 = CARTESIAN_POINT('',(9.509482896761,-27.06694479787,-2.));
#5663 = CARTESIAN_POINT('',(9.509388449816,-26.97024337586,-2.));
#5664 = CARTESIAN_POINT('',(9.507723348885,-26.88072778459,-2.));
#5665 = CARTESIAN_POINT('',(9.504741451549,-26.79842102898,-2.));
#5666 = CARTESIAN_POINT('',(9.500695533804,-26.72333973828,-2.));
#5667 = CARTESIAN_POINT('',(9.495842928614,-26.65549274974,-2.));
#5668 = CARTESIAN_POINT('',(9.492019424131,-26.61270741291,-2.));
#5669 = CARTESIAN_POINT('',(9.49003046949,-26.5925223347,-2.));
#5670 = ORIENTED_EDGE('',*,*,#5671,.T.);
#5671 = EDGE_CURVE('',#5645,#5672,#5674,.T.);
#5672 = VERTEX_POINT('',#5673);
#5673 = CARTESIAN_POINT('',(10.302981019406,-26.37934159596,-2.));
#5674 = B_SPLINE_CURVE_WITH_KNOTS('',1,(#5675,#5676),.UNSPECIFIED.,.F.,
  .F.,(2,2),(0.,0.840437162419),.PIECEWISE_BEZIER_KNOTS.);
#5675 = CARTESIAN_POINT('',(9.49003046949,-26.5925223347,-2.));
#5676 = CARTESIAN_POINT('',(10.302981019406,-26.37934159596,-2.));
#5677 = ORIENTED_EDGE('',*,*,#5678,.T.);
#5678 = EDGE_CURVE('',#5672,#5679,#5681,.T.);
#5679 = VERTEX_POINT('',#5680);
#5680 = CARTESIAN_POINT('',(11.666968650969,-28.32010673712,-2.));
#5681 = B_SPLINE_CURVE_WITH_KNOTS('',3,(#5682,#5683,#5684,#5685,#5686,
    #5687,#5688,#5689,#5690,#5691,#5692,#5693,#5694,#5695,#5696,#5697,
    #5698,#5699,#5700,#5701,#5702,#5703),.UNSPECIFIED.,.F.,.F.,(4,1,1,1,
    1,1,1,1,1,1,1,1,1,1,1,1,1,1,1,4),(0.,6.084644507817E-02,
    0.128862891872,0.204049340401,0.286405790677,0.375932242711,
    0.472628696512,0.576495152085,0.687531609436,0.805738068568,
    0.931114529486,1.063660992193,1.20337745669,1.350263922979,
    1.504320391064,1.665546860944,1.833943332622,2.009509806099,
    2.192246281376,2.382152758453),.UNSPECIFIED.);
#5682 = CARTESIAN_POINT('',(10.302981019406,-26.37934159596,-2.));
#5683 = CARTESIAN_POINT('',(10.311153178193,-26.39790524711,-2.));
#5684 = CARTESIAN_POINT('',(10.328817202973,-26.43706117211,-2.));
#5685 = CARTESIAN_POINT('',(10.357882745435,-26.49855878078,-2.));
#5686 = CARTESIAN_POINT('',(10.3912011688,-26.56596391655,-2.));
#5687 = CARTESIAN_POINT('',(10.428992355506,-26.63914260155,-2.));
#5688 = CARTESIAN_POINT('',(10.471468393732,-26.71795630478,-2.));
#5689 = CARTESIAN_POINT('',(10.518839185425,-26.80226040927,-2.));
#5690 = CARTESIAN_POINT('',(10.571310543979,-26.89190479054,-2.));
#5691 = CARTESIAN_POINT('',(10.629084598587,-26.98673375121,-2.));
#5692 = CARTESIAN_POINT('',(10.692359501329,-27.08658615474,-2.));
#5693 = CARTESIAN_POINT('',(10.761329346341,-27.19129550301,-2.));
#5694 = CARTESIAN_POINT('',(10.836184028507,-27.3006900344,-2.));
#5695 = CARTESIAN_POINT('',(10.917109122239,-27.41459281958,-2.));
#5696 = CARTESIAN_POINT('',(11.0042857591,-27.53282186091,-2.));
#5697 = CARTESIAN_POINT('',(11.097890500472,-27.65519019668,-2.));
#5698 = CARTESIAN_POINT('',(11.198095247073,-27.7815059982,-2.));
#5699 = CARTESIAN_POINT('',(11.305067010722,-27.91157270894,-2.));
#5700 = CARTESIAN_POINT('',(11.418968246973,-28.04518902926,-2.));
#5701 = CARTESIAN_POINT('',(11.539954970816,-28.18214952742,-2.));
#5702 = CARTESIAN_POINT('',(11.623826994061,-28.27378193564,-2.));
#5703 = CARTESIAN_POINT('',(11.666968650969,-28.32010673712,-2.));
#5704 = ORIENTED_EDGE('',*,*,#5705,.T.);
#5705 = EDGE_CURVE('',#5679,#5706,#5708,.T.);
#5706 = VERTEX_POINT('',#5707);
#5707 = CARTESIAN_POINT('',(12.401698826823,-28.0761595115,-2.));
#5708 = B_SPLINE_CURVE_WITH_KNOTS('',1,(#5709,#5710),.UNSPECIFIED.,.F.,
  .F.,(2,2),(0.,0.774169671453),.PIECEWISE_BEZIER_KNOTS.);
#5709 = CARTESIAN_POINT('',(11.666968650969,-28.32010673712,-2.));
#5710 = CARTESIAN_POINT('',(12.401698826823,-28.0761595115,-2.));
#5711 = ORIENTED_EDGE('',*,*,#5712,.T.);
#5712 = EDGE_CURVE('',#5706,#5713,#5715,.T.);
#5713 = VERTEX_POINT('',#5714);
#5714 = CARTESIAN_POINT('',(12.334025026682,-25.70498852463,-2.));
#5715 = B_SPLINE_CURVE_WITH_KNOTS('',3,(#5716,#5717,#5718,#5719,#5720,
    #5721,#5722,#5723,#5724,#5725,#5726,#5727,#5728,#5729,#5730,#5731,
    #5732,#5733,#5734,#5735,#5736,#5737),.UNSPECIFIED.,.F.,.F.,(4,1,1,1,
    1,1,1,1,1,1,1,1,1,1,1,1,1,1,1,4),(0.,0.189906477077,0.372642952354,
    0.548209425831,0.716605897509,0.87783236739,1.031888835474,
    1.178775301764,1.318491766261,1.451038228967,1.576414689885,
    1.694621149018,1.805657606368,1.909524061941,2.006220515742,
    2.095746967776,2.178103418053,2.253289866581,2.321306313375,
    2.382152758453),.UNSPECIFIED.);
#5716 = CARTESIAN_POINT('',(12.401698826823,-28.0761595115,-2.));
#5717 = CARTESIAN_POINT('',(12.408565786752,-28.01323070526,-2.));
#5718 = CARTESIAN_POINT('',(12.420975660383,-27.8896305048,-2.));
#5719 = CARTESIAN_POINT('',(12.436018552727,-27.70750506234,-2.));
#5720 = CARTESIAN_POINT('',(12.447383226778,-27.53229759429,-2.));
#5721 = CARTESIAN_POINT('',(12.455317585956,-27.36407942224,-2.));
#5722 = CARTESIAN_POINT('',(12.460072223803,-27.2029147041,-2.));
#5723 = CARTESIAN_POINT('',(12.46189854839,-27.04886107141,-2.));
#5724 = CARTESIAN_POINT('',(12.46104905805,-26.90196944267,-2.));
#5725 = CARTESIAN_POINT('',(12.457777075249,-26.76228404832,-2.));
#5726 = CARTESIAN_POINT('',(12.452336615991,-26.62984240704,-2.));
#5727 = CARTESIAN_POINT('',(12.444982225441,-26.50467531841,-2.));
#5728 = CARTESIAN_POINT('',(12.435968820379,-26.38680685641,-2.));
#5729 = CARTESIAN_POINT('',(12.425551534756,-26.27625436512,-2.));
#5730 = CARTESIAN_POINT('',(12.413985547822,-26.17302846475,-2.));
#5731 = CARTESIAN_POINT('',(12.401525972908,-26.07713303769,-2.));
#5732 = CARTESIAN_POINT('',(12.388427542696,-25.98856529657,-2.));
#5733 = CARTESIAN_POINT('',(12.3749449724,-25.90731559485,-2.));
#5734 = CARTESIAN_POINT('',(12.361331089234,-25.83336810099,-2.));
#5735 = CARTESIAN_POINT('',(12.347842243542,-25.76669867266,-2.));
#5736 = CARTESIAN_POINT('',(12.338578862542,-25.72475354176,-2.));
#5737 = CARTESIAN_POINT('',(12.334025026682,-25.70498852463,-2.));
#5738 = ORIENTED_EDGE('',*,*,#5739,.T.);
#5739 = EDGE_CURVE('',#5713,#5740,#5742,.T.);
#5740 = VERTEX_POINT('',#5741);
#5741 = CARTESIAN_POINT('',(13.113040316024,-25.3896001879,-2.));
#5742 = B_SPLINE_CURVE_WITH_KNOTS('',1,(#5743,#5744),.UNSPECIFIED.,.F.,
  .F.,(2,2),(0.,0.840437162419),.PIECEWISE_BEZIER_KNOTS.);
#5743 = CARTESIAN_POINT('',(12.334025026682,-25.70498852463,-2.));
#5744 = CARTESIAN_POINT('',(13.113040316024,-25.3896001879,-2.));
#5745 = ORIENTED_EDGE('',*,*,#5746,.T.);
#5746 = EDGE_CURVE('',#5740,#5747,#5749,.T.);
#5747 = VERTEX_POINT('',#5748);
#5748 = CARTESIAN_POINT('',(14.714009165734,-27.14000880718,-2.));
#5749 = B_SPLINE_CURVE_WITH_KNOTS('',3,(#5750,#5751,#5752,#5753,#5754,
    #5755,#5756,#5757,#5758,#5759,#5760,#5761,#5762,#5763,#5764,#5765,
    #5766,#5767,#5768,#5769,#5770,#5771),.UNSPECIFIED.,.F.,.F.,(4,1,1,1,
    1,1,1,1,1,1,1,1,1,1,1,1,1,1,1,4),(0.,6.084644507817E-02,
    0.128862891872,0.204049340401,0.286405790677,0.375932242711,
    0.472628696512,0.576495152085,0.687531609436,0.805738068568,
    0.931114529486,1.063660992193,1.20337745669,1.350263922979,
    1.504320391064,1.665546860944,1.833943332622,2.009509806099,
    2.192246281376,2.382152758453),.UNSPECIFIED.);
#5750 = CARTESIAN_POINT('',(13.113040316024,-25.3896001879,-2.));
#5751 = CARTESIAN_POINT('',(13.12351924852,-25.40696639926,-2.));
#5752 = CARTESIAN_POINT('',(13.146045400453,-25.4435420293,-2.));
#5753 = CARTESIAN_POINT('',(13.18273645486,-25.50081792439,-2.));
#5754 = CARTESIAN_POINT('',(13.224400911875,-25.56340899951,-2.));
#5755 = CARTESIAN_POINT('',(13.271239715995,-25.63115425883,-2.));
#5756 = CARTESIAN_POINT('',(13.323445499205,-25.70388918744,-2.));
#5757 = CARTESIAN_POINT('',(13.381207946953,-25.781443514,-2.));
#5758 = CARTESIAN_POINT('',(13.444711985416,-25.86364202774,-2.));
#5759 = CARTESIAN_POINT('',(13.514138174172,-25.95030446183,-2.));
#5760 = CARTESIAN_POINT('',(13.589662432787,-26.04124566354,-2.));
#5761 = CARTESIAN_POINT('',(13.671455970583,-26.13627568148,-2.));
#5762 = CARTESIAN_POINT('',(13.759685159022,-26.23519988099,-2.));
#5763 = CARTESIAN_POINT('',(13.854511423729,-26.33781905459,-2.));
#5764 = CARTESIAN_POINT('',(13.956091135841,-26.44392953623,-2.));
#5765 = CARTESIAN_POINT('',(14.064575499038,-26.55332332101,-2.));
#5766 = CARTESIAN_POINT('',(14.180110472229,-26.66578817296,-2.));
#5767 = CARTESIAN_POINT('',(14.302836560977,-26.78110779229,-2.));
#5768 = CARTESIAN_POINT('',(14.43288914545,-26.89906175767,-2.));
#5769 = CARTESIAN_POINT('',(14.57039668973,-27.01942637318,-2.));
#5770 = CARTESIAN_POINT('',(14.665297817105,-27.09958116432,-2.));
#5771 = CARTESIAN_POINT('',(14.714009165734,-27.14000880718,-2.));
#5772 = ORIENTED_EDGE('',*,*,#5773,.T.);
#5773 = EDGE_CURVE('',#5747,#5774,#5776,.T.);
#5774 = VERTEX_POINT('',#5775);
#5775 = CARTESIAN_POINT('',(15.411511938188,-26.80410917542,-2.));
#5776 = B_SPLINE_CURVE_WITH_KNOTS('',1,(#5777,#5778),.UNSPECIFIED.,.F.,
  .F.,(2,2),(0.,0.774169671453),.PIECEWISE_BEZIER_KNOTS.);
#5777 = CARTESIAN_POINT('',(14.714009165734,-27.14000880718,-2.));
#5778 = CARTESIAN_POINT('',(15.411511938188,-26.80410917542,-2.));
#5779 = ORIENTED_EDGE('',*,*,#5780,.T.);
#5780 = EDGE_CURVE('',#5774,#5781,#5783,.T.);
#5781 = VERTEX_POINT('',#5782);
#5782 = CARTESIAN_POINT('',(15.041175123341,-24.46105940306,-2.));
#5783 = B_SPLINE_CURVE_WITH_KNOTS('',3,(#5784,#5785,#5786,#5787,#5788,
    #5789,#5790,#5791,#5792,#5793,#5794,#5795,#5796,#5797,#5798,#5799,
    #5800,#5801,#5802,#5803,#5804,#5805),.UNSPECIFIED.,.F.,.F.,(4,1,1,1,
    1,1,1,1,1,1,1,1,1,1,1,1,1,1,1,4),(0.,0.189906477077,0.372642952354,
    0.548209425831,0.716605897509,0.87783236739,1.031888835474,
    1.178775301764,1.318491766261,1.451038228967,1.576414689885,
    1.694621149018,1.805657606368,1.909524061941,2.006220515742,
    2.095746967776,2.178103418053,2.253289866581,2.321306313375,
    2.382152758453),.UNSPECIFIED.);
#5784 = CARTESIAN_POINT('',(15.411511938188,-26.80410917542,-2.));
#5785 = CARTESIAN_POINT('',(15.410275363341,-26.74081888647,-2.));
#5786 = CARTESIAN_POINT('',(15.406777709262,-26.61664650252,-2.));
#5787 = CARTESIAN_POINT('',(15.398407415015,-26.43409266505,-2.));
#5788 = CARTESIAN_POINT('',(15.38727375153,-26.25887036563,-2.));
#5789 = CARTESIAN_POINT('',(15.373631707343,-26.09101863912,-2.));
#5790 = CARTESIAN_POINT('',(15.35773802296,-25.93056907149,-2.));
#5791 = CARTESIAN_POINT('',(15.339849412152,-25.7775466718,-2.));
#5792 = CARTESIAN_POINT('',(15.320222811557,-25.63196965171,-2.));
#5793 = CARTESIAN_POINT('',(15.299115119932,-25.49384948439,-2.));
#5794 = CARTESIAN_POINT('',(15.276783065593,-25.36319089764,-2.));
#5795 = CARTESIAN_POINT('',(15.253483042458,-25.23999188767,-2.));
#5796 = CARTESIAN_POINT('',(15.229470952953,-25.12424373276,-2.));
#5797 = CARTESIAN_POINT('',(15.205002054299,-25.01593100882,-2.));
#5798 = CARTESIAN_POINT('',(15.180330788806,-24.91503161725,-2.));
#5799 = CARTESIAN_POINT('',(15.155710671798,-24.82151678539,-2.));
#5800 = CARTESIAN_POINT('',(15.131393988166,-24.73535117428,-2.));
#5801 = CARTESIAN_POINT('',(15.107632128342,-24.65649264431,-2.));
#5802 = CARTESIAN_POINT('',(15.08467381934,-24.58489316309,-2.));
#5803 = CARTESIAN_POINT('',(15.062770219619,-24.52049600515,-2.));
#5804 = CARTESIAN_POINT('',(15.048219066563,-24.48007981806,-2.));
#5805 = CARTESIAN_POINT('',(15.041175123341,-24.46105940306,-2.));
#5806 = ORIENTED_EDGE('',*,*,#5807,.T.);
#5807 = EDGE_CURVE('',#5781,#5808,#5810,.T.);
#5808 = VERTEX_POINT('',#5809);
#5809 = CARTESIAN_POINT('',(15.773463742597,-24.0486421361,-2.));
#5810 = B_SPLINE_CURVE_WITH_KNOTS('',1,(#5811,#5812),.UNSPECIFIED.,.F.,
  .F.,(2,2),(0.,0.840437162419),.PIECEWISE_BEZIER_KNOTS.);
#5811 = CARTESIAN_POINT('',(15.041175123341,-24.46105940306,-2.));
#5812 = CARTESIAN_POINT('',(15.773463742597,-24.0486421361,-2.));
#5813 = ORIENTED_EDGE('',*,*,#5814,.T.);
#5814 = EDGE_CURVE('',#5808,#5815,#5817,.T.);
#5815 = VERTEX_POINT('',#5816);
#5816 = CARTESIAN_POINT('',(17.585125946203,-25.57995257237,-2.));
#5817 = B_SPLINE_CURVE_WITH_KNOTS('',3,(#5818,#5819,#5820,#5821,#5822,
    #5823,#5824,#5825,#5826,#5827,#5828,#5829,#5830,#5831,#5832,#5833,
    #5834,#5835,#5836,#5837,#5838,#5839),.UNSPECIFIED.,.F.,.F.,(4,1,1,1,
    1,1,1,1,1,1,1,1,1,1,1,1,1,1,1,4),(0.,6.084644507817E-02,
    0.128862891872,0.204049340401,0.286405790677,0.375932242711,
    0.472628696512,0.576495152085,0.687531609436,0.805738068568,
    0.931114529486,1.063660992193,1.20337745669,1.350263922979,
    1.504320391064,1.665546860944,1.833943332622,2.009509806099,
    2.192246281376,2.382152758453),.UNSPECIFIED.);
#5818 = CARTESIAN_POINT('',(15.773463742597,-24.0486421361,-2.));
#5819 = CARTESIAN_POINT('',(15.786077385019,-24.06452575496,-2.));
#5820 = CARTESIAN_POINT('',(15.813095785314,-24.09792051921,-2.));
#5821 = CARTESIAN_POINT('',(15.856809885568,-24.15003423209,-2.));
#5822 = CARTESIAN_POINT('',(15.906136246999,-24.20678350285,-2.));
#5823 = CARTESIAN_POINT('',(15.961253576664,-24.2679829612,-2.));
#5824 = CARTESIAN_POINT('',(16.022331887342,-24.33344480967,-2.));
#5825 = CARTESIAN_POINT('',(16.089537533349,-24.40297591841,-2.));
#5826 = CARTESIAN_POINT('',(16.163031517166,-24.47637886729,-2.));
#5827 = CARTESIAN_POINT('',(16.242969863969,-24.55345178004,-2.));
#5828 = CARTESIAN_POINT('',(16.329503372219,-24.6339885279,-2.));
#5829 = CARTESIAN_POINT('',(16.422777555169,-24.71777882526,-2.));
#5830 = CARTESIAN_POINT('',(16.522932529047,-24.80460836026,-2.));
#5831 = CARTESIAN_POINT('',(16.630102920085,-24.89425891827,-2.));
#5832 = CARTESIAN_POINT('',(16.744417771383,-24.98650850907,-2.));
#5833 = CARTESIAN_POINT('',(16.866000446159,-25.08113149993,-2.));
#5834 = CARTESIAN_POINT('',(16.994968564875,-25.17789873255,-2.));
#5835 = CARTESIAN_POINT('',(17.131433819738,-25.27657771551,-2.));
#5836 = CARTESIAN_POINT('',(17.275502292591,-25.37693252509,-2.));
#5837 = CARTESIAN_POINT('',(17.427272787233,-25.4787248743,-2.));
#5838 = CARTESIAN_POINT('',(17.53164474485,-25.5460859089,-2.));
#5839 = CARTESIAN_POINT('',(17.585125946203,-25.57995257237,-2.));
#5840 = ORIENTED_EDGE('',*,*,#5841,.T.);
#5841 = EDGE_CURVE('',#5815,#5842,#5844,.T.);
#5842 = VERTEX_POINT('',#5843);
#5843 = CARTESIAN_POINT('',(18.233948339016,-25.15761599713,-2.));
#5844 = B_SPLINE_CURVE_WITH_KNOTS('',1,(#5845,#5846),.UNSPECIFIED.,.F.,
  .F.,(2,2),(0.,0.774169671453),.PIECEWISE_BEZIER_KNOTS.);
#5845 = CARTESIAN_POINT('',(17.585125946203,-25.57995257237,-2.));
#5846 = CARTESIAN_POINT('',(18.233948339016,-25.15761599713,-2.));
#5847 = ORIENTED_EDGE('',*,*,#5848,.T.);
#5848 = EDGE_CURVE('',#5842,#5849,#5851,.T.);
#5849 = VERTEX_POINT('',#5850);
#5850 = CARTESIAN_POINT('',(17.567029429725,-22.88116025176,-2.));
#5851 = B_SPLINE_CURVE_WITH_KNOTS('',3,(#5852,#5853,#5854,#5855,#5856,
    #5857,#5858,#5859,#5860,#5861,#5862,#5863,#5864,#5865,#5866,#5867,
    #5868,#5869,#5870,#5871,#5872,#5873),.UNSPECIFIED.,.F.,.F.,(4,1,1,1,
    1,1,1,1,1,1,1,1,1,1,1,1,1,1,1,4),(0.,0.189906477077,0.372642952354,
    0.548209425831,0.716605897509,0.87783236739,1.031888835474,
    1.178775301764,1.318491766261,1.451038228967,1.576414689885,
    1.694621149018,1.805657606368,1.909524061941,2.006220515742,
    2.095746967776,2.178103418053,2.253289866581,2.321306313375,
    2.382152758453),.UNSPECIFIED.);
#5852 = CARTESIAN_POINT('',(18.233948339016,-25.15761599713,-2.));
#5853 = CARTESIAN_POINT('',(18.224628533919,-25.09500345026,-2.));
#5854 = CARTESIAN_POINT('',(18.205280783513,-24.97229778994,-2.));
#5855 = CARTESIAN_POINT('',(18.173634742675,-24.79231308642,-2.));
#5856 = CARTESIAN_POINT('',(18.1401855561,-24.61995310095,-2.));
#5857 = CARTESIAN_POINT('',(18.105191110537,-24.45522394068,-2.));
#5858 = CARTESIAN_POINT('',(18.068910077781,-24.29812410104,-2.));
#5859 = CARTESIAN_POINT('',(18.031600262074,-24.1486455579,-2.));
#5860 = CARTESIAN_POINT('',(17.993518819463,-24.00677351712,-2.));
#5861 = CARTESIAN_POINT('',(17.954922006726,-23.87248650615,-2.));
#5862 = CARTESIAN_POINT('',(17.916065049021,-23.74575638432,-2.));
#5863 = CARTESIAN_POINT('',(17.877201979037,-23.62654837734,-2.));
#5864 = CARTESIAN_POINT('',(17.838585482936,-23.51482111104,-2.));
#5865 = CARTESIAN_POINT('',(17.800466749889,-23.41052664638,-2.));
#5866 = CARTESIAN_POINT('',(17.763095307334,-23.31361052882,-2.));
#5867 = CARTESIAN_POINT('',(17.726718909873,-23.22401180312,-2.));
#5868 = CARTESIAN_POINT('',(17.691583252094,-23.14166315897,-2.));
#5869 = CARTESIAN_POINT('',(17.657932271823,-23.06649065563,-2.));
#5870 = CARTESIAN_POINT('',(17.626006511785,-22.99841484856,-2.));
#5871 = CARTESIAN_POINT('',(17.596047814538,-22.93734736056,-2.));
#5872 = CARTESIAN_POINT('',(17.576447818956,-22.89912374996,-2.));
#5873 = CARTESIAN_POINT('',(17.567029429725,-22.88116025176,-2.));
#5874 = ORIENTED_EDGE('',*,*,#5875,.T.);
#5875 = EDGE_CURVE('',#5849,#5876,#5878,.T.);
#5876 = VERTEX_POINT('',#5877);
#5877 = CARTESIAN_POINT('',(18.240567220012,-22.37848593471,-2.));
#5878 = B_SPLINE_CURVE_WITH_KNOTS('',1,(#5879,#5880),.UNSPECIFIED.,.F.,
  .F.,(2,2),(0.,0.840437162419),.PIECEWISE_BEZIER_KNOTS.);
#5879 = CARTESIAN_POINT('',(17.567029429725,-22.88116025176,-2.));
#5880 = CARTESIAN_POINT('',(18.240567220012,-22.37848593471,-2.));
#5881 = ORIENTED_EDGE('',*,*,#5882,.T.);
#5882 = EDGE_CURVE('',#5876,#5883,#5885,.T.);
#5883 = VERTEX_POINT('',#5884);
#5884 = CARTESIAN_POINT('',(20.233175334217,-23.66555411293,-2.));
#5885 = B_SPLINE_CURVE_WITH_KNOTS('',3,(#5886,#5887,#5888,#5889,#5890,
    #5891,#5892,#5893,#5894,#5895,#5896,#5897,#5898,#5899,#5900,#5901,
    #5902,#5903,#5904,#5905,#5906,#5907),.UNSPECIFIED.,.F.,.F.,(4,1,1,1,
    1,1,1,1,1,1,1,1,1,1,1,1,1,1,1,4),(0.,6.084644507817E-02,
    0.128862891872,0.204049340401,0.286405790677,0.375932242711,
    0.472628696512,0.576495152085,0.687531609436,0.805738068568,
    0.931114529486,1.063660992193,1.20337745669,1.350263922979,
    1.504320391064,1.665546860944,1.833943332622,2.009509806099,
    2.192246281376,2.382152758453),.UNSPECIFIED.);
#5886 = CARTESIAN_POINT('',(18.240567220012,-22.37848593471,-2.));
#5887 = CARTESIAN_POINT('',(18.2551084567,-22.39262615248,-2.));
#5888 = CARTESIAN_POINT('',(18.28617546397,-22.42229170984,-2.));
#5889 = CARTESIAN_POINT('',(18.336194825753,-22.46838753479,-2.));
#5890 = CARTESIAN_POINT('',(18.392373154111,-22.51836317972,-2.));
#5891 = CARTESIAN_POINT('',(18.454863984291,-22.57201194368,-2.));
#5892 = CARTESIAN_POINT('',(18.523811918264,-22.62912583027,-2.));
#5893 = CARTESIAN_POINT('',(18.599357247681,-22.68949202231,-2.));
#5894 = CARTESIAN_POINT('',(18.681634407669,-22.75289413195,-2.));
#5895 = CARTESIAN_POINT('',(18.770772327074,-22.81911198825,-2.));
#5896 = CARTESIAN_POINT('',(18.866894207146,-22.8879218711,-2.));
#5897 = CARTESIAN_POINT('',(18.970117475746,-22.95909661349,-2.));
#5898 = CARTESIAN_POINT('',(19.08055369316,-23.03240574543,-2.));
#5899 = CARTESIAN_POINT('',(19.198308475671,-23.10761562818,-2.));
#5900 = CARTESIAN_POINT('',(19.323481419456,-23.18448959238,-2.));
#5901 = CARTESIAN_POINT('',(19.456166021655,-23.26278808243,-2.));
#5902 = CARTESIAN_POINT('',(19.59644963295,-23.34226878045,-2.));
#5903 = CARTESIAN_POINT('',(19.744413298217,-23.42268682086,-2.));
#5904 = CARTESIAN_POINT('',(19.900132059109,-23.50379465144,-2.));
#5905 = CARTESIAN_POINT('',(20.063673436786,-23.58534330679,-2.));
#5906 = CARTESIAN_POINT('',(20.175802439987,-23.63880451853,-2.));
#5907 = CARTESIAN_POINT('',(20.233175334217,-23.66555411293,-2.));
#5908 = ORIENTED_EDGE('',*,*,#5909,.T.);
#5909 = EDGE_CURVE('',#5883,#5910,#5912,.T.);
#5910 = VERTEX_POINT('',#5911);
#5911 = CARTESIAN_POINT('',(20.822663701636,-23.1637153491,-2.));
#5912 = B_SPLINE_CURVE_WITH_KNOTS('',1,(#5913,#5914),.UNSPECIFIED.,.F.,
  .F.,(2,2),(0.,0.774169671453),.PIECEWISE_BEZIER_KNOTS.);
#5913 = CARTESIAN_POINT('',(20.233175334217,-23.66555411293,-2.));
#5914 = CARTESIAN_POINT('',(20.822663701636,-23.1637153491,-2.));
#5915 = ORIENTED_EDGE('',*,*,#5916,.T.);
#5916 = EDGE_CURVE('',#5910,#5917,#5919,.T.);
#5917 = VERTEX_POINT('',#5918);
#5918 = CARTESIAN_POINT('',(19.870113487954,-20.99123297113,-2.));
#5919 = B_SPLINE_CURVE_WITH_KNOTS('',3,(#5920,#5921,#5922,#5923,#5924,
    #5925,#5926,#5927,#5928,#5929,#5930,#5931,#5932,#5933,#5934,#5935,
    #5936,#5937,#5938,#5939,#5940,#5941),.UNSPECIFIED.,.F.,.F.,(4,1,1,1,
    1,1,1,1,1,1,1,1,1,1,1,1,1,1,1,4),(0.,0.189906477077,0.372642952354,
    0.548209425831,0.716605897509,0.87783236739,1.031888835474,
    1.178775301764,1.318491766261,1.451038228967,1.576414689885,
    1.694621149018,1.805657606368,1.909524061941,2.006220515742,
    2.095746967776,2.178103418053,2.253289866581,2.321306313375,
    2.382152758453),.UNSPECIFIED.);
#5920 = CARTESIAN_POINT('',(20.822663701636,-23.1637153491,-2.));
#5921 = CARTESIAN_POINT('',(20.80541369723,-23.1028086406,-2.));
#5922 = CARTESIAN_POINT('',(20.770533540024,-22.98358452747,-2.));
#5923 = CARTESIAN_POINT('',(20.716131379711,-22.80912430176,-2.));
#5924 = CARTESIAN_POINT('',(20.660915904765,-22.64245677642,-2.));
#5925 = CARTESIAN_POINT('',(20.605143665655,-22.48355503065,-2.));
#5926 = CARTESIAN_POINT('',(20.549071018081,-22.33238449401,-2.));
#5927 = CARTESIAN_POINT('',(20.492952623617,-22.18890424099,-2.));
#5928 = CARTESIAN_POINT('',(20.437041635225,-22.05306671449,-2.));
#5929 = CARTESIAN_POINT('',(20.381589459974,-21.92481784889,-2.));
#5930 = CARTESIAN_POINT('',(20.326845629075,-21.80409709707,-2.));
#5931 = CARTESIAN_POINT('',(20.273057642776,-21.69083748527,-2.));
#5932 = CARTESIAN_POINT('',(20.220470821876,-21.58496566619,-2.));
#5933 = CARTESIAN_POINT('',(20.16932816298,-21.48640197303,-2.));
#5934 = CARTESIAN_POINT('',(20.119870181417,-21.39506048946,-2.));
#5935 = CARTESIAN_POINT('',(20.072334802944,-21.31084907852,-2.));
#5936 = CARTESIAN_POINT('',(20.026957097547,-21.23366956379,-2.));
#5937 = CARTESIAN_POINT('',(19.983969544995,-21.16341741751,-2.));
#5938 = CARTESIAN_POINT('',(19.943600554017,-21.09998308745,-2.));
#5939 = CARTESIAN_POINT('',(19.906078680224,-21.04324799585,-2.));
#5940 = CARTESIAN_POINT('',(19.881751673502,-21.00784459237,-2.));
#5941 = CARTESIAN_POINT('',(19.870113487954,-20.99123297113,-2.));
#5942 = ORIENTED_EDGE('',*,*,#5943,.T.);
#5943 = EDGE_CURVE('',#5917,#5944,#5946,.T.);
#5944 = VERTEX_POINT('',#5945);
#5945 = CARTESIAN_POINT('',(20.473840977376,-20.40655550236,-2.));
#5946 = B_SPLINE_CURVE_WITH_KNOTS('',1,(#5947,#5948),.UNSPECIFIED.,.F.,
  .F.,(2,2),(0.,0.840437162419),.PIECEWISE_BEZIER_KNOTS.);
#5947 = CARTESIAN_POINT('',(19.870113487954,-20.99123297113,-2.));
#5948 = CARTESIAN_POINT('',(20.473840977376,-20.40655550236,-2.));
#5949 = ORIENTED_EDGE('',*,*,#5950,.T.);
#5950 = EDGE_CURVE('',#5944,#5951,#5953,.T.);
#5951 = VERTEX_POINT('',#5952);
#5952 = CARTESIAN_POINT('',(22.614676432032,-21.42824779863,-2.));
#5953 = B_SPLINE_CURVE_WITH_KNOTS('',3,(#5954,#5955,#5956,#5957,#5958,
    #5959,#5960,#5961,#5962,#5963,#5964,#5965,#5966,#5967,#5968,#5969,
    #5970,#5971,#5972,#5973,#5974,#5975),.UNSPECIFIED.,.F.,.F.,(4,1,1,1,
    1,1,1,1,1,1,1,1,1,1,1,1,1,1,1,4),(0.,6.084644507817E-02,
    0.128862891872,0.204049340401,0.286405790677,0.375932242711,
    0.472628696512,0.576495152085,0.687531609436,0.805738068568,
    0.931114529486,1.063660992193,1.20337745669,1.350263922979,
    1.504320391064,1.665546860944,1.833943332622,2.009509806099,
    2.192246281376,2.382152758453),.UNSPECIFIED.);
#5954 = CARTESIAN_POINT('',(20.473840977376,-20.40655550236,-2.));
#5955 = CARTESIAN_POINT('',(20.490071041626,-20.41872013706,-2.));
#5956 = CARTESIAN_POINT('',(20.524676536471,-20.4441693799,-2.));
#5957 = CARTESIAN_POINT('',(20.580179843245,-20.48349042475,-2.));
#5958 = CARTESIAN_POINT('',(20.64228769193,-20.52587184514,-2.));
#5959 = CARTESIAN_POINT('',(20.711125924922,-20.5710890035,-2.));
#5960 = CARTESIAN_POINT('',(20.78681135902,-20.61891711977,-2.));
#5961 = CARTESIAN_POINT('',(20.869455919628,-20.66912718391,-2.));
#5962 = CARTESIAN_POINT('',(20.959165267094,-20.72148739341,-2.));
#5963 = CARTESIAN_POINT('',(21.05603911693,-20.77576289789,-2.));
#5964 = CARTESIAN_POINT('',(21.160171050209,-20.83171605936,-2.));
#5965 = CARTESIAN_POINT('',(21.271648481243,-20.88910655949,-2.));
#5966 = CARTESIAN_POINT('',(21.390552582556,-20.94769155444,-2.));
#5967 = CARTESIAN_POINT('',(21.516958226266,-21.00722581773,-2.));
#5968 = CARTESIAN_POINT('',(21.650933926263,-21.06746188697,-2.));
#5969 = CARTESIAN_POINT('',(21.792541778384,-21.12815021718,-2.));
#5970 = CARTESIAN_POINT('',(21.94183742924,-21.18903930971,-2.));
#5971 = CARTESIAN_POINT('',(22.098869945616,-21.24987594558,-2.));
#5972 = CARTESIAN_POINT('',(22.2636820968,-21.31040500883,-2.));
#5973 = CARTESIAN_POINT('',(22.436309012612,-21.37037094365,-2.));
#5974 = CARTESIAN_POINT('',(22.554353906263,-21.40905450091,-2.));
#5975 = CARTESIAN_POINT('',(22.614676432032,-21.42824779863,-2.));
#5976 = ORIENTED_EDGE('',*,*,#5977,.T.);
#5977 = EDGE_CURVE('',#5951,#5978,#5980,.T.);
#5978 = VERTEX_POINT('',#5979);
#5979 = CARTESIAN_POINT('',(23.135151391363,-20.85514702485,-2.));
#5980 = B_SPLINE_CURVE_WITH_KNOTS('',1,(#5981,#5982),.UNSPECIFIED.,.F.,
  .F.,(2,2),(0.,0.774169671453),.PIECEWISE_BEZIER_KNOTS.);
#5981 = CARTESIAN_POINT('',(22.614676432032,-21.42824779863,-2.));
#5982 = CARTESIAN_POINT('',(23.135151391363,-20.85514702485,-2.));
#5983 = ORIENTED_EDGE('',*,*,#5984,.T.);
#5984 = EDGE_CURVE('',#5978,#5985,#5987,.T.);
#5985 = VERTEX_POINT('',#5986);
#5986 = CARTESIAN_POINT('',(21.912610721464,-18.82231011486,-2.));
#5987 = B_SPLINE_CURVE_WITH_KNOTS('',3,(#5988,#5989,#5990,#5991,#5992,
    #5993,#5994,#5995,#5996,#5997,#5998,#5999,#6000,#6001,#6002,#6003,
    #6004,#6005,#6006,#6007,#6008,#6009),.UNSPECIFIED.,.F.,.F.,(4,1,1,1,
    1,1,1,1,1,1,1,1,1,1,1,1,1,1,1,4),(0.,0.189906477077,0.372642952354,
    0.548209425831,0.716605897509,0.87783236739,1.031888835474,
    1.178775301764,1.318491766261,1.451038228967,1.576414689885,
    1.694621149018,1.805657606368,1.909524061941,2.006220515742,
    2.095746967776,2.178103418053,2.253289866581,2.321306313375,
    2.382152758453),.UNSPECIFIED.);
#5988 = CARTESIAN_POINT('',(23.135151391363,-20.85514702485,-2.));
#5989 = CARTESIAN_POINT('',(23.110254432244,-20.79694624119,-2.));
#5990 = CARTESIAN_POINT('',(23.060414599454,-20.68316133188,-2.));
#5991 = CARTESIAN_POINT('',(22.984149601635,-20.51709021606,-2.));
#5992 = CARTESIAN_POINT('',(22.90807447489,-20.35885182702,-2.));
#5993 = CARTESIAN_POINT('',(22.832440220857,-20.20838665803,-2.));
#5994 = CARTESIAN_POINT('',(22.757496669789,-20.06562764042,-2.));
#5995 = CARTESIAN_POINT('',(22.683491159052,-19.93050161929,-2.));
#5996 = CARTESIAN_POINT('',(22.610668681763,-19.80292905551,-2.));
#5997 = CARTESIAN_POINT('',(22.539271667183,-19.68282417811,-2.));
#5998 = CARTESIAN_POINT('',(22.469539855279,-19.57009502771,-2.));
#5999 = CARTESIAN_POINT('',(22.401710149913,-19.46464353077,-2.));
#6000 = CARTESIAN_POINT('',(22.336016478361,-19.36636557127,-2.));
#6001 = CARTESIAN_POINT('',(22.272689654661,-19.27515106272,-2.));
#6002 = CARTESIAN_POINT('',(22.211957232779,-19.19088403777,-2.));
#6003 = CARTESIAN_POINT('',(22.154043402894,-19.11344269063,-2.));
#6004 = CARTESIAN_POINT('',(22.099168750548,-19.04269959082,-2.));
#6005 = CARTESIAN_POINT('',(22.04755048014,-18.9785213399,-2.));
#6006 = CARTESIAN_POINT('',(21.999401115938,-18.9207700768,-2.));
#6007 = CARTESIAN_POINT('',(21.954932173729,-18.86929897024,-2.));
#6008 = CARTESIAN_POINT('',(21.926277604644,-18.83729709679,-2.));
#6009 = CARTESIAN_POINT('',(21.912610721464,-18.82231011486,-2.));
#6010 = ORIENTED_EDGE('',*,*,#6011,.T.);
#6011 = EDGE_CURVE('',#5985,#6012,#6014,.T.);
#6012 = VERTEX_POINT('',#6013);
#6013 = CARTESIAN_POINT('',(22.436614721335,-18.16522988225,-2.));
#6014 = B_SPLINE_CURVE_WITH_KNOTS('',1,(#6015,#6016),.UNSPECIFIED.,.F.,
  .F.,(2,2),(0.,0.840437162419),.PIECEWISE_BEZIER_KNOTS.);
#6015 = CARTESIAN_POINT('',(21.912610721464,-18.82231011486,-2.));
#6016 = CARTESIAN_POINT('',(22.436614721335,-18.16522988225,-2.));
#6017 = ORIENTED_EDGE('',*,*,#6018,.T.);
#6018 = EDGE_CURVE('',#6012,#6019,#6021,.T.);
#6019 = VERTEX_POINT('',#6020);
#6020 = CARTESIAN_POINT('',(24.690525057465,-18.90477013732,-2.));
#6021 = B_SPLINE_CURVE_WITH_KNOTS('',3,(#6022,#6023,#6024,#6025,#6026,
    #6027,#6028,#6029,#6030,#6031,#6032,#6033,#6034,#6035,#6036,#6037,
    #6038,#6039,#6040,#6041,#6042,#6043),.UNSPECIFIED.,.F.,.F.,(4,1,1,1,
    1,1,1,1,1,1,1,1,1,1,1,1,1,1,1,4),(0.,6.084644507817E-02,
    0.128862891872,0.204049340401,0.286405790677,0.375932242711,
    0.472628696512,0.576495152085,0.687531609436,0.805738068568,
    0.931114529486,1.063660992193,1.20337745669,1.350263922979,
    1.504320391064,1.665546860944,1.833943332622,2.009509806099,
    2.192246281376,2.382152758453),.UNSPECIFIED.);
#6022 = CARTESIAN_POINT('',(22.436614721335,-18.16522988225,-2.));
#6023 = CARTESIAN_POINT('',(22.45426711594,-18.17521919092,-2.));
#6024 = CARTESIAN_POINT('',(22.491842877092,-18.19603424336,-2.));
#6025 = CARTESIAN_POINT('',(22.551918766095,-18.22793485764,-2.));
#6026 = CARTESIAN_POINT('',(22.618936325949,-18.26202615175,-2.));
#6027 = CARTESIAN_POINT('',(22.692991639871,-18.29806924002,-2.));
#6028 = CARTESIAN_POINT('',(22.774171821358,-18.33582624962,-2.));
#6029 = CARTESIAN_POINT('',(22.862558591755,-18.37505573799,-2.));
#6030 = CARTESIAN_POINT('',(22.958227101695,-18.41551429416,-2.));
#6031 = CARTESIAN_POINT('',(23.061246216025,-18.45695624454,-2.));
#6032 = CARTESIAN_POINT('',(23.171678359047,-18.49913393526,-2.));
#6033 = CARTESIAN_POINT('',(23.289579496177,-18.54179784271,-2.));
#6034 = CARTESIAN_POINT('',(23.414999079334,-18.58469673667,-2.));
#6035 = CARTESIAN_POINT('',(23.547980007068,-18.62757782954,-2.));
#6036 = CARTESIAN_POINT('',(23.688558585987,-18.67018692924,-2.));
#6037 = CARTESIAN_POINT('',(23.836764491013,-18.71226859889,-2.));
#6038 = CARTESIAN_POINT('',(23.992620750971,-18.75356628873,-2.));
#6039 = CARTESIAN_POINT('',(24.15614364888,-18.79382258418,-2.));
#6040 = CARTESIAN_POINT('',(24.327342979387,-18.83277899455,-2.));
#6041 = CARTESIAN_POINT('',(24.50622090415,-18.87017756985,-2.));
#6042 = CARTESIAN_POINT('',(24.628243394362,-18.89344828968,-2.));
#6043 = CARTESIAN_POINT('',(24.690525057465,-18.90477013732,-2.));
#6044 = ORIENTED_EDGE('',*,*,#6045,.T.);
#6045 = EDGE_CURVE('',#6019,#6046,#6048,.T.);
#6046 = VERTEX_POINT('',#6047);
#6047 = CARTESIAN_POINT('',(25.133440424264,-18.26981765244,-2.));
#6048 = B_SPLINE_CURVE_WITH_KNOTS('',1,(#6049,#6050),.UNSPECIFIED.,.F.,
  .F.,(2,2),(0.,0.774169671453),.PIECEWISE_BEZIER_KNOTS.);
#6049 = CARTESIAN_POINT('',(24.690525057465,-18.90477013732,-2.));
#6050 = CARTESIAN_POINT('',(25.133440424264,-18.26981765244,-2.));
#6051 = ORIENTED_EDGE('',*,*,#6052,.T.);
#6052 = EDGE_CURVE('',#6046,#6053,#6055,.T.);
#6053 = VERTEX_POINT('',#6054);
#6054 = CARTESIAN_POINT('',(23.660983382148,-16.41000533629,-2.));
#6055 = B_SPLINE_CURVE_WITH_KNOTS('',3,(#6056,#6057,#6058,#6059,#6060,
    #6061,#6062,#6063,#6064,#6065,#6066,#6067,#6068,#6069,#6070,#6071,
    #6072,#6073,#6074,#6075,#6076,#6077),.UNSPECIFIED.,.F.,.F.,(4,1,1,1,
    1,1,1,1,1,1,1,1,1,1,1,1,1,1,1,4),(0.,0.189906477077,0.372642952354,
    0.548209425831,0.716605897509,0.87783236739,1.031888835474,
    1.178775301764,1.318491766261,1.451038228967,1.576414689885,
    1.694621149018,1.805657606368,1.909524061941,2.006220515742,
    2.095746967776,2.178103418053,2.253289866581,2.321306313375,
    2.382152758453),.UNSPECIFIED.);
#6056 = CARTESIAN_POINT('',(25.133440424264,-18.26981765244,-2.));
#6057 = CARTESIAN_POINT('',(25.101305317812,-18.21527844887,-2.));
#6058 = CARTESIAN_POINT('',(25.037324178116,-18.10880108845,-2.));
#6059 = CARTESIAN_POINT('',(24.940448611946,-17.95384596565,-2.));
#6060 = CARTESIAN_POINT('',(24.844762984879,-17.80663498288,-2.));
#6061 = CARTESIAN_POINT('',(24.750508628283,-17.66707702458,-2.));
#6062 = CARTESIAN_POINT('',(24.657924744757,-17.53507362513,-2.));
#6063 = CARTESIAN_POINT('',(24.567247286189,-17.41052060143,-2.));
#6064 = CARTESIAN_POINT('',(24.478709063067,-17.29330773834,-2.));
#6065 = CARTESIAN_POINT('',(24.392539546162,-17.1833189679,-2.));
#6066 = CARTESIAN_POINT('',(24.308964747678,-17.08043242844,-2.));
#6067 = CARTESIAN_POINT('',(24.228207085132,-16.98452055704,-2.));
#6068 = CARTESIAN_POINT('',(24.150485251198,-16.89545017849,-2.));
#6069 = CARTESIAN_POINT('',(24.076014087387,-16.81308259427,-2.));
#6070 = CARTESIAN_POINT('',(24.005004449875,-16.73727369016,-2.));
#6071 = CARTESIAN_POINT('',(23.937663112064,-16.6678739916,-2.));
#6072 = CARTESIAN_POINT('',(23.874192553043,-16.60472890645,-2.));
#6073 = CARTESIAN_POINT('',(23.814791135351,-16.54767835599,-2.));
#6074 = CARTESIAN_POINT('',(23.759652009155,-16.49655843399,-2.));
#6075 = CARTESIAN_POINT('',(23.708966177332,-16.45119646663,-2.));
#6076 = CARTESIAN_POINT('',(23.676454553116,-16.42312159307,-2.));
#6077 = CARTESIAN_POINT('',(23.660983382148,-16.41000533629,-2.));
#6078 = ORIENTED_EDGE('',*,*,#6079,.T.);
#6079 = EDGE_CURVE('',#6053,#6080,#6082,.T.);
#6080 = VERTEX_POINT('',#6081);
#6081 = CARTESIAN_POINT('',(24.096659761278,-15.69131157909,-2.));
#6082 = B_SPLINE_CURVE_WITH_KNOTS('',1,(#6083,#6084),.UNSPECIFIED.,.F.,
  .F.,(2,2),(0.,0.840437162419),.PIECEWISE_BEZIER_KNOTS.);
#6083 = CARTESIAN_POINT('',(23.660983382148,-16.41000533629,-2.));
#6084 = CARTESIAN_POINT('',(24.096659761278,-15.69131157909,-2.));
#6085 = ORIENTED_EDGE('',*,*,#6086,.T.);
#6086 = EDGE_CURVE('',#6080,#6087,#6089,.T.);
#6087 = VERTEX_POINT('',#6088);
#6088 = CARTESIAN_POINT('',(26.426635833474,-16.13655656241,-2.));
#6089 = B_SPLINE_CURVE_WITH_KNOTS('',3,(#6090,#6091,#6092,#6093,#6094,
    #6095,#6096,#6097,#6098,#6099,#6100,#6101,#6102,#6103,#6104,#6105,
    #6106,#6107,#6108,#6109,#6110,#6111),.UNSPECIFIED.,.F.,.F.,(4,1,1,1,
    1,1,1,1,1,1,1,1,1,1,1,1,1,1,1,4),(0.,6.084644507817E-02,
    0.128862891872,0.204049340401,0.286405790677,0.375932242711,
    0.472628696512,0.576495152085,0.687531609436,0.805738068568,
    0.931114529486,1.063660992193,1.20337745669,1.350263922979,
    1.504320391064,1.665546860944,1.833943332622,2.009509806099,
    2.192246281376,2.382152758453),.UNSPECIFIED.);
#6090 = CARTESIAN_POINT('',(24.096659761278,-15.69131157909,-2.));
#6091 = CARTESIAN_POINT('',(24.115444634407,-15.69896153755,-2.));
#6092 = CARTESIAN_POINT('',(24.155373668906,-15.71480061702,-2.));
#6093 = CARTESIAN_POINT('',(24.219035695701,-15.73875699353,-2.));
#6094 = CARTESIAN_POINT('',(24.289862540244,-15.76399838325,-2.));
#6095 = CARTESIAN_POINT('',(24.367918948888,-15.7902755749,-2.));
#6096 = CARTESIAN_POINT('',(24.453260901429,-15.81734150879,-2.));
#6097 = CARTESIAN_POINT('',(24.545938573289,-15.84494627426,-2.));
#6098 = CARTESIAN_POINT('',(24.645995371414,-15.87283884874,-2.));
#6099 = CARTESIAN_POINT('',(24.753468179229,-15.90076676934,-2.));
#6100 = CARTESIAN_POINT('',(24.868387239259,-15.92847643279,-2.));
#6101 = CARTESIAN_POINT('',(24.990776149074,-15.95571320737,-2.));
#6102 = CARTESIAN_POINT('',(25.120651827985,-15.98222160169,-2.));
#6103 = CARTESIAN_POINT('',(25.258024496588,-16.00774541779,-2.));
#6104 = CARTESIAN_POINT('',(25.402897658049,-16.0320279077,-2.));
#6105 = CARTESIAN_POINT('',(25.555268079117,-16.05481193695,-2.));
#6106 = CARTESIAN_POINT('',(25.715125792697,-16.07584011718,-2.));
#6107 = CARTESIAN_POINT('',(25.882454030675,-16.09485506494,-2.));
#6108 = CARTESIAN_POINT('',(26.057229452233,-16.11159915925,-2.));
#6109 = CARTESIAN_POINT('',(26.239421215366,-16.12581629145,-2.));
#6110 = CARTESIAN_POINT('',(26.363417696224,-16.13329206929,-2.));
#6111 = CARTESIAN_POINT('',(26.426635833474,-16.13655656241,-2.));
#6112 = ORIENTED_EDGE('',*,*,#6113,.T.);
#6113 = EDGE_CURVE('',#6087,#6114,#6116,.T.);
#6114 = VERTEX_POINT('',#6115);
#6115 = CARTESIAN_POINT('',(26.784718949664,-15.45017826869,-2.));
#6116 = B_SPLINE_CURVE_WITH_KNOTS('',1,(#6117,#6118),.UNSPECIFIED.,.F.,
  .F.,(2,2),(0.,0.774169671453),.PIECEWISE_BEZIER_KNOTS.);
#6117 = CARTESIAN_POINT('',(26.426635833474,-16.13655656241,-2.));
#6118 = CARTESIAN_POINT('',(26.784718949664,-15.45017826869,-2.));
#6119 = ORIENTED_EDGE('',*,*,#6120,.T.);
#6120 = EDGE_CURVE('',#6114,#6121,#6123,.T.);
#6121 = VERTEX_POINT('',#6122);
#6122 = CARTESIAN_POINT('',(25.086523239254,-13.79392861319,-2.));
#6123 = B_SPLINE_CURVE_WITH_KNOTS('',3,(#6124,#6125,#6126,#6127,#6128,
    #6129,#6130,#6131,#6132,#6133,#6134,#6135,#6136,#6137,#6138,#6139,
    #6140,#6141,#6142,#6143,#6144,#6145),.UNSPECIFIED.,.F.,.F.,(4,1,1,1,
    1,1,1,1,1,1,1,1,1,1,1,1,1,1,1,4),(0.,0.189906477077,0.372642952354,
    0.548209425831,0.716605897509,0.87783236739,1.031888835474,
    1.178775301764,1.318491766261,1.451038228967,1.576414689885,
    1.694621149018,1.805657606368,1.909524061941,2.006220515742,
    2.095746967776,2.178103418053,2.253289866581,2.321306313375,
    2.382152758453),.UNSPECIFIED.);
#6124 = CARTESIAN_POINT('',(26.784718949664,-15.45017826869,-2.));
#6125 = CARTESIAN_POINT('',(26.745873353439,-15.40019617743,-2.));
#6126 = CARTESIAN_POINT('',(26.66880147538,-15.30277472121,-2.));
#6127 = CARTESIAN_POINT('',(26.552906034978,-15.16147995027,-2.));
#6128 = CARTESIAN_POINT('',(26.439181062942,-15.02771357403,-2.));
#6129 = CARTESIAN_POINT('',(26.327854257711,-14.90135436424,-2.));
#6130 = CARTESIAN_POINT('',(26.219150266535,-14.78227407512,-2.));
#6131 = CARTESIAN_POINT('',(26.113289781499,-14.67033920605,-2.));
#6132 = CARTESIAN_POINT('',(26.010489607719,-14.56541067562,-2.));
#6133 = CARTESIAN_POINT('',(25.910962489576,-14.4673440247,-2.));
#6134 = CARTESIAN_POINT('',(25.814917000391,-14.37598949034,-2.));
#6135 = CARTESIAN_POINT('',(25.722557419252,-14.29119211474,-2.));
#6136 = CARTESIAN_POINT('',(25.6340836133,-14.21279185029,-2.));
#6137 = CARTESIAN_POINT('',(25.54969092383,-14.14062366386,-2.));
#6138 = CARTESIAN_POINT('',(25.469570046973,-14.0745176607,-2.));
#6139 = CARTESIAN_POINT('',(25.39390694414,-14.01429915185,-2.));
#6140 = CARTESIAN_POINT('',(25.322882663269,-13.95978892192,-2.));
#6141 = CARTESIAN_POINT('',(25.25667346793,-13.91080284038,-2.));
#6142 = CARTESIAN_POINT('',(25.195449962666,-13.86715364719,-2.));
#6143 = CARTESIAN_POINT('',(25.139379501187,-13.82864566126,-2.));
#6144 = CARTESIAN_POINT('',(25.103544661812,-13.80495877625,-2.));
#6145 = CARTESIAN_POINT('',(25.086523239254,-13.79392861319,-2.));
#6146 = ORIENTED_EDGE('',*,*,#6147,.T.);
#6147 = EDGE_CURVE('',#6121,#6148,#6150,.T.);
#6148 = VERTEX_POINT('',#6149);
#6149 = CARTESIAN_POINT('',(25.426718203542,-13.02542226302,-2.));
#6150 = B_SPLINE_CURVE_WITH_KNOTS('',1,(#6151,#6152),.UNSPECIFIED.,.F.,
  .F.,(2,2),(0.,0.840437162419),.PIECEWISE_BEZIER_KNOTS.);
#6151 = CARTESIAN_POINT('',(25.086523239254,-13.79392861319,-2.));
#6152 = CARTESIAN_POINT('',(25.426718203542,-13.02542226302,-2.));
#6153 = ORIENTED_EDGE('',*,*,#6154,.T.);
#6154 = EDGE_CURVE('',#6148,#6155,#6157,.T.);
#6155 = VERTEX_POINT('',#6156);
#6156 = CARTESIAN_POINT('',(27.794501869115,-13.16906106428,-2.));
#6157 = B_SPLINE_CURVE_WITH_KNOTS('',3,(#6158,#6159,#6160,#6161,#6162,
    #6163,#6164,#6165,#6166,#6167,#6168,#6169,#6170,#6171,#6172,#6173,
    #6174,#6175,#6176,#6177,#6178,#6179),.UNSPECIFIED.,.F.,.F.,(4,1,1,1,
    1,1,1,1,1,1,1,1,1,1,1,1,1,1,1,4),(0.,6.084644507817E-02,
    0.128862891872,0.204049340401,0.286405790677,0.375932242711,
    0.472628696512,0.576495152085,0.687531609436,0.805738068568,
    0.931114529486,1.063660992193,1.20337745669,1.350263922979,
    1.504320391064,1.665546860944,1.833943332622,2.009509806099,
    2.192246281376,2.382152758453),.UNSPECIFIED.);
#6158 = CARTESIAN_POINT('',(25.426718203542,-13.02542226302,-2.));
#6159 = CARTESIAN_POINT('',(25.446327108099,-13.03060725918,-2.));
#6160 = CARTESIAN_POINT('',(25.487953782302,-13.04121028842,-2.));
#6161 = CARTESIAN_POINT('',(25.554156618169,-13.05682906411,-2.));
#6162 = CARTESIAN_POINT('',(25.627629772572,-13.07280608652,-2.));
#6163 = CARTESIAN_POINT('',(25.708405591866,-13.08888591081,-2.));
#6164 = CARTESIAN_POINT('',(25.796508002959,-13.10481634709,-2.));
#6165 = CARTESIAN_POINT('',(25.891954811473,-13.12034312019,-2.));
#6166 = CARTESIAN_POINT('',(25.994756967924,-13.13521171766,-2.));
#6167 = CARTESIAN_POINT('',(26.104918768691,-13.1491670328,-2.));
#6168 = CARTESIAN_POINT('',(26.222437777939,-13.16195367708,-2.));
#6169 = CARTESIAN_POINT('',(26.347304837925,-13.17331609171,-2.));
#6170 = CARTESIAN_POINT('',(26.479504057534,-13.18299871929,-2.));
#6171 = CARTESIAN_POINT('',(26.619012811583,-13.19074615825,-2.));
#6172 = CARTESIAN_POINT('',(26.76580174228,-13.19630332057,-2.));
#6173 = CARTESIAN_POINT('',(26.919834761289,-13.19941559628,-2.));
#6174 = CARTESIAN_POINT('',(27.081069069253,-13.19982898475,-2.));
#6175 = CARTESIAN_POINT('',(27.24945512226,-13.19729035991,-2.));
#6176 = CARTESIAN_POINT('',(27.424936827278,-13.1915472006,-2.));
#6177 = CARTESIAN_POINT('',(27.607450845069,-13.18234944479,-2.));
#6178 = CARTESIAN_POINT('',(27.731385297783,-13.17390752857,-2.));
#6179 = CARTESIAN_POINT('',(27.794501869115,-13.16906106428,-2.));
#6180 = ORIENTED_EDGE('',*,*,#6181,.T.);
#6181 = EDGE_CURVE('',#6155,#6182,#6184,.T.);
#6182 = VERTEX_POINT('',#6183);
#6183 = CARTESIAN_POINT('',(28.061873019828,-12.44252727432,-2.));
#6184 = B_SPLINE_CURVE_WITH_KNOTS('',1,(#6185,#6186),.UNSPECIFIED.,.F.,
  .F.,(2,2),(0.,0.774169671453),.PIECEWISE_BEZIER_KNOTS.);
#6185 = CARTESIAN_POINT('',(27.794501869115,-13.16906106428,-2.));
#6186 = CARTESIAN_POINT('',(28.061873019828,-12.44252727432,-2.));
#6187 = ORIENTED_EDGE('',*,*,#6188,.T.);
#6188 = EDGE_CURVE('',#6182,#6189,#6191,.T.);
#6189 = VERTEX_POINT('',#6190);
#6190 = CARTESIAN_POINT('',(26.16582296774,-11.01703585303,-2.));
#6191 = B_SPLINE_CURVE_WITH_KNOTS('',3,(#6192,#6193,#6194,#6195,#6196,
    #6197,#6198,#6199,#6200,#6201,#6202,#6203,#6204,#6205,#6206,#6207,
    #6208,#6209,#6210,#6211,#6212,#6213),.UNSPECIFIED.,.F.,.F.,(4,1,1,1,
    1,1,1,1,1,1,1,1,1,1,1,1,1,1,1,4),(0.,0.189906477077,0.372642952354,
    0.548209425831,0.716605897509,0.87783236739,1.031888835474,
    1.178775301764,1.318491766261,1.451038228967,1.576414689885,
    1.694621149018,1.805657606368,1.909524061941,2.006220515742,
    2.095746967776,2.178103418053,2.253289866581,2.321306313375,
    2.382152758453),.UNSPECIFIED.);
#6192 = CARTESIAN_POINT('',(28.061873019828,-12.44252727432,-2.));
#6193 = CARTESIAN_POINT('',(28.016954777445,-12.39792299993,-2.));
#6194 = CARTESIAN_POINT('',(27.928057679132,-12.31115710553,-2.));
#6195 = CARTESIAN_POINT('',(27.795045364424,-12.18584274267,-2.));
#6196 = CARTESIAN_POINT('',(27.665148408315,-12.06771741318,-2.));
#6197 = CARTESIAN_POINT('',(27.538577137515,-11.95663176662,-2.));
#6198 = CARTESIAN_POINT('',(27.415537955219,-11.85242988288,-2.));
#6199 = CARTESIAN_POINT('',(27.296232669951,-11.7549511359,-2.));
#6200 = CARTESIAN_POINT('',(27.180858521526,-11.6640298617,-2.));
#6201 = CARTESIAN_POINT('',(27.069608034672,-11.57949558201,-2.));
#6202 = CARTESIAN_POINT('',(26.962668919064,-11.50117309166,-2.));
#6203 = CARTESIAN_POINT('',(26.8602239611,-11.42888258244,-2.));
#6204 = CARTESIAN_POINT('',(26.762450920578,-11.36243976226,-2.));
#6205 = CARTESIAN_POINT('',(26.669522431077,-11.30165597323,-2.));
#6206 = CARTESIAN_POINT('',(26.581605897457,-11.24633832977,-2.));
#6207 = CARTESIAN_POINT('',(26.498863415661,-11.19628979688,-2.));
#6208 = CARTESIAN_POINT('',(26.421451629667,-11.15130947863,-2.));
#6209 = CARTESIAN_POINT('',(26.349521809838,-11.11119221613,-2.));
#6210 = CARTESIAN_POINT('',(26.283219213771,-11.07573047029,-2.));
#6211 = CARTESIAN_POINT('',(26.222684798062,-11.04470876586,-2.));
#6212 = CARTESIAN_POINT('',(26.184115150599,-11.0257988074,-2.));
#6213 = CARTESIAN_POINT('',(26.16582296774,-11.01703585303,-2.));
#6214 = ORIENTED_EDGE('',*,*,#6215,.T.);
#6215 = EDGE_CURVE('',#6189,#6216,#6218,.T.);
#6216 = VERTEX_POINT('',#6217);
#6217 = CARTESIAN_POINT('',(26.404950525279,-10.21133576292,-2.));
#6218 = B_SPLINE_CURVE_WITH_KNOTS('',1,(#6219,#6220),.UNSPECIFIED.,.F.,
  .F.,(2,2),(0.,0.840437162419),.PIECEWISE_BEZIER_KNOTS.);
#6219 = CARTESIAN_POINT('',(26.16582296774,-11.01703585303,-2.));
#6220 = CARTESIAN_POINT('',(26.404950525279,-10.21133576292,-2.));
#6221 = ORIENTED_EDGE('',*,*,#6222,.T.);
#6222 = EDGE_CURVE('',#6216,#6223,#6225,.T.);
#6223 = VERTEX_POINT('',#6224);
#6224 = CARTESIAN_POINT('',(28.7716628419,-10.05100983697,-2.));
#6225 = B_SPLINE_CURVE_WITH_KNOTS('',3,(#6226,#6227,#6228,#6229,#6230,
    #6231,#6232,#6233,#6234,#6235,#6236,#6237,#6238,#6239,#6240,#6241,
    #6242,#6243,#6244,#6245,#6246,#6247),.UNSPECIFIED.,.F.,.F.,(4,1,1,1,
    1,1,1,1,1,1,1,1,1,1,1,1,1,1,1,4),(0.,6.084644507817E-02,
    0.128862891872,0.204049340401,0.286405790677,0.375932242711,
    0.472628696512,0.576495152085,0.687531609436,0.805738068568,
    0.931114529486,1.063660992193,1.20337745669,1.350263922979,
    1.504320391064,1.665546860944,1.833943332622,2.009509806099,
    2.192246281376,2.382152758453),.UNSPECIFIED.);
#6226 = CARTESIAN_POINT('',(26.404950525279,-10.21133576292,-2.));
#6227 = CARTESIAN_POINT('',(26.425061483591,-10.21397065927,-2.));
#6228 = CARTESIAN_POINT('',(26.467702288659,-10.21916353684,-2.));
#6229 = CARTESIAN_POINT('',(26.535358884864,-10.22618825186,-2.));
#6230 = CARTESIAN_POINT('',(26.610271921963,-10.23263856469,-2.));
#6231 = CARTESIAN_POINT('',(26.692440815186,-10.23825699134,-2.));
#6232 = CARTESIAN_POINT('',(26.781857045678,-10.24279035268,-2.));
#6233 = CARTESIAN_POINT('',(26.878505756888,-10.24598418423,-2.));
#6234 = CARTESIAN_POINT('',(26.982365263099,-10.24758466274,-2.));
#6235 = CARTESIAN_POINT('',(27.093407203095,-10.24733822653,-2.));
#6236 = CARTESIAN_POINT('',(27.211596502679,-10.24499189528,-2.));
#6237 = CARTESIAN_POINT('',(27.336891399161,-10.24029337943,-2.));
#6238 = CARTESIAN_POINT('',(27.469243451937,-10.23299125179,-2.));
#6239 = CARTESIAN_POINT('',(27.608597561548,-10.22283510089,-2.));
#6240 = CARTESIAN_POINT('',(27.754891991298,-10.20957568715,-2.));
#6241 = CARTESIAN_POINT('',(27.908058390334,-10.19296510584,-2.));
#6242 = CARTESIAN_POINT('',(28.068021829803,-10.17275691474,-2.));
#6243 = CARTESIAN_POINT('',(28.234700803503,-10.14870640144,-2.));
#6244 = CARTESIAN_POINT('',(28.408007387237,-10.12057029102,-2.));
#6245 = CARTESIAN_POINT('',(28.587846784558,-10.08810867411,-2.));
#6246 = CARTESIAN_POINT('',(28.709684208843,-10.06388767985,-2.));
#6247 = CARTESIAN_POINT('',(28.7716628419,-10.05100983697,-2.));
#6248 = ORIENTED_EDGE('',*,*,#6249,.T.);
#6249 = EDGE_CURVE('',#6223,#6250,#6252,.T.);
#6250 = VERTEX_POINT('',#6251);
#6251 = CARTESIAN_POINT('',(28.943931800233,-9.296250215514,-2.));
#6252 = B_SPLINE_CURVE_WITH_KNOTS('',1,(#6253,#6254),.UNSPECIFIED.,.F.,
  .F.,(2,2),(0.,0.774169671453),.PIECEWISE_BEZIER_KNOTS.);
#6253 = CARTESIAN_POINT('',(28.7716628419,-10.05100983697,-2.));
#6254 = CARTESIAN_POINT('',(28.943931800233,-9.296250215514,-2.));
#6255 = ORIENTED_EDGE('',*,*,#6256,.T.);
#6256 = EDGE_CURVE('',#6250,#6257,#6259,.T.);
#6257 = VERTEX_POINT('',#6258);
#6258 = CARTESIAN_POINT('',(26.881160495904,-8.124923558165,-2.));
#6259 = B_SPLINE_CURVE_WITH_KNOTS('',3,(#6260,#6261,#6262,#6263,#6264,
    #6265,#6266,#6267,#6268,#6269,#6270,#6271,#6272,#6273,#6274,#6275,
    #6276,#6277,#6278,#6279,#6280,#6281),.UNSPECIFIED.,.F.,.F.,(4,1,1,1,
    1,1,1,1,1,1,1,1,1,1,1,1,1,1,1,4),(0.,0.189906477077,0.372642952354,
    0.548209425831,0.716605897509,0.87783236739,1.031888835474,
    1.178775301764,1.318491766261,1.451038228967,1.576414689885,
    1.694621149018,1.805657606368,1.909524061941,2.006220515742,
    2.095746967776,2.178103418053,2.253289866581,2.321306313375,
    2.382152758453),.UNSPECIFIED.);
#6260 = CARTESIAN_POINT('',(28.943931800233,-9.296250215514,-2.));
#6261 = CARTESIAN_POINT('',(28.893678467991,-9.257756158943,-2.));
#6262 = CARTESIAN_POINT('',(28.794415837319,-9.183070519953,-2.));
#6263 = CARTESIAN_POINT('',(28.646470706836,-9.075794223558,-2.));
#6264 = CARTESIAN_POINT('',(28.502534671082,-8.975249555442,-2.));
#6265 = CARTESIAN_POINT('',(28.36279723148,-8.881261495367,-2.));
#6266 = CARTESIAN_POINT('',(28.227443158035,-8.793649009063,-2.));
#6267 = CARTESIAN_POINT('',(28.096652062022,-8.712226982504,-2.));
#6268 = CARTESIAN_POINT('',(27.970598379278,-8.636805889334,-2.));
#6269 = CARTESIAN_POINT('',(27.849451253633,-8.567192031412,-2.));
#6270 = CARTESIAN_POINT('',(27.733374448923,-8.5031876382,-2.));
#6271 = CARTESIAN_POINT('',(27.622526257512,-8.444591003514,-2.));
#6272 = CARTESIAN_POINT('',(27.517059413042,-8.391196616881,-2.));
#6273 = CARTESIAN_POINT('',(27.417121006739,-8.342795293401,-2.));
#6274 = CARTESIAN_POINT('',(27.322852403408,-8.299174323814,-2.));
#6275 = CARTESIAN_POINT('',(27.23438917191,-8.260117562408,-2.));
#6276 = CARTESIAN_POINT('',(27.15186098018,-8.225405731424,-2.));
#6277 = CARTESIAN_POINT('',(27.075391621514,-8.194816012289,-2.));
#6278 = CARTESIAN_POINT('',(27.005098621438,-8.168123994693,-2.));
#6279 = CARTESIAN_POINT('',(26.941094224932,-8.145097947291,-2.));
#6280 = CARTESIAN_POINT('',(26.900423081926,-8.131275416375,-2.));
#6281 = CARTESIAN_POINT('',(26.881160495904,-8.124923558165,-2.));
#6282 = ORIENTED_EDGE('',*,*,#6283,.T.);
#6283 = EDGE_CURVE('',#6257,#6284,#6286,.T.);
#6284 = VERTEX_POINT('',#6285);
#6285 = CARTESIAN_POINT('',(27.015294178808,-7.29525930132,-2.));
#6286 = B_SPLINE_CURVE_WITH_KNOTS('',1,(#6287,#6288),.UNSPECIFIED.,.F.,
  .F.,(2,2),(0.,0.840437162419),.PIECEWISE_BEZIER_KNOTS.);
#6287 = CARTESIAN_POINT('',(26.881160495904,-8.124923558165,-2.));
#6288 = CARTESIAN_POINT('',(27.015294178808,-7.29525930132,-2.));
#6289 = ORIENTED_EDGE('',*,*,#6290,.T.);
#6290 = EDGE_CURVE('',#6284,#6291,#6293,.T.);
#6291 = VERTEX_POINT('',#6292);
#6292 = CARTESIAN_POINT('',(29.342073795671,-6.833601195434,-2.));
#6293 = B_SPLINE_CURVE_WITH_KNOTS('',3,(#6294,#6295,#6296,#6297,#6298,
    #6299,#6300,#6301,#6302,#6303,#6304,#6305,#6306,#6307,#6308,#6309,
    #6310,#6311,#6312,#6313,#6314,#6315),.UNSPECIFIED.,.F.,.F.,(4,1,1,1,
    1,1,1,1,1,1,1,1,1,1,1,1,1,1,1,4),(0.,6.084644507817E-02,
    0.128862891872,0.204049340401,0.286405790677,0.375932242711,
    0.472628696512,0.576495152085,0.687531609436,0.805738068568,
    0.931114529486,1.063660992193,1.20337745669,1.350263922979,
    1.504320391064,1.665546860944,1.833943332622,2.009509806099,
    2.192246281376,2.382152758453),.UNSPECIFIED.);
#6294 = CARTESIAN_POINT('',(27.015294178808,-7.29525930132,-2.));
#6295 = CARTESIAN_POINT('',(27.035576969497,-7.295300832938,-2.));
#6296 = CARTESIAN_POINT('',(27.078531744589,-7.294998291931,-2.));
#6297 = CARTESIAN_POINT('',(27.146531181692,-7.293313600643,-2.));
#6298 = CARTESIAN_POINT('',(27.221654031489,-7.290131289937,-2.));
#6299 = CARTESIAN_POINT('',(27.303866787688,-7.285196064536,-2.));
#6300 = CARTESIAN_POINT('',(27.393128625545,-7.278257913284,-2.));
#6301 = CARTESIAN_POINT('',(27.489392270286,-7.26906636065,-2.));
#6302 = CARTESIAN_POINT('',(27.592603756035,-7.257372440384,-2.));
#6303 = CARTESIAN_POINT('',(27.702702529676,-7.242928299295,-2.));
#6304 = CARTESIAN_POINT('',(27.819621454564,-7.225487519224,-2.));
#6305 = CARTESIAN_POINT('',(27.943286848806,-7.204805222386,-2.));
#6306 = CARTESIAN_POINT('',(28.073618517701,-7.18063824026,-2.));
#6307 = CARTESIAN_POINT('',(28.210529792248,-7.152745263209,-2.));
#6308 = CARTESIAN_POINT('',(28.353927570558,-7.120886992635,-2.));
#6309 = CARTESIAN_POINT('',(28.503712361584,-7.084826299594,-2.));
#6310 = CARTESIAN_POINT('',(28.659778337304,-7.044328346843,-2.));
#6311 = CARTESIAN_POINT('',(28.822013367557,-6.999160853862,-2.));
#6312 = CARTESIAN_POINT('',(28.990299140693,-6.949093786491,-2.));
#6313 = CARTESIAN_POINT('',(29.164510959613,-6.893901327312,-2.));
#6314 = CARTESIAN_POINT('',(29.28225078833,-6.854298963076,-2.));
#6315 = CARTESIAN_POINT('',(29.342073795671,-6.833601195434,-2.));
#6316 = ORIENTED_EDGE('',*,*,#6317,.T.);
#6317 = EDGE_CURVE('',#6291,#6318,#6320,.T.);
#6318 = VERTEX_POINT('',#6319);
#6319 = CARTESIAN_POINT('',(29.41641191009,-6.063008874591,-2.));
#6320 = B_SPLINE_CURVE_WITH_KNOTS('',1,(#6321,#6322),.UNSPECIFIED.,.F.,
  .F.,(2,2),(0.,0.774169671453),.PIECEWISE_BEZIER_KNOTS.);
#6321 = CARTESIAN_POINT('',(29.342073795671,-6.833601195434,-2.));
#6322 = CARTESIAN_POINT('',(29.41641191009,-6.063008874591,-2.));
#6323 = ORIENTED_EDGE('',*,*,#6324,.T.);
#6324 = EDGE_CURVE('',#6318,#6325,#6327,.T.);
#6325 = VERTEX_POINT('',#6326);
#6326 = CARTESIAN_POINT('',(27.220790001308,-5.165080132509,-2.));
#6327 = B_SPLINE_CURVE_WITH_KNOTS('',3,(#6328,#6329,#6330,#6331,#6332,
    #6333,#6334,#6335,#6336,#6337,#6338,#6339,#6340,#6341,#6342,#6343,
    #6344,#6345,#6346,#6347,#6348,#6349),.UNSPECIFIED.,.F.,.F.,(4,1,1,1,
    1,1,1,1,1,1,1,1,1,1,1,1,1,1,1,4),(0.,0.189906477077,0.372642952354,
    0.548209425831,0.716605897509,0.87783236739,1.031888835474,
    1.178775301764,1.318491766261,1.451038228967,1.576414689885,
    1.694621149018,1.805657606368,1.909524061941,2.006220515742,
    2.095746967776,2.178103418053,2.253289866581,2.321306313375,
    2.382152758453),.UNSPECIFIED.);
#6328 = CARTESIAN_POINT('',(29.41641191009,-6.063008874591,-2.));
#6329 = CARTESIAN_POINT('',(29.361648646315,-6.031257107184,-2.));
#6330 = CARTESIAN_POINT('',(29.253650372936,-5.969878059729,-2.));
#6331 = CARTESIAN_POINT('',(29.09320168163,-5.882401303616,-2.));
#6332 = CARTESIAN_POINT('',(28.937589991959,-5.801088237552,-2.));
#6333 = CARTESIAN_POINT('',(28.78698086845,-5.725741045308,-2.));
#6334 = CARTESIAN_POINT('',(28.641534414,-5.65615655104,-2.));
#6335 = CARTESIAN_POINT('',(28.501405093423,-5.592128192325,-2.));
#6336 = CARTESIAN_POINT('',(28.366741674346,-5.533445692457,-2.));
#6337 = CARTESIAN_POINT('',(28.237687142363,-5.47989531392,-2.));
#6338 = CARTESIAN_POINT('',(28.114378626476,-5.431259968215,-2.));
#6339 = CARTESIAN_POINT('',(27.996947325856,-5.387319363185,-2.));
#6340 = CARTESIAN_POINT('',(27.885518440108,-5.347850144451,-2.));
#6341 = CARTESIAN_POINT('',(27.780211102871,-5.312626034909,-2.));
#6342 = CARTESIAN_POINT('',(27.68113831769,-5.281417994309,-2.));
#6343 = CARTESIAN_POINT('',(27.588406900307,-5.253994315332,-2.));
#6344 = CARTESIAN_POINT('',(27.502117413467,-5.230120938918,-2.));
#6345 = CARTESIAN_POINT('',(27.422364140718,-5.209561045497,-2.));
#6346 = CARTESIAN_POINT('',(27.349234945752,-5.192077038332,-2.));
#6347 = CARTESIAN_POINT('',(27.28281151887,-5.177424735022,-2.));
#6348 = CARTESIAN_POINT('',(27.240706699365,-5.168916597223,-2.));
#6349 = CARTESIAN_POINT('',(27.220790001308,-5.165080132509,-2.));
#6350 = ORIENTED_EDGE('',*,*,#6351,.T.);
#6351 = EDGE_CURVE('',#6325,#6352,#6354,.T.);
#6352 = VERTEX_POINT('',#6353);
#6353 = CARTESIAN_POINT('',(27.247727338213,-4.325074773088,-2.));
#6354 = B_SPLINE_CURVE_WITH_KNOTS('',1,(#6355,#6356),.UNSPECIFIED.,.F.,
  .F.,(2,2),(0.,0.840437162419),.PIECEWISE_BEZIER_KNOTS.);
#6355 = CARTESIAN_POINT('',(27.220790001308,-5.165080132509,-2.));
#6356 = CARTESIAN_POINT('',(27.247727338213,-4.325074773088,-2.));
#6357 = ORIENTED_EDGE('',*,*,#6358,.T.);
#6358 = EDGE_CURVE('',#6352,#6359,#6361,.T.);
#6359 = VERTEX_POINT('',#6360);
#6360 = CARTESIAN_POINT('',(29.496368598336,-3.569664900599,-2.));
#6361 = B_SPLINE_CURVE_WITH_KNOTS('',3,(#6362,#6363,#6364,#6365,#6366,
    #6367,#6368,#6369,#6370,#6371,#6372,#6373,#6374,#6375,#6376,#6377,
    #6378,#6379,#6380,#6381,#6382,#6383),.UNSPECIFIED.,.F.,.F.,(4,1,1,1,
    1,1,1,1,1,1,1,1,1,1,1,1,1,1,1,4),(0.,6.084644507817E-02,
    0.128862891872,0.204049340401,0.286405790677,0.375932242711,
    0.472628696512,0.576495152085,0.687531609436,0.805738068568,
    0.931114529486,1.063660992193,1.20337745669,1.350263922979,
    1.504320391064,1.665546860944,1.833943332622,2.009509806099,
    2.192246281376,2.382152758453),.UNSPECIFIED.);
#6362 = CARTESIAN_POINT('',(27.247727338213,-4.325074773088,-2.));
#6363 = CARTESIAN_POINT('',(27.267848918416,-4.322522258027,-2.));
#6364 = CARTESIAN_POINT('',(27.310412347314,-4.316729266158,-2.));
#6365 = CARTESIAN_POINT('',(27.377638076438,-4.306362831149,-2.));
#6366 = CARTESIAN_POINT('',(27.451737223816,-4.29360015036,-2.));
#6367 = CARTESIAN_POINT('',(27.532643911806,-4.278192309175,-2.));
#6368 = CARTESIAN_POINT('',(27.620285680119,-4.259896569577,-2.));
#6369 = CARTESIAN_POINT('',(27.714583612004,-4.2384705578,-2.));
#6370 = CARTESIAN_POINT('',(27.81545234755,-4.213674252607,-2.));
#6371 = CARTESIAN_POINT('',(27.922800136015,-4.185269579039,-2.));
#6372 = CARTESIAN_POINT('',(28.036528880693,-4.153020727269,-2.));
#6373 = CARTESIAN_POINT('',(28.156534190342,-4.116694252188,-2.));
#6374 = CARTESIAN_POINT('',(28.282705432956,-4.076059236755,-2.));
#6375 = CARTESIAN_POINT('',(28.414925793095,-4.030887435468,-2.));
#6376 = CARTESIAN_POINT('',(28.553072332411,-3.980953419973,-2.));
#6377 = CARTESIAN_POINT('',(28.697016053298,-3.926034730784,-2.));
#6378 = CARTESIAN_POINT('',(28.846621966263,-3.865911991654,-2.));
#6379 = CARTESIAN_POINT('',(29.001749158357,-3.800369167972,-2.));
#6380 = CARTESIAN_POINT('',(29.162250873153,-3.729193243512,-2.));
#6381 = CARTESIAN_POINT('',(29.327974560422,-3.652176200724,-2.));
#6382 = CARTESIAN_POINT('',(29.439683508838,-3.597842736238,-2.));
#6383 = CARTESIAN_POINT('',(29.496368598336,-3.569664900599,-2.));
#6384 = ORIENTED_EDGE('',*,*,#6385,.T.);
#6385 = EDGE_CURVE('',#6359,#6386,#6388,.T.);
#6386 = VERTEX_POINT('',#6387);
#6387 = CARTESIAN_POINT('',(29.471555239058,-2.795892984981,-2.));
#6388 = B_SPLINE_CURVE_WITH_KNOTS('',1,(#6389,#6390),.UNSPECIFIED.,.F.,
  .F.,(2,2),(0.,0.774169671453),.PIECEWISE_BEZIER_KNOTS.);
#6389 = CARTESIAN_POINT('',(29.496368598336,-3.569664900599,-2.));
#6390 = CARTESIAN_POINT('',(29.471555239058,-2.795892984981,-2.));
#6391 = ORIENTED_EDGE('',*,*,#6392,.T.);
#6392 = EDGE_CURVE('',#6386,#6393,#6395,.T.);
#6393 = VERTEX_POINT('',#6394);
#6394 = CARTESIAN_POINT('',(27.179134776864,-2.186106123287,-2.));
#6395 = B_SPLINE_CURVE_WITH_KNOTS('',3,(#6396,#6397,#6398,#6399,#6400,
    #6401,#6402,#6403,#6404,#6405,#6406,#6407,#6408,#6409,#6410,#6411,
    #6412,#6413,#6414,#6415,#6416,#6417),.UNSPECIFIED.,.F.,.F.,(4,1,1,1,
    1,1,1,1,1,1,1,1,1,1,1,1,1,1,1,4),(0.,0.189906477077,0.372642952354,
    0.548209425831,0.716605897509,0.87783236739,1.031888835474,
    1.178775301764,1.318491766261,1.451038228967,1.576414689885,
    1.694621149018,1.805657606368,1.909524061941,2.006220515742,
    2.095746967776,2.178103418053,2.253289866581,2.321306313375,
    2.382152758453),.UNSPECIFIED.);
#6396 = CARTESIAN_POINT('',(29.471555239058,-2.795892984981,-2.));
#6397 = CARTESIAN_POINT('',(29.413181255027,-2.771404869882,-2.));
#6398 = CARTESIAN_POINT('',(29.298220667605,-2.724340256225,-2.));
#6399 = CARTESIAN_POINT('',(29.127902978551,-2.658099406311,-2.));
#6400 = CARTESIAN_POINT('',(28.963170774605,-2.597353100595,-2.));
#6401 = CARTESIAN_POINT('',(28.804162964833,-2.541883974996,-2.));
#6402 = CARTESIAN_POINT('',(28.651012356139,-2.491470048236,-2.));
#6403 = CARTESIAN_POINT('',(28.503845730567,-2.445886701246,-2.));
#6404 = CARTESIAN_POINT('',(28.362783744775,-2.404906359704,-2.));
#6405 = CARTESIAN_POINT('',(28.227940878302,-2.368298756288,-2.));
#6406 = CARTESIAN_POINT('',(28.099425373659,-2.335831049122,-2.));
#6407 = CARTESIAN_POINT('',(27.977339182541,-2.307267977268,-2.));
#6408 = CARTESIAN_POINT('',(27.861777914739,-2.282372009913,-2.));
#6409 = CARTESIAN_POINT('',(27.752830790134,-2.260903493214,-2.));
#6410 = CARTESIAN_POINT('',(27.650580595495,-2.242620816765,-2.));
#6411 = CARTESIAN_POINT('',(27.555103639537,-2.227280516267,-2.));
#6412 = CARTESIAN_POINT('',(27.466469728575,-2.214637594604,-2.));
#6413 = CARTESIAN_POINT('',(27.384742088278,-2.204445119777,-2.));
#6414 = CARTESIAN_POINT('',(27.30997747778,-2.196456209958,-2.));
#6415 = CARTESIAN_POINT('',(27.242225691355,-2.190418241155,-2.));
#6416 = CARTESIAN_POINT('',(27.199378555324,-2.187364199861,-2.));
#6417 = CARTESIAN_POINT('',(27.179134776864,-2.186106123287,-2.));
#6418 = ORIENTED_EDGE('',*,*,#6419,.T.);
#6419 = EDGE_CURVE('',#6393,#6420,#6422,.T.);
#6420 = VERTEX_POINT('',#6421);
#6421 = CARTESIAN_POINT('',(27.098433457443,-1.349552526068,-2.));
#6422 = B_SPLINE_CURVE_WITH_KNOTS('',1,(#6423,#6424),.UNSPECIFIED.,.F.,
  .F.,(2,2),(0.,0.840437162419),.PIECEWISE_BEZIER_KNOTS.);
#6423 = CARTESIAN_POINT('',(27.179134776864,-2.186106123287,-2.));
#6424 = CARTESIAN_POINT('',(27.098433457443,-1.349552526068,-2.));
#6425 = ORIENTED_EDGE('',*,*,#6426,.T.);
#6426 = EDGE_CURVE('',#6420,#6427,#6429,.T.);
#6427 = VERTEX_POINT('',#6428);
#6428 = CARTESIAN_POINT('',(29.232013733502,-0.312794696199,-2.));
#6429 = B_SPLINE_CURVE_WITH_KNOTS('',3,(#6430,#6431,#6432,#6433,#6434,
    #6435,#6436,#6437,#6438,#6439,#6440,#6441,#6442,#6443,#6444,#6445,
    #6446,#6447,#6448,#6449,#6450,#6451),.UNSPECIFIED.,.F.,.F.,(4,1,1,1,
    1,1,1,1,1,1,1,1,1,1,1,1,1,1,1,4),(0.,6.084644507817E-02,
    0.128862891872,0.204049340401,0.286405790677,0.375932242711,
    0.472628696512,0.576495152085,0.687531609436,0.805738068568,
    0.931114529486,1.063660992193,1.20337745669,1.350263922979,
    1.504320391064,1.665546860944,1.833943332622,2.009509806099,
    2.192246281376,2.382152758453),.UNSPECIFIED.);
#6430 = CARTESIAN_POINT('',(27.098433457443,-1.349552526068,-2.));
#6431 = CARTESIAN_POINT('',(27.11806343137,-1.344447876556,-2.));
#6432 = CARTESIAN_POINT('',(27.159536623747,-1.333259554591,-2.));
#6433 = CARTESIAN_POINT('',(27.224884800278,-1.314381592438,-2.));
#6434 = CARTESIAN_POINT('',(27.296743539285,-1.292248104432,-2.));
#6435 = CARTESIAN_POINT('',(27.375015673487,-1.266620643788,-2.));
#6436 = CARTESIAN_POINT('',(27.459598296843,-1.237267731382,-2.));
#6437 = CARTESIAN_POINT('',(27.550382146439,-1.203959074984,-2.));
#6438 = CARTESIAN_POINT('',(27.647251869932,-1.16646753951,-2.));
#6439 = CARTESIAN_POINT('',(27.750086025503,-1.124568737416,-2.));
#6440 = CARTESIAN_POINT('',(27.858757167128,-1.078041339203,-2.));
#6441 = CARTESIAN_POINT('',(27.973131908316,-1.026667165595,-2.));
#6442 = CARTESIAN_POINT('',(28.093070996334,-0.970231342686,-2.));
#6443 = CARTESIAN_POINT('',(28.218429387407,-0.908522436891,-2.));
#6444 = CARTESIAN_POINT('',(28.349056325371,-0.841332591629,-2.));
#6445 = CARTESIAN_POINT('',(28.484795424203,-0.768457669649,-2.));
#6446 = CARTESIAN_POINT('',(28.625484749458,-0.689697357856,-2.));
#6447 = CARTESIAN_POINT('',(28.770956919188,-0.604855414825,-2.));
#6448 = CARTESIAN_POINT('',(28.921039141923,-0.513739339987,-2.));
#6449 = CARTESIAN_POINT('',(29.075553519178,-0.416162331303,-2.));
#6450 = CARTESIAN_POINT('',(29.179397329448,-0.347989920552,-2.));
#6451 = CARTESIAN_POINT('',(29.232013733502,-0.312794696199,-2.));
#6452 = ORIENTED_EDGE('',*,*,#6453,.T.);
#6453 = EDGE_CURVE('',#6427,#6454,#6456,.T.);
#6454 = VERTEX_POINT('',#6455);
#6455 = CARTESIAN_POINT('',(29.1084563352,0.451451500731,-2.));
#6456 = B_SPLINE_CURVE_WITH_KNOTS('',1,(#6457,#6458),.UNSPECIFIED.,.F.,
  .F.,(2,2),(0.,0.774169671453),.PIECEWISE_BEZIER_KNOTS.);
#6457 = CARTESIAN_POINT('',(29.232013733502,-0.312794696199,-2.));
#6458 = CARTESIAN_POINT('',(29.1084563352,0.451451500731,-2.));
#6459 = ORIENTED_EDGE('',*,*,#6460,.T.);
#6460 = EDGE_CURVE('',#6454,#6461,#6463,.T.);
#6461 = VERTEX_POINT('',#6462);
#6462 = CARTESIAN_POINT('',(26.756878800206,0.763083798627,-2.));
#6463 = B_SPLINE_CURVE_WITH_KNOTS('',3,(#6464,#6465,#6466,#6467,#6468,
    #6469,#6470,#6471,#6472,#6473,#6474,#6475,#6476,#6477,#6478,#6479,
    #6480,#6481,#6482,#6483,#6484,#6485),.UNSPECIFIED.,.F.,.F.,(4,1,1,1,
    1,1,1,1,1,1,1,1,1,1,1,1,1,1,1,4),(0.,0.189906477077,0.372642952354,
    0.548209425831,0.716605897509,0.87783236739,1.031888835474,
    1.178775301764,1.318491766261,1.451038228967,1.576414689885,
    1.694621149018,1.805657606368,1.909524061941,2.006220515742,
    2.095746967776,2.178103418053,2.253289866581,2.321306313375,
    2.382152758453),.UNSPECIFIED.);
#6464 = CARTESIAN_POINT('',(29.1084563352,0.451451500731,-2.));
#6465 = CARTESIAN_POINT('',(29.047430130117,0.46827386935,-2.));
#6466 = CARTESIAN_POINT('',(28.927394878318,0.500251249554,-2.));
#6467 = CARTESIAN_POINT('',(28.750004803263,0.544168520346,-2.));
#6468 = CARTESIAN_POINT('',(28.578856983276,0.583350613052,-2.));
#6469 = CARTESIAN_POINT('',(28.414061391082,0.618030870498,-2.));
#6470 = CARTESIAN_POINT('',(28.255721356905,0.648446434465,-2.));
#6471 = CARTESIAN_POINT('',(28.103933898261,0.674836292434,-2.));
#6472 = CARTESIAN_POINT('',(27.958789579662,0.697441579574,-2.));
#6473 = CARTESIAN_POINT('',(27.820372494837,0.716505312034,-2.));
#6474 = CARTESIAN_POINT('',(27.688760222472,0.732272261807,-2.));
#6475 = CARTESIAN_POINT('',(27.564023792737,0.744988795635,-2.));
#6476 = CARTESIAN_POINT('',(27.446227655704,0.754902720515,-2.));
#6477 = CARTESIAN_POINT('',(27.335429652505,0.76226313192,-2.));
#6478 = CARTESIAN_POINT('',(27.231680993779,0.767320243176,-2.));
#6479 = CARTESIAN_POINT('',(27.135026228221,0.770325277885,-2.));
#6480 = CARTESIAN_POINT('',(27.045503259506,0.771530148373,-2.));
#6481 = CARTESIAN_POINT('',(26.963143217255,0.77118784445,-2.));
#6482 = CARTESIAN_POINT('',(26.887970824063,0.769550479245,-2.));
#6483 = CARTESIAN_POINT('',(26.820003160555,0.766874970261,-2.));
#6484 = CARTESIAN_POINT('',(26.777117256786,0.764424767775,-2.));
#6485 = CARTESIAN_POINT('',(26.756878800206,0.763083798627,-2.));
#6486 = ORIENTED_EDGE('',*,*,#6487,.T.);
#6487 = EDGE_CURVE('',#6461,#6488,#6490,.T.);
#6488 = VERTEX_POINT('',#6489);
#6489 = CARTESIAN_POINT('',(26.569863937893,1.582449446705,-2.));
#6490 = B_SPLINE_CURVE_WITH_KNOTS('',1,(#6491,#6492),.UNSPECIFIED.,.F.,
  .F.,(2,2),(0.,0.840437162419),.PIECEWISE_BEZIER_KNOTS.);
#6491 = CARTESIAN_POINT('',(26.756878800206,0.763083798627,-2.));
#6492 = CARTESIAN_POINT('',(26.569863937893,1.582449446705,-2.));
#6493 = ORIENTED_EDGE('',*,*,#6494,.T.);
#6494 = EDGE_CURVE('',#6488,#6495,#6497,.T.);
#6495 = VERTEX_POINT('',#6496);
#6496 = CARTESIAN_POINT('',(28.55334990074,2.88353169905,-2.));
#6497 = B_SPLINE_CURVE_WITH_KNOTS('',3,(#6498,#6499,#6500,#6501,#6502,
    #6503,#6504,#6505,#6506,#6507,#6508,#6509,#6510,#6511,#6512,#6513,
    #6514,#6515,#6516,#6517,#6518,#6519),.UNSPECIFIED.,.F.,.F.,(4,1,1,1,
    1,1,1,1,1,1,1,1,1,1,1,1,1,1,1,4),(0.,6.084644507817E-02,
    0.128862891872,0.204049340401,0.286405790677,0.375932242711,
    0.472628696512,0.576495152085,0.687531609436,0.805738068568,
    0.931114529486,1.063660992193,1.20337745669,1.350263922979,
    1.504320391064,1.665546860944,1.833943332622,2.009509806099,
    2.192246281376,2.382152758453),.UNSPECIFIED.);
#6498 = CARTESIAN_POINT('',(26.569863937893,1.582449446705,-2.));
#6499 = CARTESIAN_POINT('',(26.588679981914,1.590022412465,-2.));
#6500 = CARTESIAN_POINT('',(26.628381949098,1.606422352588,-2.));
#6501 = CARTESIAN_POINT('',(26.690779557784,1.633501866269,-2.));
#6502 = CARTESIAN_POINT('',(26.759217969913,1.664642730231,-2.));
#6503 = CARTESIAN_POINT('',(26.833570324047,1.700069008138,-2.));
#6504 = CARTESIAN_POINT('',(26.913704958109,1.739997119341,-2.));
#6505 = CARTESIAN_POINT('',(26.999484057115,1.784641493144,-2.));
#6506 = CARTESIAN_POINT('',(27.090764170373,1.834212648924,-2.));
#6507 = CARTESIAN_POINT('',(27.187396159059,1.88891760237,-2.));
#6508 = CARTESIAN_POINT('',(27.289225320489,1.948959568435,-2.));
#6509 = CARTESIAN_POINT('',(27.396091463128,2.014537878059,-2.));
#6510 = CARTESIAN_POINT('',(27.50782900004,2.085847833794,-2.));
#6511 = CARTESIAN_POINT('',(27.624267040732,2.163080585568,-2.));
#6512 = CARTESIAN_POINT('',(27.745229486635,2.246423005196,-2.));
#6513 = CARTESIAN_POINT('',(27.870535131161,2.336057555762,-2.));
#6514 = CARTESIAN_POINT('',(27.999997753875,2.432162198077,-2.));
#6515 = CARTESIAN_POINT('',(28.133426252235,2.534910158098,-2.));
#6516 = CARTESIAN_POINT('',(28.270624636963,2.644470259884,-2.));
#6517 = CARTESIAN_POINT('',(28.4113925824,2.761005022677,-2.));
#6518 = CARTESIAN_POINT('',(28.505666142031,2.841896990595,-2.));
#6519 = CARTESIAN_POINT('',(28.55334990074,2.88353169905,-2.));
#6520 = ORIENTED_EDGE('',*,*,#6521,.T.);
#6521 = EDGE_CURVE('',#6495,#6522,#6524,.T.);
#6522 = VERTEX_POINT('',#6523);
#6523 = CARTESIAN_POINT('',(28.333077272479,3.625703275868,-2.));
#6524 = B_SPLINE_CURVE_WITH_KNOTS('',1,(#6525,#6526),.UNSPECIFIED.,.F.,
  .F.,(2,2),(0.,0.774169671453),.PIECEWISE_BEZIER_KNOTS.);
#6525 = CARTESIAN_POINT('',(28.55334990074,2.88353169905,-2.));
#6526 = CARTESIAN_POINT('',(28.333077272479,3.625703275868,-2.));
#6527 = ORIENTED_EDGE('',*,*,#6528,.T.);
#6528 = EDGE_CURVE('',#6522,#6529,#6531,.T.);
#6529 = VERTEX_POINT('',#6530);
#6530 = CARTESIAN_POINT('',(25.960955502796,3.634064016251,-2.));
#6531 = B_SPLINE_CURVE_WITH_KNOTS('',3,(#6532,#6533,#6534,#6535,#6536,
    #6537,#6538,#6539,#6540,#6541,#6542,#6543,#6544,#6545,#6546,#6547,
    #6548,#6549,#6550,#6551,#6552,#6553),.UNSPECIFIED.,.F.,.F.,(4,1,1,1,
    1,1,1,1,1,1,1,1,1,1,1,1,1,1,1,4),(0.,0.189906477077,0.372642952354,
    0.548209425831,0.716605897509,0.87783236739,1.031888835474,
    1.178775301764,1.318491766261,1.451038228967,1.576414689885,
    1.694621149018,1.805657606368,1.909524061941,2.006220515742,
    2.095746967776,2.178103418053,2.253289866581,2.321306313375,
    2.382152758453),.UNSPECIFIED.);
#6532 = CARTESIAN_POINT('',(28.333077272479,3.625703275868,-2.));
#6533 = CARTESIAN_POINT('',(28.270400894944,3.634583675179,-2.));
#6534 = CARTESIAN_POINT('',(28.147261954284,3.650948754232,-2.));
#6535 = CARTESIAN_POINT('',(27.965712233356,3.671821325528,-2.));
#6536 = CARTESIAN_POINT('',(27.790959039801,3.688795836347,-2.));
#6537 = CARTESIAN_POINT('',(27.623081604252,3.70211777677,-2.));
#6538 = CARTESIAN_POINT('',(27.462152083575,3.712035555226,-2.));
#6539 = CARTESIAN_POINT('',(27.308236137735,3.718798603436,-2.));
#6540 = CARTESIAN_POINT('',(27.161392752026,3.722657657983,-2.));
#6541 = CARTESIAN_POINT('',(27.021674253556,3.723864493527,-2.));
#6542 = CARTESIAN_POINT('',(26.889126283343,3.722671793027,-2.));
#6543 = CARTESIAN_POINT('',(26.763787783719,3.719332983695,-2.));
#6544 = CARTESIAN_POINT('',(26.645690986768,3.714102079728,-2.));
#6545 = CARTESIAN_POINT('',(26.534861405124,3.707233528088,-2.));
#6546 = CARTESIAN_POINT('',(26.431317832418,3.698982036524,-2.));
#6547 = CARTESIAN_POINT('',(26.335072325841,3.689602462856,-2.));
#6548 = CARTESIAN_POINT('',(26.246130264043,3.67934949823,-2.));
#6549 = CARTESIAN_POINT('',(26.164490169455,3.668478036177,-2.));
#6550 = CARTESIAN_POINT('',(26.090144322187,3.65724128144,-2.));
#6551 = CARTESIAN_POINT('',(26.023076808752,3.645896226452,-2.));
#6552 = CARTESIAN_POINT('',(25.980856322599,3.637982012445,-2.));
#6553 = CARTESIAN_POINT('',(25.960955502796,3.634064016251,-2.));
#6554 = ORIENTED_EDGE('',*,*,#6555,.T.);
#6555 = EDGE_CURVE('',#6529,#6556,#6558,.T.);
#6556 = VERTEX_POINT('',#6557);
#6557 = CARTESIAN_POINT('',(25.67069787646,4.422787753898,-2.));
#6558 = B_SPLINE_CURVE_WITH_KNOTS('',1,(#6559,#6560),.UNSPECIFIED.,.F.,
  .F.,(2,2),(0.,0.840437162419),.PIECEWISE_BEZIER_KNOTS.);
#6559 = CARTESIAN_POINT('',(25.960955502796,3.634064016251,-2.));
#6560 = CARTESIAN_POINT('',(25.67069787646,4.422787753898,-2.));
#6561 = ORIENTED_EDGE('',*,*,#6562,.T.);
#6562 = EDGE_CURVE('',#6556,#6563,#6565,.T.);
#6563 = VERTEX_POINT('',#6564);
#6564 = CARTESIAN_POINT('',(27.471520741422,5.966830694107,-2.));
#6565 = B_SPLINE_CURVE_WITH_KNOTS('',3,(#6566,#6567,#6568,#6569,#6570,
    #6571,#6572,#6573,#6574,#6575,#6576,#6577,#6578,#6579,#6580,#6581,
    #6582,#6583,#6584,#6585,#6586,#6587),.UNSPECIFIED.,.F.,.F.,(4,1,1,1,
    1,1,1,1,1,1,1,1,1,1,1,1,1,1,1,4),(0.,6.084644507817E-02,
    0.128862891872,0.204049340401,0.286405790677,0.375932242711,
    0.472628696512,0.576495152085,0.687531609436,0.805738068568,
    0.931114529486,1.063660992193,1.20337745669,1.350263922979,
    1.504320391064,1.665546860944,1.833943332622,2.009509806099,
    2.192246281376,2.382152758453),.UNSPECIFIED.);
#6566 = CARTESIAN_POINT('',(25.67069787646,4.422787753898,-2.));
#6567 = CARTESIAN_POINT('',(25.688391031652,4.432704688017,-2.));
#6568 = CARTESIAN_POINT('',(25.72566986844,4.454046959736,-2.));
#6569 = CARTESIAN_POINT('',(25.784092342272,4.488883380079,-2.));
#6570 = CARTESIAN_POINT('',(25.847986670688,4.528520287871,-2.));
#6571 = CARTESIAN_POINT('',(25.917198381154,4.573163684538,-2.));
#6572 = CARTESIAN_POINT('',(25.991569217446,4.623011376056,-2.));
#6573 = CARTESIAN_POINT('',(26.070935075428,4.67825840788,-2.));
#6574 = CARTESIAN_POINT('',(26.155126761515,4.739095226958,-2.));
#6575 = CARTESIAN_POINT('',(26.243969888733,4.805708077933,-2.));
#6576 = CARTESIAN_POINT('',(26.337285037953,4.878278724427,-2.));
#6577 = CARTESIAN_POINT('',(26.434887842935,4.956984376037,-2.));
#6578 = CARTESIAN_POINT('',(26.536589101475,5.041997557094,-2.));
#6579 = CARTESIAN_POINT('',(26.642194882376,5.1334859952,-2.));
#6580 = CARTESIAN_POINT('',(26.751506636201,5.231612508967,-2.));
#6581 = CARTESIAN_POINT('',(26.864321311201,5.336534891277,-2.));
#6582 = CARTESIAN_POINT('',(26.980431458689,5.448405828544,-2.));
#6583 = CARTESIAN_POINT('',(27.099625393426,5.567372686892,-2.));
#6584 = CARTESIAN_POINT('',(27.221687146461,5.693577841783,-2.));
#6585 = CARTESIAN_POINT('',(27.346397254308,5.827156861103,-2.));
#6586 = CARTESIAN_POINT('',(27.429552594058,5.91944014231,-2.));
#6587 = CARTESIAN_POINT('',(27.471520741422,5.966830694107,-2.));
#6588 = ORIENTED_EDGE('',*,*,#6589,.T.);
#6589 = EDGE_CURVE('',#6563,#6590,#6592,.T.);
#6590 = VERTEX_POINT('',#6591);
#6591 = CARTESIAN_POINT('',(27.158149753667,6.67474121404,-2.));
#6592 = B_SPLINE_CURVE_WITH_KNOTS('',1,(#6593,#6594),.UNSPECIFIED.,.F.,
  .F.,(2,2),(0.,0.774169671453),.PIECEWISE_BEZIER_KNOTS.);
#6593 = CARTESIAN_POINT('',(27.471520741422,5.966830694107,-2.));
#6594 = CARTESIAN_POINT('',(27.158149753667,6.67474121404,-2.));
#6595 = ORIENTED_EDGE('',*,*,#6596,.T.);
#6596 = EDGE_CURVE('',#6590,#6597,#6599,.T.);
#6597 = VERTEX_POINT('',#6598);
#6598 = CARTESIAN_POINT('',(24.804433923174,6.379693113782,-2.));
#6599 = B_SPLINE_CURVE_WITH_KNOTS('',3,(#6600,#6601,#6602,#6603,#6604,
    #6605,#6606,#6607,#6608,#6609,#6610,#6611,#6612,#6613,#6614,#6615,
    #6616,#6617,#6618,#6619,#6620,#6621),.UNSPECIFIED.,.F.,.F.,(4,1,1,1,
    1,1,1,1,1,1,1,1,1,1,1,1,1,1,1,4),(0.,0.189906477077,0.372642952354,
    0.548209425831,0.716605897509,0.87783236739,1.031888835474,
    1.178775301764,1.318491766261,1.451038228967,1.576414689885,
    1.694621149018,1.805657606368,1.909524061941,2.006220515742,
    2.095746967776,2.178103418053,2.253289866581,2.321306313375,
    2.382152758453),.UNSPECIFIED.);
#6600 = CARTESIAN_POINT('',(27.158149753667,6.67474121404,-2.));
#6601 = CARTESIAN_POINT('',(27.094852348068,6.675533828131,-2.));
#6602 = CARTESIAN_POINT('',(26.970631656548,6.676017891886,-2.));
#6603 = CARTESIAN_POINT('',(26.787903331145,6.673503036644,-2.));
#6604 = CARTESIAN_POINT('',(26.612414206629,6.667991244576,-2.));
#6605 = CARTESIAN_POINT('',(26.444211470575,6.659736122084,-2.));
#6606 = CARTESIAN_POINT('',(26.28333492168,6.648993265381,-2.));
#6607 = CARTESIAN_POINT('',(26.129817784218,6.636018454766,-2.));
#6608 = CARTESIAN_POINT('',(25.983686495734,6.621067911152,-2.));
#6609 = CARTESIAN_POINT('',(25.844960757501,6.604398033574,-2.));
#6610 = CARTESIAN_POINT('',(25.713653523445,6.586265266911,-2.));
#6611 = CARTESIAN_POINT('',(25.589771008632,6.566925937576,-2.));
#6612 = CARTESIAN_POINT('',(25.473312697904,6.546636096059,-2.));
#6613 = CARTESIAN_POINT('',(25.364271356482,6.525651362802,-2.));
#6614 = CARTESIAN_POINT('',(25.262633052397,6.504226757682,-2.));
#6615 = CARTESIAN_POINT('',(25.168377153357,6.482616587978,-2.));
#6616 = CARTESIAN_POINT('',(25.081476424672,6.461074141633,-2.));
#6617 = CARTESIAN_POINT('',(25.001896805842,6.439852030558,-2.));
#6618 = CARTESIAN_POINT('',(24.929598261255,6.41920039349,-2.));
#6619 = CARTESIAN_POINT('',(24.864532144609,6.399372077987,-2.));
#6620 = CARTESIAN_POINT('',(24.823670335288,6.386123803633,-2.));
#6621 = CARTESIAN_POINT('',(24.804433923174,6.379693113782,-2.));
#6622 = ORIENTED_EDGE('',*,*,#6623,.T.);
#6623 = EDGE_CURVE('',#6597,#6624,#6626,.T.);
#6624 = VERTEX_POINT('',#6625);
#6625 = CARTESIAN_POINT('',(24.415699555014,7.124824119033,-2.));
#6626 = B_SPLINE_CURVE_WITH_KNOTS('',1,(#6627,#6628),.UNSPECIFIED.,.F.,
  .F.,(2,2),(0.,0.840437162419),.PIECEWISE_BEZIER_KNOTS.);
#6627 = CARTESIAN_POINT('',(24.804433923174,6.379693113782,-2.));
#6628 = CARTESIAN_POINT('',(24.415699555014,7.124824119033,-2.));
#6629 = ORIENTED_EDGE('',*,*,#6630,.T.);
#6630 = EDGE_CURVE('',#6624,#6631,#6633,.T.);
#6631 = VERTEX_POINT('',#6632);
#6632 = CARTESIAN_POINT('',(26.004289860435,8.886474604715,-2.));
#6633 = B_SPLINE_CURVE_WITH_KNOTS('',3,(#6634,#6635,#6636,#6637,#6638,
    #6639,#6640,#6641,#6642,#6643,#6644,#6645,#6646,#6647,#6648,#6649,
    #6650,#6651,#6652,#6653,#6654,#6655),.UNSPECIFIED.,.F.,.F.,(4,1,1,1,
    1,1,1,1,1,1,1,1,1,1,1,1,1,1,1,4),(0.,6.084644507817E-02,
    0.128862891872,0.204049340401,0.286405790677,0.375932242711,
    0.472628696512,0.576495152085,0.687531609436,0.805738068568,
    0.931114529486,1.063660992193,1.20337745669,1.350263922979,
    1.504320391064,1.665546860944,1.833943332622,2.009509806099,
    2.192246281376,2.382152758453),.UNSPECIFIED.);
#6634 = CARTESIAN_POINT('',(24.415699555014,7.124824119033,-2.));
#6635 = CARTESIAN_POINT('',(24.431979300259,7.136922185727,-2.));
#6636 = CARTESIAN_POINT('',(24.466222889181,7.162856349529,-2.));
#6637 = CARTESIAN_POINT('',(24.519710932754,7.204877663475,-2.));
#6638 = CARTESIAN_POINT('',(24.57801203435,7.252359778168,-2.));
#6639 = CARTESIAN_POINT('',(24.640946646777,7.305487250255,-2.));
#6640 = CARTESIAN_POINT('',(24.708332518223,7.364436024372,-2.));
#6641 = CARTESIAN_POINT('',(24.779981949986,7.429378559482,-2.));
#6642 = CARTESIAN_POINT('',(24.855702783745,7.50048210297,-2.));
#6643 = CARTESIAN_POINT('',(24.935298247802,7.577909070304,-2.));
#6644 = CARTESIAN_POINT('',(25.018567152642,7.661816789217,-2.));
#6645 = CARTESIAN_POINT('',(25.105303984608,7.752357438189,-2.));
#6646 = CARTESIAN_POINT('',(25.195299032921,7.849677930487,-2.));
#6647 = CARTESIAN_POINT('',(25.288338510029,7.953919817299,-2.));
#6648 = CARTESIAN_POINT('',(25.384204675799,8.065219190563,-2.));
#6649 = CARTESIAN_POINT('',(25.482675967431,8.183706582,-2.));
#6650 = CARTESIAN_POINT('',(25.583527114279,8.309506896522,-2.));
#6651 = CARTESIAN_POINT('',(25.68652932428,8.442739220671,-2.));
#6652 = CARTESIAN_POINT('',(25.791450195013,8.583517143514,-2.));
#6653 = CARTESIAN_POINT('',(25.898054728747,8.731947055557,-2.));
#6654 = CARTESIAN_POINT('',(25.968726440235,8.834106361127,-2.));
#6655 = CARTESIAN_POINT('',(26.004289860435,8.886474604715,-2.));
#6656 = ORIENTED_EDGE('',*,*,#6657,.T.);
#6657 = EDGE_CURVE('',#6631,#6658,#6660,.T.);
#6658 = VERTEX_POINT('',#6659);
#6659 = CARTESIAN_POINT('',(25.602966056143,9.548500196596,-2.));
#6660 = B_SPLINE_CURVE_WITH_KNOTS('',1,(#6661,#6662),.UNSPECIFIED.,.F.,
  .F.,(2,2),(0.,0.774169671453),.PIECEWISE_BEZIER_KNOTS.);
#6661 = CARTESIAN_POINT('',(26.004289860435,8.886474604715,-2.));
#6662 = CARTESIAN_POINT('',(25.602966056143,9.548500196596,-2.));
#6663 = ORIENTED_EDGE('',*,*,#6664,.T.);
#6664 = EDGE_CURVE('',#6658,#6665,#6667,.T.);
#6665 = VERTEX_POINT('',#6666);
#6666 = CARTESIAN_POINT('',(23.306304113703,8.954887937347,-2.));
#6667 = B_SPLINE_CURVE_WITH_KNOTS('',3,(#6668,#6669,#6670,#6671,#6672,
    #6673,#6674,#6675,#6676,#6677,#6678,#6679,#6680,#6681,#6682,#6683,
    #6684,#6685,#6686,#6687,#6688,#6689),.UNSPECIFIED.,.F.,.F.,(4,1,1,1,
    1,1,1,1,1,1,1,1,1,1,1,1,1,1,1,4),(0.,0.189906477077,0.372642952354,
    0.548209425831,0.716605897509,0.87783236739,1.031888835474,
    1.178775301764,1.318491766261,1.451038228967,1.576414689885,
    1.694621149018,1.805657606368,1.909524061941,2.006220515742,
    2.095746967776,2.178103418053,2.253289866581,2.321306313375,
    2.382152758453),.UNSPECIFIED.);
#6668 = CARTESIAN_POINT('',(25.602966056143,9.548500196596,-2.));
#6669 = CARTESIAN_POINT('',(25.540086964128,9.541192010766,-2.));
#6670 = CARTESIAN_POINT('',(25.416824222069,9.525787110911,-2.));
#6671 = CARTESIAN_POINT('',(25.235917686242,9.499926122983,-2.));
#6672 = CARTESIAN_POINT('',(25.062574157337,9.472018531503,-2.));
#6673 = CARTESIAN_POINT('',(24.896808005056,9.442321894978,-2.));
#6674 = CARTESIAN_POINT('',(24.738626016427,9.411094800526,-2.));
#6675 = CARTESIAN_POINT('',(24.588028434496,9.378595177118,-2.));
#6676 = CARTESIAN_POINT('',(24.445008714953,9.345080522856,-2.));
#6677 = CARTESIAN_POINT('',(24.309553609744,9.310807651084,-2.));
#6678 = CARTESIAN_POINT('',(24.181643172999,9.276032557785,-2.));
#6679 = CARTESIAN_POINT('',(24.061250790464,9.2410102597,-2.));
#6680 = CARTESIAN_POINT('',(23.948343208201,9.205994639271,-2.));
#6681 = CARTESIAN_POINT('',(23.842880562813,9.171238293137,-2.));
#6682 = CARTESIAN_POINT('',(23.744816425493,9.136992365883,-2.));
#6683 = CARTESIAN_POINT('',(23.654097813246,9.103506438533,-2.));
#6684 = CARTESIAN_POINT('',(23.570665325237,9.071028236842,-2.));
#6685 = CARTESIAN_POINT('',(23.494452877307,9.039803943221,-2.));
#6686 = CARTESIAN_POINT('',(23.425388775504,9.010076523133,-2.));
#6687 = CARTESIAN_POINT('',(23.363392439483,8.982090527507,-2.));
#6688 = CARTESIAN_POINT('',(23.324560256774,8.963725729106,-2.));
#6689 = CARTESIAN_POINT('',(23.306304113703,8.954887937347,-2.));
#6690 = ORIENTED_EDGE('',*,*,#6691,.T.);
#6691 = EDGE_CURVE('',#6665,#6692,#6694,.T.);
#6692 = VERTEX_POINT('',#6693);
#6693 = CARTESIAN_POINT('',(22.825476011297,9.644191179696,-2.));
#6694 = B_SPLINE_CURVE_WITH_KNOTS('',1,(#6695,#6696),.UNSPECIFIED.,.F.,
  .F.,(2,2),(0.,0.840437162419),.PIECEWISE_BEZIER_KNOTS.);
#6695 = CARTESIAN_POINT('',(23.306304113703,8.954887937347,-2.));
#6696 = CARTESIAN_POINT('',(22.825476011297,9.644191179696,-2.));
#6697 = ORIENTED_EDGE('',*,*,#6698,.T.);
#6698 = EDGE_CURVE('',#6692,#6699,#6701,.T.);
#6699 = VERTEX_POINT('',#6700);
#6700 = CARTESIAN_POINT('',(24.175749148281,11.594522958578,-2.));
#6701 = B_SPLINE_CURVE_WITH_KNOTS('',3,(#6702,#6703,#6704,#6705,#6706,
    #6707,#6708,#6709,#6710,#6711,#6712,#6713,#6714,#6715,#6716,#6717,
    #6718,#6719,#6720,#6721,#6722,#6723),.UNSPECIFIED.,.F.,.F.,(4,1,1,1,
    1,1,1,1,1,1,1,1,1,1,1,1,1,1,1,4),(0.,6.084644507817E-02,
    0.128862891872,0.204049340401,0.286405790677,0.375932242711,
    0.472628696512,0.576495152085,0.687531609436,0.805738068568,
    0.931114529486,1.063660992193,1.20337745669,1.350263922979,
    1.504320391064,1.665546860944,1.833943332622,2.009509806099,
    2.192246281376,2.382152758453),.UNSPECIFIED.);
#6702 = CARTESIAN_POINT('',(22.825476011297,9.644191179696,-2.));
#6703 = CARTESIAN_POINT('',(22.840075033628,9.658271729045,-2.));
#6704 = CARTESIAN_POINT('',(22.8707210959,9.688371946677,-2.));
#6705 = CARTESIAN_POINT('',(22.918396437018,9.736888165413,-2.));
#6706 = CARTESIAN_POINT('',(22.970147009318,9.791435831996,-2.));
#6707 = CARTESIAN_POINT('',(23.025771139108,9.85217502788,-2.));
#6708 = CARTESIAN_POINT('',(23.085065571562,9.919256947354,-2.));
#6709 = CARTESIAN_POINT('',(23.147822095419,9.992828631119,-2.));
#6710 = CARTESIAN_POINT('',(23.213828742853,10.0730313808,-2.));
#6711 = CARTESIAN_POINT('',(23.28286958843,10.160001115828,-2.));
#6712 = CARTESIAN_POINT('',(23.354724975773,10.253868144737,-2.));
#6713 = CARTESIAN_POINT('',(23.42917161834,10.354757116117,-2.));
#6714 = CARTESIAN_POINT('',(23.505982740223,10.462786919863,-2.));
#6715 = CARTESIAN_POINT('',(23.584928207895,10.578070606483,-2.));
#6716 = CARTESIAN_POINT('',(23.665774665819,10.700715306611,-2.));
#6717 = CARTESIAN_POINT('',(23.748285678196,10.830822147483,-2.));
#6718 = CARTESIAN_POINT('',(23.832221851363,10.968486201574,-2.));
#6719 = CARTESIAN_POINT('',(23.917341043186,11.113796320445,-2.));
#6720 = CARTESIAN_POINT('',(24.00339823382,11.266835441638,-2.));
#6721 = CARTESIAN_POINT('',(24.090146749944,11.427679031352,-2.));
#6722 = CARTESIAN_POINT('',(24.147174405622,11.538036908312,-2.));
#6723 = CARTESIAN_POINT('',(24.175749148281,11.594522958578,-2.));
#6724 = ORIENTED_EDGE('',*,*,#6725,.T.);
#6725 = EDGE_CURVE('',#6699,#6726,#6728,.T.);
#6726 = VERTEX_POINT('',#6727);
#6727 = CARTESIAN_POINT('',(23.693062253222,12.199793180492,-2.));
#6728 = B_SPLINE_CURVE_WITH_KNOTS('',1,(#6729,#6730),.UNSPECIFIED.,.F.,
  .F.,(2,2),(0.,0.774169671453),.PIECEWISE_BEZIER_KNOTS.);
#6729 = CARTESIAN_POINT('',(24.175749148281,11.594522958578,-2.));
#6730 = CARTESIAN_POINT('',(23.693062253222,12.199793180492,-2.));
#6731 = ORIENTED_EDGE('',*,*,#6732,.T.);
#6732 = EDGE_CURVE('',#6726,#6733,#6735,.T.);
#6733 = VERTEX_POINT('',#6734);
#6734 = CARTESIAN_POINT('',(21.491165324436,11.317363859138,-2.));
#6735 = B_SPLINE_CURVE_WITH_KNOTS('',3,(#6736,#6737,#6738,#6739,#6740,
    #6741,#6742,#6743,#6744,#6745,#6746,#6747,#6748,#6749,#6750,#6751,
    #6752,#6753,#6754,#6755,#6756,#6757),.UNSPECIFIED.,.F.,.F.,(4,1,1,1,
    1,1,1,1,1,1,1,1,1,1,1,1,1,1,1,4),(0.,0.189906477077,0.372642952354,
    0.548209425831,0.716605897509,0.87783236739,1.031888835474,
    1.178775301764,1.318491766261,1.451038228967,1.576414689885,
    1.694621149018,1.805657606368,1.909524061941,2.006220515742,
    2.095746967776,2.178103418053,2.253289866581,2.321306313375,
    2.382152758453),.UNSPECIFIED.);
#6736 = CARTESIAN_POINT('',(23.693062253222,12.199793180492,-2.));
#6737 = CARTESIAN_POINT('',(23.631633947744,12.184504194951,-2.));
#6738 = CARTESIAN_POINT('',(23.511353125964,12.153463279515,-2.));
#6739 = CARTESIAN_POINT('',(23.335238860029,12.104680795609,-2.));
#6740 = CARTESIAN_POINT('',(23.166887222689,12.054835646596,-2.));
#6741 = CARTESIAN_POINT('',(23.006279529817,12.004185113989,-2.));
#6742 = CARTESIAN_POINT('',(22.853389445334,11.952986529815,-2.));
#6743 = CARTESIAN_POINT('',(22.708184227066,11.901495736532,-2.));
#6744 = CARTESIAN_POINT('',(22.570624456306,11.849967281318,-2.));
#6745 = CARTESIAN_POINT('',(22.440664153202,11.798654174961,-2.));
#6746 = CARTESIAN_POINT('',(22.318250799604,11.747807761096,-2.));
#6747 = CARTESIAN_POINT('',(22.20332538894,11.697677559427,-2.));
#6748 = CARTESIAN_POINT('',(22.095822474522,11.648511115606,-2.));
#6749 = CARTESIAN_POINT('',(21.995670218888,11.600553854836,-2.));
#6750 = CARTESIAN_POINT('',(21.902790458757,11.554048922629,-2.));
#6751 = CARTESIAN_POINT('',(21.817098730408,11.509237075633,-2.));
#6752 = CARTESIAN_POINT('',(21.738504442222,11.46635640977,-2.));
#6753 = CARTESIAN_POINT('',(21.666910571479,11.425642635642,-2.));
#6754 = CARTESIAN_POINT('',(21.602214943102,11.387327555949,-2.));
#6755 = CARTESIAN_POINT('',(21.544306365831,11.351643409476,-2.));
#6756 = CARTESIAN_POINT('',(21.5081414331,11.328463636508,-2.));
#6757 = CARTESIAN_POINT('',(21.491165324436,11.317363859138,-2.));
#6758 = ORIENTED_EDGE('',*,*,#6759,.T.);
#6759 = EDGE_CURVE('',#6733,#6760,#6762,.T.);
#6760 = VERTEX_POINT('',#6761);
#6761 = CARTESIAN_POINT('',(20.926138671933,11.939520998402,-2.));
#6762 = B_SPLINE_CURVE_WITH_KNOTS('',1,(#6763,#6764),.UNSPECIFIED.,.F.,
  .F.,(2,2),(0.,0.840437162419),.PIECEWISE_BEZIER_KNOTS.);
#6763 = CARTESIAN_POINT('',(21.491165324436,11.317363859138,-2.));
#6764 = CARTESIAN_POINT('',(20.926138671933,11.939520998402,-2.));
#6765 = ORIENTED_EDGE('',*,*,#6766,.T.);
#6766 = EDGE_CURVE('',#6760,#6767,#6769,.T.);
#6767 = VERTEX_POINT('',#6768);
#6768 = CARTESIAN_POINT('',(22.015923192901,14.046509676596,-2.));
#6769 = B_SPLINE_CURVE_WITH_KNOTS('',3,(#6770,#6771,#6772,#6773,#6774,
    #6775,#6776,#6777,#6778,#6779,#6780,#6781,#6782,#6783,#6784,#6785,
    #6786,#6787,#6788,#6789,#6790,#6791),.UNSPECIFIED.,.F.,.F.,(4,1,1,1,
    1,1,1,1,1,1,1,1,1,1,1,1,1,1,1,4),(0.,6.084644507817E-02,
    0.128862891872,0.204049340401,0.286405790677,0.375932242711,
    0.472628696512,0.576495152085,0.687531609436,0.805738068568,
    0.931114529486,1.063660992193,1.20337745669,1.350263922979,
    1.504320391064,1.665546860944,1.833943332622,2.009509806099,
    2.192246281376,2.382152758453),.UNSPECIFIED.);
#6770 = CARTESIAN_POINT('',(20.926138671933,11.939520998402,-2.));
#6771 = CARTESIAN_POINT('',(20.938817255807,11.955352828174,-2.));
#6772 = CARTESIAN_POINT('',(20.965362583935,11.989124854896,-2.));
#6773 = CARTESIAN_POINT('',(21.006442394813,12.043339343451,-2.));
#6774 = CARTESIAN_POINT('',(21.050792694851,12.104056890747,-2.));
#6775 = CARTESIAN_POINT('',(21.098192995332,12.171410474511,-2.));
#6776 = CARTESIAN_POINT('',(21.148422375852,12.24552405608,-2.));
#6777 = CARTESIAN_POINT('',(21.201255531416,12.326516843486,-2.));
#6778 = CARTESIAN_POINT('',(21.256464165198,12.414501872426,-2.));
#6779 = CARTESIAN_POINT('',(21.313816743519,12.509586334505,-2.));
#6780 = CARTESIAN_POINT('',(21.373078749893,12.61187137939,-2.));
#6781 = CARTESIAN_POINT('',(21.434012791249,12.721452079058,-2.));
#6782 = CARTESIAN_POINT('',(21.496378750201,12.83841734786,-2.));
#6783 = CARTESIAN_POINT('',(21.559933926042,12.96284987934,-2.));
#6784 = CARTESIAN_POINT('',(21.624433179516,13.094826083747,-2.));
#6785 = CARTESIAN_POINT('',(21.689629084095,13.234416023325,-2.));
#6786 = CARTESIAN_POINT('',(21.755272053938,13.381683377022,-2.));
#6787 = CARTESIAN_POINT('',(21.821110572808,13.536685302481,-2.));
#6788 = CARTESIAN_POINT('',(21.886891026651,13.699472723885,-2.));
#6789 = CARTESIAN_POINT('',(21.952359116929,13.870088943973,-2.));
#6790 = CARTESIAN_POINT('',(21.994806324267,13.986833319034,-2.));
#6791 = CARTESIAN_POINT('',(22.015923192901,14.046509676596,-2.));
#6792 = ORIENTED_EDGE('',*,*,#6793,.T.);
#6793 = EDGE_CURVE('',#6767,#6794,#6796,.T.);
#6794 = VERTEX_POINT('',#6795);
#6795 = CARTESIAN_POINT('',(21.459798912548,14.585086008232,-2.));
#6796 = B_SPLINE_CURVE_WITH_KNOTS('',1,(#6797,#6798),.UNSPECIFIED.,.F.,
  .F.,(2,2),(0.,0.774169671453),.PIECEWISE_BEZIER_KNOTS.);
#6797 = CARTESIAN_POINT('',(22.015923192901,14.046509676596,-2.));
#6798 = CARTESIAN_POINT('',(21.459798912548,14.585086008232,-2.));
#6799 = ORIENTED_EDGE('',*,*,#6800,.T.);
#6800 = EDGE_CURVE('',#6794,#6801,#6803,.T.);
#6801 = VERTEX_POINT('',#6802);
#6802 = CARTESIAN_POINT('',(19.388822084112,13.428329089834,-2.));
#6803 = B_SPLINE_CURVE_WITH_KNOTS('',3,(#6804,#6805,#6806,#6807,#6808,
    #6809,#6810,#6811,#6812,#6813,#6814,#6815,#6816,#6817,#6818,#6819,
    #6820,#6821,#6822,#6823,#6824,#6825),.UNSPECIFIED.,.F.,.F.,(4,1,1,1,
    1,1,1,1,1,1,1,1,1,1,1,1,1,1,1,4),(0.,0.189906477077,0.372642952354,
    0.548209425831,0.716605897509,0.87783236739,1.031888835474,
    1.178775301764,1.318491766261,1.451038228967,1.576414689885,
    1.694621149018,1.805657606368,1.909524061941,2.006220515742,
    2.095746967776,2.178103418053,2.253289866581,2.321306313375,
    2.382152758453),.UNSPECIFIED.);
#6804 = CARTESIAN_POINT('',(21.459798912548,14.585086008232,-2.));
#6805 = CARTESIAN_POINT('',(21.400830044685,14.5620672677,-2.));
#6806 = CARTESIAN_POINT('',(21.285506150951,14.515900027656,-2.));
#6807 = CARTESIAN_POINT('',(21.117075946287,14.444997054808,-2.));
#6808 = CARTESIAN_POINT('',(20.956480529742,14.374032804232,-2.));
#6809 = CARTESIAN_POINT('',(20.803668470155,14.303260055888,-2.));
#6810 = CARTESIAN_POINT('',(20.658580740779,14.23293066133,-2.));
#6811 = CARTESIAN_POINT('',(20.521152151844,14.163294175574,-2.));
#6812 = CARTESIAN_POINT('',(20.391311057499,14.094598015218,-2.));
#6813 = CARTESIAN_POINT('',(20.268979501085,14.027087234062,-2.));
#6814 = CARTESIAN_POINT('',(20.154073254515,13.961004396342,-2.));
#6815 = CARTESIAN_POINT('',(20.046501887788,13.896589427614,-2.));
#6816 = CARTESIAN_POINT('',(19.946168836097,13.834079472049,-2.));
#6817 = CARTESIAN_POINT('',(19.852971467487,13.77370875354,-2.));
#6818 = CARTESIAN_POINT('',(19.766801167637,13.71570842608,-2.));
#6819 = CARTESIAN_POINT('',(19.687543378998,13.660306468728,-2.));
#6820 = CARTESIAN_POINT('',(19.615077806672,13.60772743804,-2.));
#6821 = CARTESIAN_POINT('',(19.549278082496,13.558192702451,-2.));
#6822 = CARTESIAN_POINT('',(19.490013227975,13.511919095702,-2.));
#6823 = CARTESIAN_POINT('',(19.437143266691,13.469122731079,-2.));
#6824 = CARTESIAN_POINT('',(19.404239411132,13.441508594777,-2.));
#6825 = CARTESIAN_POINT('',(19.388822084112,13.428329089834,-2.));
#6826 = ORIENTED_EDGE('',*,*,#6827,.T.);
#6827 = EDGE_CURVE('',#6801,#6828,#6830,.T.);
#6828 = VERTEX_POINT('',#6829);
#6829 = CARTESIAN_POINT('',(18.748874603525,13.973124322986,-2.));
#6830 = B_SPLINE_CURVE_WITH_KNOTS('',1,(#6831,#6832),.UNSPECIFIED.,.F.,
  .F.,(2,2),(0.,0.840437162419),.PIECEWISE_BEZIER_KNOTS.);
#6831 = CARTESIAN_POINT('',(19.388822084112,13.428329089834,-2.));
#6832 = CARTESIAN_POINT('',(18.748874603525,13.973124322986,-2.));
#6833 = ORIENTED_EDGE('',*,*,#6834,.T.);
#6834 = EDGE_CURVE('',#6828,#6835,#6837,.T.);
#6835 = VERTEX_POINT('',#6836);
#6836 = CARTESIAN_POINT('',(19.560276276771,16.202173204647,-2.));
#6837 = B_SPLINE_CURVE_WITH_KNOTS('',3,(#6838,#6839,#6840,#6841,#6842,
    #6843,#6844,#6845,#6846,#6847,#6848,#6849,#6850,#6851,#6852,#6853,
    #6854,#6855,#6856,#6857,#6858,#6859),.UNSPECIFIED.,.F.,.F.,(4,1,1,1,
    1,1,1,1,1,1,1,1,1,1,1,1,1,1,1,4),(0.,6.084644507817E-02,
    0.128862891872,0.204049340401,0.286405790677,0.375932242711,
    0.472628696512,0.576495152085,0.687531609436,0.805738068568,
    0.931114529486,1.063660992193,1.20337745669,1.350263922979,
    1.504320391064,1.665546860944,1.833943332622,2.009509806099,
    2.192246281376,2.382152758453),.UNSPECIFIED.);
#6838 = CARTESIAN_POINT('',(18.748874603525,13.973124322986,-2.));
#6839 = CARTESIAN_POINT('',(18.759424566945,13.990447474975,-2.));
#6840 = CARTESIAN_POINT('',(18.781433287374,14.027336775041,-2.));
#6841 = CARTESIAN_POINT('',(18.815243038654,14.086359333013,-2.));
#6842 = CARTESIAN_POINT('',(18.851464835729,14.152249780573,-2.));
#6843 = CARTESIAN_POINT('',(18.889862995277,14.225111808234,-2.));
#6844 = CARTESIAN_POINT('',(18.930202558825,14.305040108937,-2.));
#6845 = CARTESIAN_POINT('',(18.972244827141,14.392124100654,-2.));
#6846 = CARTESIAN_POINT('',(19.015748923031,14.486446697111,-2.));
#6847 = CARTESIAN_POINT('',(19.060471506346,14.588084602002,-2.));
#6848 = CARTESIAN_POINT('',(19.106167051244,14.697108145253,-2.));
#6849 = CARTESIAN_POINT('',(19.152587956114,14.81358126115,-2.));
#6850 = CARTESIAN_POINT('',(19.199484704816,14.937561428528,-2.));
#6851 = CARTESIAN_POINT('',(19.246606014594,15.069099626142,-2.));
#6852 = CARTESIAN_POINT('',(19.29369898766,15.208240289201,-2.));
#6853 = CARTESIAN_POINT('',(19.34050926949,15.355021264535,-2.));
#6854 = CARTESIAN_POINT('',(19.386781180258,15.509473791961,-2.));
#6855 = CARTESIAN_POINT('',(19.432257959515,15.671622396678,-2.));
#6856 = CARTESIAN_POINT('',(19.476681563334,15.841485153334,-2.));
#6857 = CARTESIAN_POINT('',(19.519794243534,16.01907249018,-2.));
#6858 = CARTESIAN_POINT('',(19.546964020561,16.140286423931,-2.));
#6859 = CARTESIAN_POINT('',(19.560276276771,16.202173204647,-2.));
#6860 = ORIENTED_EDGE('',*,*,#6861,.T.);
#6861 = EDGE_CURVE('',#6835,#6862,#6864,.T.);
#6862 = VERTEX_POINT('',#6863);
#6863 = CARTESIAN_POINT('',(18.939846156432,16.66521223753,-2.));
#6864 = B_SPLINE_CURVE_WITH_KNOTS('',1,(#6865,#6866),.UNSPECIFIED.,.F.,
  .F.,(2,2),(0.,0.774169671453),.PIECEWISE_BEZIER_KNOTS.);
#6865 = CARTESIAN_POINT('',(19.560276276771,16.202173204647,-2.));
#6866 = CARTESIAN_POINT('',(18.939846156432,16.66521223753,-2.));
#6867 = ORIENTED_EDGE('',*,*,#6868,.T.);
#6868 = EDGE_CURVE('',#6862,#6869,#6871,.T.);
#6869 = VERTEX_POINT('',#6870);
#6870 = CARTESIAN_POINT('',(17.033794810613,15.253121638707,-2.));
#6871 = B_SPLINE_CURVE_WITH_KNOTS('',3,(#6872,#6873,#6874,#6875,#6876,
    #6877,#6878,#6879,#6880,#6881,#6882,#6883,#6884,#6885,#6886,#6887,
    #6888,#6889,#6890,#6891,#6892,#6893),.UNSPECIFIED.,.F.,.F.,(4,1,1,1,
    1,1,1,1,1,1,1,1,1,1,1,1,1,1,1,4),(0.,0.189906477077,0.372642952354,
    0.548209425831,0.716605897509,0.87783236739,1.031888835474,
    1.178775301764,1.318491766261,1.451038228967,1.576414689885,
    1.694621149018,1.805657606368,1.909524061941,2.006220515742,
    2.095746967776,2.178103418053,2.253289866581,2.321306313375,
    2.382152758453),.UNSPECIFIED.);
#6872 = CARTESIAN_POINT('',(18.939846156432,16.66521223753,-2.));
#6873 = CARTESIAN_POINT('',(18.884304993364,16.634841709089,-2.));
#6874 = CARTESIAN_POINT('',(18.775831642823,16.574306209242,-2.));
#6875 = CARTESIAN_POINT('',(18.617851118734,16.482446972307,-2.));
#6876 = CARTESIAN_POINT('',(18.467648895283,16.3915288512,-2.));
#6877 = CARTESIAN_POINT('',(18.325141638776,16.301795973691,-2.));
#6878 = CARTESIAN_POINT('',(18.190238601011,16.213490575461,-2.));
#6879 = CARTESIAN_POINT('',(18.06284321504,16.126851826404,-2.));
#6880 = CARTESIAN_POINT('',(17.942852784289,16.04211594996,-2.));
#6881 = CARTESIAN_POINT('',(17.830158655341,15.959516019165,-2.));
#6882 = CARTESIAN_POINT('',(17.72464627319,15.879281835958,-2.));
#6883 = CARTESIAN_POINT('',(17.626195269268,15.801639792178,-2.));
#6884 = CARTESIAN_POINT('',(17.534679546239,15.72681273661,-2.));
#6885 = CARTESIAN_POINT('',(17.449967362869,15.655019845892,-2.));
#6886 = CARTESIAN_POINT('',(17.371921437242,15.586476486952,-2.));
#6887 = CARTESIAN_POINT('',(17.300398999009,15.521394117851,-2.));
#6888 = CARTESIAN_POINT('',(17.23525202524,15.45998006857,-2.));
#6889 = CARTESIAN_POINT('',(17.176326877281,15.402437730508,-2.));
#6890 = CARTESIAN_POINT('',(17.123465923888,15.348965408046,-2.));
#6891 = CARTESIAN_POINT('',(17.076502701894,15.299759540399,-2.));
#6892 = CARTESIAN_POINT('',(17.047400203908,15.268164464116,-2.));
#6893 = CARTESIAN_POINT('',(17.033794810613,15.253121638707,-2.));
#6894 = ORIENTED_EDGE('',*,*,#6895,.T.);
#6895 = EDGE_CURVE('',#6869,#6896,#6898,.T.);
#6896 = VERTEX_POINT('',#6897);
#6897 = CARTESIAN_POINT('',(16.329434421881,15.711609443081,-2.));
#6898 = B_SPLINE_CURVE_WITH_KNOTS('',1,(#6899,#6900),.UNSPECIFIED.,.F.,
  .F.,(2,2),(0.,0.840437162419),.PIECEWISE_BEZIER_KNOTS.);
#6899 = CARTESIAN_POINT('',(17.033794810613,15.253121638707,-2.));
#6900 = CARTESIAN_POINT('',(16.329434421881,15.711609443081,-2.));
#6901 = ORIENTED_EDGE('',*,*,#6902,.T.);
#6902 = EDGE_CURVE('',#6896,#6903,#6905,.T.);
#6903 = VERTEX_POINT('',#6904);
#6904 = CARTESIAN_POINT('',(16.849130054363,18.026117607197,-2.));
#6905 = B_SPLINE_CURVE_WITH_KNOTS('',3,(#6906,#6907,#6908,#6909,#6910,
    #6911,#6912,#6913,#6914,#6915,#6916,#6917,#6918,#6919,#6920,#6921,
    #6922,#6923,#6924,#6925,#6926,#6927),.UNSPECIFIED.,.F.,.F.,(4,1,1,1,
    1,1,1,1,1,1,1,1,1,1,1,1,1,1,1,4),(0.,6.084644507817E-02,
    0.128862891872,0.204049340401,0.286405790677,0.375932242711,
    0.472628696512,0.576495152085,0.687531609436,0.805738068568,
    0.931114529486,1.063660992193,1.20337745669,1.350263922979,
    1.504320391064,1.665546860944,1.833943332622,2.009509806099,
    2.192246281376,2.382152758453),.UNSPECIFIED.);
#6906 = CARTESIAN_POINT('',(16.329434421881,15.711609443081,-2.));
#6907 = CARTESIAN_POINT('',(16.337682534739,15.730139471609,-2.));
#6908 = CARTESIAN_POINT('',(16.354793264889,15.769540323733,-2.));
#6909 = CARTESIAN_POINT('',(16.38077780139,15.83240180235,-2.));
#6910 = CARTESIAN_POINT('',(16.408276334595,15.902383230847,-2.));
#6911 = CARTESIAN_POINT('',(16.437041856493,15.979557309926,-2.));
#6912 = CARTESIAN_POINT('',(16.466829228549,16.063987909275,-2.));
#6913 = CARTESIAN_POINT('',(16.497390276734,16.155733188566,-2.));
#6914 = CARTESIAN_POINT('',(16.528475498681,16.254844578115,-2.));
#6915 = CARTESIAN_POINT('',(16.559833743408,16.361367034229,-2.));
#6916 = CARTESIAN_POINT('',(16.591212507247,16.47533891228,-2.));
#6917 = CARTESIAN_POINT('',(16.622358045655,16.596791959063,-2.));
#6918 = CARTESIAN_POINT('',(16.653015540789,16.725751274098,-2.));
#6919 = CARTESIAN_POINT('',(16.682929253902,16.862235284277,-2.));
#6920 = CARTESIAN_POINT('',(16.711842681243,17.006255720146,-2.));
#6921 = CARTESIAN_POINT('',(16.739498716791,17.157817591679,-2.));
#6922 = CARTESIAN_POINT('',(16.765639784989,17.316919186606,-2.));
#6923 = CARTESIAN_POINT('',(16.790008097175,17.483551994973,-2.));
#6924 = CARTESIAN_POINT('',(16.812345416623,17.657700945113,-2.));
#6925 = CARTESIAN_POINT('',(16.832394777728,17.839343419554,-2.));
#6926 = CARTESIAN_POINT('',(16.843840997457,17.963036582555,-2.));
#6927 = CARTESIAN_POINT('',(16.849130054363,18.026117607197,-2.));
#6928 = ORIENTED_EDGE('',*,*,#6929,.T.);
#6929 = EDGE_CURVE('',#6903,#6930,#6932,.T.);
#6930 = VERTEX_POINT('',#6931);
#6931 = CARTESIAN_POINT('',(16.174581539461,18.406016253208,-2.));
#6932 = B_SPLINE_CURVE_WITH_KNOTS('',1,(#6933,#6934),.UNSPECIFIED.,.F.,
  .F.,(2,2),(0.,0.774169671453),.PIECEWISE_BEZIER_KNOTS.);
#6933 = CARTESIAN_POINT('',(16.849130054363,18.026117607197,-2.));
#6934 = CARTESIAN_POINT('',(16.174581539461,18.406016253208,-2.));
#6935 = ORIENTED_EDGE('',*,*,#6936,.T.);
#6936 = EDGE_CURVE('',#6930,#6937,#6939,.T.);
#6937 = VERTEX_POINT('',#6938);
#6938 = CARTESIAN_POINT('',(14.464752986663,16.761778462553,-2.));
#6939 = B_SPLINE_CURVE_WITH_KNOTS('',3,(#6940,#6941,#6942,#6943,#6944,
    #6945,#6946,#6947,#6948,#6949,#6950,#6951,#6952,#6953,#6954,#6955,
    #6956,#6957,#6958,#6959,#6960,#6961),.UNSPECIFIED.,.F.,.F.,(4,1,1,1,
    1,1,1,1,1,1,1,1,1,1,1,1,1,1,1,4),(0.,0.189906477077,0.372642952354,
    0.548209425831,0.716605897509,0.87783236739,1.031888835474,
    1.178775301764,1.318491766261,1.451038228967,1.576414689885,
    1.694621149018,1.805657606368,1.909524061941,2.006220515742,
    2.095746967776,2.178103418053,2.253289866581,2.321306313375,
    2.382152758453),.UNSPECIFIED.);
#6940 = CARTESIAN_POINT('',(16.174581539461,18.406016253208,-2.));
#6941 = CARTESIAN_POINT('',(16.12338006555,18.368792620095,-2.));
#6942 = CARTESIAN_POINT('',(16.023538387619,18.29488285168,-2.));
#6943 = CARTESIAN_POINT('',(15.878601579943,18.183575676789,-2.));
#6944 = CARTESIAN_POINT('',(15.741258865943,18.074196558185,-2.));
#6945 = CARTESIAN_POINT('',(15.611396377728,17.966976962879,-2.));
#6946 = CARTESIAN_POINT('',(15.488893135726,17.862145533176,-2.));
#6947 = CARTESIAN_POINT('',(15.373622781433,17.759927126681,-2.));
#6948 = CARTESIAN_POINT('',(15.265453253833,17.660542894898,-2.));
#6949 = CARTESIAN_POINT('',(15.164246986831,17.564210103045,-2.));
#6950 = CARTESIAN_POINT('',(15.069860979497,17.471142017421,-2.));
#6951 = CARTESIAN_POINT('',(14.982146901143,17.3815477788,-2.));
#6952 = CARTESIAN_POINT('',(14.900951192418,17.295632281413,-2.));
#6953 = CARTESIAN_POINT('',(14.826115165997,17.213596055766,-2.));
#6954 = CARTESIAN_POINT('',(14.757475126534,17.135635145405,-2.));
#6955 = CARTESIAN_POINT('',(14.694862435167,17.061941015257,-2.));
#6956 = CARTESIAN_POINT('',(14.638103771461,16.992700364374,-2.));
#6957 = CARTESIAN_POINT('',(14.587020749021,16.928095267439,-2.));
#6958 = CARTESIAN_POINT('',(14.541431672149,16.868302243322,-2.));
#6959 = CARTESIAN_POINT('',(14.501146324251,16.813494831635,-2.));
#6960 = CARTESIAN_POINT('',(14.476323046049,16.778437605652,-2.));
#6961 = CARTESIAN_POINT('',(14.464752986663,16.761778462553,-2.));
#6962 = ORIENTED_EDGE('',*,*,#6963,.T.);
#6963 = EDGE_CURVE('',#6937,#6964,#6966,.T.);
#6964 = VERTEX_POINT('',#6965);
#6965 = CARTESIAN_POINT('',(13.707545267895,17.126430481077,-2.));
#6966 = B_SPLINE_CURVE_WITH_KNOTS('',1,(#6967,#6968),.UNSPECIFIED.,.F.,
  .F.,(2,2),(0.,0.840437162419),.PIECEWISE_BEZIER_KNOTS.);
#6967 = CARTESIAN_POINT('',(14.464752986663,16.761778462553,-2.));
#6968 = CARTESIAN_POINT('',(13.707545267895,17.126430481077,-2.));
#6969 = ORIENTED_EDGE('',*,*,#6970,.T.);
#6970 = EDGE_CURVE('',#6964,#6971,#6973,.T.);
#6971 = VERTEX_POINT('',#6972);
#6972 = CARTESIAN_POINT('',(13.927001471696,19.488393767581,-2.));
#6973 = B_SPLINE_CURVE_WITH_KNOTS('',3,(#6974,#6975,#6976,#6977,#6978,
    #6979,#6980,#6981,#6982,#6983,#6984,#6985,#6986,#6987,#6988,#6989,
    #6990,#6991,#6992,#6993,#6994,#6995),.UNSPECIFIED.,.F.,.F.,(4,1,1,1,
    1,1,1,1,1,1,1,1,1,1,1,1,1,1,1,4),(0.,6.084644507817E-02,
    0.128862891872,0.204049340401,0.286405790677,0.375932242711,
    0.472628696512,0.576495152085,0.687531609436,0.805738068568,
    0.931114529486,1.063660992193,1.20337745669,1.350263922979,
    1.504320391064,1.665546860944,1.833943332622,2.009509806099,
    2.192246281376,2.382152758453),.UNSPECIFIED.);
#6974 = CARTESIAN_POINT('',(13.707545267895,17.126430481077,-2.));
#6975 = CARTESIAN_POINT('',(13.713356096407,17.145863123589,-2.));
#6976 = CARTESIAN_POINT('',(13.725287878561,17.187128566867,-2.));
#6977 = CARTESIAN_POINT('',(13.743020534911,17.252796782389,-2.));
#6978 = CARTESIAN_POINT('',(13.761344279093,17.325720098703,-2.));
#6979 = CARTESIAN_POINT('',(13.780004834265,17.405939032953,-2.));
#6980 = CARTESIAN_POINT('',(13.798750907004,17.493485582841,-2.));
#6981 = CARTESIAN_POINT('',(13.817328923493,17.588385694758,-2.));
#6982 = CARTESIAN_POINT('',(13.835484853011,17.690658471122,-2.));
#6983 = CARTESIAN_POINT('',(13.852963857639,17.800316382675,-2.));
#6984 = CARTESIAN_POINT('',(13.869510601983,17.917365180439,-2.));
#6985 = CARTESIAN_POINT('',(13.884869365051,18.041803902438,-2.));
#6986 = CARTESIAN_POINT('',(13.898784211394,18.173624856741,-2.));
#6987 = CARTESIAN_POINT('',(13.910999145499,18.312813615811,-2.));
#6988 = CARTESIAN_POINT('',(13.921258269437,18.459349012915,-2.));
#6989 = CARTESIAN_POINT('',(13.929305947365,18.613203138908,-2.));
#6990 = CARTESIAN_POINT('',(13.934886937376,18.774341357544,-2.));
#6991 = CARTESIAN_POINT('',(13.937746655478,18.942722263455,-2.));
#6992 = CARTESIAN_POINT('',(13.937630912388,19.118297886133,-2.));
#6993 = CARTESIAN_POINT('',(13.934287744443,19.301012933762,-2.));
#6994 = CARTESIAN_POINT('',(13.929822460261,19.425154287695,-2.));
#6995 = CARTESIAN_POINT('',(13.927001471696,19.488393767581,-2.));
#6996 = ORIENTED_EDGE('',*,*,#6997,.T.);
#6997 = EDGE_CURVE('',#6971,#6998,#7000,.T.);
#6998 = VERTEX_POINT('',#6999);
#6999 = CARTESIAN_POINT('',(13.209410630198,19.778914101456,-2.));
#7000 = B_SPLINE_CURVE_WITH_KNOTS('',1,(#7001,#7002),.UNSPECIFIED.,.F.,
  .F.,(2,2),(0.,0.774169671453),.PIECEWISE_BEZIER_KNOTS.);
#7001 = CARTESIAN_POINT('',(13.927001471696,19.488393767581,-2.));
#7002 = CARTESIAN_POINT('',(13.209410630198,19.778914101456,-2.));
#7003 = ORIENTED_EDGE('',*,*,#7004,.T.);
#7004 = EDGE_CURVE('',#6998,#7005,#7007,.T.);
#7005 = VERTEX_POINT('',#7006);
#7006 = CARTESIAN_POINT('',(11.723880207986,17.929527458034,-2.));
#7007 = B_SPLINE_CURVE_WITH_KNOTS('',3,(#7008,#7009,#7010,#7011,#7012,
    #7013,#7014,#7015,#7016,#7017,#7018,#7019,#7020,#7021,#7022,#7023,
    #7024,#7025,#7026,#7027,#7028,#7029),.UNSPECIFIED.,.F.,.F.,(4,1,1,1,
    1,1,1,1,1,1,1,1,1,1,1,1,1,1,1,4),(0.,0.189906477077,0.372642952354,
    0.548209425831,0.716605897509,0.87783236739,1.031888835474,
    1.178775301764,1.318491766261,1.451038228967,1.576414689885,
    1.694621149018,1.805657606368,1.909524061941,2.006220515742,
    2.095746967776,2.178103418053,2.253289866581,2.321306313375,
    2.382152758453),.UNSPECIFIED.);
#7008 = CARTESIAN_POINT('',(13.209410630198,19.778914101456,-2.));
#7009 = CARTESIAN_POINT('',(13.163389572229,19.735448574699,-2.));
#7010 = CARTESIAN_POINT('',(13.0738189645,19.649378134069,-2.));
#7011 = CARTESIAN_POINT('',(12.944305731611,19.520450681956,-2.));
#7012 = CARTESIAN_POINT('',(12.82207769063,19.39440656796,-2.));
#7013 = CARTESIAN_POINT('',(12.706992309172,19.271460797646,-2.));
#7014 = CARTESIAN_POINT('',(12.598900362779,19.151824665648,-2.));
#7015 = CARTESIAN_POINT('',(12.497647776197,19.035705025124,-2.));
#7016 = CARTESIAN_POINT('',(12.403075292399,18.923304324339,-2.));
#7017 = CARTESIAN_POINT('',(12.315018691449,18.814820453207,-2.));
#7018 = CARTESIAN_POINT('',(12.233308874564,18.710446640559,-2.));
#7019 = CARTESIAN_POINT('',(12.157771984519,18.610371342019,-2.));
#7020 = CARTESIAN_POINT('',(12.088229521391,18.514778132905,-2.));
#7021 = CARTESIAN_POINT('',(12.024498457403,18.423845604886,-2.));
#7022 = CARTESIAN_POINT('',(11.966391371655,18.337747259097,-2.));
#7023 = CARTESIAN_POINT('',(11.913716525814,18.256651423482,-2.));
#7024 = CARTESIAN_POINT('',(11.866278147861,18.180721100569,-2.));
#7025 = CARTESIAN_POINT('',(11.823876032755,18.110114058667,-2.));
#7026 = CARTESIAN_POINT('',(11.786307403787,18.044982132698,-2.));
#7027 = CARTESIAN_POINT('',(11.753361414285,17.985473113156,-2.));
#7028 = CARTESIAN_POINT('',(11.733224953409,17.947529376154,-2.));
#7029 = CARTESIAN_POINT('',(11.723880207986,17.929527458034,-2.));
#7030 = ORIENTED_EDGE('',*,*,#7031,.T.);
#7031 = EDGE_CURVE('',#7005,#7032,#7034,.T.);
#7032 = VERTEX_POINT('',#7033);
#7033 = CARTESIAN_POINT('',(10.926258488991,18.194356114645,-2.));
#7034 = B_SPLINE_CURVE_WITH_KNOTS('',1,(#7035,#7036),.UNSPECIFIED.,.F.,
  .F.,(2,2),(0.,0.840437162419),.PIECEWISE_BEZIER_KNOTS.);
#7035 = CARTESIAN_POINT('',(11.723880207986,17.929527458034,-2.));
#7036 = CARTESIAN_POINT('',(10.926258488991,18.194356114645,-2.));
#7037 = ORIENTED_EDGE('',*,*,#7038,.T.);
#7038 = EDGE_CURVE('',#7032,#7039,#7041,.T.);
#7039 = VERTEX_POINT('',#7040);
#7040 = CARTESIAN_POINT('',(10.841871799311,20.564991151674,-2.));
#7041 = B_SPLINE_CURVE_WITH_KNOTS('',3,(#7042,#7043,#7044,#7045,#7046,
    #7047,#7048,#7049,#7050,#7051,#7052,#7053,#7054,#7055,#7056,#7057,
    #7058,#7059,#7060,#7061,#7062,#7063),.UNSPECIFIED.,.F.,.F.,(4,1,1,1,
    1,1,1,1,1,1,1,1,1,1,1,1,1,1,1,4),(0.,6.084644507817E-02,
    0.128862891872,0.204049340401,0.286405790677,0.375932242711,
    0.472628696512,0.576495152085,0.687531609436,0.805738068568,
    0.931114529486,1.063660992193,1.20337745669,1.350263922979,
    1.504320391064,1.665546860944,1.833943332622,2.009509806099,
    2.192246281376,2.382152758453),.UNSPECIFIED.);
#7042 = CARTESIAN_POINT('',(10.926258488991,18.194356114645,-2.));
#7043 = CARTESIAN_POINT('',(10.929536619512,18.214372287688,-2.));
#7044 = CARTESIAN_POINT('',(10.936093534137,18.256824744683,-2.));
#7045 = CARTESIAN_POINT('',(10.945283140611,18.324221426827,-2.));
#7046 = CARTESIAN_POINT('',(10.954131220395,18.398889232119,-2.));
#7047 = CARTESIAN_POINT('',(10.962380403041,18.480835828859,-2.));
#7048 = CARTESIAN_POINT('',(10.969777366468,18.570060817357,-2.));
#7049 = CARTESIAN_POINT('',(10.976067300742,18.666557504685,-2.));
#7050 = CARTESIAN_POINT('',(10.980995817971,18.770312351703,-2.));
#7051 = CARTESIAN_POINT('',(10.984308577727,18.881305138819,-2.));
#7052 = CARTESIAN_POINT('',(10.985751605492,18.999508918273,-2.));
#7053 = CARTESIAN_POINT('',(10.985071402755,19.124890035113,-2.));
#7054 = CARTESIAN_POINT('',(10.982015118915,19.257408132259,-2.));
#7055 = CARTESIAN_POINT('',(10.976330705131,19.397016164645,-2.));
#7056 = CARTESIAN_POINT('',(10.967767071136,19.543660415815,-2.));
#7057 = CARTESIAN_POINT('',(10.956074248794,19.697280515772,-2.));
#7058 = CARTESIAN_POINT('',(10.941003520916,19.857809473022,-2.));
#7059 = CARTESIAN_POINT('',(10.922307688441,20.025173666657,-2.));
#7060 = CARTESIAN_POINT('',(10.899740783312,20.199293015002,-2.));
#7061 = CARTESIAN_POINT('',(10.873059981042,20.380080459788,-2.));
#7062 = CARTESIAN_POINT('',(10.852756512793,20.502631607054,-2.));
#7063 = CARTESIAN_POINT('',(10.841871799311,20.564991151674,-2.));
#7064 = ORIENTED_EDGE('',*,*,#7065,.T.);
#7065 = EDGE_CURVE('',#7039,#7066,#7068,.T.);
#7066 = VERTEX_POINT('',#7067);
#7067 = CARTESIAN_POINT('',(10.093021452994,20.761362837561,-2.));
#7068 = B_SPLINE_CURVE_WITH_KNOTS('',1,(#7069,#7070),.UNSPECIFIED.,.F.,
  .F.,(2,2),(0.,0.774169671453),.PIECEWISE_BEZIER_KNOTS.);
#7069 = CARTESIAN_POINT('',(10.841871799311,20.564991151674,-2.));
#7070 = CARTESIAN_POINT('',(10.093021452994,20.761362837561,-2.));
#7071 = ORIENTED_EDGE('',*,*,#7072,.T.);
#7072 = EDGE_CURVE('',#7066,#7073,#7075,.T.);
#7073 = VERTEX_POINT('',#7074);
#7074 = CARTESIAN_POINT('',(8.856181529831,18.73719421893,-2.));
#7075 = B_SPLINE_CURVE_WITH_KNOTS('',3,(#7076,#7077,#7078,#7079,#7080,
    #7081,#7082,#7083,#7084,#7085,#7086,#7087,#7088,#7089,#7090,#7091,
    #7092,#7093,#7094,#7095,#7096,#7097),.UNSPECIFIED.,.F.,.F.,(4,1,1,1,
    1,1,1,1,1,1,1,1,1,1,1,1,1,1,1,4),(0.,0.189906477077,0.372642952354,
    0.548209425831,0.716605897509,0.87783236739,1.031888835474,
    1.178775301764,1.318491766261,1.451038228967,1.576414689885,
    1.694621149018,1.805657606368,1.909524061941,2.006220515742,
    2.095746967776,2.178103418053,2.253289866581,2.321306313375,
    2.382152758453),.UNSPECIFIED.);
#7076 = CARTESIAN_POINT('',(10.093021452994,20.761362837561,-2.));
#7077 = CARTESIAN_POINT('',(10.052936475468,20.712369119908,-2.));
#7078 = CARTESIAN_POINT('',(9.975107684843,20.615551281319,-2.));
#7079 = CARTESIAN_POINT('',(9.863144630445,20.471120537183,-2.));
#7080 = CARTESIAN_POINT('',(9.758038243535,20.330481068661,-2.));
#7081 = CARTESIAN_POINT('',(9.659619667618,20.19382788949,-2.));
#7082 = CARTESIAN_POINT('',(9.567713883605,20.061351477176,-2.));
#7083 = CARTESIAN_POINT('',(9.482141629405,19.93323728391,-2.));
#7084 = CARTESIAN_POINT('',(9.40271906698,19.809665730524,-2.));
#7085 = CARTESIAN_POINT('',(9.329258019036,19.690812082277,-2.));
#7086 = CARTESIAN_POINT('',(9.261566065533,19.576846357723,-2.));
#7087 = CARTESIAN_POINT('',(9.199446677443,19.467933232899,-2.));
#7088 = CARTESIAN_POINT('',(9.142699345234,19.36423194991,-2.));
#7089 = CARTESIAN_POINT('',(9.091119705988,19.265896229115,-2.));
#7090 = CARTESIAN_POINT('',(9.044499690696,19.173074180356,-2.));
#7091 = CARTESIAN_POINT('',(9.002627609894,19.085908230651,-2.));
#7092 = CARTESIAN_POINT('',(8.965288454548,19.004535009512,-2.));
#7093 = CARTESIAN_POINT('',(8.932263488334,18.929085388319,-2.));
#7094 = CARTESIAN_POINT('',(8.903332183119,18.859684024921,-2.));
#7095 = CARTESIAN_POINT('',(8.878266524248,18.796450533981,-2.));
#7096 = CARTESIAN_POINT('',(8.86314752083,18.756243321072,-2.));
#7097 = CARTESIAN_POINT('',(8.856181529831,18.73719421893,-2.));
#7098 = ORIENTED_EDGE('',*,*,#7099,.T.);
#7099 = EDGE_CURVE('',#7073,#7100,#7102,.T.);
#7100 = VERTEX_POINT('',#7101);
#7101 = CARTESIAN_POINT('',(8.031242737183,18.897851034407,-2.));
#7102 = B_SPLINE_CURVE_WITH_KNOTS('',1,(#7103,#7104),.UNSPECIFIED.,.F.,
  .F.,(2,2),(0.,0.840437162419),.PIECEWISE_BEZIER_KNOTS.);
#7103 = CARTESIAN_POINT('',(8.856181529831,18.73719421893,-2.));
#7104 = CARTESIAN_POINT('',(8.031242737183,18.897851034407,-2.));
#7105 = ORIENTED_EDGE('',*,*,#7106,.T.);
#7106 = EDGE_CURVE('',#7100,#7107,#7109,.T.);
#7107 = VERTEX_POINT('',#7108);
#7108 = CARTESIAN_POINT('',(7.644398781134,21.238232060191,-2.));
#7109 = B_SPLINE_CURVE_WITH_KNOTS('',3,(#7110,#7111,#7112,#7113,#7114,
    #7115,#7116,#7117,#7118,#7119,#7120,#7121,#7122,#7123,#7124,#7125,
    #7126,#7127,#7128,#7129,#7130,#7131),.UNSPECIFIED.,.F.,.F.,(4,1,1,1,
    1,1,1,1,1,1,1,1,1,1,1,1,1,1,1,4),(0.,6.084644507817E-02,
    0.128862891872,0.204049340401,0.286405790677,0.375932242711,
    0.472628696512,0.576495152085,0.687531609436,0.805738068568,
    0.931114529486,1.063660992193,1.20337745669,1.350263922979,
    1.504320391064,1.665546860944,1.833943332622,2.009509806099,
    2.192246281376,2.382152758453),.UNSPECIFIED.);
#7110 = CARTESIAN_POINT('',(8.031242737183,18.897851034407,-2.));
#7111 = CARTESIAN_POINT('',(8.031934342902,18.918122072973,-2.));
#7112 = CARTESIAN_POINT('',(8.033008725642,18.961064475515,-2.));
#7113 = CARTESIAN_POINT('',(8.033504389153,19.029082972622,-2.));
#7114 = CARTESIAN_POINT('',(8.032731519315,19.104269223594,-2.));
#7115 = CARTESIAN_POINT('',(8.030433878085,19.186597921971,-2.));
#7116 = CARTESIAN_POINT('',(8.026360274264,19.276036277235,-2.));
#7117 = CARTESIAN_POINT('',(8.020258845777,19.372545067036,-2.));
#7118 = CARTESIAN_POINT('',(8.0118790246,19.476078332989,-2.));
#7119 = CARTESIAN_POINT('',(8.00097114406,19.586583497172,-2.));
#7120 = CARTESIAN_POINT('',(7.98728676077,19.704001355526,-2.));
#7121 = CARTESIAN_POINT('',(7.970578761138,19.828266112734,-2.));
#7122 = CARTESIAN_POINT('',(7.950601531212,19.959305409231,-2.));
#7123 = CARTESIAN_POINT('',(7.927111107456,20.0970403549,-2.));
#7124 = CARTESIAN_POINT('',(7.899865330161,20.241385565586,-2.));
#7125 = CARTESIAN_POINT('',(7.868624003368,20.392249201713,-2.));
#7126 = CARTESIAN_POINT('',(7.833149018536,20.549533016537,-2.));
#7127 = CARTESIAN_POINT('',(7.793204620539,20.713132382465,-2.));
#7128 = CARTESIAN_POINT('',(7.748557101328,20.882936421591,-2.));
#7129 = CARTESIAN_POINT('',(7.698976762768,21.058827738687,-2.));
#7130 = CARTESIAN_POINT('',(7.663168492839,21.177776392837,-2.));
#7131 = CARTESIAN_POINT('',(7.644398781134,21.238232060191,-2.));
#7132 = ORIENTED_EDGE('',*,*,#7133,.T.);
#7133 = EDGE_CURVE('',#7107,#7134,#7136,.T.);
#7134 = VERTEX_POINT('',#7135);
#7135 = CARTESIAN_POINT('',(6.876585031983,21.337230680439,-2.));
#7136 = B_SPLINE_CURVE_WITH_KNOTS('',1,(#7137,#7138),.UNSPECIFIED.,.F.,
  .F.,(2,2),(0.,0.774169671453),.PIECEWISE_BEZIER_KNOTS.);
#7137 = CARTESIAN_POINT('',(7.644398781134,21.238232060191,-2.));
#7138 = CARTESIAN_POINT('',(6.876585031983,21.337230680439,-2.));
#7139 = ORIENTED_EDGE('',*,*,#7140,.T.);
#7140 = EDGE_CURVE('',#7134,#7141,#7143,.T.);
#7141 = VERTEX_POINT('',#7142);
#7142 = CARTESIAN_POINT('',(5.908744485214,19.171516879354,-2.));
#7143 = B_SPLINE_CURVE_WITH_KNOTS('',3,(#7144,#7145,#7146,#7147,#7148,
    #7149,#7150,#7151,#7152,#7153,#7154,#7155,#7156,#7157,#7158,#7159,
    #7160,#7161,#7162,#7163,#7164,#7165),.UNSPECIFIED.,.F.,.F.,(4,1,1,1,
    1,1,1,1,1,1,1,1,1,1,1,1,1,1,1,4),(0.,0.189906477077,0.372642952354,
    0.548209425831,0.716605897509,0.87783236739,1.031888835474,
    1.178775301764,1.318491766261,1.451038228967,1.576414689885,
    1.694621149018,1.805657606368,1.909524061941,2.006220515742,
    2.095746967776,2.178103418053,2.253289866581,2.321306313375,
    2.382152758453),.UNSPECIFIED.);
#7144 = CARTESIAN_POINT('',(6.876585031983,21.337230680439,-2.));
#7145 = CARTESIAN_POINT('',(6.843094329122,21.283513247378,-2.));
#7146 = CARTESIAN_POINT('',(6.778285302191,21.177537757063,-2.));
#7147 = CARTESIAN_POINT('',(6.685710856542,21.01997526973,-2.));
#7148 = CARTESIAN_POINT('',(6.599451967672,20.867049742868,-2.));
#7149 = CARTESIAN_POINT('',(6.519316227589,20.718932996264,-2.));
#7150 = CARTESIAN_POINT('',(6.44510569639,20.575791562661,-2.));
#7151 = CARTESIAN_POINT('',(6.37661886862,20.437786448165,-2.));
#7152 = CARTESIAN_POINT('',(6.313650343847,20.305073083668,-2.));
#7153 = CARTESIAN_POINT('',(6.255991077284,20.177801231924,-2.));
#7154 = CARTESIAN_POINT('',(6.20342848717,20.056114909511,-2.));
#7155 = CARTESIAN_POINT('',(6.15574659967,19.940152308901,-2.));
#7156 = CARTESIAN_POINT('',(6.112726188005,19.830045724236,-2.));
#7157 = CARTESIAN_POINT('',(6.074144909752,19.725921480482,-2.));
#7158 = CARTESIAN_POINT('',(6.039777464278,19.627899864226,-2.));
#7159 = CARTESIAN_POINT('',(6.009395686925,19.536095062917,-2.));
#7160 = CARTESIAN_POINT('',(5.982768862084,19.450615089594,-2.));
#7161 = CARTESIAN_POINT('',(5.959663313795,19.371561769804,-2.));
#7162 = CARTESIAN_POINT('',(5.939844383564,19.299030537445,-2.));
#7163 = CARTESIAN_POINT('',(5.923070632751,19.233110867279,-2.));
#7164 = CARTESIAN_POINT('',(5.913217340407,19.191300379788,-2.));
#7165 = CARTESIAN_POINT('',(5.908744485214,19.171516879354,-2.));
#7166 = ORIENTED_EDGE('',*,*,#7167,.T.);
#7167 = EDGE_CURVE('',#7141,#7168,#7170,.T.);
#7168 = VERTEX_POINT('',#7169);
#7169 = CARTESIAN_POINT('',(5.070034091081,19.22536387323,-2.));
#7170 = B_SPLINE_CURVE_WITH_KNOTS('',1,(#7171,#7172),.UNSPECIFIED.,.F.,
  .F.,(2,2),(0.,0.840437162419),.PIECEWISE_BEZIER_KNOTS.);
#7171 = CARTESIAN_POINT('',(5.908744485214,19.171516879354,-2.));
#7172 = CARTESIAN_POINT('',(5.070034091081,19.22536387323,-2.));
#7173 = ORIENTED_EDGE('',*,*,#7174,.T.);
#7174 = EDGE_CURVE('',#7168,#3866,#7175,.T.);
#7175 = B_SPLINE_CURVE_WITH_KNOTS('',3,(#7176,#7177,#7178,#7179,#7180,
    #7181,#7182,#7183,#7184,#7185,#7186,#7187,#7188,#7189,#7190,#7191,
    #7192,#7193,#7194,#7195,#7196,#7197),.UNSPECIFIED.,.F.,.F.,(4,1,1,1,
    1,1,1,1,1,1,1,1,1,1,1,1,1,1,1,4),(0.,6.084644507817E-02,
    0.128862891872,0.204049340401,0.286405790677,0.375932242711,
    0.472628696512,0.576495152085,0.687531609436,0.805738068568,
    0.931114529486,1.063660992193,1.20337745669,1.350263922979,
    1.504320391064,1.665546860944,1.833943332622,2.009509806099,
    2.192246281376,2.382152758453),.UNSPECIFIED.);
#7176 = CARTESIAN_POINT('',(5.070034091081,19.22536387323,-2.));
#7177 = CARTESIAN_POINT('',(5.06812781585,19.245556927425,-2.));
#7178 = CARTESIAN_POINT('',(5.06370202537,19.288284162451,-2.));
#7179 = CARTESIAN_POINT('',(5.055495607139,19.35580761268,-2.));
#7180 = CARTESIAN_POINT('',(5.045114478179,19.43027775317,-2.));
#7181 = CARTESIAN_POINT('',(5.032307740278,19.511636718232,-2.));
#7182 = CARTESIAN_POINT('',(5.016830457671,19.599819864941,-2.));
#7183 = CARTESIAN_POINT('',(4.99843785171,19.694756085555,-2.));
#7184 = CARTESIAN_POINT('',(4.976887288559,19.796367757078,-2.));
#7185 = CARTESIAN_POINT('',(4.951937874821,19.904570806587,-2.));
#7186 = CARTESIAN_POINT('',(4.923350777672,20.019274745853,-2.));
#7187 = CARTESIAN_POINT('',(4.890889326036,20.140382719551,-2.));
#7188 = CARTESIAN_POINT('',(4.854319175586,20.267791553774,-2.));
#7189 = CARTESIAN_POINT('',(4.813408453968,20.401391808727,-2.));
#7190 = CARTESIAN_POINT('',(4.767927908282,20.54106783456,-2.));
#7191 = CARTESIAN_POINT('',(4.717651058761,20.686697830122,-2.));
#7192 = CARTESIAN_POINT('',(4.662354315246,20.83815390663,-2.));
#7193 = CARTESIAN_POINT('',(4.601817237635,20.995302147783,-2.));
#7194 = CARTESIAN_POINT('',(4.535822215374,21.158002700062,-2.));
#7195 = CARTESIAN_POINT('',(4.464156448313,21.326109758907,-2.));
#7196 = CARTESIAN_POINT('',(4.413431347506,21.439502786327,-2.));
#7197 = CARTESIAN_POINT('',(4.387084835726,21.497061896029,-2.));
#7198 = FACE_BOUND('',#7199,.F.);
#7199 = EDGE_LOOP('',(#7200,#7211,#7219,#7228));
#7200 = ORIENTED_EDGE('',*,*,#7201,.F.);
#7201 = EDGE_CURVE('',#7202,#7204,#7206,.T.);
#7202 = VERTEX_POINT('',#7203);
#7203 = CARTESIAN_POINT('',(8.,-23.59591794226,-2.));
#7204 = VERTEX_POINT('',#7205);
#7205 = CARTESIAN_POINT('',(23.595917942265,-8.,-2.));
#7206 = CIRCLE('',#7207,20.);
#7207 = AXIS2_PLACEMENT_3D('',#7208,#7209,#7210);
#7208 = CARTESIAN_POINT('',(4.,-4.,-2.));
#7209 = DIRECTION('',(0.,0.,1.));
#7210 = DIRECTION('',(-0.,1.,0.));
#7211 = ORIENTED_EDGE('',*,*,#7212,.T.);
#7212 = EDGE_CURVE('',#7202,#7213,#7215,.T.);
#7213 = VERTEX_POINT('',#7214);
#7214 = CARTESIAN_POINT('',(8.,-16.36931687685,-2.));
#7215 = LINE('',#7216,#7217);
#7216 = CARTESIAN_POINT('',(8.,-13.79795897113,-2.));
#7217 = VECTOR('',#7218,1.);
#7218 = DIRECTION('',(0.,1.,0.));
#7219 = ORIENTED_EDGE('',*,*,#7220,.T.);
#7220 = EDGE_CURVE('',#7213,#7221,#7223,.T.);
#7221 = VERTEX_POINT('',#7222);
#7222 = CARTESIAN_POINT('',(16.369316876853,-8.,-2.));
#7223 = CIRCLE('',#7224,13.);
#7224 = AXIS2_PLACEMENT_3D('',#7225,#7226,#7227);
#7225 = CARTESIAN_POINT('',(4.,-4.,-2.));
#7226 = DIRECTION('',(0.,0.,1.));
#7227 = DIRECTION('',(-0.,1.,0.));
#7228 = ORIENTED_EDGE('',*,*,#7229,.T.);
#7229 = EDGE_CURVE('',#7221,#7204,#7230,.T.);
#7230 = LINE('',#7231,#7232);
#7231 = CARTESIAN_POINT('',(10.184658438427,-8.,-2.));
#7232 = VECTOR('',#7233,1.);
#7233 = DIRECTION('',(1.,0.,0.));
#7234 = FACE_BOUND('',#7235,.F.);
#7235 = EDGE_LOOP('',(#7236,#7247,#7255,#7264));
#7236 = ORIENTED_EDGE('',*,*,#7237,.F.);
#7237 = EDGE_CURVE('',#7238,#7240,#7242,.T.);
#7238 = VERTEX_POINT('',#7239);
#7239 = CARTESIAN_POINT('',(23.595917942265,1.554312234475E-13,-2.));
#7240 = VERTEX_POINT('',#7241);
#7241 = CARTESIAN_POINT('',(8.,15.595917942266,-2.));
#7242 = CIRCLE('',#7243,20.);
#7243 = AXIS2_PLACEMENT_3D('',#7244,#7245,#7246);
#7244 = CARTESIAN_POINT('',(4.,-4.,-2.));
#7245 = DIRECTION('',(0.,0.,1.));
#7246 = DIRECTION('',(-0.,1.,0.));
#7247 = ORIENTED_EDGE('',*,*,#7248,.T.);
#7248 = EDGE_CURVE('',#7238,#7249,#7251,.T.);
#7249 = VERTEX_POINT('',#7250);
#7250 = CARTESIAN_POINT('',(16.369316876853,1.50990331349E-13,-2.));
#7251 = LINE('',#7252,#7253);
#7252 = CARTESIAN_POINT('',(13.797958971133,1.545430450278E-13,-2.));
#7253 = VECTOR('',#7254,1.);
#7254 = DIRECTION('',(-1.,0.,0.));
#7255 = ORIENTED_EDGE('',*,*,#7256,.T.);
#7256 = EDGE_CURVE('',#7249,#7257,#7259,.T.);
#7257 = VERTEX_POINT('',#7258);
#7258 = CARTESIAN_POINT('',(8.,8.369316876853,-2.));
#7259 = CIRCLE('',#7260,13.);
#7260 = AXIS2_PLACEMENT_3D('',#7261,#7262,#7263);
#7261 = CARTESIAN_POINT('',(4.,-4.,-2.));
#7262 = DIRECTION('',(0.,0.,1.));
#7263 = DIRECTION('',(-0.,1.,0.));
#7264 = ORIENTED_EDGE('',*,*,#7265,.T.);
#7265 = EDGE_CURVE('',#7257,#7240,#7266,.T.);
#7266 = LINE('',#7267,#7268);
#7267 = CARTESIAN_POINT('',(8.,2.184658438427,-2.));
#7268 = VECTOR('',#7269,1.);
#7269 = DIRECTION('',(0.,1.,0.));
#7270 = FACE_BOUND('',#7271,.F.);
#7271 = EDGE_LOOP('',(#7272,#7283,#7291,#7300));
#7272 = ORIENTED_EDGE('',*,*,#7273,.F.);
#7273 = EDGE_CURVE('',#7274,#7276,#7278,.T.);
#7274 = VERTEX_POINT('',#7275);
#7275 = CARTESIAN_POINT('',(-15.59591794226,-8.,-2.));
#7276 = VERTEX_POINT('',#7277);
#7277 = CARTESIAN_POINT('',(-3.685940441756E-13,-23.59591794226,-2.));
#7278 = CIRCLE('',#7279,20.);
#7279 = AXIS2_PLACEMENT_3D('',#7280,#7281,#7282);
#7280 = CARTESIAN_POINT('',(4.,-4.,-2.));
#7281 = DIRECTION('',(0.,0.,1.));
#7282 = DIRECTION('',(-0.,1.,0.));
#7283 = ORIENTED_EDGE('',*,*,#7284,.T.);
#7284 = EDGE_CURVE('',#7274,#7285,#7287,.T.);
#7285 = VERTEX_POINT('',#7286);
#7286 = CARTESIAN_POINT('',(-8.369316876853,-8.,-2.));
#7287 = LINE('',#7288,#7289);
#7288 = CARTESIAN_POINT('',(-5.797958971133,-8.,-2.));
#7289 = VECTOR('',#7290,1.);
#7290 = DIRECTION('',(1.,0.,0.));
#7291 = ORIENTED_EDGE('',*,*,#7292,.T.);
#7292 = EDGE_CURVE('',#7285,#7293,#7295,.T.);
#7293 = VERTEX_POINT('',#7294);
#7294 = CARTESIAN_POINT('',(-3.70370401015E-13,-16.36931687685,-2.));
#7295 = CIRCLE('',#7296,13.);
#7296 = AXIS2_PLACEMENT_3D('',#7297,#7298,#7299);
#7297 = CARTESIAN_POINT('',(4.,-4.,-2.));
#7298 = DIRECTION('',(0.,0.,1.));
#7299 = DIRECTION('',(-0.,1.,0.));
#7300 = ORIENTED_EDGE('',*,*,#7301,.T.);
#7301 = EDGE_CURVE('',#7293,#7276,#7302,.T.);
#7302 = LINE('',#7303,#7304);
#7303 = CARTESIAN_POINT('',(-3.694822225953E-13,-10.18465843842,-2.));
#7304 = VECTOR('',#7305,1.);
#7305 = DIRECTION('',(0.,-1.,0.));
#7306 = FACE_BOUND('',#7307,.F.);
#7307 = EDGE_LOOP('',(#7308));
#7308 = ORIENTED_EDGE('',*,*,#222,.F.);
#7309 = FACE_BOUND('',#7310,.F.);
#7310 = EDGE_LOOP('',(#7311,#7322,#7330,#7339));
#7311 = ORIENTED_EDGE('',*,*,#7312,.F.);
#7312 = EDGE_CURVE('',#7313,#7315,#7317,.T.);
#7313 = VERTEX_POINT('',#7314);
#7314 = CARTESIAN_POINT('',(-3.623767952377E-13,15.595917942265,-2.));
#7315 = VERTEX_POINT('',#7316);
#7316 = CARTESIAN_POINT('',(-15.59591794226,1.607602939657E-13,-2.));
#7317 = CIRCLE('',#7318,20.);
#7318 = AXIS2_PLACEMENT_3D('',#7319,#7320,#7321);
#7319 = CARTESIAN_POINT('',(4.,-4.,-2.));
#7320 = DIRECTION('',(0.,0.,1.));
#7321 = DIRECTION('',(-0.,1.,0.));
#7322 = ORIENTED_EDGE('',*,*,#7323,.T.);
#7323 = EDGE_CURVE('',#7313,#7324,#7326,.T.);
#7324 = VERTEX_POINT('',#7325);
#7325 = CARTESIAN_POINT('',(-3.588240815589E-13,8.369316876853,-2.));
#7326 = LINE('',#7327,#7328);
#7327 = CARTESIAN_POINT('',(-3.588240815589E-13,5.797958971133,-2.));
#7328 = VECTOR('',#7329,1.);
#7329 = DIRECTION('',(0.,-1.,0.));
#7330 = ORIENTED_EDGE('',*,*,#7331,.T.);
#7331 = EDGE_CURVE('',#7324,#7332,#7334,.T.);
#7332 = VERTEX_POINT('',#7333);
#7333 = CARTESIAN_POINT('',(-8.369316876853,1.616484723854E-13,-2.));
#7334 = CIRCLE('',#7335,13.);
#7335 = AXIS2_PLACEMENT_3D('',#7336,#7337,#7338);
#7336 = CARTESIAN_POINT('',(4.,-4.,-2.));
#7337 = DIRECTION('',(0.,0.,1.));
#7338 = DIRECTION('',(-0.,1.,0.));
#7339 = ORIENTED_EDGE('',*,*,#7340,.T.);
#7340 = EDGE_CURVE('',#7332,#7315,#7341,.T.);
#7341 = LINE('',#7342,#7343);
#7342 = CARTESIAN_POINT('',(-2.184658438426,1.616484723854E-13,-2.));
#7343 = VECTOR('',#7344,1.);
#7344 = DIRECTION('',(-1.,0.,0.));
#7345 = PLANE('',#7346);
#7346 = AXIS2_PLACEMENT_3D('',#7347,#7348,#7349);
#7347 = CARTESIAN_POINT('',(4.,-4.,-2.));
#7348 = DIRECTION('',(0.,0.,1.));
#7349 = DIRECTION('',(0.,1.,0.));
#7350 = ADVANCED_FACE('',(#7351),#7367,.F.);
#7351 = FACE_BOUND('',#7352,.F.);
#7352 = EDGE_LOOP('',(#7353,#7359,#7360,#7366));
#7353 = ORIENTED_EDGE('',*,*,#7354,.T.);
#7354 = EDGE_CURVE('',#3866,#341,#7355,.T.);
#7355 = LINE('',#7356,#7357);
#7356 = CARTESIAN_POINT('',(4.387084835726,21.497061896029,-2.));
#7357 = VECTOR('',#7358,1.);
#7358 = DIRECTION('',(0.,0.,1.));
#7359 = ORIENTED_EDGE('',*,*,#340,.T.);
#7360 = ORIENTED_EDGE('',*,*,#7361,.F.);
#7361 = EDGE_CURVE('',#3868,#343,#7362,.T.);
#7362 = LINE('',#7363,#7364);
#7363 = CARTESIAN_POINT('',(3.612915164274,21.497061896029,-2.));
#7364 = VECTOR('',#7365,1.);
#7365 = DIRECTION('',(0.,0.,1.));
#7366 = ORIENTED_EDGE('',*,*,#3865,.F.);
#7367 = PLANE('',#7368);
#7368 = AXIS2_PLACEMENT_3D('',#7369,#7370,#7371);
#7369 = CARTESIAN_POINT('',(4.387084835726,21.497061896029,-2.));
#7370 = DIRECTION('',(0.,-1.,0.));
#7371 = DIRECTION('',(-1.,0.,0.));
#7372 = ADVANCED_FACE('',(#7373),#7384,.F.);
#7373 = FACE_BOUND('',#7374,.F.);
#7374 = EDGE_LOOP('',(#7375,#7381,#7382,#7383));
#7375 = ORIENTED_EDGE('',*,*,#7376,.T.);
#7376 = EDGE_CURVE('',#7168,#3643,#7377,.T.);
#7377 = LINE('',#7378,#7379);
#7378 = CARTESIAN_POINT('',(5.070034091081,19.22536387323,-2.));
#7379 = VECTOR('',#7380,1.);
#7380 = DIRECTION('',(0.,0.,1.));
#7381 = ORIENTED_EDGE('',*,*,#3649,.T.);
#7382 = ORIENTED_EDGE('',*,*,#7354,.F.);
#7383 = ORIENTED_EDGE('',*,*,#7174,.F.);
#7384 = SURFACE_OF_LINEAR_EXTRUSION('',#7385,#7408);
#7385 = B_SPLINE_CURVE_WITH_KNOTS('',3,(#7386,#7387,#7388,#7389,#7390,
    #7391,#7392,#7393,#7394,#7395,#7396,#7397,#7398,#7399,#7400,#7401,
    #7402,#7403,#7404,#7405,#7406,#7407),.UNSPECIFIED.,.F.,.F.,(4,1,1,1,
    1,1,1,1,1,1,1,1,1,1,1,1,1,1,1,4),(0.,6.084644507817E-02,
    0.128862891872,0.204049340401,0.286405790677,0.375932242711,
    0.472628696512,0.576495152085,0.687531609436,0.805738068568,
    0.931114529486,1.063660992193,1.20337745669,1.350263922979,
    1.504320391064,1.665546860944,1.833943332622,2.009509806099,
    2.192246281376,2.382152758453),.UNSPECIFIED.);
#7386 = CARTESIAN_POINT('',(5.070034091081,19.22536387323,-2.));
#7387 = CARTESIAN_POINT('',(5.06812781585,19.245556927425,-2.));
#7388 = CARTESIAN_POINT('',(5.06370202537,19.288284162451,-2.));
#7389 = CARTESIAN_POINT('',(5.055495607139,19.35580761268,-2.));
#7390 = CARTESIAN_POINT('',(5.045114478179,19.43027775317,-2.));
#7391 = CARTESIAN_POINT('',(5.032307740278,19.511636718232,-2.));
#7392 = CARTESIAN_POINT('',(5.016830457671,19.599819864941,-2.));
#7393 = CARTESIAN_POINT('',(4.99843785171,19.694756085555,-2.));
#7394 = CARTESIAN_POINT('',(4.976887288559,19.796367757078,-2.));
#7395 = CARTESIAN_POINT('',(4.951937874821,19.904570806587,-2.));
#7396 = CARTESIAN_POINT('',(4.923350777672,20.019274745853,-2.));
#7397 = CARTESIAN_POINT('',(4.890889326036,20.140382719551,-2.));
#7398 = CARTESIAN_POINT('',(4.854319175586,20.267791553774,-2.));
#7399 = CARTESIAN_POINT('',(4.813408453968,20.401391808727,-2.));
#7400 = CARTESIAN_POINT('',(4.767927908282,20.54106783456,-2.));
#7401 = CARTESIAN_POINT('',(4.717651058761,20.686697830122,-2.));
#7402 = CARTESIAN_POINT('',(4.662354315246,20.83815390663,-2.));
#7403 = CARTESIAN_POINT('',(4.601817237635,20.995302147783,-2.));
#7404 = CARTESIAN_POINT('',(4.535822215374,21.158002700062,-2.));
#7405 = CARTESIAN_POINT('',(4.464156448313,21.326109758907,-2.));
#7406 = CARTESIAN_POINT('',(4.413431347506,21.439502786327,-2.));
#7407 = CARTESIAN_POINT('',(4.387084835726,21.497061896029,-2.));
#7408 = VECTOR('',#7409,1.);
#7409 = DIRECTION('',(0.,-0.,-1.));
#7410 = ADVANCED_FACE('',(#7411),#7422,.F.);
#7411 = FACE_BOUND('',#7412,.F.);
#7412 = EDGE_LOOP('',(#7413,#7414,#7415,#7421));
#7413 = ORIENTED_EDGE('',*,*,#7361,.T.);
#7414 = ORIENTED_EDGE('',*,*,#350,.T.);
#7415 = ORIENTED_EDGE('',*,*,#7416,.F.);
#7416 = EDGE_CURVE('',#3876,#351,#7417,.T.);
#7417 = LINE('',#7418,#7419);
#7418 = CARTESIAN_POINT('',(2.929965908919,19.22536387323,-2.));
#7419 = VECTOR('',#7420,1.);
#7420 = DIRECTION('',(0.,0.,1.));
#7421 = ORIENTED_EDGE('',*,*,#3875,.F.);
#7422 = SURFACE_OF_LINEAR_EXTRUSION('',#7423,#7446);
#7423 = B_SPLINE_CURVE_WITH_KNOTS('',3,(#7424,#7425,#7426,#7427,#7428,
    #7429,#7430,#7431,#7432,#7433,#7434,#7435,#7436,#7437,#7438,#7439,
    #7440,#7441,#7442,#7443,#7444,#7445),.UNSPECIFIED.,.F.,.F.,(4,1,1,1,
    1,1,1,1,1,1,1,1,1,1,1,1,1,1,1,4),(0.,0.189906477077,0.372642952354,
    0.548209425831,0.716605897509,0.87783236739,1.031888835474,
    1.178775301764,1.318491766261,1.451038228967,1.576414689885,
    1.694621149018,1.805657606368,1.909524061941,2.006220515742,
    2.095746967776,2.178103418053,2.253289866581,2.321306313375,
    2.382152758453),.UNSPECIFIED.);
#7424 = CARTESIAN_POINT('',(3.612915164274,21.497061896029,-2.));
#7425 = CARTESIAN_POINT('',(3.586568652494,21.439502786327,-2.));
#7426 = CARTESIAN_POINT('',(3.535843551687,21.326109758907,-2.));
#7427 = CARTESIAN_POINT('',(3.464177784626,21.158002700062,-2.));
#7428 = CARTESIAN_POINT('',(3.398182762365,20.995302147783,-2.));
#7429 = CARTESIAN_POINT('',(3.337645684754,20.83815390663,-2.));
#7430 = CARTESIAN_POINT('',(3.282348941239,20.686697830122,-2.));
#7431 = CARTESIAN_POINT('',(3.232072091718,20.54106783456,-2.));
#7432 = CARTESIAN_POINT('',(3.186591546032,20.401391808727,-2.));
#7433 = CARTESIAN_POINT('',(3.145680824414,20.267791553774,-2.));
#7434 = CARTESIAN_POINT('',(3.109110673964,20.140382719551,-2.));
#7435 = CARTESIAN_POINT('',(3.076649222329,20.019274745852,-2.));
#7436 = CARTESIAN_POINT('',(3.048062125179,19.904570806587,-2.));
#7437 = CARTESIAN_POINT('',(3.023112711441,19.796367757078,-2.));
#7438 = CARTESIAN_POINT('',(3.00156214829,19.694756085555,-2.));
#7439 = CARTESIAN_POINT('',(2.983169542329,19.599819864941,-2.));
#7440 = CARTESIAN_POINT('',(2.967692259722,19.511636718232,-2.));
#7441 = CARTESIAN_POINT('',(2.954885521821,19.43027775317,-2.));
#7442 = CARTESIAN_POINT('',(2.944504392861,19.35580761268,-2.));
#7443 = CARTESIAN_POINT('',(2.93629797463,19.288284162451,-2.));
#7444 = CARTESIAN_POINT('',(2.93187218415,19.245556927425,-2.));
#7445 = CARTESIAN_POINT('',(2.929965908919,19.22536387323,-2.));
#7446 = VECTOR('',#7447,1.);
#7447 = DIRECTION('',(0.,-0.,-1.));
#7448 = ADVANCED_FACE('',(#7449),#7460,.F.);
#7449 = FACE_BOUND('',#7450,.F.);
#7450 = EDGE_LOOP('',(#7451,#7457,#7458,#7459));
#7451 = ORIENTED_EDGE('',*,*,#7452,.T.);
#7452 = EDGE_CURVE('',#7141,#3616,#7453,.T.);
#7453 = LINE('',#7454,#7455);
#7454 = CARTESIAN_POINT('',(5.908744485214,19.171516879354,-2.));
#7455 = VECTOR('',#7456,1.);
#7456 = DIRECTION('',(0.,0.,1.));
#7457 = ORIENTED_EDGE('',*,*,#3642,.T.);
#7458 = ORIENTED_EDGE('',*,*,#7376,.F.);
#7459 = ORIENTED_EDGE('',*,*,#7167,.F.);
#7460 = SURFACE_OF_LINEAR_EXTRUSION('',#7461,#7464);
#7461 = B_SPLINE_CURVE_WITH_KNOTS('',1,(#7462,#7463),.UNSPECIFIED.,.F.,
  .F.,(2,2),(0.,0.840437162419),.PIECEWISE_BEZIER_KNOTS.);
#7462 = CARTESIAN_POINT('',(5.908744485214,19.171516879354,-2.));
#7463 = CARTESIAN_POINT('',(5.070034091081,19.22536387323,-2.));
#7464 = VECTOR('',#7465,1.);
#7465 = DIRECTION('',(0.,-0.,-1.));
#7466 = ADVANCED_FACE('',(#7467),#7478,.F.);
#7467 = FACE_BOUND('',#7468,.F.);
#7468 = EDGE_LOOP('',(#7469,#7470,#7471,#7477));
#7469 = ORIENTED_EDGE('',*,*,#7416,.T.);
#7470 = ORIENTED_EDGE('',*,*,#377,.T.);
#7471 = ORIENTED_EDGE('',*,*,#7472,.F.);
#7472 = EDGE_CURVE('',#3903,#378,#7473,.T.);
#7473 = LINE('',#7474,#7475);
#7474 = CARTESIAN_POINT('',(2.091255514786,19.171516879354,-2.));
#7475 = VECTOR('',#7476,1.);
#7476 = DIRECTION('',(0.,0.,1.));
#7477 = ORIENTED_EDGE('',*,*,#3902,.F.);
#7478 = PLANE('',#7479);
#7479 = AXIS2_PLACEMENT_3D('',#7480,#7481,#7482);
#7480 = CARTESIAN_POINT('',(2.929965908919,19.22536387323,-2.));
#7481 = DIRECTION('',(6.407021998071E-02,-0.99794539275,0.));
#7482 = DIRECTION('',(-0.99794539275,-6.407021998071E-02,0.));
#7483 = ADVANCED_FACE('',(#7484),#7495,.F.);
#7484 = FACE_BOUND('',#7485,.F.);
#7485 = EDGE_LOOP('',(#7486,#7492,#7493,#7494));
#7486 = ORIENTED_EDGE('',*,*,#7487,.T.);
#7487 = EDGE_CURVE('',#7134,#3609,#7488,.T.);
#7488 = LINE('',#7489,#7490);
#7489 = CARTESIAN_POINT('',(6.876585031983,21.337230680439,-2.));
#7490 = VECTOR('',#7491,1.);
#7491 = DIRECTION('',(0.,0.,1.));
#7492 = ORIENTED_EDGE('',*,*,#3615,.T.);
#7493 = ORIENTED_EDGE('',*,*,#7452,.F.);
#7494 = ORIENTED_EDGE('',*,*,#7140,.F.);
#7495 = SURFACE_OF_LINEAR_EXTRUSION('',#7496,#7519);
#7496 = B_SPLINE_CURVE_WITH_KNOTS('',3,(#7497,#7498,#7499,#7500,#7501,
    #7502,#7503,#7504,#7505,#7506,#7507,#7508,#7509,#7510,#7511,#7512,
    #7513,#7514,#7515,#7516,#7517,#7518),.UNSPECIFIED.,.F.,.F.,(4,1,1,1,
    1,1,1,1,1,1,1,1,1,1,1,1,1,1,1,4),(0.,0.189906477077,0.372642952354,
    0.548209425831,0.716605897509,0.87783236739,1.031888835474,
    1.178775301764,1.318491766261,1.451038228967,1.576414689885,
    1.694621149018,1.805657606368,1.909524061941,2.006220515742,
    2.095746967776,2.178103418053,2.253289866581,2.321306313375,
    2.382152758453),.UNSPECIFIED.);
#7497 = CARTESIAN_POINT('',(6.876585031983,21.337230680439,-2.));
#7498 = CARTESIAN_POINT('',(6.843094329122,21.283513247378,-2.));
#7499 = CARTESIAN_POINT('',(6.778285302191,21.177537757063,-2.));
#7500 = CARTESIAN_POINT('',(6.685710856542,21.01997526973,-2.));
#7501 = CARTESIAN_POINT('',(6.599451967672,20.867049742868,-2.));
#7502 = CARTESIAN_POINT('',(6.519316227589,20.718932996264,-2.));
#7503 = CARTESIAN_POINT('',(6.44510569639,20.575791562661,-2.));
#7504 = CARTESIAN_POINT('',(6.37661886862,20.437786448165,-2.));
#7505 = CARTESIAN_POINT('',(6.313650343847,20.305073083668,-2.));
#7506 = CARTESIAN_POINT('',(6.255991077284,20.177801231924,-2.));
#7507 = CARTESIAN_POINT('',(6.20342848717,20.056114909511,-2.));
#7508 = CARTESIAN_POINT('',(6.15574659967,19.940152308901,-2.));
#7509 = CARTESIAN_POINT('',(6.112726188005,19.830045724236,-2.));
#7510 = CARTESIAN_POINT('',(6.074144909752,19.725921480482,-2.));
#7511 = CARTESIAN_POINT('',(6.039777464278,19.627899864226,-2.));
#7512 = CARTESIAN_POINT('',(6.009395686925,19.536095062917,-2.));
#7513 = CARTESIAN_POINT('',(5.982768862084,19.450615089594,-2.));
#7514 = CARTESIAN_POINT('',(5.959663313795,19.371561769804,-2.));
#7515 = CARTESIAN_POINT('',(5.939844383564,19.299030537445,-2.));
#7516 = CARTESIAN_POINT('',(5.923070632751,19.233110867279,-2.));
#7517 = CARTESIAN_POINT('',(5.913217340407,19.191300379788,-2.));
#7518 = CARTESIAN_POINT('',(5.908744485214,19.171516879354,-2.));
#7519 = VECTOR('',#7520,1.);
#7520 = DIRECTION('',(0.,-0.,-1.));
#7521 = ADVANCED_FACE('',(#7522),#7533,.F.);
#7522 = FACE_BOUND('',#7523,.F.);
#7523 = EDGE_LOOP('',(#7524,#7525,#7526,#7532));
#7524 = ORIENTED_EDGE('',*,*,#7472,.T.);
#7525 = ORIENTED_EDGE('',*,*,#385,.T.);
#7526 = ORIENTED_EDGE('',*,*,#7527,.F.);
#7527 = EDGE_CURVE('',#3911,#386,#7528,.T.);
#7528 = LINE('',#7529,#7530);
#7529 = CARTESIAN_POINT('',(1.123414968018,21.337230680439,-2.));
#7530 = VECTOR('',#7531,1.);
#7531 = DIRECTION('',(0.,0.,1.));
#7532 = ORIENTED_EDGE('',*,*,#3910,.F.);
#7533 = SURFACE_OF_LINEAR_EXTRUSION('',#7534,#7557);
#7534 = B_SPLINE_CURVE_WITH_KNOTS('',3,(#7535,#7536,#7537,#7538,#7539,
    #7540,#7541,#7542,#7543,#7544,#7545,#7546,#7547,#7548,#7549,#7550,
    #7551,#7552,#7553,#7554,#7555,#7556),.UNSPECIFIED.,.F.,.F.,(4,1,1,1,
    1,1,1,1,1,1,1,1,1,1,1,1,1,1,1,4),(0.,6.084644507817E-02,
    0.128862891872,0.204049340401,0.286405790677,0.375932242711,
    0.472628696512,0.576495152085,0.687531609436,0.805738068568,
    0.931114529486,1.063660992193,1.20337745669,1.350263922979,
    1.504320391064,1.665546860944,1.833943332622,2.009509806099,
    2.192246281376,2.382152758453),.UNSPECIFIED.);
#7535 = CARTESIAN_POINT('',(2.091255514786,19.171516879354,-2.));
#7536 = CARTESIAN_POINT('',(2.086782659593,19.191300379787,-2.));
#7537 = CARTESIAN_POINT('',(2.076929367249,19.233110867279,-2.));
#7538 = CARTESIAN_POINT('',(2.060155616436,19.299030537445,-2.));
#7539 = CARTESIAN_POINT('',(2.040336686205,19.371561769804,-2.));
#7540 = CARTESIAN_POINT('',(2.017231137916,19.450615089594,-2.));
#7541 = CARTESIAN_POINT('',(1.990604313075,19.536095062917,-2.));
#7542 = CARTESIAN_POINT('',(1.960222535722,19.627899864226,-2.));
#7543 = CARTESIAN_POINT('',(1.925855090248,19.725921480482,-2.));
#7544 = CARTESIAN_POINT('',(1.887273811995,19.830045724236,-2.));
#7545 = CARTESIAN_POINT('',(1.844253400331,19.940152308901,-2.));
#7546 = CARTESIAN_POINT('',(1.79657151283,20.05611490951,-2.));
#7547 = CARTESIAN_POINT('',(1.744008922716,20.177801231924,-2.));
#7548 = CARTESIAN_POINT('',(1.686349656153,20.305073083668,-2.));
#7549 = CARTESIAN_POINT('',(1.62338113138,20.437786448165,-2.));
#7550 = CARTESIAN_POINT('',(1.55489430361,20.575791562661,-2.));
#7551 = CARTESIAN_POINT('',(1.480683772411,20.718932996264,-2.));
#7552 = CARTESIAN_POINT('',(1.400548032328,20.867049742868,-2.));
#7553 = CARTESIAN_POINT('',(1.314289143458,21.01997526973,-2.));
#7554 = CARTESIAN_POINT('',(1.221714697809,21.177537757063,-2.));
#7555 = CARTESIAN_POINT('',(1.156905670878,21.283513247378,-2.));
#7556 = CARTESIAN_POINT('',(1.123414968018,21.337230680439,-2.));
#7557 = VECTOR('',#7558,1.);
#7558 = DIRECTION('',(0.,-0.,-1.));
#7559 = ADVANCED_FACE('',(#7560),#7571,.F.);
#7560 = FACE_BOUND('',#7561,.F.);
#7561 = EDGE_LOOP('',(#7562,#7568,#7569,#7570));
#7562 = ORIENTED_EDGE('',*,*,#7563,.T.);
#7563 = EDGE_CURVE('',#7107,#3582,#7564,.T.);
#7564 = LINE('',#7565,#7566);
#7565 = CARTESIAN_POINT('',(7.644398781134,21.238232060191,-2.));
#7566 = VECTOR('',#7567,1.);
#7567 = DIRECTION('',(0.,0.,1.));
#7568 = ORIENTED_EDGE('',*,*,#3608,.T.);
#7569 = ORIENTED_EDGE('',*,*,#7487,.F.);
#7570 = ORIENTED_EDGE('',*,*,#7133,.F.);
#7571 = SURFACE_OF_LINEAR_EXTRUSION('',#7572,#7575);
#7572 = B_SPLINE_CURVE_WITH_KNOTS('',1,(#7573,#7574),.UNSPECIFIED.,.F.,
  .F.,(2,2),(0.,0.774169671453),.PIECEWISE_BEZIER_KNOTS.);
#7573 = CARTESIAN_POINT('',(7.644398781134,21.238232060191,-2.));
#7574 = CARTESIAN_POINT('',(6.876585031983,21.337230680439,-2.));
#7575 = VECTOR('',#7576,1.);
#7576 = DIRECTION('',(0.,-0.,-1.));
#7577 = ADVANCED_FACE('',(#7578),#7589,.F.);
#7578 = FACE_BOUND('',#7579,.F.);
#7579 = EDGE_LOOP('',(#7580,#7581,#7582,#7588));
#7580 = ORIENTED_EDGE('',*,*,#7527,.T.);
#7581 = ORIENTED_EDGE('',*,*,#412,.T.);
#7582 = ORIENTED_EDGE('',*,*,#7583,.F.);
#7583 = EDGE_CURVE('',#3938,#413,#7584,.T.);
#7584 = LINE('',#7585,#7586);
#7585 = CARTESIAN_POINT('',(0.355601218866,21.238232060191,-2.));
#7586 = VECTOR('',#7587,1.);
#7587 = DIRECTION('',(0.,0.,1.));
#7588 = ORIENTED_EDGE('',*,*,#3937,.F.);
#7589 = SURFACE_OF_LINEAR_EXTRUSION('',#7590,#7593);
#7590 = B_SPLINE_CURVE_WITH_KNOTS('',1,(#7591,#7592),.UNSPECIFIED.,.F.,
  .F.,(2,2),(0.,0.774169671453),.PIECEWISE_BEZIER_KNOTS.);
#7591 = CARTESIAN_POINT('',(1.123414968018,21.337230680439,-2.));
#7592 = CARTESIAN_POINT('',(0.355601218866,21.238232060191,-2.));
#7593 = VECTOR('',#7594,1.);
#7594 = DIRECTION('',(0.,-0.,-1.));
#7595 = ADVANCED_FACE('',(#7596),#7607,.F.);
#7596 = FACE_BOUND('',#7597,.F.);
#7597 = EDGE_LOOP('',(#7598,#7604,#7605,#7606));
#7598 = ORIENTED_EDGE('',*,*,#7599,.T.);
#7599 = EDGE_CURVE('',#7100,#3575,#7600,.T.);
#7600 = LINE('',#7601,#7602);
#7601 = CARTESIAN_POINT('',(8.031242737183,18.897851034407,-2.));
#7602 = VECTOR('',#7603,1.);
#7603 = DIRECTION('',(0.,0.,1.));
#7604 = ORIENTED_EDGE('',*,*,#3581,.T.);
#7605 = ORIENTED_EDGE('',*,*,#7563,.F.);
#7606 = ORIENTED_EDGE('',*,*,#7106,.F.);
#7607 = SURFACE_OF_LINEAR_EXTRUSION('',#7608,#7631);
#7608 = B_SPLINE_CURVE_WITH_KNOTS('',3,(#7609,#7610,#7611,#7612,#7613,
    #7614,#7615,#7616,#7617,#7618,#7619,#7620,#7621,#7622,#7623,#7624,
    #7625,#7626,#7627,#7628,#7629,#7630),.UNSPECIFIED.,.F.,.F.,(4,1,1,1,
    1,1,1,1,1,1,1,1,1,1,1,1,1,1,1,4),(0.,6.084644507817E-02,
    0.128862891872,0.204049340401,0.286405790677,0.375932242711,
    0.472628696512,0.576495152085,0.687531609436,0.805738068568,
    0.931114529486,1.063660992193,1.20337745669,1.350263922979,
    1.504320391064,1.665546860944,1.833943332622,2.009509806099,
    2.192246281376,2.382152758453),.UNSPECIFIED.);
#7609 = CARTESIAN_POINT('',(8.031242737183,18.897851034407,-2.));
#7610 = CARTESIAN_POINT('',(8.031934342902,18.918122072973,-2.));
#7611 = CARTESIAN_POINT('',(8.033008725642,18.961064475515,-2.));
#7612 = CARTESIAN_POINT('',(8.033504389153,19.029082972622,-2.));
#7613 = CARTESIAN_POINT('',(8.032731519315,19.104269223594,-2.));
#7614 = CARTESIAN_POINT('',(8.030433878085,19.186597921971,-2.));
#7615 = CARTESIAN_POINT('',(8.026360274264,19.276036277235,-2.));
#7616 = CARTESIAN_POINT('',(8.020258845777,19.372545067036,-2.));
#7617 = CARTESIAN_POINT('',(8.0118790246,19.476078332989,-2.));
#7618 = CARTESIAN_POINT('',(8.00097114406,19.586583497172,-2.));
#7619 = CARTESIAN_POINT('',(7.98728676077,19.704001355526,-2.));
#7620 = CARTESIAN_POINT('',(7.970578761138,19.828266112734,-2.));
#7621 = CARTESIAN_POINT('',(7.950601531212,19.959305409231,-2.));
#7622 = CARTESIAN_POINT('',(7.927111107456,20.0970403549,-2.));
#7623 = CARTESIAN_POINT('',(7.899865330161,20.241385565586,-2.));
#7624 = CARTESIAN_POINT('',(7.868624003368,20.392249201713,-2.));
#7625 = CARTESIAN_POINT('',(7.833149018536,20.549533016537,-2.));
#7626 = CARTESIAN_POINT('',(7.793204620539,20.713132382465,-2.));
#7627 = CARTESIAN_POINT('',(7.748557101328,20.882936421591,-2.));
#7628 = CARTESIAN_POINT('',(7.698976762768,21.058827738687,-2.));
#7629 = CARTESIAN_POINT('',(7.663168492839,21.177776392837,-2.));
#7630 = CARTESIAN_POINT('',(7.644398781134,21.238232060191,-2.));
#7631 = VECTOR('',#7632,1.);
#7632 = DIRECTION('',(0.,-0.,-1.));
#7633 = ADVANCED_FACE('',(#7634),#7645,.F.);
#7634 = FACE_BOUND('',#7635,.F.);
#7635 = EDGE_LOOP('',(#7636,#7637,#7638,#7644));
#7636 = ORIENTED_EDGE('',*,*,#7583,.T.);
#7637 = ORIENTED_EDGE('',*,*,#419,.T.);
#7638 = ORIENTED_EDGE('',*,*,#7639,.F.);
#7639 = EDGE_CURVE('',#3945,#420,#7640,.T.);
#7640 = LINE('',#7641,#7642);
#7641 = CARTESIAN_POINT('',(-3.124273718335E-02,18.897851034407,-2.));
#7642 = VECTOR('',#7643,1.);
#7643 = DIRECTION('',(0.,0.,1.));
#7644 = ORIENTED_EDGE('',*,*,#3944,.F.);
#7645 = SURFACE_OF_LINEAR_EXTRUSION('',#7646,#7669);
#7646 = B_SPLINE_CURVE_WITH_KNOTS('',3,(#7647,#7648,#7649,#7650,#7651,
    #7652,#7653,#7654,#7655,#7656,#7657,#7658,#7659,#7660,#7661,#7662,
    #7663,#7664,#7665,#7666,#7667,#7668),.UNSPECIFIED.,.F.,.F.,(4,1,1,1,
    1,1,1,1,1,1,1,1,1,1,1,1,1,1,1,4),(0.,0.189906477077,0.372642952354,
    0.548209425831,0.716605897509,0.87783236739,1.031888835474,
    1.178775301764,1.318491766261,1.451038228967,1.576414689885,
    1.694621149018,1.805657606368,1.909524061941,2.006220515742,
    2.095746967776,2.178103418053,2.253289866581,2.321306313375,
    2.382152758453),.UNSPECIFIED.);
#7647 = CARTESIAN_POINT('',(0.355601218866,21.238232060191,-2.));
#7648 = CARTESIAN_POINT('',(0.336831507161,21.177776392837,-2.));
#7649 = CARTESIAN_POINT('',(0.301023237232,21.058827738687,-2.));
#7650 = CARTESIAN_POINT('',(0.251442898672,20.882936421591,-2.));
#7651 = CARTESIAN_POINT('',(0.206795379461,20.713132382465,-2.));
#7652 = CARTESIAN_POINT('',(0.166850981464,20.549533016537,-2.));
#7653 = CARTESIAN_POINT('',(0.131375996632,20.392249201713,-2.));
#7654 = CARTESIAN_POINT('',(0.100134669839,20.241385565586,-2.));
#7655 = CARTESIAN_POINT('',(7.288889254357E-02,20.0970403549,-2.));
#7656 = CARTESIAN_POINT('',(4.939846878853E-02,19.959305409231,-2.));
#7657 = CARTESIAN_POINT('',(2.942123886202E-02,19.828266112734,-2.));
#7658 = CARTESIAN_POINT('',(1.271323922957E-02,19.704001355526,-2.));
#7659 = CARTESIAN_POINT('',(-9.711440602693E-04,19.586583497172,-2.));
#7660 = CARTESIAN_POINT('',(-1.187902459974E-02,19.476078332989,-2.));
#7661 = CARTESIAN_POINT('',(-2.0258845777E-02,19.372545067036,-2.));
#7662 = CARTESIAN_POINT('',(-2.636027426351E-02,19.276036277235,-2.));
#7663 = CARTESIAN_POINT('',(-3.043387808519E-02,19.186597921971,-2.));
#7664 = CARTESIAN_POINT('',(-3.273151931485E-02,19.104269223594,-2.));
#7665 = CARTESIAN_POINT('',(-3.350438915345E-02,19.029082972622,-2.));
#7666 = CARTESIAN_POINT('',(-3.300872564184E-02,18.961064475515,-2.));
#7667 = CARTESIAN_POINT('',(-3.193434290207E-02,18.918122072973,-2.));
#7668 = CARTESIAN_POINT('',(-3.124273718335E-02,18.897851034407,-2.));
#7669 = VECTOR('',#7670,1.);
#7670 = DIRECTION('',(0.,-0.,-1.));
#7671 = ADVANCED_FACE('',(#7672),#7683,.F.);
#7672 = FACE_BOUND('',#7673,.F.);
#7673 = EDGE_LOOP('',(#7674,#7680,#7681,#7682));
#7674 = ORIENTED_EDGE('',*,*,#7675,.T.);
#7675 = EDGE_CURVE('',#7073,#3548,#7676,.T.);
#7676 = LINE('',#7677,#7678);
#7677 = CARTESIAN_POINT('',(8.856181529831,18.73719421893,-2.));
#7678 = VECTOR('',#7679,1.);
#7679 = DIRECTION('',(0.,0.,1.));
#7680 = ORIENTED_EDGE('',*,*,#3574,.T.);
#7681 = ORIENTED_EDGE('',*,*,#7599,.F.);
#7682 = ORIENTED_EDGE('',*,*,#7099,.F.);
#7683 = SURFACE_OF_LINEAR_EXTRUSION('',#7684,#7687);
#7684 = B_SPLINE_CURVE_WITH_KNOTS('',1,(#7685,#7686),.UNSPECIFIED.,.F.,
  .F.,(2,2),(0.,0.840437162419),.PIECEWISE_BEZIER_KNOTS.);
#7685 = CARTESIAN_POINT('',(8.856181529831,18.73719421893,-2.));
#7686 = CARTESIAN_POINT('',(8.031242737183,18.897851034407,-2.));
#7687 = VECTOR('',#7688,1.);
#7688 = DIRECTION('',(0.,-0.,-1.));
#7689 = ADVANCED_FACE('',(#7690),#7701,.F.);
#7690 = FACE_BOUND('',#7691,.F.);
#7691 = EDGE_LOOP('',(#7692,#7693,#7694,#7700));
#7692 = ORIENTED_EDGE('',*,*,#7639,.T.);
#7693 = ORIENTED_EDGE('',*,*,#446,.T.);
#7694 = ORIENTED_EDGE('',*,*,#7695,.F.);
#7695 = EDGE_CURVE('',#3972,#447,#7696,.T.);
#7696 = LINE('',#7697,#7698);
#7697 = CARTESIAN_POINT('',(-0.856181529831,18.73719421893,-2.));
#7698 = VECTOR('',#7699,1.);
#7699 = DIRECTION('',(0.,0.,1.));
#7700 = ORIENTED_EDGE('',*,*,#3971,.F.);
#7701 = SURFACE_OF_LINEAR_EXTRUSION('',#7702,#7705);
#7702 = B_SPLINE_CURVE_WITH_KNOTS('',1,(#7703,#7704),.UNSPECIFIED.,.F.,
  .F.,(2,2),(0.,0.840437162419),.PIECEWISE_BEZIER_KNOTS.);
#7703 = CARTESIAN_POINT('',(-3.124273718335E-02,18.897851034407,-2.));
#7704 = CARTESIAN_POINT('',(-0.856181529831,18.73719421893,-2.));
#7705 = VECTOR('',#7706,1.);
#7706 = DIRECTION('',(0.,-0.,-1.));
#7707 = ADVANCED_FACE('',(#7708),#7719,.F.);
#7708 = FACE_BOUND('',#7709,.F.);
#7709 = EDGE_LOOP('',(#7710,#7716,#7717,#7718));
#7710 = ORIENTED_EDGE('',*,*,#7711,.T.);
#7711 = EDGE_CURVE('',#7066,#3541,#7712,.T.);
#7712 = LINE('',#7713,#7714);
#7713 = CARTESIAN_POINT('',(10.093021452994,20.761362837561,-2.));
#7714 = VECTOR('',#7715,1.);
#7715 = DIRECTION('',(0.,0.,1.));
#7716 = ORIENTED_EDGE('',*,*,#3547,.T.);
#7717 = ORIENTED_EDGE('',*,*,#7675,.F.);
#7718 = ORIENTED_EDGE('',*,*,#7072,.F.);
#7719 = SURFACE_OF_LINEAR_EXTRUSION('',#7720,#7743);
#7720 = B_SPLINE_CURVE_WITH_KNOTS('',3,(#7721,#7722,#7723,#7724,#7725,
    #7726,#7727,#7728,#7729,#7730,#7731,#7732,#7733,#7734,#7735,#7736,
    #7737,#7738,#7739,#7740,#7741,#7742),.UNSPECIFIED.,.F.,.F.,(4,1,1,1,
    1,1,1,1,1,1,1,1,1,1,1,1,1,1,1,4),(0.,0.189906477077,0.372642952354,
    0.548209425831,0.716605897509,0.87783236739,1.031888835474,
    1.178775301764,1.318491766261,1.451038228967,1.576414689885,
    1.694621149018,1.805657606368,1.909524061941,2.006220515742,
    2.095746967776,2.178103418053,2.253289866581,2.321306313375,
    2.382152758453),.UNSPECIFIED.);
#7721 = CARTESIAN_POINT('',(10.093021452994,20.761362837561,-2.));
#7722 = CARTESIAN_POINT('',(10.052936475468,20.712369119908,-2.));
#7723 = CARTESIAN_POINT('',(9.975107684843,20.615551281319,-2.));
#7724 = CARTESIAN_POINT('',(9.863144630445,20.471120537183,-2.));
#7725 = CARTESIAN_POINT('',(9.758038243535,20.330481068661,-2.));
#7726 = CARTESIAN_POINT('',(9.659619667618,20.19382788949,-2.));
#7727 = CARTESIAN_POINT('',(9.567713883605,20.061351477176,-2.));
#7728 = CARTESIAN_POINT('',(9.482141629405,19.93323728391,-2.));
#7729 = CARTESIAN_POINT('',(9.40271906698,19.809665730524,-2.));
#7730 = CARTESIAN_POINT('',(9.329258019036,19.690812082277,-2.));
#7731 = CARTESIAN_POINT('',(9.261566065533,19.576846357723,-2.));
#7732 = CARTESIAN_POINT('',(9.199446677443,19.467933232899,-2.));
#7733 = CARTESIAN_POINT('',(9.142699345234,19.36423194991,-2.));
#7734 = CARTESIAN_POINT('',(9.091119705988,19.265896229115,-2.));
#7735 = CARTESIAN_POINT('',(9.044499690696,19.173074180356,-2.));
#7736 = CARTESIAN_POINT('',(9.002627609894,19.085908230651,-2.));
#7737 = CARTESIAN_POINT('',(8.965288454548,19.004535009512,-2.));
#7738 = CARTESIAN_POINT('',(8.932263488334,18.929085388319,-2.));
#7739 = CARTESIAN_POINT('',(8.903332183119,18.859684024921,-2.));
#7740 = CARTESIAN_POINT('',(8.878266524248,18.796450533981,-2.));
#7741 = CARTESIAN_POINT('',(8.86314752083,18.756243321072,-2.));
#7742 = CARTESIAN_POINT('',(8.856181529831,18.73719421893,-2.));
#7743 = VECTOR('',#7744,1.);
#7744 = DIRECTION('',(0.,-0.,-1.));
#7745 = ADVANCED_FACE('',(#7746),#7757,.F.);
#7746 = FACE_BOUND('',#7747,.F.);
#7747 = EDGE_LOOP('',(#7748,#7749,#7750,#7756));
#7748 = ORIENTED_EDGE('',*,*,#7695,.T.);
#7749 = ORIENTED_EDGE('',*,*,#453,.T.);
#7750 = ORIENTED_EDGE('',*,*,#7751,.F.);
#7751 = EDGE_CURVE('',#3979,#454,#7752,.T.);
#7752 = LINE('',#7753,#7754);
#7753 = CARTESIAN_POINT('',(-2.093021452994,20.761362837561,-2.));
#7754 = VECTOR('',#7755,1.);
#7755 = DIRECTION('',(0.,0.,1.));
#7756 = ORIENTED_EDGE('',*,*,#3978,.F.);
#7757 = SURFACE_OF_LINEAR_EXTRUSION('',#7758,#7781);
#7758 = B_SPLINE_CURVE_WITH_KNOTS('',3,(#7759,#7760,#7761,#7762,#7763,
    #7764,#7765,#7766,#7767,#7768,#7769,#7770,#7771,#7772,#7773,#7774,
    #7775,#7776,#7777,#7778,#7779,#7780),.UNSPECIFIED.,.F.,.F.,(4,1,1,1,
    1,1,1,1,1,1,1,1,1,1,1,1,1,1,1,4),(0.,6.084644507817E-02,
    0.128862891872,0.204049340401,0.286405790677,0.375932242711,
    0.472628696512,0.576495152085,0.687531609436,0.805738068568,
    0.931114529486,1.063660992193,1.20337745669,1.350263922979,
    1.504320391064,1.665546860944,1.833943332622,2.009509806099,
    2.192246281376,2.382152758453),.UNSPECIFIED.);
#7759 = CARTESIAN_POINT('',(-0.856181529831,18.73719421893,-2.));
#7760 = CARTESIAN_POINT('',(-0.86314752083,18.756243321072,-2.));
#7761 = CARTESIAN_POINT('',(-0.878266524248,18.796450533981,-2.));
#7762 = CARTESIAN_POINT('',(-0.903332183119,18.859684024921,-2.));
#7763 = CARTESIAN_POINT('',(-0.932263488334,18.929085388319,-2.));
#7764 = CARTESIAN_POINT('',(-0.965288454548,19.004535009512,-2.));
#7765 = CARTESIAN_POINT('',(-1.002627609894,19.085908230651,-2.));
#7766 = CARTESIAN_POINT('',(-1.044499690696,19.173074180355,-2.));
#7767 = CARTESIAN_POINT('',(-1.091119705988,19.265896229115,-2.));
#7768 = CARTESIAN_POINT('',(-1.142699345234,19.36423194991,-2.));
#7769 = CARTESIAN_POINT('',(-1.199446677443,19.467933232899,-2.));
#7770 = CARTESIAN_POINT('',(-1.261566065533,19.576846357723,-2.));
#7771 = CARTESIAN_POINT('',(-1.329258019035,19.690812082277,-2.));
#7772 = CARTESIAN_POINT('',(-1.40271906698,19.809665730524,-2.));
#7773 = CARTESIAN_POINT('',(-1.482141629405,19.93323728391,-2.));
#7774 = CARTESIAN_POINT('',(-1.567713883605,20.061351477176,-2.));
#7775 = CARTESIAN_POINT('',(-1.659619667618,20.19382788949,-2.));
#7776 = CARTESIAN_POINT('',(-1.758038243535,20.330481068661,-2.));
#7777 = CARTESIAN_POINT('',(-1.863144630445,20.471120537183,-2.));
#7778 = CARTESIAN_POINT('',(-1.975107684843,20.615551281319,-2.));
#7779 = CARTESIAN_POINT('',(-2.052936475468,20.712369119908,-2.));
#7780 = CARTESIAN_POINT('',(-2.093021452994,20.761362837561,-2.));
#7781 = VECTOR('',#7782,1.);
#7782 = DIRECTION('',(0.,-0.,-1.));
#7783 = ADVANCED_FACE('',(#7784),#7795,.F.);
#7784 = FACE_BOUND('',#7785,.F.);
#7785 = EDGE_LOOP('',(#7786,#7792,#7793,#7794));
#7786 = ORIENTED_EDGE('',*,*,#7787,.T.);
#7787 = EDGE_CURVE('',#7039,#3514,#7788,.T.);
#7788 = LINE('',#7789,#7790);
#7789 = CARTESIAN_POINT('',(10.841871799311,20.564991151674,-2.));
#7790 = VECTOR('',#7791,1.);
#7791 = DIRECTION('',(0.,0.,1.));
#7792 = ORIENTED_EDGE('',*,*,#3540,.T.);
#7793 = ORIENTED_EDGE('',*,*,#7711,.F.);
#7794 = ORIENTED_EDGE('',*,*,#7065,.F.);
#7795 = SURFACE_OF_LINEAR_EXTRUSION('',#7796,#7799);
#7796 = B_SPLINE_CURVE_WITH_KNOTS('',1,(#7797,#7798),.UNSPECIFIED.,.F.,
  .F.,(2,2),(0.,0.774169671453),.PIECEWISE_BEZIER_KNOTS.);
#7797 = CARTESIAN_POINT('',(10.841871799311,20.564991151674,-2.));
#7798 = CARTESIAN_POINT('',(10.093021452994,20.761362837561,-2.));
#7799 = VECTOR('',#7800,1.);
#7800 = DIRECTION('',(0.,-0.,-1.));
#7801 = ADVANCED_FACE('',(#7802),#7813,.F.);
#7802 = FACE_BOUND('',#7803,.F.);
#7803 = EDGE_LOOP('',(#7804,#7805,#7806,#7812));
#7804 = ORIENTED_EDGE('',*,*,#7751,.T.);
#7805 = ORIENTED_EDGE('',*,*,#480,.T.);
#7806 = ORIENTED_EDGE('',*,*,#7807,.F.);
#7807 = EDGE_CURVE('',#4006,#481,#7808,.T.);
#7808 = LINE('',#7809,#7810);
#7809 = CARTESIAN_POINT('',(-2.841871799311,20.564991151673,-2.));
#7810 = VECTOR('',#7811,1.);
#7811 = DIRECTION('',(0.,0.,1.));
#7812 = ORIENTED_EDGE('',*,*,#4005,.F.);
#7813 = SURFACE_OF_LINEAR_EXTRUSION('',#7814,#7817);
#7814 = B_SPLINE_CURVE_WITH_KNOTS('',1,(#7815,#7816),.UNSPECIFIED.,.F.,
  .F.,(2,2),(0.,0.774169671453),.PIECEWISE_BEZIER_KNOTS.);
#7815 = CARTESIAN_POINT('',(-2.093021452994,20.761362837561,-2.));
#7816 = CARTESIAN_POINT('',(-2.841871799311,20.564991151673,-2.));
#7817 = VECTOR('',#7818,1.);
#7818 = DIRECTION('',(0.,-0.,-1.));
#7819 = ADVANCED_FACE('',(#7820),#7831,.F.);
#7820 = FACE_BOUND('',#7821,.F.);
#7821 = EDGE_LOOP('',(#7822,#7828,#7829,#7830));
#7822 = ORIENTED_EDGE('',*,*,#7823,.T.);
#7823 = EDGE_CURVE('',#7032,#3507,#7824,.T.);
#7824 = LINE('',#7825,#7826);
#7825 = CARTESIAN_POINT('',(10.926258488991,18.194356114645,-2.));
#7826 = VECTOR('',#7827,1.);
#7827 = DIRECTION('',(0.,0.,1.));
#7828 = ORIENTED_EDGE('',*,*,#3513,.T.);
#7829 = ORIENTED_EDGE('',*,*,#7787,.F.);
#7830 = ORIENTED_EDGE('',*,*,#7038,.F.);
#7831 = SURFACE_OF_LINEAR_EXTRUSION('',#7832,#7855);
#7832 = B_SPLINE_CURVE_WITH_KNOTS('',3,(#7833,#7834,#7835,#7836,#7837,
    #7838,#7839,#7840,#7841,#7842,#7843,#7844,#7845,#7846,#7847,#7848,
    #7849,#7850,#7851,#7852,#7853,#7854),.UNSPECIFIED.,.F.,.F.,(4,1,1,1,
    1,1,1,1,1,1,1,1,1,1,1,1,1,1,1,4),(0.,6.084644507817E-02,
    0.128862891872,0.204049340401,0.286405790677,0.375932242711,
    0.472628696512,0.576495152085,0.687531609436,0.805738068568,
    0.931114529486,1.063660992193,1.20337745669,1.350263922979,
    1.504320391064,1.665546860944,1.833943332622,2.009509806099,
    2.192246281376,2.382152758453),.UNSPECIFIED.);
#7833 = CARTESIAN_POINT('',(10.926258488991,18.194356114645,-2.));
#7834 = CARTESIAN_POINT('',(10.929536619512,18.214372287688,-2.));
#7835 = CARTESIAN_POINT('',(10.936093534137,18.256824744683,-2.));
#7836 = CARTESIAN_POINT('',(10.945283140611,18.324221426827,-2.));
#7837 = CARTESIAN_POINT('',(10.954131220395,18.398889232119,-2.));
#7838 = CARTESIAN_POINT('',(10.962380403041,18.480835828859,-2.));
#7839 = CARTESIAN_POINT('',(10.969777366468,18.570060817357,-2.));
#7840 = CARTESIAN_POINT('',(10.976067300742,18.666557504685,-2.));
#7841 = CARTESIAN_POINT('',(10.980995817971,18.770312351703,-2.));
#7842 = CARTESIAN_POINT('',(10.984308577727,18.881305138819,-2.));
#7843 = CARTESIAN_POINT('',(10.985751605492,18.999508918273,-2.));
#7844 = CARTESIAN_POINT('',(10.985071402755,19.124890035113,-2.));
#7845 = CARTESIAN_POINT('',(10.982015118915,19.257408132259,-2.));
#7846 = CARTESIAN_POINT('',(10.976330705131,19.397016164645,-2.));
#7847 = CARTESIAN_POINT('',(10.967767071136,19.543660415815,-2.));
#7848 = CARTESIAN_POINT('',(10.956074248794,19.697280515772,-2.));
#7849 = CARTESIAN_POINT('',(10.941003520916,19.857809473022,-2.));
#7850 = CARTESIAN_POINT('',(10.922307688441,20.025173666657,-2.));
#7851 = CARTESIAN_POINT('',(10.899740783312,20.199293015002,-2.));
#7852 = CARTESIAN_POINT('',(10.873059981042,20.380080459788,-2.));
#7853 = CARTESIAN_POINT('',(10.852756512793,20.502631607054,-2.));
#7854 = CARTESIAN_POINT('',(10.841871799311,20.564991151674,-2.));
#7855 = VECTOR('',#7856,1.);
#7856 = DIRECTION('',(0.,-0.,-1.));
#7857 = ADVANCED_FACE('',(#7858),#7869,.F.);
#7858 = FACE_BOUND('',#7859,.F.);
#7859 = EDGE_LOOP('',(#7860,#7861,#7862,#7868));
#7860 = ORIENTED_EDGE('',*,*,#7807,.T.);
#7861 = ORIENTED_EDGE('',*,*,#487,.T.);
#7862 = ORIENTED_EDGE('',*,*,#7863,.F.);
#7863 = EDGE_CURVE('',#4013,#488,#7864,.T.);
#7864 = LINE('',#7865,#7866);
#7865 = CARTESIAN_POINT('',(-2.926258488991,18.194356114645,-2.));
#7866 = VECTOR('',#7867,1.);
#7867 = DIRECTION('',(0.,0.,1.));
#7868 = ORIENTED_EDGE('',*,*,#4012,.F.);
#7869 = SURFACE_OF_LINEAR_EXTRUSION('',#7870,#7893);
#7870 = B_SPLINE_CURVE_WITH_KNOTS('',3,(#7871,#7872,#7873,#7874,#7875,
    #7876,#7877,#7878,#7879,#7880,#7881,#7882,#7883,#7884,#7885,#7886,
    #7887,#7888,#7889,#7890,#7891,#7892),.UNSPECIFIED.,.F.,.F.,(4,1,1,1,
    1,1,1,1,1,1,1,1,1,1,1,1,1,1,1,4),(0.,0.189906477077,0.372642952354,
    0.548209425831,0.716605897509,0.87783236739,1.031888835474,
    1.178775301764,1.318491766261,1.451038228967,1.576414689885,
    1.694621149018,1.805657606368,1.909524061941,2.006220515742,
    2.095746967776,2.178103418053,2.253289866581,2.321306313375,
    2.382152758453),.UNSPECIFIED.);
#7871 = CARTESIAN_POINT('',(-2.841871799311,20.564991151673,-2.));
#7872 = CARTESIAN_POINT('',(-2.852756512793,20.502631607054,-2.));
#7873 = CARTESIAN_POINT('',(-2.873059981042,20.380080459787,-2.));
#7874 = CARTESIAN_POINT('',(-2.899740783312,20.199293015002,-2.));
#7875 = CARTESIAN_POINT('',(-2.922307688441,20.025173666657,-2.));
#7876 = CARTESIAN_POINT('',(-2.941003520916,19.857809473022,-2.));
#7877 = CARTESIAN_POINT('',(-2.956074248794,19.697280515772,-2.));
#7878 = CARTESIAN_POINT('',(-2.967767071136,19.543660415815,-2.));
#7879 = CARTESIAN_POINT('',(-2.976330705131,19.397016164645,-2.));
#7880 = CARTESIAN_POINT('',(-2.982015118915,19.257408132259,-2.));
#7881 = CARTESIAN_POINT('',(-2.985071402755,19.124890035113,-2.));
#7882 = CARTESIAN_POINT('',(-2.985751605492,18.999508918273,-2.));
#7883 = CARTESIAN_POINT('',(-2.984308577727,18.881305138819,-2.));
#7884 = CARTESIAN_POINT('',(-2.980995817971,18.770312351703,-2.));
#7885 = CARTESIAN_POINT('',(-2.976067300742,18.666557504685,-2.));
#7886 = CARTESIAN_POINT('',(-2.969777366468,18.570060817357,-2.));
#7887 = CARTESIAN_POINT('',(-2.962380403041,18.480835828859,-2.));
#7888 = CARTESIAN_POINT('',(-2.954131220395,18.398889232119,-2.));
#7889 = CARTESIAN_POINT('',(-2.945283140611,18.324221426826,-2.));
#7890 = CARTESIAN_POINT('',(-2.936093534137,18.256824744683,-2.));
#7891 = CARTESIAN_POINT('',(-2.929536619512,18.214372287688,-2.));
#7892 = CARTESIAN_POINT('',(-2.926258488991,18.194356114645,-2.));
#7893 = VECTOR('',#7894,1.);
#7894 = DIRECTION('',(0.,-0.,-1.));
#7895 = ADVANCED_FACE('',(#7896),#7907,.F.);
#7896 = FACE_BOUND('',#7897,.F.);
#7897 = EDGE_LOOP('',(#7898,#7904,#7905,#7906));
#7898 = ORIENTED_EDGE('',*,*,#7899,.T.);
#7899 = EDGE_CURVE('',#7005,#3480,#7900,.T.);
#7900 = LINE('',#7901,#7902);
#7901 = CARTESIAN_POINT('',(11.723880207986,17.929527458034,-2.));
#7902 = VECTOR('',#7903,1.);
#7903 = DIRECTION('',(0.,0.,1.));
#7904 = ORIENTED_EDGE('',*,*,#3506,.T.);
#7905 = ORIENTED_EDGE('',*,*,#7823,.F.);
#7906 = ORIENTED_EDGE('',*,*,#7031,.F.);
#7907 = SURFACE_OF_LINEAR_EXTRUSION('',#7908,#7911);
#7908 = B_SPLINE_CURVE_WITH_KNOTS('',1,(#7909,#7910),.UNSPECIFIED.,.F.,
  .F.,(2,2),(0.,0.840437162419),.PIECEWISE_BEZIER_KNOTS.);
#7909 = CARTESIAN_POINT('',(11.723880207986,17.929527458034,-2.));
#7910 = CARTESIAN_POINT('',(10.926258488991,18.194356114645,-2.));
#7911 = VECTOR('',#7912,1.);
#7912 = DIRECTION('',(0.,-0.,-1.));
#7913 = ADVANCED_FACE('',(#7914),#7925,.F.);
#7914 = FACE_BOUND('',#7915,.F.);
#7915 = EDGE_LOOP('',(#7916,#7917,#7918,#7924));
#7916 = ORIENTED_EDGE('',*,*,#7863,.T.);
#7917 = ORIENTED_EDGE('',*,*,#514,.T.);
#7918 = ORIENTED_EDGE('',*,*,#7919,.F.);
#7919 = EDGE_CURVE('',#4040,#515,#7920,.T.);
#7920 = LINE('',#7921,#7922);
#7921 = CARTESIAN_POINT('',(-3.723880207986,17.929527458034,-2.));
#7922 = VECTOR('',#7923,1.);
#7923 = DIRECTION('',(0.,0.,1.));
#7924 = ORIENTED_EDGE('',*,*,#4039,.F.);
#7925 = SURFACE_OF_LINEAR_EXTRUSION('',#7926,#7929);
#7926 = B_SPLINE_CURVE_WITH_KNOTS('',1,(#7927,#7928),.UNSPECIFIED.,.F.,
  .F.,(2,2),(0.,0.840437162419),.PIECEWISE_BEZIER_KNOTS.);
#7927 = CARTESIAN_POINT('',(-2.926258488991,18.194356114645,-2.));
#7928 = CARTESIAN_POINT('',(-3.723880207986,17.929527458034,-2.));
#7929 = VECTOR('',#7930,1.);
#7930 = DIRECTION('',(0.,-0.,-1.));
#7931 = ADVANCED_FACE('',(#7932),#7943,.F.);
#7932 = FACE_BOUND('',#7933,.F.);
#7933 = EDGE_LOOP('',(#7934,#7940,#7941,#7942));
#7934 = ORIENTED_EDGE('',*,*,#7935,.T.);
#7935 = EDGE_CURVE('',#6998,#3473,#7936,.T.);
#7936 = LINE('',#7937,#7938);
#7937 = CARTESIAN_POINT('',(13.209410630198,19.778914101456,-2.));
#7938 = VECTOR('',#7939,1.);
#7939 = DIRECTION('',(0.,0.,1.));
#7940 = ORIENTED_EDGE('',*,*,#3479,.T.);
#7941 = ORIENTED_EDGE('',*,*,#7899,.F.);
#7942 = ORIENTED_EDGE('',*,*,#7004,.F.);
#7943 = SURFACE_OF_LINEAR_EXTRUSION('',#7944,#7967);
#7944 = B_SPLINE_CURVE_WITH_KNOTS('',3,(#7945,#7946,#7947,#7948,#7949,
    #7950,#7951,#7952,#7953,#7954,#7955,#7956,#7957,#7958,#7959,#7960,
    #7961,#7962,#7963,#7964,#7965,#7966),.UNSPECIFIED.,.F.,.F.,(4,1,1,1,
    1,1,1,1,1,1,1,1,1,1,1,1,1,1,1,4),(0.,0.189906477077,0.372642952354,
    0.548209425831,0.716605897509,0.87783236739,1.031888835474,
    1.178775301764,1.318491766261,1.451038228967,1.576414689885,
    1.694621149018,1.805657606368,1.909524061941,2.006220515742,
    2.095746967776,2.178103418053,2.253289866581,2.321306313375,
    2.382152758453),.UNSPECIFIED.);
#7945 = CARTESIAN_POINT('',(13.209410630198,19.778914101456,-2.));
#7946 = CARTESIAN_POINT('',(13.163389572229,19.735448574699,-2.));
#7947 = CARTESIAN_POINT('',(13.0738189645,19.649378134069,-2.));
#7948 = CARTESIAN_POINT('',(12.944305731611,19.520450681956,-2.));
#7949 = CARTESIAN_POINT('',(12.82207769063,19.39440656796,-2.));
#7950 = CARTESIAN_POINT('',(12.706992309172,19.271460797646,-2.));
#7951 = CARTESIAN_POINT('',(12.598900362779,19.151824665648,-2.));
#7952 = CARTESIAN_POINT('',(12.497647776197,19.035705025124,-2.));
#7953 = CARTESIAN_POINT('',(12.403075292399,18.923304324339,-2.));
#7954 = CARTESIAN_POINT('',(12.315018691449,18.814820453207,-2.));
#7955 = CARTESIAN_POINT('',(12.233308874564,18.710446640559,-2.));
#7956 = CARTESIAN_POINT('',(12.157771984519,18.610371342019,-2.));
#7957 = CARTESIAN_POINT('',(12.088229521391,18.514778132905,-2.));
#7958 = CARTESIAN_POINT('',(12.024498457403,18.423845604886,-2.));
#7959 = CARTESIAN_POINT('',(11.966391371655,18.337747259097,-2.));
#7960 = CARTESIAN_POINT('',(11.913716525814,18.256651423482,-2.));
#7961 = CARTESIAN_POINT('',(11.866278147861,18.180721100569,-2.));
#7962 = CARTESIAN_POINT('',(11.823876032755,18.110114058667,-2.));
#7963 = CARTESIAN_POINT('',(11.786307403787,18.044982132698,-2.));
#7964 = CARTESIAN_POINT('',(11.753361414285,17.985473113156,-2.));
#7965 = CARTESIAN_POINT('',(11.733224953409,17.947529376154,-2.));
#7966 = CARTESIAN_POINT('',(11.723880207986,17.929527458034,-2.));
#7967 = VECTOR('',#7968,1.);
#7968 = DIRECTION('',(0.,-0.,-1.));
#7969 = ADVANCED_FACE('',(#7970),#7981,.F.);
#7970 = FACE_BOUND('',#7971,.F.);
#7971 = EDGE_LOOP('',(#7972,#7973,#7974,#7980));
#7972 = ORIENTED_EDGE('',*,*,#7919,.T.);
#7973 = ORIENTED_EDGE('',*,*,#521,.T.);
#7974 = ORIENTED_EDGE('',*,*,#7975,.F.);
#7975 = EDGE_CURVE('',#4047,#522,#7976,.T.);
#7976 = LINE('',#7977,#7978);
#7977 = CARTESIAN_POINT('',(-5.209410630198,19.778914101456,-2.));
#7978 = VECTOR('',#7979,1.);
#7979 = DIRECTION('',(0.,0.,1.));
#7980 = ORIENTED_EDGE('',*,*,#4046,.F.);
#7981 = SURFACE_OF_LINEAR_EXTRUSION('',#7982,#8005);
#7982 = B_SPLINE_CURVE_WITH_KNOTS('',3,(#7983,#7984,#7985,#7986,#7987,
    #7988,#7989,#7990,#7991,#7992,#7993,#7994,#7995,#7996,#7997,#7998,
    #7999,#8000,#8001,#8002,#8003,#8004),.UNSPECIFIED.,.F.,.F.,(4,1,1,1,
    1,1,1,1,1,1,1,1,1,1,1,1,1,1,1,4),(0.,6.084644507817E-02,
    0.128862891872,0.204049340401,0.286405790677,0.375932242711,
    0.472628696512,0.576495152085,0.687531609436,0.805738068568,
    0.931114529486,1.063660992193,1.20337745669,1.350263922979,
    1.504320391064,1.665546860944,1.833943332622,2.009509806099,
    2.192246281376,2.382152758453),.UNSPECIFIED.);
#7983 = CARTESIAN_POINT('',(-3.723880207986,17.929527458034,-2.));
#7984 = CARTESIAN_POINT('',(-3.733224953409,17.947529376154,-2.));
#7985 = CARTESIAN_POINT('',(-3.753361414285,17.985473113156,-2.));
#7986 = CARTESIAN_POINT('',(-3.786307403787,18.044982132698,-2.));
#7987 = CARTESIAN_POINT('',(-3.823876032755,18.110114058667,-2.));
#7988 = CARTESIAN_POINT('',(-3.866278147861,18.180721100569,-2.));
#7989 = CARTESIAN_POINT('',(-3.913716525814,18.256651423482,-2.));
#7990 = CARTESIAN_POINT('',(-3.966391371655,18.337747259097,-2.));
#7991 = CARTESIAN_POINT('',(-4.024498457403,18.423845604886,-2.));
#7992 = CARTESIAN_POINT('',(-4.088229521391,18.514778132905,-2.));
#7993 = CARTESIAN_POINT('',(-4.157771984519,18.610371342019,-2.));
#7994 = CARTESIAN_POINT('',(-4.233308874564,18.710446640559,-2.));
#7995 = CARTESIAN_POINT('',(-4.315018691449,18.814820453207,-2.));
#7996 = CARTESIAN_POINT('',(-4.403075292399,18.923304324339,-2.));
#7997 = CARTESIAN_POINT('',(-4.497647776197,19.035705025124,-2.));
#7998 = CARTESIAN_POINT('',(-4.598900362779,19.151824665648,-2.));
#7999 = CARTESIAN_POINT('',(-4.706992309172,19.271460797646,-2.));
#8000 = CARTESIAN_POINT('',(-4.82207769063,19.394406567959,-2.));
#8001 = CARTESIAN_POINT('',(-4.944305731611,19.520450681956,-2.));
#8002 = CARTESIAN_POINT('',(-5.0738189645,19.649378134069,-2.));
#8003 = CARTESIAN_POINT('',(-5.163389572229,19.735448574699,-2.));
#8004 = CARTESIAN_POINT('',(-5.209410630198,19.778914101456,-2.));
#8005 = VECTOR('',#8006,1.);
#8006 = DIRECTION('',(0.,-0.,-1.));
#8007 = ADVANCED_FACE('',(#8008),#8019,.F.);
#8008 = FACE_BOUND('',#8009,.F.);
#8009 = EDGE_LOOP('',(#8010,#8016,#8017,#8018));
#8010 = ORIENTED_EDGE('',*,*,#8011,.T.);
#8011 = EDGE_CURVE('',#6971,#3446,#8012,.T.);
#8012 = LINE('',#8013,#8014);
#8013 = CARTESIAN_POINT('',(13.927001471696,19.488393767581,-2.));
#8014 = VECTOR('',#8015,1.);
#8015 = DIRECTION('',(0.,0.,1.));
#8016 = ORIENTED_EDGE('',*,*,#3472,.T.);
#8017 = ORIENTED_EDGE('',*,*,#7935,.F.);
#8018 = ORIENTED_EDGE('',*,*,#6997,.F.);
#8019 = SURFACE_OF_LINEAR_EXTRUSION('',#8020,#8023);
#8020 = B_SPLINE_CURVE_WITH_KNOTS('',1,(#8021,#8022),.UNSPECIFIED.,.F.,
  .F.,(2,2),(0.,0.774169671453),.PIECEWISE_BEZIER_KNOTS.);
#8021 = CARTESIAN_POINT('',(13.927001471696,19.488393767581,-2.));
#8022 = CARTESIAN_POINT('',(13.209410630198,19.778914101456,-2.));
#8023 = VECTOR('',#8024,1.);
#8024 = DIRECTION('',(0.,-0.,-1.));
#8025 = ADVANCED_FACE('',(#8026),#8037,.F.);
#8026 = FACE_BOUND('',#8027,.F.);
#8027 = EDGE_LOOP('',(#8028,#8029,#8030,#8036));
#8028 = ORIENTED_EDGE('',*,*,#7975,.T.);
#8029 = ORIENTED_EDGE('',*,*,#548,.T.);
#8030 = ORIENTED_EDGE('',*,*,#8031,.F.);
#8031 = EDGE_CURVE('',#4074,#549,#8032,.T.);
#8032 = LINE('',#8033,#8034);
#8033 = CARTESIAN_POINT('',(-5.927001471696,19.488393767581,-2.));
#8034 = VECTOR('',#8035,1.);
#8035 = DIRECTION('',(0.,0.,1.));
#8036 = ORIENTED_EDGE('',*,*,#4073,.F.);
#8037 = SURFACE_OF_LINEAR_EXTRUSION('',#8038,#8041);
#8038 = B_SPLINE_CURVE_WITH_KNOTS('',1,(#8039,#8040),.UNSPECIFIED.,.F.,
  .F.,(2,2),(0.,0.774169671453),.PIECEWISE_BEZIER_KNOTS.);
#8039 = CARTESIAN_POINT('',(-5.209410630198,19.778914101456,-2.));
#8040 = CARTESIAN_POINT('',(-5.927001471696,19.488393767581,-2.));
#8041 = VECTOR('',#8042,1.);
#8042 = DIRECTION('',(0.,-0.,-1.));
#8043 = ADVANCED_FACE('',(#8044),#8055,.F.);
#8044 = FACE_BOUND('',#8045,.F.);
#8045 = EDGE_LOOP('',(#8046,#8052,#8053,#8054));
#8046 = ORIENTED_EDGE('',*,*,#8047,.T.);
#8047 = EDGE_CURVE('',#6964,#3439,#8048,.T.);
#8048 = LINE('',#8049,#8050);
#8049 = CARTESIAN_POINT('',(13.707545267895,17.126430481077,-2.));
#8050 = VECTOR('',#8051,1.);
#8051 = DIRECTION('',(0.,0.,1.));
#8052 = ORIENTED_EDGE('',*,*,#3445,.T.);
#8053 = ORIENTED_EDGE('',*,*,#8011,.F.);
#8054 = ORIENTED_EDGE('',*,*,#6970,.F.);
#8055 = SURFACE_OF_LINEAR_EXTRUSION('',#8056,#8079);
#8056 = B_SPLINE_CURVE_WITH_KNOTS('',3,(#8057,#8058,#8059,#8060,#8061,
    #8062,#8063,#8064,#8065,#8066,#8067,#8068,#8069,#8070,#8071,#8072,
    #8073,#8074,#8075,#8076,#8077,#8078),.UNSPECIFIED.,.F.,.F.,(4,1,1,1,
    1,1,1,1,1,1,1,1,1,1,1,1,1,1,1,4),(0.,6.084644507817E-02,
    0.128862891872,0.204049340401,0.286405790677,0.375932242711,
    0.472628696512,0.576495152085,0.687531609436,0.805738068568,
    0.931114529486,1.063660992193,1.20337745669,1.350263922979,
    1.504320391064,1.665546860944,1.833943332622,2.009509806099,
    2.192246281376,2.382152758453),.UNSPECIFIED.);
#8057 = CARTESIAN_POINT('',(13.707545267895,17.126430481077,-2.));
#8058 = CARTESIAN_POINT('',(13.713356096407,17.145863123589,-2.));
#8059 = CARTESIAN_POINT('',(13.725287878561,17.187128566867,-2.));
#8060 = CARTESIAN_POINT('',(13.743020534911,17.252796782389,-2.));
#8061 = CARTESIAN_POINT('',(13.761344279093,17.325720098703,-2.));
#8062 = CARTESIAN_POINT('',(13.780004834265,17.405939032953,-2.));
#8063 = CARTESIAN_POINT('',(13.798750907004,17.493485582841,-2.));
#8064 = CARTESIAN_POINT('',(13.817328923493,17.588385694758,-2.));
#8065 = CARTESIAN_POINT('',(13.835484853011,17.690658471122,-2.));
#8066 = CARTESIAN_POINT('',(13.852963857639,17.800316382675,-2.));
#8067 = CARTESIAN_POINT('',(13.869510601983,17.917365180439,-2.));
#8068 = CARTESIAN_POINT('',(13.884869365051,18.041803902438,-2.));
#8069 = CARTESIAN_POINT('',(13.898784211394,18.173624856741,-2.));
#8070 = CARTESIAN_POINT('',(13.910999145499,18.312813615811,-2.));
#8071 = CARTESIAN_POINT('',(13.921258269437,18.459349012915,-2.));
#8072 = CARTESIAN_POINT('',(13.929305947365,18.613203138908,-2.));
#8073 = CARTESIAN_POINT('',(13.934886937376,18.774341357544,-2.));
#8074 = CARTESIAN_POINT('',(13.937746655478,18.942722263455,-2.));
#8075 = CARTESIAN_POINT('',(13.937630912388,19.118297886133,-2.));
#8076 = CARTESIAN_POINT('',(13.934287744443,19.301012933762,-2.));
#8077 = CARTESIAN_POINT('',(13.929822460261,19.425154287695,-2.));
#8078 = CARTESIAN_POINT('',(13.927001471696,19.488393767581,-2.));
#8079 = VECTOR('',#8080,1.);
#8080 = DIRECTION('',(0.,-0.,-1.));
#8081 = ADVANCED_FACE('',(#8082),#8093,.F.);
#8082 = FACE_BOUND('',#8083,.F.);
#8083 = EDGE_LOOP('',(#8084,#8085,#8086,#8092));
#8084 = ORIENTED_EDGE('',*,*,#8031,.T.);
#8085 = ORIENTED_EDGE('',*,*,#555,.T.);
#8086 = ORIENTED_EDGE('',*,*,#8087,.F.);
#8087 = EDGE_CURVE('',#4081,#556,#8088,.T.);
#8088 = LINE('',#8089,#8090);
#8089 = CARTESIAN_POINT('',(-5.707545267895,17.126430481077,-2.));
#8090 = VECTOR('',#8091,1.);
#8091 = DIRECTION('',(0.,0.,1.));
#8092 = ORIENTED_EDGE('',*,*,#4080,.F.);
#8093 = SURFACE_OF_LINEAR_EXTRUSION('',#8094,#8117);
#8094 = B_SPLINE_CURVE_WITH_KNOTS('',3,(#8095,#8096,#8097,#8098,#8099,
    #8100,#8101,#8102,#8103,#8104,#8105,#8106,#8107,#8108,#8109,#8110,
    #8111,#8112,#8113,#8114,#8115,#8116),.UNSPECIFIED.,.F.,.F.,(4,1,1,1,
    1,1,1,1,1,1,1,1,1,1,1,1,1,1,1,4),(0.,0.189906477077,0.372642952354,
    0.548209425831,0.716605897509,0.87783236739,1.031888835474,
    1.178775301764,1.318491766261,1.451038228967,1.576414689885,
    1.694621149018,1.805657606368,1.909524061941,2.006220515742,
    2.095746967776,2.178103418053,2.253289866581,2.321306313375,
    2.382152758453),.UNSPECIFIED.);
#8095 = CARTESIAN_POINT('',(-5.927001471696,19.488393767581,-2.));
#8096 = CARTESIAN_POINT('',(-5.929822460261,19.425154287695,-2.));
#8097 = CARTESIAN_POINT('',(-5.934287744443,19.301012933762,-2.));
#8098 = CARTESIAN_POINT('',(-5.937630912388,19.118297886133,-2.));
#8099 = CARTESIAN_POINT('',(-5.937746655478,18.942722263455,-2.));
#8100 = CARTESIAN_POINT('',(-5.934886937376,18.774341357544,-2.));
#8101 = CARTESIAN_POINT('',(-5.929305947365,18.613203138908,-2.));
#8102 = CARTESIAN_POINT('',(-5.921258269437,18.459349012915,-2.));
#8103 = CARTESIAN_POINT('',(-5.910999145499,18.312813615811,-2.));
#8104 = CARTESIAN_POINT('',(-5.898784211394,18.173624856741,-2.));
#8105 = CARTESIAN_POINT('',(-5.884869365051,18.041803902438,-2.));
#8106 = CARTESIAN_POINT('',(-5.869510601983,17.917365180439,-2.));
#8107 = CARTESIAN_POINT('',(-5.852963857639,17.800316382675,-2.));
#8108 = CARTESIAN_POINT('',(-5.835484853011,17.690658471122,-2.));
#8109 = CARTESIAN_POINT('',(-5.817328923493,17.588385694758,-2.));
#8110 = CARTESIAN_POINT('',(-5.798750907004,17.493485582841,-2.));
#8111 = CARTESIAN_POINT('',(-5.780004834265,17.405939032953,-2.));
#8112 = CARTESIAN_POINT('',(-5.761344279093,17.325720098703,-2.));
#8113 = CARTESIAN_POINT('',(-5.743020534911,17.252796782389,-2.));
#8114 = CARTESIAN_POINT('',(-5.725287878561,17.187128566867,-2.));
#8115 = CARTESIAN_POINT('',(-5.713356096407,17.145863123589,-2.));
#8116 = CARTESIAN_POINT('',(-5.707545267895,17.126430481077,-2.));
#8117 = VECTOR('',#8118,1.);
#8118 = DIRECTION('',(0.,-0.,-1.));
#8119 = ADVANCED_FACE('',(#8120),#8131,.F.);
#8120 = FACE_BOUND('',#8121,.F.);
#8121 = EDGE_LOOP('',(#8122,#8128,#8129,#8130));
#8122 = ORIENTED_EDGE('',*,*,#8123,.T.);
#8123 = EDGE_CURVE('',#6937,#3412,#8124,.T.);
#8124 = LINE('',#8125,#8126);
#8125 = CARTESIAN_POINT('',(14.464752986663,16.761778462553,-2.));
#8126 = VECTOR('',#8127,1.);
#8127 = DIRECTION('',(0.,0.,1.));
#8128 = ORIENTED_EDGE('',*,*,#3438,.T.);
#8129 = ORIENTED_EDGE('',*,*,#8047,.F.);
#8130 = ORIENTED_EDGE('',*,*,#6963,.F.);
#8131 = SURFACE_OF_LINEAR_EXTRUSION('',#8132,#8135);
#8132 = B_SPLINE_CURVE_WITH_KNOTS('',1,(#8133,#8134),.UNSPECIFIED.,.F.,
  .F.,(2,2),(0.,0.840437162419),.PIECEWISE_BEZIER_KNOTS.);
#8133 = CARTESIAN_POINT('',(14.464752986663,16.761778462553,-2.));
#8134 = CARTESIAN_POINT('',(13.707545267895,17.126430481077,-2.));
#8135 = VECTOR('',#8136,1.);
#8136 = DIRECTION('',(0.,-0.,-1.));
#8137 = ADVANCED_FACE('',(#8138),#8149,.F.);
#8138 = FACE_BOUND('',#8139,.F.);
#8139 = EDGE_LOOP('',(#8140,#8141,#8142,#8148));
#8140 = ORIENTED_EDGE('',*,*,#8087,.T.);
#8141 = ORIENTED_EDGE('',*,*,#582,.T.);
#8142 = ORIENTED_EDGE('',*,*,#8143,.F.);
#8143 = EDGE_CURVE('',#4108,#583,#8144,.T.);
#8144 = LINE('',#8145,#8146);
#8145 = CARTESIAN_POINT('',(-6.464752986663,16.761778462553,-2.));
#8146 = VECTOR('',#8147,1.);
#8147 = DIRECTION('',(0.,0.,1.));
#8148 = ORIENTED_EDGE('',*,*,#4107,.F.);
#8149 = SURFACE_OF_LINEAR_EXTRUSION('',#8150,#8153);
#8150 = B_SPLINE_CURVE_WITH_KNOTS('',1,(#8151,#8152),.UNSPECIFIED.,.F.,
  .F.,(2,2),(0.,0.840437162419),.PIECEWISE_BEZIER_KNOTS.);
#8151 = CARTESIAN_POINT('',(-5.707545267895,17.126430481077,-2.));
#8152 = CARTESIAN_POINT('',(-6.464752986663,16.761778462553,-2.));
#8153 = VECTOR('',#8154,1.);
#8154 = DIRECTION('',(0.,-0.,-1.));
#8155 = ADVANCED_FACE('',(#8156),#8167,.F.);
#8156 = FACE_BOUND('',#8157,.F.);
#8157 = EDGE_LOOP('',(#8158,#8164,#8165,#8166));
#8158 = ORIENTED_EDGE('',*,*,#8159,.T.);
#8159 = EDGE_CURVE('',#6930,#3405,#8160,.T.);
#8160 = LINE('',#8161,#8162);
#8161 = CARTESIAN_POINT('',(16.174581539461,18.406016253208,-2.));
#8162 = VECTOR('',#8163,1.);
#8163 = DIRECTION('',(0.,0.,1.));
#8164 = ORIENTED_EDGE('',*,*,#3411,.T.);
#8165 = ORIENTED_EDGE('',*,*,#8123,.F.);
#8166 = ORIENTED_EDGE('',*,*,#6936,.F.);
#8167 = SURFACE_OF_LINEAR_EXTRUSION('',#8168,#8191);
#8168 = B_SPLINE_CURVE_WITH_KNOTS('',3,(#8169,#8170,#8171,#8172,#8173,
    #8174,#8175,#8176,#8177,#8178,#8179,#8180,#8181,#8182,#8183,#8184,
    #8185,#8186,#8187,#8188,#8189,#8190),.UNSPECIFIED.,.F.,.F.,(4,1,1,1,
    1,1,1,1,1,1,1,1,1,1,1,1,1,1,1,4),(0.,0.189906477077,0.372642952354,
    0.548209425831,0.716605897509,0.87783236739,1.031888835474,
    1.178775301764,1.318491766261,1.451038228967,1.576414689885,
    1.694621149018,1.805657606368,1.909524061941,2.006220515742,
    2.095746967776,2.178103418053,2.253289866581,2.321306313375,
    2.382152758453),.UNSPECIFIED.);
#8169 = CARTESIAN_POINT('',(16.174581539461,18.406016253208,-2.));
#8170 = CARTESIAN_POINT('',(16.12338006555,18.368792620095,-2.));
#8171 = CARTESIAN_POINT('',(16.023538387619,18.29488285168,-2.));
#8172 = CARTESIAN_POINT('',(15.878601579943,18.183575676789,-2.));
#8173 = CARTESIAN_POINT('',(15.741258865943,18.074196558185,-2.));
#8174 = CARTESIAN_POINT('',(15.611396377728,17.966976962879,-2.));
#8175 = CARTESIAN_POINT('',(15.488893135726,17.862145533176,-2.));
#8176 = CARTESIAN_POINT('',(15.373622781433,17.759927126681,-2.));
#8177 = CARTESIAN_POINT('',(15.265453253833,17.660542894898,-2.));
#8178 = CARTESIAN_POINT('',(15.164246986831,17.564210103045,-2.));
#8179 = CARTESIAN_POINT('',(15.069860979497,17.471142017421,-2.));
#8180 = CARTESIAN_POINT('',(14.982146901143,17.3815477788,-2.));
#8181 = CARTESIAN_POINT('',(14.900951192418,17.295632281413,-2.));
#8182 = CARTESIAN_POINT('',(14.826115165997,17.213596055766,-2.));
#8183 = CARTESIAN_POINT('',(14.757475126534,17.135635145405,-2.));
#8184 = CARTESIAN_POINT('',(14.694862435167,17.061941015257,-2.));
#8185 = CARTESIAN_POINT('',(14.638103771461,16.992700364374,-2.));
#8186 = CARTESIAN_POINT('',(14.587020749021,16.928095267439,-2.));
#8187 = CARTESIAN_POINT('',(14.541431672149,16.868302243322,-2.));
#8188 = CARTESIAN_POINT('',(14.501146324251,16.813494831635,-2.));
#8189 = CARTESIAN_POINT('',(14.476323046049,16.778437605652,-2.));
#8190 = CARTESIAN_POINT('',(14.464752986663,16.761778462553,-2.));
#8191 = VECTOR('',#8192,1.);
#8192 = DIRECTION('',(0.,-0.,-1.));
#8193 = ADVANCED_FACE('',(#8194),#8205,.F.);
#8194 = FACE_BOUND('',#8195,.F.);
#8195 = EDGE_LOOP('',(#8196,#8197,#8198,#8204));
#8196 = ORIENTED_EDGE('',*,*,#8143,.T.);
#8197 = ORIENTED_EDGE('',*,*,#589,.T.);
#8198 = ORIENTED_EDGE('',*,*,#8199,.F.);
#8199 = EDGE_CURVE('',#4115,#590,#8200,.T.);
#8200 = LINE('',#8201,#8202);
#8201 = CARTESIAN_POINT('',(-8.174581539461,18.406016253208,-2.));
#8202 = VECTOR('',#8203,1.);
#8203 = DIRECTION('',(0.,0.,1.));
#8204 = ORIENTED_EDGE('',*,*,#4114,.F.);
#8205 = SURFACE_OF_LINEAR_EXTRUSION('',#8206,#8229);
#8206 = B_SPLINE_CURVE_WITH_KNOTS('',3,(#8207,#8208,#8209,#8210,#8211,
    #8212,#8213,#8214,#8215,#8216,#8217,#8218,#8219,#8220,#8221,#8222,
    #8223,#8224,#8225,#8226,#8227,#8228),.UNSPECIFIED.,.F.,.F.,(4,1,1,1,
    1,1,1,1,1,1,1,1,1,1,1,1,1,1,1,4),(0.,6.084644507817E-02,
    0.128862891872,0.204049340401,0.286405790677,0.375932242711,
    0.472628696512,0.576495152085,0.687531609436,0.805738068568,
    0.931114529486,1.063660992193,1.20337745669,1.350263922979,
    1.504320391064,1.665546860944,1.833943332622,2.009509806099,
    2.192246281376,2.382152758453),.UNSPECIFIED.);
#8207 = CARTESIAN_POINT('',(-6.464752986663,16.761778462553,-2.));
#8208 = CARTESIAN_POINT('',(-6.476323046049,16.778437605652,-2.));
#8209 = CARTESIAN_POINT('',(-6.501146324251,16.813494831635,-2.));
#8210 = CARTESIAN_POINT('',(-6.541431672149,16.868302243322,-2.));
#8211 = CARTESIAN_POINT('',(-6.58702074902,16.928095267439,-2.));
#8212 = CARTESIAN_POINT('',(-6.638103771461,16.992700364374,-2.));
#8213 = CARTESIAN_POINT('',(-6.694862435167,17.061941015257,-2.));
#8214 = CARTESIAN_POINT('',(-6.757475126534,17.135635145405,-2.));
#8215 = CARTESIAN_POINT('',(-6.826115165997,17.213596055766,-2.));
#8216 = CARTESIAN_POINT('',(-6.900951192418,17.295632281413,-2.));
#8217 = CARTESIAN_POINT('',(-6.982146901143,17.3815477788,-2.));
#8218 = CARTESIAN_POINT('',(-7.069860979497,17.471142017421,-2.));
#8219 = CARTESIAN_POINT('',(-7.164246986831,17.564210103045,-2.));
#8220 = CARTESIAN_POINT('',(-7.265453253833,17.660542894898,-2.));
#8221 = CARTESIAN_POINT('',(-7.373622781433,17.759927126681,-2.));
#8222 = CARTESIAN_POINT('',(-7.488893135726,17.862145533176,-2.));
#8223 = CARTESIAN_POINT('',(-7.611396377728,17.966976962879,-2.));
#8224 = CARTESIAN_POINT('',(-7.741258865943,18.074196558185,-2.));
#8225 = CARTESIAN_POINT('',(-7.878601579943,18.183575676789,-2.));
#8226 = CARTESIAN_POINT('',(-8.023538387619,18.29488285168,-2.));
#8227 = CARTESIAN_POINT('',(-8.12338006555,18.368792620095,-2.));
#8228 = CARTESIAN_POINT('',(-8.174581539461,18.406016253208,-2.));
#8229 = VECTOR('',#8230,1.);
#8230 = DIRECTION('',(0.,-0.,-1.));
#8231 = ADVANCED_FACE('',(#8232),#8243,.F.);
#8232 = FACE_BOUND('',#8233,.F.);
#8233 = EDGE_LOOP('',(#8234,#8240,#8241,#8242));
#8234 = ORIENTED_EDGE('',*,*,#8235,.T.);
#8235 = EDGE_CURVE('',#6903,#3378,#8236,.T.);
#8236 = LINE('',#8237,#8238);
#8237 = CARTESIAN_POINT('',(16.849130054363,18.026117607197,-2.));
#8238 = VECTOR('',#8239,1.);
#8239 = DIRECTION('',(0.,0.,1.));
#8240 = ORIENTED_EDGE('',*,*,#3404,.T.);
#8241 = ORIENTED_EDGE('',*,*,#8159,.F.);
#8242 = ORIENTED_EDGE('',*,*,#6929,.F.);
#8243 = SURFACE_OF_LINEAR_EXTRUSION('',#8244,#8247);
#8244 = B_SPLINE_CURVE_WITH_KNOTS('',1,(#8245,#8246),.UNSPECIFIED.,.F.,
  .F.,(2,2),(0.,0.774169671453),.PIECEWISE_BEZIER_KNOTS.);
#8245 = CARTESIAN_POINT('',(16.849130054363,18.026117607197,-2.));
#8246 = CARTESIAN_POINT('',(16.174581539461,18.406016253208,-2.));
#8247 = VECTOR('',#8248,1.);
#8248 = DIRECTION('',(0.,-0.,-1.));
#8249 = ADVANCED_FACE('',(#8250),#8261,.F.);
#8250 = FACE_BOUND('',#8251,.F.);
#8251 = EDGE_LOOP('',(#8252,#8253,#8254,#8260));
#8252 = ORIENTED_EDGE('',*,*,#8199,.T.);
#8253 = ORIENTED_EDGE('',*,*,#616,.T.);
#8254 = ORIENTED_EDGE('',*,*,#8255,.F.);
#8255 = EDGE_CURVE('',#4142,#617,#8256,.T.);
#8256 = LINE('',#8257,#8258);
#8257 = CARTESIAN_POINT('',(-8.849130054363,18.026117607197,-2.));
#8258 = VECTOR('',#8259,1.);
#8259 = DIRECTION('',(0.,0.,1.));
#8260 = ORIENTED_EDGE('',*,*,#4141,.F.);
#8261 = SURFACE_OF_LINEAR_EXTRUSION('',#8262,#8265);
#8262 = B_SPLINE_CURVE_WITH_KNOTS('',1,(#8263,#8264),.UNSPECIFIED.,.F.,
  .F.,(2,2),(0.,0.774169671453),.PIECEWISE_BEZIER_KNOTS.);
#8263 = CARTESIAN_POINT('',(-8.174581539461,18.406016253208,-2.));
#8264 = CARTESIAN_POINT('',(-8.849130054363,18.026117607197,-2.));
#8265 = VECTOR('',#8266,1.);
#8266 = DIRECTION('',(0.,-0.,-1.));
#8267 = ADVANCED_FACE('',(#8268),#8279,.F.);
#8268 = FACE_BOUND('',#8269,.F.);
#8269 = EDGE_LOOP('',(#8270,#8276,#8277,#8278));
#8270 = ORIENTED_EDGE('',*,*,#8271,.T.);
#8271 = EDGE_CURVE('',#6896,#3371,#8272,.T.);
#8272 = LINE('',#8273,#8274);
#8273 = CARTESIAN_POINT('',(16.329434421881,15.711609443081,-2.));
#8274 = VECTOR('',#8275,1.);
#8275 = DIRECTION('',(0.,0.,1.));
#8276 = ORIENTED_EDGE('',*,*,#3377,.T.);
#8277 = ORIENTED_EDGE('',*,*,#8235,.F.);
#8278 = ORIENTED_EDGE('',*,*,#6902,.F.);
#8279 = SURFACE_OF_LINEAR_EXTRUSION('',#8280,#8303);
#8280 = B_SPLINE_CURVE_WITH_KNOTS('',3,(#8281,#8282,#8283,#8284,#8285,
    #8286,#8287,#8288,#8289,#8290,#8291,#8292,#8293,#8294,#8295,#8296,
    #8297,#8298,#8299,#8300,#8301,#8302),.UNSPECIFIED.,.F.,.F.,(4,1,1,1,
    1,1,1,1,1,1,1,1,1,1,1,1,1,1,1,4),(0.,6.084644507817E-02,
    0.128862891872,0.204049340401,0.286405790677,0.375932242711,
    0.472628696512,0.576495152085,0.687531609436,0.805738068568,
    0.931114529486,1.063660992193,1.20337745669,1.350263922979,
    1.504320391064,1.665546860944,1.833943332622,2.009509806099,
    2.192246281376,2.382152758453),.UNSPECIFIED.);
#8281 = CARTESIAN_POINT('',(16.329434421881,15.711609443081,-2.));
#8282 = CARTESIAN_POINT('',(16.337682534739,15.730139471609,-2.));
#8283 = CARTESIAN_POINT('',(16.354793264889,15.769540323733,-2.));
#8284 = CARTESIAN_POINT('',(16.38077780139,15.83240180235,-2.));
#8285 = CARTESIAN_POINT('',(16.408276334595,15.902383230847,-2.));
#8286 = CARTESIAN_POINT('',(16.437041856493,15.979557309926,-2.));
#8287 = CARTESIAN_POINT('',(16.466829228549,16.063987909275,-2.));
#8288 = CARTESIAN_POINT('',(16.497390276734,16.155733188566,-2.));
#8289 = CARTESIAN_POINT('',(16.528475498681,16.254844578115,-2.));
#8290 = CARTESIAN_POINT('',(16.559833743408,16.361367034229,-2.));
#8291 = CARTESIAN_POINT('',(16.591212507247,16.47533891228,-2.));
#8292 = CARTESIAN_POINT('',(16.622358045655,16.596791959063,-2.));
#8293 = CARTESIAN_POINT('',(16.653015540789,16.725751274098,-2.));
#8294 = CARTESIAN_POINT('',(16.682929253902,16.862235284277,-2.));
#8295 = CARTESIAN_POINT('',(16.711842681243,17.006255720146,-2.));
#8296 = CARTESIAN_POINT('',(16.739498716791,17.157817591679,-2.));
#8297 = CARTESIAN_POINT('',(16.765639784989,17.316919186606,-2.));
#8298 = CARTESIAN_POINT('',(16.790008097175,17.483551994973,-2.));
#8299 = CARTESIAN_POINT('',(16.812345416623,17.657700945113,-2.));
#8300 = CARTESIAN_POINT('',(16.832394777728,17.839343419554,-2.));
#8301 = CARTESIAN_POINT('',(16.843840997457,17.963036582555,-2.));
#8302 = CARTESIAN_POINT('',(16.849130054363,18.026117607197,-2.));
#8303 = VECTOR('',#8304,1.);
#8304 = DIRECTION('',(0.,-0.,-1.));
#8305 = ADVANCED_FACE('',(#8306),#8317,.F.);
#8306 = FACE_BOUND('',#8307,.F.);
#8307 = EDGE_LOOP('',(#8308,#8309,#8310,#8316));
#8308 = ORIENTED_EDGE('',*,*,#8255,.T.);
#8309 = ORIENTED_EDGE('',*,*,#623,.T.);
#8310 = ORIENTED_EDGE('',*,*,#8311,.F.);
#8311 = EDGE_CURVE('',#4149,#624,#8312,.T.);
#8312 = LINE('',#8313,#8314);
#8313 = CARTESIAN_POINT('',(-8.329434421881,15.711609443081,-2.));
#8314 = VECTOR('',#8315,1.);
#8315 = DIRECTION('',(0.,0.,1.));
#8316 = ORIENTED_EDGE('',*,*,#4148,.F.);
#8317 = SURFACE_OF_LINEAR_EXTRUSION('',#8318,#8341);
#8318 = B_SPLINE_CURVE_WITH_KNOTS('',3,(#8319,#8320,#8321,#8322,#8323,
    #8324,#8325,#8326,#8327,#8328,#8329,#8330,#8331,#8332,#8333,#8334,
    #8335,#8336,#8337,#8338,#8339,#8340),.UNSPECIFIED.,.F.,.F.,(4,1,1,1,
    1,1,1,1,1,1,1,1,1,1,1,1,1,1,1,4),(0.,0.189906477077,0.372642952354,
    0.548209425831,0.716605897509,0.87783236739,1.031888835474,
    1.178775301764,1.318491766261,1.451038228967,1.576414689885,
    1.694621149018,1.805657606368,1.909524061941,2.006220515742,
    2.095746967776,2.178103418053,2.253289866581,2.321306313375,
    2.382152758453),.UNSPECIFIED.);
#8319 = CARTESIAN_POINT('',(-8.849130054363,18.026117607197,-2.));
#8320 = CARTESIAN_POINT('',(-8.843840997457,17.963036582555,-2.));
#8321 = CARTESIAN_POINT('',(-8.832394777728,17.839343419554,-2.));
#8322 = CARTESIAN_POINT('',(-8.812345416623,17.657700945113,-2.));
#8323 = CARTESIAN_POINT('',(-8.790008097175,17.483551994973,-2.));
#8324 = CARTESIAN_POINT('',(-8.765639784989,17.316919186605,-2.));
#8325 = CARTESIAN_POINT('',(-8.739498716791,17.157817591679,-2.));
#8326 = CARTESIAN_POINT('',(-8.711842681242,17.006255720146,-2.));
#8327 = CARTESIAN_POINT('',(-8.682929253902,16.862235284277,-2.));
#8328 = CARTESIAN_POINT('',(-8.653015540789,16.725751274098,-2.));
#8329 = CARTESIAN_POINT('',(-8.622358045655,16.596791959063,-2.));
#8330 = CARTESIAN_POINT('',(-8.591212507247,16.47533891228,-2.));
#8331 = CARTESIAN_POINT('',(-8.559833743408,16.361367034229,-2.));
#8332 = CARTESIAN_POINT('',(-8.528475498681,16.254844578115,-2.));
#8333 = CARTESIAN_POINT('',(-8.497390276734,16.155733188566,-2.));
#8334 = CARTESIAN_POINT('',(-8.466829228549,16.063987909275,-2.));
#8335 = CARTESIAN_POINT('',(-8.437041856493,15.979557309926,-2.));
#8336 = CARTESIAN_POINT('',(-8.408276334595,15.902383230847,-2.));
#8337 = CARTESIAN_POINT('',(-8.38077780139,15.83240180235,-2.));
#8338 = CARTESIAN_POINT('',(-8.354793264889,15.769540323733,-2.));
#8339 = CARTESIAN_POINT('',(-8.337682534739,15.730139471609,-2.));
#8340 = CARTESIAN_POINT('',(-8.329434421881,15.711609443081,-2.));
#8341 = VECTOR('',#8342,1.);
#8342 = DIRECTION('',(0.,-0.,-1.));
#8343 = ADVANCED_FACE('',(#8344),#8355,.F.);
#8344 = FACE_BOUND('',#8345,.F.);
#8345 = EDGE_LOOP('',(#8346,#8352,#8353,#8354));
#8346 = ORIENTED_EDGE('',*,*,#8347,.T.);
#8347 = EDGE_CURVE('',#6869,#3344,#8348,.T.);
#8348 = LINE('',#8349,#8350);
#8349 = CARTESIAN_POINT('',(17.033794810613,15.253121638707,-2.));
#8350 = VECTOR('',#8351,1.);
#8351 = DIRECTION('',(0.,0.,1.));
#8352 = ORIENTED_EDGE('',*,*,#3370,.T.);
#8353 = ORIENTED_EDGE('',*,*,#8271,.F.);
#8354 = ORIENTED_EDGE('',*,*,#6895,.F.);
#8355 = SURFACE_OF_LINEAR_EXTRUSION('',#8356,#8359);
#8356 = B_SPLINE_CURVE_WITH_KNOTS('',1,(#8357,#8358),.UNSPECIFIED.,.F.,
  .F.,(2,2),(0.,0.840437162419),.PIECEWISE_BEZIER_KNOTS.);
#8357 = CARTESIAN_POINT('',(17.033794810613,15.253121638707,-2.));
#8358 = CARTESIAN_POINT('',(16.329434421881,15.711609443081,-2.));
#8359 = VECTOR('',#8360,1.);
#8360 = DIRECTION('',(0.,-0.,-1.));
#8361 = ADVANCED_FACE('',(#8362),#8373,.F.);
#8362 = FACE_BOUND('',#8363,.F.);
#8363 = EDGE_LOOP('',(#8364,#8365,#8366,#8372));
#8364 = ORIENTED_EDGE('',*,*,#8311,.T.);
#8365 = ORIENTED_EDGE('',*,*,#650,.T.);
#8366 = ORIENTED_EDGE('',*,*,#8367,.F.);
#8367 = EDGE_CURVE('',#4176,#651,#8368,.T.);
#8368 = LINE('',#8369,#8370);
#8369 = CARTESIAN_POINT('',(-9.033794810613,15.253121638707,-2.));
#8370 = VECTOR('',#8371,1.);
#8371 = DIRECTION('',(0.,0.,1.));
#8372 = ORIENTED_EDGE('',*,*,#4175,.F.);
#8373 = SURFACE_OF_LINEAR_EXTRUSION('',#8374,#8377);
#8374 = B_SPLINE_CURVE_WITH_KNOTS('',1,(#8375,#8376),.UNSPECIFIED.,.F.,
  .F.,(2,2),(0.,0.840437162419),.PIECEWISE_BEZIER_KNOTS.);
#8375 = CARTESIAN_POINT('',(-8.329434421881,15.711609443081,-2.));
#8376 = CARTESIAN_POINT('',(-9.033794810613,15.253121638707,-2.));
#8377 = VECTOR('',#8378,1.);
#8378 = DIRECTION('',(0.,-0.,-1.));
#8379 = ADVANCED_FACE('',(#8380),#8391,.F.);
#8380 = FACE_BOUND('',#8381,.F.);
#8381 = EDGE_LOOP('',(#8382,#8388,#8389,#8390));
#8382 = ORIENTED_EDGE('',*,*,#8383,.T.);
#8383 = EDGE_CURVE('',#6862,#3337,#8384,.T.);
#8384 = LINE('',#8385,#8386);
#8385 = CARTESIAN_POINT('',(18.939846156432,16.66521223753,-2.));
#8386 = VECTOR('',#8387,1.);
#8387 = DIRECTION('',(0.,0.,1.));
#8388 = ORIENTED_EDGE('',*,*,#3343,.T.);
#8389 = ORIENTED_EDGE('',*,*,#8347,.F.);
#8390 = ORIENTED_EDGE('',*,*,#6868,.F.);
#8391 = SURFACE_OF_LINEAR_EXTRUSION('',#8392,#8415);
#8392 = B_SPLINE_CURVE_WITH_KNOTS('',3,(#8393,#8394,#8395,#8396,#8397,
    #8398,#8399,#8400,#8401,#8402,#8403,#8404,#8405,#8406,#8407,#8408,
    #8409,#8410,#8411,#8412,#8413,#8414),.UNSPECIFIED.,.F.,.F.,(4,1,1,1,
    1,1,1,1,1,1,1,1,1,1,1,1,1,1,1,4),(0.,0.189906477077,0.372642952354,
    0.548209425831,0.716605897509,0.87783236739,1.031888835474,
    1.178775301764,1.318491766261,1.451038228967,1.576414689885,
    1.694621149018,1.805657606368,1.909524061941,2.006220515742,
    2.095746967776,2.178103418053,2.253289866581,2.321306313375,
    2.382152758453),.UNSPECIFIED.);
#8393 = CARTESIAN_POINT('',(18.939846156432,16.66521223753,-2.));
#8394 = CARTESIAN_POINT('',(18.884304993364,16.634841709089,-2.));
#8395 = CARTESIAN_POINT('',(18.775831642823,16.574306209242,-2.));
#8396 = CARTESIAN_POINT('',(18.617851118734,16.482446972307,-2.));
#8397 = CARTESIAN_POINT('',(18.467648895283,16.3915288512,-2.));
#8398 = CARTESIAN_POINT('',(18.325141638776,16.301795973691,-2.));
#8399 = CARTESIAN_POINT('',(18.190238601011,16.213490575461,-2.));
#8400 = CARTESIAN_POINT('',(18.06284321504,16.126851826404,-2.));
#8401 = CARTESIAN_POINT('',(17.942852784289,16.04211594996,-2.));
#8402 = CARTESIAN_POINT('',(17.830158655341,15.959516019165,-2.));
#8403 = CARTESIAN_POINT('',(17.72464627319,15.879281835958,-2.));
#8404 = CARTESIAN_POINT('',(17.626195269268,15.801639792178,-2.));
#8405 = CARTESIAN_POINT('',(17.534679546239,15.72681273661,-2.));
#8406 = CARTESIAN_POINT('',(17.449967362869,15.655019845892,-2.));
#8407 = CARTESIAN_POINT('',(17.371921437242,15.586476486952,-2.));
#8408 = CARTESIAN_POINT('',(17.300398999009,15.521394117851,-2.));
#8409 = CARTESIAN_POINT('',(17.23525202524,15.45998006857,-2.));
#8410 = CARTESIAN_POINT('',(17.176326877281,15.402437730508,-2.));
#8411 = CARTESIAN_POINT('',(17.123465923888,15.348965408046,-2.));
#8412 = CARTESIAN_POINT('',(17.076502701894,15.299759540399,-2.));
#8413 = CARTESIAN_POINT('',(17.047400203908,15.268164464116,-2.));
#8414 = CARTESIAN_POINT('',(17.033794810613,15.253121638707,-2.));
#8415 = VECTOR('',#8416,1.);
#8416 = DIRECTION('',(0.,-0.,-1.));
#8417 = ADVANCED_FACE('',(#8418),#8429,.F.);
#8418 = FACE_BOUND('',#8419,.F.);
#8419 = EDGE_LOOP('',(#8420,#8421,#8422,#8428));
#8420 = ORIENTED_EDGE('',*,*,#8367,.T.);
#8421 = ORIENTED_EDGE('',*,*,#657,.T.);
#8422 = ORIENTED_EDGE('',*,*,#8423,.F.);
#8423 = EDGE_CURVE('',#4183,#658,#8424,.T.);
#8424 = LINE('',#8425,#8426);
#8425 = CARTESIAN_POINT('',(-10.93984615643,16.66521223753,-2.));
#8426 = VECTOR('',#8427,1.);
#8427 = DIRECTION('',(0.,0.,1.));
#8428 = ORIENTED_EDGE('',*,*,#4182,.F.);
#8429 = SURFACE_OF_LINEAR_EXTRUSION('',#8430,#8453);
#8430 = B_SPLINE_CURVE_WITH_KNOTS('',3,(#8431,#8432,#8433,#8434,#8435,
    #8436,#8437,#8438,#8439,#8440,#8441,#8442,#8443,#8444,#8445,#8446,
    #8447,#8448,#8449,#8450,#8451,#8452),.UNSPECIFIED.,.F.,.F.,(4,1,1,1,
    1,1,1,1,1,1,1,1,1,1,1,1,1,1,1,4),(0.,6.084644507817E-02,
    0.128862891872,0.204049340401,0.286405790677,0.375932242711,
    0.472628696512,0.576495152085,0.687531609436,0.805738068568,
    0.931114529486,1.063660992193,1.20337745669,1.350263922979,
    1.504320391064,1.665546860944,1.833943332622,2.009509806099,
    2.192246281376,2.382152758453),.UNSPECIFIED.);
#8431 = CARTESIAN_POINT('',(-9.033794810613,15.253121638707,-2.));
#8432 = CARTESIAN_POINT('',(-9.047400203908,15.268164464116,-2.));
#8433 = CARTESIAN_POINT('',(-9.076502701894,15.299759540399,-2.));
#8434 = CARTESIAN_POINT('',(-9.123465923888,15.348965408046,-2.));
#8435 = CARTESIAN_POINT('',(-9.176326877281,15.402437730508,-2.));
#8436 = CARTESIAN_POINT('',(-9.23525202524,15.45998006857,-2.));
#8437 = CARTESIAN_POINT('',(-9.300398999009,15.521394117851,-2.));
#8438 = CARTESIAN_POINT('',(-9.371921437242,15.586476486952,-2.));
#8439 = CARTESIAN_POINT('',(-9.449967362869,15.655019845892,-2.));
#8440 = CARTESIAN_POINT('',(-9.534679546239,15.72681273661,-2.));
#8441 = CARTESIAN_POINT('',(-9.626195269268,15.801639792178,-2.));
#8442 = CARTESIAN_POINT('',(-9.72464627319,15.879281835958,-2.));
#8443 = CARTESIAN_POINT('',(-9.830158655341,15.959516019165,-2.));
#8444 = CARTESIAN_POINT('',(-9.942852784289,16.04211594996,-2.));
#8445 = CARTESIAN_POINT('',(-10.06284321504,16.126851826404,-2.));
#8446 = CARTESIAN_POINT('',(-10.19023860101,16.213490575461,-2.));
#8447 = CARTESIAN_POINT('',(-10.32514163877,16.301795973691,-2.));
#8448 = CARTESIAN_POINT('',(-10.46764889528,16.3915288512,-2.));
#8449 = CARTESIAN_POINT('',(-10.61785111873,16.482446972307,-2.));
#8450 = CARTESIAN_POINT('',(-10.77583164282,16.574306209242,-2.));
#8451 = CARTESIAN_POINT('',(-10.88430499336,16.634841709089,-2.));
#8452 = CARTESIAN_POINT('',(-10.93984615643,16.66521223753,-2.));
#8453 = VECTOR('',#8454,1.);
#8454 = DIRECTION('',(0.,-0.,-1.));
#8455 = ADVANCED_FACE('',(#8456),#8467,.F.);
#8456 = FACE_BOUND('',#8457,.F.);
#8457 = EDGE_LOOP('',(#8458,#8464,#8465,#8466));
#8458 = ORIENTED_EDGE('',*,*,#8459,.T.);
#8459 = EDGE_CURVE('',#6835,#3310,#8460,.T.);
#8460 = LINE('',#8461,#8462);
#8461 = CARTESIAN_POINT('',(19.560276276771,16.202173204647,-2.));
#8462 = VECTOR('',#8463,1.);
#8463 = DIRECTION('',(0.,0.,1.));
#8464 = ORIENTED_EDGE('',*,*,#3336,.T.);
#8465 = ORIENTED_EDGE('',*,*,#8383,.F.);
#8466 = ORIENTED_EDGE('',*,*,#6861,.F.);
#8467 = SURFACE_OF_LINEAR_EXTRUSION('',#8468,#8471);
#8468 = B_SPLINE_CURVE_WITH_KNOTS('',1,(#8469,#8470),.UNSPECIFIED.,.F.,
  .F.,(2,2),(0.,0.774169671453),.PIECEWISE_BEZIER_KNOTS.);
#8469 = CARTESIAN_POINT('',(19.560276276771,16.202173204647,-2.));
#8470 = CARTESIAN_POINT('',(18.939846156432,16.66521223753,-2.));
#8471 = VECTOR('',#8472,1.);
#8472 = DIRECTION('',(0.,-0.,-1.));
#8473 = ADVANCED_FACE('',(#8474),#8485,.F.);
#8474 = FACE_BOUND('',#8475,.F.);
#8475 = EDGE_LOOP('',(#8476,#8477,#8478,#8484));
#8476 = ORIENTED_EDGE('',*,*,#8423,.T.);
#8477 = ORIENTED_EDGE('',*,*,#684,.T.);
#8478 = ORIENTED_EDGE('',*,*,#8479,.F.);
#8479 = EDGE_CURVE('',#4210,#685,#8480,.T.);
#8480 = LINE('',#8481,#8482);
#8481 = CARTESIAN_POINT('',(-11.56027627677,16.202173204647,-2.));
#8482 = VECTOR('',#8483,1.);
#8483 = DIRECTION('',(0.,0.,1.));
#8484 = ORIENTED_EDGE('',*,*,#4209,.F.);
#8485 = SURFACE_OF_LINEAR_EXTRUSION('',#8486,#8489);
#8486 = B_SPLINE_CURVE_WITH_KNOTS('',1,(#8487,#8488),.UNSPECIFIED.,.F.,
  .F.,(2,2),(0.,0.774169671453),.PIECEWISE_BEZIER_KNOTS.);
#8487 = CARTESIAN_POINT('',(-10.93984615643,16.66521223753,-2.));
#8488 = CARTESIAN_POINT('',(-11.56027627677,16.202173204647,-2.));
#8489 = VECTOR('',#8490,1.);
#8490 = DIRECTION('',(0.,-0.,-1.));
#8491 = ADVANCED_FACE('',(#8492),#8503,.F.);
#8492 = FACE_BOUND('',#8493,.F.);
#8493 = EDGE_LOOP('',(#8494,#8500,#8501,#8502));
#8494 = ORIENTED_EDGE('',*,*,#8495,.T.);
#8495 = EDGE_CURVE('',#6828,#3303,#8496,.T.);
#8496 = LINE('',#8497,#8498);
#8497 = CARTESIAN_POINT('',(18.748874603525,13.973124322986,-2.));
#8498 = VECTOR('',#8499,1.);
#8499 = DIRECTION('',(0.,0.,1.));
#8500 = ORIENTED_EDGE('',*,*,#3309,.T.);
#8501 = ORIENTED_EDGE('',*,*,#8459,.F.);
#8502 = ORIENTED_EDGE('',*,*,#6834,.F.);
#8503 = SURFACE_OF_LINEAR_EXTRUSION('',#8504,#8527);
#8504 = B_SPLINE_CURVE_WITH_KNOTS('',3,(#8505,#8506,#8507,#8508,#8509,
    #8510,#8511,#8512,#8513,#8514,#8515,#8516,#8517,#8518,#8519,#8520,
    #8521,#8522,#8523,#8524,#8525,#8526),.UNSPECIFIED.,.F.,.F.,(4,1,1,1,
    1,1,1,1,1,1,1,1,1,1,1,1,1,1,1,4),(0.,6.084644507817E-02,
    0.128862891872,0.204049340401,0.286405790677,0.375932242711,
    0.472628696512,0.576495152085,0.687531609436,0.805738068568,
    0.931114529486,1.063660992193,1.20337745669,1.350263922979,
    1.504320391064,1.665546860944,1.833943332622,2.009509806099,
    2.192246281376,2.382152758453),.UNSPECIFIED.);
#8505 = CARTESIAN_POINT('',(18.748874603525,13.973124322986,-2.));
#8506 = CARTESIAN_POINT('',(18.759424566945,13.990447474975,-2.));
#8507 = CARTESIAN_POINT('',(18.781433287374,14.027336775041,-2.));
#8508 = CARTESIAN_POINT('',(18.815243038654,14.086359333013,-2.));
#8509 = CARTESIAN_POINT('',(18.851464835729,14.152249780573,-2.));
#8510 = CARTESIAN_POINT('',(18.889862995277,14.225111808234,-2.));
#8511 = CARTESIAN_POINT('',(18.930202558825,14.305040108937,-2.));
#8512 = CARTESIAN_POINT('',(18.972244827141,14.392124100654,-2.));
#8513 = CARTESIAN_POINT('',(19.015748923031,14.486446697111,-2.));
#8514 = CARTESIAN_POINT('',(19.060471506346,14.588084602002,-2.));
#8515 = CARTESIAN_POINT('',(19.106167051244,14.697108145253,-2.));
#8516 = CARTESIAN_POINT('',(19.152587956114,14.81358126115,-2.));
#8517 = CARTESIAN_POINT('',(19.199484704816,14.937561428528,-2.));
#8518 = CARTESIAN_POINT('',(19.246606014594,15.069099626142,-2.));
#8519 = CARTESIAN_POINT('',(19.29369898766,15.208240289201,-2.));
#8520 = CARTESIAN_POINT('',(19.34050926949,15.355021264535,-2.));
#8521 = CARTESIAN_POINT('',(19.386781180258,15.509473791961,-2.));
#8522 = CARTESIAN_POINT('',(19.432257959515,15.671622396678,-2.));
#8523 = CARTESIAN_POINT('',(19.476681563334,15.841485153334,-2.));
#8524 = CARTESIAN_POINT('',(19.519794243534,16.01907249018,-2.));
#8525 = CARTESIAN_POINT('',(19.546964020561,16.140286423931,-2.));
#8526 = CARTESIAN_POINT('',(19.560276276771,16.202173204647,-2.));
#8527 = VECTOR('',#8528,1.);
#8528 = DIRECTION('',(0.,-0.,-1.));
#8529 = ADVANCED_FACE('',(#8530),#8541,.F.);
#8530 = FACE_BOUND('',#8531,.F.);
#8531 = EDGE_LOOP('',(#8532,#8533,#8534,#8540));
#8532 = ORIENTED_EDGE('',*,*,#8479,.T.);
#8533 = ORIENTED_EDGE('',*,*,#691,.T.);
#8534 = ORIENTED_EDGE('',*,*,#8535,.F.);
#8535 = EDGE_CURVE('',#4217,#692,#8536,.T.);
#8536 = LINE('',#8537,#8538);
#8537 = CARTESIAN_POINT('',(-10.74887460352,13.973124322986,-2.));
#8538 = VECTOR('',#8539,1.);
#8539 = DIRECTION('',(0.,0.,1.));
#8540 = ORIENTED_EDGE('',*,*,#4216,.F.);
#8541 = SURFACE_OF_LINEAR_EXTRUSION('',#8542,#8565);
#8542 = B_SPLINE_CURVE_WITH_KNOTS('',3,(#8543,#8544,#8545,#8546,#8547,
    #8548,#8549,#8550,#8551,#8552,#8553,#8554,#8555,#8556,#8557,#8558,
    #8559,#8560,#8561,#8562,#8563,#8564),.UNSPECIFIED.,.F.,.F.,(4,1,1,1,
    1,1,1,1,1,1,1,1,1,1,1,1,1,1,1,4),(0.,0.189906477077,0.372642952354,
    0.548209425831,0.716605897509,0.87783236739,1.031888835474,
    1.178775301764,1.318491766261,1.451038228967,1.576414689885,
    1.694621149018,1.805657606368,1.909524061941,2.006220515742,
    2.095746967776,2.178103418053,2.253289866581,2.321306313375,
    2.382152758453),.UNSPECIFIED.);
#8543 = CARTESIAN_POINT('',(-11.56027627677,16.202173204647,-2.));
#8544 = CARTESIAN_POINT('',(-11.54696402056,16.140286423931,-2.));
#8545 = CARTESIAN_POINT('',(-11.51979424353,16.01907249018,-2.));
#8546 = CARTESIAN_POINT('',(-11.47668156333,15.841485153334,-2.));
#8547 = CARTESIAN_POINT('',(-11.43225795951,15.671622396678,-2.));
#8548 = CARTESIAN_POINT('',(-11.38678118025,15.509473791961,-2.));
#8549 = CARTESIAN_POINT('',(-11.34050926949,15.355021264535,-2.));
#8550 = CARTESIAN_POINT('',(-11.29369898766,15.208240289201,-2.));
#8551 = CARTESIAN_POINT('',(-11.24660601459,15.069099626142,-2.));
#8552 = CARTESIAN_POINT('',(-11.19948470481,14.937561428528,-2.));
#8553 = CARTESIAN_POINT('',(-11.15258795611,14.81358126115,-2.));
#8554 = CARTESIAN_POINT('',(-11.10616705124,14.697108145253,-2.));
#8555 = CARTESIAN_POINT('',(-11.06047150634,14.588084602002,-2.));
#8556 = CARTESIAN_POINT('',(-11.01574892303,14.486446697111,-2.));
#8557 = CARTESIAN_POINT('',(-10.97224482714,14.392124100654,-2.));
#8558 = CARTESIAN_POINT('',(-10.93020255882,14.305040108937,-2.));
#8559 = CARTESIAN_POINT('',(-10.88986299527,14.225111808234,-2.));
#8560 = CARTESIAN_POINT('',(-10.85146483572,14.152249780572,-2.));
#8561 = CARTESIAN_POINT('',(-10.81524303865,14.086359333012,-2.));
#8562 = CARTESIAN_POINT('',(-10.78143328737,14.027336775041,-2.));
#8563 = CARTESIAN_POINT('',(-10.75942456694,13.990447474975,-2.));
#8564 = CARTESIAN_POINT('',(-10.74887460352,13.973124322986,-2.));
#8565 = VECTOR('',#8566,1.);
#8566 = DIRECTION('',(0.,-0.,-1.));
#8567 = ADVANCED_FACE('',(#8568),#8579,.F.);
#8568 = FACE_BOUND('',#8569,.F.);
#8569 = EDGE_LOOP('',(#8570,#8576,#8577,#8578));
#8570 = ORIENTED_EDGE('',*,*,#8571,.T.);
#8571 = EDGE_CURVE('',#6801,#3276,#8572,.T.);
#8572 = LINE('',#8573,#8574);
#8573 = CARTESIAN_POINT('',(19.388822084112,13.428329089834,-2.));
#8574 = VECTOR('',#8575,1.);
#8575 = DIRECTION('',(0.,0.,1.));
#8576 = ORIENTED_EDGE('',*,*,#3302,.T.);
#8577 = ORIENTED_EDGE('',*,*,#8495,.F.);
#8578 = ORIENTED_EDGE('',*,*,#6827,.F.);
#8579 = SURFACE_OF_LINEAR_EXTRUSION('',#8580,#8583);
#8580 = B_SPLINE_CURVE_WITH_KNOTS('',1,(#8581,#8582),.UNSPECIFIED.,.F.,
  .F.,(2,2),(0.,0.840437162419),.PIECEWISE_BEZIER_KNOTS.);
#8581 = CARTESIAN_POINT('',(19.388822084112,13.428329089834,-2.));
#8582 = CARTESIAN_POINT('',(18.748874603525,13.973124322986,-2.));
#8583 = VECTOR('',#8584,1.);
#8584 = DIRECTION('',(0.,-0.,-1.));
#8585 = ADVANCED_FACE('',(#8586),#8597,.F.);
#8586 = FACE_BOUND('',#8587,.F.);
#8587 = EDGE_LOOP('',(#8588,#8589,#8590,#8596));
#8588 = ORIENTED_EDGE('',*,*,#8535,.T.);
#8589 = ORIENTED_EDGE('',*,*,#718,.T.);
#8590 = ORIENTED_EDGE('',*,*,#8591,.F.);
#8591 = EDGE_CURVE('',#4244,#719,#8592,.T.);
#8592 = LINE('',#8593,#8594);
#8593 = CARTESIAN_POINT('',(-11.38882208411,13.428329089834,-2.));
#8594 = VECTOR('',#8595,1.);
#8595 = DIRECTION('',(0.,0.,1.));
#8596 = ORIENTED_EDGE('',*,*,#4243,.F.);
#8597 = SURFACE_OF_LINEAR_EXTRUSION('',#8598,#8601);
#8598 = B_SPLINE_CURVE_WITH_KNOTS('',1,(#8599,#8600),.UNSPECIFIED.,.F.,
  .F.,(2,2),(0.,0.840437162419),.PIECEWISE_BEZIER_KNOTS.);
#8599 = CARTESIAN_POINT('',(-10.74887460352,13.973124322986,-2.));
#8600 = CARTESIAN_POINT('',(-11.38882208411,13.428329089834,-2.));
#8601 = VECTOR('',#8602,1.);
#8602 = DIRECTION('',(0.,-0.,-1.));
#8603 = ADVANCED_FACE('',(#8604),#8615,.F.);
#8604 = FACE_BOUND('',#8605,.F.);
#8605 = EDGE_LOOP('',(#8606,#8612,#8613,#8614));
#8606 = ORIENTED_EDGE('',*,*,#8607,.T.);
#8607 = EDGE_CURVE('',#6794,#3269,#8608,.T.);
#8608 = LINE('',#8609,#8610);
#8609 = CARTESIAN_POINT('',(21.459798912548,14.585086008232,-2.));
#8610 = VECTOR('',#8611,1.);
#8611 = DIRECTION('',(0.,0.,1.));
#8612 = ORIENTED_EDGE('',*,*,#3275,.T.);
#8613 = ORIENTED_EDGE('',*,*,#8571,.F.);
#8614 = ORIENTED_EDGE('',*,*,#6800,.F.);
#8615 = SURFACE_OF_LINEAR_EXTRUSION('',#8616,#8639);
#8616 = B_SPLINE_CURVE_WITH_KNOTS('',3,(#8617,#8618,#8619,#8620,#8621,
    #8622,#8623,#8624,#8625,#8626,#8627,#8628,#8629,#8630,#8631,#8632,
    #8633,#8634,#8635,#8636,#8637,#8638),.UNSPECIFIED.,.F.,.F.,(4,1,1,1,
    1,1,1,1,1,1,1,1,1,1,1,1,1,1,1,4),(0.,0.189906477077,0.372642952354,
    0.548209425831,0.716605897509,0.87783236739,1.031888835474,
    1.178775301764,1.318491766261,1.451038228967,1.576414689885,
    1.694621149018,1.805657606368,1.909524061941,2.006220515742,
    2.095746967776,2.178103418053,2.253289866581,2.321306313375,
    2.382152758453),.UNSPECIFIED.);
#8617 = CARTESIAN_POINT('',(21.459798912548,14.585086008232,-2.));
#8618 = CARTESIAN_POINT('',(21.400830044685,14.5620672677,-2.));
#8619 = CARTESIAN_POINT('',(21.285506150951,14.515900027656,-2.));
#8620 = CARTESIAN_POINT('',(21.117075946287,14.444997054808,-2.));
#8621 = CARTESIAN_POINT('',(20.956480529742,14.374032804232,-2.));
#8622 = CARTESIAN_POINT('',(20.803668470155,14.303260055888,-2.));
#8623 = CARTESIAN_POINT('',(20.658580740779,14.23293066133,-2.));
#8624 = CARTESIAN_POINT('',(20.521152151844,14.163294175574,-2.));
#8625 = CARTESIAN_POINT('',(20.391311057499,14.094598015218,-2.));
#8626 = CARTESIAN_POINT('',(20.268979501085,14.027087234062,-2.));
#8627 = CARTESIAN_POINT('',(20.154073254515,13.961004396342,-2.));
#8628 = CARTESIAN_POINT('',(20.046501887788,13.896589427614,-2.));
#8629 = CARTESIAN_POINT('',(19.946168836097,13.834079472049,-2.));
#8630 = CARTESIAN_POINT('',(19.852971467487,13.77370875354,-2.));
#8631 = CARTESIAN_POINT('',(19.766801167637,13.71570842608,-2.));
#8632 = CARTESIAN_POINT('',(19.687543378998,13.660306468728,-2.));
#8633 = CARTESIAN_POINT('',(19.615077806672,13.60772743804,-2.));
#8634 = CARTESIAN_POINT('',(19.549278082496,13.558192702451,-2.));
#8635 = CARTESIAN_POINT('',(19.490013227975,13.511919095702,-2.));
#8636 = CARTESIAN_POINT('',(19.437143266691,13.469122731079,-2.));
#8637 = CARTESIAN_POINT('',(19.404239411132,13.441508594777,-2.));
#8638 = CARTESIAN_POINT('',(19.388822084112,13.428329089834,-2.));
#8639 = VECTOR('',#8640,1.);
#8640 = DIRECTION('',(0.,-0.,-1.));
#8641 = ADVANCED_FACE('',(#8642),#8653,.F.);
#8642 = FACE_BOUND('',#8643,.F.);
#8643 = EDGE_LOOP('',(#8644,#8645,#8646,#8652));
#8644 = ORIENTED_EDGE('',*,*,#8591,.T.);
#8645 = ORIENTED_EDGE('',*,*,#725,.T.);
#8646 = ORIENTED_EDGE('',*,*,#8647,.F.);
#8647 = EDGE_CURVE('',#4251,#726,#8648,.T.);
#8648 = LINE('',#8649,#8650);
#8649 = CARTESIAN_POINT('',(-13.45979891254,14.585086008232,-2.));
#8650 = VECTOR('',#8651,1.);
#8651 = DIRECTION('',(0.,0.,1.));
#8652 = ORIENTED_EDGE('',*,*,#4250,.F.);
#8653 = SURFACE_OF_LINEAR_EXTRUSION('',#8654,#8677);
#8654 = B_SPLINE_CURVE_WITH_KNOTS('',3,(#8655,#8656,#8657,#8658,#8659,
    #8660,#8661,#8662,#8663,#8664,#8665,#8666,#8667,#8668,#8669,#8670,
    #8671,#8672,#8673,#8674,#8675,#8676),.UNSPECIFIED.,.F.,.F.,(4,1,1,1,
    1,1,1,1,1,1,1,1,1,1,1,1,1,1,1,4),(0.,6.084644507817E-02,
    0.128862891872,0.204049340401,0.286405790677,0.375932242711,
    0.472628696512,0.576495152085,0.687531609436,0.805738068568,
    0.931114529486,1.063660992193,1.20337745669,1.350263922979,
    1.504320391064,1.665546860944,1.833943332622,2.009509806099,
    2.192246281376,2.382152758453),.UNSPECIFIED.);
#8655 = CARTESIAN_POINT('',(-11.38882208411,13.428329089834,-2.));
#8656 = CARTESIAN_POINT('',(-11.40423941113,13.441508594777,-2.));
#8657 = CARTESIAN_POINT('',(-11.43714326669,13.469122731079,-2.));
#8658 = CARTESIAN_POINT('',(-11.49001322797,13.511919095702,-2.));
#8659 = CARTESIAN_POINT('',(-11.54927808249,13.558192702451,-2.));
#8660 = CARTESIAN_POINT('',(-11.61507780667,13.60772743804,-2.));
#8661 = CARTESIAN_POINT('',(-11.68754337899,13.660306468728,-2.));
#8662 = CARTESIAN_POINT('',(-11.76680116763,13.71570842608,-2.));
#8663 = CARTESIAN_POINT('',(-11.85297146748,13.77370875354,-2.));
#8664 = CARTESIAN_POINT('',(-11.94616883609,13.834079472049,-2.));
#8665 = CARTESIAN_POINT('',(-12.04650188778,13.896589427614,-2.));
#8666 = CARTESIAN_POINT('',(-12.15407325451,13.961004396342,-2.));
#8667 = CARTESIAN_POINT('',(-12.26897950108,14.027087234062,-2.));
#8668 = CARTESIAN_POINT('',(-12.39131105749,14.094598015218,-2.));
#8669 = CARTESIAN_POINT('',(-12.52115215184,14.163294175574,-2.));
#8670 = CARTESIAN_POINT('',(-12.65858074077,14.23293066133,-2.));
#8671 = CARTESIAN_POINT('',(-12.80366847015,14.303260055888,-2.));
#8672 = CARTESIAN_POINT('',(-12.95648052974,14.374032804232,-2.));
#8673 = CARTESIAN_POINT('',(-13.11707594628,14.444997054808,-2.));
#8674 = CARTESIAN_POINT('',(-13.28550615095,14.515900027656,-2.));
#8675 = CARTESIAN_POINT('',(-13.40083004468,14.5620672677,-2.));
#8676 = CARTESIAN_POINT('',(-13.45979891254,14.585086008232,-2.));
#8677 = VECTOR('',#8678,1.);
#8678 = DIRECTION('',(0.,-0.,-1.));
#8679 = ADVANCED_FACE('',(#8680),#8691,.F.);
#8680 = FACE_BOUND('',#8681,.F.);
#8681 = EDGE_LOOP('',(#8682,#8688,#8689,#8690));
#8682 = ORIENTED_EDGE('',*,*,#8683,.T.);
#8683 = EDGE_CURVE('',#6767,#3242,#8684,.T.);
#8684 = LINE('',#8685,#8686);
#8685 = CARTESIAN_POINT('',(22.015923192901,14.046509676596,-2.));
#8686 = VECTOR('',#8687,1.);
#8687 = DIRECTION('',(0.,0.,1.));
#8688 = ORIENTED_EDGE('',*,*,#3268,.T.);
#8689 = ORIENTED_EDGE('',*,*,#8607,.F.);
#8690 = ORIENTED_EDGE('',*,*,#6793,.F.);
#8691 = SURFACE_OF_LINEAR_EXTRUSION('',#8692,#8695);
#8692 = B_SPLINE_CURVE_WITH_KNOTS('',1,(#8693,#8694),.UNSPECIFIED.,.F.,
  .F.,(2,2),(0.,0.774169671453),.PIECEWISE_BEZIER_KNOTS.);
#8693 = CARTESIAN_POINT('',(22.015923192901,14.046509676596,-2.));
#8694 = CARTESIAN_POINT('',(21.459798912548,14.585086008232,-2.));
#8695 = VECTOR('',#8696,1.);
#8696 = DIRECTION('',(0.,-0.,-1.));
#8697 = ADVANCED_FACE('',(#8698),#8709,.F.);
#8698 = FACE_BOUND('',#8699,.F.);
#8699 = EDGE_LOOP('',(#8700,#8701,#8702,#8708));
#8700 = ORIENTED_EDGE('',*,*,#8647,.T.);
#8701 = ORIENTED_EDGE('',*,*,#752,.T.);
#8702 = ORIENTED_EDGE('',*,*,#8703,.F.);
#8703 = EDGE_CURVE('',#4278,#753,#8704,.T.);
#8704 = LINE('',#8705,#8706);
#8705 = CARTESIAN_POINT('',(-14.0159231929,14.046509676596,-2.));
#8706 = VECTOR('',#8707,1.);
#8707 = DIRECTION('',(0.,0.,1.));
#8708 = ORIENTED_EDGE('',*,*,#4277,.F.);
#8709 = SURFACE_OF_LINEAR_EXTRUSION('',#8710,#8713);
#8710 = B_SPLINE_CURVE_WITH_KNOTS('',1,(#8711,#8712),.UNSPECIFIED.,.F.,
  .F.,(2,2),(0.,0.774169671453),.PIECEWISE_BEZIER_KNOTS.);
#8711 = CARTESIAN_POINT('',(-13.45979891254,14.585086008232,-2.));
#8712 = CARTESIAN_POINT('',(-14.0159231929,14.046509676596,-2.));
#8713 = VECTOR('',#8714,1.);
#8714 = DIRECTION('',(0.,-0.,-1.));
#8715 = ADVANCED_FACE('',(#8716),#8727,.F.);
#8716 = FACE_BOUND('',#8717,.F.);
#8717 = EDGE_LOOP('',(#8718,#8724,#8725,#8726));
#8718 = ORIENTED_EDGE('',*,*,#8719,.T.);
#8719 = EDGE_CURVE('',#6760,#3235,#8720,.T.);
#8720 = LINE('',#8721,#8722);
#8721 = CARTESIAN_POINT('',(20.926138671933,11.939520998402,-2.));
#8722 = VECTOR('',#8723,1.);
#8723 = DIRECTION('',(0.,0.,1.));
#8724 = ORIENTED_EDGE('',*,*,#3241,.T.);
#8725 = ORIENTED_EDGE('',*,*,#8683,.F.);
#8726 = ORIENTED_EDGE('',*,*,#6766,.F.);
#8727 = SURFACE_OF_LINEAR_EXTRUSION('',#8728,#8751);
#8728 = B_SPLINE_CURVE_WITH_KNOTS('',3,(#8729,#8730,#8731,#8732,#8733,
    #8734,#8735,#8736,#8737,#8738,#8739,#8740,#8741,#8742,#8743,#8744,
    #8745,#8746,#8747,#8748,#8749,#8750),.UNSPECIFIED.,.F.,.F.,(4,1,1,1,
    1,1,1,1,1,1,1,1,1,1,1,1,1,1,1,4),(0.,6.084644507817E-02,
    0.128862891872,0.204049340401,0.286405790677,0.375932242711,
    0.472628696512,0.576495152085,0.687531609436,0.805738068568,
    0.931114529486,1.063660992193,1.20337745669,1.350263922979,
    1.504320391064,1.665546860944,1.833943332622,2.009509806099,
    2.192246281376,2.382152758453),.UNSPECIFIED.);
#8729 = CARTESIAN_POINT('',(20.926138671933,11.939520998402,-2.));
#8730 = CARTESIAN_POINT('',(20.938817255807,11.955352828174,-2.));
#8731 = CARTESIAN_POINT('',(20.965362583935,11.989124854896,-2.));
#8732 = CARTESIAN_POINT('',(21.006442394813,12.043339343451,-2.));
#8733 = CARTESIAN_POINT('',(21.050792694851,12.104056890747,-2.));
#8734 = CARTESIAN_POINT('',(21.098192995332,12.171410474511,-2.));
#8735 = CARTESIAN_POINT('',(21.148422375852,12.24552405608,-2.));
#8736 = CARTESIAN_POINT('',(21.201255531416,12.326516843486,-2.));
#8737 = CARTESIAN_POINT('',(21.256464165198,12.414501872426,-2.));
#8738 = CARTESIAN_POINT('',(21.313816743519,12.509586334505,-2.));
#8739 = CARTESIAN_POINT('',(21.373078749893,12.61187137939,-2.));
#8740 = CARTESIAN_POINT('',(21.434012791249,12.721452079058,-2.));
#8741 = CARTESIAN_POINT('',(21.496378750201,12.83841734786,-2.));
#8742 = CARTESIAN_POINT('',(21.559933926042,12.96284987934,-2.));
#8743 = CARTESIAN_POINT('',(21.624433179516,13.094826083747,-2.));
#8744 = CARTESIAN_POINT('',(21.689629084095,13.234416023325,-2.));
#8745 = CARTESIAN_POINT('',(21.755272053938,13.381683377022,-2.));
#8746 = CARTESIAN_POINT('',(21.821110572808,13.536685302481,-2.));
#8747 = CARTESIAN_POINT('',(21.886891026651,13.699472723885,-2.));
#8748 = CARTESIAN_POINT('',(21.952359116929,13.870088943973,-2.));
#8749 = CARTESIAN_POINT('',(21.994806324267,13.986833319034,-2.));
#8750 = CARTESIAN_POINT('',(22.015923192901,14.046509676596,-2.));
#8751 = VECTOR('',#8752,1.);
#8752 = DIRECTION('',(0.,-0.,-1.));
#8753 = ADVANCED_FACE('',(#8754),#8765,.F.);
#8754 = FACE_BOUND('',#8755,.F.);
#8755 = EDGE_LOOP('',(#8756,#8757,#8758,#8764));
#8756 = ORIENTED_EDGE('',*,*,#8703,.T.);
#8757 = ORIENTED_EDGE('',*,*,#759,.T.);
#8758 = ORIENTED_EDGE('',*,*,#8759,.F.);
#8759 = EDGE_CURVE('',#4285,#760,#8760,.T.);
#8760 = LINE('',#8761,#8762);
#8761 = CARTESIAN_POINT('',(-12.92613867193,11.939520998402,-2.));
#8762 = VECTOR('',#8763,1.);
#8763 = DIRECTION('',(0.,0.,1.));
#8764 = ORIENTED_EDGE('',*,*,#4284,.F.);
#8765 = SURFACE_OF_LINEAR_EXTRUSION('',#8766,#8789);
#8766 = B_SPLINE_CURVE_WITH_KNOTS('',3,(#8767,#8768,#8769,#8770,#8771,
    #8772,#8773,#8774,#8775,#8776,#8777,#8778,#8779,#8780,#8781,#8782,
    #8783,#8784,#8785,#8786,#8787,#8788),.UNSPECIFIED.,.F.,.F.,(4,1,1,1,
    1,1,1,1,1,1,1,1,1,1,1,1,1,1,1,4),(0.,0.189906477077,0.372642952354,
    0.548209425831,0.716605897509,0.87783236739,1.031888835474,
    1.178775301764,1.318491766261,1.451038228967,1.576414689885,
    1.694621149018,1.805657606368,1.909524061941,2.006220515742,
    2.095746967776,2.178103418053,2.253289866581,2.321306313375,
    2.382152758453),.UNSPECIFIED.);
#8767 = CARTESIAN_POINT('',(-14.0159231929,14.046509676596,-2.));
#8768 = CARTESIAN_POINT('',(-13.99480632426,13.986833319034,-2.));
#8769 = CARTESIAN_POINT('',(-13.95235911692,13.870088943973,-2.));
#8770 = CARTESIAN_POINT('',(-13.88689102665,13.699472723885,-2.));
#8771 = CARTESIAN_POINT('',(-13.8211105728,13.536685302481,-2.));
#8772 = CARTESIAN_POINT('',(-13.75527205393,13.381683377022,-2.));
#8773 = CARTESIAN_POINT('',(-13.68962908409,13.234416023325,-2.));
#8774 = CARTESIAN_POINT('',(-13.62443317951,13.094826083747,-2.));
#8775 = CARTESIAN_POINT('',(-13.55993392604,12.96284987934,-2.));
#8776 = CARTESIAN_POINT('',(-13.4963787502,12.83841734786,-2.));
#8777 = CARTESIAN_POINT('',(-13.43401279124,12.721452079058,-2.));
#8778 = CARTESIAN_POINT('',(-13.37307874989,12.61187137939,-2.));
#8779 = CARTESIAN_POINT('',(-13.31381674351,12.509586334505,-2.));
#8780 = CARTESIAN_POINT('',(-13.25646416519,12.414501872426,-2.));
#8781 = CARTESIAN_POINT('',(-13.20125553141,12.326516843486,-2.));
#8782 = CARTESIAN_POINT('',(-13.14842237585,12.24552405608,-2.));
#8783 = CARTESIAN_POINT('',(-13.09819299533,12.171410474511,-2.));
#8784 = CARTESIAN_POINT('',(-13.05079269485,12.104056890747,-2.));
#8785 = CARTESIAN_POINT('',(-13.00644239481,12.043339343451,-2.));
#8786 = CARTESIAN_POINT('',(-12.96536258393,11.989124854896,-2.));
#8787 = CARTESIAN_POINT('',(-12.9388172558,11.955352828174,-2.));
#8788 = CARTESIAN_POINT('',(-12.92613867193,11.939520998402,-2.));
#8789 = VECTOR('',#8790,1.);
#8790 = DIRECTION('',(0.,-0.,-1.));
#8791 = ADVANCED_FACE('',(#8792),#8803,.F.);
#8792 = FACE_BOUND('',#8793,.F.);
#8793 = EDGE_LOOP('',(#8794,#8800,#8801,#8802));
#8794 = ORIENTED_EDGE('',*,*,#8795,.T.);
#8795 = EDGE_CURVE('',#6733,#3208,#8796,.T.);
#8796 = LINE('',#8797,#8798);
#8797 = CARTESIAN_POINT('',(21.491165324436,11.317363859138,-2.));
#8798 = VECTOR('',#8799,1.);
#8799 = DIRECTION('',(0.,0.,1.));
#8800 = ORIENTED_EDGE('',*,*,#3234,.T.);
#8801 = ORIENTED_EDGE('',*,*,#8719,.F.);
#8802 = ORIENTED_EDGE('',*,*,#6759,.F.);
#8803 = SURFACE_OF_LINEAR_EXTRUSION('',#8804,#8807);
#8804 = B_SPLINE_CURVE_WITH_KNOTS('',1,(#8805,#8806),.UNSPECIFIED.,.F.,
  .F.,(2,2),(0.,0.840437162419),.PIECEWISE_BEZIER_KNOTS.);
#8805 = CARTESIAN_POINT('',(21.491165324436,11.317363859138,-2.));
#8806 = CARTESIAN_POINT('',(20.926138671933,11.939520998402,-2.));
#8807 = VECTOR('',#8808,1.);
#8808 = DIRECTION('',(0.,-0.,-1.));
#8809 = ADVANCED_FACE('',(#8810),#8821,.F.);
#8810 = FACE_BOUND('',#8811,.F.);
#8811 = EDGE_LOOP('',(#8812,#8813,#8814,#8820));
#8812 = ORIENTED_EDGE('',*,*,#8759,.T.);
#8813 = ORIENTED_EDGE('',*,*,#786,.T.);
#8814 = ORIENTED_EDGE('',*,*,#8815,.F.);
#8815 = EDGE_CURVE('',#4312,#787,#8816,.T.);
#8816 = LINE('',#8817,#8818);
#8817 = CARTESIAN_POINT('',(-13.49116532443,11.317363859138,-2.));
#8818 = VECTOR('',#8819,1.);
#8819 = DIRECTION('',(0.,0.,1.));
#8820 = ORIENTED_EDGE('',*,*,#4311,.F.);
#8821 = SURFACE_OF_LINEAR_EXTRUSION('',#8822,#8825);
#8822 = B_SPLINE_CURVE_WITH_KNOTS('',1,(#8823,#8824),.UNSPECIFIED.,.F.,
  .F.,(2,2),(0.,0.840437162419),.PIECEWISE_BEZIER_KNOTS.);
#8823 = CARTESIAN_POINT('',(-12.92613867193,11.939520998402,-2.));
#8824 = CARTESIAN_POINT('',(-13.49116532443,11.317363859138,-2.));
#8825 = VECTOR('',#8826,1.);
#8826 = DIRECTION('',(0.,-0.,-1.));
#8827 = ADVANCED_FACE('',(#8828),#8839,.F.);
#8828 = FACE_BOUND('',#8829,.F.);
#8829 = EDGE_LOOP('',(#8830,#8836,#8837,#8838));
#8830 = ORIENTED_EDGE('',*,*,#8831,.T.);
#8831 = EDGE_CURVE('',#6726,#3201,#8832,.T.);
#8832 = LINE('',#8833,#8834);
#8833 = CARTESIAN_POINT('',(23.693062253222,12.199793180492,-2.));
#8834 = VECTOR('',#8835,1.);
#8835 = DIRECTION('',(0.,0.,1.));
#8836 = ORIENTED_EDGE('',*,*,#3207,.T.);
#8837 = ORIENTED_EDGE('',*,*,#8795,.F.);
#8838 = ORIENTED_EDGE('',*,*,#6732,.F.);
#8839 = SURFACE_OF_LINEAR_EXTRUSION('',#8840,#8863);
#8840 = B_SPLINE_CURVE_WITH_KNOTS('',3,(#8841,#8842,#8843,#8844,#8845,
    #8846,#8847,#8848,#8849,#8850,#8851,#8852,#8853,#8854,#8855,#8856,
    #8857,#8858,#8859,#8860,#8861,#8862),.UNSPECIFIED.,.F.,.F.,(4,1,1,1,
    1,1,1,1,1,1,1,1,1,1,1,1,1,1,1,4),(0.,0.189906477077,0.372642952354,
    0.548209425831,0.716605897509,0.87783236739,1.031888835474,
    1.178775301764,1.318491766261,1.451038228967,1.576414689885,
    1.694621149018,1.805657606368,1.909524061941,2.006220515742,
    2.095746967776,2.178103418053,2.253289866581,2.321306313375,
    2.382152758453),.UNSPECIFIED.);
#8841 = CARTESIAN_POINT('',(23.693062253222,12.199793180492,-2.));
#8842 = CARTESIAN_POINT('',(23.631633947744,12.184504194951,-2.));
#8843 = CARTESIAN_POINT('',(23.511353125964,12.153463279515,-2.));
#8844 = CARTESIAN_POINT('',(23.335238860029,12.104680795609,-2.));
#8845 = CARTESIAN_POINT('',(23.166887222689,12.054835646596,-2.));
#8846 = CARTESIAN_POINT('',(23.006279529817,12.004185113989,-2.));
#8847 = CARTESIAN_POINT('',(22.853389445334,11.952986529815,-2.));
#8848 = CARTESIAN_POINT('',(22.708184227066,11.901495736532,-2.));
#8849 = CARTESIAN_POINT('',(22.570624456306,11.849967281318,-2.));
#8850 = CARTESIAN_POINT('',(22.440664153202,11.798654174961,-2.));
#8851 = CARTESIAN_POINT('',(22.318250799604,11.747807761096,-2.));
#8852 = CARTESIAN_POINT('',(22.20332538894,11.697677559427,-2.));
#8853 = CARTESIAN_POINT('',(22.095822474522,11.648511115606,-2.));
#8854 = CARTESIAN_POINT('',(21.995670218888,11.600553854836,-2.));
#8855 = CARTESIAN_POINT('',(21.902790458757,11.554048922629,-2.));
#8856 = CARTESIAN_POINT('',(21.817098730408,11.509237075633,-2.));
#8857 = CARTESIAN_POINT('',(21.738504442222,11.46635640977,-2.));
#8858 = CARTESIAN_POINT('',(21.666910571479,11.425642635642,-2.));
#8859 = CARTESIAN_POINT('',(21.602214943102,11.387327555949,-2.));
#8860 = CARTESIAN_POINT('',(21.544306365831,11.351643409476,-2.));
#8861 = CARTESIAN_POINT('',(21.5081414331,11.328463636508,-2.));
#8862 = CARTESIAN_POINT('',(21.491165324436,11.317363859138,-2.));
#8863 = VECTOR('',#8864,1.);
#8864 = DIRECTION('',(0.,-0.,-1.));
#8865 = ADVANCED_FACE('',(#8866),#8877,.F.);
#8866 = FACE_BOUND('',#8867,.F.);
#8867 = EDGE_LOOP('',(#8868,#8869,#8870,#8876));
#8868 = ORIENTED_EDGE('',*,*,#8815,.T.);
#8869 = ORIENTED_EDGE('',*,*,#793,.T.);
#8870 = ORIENTED_EDGE('',*,*,#8871,.F.);
#8871 = EDGE_CURVE('',#4319,#794,#8872,.T.);
#8872 = LINE('',#8873,#8874);
#8873 = CARTESIAN_POINT('',(-15.69306225322,12.199793180492,-2.));
#8874 = VECTOR('',#8875,1.);
#8875 = DIRECTION('',(0.,0.,1.));
#8876 = ORIENTED_EDGE('',*,*,#4318,.F.);
#8877 = SURFACE_OF_LINEAR_EXTRUSION('',#8878,#8901);
#8878 = B_SPLINE_CURVE_WITH_KNOTS('',3,(#8879,#8880,#8881,#8882,#8883,
    #8884,#8885,#8886,#8887,#8888,#8889,#8890,#8891,#8892,#8893,#8894,
    #8895,#8896,#8897,#8898,#8899,#8900),.UNSPECIFIED.,.F.,.F.,(4,1,1,1,
    1,1,1,1,1,1,1,1,1,1,1,1,1,1,1,4),(0.,6.084644507817E-02,
    0.128862891872,0.204049340401,0.286405790677,0.375932242711,
    0.472628696512,0.576495152085,0.687531609436,0.805738068568,
    0.931114529486,1.063660992193,1.20337745669,1.350263922979,
    1.504320391064,1.665546860944,1.833943332622,2.009509806099,
    2.192246281376,2.382152758453),.UNSPECIFIED.);
#8879 = CARTESIAN_POINT('',(-13.49116532443,11.317363859138,-2.));
#8880 = CARTESIAN_POINT('',(-13.5081414331,11.328463636508,-2.));
#8881 = CARTESIAN_POINT('',(-13.54430636583,11.351643409476,-2.));
#8882 = CARTESIAN_POINT('',(-13.6022149431,11.387327555949,-2.));
#8883 = CARTESIAN_POINT('',(-13.66691057147,11.425642635642,-2.));
#8884 = CARTESIAN_POINT('',(-13.73850444222,11.46635640977,-2.));
#8885 = CARTESIAN_POINT('',(-13.8170987304,11.509237075633,-2.));
#8886 = CARTESIAN_POINT('',(-13.90279045875,11.554048922629,-2.));
#8887 = CARTESIAN_POINT('',(-13.99567021888,11.600553854836,-2.));
#8888 = CARTESIAN_POINT('',(-14.09582247452,11.648511115606,-2.));
#8889 = CARTESIAN_POINT('',(-14.20332538894,11.697677559427,-2.));
#8890 = CARTESIAN_POINT('',(-14.3182507996,11.747807761096,-2.));
#8891 = CARTESIAN_POINT('',(-14.4406641532,11.798654174961,-2.));
#8892 = CARTESIAN_POINT('',(-14.5706244563,11.849967281318,-2.));
#8893 = CARTESIAN_POINT('',(-14.70818422706,11.901495736532,-2.));
#8894 = CARTESIAN_POINT('',(-14.85338944533,11.952986529815,-2.));
#8895 = CARTESIAN_POINT('',(-15.00627952981,12.004185113989,-2.));
#8896 = CARTESIAN_POINT('',(-15.16688722268,12.054835646596,-2.));
#8897 = CARTESIAN_POINT('',(-15.33523886002,12.104680795609,-2.));
#8898 = CARTESIAN_POINT('',(-15.51135312596,12.153463279515,-2.));
#8899 = CARTESIAN_POINT('',(-15.63163394774,12.184504194951,-2.));
#8900 = CARTESIAN_POINT('',(-15.69306225322,12.199793180492,-2.));
#8901 = VECTOR('',#8902,1.);
#8902 = DIRECTION('',(0.,-0.,-1.));
#8903 = ADVANCED_FACE('',(#8904),#8915,.F.);
#8904 = FACE_BOUND('',#8905,.F.);
#8905 = EDGE_LOOP('',(#8906,#8912,#8913,#8914));
#8906 = ORIENTED_EDGE('',*,*,#8907,.T.);
#8907 = EDGE_CURVE('',#6699,#3174,#8908,.T.);
#8908 = LINE('',#8909,#8910);
#8909 = CARTESIAN_POINT('',(24.175749148281,11.594522958578,-2.));
#8910 = VECTOR('',#8911,1.);
#8911 = DIRECTION('',(0.,0.,1.));
#8912 = ORIENTED_EDGE('',*,*,#3200,.T.);
#8913 = ORIENTED_EDGE('',*,*,#8831,.F.);
#8914 = ORIENTED_EDGE('',*,*,#6725,.F.);
#8915 = SURFACE_OF_LINEAR_EXTRUSION('',#8916,#8919);
#8916 = B_SPLINE_CURVE_WITH_KNOTS('',1,(#8917,#8918),.UNSPECIFIED.,.F.,
  .F.,(2,2),(0.,0.774169671453),.PIECEWISE_BEZIER_KNOTS.);
#8917 = CARTESIAN_POINT('',(24.175749148281,11.594522958578,-2.));
#8918 = CARTESIAN_POINT('',(23.693062253222,12.199793180492,-2.));
#8919 = VECTOR('',#8920,1.);
#8920 = DIRECTION('',(0.,-0.,-1.));
#8921 = ADVANCED_FACE('',(#8922),#8933,.F.);
#8922 = FACE_BOUND('',#8923,.F.);
#8923 = EDGE_LOOP('',(#8924,#8925,#8926,#8932));
#8924 = ORIENTED_EDGE('',*,*,#8871,.T.);
#8925 = ORIENTED_EDGE('',*,*,#820,.T.);
#8926 = ORIENTED_EDGE('',*,*,#8927,.F.);
#8927 = EDGE_CURVE('',#4346,#821,#8928,.T.);
#8928 = LINE('',#8929,#8930);
#8929 = CARTESIAN_POINT('',(-16.17574914828,11.594522958578,-2.));
#8930 = VECTOR('',#8931,1.);
#8931 = DIRECTION('',(0.,0.,1.));
#8932 = ORIENTED_EDGE('',*,*,#4345,.F.);
#8933 = SURFACE_OF_LINEAR_EXTRUSION('',#8934,#8937);
#8934 = B_SPLINE_CURVE_WITH_KNOTS('',1,(#8935,#8936),.UNSPECIFIED.,.F.,
  .F.,(2,2),(0.,0.774169671453),.PIECEWISE_BEZIER_KNOTS.);
#8935 = CARTESIAN_POINT('',(-15.69306225322,12.199793180492,-2.));
#8936 = CARTESIAN_POINT('',(-16.17574914828,11.594522958578,-2.));
#8937 = VECTOR('',#8938,1.);
#8938 = DIRECTION('',(0.,-0.,-1.));
#8939 = ADVANCED_FACE('',(#8940),#8951,.F.);
#8940 = FACE_BOUND('',#8941,.F.);
#8941 = EDGE_LOOP('',(#8942,#8948,#8949,#8950));
#8942 = ORIENTED_EDGE('',*,*,#8943,.T.);
#8943 = EDGE_CURVE('',#6692,#3167,#8944,.T.);
#8944 = LINE('',#8945,#8946);
#8945 = CARTESIAN_POINT('',(22.825476011297,9.644191179696,-2.));
#8946 = VECTOR('',#8947,1.);
#8947 = DIRECTION('',(0.,0.,1.));
#8948 = ORIENTED_EDGE('',*,*,#3173,.T.);
#8949 = ORIENTED_EDGE('',*,*,#8907,.F.);
#8950 = ORIENTED_EDGE('',*,*,#6698,.F.);
#8951 = SURFACE_OF_LINEAR_EXTRUSION('',#8952,#8975);
#8952 = B_SPLINE_CURVE_WITH_KNOTS('',3,(#8953,#8954,#8955,#8956,#8957,
    #8958,#8959,#8960,#8961,#8962,#8963,#8964,#8965,#8966,#8967,#8968,
    #8969,#8970,#8971,#8972,#8973,#8974),.UNSPECIFIED.,.F.,.F.,(4,1,1,1,
    1,1,1,1,1,1,1,1,1,1,1,1,1,1,1,4),(0.,6.084644507817E-02,
    0.128862891872,0.204049340401,0.286405790677,0.375932242711,
    0.472628696512,0.576495152085,0.687531609436,0.805738068568,
    0.931114529486,1.063660992193,1.20337745669,1.350263922979,
    1.504320391064,1.665546860944,1.833943332622,2.009509806099,
    2.192246281376,2.382152758453),.UNSPECIFIED.);
#8953 = CARTESIAN_POINT('',(22.825476011297,9.644191179696,-2.));
#8954 = CARTESIAN_POINT('',(22.840075033628,9.658271729045,-2.));
#8955 = CARTESIAN_POINT('',(22.8707210959,9.688371946677,-2.));
#8956 = CARTESIAN_POINT('',(22.918396437018,9.736888165413,-2.));
#8957 = CARTESIAN_POINT('',(22.970147009318,9.791435831996,-2.));
#8958 = CARTESIAN_POINT('',(23.025771139108,9.85217502788,-2.));
#8959 = CARTESIAN_POINT('',(23.085065571562,9.919256947354,-2.));
#8960 = CARTESIAN_POINT('',(23.147822095419,9.992828631119,-2.));
#8961 = CARTESIAN_POINT('',(23.213828742853,10.0730313808,-2.));
#8962 = CARTESIAN_POINT('',(23.28286958843,10.160001115828,-2.));
#8963 = CARTESIAN_POINT('',(23.354724975773,10.253868144737,-2.));
#8964 = CARTESIAN_POINT('',(23.42917161834,10.354757116117,-2.));
#8965 = CARTESIAN_POINT('',(23.505982740223,10.462786919863,-2.));
#8966 = CARTESIAN_POINT('',(23.584928207895,10.578070606483,-2.));
#8967 = CARTESIAN_POINT('',(23.665774665819,10.700715306611,-2.));
#8968 = CARTESIAN_POINT('',(23.748285678196,10.830822147483,-2.));
#8969 = CARTESIAN_POINT('',(23.832221851363,10.968486201574,-2.));
#8970 = CARTESIAN_POINT('',(23.917341043186,11.113796320445,-2.));
#8971 = CARTESIAN_POINT('',(24.00339823382,11.266835441638,-2.));
#8972 = CARTESIAN_POINT('',(24.090146749944,11.427679031352,-2.));
#8973 = CARTESIAN_POINT('',(24.147174405622,11.538036908312,-2.));
#8974 = CARTESIAN_POINT('',(24.175749148281,11.594522958578,-2.));
#8975 = VECTOR('',#8976,1.);
#8976 = DIRECTION('',(0.,-0.,-1.));
#8977 = ADVANCED_FACE('',(#8978),#8989,.F.);
#8978 = FACE_BOUND('',#8979,.F.);
#8979 = EDGE_LOOP('',(#8980,#8981,#8982,#8988));
#8980 = ORIENTED_EDGE('',*,*,#8927,.T.);
#8981 = ORIENTED_EDGE('',*,*,#827,.T.);
#8982 = ORIENTED_EDGE('',*,*,#8983,.F.);
#8983 = EDGE_CURVE('',#4353,#828,#8984,.T.);
#8984 = LINE('',#8985,#8986);
#8985 = CARTESIAN_POINT('',(-14.82547601129,9.644191179696,-2.));
#8986 = VECTOR('',#8987,1.);
#8987 = DIRECTION('',(0.,0.,1.));
#8988 = ORIENTED_EDGE('',*,*,#4352,.F.);
#8989 = SURFACE_OF_LINEAR_EXTRUSION('',#8990,#9013);
#8990 = B_SPLINE_CURVE_WITH_KNOTS('',3,(#8991,#8992,#8993,#8994,#8995,
    #8996,#8997,#8998,#8999,#9000,#9001,#9002,#9003,#9004,#9005,#9006,
    #9007,#9008,#9009,#9010,#9011,#9012),.UNSPECIFIED.,.F.,.F.,(4,1,1,1,
    1,1,1,1,1,1,1,1,1,1,1,1,1,1,1,4),(0.,0.189906477077,0.372642952354,
    0.548209425831,0.716605897509,0.87783236739,1.031888835474,
    1.178775301764,1.318491766261,1.451038228967,1.576414689885,
    1.694621149018,1.805657606368,1.909524061941,2.006220515742,
    2.095746967776,2.178103418053,2.253289866581,2.321306313375,
    2.382152758453),.UNSPECIFIED.);
#8991 = CARTESIAN_POINT('',(-16.17574914828,11.594522958578,-2.));
#8992 = CARTESIAN_POINT('',(-16.14717440562,11.538036908312,-2.));
#8993 = CARTESIAN_POINT('',(-16.09014674994,11.427679031352,-2.));
#8994 = CARTESIAN_POINT('',(-16.00339823382,11.266835441638,-2.));
#8995 = CARTESIAN_POINT('',(-15.91734104318,11.113796320445,-2.));
#8996 = CARTESIAN_POINT('',(-15.83222185136,10.968486201574,-2.));
#8997 = CARTESIAN_POINT('',(-15.74828567819,10.830822147483,-2.));
#8998 = CARTESIAN_POINT('',(-15.66577466581,10.700715306611,-2.));
#8999 = CARTESIAN_POINT('',(-15.58492820789,10.578070606483,-2.));
#9000 = CARTESIAN_POINT('',(-15.50598274022,10.462786919863,-2.));
#9001 = CARTESIAN_POINT('',(-15.42917161834,10.354757116117,-2.));
#9002 = CARTESIAN_POINT('',(-15.35472497577,10.253868144737,-2.));
#9003 = CARTESIAN_POINT('',(-15.28286958843,10.160001115828,-2.));
#9004 = CARTESIAN_POINT('',(-15.21382874285,10.0730313808,-2.));
#9005 = CARTESIAN_POINT('',(-15.14782209541,9.992828631119,-2.));
#9006 = CARTESIAN_POINT('',(-15.08506557156,9.919256947354,-2.));
#9007 = CARTESIAN_POINT('',(-15.0257711391,9.85217502788,-2.));
#9008 = CARTESIAN_POINT('',(-14.97014700931,9.791435831996,-2.));
#9009 = CARTESIAN_POINT('',(-14.91839643701,9.736888165413,-2.));
#9010 = CARTESIAN_POINT('',(-14.8707210959,9.688371946677,-2.));
#9011 = CARTESIAN_POINT('',(-14.84007503362,9.658271729045,-2.));
#9012 = CARTESIAN_POINT('',(-14.82547601129,9.644191179696,-2.));
#9013 = VECTOR('',#9014,1.);
#9014 = DIRECTION('',(0.,-0.,-1.));
#9015 = ADVANCED_FACE('',(#9016),#9027,.F.);
#9016 = FACE_BOUND('',#9017,.F.);
#9017 = EDGE_LOOP('',(#9018,#9024,#9025,#9026));
#9018 = ORIENTED_EDGE('',*,*,#9019,.T.);
#9019 = EDGE_CURVE('',#6665,#3140,#9020,.T.);
#9020 = LINE('',#9021,#9022);
#9021 = CARTESIAN_POINT('',(23.306304113703,8.954887937347,-2.));
#9022 = VECTOR('',#9023,1.);
#9023 = DIRECTION('',(0.,0.,1.));
#9024 = ORIENTED_EDGE('',*,*,#3166,.T.);
#9025 = ORIENTED_EDGE('',*,*,#8943,.F.);
#9026 = ORIENTED_EDGE('',*,*,#6691,.F.);
#9027 = SURFACE_OF_LINEAR_EXTRUSION('',#9028,#9031);
#9028 = B_SPLINE_CURVE_WITH_KNOTS('',1,(#9029,#9030),.UNSPECIFIED.,.F.,
  .F.,(2,2),(0.,0.840437162419),.PIECEWISE_BEZIER_KNOTS.);
#9029 = CARTESIAN_POINT('',(23.306304113703,8.954887937347,-2.));
#9030 = CARTESIAN_POINT('',(22.825476011297,9.644191179696,-2.));
#9031 = VECTOR('',#9032,1.);
#9032 = DIRECTION('',(0.,-0.,-1.));
#9033 = ADVANCED_FACE('',(#9034),#9045,.F.);
#9034 = FACE_BOUND('',#9035,.F.);
#9035 = EDGE_LOOP('',(#9036,#9037,#9038,#9044));
#9036 = ORIENTED_EDGE('',*,*,#8983,.T.);
#9037 = ORIENTED_EDGE('',*,*,#854,.T.);
#9038 = ORIENTED_EDGE('',*,*,#9039,.F.);
#9039 = EDGE_CURVE('',#4380,#855,#9040,.T.);
#9040 = LINE('',#9041,#9042);
#9041 = CARTESIAN_POINT('',(-15.3063041137,8.954887937347,-2.));
#9042 = VECTOR('',#9043,1.);
#9043 = DIRECTION('',(0.,0.,1.));
#9044 = ORIENTED_EDGE('',*,*,#4379,.F.);
#9045 = SURFACE_OF_LINEAR_EXTRUSION('',#9046,#9049);
#9046 = B_SPLINE_CURVE_WITH_KNOTS('',1,(#9047,#9048),.UNSPECIFIED.,.F.,
  .F.,(2,2),(0.,0.840437162419),.PIECEWISE_BEZIER_KNOTS.);
#9047 = CARTESIAN_POINT('',(-14.82547601129,9.644191179696,-2.));
#9048 = CARTESIAN_POINT('',(-15.3063041137,8.954887937347,-2.));
#9049 = VECTOR('',#9050,1.);
#9050 = DIRECTION('',(0.,-0.,-1.));
#9051 = ADVANCED_FACE('',(#9052),#9063,.F.);
#9052 = FACE_BOUND('',#9053,.F.);
#9053 = EDGE_LOOP('',(#9054,#9060,#9061,#9062));
#9054 = ORIENTED_EDGE('',*,*,#9055,.T.);
#9055 = EDGE_CURVE('',#6658,#3133,#9056,.T.);
#9056 = LINE('',#9057,#9058);
#9057 = CARTESIAN_POINT('',(25.602966056143,9.548500196596,-2.));
#9058 = VECTOR('',#9059,1.);
#9059 = DIRECTION('',(0.,0.,1.));
#9060 = ORIENTED_EDGE('',*,*,#3139,.T.);
#9061 = ORIENTED_EDGE('',*,*,#9019,.F.);
#9062 = ORIENTED_EDGE('',*,*,#6664,.F.);
#9063 = SURFACE_OF_LINEAR_EXTRUSION('',#9064,#9087);
#9064 = B_SPLINE_CURVE_WITH_KNOTS('',3,(#9065,#9066,#9067,#9068,#9069,
    #9070,#9071,#9072,#9073,#9074,#9075,#9076,#9077,#9078,#9079,#9080,
    #9081,#9082,#9083,#9084,#9085,#9086),.UNSPECIFIED.,.F.,.F.,(4,1,1,1,
    1,1,1,1,1,1,1,1,1,1,1,1,1,1,1,4),(0.,0.189906477077,0.372642952354,
    0.548209425831,0.716605897509,0.87783236739,1.031888835474,
    1.178775301764,1.318491766261,1.451038228967,1.576414689885,
    1.694621149018,1.805657606368,1.909524061941,2.006220515742,
    2.095746967776,2.178103418053,2.253289866581,2.321306313375,
    2.382152758453),.UNSPECIFIED.);
#9065 = CARTESIAN_POINT('',(25.602966056143,9.548500196596,-2.));
#9066 = CARTESIAN_POINT('',(25.540086964128,9.541192010766,-2.));
#9067 = CARTESIAN_POINT('',(25.416824222069,9.525787110911,-2.));
#9068 = CARTESIAN_POINT('',(25.235917686242,9.499926122983,-2.));
#9069 = CARTESIAN_POINT('',(25.062574157337,9.472018531503,-2.));
#9070 = CARTESIAN_POINT('',(24.896808005056,9.442321894978,-2.));
#9071 = CARTESIAN_POINT('',(24.738626016427,9.411094800526,-2.));
#9072 = CARTESIAN_POINT('',(24.588028434496,9.378595177118,-2.));
#9073 = CARTESIAN_POINT('',(24.445008714953,9.345080522856,-2.));
#9074 = CARTESIAN_POINT('',(24.309553609744,9.310807651084,-2.));
#9075 = CARTESIAN_POINT('',(24.181643172999,9.276032557785,-2.));
#9076 = CARTESIAN_POINT('',(24.061250790464,9.2410102597,-2.));
#9077 = CARTESIAN_POINT('',(23.948343208201,9.205994639271,-2.));
#9078 = CARTESIAN_POINT('',(23.842880562813,9.171238293137,-2.));
#9079 = CARTESIAN_POINT('',(23.744816425493,9.136992365883,-2.));
#9080 = CARTESIAN_POINT('',(23.654097813246,9.103506438533,-2.));
#9081 = CARTESIAN_POINT('',(23.570665325237,9.071028236842,-2.));
#9082 = CARTESIAN_POINT('',(23.494452877307,9.039803943221,-2.));
#9083 = CARTESIAN_POINT('',(23.425388775504,9.010076523133,-2.));
#9084 = CARTESIAN_POINT('',(23.363392439483,8.982090527507,-2.));
#9085 = CARTESIAN_POINT('',(23.324560256774,8.963725729106,-2.));
#9086 = CARTESIAN_POINT('',(23.306304113703,8.954887937347,-2.));
#9087 = VECTOR('',#9088,1.);
#9088 = DIRECTION('',(0.,-0.,-1.));
#9089 = ADVANCED_FACE('',(#9090),#9101,.F.);
#9090 = FACE_BOUND('',#9091,.F.);
#9091 = EDGE_LOOP('',(#9092,#9093,#9094,#9100));
#9092 = ORIENTED_EDGE('',*,*,#9039,.T.);
#9093 = ORIENTED_EDGE('',*,*,#861,.T.);
#9094 = ORIENTED_EDGE('',*,*,#9095,.F.);
#9095 = EDGE_CURVE('',#4387,#862,#9096,.T.);
#9096 = LINE('',#9097,#9098);
#9097 = CARTESIAN_POINT('',(-17.60296605614,9.548500196596,-2.));
#9098 = VECTOR('',#9099,1.);
#9099 = DIRECTION('',(0.,0.,1.));
#9100 = ORIENTED_EDGE('',*,*,#4386,.F.);
#9101 = SURFACE_OF_LINEAR_EXTRUSION('',#9102,#9125);
#9102 = B_SPLINE_CURVE_WITH_KNOTS('',3,(#9103,#9104,#9105,#9106,#9107,
    #9108,#9109,#9110,#9111,#9112,#9113,#9114,#9115,#9116,#9117,#9118,
    #9119,#9120,#9121,#9122,#9123,#9124),.UNSPECIFIED.,.F.,.F.,(4,1,1,1,
    1,1,1,1,1,1,1,1,1,1,1,1,1,1,1,4),(0.,6.084644507817E-02,
    0.128862891872,0.204049340401,0.286405790677,0.375932242711,
    0.472628696512,0.576495152085,0.687531609436,0.805738068568,
    0.931114529486,1.063660992193,1.20337745669,1.350263922979,
    1.504320391064,1.665546860944,1.833943332622,2.009509806099,
    2.192246281376,2.382152758453),.UNSPECIFIED.);
#9103 = CARTESIAN_POINT('',(-15.3063041137,8.954887937347,-2.));
#9104 = CARTESIAN_POINT('',(-15.32456025677,8.963725729106,-2.));
#9105 = CARTESIAN_POINT('',(-15.36339243948,8.982090527507,-2.));
#9106 = CARTESIAN_POINT('',(-15.4253887755,9.010076523133,-2.));
#9107 = CARTESIAN_POINT('',(-15.4944528773,9.039803943221,-2.));
#9108 = CARTESIAN_POINT('',(-15.57066532523,9.071028236842,-2.));
#9109 = CARTESIAN_POINT('',(-15.65409781324,9.103506438533,-2.));
#9110 = CARTESIAN_POINT('',(-15.74481642549,9.136992365883,-2.));
#9111 = CARTESIAN_POINT('',(-15.84288056281,9.171238293137,-2.));
#9112 = CARTESIAN_POINT('',(-15.9483432082,9.205994639271,-2.));
#9113 = CARTESIAN_POINT('',(-16.06125079046,9.2410102597,-2.));
#9114 = CARTESIAN_POINT('',(-16.18164317299,9.276032557785,-2.));
#9115 = CARTESIAN_POINT('',(-16.30955360974,9.310807651084,-2.));
#9116 = CARTESIAN_POINT('',(-16.44500871495,9.345080522856,-2.));
#9117 = CARTESIAN_POINT('',(-16.58802843449,9.378595177118,-2.));
#9118 = CARTESIAN_POINT('',(-16.73862601642,9.411094800526,-2.));
#9119 = CARTESIAN_POINT('',(-16.89680800505,9.442321894978,-2.));
#9120 = CARTESIAN_POINT('',(-17.06257415733,9.472018531503,-2.));
#9121 = CARTESIAN_POINT('',(-17.23591768624,9.499926122983,-2.));
#9122 = CARTESIAN_POINT('',(-17.41682422206,9.525787110911,-2.));
#9123 = CARTESIAN_POINT('',(-17.54008696412,9.541192010766,-2.));
#9124 = CARTESIAN_POINT('',(-17.60296605614,9.548500196596,-2.));
#9125 = VECTOR('',#9126,1.);
#9126 = DIRECTION('',(0.,-0.,-1.));
#9127 = ADVANCED_FACE('',(#9128),#9139,.F.);
#9128 = FACE_BOUND('',#9129,.F.);
#9129 = EDGE_LOOP('',(#9130,#9136,#9137,#9138));
#9130 = ORIENTED_EDGE('',*,*,#9131,.T.);
#9131 = EDGE_CURVE('',#6631,#3106,#9132,.T.);
#9132 = LINE('',#9133,#9134);
#9133 = CARTESIAN_POINT('',(26.004289860435,8.886474604715,-2.));
#9134 = VECTOR('',#9135,1.);
#9135 = DIRECTION('',(0.,0.,1.));
#9136 = ORIENTED_EDGE('',*,*,#3132,.T.);
#9137 = ORIENTED_EDGE('',*,*,#9055,.F.);
#9138 = ORIENTED_EDGE('',*,*,#6657,.F.);
#9139 = SURFACE_OF_LINEAR_EXTRUSION('',#9140,#9143);
#9140 = B_SPLINE_CURVE_WITH_KNOTS('',1,(#9141,#9142),.UNSPECIFIED.,.F.,
  .F.,(2,2),(0.,0.774169671453),.PIECEWISE_BEZIER_KNOTS.);
#9141 = CARTESIAN_POINT('',(26.004289860435,8.886474604715,-2.));
#9142 = CARTESIAN_POINT('',(25.602966056143,9.548500196596,-2.));
#9143 = VECTOR('',#9144,1.);
#9144 = DIRECTION('',(0.,-0.,-1.));
#9145 = ADVANCED_FACE('',(#9146),#9157,.F.);
#9146 = FACE_BOUND('',#9147,.F.);
#9147 = EDGE_LOOP('',(#9148,#9149,#9150,#9156));
#9148 = ORIENTED_EDGE('',*,*,#9095,.T.);
#9149 = ORIENTED_EDGE('',*,*,#888,.T.);
#9150 = ORIENTED_EDGE('',*,*,#9151,.F.);
#9151 = EDGE_CURVE('',#4414,#889,#9152,.T.);
#9152 = LINE('',#9153,#9154);
#9153 = CARTESIAN_POINT('',(-18.00428986043,8.886474604714,-2.));
#9154 = VECTOR('',#9155,1.);
#9155 = DIRECTION('',(0.,0.,1.));
#9156 = ORIENTED_EDGE('',*,*,#4413,.F.);
#9157 = SURFACE_OF_LINEAR_EXTRUSION('',#9158,#9161);
#9158 = B_SPLINE_CURVE_WITH_KNOTS('',1,(#9159,#9160),.UNSPECIFIED.,.F.,
  .F.,(2,2),(0.,0.774169671453),.PIECEWISE_BEZIER_KNOTS.);
#9159 = CARTESIAN_POINT('',(-17.60296605614,9.548500196596,-2.));
#9160 = CARTESIAN_POINT('',(-18.00428986043,8.886474604714,-2.));
#9161 = VECTOR('',#9162,1.);
#9162 = DIRECTION('',(0.,-0.,-1.));
#9163 = ADVANCED_FACE('',(#9164),#9175,.F.);
#9164 = FACE_BOUND('',#9165,.F.);
#9165 = EDGE_LOOP('',(#9166,#9172,#9173,#9174));
#9166 = ORIENTED_EDGE('',*,*,#9167,.T.);
#9167 = EDGE_CURVE('',#6624,#3099,#9168,.T.);
#9168 = LINE('',#9169,#9170);
#9169 = CARTESIAN_POINT('',(24.415699555014,7.124824119033,-2.));
#9170 = VECTOR('',#9171,1.);
#9171 = DIRECTION('',(0.,0.,1.));
#9172 = ORIENTED_EDGE('',*,*,#3105,.T.);
#9173 = ORIENTED_EDGE('',*,*,#9131,.F.);
#9174 = ORIENTED_EDGE('',*,*,#6630,.F.);
#9175 = SURFACE_OF_LINEAR_EXTRUSION('',#9176,#9199);
#9176 = B_SPLINE_CURVE_WITH_KNOTS('',3,(#9177,#9178,#9179,#9180,#9181,
    #9182,#9183,#9184,#9185,#9186,#9187,#9188,#9189,#9190,#9191,#9192,
    #9193,#9194,#9195,#9196,#9197,#9198),.UNSPECIFIED.,.F.,.F.,(4,1,1,1,
    1,1,1,1,1,1,1,1,1,1,1,1,1,1,1,4),(0.,6.084644507817E-02,
    0.128862891872,0.204049340401,0.286405790677,0.375932242711,
    0.472628696512,0.576495152085,0.687531609436,0.805738068568,
    0.931114529486,1.063660992193,1.20337745669,1.350263922979,
    1.504320391064,1.665546860944,1.833943332622,2.009509806099,
    2.192246281376,2.382152758453),.UNSPECIFIED.);
#9177 = CARTESIAN_POINT('',(24.415699555014,7.124824119033,-2.));
#9178 = CARTESIAN_POINT('',(24.431979300259,7.136922185727,-2.));
#9179 = CARTESIAN_POINT('',(24.466222889181,7.162856349529,-2.));
#9180 = CARTESIAN_POINT('',(24.519710932754,7.204877663475,-2.));
#9181 = CARTESIAN_POINT('',(24.57801203435,7.252359778168,-2.));
#9182 = CARTESIAN_POINT('',(24.640946646777,7.305487250255,-2.));
#9183 = CARTESIAN_POINT('',(24.708332518223,7.364436024372,-2.));
#9184 = CARTESIAN_POINT('',(24.779981949986,7.429378559482,-2.));
#9185 = CARTESIAN_POINT('',(24.855702783745,7.50048210297,-2.));
#9186 = CARTESIAN_POINT('',(24.935298247802,7.577909070304,-2.));
#9187 = CARTESIAN_POINT('',(25.018567152642,7.661816789217,-2.));
#9188 = CARTESIAN_POINT('',(25.105303984608,7.752357438189,-2.));
#9189 = CARTESIAN_POINT('',(25.195299032921,7.849677930487,-2.));
#9190 = CARTESIAN_POINT('',(25.288338510029,7.953919817299,-2.));
#9191 = CARTESIAN_POINT('',(25.384204675799,8.065219190563,-2.));
#9192 = CARTESIAN_POINT('',(25.482675967431,8.183706582,-2.));
#9193 = CARTESIAN_POINT('',(25.583527114279,8.309506896522,-2.));
#9194 = CARTESIAN_POINT('',(25.68652932428,8.442739220671,-2.));
#9195 = CARTESIAN_POINT('',(25.791450195013,8.583517143514,-2.));
#9196 = CARTESIAN_POINT('',(25.898054728747,8.731947055557,-2.));
#9197 = CARTESIAN_POINT('',(25.968726440235,8.834106361127,-2.));
#9198 = CARTESIAN_POINT('',(26.004289860435,8.886474604715,-2.));
#9199 = VECTOR('',#9200,1.);
#9200 = DIRECTION('',(0.,-0.,-1.));
#9201 = ADVANCED_FACE('',(#9202),#9213,.F.);
#9202 = FACE_BOUND('',#9203,.F.);
#9203 = EDGE_LOOP('',(#9204,#9205,#9206,#9212));
#9204 = ORIENTED_EDGE('',*,*,#9151,.T.);
#9205 = ORIENTED_EDGE('',*,*,#895,.T.);
#9206 = ORIENTED_EDGE('',*,*,#9207,.F.);
#9207 = EDGE_CURVE('',#4421,#896,#9208,.T.);
#9208 = LINE('',#9209,#9210);
#9209 = CARTESIAN_POINT('',(-16.41569955501,7.124824119033,-2.));
#9210 = VECTOR('',#9211,1.);
#9211 = DIRECTION('',(0.,0.,1.));
#9212 = ORIENTED_EDGE('',*,*,#4420,.F.);
#9213 = SURFACE_OF_LINEAR_EXTRUSION('',#9214,#9237);
#9214 = B_SPLINE_CURVE_WITH_KNOTS('',3,(#9215,#9216,#9217,#9218,#9219,
    #9220,#9221,#9222,#9223,#9224,#9225,#9226,#9227,#9228,#9229,#9230,
    #9231,#9232,#9233,#9234,#9235,#9236),.UNSPECIFIED.,.F.,.F.,(4,1,1,1,
    1,1,1,1,1,1,1,1,1,1,1,1,1,1,1,4),(0.,0.189906477077,0.372642952354,
    0.548209425831,0.716605897509,0.87783236739,1.031888835474,
    1.178775301764,1.318491766261,1.451038228967,1.576414689885,
    1.694621149018,1.805657606368,1.909524061941,2.006220515742,
    2.095746967776,2.178103418053,2.253289866581,2.321306313375,
    2.382152758453),.UNSPECIFIED.);
#9215 = CARTESIAN_POINT('',(-18.00428986043,8.886474604714,-2.));
#9216 = CARTESIAN_POINT('',(-17.96872644023,8.834106361127,-2.));
#9217 = CARTESIAN_POINT('',(-17.89805472874,8.731947055557,-2.));
#9218 = CARTESIAN_POINT('',(-17.79145019501,8.583517143514,-2.));
#9219 = CARTESIAN_POINT('',(-17.68652932428,8.442739220671,-2.));
#9220 = CARTESIAN_POINT('',(-17.58352711427,8.309506896522,-2.));
#9221 = CARTESIAN_POINT('',(-17.48267596743,8.183706582,-2.));
#9222 = CARTESIAN_POINT('',(-17.38420467579,8.065219190563,-2.));
#9223 = CARTESIAN_POINT('',(-17.28833851002,7.953919817299,-2.));
#9224 = CARTESIAN_POINT('',(-17.19529903292,7.849677930487,-2.));
#9225 = CARTESIAN_POINT('',(-17.1053039846,7.752357438189,-2.));
#9226 = CARTESIAN_POINT('',(-17.01856715264,7.661816789218,-2.));
#9227 = CARTESIAN_POINT('',(-16.9352982478,7.577909070304,-2.));
#9228 = CARTESIAN_POINT('',(-16.85570278374,7.50048210297,-2.));
#9229 = CARTESIAN_POINT('',(-16.77998194998,7.429378559482,-2.));
#9230 = CARTESIAN_POINT('',(-16.70833251822,7.364436024372,-2.));
#9231 = CARTESIAN_POINT('',(-16.64094664677,7.305487250255,-2.));
#9232 = CARTESIAN_POINT('',(-16.57801203435,7.252359778168,-2.));
#9233 = CARTESIAN_POINT('',(-16.51971093275,7.204877663475,-2.));
#9234 = CARTESIAN_POINT('',(-16.46622288918,7.162856349529,-2.));
#9235 = CARTESIAN_POINT('',(-16.43197930025,7.136922185727,-2.));
#9236 = CARTESIAN_POINT('',(-16.41569955501,7.124824119033,-2.));
#9237 = VECTOR('',#9238,1.);
#9238 = DIRECTION('',(0.,-0.,-1.));
#9239 = ADVANCED_FACE('',(#9240),#9251,.F.);
#9240 = FACE_BOUND('',#9241,.F.);
#9241 = EDGE_LOOP('',(#9242,#9248,#9249,#9250));
#9242 = ORIENTED_EDGE('',*,*,#9243,.T.);
#9243 = EDGE_CURVE('',#6597,#3072,#9244,.T.);
#9244 = LINE('',#9245,#9246);
#9245 = CARTESIAN_POINT('',(24.804433923174,6.379693113782,-2.));
#9246 = VECTOR('',#9247,1.);
#9247 = DIRECTION('',(0.,0.,1.));
#9248 = ORIENTED_EDGE('',*,*,#3098,.T.);
#9249 = ORIENTED_EDGE('',*,*,#9167,.F.);
#9250 = ORIENTED_EDGE('',*,*,#6623,.F.);
#9251 = SURFACE_OF_LINEAR_EXTRUSION('',#9252,#9255);
#9252 = B_SPLINE_CURVE_WITH_KNOTS('',1,(#9253,#9254),.UNSPECIFIED.,.F.,
  .F.,(2,2),(0.,0.840437162419),.PIECEWISE_BEZIER_KNOTS.);
#9253 = CARTESIAN_POINT('',(24.804433923174,6.379693113782,-2.));
#9254 = CARTESIAN_POINT('',(24.415699555014,7.124824119033,-2.));
#9255 = VECTOR('',#9256,1.);
#9256 = DIRECTION('',(0.,-0.,-1.));
#9257 = ADVANCED_FACE('',(#9258),#9269,.F.);
#9258 = FACE_BOUND('',#9259,.F.);
#9259 = EDGE_LOOP('',(#9260,#9261,#9262,#9268));
#9260 = ORIENTED_EDGE('',*,*,#9207,.T.);
#9261 = ORIENTED_EDGE('',*,*,#922,.T.);
#9262 = ORIENTED_EDGE('',*,*,#9263,.F.);
#9263 = EDGE_CURVE('',#4448,#923,#9264,.T.);
#9264 = LINE('',#9265,#9266);
#9265 = CARTESIAN_POINT('',(-16.80443392317,6.379693113782,-2.));
#9266 = VECTOR('',#9267,1.);
#9267 = DIRECTION('',(0.,0.,1.));
#9268 = ORIENTED_EDGE('',*,*,#4447,.F.);
#9269 = SURFACE_OF_LINEAR_EXTRUSION('',#9270,#9273);
#9270 = B_SPLINE_CURVE_WITH_KNOTS('',1,(#9271,#9272),.UNSPECIFIED.,.F.,
  .F.,(2,2),(0.,0.840437162419),.PIECEWISE_BEZIER_KNOTS.);
#9271 = CARTESIAN_POINT('',(-16.41569955501,7.124824119033,-2.));
#9272 = CARTESIAN_POINT('',(-16.80443392317,6.379693113782,-2.));
#9273 = VECTOR('',#9274,1.);
#9274 = DIRECTION('',(0.,-0.,-1.));
#9275 = ADVANCED_FACE('',(#9276),#9287,.F.);
#9276 = FACE_BOUND('',#9277,.F.);
#9277 = EDGE_LOOP('',(#9278,#9284,#9285,#9286));
#9278 = ORIENTED_EDGE('',*,*,#9279,.T.);
#9279 = EDGE_CURVE('',#6590,#3065,#9280,.T.);
#9280 = LINE('',#9281,#9282);
#9281 = CARTESIAN_POINT('',(27.158149753667,6.67474121404,-2.));
#9282 = VECTOR('',#9283,1.);
#9283 = DIRECTION('',(0.,0.,1.));
#9284 = ORIENTED_EDGE('',*,*,#3071,.T.);
#9285 = ORIENTED_EDGE('',*,*,#9243,.F.);
#9286 = ORIENTED_EDGE('',*,*,#6596,.F.);
#9287 = SURFACE_OF_LINEAR_EXTRUSION('',#9288,#9311);
#9288 = B_SPLINE_CURVE_WITH_KNOTS('',3,(#9289,#9290,#9291,#9292,#9293,
    #9294,#9295,#9296,#9297,#9298,#9299,#9300,#9301,#9302,#9303,#9304,
    #9305,#9306,#9307,#9308,#9309,#9310),.UNSPECIFIED.,.F.,.F.,(4,1,1,1,
    1,1,1,1,1,1,1,1,1,1,1,1,1,1,1,4),(0.,0.189906477077,0.372642952354,
    0.548209425831,0.716605897509,0.87783236739,1.031888835474,
    1.178775301764,1.318491766261,1.451038228967,1.576414689885,
    1.694621149018,1.805657606368,1.909524061941,2.006220515742,
    2.095746967776,2.178103418053,2.253289866581,2.321306313375,
    2.382152758453),.UNSPECIFIED.);
#9289 = CARTESIAN_POINT('',(27.158149753667,6.67474121404,-2.));
#9290 = CARTESIAN_POINT('',(27.094852348068,6.675533828131,-2.));
#9291 = CARTESIAN_POINT('',(26.970631656548,6.676017891886,-2.));
#9292 = CARTESIAN_POINT('',(26.787903331145,6.673503036644,-2.));
#9293 = CARTESIAN_POINT('',(26.612414206629,6.667991244576,-2.));
#9294 = CARTESIAN_POINT('',(26.444211470575,6.659736122084,-2.));
#9295 = CARTESIAN_POINT('',(26.28333492168,6.648993265381,-2.));
#9296 = CARTESIAN_POINT('',(26.129817784218,6.636018454766,-2.));
#9297 = CARTESIAN_POINT('',(25.983686495734,6.621067911152,-2.));
#9298 = CARTESIAN_POINT('',(25.844960757501,6.604398033574,-2.));
#9299 = CARTESIAN_POINT('',(25.713653523445,6.586265266911,-2.));
#9300 = CARTESIAN_POINT('',(25.589771008632,6.566925937576,-2.));
#9301 = CARTESIAN_POINT('',(25.473312697904,6.546636096059,-2.));
#9302 = CARTESIAN_POINT('',(25.364271356482,6.525651362802,-2.));
#9303 = CARTESIAN_POINT('',(25.262633052397,6.504226757682,-2.));
#9304 = CARTESIAN_POINT('',(25.168377153357,6.482616587978,-2.));
#9305 = CARTESIAN_POINT('',(25.081476424672,6.461074141633,-2.));
#9306 = CARTESIAN_POINT('',(25.001896805842,6.439852030558,-2.));
#9307 = CARTESIAN_POINT('',(24.929598261255,6.41920039349,-2.));
#9308 = CARTESIAN_POINT('',(24.864532144609,6.399372077987,-2.));
#9309 = CARTESIAN_POINT('',(24.823670335288,6.386123803633,-2.));
#9310 = CARTESIAN_POINT('',(24.804433923174,6.379693113782,-2.));
#9311 = VECTOR('',#9312,1.);
#9312 = DIRECTION('',(0.,-0.,-1.));
#9313 = ADVANCED_FACE('',(#9314),#9325,.F.);
#9314 = FACE_BOUND('',#9315,.F.);
#9315 = EDGE_LOOP('',(#9316,#9317,#9318,#9324));
#9316 = ORIENTED_EDGE('',*,*,#9263,.T.);
#9317 = ORIENTED_EDGE('',*,*,#929,.T.);
#9318 = ORIENTED_EDGE('',*,*,#9319,.F.);
#9319 = EDGE_CURVE('',#4455,#930,#9320,.T.);
#9320 = LINE('',#9321,#9322);
#9321 = CARTESIAN_POINT('',(-19.15814975366,6.67474121404,-2.));
#9322 = VECTOR('',#9323,1.);
#9323 = DIRECTION('',(0.,0.,1.));
#9324 = ORIENTED_EDGE('',*,*,#4454,.F.);
#9325 = SURFACE_OF_LINEAR_EXTRUSION('',#9326,#9349);
#9326 = B_SPLINE_CURVE_WITH_KNOTS('',3,(#9327,#9328,#9329,#9330,#9331,
    #9332,#9333,#9334,#9335,#9336,#9337,#9338,#9339,#9340,#9341,#9342,
    #9343,#9344,#9345,#9346,#9347,#9348),.UNSPECIFIED.,.F.,.F.,(4,1,1,1,
    1,1,1,1,1,1,1,1,1,1,1,1,1,1,1,4),(0.,6.084644507817E-02,
    0.128862891872,0.204049340401,0.286405790677,0.375932242711,
    0.472628696512,0.576495152085,0.687531609436,0.805738068568,
    0.931114529486,1.063660992193,1.20337745669,1.350263922979,
    1.504320391064,1.665546860944,1.833943332622,2.009509806099,
    2.192246281376,2.382152758453),.UNSPECIFIED.);
#9327 = CARTESIAN_POINT('',(-16.80443392317,6.379693113782,-2.));
#9328 = CARTESIAN_POINT('',(-16.82367033528,6.386123803633,-2.));
#9329 = CARTESIAN_POINT('',(-16.8645321446,6.399372077987,-2.));
#9330 = CARTESIAN_POINT('',(-16.92959826125,6.41920039349,-2.));
#9331 = CARTESIAN_POINT('',(-17.00189680584,6.439852030558,-2.));
#9332 = CARTESIAN_POINT('',(-17.08147642467,6.461074141633,-2.));
#9333 = CARTESIAN_POINT('',(-17.16837715335,6.482616587978,-2.));
#9334 = CARTESIAN_POINT('',(-17.26263305239,6.504226757682,-2.));
#9335 = CARTESIAN_POINT('',(-17.36427135648,6.525651362802,-2.));
#9336 = CARTESIAN_POINT('',(-17.4733126979,6.54663609606,-2.));
#9337 = CARTESIAN_POINT('',(-17.58977100863,6.566925937576,-2.));
#9338 = CARTESIAN_POINT('',(-17.71365352344,6.586265266911,-2.));
#9339 = CARTESIAN_POINT('',(-17.8449607575,6.604398033574,-2.));
#9340 = CARTESIAN_POINT('',(-17.98368649573,6.621067911152,-2.));
#9341 = CARTESIAN_POINT('',(-18.12981778421,6.636018454766,-2.));
#9342 = CARTESIAN_POINT('',(-18.28333492168,6.648993265381,-2.));
#9343 = CARTESIAN_POINT('',(-18.44421147057,6.659736122084,-2.));
#9344 = CARTESIAN_POINT('',(-18.61241420662,6.667991244576,-2.));
#9345 = CARTESIAN_POINT('',(-18.78790333114,6.673503036644,-2.));
#9346 = CARTESIAN_POINT('',(-18.97063165654,6.676017891886,-2.));
#9347 = CARTESIAN_POINT('',(-19.09485234806,6.675533828131,-2.));
#9348 = CARTESIAN_POINT('',(-19.15814975366,6.67474121404,-2.));
#9349 = VECTOR('',#9350,1.);
#9350 = DIRECTION('',(0.,-0.,-1.));
#9351 = ADVANCED_FACE('',(#9352),#9363,.F.);
#9352 = FACE_BOUND('',#9353,.F.);
#9353 = EDGE_LOOP('',(#9354,#9360,#9361,#9362));
#9354 = ORIENTED_EDGE('',*,*,#9355,.T.);
#9355 = EDGE_CURVE('',#6563,#3038,#9356,.T.);
#9356 = LINE('',#9357,#9358);
#9357 = CARTESIAN_POINT('',(27.471520741422,5.966830694107,-2.));
#9358 = VECTOR('',#9359,1.);
#9359 = DIRECTION('',(0.,0.,1.));
#9360 = ORIENTED_EDGE('',*,*,#3064,.T.);
#9361 = ORIENTED_EDGE('',*,*,#9279,.F.);
#9362 = ORIENTED_EDGE('',*,*,#6589,.F.);
#9363 = SURFACE_OF_LINEAR_EXTRUSION('',#9364,#9367);
#9364 = B_SPLINE_CURVE_WITH_KNOTS('',1,(#9365,#9366),.UNSPECIFIED.,.F.,
  .F.,(2,2),(0.,0.774169671453),.PIECEWISE_BEZIER_KNOTS.);
#9365 = CARTESIAN_POINT('',(27.471520741422,5.966830694107,-2.));
#9366 = CARTESIAN_POINT('',(27.158149753667,6.67474121404,-2.));
#9367 = VECTOR('',#9368,1.);
#9368 = DIRECTION('',(0.,-0.,-1.));
#9369 = ADVANCED_FACE('',(#9370),#9381,.F.);
#9370 = FACE_BOUND('',#9371,.F.);
#9371 = EDGE_LOOP('',(#9372,#9373,#9374,#9380));
#9372 = ORIENTED_EDGE('',*,*,#9319,.T.);
#9373 = ORIENTED_EDGE('',*,*,#956,.T.);
#9374 = ORIENTED_EDGE('',*,*,#9375,.F.);
#9375 = EDGE_CURVE('',#4482,#957,#9376,.T.);
#9376 = LINE('',#9377,#9378);
#9377 = CARTESIAN_POINT('',(-19.47152074142,5.966830694107,-2.));
#9378 = VECTOR('',#9379,1.);
#9379 = DIRECTION('',(0.,0.,1.));
#9380 = ORIENTED_EDGE('',*,*,#4481,.F.);
#9381 = SURFACE_OF_LINEAR_EXTRUSION('',#9382,#9385);
#9382 = B_SPLINE_CURVE_WITH_KNOTS('',1,(#9383,#9384),.UNSPECIFIED.,.F.,
  .F.,(2,2),(0.,0.774169671453),.PIECEWISE_BEZIER_KNOTS.);
#9383 = CARTESIAN_POINT('',(-19.15814975366,6.67474121404,-2.));
#9384 = CARTESIAN_POINT('',(-19.47152074142,5.966830694107,-2.));
#9385 = VECTOR('',#9386,1.);
#9386 = DIRECTION('',(0.,-0.,-1.));
#9387 = ADVANCED_FACE('',(#9388),#9399,.F.);
#9388 = FACE_BOUND('',#9389,.F.);
#9389 = EDGE_LOOP('',(#9390,#9396,#9397,#9398));
#9390 = ORIENTED_EDGE('',*,*,#9391,.T.);
#9391 = EDGE_CURVE('',#6556,#3031,#9392,.T.);
#9392 = LINE('',#9393,#9394);
#9393 = CARTESIAN_POINT('',(25.67069787646,4.422787753898,-2.));
#9394 = VECTOR('',#9395,1.);
#9395 = DIRECTION('',(0.,0.,1.));
#9396 = ORIENTED_EDGE('',*,*,#3037,.T.);
#9397 = ORIENTED_EDGE('',*,*,#9355,.F.);
#9398 = ORIENTED_EDGE('',*,*,#6562,.F.);
#9399 = SURFACE_OF_LINEAR_EXTRUSION('',#9400,#9423);
#9400 = B_SPLINE_CURVE_WITH_KNOTS('',3,(#9401,#9402,#9403,#9404,#9405,
    #9406,#9407,#9408,#9409,#9410,#9411,#9412,#9413,#9414,#9415,#9416,
    #9417,#9418,#9419,#9420,#9421,#9422),.UNSPECIFIED.,.F.,.F.,(4,1,1,1,
    1,1,1,1,1,1,1,1,1,1,1,1,1,1,1,4),(0.,6.084644507817E-02,
    0.128862891872,0.204049340401,0.286405790677,0.375932242711,
    0.472628696512,0.576495152085,0.687531609436,0.805738068568,
    0.931114529486,1.063660992193,1.20337745669,1.350263922979,
    1.504320391064,1.665546860944,1.833943332622,2.009509806099,
    2.192246281376,2.382152758453),.UNSPECIFIED.);
#9401 = CARTESIAN_POINT('',(25.67069787646,4.422787753898,-2.));
#9402 = CARTESIAN_POINT('',(25.688391031652,4.432704688017,-2.));
#9403 = CARTESIAN_POINT('',(25.72566986844,4.454046959736,-2.));
#9404 = CARTESIAN_POINT('',(25.784092342272,4.488883380079,-2.));
#9405 = CARTESIAN_POINT('',(25.847986670688,4.528520287871,-2.));
#9406 = CARTESIAN_POINT('',(25.917198381154,4.573163684538,-2.));
#9407 = CARTESIAN_POINT('',(25.991569217446,4.623011376056,-2.));
#9408 = CARTESIAN_POINT('',(26.070935075428,4.67825840788,-2.));
#9409 = CARTESIAN_POINT('',(26.155126761515,4.739095226958,-2.));
#9410 = CARTESIAN_POINT('',(26.243969888733,4.805708077933,-2.));
#9411 = CARTESIAN_POINT('',(26.337285037953,4.878278724427,-2.));
#9412 = CARTESIAN_POINT('',(26.434887842935,4.956984376037,-2.));
#9413 = CARTESIAN_POINT('',(26.536589101475,5.041997557094,-2.));
#9414 = CARTESIAN_POINT('',(26.642194882376,5.1334859952,-2.));
#9415 = CARTESIAN_POINT('',(26.751506636201,5.231612508967,-2.));
#9416 = CARTESIAN_POINT('',(26.864321311201,5.336534891277,-2.));
#9417 = CARTESIAN_POINT('',(26.980431458689,5.448405828544,-2.));
#9418 = CARTESIAN_POINT('',(27.099625393426,5.567372686892,-2.));
#9419 = CARTESIAN_POINT('',(27.221687146461,5.693577841783,-2.));
#9420 = CARTESIAN_POINT('',(27.346397254308,5.827156861103,-2.));
#9421 = CARTESIAN_POINT('',(27.429552594058,5.91944014231,-2.));
#9422 = CARTESIAN_POINT('',(27.471520741422,5.966830694107,-2.));
#9423 = VECTOR('',#9424,1.);
#9424 = DIRECTION('',(0.,-0.,-1.));
#9425 = ADVANCED_FACE('',(#9426),#9437,.F.);
#9426 = FACE_BOUND('',#9427,.F.);
#9427 = EDGE_LOOP('',(#9428,#9429,#9430,#9436));
#9428 = ORIENTED_EDGE('',*,*,#9375,.T.);
#9429 = ORIENTED_EDGE('',*,*,#963,.T.);
#9430 = ORIENTED_EDGE('',*,*,#9431,.F.);
#9431 = EDGE_CURVE('',#4489,#964,#9432,.T.);
#9432 = LINE('',#9433,#9434);
#9433 = CARTESIAN_POINT('',(-17.67069787645,4.422787753898,-2.));
#9434 = VECTOR('',#9435,1.);
#9435 = DIRECTION('',(0.,0.,1.));
#9436 = ORIENTED_EDGE('',*,*,#4488,.F.);
#9437 = SURFACE_OF_LINEAR_EXTRUSION('',#9438,#9461);
#9438 = B_SPLINE_CURVE_WITH_KNOTS('',3,(#9439,#9440,#9441,#9442,#9443,
    #9444,#9445,#9446,#9447,#9448,#9449,#9450,#9451,#9452,#9453,#9454,
    #9455,#9456,#9457,#9458,#9459,#9460),.UNSPECIFIED.,.F.,.F.,(4,1,1,1,
    1,1,1,1,1,1,1,1,1,1,1,1,1,1,1,4),(0.,0.189906477077,0.372642952354,
    0.548209425831,0.716605897509,0.87783236739,1.031888835474,
    1.178775301764,1.318491766261,1.451038228967,1.576414689885,
    1.694621149018,1.805657606368,1.909524061941,2.006220515742,
    2.095746967776,2.178103418053,2.253289866581,2.321306313375,
    2.382152758453),.UNSPECIFIED.);
#9439 = CARTESIAN_POINT('',(-19.47152074142,5.966830694107,-2.));
#9440 = CARTESIAN_POINT('',(-19.42955259405,5.91944014231,-2.));
#9441 = CARTESIAN_POINT('',(-19.3463972543,5.827156861103,-2.));
#9442 = CARTESIAN_POINT('',(-19.22168714646,5.693577841783,-2.));
#9443 = CARTESIAN_POINT('',(-19.09962539342,5.567372686892,-2.));
#9444 = CARTESIAN_POINT('',(-18.98043145868,5.448405828544,-2.));
#9445 = CARTESIAN_POINT('',(-18.8643213112,5.336534891277,-2.));
#9446 = CARTESIAN_POINT('',(-18.7515066362,5.231612508967,-2.));
#9447 = CARTESIAN_POINT('',(-18.64219488237,5.1334859952,-2.));
#9448 = CARTESIAN_POINT('',(-18.53658910147,5.041997557094,-2.));
#9449 = CARTESIAN_POINT('',(-18.43488784293,4.956984376037,-2.));
#9450 = CARTESIAN_POINT('',(-18.33728503795,4.878278724427,-2.));
#9451 = CARTESIAN_POINT('',(-18.24396988873,4.805708077933,-2.));
#9452 = CARTESIAN_POINT('',(-18.15512676151,4.739095226958,-2.));
#9453 = CARTESIAN_POINT('',(-18.07093507542,4.67825840788,-2.));
#9454 = CARTESIAN_POINT('',(-17.99156921744,4.623011376056,-2.));
#9455 = CARTESIAN_POINT('',(-17.91719838115,4.573163684538,-2.));
#9456 = CARTESIAN_POINT('',(-17.84798667068,4.528520287871,-2.));
#9457 = CARTESIAN_POINT('',(-17.78409234227,4.488883380079,-2.));
#9458 = CARTESIAN_POINT('',(-17.72566986844,4.454046959736,-2.));
#9459 = CARTESIAN_POINT('',(-17.68839103165,4.432704688017,-2.));
#9460 = CARTESIAN_POINT('',(-17.67069787645,4.422787753898,-2.));
#9461 = VECTOR('',#9462,1.);
#9462 = DIRECTION('',(0.,-0.,-1.));
#9463 = ADVANCED_FACE('',(#9464),#9475,.F.);
#9464 = FACE_BOUND('',#9465,.F.);
#9465 = EDGE_LOOP('',(#9466,#9472,#9473,#9474));
#9466 = ORIENTED_EDGE('',*,*,#9467,.T.);
#9467 = EDGE_CURVE('',#6529,#3004,#9468,.T.);
#9468 = LINE('',#9469,#9470);
#9469 = CARTESIAN_POINT('',(25.960955502796,3.634064016251,-2.));
#9470 = VECTOR('',#9471,1.);
#9471 = DIRECTION('',(0.,0.,1.));
#9472 = ORIENTED_EDGE('',*,*,#3030,.T.);
#9473 = ORIENTED_EDGE('',*,*,#9391,.F.);
#9474 = ORIENTED_EDGE('',*,*,#6555,.F.);
#9475 = SURFACE_OF_LINEAR_EXTRUSION('',#9476,#9479);
#9476 = B_SPLINE_CURVE_WITH_KNOTS('',1,(#9477,#9478),.UNSPECIFIED.,.F.,
  .F.,(2,2),(0.,0.840437162419),.PIECEWISE_BEZIER_KNOTS.);
#9477 = CARTESIAN_POINT('',(25.960955502796,3.634064016251,-2.));
#9478 = CARTESIAN_POINT('',(25.67069787646,4.422787753898,-2.));
#9479 = VECTOR('',#9480,1.);
#9480 = DIRECTION('',(0.,-0.,-1.));
#9481 = ADVANCED_FACE('',(#9482),#9493,.F.);
#9482 = FACE_BOUND('',#9483,.F.);
#9483 = EDGE_LOOP('',(#9484,#9485,#9486,#9492));
#9484 = ORIENTED_EDGE('',*,*,#9431,.T.);
#9485 = ORIENTED_EDGE('',*,*,#990,.T.);
#9486 = ORIENTED_EDGE('',*,*,#9487,.F.);
#9487 = EDGE_CURVE('',#4516,#991,#9488,.T.);
#9488 = LINE('',#9489,#9490);
#9489 = CARTESIAN_POINT('',(-17.96095550279,3.634064016251,-2.));
#9490 = VECTOR('',#9491,1.);
#9491 = DIRECTION('',(0.,0.,1.));
#9492 = ORIENTED_EDGE('',*,*,#4515,.F.);
#9493 = SURFACE_OF_LINEAR_EXTRUSION('',#9494,#9497);
#9494 = B_SPLINE_CURVE_WITH_KNOTS('',1,(#9495,#9496),.UNSPECIFIED.,.F.,
  .F.,(2,2),(0.,0.840437162419),.PIECEWISE_BEZIER_KNOTS.);
#9495 = CARTESIAN_POINT('',(-17.67069787645,4.422787753898,-2.));
#9496 = CARTESIAN_POINT('',(-17.96095550279,3.634064016251,-2.));
#9497 = VECTOR('',#9498,1.);
#9498 = DIRECTION('',(0.,-0.,-1.));
#9499 = ADVANCED_FACE('',(#9500),#9511,.F.);
#9500 = FACE_BOUND('',#9501,.F.);
#9501 = EDGE_LOOP('',(#9502,#9508,#9509,#9510));
#9502 = ORIENTED_EDGE('',*,*,#9503,.T.);
#9503 = EDGE_CURVE('',#6522,#2997,#9504,.T.);
#9504 = LINE('',#9505,#9506);
#9505 = CARTESIAN_POINT('',(28.333077272479,3.625703275868,-2.));
#9506 = VECTOR('',#9507,1.);
#9507 = DIRECTION('',(0.,0.,1.));
#9508 = ORIENTED_EDGE('',*,*,#3003,.T.);
#9509 = ORIENTED_EDGE('',*,*,#9467,.F.);
#9510 = ORIENTED_EDGE('',*,*,#6528,.F.);
#9511 = SURFACE_OF_LINEAR_EXTRUSION('',#9512,#9535);
#9512 = B_SPLINE_CURVE_WITH_KNOTS('',3,(#9513,#9514,#9515,#9516,#9517,
    #9518,#9519,#9520,#9521,#9522,#9523,#9524,#9525,#9526,#9527,#9528,
    #9529,#9530,#9531,#9532,#9533,#9534),.UNSPECIFIED.,.F.,.F.,(4,1,1,1,
    1,1,1,1,1,1,1,1,1,1,1,1,1,1,1,4),(0.,0.189906477077,0.372642952354,
    0.548209425831,0.716605897509,0.87783236739,1.031888835474,
    1.178775301764,1.318491766261,1.451038228967,1.576414689885,
    1.694621149018,1.805657606368,1.909524061941,2.006220515742,
    2.095746967776,2.178103418053,2.253289866581,2.321306313375,
    2.382152758453),.UNSPECIFIED.);
#9513 = CARTESIAN_POINT('',(28.333077272479,3.625703275868,-2.));
#9514 = CARTESIAN_POINT('',(28.270400894944,3.634583675179,-2.));
#9515 = CARTESIAN_POINT('',(28.147261954284,3.650948754232,-2.));
#9516 = CARTESIAN_POINT('',(27.965712233356,3.671821325528,-2.));
#9517 = CARTESIAN_POINT('',(27.790959039801,3.688795836347,-2.));
#9518 = CARTESIAN_POINT('',(27.623081604252,3.70211777677,-2.));
#9519 = CARTESIAN_POINT('',(27.462152083575,3.712035555226,-2.));
#9520 = CARTESIAN_POINT('',(27.308236137735,3.718798603436,-2.));
#9521 = CARTESIAN_POINT('',(27.161392752026,3.722657657983,-2.));
#9522 = CARTESIAN_POINT('',(27.021674253556,3.723864493527,-2.));
#9523 = CARTESIAN_POINT('',(26.889126283343,3.722671793027,-2.));
#9524 = CARTESIAN_POINT('',(26.763787783719,3.719332983695,-2.));
#9525 = CARTESIAN_POINT('',(26.645690986768,3.714102079728,-2.));
#9526 = CARTESIAN_POINT('',(26.534861405124,3.707233528088,-2.));
#9527 = CARTESIAN_POINT('',(26.431317832418,3.698982036524,-2.));
#9528 = CARTESIAN_POINT('',(26.335072325841,3.689602462856,-2.));
#9529 = CARTESIAN_POINT('',(26.246130264043,3.67934949823,-2.));
#9530 = CARTESIAN_POINT('',(26.164490169455,3.668478036177,-2.));
#9531 = CARTESIAN_POINT('',(26.090144322187,3.65724128144,-2.));
#9532 = CARTESIAN_POINT('',(26.023076808752,3.645896226452,-2.));
#9533 = CARTESIAN_POINT('',(25.980856322599,3.637982012445,-2.));
#9534 = CARTESIAN_POINT('',(25.960955502796,3.634064016251,-2.));
#9535 = VECTOR('',#9536,1.);
#9536 = DIRECTION('',(0.,-0.,-1.));
#9537 = ADVANCED_FACE('',(#9538),#9549,.F.);
#9538 = FACE_BOUND('',#9539,.F.);
#9539 = EDGE_LOOP('',(#9540,#9541,#9542,#9548));
#9540 = ORIENTED_EDGE('',*,*,#9487,.T.);
#9541 = ORIENTED_EDGE('',*,*,#997,.T.);
#9542 = ORIENTED_EDGE('',*,*,#9543,.F.);
#9543 = EDGE_CURVE('',#4523,#998,#9544,.T.);
#9544 = LINE('',#9545,#9546);
#9545 = CARTESIAN_POINT('',(-20.33307727247,3.625703275868,-2.));
#9546 = VECTOR('',#9547,1.);
#9547 = DIRECTION('',(0.,0.,1.));
#9548 = ORIENTED_EDGE('',*,*,#4522,.F.);
#9549 = SURFACE_OF_LINEAR_EXTRUSION('',#9550,#9573);
#9550 = B_SPLINE_CURVE_WITH_KNOTS('',3,(#9551,#9552,#9553,#9554,#9555,
    #9556,#9557,#9558,#9559,#9560,#9561,#9562,#9563,#9564,#9565,#9566,
    #9567,#9568,#9569,#9570,#9571,#9572),.UNSPECIFIED.,.F.,.F.,(4,1,1,1,
    1,1,1,1,1,1,1,1,1,1,1,1,1,1,1,4),(0.,6.084644507817E-02,
    0.128862891872,0.204049340401,0.286405790677,0.375932242711,
    0.472628696512,0.576495152085,0.687531609436,0.805738068568,
    0.931114529486,1.063660992193,1.20337745669,1.350263922979,
    1.504320391064,1.665546860944,1.833943332622,2.009509806099,
    2.192246281376,2.382152758453),.UNSPECIFIED.);
#9551 = CARTESIAN_POINT('',(-17.96095550279,3.634064016251,-2.));
#9552 = CARTESIAN_POINT('',(-17.98085632259,3.637982012445,-2.));
#9553 = CARTESIAN_POINT('',(-18.02307680875,3.645896226452,-2.));
#9554 = CARTESIAN_POINT('',(-18.09014432218,3.65724128144,-2.));
#9555 = CARTESIAN_POINT('',(-18.16449016945,3.668478036177,-2.));
#9556 = CARTESIAN_POINT('',(-18.24613026404,3.67934949823,-2.));
#9557 = CARTESIAN_POINT('',(-18.33507232584,3.689602462856,-2.));
#9558 = CARTESIAN_POINT('',(-18.43131783241,3.698982036524,-2.));
#9559 = CARTESIAN_POINT('',(-18.53486140512,3.707233528088,-2.));
#9560 = CARTESIAN_POINT('',(-18.64569098676,3.714102079728,-2.));
#9561 = CARTESIAN_POINT('',(-18.76378778371,3.719332983695,-2.));
#9562 = CARTESIAN_POINT('',(-18.88912628334,3.722671793027,-2.));
#9563 = CARTESIAN_POINT('',(-19.02167425355,3.723864493527,-2.));
#9564 = CARTESIAN_POINT('',(-19.16139275202,3.722657657983,-2.));
#9565 = CARTESIAN_POINT('',(-19.30823613773,3.718798603436,-2.));
#9566 = CARTESIAN_POINT('',(-19.46215208357,3.712035555226,-2.));
#9567 = CARTESIAN_POINT('',(-19.62308160425,3.70211777677,-2.));
#9568 = CARTESIAN_POINT('',(-19.7909590398,3.688795836347,-2.));
#9569 = CARTESIAN_POINT('',(-19.96571223335,3.671821325528,-2.));
#9570 = CARTESIAN_POINT('',(-20.14726195428,3.650948754232,-2.));
#9571 = CARTESIAN_POINT('',(-20.27040089494,3.634583675179,-2.));
#9572 = CARTESIAN_POINT('',(-20.33307727247,3.625703275868,-2.));
#9573 = VECTOR('',#9574,1.);
#9574 = DIRECTION('',(0.,-0.,-1.));
#9575 = ADVANCED_FACE('',(#9576),#9587,.F.);
#9576 = FACE_BOUND('',#9577,.F.);
#9577 = EDGE_LOOP('',(#9578,#9584,#9585,#9586));
#9578 = ORIENTED_EDGE('',*,*,#9579,.T.);
#9579 = EDGE_CURVE('',#6495,#2970,#9580,.T.);
#9580 = LINE('',#9581,#9582);
#9581 = CARTESIAN_POINT('',(28.55334990074,2.88353169905,-2.));
#9582 = VECTOR('',#9583,1.);
#9583 = DIRECTION('',(0.,0.,1.));
#9584 = ORIENTED_EDGE('',*,*,#2996,.T.);
#9585 = ORIENTED_EDGE('',*,*,#9503,.F.);
#9586 = ORIENTED_EDGE('',*,*,#6521,.F.);
#9587 = SURFACE_OF_LINEAR_EXTRUSION('',#9588,#9591);
#9588 = B_SPLINE_CURVE_WITH_KNOTS('',1,(#9589,#9590),.UNSPECIFIED.,.F.,
  .F.,(2,2),(0.,0.774169671453),.PIECEWISE_BEZIER_KNOTS.);
#9589 = CARTESIAN_POINT('',(28.55334990074,2.88353169905,-2.));
#9590 = CARTESIAN_POINT('',(28.333077272479,3.625703275868,-2.));
#9591 = VECTOR('',#9592,1.);
#9592 = DIRECTION('',(0.,-0.,-1.));
#9593 = ADVANCED_FACE('',(#9594),#9605,.F.);
#9594 = FACE_BOUND('',#9595,.F.);
#9595 = EDGE_LOOP('',(#9596,#9597,#9598,#9604));
#9596 = ORIENTED_EDGE('',*,*,#9543,.T.);
#9597 = ORIENTED_EDGE('',*,*,#1024,.T.);
#9598 = ORIENTED_EDGE('',*,*,#9599,.F.);
#9599 = EDGE_CURVE('',#4550,#1025,#9600,.T.);
#9600 = LINE('',#9601,#9602);
#9601 = CARTESIAN_POINT('',(-20.55334990074,2.88353169905,-2.));
#9602 = VECTOR('',#9603,1.);
#9603 = DIRECTION('',(0.,0.,1.));
#9604 = ORIENTED_EDGE('',*,*,#4549,.F.);
#9605 = SURFACE_OF_LINEAR_EXTRUSION('',#9606,#9609);
#9606 = B_SPLINE_CURVE_WITH_KNOTS('',1,(#9607,#9608),.UNSPECIFIED.,.F.,
  .F.,(2,2),(0.,0.774169671453),.PIECEWISE_BEZIER_KNOTS.);
#9607 = CARTESIAN_POINT('',(-20.33307727247,3.625703275868,-2.));
#9608 = CARTESIAN_POINT('',(-20.55334990074,2.88353169905,-2.));
#9609 = VECTOR('',#9610,1.);
#9610 = DIRECTION('',(0.,-0.,-1.));
#9611 = ADVANCED_FACE('',(#9612),#9623,.F.);
#9612 = FACE_BOUND('',#9613,.F.);
#9613 = EDGE_LOOP('',(#9614,#9620,#9621,#9622));
#9614 = ORIENTED_EDGE('',*,*,#9615,.T.);
#9615 = EDGE_CURVE('',#6488,#2963,#9616,.T.);
#9616 = LINE('',#9617,#9618);
#9617 = CARTESIAN_POINT('',(26.569863937893,1.582449446705,-2.));
#9618 = VECTOR('',#9619,1.);
#9619 = DIRECTION('',(0.,0.,1.));
#9620 = ORIENTED_EDGE('',*,*,#2969,.T.);
#9621 = ORIENTED_EDGE('',*,*,#9579,.F.);
#9622 = ORIENTED_EDGE('',*,*,#6494,.F.);
#9623 = SURFACE_OF_LINEAR_EXTRUSION('',#9624,#9647);
#9624 = B_SPLINE_CURVE_WITH_KNOTS('',3,(#9625,#9626,#9627,#9628,#9629,
    #9630,#9631,#9632,#9633,#9634,#9635,#9636,#9637,#9638,#9639,#9640,
    #9641,#9642,#9643,#9644,#9645,#9646),.UNSPECIFIED.,.F.,.F.,(4,1,1,1,
    1,1,1,1,1,1,1,1,1,1,1,1,1,1,1,4),(0.,6.084644507817E-02,
    0.128862891872,0.204049340401,0.286405790677,0.375932242711,
    0.472628696512,0.576495152085,0.687531609436,0.805738068568,
    0.931114529486,1.063660992193,1.20337745669,1.350263922979,
    1.504320391064,1.665546860944,1.833943332622,2.009509806099,
    2.192246281376,2.382152758453),.UNSPECIFIED.);
#9625 = CARTESIAN_POINT('',(26.569863937893,1.582449446705,-2.));
#9626 = CARTESIAN_POINT('',(26.588679981914,1.590022412465,-2.));
#9627 = CARTESIAN_POINT('',(26.628381949098,1.606422352588,-2.));
#9628 = CARTESIAN_POINT('',(26.690779557784,1.633501866269,-2.));
#9629 = CARTESIAN_POINT('',(26.759217969913,1.664642730231,-2.));
#9630 = CARTESIAN_POINT('',(26.833570324047,1.700069008138,-2.));
#9631 = CARTESIAN_POINT('',(26.913704958109,1.739997119341,-2.));
#9632 = CARTESIAN_POINT('',(26.999484057115,1.784641493144,-2.));
#9633 = CARTESIAN_POINT('',(27.090764170373,1.834212648924,-2.));
#9634 = CARTESIAN_POINT('',(27.187396159059,1.88891760237,-2.));
#9635 = CARTESIAN_POINT('',(27.289225320489,1.948959568435,-2.));
#9636 = CARTESIAN_POINT('',(27.396091463128,2.014537878059,-2.));
#9637 = CARTESIAN_POINT('',(27.50782900004,2.085847833794,-2.));
#9638 = CARTESIAN_POINT('',(27.624267040732,2.163080585568,-2.));
#9639 = CARTESIAN_POINT('',(27.745229486635,2.246423005196,-2.));
#9640 = CARTESIAN_POINT('',(27.870535131161,2.336057555762,-2.));
#9641 = CARTESIAN_POINT('',(27.999997753875,2.432162198077,-2.));
#9642 = CARTESIAN_POINT('',(28.133426252235,2.534910158098,-2.));
#9643 = CARTESIAN_POINT('',(28.270624636963,2.644470259884,-2.));
#9644 = CARTESIAN_POINT('',(28.4113925824,2.761005022677,-2.));
#9645 = CARTESIAN_POINT('',(28.505666142031,2.841896990595,-2.));
#9646 = CARTESIAN_POINT('',(28.55334990074,2.88353169905,-2.));
#9647 = VECTOR('',#9648,1.);
#9648 = DIRECTION('',(0.,-0.,-1.));
#9649 = ADVANCED_FACE('',(#9650),#9661,.F.);
#9650 = FACE_BOUND('',#9651,.F.);
#9651 = EDGE_LOOP('',(#9652,#9653,#9654,#9660));
#9652 = ORIENTED_EDGE('',*,*,#9599,.T.);
#9653 = ORIENTED_EDGE('',*,*,#1031,.T.);
#9654 = ORIENTED_EDGE('',*,*,#9655,.F.);
#9655 = EDGE_CURVE('',#4557,#1032,#9656,.T.);
#9656 = LINE('',#9657,#9658);
#9657 = CARTESIAN_POINT('',(-18.56986393789,1.582449446705,-2.));
#9658 = VECTOR('',#9659,1.);
#9659 = DIRECTION('',(0.,0.,1.));
#9660 = ORIENTED_EDGE('',*,*,#4556,.F.);
#9661 = SURFACE_OF_LINEAR_EXTRUSION('',#9662,#9685);
#9662 = B_SPLINE_CURVE_WITH_KNOTS('',3,(#9663,#9664,#9665,#9666,#9667,
    #9668,#9669,#9670,#9671,#9672,#9673,#9674,#9675,#9676,#9677,#9678,
    #9679,#9680,#9681,#9682,#9683,#9684),.UNSPECIFIED.,.F.,.F.,(4,1,1,1,
    1,1,1,1,1,1,1,1,1,1,1,1,1,1,1,4),(0.,0.189906477077,0.372642952354,
    0.548209425831,0.716605897509,0.87783236739,1.031888835474,
    1.178775301764,1.318491766261,1.451038228967,1.576414689885,
    1.694621149018,1.805657606368,1.909524061941,2.006220515742,
    2.095746967776,2.178103418053,2.253289866581,2.321306313375,
    2.382152758453),.UNSPECIFIED.);
#9663 = CARTESIAN_POINT('',(-20.55334990074,2.88353169905,-2.));
#9664 = CARTESIAN_POINT('',(-20.50566614203,2.841896990595,-2.));
#9665 = CARTESIAN_POINT('',(-20.4113925824,2.761005022677,-2.));
#9666 = CARTESIAN_POINT('',(-20.27062463696,2.644470259884,-2.));
#9667 = CARTESIAN_POINT('',(-20.13342625223,2.534910158098,-2.));
#9668 = CARTESIAN_POINT('',(-19.99999775387,2.432162198077,-2.));
#9669 = CARTESIAN_POINT('',(-19.87053513116,2.336057555762,-2.));
#9670 = CARTESIAN_POINT('',(-19.74522948663,2.246423005196,-2.));
#9671 = CARTESIAN_POINT('',(-19.62426704073,2.163080585568,-2.));
#9672 = CARTESIAN_POINT('',(-19.50782900004,2.085847833794,-2.));
#9673 = CARTESIAN_POINT('',(-19.39609146312,2.014537878059,-2.));
#9674 = CARTESIAN_POINT('',(-19.28922532048,1.948959568435,-2.));
#9675 = CARTESIAN_POINT('',(-19.18739615905,1.88891760237,-2.));
#9676 = CARTESIAN_POINT('',(-19.09076417037,1.834212648924,-2.));
#9677 = CARTESIAN_POINT('',(-18.99948405711,1.784641493144,-2.));
#9678 = CARTESIAN_POINT('',(-18.9137049581,1.739997119341,-2.));
#9679 = CARTESIAN_POINT('',(-18.83357032404,1.700069008138,-2.));
#9680 = CARTESIAN_POINT('',(-18.75921796991,1.664642730231,-2.));
#9681 = CARTESIAN_POINT('',(-18.69077955778,1.633501866269,-2.));
#9682 = CARTESIAN_POINT('',(-18.62838194909,1.606422352588,-2.));
#9683 = CARTESIAN_POINT('',(-18.58867998191,1.590022412465,-2.));
#9684 = CARTESIAN_POINT('',(-18.56986393789,1.582449446705,-2.));
#9685 = VECTOR('',#9686,1.);
#9686 = DIRECTION('',(0.,-0.,-1.));
#9687 = ADVANCED_FACE('',(#9688),#9699,.F.);
#9688 = FACE_BOUND('',#9689,.F.);
#9689 = EDGE_LOOP('',(#9690,#9696,#9697,#9698));
#9690 = ORIENTED_EDGE('',*,*,#9691,.T.);
#9691 = EDGE_CURVE('',#6461,#2936,#9692,.T.);
#9692 = LINE('',#9693,#9694);
#9693 = CARTESIAN_POINT('',(26.756878800206,0.763083798627,-2.));
#9694 = VECTOR('',#9695,1.);
#9695 = DIRECTION('',(0.,0.,1.));
#9696 = ORIENTED_EDGE('',*,*,#2962,.T.);
#9697 = ORIENTED_EDGE('',*,*,#9615,.F.);
#9698 = ORIENTED_EDGE('',*,*,#6487,.F.);
#9699 = SURFACE_OF_LINEAR_EXTRUSION('',#9700,#9703);
#9700 = B_SPLINE_CURVE_WITH_KNOTS('',1,(#9701,#9702),.UNSPECIFIED.,.F.,
  .F.,(2,2),(0.,0.840437162419),.PIECEWISE_BEZIER_KNOTS.);
#9701 = CARTESIAN_POINT('',(26.756878800206,0.763083798627,-2.));
#9702 = CARTESIAN_POINT('',(26.569863937893,1.582449446705,-2.));
#9703 = VECTOR('',#9704,1.);
#9704 = DIRECTION('',(0.,-0.,-1.));
#9705 = ADVANCED_FACE('',(#9706),#9717,.F.);
#9706 = FACE_BOUND('',#9707,.F.);
#9707 = EDGE_LOOP('',(#9708,#9709,#9710,#9716));
#9708 = ORIENTED_EDGE('',*,*,#9655,.T.);
#9709 = ORIENTED_EDGE('',*,*,#1058,.T.);
#9710 = ORIENTED_EDGE('',*,*,#9711,.F.);
#9711 = EDGE_CURVE('',#4584,#1059,#9712,.T.);
#9712 = LINE('',#9713,#9714);
#9713 = CARTESIAN_POINT('',(-18.7568788002,0.763083798627,-2.));
#9714 = VECTOR('',#9715,1.);
#9715 = DIRECTION('',(0.,0.,1.));
#9716 = ORIENTED_EDGE('',*,*,#4583,.F.);
#9717 = SURFACE_OF_LINEAR_EXTRUSION('',#9718,#9721);
#9718 = B_SPLINE_CURVE_WITH_KNOTS('',1,(#9719,#9720),.UNSPECIFIED.,.F.,
  .F.,(2,2),(0.,0.840437162419),.PIECEWISE_BEZIER_KNOTS.);
#9719 = CARTESIAN_POINT('',(-18.56986393789,1.582449446705,-2.));
#9720 = CARTESIAN_POINT('',(-18.7568788002,0.763083798627,-2.));
#9721 = VECTOR('',#9722,1.);
#9722 = DIRECTION('',(0.,-0.,-1.));
#9723 = ADVANCED_FACE('',(#9724),#9735,.F.);
#9724 = FACE_BOUND('',#9725,.F.);
#9725 = EDGE_LOOP('',(#9726,#9732,#9733,#9734));
#9726 = ORIENTED_EDGE('',*,*,#9727,.T.);
#9727 = EDGE_CURVE('',#6454,#2929,#9728,.T.);
#9728 = LINE('',#9729,#9730);
#9729 = CARTESIAN_POINT('',(29.1084563352,0.451451500731,-2.));
#9730 = VECTOR('',#9731,1.);
#9731 = DIRECTION('',(0.,0.,1.));
#9732 = ORIENTED_EDGE('',*,*,#2935,.T.);
#9733 = ORIENTED_EDGE('',*,*,#9691,.F.);
#9734 = ORIENTED_EDGE('',*,*,#6460,.F.);
#9735 = SURFACE_OF_LINEAR_EXTRUSION('',#9736,#9759);
#9736 = B_SPLINE_CURVE_WITH_KNOTS('',3,(#9737,#9738,#9739,#9740,#9741,
    #9742,#9743,#9744,#9745,#9746,#9747,#9748,#9749,#9750,#9751,#9752,
    #9753,#9754,#9755,#9756,#9757,#9758),.UNSPECIFIED.,.F.,.F.,(4,1,1,1,
    1,1,1,1,1,1,1,1,1,1,1,1,1,1,1,4),(0.,0.189906477077,0.372642952354,
    0.548209425831,0.716605897509,0.87783236739,1.031888835474,
    1.178775301764,1.318491766261,1.451038228967,1.576414689885,
    1.694621149018,1.805657606368,1.909524061941,2.006220515742,
    2.095746967776,2.178103418053,2.253289866581,2.321306313375,
    2.382152758453),.UNSPECIFIED.);
#9737 = CARTESIAN_POINT('',(29.1084563352,0.451451500731,-2.));
#9738 = CARTESIAN_POINT('',(29.047430130117,0.46827386935,-2.));
#9739 = CARTESIAN_POINT('',(28.927394878318,0.500251249554,-2.));
#9740 = CARTESIAN_POINT('',(28.750004803263,0.544168520346,-2.));
#9741 = CARTESIAN_POINT('',(28.578856983276,0.583350613052,-2.));
#9742 = CARTESIAN_POINT('',(28.414061391082,0.618030870498,-2.));
#9743 = CARTESIAN_POINT('',(28.255721356905,0.648446434465,-2.));
#9744 = CARTESIAN_POINT('',(28.103933898261,0.674836292434,-2.));
#9745 = CARTESIAN_POINT('',(27.958789579662,0.697441579574,-2.));
#9746 = CARTESIAN_POINT('',(27.820372494837,0.716505312034,-2.));
#9747 = CARTESIAN_POINT('',(27.688760222472,0.732272261807,-2.));
#9748 = CARTESIAN_POINT('',(27.564023792737,0.744988795635,-2.));
#9749 = CARTESIAN_POINT('',(27.446227655704,0.754902720515,-2.));
#9750 = CARTESIAN_POINT('',(27.335429652505,0.76226313192,-2.));
#9751 = CARTESIAN_POINT('',(27.231680993779,0.767320243176,-2.));
#9752 = CARTESIAN_POINT('',(27.135026228221,0.770325277885,-2.));
#9753 = CARTESIAN_POINT('',(27.045503259506,0.771530148373,-2.));
#9754 = CARTESIAN_POINT('',(26.963143217255,0.77118784445,-2.));
#9755 = CARTESIAN_POINT('',(26.887970824063,0.769550479245,-2.));
#9756 = CARTESIAN_POINT('',(26.820003160555,0.766874970261,-2.));
#9757 = CARTESIAN_POINT('',(26.777117256786,0.764424767775,-2.));
#9758 = CARTESIAN_POINT('',(26.756878800206,0.763083798627,-2.));
#9759 = VECTOR('',#9760,1.);
#9760 = DIRECTION('',(0.,-0.,-1.));
#9761 = ADVANCED_FACE('',(#9762),#9773,.F.);
#9762 = FACE_BOUND('',#9763,.F.);
#9763 = EDGE_LOOP('',(#9764,#9765,#9766,#9772));
#9764 = ORIENTED_EDGE('',*,*,#9711,.T.);
#9765 = ORIENTED_EDGE('',*,*,#1065,.T.);
#9766 = ORIENTED_EDGE('',*,*,#9767,.F.);
#9767 = EDGE_CURVE('',#4591,#1066,#9768,.T.);
#9768 = LINE('',#9769,#9770);
#9769 = CARTESIAN_POINT('',(-21.1084563352,0.451451500731,-2.));
#9770 = VECTOR('',#9771,1.);
#9771 = DIRECTION('',(0.,0.,1.));
#9772 = ORIENTED_EDGE('',*,*,#4590,.F.);
#9773 = SURFACE_OF_LINEAR_EXTRUSION('',#9774,#9797);
#9774 = B_SPLINE_CURVE_WITH_KNOTS('',3,(#9775,#9776,#9777,#9778,#9779,
    #9780,#9781,#9782,#9783,#9784,#9785,#9786,#9787,#9788,#9789,#9790,
    #9791,#9792,#9793,#9794,#9795,#9796),.UNSPECIFIED.,.F.,.F.,(4,1,1,1,
    1,1,1,1,1,1,1,1,1,1,1,1,1,1,1,4),(0.,6.084644507817E-02,
    0.128862891872,0.204049340401,0.286405790677,0.375932242711,
    0.472628696512,0.576495152085,0.687531609436,0.805738068568,
    0.931114529486,1.063660992193,1.20337745669,1.350263922979,
    1.504320391064,1.665546860944,1.833943332622,2.009509806099,
    2.192246281376,2.382152758453),.UNSPECIFIED.);
#9775 = CARTESIAN_POINT('',(-18.7568788002,0.763083798627,-2.));
#9776 = CARTESIAN_POINT('',(-18.77711725678,0.764424767775,-2.));
#9777 = CARTESIAN_POINT('',(-18.82000316055,0.766874970261,-2.));
#9778 = CARTESIAN_POINT('',(-18.88797082406,0.769550479245,-2.));
#9779 = CARTESIAN_POINT('',(-18.96314321725,0.77118784445,-2.));
#9780 = CARTESIAN_POINT('',(-19.0455032595,0.771530148373,-2.));
#9781 = CARTESIAN_POINT('',(-19.13502622822,0.770325277885,-2.));
#9782 = CARTESIAN_POINT('',(-19.23168099377,0.767320243176,-2.));
#9783 = CARTESIAN_POINT('',(-19.3354296525,0.76226313192,-2.));
#9784 = CARTESIAN_POINT('',(-19.4462276557,0.754902720515,-2.));
#9785 = CARTESIAN_POINT('',(-19.56402379273,0.744988795635,-2.));
#9786 = CARTESIAN_POINT('',(-19.68876022247,0.732272261807,-2.));
#9787 = CARTESIAN_POINT('',(-19.82037249483,0.716505312034,-2.));
#9788 = CARTESIAN_POINT('',(-19.95878957966,0.697441579574,-2.));
#9789 = CARTESIAN_POINT('',(-20.10393389826,0.674836292434,-2.));
#9790 = CARTESIAN_POINT('',(-20.2557213569,0.648446434466,-2.));
#9791 = CARTESIAN_POINT('',(-20.41406139108,0.618030870498,-2.));
#9792 = CARTESIAN_POINT('',(-20.57885698327,0.583350613052,-2.));
#9793 = CARTESIAN_POINT('',(-20.75000480326,0.544168520346,-2.));
#9794 = CARTESIAN_POINT('',(-20.92739487831,0.500251249554,-2.));
#9795 = CARTESIAN_POINT('',(-21.04743013011,0.46827386935,-2.));
#9796 = CARTESIAN_POINT('',(-21.1084563352,0.451451500731,-2.));
#9797 = VECTOR('',#9798,1.);
#9798 = DIRECTION('',(0.,-0.,-1.));
#9799 = ADVANCED_FACE('',(#9800),#9811,.F.);
#9800 = FACE_BOUND('',#9801,.F.);
#9801 = EDGE_LOOP('',(#9802,#9808,#9809,#9810));
#9802 = ORIENTED_EDGE('',*,*,#9803,.T.);
#9803 = EDGE_CURVE('',#6427,#2902,#9804,.T.);
#9804 = LINE('',#9805,#9806);
#9805 = CARTESIAN_POINT('',(29.232013733502,-0.312794696199,-2.));
#9806 = VECTOR('',#9807,1.);
#9807 = DIRECTION('',(0.,0.,1.));
#9808 = ORIENTED_EDGE('',*,*,#2928,.T.);
#9809 = ORIENTED_EDGE('',*,*,#9727,.F.);
#9810 = ORIENTED_EDGE('',*,*,#6453,.F.);
#9811 = SURFACE_OF_LINEAR_EXTRUSION('',#9812,#9815);
#9812 = B_SPLINE_CURVE_WITH_KNOTS('',1,(#9813,#9814),.UNSPECIFIED.,.F.,
  .F.,(2,2),(0.,0.774169671453),.PIECEWISE_BEZIER_KNOTS.);
#9813 = CARTESIAN_POINT('',(29.232013733502,-0.312794696199,-2.));
#9814 = CARTESIAN_POINT('',(29.1084563352,0.451451500731,-2.));
#9815 = VECTOR('',#9816,1.);
#9816 = DIRECTION('',(0.,-0.,-1.));
#9817 = ADVANCED_FACE('',(#9818),#9829,.F.);
#9818 = FACE_BOUND('',#9819,.F.);
#9819 = EDGE_LOOP('',(#9820,#9821,#9822,#9828));
#9820 = ORIENTED_EDGE('',*,*,#9767,.T.);
#9821 = ORIENTED_EDGE('',*,*,#1092,.T.);
#9822 = ORIENTED_EDGE('',*,*,#9823,.F.);
#9823 = EDGE_CURVE('',#4618,#1093,#9824,.T.);
#9824 = LINE('',#9825,#9826);
#9825 = CARTESIAN_POINT('',(-21.2320137335,-0.312794696199,-2.));
#9826 = VECTOR('',#9827,1.);
#9827 = DIRECTION('',(0.,0.,1.));
#9828 = ORIENTED_EDGE('',*,*,#4617,.F.);
#9829 = SURFACE_OF_LINEAR_EXTRUSION('',#9830,#9833);
#9830 = B_SPLINE_CURVE_WITH_KNOTS('',1,(#9831,#9832),.UNSPECIFIED.,.F.,
  .F.,(2,2),(0.,0.774169671453),.PIECEWISE_BEZIER_KNOTS.);
#9831 = CARTESIAN_POINT('',(-21.1084563352,0.451451500731,-2.));
#9832 = CARTESIAN_POINT('',(-21.2320137335,-0.312794696199,-2.));
#9833 = VECTOR('',#9834,1.);
#9834 = DIRECTION('',(0.,-0.,-1.));
#9835 = ADVANCED_FACE('',(#9836),#9847,.F.);
#9836 = FACE_BOUND('',#9837,.F.);
#9837 = EDGE_LOOP('',(#9838,#9844,#9845,#9846));
#9838 = ORIENTED_EDGE('',*,*,#9839,.T.);
#9839 = EDGE_CURVE('',#6420,#2895,#9840,.T.);
#9840 = LINE('',#9841,#9842);
#9841 = CARTESIAN_POINT('',(27.098433457443,-1.349552526068,-2.));
#9842 = VECTOR('',#9843,1.);
#9843 = DIRECTION('',(0.,0.,1.));
#9844 = ORIENTED_EDGE('',*,*,#2901,.T.);
#9845 = ORIENTED_EDGE('',*,*,#9803,.F.);
#9846 = ORIENTED_EDGE('',*,*,#6426,.F.);
#9847 = SURFACE_OF_LINEAR_EXTRUSION('',#9848,#9871);
#9848 = B_SPLINE_CURVE_WITH_KNOTS('',3,(#9849,#9850,#9851,#9852,#9853,
    #9854,#9855,#9856,#9857,#9858,#9859,#9860,#9861,#9862,#9863,#9864,
    #9865,#9866,#9867,#9868,#9869,#9870),.UNSPECIFIED.,.F.,.F.,(4,1,1,1,
    1,1,1,1,1,1,1,1,1,1,1,1,1,1,1,4),(0.,6.084644507817E-02,
    0.128862891872,0.204049340401,0.286405790677,0.375932242711,
    0.472628696512,0.576495152085,0.687531609436,0.805738068568,
    0.931114529486,1.063660992193,1.20337745669,1.350263922979,
    1.504320391064,1.665546860944,1.833943332622,2.009509806099,
    2.192246281376,2.382152758453),.UNSPECIFIED.);
#9849 = CARTESIAN_POINT('',(27.098433457443,-1.349552526068,-2.));
#9850 = CARTESIAN_POINT('',(27.11806343137,-1.344447876556,-2.));
#9851 = CARTESIAN_POINT('',(27.159536623747,-1.333259554591,-2.));
#9852 = CARTESIAN_POINT('',(27.224884800278,-1.314381592438,-2.));
#9853 = CARTESIAN_POINT('',(27.296743539285,-1.292248104432,-2.));
#9854 = CARTESIAN_POINT('',(27.375015673487,-1.266620643788,-2.));
#9855 = CARTESIAN_POINT('',(27.459598296843,-1.237267731382,-2.));
#9856 = CARTESIAN_POINT('',(27.550382146439,-1.203959074984,-2.));
#9857 = CARTESIAN_POINT('',(27.647251869932,-1.16646753951,-2.));
#9858 = CARTESIAN_POINT('',(27.750086025503,-1.124568737416,-2.));
#9859 = CARTESIAN_POINT('',(27.858757167128,-1.078041339203,-2.));
#9860 = CARTESIAN_POINT('',(27.973131908316,-1.026667165595,-2.));
#9861 = CARTESIAN_POINT('',(28.093070996334,-0.970231342686,-2.));
#9862 = CARTESIAN_POINT('',(28.218429387407,-0.908522436891,-2.));
#9863 = CARTESIAN_POINT('',(28.349056325371,-0.841332591629,-2.));
#9864 = CARTESIAN_POINT('',(28.484795424203,-0.768457669649,-2.));
#9865 = CARTESIAN_POINT('',(28.625484749458,-0.689697357856,-2.));
#9866 = CARTESIAN_POINT('',(28.770956919188,-0.604855414825,-2.));
#9867 = CARTESIAN_POINT('',(28.921039141923,-0.513739339987,-2.));
#9868 = CARTESIAN_POINT('',(29.075553519178,-0.416162331303,-2.));
#9869 = CARTESIAN_POINT('',(29.179397329448,-0.347989920552,-2.));
#9870 = CARTESIAN_POINT('',(29.232013733502,-0.312794696199,-2.));
#9871 = VECTOR('',#9872,1.);
#9872 = DIRECTION('',(0.,-0.,-1.));
#9873 = ADVANCED_FACE('',(#9874),#9885,.F.);
#9874 = FACE_BOUND('',#9875,.F.);
#9875 = EDGE_LOOP('',(#9876,#9877,#9878,#9884));
#9876 = ORIENTED_EDGE('',*,*,#9823,.T.);
#9877 = ORIENTED_EDGE('',*,*,#1099,.T.);
#9878 = ORIENTED_EDGE('',*,*,#9879,.F.);
#9879 = EDGE_CURVE('',#4625,#1100,#9880,.T.);
#9880 = LINE('',#9881,#9882);
#9881 = CARTESIAN_POINT('',(-19.09843345744,-1.349552526068,-2.));
#9882 = VECTOR('',#9883,1.);
#9883 = DIRECTION('',(0.,0.,1.));
#9884 = ORIENTED_EDGE('',*,*,#4624,.F.);
#9885 = SURFACE_OF_LINEAR_EXTRUSION('',#9886,#9909);
#9886 = B_SPLINE_CURVE_WITH_KNOTS('',3,(#9887,#9888,#9889,#9890,#9891,
    #9892,#9893,#9894,#9895,#9896,#9897,#9898,#9899,#9900,#9901,#9902,
    #9903,#9904,#9905,#9906,#9907,#9908),.UNSPECIFIED.,.F.,.F.,(4,1,1,1,
    1,1,1,1,1,1,1,1,1,1,1,1,1,1,1,4),(0.,0.189906477077,0.372642952354,
    0.548209425831,0.716605897509,0.87783236739,1.031888835474,
    1.178775301764,1.318491766261,1.451038228967,1.576414689885,
    1.694621149018,1.805657606368,1.909524061941,2.006220515742,
    2.095746967776,2.178103418053,2.253289866581,2.321306313375,
    2.382152758453),.UNSPECIFIED.);
#9887 = CARTESIAN_POINT('',(-21.2320137335,-0.312794696199,-2.));
#9888 = CARTESIAN_POINT('',(-21.17939732944,-0.347989920552,-2.));
#9889 = CARTESIAN_POINT('',(-21.07555351917,-0.416162331303,-2.));
#9890 = CARTESIAN_POINT('',(-20.92103914192,-0.513739339987,-2.));
#9891 = CARTESIAN_POINT('',(-20.77095691918,-0.604855414825,-2.));
#9892 = CARTESIAN_POINT('',(-20.62548474945,-0.689697357856,-2.));
#9893 = CARTESIAN_POINT('',(-20.4847954242,-0.768457669649,-2.));
#9894 = CARTESIAN_POINT('',(-20.34905632537,-0.841332591629,-2.));
#9895 = CARTESIAN_POINT('',(-20.2184293874,-0.908522436891,-2.));
#9896 = CARTESIAN_POINT('',(-20.09307099633,-0.970231342686,-2.));
#9897 = CARTESIAN_POINT('',(-19.97313190831,-1.026667165595,-2.));
#9898 = CARTESIAN_POINT('',(-19.85875716712,-1.078041339203,-2.));
#9899 = CARTESIAN_POINT('',(-19.7500860255,-1.124568737416,-2.));
#9900 = CARTESIAN_POINT('',(-19.64725186993,-1.16646753951,-2.));
#9901 = CARTESIAN_POINT('',(-19.55038214643,-1.203959074984,-2.));
#9902 = CARTESIAN_POINT('',(-19.45959829684,-1.237267731382,-2.));
#9903 = CARTESIAN_POINT('',(-19.37501567348,-1.266620643788,-2.));
#9904 = CARTESIAN_POINT('',(-19.29674353928,-1.292248104432,-2.));
#9905 = CARTESIAN_POINT('',(-19.22488480027,-1.314381592438,-2.));
#9906 = CARTESIAN_POINT('',(-19.15953662374,-1.333259554591,-2.));
#9907 = CARTESIAN_POINT('',(-19.11806343137,-1.344447876556,-2.));
#9908 = CARTESIAN_POINT('',(-19.09843345744,-1.349552526068,-2.));
#9909 = VECTOR('',#9910,1.);
#9910 = DIRECTION('',(0.,-0.,-1.));
#9911 = ADVANCED_FACE('',(#9912),#9923,.F.);
#9912 = FACE_BOUND('',#9913,.F.);
#9913 = EDGE_LOOP('',(#9914,#9920,#9921,#9922));
#9914 = ORIENTED_EDGE('',*,*,#9915,.T.);
#9915 = EDGE_CURVE('',#6393,#2868,#9916,.T.);
#9916 = LINE('',#9917,#9918);
#9917 = CARTESIAN_POINT('',(27.179134776864,-2.186106123287,-2.));
#9918 = VECTOR('',#9919,1.);
#9919 = DIRECTION('',(0.,0.,1.));
#9920 = ORIENTED_EDGE('',*,*,#2894,.T.);
#9921 = ORIENTED_EDGE('',*,*,#9839,.F.);
#9922 = ORIENTED_EDGE('',*,*,#6419,.F.);
#9923 = SURFACE_OF_LINEAR_EXTRUSION('',#9924,#9927);
#9924 = B_SPLINE_CURVE_WITH_KNOTS('',1,(#9925,#9926),.UNSPECIFIED.,.F.,
  .F.,(2,2),(0.,0.840437162419),.PIECEWISE_BEZIER_KNOTS.);
#9925 = CARTESIAN_POINT('',(27.179134776864,-2.186106123287,-2.));
#9926 = CARTESIAN_POINT('',(27.098433457443,-1.349552526068,-2.));
#9927 = VECTOR('',#9928,1.);
#9928 = DIRECTION('',(0.,-0.,-1.));
#9929 = ADVANCED_FACE('',(#9930),#9941,.F.);
#9930 = FACE_BOUND('',#9931,.F.);
#9931 = EDGE_LOOP('',(#9932,#9933,#9934,#9940));
#9932 = ORIENTED_EDGE('',*,*,#9879,.T.);
#9933 = ORIENTED_EDGE('',*,*,#1126,.T.);
#9934 = ORIENTED_EDGE('',*,*,#9935,.F.);
#9935 = EDGE_CURVE('',#4652,#1127,#9936,.T.);
#9936 = LINE('',#9937,#9938);
#9937 = CARTESIAN_POINT('',(-19.17913477686,-2.186106123287,-2.));
#9938 = VECTOR('',#9939,1.);
#9939 = DIRECTION('',(0.,0.,1.));
#9940 = ORIENTED_EDGE('',*,*,#4651,.F.);
#9941 = SURFACE_OF_LINEAR_EXTRUSION('',#9942,#9945);
#9942 = B_SPLINE_CURVE_WITH_KNOTS('',1,(#9943,#9944),.UNSPECIFIED.,.F.,
  .F.,(2,2),(0.,0.840437162419),.PIECEWISE_BEZIER_KNOTS.);
#9943 = CARTESIAN_POINT('',(-19.09843345744,-1.349552526068,-2.));
#9944 = CARTESIAN_POINT('',(-19.17913477686,-2.186106123287,-2.));
#9945 = VECTOR('',#9946,1.);
#9946 = DIRECTION('',(0.,-0.,-1.));
#9947 = ADVANCED_FACE('',(#9948),#9959,.F.);
#9948 = FACE_BOUND('',#9949,.F.);
#9949 = EDGE_LOOP('',(#9950,#9956,#9957,#9958));
#9950 = ORIENTED_EDGE('',*,*,#9951,.T.);
#9951 = EDGE_CURVE('',#6386,#2861,#9952,.T.);
#9952 = LINE('',#9953,#9954);
#9953 = CARTESIAN_POINT('',(29.471555239058,-2.795892984981,-2.));
#9954 = VECTOR('',#9955,1.);
#9955 = DIRECTION('',(0.,0.,1.));
#9956 = ORIENTED_EDGE('',*,*,#2867,.T.);
#9957 = ORIENTED_EDGE('',*,*,#9915,.F.);
#9958 = ORIENTED_EDGE('',*,*,#6392,.F.);
#9959 = SURFACE_OF_LINEAR_EXTRUSION('',#9960,#9983);
#9960 = B_SPLINE_CURVE_WITH_KNOTS('',3,(#9961,#9962,#9963,#9964,#9965,
    #9966,#9967,#9968,#9969,#9970,#9971,#9972,#9973,#9974,#9975,#9976,
    #9977,#9978,#9979,#9980,#9981,#9982),.UNSPECIFIED.,.F.,.F.,(4,1,1,1,
    1,1,1,1,1,1,1,1,1,1,1,1,1,1,1,4),(0.,0.189906477077,0.372642952354,
    0.548209425831,0.716605897509,0.87783236739,1.031888835474,
    1.178775301764,1.318491766261,1.451038228967,1.576414689885,
    1.694621149018,1.805657606368,1.909524061941,2.006220515742,
    2.095746967776,2.178103418053,2.253289866581,2.321306313375,
    2.382152758453),.UNSPECIFIED.);
#9961 = CARTESIAN_POINT('',(29.471555239058,-2.795892984981,-2.));
#9962 = CARTESIAN_POINT('',(29.413181255027,-2.771404869882,-2.));
#9963 = CARTESIAN_POINT('',(29.298220667605,-2.724340256225,-2.));
#9964 = CARTESIAN_POINT('',(29.127902978551,-2.658099406311,-2.));
#9965 = CARTESIAN_POINT('',(28.963170774605,-2.597353100595,-2.));
#9966 = CARTESIAN_POINT('',(28.804162964833,-2.541883974996,-2.));
#9967 = CARTESIAN_POINT('',(28.651012356139,-2.491470048236,-2.));
#9968 = CARTESIAN_POINT('',(28.503845730567,-2.445886701246,-2.));
#9969 = CARTESIAN_POINT('',(28.362783744775,-2.404906359704,-2.));
#9970 = CARTESIAN_POINT('',(28.227940878302,-2.368298756288,-2.));
#9971 = CARTESIAN_POINT('',(28.099425373659,-2.335831049122,-2.));
#9972 = CARTESIAN_POINT('',(27.977339182541,-2.307267977268,-2.));
#9973 = CARTESIAN_POINT('',(27.861777914739,-2.282372009913,-2.));
#9974 = CARTESIAN_POINT('',(27.752830790134,-2.260903493214,-2.));
#9975 = CARTESIAN_POINT('',(27.650580595495,-2.242620816765,-2.));
#9976 = CARTESIAN_POINT('',(27.555103639537,-2.227280516267,-2.));
#9977 = CARTESIAN_POINT('',(27.466469728575,-2.214637594604,-2.));
#9978 = CARTESIAN_POINT('',(27.384742088278,-2.204445119777,-2.));
#9979 = CARTESIAN_POINT('',(27.30997747778,-2.196456209958,-2.));
#9980 = CARTESIAN_POINT('',(27.242225691355,-2.190418241155,-2.));
#9981 = CARTESIAN_POINT('',(27.199378555324,-2.187364199861,-2.));
#9982 = CARTESIAN_POINT('',(27.179134776864,-2.186106123287,-2.));
#9983 = VECTOR('',#9984,1.);
#9984 = DIRECTION('',(0.,-0.,-1.));
#9985 = ADVANCED_FACE('',(#9986),#9997,.F.);
#9986 = FACE_BOUND('',#9987,.F.);
#9987 = EDGE_LOOP('',(#9988,#9989,#9990,#9996));
#9988 = ORIENTED_EDGE('',*,*,#9935,.T.);
#9989 = ORIENTED_EDGE('',*,*,#1133,.T.);
#9990 = ORIENTED_EDGE('',*,*,#9991,.F.);
#9991 = EDGE_CURVE('',#4659,#1134,#9992,.T.);
#9992 = LINE('',#9993,#9994);
#9993 = CARTESIAN_POINT('',(-21.47155523905,-2.795892984981,-2.));
#9994 = VECTOR('',#9995,1.);
#9995 = DIRECTION('',(0.,0.,1.));
#9996 = ORIENTED_EDGE('',*,*,#4658,.F.);
#9997 = SURFACE_OF_LINEAR_EXTRUSION('',#9998,#10021);
#9998 = B_SPLINE_CURVE_WITH_KNOTS('',3,(#9999,#10000,#10001,#10002,
    #10003,#10004,#10005,#10006,#10007,#10008,#10009,#10010,#10011,
    #10012,#10013,#10014,#10015,#10016,#10017,#10018,#10019,#10020),
  .UNSPECIFIED.,.F.,.F.,(4,1,1,1,1,1,1,1,1,1,1,1,1,1,1,1,1,1,1,4),(0.,
    6.084644507817E-02,0.128862891872,0.204049340401,0.286405790677,
    0.375932242711,0.472628696512,0.576495152085,0.687531609436,
    0.805738068568,0.931114529486,1.063660992193,1.20337745669,
    1.350263922979,1.504320391064,1.665546860944,1.833943332622,
    2.009509806099,2.192246281376,2.382152758453),.UNSPECIFIED.);
#9999 = CARTESIAN_POINT('',(-19.17913477686,-2.186106123287,-2.));
#10000 = CARTESIAN_POINT('',(-19.19937855532,-2.187364199861,-2.));
#10001 = CARTESIAN_POINT('',(-19.24222569135,-2.190418241155,-2.));
#10002 = CARTESIAN_POINT('',(-19.30997747778,-2.196456209958,-2.));
#10003 = CARTESIAN_POINT('',(-19.38474208827,-2.204445119777,-2.));
#10004 = CARTESIAN_POINT('',(-19.46646972857,-2.214637594604,-2.));
#10005 = CARTESIAN_POINT('',(-19.55510363953,-2.227280516267,-2.));
#10006 = CARTESIAN_POINT('',(-19.65058059549,-2.242620816765,-2.));
#10007 = CARTESIAN_POINT('',(-19.75283079013,-2.260903493214,-2.));
#10008 = CARTESIAN_POINT('',(-19.86177791473,-2.282372009913,-2.));
#10009 = CARTESIAN_POINT('',(-19.97733918254,-2.307267977268,-2.));
#10010 = CARTESIAN_POINT('',(-20.09942537365,-2.335831049122,-2.));
#10011 = CARTESIAN_POINT('',(-20.2279408783,-2.368298756288,-2.));
#10012 = CARTESIAN_POINT('',(-20.36278374477,-2.404906359704,-2.));
#10013 = CARTESIAN_POINT('',(-20.50384573056,-2.445886701246,-2.));
#10014 = CARTESIAN_POINT('',(-20.65101235613,-2.491470048236,-2.));
#10015 = CARTESIAN_POINT('',(-20.80416296483,-2.541883974996,-2.));
#10016 = CARTESIAN_POINT('',(-20.9631707746,-2.597353100595,-2.));
#10017 = CARTESIAN_POINT('',(-21.12790297855,-2.65809940631,-2.));
#10018 = CARTESIAN_POINT('',(-21.2982206676,-2.724340256225,-2.));
#10019 = CARTESIAN_POINT('',(-21.41318125502,-2.771404869882,-2.));
#10020 = CARTESIAN_POINT('',(-21.47155523905,-2.795892984981,-2.));
#10021 = VECTOR('',#10022,1.);
#10022 = DIRECTION('',(0.,-0.,-1.));
#10023 = ADVANCED_FACE('',(#10024),#10035,.F.);
#10024 = FACE_BOUND('',#10025,.F.);
#10025 = EDGE_LOOP('',(#10026,#10032,#10033,#10034));
#10026 = ORIENTED_EDGE('',*,*,#10027,.T.);
#10027 = EDGE_CURVE('',#6359,#2834,#10028,.T.);
#10028 = LINE('',#10029,#10030);
#10029 = CARTESIAN_POINT('',(29.496368598336,-3.569664900599,-2.));
#10030 = VECTOR('',#10031,1.);
#10031 = DIRECTION('',(0.,0.,1.));
#10032 = ORIENTED_EDGE('',*,*,#2860,.T.);
#10033 = ORIENTED_EDGE('',*,*,#9951,.F.);
#10034 = ORIENTED_EDGE('',*,*,#6385,.F.);
#10035 = SURFACE_OF_LINEAR_EXTRUSION('',#10036,#10039);
#10036 = B_SPLINE_CURVE_WITH_KNOTS('',1,(#10037,#10038),.UNSPECIFIED.,
  .F.,.F.,(2,2),(0.,0.774169671453),.PIECEWISE_BEZIER_KNOTS.);
#10037 = CARTESIAN_POINT('',(29.496368598336,-3.569664900599,-2.));
#10038 = CARTESIAN_POINT('',(29.471555239058,-2.795892984981,-2.));
#10039 = VECTOR('',#10040,1.);
#10040 = DIRECTION('',(0.,-0.,-1.));
#10041 = ADVANCED_FACE('',(#10042),#10053,.F.);
#10042 = FACE_BOUND('',#10043,.F.);
#10043 = EDGE_LOOP('',(#10044,#10045,#10046,#10052));
#10044 = ORIENTED_EDGE('',*,*,#9991,.T.);
#10045 = ORIENTED_EDGE('',*,*,#1160,.T.);
#10046 = ORIENTED_EDGE('',*,*,#10047,.F.);
#10047 = EDGE_CURVE('',#4686,#1161,#10048,.T.);
#10048 = LINE('',#10049,#10050);
#10049 = CARTESIAN_POINT('',(-21.49636859833,-3.569664900599,-2.));
#10050 = VECTOR('',#10051,1.);
#10051 = DIRECTION('',(0.,0.,1.));
#10052 = ORIENTED_EDGE('',*,*,#4685,.F.);
#10053 = SURFACE_OF_LINEAR_EXTRUSION('',#10054,#10057);
#10054 = B_SPLINE_CURVE_WITH_KNOTS('',1,(#10055,#10056),.UNSPECIFIED.,
  .F.,.F.,(2,2),(0.,0.774169671453),.PIECEWISE_BEZIER_KNOTS.);
#10055 = CARTESIAN_POINT('',(-21.47155523905,-2.795892984981,-2.));
#10056 = CARTESIAN_POINT('',(-21.49636859833,-3.569664900599,-2.));
#10057 = VECTOR('',#10058,1.);
#10058 = DIRECTION('',(0.,-0.,-1.));
#10059 = ADVANCED_FACE('',(#10060),#10071,.F.);
#10060 = FACE_BOUND('',#10061,.F.);
#10061 = EDGE_LOOP('',(#10062,#10068,#10069,#10070));
#10062 = ORIENTED_EDGE('',*,*,#10063,.T.);
#10063 = EDGE_CURVE('',#6352,#2827,#10064,.T.);
#10064 = LINE('',#10065,#10066);
#10065 = CARTESIAN_POINT('',(27.247727338213,-4.325074773088,-2.));
#10066 = VECTOR('',#10067,1.);
#10067 = DIRECTION('',(0.,0.,1.));
#10068 = ORIENTED_EDGE('',*,*,#2833,.T.);
#10069 = ORIENTED_EDGE('',*,*,#10027,.F.);
#10070 = ORIENTED_EDGE('',*,*,#6358,.F.);
#10071 = SURFACE_OF_LINEAR_EXTRUSION('',#10072,#10095);
#10072 = B_SPLINE_CURVE_WITH_KNOTS('',3,(#10073,#10074,#10075,#10076,
    #10077,#10078,#10079,#10080,#10081,#10082,#10083,#10084,#10085,
    #10086,#10087,#10088,#10089,#10090,#10091,#10092,#10093,#10094),
  .UNSPECIFIED.,.F.,.F.,(4,1,1,1,1,1,1,1,1,1,1,1,1,1,1,1,1,1,1,4),(0.,
    6.084644507817E-02,0.128862891872,0.204049340401,0.286405790677,
    0.375932242711,0.472628696512,0.576495152085,0.687531609436,
    0.805738068568,0.931114529486,1.063660992193,1.20337745669,
    1.350263922979,1.504320391064,1.665546860944,1.833943332622,
    2.009509806099,2.192246281376,2.382152758453),.UNSPECIFIED.);
#10073 = CARTESIAN_POINT('',(27.247727338213,-4.325074773088,-2.));
#10074 = CARTESIAN_POINT('',(27.267848918416,-4.322522258027,-2.));
#10075 = CARTESIAN_POINT('',(27.310412347314,-4.316729266158,-2.));
#10076 = CARTESIAN_POINT('',(27.377638076438,-4.306362831149,-2.));
#10077 = CARTESIAN_POINT('',(27.451737223816,-4.29360015036,-2.));
#10078 = CARTESIAN_POINT('',(27.532643911806,-4.278192309175,-2.));
#10079 = CARTESIAN_POINT('',(27.620285680119,-4.259896569577,-2.));
#10080 = CARTESIAN_POINT('',(27.714583612004,-4.2384705578,-2.));
#10081 = CARTESIAN_POINT('',(27.81545234755,-4.213674252607,-2.));
#10082 = CARTESIAN_POINT('',(27.922800136015,-4.185269579039,-2.));
#10083 = CARTESIAN_POINT('',(28.036528880693,-4.153020727269,-2.));
#10084 = CARTESIAN_POINT('',(28.156534190342,-4.116694252188,-2.));
#10085 = CARTESIAN_POINT('',(28.282705432956,-4.076059236755,-2.));
#10086 = CARTESIAN_POINT('',(28.414925793095,-4.030887435468,-2.));
#10087 = CARTESIAN_POINT('',(28.553072332411,-3.980953419973,-2.));
#10088 = CARTESIAN_POINT('',(28.697016053298,-3.926034730784,-2.));
#10089 = CARTESIAN_POINT('',(28.846621966263,-3.865911991654,-2.));
#10090 = CARTESIAN_POINT('',(29.001749158357,-3.800369167972,-2.));
#10091 = CARTESIAN_POINT('',(29.162250873153,-3.729193243512,-2.));
#10092 = CARTESIAN_POINT('',(29.327974560422,-3.652176200724,-2.));
#10093 = CARTESIAN_POINT('',(29.439683508838,-3.597842736238,-2.));
#10094 = CARTESIAN_POINT('',(29.496368598336,-3.569664900599,-2.));
#10095 = VECTOR('',#10096,1.);
#10096 = DIRECTION('',(0.,-0.,-1.));
#10097 = ADVANCED_FACE('',(#10098),#10109,.F.);
#10098 = FACE_BOUND('',#10099,.F.);
#10099 = EDGE_LOOP('',(#10100,#10101,#10102,#10108));
#10100 = ORIENTED_EDGE('',*,*,#10047,.T.);
#10101 = ORIENTED_EDGE('',*,*,#1167,.T.);
#10102 = ORIENTED_EDGE('',*,*,#10103,.F.);
#10103 = EDGE_CURVE('',#4693,#1168,#10104,.T.);
#10104 = LINE('',#10105,#10106);
#10105 = CARTESIAN_POINT('',(-19.24772733821,-4.325074773088,-2.));
#10106 = VECTOR('',#10107,1.);
#10107 = DIRECTION('',(0.,0.,1.));
#10108 = ORIENTED_EDGE('',*,*,#4692,.F.);
#10109 = SURFACE_OF_LINEAR_EXTRUSION('',#10110,#10133);
#10110 = B_SPLINE_CURVE_WITH_KNOTS('',3,(#10111,#10112,#10113,#10114,
    #10115,#10116,#10117,#10118,#10119,#10120,#10121,#10122,#10123,
    #10124,#10125,#10126,#10127,#10128,#10129,#10130,#10131,#10132),
  .UNSPECIFIED.,.F.,.F.,(4,1,1,1,1,1,1,1,1,1,1,1,1,1,1,1,1,1,1,4),(0.,
    0.189906477077,0.372642952354,0.548209425831,0.716605897509,
    0.87783236739,1.031888835474,1.178775301764,1.318491766261,
    1.451038228967,1.576414689885,1.694621149018,1.805657606368,
    1.909524061941,2.006220515742,2.095746967776,2.178103418053,
    2.253289866581,2.321306313375,2.382152758453),.UNSPECIFIED.);
#10111 = CARTESIAN_POINT('',(-21.49636859833,-3.569664900599,-2.));
#10112 = CARTESIAN_POINT('',(-21.43968350883,-3.597842736238,-2.));
#10113 = CARTESIAN_POINT('',(-21.32797456042,-3.652176200724,-2.));
#10114 = CARTESIAN_POINT('',(-21.16225087315,-3.729193243512,-2.));
#10115 = CARTESIAN_POINT('',(-21.00174915835,-3.800369167972,-2.));
#10116 = CARTESIAN_POINT('',(-20.84662196626,-3.865911991654,-2.));
#10117 = CARTESIAN_POINT('',(-20.69701605329,-3.926034730784,-2.));
#10118 = CARTESIAN_POINT('',(-20.55307233241,-3.980953419973,-2.));
#10119 = CARTESIAN_POINT('',(-20.41492579309,-4.030887435468,-2.));
#10120 = CARTESIAN_POINT('',(-20.28270543295,-4.076059236755,-2.));
#10121 = CARTESIAN_POINT('',(-20.15653419034,-4.116694252188,-2.));
#10122 = CARTESIAN_POINT('',(-20.03652888069,-4.153020727269,-2.));
#10123 = CARTESIAN_POINT('',(-19.92280013601,-4.185269579039,-2.));
#10124 = CARTESIAN_POINT('',(-19.81545234755,-4.213674252607,-2.));
#10125 = CARTESIAN_POINT('',(-19.714583612,-4.2384705578,-2.));
#10126 = CARTESIAN_POINT('',(-19.62028568011,-4.259896569577,-2.));
#10127 = CARTESIAN_POINT('',(-19.5326439118,-4.278192309174,-2.));
#10128 = CARTESIAN_POINT('',(-19.45173722381,-4.29360015036,-2.));
#10129 = CARTESIAN_POINT('',(-19.37763807643,-4.306362831149,-2.));
#10130 = CARTESIAN_POINT('',(-19.31041234731,-4.316729266158,-2.));
#10131 = CARTESIAN_POINT('',(-19.26784891841,-4.322522258027,-2.));
#10132 = CARTESIAN_POINT('',(-19.24772733821,-4.325074773088,-2.));
#10133 = VECTOR('',#10134,1.);
#10134 = DIRECTION('',(0.,-0.,-1.));
#10135 = ADVANCED_FACE('',(#10136),#10147,.F.);
#10136 = FACE_BOUND('',#10137,.F.);
#10137 = EDGE_LOOP('',(#10138,#10144,#10145,#10146));
#10138 = ORIENTED_EDGE('',*,*,#10139,.T.);
#10139 = EDGE_CURVE('',#6325,#2800,#10140,.T.);
#10140 = LINE('',#10141,#10142);
#10141 = CARTESIAN_POINT('',(27.220790001308,-5.165080132509,-2.));
#10142 = VECTOR('',#10143,1.);
#10143 = DIRECTION('',(0.,0.,1.));
#10144 = ORIENTED_EDGE('',*,*,#2826,.T.);
#10145 = ORIENTED_EDGE('',*,*,#10063,.F.);
#10146 = ORIENTED_EDGE('',*,*,#6351,.F.);
#10147 = SURFACE_OF_LINEAR_EXTRUSION('',#10148,#10151);
#10148 = B_SPLINE_CURVE_WITH_KNOTS('',1,(#10149,#10150),.UNSPECIFIED.,
  .F.,.F.,(2,2),(0.,0.840437162419),.PIECEWISE_BEZIER_KNOTS.);
#10149 = CARTESIAN_POINT('',(27.220790001308,-5.165080132509,-2.));
#10150 = CARTESIAN_POINT('',(27.247727338213,-4.325074773088,-2.));
#10151 = VECTOR('',#10152,1.);
#10152 = DIRECTION('',(0.,-0.,-1.));
#10153 = ADVANCED_FACE('',(#10154),#10165,.F.);
#10154 = FACE_BOUND('',#10155,.F.);
#10155 = EDGE_LOOP('',(#10156,#10157,#10158,#10164));
#10156 = ORIENTED_EDGE('',*,*,#10103,.T.);
#10157 = ORIENTED_EDGE('',*,*,#1194,.T.);
#10158 = ORIENTED_EDGE('',*,*,#10159,.F.);
#10159 = EDGE_CURVE('',#4720,#1195,#10160,.T.);
#10160 = LINE('',#10161,#10162);
#10161 = CARTESIAN_POINT('',(-19.2207900013,-5.165080132509,-2.));
#10162 = VECTOR('',#10163,1.);
#10163 = DIRECTION('',(0.,0.,1.));
#10164 = ORIENTED_EDGE('',*,*,#4719,.F.);
#10165 = SURFACE_OF_LINEAR_EXTRUSION('',#10166,#10169);
#10166 = B_SPLINE_CURVE_WITH_KNOTS('',1,(#10167,#10168),.UNSPECIFIED.,
  .F.,.F.,(2,2),(0.,0.840437162419),.PIECEWISE_BEZIER_KNOTS.);
#10167 = CARTESIAN_POINT('',(-19.24772733821,-4.325074773088,-2.));
#10168 = CARTESIAN_POINT('',(-19.2207900013,-5.165080132509,-2.));
#10169 = VECTOR('',#10170,1.);
#10170 = DIRECTION('',(0.,-0.,-1.));
#10171 = ADVANCED_FACE('',(#10172),#10183,.F.);
#10172 = FACE_BOUND('',#10173,.F.);
#10173 = EDGE_LOOP('',(#10174,#10180,#10181,#10182));
#10174 = ORIENTED_EDGE('',*,*,#10175,.T.);
#10175 = EDGE_CURVE('',#6318,#2793,#10176,.T.);
#10176 = LINE('',#10177,#10178);
#10177 = CARTESIAN_POINT('',(29.41641191009,-6.063008874591,-2.));
#10178 = VECTOR('',#10179,1.);
#10179 = DIRECTION('',(0.,0.,1.));
#10180 = ORIENTED_EDGE('',*,*,#2799,.T.);
#10181 = ORIENTED_EDGE('',*,*,#10139,.F.);
#10182 = ORIENTED_EDGE('',*,*,#6324,.F.);
#10183 = SURFACE_OF_LINEAR_EXTRUSION('',#10184,#10207);
#10184 = B_SPLINE_CURVE_WITH_KNOTS('',3,(#10185,#10186,#10187,#10188,
    #10189,#10190,#10191,#10192,#10193,#10194,#10195,#10196,#10197,
    #10198,#10199,#10200,#10201,#10202,#10203,#10204,#10205,#10206),
  .UNSPECIFIED.,.F.,.F.,(4,1,1,1,1,1,1,1,1,1,1,1,1,1,1,1,1,1,1,4),(0.,
    0.189906477077,0.372642952354,0.548209425831,0.716605897509,
    0.87783236739,1.031888835474,1.178775301764,1.318491766261,
    1.451038228967,1.576414689885,1.694621149018,1.805657606368,
    1.909524061941,2.006220515742,2.095746967776,2.178103418053,
    2.253289866581,2.321306313375,2.382152758453),.UNSPECIFIED.);
#10185 = CARTESIAN_POINT('',(29.41641191009,-6.063008874591,-2.));
#10186 = CARTESIAN_POINT('',(29.361648646315,-6.031257107184,-2.));
#10187 = CARTESIAN_POINT('',(29.253650372936,-5.969878059729,-2.));
#10188 = CARTESIAN_POINT('',(29.09320168163,-5.882401303616,-2.));
#10189 = CARTESIAN_POINT('',(28.937589991959,-5.801088237552,-2.));
#10190 = CARTESIAN_POINT('',(28.78698086845,-5.725741045308,-2.));
#10191 = CARTESIAN_POINT('',(28.641534414,-5.65615655104,-2.));
#10192 = CARTESIAN_POINT('',(28.501405093423,-5.592128192325,-2.));
#10193 = CARTESIAN_POINT('',(28.366741674346,-5.533445692457,-2.));
#10194 = CARTESIAN_POINT('',(28.237687142363,-5.47989531392,-2.));
#10195 = CARTESIAN_POINT('',(28.114378626476,-5.431259968215,-2.));
#10196 = CARTESIAN_POINT('',(27.996947325856,-5.387319363185,-2.));
#10197 = CARTESIAN_POINT('',(27.885518440108,-5.347850144451,-2.));
#10198 = CARTESIAN_POINT('',(27.780211102871,-5.312626034909,-2.));
#10199 = CARTESIAN_POINT('',(27.68113831769,-5.281417994309,-2.));
#10200 = CARTESIAN_POINT('',(27.588406900307,-5.253994315332,-2.));
#10201 = CARTESIAN_POINT('',(27.502117413467,-5.230120938918,-2.));
#10202 = CARTESIAN_POINT('',(27.422364140718,-5.209561045497,-2.));
#10203 = CARTESIAN_POINT('',(27.349234945752,-5.192077038332,-2.));
#10204 = CARTESIAN_POINT('',(27.28281151887,-5.177424735022,-2.));
#10205 = CARTESIAN_POINT('',(27.240706699365,-5.168916597223,-2.));
#10206 = CARTESIAN_POINT('',(27.220790001308,-5.165080132509,-2.));
#10207 = VECTOR('',#10208,1.);
#10208 = DIRECTION('',(0.,-0.,-1.));
#10209 = ADVANCED_FACE('',(#10210),#10221,.F.);
#10210 = FACE_BOUND('',#10211,.F.);
#10211 = EDGE_LOOP('',(#10212,#10213,#10214,#10220));
#10212 = ORIENTED_EDGE('',*,*,#10159,.T.);
#10213 = ORIENTED_EDGE('',*,*,#1201,.T.);
#10214 = ORIENTED_EDGE('',*,*,#10215,.F.);
#10215 = EDGE_CURVE('',#4727,#1202,#10216,.T.);
#10216 = LINE('',#10217,#10218);
#10217 = CARTESIAN_POINT('',(-21.41641191009,-6.063008874591,-2.));
#10218 = VECTOR('',#10219,1.);
#10219 = DIRECTION('',(0.,0.,1.));
#10220 = ORIENTED_EDGE('',*,*,#4726,.F.);
#10221 = SURFACE_OF_LINEAR_EXTRUSION('',#10222,#10245);
#10222 = B_SPLINE_CURVE_WITH_KNOTS('',3,(#10223,#10224,#10225,#10226,
    #10227,#10228,#10229,#10230,#10231,#10232,#10233,#10234,#10235,
    #10236,#10237,#10238,#10239,#10240,#10241,#10242,#10243,#10244),
  .UNSPECIFIED.,.F.,.F.,(4,1,1,1,1,1,1,1,1,1,1,1,1,1,1,1,1,1,1,4),(0.,
    6.084644507817E-02,0.128862891872,0.204049340401,0.286405790677,
    0.375932242711,0.472628696512,0.576495152085,0.687531609436,
    0.805738068568,0.931114529486,1.063660992193,1.20337745669,
    1.350263922979,1.504320391064,1.665546860944,1.833943332622,
    2.009509806099,2.192246281376,2.382152758453),.UNSPECIFIED.);
#10223 = CARTESIAN_POINT('',(-19.2207900013,-5.165080132509,-2.));
#10224 = CARTESIAN_POINT('',(-19.24070669936,-5.168916597223,-2.));
#10225 = CARTESIAN_POINT('',(-19.28281151886,-5.177424735022,-2.));
#10226 = CARTESIAN_POINT('',(-19.34923494575,-5.192077038332,-2.));
#10227 = CARTESIAN_POINT('',(-19.42236414071,-5.209561045497,-2.));
#10228 = CARTESIAN_POINT('',(-19.50211741346,-5.230120938918,-2.));
#10229 = CARTESIAN_POINT('',(-19.5884069003,-5.253994315332,-2.));
#10230 = CARTESIAN_POINT('',(-19.68113831769,-5.281417994309,-2.));
#10231 = CARTESIAN_POINT('',(-19.78021110287,-5.312626034909,-2.));
#10232 = CARTESIAN_POINT('',(-19.8855184401,-5.347850144451,-2.));
#10233 = CARTESIAN_POINT('',(-19.99694732585,-5.387319363185,-2.));
#10234 = CARTESIAN_POINT('',(-20.11437862647,-5.431259968215,-2.));
#10235 = CARTESIAN_POINT('',(-20.23768714236,-5.47989531392,-2.));
#10236 = CARTESIAN_POINT('',(-20.36674167434,-5.533445692457,-2.));
#10237 = CARTESIAN_POINT('',(-20.50140509342,-5.592128192325,-2.));
#10238 = CARTESIAN_POINT('',(-20.641534414,-5.65615655104,-2.));
#10239 = CARTESIAN_POINT('',(-20.78698086845,-5.725741045308,-2.));
#10240 = CARTESIAN_POINT('',(-20.93758999195,-5.801088237552,-2.));
#10241 = CARTESIAN_POINT('',(-21.09320168163,-5.882401303616,-2.));
#10242 = CARTESIAN_POINT('',(-21.25365037293,-5.969878059729,-2.));
#10243 = CARTESIAN_POINT('',(-21.36164864631,-6.031257107184,-2.));
#10244 = CARTESIAN_POINT('',(-21.41641191009,-6.063008874591,-2.));
#10245 = VECTOR('',#10246,1.);
#10246 = DIRECTION('',(0.,-0.,-1.));
#10247 = ADVANCED_FACE('',(#10248),#10259,.F.);
#10248 = FACE_BOUND('',#10249,.F.);
#10249 = EDGE_LOOP('',(#10250,#10256,#10257,#10258));
#10250 = ORIENTED_EDGE('',*,*,#10251,.T.);
#10251 = EDGE_CURVE('',#6291,#2766,#10252,.T.);
#10252 = LINE('',#10253,#10254);
#10253 = CARTESIAN_POINT('',(29.342073795671,-6.833601195434,-2.));
#10254 = VECTOR('',#10255,1.);
#10255 = DIRECTION('',(0.,0.,1.));
#10256 = ORIENTED_EDGE('',*,*,#2792,.T.);
#10257 = ORIENTED_EDGE('',*,*,#10175,.F.);
#10258 = ORIENTED_EDGE('',*,*,#6317,.F.);
#10259 = SURFACE_OF_LINEAR_EXTRUSION('',#10260,#10263);
#10260 = B_SPLINE_CURVE_WITH_KNOTS('',1,(#10261,#10262),.UNSPECIFIED.,
  .F.,.F.,(2,2),(0.,0.774169671453),.PIECEWISE_BEZIER_KNOTS.);
#10261 = CARTESIAN_POINT('',(29.342073795671,-6.833601195434,-2.));
#10262 = CARTESIAN_POINT('',(29.41641191009,-6.063008874591,-2.));
#10263 = VECTOR('',#10264,1.);
#10264 = DIRECTION('',(0.,-0.,-1.));
#10265 = ADVANCED_FACE('',(#10266),#10277,.F.);
#10266 = FACE_BOUND('',#10267,.F.);
#10267 = EDGE_LOOP('',(#10268,#10269,#10270,#10276));
#10268 = ORIENTED_EDGE('',*,*,#10215,.T.);
#10269 = ORIENTED_EDGE('',*,*,#1228,.T.);
#10270 = ORIENTED_EDGE('',*,*,#10271,.F.);
#10271 = EDGE_CURVE('',#4754,#1229,#10272,.T.);
#10272 = LINE('',#10273,#10274);
#10273 = CARTESIAN_POINT('',(-21.34207379567,-6.833601195434,-2.));
#10274 = VECTOR('',#10275,1.);
#10275 = DIRECTION('',(0.,0.,1.));
#10276 = ORIENTED_EDGE('',*,*,#4753,.F.);
#10277 = SURFACE_OF_LINEAR_EXTRUSION('',#10278,#10281);
#10278 = B_SPLINE_CURVE_WITH_KNOTS('',1,(#10279,#10280),.UNSPECIFIED.,
  .F.,.F.,(2,2),(0.,0.774169671453),.PIECEWISE_BEZIER_KNOTS.);
#10279 = CARTESIAN_POINT('',(-21.41641191009,-6.063008874591,-2.));
#10280 = CARTESIAN_POINT('',(-21.34207379567,-6.833601195434,-2.));
#10281 = VECTOR('',#10282,1.);
#10282 = DIRECTION('',(0.,-0.,-1.));
#10283 = ADVANCED_FACE('',(#10284),#10295,.F.);
#10284 = FACE_BOUND('',#10285,.F.);
#10285 = EDGE_LOOP('',(#10286,#10292,#10293,#10294));
#10286 = ORIENTED_EDGE('',*,*,#10287,.T.);
#10287 = EDGE_CURVE('',#6284,#2759,#10288,.T.);
#10288 = LINE('',#10289,#10290);
#10289 = CARTESIAN_POINT('',(27.015294178808,-7.29525930132,-2.));
#10290 = VECTOR('',#10291,1.);
#10291 = DIRECTION('',(0.,0.,1.));
#10292 = ORIENTED_EDGE('',*,*,#2765,.T.);
#10293 = ORIENTED_EDGE('',*,*,#10251,.F.);
#10294 = ORIENTED_EDGE('',*,*,#6290,.F.);
#10295 = SURFACE_OF_LINEAR_EXTRUSION('',#10296,#10319);
#10296 = B_SPLINE_CURVE_WITH_KNOTS('',3,(#10297,#10298,#10299,#10300,
    #10301,#10302,#10303,#10304,#10305,#10306,#10307,#10308,#10309,
    #10310,#10311,#10312,#10313,#10314,#10315,#10316,#10317,#10318),
  .UNSPECIFIED.,.F.,.F.,(4,1,1,1,1,1,1,1,1,1,1,1,1,1,1,1,1,1,1,4),(0.,
    6.084644507817E-02,0.128862891872,0.204049340401,0.286405790677,
    0.375932242711,0.472628696512,0.576495152085,0.687531609436,
    0.805738068568,0.931114529486,1.063660992193,1.20337745669,
    1.350263922979,1.504320391064,1.665546860944,1.833943332622,
    2.009509806099,2.192246281376,2.382152758453),.UNSPECIFIED.);
#10297 = CARTESIAN_POINT('',(27.015294178808,-7.29525930132,-2.));
#10298 = CARTESIAN_POINT('',(27.035576969497,-7.295300832938,-2.));
#10299 = CARTESIAN_POINT('',(27.078531744589,-7.294998291931,-2.));
#10300 = CARTESIAN_POINT('',(27.146531181692,-7.293313600643,-2.));
#10301 = CARTESIAN_POINT('',(27.221654031489,-7.290131289937,-2.));
#10302 = CARTESIAN_POINT('',(27.303866787688,-7.285196064536,-2.));
#10303 = CARTESIAN_POINT('',(27.393128625545,-7.278257913284,-2.));
#10304 = CARTESIAN_POINT('',(27.489392270286,-7.26906636065,-2.));
#10305 = CARTESIAN_POINT('',(27.592603756035,-7.257372440384,-2.));
#10306 = CARTESIAN_POINT('',(27.702702529676,-7.242928299295,-2.));
#10307 = CARTESIAN_POINT('',(27.819621454564,-7.225487519224,-2.));
#10308 = CARTESIAN_POINT('',(27.943286848806,-7.204805222386,-2.));
#10309 = CARTESIAN_POINT('',(28.073618517701,-7.18063824026,-2.));
#10310 = CARTESIAN_POINT('',(28.210529792248,-7.152745263209,-2.));
#10311 = CARTESIAN_POINT('',(28.353927570558,-7.120886992635,-2.));
#10312 = CARTESIAN_POINT('',(28.503712361584,-7.084826299594,-2.));
#10313 = CARTESIAN_POINT('',(28.659778337304,-7.044328346843,-2.));
#10314 = CARTESIAN_POINT('',(28.822013367557,-6.999160853862,-2.));
#10315 = CARTESIAN_POINT('',(28.990299140693,-6.949093786491,-2.));
#10316 = CARTESIAN_POINT('',(29.164510959613,-6.893901327312,-2.));
#10317 = CARTESIAN_POINT('',(29.28225078833,-6.854298963076,-2.));
#10318 = CARTESIAN_POINT('',(29.342073795671,-6.833601195434,-2.));
#10319 = VECTOR('',#10320,1.);
#10320 = DIRECTION('',(0.,-0.,-1.));
#10321 = ADVANCED_FACE('',(#10322),#10333,.F.);
#10322 = FACE_BOUND('',#10323,.F.);
#10323 = EDGE_LOOP('',(#10324,#10325,#10326,#10332));
#10324 = ORIENTED_EDGE('',*,*,#10271,.T.);
#10325 = ORIENTED_EDGE('',*,*,#1235,.T.);
#10326 = ORIENTED_EDGE('',*,*,#10327,.F.);
#10327 = EDGE_CURVE('',#4761,#1236,#10328,.T.);
#10328 = LINE('',#10329,#10330);
#10329 = CARTESIAN_POINT('',(-19.0152941788,-7.29525930132,-2.));
#10330 = VECTOR('',#10331,1.);
#10331 = DIRECTION('',(0.,0.,1.));
#10332 = ORIENTED_EDGE('',*,*,#4760,.F.);
#10333 = SURFACE_OF_LINEAR_EXTRUSION('',#10334,#10357);
#10334 = B_SPLINE_CURVE_WITH_KNOTS('',3,(#10335,#10336,#10337,#10338,
    #10339,#10340,#10341,#10342,#10343,#10344,#10345,#10346,#10347,
    #10348,#10349,#10350,#10351,#10352,#10353,#10354,#10355,#10356),
  .UNSPECIFIED.,.F.,.F.,(4,1,1,1,1,1,1,1,1,1,1,1,1,1,1,1,1,1,1,4),(0.,
    0.189906477077,0.372642952354,0.548209425831,0.716605897509,
    0.87783236739,1.031888835474,1.178775301764,1.318491766261,
    1.451038228967,1.576414689885,1.694621149018,1.805657606368,
    1.909524061941,2.006220515742,2.095746967776,2.178103418053,
    2.253289866581,2.321306313375,2.382152758453),.UNSPECIFIED.);
#10335 = CARTESIAN_POINT('',(-21.34207379567,-6.833601195434,-2.));
#10336 = CARTESIAN_POINT('',(-21.28225078833,-6.854298963076,-2.));
#10337 = CARTESIAN_POINT('',(-21.16451095961,-6.893901327312,-2.));
#10338 = CARTESIAN_POINT('',(-20.99029914069,-6.949093786491,-2.));
#10339 = CARTESIAN_POINT('',(-20.82201336755,-6.999160853862,-2.));
#10340 = CARTESIAN_POINT('',(-20.6597783373,-7.044328346843,-2.));
#10341 = CARTESIAN_POINT('',(-20.50371236158,-7.084826299594,-2.));
#10342 = CARTESIAN_POINT('',(-20.35392757055,-7.120886992635,-2.));
#10343 = CARTESIAN_POINT('',(-20.21052979224,-7.152745263209,-2.));
#10344 = CARTESIAN_POINT('',(-20.0736185177,-7.18063824026,-2.));
#10345 = CARTESIAN_POINT('',(-19.9432868488,-7.204805222386,-2.));
#10346 = CARTESIAN_POINT('',(-19.81962145456,-7.225487519224,-2.));
#10347 = CARTESIAN_POINT('',(-19.70270252967,-7.242928299295,-2.));
#10348 = CARTESIAN_POINT('',(-19.59260375603,-7.257372440384,-2.));
#10349 = CARTESIAN_POINT('',(-19.48939227028,-7.26906636065,-2.));
#10350 = CARTESIAN_POINT('',(-19.39312862554,-7.278257913284,-2.));
#10351 = CARTESIAN_POINT('',(-19.30386678768,-7.285196064536,-2.));
#10352 = CARTESIAN_POINT('',(-19.22165403148,-7.290131289937,-2.));
#10353 = CARTESIAN_POINT('',(-19.14653118169,-7.293313600643,-2.));
#10354 = CARTESIAN_POINT('',(-19.07853174458,-7.294998291931,-2.));
#10355 = CARTESIAN_POINT('',(-19.03557696949,-7.295300832938,-2.));
#10356 = CARTESIAN_POINT('',(-19.0152941788,-7.29525930132,-2.));
#10357 = VECTOR('',#10358,1.);
#10358 = DIRECTION('',(0.,-0.,-1.));
#10359 = ADVANCED_FACE('',(#10360),#10371,.F.);
#10360 = FACE_BOUND('',#10361,.F.);
#10361 = EDGE_LOOP('',(#10362,#10368,#10369,#10370));
#10362 = ORIENTED_EDGE('',*,*,#10363,.T.);
#10363 = EDGE_CURVE('',#6257,#2732,#10364,.T.);
#10364 = LINE('',#10365,#10366);
#10365 = CARTESIAN_POINT('',(26.881160495904,-8.124923558165,-2.));
#10366 = VECTOR('',#10367,1.);
#10367 = DIRECTION('',(0.,0.,1.));
#10368 = ORIENTED_EDGE('',*,*,#2758,.T.);
#10369 = ORIENTED_EDGE('',*,*,#10287,.F.);
#10370 = ORIENTED_EDGE('',*,*,#6283,.F.);
#10371 = SURFACE_OF_LINEAR_EXTRUSION('',#10372,#10375);
#10372 = B_SPLINE_CURVE_WITH_KNOTS('',1,(#10373,#10374),.UNSPECIFIED.,
  .F.,.F.,(2,2),(0.,0.840437162419),.PIECEWISE_BEZIER_KNOTS.);
#10373 = CARTESIAN_POINT('',(26.881160495904,-8.124923558165,-2.));
#10374 = CARTESIAN_POINT('',(27.015294178808,-7.29525930132,-2.));
#10375 = VECTOR('',#10376,1.);
#10376 = DIRECTION('',(0.,-0.,-1.));
#10377 = ADVANCED_FACE('',(#10378),#10389,.F.);
#10378 = FACE_BOUND('',#10379,.F.);
#10379 = EDGE_LOOP('',(#10380,#10381,#10382,#10388));
#10380 = ORIENTED_EDGE('',*,*,#10327,.T.);
#10381 = ORIENTED_EDGE('',*,*,#1262,.T.);
#10382 = ORIENTED_EDGE('',*,*,#10383,.F.);
#10383 = EDGE_CURVE('',#4788,#1263,#10384,.T.);
#10384 = LINE('',#10385,#10386);
#10385 = CARTESIAN_POINT('',(-18.8811604959,-8.124923558165,-2.));
#10386 = VECTOR('',#10387,1.);
#10387 = DIRECTION('',(0.,0.,1.));
#10388 = ORIENTED_EDGE('',*,*,#4787,.F.);
#10389 = SURFACE_OF_LINEAR_EXTRUSION('',#10390,#10393);
#10390 = B_SPLINE_CURVE_WITH_KNOTS('',1,(#10391,#10392),.UNSPECIFIED.,
  .F.,.F.,(2,2),(0.,0.840437162419),.PIECEWISE_BEZIER_KNOTS.);
#10391 = CARTESIAN_POINT('',(-19.0152941788,-7.29525930132,-2.));
#10392 = CARTESIAN_POINT('',(-18.8811604959,-8.124923558165,-2.));
#10393 = VECTOR('',#10394,1.);
#10394 = DIRECTION('',(0.,-0.,-1.));
#10395 = ADVANCED_FACE('',(#10396),#10407,.F.);
#10396 = FACE_BOUND('',#10397,.F.);
#10397 = EDGE_LOOP('',(#10398,#10404,#10405,#10406));
#10398 = ORIENTED_EDGE('',*,*,#10399,.T.);
#10399 = EDGE_CURVE('',#6250,#2725,#10400,.T.);
#10400 = LINE('',#10401,#10402);
#10401 = CARTESIAN_POINT('',(28.943931800233,-9.296250215514,-2.));
#10402 = VECTOR('',#10403,1.);
#10403 = DIRECTION('',(0.,0.,1.));
#10404 = ORIENTED_EDGE('',*,*,#2731,.T.);
#10405 = ORIENTED_EDGE('',*,*,#10363,.F.);
#10406 = ORIENTED_EDGE('',*,*,#6256,.F.);
#10407 = SURFACE_OF_LINEAR_EXTRUSION('',#10408,#10431);
#10408 = B_SPLINE_CURVE_WITH_KNOTS('',3,(#10409,#10410,#10411,#10412,
    #10413,#10414,#10415,#10416,#10417,#10418,#10419,#10420,#10421,
    #10422,#10423,#10424,#10425,#10426,#10427,#10428,#10429,#10430),
  .UNSPECIFIED.,.F.,.F.,(4,1,1,1,1,1,1,1,1,1,1,1,1,1,1,1,1,1,1,4),(0.,
    0.189906477077,0.372642952354,0.548209425831,0.716605897509,
    0.87783236739,1.031888835474,1.178775301764,1.318491766261,
    1.451038228967,1.576414689885,1.694621149018,1.805657606368,
    1.909524061941,2.006220515742,2.095746967776,2.178103418053,
    2.253289866581,2.321306313375,2.382152758453),.UNSPECIFIED.);
#10409 = CARTESIAN_POINT('',(28.943931800233,-9.296250215514,-2.));
#10410 = CARTESIAN_POINT('',(28.893678467991,-9.257756158943,-2.));
#10411 = CARTESIAN_POINT('',(28.794415837319,-9.183070519953,-2.));
#10412 = CARTESIAN_POINT('',(28.646470706836,-9.075794223558,-2.));
#10413 = CARTESIAN_POINT('',(28.502534671082,-8.975249555442,-2.));
#10414 = CARTESIAN_POINT('',(28.36279723148,-8.881261495367,-2.));
#10415 = CARTESIAN_POINT('',(28.227443158035,-8.793649009063,-2.));
#10416 = CARTESIAN_POINT('',(28.096652062022,-8.712226982504,-2.));
#10417 = CARTESIAN_POINT('',(27.970598379278,-8.636805889334,-2.));
#10418 = CARTESIAN_POINT('',(27.849451253633,-8.567192031412,-2.));
#10419 = CARTESIAN_POINT('',(27.733374448923,-8.5031876382,-2.));
#10420 = CARTESIAN_POINT('',(27.622526257512,-8.444591003514,-2.));
#10421 = CARTESIAN_POINT('',(27.517059413042,-8.391196616881,-2.));
#10422 = CARTESIAN_POINT('',(27.417121006739,-8.342795293401,-2.));
#10423 = CARTESIAN_POINT('',(27.322852403408,-8.299174323814,-2.));
#10424 = CARTESIAN_POINT('',(27.23438917191,-8.260117562408,-2.));
#10425 = CARTESIAN_POINT('',(27.15186098018,-8.225405731424,-2.));
#10426 = CARTESIAN_POINT('',(27.075391621514,-8.194816012289,-2.));
#10427 = CARTESIAN_POINT('',(27.005098621438,-8.168123994693,-2.));
#10428 = CARTESIAN_POINT('',(26.941094224932,-8.145097947291,-2.));
#10429 = CARTESIAN_POINT('',(26.900423081926,-8.131275416375,-2.));
#10430 = CARTESIAN_POINT('',(26.881160495904,-8.124923558165,-2.));
#10431 = VECTOR('',#10432,1.);
#10432 = DIRECTION('',(0.,-0.,-1.));
#10433 = ADVANCED_FACE('',(#10434),#10445,.F.);
#10434 = FACE_BOUND('',#10435,.F.);
#10435 = EDGE_LOOP('',(#10436,#10437,#10438,#10444));
#10436 = ORIENTED_EDGE('',*,*,#10383,.T.);
#10437 = ORIENTED_EDGE('',*,*,#1269,.T.);
#10438 = ORIENTED_EDGE('',*,*,#10439,.F.);
#10439 = EDGE_CURVE('',#4795,#1270,#10440,.T.);
#10440 = LINE('',#10441,#10442);
#10441 = CARTESIAN_POINT('',(-20.94393180023,-9.296250215514,-2.));
#10442 = VECTOR('',#10443,1.);
#10443 = DIRECTION('',(0.,0.,1.));
#10444 = ORIENTED_EDGE('',*,*,#4794,.F.);
#10445 = SURFACE_OF_LINEAR_EXTRUSION('',#10446,#10469);
#10446 = B_SPLINE_CURVE_WITH_KNOTS('',3,(#10447,#10448,#10449,#10450,
    #10451,#10452,#10453,#10454,#10455,#10456,#10457,#10458,#10459,
    #10460,#10461,#10462,#10463,#10464,#10465,#10466,#10467,#10468),
  .UNSPECIFIED.,.F.,.F.,(4,1,1,1,1,1,1,1,1,1,1,1,1,1,1,1,1,1,1,4),(0.,
    6.084644507817E-02,0.128862891872,0.204049340401,0.286405790677,
    0.375932242711,0.472628696512,0.576495152085,0.687531609436,
    0.805738068568,0.931114529486,1.063660992193,1.20337745669,
    1.350263922979,1.504320391064,1.665546860944,1.833943332622,
    2.009509806099,2.192246281376,2.382152758453),.UNSPECIFIED.);
#10447 = CARTESIAN_POINT('',(-18.8811604959,-8.124923558165,-2.));
#10448 = CARTESIAN_POINT('',(-18.90042308192,-8.131275416375,-2.));
#10449 = CARTESIAN_POINT('',(-18.94109422493,-8.145097947291,-2.));
#10450 = CARTESIAN_POINT('',(-19.00509862143,-8.168123994693,-2.));
#10451 = CARTESIAN_POINT('',(-19.07539162151,-8.194816012289,-2.));
#10452 = CARTESIAN_POINT('',(-19.15186098018,-8.225405731424,-2.));
#10453 = CARTESIAN_POINT('',(-19.23438917191,-8.260117562408,-2.));
#10454 = CARTESIAN_POINT('',(-19.3228524034,-8.299174323813,-2.));
#10455 = CARTESIAN_POINT('',(-19.41712100673,-8.342795293401,-2.));
#10456 = CARTESIAN_POINT('',(-19.51705941304,-8.391196616881,-2.));
#10457 = CARTESIAN_POINT('',(-19.62252625751,-8.444591003514,-2.));
#10458 = CARTESIAN_POINT('',(-19.73337444892,-8.5031876382,-2.));
#10459 = CARTESIAN_POINT('',(-19.84945125363,-8.567192031412,-2.));
#10460 = CARTESIAN_POINT('',(-19.97059837927,-8.636805889334,-2.));
#10461 = CARTESIAN_POINT('',(-20.09665206202,-8.712226982504,-2.));
#10462 = CARTESIAN_POINT('',(-20.22744315803,-8.793649009063,-2.));
#10463 = CARTESIAN_POINT('',(-20.36279723148,-8.881261495367,-2.));
#10464 = CARTESIAN_POINT('',(-20.50253467108,-8.975249555442,-2.));
#10465 = CARTESIAN_POINT('',(-20.64647070683,-9.075794223558,-2.));
#10466 = CARTESIAN_POINT('',(-20.79441583731,-9.183070519953,-2.));
#10467 = CARTESIAN_POINT('',(-20.89367846799,-9.257756158943,-2.));
#10468 = CARTESIAN_POINT('',(-20.94393180023,-9.296250215514,-2.));
#10469 = VECTOR('',#10470,1.);
#10470 = DIRECTION('',(0.,-0.,-1.));
#10471 = ADVANCED_FACE('',(#10472),#10483,.F.);
#10472 = FACE_BOUND('',#10473,.F.);
#10473 = EDGE_LOOP('',(#10474,#10480,#10481,#10482));
#10474 = ORIENTED_EDGE('',*,*,#10475,.T.);
#10475 = EDGE_CURVE('',#6223,#2698,#10476,.T.);
#10476 = LINE('',#10477,#10478);
#10477 = CARTESIAN_POINT('',(28.7716628419,-10.05100983697,-2.));
#10478 = VECTOR('',#10479,1.);
#10479 = DIRECTION('',(0.,0.,1.));
#10480 = ORIENTED_EDGE('',*,*,#2724,.T.);
#10481 = ORIENTED_EDGE('',*,*,#10399,.F.);
#10482 = ORIENTED_EDGE('',*,*,#6249,.F.);
#10483 = SURFACE_OF_LINEAR_EXTRUSION('',#10484,#10487);
#10484 = B_SPLINE_CURVE_WITH_KNOTS('',1,(#10485,#10486),.UNSPECIFIED.,
  .F.,.F.,(2,2),(0.,0.774169671453),.PIECEWISE_BEZIER_KNOTS.);
#10485 = CARTESIAN_POINT('',(28.7716628419,-10.05100983697,-2.));
#10486 = CARTESIAN_POINT('',(28.943931800233,-9.296250215514,-2.));
#10487 = VECTOR('',#10488,1.);
#10488 = DIRECTION('',(0.,-0.,-1.));
#10489 = ADVANCED_FACE('',(#10490),#10501,.F.);
#10490 = FACE_BOUND('',#10491,.F.);
#10491 = EDGE_LOOP('',(#10492,#10493,#10494,#10500));
#10492 = ORIENTED_EDGE('',*,*,#10439,.T.);
#10493 = ORIENTED_EDGE('',*,*,#1296,.T.);
#10494 = ORIENTED_EDGE('',*,*,#10495,.F.);
#10495 = EDGE_CURVE('',#4822,#1297,#10496,.T.);
#10496 = LINE('',#10497,#10498);
#10497 = CARTESIAN_POINT('',(-20.7716628419,-10.05100983697,-2.));
#10498 = VECTOR('',#10499,1.);
#10499 = DIRECTION('',(0.,0.,1.));
#10500 = ORIENTED_EDGE('',*,*,#4821,.F.);
#10501 = SURFACE_OF_LINEAR_EXTRUSION('',#10502,#10505);
#10502 = B_SPLINE_CURVE_WITH_KNOTS('',1,(#10503,#10504),.UNSPECIFIED.,
  .F.,.F.,(2,2),(0.,0.774169671453),.PIECEWISE_BEZIER_KNOTS.);
#10503 = CARTESIAN_POINT('',(-20.94393180023,-9.296250215514,-2.));
#10504 = CARTESIAN_POINT('',(-20.7716628419,-10.05100983697,-2.));
#10505 = VECTOR('',#10506,1.);
#10506 = DIRECTION('',(0.,-0.,-1.));
#10507 = ADVANCED_FACE('',(#10508),#10519,.F.);
#10508 = FACE_BOUND('',#10509,.F.);
#10509 = EDGE_LOOP('',(#10510,#10516,#10517,#10518));
#10510 = ORIENTED_EDGE('',*,*,#10511,.T.);
#10511 = EDGE_CURVE('',#6216,#2691,#10512,.T.);
#10512 = LINE('',#10513,#10514);
#10513 = CARTESIAN_POINT('',(26.404950525279,-10.21133576292,-2.));
#10514 = VECTOR('',#10515,1.);
#10515 = DIRECTION('',(0.,0.,1.));
#10516 = ORIENTED_EDGE('',*,*,#2697,.T.);
#10517 = ORIENTED_EDGE('',*,*,#10475,.F.);
#10518 = ORIENTED_EDGE('',*,*,#6222,.F.);
#10519 = SURFACE_OF_LINEAR_EXTRUSION('',#10520,#10543);
#10520 = B_SPLINE_CURVE_WITH_KNOTS('',3,(#10521,#10522,#10523,#10524,
    #10525,#10526,#10527,#10528,#10529,#10530,#10531,#10532,#10533,
    #10534,#10535,#10536,#10537,#10538,#10539,#10540,#10541,#10542),
  .UNSPECIFIED.,.F.,.F.,(4,1,1,1,1,1,1,1,1,1,1,1,1,1,1,1,1,1,1,4),(0.,
    6.084644507817E-02,0.128862891872,0.204049340401,0.286405790677,
    0.375932242711,0.472628696512,0.576495152085,0.687531609436,
    0.805738068568,0.931114529486,1.063660992193,1.20337745669,
    1.350263922979,1.504320391064,1.665546860944,1.833943332622,
    2.009509806099,2.192246281376,2.382152758453),.UNSPECIFIED.);
#10521 = CARTESIAN_POINT('',(26.404950525279,-10.21133576292,-2.));
#10522 = CARTESIAN_POINT('',(26.425061483591,-10.21397065927,-2.));
#10523 = CARTESIAN_POINT('',(26.467702288659,-10.21916353684,-2.));
#10524 = CARTESIAN_POINT('',(26.535358884864,-10.22618825186,-2.));
#10525 = CARTESIAN_POINT('',(26.610271921963,-10.23263856469,-2.));
#10526 = CARTESIAN_POINT('',(26.692440815186,-10.23825699134,-2.));
#10527 = CARTESIAN_POINT('',(26.781857045678,-10.24279035268,-2.));
#10528 = CARTESIAN_POINT('',(26.878505756888,-10.24598418423,-2.));
#10529 = CARTESIAN_POINT('',(26.982365263099,-10.24758466274,-2.));
#10530 = CARTESIAN_POINT('',(27.093407203095,-10.24733822653,-2.));
#10531 = CARTESIAN_POINT('',(27.211596502679,-10.24499189528,-2.));
#10532 = CARTESIAN_POINT('',(27.336891399161,-10.24029337943,-2.));
#10533 = CARTESIAN_POINT('',(27.469243451937,-10.23299125179,-2.));
#10534 = CARTESIAN_POINT('',(27.608597561548,-10.22283510089,-2.));
#10535 = CARTESIAN_POINT('',(27.754891991298,-10.20957568715,-2.));
#10536 = CARTESIAN_POINT('',(27.908058390334,-10.19296510584,-2.));
#10537 = CARTESIAN_POINT('',(28.068021829803,-10.17275691474,-2.));
#10538 = CARTESIAN_POINT('',(28.234700803503,-10.14870640144,-2.));
#10539 = CARTESIAN_POINT('',(28.408007387237,-10.12057029102,-2.));
#10540 = CARTESIAN_POINT('',(28.587846784558,-10.08810867411,-2.));
#10541 = CARTESIAN_POINT('',(28.709684208843,-10.06388767985,-2.));
#10542 = CARTESIAN_POINT('',(28.7716628419,-10.05100983697,-2.));
#10543 = VECTOR('',#10544,1.);
#10544 = DIRECTION('',(0.,-0.,-1.));
#10545 = ADVANCED_FACE('',(#10546),#10557,.F.);
#10546 = FACE_BOUND('',#10547,.F.);
#10547 = EDGE_LOOP('',(#10548,#10549,#10550,#10556));
#10548 = ORIENTED_EDGE('',*,*,#10495,.T.);
#10549 = ORIENTED_EDGE('',*,*,#1303,.T.);
#10550 = ORIENTED_EDGE('',*,*,#10551,.F.);
#10551 = EDGE_CURVE('',#4829,#1304,#10552,.T.);
#10552 = LINE('',#10553,#10554);
#10553 = CARTESIAN_POINT('',(-18.40495052527,-10.21133576292,-2.));
#10554 = VECTOR('',#10555,1.);
#10555 = DIRECTION('',(0.,0.,1.));
#10556 = ORIENTED_EDGE('',*,*,#4828,.F.);
#10557 = SURFACE_OF_LINEAR_EXTRUSION('',#10558,#10581);
#10558 = B_SPLINE_CURVE_WITH_KNOTS('',3,(#10559,#10560,#10561,#10562,
    #10563,#10564,#10565,#10566,#10567,#10568,#10569,#10570,#10571,
    #10572,#10573,#10574,#10575,#10576,#10577,#10578,#10579,#10580),
  .UNSPECIFIED.,.F.,.F.,(4,1,1,1,1,1,1,1,1,1,1,1,1,1,1,1,1,1,1,4),(0.,
    0.189906477077,0.372642952354,0.548209425831,0.716605897509,
    0.87783236739,1.031888835474,1.178775301764,1.318491766261,
    1.451038228967,1.576414689885,1.694621149018,1.805657606368,
    1.909524061941,2.006220515742,2.095746967776,2.178103418053,
    2.253289866581,2.321306313375,2.382152758453),.UNSPECIFIED.);
#10559 = CARTESIAN_POINT('',(-20.7716628419,-10.05100983697,-2.));
#10560 = CARTESIAN_POINT('',(-20.70968420884,-10.06388767985,-2.));
#10561 = CARTESIAN_POINT('',(-20.58784678455,-10.08810867411,-2.));
#10562 = CARTESIAN_POINT('',(-20.40800738723,-10.12057029102,-2.));
#10563 = CARTESIAN_POINT('',(-20.2347008035,-10.14870640144,-2.));
#10564 = CARTESIAN_POINT('',(-20.0680218298,-10.17275691474,-2.));
#10565 = CARTESIAN_POINT('',(-19.90805839033,-10.19296510584,-2.));
#10566 = CARTESIAN_POINT('',(-19.75489199129,-10.20957568715,-2.));
#10567 = CARTESIAN_POINT('',(-19.60859756154,-10.22283510089,-2.));
#10568 = CARTESIAN_POINT('',(-19.46924345193,-10.23299125179,-2.));
#10569 = CARTESIAN_POINT('',(-19.33689139916,-10.24029337943,-2.));
#10570 = CARTESIAN_POINT('',(-19.21159650267,-10.24499189528,-2.));
#10571 = CARTESIAN_POINT('',(-19.09340720309,-10.24733822653,-2.));
#10572 = CARTESIAN_POINT('',(-18.98236526309,-10.24758466274,-2.));
#10573 = CARTESIAN_POINT('',(-18.87850575688,-10.24598418423,-2.));
#10574 = CARTESIAN_POINT('',(-18.78185704567,-10.24279035268,-2.));
#10575 = CARTESIAN_POINT('',(-18.69244081518,-10.23825699134,-2.));
#10576 = CARTESIAN_POINT('',(-18.61027192196,-10.23263856469,-2.));
#10577 = CARTESIAN_POINT('',(-18.53535888486,-10.22618825186,-2.));
#10578 = CARTESIAN_POINT('',(-18.46770228865,-10.21916353684,-2.));
#10579 = CARTESIAN_POINT('',(-18.42506148359,-10.21397065927,-2.));
#10580 = CARTESIAN_POINT('',(-18.40495052527,-10.21133576292,-2.));
#10581 = VECTOR('',#10582,1.);
#10582 = DIRECTION('',(0.,-0.,-1.));
#10583 = ADVANCED_FACE('',(#10584),#10595,.F.);
#10584 = FACE_BOUND('',#10585,.F.);
#10585 = EDGE_LOOP('',(#10586,#10592,#10593,#10594));
#10586 = ORIENTED_EDGE('',*,*,#10587,.T.);
#10587 = EDGE_CURVE('',#6189,#2664,#10588,.T.);
#10588 = LINE('',#10589,#10590);
#10589 = CARTESIAN_POINT('',(26.16582296774,-11.01703585303,-2.));
#10590 = VECTOR('',#10591,1.);
#10591 = DIRECTION('',(0.,0.,1.));
#10592 = ORIENTED_EDGE('',*,*,#2690,.T.);
#10593 = ORIENTED_EDGE('',*,*,#10511,.F.);
#10594 = ORIENTED_EDGE('',*,*,#6215,.F.);
#10595 = SURFACE_OF_LINEAR_EXTRUSION('',#10596,#10599);
#10596 = B_SPLINE_CURVE_WITH_KNOTS('',1,(#10597,#10598),.UNSPECIFIED.,
  .F.,.F.,(2,2),(0.,0.840437162419),.PIECEWISE_BEZIER_KNOTS.);
#10597 = CARTESIAN_POINT('',(26.16582296774,-11.01703585303,-2.));
#10598 = CARTESIAN_POINT('',(26.404950525279,-10.21133576292,-2.));
#10599 = VECTOR('',#10600,1.);
#10600 = DIRECTION('',(0.,-0.,-1.));
#10601 = ADVANCED_FACE('',(#10602),#10613,.F.);
#10602 = FACE_BOUND('',#10603,.F.);
#10603 = EDGE_LOOP('',(#10604,#10605,#10606,#10612));
#10604 = ORIENTED_EDGE('',*,*,#10551,.T.);
#10605 = ORIENTED_EDGE('',*,*,#1330,.T.);
#10606 = ORIENTED_EDGE('',*,*,#10607,.F.);
#10607 = EDGE_CURVE('',#4856,#1331,#10608,.T.);
#10608 = LINE('',#10609,#10610);
#10609 = CARTESIAN_POINT('',(-18.16582296774,-11.01703585303,-2.));
#10610 = VECTOR('',#10611,1.);
#10611 = DIRECTION('',(0.,0.,1.));
#10612 = ORIENTED_EDGE('',*,*,#4855,.F.);
#10613 = SURFACE_OF_LINEAR_EXTRUSION('',#10614,#10617);
#10614 = B_SPLINE_CURVE_WITH_KNOTS('',1,(#10615,#10616),.UNSPECIFIED.,
  .F.,.F.,(2,2),(0.,0.840437162419),.PIECEWISE_BEZIER_KNOTS.);
#10615 = CARTESIAN_POINT('',(-18.40495052527,-10.21133576292,-2.));
#10616 = CARTESIAN_POINT('',(-18.16582296774,-11.01703585303,-2.));
#10617 = VECTOR('',#10618,1.);
#10618 = DIRECTION('',(0.,-0.,-1.));
#10619 = ADVANCED_FACE('',(#10620),#10631,.F.);
#10620 = FACE_BOUND('',#10621,.F.);
#10621 = EDGE_LOOP('',(#10622,#10628,#10629,#10630));
#10622 = ORIENTED_EDGE('',*,*,#10623,.T.);
#10623 = EDGE_CURVE('',#6182,#2657,#10624,.T.);
#10624 = LINE('',#10625,#10626);
#10625 = CARTESIAN_POINT('',(28.061873019828,-12.44252727432,-2.));
#10626 = VECTOR('',#10627,1.);
#10627 = DIRECTION('',(0.,0.,1.));
#10628 = ORIENTED_EDGE('',*,*,#2663,.T.);
#10629 = ORIENTED_EDGE('',*,*,#10587,.F.);
#10630 = ORIENTED_EDGE('',*,*,#6188,.F.);
#10631 = SURFACE_OF_LINEAR_EXTRUSION('',#10632,#10655);
#10632 = B_SPLINE_CURVE_WITH_KNOTS('',3,(#10633,#10634,#10635,#10636,
    #10637,#10638,#10639,#10640,#10641,#10642,#10643,#10644,#10645,
    #10646,#10647,#10648,#10649,#10650,#10651,#10652,#10653,#10654),
  .UNSPECIFIED.,.F.,.F.,(4,1,1,1,1,1,1,1,1,1,1,1,1,1,1,1,1,1,1,4),(0.,
    0.189906477077,0.372642952354,0.548209425831,0.716605897509,
    0.87783236739,1.031888835474,1.178775301764,1.318491766261,
    1.451038228967,1.576414689885,1.694621149018,1.805657606368,
    1.909524061941,2.006220515742,2.095746967776,2.178103418053,
    2.253289866581,2.321306313375,2.382152758453),.UNSPECIFIED.);
#10633 = CARTESIAN_POINT('',(28.061873019828,-12.44252727432,-2.));
#10634 = CARTESIAN_POINT('',(28.016954777445,-12.39792299993,-2.));
#10635 = CARTESIAN_POINT('',(27.928057679132,-12.31115710553,-2.));
#10636 = CARTESIAN_POINT('',(27.795045364424,-12.18584274267,-2.));
#10637 = CARTESIAN_POINT('',(27.665148408315,-12.06771741318,-2.));
#10638 = CARTESIAN_POINT('',(27.538577137515,-11.95663176662,-2.));
#10639 = CARTESIAN_POINT('',(27.415537955219,-11.85242988288,-2.));
#10640 = CARTESIAN_POINT('',(27.296232669951,-11.7549511359,-2.));
#10641 = CARTESIAN_POINT('',(27.180858521526,-11.6640298617,-2.));
#10642 = CARTESIAN_POINT('',(27.069608034672,-11.57949558201,-2.));
#10643 = CARTESIAN_POINT('',(26.962668919064,-11.50117309166,-2.));
#10644 = CARTESIAN_POINT('',(26.8602239611,-11.42888258244,-2.));
#10645 = CARTESIAN_POINT('',(26.762450920578,-11.36243976226,-2.));
#10646 = CARTESIAN_POINT('',(26.669522431077,-11.30165597323,-2.));
#10647 = CARTESIAN_POINT('',(26.581605897457,-11.24633832977,-2.));
#10648 = CARTESIAN_POINT('',(26.498863415661,-11.19628979688,-2.));
#10649 = CARTESIAN_POINT('',(26.421451629667,-11.15130947863,-2.));
#10650 = CARTESIAN_POINT('',(26.349521809838,-11.11119221613,-2.));
#10651 = CARTESIAN_POINT('',(26.283219213771,-11.07573047029,-2.));
#10652 = CARTESIAN_POINT('',(26.222684798062,-11.04470876586,-2.));
#10653 = CARTESIAN_POINT('',(26.184115150599,-11.0257988074,-2.));
#10654 = CARTESIAN_POINT('',(26.16582296774,-11.01703585303,-2.));
#10655 = VECTOR('',#10656,1.);
#10656 = DIRECTION('',(0.,-0.,-1.));
#10657 = ADVANCED_FACE('',(#10658),#10669,.F.);
#10658 = FACE_BOUND('',#10659,.F.);
#10659 = EDGE_LOOP('',(#10660,#10661,#10662,#10668));
#10660 = ORIENTED_EDGE('',*,*,#10607,.T.);
#10661 = ORIENTED_EDGE('',*,*,#1337,.T.);
#10662 = ORIENTED_EDGE('',*,*,#10663,.F.);
#10663 = EDGE_CURVE('',#4863,#1338,#10664,.T.);
#10664 = LINE('',#10665,#10666);
#10665 = CARTESIAN_POINT('',(-20.06187301982,-12.44252727432,-2.));
#10666 = VECTOR('',#10667,1.);
#10667 = DIRECTION('',(0.,0.,1.));
#10668 = ORIENTED_EDGE('',*,*,#4862,.F.);
#10669 = SURFACE_OF_LINEAR_EXTRUSION('',#10670,#10693);
#10670 = B_SPLINE_CURVE_WITH_KNOTS('',3,(#10671,#10672,#10673,#10674,
    #10675,#10676,#10677,#10678,#10679,#10680,#10681,#10682,#10683,
    #10684,#10685,#10686,#10687,#10688,#10689,#10690,#10691,#10692),
  .UNSPECIFIED.,.F.,.F.,(4,1,1,1,1,1,1,1,1,1,1,1,1,1,1,1,1,1,1,4),(0.,
    6.084644507817E-02,0.128862891872,0.204049340401,0.286405790677,
    0.375932242711,0.472628696512,0.576495152085,0.687531609436,
    0.805738068568,0.931114529486,1.063660992193,1.20337745669,
    1.350263922979,1.504320391064,1.665546860944,1.833943332622,
    2.009509806099,2.192246281376,2.382152758453),.UNSPECIFIED.);
#10671 = CARTESIAN_POINT('',(-18.16582296774,-11.01703585303,-2.));
#10672 = CARTESIAN_POINT('',(-18.18411515059,-11.0257988074,-2.));
#10673 = CARTESIAN_POINT('',(-18.22268479806,-11.04470876586,-2.));
#10674 = CARTESIAN_POINT('',(-18.28321921377,-11.07573047029,-2.));
#10675 = CARTESIAN_POINT('',(-18.34952180983,-11.11119221613,-2.));
#10676 = CARTESIAN_POINT('',(-18.42145162966,-11.15130947863,-2.));
#10677 = CARTESIAN_POINT('',(-18.49886341566,-11.19628979688,-2.));
#10678 = CARTESIAN_POINT('',(-18.58160589745,-11.24633832977,-2.));
#10679 = CARTESIAN_POINT('',(-18.66952243107,-11.30165597323,-2.));
#10680 = CARTESIAN_POINT('',(-18.76245092057,-11.36243976226,-2.));
#10681 = CARTESIAN_POINT('',(-18.8602239611,-11.42888258244,-2.));
#10682 = CARTESIAN_POINT('',(-18.96266891906,-11.50117309166,-2.));
#10683 = CARTESIAN_POINT('',(-19.06960803467,-11.57949558201,-2.));
#10684 = CARTESIAN_POINT('',(-19.18085852152,-11.66402986169,-2.));
#10685 = CARTESIAN_POINT('',(-19.29623266995,-11.7549511359,-2.));
#10686 = CARTESIAN_POINT('',(-19.41553795521,-11.85242988288,-2.));
#10687 = CARTESIAN_POINT('',(-19.53857713751,-11.95663176662,-2.));
#10688 = CARTESIAN_POINT('',(-19.66514840831,-12.06771741318,-2.));
#10689 = CARTESIAN_POINT('',(-19.79504536442,-12.18584274267,-2.));
#10690 = CARTESIAN_POINT('',(-19.92805767913,-12.31115710553,-2.));
#10691 = CARTESIAN_POINT('',(-20.01695477744,-12.39792299993,-2.));
#10692 = CARTESIAN_POINT('',(-20.06187301982,-12.44252727432,-2.));
#10693 = VECTOR('',#10694,1.);
#10694 = DIRECTION('',(0.,-0.,-1.));
#10695 = ADVANCED_FACE('',(#10696),#10707,.F.);
#10696 = FACE_BOUND('',#10697,.F.);
#10697 = EDGE_LOOP('',(#10698,#10704,#10705,#10706));
#10698 = ORIENTED_EDGE('',*,*,#10699,.T.);
#10699 = EDGE_CURVE('',#6155,#2630,#10700,.T.);
#10700 = LINE('',#10701,#10702);
#10701 = CARTESIAN_POINT('',(27.794501869115,-13.16906106428,-2.));
#10702 = VECTOR('',#10703,1.);
#10703 = DIRECTION('',(0.,0.,1.));
#10704 = ORIENTED_EDGE('',*,*,#2656,.T.);
#10705 = ORIENTED_EDGE('',*,*,#10623,.F.);
#10706 = ORIENTED_EDGE('',*,*,#6181,.F.);
#10707 = SURFACE_OF_LINEAR_EXTRUSION('',#10708,#10711);
#10708 = B_SPLINE_CURVE_WITH_KNOTS('',1,(#10709,#10710),.UNSPECIFIED.,
  .F.,.F.,(2,2),(0.,0.774169671453),.PIECEWISE_BEZIER_KNOTS.);
#10709 = CARTESIAN_POINT('',(27.794501869115,-13.16906106428,-2.));
#10710 = CARTESIAN_POINT('',(28.061873019828,-12.44252727432,-2.));
#10711 = VECTOR('',#10712,1.);
#10712 = DIRECTION('',(0.,-0.,-1.));
#10713 = ADVANCED_FACE('',(#10714),#10725,.F.);
#10714 = FACE_BOUND('',#10715,.F.);
#10715 = EDGE_LOOP('',(#10716,#10717,#10718,#10724));
#10716 = ORIENTED_EDGE('',*,*,#10663,.T.);
#10717 = ORIENTED_EDGE('',*,*,#1364,.T.);
#10718 = ORIENTED_EDGE('',*,*,#10719,.F.);
#10719 = EDGE_CURVE('',#4890,#1365,#10720,.T.);
#10720 = LINE('',#10721,#10722);
#10721 = CARTESIAN_POINT('',(-19.79450186911,-13.16906106428,-2.));
#10722 = VECTOR('',#10723,1.);
#10723 = DIRECTION('',(0.,0.,1.));
#10724 = ORIENTED_EDGE('',*,*,#4889,.F.);
#10725 = SURFACE_OF_LINEAR_EXTRUSION('',#10726,#10729);
#10726 = B_SPLINE_CURVE_WITH_KNOTS('',1,(#10727,#10728),.UNSPECIFIED.,
  .F.,.F.,(2,2),(0.,0.774169671453),.PIECEWISE_BEZIER_KNOTS.);
#10727 = CARTESIAN_POINT('',(-20.06187301982,-12.44252727432,-2.));
#10728 = CARTESIAN_POINT('',(-19.79450186911,-13.16906106428,-2.));
#10729 = VECTOR('',#10730,1.);
#10730 = DIRECTION('',(0.,-0.,-1.));
#10731 = ADVANCED_FACE('',(#10732),#10743,.F.);
#10732 = FACE_BOUND('',#10733,.F.);
#10733 = EDGE_LOOP('',(#10734,#10740,#10741,#10742));
#10734 = ORIENTED_EDGE('',*,*,#10735,.T.);
#10735 = EDGE_CURVE('',#6148,#2623,#10736,.T.);
#10736 = LINE('',#10737,#10738);
#10737 = CARTESIAN_POINT('',(25.426718203542,-13.02542226302,-2.));
#10738 = VECTOR('',#10739,1.);
#10739 = DIRECTION('',(0.,0.,1.));
#10740 = ORIENTED_EDGE('',*,*,#2629,.T.);
#10741 = ORIENTED_EDGE('',*,*,#10699,.F.);
#10742 = ORIENTED_EDGE('',*,*,#6154,.F.);
#10743 = SURFACE_OF_LINEAR_EXTRUSION('',#10744,#10767);
#10744 = B_SPLINE_CURVE_WITH_KNOTS('',3,(#10745,#10746,#10747,#10748,
    #10749,#10750,#10751,#10752,#10753,#10754,#10755,#10756,#10757,
    #10758,#10759,#10760,#10761,#10762,#10763,#10764,#10765,#10766),
  .UNSPECIFIED.,.F.,.F.,(4,1,1,1,1,1,1,1,1,1,1,1,1,1,1,1,1,1,1,4),(0.,
    6.084644507817E-02,0.128862891872,0.204049340401,0.286405790677,
    0.375932242711,0.472628696512,0.576495152085,0.687531609436,
    0.805738068568,0.931114529486,1.063660992193,1.20337745669,
    1.350263922979,1.504320391064,1.665546860944,1.833943332622,
    2.009509806099,2.192246281376,2.382152758453),.UNSPECIFIED.);
#10745 = CARTESIAN_POINT('',(25.426718203542,-13.02542226302,-2.));
#10746 = CARTESIAN_POINT('',(25.446327108099,-13.03060725918,-2.));
#10747 = CARTESIAN_POINT('',(25.487953782302,-13.04121028842,-2.));
#10748 = CARTESIAN_POINT('',(25.554156618169,-13.05682906411,-2.));
#10749 = CARTESIAN_POINT('',(25.627629772572,-13.07280608652,-2.));
#10750 = CARTESIAN_POINT('',(25.708405591866,-13.08888591081,-2.));
#10751 = CARTESIAN_POINT('',(25.796508002959,-13.10481634709,-2.));
#10752 = CARTESIAN_POINT('',(25.891954811473,-13.12034312019,-2.));
#10753 = CARTESIAN_POINT('',(25.994756967924,-13.13521171766,-2.));
#10754 = CARTESIAN_POINT('',(26.104918768691,-13.1491670328,-2.));
#10755 = CARTESIAN_POINT('',(26.222437777939,-13.16195367708,-2.));
#10756 = CARTESIAN_POINT('',(26.347304837925,-13.17331609171,-2.));
#10757 = CARTESIAN_POINT('',(26.479504057534,-13.18299871929,-2.));
#10758 = CARTESIAN_POINT('',(26.619012811583,-13.19074615825,-2.));
#10759 = CARTESIAN_POINT('',(26.76580174228,-13.19630332057,-2.));
#10760 = CARTESIAN_POINT('',(26.919834761289,-13.19941559628,-2.));
#10761 = CARTESIAN_POINT('',(27.081069069253,-13.19982898475,-2.));
#10762 = CARTESIAN_POINT('',(27.24945512226,-13.19729035991,-2.));
#10763 = CARTESIAN_POINT('',(27.424936827278,-13.1915472006,-2.));
#10764 = CARTESIAN_POINT('',(27.607450845069,-13.18234944479,-2.));
#10765 = CARTESIAN_POINT('',(27.731385297783,-13.17390752857,-2.));
#10766 = CARTESIAN_POINT('',(27.794501869115,-13.16906106428,-2.));
#10767 = VECTOR('',#10768,1.);
#10768 = DIRECTION('',(0.,-0.,-1.));
#10769 = ADVANCED_FACE('',(#10770),#10781,.F.);
#10770 = FACE_BOUND('',#10771,.F.);
#10771 = EDGE_LOOP('',(#10772,#10773,#10774,#10780));
#10772 = ORIENTED_EDGE('',*,*,#10719,.T.);
#10773 = ORIENTED_EDGE('',*,*,#1371,.T.);
#10774 = ORIENTED_EDGE('',*,*,#10775,.F.);
#10775 = EDGE_CURVE('',#4897,#1372,#10776,.T.);
#10776 = LINE('',#10777,#10778);
#10777 = CARTESIAN_POINT('',(-17.42671820354,-13.02542226302,-2.));
#10778 = VECTOR('',#10779,1.);
#10779 = DIRECTION('',(0.,0.,1.));
#10780 = ORIENTED_EDGE('',*,*,#4896,.F.);
#10781 = SURFACE_OF_LINEAR_EXTRUSION('',#10782,#10805);
#10782 = B_SPLINE_CURVE_WITH_KNOTS('',3,(#10783,#10784,#10785,#10786,
    #10787,#10788,#10789,#10790,#10791,#10792,#10793,#10794,#10795,
    #10796,#10797,#10798,#10799,#10800,#10801,#10802,#10803,#10804),
  .UNSPECIFIED.,.F.,.F.,(4,1,1,1,1,1,1,1,1,1,1,1,1,1,1,1,1,1,1,4),(0.,
    0.189906477077,0.372642952354,0.548209425831,0.716605897509,
    0.87783236739,1.031888835474,1.178775301764,1.318491766261,
    1.451038228967,1.576414689885,1.694621149018,1.805657606368,
    1.909524061941,2.006220515742,2.095746967776,2.178103418053,
    2.253289866581,2.321306313375,2.382152758453),.UNSPECIFIED.);
#10783 = CARTESIAN_POINT('',(-19.79450186911,-13.16906106428,-2.));
#10784 = CARTESIAN_POINT('',(-19.73138529778,-13.17390752857,-2.));
#10785 = CARTESIAN_POINT('',(-19.60745084506,-13.18234944479,-2.));
#10786 = CARTESIAN_POINT('',(-19.42493682727,-13.1915472006,-2.));
#10787 = CARTESIAN_POINT('',(-19.24945512225,-13.19729035991,-2.));
#10788 = CARTESIAN_POINT('',(-19.08106906925,-13.19982898475,-2.));
#10789 = CARTESIAN_POINT('',(-18.91983476128,-13.19941559628,-2.));
#10790 = CARTESIAN_POINT('',(-18.76580174228,-13.19630332057,-2.));
#10791 = CARTESIAN_POINT('',(-18.61901281158,-13.19074615825,-2.));
#10792 = CARTESIAN_POINT('',(-18.47950405753,-13.18299871929,-2.));
#10793 = CARTESIAN_POINT('',(-18.34730483792,-13.17331609171,-2.));
#10794 = CARTESIAN_POINT('',(-18.22243777793,-13.16195367708,-2.));
#10795 = CARTESIAN_POINT('',(-18.10491876869,-13.1491670328,-2.));
#10796 = CARTESIAN_POINT('',(-17.99475696792,-13.13521171766,-2.));
#10797 = CARTESIAN_POINT('',(-17.89195481147,-13.12034312019,-2.));
#10798 = CARTESIAN_POINT('',(-17.79650800295,-13.10481634709,-2.));
#10799 = CARTESIAN_POINT('',(-17.70840559186,-13.08888591081,-2.));
#10800 = CARTESIAN_POINT('',(-17.62762977257,-13.07280608652,-2.));
#10801 = CARTESIAN_POINT('',(-17.55415661816,-13.05682906411,-2.));
#10802 = CARTESIAN_POINT('',(-17.4879537823,-13.04121028842,-2.));
#10803 = CARTESIAN_POINT('',(-17.44632710809,-13.03060725918,-2.));
#10804 = CARTESIAN_POINT('',(-17.42671820354,-13.02542226302,-2.));
#10805 = VECTOR('',#10806,1.);
#10806 = DIRECTION('',(0.,-0.,-1.));
#10807 = ADVANCED_FACE('',(#10808),#10819,.F.);
#10808 = FACE_BOUND('',#10809,.F.);
#10809 = EDGE_LOOP('',(#10810,#10816,#10817,#10818));
#10810 = ORIENTED_EDGE('',*,*,#10811,.T.);
#10811 = EDGE_CURVE('',#6121,#2596,#10812,.T.);
#10812 = LINE('',#10813,#10814);
#10813 = CARTESIAN_POINT('',(25.086523239254,-13.79392861319,-2.));
#10814 = VECTOR('',#10815,1.);
#10815 = DIRECTION('',(0.,0.,1.));
#10816 = ORIENTED_EDGE('',*,*,#2622,.T.);
#10817 = ORIENTED_EDGE('',*,*,#10735,.F.);
#10818 = ORIENTED_EDGE('',*,*,#6147,.F.);
#10819 = SURFACE_OF_LINEAR_EXTRUSION('',#10820,#10823);
#10820 = B_SPLINE_CURVE_WITH_KNOTS('',1,(#10821,#10822),.UNSPECIFIED.,
  .F.,.F.,(2,2),(0.,0.840437162419),.PIECEWISE_BEZIER_KNOTS.);
#10821 = CARTESIAN_POINT('',(25.086523239254,-13.79392861319,-2.));
#10822 = CARTESIAN_POINT('',(25.426718203542,-13.02542226302,-2.));
#10823 = VECTOR('',#10824,1.);
#10824 = DIRECTION('',(0.,-0.,-1.));
#10825 = ADVANCED_FACE('',(#10826),#10837,.F.);
#10826 = FACE_BOUND('',#10827,.F.);
#10827 = EDGE_LOOP('',(#10828,#10829,#10830,#10836));
#10828 = ORIENTED_EDGE('',*,*,#10775,.T.);
#10829 = ORIENTED_EDGE('',*,*,#1398,.T.);
#10830 = ORIENTED_EDGE('',*,*,#10831,.F.);
#10831 = EDGE_CURVE('',#4924,#1399,#10832,.T.);
#10832 = LINE('',#10833,#10834);
#10833 = CARTESIAN_POINT('',(-17.08652323925,-13.79392861319,-2.));
#10834 = VECTOR('',#10835,1.);
#10835 = DIRECTION('',(0.,0.,1.));
#10836 = ORIENTED_EDGE('',*,*,#4923,.F.);
#10837 = SURFACE_OF_LINEAR_EXTRUSION('',#10838,#10841);
#10838 = B_SPLINE_CURVE_WITH_KNOTS('',1,(#10839,#10840),.UNSPECIFIED.,
  .F.,.F.,(2,2),(0.,0.840437162419),.PIECEWISE_BEZIER_KNOTS.);
#10839 = CARTESIAN_POINT('',(-17.42671820354,-13.02542226302,-2.));
#10840 = CARTESIAN_POINT('',(-17.08652323925,-13.79392861319,-2.));
#10841 = VECTOR('',#10842,1.);
#10842 = DIRECTION('',(0.,-0.,-1.));
#10843 = ADVANCED_FACE('',(#10844),#10855,.F.);
#10844 = FACE_BOUND('',#10845,.F.);
#10845 = EDGE_LOOP('',(#10846,#10852,#10853,#10854));
#10846 = ORIENTED_EDGE('',*,*,#10847,.T.);
#10847 = EDGE_CURVE('',#6114,#2589,#10848,.T.);
#10848 = LINE('',#10849,#10850);
#10849 = CARTESIAN_POINT('',(26.784718949664,-15.45017826869,-2.));
#10850 = VECTOR('',#10851,1.);
#10851 = DIRECTION('',(0.,0.,1.));
#10852 = ORIENTED_EDGE('',*,*,#2595,.T.);
#10853 = ORIENTED_EDGE('',*,*,#10811,.F.);
#10854 = ORIENTED_EDGE('',*,*,#6120,.F.);
#10855 = SURFACE_OF_LINEAR_EXTRUSION('',#10856,#10879);
#10856 = B_SPLINE_CURVE_WITH_KNOTS('',3,(#10857,#10858,#10859,#10860,
    #10861,#10862,#10863,#10864,#10865,#10866,#10867,#10868,#10869,
    #10870,#10871,#10872,#10873,#10874,#10875,#10876,#10877,#10878),
  .UNSPECIFIED.,.F.,.F.,(4,1,1,1,1,1,1,1,1,1,1,1,1,1,1,1,1,1,1,4),(0.,
    0.189906477077,0.372642952354,0.548209425831,0.716605897509,
    0.87783236739,1.031888835474,1.178775301764,1.318491766261,
    1.451038228967,1.576414689885,1.694621149018,1.805657606368,
    1.909524061941,2.006220515742,2.095746967776,2.178103418053,
    2.253289866581,2.321306313375,2.382152758453),.UNSPECIFIED.);
#10857 = CARTESIAN_POINT('',(26.784718949664,-15.45017826869,-2.));
#10858 = CARTESIAN_POINT('',(26.745873353439,-15.40019617743,-2.));
#10859 = CARTESIAN_POINT('',(26.66880147538,-15.30277472121,-2.));
#10860 = CARTESIAN_POINT('',(26.552906034978,-15.16147995027,-2.));
#10861 = CARTESIAN_POINT('',(26.439181062942,-15.02771357403,-2.));
#10862 = CARTESIAN_POINT('',(26.327854257711,-14.90135436424,-2.));
#10863 = CARTESIAN_POINT('',(26.219150266535,-14.78227407512,-2.));
#10864 = CARTESIAN_POINT('',(26.113289781499,-14.67033920605,-2.));
#10865 = CARTESIAN_POINT('',(26.010489607719,-14.56541067562,-2.));
#10866 = CARTESIAN_POINT('',(25.910962489576,-14.4673440247,-2.));
#10867 = CARTESIAN_POINT('',(25.814917000391,-14.37598949034,-2.));
#10868 = CARTESIAN_POINT('',(25.722557419252,-14.29119211474,-2.));
#10869 = CARTESIAN_POINT('',(25.6340836133,-14.21279185029,-2.));
#10870 = CARTESIAN_POINT('',(25.54969092383,-14.14062366386,-2.));
#10871 = CARTESIAN_POINT('',(25.469570046973,-14.0745176607,-2.));
#10872 = CARTESIAN_POINT('',(25.39390694414,-14.01429915185,-2.));
#10873 = CARTESIAN_POINT('',(25.322882663269,-13.95978892192,-2.));
#10874 = CARTESIAN_POINT('',(25.25667346793,-13.91080284038,-2.));
#10875 = CARTESIAN_POINT('',(25.195449962666,-13.86715364719,-2.));
#10876 = CARTESIAN_POINT('',(25.139379501187,-13.82864566126,-2.));
#10877 = CARTESIAN_POINT('',(25.103544661812,-13.80495877625,-2.));
#10878 = CARTESIAN_POINT('',(25.086523239254,-13.79392861319,-2.));
#10879 = VECTOR('',#10880,1.);
#10880 = DIRECTION('',(0.,-0.,-1.));
#10881 = ADVANCED_FACE('',(#10882),#10893,.F.);
#10882 = FACE_BOUND('',#10883,.F.);
#10883 = EDGE_LOOP('',(#10884,#10885,#10886,#10892));
#10884 = ORIENTED_EDGE('',*,*,#10831,.T.);
#10885 = ORIENTED_EDGE('',*,*,#1405,.T.);
#10886 = ORIENTED_EDGE('',*,*,#10887,.F.);
#10887 = EDGE_CURVE('',#4931,#1406,#10888,.T.);
#10888 = LINE('',#10889,#10890);
#10889 = CARTESIAN_POINT('',(-18.78471894966,-15.45017826869,-2.));
#10890 = VECTOR('',#10891,1.);
#10891 = DIRECTION('',(0.,0.,1.));
#10892 = ORIENTED_EDGE('',*,*,#4930,.F.);
#10893 = SURFACE_OF_LINEAR_EXTRUSION('',#10894,#10917);
#10894 = B_SPLINE_CURVE_WITH_KNOTS('',3,(#10895,#10896,#10897,#10898,
    #10899,#10900,#10901,#10902,#10903,#10904,#10905,#10906,#10907,
    #10908,#10909,#10910,#10911,#10912,#10913,#10914,#10915,#10916),
  .UNSPECIFIED.,.F.,.F.,(4,1,1,1,1,1,1,1,1,1,1,1,1,1,1,1,1,1,1,4),(0.,
    6.084644507817E-02,0.128862891872,0.204049340401,0.286405790677,
    0.375932242711,0.472628696512,0.576495152085,0.687531609436,
    0.805738068568,0.931114529486,1.063660992193,1.20337745669,
    1.350263922979,1.504320391064,1.665546860944,1.833943332622,
    2.009509806099,2.192246281376,2.382152758453),.UNSPECIFIED.);
#10895 = CARTESIAN_POINT('',(-17.08652323925,-13.79392861319,-2.));
#10896 = CARTESIAN_POINT('',(-17.10354466181,-13.80495877625,-2.));
#10897 = CARTESIAN_POINT('',(-17.13937950118,-13.82864566126,-2.));
#10898 = CARTESIAN_POINT('',(-17.19544996266,-13.86715364719,-2.));
#10899 = CARTESIAN_POINT('',(-17.25667346793,-13.91080284038,-2.));
#10900 = CARTESIAN_POINT('',(-17.32288266326,-13.95978892192,-2.));
#10901 = CARTESIAN_POINT('',(-17.39390694414,-14.01429915185,-2.));
#10902 = CARTESIAN_POINT('',(-17.46957004697,-14.0745176607,-2.));
#10903 = CARTESIAN_POINT('',(-17.54969092383,-14.14062366386,-2.));
#10904 = CARTESIAN_POINT('',(-17.6340836133,-14.21279185029,-2.));
#10905 = CARTESIAN_POINT('',(-17.72255741925,-14.29119211474,-2.));
#10906 = CARTESIAN_POINT('',(-17.81491700039,-14.37598949034,-2.));
#10907 = CARTESIAN_POINT('',(-17.91096248957,-14.4673440247,-2.));
#10908 = CARTESIAN_POINT('',(-18.01048960771,-14.56541067561,-2.));
#10909 = CARTESIAN_POINT('',(-18.11328978149,-14.67033920605,-2.));
#10910 = CARTESIAN_POINT('',(-18.21915026653,-14.78227407512,-2.));
#10911 = CARTESIAN_POINT('',(-18.32785425771,-14.90135436424,-2.));
#10912 = CARTESIAN_POINT('',(-18.43918106294,-15.02771357403,-2.));
#10913 = CARTESIAN_POINT('',(-18.55290603497,-15.16147995027,-2.));
#10914 = CARTESIAN_POINT('',(-18.66880147538,-15.30277472121,-2.));
#10915 = CARTESIAN_POINT('',(-18.74587335343,-15.40019617743,-2.));
#10916 = CARTESIAN_POINT('',(-18.78471894966,-15.45017826869,-2.));
#10917 = VECTOR('',#10918,1.);
#10918 = DIRECTION('',(0.,-0.,-1.));
#10919 = ADVANCED_FACE('',(#10920),#10931,.F.);
#10920 = FACE_BOUND('',#10921,.F.);
#10921 = EDGE_LOOP('',(#10922,#10928,#10929,#10930));
#10922 = ORIENTED_EDGE('',*,*,#10923,.T.);
#10923 = EDGE_CURVE('',#6087,#2562,#10924,.T.);
#10924 = LINE('',#10925,#10926);
#10925 = CARTESIAN_POINT('',(26.426635833474,-16.13655656241,-2.));
#10926 = VECTOR('',#10927,1.);
#10927 = DIRECTION('',(0.,0.,1.));
#10928 = ORIENTED_EDGE('',*,*,#2588,.T.);
#10929 = ORIENTED_EDGE('',*,*,#10847,.F.);
#10930 = ORIENTED_EDGE('',*,*,#6113,.F.);
#10931 = SURFACE_OF_LINEAR_EXTRUSION('',#10932,#10935);
#10932 = B_SPLINE_CURVE_WITH_KNOTS('',1,(#10933,#10934),.UNSPECIFIED.,
  .F.,.F.,(2,2),(0.,0.774169671453),.PIECEWISE_BEZIER_KNOTS.);
#10933 = CARTESIAN_POINT('',(26.426635833474,-16.13655656241,-2.));
#10934 = CARTESIAN_POINT('',(26.784718949664,-15.45017826869,-2.));
#10935 = VECTOR('',#10936,1.);
#10936 = DIRECTION('',(0.,-0.,-1.));
#10937 = ADVANCED_FACE('',(#10938),#10949,.F.);
#10938 = FACE_BOUND('',#10939,.F.);
#10939 = EDGE_LOOP('',(#10940,#10941,#10942,#10948));
#10940 = ORIENTED_EDGE('',*,*,#10887,.T.);
#10941 = ORIENTED_EDGE('',*,*,#1432,.T.);
#10942 = ORIENTED_EDGE('',*,*,#10943,.F.);
#10943 = EDGE_CURVE('',#4958,#1433,#10944,.T.);
#10944 = LINE('',#10945,#10946);
#10945 = CARTESIAN_POINT('',(-18.42663583347,-16.13655656241,-2.));
#10946 = VECTOR('',#10947,1.);
#10947 = DIRECTION('',(0.,0.,1.));
#10948 = ORIENTED_EDGE('',*,*,#4957,.F.);
#10949 = SURFACE_OF_LINEAR_EXTRUSION('',#10950,#10953);
#10950 = B_SPLINE_CURVE_WITH_KNOTS('',1,(#10951,#10952),.UNSPECIFIED.,
  .F.,.F.,(2,2),(0.,0.774169671453),.PIECEWISE_BEZIER_KNOTS.);
#10951 = CARTESIAN_POINT('',(-18.78471894966,-15.45017826869,-2.));
#10952 = CARTESIAN_POINT('',(-18.42663583347,-16.13655656241,-2.));
#10953 = VECTOR('',#10954,1.);
#10954 = DIRECTION('',(0.,-0.,-1.));
#10955 = ADVANCED_FACE('',(#10956),#10967,.F.);
#10956 = FACE_BOUND('',#10957,.F.);
#10957 = EDGE_LOOP('',(#10958,#10964,#10965,#10966));
#10958 = ORIENTED_EDGE('',*,*,#10959,.T.);
#10959 = EDGE_CURVE('',#6080,#2555,#10960,.T.);
#10960 = LINE('',#10961,#10962);
#10961 = CARTESIAN_POINT('',(24.096659761278,-15.69131157909,-2.));
#10962 = VECTOR('',#10963,1.);
#10963 = DIRECTION('',(0.,0.,1.));
#10964 = ORIENTED_EDGE('',*,*,#2561,.T.);
#10965 = ORIENTED_EDGE('',*,*,#10923,.F.);
#10966 = ORIENTED_EDGE('',*,*,#6086,.F.);
#10967 = SURFACE_OF_LINEAR_EXTRUSION('',#10968,#10991);
#10968 = B_SPLINE_CURVE_WITH_KNOTS('',3,(#10969,#10970,#10971,#10972,
    #10973,#10974,#10975,#10976,#10977,#10978,#10979,#10980,#10981,
    #10982,#10983,#10984,#10985,#10986,#10987,#10988,#10989,#10990),
  .UNSPECIFIED.,.F.,.F.,(4,1,1,1,1,1,1,1,1,1,1,1,1,1,1,1,1,1,1,4),(0.,
    6.084644507817E-02,0.128862891872,0.204049340401,0.286405790677,
    0.375932242711,0.472628696512,0.576495152085,0.687531609436,
    0.805738068568,0.931114529486,1.063660992193,1.20337745669,
    1.350263922979,1.504320391064,1.665546860944,1.833943332622,
    2.009509806099,2.192246281376,2.382152758453),.UNSPECIFIED.);
#10969 = CARTESIAN_POINT('',(24.096659761278,-15.69131157909,-2.));
#10970 = CARTESIAN_POINT('',(24.115444634407,-15.69896153755,-2.));
#10971 = CARTESIAN_POINT('',(24.155373668906,-15.71480061702,-2.));
#10972 = CARTESIAN_POINT('',(24.219035695701,-15.73875699353,-2.));
#10973 = CARTESIAN_POINT('',(24.289862540244,-15.76399838325,-2.));
#10974 = CARTESIAN_POINT('',(24.367918948888,-15.7902755749,-2.));
#10975 = CARTESIAN_POINT('',(24.453260901429,-15.81734150879,-2.));
#10976 = CARTESIAN_POINT('',(24.545938573289,-15.84494627426,-2.));
#10977 = CARTESIAN_POINT('',(24.645995371414,-15.87283884874,-2.));
#10978 = CARTESIAN_POINT('',(24.753468179229,-15.90076676934,-2.));
#10979 = CARTESIAN_POINT('',(24.868387239259,-15.92847643279,-2.));
#10980 = CARTESIAN_POINT('',(24.990776149074,-15.95571320737,-2.));
#10981 = CARTESIAN_POINT('',(25.120651827985,-15.98222160169,-2.));
#10982 = CARTESIAN_POINT('',(25.258024496588,-16.00774541779,-2.));
#10983 = CARTESIAN_POINT('',(25.402897658049,-16.0320279077,-2.));
#10984 = CARTESIAN_POINT('',(25.555268079117,-16.05481193695,-2.));
#10985 = CARTESIAN_POINT('',(25.715125792697,-16.07584011718,-2.));
#10986 = CARTESIAN_POINT('',(25.882454030675,-16.09485506494,-2.));
#10987 = CARTESIAN_POINT('',(26.057229452233,-16.11159915925,-2.));
#10988 = CARTESIAN_POINT('',(26.239421215366,-16.12581629145,-2.));
#10989 = CARTESIAN_POINT('',(26.363417696224,-16.13329206929,-2.));
#10990 = CARTESIAN_POINT('',(26.426635833474,-16.13655656241,-2.));
#10991 = VECTOR('',#10992,1.);
#10992 = DIRECTION('',(0.,-0.,-1.));
#10993 = ADVANCED_FACE('',(#10994),#11005,.F.);
#10994 = FACE_BOUND('',#10995,.F.);
#10995 = EDGE_LOOP('',(#10996,#10997,#10998,#11004));
#10996 = ORIENTED_EDGE('',*,*,#10943,.T.);
#10997 = ORIENTED_EDGE('',*,*,#1439,.T.);
#10998 = ORIENTED_EDGE('',*,*,#10999,.F.);
#10999 = EDGE_CURVE('',#4965,#1440,#11000,.T.);
#11000 = LINE('',#11001,#11002);
#11001 = CARTESIAN_POINT('',(-16.09665976127,-15.69131157909,-2.));
#11002 = VECTOR('',#11003,1.);
#11003 = DIRECTION('',(0.,0.,1.));
#11004 = ORIENTED_EDGE('',*,*,#4964,.F.);
#11005 = SURFACE_OF_LINEAR_EXTRUSION('',#11006,#11029);
#11006 = B_SPLINE_CURVE_WITH_KNOTS('',3,(#11007,#11008,#11009,#11010,
    #11011,#11012,#11013,#11014,#11015,#11016,#11017,#11018,#11019,
    #11020,#11021,#11022,#11023,#11024,#11025,#11026,#11027,#11028),
  .UNSPECIFIED.,.F.,.F.,(4,1,1,1,1,1,1,1,1,1,1,1,1,1,1,1,1,1,1,4),(0.,
    0.189906477077,0.372642952354,0.548209425831,0.716605897509,
    0.87783236739,1.031888835474,1.178775301764,1.318491766261,
    1.451038228967,1.576414689885,1.694621149018,1.805657606368,
    1.909524061941,2.006220515742,2.095746967776,2.178103418053,
    2.253289866581,2.321306313375,2.382152758453),.UNSPECIFIED.);
#11007 = CARTESIAN_POINT('',(-18.42663583347,-16.13655656241,-2.));
#11008 = CARTESIAN_POINT('',(-18.36341769622,-16.13329206929,-2.));
#11009 = CARTESIAN_POINT('',(-18.23942121536,-16.12581629145,-2.));
#11010 = CARTESIAN_POINT('',(-18.05722945223,-16.11159915925,-2.));
#11011 = CARTESIAN_POINT('',(-17.88245403067,-16.09485506494,-2.));
#11012 = CARTESIAN_POINT('',(-17.71512579269,-16.07584011718,-2.));
#11013 = CARTESIAN_POINT('',(-17.55526807911,-16.05481193695,-2.));
#11014 = CARTESIAN_POINT('',(-17.40289765804,-16.0320279077,-2.));
#11015 = CARTESIAN_POINT('',(-17.25802449658,-16.00774541779,-2.));
#11016 = CARTESIAN_POINT('',(-17.12065182798,-15.98222160169,-2.));
#11017 = CARTESIAN_POINT('',(-16.99077614907,-15.95571320737,-2.));
#11018 = CARTESIAN_POINT('',(-16.86838723925,-15.92847643279,-2.));
#11019 = CARTESIAN_POINT('',(-16.75346817922,-15.90076676934,-2.));
#11020 = CARTESIAN_POINT('',(-16.64599537141,-15.87283884874,-2.));
#11021 = CARTESIAN_POINT('',(-16.54593857328,-15.84494627426,-2.));
#11022 = CARTESIAN_POINT('',(-16.45326090142,-15.81734150879,-2.));
#11023 = CARTESIAN_POINT('',(-16.36791894888,-15.7902755749,-2.));
#11024 = CARTESIAN_POINT('',(-16.28986254024,-15.76399838325,-2.));
#11025 = CARTESIAN_POINT('',(-16.2190356957,-15.73875699353,-2.));
#11026 = CARTESIAN_POINT('',(-16.1553736689,-15.71480061702,-2.));
#11027 = CARTESIAN_POINT('',(-16.1154446344,-15.69896153755,-2.));
#11028 = CARTESIAN_POINT('',(-16.09665976127,-15.69131157909,-2.));
#11029 = VECTOR('',#11030,1.);
#11030 = DIRECTION('',(0.,-0.,-1.));
#11031 = ADVANCED_FACE('',(#11032),#11043,.F.);
#11032 = FACE_BOUND('',#11033,.F.);
#11033 = EDGE_LOOP('',(#11034,#11040,#11041,#11042));
#11034 = ORIENTED_EDGE('',*,*,#11035,.T.);
#11035 = EDGE_CURVE('',#6053,#2528,#11036,.T.);
#11036 = LINE('',#11037,#11038);
#11037 = CARTESIAN_POINT('',(23.660983382148,-16.41000533629,-2.));
#11038 = VECTOR('',#11039,1.);
#11039 = DIRECTION('',(0.,0.,1.));
#11040 = ORIENTED_EDGE('',*,*,#2554,.T.);
#11041 = ORIENTED_EDGE('',*,*,#10959,.F.);
#11042 = ORIENTED_EDGE('',*,*,#6079,.F.);
#11043 = SURFACE_OF_LINEAR_EXTRUSION('',#11044,#11047);
#11044 = B_SPLINE_CURVE_WITH_KNOTS('',1,(#11045,#11046),.UNSPECIFIED.,
  .F.,.F.,(2,2),(0.,0.840437162419),.PIECEWISE_BEZIER_KNOTS.);
#11045 = CARTESIAN_POINT('',(23.660983382148,-16.41000533629,-2.));
#11046 = CARTESIAN_POINT('',(24.096659761278,-15.69131157909,-2.));
#11047 = VECTOR('',#11048,1.);
#11048 = DIRECTION('',(0.,-0.,-1.));
#11049 = ADVANCED_FACE('',(#11050),#11061,.F.);
#11050 = FACE_BOUND('',#11051,.F.);
#11051 = EDGE_LOOP('',(#11052,#11053,#11054,#11060));
#11052 = ORIENTED_EDGE('',*,*,#10999,.T.);
#11053 = ORIENTED_EDGE('',*,*,#1466,.T.);
#11054 = ORIENTED_EDGE('',*,*,#11055,.F.);
#11055 = EDGE_CURVE('',#4992,#1467,#11056,.T.);
#11056 = LINE('',#11057,#11058);
#11057 = CARTESIAN_POINT('',(-15.66098338214,-16.41000533629,-2.));
#11058 = VECTOR('',#11059,1.);
#11059 = DIRECTION('',(0.,0.,1.));
#11060 = ORIENTED_EDGE('',*,*,#4991,.F.);
#11061 = SURFACE_OF_LINEAR_EXTRUSION('',#11062,#11065);
#11062 = B_SPLINE_CURVE_WITH_KNOTS('',1,(#11063,#11064),.UNSPECIFIED.,
  .F.,.F.,(2,2),(0.,0.840437162419),.PIECEWISE_BEZIER_KNOTS.);
#11063 = CARTESIAN_POINT('',(-16.09665976127,-15.69131157909,-2.));
#11064 = CARTESIAN_POINT('',(-15.66098338214,-16.41000533629,-2.));
#11065 = VECTOR('',#11066,1.);
#11066 = DIRECTION('',(0.,-0.,-1.));
#11067 = ADVANCED_FACE('',(#11068),#11079,.F.);
#11068 = FACE_BOUND('',#11069,.F.);
#11069 = EDGE_LOOP('',(#11070,#11076,#11077,#11078));
#11070 = ORIENTED_EDGE('',*,*,#11071,.T.);
#11071 = EDGE_CURVE('',#6046,#2521,#11072,.T.);
#11072 = LINE('',#11073,#11074);
#11073 = CARTESIAN_POINT('',(25.133440424264,-18.26981765244,-2.));
#11074 = VECTOR('',#11075,1.);
#11075 = DIRECTION('',(0.,0.,1.));
#11076 = ORIENTED_EDGE('',*,*,#2527,.T.);
#11077 = ORIENTED_EDGE('',*,*,#11035,.F.);
#11078 = ORIENTED_EDGE('',*,*,#6052,.F.);
#11079 = SURFACE_OF_LINEAR_EXTRUSION('',#11080,#11103);
#11080 = B_SPLINE_CURVE_WITH_KNOTS('',3,(#11081,#11082,#11083,#11084,
    #11085,#11086,#11087,#11088,#11089,#11090,#11091,#11092,#11093,
    #11094,#11095,#11096,#11097,#11098,#11099,#11100,#11101,#11102),
  .UNSPECIFIED.,.F.,.F.,(4,1,1,1,1,1,1,1,1,1,1,1,1,1,1,1,1,1,1,4),(0.,
    0.189906477077,0.372642952354,0.548209425831,0.716605897509,
    0.87783236739,1.031888835474,1.178775301764,1.318491766261,
    1.451038228967,1.576414689885,1.694621149018,1.805657606368,
    1.909524061941,2.006220515742,2.095746967776,2.178103418053,
    2.253289866581,2.321306313375,2.382152758453),.UNSPECIFIED.);
#11081 = CARTESIAN_POINT('',(25.133440424264,-18.26981765244,-2.));
#11082 = CARTESIAN_POINT('',(25.101305317812,-18.21527844887,-2.));
#11083 = CARTESIAN_POINT('',(25.037324178116,-18.10880108845,-2.));
#11084 = CARTESIAN_POINT('',(24.940448611946,-17.95384596565,-2.));
#11085 = CARTESIAN_POINT('',(24.844762984879,-17.80663498288,-2.));
#11086 = CARTESIAN_POINT('',(24.750508628283,-17.66707702458,-2.));
#11087 = CARTESIAN_POINT('',(24.657924744757,-17.53507362513,-2.));
#11088 = CARTESIAN_POINT('',(24.567247286189,-17.41052060143,-2.));
#11089 = CARTESIAN_POINT('',(24.478709063067,-17.29330773834,-2.));
#11090 = CARTESIAN_POINT('',(24.392539546162,-17.1833189679,-2.));
#11091 = CARTESIAN_POINT('',(24.308964747678,-17.08043242844,-2.));
#11092 = CARTESIAN_POINT('',(24.228207085132,-16.98452055704,-2.));
#11093 = CARTESIAN_POINT('',(24.150485251198,-16.89545017849,-2.));
#11094 = CARTESIAN_POINT('',(24.076014087387,-16.81308259427,-2.));
#11095 = CARTESIAN_POINT('',(24.005004449875,-16.73727369016,-2.));
#11096 = CARTESIAN_POINT('',(23.937663112064,-16.6678739916,-2.));
#11097 = CARTESIAN_POINT('',(23.874192553043,-16.60472890645,-2.));
#11098 = CARTESIAN_POINT('',(23.814791135351,-16.54767835599,-2.));
#11099 = CARTESIAN_POINT('',(23.759652009155,-16.49655843399,-2.));
#11100 = CARTESIAN_POINT('',(23.708966177332,-16.45119646663,-2.));
#11101 = CARTESIAN_POINT('',(23.676454553116,-16.42312159307,-2.));
#11102 = CARTESIAN_POINT('',(23.660983382148,-16.41000533629,-2.));
#11103 = VECTOR('',#11104,1.);
#11104 = DIRECTION('',(0.,-0.,-1.));
#11105 = ADVANCED_FACE('',(#11106),#11117,.F.);
#11106 = FACE_BOUND('',#11107,.F.);
#11107 = EDGE_LOOP('',(#11108,#11109,#11110,#11116));
#11108 = ORIENTED_EDGE('',*,*,#11055,.T.);
#11109 = ORIENTED_EDGE('',*,*,#1473,.T.);
#11110 = ORIENTED_EDGE('',*,*,#11111,.F.);
#11111 = EDGE_CURVE('',#4999,#1474,#11112,.T.);
#11112 = LINE('',#11113,#11114);
#11113 = CARTESIAN_POINT('',(-17.13344042426,-18.26981765244,-2.));
#11114 = VECTOR('',#11115,1.);
#11115 = DIRECTION('',(0.,0.,1.));
#11116 = ORIENTED_EDGE('',*,*,#4998,.F.);
#11117 = SURFACE_OF_LINEAR_EXTRUSION('',#11118,#11141);
#11118 = B_SPLINE_CURVE_WITH_KNOTS('',3,(#11119,#11120,#11121,#11122,
    #11123,#11124,#11125,#11126,#11127,#11128,#11129,#11130,#11131,
    #11132,#11133,#11134,#11135,#11136,#11137,#11138,#11139,#11140),
  .UNSPECIFIED.,.F.,.F.,(4,1,1,1,1,1,1,1,1,1,1,1,1,1,1,1,1,1,1,4),(0.,
    6.084644507817E-02,0.128862891872,0.204049340401,0.286405790677,
    0.375932242711,0.472628696512,0.576495152085,0.687531609436,
    0.805738068568,0.931114529486,1.063660992193,1.20337745669,
    1.350263922979,1.504320391064,1.665546860944,1.833943332622,
    2.009509806099,2.192246281376,2.382152758453),.UNSPECIFIED.);
#11119 = CARTESIAN_POINT('',(-15.66098338214,-16.41000533629,-2.));
#11120 = CARTESIAN_POINT('',(-15.67645455311,-16.42312159307,-2.));
#11121 = CARTESIAN_POINT('',(-15.70896617733,-16.45119646663,-2.));
#11122 = CARTESIAN_POINT('',(-15.75965200915,-16.49655843399,-2.));
#11123 = CARTESIAN_POINT('',(-15.81479113535,-16.54767835599,-2.));
#11124 = CARTESIAN_POINT('',(-15.87419255304,-16.60472890645,-2.));
#11125 = CARTESIAN_POINT('',(-15.93766311206,-16.6678739916,-2.));
#11126 = CARTESIAN_POINT('',(-16.00500444987,-16.73727369016,-2.));
#11127 = CARTESIAN_POINT('',(-16.07601408738,-16.81308259427,-2.));
#11128 = CARTESIAN_POINT('',(-16.15048525119,-16.89545017849,-2.));
#11129 = CARTESIAN_POINT('',(-16.22820708513,-16.98452055704,-2.));
#11130 = CARTESIAN_POINT('',(-16.30896474767,-17.08043242844,-2.));
#11131 = CARTESIAN_POINT('',(-16.39253954616,-17.1833189679,-2.));
#11132 = CARTESIAN_POINT('',(-16.47870906306,-17.29330773834,-2.));
#11133 = CARTESIAN_POINT('',(-16.56724728618,-17.41052060143,-2.));
#11134 = CARTESIAN_POINT('',(-16.65792474475,-17.53507362513,-2.));
#11135 = CARTESIAN_POINT('',(-16.75050862828,-17.66707702458,-2.));
#11136 = CARTESIAN_POINT('',(-16.84476298487,-17.80663498288,-2.));
#11137 = CARTESIAN_POINT('',(-16.94044861194,-17.95384596565,-2.));
#11138 = CARTESIAN_POINT('',(-17.03732417811,-18.10880108845,-2.));
#11139 = CARTESIAN_POINT('',(-17.10130531781,-18.21527844887,-2.));
#11140 = CARTESIAN_POINT('',(-17.13344042426,-18.26981765244,-2.));
#11141 = VECTOR('',#11142,1.);
#11142 = DIRECTION('',(0.,-0.,-1.));
#11143 = ADVANCED_FACE('',(#11144),#11155,.F.);
#11144 = FACE_BOUND('',#11145,.F.);
#11145 = EDGE_LOOP('',(#11146,#11152,#11153,#11154));
#11146 = ORIENTED_EDGE('',*,*,#11147,.T.);
#11147 = EDGE_CURVE('',#6019,#2494,#11148,.T.);
#11148 = LINE('',#11149,#11150);
#11149 = CARTESIAN_POINT('',(24.690525057465,-18.90477013732,-2.));
#11150 = VECTOR('',#11151,1.);
#11151 = DIRECTION('',(0.,0.,1.));
#11152 = ORIENTED_EDGE('',*,*,#2520,.T.);
#11153 = ORIENTED_EDGE('',*,*,#11071,.F.);
#11154 = ORIENTED_EDGE('',*,*,#6045,.F.);
#11155 = SURFACE_OF_LINEAR_EXTRUSION('',#11156,#11159);
#11156 = B_SPLINE_CURVE_WITH_KNOTS('',1,(#11157,#11158),.UNSPECIFIED.,
  .F.,.F.,(2,2),(0.,0.774169671453),.PIECEWISE_BEZIER_KNOTS.);
#11157 = CARTESIAN_POINT('',(24.690525057465,-18.90477013732,-2.));
#11158 = CARTESIAN_POINT('',(25.133440424264,-18.26981765244,-2.));
#11159 = VECTOR('',#11160,1.);
#11160 = DIRECTION('',(0.,-0.,-1.));
#11161 = ADVANCED_FACE('',(#11162),#11173,.F.);
#11162 = FACE_BOUND('',#11163,.F.);
#11163 = EDGE_LOOP('',(#11164,#11165,#11166,#11172));
#11164 = ORIENTED_EDGE('',*,*,#11111,.T.);
#11165 = ORIENTED_EDGE('',*,*,#1500,.T.);
#11166 = ORIENTED_EDGE('',*,*,#11167,.F.);
#11167 = EDGE_CURVE('',#5026,#1501,#11168,.T.);
#11168 = LINE('',#11169,#11170);
#11169 = CARTESIAN_POINT('',(-16.69052505746,-18.90477013732,-2.));
#11170 = VECTOR('',#11171,1.);
#11171 = DIRECTION('',(0.,0.,1.));
#11172 = ORIENTED_EDGE('',*,*,#5025,.F.);
#11173 = SURFACE_OF_LINEAR_EXTRUSION('',#11174,#11177);
#11174 = B_SPLINE_CURVE_WITH_KNOTS('',1,(#11175,#11176),.UNSPECIFIED.,
  .F.,.F.,(2,2),(0.,0.774169671453),.PIECEWISE_BEZIER_KNOTS.);
#11175 = CARTESIAN_POINT('',(-17.13344042426,-18.26981765244,-2.));
#11176 = CARTESIAN_POINT('',(-16.69052505746,-18.90477013732,-2.));
#11177 = VECTOR('',#11178,1.);
#11178 = DIRECTION('',(0.,-0.,-1.));
#11179 = ADVANCED_FACE('',(#11180),#11191,.F.);
#11180 = FACE_BOUND('',#11181,.F.);
#11181 = EDGE_LOOP('',(#11182,#11188,#11189,#11190));
#11182 = ORIENTED_EDGE('',*,*,#11183,.T.);
#11183 = EDGE_CURVE('',#6012,#2487,#11184,.T.);
#11184 = LINE('',#11185,#11186);
#11185 = CARTESIAN_POINT('',(22.436614721335,-18.16522988225,-2.));
#11186 = VECTOR('',#11187,1.);
#11187 = DIRECTION('',(0.,0.,1.));
#11188 = ORIENTED_EDGE('',*,*,#2493,.T.);
#11189 = ORIENTED_EDGE('',*,*,#11147,.F.);
#11190 = ORIENTED_EDGE('',*,*,#6018,.F.);
#11191 = SURFACE_OF_LINEAR_EXTRUSION('',#11192,#11215);
#11192 = B_SPLINE_CURVE_WITH_KNOTS('',3,(#11193,#11194,#11195,#11196,
    #11197,#11198,#11199,#11200,#11201,#11202,#11203,#11204,#11205,
    #11206,#11207,#11208,#11209,#11210,#11211,#11212,#11213,#11214),
  .UNSPECIFIED.,.F.,.F.,(4,1,1,1,1,1,1,1,1,1,1,1,1,1,1,1,1,1,1,4),(0.,
    6.084644507817E-02,0.128862891872,0.204049340401,0.286405790677,
    0.375932242711,0.472628696512,0.576495152085,0.687531609436,
    0.805738068568,0.931114529486,1.063660992193,1.20337745669,
    1.350263922979,1.504320391064,1.665546860944,1.833943332622,
    2.009509806099,2.192246281376,2.382152758453),.UNSPECIFIED.);
#11193 = CARTESIAN_POINT('',(22.436614721335,-18.16522988225,-2.));
#11194 = CARTESIAN_POINT('',(22.45426711594,-18.17521919092,-2.));
#11195 = CARTESIAN_POINT('',(22.491842877092,-18.19603424336,-2.));
#11196 = CARTESIAN_POINT('',(22.551918766095,-18.22793485764,-2.));
#11197 = CARTESIAN_POINT('',(22.618936325949,-18.26202615175,-2.));
#11198 = CARTESIAN_POINT('',(22.692991639871,-18.29806924002,-2.));
#11199 = CARTESIAN_POINT('',(22.774171821358,-18.33582624962,-2.));
#11200 = CARTESIAN_POINT('',(22.862558591755,-18.37505573799,-2.));
#11201 = CARTESIAN_POINT('',(22.958227101695,-18.41551429416,-2.));
#11202 = CARTESIAN_POINT('',(23.061246216025,-18.45695624454,-2.));
#11203 = CARTESIAN_POINT('',(23.171678359047,-18.49913393526,-2.));
#11204 = CARTESIAN_POINT('',(23.289579496177,-18.54179784271,-2.));
#11205 = CARTESIAN_POINT('',(23.414999079334,-18.58469673667,-2.));
#11206 = CARTESIAN_POINT('',(23.547980007068,-18.62757782954,-2.));
#11207 = CARTESIAN_POINT('',(23.688558585987,-18.67018692924,-2.));
#11208 = CARTESIAN_POINT('',(23.836764491013,-18.71226859889,-2.));
#11209 = CARTESIAN_POINT('',(23.992620750971,-18.75356628873,-2.));
#11210 = CARTESIAN_POINT('',(24.15614364888,-18.79382258418,-2.));
#11211 = CARTESIAN_POINT('',(24.327342979387,-18.83277899455,-2.));
#11212 = CARTESIAN_POINT('',(24.50622090415,-18.87017756985,-2.));
#11213 = CARTESIAN_POINT('',(24.628243394362,-18.89344828968,-2.));
#11214 = CARTESIAN_POINT('',(24.690525057465,-18.90477013732,-2.));
#11215 = VECTOR('',#11216,1.);
#11216 = DIRECTION('',(0.,-0.,-1.));
#11217 = ADVANCED_FACE('',(#11218),#11229,.F.);
#11218 = FACE_BOUND('',#11219,.F.);
#11219 = EDGE_LOOP('',(#11220,#11221,#11222,#11228));
#11220 = ORIENTED_EDGE('',*,*,#11167,.T.);
#11221 = ORIENTED_EDGE('',*,*,#1507,.T.);
#11222 = ORIENTED_EDGE('',*,*,#11223,.F.);
#11223 = EDGE_CURVE('',#5033,#1508,#11224,.T.);
#11224 = LINE('',#11225,#11226);
#11225 = CARTESIAN_POINT('',(-14.43661472133,-18.16522988225,-2.));
#11226 = VECTOR('',#11227,1.);
#11227 = DIRECTION('',(0.,0.,1.));
#11228 = ORIENTED_EDGE('',*,*,#5032,.F.);
#11229 = SURFACE_OF_LINEAR_EXTRUSION('',#11230,#11253);
#11230 = B_SPLINE_CURVE_WITH_KNOTS('',3,(#11231,#11232,#11233,#11234,
    #11235,#11236,#11237,#11238,#11239,#11240,#11241,#11242,#11243,
    #11244,#11245,#11246,#11247,#11248,#11249,#11250,#11251,#11252),
  .UNSPECIFIED.,.F.,.F.,(4,1,1,1,1,1,1,1,1,1,1,1,1,1,1,1,1,1,1,4),(0.,
    0.189906477077,0.372642952354,0.548209425831,0.716605897509,
    0.87783236739,1.031888835474,1.178775301764,1.318491766261,
    1.451038228967,1.576414689885,1.694621149018,1.805657606368,
    1.909524061941,2.006220515742,2.095746967776,2.178103418053,
    2.253289866581,2.321306313375,2.382152758453),.UNSPECIFIED.);
#11231 = CARTESIAN_POINT('',(-16.69052505746,-18.90477013732,-2.));
#11232 = CARTESIAN_POINT('',(-16.62824339436,-18.89344828968,-2.));
#11233 = CARTESIAN_POINT('',(-16.50622090415,-18.87017756985,-2.));
#11234 = CARTESIAN_POINT('',(-16.32734297938,-18.83277899455,-2.));
#11235 = CARTESIAN_POINT('',(-16.15614364888,-18.79382258418,-2.));
#11236 = CARTESIAN_POINT('',(-15.99262075097,-18.75356628873,-2.));
#11237 = CARTESIAN_POINT('',(-15.83676449101,-18.71226859889,-2.));
#11238 = CARTESIAN_POINT('',(-15.68855858598,-18.67018692924,-2.));
#11239 = CARTESIAN_POINT('',(-15.54798000706,-18.62757782954,-2.));
#11240 = CARTESIAN_POINT('',(-15.41499907933,-18.58469673667,-2.));
#11241 = CARTESIAN_POINT('',(-15.28957949617,-18.54179784271,-2.));
#11242 = CARTESIAN_POINT('',(-15.17167835904,-18.49913393526,-2.));
#11243 = CARTESIAN_POINT('',(-15.06124621602,-18.45695624454,-2.));
#11244 = CARTESIAN_POINT('',(-14.95822710169,-18.41551429416,-2.));
#11245 = CARTESIAN_POINT('',(-14.86255859175,-18.37505573799,-2.));
#11246 = CARTESIAN_POINT('',(-14.77417182135,-18.33582624962,-2.));
#11247 = CARTESIAN_POINT('',(-14.69299163987,-18.29806924002,-2.));
#11248 = CARTESIAN_POINT('',(-14.61893632594,-18.26202615175,-2.));
#11249 = CARTESIAN_POINT('',(-14.55191876609,-18.22793485764,-2.));
#11250 = CARTESIAN_POINT('',(-14.49184287709,-18.19603424336,-2.));
#11251 = CARTESIAN_POINT('',(-14.45426711594,-18.17521919092,-2.));
#11252 = CARTESIAN_POINT('',(-14.43661472133,-18.16522988225,-2.));
#11253 = VECTOR('',#11254,1.);
#11254 = DIRECTION('',(0.,-0.,-1.));
#11255 = ADVANCED_FACE('',(#11256),#11267,.F.);
#11256 = FACE_BOUND('',#11257,.F.);
#11257 = EDGE_LOOP('',(#11258,#11264,#11265,#11266));
#11258 = ORIENTED_EDGE('',*,*,#11259,.T.);
#11259 = EDGE_CURVE('',#5985,#2460,#11260,.T.);
#11260 = LINE('',#11261,#11262);
#11261 = CARTESIAN_POINT('',(21.912610721464,-18.82231011486,-2.));
#11262 = VECTOR('',#11263,1.);
#11263 = DIRECTION('',(0.,0.,1.));
#11264 = ORIENTED_EDGE('',*,*,#2486,.T.);
#11265 = ORIENTED_EDGE('',*,*,#11183,.F.);
#11266 = ORIENTED_EDGE('',*,*,#6011,.F.);
#11267 = SURFACE_OF_LINEAR_EXTRUSION('',#11268,#11271);
#11268 = B_SPLINE_CURVE_WITH_KNOTS('',1,(#11269,#11270),.UNSPECIFIED.,
  .F.,.F.,(2,2),(0.,0.840437162419),.PIECEWISE_BEZIER_KNOTS.);
#11269 = CARTESIAN_POINT('',(21.912610721464,-18.82231011486,-2.));
#11270 = CARTESIAN_POINT('',(22.436614721335,-18.16522988225,-2.));
#11271 = VECTOR('',#11272,1.);
#11272 = DIRECTION('',(0.,-0.,-1.));
#11273 = ADVANCED_FACE('',(#11274),#11285,.F.);
#11274 = FACE_BOUND('',#11275,.F.);
#11275 = EDGE_LOOP('',(#11276,#11277,#11278,#11284));
#11276 = ORIENTED_EDGE('',*,*,#11223,.T.);
#11277 = ORIENTED_EDGE('',*,*,#1534,.T.);
#11278 = ORIENTED_EDGE('',*,*,#11279,.F.);
#11279 = EDGE_CURVE('',#5060,#1535,#11280,.T.);
#11280 = LINE('',#11281,#11282);
#11281 = CARTESIAN_POINT('',(-13.91261072146,-18.82231011486,-2.));
#11282 = VECTOR('',#11283,1.);
#11283 = DIRECTION('',(0.,0.,1.));
#11284 = ORIENTED_EDGE('',*,*,#5059,.F.);
#11285 = SURFACE_OF_LINEAR_EXTRUSION('',#11286,#11289);
#11286 = B_SPLINE_CURVE_WITH_KNOTS('',1,(#11287,#11288),.UNSPECIFIED.,
  .F.,.F.,(2,2),(0.,0.840437162419),.PIECEWISE_BEZIER_KNOTS.);
#11287 = CARTESIAN_POINT('',(-14.43661472133,-18.16522988225,-2.));
#11288 = CARTESIAN_POINT('',(-13.91261072146,-18.82231011486,-2.));
#11289 = VECTOR('',#11290,1.);
#11290 = DIRECTION('',(0.,-0.,-1.));
#11291 = ADVANCED_FACE('',(#11292),#11303,.F.);
#11292 = FACE_BOUND('',#11293,.F.);
#11293 = EDGE_LOOP('',(#11294,#11300,#11301,#11302));
#11294 = ORIENTED_EDGE('',*,*,#11295,.T.);
#11295 = EDGE_CURVE('',#5978,#2453,#11296,.T.);
#11296 = LINE('',#11297,#11298);
#11297 = CARTESIAN_POINT('',(23.135151391363,-20.85514702485,-2.));
#11298 = VECTOR('',#11299,1.);
#11299 = DIRECTION('',(0.,0.,1.));
#11300 = ORIENTED_EDGE('',*,*,#2459,.T.);
#11301 = ORIENTED_EDGE('',*,*,#11259,.F.);
#11302 = ORIENTED_EDGE('',*,*,#5984,.F.);
#11303 = SURFACE_OF_LINEAR_EXTRUSION('',#11304,#11327);
#11304 = B_SPLINE_CURVE_WITH_KNOTS('',3,(#11305,#11306,#11307,#11308,
    #11309,#11310,#11311,#11312,#11313,#11314,#11315,#11316,#11317,
    #11318,#11319,#11320,#11321,#11322,#11323,#11324,#11325,#11326),
  .UNSPECIFIED.,.F.,.F.,(4,1,1,1,1,1,1,1,1,1,1,1,1,1,1,1,1,1,1,4),(0.,
    0.189906477077,0.372642952354,0.548209425831,0.716605897509,
    0.87783236739,1.031888835474,1.178775301764,1.318491766261,
    1.451038228967,1.576414689885,1.694621149018,1.805657606368,
    1.909524061941,2.006220515742,2.095746967776,2.178103418053,
    2.253289866581,2.321306313375,2.382152758453),.UNSPECIFIED.);
#11305 = CARTESIAN_POINT('',(23.135151391363,-20.85514702485,-2.));
#11306 = CARTESIAN_POINT('',(23.110254432244,-20.79694624119,-2.));
#11307 = CARTESIAN_POINT('',(23.060414599454,-20.68316133188,-2.));
#11308 = CARTESIAN_POINT('',(22.984149601635,-20.51709021606,-2.));
#11309 = CARTESIAN_POINT('',(22.90807447489,-20.35885182702,-2.));
#11310 = CARTESIAN_POINT('',(22.832440220857,-20.20838665803,-2.));
#11311 = CARTESIAN_POINT('',(22.757496669789,-20.06562764042,-2.));
#11312 = CARTESIAN_POINT('',(22.683491159052,-19.93050161929,-2.));
#11313 = CARTESIAN_POINT('',(22.610668681763,-19.80292905551,-2.));
#11314 = CARTESIAN_POINT('',(22.539271667183,-19.68282417811,-2.));
#11315 = CARTESIAN_POINT('',(22.469539855279,-19.57009502771,-2.));
#11316 = CARTESIAN_POINT('',(22.401710149913,-19.46464353077,-2.));
#11317 = CARTESIAN_POINT('',(22.336016478361,-19.36636557127,-2.));
#11318 = CARTESIAN_POINT('',(22.272689654661,-19.27515106272,-2.));
#11319 = CARTESIAN_POINT('',(22.211957232779,-19.19088403777,-2.));
#11320 = CARTESIAN_POINT('',(22.154043402894,-19.11344269063,-2.));
#11321 = CARTESIAN_POINT('',(22.099168750548,-19.04269959082,-2.));
#11322 = CARTESIAN_POINT('',(22.04755048014,-18.9785213399,-2.));
#11323 = CARTESIAN_POINT('',(21.999401115938,-18.9207700768,-2.));
#11324 = CARTESIAN_POINT('',(21.954932173729,-18.86929897024,-2.));
#11325 = CARTESIAN_POINT('',(21.926277604644,-18.83729709679,-2.));
#11326 = CARTESIAN_POINT('',(21.912610721464,-18.82231011486,-2.));
#11327 = VECTOR('',#11328,1.);
#11328 = DIRECTION('',(0.,-0.,-1.));
#11329 = ADVANCED_FACE('',(#11330),#11341,.F.);
#11330 = FACE_BOUND('',#11331,.F.);
#11331 = EDGE_LOOP('',(#11332,#11333,#11334,#11340));
#11332 = ORIENTED_EDGE('',*,*,#11279,.T.);
#11333 = ORIENTED_EDGE('',*,*,#1541,.T.);
#11334 = ORIENTED_EDGE('',*,*,#11335,.F.);
#11335 = EDGE_CURVE('',#5067,#1542,#11336,.T.);
#11336 = LINE('',#11337,#11338);
#11337 = CARTESIAN_POINT('',(-15.13515139136,-20.85514702485,-2.));
#11338 = VECTOR('',#11339,1.);
#11339 = DIRECTION('',(0.,0.,1.));
#11340 = ORIENTED_EDGE('',*,*,#5066,.F.);
#11341 = SURFACE_OF_LINEAR_EXTRUSION('',#11342,#11365);
#11342 = B_SPLINE_CURVE_WITH_KNOTS('',3,(#11343,#11344,#11345,#11346,
    #11347,#11348,#11349,#11350,#11351,#11352,#11353,#11354,#11355,
    #11356,#11357,#11358,#11359,#11360,#11361,#11362,#11363,#11364),
  .UNSPECIFIED.,.F.,.F.,(4,1,1,1,1,1,1,1,1,1,1,1,1,1,1,1,1,1,1,4),(0.,
    6.084644507817E-02,0.128862891872,0.204049340401,0.286405790677,
    0.375932242711,0.472628696512,0.576495152085,0.687531609436,
    0.805738068568,0.931114529486,1.063660992193,1.20337745669,
    1.350263922979,1.504320391064,1.665546860944,1.833943332622,
    2.009509806099,2.192246281376,2.382152758453),.UNSPECIFIED.);
#11343 = CARTESIAN_POINT('',(-13.91261072146,-18.82231011486,-2.));
#11344 = CARTESIAN_POINT('',(-13.92627760464,-18.83729709679,-2.));
#11345 = CARTESIAN_POINT('',(-13.95493217372,-18.86929897024,-2.));
#11346 = CARTESIAN_POINT('',(-13.99940111593,-18.9207700768,-2.));
#11347 = CARTESIAN_POINT('',(-14.04755048014,-18.9785213399,-2.));
#11348 = CARTESIAN_POINT('',(-14.09916875054,-19.04269959082,-2.));
#11349 = CARTESIAN_POINT('',(-14.15404340289,-19.11344269063,-2.));
#11350 = CARTESIAN_POINT('',(-14.21195723277,-19.19088403777,-2.));
#11351 = CARTESIAN_POINT('',(-14.27268965466,-19.27515106272,-2.));
#11352 = CARTESIAN_POINT('',(-14.33601647836,-19.36636557127,-2.));
#11353 = CARTESIAN_POINT('',(-14.40171014991,-19.46464353077,-2.));
#11354 = CARTESIAN_POINT('',(-14.46953985527,-19.5700950277,-2.));
#11355 = CARTESIAN_POINT('',(-14.53927166718,-19.68282417811,-2.));
#11356 = CARTESIAN_POINT('',(-14.61066868176,-19.80292905551,-2.));
#11357 = CARTESIAN_POINT('',(-14.68349115905,-19.93050161929,-2.));
#11358 = CARTESIAN_POINT('',(-14.75749666978,-20.06562764042,-2.));
#11359 = CARTESIAN_POINT('',(-14.83244022085,-20.20838665803,-2.));
#11360 = CARTESIAN_POINT('',(-14.90807447489,-20.35885182702,-2.));
#11361 = CARTESIAN_POINT('',(-14.98414960163,-20.51709021606,-2.));
#11362 = CARTESIAN_POINT('',(-15.06041459945,-20.68316133188,-2.));
#11363 = CARTESIAN_POINT('',(-15.11025443224,-20.79694624119,-2.));
#11364 = CARTESIAN_POINT('',(-15.13515139136,-20.85514702485,-2.));
#11365 = VECTOR('',#11366,1.);
#11366 = DIRECTION('',(0.,-0.,-1.));
#11367 = ADVANCED_FACE('',(#11368),#11379,.F.);
#11368 = FACE_BOUND('',#11369,.F.);
#11369 = EDGE_LOOP('',(#11370,#11376,#11377,#11378));
#11370 = ORIENTED_EDGE('',*,*,#11371,.T.);
#11371 = EDGE_CURVE('',#5951,#2426,#11372,.T.);
#11372 = LINE('',#11373,#11374);
#11373 = CARTESIAN_POINT('',(22.614676432032,-21.42824779863,-2.));
#11374 = VECTOR('',#11375,1.);
#11375 = DIRECTION('',(0.,0.,1.));
#11376 = ORIENTED_EDGE('',*,*,#2452,.T.);
#11377 = ORIENTED_EDGE('',*,*,#11295,.F.);
#11378 = ORIENTED_EDGE('',*,*,#5977,.F.);
#11379 = SURFACE_OF_LINEAR_EXTRUSION('',#11380,#11383);
#11380 = B_SPLINE_CURVE_WITH_KNOTS('',1,(#11381,#11382),.UNSPECIFIED.,
  .F.,.F.,(2,2),(0.,0.774169671453),.PIECEWISE_BEZIER_KNOTS.);
#11381 = CARTESIAN_POINT('',(22.614676432032,-21.42824779863,-2.));
#11382 = CARTESIAN_POINT('',(23.135151391363,-20.85514702485,-2.));
#11383 = VECTOR('',#11384,1.);
#11384 = DIRECTION('',(0.,-0.,-1.));
#11385 = ADVANCED_FACE('',(#11386),#11397,.F.);
#11386 = FACE_BOUND('',#11387,.F.);
#11387 = EDGE_LOOP('',(#11388,#11389,#11390,#11396));
#11388 = ORIENTED_EDGE('',*,*,#11335,.T.);
#11389 = ORIENTED_EDGE('',*,*,#1568,.T.);
#11390 = ORIENTED_EDGE('',*,*,#11391,.F.);
#11391 = EDGE_CURVE('',#5094,#1569,#11392,.T.);
#11392 = LINE('',#11393,#11394);
#11393 = CARTESIAN_POINT('',(-14.61467643203,-21.42824779863,-2.));
#11394 = VECTOR('',#11395,1.);
#11395 = DIRECTION('',(0.,0.,1.));
#11396 = ORIENTED_EDGE('',*,*,#5093,.F.);
#11397 = SURFACE_OF_LINEAR_EXTRUSION('',#11398,#11401);
#11398 = B_SPLINE_CURVE_WITH_KNOTS('',1,(#11399,#11400),.UNSPECIFIED.,
  .F.,.F.,(2,2),(0.,0.774169671453),.PIECEWISE_BEZIER_KNOTS.);
#11399 = CARTESIAN_POINT('',(-15.13515139136,-20.85514702485,-2.));
#11400 = CARTESIAN_POINT('',(-14.61467643203,-21.42824779863,-2.));
#11401 = VECTOR('',#11402,1.);
#11402 = DIRECTION('',(0.,-0.,-1.));
#11403 = ADVANCED_FACE('',(#11404),#11415,.F.);
#11404 = FACE_BOUND('',#11405,.F.);
#11405 = EDGE_LOOP('',(#11406,#11412,#11413,#11414));
#11406 = ORIENTED_EDGE('',*,*,#11407,.T.);
#11407 = EDGE_CURVE('',#5944,#2419,#11408,.T.);
#11408 = LINE('',#11409,#11410);
#11409 = CARTESIAN_POINT('',(20.473840977376,-20.40655550236,-2.));
#11410 = VECTOR('',#11411,1.);
#11411 = DIRECTION('',(0.,0.,1.));
#11412 = ORIENTED_EDGE('',*,*,#2425,.T.);
#11413 = ORIENTED_EDGE('',*,*,#11371,.F.);
#11414 = ORIENTED_EDGE('',*,*,#5950,.F.);
#11415 = SURFACE_OF_LINEAR_EXTRUSION('',#11416,#11439);
#11416 = B_SPLINE_CURVE_WITH_KNOTS('',3,(#11417,#11418,#11419,#11420,
    #11421,#11422,#11423,#11424,#11425,#11426,#11427,#11428,#11429,
    #11430,#11431,#11432,#11433,#11434,#11435,#11436,#11437,#11438),
  .UNSPECIFIED.,.F.,.F.,(4,1,1,1,1,1,1,1,1,1,1,1,1,1,1,1,1,1,1,4),(0.,
    6.084644507817E-02,0.128862891872,0.204049340401,0.286405790677,
    0.375932242711,0.472628696512,0.576495152085,0.687531609436,
    0.805738068568,0.931114529486,1.063660992193,1.20337745669,
    1.350263922979,1.504320391064,1.665546860944,1.833943332622,
    2.009509806099,2.192246281376,2.382152758453),.UNSPECIFIED.);
#11417 = CARTESIAN_POINT('',(20.473840977376,-20.40655550236,-2.));
#11418 = CARTESIAN_POINT('',(20.490071041626,-20.41872013706,-2.));
#11419 = CARTESIAN_POINT('',(20.524676536471,-20.4441693799,-2.));
#11420 = CARTESIAN_POINT('',(20.580179843245,-20.48349042475,-2.));
#11421 = CARTESIAN_POINT('',(20.64228769193,-20.52587184514,-2.));
#11422 = CARTESIAN_POINT('',(20.711125924922,-20.5710890035,-2.));
#11423 = CARTESIAN_POINT('',(20.78681135902,-20.61891711977,-2.));
#11424 = CARTESIAN_POINT('',(20.869455919628,-20.66912718391,-2.));
#11425 = CARTESIAN_POINT('',(20.959165267094,-20.72148739341,-2.));
#11426 = CARTESIAN_POINT('',(21.05603911693,-20.77576289789,-2.));
#11427 = CARTESIAN_POINT('',(21.160171050209,-20.83171605936,-2.));
#11428 = CARTESIAN_POINT('',(21.271648481243,-20.88910655949,-2.));
#11429 = CARTESIAN_POINT('',(21.390552582556,-20.94769155444,-2.));
#11430 = CARTESIAN_POINT('',(21.516958226266,-21.00722581773,-2.));
#11431 = CARTESIAN_POINT('',(21.650933926263,-21.06746188697,-2.));
#11432 = CARTESIAN_POINT('',(21.792541778384,-21.12815021718,-2.));
#11433 = CARTESIAN_POINT('',(21.94183742924,-21.18903930971,-2.));
#11434 = CARTESIAN_POINT('',(22.098869945616,-21.24987594558,-2.));
#11435 = CARTESIAN_POINT('',(22.2636820968,-21.31040500883,-2.));
#11436 = CARTESIAN_POINT('',(22.436309012612,-21.37037094365,-2.));
#11437 = CARTESIAN_POINT('',(22.554353906263,-21.40905450091,-2.));
#11438 = CARTESIAN_POINT('',(22.614676432032,-21.42824779863,-2.));
#11439 = VECTOR('',#11440,1.);
#11440 = DIRECTION('',(0.,-0.,-1.));
#11441 = ADVANCED_FACE('',(#11442),#11453,.F.);
#11442 = FACE_BOUND('',#11443,.F.);
#11443 = EDGE_LOOP('',(#11444,#11445,#11446,#11452));
#11444 = ORIENTED_EDGE('',*,*,#11391,.T.);
#11445 = ORIENTED_EDGE('',*,*,#1575,.T.);
#11446 = ORIENTED_EDGE('',*,*,#11447,.F.);
#11447 = EDGE_CURVE('',#5101,#1576,#11448,.T.);
#11448 = LINE('',#11449,#11450);
#11449 = CARTESIAN_POINT('',(-12.47384097737,-20.40655550236,-2.));
#11450 = VECTOR('',#11451,1.);
#11451 = DIRECTION('',(0.,0.,1.));
#11452 = ORIENTED_EDGE('',*,*,#5100,.F.);
#11453 = SURFACE_OF_LINEAR_EXTRUSION('',#11454,#11477);
#11454 = B_SPLINE_CURVE_WITH_KNOTS('',3,(#11455,#11456,#11457,#11458,
    #11459,#11460,#11461,#11462,#11463,#11464,#11465,#11466,#11467,
    #11468,#11469,#11470,#11471,#11472,#11473,#11474,#11475,#11476),
  .UNSPECIFIED.,.F.,.F.,(4,1,1,1,1,1,1,1,1,1,1,1,1,1,1,1,1,1,1,4),(0.,
    0.189906477077,0.372642952354,0.548209425831,0.716605897509,
    0.87783236739,1.031888835474,1.178775301764,1.318491766261,
    1.451038228967,1.576414689885,1.694621149018,1.805657606368,
    1.909524061941,2.006220515742,2.095746967776,2.178103418053,
    2.253289866581,2.321306313375,2.382152758453),.UNSPECIFIED.);
#11455 = CARTESIAN_POINT('',(-14.61467643203,-21.42824779863,-2.));
#11456 = CARTESIAN_POINT('',(-14.55435390626,-21.40905450091,-2.));
#11457 = CARTESIAN_POINT('',(-14.43630901261,-21.37037094365,-2.));
#11458 = CARTESIAN_POINT('',(-14.2636820968,-21.31040500883,-2.));
#11459 = CARTESIAN_POINT('',(-14.09886994561,-21.24987594558,-2.));
#11460 = CARTESIAN_POINT('',(-13.94183742924,-21.18903930971,-2.));
#11461 = CARTESIAN_POINT('',(-13.79254177838,-21.12815021718,-2.));
#11462 = CARTESIAN_POINT('',(-13.65093392626,-21.06746188697,-2.));
#11463 = CARTESIAN_POINT('',(-13.51695822626,-21.00722581773,-2.));
#11464 = CARTESIAN_POINT('',(-13.39055258255,-20.94769155444,-2.));
#11465 = CARTESIAN_POINT('',(-13.27164848124,-20.88910655949,-2.));
#11466 = CARTESIAN_POINT('',(-13.1601710502,-20.83171605936,-2.));
#11467 = CARTESIAN_POINT('',(-13.05603911693,-20.77576289789,-2.));
#11468 = CARTESIAN_POINT('',(-12.95916526709,-20.72148739341,-2.));
#11469 = CARTESIAN_POINT('',(-12.86945591962,-20.66912718391,-2.));
#11470 = CARTESIAN_POINT('',(-12.78681135902,-20.61891711977,-2.));
#11471 = CARTESIAN_POINT('',(-12.71112592492,-20.5710890035,-2.));
#11472 = CARTESIAN_POINT('',(-12.64228769193,-20.52587184514,-2.));
#11473 = CARTESIAN_POINT('',(-12.58017984324,-20.48349042475,-2.));
#11474 = CARTESIAN_POINT('',(-12.52467653647,-20.4441693799,-2.));
#11475 = CARTESIAN_POINT('',(-12.49007104162,-20.41872013706,-2.));
#11476 = CARTESIAN_POINT('',(-12.47384097737,-20.40655550236,-2.));
#11477 = VECTOR('',#11478,1.);
#11478 = DIRECTION('',(0.,-0.,-1.));
#11479 = ADVANCED_FACE('',(#11480),#11491,.F.);
#11480 = FACE_BOUND('',#11481,.F.);
#11481 = EDGE_LOOP('',(#11482,#11488,#11489,#11490));
#11482 = ORIENTED_EDGE('',*,*,#11483,.T.);
#11483 = EDGE_CURVE('',#5917,#2392,#11484,.T.);
#11484 = LINE('',#11485,#11486);
#11485 = CARTESIAN_POINT('',(19.870113487954,-20.99123297113,-2.));
#11486 = VECTOR('',#11487,1.);
#11487 = DIRECTION('',(0.,0.,1.));
#11488 = ORIENTED_EDGE('',*,*,#2418,.T.);
#11489 = ORIENTED_EDGE('',*,*,#11407,.F.);
#11490 = ORIENTED_EDGE('',*,*,#5943,.F.);
#11491 = SURFACE_OF_LINEAR_EXTRUSION('',#11492,#11495);
#11492 = B_SPLINE_CURVE_WITH_KNOTS('',1,(#11493,#11494),.UNSPECIFIED.,
  .F.,.F.,(2,2),(0.,0.840437162419),.PIECEWISE_BEZIER_KNOTS.);
#11493 = CARTESIAN_POINT('',(19.870113487954,-20.99123297113,-2.));
#11494 = CARTESIAN_POINT('',(20.473840977376,-20.40655550236,-2.));
#11495 = VECTOR('',#11496,1.);
#11496 = DIRECTION('',(0.,-0.,-1.));
#11497 = ADVANCED_FACE('',(#11498),#11509,.F.);
#11498 = FACE_BOUND('',#11499,.F.);
#11499 = EDGE_LOOP('',(#11500,#11501,#11502,#11508));
#11500 = ORIENTED_EDGE('',*,*,#11447,.T.);
#11501 = ORIENTED_EDGE('',*,*,#1602,.T.);
#11502 = ORIENTED_EDGE('',*,*,#11503,.F.);
#11503 = EDGE_CURVE('',#5128,#1603,#11504,.T.);
#11504 = LINE('',#11505,#11506);
#11505 = CARTESIAN_POINT('',(-11.87011348795,-20.99123297113,-2.));
#11506 = VECTOR('',#11507,1.);
#11507 = DIRECTION('',(0.,0.,1.));
#11508 = ORIENTED_EDGE('',*,*,#5127,.F.);
#11509 = SURFACE_OF_LINEAR_EXTRUSION('',#11510,#11513);
#11510 = B_SPLINE_CURVE_WITH_KNOTS('',1,(#11511,#11512),.UNSPECIFIED.,
  .F.,.F.,(2,2),(0.,0.840437162419),.PIECEWISE_BEZIER_KNOTS.);
#11511 = CARTESIAN_POINT('',(-12.47384097737,-20.40655550236,-2.));
#11512 = CARTESIAN_POINT('',(-11.87011348795,-20.99123297113,-2.));
#11513 = VECTOR('',#11514,1.);
#11514 = DIRECTION('',(0.,-0.,-1.));
#11515 = ADVANCED_FACE('',(#11516),#11527,.F.);
#11516 = FACE_BOUND('',#11517,.F.);
#11517 = EDGE_LOOP('',(#11518,#11524,#11525,#11526));
#11518 = ORIENTED_EDGE('',*,*,#11519,.T.);
#11519 = EDGE_CURVE('',#5910,#2385,#11520,.T.);
#11520 = LINE('',#11521,#11522);
#11521 = CARTESIAN_POINT('',(20.822663701636,-23.1637153491,-2.));
#11522 = VECTOR('',#11523,1.);
#11523 = DIRECTION('',(0.,0.,1.));
#11524 = ORIENTED_EDGE('',*,*,#2391,.T.);
#11525 = ORIENTED_EDGE('',*,*,#11483,.F.);
#11526 = ORIENTED_EDGE('',*,*,#5916,.F.);
#11527 = SURFACE_OF_LINEAR_EXTRUSION('',#11528,#11551);
#11528 = B_SPLINE_CURVE_WITH_KNOTS('',3,(#11529,#11530,#11531,#11532,
    #11533,#11534,#11535,#11536,#11537,#11538,#11539,#11540,#11541,
    #11542,#11543,#11544,#11545,#11546,#11547,#11548,#11549,#11550),
  .UNSPECIFIED.,.F.,.F.,(4,1,1,1,1,1,1,1,1,1,1,1,1,1,1,1,1,1,1,4),(0.,
    0.189906477077,0.372642952354,0.548209425831,0.716605897509,
    0.87783236739,1.031888835474,1.178775301764,1.318491766261,
    1.451038228967,1.576414689885,1.694621149018,1.805657606368,
    1.909524061941,2.006220515742,2.095746967776,2.178103418053,
    2.253289866581,2.321306313375,2.382152758453),.UNSPECIFIED.);
#11529 = CARTESIAN_POINT('',(20.822663701636,-23.1637153491,-2.));
#11530 = CARTESIAN_POINT('',(20.80541369723,-23.1028086406,-2.));
#11531 = CARTESIAN_POINT('',(20.770533540024,-22.98358452747,-2.));
#11532 = CARTESIAN_POINT('',(20.716131379711,-22.80912430176,-2.));
#11533 = CARTESIAN_POINT('',(20.660915904765,-22.64245677642,-2.));
#11534 = CARTESIAN_POINT('',(20.605143665655,-22.48355503065,-2.));
#11535 = CARTESIAN_POINT('',(20.549071018081,-22.33238449401,-2.));
#11536 = CARTESIAN_POINT('',(20.492952623617,-22.18890424099,-2.));
#11537 = CARTESIAN_POINT('',(20.437041635225,-22.05306671449,-2.));
#11538 = CARTESIAN_POINT('',(20.381589459974,-21.92481784889,-2.));
#11539 = CARTESIAN_POINT('',(20.326845629075,-21.80409709707,-2.));
#11540 = CARTESIAN_POINT('',(20.273057642776,-21.69083748527,-2.));
#11541 = CARTESIAN_POINT('',(20.220470821876,-21.58496566619,-2.));
#11542 = CARTESIAN_POINT('',(20.16932816298,-21.48640197303,-2.));
#11543 = CARTESIAN_POINT('',(20.119870181417,-21.39506048946,-2.));
#11544 = CARTESIAN_POINT('',(20.072334802944,-21.31084907852,-2.));
#11545 = CARTESIAN_POINT('',(20.026957097547,-21.23366956379,-2.));
#11546 = CARTESIAN_POINT('',(19.983969544995,-21.16341741751,-2.));
#11547 = CARTESIAN_POINT('',(19.943600554017,-21.09998308745,-2.));
#11548 = CARTESIAN_POINT('',(19.906078680224,-21.04324799585,-2.));
#11549 = CARTESIAN_POINT('',(19.881751673502,-21.00784459237,-2.));
#11550 = CARTESIAN_POINT('',(19.870113487954,-20.99123297113,-2.));
#11551 = VECTOR('',#11552,1.);
#11552 = DIRECTION('',(0.,-0.,-1.));
#11553 = ADVANCED_FACE('',(#11554),#11565,.F.);
#11554 = FACE_BOUND('',#11555,.F.);
#11555 = EDGE_LOOP('',(#11556,#11557,#11558,#11564));
#11556 = ORIENTED_EDGE('',*,*,#11503,.T.);
#11557 = ORIENTED_EDGE('',*,*,#1609,.T.);
#11558 = ORIENTED_EDGE('',*,*,#11559,.F.);
#11559 = EDGE_CURVE('',#5135,#1610,#11560,.T.);
#11560 = LINE('',#11561,#11562);
#11561 = CARTESIAN_POINT('',(-12.82266370163,-23.1637153491,-2.));
#11562 = VECTOR('',#11563,1.);
#11563 = DIRECTION('',(0.,0.,1.));
#11564 = ORIENTED_EDGE('',*,*,#5134,.F.);
#11565 = SURFACE_OF_LINEAR_EXTRUSION('',#11566,#11589);
#11566 = B_SPLINE_CURVE_WITH_KNOTS('',3,(#11567,#11568,#11569,#11570,
    #11571,#11572,#11573,#11574,#11575,#11576,#11577,#11578,#11579,
    #11580,#11581,#11582,#11583,#11584,#11585,#11586,#11587,#11588),
  .UNSPECIFIED.,.F.,.F.,(4,1,1,1,1,1,1,1,1,1,1,1,1,1,1,1,1,1,1,4),(0.,
    6.084644507817E-02,0.128862891872,0.204049340401,0.286405790677,
    0.375932242711,0.472628696512,0.576495152085,0.687531609436,
    0.805738068568,0.931114529486,1.063660992193,1.20337745669,
    1.350263922979,1.504320391064,1.665546860944,1.833943332622,
    2.009509806099,2.192246281376,2.382152758453),.UNSPECIFIED.);
#11567 = CARTESIAN_POINT('',(-11.87011348795,-20.99123297113,-2.));
#11568 = CARTESIAN_POINT('',(-11.8817516735,-21.00784459237,-2.));
#11569 = CARTESIAN_POINT('',(-11.90607868022,-21.04324799585,-2.));
#11570 = CARTESIAN_POINT('',(-11.94360055401,-21.09998308745,-2.));
#11571 = CARTESIAN_POINT('',(-11.98396954499,-21.16341741751,-2.));
#11572 = CARTESIAN_POINT('',(-12.02695709754,-21.23366956379,-2.));
#11573 = CARTESIAN_POINT('',(-12.07233480294,-21.31084907852,-2.));
#11574 = CARTESIAN_POINT('',(-12.11987018141,-21.39506048946,-2.));
#11575 = CARTESIAN_POINT('',(-12.16932816298,-21.48640197303,-2.));
#11576 = CARTESIAN_POINT('',(-12.22047082187,-21.58496566619,-2.));
#11577 = CARTESIAN_POINT('',(-12.27305764277,-21.69083748527,-2.));
#11578 = CARTESIAN_POINT('',(-12.32684562907,-21.80409709707,-2.));
#11579 = CARTESIAN_POINT('',(-12.38158945997,-21.92481784889,-2.));
#11580 = CARTESIAN_POINT('',(-12.43704163522,-22.05306671449,-2.));
#11581 = CARTESIAN_POINT('',(-12.49295262361,-22.18890424099,-2.));
#11582 = CARTESIAN_POINT('',(-12.54907101808,-22.33238449401,-2.));
#11583 = CARTESIAN_POINT('',(-12.60514366565,-22.48355503065,-2.));
#11584 = CARTESIAN_POINT('',(-12.66091590476,-22.64245677642,-2.));
#11585 = CARTESIAN_POINT('',(-12.71613137971,-22.80912430176,-2.));
#11586 = CARTESIAN_POINT('',(-12.77053354002,-22.98358452747,-2.));
#11587 = CARTESIAN_POINT('',(-12.80541369723,-23.1028086406,-2.));
#11588 = CARTESIAN_POINT('',(-12.82266370163,-23.1637153491,-2.));
#11589 = VECTOR('',#11590,1.);
#11590 = DIRECTION('',(0.,-0.,-1.));
#11591 = ADVANCED_FACE('',(#11592),#11603,.F.);
#11592 = FACE_BOUND('',#11593,.F.);
#11593 = EDGE_LOOP('',(#11594,#11600,#11601,#11602));
#11594 = ORIENTED_EDGE('',*,*,#11595,.T.);
#11595 = EDGE_CURVE('',#5883,#2358,#11596,.T.);
#11596 = LINE('',#11597,#11598);
#11597 = CARTESIAN_POINT('',(20.233175334217,-23.66555411293,-2.));
#11598 = VECTOR('',#11599,1.);
#11599 = DIRECTION('',(0.,0.,1.));
#11600 = ORIENTED_EDGE('',*,*,#2384,.T.);
#11601 = ORIENTED_EDGE('',*,*,#11519,.F.);
#11602 = ORIENTED_EDGE('',*,*,#5909,.F.);
#11603 = SURFACE_OF_LINEAR_EXTRUSION('',#11604,#11607);
#11604 = B_SPLINE_CURVE_WITH_KNOTS('',1,(#11605,#11606),.UNSPECIFIED.,
  .F.,.F.,(2,2),(0.,0.774169671453),.PIECEWISE_BEZIER_KNOTS.);
#11605 = CARTESIAN_POINT('',(20.233175334217,-23.66555411293,-2.));
#11606 = CARTESIAN_POINT('',(20.822663701636,-23.1637153491,-2.));
#11607 = VECTOR('',#11608,1.);
#11608 = DIRECTION('',(0.,-0.,-1.));
#11609 = ADVANCED_FACE('',(#11610),#11621,.F.);
#11610 = FACE_BOUND('',#11611,.F.);
#11611 = EDGE_LOOP('',(#11612,#11613,#11614,#11620));
#11612 = ORIENTED_EDGE('',*,*,#11559,.T.);
#11613 = ORIENTED_EDGE('',*,*,#1636,.T.);
#11614 = ORIENTED_EDGE('',*,*,#11615,.F.);
#11615 = EDGE_CURVE('',#5162,#1637,#11616,.T.);
#11616 = LINE('',#11617,#11618);
#11617 = CARTESIAN_POINT('',(-12.23317533421,-23.66555411293,-2.));
#11618 = VECTOR('',#11619,1.);
#11619 = DIRECTION('',(0.,0.,1.));
#11620 = ORIENTED_EDGE('',*,*,#5161,.F.);
#11621 = SURFACE_OF_LINEAR_EXTRUSION('',#11622,#11625);
#11622 = B_SPLINE_CURVE_WITH_KNOTS('',1,(#11623,#11624),.UNSPECIFIED.,
  .F.,.F.,(2,2),(0.,0.774169671453),.PIECEWISE_BEZIER_KNOTS.);
#11623 = CARTESIAN_POINT('',(-12.82266370163,-23.1637153491,-2.));
#11624 = CARTESIAN_POINT('',(-12.23317533421,-23.66555411293,-2.));
#11625 = VECTOR('',#11626,1.);
#11626 = DIRECTION('',(0.,-0.,-1.));
#11627 = ADVANCED_FACE('',(#11628),#11639,.F.);
#11628 = FACE_BOUND('',#11629,.F.);
#11629 = EDGE_LOOP('',(#11630,#11636,#11637,#11638));
#11630 = ORIENTED_EDGE('',*,*,#11631,.T.);
#11631 = EDGE_CURVE('',#5876,#2351,#11632,.T.);
#11632 = LINE('',#11633,#11634);
#11633 = CARTESIAN_POINT('',(18.240567220012,-22.37848593471,-2.));
#11634 = VECTOR('',#11635,1.);
#11635 = DIRECTION('',(0.,0.,1.));
#11636 = ORIENTED_EDGE('',*,*,#2357,.T.);
#11637 = ORIENTED_EDGE('',*,*,#11595,.F.);
#11638 = ORIENTED_EDGE('',*,*,#5882,.F.);
#11639 = SURFACE_OF_LINEAR_EXTRUSION('',#11640,#11663);
#11640 = B_SPLINE_CURVE_WITH_KNOTS('',3,(#11641,#11642,#11643,#11644,
    #11645,#11646,#11647,#11648,#11649,#11650,#11651,#11652,#11653,
    #11654,#11655,#11656,#11657,#11658,#11659,#11660,#11661,#11662),
  .UNSPECIFIED.,.F.,.F.,(4,1,1,1,1,1,1,1,1,1,1,1,1,1,1,1,1,1,1,4),(0.,
    6.084644507817E-02,0.128862891872,0.204049340401,0.286405790677,
    0.375932242711,0.472628696512,0.576495152085,0.687531609436,
    0.805738068568,0.931114529486,1.063660992193,1.20337745669,
    1.350263922979,1.504320391064,1.665546860944,1.833943332622,
    2.009509806099,2.192246281376,2.382152758453),.UNSPECIFIED.);
#11641 = CARTESIAN_POINT('',(18.240567220012,-22.37848593471,-2.));
#11642 = CARTESIAN_POINT('',(18.2551084567,-22.39262615248,-2.));
#11643 = CARTESIAN_POINT('',(18.28617546397,-22.42229170984,-2.));
#11644 = CARTESIAN_POINT('',(18.336194825753,-22.46838753479,-2.));
#11645 = CARTESIAN_POINT('',(18.392373154111,-22.51836317972,-2.));
#11646 = CARTESIAN_POINT('',(18.454863984291,-22.57201194368,-2.));
#11647 = CARTESIAN_POINT('',(18.523811918264,-22.62912583027,-2.));
#11648 = CARTESIAN_POINT('',(18.599357247681,-22.68949202231,-2.));
#11649 = CARTESIAN_POINT('',(18.681634407669,-22.75289413195,-2.));
#11650 = CARTESIAN_POINT('',(18.770772327074,-22.81911198825,-2.));
#11651 = CARTESIAN_POINT('',(18.866894207146,-22.8879218711,-2.));
#11652 = CARTESIAN_POINT('',(18.970117475746,-22.95909661349,-2.));
#11653 = CARTESIAN_POINT('',(19.08055369316,-23.03240574543,-2.));
#11654 = CARTESIAN_POINT('',(19.198308475671,-23.10761562818,-2.));
#11655 = CARTESIAN_POINT('',(19.323481419456,-23.18448959238,-2.));
#11656 = CARTESIAN_POINT('',(19.456166021655,-23.26278808243,-2.));
#11657 = CARTESIAN_POINT('',(19.59644963295,-23.34226878045,-2.));
#11658 = CARTESIAN_POINT('',(19.744413298217,-23.42268682086,-2.));
#11659 = CARTESIAN_POINT('',(19.900132059109,-23.50379465144,-2.));
#11660 = CARTESIAN_POINT('',(20.063673436786,-23.58534330679,-2.));
#11661 = CARTESIAN_POINT('',(20.175802439987,-23.63880451853,-2.));
#11662 = CARTESIAN_POINT('',(20.233175334217,-23.66555411293,-2.));
#11663 = VECTOR('',#11664,1.);
#11664 = DIRECTION('',(0.,-0.,-1.));
#11665 = ADVANCED_FACE('',(#11666),#11677,.F.);
#11666 = FACE_BOUND('',#11667,.F.);
#11667 = EDGE_LOOP('',(#11668,#11669,#11670,#11676));
#11668 = ORIENTED_EDGE('',*,*,#11615,.T.);
#11669 = ORIENTED_EDGE('',*,*,#1643,.T.);
#11670 = ORIENTED_EDGE('',*,*,#11671,.F.);
#11671 = EDGE_CURVE('',#5169,#1644,#11672,.T.);
#11672 = LINE('',#11673,#11674);
#11673 = CARTESIAN_POINT('',(-10.24056722001,-22.37848593471,-2.));
#11674 = VECTOR('',#11675,1.);
#11675 = DIRECTION('',(0.,0.,1.));
#11676 = ORIENTED_EDGE('',*,*,#5168,.F.);
#11677 = SURFACE_OF_LINEAR_EXTRUSION('',#11678,#11701);
#11678 = B_SPLINE_CURVE_WITH_KNOTS('',3,(#11679,#11680,#11681,#11682,
    #11683,#11684,#11685,#11686,#11687,#11688,#11689,#11690,#11691,
    #11692,#11693,#11694,#11695,#11696,#11697,#11698,#11699,#11700),
  .UNSPECIFIED.,.F.,.F.,(4,1,1,1,1,1,1,1,1,1,1,1,1,1,1,1,1,1,1,4),(0.,
    0.189906477077,0.372642952354,0.548209425831,0.716605897509,
    0.87783236739,1.031888835474,1.178775301764,1.318491766261,
    1.451038228967,1.576414689885,1.694621149018,1.805657606368,
    1.909524061941,2.006220515742,2.095746967776,2.178103418053,
    2.253289866581,2.321306313375,2.382152758453),.UNSPECIFIED.);
#11679 = CARTESIAN_POINT('',(-12.23317533421,-23.66555411293,-2.));
#11680 = CARTESIAN_POINT('',(-12.17580243998,-23.63880451853,-2.));
#11681 = CARTESIAN_POINT('',(-12.06367343678,-23.58534330679,-2.));
#11682 = CARTESIAN_POINT('',(-11.9001320591,-23.50379465144,-2.));
#11683 = CARTESIAN_POINT('',(-11.74441329821,-23.42268682086,-2.));
#11684 = CARTESIAN_POINT('',(-11.59644963295,-23.34226878045,-2.));
#11685 = CARTESIAN_POINT('',(-11.45616602165,-23.26278808243,-2.));
#11686 = CARTESIAN_POINT('',(-11.32348141945,-23.18448959238,-2.));
#11687 = CARTESIAN_POINT('',(-11.19830847567,-23.10761562818,-2.));
#11688 = CARTESIAN_POINT('',(-11.08055369316,-23.03240574543,-2.));
#11689 = CARTESIAN_POINT('',(-10.97011747574,-22.95909661349,-2.));
#11690 = CARTESIAN_POINT('',(-10.86689420714,-22.8879218711,-2.));
#11691 = CARTESIAN_POINT('',(-10.77077232707,-22.81911198825,-2.));
#11692 = CARTESIAN_POINT('',(-10.68163440766,-22.75289413195,-2.));
#11693 = CARTESIAN_POINT('',(-10.59935724768,-22.68949202231,-2.));
#11694 = CARTESIAN_POINT('',(-10.52381191826,-22.62912583027,-2.));
#11695 = CARTESIAN_POINT('',(-10.45486398429,-22.57201194368,-2.));
#11696 = CARTESIAN_POINT('',(-10.39237315411,-22.51836317972,-2.));
#11697 = CARTESIAN_POINT('',(-10.33619482575,-22.46838753479,-2.));
#11698 = CARTESIAN_POINT('',(-10.28617546397,-22.42229170984,-2.));
#11699 = CARTESIAN_POINT('',(-10.2551084567,-22.39262615248,-2.));
#11700 = CARTESIAN_POINT('',(-10.24056722001,-22.37848593471,-2.));
#11701 = VECTOR('',#11702,1.);
#11702 = DIRECTION('',(0.,-0.,-1.));
#11703 = ADVANCED_FACE('',(#11704),#11715,.F.);
#11704 = FACE_BOUND('',#11705,.F.);
#11705 = EDGE_LOOP('',(#11706,#11712,#11713,#11714));
#11706 = ORIENTED_EDGE('',*,*,#11707,.T.);
#11707 = EDGE_CURVE('',#5849,#2324,#11708,.T.);
#11708 = LINE('',#11709,#11710);
#11709 = CARTESIAN_POINT('',(17.567029429725,-22.88116025176,-2.));
#11710 = VECTOR('',#11711,1.);
#11711 = DIRECTION('',(0.,0.,1.));
#11712 = ORIENTED_EDGE('',*,*,#2350,.T.);
#11713 = ORIENTED_EDGE('',*,*,#11631,.F.);
#11714 = ORIENTED_EDGE('',*,*,#5875,.F.);
#11715 = SURFACE_OF_LINEAR_EXTRUSION('',#11716,#11719);
#11716 = B_SPLINE_CURVE_WITH_KNOTS('',1,(#11717,#11718),.UNSPECIFIED.,
  .F.,.F.,(2,2),(0.,0.840437162419),.PIECEWISE_BEZIER_KNOTS.);
#11717 = CARTESIAN_POINT('',(17.567029429725,-22.88116025176,-2.));
#11718 = CARTESIAN_POINT('',(18.240567220012,-22.37848593471,-2.));
#11719 = VECTOR('',#11720,1.);
#11720 = DIRECTION('',(0.,-0.,-1.));
#11721 = ADVANCED_FACE('',(#11722),#11733,.F.);
#11722 = FACE_BOUND('',#11723,.F.);
#11723 = EDGE_LOOP('',(#11724,#11725,#11726,#11732));
#11724 = ORIENTED_EDGE('',*,*,#11671,.T.);
#11725 = ORIENTED_EDGE('',*,*,#1670,.T.);
#11726 = ORIENTED_EDGE('',*,*,#11727,.F.);
#11727 = EDGE_CURVE('',#5196,#1671,#11728,.T.);
#11728 = LINE('',#11729,#11730);
#11729 = CARTESIAN_POINT('',(-9.567029429725,-22.88116025176,-2.));
#11730 = VECTOR('',#11731,1.);
#11731 = DIRECTION('',(0.,0.,1.));
#11732 = ORIENTED_EDGE('',*,*,#5195,.F.);
#11733 = SURFACE_OF_LINEAR_EXTRUSION('',#11734,#11737);
#11734 = B_SPLINE_CURVE_WITH_KNOTS('',1,(#11735,#11736),.UNSPECIFIED.,
  .F.,.F.,(2,2),(0.,0.840437162419),.PIECEWISE_BEZIER_KNOTS.);
#11735 = CARTESIAN_POINT('',(-10.24056722001,-22.37848593471,-2.));
#11736 = CARTESIAN_POINT('',(-9.567029429725,-22.88116025176,-2.));
#11737 = VECTOR('',#11738,1.);
#11738 = DIRECTION('',(0.,-0.,-1.));
#11739 = ADVANCED_FACE('',(#11740),#11751,.F.);
#11740 = FACE_BOUND('',#11741,.F.);
#11741 = EDGE_LOOP('',(#11742,#11748,#11749,#11750));
#11742 = ORIENTED_EDGE('',*,*,#11743,.T.);
#11743 = EDGE_CURVE('',#5842,#2317,#11744,.T.);
#11744 = LINE('',#11745,#11746);
#11745 = CARTESIAN_POINT('',(18.233948339016,-25.15761599713,-2.));
#11746 = VECTOR('',#11747,1.);
#11747 = DIRECTION('',(0.,0.,1.));
#11748 = ORIENTED_EDGE('',*,*,#2323,.T.);
#11749 = ORIENTED_EDGE('',*,*,#11707,.F.);
#11750 = ORIENTED_EDGE('',*,*,#5848,.F.);
#11751 = SURFACE_OF_LINEAR_EXTRUSION('',#11752,#11775);
#11752 = B_SPLINE_CURVE_WITH_KNOTS('',3,(#11753,#11754,#11755,#11756,
    #11757,#11758,#11759,#11760,#11761,#11762,#11763,#11764,#11765,
    #11766,#11767,#11768,#11769,#11770,#11771,#11772,#11773,#11774),
  .UNSPECIFIED.,.F.,.F.,(4,1,1,1,1,1,1,1,1,1,1,1,1,1,1,1,1,1,1,4),(0.,
    0.189906477077,0.372642952354,0.548209425831,0.716605897509,
    0.87783236739,1.031888835474,1.178775301764,1.318491766261,
    1.451038228967,1.576414689885,1.694621149018,1.805657606368,
    1.909524061941,2.006220515742,2.095746967776,2.178103418053,
    2.253289866581,2.321306313375,2.382152758453),.UNSPECIFIED.);
#11753 = CARTESIAN_POINT('',(18.233948339016,-25.15761599713,-2.));
#11754 = CARTESIAN_POINT('',(18.224628533919,-25.09500345026,-2.));
#11755 = CARTESIAN_POINT('',(18.205280783513,-24.97229778994,-2.));
#11756 = CARTESIAN_POINT('',(18.173634742675,-24.79231308642,-2.));
#11757 = CARTESIAN_POINT('',(18.1401855561,-24.61995310095,-2.));
#11758 = CARTESIAN_POINT('',(18.105191110537,-24.45522394068,-2.));
#11759 = CARTESIAN_POINT('',(18.068910077781,-24.29812410104,-2.));
#11760 = CARTESIAN_POINT('',(18.031600262074,-24.1486455579,-2.));
#11761 = CARTESIAN_POINT('',(17.993518819463,-24.00677351712,-2.));
#11762 = CARTESIAN_POINT('',(17.954922006726,-23.87248650615,-2.));
#11763 = CARTESIAN_POINT('',(17.916065049021,-23.74575638432,-2.));
#11764 = CARTESIAN_POINT('',(17.877201979037,-23.62654837734,-2.));
#11765 = CARTESIAN_POINT('',(17.838585482936,-23.51482111104,-2.));
#11766 = CARTESIAN_POINT('',(17.800466749889,-23.41052664638,-2.));
#11767 = CARTESIAN_POINT('',(17.763095307334,-23.31361052882,-2.));
#11768 = CARTESIAN_POINT('',(17.726718909873,-23.22401180312,-2.));
#11769 = CARTESIAN_POINT('',(17.691583252094,-23.14166315897,-2.));
#11770 = CARTESIAN_POINT('',(17.657932271823,-23.06649065563,-2.));
#11771 = CARTESIAN_POINT('',(17.626006511785,-22.99841484856,-2.));
#11772 = CARTESIAN_POINT('',(17.596047814538,-22.93734736056,-2.));
#11773 = CARTESIAN_POINT('',(17.576447818956,-22.89912374996,-2.));
#11774 = CARTESIAN_POINT('',(17.567029429725,-22.88116025176,-2.));
#11775 = VECTOR('',#11776,1.);
#11776 = DIRECTION('',(0.,-0.,-1.));
#11777 = ADVANCED_FACE('',(#11778),#11789,.F.);
#11778 = FACE_BOUND('',#11779,.F.);
#11779 = EDGE_LOOP('',(#11780,#11781,#11782,#11788));
#11780 = ORIENTED_EDGE('',*,*,#11727,.T.);
#11781 = ORIENTED_EDGE('',*,*,#1677,.T.);
#11782 = ORIENTED_EDGE('',*,*,#11783,.F.);
#11783 = EDGE_CURVE('',#5203,#1678,#11784,.T.);
#11784 = LINE('',#11785,#11786);
#11785 = CARTESIAN_POINT('',(-10.23394833901,-25.15761599713,-2.));
#11786 = VECTOR('',#11787,1.);
#11787 = DIRECTION('',(0.,0.,1.));
#11788 = ORIENTED_EDGE('',*,*,#5202,.F.);
#11789 = SURFACE_OF_LINEAR_EXTRUSION('',#11790,#11813);
#11790 = B_SPLINE_CURVE_WITH_KNOTS('',3,(#11791,#11792,#11793,#11794,
    #11795,#11796,#11797,#11798,#11799,#11800,#11801,#11802,#11803,
    #11804,#11805,#11806,#11807,#11808,#11809,#11810,#11811,#11812),
  .UNSPECIFIED.,.F.,.F.,(4,1,1,1,1,1,1,1,1,1,1,1,1,1,1,1,1,1,1,4),(0.,
    6.084644507817E-02,0.128862891872,0.204049340401,0.286405790677,
    0.375932242711,0.472628696512,0.576495152085,0.687531609436,
    0.805738068568,0.931114529486,1.063660992193,1.20337745669,
    1.350263922979,1.504320391064,1.665546860944,1.833943332622,
    2.009509806099,2.192246281376,2.382152758453),.UNSPECIFIED.);
#11791 = CARTESIAN_POINT('',(-9.567029429725,-22.88116025176,-2.));
#11792 = CARTESIAN_POINT('',(-9.576447818956,-22.89912374996,-2.));
#11793 = CARTESIAN_POINT('',(-9.596047814538,-22.93734736056,-2.));
#11794 = CARTESIAN_POINT('',(-9.626006511785,-22.99841484856,-2.));
#11795 = CARTESIAN_POINT('',(-9.657932271823,-23.06649065563,-2.));
#11796 = CARTESIAN_POINT('',(-9.691583252094,-23.14166315897,-2.));
#11797 = CARTESIAN_POINT('',(-9.726718909873,-23.22401180312,-2.));
#11798 = CARTESIAN_POINT('',(-9.763095307334,-23.31361052882,-2.));
#11799 = CARTESIAN_POINT('',(-9.800466749889,-23.41052664638,-2.));
#11800 = CARTESIAN_POINT('',(-9.838585482936,-23.51482111104,-2.));
#11801 = CARTESIAN_POINT('',(-9.877201979037,-23.62654837734,-2.));
#11802 = CARTESIAN_POINT('',(-9.916065049021,-23.74575638432,-2.));
#11803 = CARTESIAN_POINT('',(-9.954922006726,-23.87248650615,-2.));
#11804 = CARTESIAN_POINT('',(-9.993518819463,-24.00677351712,-2.));
#11805 = CARTESIAN_POINT('',(-10.03160026207,-24.1486455579,-2.));
#11806 = CARTESIAN_POINT('',(-10.06891007778,-24.29812410104,-2.));
#11807 = CARTESIAN_POINT('',(-10.10519111053,-24.45522394068,-2.));
#11808 = CARTESIAN_POINT('',(-10.1401855561,-24.61995310095,-2.));
#11809 = CARTESIAN_POINT('',(-10.17363474267,-24.79231308642,-2.));
#11810 = CARTESIAN_POINT('',(-10.20528078351,-24.97229778994,-2.));
#11811 = CARTESIAN_POINT('',(-10.22462853391,-25.09500345026,-2.));
#11812 = CARTESIAN_POINT('',(-10.23394833901,-25.15761599713,-2.));
#11813 = VECTOR('',#11814,1.);
#11814 = DIRECTION('',(0.,-0.,-1.));
#11815 = ADVANCED_FACE('',(#11816),#11827,.F.);
#11816 = FACE_BOUND('',#11817,.F.);
#11817 = EDGE_LOOP('',(#11818,#11824,#11825,#11826));
#11818 = ORIENTED_EDGE('',*,*,#11819,.T.);
#11819 = EDGE_CURVE('',#5815,#2290,#11820,.T.);
#11820 = LINE('',#11821,#11822);
#11821 = CARTESIAN_POINT('',(17.585125946203,-25.57995257237,-2.));
#11822 = VECTOR('',#11823,1.);
#11823 = DIRECTION('',(0.,0.,1.));
#11824 = ORIENTED_EDGE('',*,*,#2316,.T.);
#11825 = ORIENTED_EDGE('',*,*,#11743,.F.);
#11826 = ORIENTED_EDGE('',*,*,#5841,.F.);
#11827 = SURFACE_OF_LINEAR_EXTRUSION('',#11828,#11831);
#11828 = B_SPLINE_CURVE_WITH_KNOTS('',1,(#11829,#11830),.UNSPECIFIED.,
  .F.,.F.,(2,2),(0.,0.774169671453),.PIECEWISE_BEZIER_KNOTS.);
#11829 = CARTESIAN_POINT('',(17.585125946203,-25.57995257237,-2.));
#11830 = CARTESIAN_POINT('',(18.233948339016,-25.15761599713,-2.));
#11831 = VECTOR('',#11832,1.);
#11832 = DIRECTION('',(0.,-0.,-1.));
#11833 = ADVANCED_FACE('',(#11834),#11845,.F.);
#11834 = FACE_BOUND('',#11835,.F.);
#11835 = EDGE_LOOP('',(#11836,#11837,#11838,#11844));
#11836 = ORIENTED_EDGE('',*,*,#11783,.T.);
#11837 = ORIENTED_EDGE('',*,*,#1704,.T.);
#11838 = ORIENTED_EDGE('',*,*,#11839,.F.);
#11839 = EDGE_CURVE('',#5230,#1705,#11840,.T.);
#11840 = LINE('',#11841,#11842);
#11841 = CARTESIAN_POINT('',(-9.585125946203,-25.57995257237,-2.));
#11842 = VECTOR('',#11843,1.);
#11843 = DIRECTION('',(0.,0.,1.));
#11844 = ORIENTED_EDGE('',*,*,#5229,.F.);
#11845 = SURFACE_OF_LINEAR_EXTRUSION('',#11846,#11849);
#11846 = B_SPLINE_CURVE_WITH_KNOTS('',1,(#11847,#11848),.UNSPECIFIED.,
  .F.,.F.,(2,2),(0.,0.774169671453),.PIECEWISE_BEZIER_KNOTS.);
#11847 = CARTESIAN_POINT('',(-10.23394833901,-25.15761599713,-2.));
#11848 = CARTESIAN_POINT('',(-9.585125946203,-25.57995257237,-2.));
#11849 = VECTOR('',#11850,1.);
#11850 = DIRECTION('',(0.,-0.,-1.));
#11851 = ADVANCED_FACE('',(#11852),#11863,.F.);
#11852 = FACE_BOUND('',#11853,.F.);
#11853 = EDGE_LOOP('',(#11854,#11860,#11861,#11862));
#11854 = ORIENTED_EDGE('',*,*,#11855,.T.);
#11855 = EDGE_CURVE('',#5808,#2283,#11856,.T.);
#11856 = LINE('',#11857,#11858);
#11857 = CARTESIAN_POINT('',(15.773463742597,-24.0486421361,-2.));
#11858 = VECTOR('',#11859,1.);
#11859 = DIRECTION('',(0.,0.,1.));
#11860 = ORIENTED_EDGE('',*,*,#2289,.T.);
#11861 = ORIENTED_EDGE('',*,*,#11819,.F.);
#11862 = ORIENTED_EDGE('',*,*,#5814,.F.);
#11863 = SURFACE_OF_LINEAR_EXTRUSION('',#11864,#11887);
#11864 = B_SPLINE_CURVE_WITH_KNOTS('',3,(#11865,#11866,#11867,#11868,
    #11869,#11870,#11871,#11872,#11873,#11874,#11875,#11876,#11877,
    #11878,#11879,#11880,#11881,#11882,#11883,#11884,#11885,#11886),
  .UNSPECIFIED.,.F.,.F.,(4,1,1,1,1,1,1,1,1,1,1,1,1,1,1,1,1,1,1,4),(0.,
    6.084644507817E-02,0.128862891872,0.204049340401,0.286405790677,
    0.375932242711,0.472628696512,0.576495152085,0.687531609436,
    0.805738068568,0.931114529486,1.063660992193,1.20337745669,
    1.350263922979,1.504320391064,1.665546860944,1.833943332622,
    2.009509806099,2.192246281376,2.382152758453),.UNSPECIFIED.);
#11865 = CARTESIAN_POINT('',(15.773463742597,-24.0486421361,-2.));
#11866 = CARTESIAN_POINT('',(15.786077385019,-24.06452575496,-2.));
#11867 = CARTESIAN_POINT('',(15.813095785314,-24.09792051921,-2.));
#11868 = CARTESIAN_POINT('',(15.856809885568,-24.15003423209,-2.));
#11869 = CARTESIAN_POINT('',(15.906136246999,-24.20678350285,-2.));
#11870 = CARTESIAN_POINT('',(15.961253576664,-24.2679829612,-2.));
#11871 = CARTESIAN_POINT('',(16.022331887342,-24.33344480967,-2.));
#11872 = CARTESIAN_POINT('',(16.089537533349,-24.40297591841,-2.));
#11873 = CARTESIAN_POINT('',(16.163031517166,-24.47637886729,-2.));
#11874 = CARTESIAN_POINT('',(16.242969863969,-24.55345178004,-2.));
#11875 = CARTESIAN_POINT('',(16.329503372219,-24.6339885279,-2.));
#11876 = CARTESIAN_POINT('',(16.422777555169,-24.71777882526,-2.));
#11877 = CARTESIAN_POINT('',(16.522932529047,-24.80460836026,-2.));
#11878 = CARTESIAN_POINT('',(16.630102920085,-24.89425891827,-2.));
#11879 = CARTESIAN_POINT('',(16.744417771383,-24.98650850907,-2.));
#11880 = CARTESIAN_POINT('',(16.866000446159,-25.08113149993,-2.));
#11881 = CARTESIAN_POINT('',(16.994968564875,-25.17789873255,-2.));
#11882 = CARTESIAN_POINT('',(17.131433819738,-25.27657771551,-2.));
#11883 = CARTESIAN_POINT('',(17.275502292591,-25.37693252509,-2.));
#11884 = CARTESIAN_POINT('',(17.427272787233,-25.4787248743,-2.));
#11885 = CARTESIAN_POINT('',(17.53164474485,-25.5460859089,-2.));
#11886 = CARTESIAN_POINT('',(17.585125946203,-25.57995257237,-2.));
#11887 = VECTOR('',#11888,1.);
#11888 = DIRECTION('',(0.,-0.,-1.));
#11889 = ADVANCED_FACE('',(#11890),#11901,.F.);
#11890 = FACE_BOUND('',#11891,.F.);
#11891 = EDGE_LOOP('',(#11892,#11893,#11894,#11900));
#11892 = ORIENTED_EDGE('',*,*,#11839,.T.);
#11893 = ORIENTED_EDGE('',*,*,#1711,.T.);
#11894 = ORIENTED_EDGE('',*,*,#11895,.F.);
#11895 = EDGE_CURVE('',#5237,#1712,#11896,.T.);
#11896 = LINE('',#11897,#11898);
#11897 = CARTESIAN_POINT('',(-7.773463742597,-24.0486421361,-2.));
#11898 = VECTOR('',#11899,1.);
#11899 = DIRECTION('',(0.,0.,1.));
#11900 = ORIENTED_EDGE('',*,*,#5236,.F.);
#11901 = SURFACE_OF_LINEAR_EXTRUSION('',#11902,#11925);
#11902 = B_SPLINE_CURVE_WITH_KNOTS('',3,(#11903,#11904,#11905,#11906,
    #11907,#11908,#11909,#11910,#11911,#11912,#11913,#11914,#11915,
    #11916,#11917,#11918,#11919,#11920,#11921,#11922,#11923,#11924),
  .UNSPECIFIED.,.F.,.F.,(4,1,1,1,1,1,1,1,1,1,1,1,1,1,1,1,1,1,1,4),(0.,
    0.189906477077,0.372642952354,0.548209425831,0.716605897509,
    0.87783236739,1.031888835474,1.178775301764,1.318491766261,
    1.451038228967,1.576414689885,1.694621149018,1.805657606368,
    1.909524061941,2.006220515742,2.095746967776,2.178103418053,
    2.253289866581,2.321306313375,2.382152758453),.UNSPECIFIED.);
#11903 = CARTESIAN_POINT('',(-9.585125946203,-25.57995257237,-2.));
#11904 = CARTESIAN_POINT('',(-9.53164474485,-25.5460859089,-2.));
#11905 = CARTESIAN_POINT('',(-9.427272787233,-25.4787248743,-2.));
#11906 = CARTESIAN_POINT('',(-9.275502292591,-25.37693252509,-2.));
#11907 = CARTESIAN_POINT('',(-9.131433819738,-25.27657771551,-2.));
#11908 = CARTESIAN_POINT('',(-8.994968564875,-25.17789873255,-2.));
#11909 = CARTESIAN_POINT('',(-8.866000446159,-25.08113149993,-2.));
#11910 = CARTESIAN_POINT('',(-8.744417771383,-24.98650850907,-2.));
#11911 = CARTESIAN_POINT('',(-8.630102920085,-24.89425891827,-2.));
#11912 = CARTESIAN_POINT('',(-8.522932529047,-24.80460836026,-2.));
#11913 = CARTESIAN_POINT('',(-8.422777555169,-24.71777882526,-2.));
#11914 = CARTESIAN_POINT('',(-8.329503372219,-24.6339885279,-2.));
#11915 = CARTESIAN_POINT('',(-8.242969863969,-24.55345178004,-2.));
#11916 = CARTESIAN_POINT('',(-8.163031517166,-24.47637886729,-2.));
#11917 = CARTESIAN_POINT('',(-8.089537533349,-24.40297591841,-2.));
#11918 = CARTESIAN_POINT('',(-8.022331887342,-24.33344480967,-2.));
#11919 = CARTESIAN_POINT('',(-7.961253576664,-24.2679829612,-2.));
#11920 = CARTESIAN_POINT('',(-7.906136246999,-24.20678350285,-2.));
#11921 = CARTESIAN_POINT('',(-7.856809885568,-24.15003423209,-2.));
#11922 = CARTESIAN_POINT('',(-7.813095785314,-24.09792051921,-2.));
#11923 = CARTESIAN_POINT('',(-7.786077385019,-24.06452575496,-2.));
#11924 = CARTESIAN_POINT('',(-7.773463742597,-24.0486421361,-2.));
#11925 = VECTOR('',#11926,1.);
#11926 = DIRECTION('',(0.,-0.,-1.));
#11927 = ADVANCED_FACE('',(#11928),#11939,.F.);
#11928 = FACE_BOUND('',#11929,.F.);
#11929 = EDGE_LOOP('',(#11930,#11936,#11937,#11938));
#11930 = ORIENTED_EDGE('',*,*,#11931,.T.);
#11931 = EDGE_CURVE('',#5781,#2256,#11932,.T.);
#11932 = LINE('',#11933,#11934);
#11933 = CARTESIAN_POINT('',(15.041175123341,-24.46105940306,-2.));
#11934 = VECTOR('',#11935,1.);
#11935 = DIRECTION('',(0.,0.,1.));
#11936 = ORIENTED_EDGE('',*,*,#2282,.T.);
#11937 = ORIENTED_EDGE('',*,*,#11855,.F.);
#11938 = ORIENTED_EDGE('',*,*,#5807,.F.);
#11939 = SURFACE_OF_LINEAR_EXTRUSION('',#11940,#11943);
#11940 = B_SPLINE_CURVE_WITH_KNOTS('',1,(#11941,#11942),.UNSPECIFIED.,
  .F.,.F.,(2,2),(0.,0.840437162419),.PIECEWISE_BEZIER_KNOTS.);
#11941 = CARTESIAN_POINT('',(15.041175123341,-24.46105940306,-2.));
#11942 = CARTESIAN_POINT('',(15.773463742597,-24.0486421361,-2.));
#11943 = VECTOR('',#11944,1.);
#11944 = DIRECTION('',(0.,-0.,-1.));
#11945 = ADVANCED_FACE('',(#11946),#11957,.F.);
#11946 = FACE_BOUND('',#11947,.F.);
#11947 = EDGE_LOOP('',(#11948,#11949,#11950,#11956));
#11948 = ORIENTED_EDGE('',*,*,#11895,.T.);
#11949 = ORIENTED_EDGE('',*,*,#1738,.T.);
#11950 = ORIENTED_EDGE('',*,*,#11951,.F.);
#11951 = EDGE_CURVE('',#5264,#1739,#11952,.T.);
#11952 = LINE('',#11953,#11954);
#11953 = CARTESIAN_POINT('',(-7.041175123341,-24.46105940306,-2.));
#11954 = VECTOR('',#11955,1.);
#11955 = DIRECTION('',(0.,0.,1.));
#11956 = ORIENTED_EDGE('',*,*,#5263,.F.);
#11957 = SURFACE_OF_LINEAR_EXTRUSION('',#11958,#11961);
#11958 = B_SPLINE_CURVE_WITH_KNOTS('',1,(#11959,#11960),.UNSPECIFIED.,
  .F.,.F.,(2,2),(0.,0.840437162419),.PIECEWISE_BEZIER_KNOTS.);
#11959 = CARTESIAN_POINT('',(-7.773463742597,-24.0486421361,-2.));
#11960 = CARTESIAN_POINT('',(-7.041175123341,-24.46105940306,-2.));
#11961 = VECTOR('',#11962,1.);
#11962 = DIRECTION('',(0.,-0.,-1.));
#11963 = ADVANCED_FACE('',(#11964),#11975,.F.);
#11964 = FACE_BOUND('',#11965,.F.);
#11965 = EDGE_LOOP('',(#11966,#11972,#11973,#11974));
#11966 = ORIENTED_EDGE('',*,*,#11967,.T.);
#11967 = EDGE_CURVE('',#5774,#2249,#11968,.T.);
#11968 = LINE('',#11969,#11970);
#11969 = CARTESIAN_POINT('',(15.411511938188,-26.80410917542,-2.));
#11970 = VECTOR('',#11971,1.);
#11971 = DIRECTION('',(0.,0.,1.));
#11972 = ORIENTED_EDGE('',*,*,#2255,.T.);
#11973 = ORIENTED_EDGE('',*,*,#11931,.F.);
#11974 = ORIENTED_EDGE('',*,*,#5780,.F.);
#11975 = SURFACE_OF_LINEAR_EXTRUSION('',#11976,#11999);
#11976 = B_SPLINE_CURVE_WITH_KNOTS('',3,(#11977,#11978,#11979,#11980,
    #11981,#11982,#11983,#11984,#11985,#11986,#11987,#11988,#11989,
    #11990,#11991,#11992,#11993,#11994,#11995,#11996,#11997,#11998),
  .UNSPECIFIED.,.F.,.F.,(4,1,1,1,1,1,1,1,1,1,1,1,1,1,1,1,1,1,1,4),(0.,
    0.189906477077,0.372642952354,0.548209425831,0.716605897509,
    0.87783236739,1.031888835474,1.178775301764,1.318491766261,
    1.451038228967,1.576414689885,1.694621149018,1.805657606368,
    1.909524061941,2.006220515742,2.095746967776,2.178103418053,
    2.253289866581,2.321306313375,2.382152758453),.UNSPECIFIED.);
#11977 = CARTESIAN_POINT('',(15.411511938188,-26.80410917542,-2.));
#11978 = CARTESIAN_POINT('',(15.410275363341,-26.74081888647,-2.));
#11979 = CARTESIAN_POINT('',(15.406777709262,-26.61664650252,-2.));
#11980 = CARTESIAN_POINT('',(15.398407415015,-26.43409266505,-2.));
#11981 = CARTESIAN_POINT('',(15.38727375153,-26.25887036563,-2.));
#11982 = CARTESIAN_POINT('',(15.373631707343,-26.09101863912,-2.));
#11983 = CARTESIAN_POINT('',(15.35773802296,-25.93056907149,-2.));
#11984 = CARTESIAN_POINT('',(15.339849412152,-25.7775466718,-2.));
#11985 = CARTESIAN_POINT('',(15.320222811557,-25.63196965171,-2.));
#11986 = CARTESIAN_POINT('',(15.299115119932,-25.49384948439,-2.));
#11987 = CARTESIAN_POINT('',(15.276783065593,-25.36319089764,-2.));
#11988 = CARTESIAN_POINT('',(15.253483042458,-25.23999188767,-2.));
#11989 = CARTESIAN_POINT('',(15.229470952953,-25.12424373276,-2.));
#11990 = CARTESIAN_POINT('',(15.205002054299,-25.01593100882,-2.));
#11991 = CARTESIAN_POINT('',(15.180330788806,-24.91503161725,-2.));
#11992 = CARTESIAN_POINT('',(15.155710671798,-24.82151678539,-2.));
#11993 = CARTESIAN_POINT('',(15.131393988166,-24.73535117428,-2.));
#11994 = CARTESIAN_POINT('',(15.107632128342,-24.65649264431,-2.));
#11995 = CARTESIAN_POINT('',(15.08467381934,-24.58489316309,-2.));
#11996 = CARTESIAN_POINT('',(15.062770219619,-24.52049600515,-2.));
#11997 = CARTESIAN_POINT('',(15.048219066563,-24.48007981806,-2.));
#11998 = CARTESIAN_POINT('',(15.041175123341,-24.46105940306,-2.));
#11999 = VECTOR('',#12000,1.);
#12000 = DIRECTION('',(0.,-0.,-1.));
#12001 = ADVANCED_FACE('',(#12002),#12013,.F.);
#12002 = FACE_BOUND('',#12003,.F.);
#12003 = EDGE_LOOP('',(#12004,#12005,#12006,#12012));
#12004 = ORIENTED_EDGE('',*,*,#11951,.T.);
#12005 = ORIENTED_EDGE('',*,*,#1745,.T.);
#12006 = ORIENTED_EDGE('',*,*,#12007,.F.);
#12007 = EDGE_CURVE('',#5271,#1746,#12008,.T.);
#12008 = LINE('',#12009,#12010);
#12009 = CARTESIAN_POINT('',(-7.411511938188,-26.80410917542,-2.));
#12010 = VECTOR('',#12011,1.);
#12011 = DIRECTION('',(0.,0.,1.));
#12012 = ORIENTED_EDGE('',*,*,#5270,.F.);
#12013 = SURFACE_OF_LINEAR_EXTRUSION('',#12014,#12037);
#12014 = B_SPLINE_CURVE_WITH_KNOTS('',3,(#12015,#12016,#12017,#12018,
    #12019,#12020,#12021,#12022,#12023,#12024,#12025,#12026,#12027,
    #12028,#12029,#12030,#12031,#12032,#12033,#12034,#12035,#12036),
  .UNSPECIFIED.,.F.,.F.,(4,1,1,1,1,1,1,1,1,1,1,1,1,1,1,1,1,1,1,4),(0.,
    6.084644507817E-02,0.128862891872,0.204049340401,0.286405790677,
    0.375932242711,0.472628696512,0.576495152085,0.687531609436,
    0.805738068568,0.931114529486,1.063660992193,1.20337745669,
    1.350263922979,1.504320391064,1.665546860944,1.833943332622,
    2.009509806099,2.192246281376,2.382152758453),.UNSPECIFIED.);
#12015 = CARTESIAN_POINT('',(-7.041175123341,-24.46105940306,-2.));
#12016 = CARTESIAN_POINT('',(-7.048219066563,-24.48007981806,-2.));
#12017 = CARTESIAN_POINT('',(-7.062770219619,-24.52049600515,-2.));
#12018 = CARTESIAN_POINT('',(-7.08467381934,-24.58489316309,-2.));
#12019 = CARTESIAN_POINT('',(-7.107632128342,-24.65649264431,-2.));
#12020 = CARTESIAN_POINT('',(-7.131393988166,-24.73535117428,-2.));
#12021 = CARTESIAN_POINT('',(-7.155710671798,-24.82151678539,-2.));
#12022 = CARTESIAN_POINT('',(-7.180330788806,-24.91503161725,-2.));
#12023 = CARTESIAN_POINT('',(-7.205002054299,-25.01593100882,-2.));
#12024 = CARTESIAN_POINT('',(-7.229470952953,-25.12424373276,-2.));
#12025 = CARTESIAN_POINT('',(-7.253483042458,-25.23999188767,-2.));
#12026 = CARTESIAN_POINT('',(-7.276783065593,-25.36319089764,-2.));
#12027 = CARTESIAN_POINT('',(-7.299115119932,-25.49384948439,-2.));
#12028 = CARTESIAN_POINT('',(-7.320222811557,-25.63196965171,-2.));
#12029 = CARTESIAN_POINT('',(-7.339849412152,-25.7775466718,-2.));
#12030 = CARTESIAN_POINT('',(-7.35773802296,-25.93056907149,-2.));
#12031 = CARTESIAN_POINT('',(-7.373631707343,-26.09101863912,-2.));
#12032 = CARTESIAN_POINT('',(-7.38727375153,-26.25887036563,-2.));
#12033 = CARTESIAN_POINT('',(-7.398407415015,-26.43409266505,-2.));
#12034 = CARTESIAN_POINT('',(-7.406777709262,-26.61664650252,-2.));
#12035 = CARTESIAN_POINT('',(-7.410275363341,-26.74081888647,-2.));
#12036 = CARTESIAN_POINT('',(-7.411511938188,-26.80410917542,-2.));
#12037 = VECTOR('',#12038,1.);
#12038 = DIRECTION('',(0.,-0.,-1.));
#12039 = ADVANCED_FACE('',(#12040),#12051,.F.);
#12040 = FACE_BOUND('',#12041,.F.);
#12041 = EDGE_LOOP('',(#12042,#12048,#12049,#12050));
#12042 = ORIENTED_EDGE('',*,*,#12043,.T.);
#12043 = EDGE_CURVE('',#5747,#2222,#12044,.T.);
#12044 = LINE('',#12045,#12046);
#12045 = CARTESIAN_POINT('',(14.714009165734,-27.14000880718,-2.));
#12046 = VECTOR('',#12047,1.);
#12047 = DIRECTION('',(0.,0.,1.));
#12048 = ORIENTED_EDGE('',*,*,#2248,.T.);
#12049 = ORIENTED_EDGE('',*,*,#11967,.F.);
#12050 = ORIENTED_EDGE('',*,*,#5773,.F.);
#12051 = SURFACE_OF_LINEAR_EXTRUSION('',#12052,#12055);
#12052 = B_SPLINE_CURVE_WITH_KNOTS('',1,(#12053,#12054),.UNSPECIFIED.,
  .F.,.F.,(2,2),(0.,0.774169671453),.PIECEWISE_BEZIER_KNOTS.);
#12053 = CARTESIAN_POINT('',(14.714009165734,-27.14000880718,-2.));
#12054 = CARTESIAN_POINT('',(15.411511938188,-26.80410917542,-2.));
#12055 = VECTOR('',#12056,1.);
#12056 = DIRECTION('',(0.,-0.,-1.));
#12057 = ADVANCED_FACE('',(#12058),#12069,.F.);
#12058 = FACE_BOUND('',#12059,.F.);
#12059 = EDGE_LOOP('',(#12060,#12061,#12062,#12068));
#12060 = ORIENTED_EDGE('',*,*,#12007,.T.);
#12061 = ORIENTED_EDGE('',*,*,#1772,.T.);
#12062 = ORIENTED_EDGE('',*,*,#12063,.F.);
#12063 = EDGE_CURVE('',#5298,#1773,#12064,.T.);
#12064 = LINE('',#12065,#12066);
#12065 = CARTESIAN_POINT('',(-6.714009165734,-27.14000880718,-2.));
#12066 = VECTOR('',#12067,1.);
#12067 = DIRECTION('',(0.,0.,1.));
#12068 = ORIENTED_EDGE('',*,*,#5297,.F.);
#12069 = SURFACE_OF_LINEAR_EXTRUSION('',#12070,#12073);
#12070 = B_SPLINE_CURVE_WITH_KNOTS('',1,(#12071,#12072),.UNSPECIFIED.,
  .F.,.F.,(2,2),(0.,0.774169671453),.PIECEWISE_BEZIER_KNOTS.);
#12071 = CARTESIAN_POINT('',(-7.411511938188,-26.80410917542,-2.));
#12072 = CARTESIAN_POINT('',(-6.714009165734,-27.14000880718,-2.));
#12073 = VECTOR('',#12074,1.);
#12074 = DIRECTION('',(0.,-0.,-1.));
#12075 = ADVANCED_FACE('',(#12076),#12087,.F.);
#12076 = FACE_BOUND('',#12077,.F.);
#12077 = EDGE_LOOP('',(#12078,#12084,#12085,#12086));
#12078 = ORIENTED_EDGE('',*,*,#12079,.T.);
#12079 = EDGE_CURVE('',#5740,#2215,#12080,.T.);
#12080 = LINE('',#12081,#12082);
#12081 = CARTESIAN_POINT('',(13.113040316024,-25.3896001879,-2.));
#12082 = VECTOR('',#12083,1.);
#12083 = DIRECTION('',(0.,0.,1.));
#12084 = ORIENTED_EDGE('',*,*,#2221,.T.);
#12085 = ORIENTED_EDGE('',*,*,#12043,.F.);
#12086 = ORIENTED_EDGE('',*,*,#5746,.F.);
#12087 = SURFACE_OF_LINEAR_EXTRUSION('',#12088,#12111);
#12088 = B_SPLINE_CURVE_WITH_KNOTS('',3,(#12089,#12090,#12091,#12092,
    #12093,#12094,#12095,#12096,#12097,#12098,#12099,#12100,#12101,
    #12102,#12103,#12104,#12105,#12106,#12107,#12108,#12109,#12110),
  .UNSPECIFIED.,.F.,.F.,(4,1,1,1,1,1,1,1,1,1,1,1,1,1,1,1,1,1,1,4),(0.,
    6.084644507817E-02,0.128862891872,0.204049340401,0.286405790677,
    0.375932242711,0.472628696512,0.576495152085,0.687531609436,
    0.805738068568,0.931114529486,1.063660992193,1.20337745669,
    1.350263922979,1.504320391064,1.665546860944,1.833943332622,
    2.009509806099,2.192246281376,2.382152758453),.UNSPECIFIED.);
#12089 = CARTESIAN_POINT('',(13.113040316024,-25.3896001879,-2.));
#12090 = CARTESIAN_POINT('',(13.12351924852,-25.40696639926,-2.));
#12091 = CARTESIAN_POINT('',(13.146045400453,-25.4435420293,-2.));
#12092 = CARTESIAN_POINT('',(13.18273645486,-25.50081792439,-2.));
#12093 = CARTESIAN_POINT('',(13.224400911875,-25.56340899951,-2.));
#12094 = CARTESIAN_POINT('',(13.271239715995,-25.63115425883,-2.));
#12095 = CARTESIAN_POINT('',(13.323445499205,-25.70388918744,-2.));
#12096 = CARTESIAN_POINT('',(13.381207946953,-25.781443514,-2.));
#12097 = CARTESIAN_POINT('',(13.444711985416,-25.86364202774,-2.));
#12098 = CARTESIAN_POINT('',(13.514138174172,-25.95030446183,-2.));
#12099 = CARTESIAN_POINT('',(13.589662432787,-26.04124566354,-2.));
#12100 = CARTESIAN_POINT('',(13.671455970583,-26.13627568148,-2.));
#12101 = CARTESIAN_POINT('',(13.759685159022,-26.23519988099,-2.));
#12102 = CARTESIAN_POINT('',(13.854511423729,-26.33781905459,-2.));
#12103 = CARTESIAN_POINT('',(13.956091135841,-26.44392953623,-2.));
#12104 = CARTESIAN_POINT('',(14.064575499038,-26.55332332101,-2.));
#12105 = CARTESIAN_POINT('',(14.180110472229,-26.66578817296,-2.));
#12106 = CARTESIAN_POINT('',(14.302836560977,-26.78110779229,-2.));
#12107 = CARTESIAN_POINT('',(14.43288914545,-26.89906175767,-2.));
#12108 = CARTESIAN_POINT('',(14.57039668973,-27.01942637318,-2.));
#12109 = CARTESIAN_POINT('',(14.665297817105,-27.09958116432,-2.));
#12110 = CARTESIAN_POINT('',(14.714009165734,-27.14000880718,-2.));
#12111 = VECTOR('',#12112,1.);
#12112 = DIRECTION('',(0.,-0.,-1.));
#12113 = ADVANCED_FACE('',(#12114),#12125,.F.);
#12114 = FACE_BOUND('',#12115,.F.);
#12115 = EDGE_LOOP('',(#12116,#12117,#12118,#12124));
#12116 = ORIENTED_EDGE('',*,*,#12063,.T.);
#12117 = ORIENTED_EDGE('',*,*,#1779,.T.);
#12118 = ORIENTED_EDGE('',*,*,#12119,.F.);
#12119 = EDGE_CURVE('',#5305,#1780,#12120,.T.);
#12120 = LINE('',#12121,#12122);
#12121 = CARTESIAN_POINT('',(-5.113040316024,-25.3896001879,-2.));
#12122 = VECTOR('',#12123,1.);
#12123 = DIRECTION('',(0.,0.,1.));
#12124 = ORIENTED_EDGE('',*,*,#5304,.F.);
#12125 = SURFACE_OF_LINEAR_EXTRUSION('',#12126,#12149);
#12126 = B_SPLINE_CURVE_WITH_KNOTS('',3,(#12127,#12128,#12129,#12130,
    #12131,#12132,#12133,#12134,#12135,#12136,#12137,#12138,#12139,
    #12140,#12141,#12142,#12143,#12144,#12145,#12146,#12147,#12148),
  .UNSPECIFIED.,.F.,.F.,(4,1,1,1,1,1,1,1,1,1,1,1,1,1,1,1,1,1,1,4),(0.,
    0.189906477077,0.372642952354,0.548209425831,0.716605897509,
    0.87783236739,1.031888835474,1.178775301764,1.318491766261,
    1.451038228967,1.576414689885,1.694621149018,1.805657606368,
    1.909524061941,2.006220515742,2.095746967776,2.178103418053,
    2.253289866581,2.321306313375,2.382152758453),.UNSPECIFIED.);
#12127 = CARTESIAN_POINT('',(-6.714009165734,-27.14000880718,-2.));
#12128 = CARTESIAN_POINT('',(-6.665297817105,-27.09958116432,-2.));
#12129 = CARTESIAN_POINT('',(-6.57039668973,-27.01942637318,-2.));
#12130 = CARTESIAN_POINT('',(-6.43288914545,-26.89906175767,-2.));
#12131 = CARTESIAN_POINT('',(-6.302836560977,-26.78110779229,-2.));
#12132 = CARTESIAN_POINT('',(-6.180110472229,-26.66578817296,-2.));
#12133 = CARTESIAN_POINT('',(-6.064575499038,-26.55332332101,-2.));
#12134 = CARTESIAN_POINT('',(-5.956091135841,-26.44392953623,-2.));
#12135 = CARTESIAN_POINT('',(-5.854511423729,-26.33781905459,-2.));
#12136 = CARTESIAN_POINT('',(-5.759685159022,-26.23519988099,-2.));
#12137 = CARTESIAN_POINT('',(-5.671455970583,-26.13627568148,-2.));
#12138 = CARTESIAN_POINT('',(-5.589662432787,-26.04124566354,-2.));
#12139 = CARTESIAN_POINT('',(-5.514138174172,-25.95030446183,-2.));
#12140 = CARTESIAN_POINT('',(-5.444711985416,-25.86364202774,-2.));
#12141 = CARTESIAN_POINT('',(-5.381207946953,-25.781443514,-2.));
#12142 = CARTESIAN_POINT('',(-5.323445499205,-25.70388918744,-2.));
#12143 = CARTESIAN_POINT('',(-5.271239715995,-25.63115425883,-2.));
#12144 = CARTESIAN_POINT('',(-5.224400911875,-25.56340899951,-2.));
#12145 = CARTESIAN_POINT('',(-5.18273645486,-25.50081792439,-2.));
#12146 = CARTESIAN_POINT('',(-5.146045400453,-25.4435420293,-2.));
#12147 = CARTESIAN_POINT('',(-5.12351924852,-25.40696639926,-2.));
#12148 = CARTESIAN_POINT('',(-5.113040316024,-25.3896001879,-2.));
#12149 = VECTOR('',#12150,1.);
#12150 = DIRECTION('',(0.,-0.,-1.));
#12151 = ADVANCED_FACE('',(#12152),#12163,.F.);
#12152 = FACE_BOUND('',#12153,.F.);
#12153 = EDGE_LOOP('',(#12154,#12160,#12161,#12162));
#12154 = ORIENTED_EDGE('',*,*,#12155,.T.);
#12155 = EDGE_CURVE('',#5713,#2188,#12156,.T.);
#12156 = LINE('',#12157,#12158);
#12157 = CARTESIAN_POINT('',(12.334025026682,-25.70498852463,-2.));
#12158 = VECTOR('',#12159,1.);
#12159 = DIRECTION('',(0.,0.,1.));
#12160 = ORIENTED_EDGE('',*,*,#2214,.T.);
#12161 = ORIENTED_EDGE('',*,*,#12079,.F.);
#12162 = ORIENTED_EDGE('',*,*,#5739,.F.);
#12163 = SURFACE_OF_LINEAR_EXTRUSION('',#12164,#12167);
#12164 = B_SPLINE_CURVE_WITH_KNOTS('',1,(#12165,#12166),.UNSPECIFIED.,
  .F.,.F.,(2,2),(0.,0.840437162419),.PIECEWISE_BEZIER_KNOTS.);
#12165 = CARTESIAN_POINT('',(12.334025026682,-25.70498852463,-2.));
#12166 = CARTESIAN_POINT('',(13.113040316024,-25.3896001879,-2.));
#12167 = VECTOR('',#12168,1.);
#12168 = DIRECTION('',(0.,-0.,-1.));
#12169 = ADVANCED_FACE('',(#12170),#12181,.F.);
#12170 = FACE_BOUND('',#12171,.F.);
#12171 = EDGE_LOOP('',(#12172,#12173,#12174,#12180));
#12172 = ORIENTED_EDGE('',*,*,#12119,.T.);
#12173 = ORIENTED_EDGE('',*,*,#1806,.T.);
#12174 = ORIENTED_EDGE('',*,*,#12175,.F.);
#12175 = EDGE_CURVE('',#5332,#1807,#12176,.T.);
#12176 = LINE('',#12177,#12178);
#12177 = CARTESIAN_POINT('',(-4.334025026682,-25.70498852463,-2.));
#12178 = VECTOR('',#12179,1.);
#12179 = DIRECTION('',(0.,0.,1.));
#12180 = ORIENTED_EDGE('',*,*,#5331,.F.);
#12181 = SURFACE_OF_LINEAR_EXTRUSION('',#12182,#12185);
#12182 = B_SPLINE_CURVE_WITH_KNOTS('',1,(#12183,#12184),.UNSPECIFIED.,
  .F.,.F.,(2,2),(0.,0.840437162419),.PIECEWISE_BEZIER_KNOTS.);
#12183 = CARTESIAN_POINT('',(-5.113040316024,-25.3896001879,-2.));
#12184 = CARTESIAN_POINT('',(-4.334025026682,-25.70498852463,-2.));
#12185 = VECTOR('',#12186,1.);
#12186 = DIRECTION('',(0.,-0.,-1.));
#12187 = ADVANCED_FACE('',(#12188),#12199,.F.);
#12188 = FACE_BOUND('',#12189,.F.);
#12189 = EDGE_LOOP('',(#12190,#12196,#12197,#12198));
#12190 = ORIENTED_EDGE('',*,*,#12191,.T.);
#12191 = EDGE_CURVE('',#5706,#2181,#12192,.T.);
#12192 = LINE('',#12193,#12194);
#12193 = CARTESIAN_POINT('',(12.401698826823,-28.0761595115,-2.));
#12194 = VECTOR('',#12195,1.);
#12195 = DIRECTION('',(0.,0.,1.));
#12196 = ORIENTED_EDGE('',*,*,#2187,.T.);
#12197 = ORIENTED_EDGE('',*,*,#12155,.F.);
#12198 = ORIENTED_EDGE('',*,*,#5712,.F.);
#12199 = SURFACE_OF_LINEAR_EXTRUSION('',#12200,#12223);
#12200 = B_SPLINE_CURVE_WITH_KNOTS('',3,(#12201,#12202,#12203,#12204,
    #12205,#12206,#12207,#12208,#12209,#12210,#12211,#12212,#12213,
    #12214,#12215,#12216,#12217,#12218,#12219,#12220,#12221,#12222),
  .UNSPECIFIED.,.F.,.F.,(4,1,1,1,1,1,1,1,1,1,1,1,1,1,1,1,1,1,1,4),(0.,
    0.189906477077,0.372642952354,0.548209425831,0.716605897509,
    0.87783236739,1.031888835474,1.178775301764,1.318491766261,
    1.451038228967,1.576414689885,1.694621149018,1.805657606368,
    1.909524061941,2.006220515742,2.095746967776,2.178103418053,
    2.253289866581,2.321306313375,2.382152758453),.UNSPECIFIED.);
#12201 = CARTESIAN_POINT('',(12.401698826823,-28.0761595115,-2.));
#12202 = CARTESIAN_POINT('',(12.408565786752,-28.01323070526,-2.));
#12203 = CARTESIAN_POINT('',(12.420975660383,-27.8896305048,-2.));
#12204 = CARTESIAN_POINT('',(12.436018552727,-27.70750506234,-2.));
#12205 = CARTESIAN_POINT('',(12.447383226778,-27.53229759429,-2.));
#12206 = CARTESIAN_POINT('',(12.455317585956,-27.36407942224,-2.));
#12207 = CARTESIAN_POINT('',(12.460072223803,-27.2029147041,-2.));
#12208 = CARTESIAN_POINT('',(12.46189854839,-27.04886107141,-2.));
#12209 = CARTESIAN_POINT('',(12.46104905805,-26.90196944267,-2.));
#12210 = CARTESIAN_POINT('',(12.457777075249,-26.76228404832,-2.));
#12211 = CARTESIAN_POINT('',(12.452336615991,-26.62984240704,-2.));
#12212 = CARTESIAN_POINT('',(12.444982225441,-26.50467531841,-2.));
#12213 = CARTESIAN_POINT('',(12.435968820379,-26.38680685641,-2.));
#12214 = CARTESIAN_POINT('',(12.425551534756,-26.27625436512,-2.));
#12215 = CARTESIAN_POINT('',(12.413985547822,-26.17302846475,-2.));
#12216 = CARTESIAN_POINT('',(12.401525972908,-26.07713303769,-2.));
#12217 = CARTESIAN_POINT('',(12.388427542696,-25.98856529657,-2.));
#12218 = CARTESIAN_POINT('',(12.3749449724,-25.90731559485,-2.));
#12219 = CARTESIAN_POINT('',(12.361331089234,-25.83336810099,-2.));
#12220 = CARTESIAN_POINT('',(12.347842243542,-25.76669867266,-2.));
#12221 = CARTESIAN_POINT('',(12.338578862542,-25.72475354176,-2.));
#12222 = CARTESIAN_POINT('',(12.334025026682,-25.70498852463,-2.));
#12223 = VECTOR('',#12224,1.);
#12224 = DIRECTION('',(0.,-0.,-1.));
#12225 = ADVANCED_FACE('',(#12226),#12237,.F.);
#12226 = FACE_BOUND('',#12227,.F.);
#12227 = EDGE_LOOP('',(#12228,#12229,#12230,#12236));
#12228 = ORIENTED_EDGE('',*,*,#12175,.T.);
#12229 = ORIENTED_EDGE('',*,*,#1813,.T.);
#12230 = ORIENTED_EDGE('',*,*,#12231,.F.);
#12231 = EDGE_CURVE('',#5339,#1814,#12232,.T.);
#12232 = LINE('',#12233,#12234);
#12233 = CARTESIAN_POINT('',(-4.401698826823,-28.0761595115,-2.));
#12234 = VECTOR('',#12235,1.);
#12235 = DIRECTION('',(0.,0.,1.));
#12236 = ORIENTED_EDGE('',*,*,#5338,.F.);
#12237 = SURFACE_OF_LINEAR_EXTRUSION('',#12238,#12261);
#12238 = B_SPLINE_CURVE_WITH_KNOTS('',3,(#12239,#12240,#12241,#12242,
    #12243,#12244,#12245,#12246,#12247,#12248,#12249,#12250,#12251,
    #12252,#12253,#12254,#12255,#12256,#12257,#12258,#12259,#12260),
  .UNSPECIFIED.,.F.,.F.,(4,1,1,1,1,1,1,1,1,1,1,1,1,1,1,1,1,1,1,4),(0.,
    6.084644507817E-02,0.128862891872,0.204049340401,0.286405790677,
    0.375932242711,0.472628696512,0.576495152085,0.687531609436,
    0.805738068568,0.931114529486,1.063660992193,1.20337745669,
    1.350263922979,1.504320391064,1.665546860944,1.833943332622,
    2.009509806099,2.192246281376,2.382152758453),.UNSPECIFIED.);
#12239 = CARTESIAN_POINT('',(-4.334025026682,-25.70498852463,-2.));
#12240 = CARTESIAN_POINT('',(-4.338578862542,-25.72475354176,-2.));
#12241 = CARTESIAN_POINT('',(-4.347842243542,-25.76669867266,-2.));
#12242 = CARTESIAN_POINT('',(-4.361331089234,-25.83336810099,-2.));
#12243 = CARTESIAN_POINT('',(-4.3749449724,-25.90731559485,-2.));
#12244 = CARTESIAN_POINT('',(-4.388427542696,-25.98856529657,-2.));
#12245 = CARTESIAN_POINT('',(-4.401525972908,-26.07713303769,-2.));
#12246 = CARTESIAN_POINT('',(-4.413985547822,-26.17302846475,-2.));
#12247 = CARTESIAN_POINT('',(-4.425551534756,-26.27625436512,-2.));
#12248 = CARTESIAN_POINT('',(-4.435968820379,-26.38680685641,-2.));
#12249 = CARTESIAN_POINT('',(-4.444982225441,-26.50467531841,-2.));
#12250 = CARTESIAN_POINT('',(-4.452336615991,-26.62984240704,-2.));
#12251 = CARTESIAN_POINT('',(-4.45777707525,-26.76228404832,-2.));
#12252 = CARTESIAN_POINT('',(-4.46104905805,-26.90196944267,-2.));
#12253 = CARTESIAN_POINT('',(-4.46189854839,-27.04886107141,-2.));
#12254 = CARTESIAN_POINT('',(-4.460072223803,-27.2029147041,-2.));
#12255 = CARTESIAN_POINT('',(-4.455317585956,-27.36407942224,-2.));
#12256 = CARTESIAN_POINT('',(-4.447383226778,-27.53229759429,-2.));
#12257 = CARTESIAN_POINT('',(-4.436018552727,-27.70750506234,-2.));
#12258 = CARTESIAN_POINT('',(-4.420975660383,-27.8896305048,-2.));
#12259 = CARTESIAN_POINT('',(-4.408565786752,-28.01323070526,-2.));
#12260 = CARTESIAN_POINT('',(-4.401698826823,-28.0761595115,-2.));
#12261 = VECTOR('',#12262,1.);
#12262 = DIRECTION('',(0.,-0.,-1.));
#12263 = ADVANCED_FACE('',(#12264),#12275,.F.);
#12264 = FACE_BOUND('',#12265,.F.);
#12265 = EDGE_LOOP('',(#12266,#12272,#12273,#12274));
#12266 = ORIENTED_EDGE('',*,*,#12267,.T.);
#12267 = EDGE_CURVE('',#5679,#2154,#12268,.T.);
#12268 = LINE('',#12269,#12270);
#12269 = CARTESIAN_POINT('',(11.666968650969,-28.32010673712,-2.));
#12270 = VECTOR('',#12271,1.);
#12271 = DIRECTION('',(0.,0.,1.));
#12272 = ORIENTED_EDGE('',*,*,#2180,.T.);
#12273 = ORIENTED_EDGE('',*,*,#12191,.F.);
#12274 = ORIENTED_EDGE('',*,*,#5705,.F.);
#12275 = SURFACE_OF_LINEAR_EXTRUSION('',#12276,#12279);
#12276 = B_SPLINE_CURVE_WITH_KNOTS('',1,(#12277,#12278),.UNSPECIFIED.,
  .F.,.F.,(2,2),(0.,0.774169671453),.PIECEWISE_BEZIER_KNOTS.);
#12277 = CARTESIAN_POINT('',(11.666968650969,-28.32010673712,-2.));
#12278 = CARTESIAN_POINT('',(12.401698826823,-28.0761595115,-2.));
#12279 = VECTOR('',#12280,1.);
#12280 = DIRECTION('',(0.,-0.,-1.));
#12281 = ADVANCED_FACE('',(#12282),#12293,.F.);
#12282 = FACE_BOUND('',#12283,.F.);
#12283 = EDGE_LOOP('',(#12284,#12285,#12286,#12292));
#12284 = ORIENTED_EDGE('',*,*,#12231,.T.);
#12285 = ORIENTED_EDGE('',*,*,#1840,.T.);
#12286 = ORIENTED_EDGE('',*,*,#12287,.F.);
#12287 = EDGE_CURVE('',#5366,#1841,#12288,.T.);
#12288 = LINE('',#12289,#12290);
#12289 = CARTESIAN_POINT('',(-3.666968650969,-28.32010673712,-2.));
#12290 = VECTOR('',#12291,1.);
#12291 = DIRECTION('',(0.,0.,1.));
#12292 = ORIENTED_EDGE('',*,*,#5365,.F.);
#12293 = SURFACE_OF_LINEAR_EXTRUSION('',#12294,#12297);
#12294 = B_SPLINE_CURVE_WITH_KNOTS('',1,(#12295,#12296),.UNSPECIFIED.,
  .F.,.F.,(2,2),(0.,0.774169671453),.PIECEWISE_BEZIER_KNOTS.);
#12295 = CARTESIAN_POINT('',(-4.401698826823,-28.0761595115,-2.));
#12296 = CARTESIAN_POINT('',(-3.666968650969,-28.32010673712,-2.));
#12297 = VECTOR('',#12298,1.);
#12298 = DIRECTION('',(0.,-0.,-1.));
#12299 = ADVANCED_FACE('',(#12300),#12311,.F.);
#12300 = FACE_BOUND('',#12301,.F.);
#12301 = EDGE_LOOP('',(#12302,#12308,#12309,#12310));
#12302 = ORIENTED_EDGE('',*,*,#12303,.T.);
#12303 = EDGE_CURVE('',#5672,#2147,#12304,.T.);
#12304 = LINE('',#12305,#12306);
#12305 = CARTESIAN_POINT('',(10.302981019406,-26.37934159596,-2.));
#12306 = VECTOR('',#12307,1.);
#12307 = DIRECTION('',(0.,0.,1.));
#12308 = ORIENTED_EDGE('',*,*,#2153,.T.);
#12309 = ORIENTED_EDGE('',*,*,#12267,.F.);
#12310 = ORIENTED_EDGE('',*,*,#5678,.F.);
#12311 = SURFACE_OF_LINEAR_EXTRUSION('',#12312,#12335);
#12312 = B_SPLINE_CURVE_WITH_KNOTS('',3,(#12313,#12314,#12315,#12316,
    #12317,#12318,#12319,#12320,#12321,#12322,#12323,#12324,#12325,
    #12326,#12327,#12328,#12329,#12330,#12331,#12332,#12333,#12334),
  .UNSPECIFIED.,.F.,.F.,(4,1,1,1,1,1,1,1,1,1,1,1,1,1,1,1,1,1,1,4),(0.,
    6.084644507817E-02,0.128862891872,0.204049340401,0.286405790677,
    0.375932242711,0.472628696512,0.576495152085,0.687531609436,
    0.805738068568,0.931114529486,1.063660992193,1.20337745669,
    1.350263922979,1.504320391064,1.665546860944,1.833943332622,
    2.009509806099,2.192246281376,2.382152758453),.UNSPECIFIED.);
#12313 = CARTESIAN_POINT('',(10.302981019406,-26.37934159596,-2.));
#12314 = CARTESIAN_POINT('',(10.311153178193,-26.39790524711,-2.));
#12315 = CARTESIAN_POINT('',(10.328817202973,-26.43706117211,-2.));
#12316 = CARTESIAN_POINT('',(10.357882745435,-26.49855878078,-2.));
#12317 = CARTESIAN_POINT('',(10.3912011688,-26.56596391655,-2.));
#12318 = CARTESIAN_POINT('',(10.428992355506,-26.63914260155,-2.));
#12319 = CARTESIAN_POINT('',(10.471468393732,-26.71795630478,-2.));
#12320 = CARTESIAN_POINT('',(10.518839185425,-26.80226040927,-2.));
#12321 = CARTESIAN_POINT('',(10.571310543979,-26.89190479054,-2.));
#12322 = CARTESIAN_POINT('',(10.629084598587,-26.98673375121,-2.));
#12323 = CARTESIAN_POINT('',(10.692359501329,-27.08658615474,-2.));
#12324 = CARTESIAN_POINT('',(10.761329346341,-27.19129550301,-2.));
#12325 = CARTESIAN_POINT('',(10.836184028507,-27.3006900344,-2.));
#12326 = CARTESIAN_POINT('',(10.917109122239,-27.41459281958,-2.));
#12327 = CARTESIAN_POINT('',(11.0042857591,-27.53282186091,-2.));
#12328 = CARTESIAN_POINT('',(11.097890500472,-27.65519019668,-2.));
#12329 = CARTESIAN_POINT('',(11.198095247073,-27.7815059982,-2.));
#12330 = CARTESIAN_POINT('',(11.305067010722,-27.91157270894,-2.));
#12331 = CARTESIAN_POINT('',(11.418968246973,-28.04518902926,-2.));
#12332 = CARTESIAN_POINT('',(11.539954970816,-28.18214952742,-2.));
#12333 = CARTESIAN_POINT('',(11.623826994061,-28.27378193564,-2.));
#12334 = CARTESIAN_POINT('',(11.666968650969,-28.32010673712,-2.));
#12335 = VECTOR('',#12336,1.);
#12336 = DIRECTION('',(0.,-0.,-1.));
#12337 = ADVANCED_FACE('',(#12338),#12349,.F.);
#12338 = FACE_BOUND('',#12339,.F.);
#12339 = EDGE_LOOP('',(#12340,#12341,#12342,#12348));
#12340 = ORIENTED_EDGE('',*,*,#12287,.T.);
#12341 = ORIENTED_EDGE('',*,*,#1847,.T.);
#12342 = ORIENTED_EDGE('',*,*,#12343,.F.);
#12343 = EDGE_CURVE('',#5373,#1848,#12344,.T.);
#12344 = LINE('',#12345,#12346);
#12345 = CARTESIAN_POINT('',(-2.302981019406,-26.37934159596,-2.));
#12346 = VECTOR('',#12347,1.);
#12347 = DIRECTION('',(0.,0.,1.));
#12348 = ORIENTED_EDGE('',*,*,#5372,.F.);
#12349 = SURFACE_OF_LINEAR_EXTRUSION('',#12350,#12373);
#12350 = B_SPLINE_CURVE_WITH_KNOTS('',3,(#12351,#12352,#12353,#12354,
    #12355,#12356,#12357,#12358,#12359,#12360,#12361,#12362,#12363,
    #12364,#12365,#12366,#12367,#12368,#12369,#12370,#12371,#12372),
  .UNSPECIFIED.,.F.,.F.,(4,1,1,1,1,1,1,1,1,1,1,1,1,1,1,1,1,1,1,4),(0.,
    0.189906477077,0.372642952354,0.548209425831,0.716605897509,
    0.87783236739,1.031888835474,1.178775301764,1.318491766261,
    1.451038228967,1.576414689885,1.694621149018,1.805657606368,
    1.909524061941,2.006220515742,2.095746967776,2.178103418053,
    2.253289866581,2.321306313375,2.382152758453),.UNSPECIFIED.);
#12351 = CARTESIAN_POINT('',(-3.666968650969,-28.32010673712,-2.));
#12352 = CARTESIAN_POINT('',(-3.623826994061,-28.27378193564,-2.));
#12353 = CARTESIAN_POINT('',(-3.539954970816,-28.18214952742,-2.));
#12354 = CARTESIAN_POINT('',(-3.418968246973,-28.04518902926,-2.));
#12355 = CARTESIAN_POINT('',(-3.305067010722,-27.91157270894,-2.));
#12356 = CARTESIAN_POINT('',(-3.198095247073,-27.7815059982,-2.));
#12357 = CARTESIAN_POINT('',(-3.097890500472,-27.65519019668,-2.));
#12358 = CARTESIAN_POINT('',(-3.0042857591,-27.53282186091,-2.));
#12359 = CARTESIAN_POINT('',(-2.917109122239,-27.41459281958,-2.));
#12360 = CARTESIAN_POINT('',(-2.836184028507,-27.3006900344,-2.));
#12361 = CARTESIAN_POINT('',(-2.761329346341,-27.19129550301,-2.));
#12362 = CARTESIAN_POINT('',(-2.692359501329,-27.08658615474,-2.));
#12363 = CARTESIAN_POINT('',(-2.629084598587,-26.98673375121,-2.));
#12364 = CARTESIAN_POINT('',(-2.571310543979,-26.89190479054,-2.));
#12365 = CARTESIAN_POINT('',(-2.518839185425,-26.80226040927,-2.));
#12366 = CARTESIAN_POINT('',(-2.471468393732,-26.71795630478,-2.));
#12367 = CARTESIAN_POINT('',(-2.428992355506,-26.63914260155,-2.));
#12368 = CARTESIAN_POINT('',(-2.3912011688,-26.56596391655,-2.));
#12369 = CARTESIAN_POINT('',(-2.357882745435,-26.49855878078,-2.));
#12370 = CARTESIAN_POINT('',(-2.328817202974,-26.43706117211,-2.));
#12371 = CARTESIAN_POINT('',(-2.311153178193,-26.39790524711,-2.));
#12372 = CARTESIAN_POINT('',(-2.302981019406,-26.37934159596,-2.));
#12373 = VECTOR('',#12374,1.);
#12374 = DIRECTION('',(0.,-0.,-1.));
#12375 = ADVANCED_FACE('',(#12376),#12387,.F.);
#12376 = FACE_BOUND('',#12377,.F.);
#12377 = EDGE_LOOP('',(#12378,#12384,#12385,#12386));
#12378 = ORIENTED_EDGE('',*,*,#12379,.T.);
#12379 = EDGE_CURVE('',#5645,#2120,#12380,.T.);
#12380 = LINE('',#12381,#12382);
#12381 = CARTESIAN_POINT('',(9.49003046949,-26.5925223347,-2.));
#12382 = VECTOR('',#12383,1.);
#12383 = DIRECTION('',(0.,0.,1.));
#12384 = ORIENTED_EDGE('',*,*,#2146,.T.);
#12385 = ORIENTED_EDGE('',*,*,#12303,.F.);
#12386 = ORIENTED_EDGE('',*,*,#5671,.F.);
#12387 = SURFACE_OF_LINEAR_EXTRUSION('',#12388,#12391);
#12388 = B_SPLINE_CURVE_WITH_KNOTS('',1,(#12389,#12390),.UNSPECIFIED.,
  .F.,.F.,(2,2),(0.,0.840437162419),.PIECEWISE_BEZIER_KNOTS.);
#12389 = CARTESIAN_POINT('',(9.49003046949,-26.5925223347,-2.));
#12390 = CARTESIAN_POINT('',(10.302981019406,-26.37934159596,-2.));
#12391 = VECTOR('',#12392,1.);
#12392 = DIRECTION('',(0.,-0.,-1.));
#12393 = ADVANCED_FACE('',(#12394),#12405,.F.);
#12394 = FACE_BOUND('',#12395,.F.);
#12395 = EDGE_LOOP('',(#12396,#12397,#12398,#12404));
#12396 = ORIENTED_EDGE('',*,*,#12343,.T.);
#12397 = ORIENTED_EDGE('',*,*,#1874,.T.);
#12398 = ORIENTED_EDGE('',*,*,#12399,.F.);
#12399 = EDGE_CURVE('',#5400,#1875,#12400,.T.);
#12400 = LINE('',#12401,#12402);
#12401 = CARTESIAN_POINT('',(-1.49003046949,-26.5925223347,-2.));
#12402 = VECTOR('',#12403,1.);
#12403 = DIRECTION('',(0.,0.,1.));
#12404 = ORIENTED_EDGE('',*,*,#5399,.F.);
#12405 = SURFACE_OF_LINEAR_EXTRUSION('',#12406,#12409);
#12406 = B_SPLINE_CURVE_WITH_KNOTS('',1,(#12407,#12408),.UNSPECIFIED.,
  .F.,.F.,(2,2),(0.,0.840437162419),.PIECEWISE_BEZIER_KNOTS.);
#12407 = CARTESIAN_POINT('',(-2.302981019406,-26.37934159596,-2.));
#12408 = CARTESIAN_POINT('',(-1.49003046949,-26.5925223347,-2.));
#12409 = VECTOR('',#12410,1.);
#12410 = DIRECTION('',(0.,-0.,-1.));
#12411 = ADVANCED_FACE('',(#12412),#12423,.F.);
#12412 = FACE_BOUND('',#12413,.F.);
#12413 = EDGE_LOOP('',(#12414,#12420,#12421,#12422));
#12414 = ORIENTED_EDGE('',*,*,#12415,.T.);
#12415 = EDGE_CURVE('',#5638,#2113,#12416,.T.);
#12416 = LINE('',#12417,#12418);
#12417 = CARTESIAN_POINT('',(9.253930052999,-28.95287997402,-2.));
#12418 = VECTOR('',#12419,1.);
#12419 = DIRECTION('',(0.,0.,1.));
#12420 = ORIENTED_EDGE('',*,*,#2119,.T.);
#12421 = ORIENTED_EDGE('',*,*,#12379,.F.);
#12422 = ORIENTED_EDGE('',*,*,#5644,.F.);
#12423 = SURFACE_OF_LINEAR_EXTRUSION('',#12424,#12447);
#12424 = B_SPLINE_CURVE_WITH_KNOTS('',3,(#12425,#12426,#12427,#12428,
    #12429,#12430,#12431,#12432,#12433,#12434,#12435,#12436,#12437,
    #12438,#12439,#12440,#12441,#12442,#12443,#12444,#12445,#12446),
  .UNSPECIFIED.,.F.,.F.,(4,1,1,1,1,1,1,1,1,1,1,1,1,1,1,1,1,1,1,4),(0.,
    0.189906477077,0.372642952354,0.548209425831,0.716605897509,
    0.87783236739,1.031888835474,1.178775301764,1.318491766261,
    1.451038228967,1.576414689885,1.694621149018,1.805657606368,
    1.909524061941,2.006220515742,2.095746967776,2.178103418053,
    2.253289866581,2.321306313375,2.382152758453),.UNSPECIFIED.);
#12425 = CARTESIAN_POINT('',(9.253930052999,-28.95287997402,-2.));
#12426 = CARTESIAN_POINT('',(9.268787792411,-28.89134593976,-2.));
#12427 = CARTESIAN_POINT('',(9.296901423971,-28.77034743465,-2.));
#12428 = CARTESIAN_POINT('',(9.335110499029,-28.59164088193,-2.));
#12429 = CARTESIAN_POINT('',(9.368786902983,-28.41932514704,-2.));
#12430 = CARTESIAN_POINT('',(9.398167383567,-28.25350266718,-2.));
#12431 = CARTESIAN_POINT('',(9.423492272623,-28.09426911874,-2.));
#12432 = CARTESIAN_POINT('',(9.445003544405,-27.94171380946,-2.));
#12433 = CARTESIAN_POINT('',(9.462945112927,-27.79591952854,-2.));
#12434 = CARTESIAN_POINT('',(9.477562564819,-27.65696253747,-2.));
#12435 = CARTESIAN_POINT('',(9.489103032832,-27.52491252975,-2.));
#12436 = CARTESIAN_POINT('',(9.497815033757,-27.3998326026,-2.));
#12437 = CARTESIAN_POINT('',(9.503948312999,-27.28177923038,-2.));
#12438 = CARTESIAN_POINT('',(9.50775369195,-27.17080224061,-2.));
#12439 = CARTESIAN_POINT('',(9.509482896761,-27.06694479787,-2.));
#12440 = CARTESIAN_POINT('',(9.509388449816,-26.97024337586,-2.));
#12441 = CARTESIAN_POINT('',(9.507723348885,-26.88072778459,-2.));
#12442 = CARTESIAN_POINT('',(9.504741451549,-26.79842102898,-2.));
#12443 = CARTESIAN_POINT('',(9.500695533804,-26.72333973828,-2.));
#12444 = CARTESIAN_POINT('',(9.495842928614,-26.65549274974,-2.));
#12445 = CARTESIAN_POINT('',(9.492019424131,-26.61270741291,-2.));
#12446 = CARTESIAN_POINT('',(9.49003046949,-26.5925223347,-2.));
#12447 = VECTOR('',#12448,1.);
#12448 = DIRECTION('',(0.,-0.,-1.));
#12449 = ADVANCED_FACE('',(#12450),#12461,.F.);
#12450 = FACE_BOUND('',#12451,.F.);
#12451 = EDGE_LOOP('',(#12452,#12453,#12454,#12460));
#12452 = ORIENTED_EDGE('',*,*,#12399,.T.);
#12453 = ORIENTED_EDGE('',*,*,#1881,.T.);
#12454 = ORIENTED_EDGE('',*,*,#12455,.F.);
#12455 = EDGE_CURVE('',#5407,#1882,#12456,.T.);
#12456 = LINE('',#12457,#12458);
#12457 = CARTESIAN_POINT('',(-1.253930052999,-28.95287997402,-2.));
#12458 = VECTOR('',#12459,1.);
#12459 = DIRECTION('',(0.,0.,1.));
#12460 = ORIENTED_EDGE('',*,*,#5406,.F.);
#12461 = SURFACE_OF_LINEAR_EXTRUSION('',#12462,#12485);
#12462 = B_SPLINE_CURVE_WITH_KNOTS('',3,(#12463,#12464,#12465,#12466,
    #12467,#12468,#12469,#12470,#12471,#12472,#12473,#12474,#12475,
    #12476,#12477,#12478,#12479,#12480,#12481,#12482,#12483,#12484),
  .UNSPECIFIED.,.F.,.F.,(4,1,1,1,1,1,1,1,1,1,1,1,1,1,1,1,1,1,1,4),(0.,
    6.084644507817E-02,0.128862891872,0.204049340401,0.286405790677,
    0.375932242711,0.472628696512,0.576495152085,0.687531609436,
    0.805738068568,0.931114529486,1.063660992193,1.20337745669,
    1.350263922979,1.504320391064,1.665546860944,1.833943332622,
    2.009509806099,2.192246281376,2.382152758453),.UNSPECIFIED.);
#12463 = CARTESIAN_POINT('',(-1.49003046949,-26.5925223347,-2.));
#12464 = CARTESIAN_POINT('',(-1.492019424131,-26.61270741291,-2.));
#12465 = CARTESIAN_POINT('',(-1.495842928614,-26.65549274974,-2.));
#12466 = CARTESIAN_POINT('',(-1.500695533804,-26.72333973828,-2.));
#12467 = CARTESIAN_POINT('',(-1.504741451549,-26.79842102898,-2.));
#12468 = CARTESIAN_POINT('',(-1.507723348885,-26.88072778459,-2.));
#12469 = CARTESIAN_POINT('',(-1.509388449816,-26.97024337586,-2.));
#12470 = CARTESIAN_POINT('',(-1.509482896761,-27.06694479787,-2.));
#12471 = CARTESIAN_POINT('',(-1.50775369195,-27.17080224061,-2.));
#12472 = CARTESIAN_POINT('',(-1.503948312999,-27.28177923038,-2.));
#12473 = CARTESIAN_POINT('',(-1.497815033757,-27.3998326026,-2.));
#12474 = CARTESIAN_POINT('',(-1.489103032832,-27.52491252975,-2.));
#12475 = CARTESIAN_POINT('',(-1.477562564819,-27.65696253747,-2.));
#12476 = CARTESIAN_POINT('',(-1.462945112927,-27.79591952854,-2.));
#12477 = CARTESIAN_POINT('',(-1.445003544405,-27.94171380946,-2.));
#12478 = CARTESIAN_POINT('',(-1.423492272623,-28.09426911874,-2.));
#12479 = CARTESIAN_POINT('',(-1.398167383567,-28.25350266718,-2.));
#12480 = CARTESIAN_POINT('',(-1.368786902983,-28.41932514704,-2.));
#12481 = CARTESIAN_POINT('',(-1.335110499029,-28.59164088193,-2.));
#12482 = CARTESIAN_POINT('',(-1.296901423971,-28.77034743465,-2.));
#12483 = CARTESIAN_POINT('',(-1.268787792411,-28.89134593976,-2.));
#12484 = CARTESIAN_POINT('',(-1.253930052999,-28.95287997402,-2.));
#12485 = VECTOR('',#12486,1.);
#12486 = DIRECTION('',(0.,-0.,-1.));
#12487 = ADVANCED_FACE('',(#12488),#12499,.F.);
#12488 = FACE_BOUND('',#12489,.F.);
#12489 = EDGE_LOOP('',(#12490,#12496,#12497,#12498));
#12490 = ORIENTED_EDGE('',*,*,#12491,.T.);
#12491 = EDGE_CURVE('',#5611,#2086,#12492,.T.);
#12492 = LINE('',#12493,#12494);
#12493 = CARTESIAN_POINT('',(8.494036722919,-29.1008691868,-2.));
#12494 = VECTOR('',#12495,1.);
#12495 = DIRECTION('',(0.,0.,1.));
#12496 = ORIENTED_EDGE('',*,*,#2112,.T.);
#12497 = ORIENTED_EDGE('',*,*,#12415,.F.);
#12498 = ORIENTED_EDGE('',*,*,#5637,.F.);
#12499 = SURFACE_OF_LINEAR_EXTRUSION('',#12500,#12503);
#12500 = B_SPLINE_CURVE_WITH_KNOTS('',1,(#12501,#12502),.UNSPECIFIED.,
  .F.,.F.,(2,2),(0.,0.774169671453),.PIECEWISE_BEZIER_KNOTS.);
#12501 = CARTESIAN_POINT('',(8.494036722919,-29.1008691868,-2.));
#12502 = CARTESIAN_POINT('',(9.253930052999,-28.95287997402,-2.));
#12503 = VECTOR('',#12504,1.);
#12504 = DIRECTION('',(0.,-0.,-1.));
#12505 = ADVANCED_FACE('',(#12506),#12517,.F.);
#12506 = FACE_BOUND('',#12507,.F.);
#12507 = EDGE_LOOP('',(#12508,#12509,#12510,#12516));
#12508 = ORIENTED_EDGE('',*,*,#12455,.T.);
#12509 = ORIENTED_EDGE('',*,*,#1908,.T.);
#12510 = ORIENTED_EDGE('',*,*,#12511,.F.);
#12511 = EDGE_CURVE('',#5434,#1909,#12512,.T.);
#12512 = LINE('',#12513,#12514);
#12513 = CARTESIAN_POINT('',(-0.494036722919,-29.1008691868,-2.));
#12514 = VECTOR('',#12515,1.);
#12515 = DIRECTION('',(0.,0.,1.));
#12516 = ORIENTED_EDGE('',*,*,#5433,.F.);
#12517 = SURFACE_OF_LINEAR_EXTRUSION('',#12518,#12521);
#12518 = B_SPLINE_CURVE_WITH_KNOTS('',1,(#12519,#12520),.UNSPECIFIED.,
  .F.,.F.,(2,2),(0.,0.774169671453),.PIECEWISE_BEZIER_KNOTS.);
#12519 = CARTESIAN_POINT('',(-1.253930052999,-28.95287997402,-2.));
#12520 = CARTESIAN_POINT('',(-0.494036722919,-29.1008691868,-2.));
#12521 = VECTOR('',#12522,1.);
#12522 = DIRECTION('',(0.,-0.,-1.));
#12523 = ADVANCED_FACE('',(#12524),#12535,.F.);
#12524 = FACE_BOUND('',#12525,.F.);
#12525 = EDGE_LOOP('',(#12526,#12532,#12533,#12534));
#12526 = ORIENTED_EDGE('',*,*,#12527,.T.);
#12527 = EDGE_CURVE('',#5604,#2079,#12528,.T.);
#12528 = LINE('',#12529,#12530);
#12529 = CARTESIAN_POINT('',(7.389426948704,-27.00161483373,-2.));
#12530 = VECTOR('',#12531,1.);
#12531 = DIRECTION('',(0.,0.,1.));
#12532 = ORIENTED_EDGE('',*,*,#2085,.T.);
#12533 = ORIENTED_EDGE('',*,*,#12491,.F.);
#12534 = ORIENTED_EDGE('',*,*,#5610,.F.);
#12535 = SURFACE_OF_LINEAR_EXTRUSION('',#12536,#12559);
#12536 = B_SPLINE_CURVE_WITH_KNOTS('',3,(#12537,#12538,#12539,#12540,
    #12541,#12542,#12543,#12544,#12545,#12546,#12547,#12548,#12549,
    #12550,#12551,#12552,#12553,#12554,#12555,#12556,#12557,#12558),
  .UNSPECIFIED.,.F.,.F.,(4,1,1,1,1,1,1,1,1,1,1,1,1,1,1,1,1,1,1,4),(0.,
    6.084644507817E-02,0.128862891872,0.204049340401,0.286405790677,
    0.375932242711,0.472628696512,0.576495152085,0.687531609436,
    0.805738068568,0.931114529486,1.063660992193,1.20337745669,
    1.350263922979,1.504320391064,1.665546860944,1.833943332622,
    2.009509806099,2.192246281376,2.382152758453),.UNSPECIFIED.);
#12537 = CARTESIAN_POINT('',(7.389426948704,-27.00161483373,-2.));
#12538 = CARTESIAN_POINT('',(7.395158147161,-27.02107111002,-2.));
#12539 = CARTESIAN_POINT('',(7.40767000199,-27.06216439078,-2.));
#12540 = CARTESIAN_POINT('',(7.428632777102,-27.126873924,-2.));
#12541 = CARTESIAN_POINT('',(7.453058079228,-27.19798632995,-2.));
#12542 = CARTESIAN_POINT('',(7.481181118279,-27.27539684865,-2.));
#12543 = CARTESIAN_POINT('',(7.513229956147,-27.35899520768,-2.));
#12544 = CARTESIAN_POINT('',(7.549431264695,-27.44866481902,-2.));
#12545 = CARTESIAN_POINT('',(7.590008365083,-27.54428310956,-2.));
#12546 = CARTESIAN_POINT('',(7.635181637165,-27.6457215079,-2.));
#12547 = CARTESIAN_POINT('',(7.68516821188,-27.75284553954,-2.));
#12548 = CARTESIAN_POINT('',(7.74018188116,-27.86551489353,-2.));
#12549 = CARTESIAN_POINT('',(7.800432945241,-27.98358350163,-2.));
#12550 = CARTESIAN_POINT('',(7.866128080195,-28.10689961781,-2.));
#12551 = CARTESIAN_POINT('',(7.937470203839,-28.23530590124,-2.));
#12552 = CARTESIAN_POINT('',(8.01465833612,-28.3686395033,-2.));
#12553 = CARTESIAN_POINT('',(8.097887496963,-28.50673215242,-2.));
#12554 = CARTESIAN_POINT('',(8.187348462111,-28.64941026279,-2.));
#12555 = CARTESIAN_POINT('',(8.28322809499,-28.79649496177,-2.));
#12556 = CARTESIAN_POINT('',(8.385707399735,-28.94780245497,-2.));
#12557 = CARTESIAN_POINT('',(8.457173142547,-29.04940787867,-2.));
#12558 = CARTESIAN_POINT('',(8.494036722919,-29.1008691868,-2.));
#12559 = VECTOR('',#12560,1.);
#12560 = DIRECTION('',(0.,-0.,-1.));
#12561 = ADVANCED_FACE('',(#12562),#12573,.F.);
#12562 = FACE_BOUND('',#12563,.F.);
#12563 = EDGE_LOOP('',(#12564,#12565,#12566,#12572));
#12564 = ORIENTED_EDGE('',*,*,#12511,.T.);
#12565 = ORIENTED_EDGE('',*,*,#1915,.T.);
#12566 = ORIENTED_EDGE('',*,*,#12567,.F.);
#12567 = EDGE_CURVE('',#5441,#1916,#12568,.T.);
#12568 = LINE('',#12569,#12570);
#12569 = CARTESIAN_POINT('',(0.610573051296,-27.00161483373,-2.));
#12570 = VECTOR('',#12571,1.);
#12571 = DIRECTION('',(0.,0.,1.));
#12572 = ORIENTED_EDGE('',*,*,#5440,.F.);
#12573 = SURFACE_OF_LINEAR_EXTRUSION('',#12574,#12597);
#12574 = B_SPLINE_CURVE_WITH_KNOTS('',3,(#12575,#12576,#12577,#12578,
    #12579,#12580,#12581,#12582,#12583,#12584,#12585,#12586,#12587,
    #12588,#12589,#12590,#12591,#12592,#12593,#12594,#12595,#12596),
  .UNSPECIFIED.,.F.,.F.,(4,1,1,1,1,1,1,1,1,1,1,1,1,1,1,1,1,1,1,4),(0.,
    0.189906477077,0.372642952354,0.548209425831,0.716605897509,
    0.87783236739,1.031888835474,1.178775301764,1.318491766261,
    1.451038228967,1.576414689885,1.694621149018,1.805657606368,
    1.909524061941,2.006220515742,2.095746967776,2.178103418053,
    2.253289866581,2.321306313375,2.382152758453),.UNSPECIFIED.);
#12575 = CARTESIAN_POINT('',(-0.494036722919,-29.1008691868,-2.));
#12576 = CARTESIAN_POINT('',(-0.457173142547,-29.04940787867,-2.));
#12577 = CARTESIAN_POINT('',(-0.385707399735,-28.94780245497,-2.));
#12578 = CARTESIAN_POINT('',(-0.28322809499,-28.79649496177,-2.));
#12579 = CARTESIAN_POINT('',(-0.187348462111,-28.64941026279,-2.));
#12580 = CARTESIAN_POINT('',(-9.788749696297E-02,-28.50673215242,-2.));
#12581 = CARTESIAN_POINT('',(-1.46583361198E-02,-28.3686395033,-2.));
#12582 = CARTESIAN_POINT('',(6.252979616135E-02,-28.23530590124,-2.));
#12583 = CARTESIAN_POINT('',(0.133871919805,-28.10689961781,-2.));
#12584 = CARTESIAN_POINT('',(0.199567054759,-27.98358350163,-2.));
#12585 = CARTESIAN_POINT('',(0.25981811884,-27.86551489353,-2.));
#12586 = CARTESIAN_POINT('',(0.31483178812,-27.75284553954,-2.));
#12587 = CARTESIAN_POINT('',(0.364818362835,-27.6457215079,-2.));
#12588 = CARTESIAN_POINT('',(0.409991634917,-27.54428310956,-2.));
#12589 = CARTESIAN_POINT('',(0.450568735305,-27.44866481902,-2.));
#12590 = CARTESIAN_POINT('',(0.486770043853,-27.35899520768,-2.));
#12591 = CARTESIAN_POINT('',(0.518818881721,-27.27539684865,-2.));
#12592 = CARTESIAN_POINT('',(0.546941920772,-27.19798632995,-2.));
#12593 = CARTESIAN_POINT('',(0.571367222898,-27.126873924,-2.));
#12594 = CARTESIAN_POINT('',(0.59232999801,-27.06216439078,-2.));
#12595 = CARTESIAN_POINT('',(0.604841852839,-27.02107111002,-2.));
#12596 = CARTESIAN_POINT('',(0.610573051296,-27.00161483373,-2.));
#12597 = VECTOR('',#12598,1.);
#12598 = DIRECTION('',(0.,-0.,-1.));
#12599 = ADVANCED_FACE('',(#12600),#12611,.F.);
#12600 = FACE_BOUND('',#12601,.F.);
#12601 = EDGE_LOOP('',(#12602,#12608,#12609,#12610));
#12602 = ORIENTED_EDGE('',*,*,#12603,.T.);
#12603 = EDGE_CURVE('',#5577,#2052,#12604,.T.);
#12604 = LINE('',#12605,#12606);
#12605 = CARTESIAN_POINT('',(6.55588976377,-27.10908755263,-2.));
#12606 = VECTOR('',#12607,1.);
#12607 = DIRECTION('',(0.,0.,1.));
#12608 = ORIENTED_EDGE('',*,*,#2078,.T.);
#12609 = ORIENTED_EDGE('',*,*,#12527,.F.);
#12610 = ORIENTED_EDGE('',*,*,#5603,.F.);
#12611 = SURFACE_OF_LINEAR_EXTRUSION('',#12612,#12615);
#12612 = B_SPLINE_CURVE_WITH_KNOTS('',1,(#12613,#12614),.UNSPECIFIED.,
  .F.,.F.,(2,2),(0.,0.840437162419),.PIECEWISE_BEZIER_KNOTS.);
#12613 = CARTESIAN_POINT('',(6.55588976377,-27.10908755263,-2.));
#12614 = CARTESIAN_POINT('',(7.389426948704,-27.00161483373,-2.));
#12615 = VECTOR('',#12616,1.);
#12616 = DIRECTION('',(0.,-0.,-1.));
#12617 = ADVANCED_FACE('',(#12618),#12629,.F.);
#12618 = FACE_BOUND('',#12619,.F.);
#12619 = EDGE_LOOP('',(#12620,#12621,#12622,#12628));
#12620 = ORIENTED_EDGE('',*,*,#12567,.T.);
#12621 = ORIENTED_EDGE('',*,*,#1942,.T.);
#12622 = ORIENTED_EDGE('',*,*,#12623,.F.);
#12623 = EDGE_CURVE('',#5468,#1943,#12624,.T.);
#12624 = LINE('',#12625,#12626);
#12625 = CARTESIAN_POINT('',(1.44411023623,-27.10908755263,-2.));
#12626 = VECTOR('',#12627,1.);
#12627 = DIRECTION('',(0.,0.,1.));
#12628 = ORIENTED_EDGE('',*,*,#5467,.F.);
#12629 = SURFACE_OF_LINEAR_EXTRUSION('',#12630,#12633);
#12630 = B_SPLINE_CURVE_WITH_KNOTS('',1,(#12631,#12632),.UNSPECIFIED.,
  .F.,.F.,(2,2),(0.,0.840437162419),.PIECEWISE_BEZIER_KNOTS.);
#12631 = CARTESIAN_POINT('',(0.610573051296,-27.00161483373,-2.));
#12632 = CARTESIAN_POINT('',(1.44411023623,-27.10908755263,-2.));
#12633 = VECTOR('',#12634,1.);
#12634 = DIRECTION('',(0.,-0.,-1.));
#12635 = ADVANCED_FACE('',(#12636),#12647,.F.);
#12636 = FACE_BOUND('',#12637,.F.);
#12637 = EDGE_LOOP('',(#12638,#12644,#12645,#12646));
#12638 = ORIENTED_EDGE('',*,*,#12639,.T.);
#12639 = EDGE_CURVE('',#5570,#2045,#12640,.T.);
#12640 = LINE('',#12641,#12642);
#12641 = CARTESIAN_POINT('',(6.019891892957,-29.41987483723,-2.));
#12642 = VECTOR('',#12643,1.);
#12643 = DIRECTION('',(0.,0.,1.));
#12644 = ORIENTED_EDGE('',*,*,#2051,.T.);
#12645 = ORIENTED_EDGE('',*,*,#12603,.F.);
#12646 = ORIENTED_EDGE('',*,*,#5576,.F.);
#12647 = SURFACE_OF_LINEAR_EXTRUSION('',#12648,#12671);
#12648 = B_SPLINE_CURVE_WITH_KNOTS('',3,(#12649,#12650,#12651,#12652,
    #12653,#12654,#12655,#12656,#12657,#12658,#12659,#12660,#12661,
    #12662,#12663,#12664,#12665,#12666,#12667,#12668,#12669,#12670),
  .UNSPECIFIED.,.F.,.F.,(4,1,1,1,1,1,1,1,1,1,1,1,1,1,1,1,1,1,1,4),(0.,
    0.189906477077,0.372642952354,0.548209425831,0.716605897509,
    0.87783236739,1.031888835474,1.178775301764,1.318491766261,
    1.451038228967,1.576414689885,1.694621149018,1.805657606368,
    1.909524061941,2.006220515742,2.095746967776,2.178103418053,
    2.253289866581,2.321306313375,2.382152758453),.UNSPECIFIED.);
#12649 = CARTESIAN_POINT('',(6.019891892957,-29.41987483723,-2.));
#12650 = CARTESIAN_POINT('',(6.042496448182,-29.36074596209,-2.));
#12651 = CARTESIAN_POINT('',(6.085852212618,-29.24433594444,-2.));
#12652 = CARTESIAN_POINT('',(6.146600078434,-29.07198263811,-2.));
#12653 = CARTESIAN_POINT('',(6.202035246669,-28.90538805597,-2.));
#12654 = CARTESIAN_POINT('',(6.25237942198,-28.74468406886,-2.));
#12655 = CARTESIAN_POINT('',(6.297858728267,-28.58999630058,-2.));
#12656 = CARTESIAN_POINT('',(6.338701732756,-28.44144426866,-2.));
#12657 = CARTESIAN_POINT('',(6.375139760082,-28.29914127363,-2.));
#12658 = CARTESIAN_POINT('',(6.40740662851,-28.1631943558,-2.));
#12659 = CARTESIAN_POINT('',(6.435738529628,-28.0337042391,-2.));
#12660 = CARTESIAN_POINT('',(6.460373871214,-27.91076528238,-2.));
#12661 = CARTESIAN_POINT('',(6.481553126485,-27.79446543306,-2.));
#12662 = CARTESIAN_POINT('',(6.499518685792,-27.68488618389,-2.));
#12663 = CARTESIAN_POINT('',(6.514514688853,-27.58210253512,-2.));
#12664 = CARTESIAN_POINT('',(6.526786920693,-27.48618295285,-2.));
#12665 = CARTESIAN_POINT('',(6.536582489955,-27.39718935497,-2.));
#12666 = CARTESIAN_POINT('',(6.54415022825,-27.31517702011,-2.));
#12667 = CARTESIAN_POINT('',(6.549738709784,-27.2401947653,-2.));
#12668 = CARTESIAN_POINT('',(6.553602024739,-27.17228426221,-2.));
#12669 = CARTESIAN_POINT('',(6.555281178611,-27.12936125351,-2.));
#12670 = CARTESIAN_POINT('',(6.55588976377,-27.10908755263,-2.));
#12671 = VECTOR('',#12672,1.);
#12672 = DIRECTION('',(0.,-0.,-1.));
#12673 = ADVANCED_FACE('',(#12674),#12685,.F.);
#12674 = FACE_BOUND('',#12675,.F.);
#12675 = EDGE_LOOP('',(#12676,#12677,#12678,#12684));
#12676 = ORIENTED_EDGE('',*,*,#12623,.T.);
#12677 = ORIENTED_EDGE('',*,*,#1949,.T.);
#12678 = ORIENTED_EDGE('',*,*,#12679,.F.);
#12679 = EDGE_CURVE('',#5475,#1950,#12680,.T.);
#12680 = LINE('',#12681,#12682);
#12681 = CARTESIAN_POINT('',(1.980108107043,-29.41987483723,-2.));
#12682 = VECTOR('',#12683,1.);
#12683 = DIRECTION('',(0.,0.,1.));
#12684 = ORIENTED_EDGE('',*,*,#5474,.F.);
#12685 = SURFACE_OF_LINEAR_EXTRUSION('',#12686,#12709);
#12686 = B_SPLINE_CURVE_WITH_KNOTS('',3,(#12687,#12688,#12689,#12690,
    #12691,#12692,#12693,#12694,#12695,#12696,#12697,#12698,#12699,
    #12700,#12701,#12702,#12703,#12704,#12705,#12706,#12707,#12708),
  .UNSPECIFIED.,.F.,.F.,(4,1,1,1,1,1,1,1,1,1,1,1,1,1,1,1,1,1,1,4),(0.,
    6.084644507817E-02,0.128862891872,0.204049340401,0.286405790677,
    0.375932242711,0.472628696512,0.576495152085,0.687531609436,
    0.805738068568,0.931114529486,1.063660992193,1.20337745669,
    1.350263922979,1.504320391064,1.665546860944,1.833943332622,
    2.009509806099,2.192246281376,2.382152758453),.UNSPECIFIED.);
#12687 = CARTESIAN_POINT('',(1.44411023623,-27.10908755263,-2.));
#12688 = CARTESIAN_POINT('',(1.444718821389,-27.12936125351,-2.));
#12689 = CARTESIAN_POINT('',(1.446397975261,-27.17228426221,-2.));
#12690 = CARTESIAN_POINT('',(1.450261290216,-27.2401947653,-2.));
#12691 = CARTESIAN_POINT('',(1.45584977175,-27.31517702011,-2.));
#12692 = CARTESIAN_POINT('',(1.463417510045,-27.39718935497,-2.));
#12693 = CARTESIAN_POINT('',(1.473213079307,-27.48618295285,-2.));
#12694 = CARTESIAN_POINT('',(1.485485311147,-27.58210253512,-2.));
#12695 = CARTESIAN_POINT('',(1.500481314208,-27.68488618389,-2.));
#12696 = CARTESIAN_POINT('',(1.518446873515,-27.79446543306,-2.));
#12697 = CARTESIAN_POINT('',(1.539626128786,-27.91076528238,-2.));
#12698 = CARTESIAN_POINT('',(1.564261470372,-28.0337042391,-2.));
#12699 = CARTESIAN_POINT('',(1.59259337149,-28.1631943558,-2.));
#12700 = CARTESIAN_POINT('',(1.624860239918,-28.29914127363,-2.));
#12701 = CARTESIAN_POINT('',(1.661298267244,-28.44144426866,-2.));
#12702 = CARTESIAN_POINT('',(1.702141271733,-28.58999630058,-2.));
#12703 = CARTESIAN_POINT('',(1.74762057802,-28.74468406886,-2.));
#12704 = CARTESIAN_POINT('',(1.797964753331,-28.90538805597,-2.));
#12705 = CARTESIAN_POINT('',(1.853399921566,-29.07198263811,-2.));
#12706 = CARTESIAN_POINT('',(1.914147787382,-29.24433594444,-2.));
#12707 = CARTESIAN_POINT('',(1.957503551818,-29.36074596209,-2.));
#12708 = CARTESIAN_POINT('',(1.980108107043,-29.41987483723,-2.));
#12709 = VECTOR('',#12710,1.);
#12710 = DIRECTION('',(0.,-0.,-1.));
#12711 = ADVANCED_FACE('',(#12712),#12723,.F.);
#12712 = FACE_BOUND('',#12713,.F.);
#12713 = EDGE_LOOP('',(#12714,#12720,#12721,#12722));
#12714 = ORIENTED_EDGE('',*,*,#12715,.T.);
#12715 = EDGE_CURVE('',#5543,#2018,#12716,.T.);
#12716 = LINE('',#12717,#12718);
#12717 = CARTESIAN_POINT('',(5.247312836124,-29.46947605838,-2.));
#12718 = VECTOR('',#12719,1.);
#12719 = DIRECTION('',(0.,0.,1.));
#12720 = ORIENTED_EDGE('',*,*,#2044,.T.);
#12721 = ORIENTED_EDGE('',*,*,#12639,.F.);
#12722 = ORIENTED_EDGE('',*,*,#5569,.F.);
#12723 = SURFACE_OF_LINEAR_EXTRUSION('',#12724,#12727);
#12724 = B_SPLINE_CURVE_WITH_KNOTS('',1,(#12725,#12726),.UNSPECIFIED.,
  .F.,.F.,(2,2),(0.,0.774169671453),.PIECEWISE_BEZIER_KNOTS.);
#12725 = CARTESIAN_POINT('',(5.247312836124,-29.46947605838,-2.));
#12726 = CARTESIAN_POINT('',(6.019891892957,-29.41987483723,-2.));
#12727 = VECTOR('',#12728,1.);
#12728 = DIRECTION('',(0.,-0.,-1.));
#12729 = ADVANCED_FACE('',(#12730),#12741,.F.);
#12730 = FACE_BOUND('',#12731,.F.);
#12731 = EDGE_LOOP('',(#12732,#12733,#12734,#12740));
#12732 = ORIENTED_EDGE('',*,*,#12679,.T.);
#12733 = ORIENTED_EDGE('',*,*,#1976,.T.);
#12734 = ORIENTED_EDGE('',*,*,#12735,.F.);
#12735 = EDGE_CURVE('',#5502,#1977,#12736,.T.);
#12736 = LINE('',#12737,#12738);
#12737 = CARTESIAN_POINT('',(2.752687163876,-29.46947605838,-2.));
#12738 = VECTOR('',#12739,1.);
#12739 = DIRECTION('',(0.,0.,1.));
#12740 = ORIENTED_EDGE('',*,*,#5501,.F.);
#12741 = SURFACE_OF_LINEAR_EXTRUSION('',#12742,#12745);
#12742 = B_SPLINE_CURVE_WITH_KNOTS('',1,(#12743,#12744),.UNSPECIFIED.,
  .F.,.F.,(2,2),(0.,0.774169671453),.PIECEWISE_BEZIER_KNOTS.);
#12743 = CARTESIAN_POINT('',(1.980108107043,-29.41987483723,-2.));
#12744 = CARTESIAN_POINT('',(2.752687163876,-29.46947605838,-2.));
#12745 = VECTOR('',#12746,1.);
#12746 = DIRECTION('',(0.,-0.,-1.));
#12747 = ADVANCED_FACE('',(#12748),#12759,.F.);
#12748 = FACE_BOUND('',#12749,.F.);
#12749 = EDGE_LOOP('',(#12750,#12756,#12757,#12758));
#12750 = ORIENTED_EDGE('',*,*,#12751,.T.);
#12751 = EDGE_CURVE('',#5536,#2011,#12752,.T.);
#12752 = LINE('',#12753,#12754);
#12753 = CARTESIAN_POINT('',(4.42021858121,-27.24620219184,-2.));
#12754 = VECTOR('',#12755,1.);
#12755 = DIRECTION('',(0.,0.,1.));
#12756 = ORIENTED_EDGE('',*,*,#2017,.T.);
#12757 = ORIENTED_EDGE('',*,*,#12715,.F.);
#12758 = ORIENTED_EDGE('',*,*,#5542,.F.);
#12759 = SURFACE_OF_LINEAR_EXTRUSION('',#12760,#12783);
#12760 = B_SPLINE_CURVE_WITH_KNOTS('',3,(#12761,#12762,#12763,#12764,
    #12765,#12766,#12767,#12768,#12769,#12770,#12771,#12772,#12773,
    #12774,#12775,#12776,#12777,#12778,#12779,#12780,#12781,#12782),
  .UNSPECIFIED.,.F.,.F.,(4,1,1,1,1,1,1,1,1,1,1,1,1,1,1,1,1,1,1,4),(0.,
    6.084644507817E-02,0.128862891872,0.204049340401,0.286405790677,
    0.375932242711,0.472628696512,0.576495152085,0.687531609436,
    0.805738068568,0.931114529486,1.063660992193,1.20337745669,
    1.350263922979,1.504320391064,1.665546860944,1.833943332622,
    2.009509806099,2.192246281376,2.382152758453),.UNSPECIFIED.);
#12761 = CARTESIAN_POINT('',(4.42021858121,-27.24620219184,-2.));
#12762 = CARTESIAN_POINT('',(4.423414713218,-27.26623162176,-2.));
#12763 = CARTESIAN_POINT('',(4.430568953785,-27.30858750773,-2.));
#12764 = CARTESIAN_POINT('',(4.443084753359,-27.37544643677,-2.));
#12765 = CARTESIAN_POINT('',(4.45821587146,-27.44909844915,-2.));
#12766 = CARTESIAN_POINT('',(4.476208983332,-27.52946972298,-2.));
#12767 = CARTESIAN_POINT('',(4.497304379811,-27.61648005506,-2.));
#12768 = CARTESIAN_POINT('',(4.521741780729,-27.71004280071,-2.));
#12769 = CARTESIAN_POINT('',(4.549758348084,-27.81006495084,-2.));
#12770 = CARTESIAN_POINT('',(4.58158909376,-27.91644717115,-2.));
#12771 = CARTESIAN_POINT('',(4.617466562274,-28.02908385727,-2.));
#12772 = CARTESIAN_POINT('',(4.657620732892,-28.1478631893,-2.));
#12773 = CARTESIAN_POINT('',(4.702278858082,-28.27266719082,-2.));
#12774 = CARTESIAN_POINT('',(4.751665321959,-28.40337179079,-2.));
#12775 = CARTESIAN_POINT('',(4.806001496687,-28.53984688868,-2.));
#12776 = CARTESIAN_POINT('',(4.86550559288,-28.68195642299,-2.));
#12777 = CARTESIAN_POINT('',(4.930392547445,-28.82955844222,-2.));
#12778 = CARTESIAN_POINT('',(5.000873767517,-28.98250518158,-2.));
#12779 = CARTESIAN_POINT('',(5.077157456102,-29.14064313253,-2.));
#12780 = CARTESIAN_POINT('',(5.1594466344,-29.30381315593,-2.));
#12781 = CARTESIAN_POINT('',(5.217332631257,-29.41372323685,-2.));
#12782 = CARTESIAN_POINT('',(5.247312836124,-29.46947605838,-2.));
#12783 = VECTOR('',#12784,1.);
#12784 = DIRECTION('',(0.,-0.,-1.));
#12785 = ADVANCED_FACE('',(#12786),#12797,.F.);
#12786 = FACE_BOUND('',#12787,.F.);
#12787 = EDGE_LOOP('',(#12788,#12789,#12790,#12796));
#12788 = ORIENTED_EDGE('',*,*,#12735,.T.);
#12789 = ORIENTED_EDGE('',*,*,#1983,.T.);
#12790 = ORIENTED_EDGE('',*,*,#12791,.F.);
#12791 = EDGE_CURVE('',#5509,#1984,#12792,.T.);
#12792 = LINE('',#12793,#12794);
#12793 = CARTESIAN_POINT('',(3.57978141879,-27.24620219184,-2.));
#12794 = VECTOR('',#12795,1.);
#12795 = DIRECTION('',(0.,0.,1.));
#12796 = ORIENTED_EDGE('',*,*,#5508,.F.);
#12797 = SURFACE_OF_LINEAR_EXTRUSION('',#12798,#12821);
#12798 = B_SPLINE_CURVE_WITH_KNOTS('',3,(#12799,#12800,#12801,#12802,
    #12803,#12804,#12805,#12806,#12807,#12808,#12809,#12810,#12811,
    #12812,#12813,#12814,#12815,#12816,#12817,#12818,#12819,#12820),
  .UNSPECIFIED.,.F.,.F.,(4,1,1,1,1,1,1,1,1,1,1,1,1,1,1,1,1,1,1,4),(0.,
    0.189906477077,0.372642952354,0.548209425831,0.716605897509,
    0.87783236739,1.031888835474,1.178775301764,1.318491766261,
    1.451038228967,1.576414689885,1.694621149018,1.805657606368,
    1.909524061941,2.006220515742,2.095746967776,2.178103418053,
    2.253289866581,2.321306313375,2.382152758453),.UNSPECIFIED.);
#12799 = CARTESIAN_POINT('',(2.752687163876,-29.46947605838,-2.));
#12800 = CARTESIAN_POINT('',(2.782667368743,-29.41372323685,-2.));
#12801 = CARTESIAN_POINT('',(2.8405533656,-29.30381315593,-2.));
#12802 = CARTESIAN_POINT('',(2.922842543897,-29.14064313253,-2.));
#12803 = CARTESIAN_POINT('',(2.999126232483,-28.98250518158,-2.));
#12804 = CARTESIAN_POINT('',(3.069607452555,-28.82955844222,-2.));
#12805 = CARTESIAN_POINT('',(3.13449440712,-28.68195642299,-2.));
#12806 = CARTESIAN_POINT('',(3.193998503313,-28.53984688868,-2.));
#12807 = CARTESIAN_POINT('',(3.248334678041,-28.40337179079,-2.));
#12808 = CARTESIAN_POINT('',(3.297721141918,-28.27266719082,-2.));
#12809 = CARTESIAN_POINT('',(3.342379267108,-28.1478631893,-2.));
#12810 = CARTESIAN_POINT('',(3.382533437726,-28.02908385727,-2.));
#12811 = CARTESIAN_POINT('',(3.41841090624,-27.91644717115,-2.));
#12812 = CARTESIAN_POINT('',(3.450241651916,-27.81006495084,-2.));
#12813 = CARTESIAN_POINT('',(3.478258219271,-27.71004280071,-2.));
#12814 = CARTESIAN_POINT('',(3.502695620189,-27.61648005506,-2.));
#12815 = CARTESIAN_POINT('',(3.523791016668,-27.52946972298,-2.));
#12816 = CARTESIAN_POINT('',(3.54178412854,-27.44909844915,-2.));
#12817 = CARTESIAN_POINT('',(3.556915246641,-27.37544643677,-2.));
#12818 = CARTESIAN_POINT('',(3.569431046215,-27.30858750773,-2.));
#12819 = CARTESIAN_POINT('',(3.576585286782,-27.26623162176,-2.));
#12820 = CARTESIAN_POINT('',(3.57978141879,-27.24620219184,-2.));
#12821 = VECTOR('',#12822,1.);
#12822 = DIRECTION('',(0.,-0.,-1.));
#12823 = ADVANCED_FACE('',(#12824),#12830,.F.);
#12824 = FACE_BOUND('',#12825,.F.);
#12825 = EDGE_LOOP('',(#12826,#12827,#12828,#12829));
#12826 = ORIENTED_EDGE('',*,*,#12791,.T.);
#12827 = ORIENTED_EDGE('',*,*,#2010,.T.);
#12828 = ORIENTED_EDGE('',*,*,#12751,.F.);
#12829 = ORIENTED_EDGE('',*,*,#5535,.F.);
#12830 = SURFACE_OF_LINEAR_EXTRUSION('',#12831,#12834);
#12831 = B_SPLINE_CURVE_WITH_KNOTS('',1,(#12832,#12833),.UNSPECIFIED.,
  .F.,.F.,(2,2),(0.,0.840437162419),.PIECEWISE_BEZIER_KNOTS.);
#12832 = CARTESIAN_POINT('',(3.57978141879,-27.24620219184,-2.));
#12833 = CARTESIAN_POINT('',(4.42021858121,-27.24620219184,-2.));
#12834 = VECTOR('',#12835,1.);
#12835 = DIRECTION('',(0.,-0.,-1.));
#12836 = ADVANCED_FACE('',(#12837),#12853,.F.);
#12837 = FACE_BOUND('',#12838,.F.);
#12838 = EDGE_LOOP('',(#12839,#12840,#12846,#12847));
#12839 = ORIENTED_EDGE('',*,*,#3676,.F.);
#12840 = ORIENTED_EDGE('',*,*,#12841,.T.);
#12841 = EDGE_CURVE('',#3677,#7202,#12842,.T.);
#12842 = LINE('',#12843,#12844);
#12843 = CARTESIAN_POINT('',(8.,-23.59591794226,6.));
#12844 = VECTOR('',#12845,1.);
#12845 = DIRECTION('',(0.,-0.,-1.));
#12846 = ORIENTED_EDGE('',*,*,#7201,.T.);
#12847 = ORIENTED_EDGE('',*,*,#12848,.F.);
#12848 = EDGE_CURVE('',#3679,#7204,#12849,.T.);
#12849 = LINE('',#12850,#12851);
#12850 = CARTESIAN_POINT('',(23.595917942265,-8.,6.));
#12851 = VECTOR('',#12852,1.);
#12852 = DIRECTION('',(0.,-0.,-1.));
#12853 = CYLINDRICAL_SURFACE('',#12854,20.);
#12854 = AXIS2_PLACEMENT_3D('',#12855,#12856,#12857);
#12855 = CARTESIAN_POINT('',(4.,-4.,6.));
#12856 = DIRECTION('',(0.,0.,1.));
#12857 = DIRECTION('',(-0.,1.,0.));
#12858 = ADVANCED_FACE('',(#12859),#12870,.T.);
#12859 = FACE_BOUND('',#12860,.T.);
#12860 = EDGE_LOOP('',(#12861,#12862,#12868,#12869));
#12861 = ORIENTED_EDGE('',*,*,#3704,.F.);
#12862 = ORIENTED_EDGE('',*,*,#12863,.T.);
#12863 = EDGE_CURVE('',#3696,#7221,#12864,.T.);
#12864 = LINE('',#12865,#12866);
#12865 = CARTESIAN_POINT('',(16.369316876853,-8.,6.));
#12866 = VECTOR('',#12867,1.);
#12867 = DIRECTION('',(0.,-0.,-1.));
#12868 = ORIENTED_EDGE('',*,*,#7229,.T.);
#12869 = ORIENTED_EDGE('',*,*,#12848,.F.);
#12870 = PLANE('',#12871);
#12871 = AXIS2_PLACEMENT_3D('',#12872,#12873,#12874);
#12872 = CARTESIAN_POINT('',(16.369316876853,-8.,6.));
#12873 = DIRECTION('',(0.,-1.,0.));
#12874 = DIRECTION('',(1.,0.,0.));
#12875 = ADVANCED_FACE('',(#12876),#12887,.T.);
#12876 = FACE_BOUND('',#12877,.T.);
#12877 = EDGE_LOOP('',(#12878,#12879,#12885,#12886));
#12878 = ORIENTED_EDGE('',*,*,#3695,.F.);
#12879 = ORIENTED_EDGE('',*,*,#12880,.T.);
#12880 = EDGE_CURVE('',#3688,#7213,#12881,.T.);
#12881 = LINE('',#12882,#12883);
#12882 = CARTESIAN_POINT('',(8.,-16.36931687685,6.));
#12883 = VECTOR('',#12884,1.);
#12884 = DIRECTION('',(0.,-0.,-1.));
#12885 = ORIENTED_EDGE('',*,*,#7220,.T.);
#12886 = ORIENTED_EDGE('',*,*,#12863,.F.);
#12887 = CYLINDRICAL_SURFACE('',#12888,13.);
#12888 = AXIS2_PLACEMENT_3D('',#12889,#12890,#12891);
#12889 = CARTESIAN_POINT('',(4.,-4.,6.));
#12890 = DIRECTION('',(0.,0.,1.));
#12891 = DIRECTION('',(-0.,1.,0.));
#12892 = ADVANCED_FACE('',(#12893),#12899,.T.);
#12893 = FACE_BOUND('',#12894,.T.);
#12894 = EDGE_LOOP('',(#12895,#12896,#12897,#12898));
#12895 = ORIENTED_EDGE('',*,*,#3687,.F.);
#12896 = ORIENTED_EDGE('',*,*,#12841,.T.);
#12897 = ORIENTED_EDGE('',*,*,#7212,.T.);
#12898 = ORIENTED_EDGE('',*,*,#12880,.F.);
#12899 = PLANE('',#12900);
#12900 = AXIS2_PLACEMENT_3D('',#12901,#12902,#12903);
#12901 = CARTESIAN_POINT('',(8.,-23.59591794226,6.));
#12902 = DIRECTION('',(1.,0.,0.));
#12903 = DIRECTION('',(0.,1.,0.));
#12904 = ADVANCED_FACE('',(#12905),#12921,.F.);
#12905 = FACE_BOUND('',#12906,.F.);
#12906 = EDGE_LOOP('',(#12907,#12908,#12914,#12915));
#12907 = ORIENTED_EDGE('',*,*,#3712,.F.);
#12908 = ORIENTED_EDGE('',*,*,#12909,.T.);
#12909 = EDGE_CURVE('',#3713,#7238,#12910,.T.);
#12910 = LINE('',#12911,#12912);
#12911 = CARTESIAN_POINT('',(23.595917942265,1.545430450278E-13,6.));
#12912 = VECTOR('',#12913,1.);
#12913 = DIRECTION('',(0.,-0.,-1.));
#12914 = ORIENTED_EDGE('',*,*,#7237,.T.);
#12915 = ORIENTED_EDGE('',*,*,#12916,.F.);
#12916 = EDGE_CURVE('',#3715,#7240,#12917,.T.);
#12917 = LINE('',#12918,#12919);
#12918 = CARTESIAN_POINT('',(8.,15.595917942266,6.));
#12919 = VECTOR('',#12920,1.);
#12920 = DIRECTION('',(0.,-0.,-1.));
#12921 = CYLINDRICAL_SURFACE('',#12922,20.);
#12922 = AXIS2_PLACEMENT_3D('',#12923,#12924,#12925);
#12923 = CARTESIAN_POINT('',(4.,-4.,6.));
#12924 = DIRECTION('',(0.,0.,1.));
#12925 = DIRECTION('',(-0.,1.,0.));
#12926 = ADVANCED_FACE('',(#12927),#12938,.T.);
#12927 = FACE_BOUND('',#12928,.T.);
#12928 = EDGE_LOOP('',(#12929,#12930,#12936,#12937));
#12929 = ORIENTED_EDGE('',*,*,#3740,.F.);
#12930 = ORIENTED_EDGE('',*,*,#12931,.T.);
#12931 = EDGE_CURVE('',#3732,#7257,#12932,.T.);
#12932 = LINE('',#12933,#12934);
#12933 = CARTESIAN_POINT('',(8.,8.369316876853,6.));
#12934 = VECTOR('',#12935,1.);
#12935 = DIRECTION('',(0.,-0.,-1.));
#12936 = ORIENTED_EDGE('',*,*,#7265,.T.);
#12937 = ORIENTED_EDGE('',*,*,#12916,.F.);
#12938 = PLANE('',#12939);
#12939 = AXIS2_PLACEMENT_3D('',#12940,#12941,#12942);
#12940 = CARTESIAN_POINT('',(8.,8.369316876853,6.));
#12941 = DIRECTION('',(1.,0.,0.));
#12942 = DIRECTION('',(0.,1.,0.));
#12943 = ADVANCED_FACE('',(#12944),#12955,.T.);
#12944 = FACE_BOUND('',#12945,.T.);
#12945 = EDGE_LOOP('',(#12946,#12947,#12953,#12954));
#12946 = ORIENTED_EDGE('',*,*,#3731,.F.);
#12947 = ORIENTED_EDGE('',*,*,#12948,.T.);
#12948 = EDGE_CURVE('',#3724,#7249,#12949,.T.);
#12949 = LINE('',#12950,#12951);
#12950 = CARTESIAN_POINT('',(16.369316876853,1.50990331349E-13,6.));
#12951 = VECTOR('',#12952,1.);
#12952 = DIRECTION('',(0.,-0.,-1.));
#12953 = ORIENTED_EDGE('',*,*,#7256,.T.);
#12954 = ORIENTED_EDGE('',*,*,#12931,.F.);
#12955 = CYLINDRICAL_SURFACE('',#12956,13.);
#12956 = AXIS2_PLACEMENT_3D('',#12957,#12958,#12959);
#12957 = CARTESIAN_POINT('',(4.,-4.,6.));
#12958 = DIRECTION('',(0.,0.,1.));
#12959 = DIRECTION('',(-0.,1.,0.));
#12960 = ADVANCED_FACE('',(#12961),#12967,.T.);
#12961 = FACE_BOUND('',#12962,.T.);
#12962 = EDGE_LOOP('',(#12963,#12964,#12965,#12966));
#12963 = ORIENTED_EDGE('',*,*,#3723,.F.);
#12964 = ORIENTED_EDGE('',*,*,#12909,.T.);
#12965 = ORIENTED_EDGE('',*,*,#7248,.T.);
#12966 = ORIENTED_EDGE('',*,*,#12948,.F.);
#12967 = PLANE('',#12968);
#12968 = AXIS2_PLACEMENT_3D('',#12969,#12970,#12971);
#12969 = CARTESIAN_POINT('',(23.595917942265,1.545430450278E-13,6.));
#12970 = DIRECTION('',(0.,1.,0.));
#12971 = DIRECTION('',(-1.,0.,0.));
#12972 = ADVANCED_FACE('',(#12973),#12989,.F.);
#12973 = FACE_BOUND('',#12974,.F.);
#12974 = EDGE_LOOP('',(#12975,#12976,#12982,#12983));
#12975 = ORIENTED_EDGE('',*,*,#3748,.F.);
#12976 = ORIENTED_EDGE('',*,*,#12977,.T.);
#12977 = EDGE_CURVE('',#3749,#7274,#12978,.T.);
#12978 = LINE('',#12979,#12980);
#12979 = CARTESIAN_POINT('',(-15.59591794226,-8.,6.));
#12980 = VECTOR('',#12981,1.);
#12981 = DIRECTION('',(0.,-0.,-1.));
#12982 = ORIENTED_EDGE('',*,*,#7273,.T.);
#12983 = ORIENTED_EDGE('',*,*,#12984,.F.);
#12984 = EDGE_CURVE('',#3751,#7276,#12985,.T.);
#12985 = LINE('',#12986,#12987);
#12986 = CARTESIAN_POINT('',(-3.694822225953E-13,-23.59591794226,6.));
#12987 = VECTOR('',#12988,1.);
#12988 = DIRECTION('',(0.,-0.,-1.));
#12989 = CYLINDRICAL_SURFACE('',#12990,20.);
#12990 = AXIS2_PLACEMENT_3D('',#12991,#12992,#12993);
#12991 = CARTESIAN_POINT('',(4.,-4.,6.));
#12992 = DIRECTION('',(0.,0.,1.));
#12993 = DIRECTION('',(-0.,1.,0.));
#12994 = ADVANCED_FACE('',(#12995),#13006,.T.);
#12995 = FACE_BOUND('',#12996,.T.);
#12996 = EDGE_LOOP('',(#12997,#12998,#13004,#13005));
#12997 = ORIENTED_EDGE('',*,*,#3776,.F.);
#12998 = ORIENTED_EDGE('',*,*,#12999,.T.);
#12999 = EDGE_CURVE('',#3768,#7293,#13000,.T.);
#13000 = LINE('',#13001,#13002);
#13001 = CARTESIAN_POINT('',(-3.70370401015E-13,-16.36931687685,6.));
#13002 = VECTOR('',#13003,1.);
#13003 = DIRECTION('',(0.,-0.,-1.));
#13004 = ORIENTED_EDGE('',*,*,#7301,.T.);
#13005 = ORIENTED_EDGE('',*,*,#12984,.F.);
#13006 = PLANE('',#13007);
#13007 = AXIS2_PLACEMENT_3D('',#13008,#13009,#13010);
#13008 = CARTESIAN_POINT('',(-3.694822225953E-13,-16.36931687685,6.));
#13009 = DIRECTION('',(-1.,0.,0.));
#13010 = DIRECTION('',(0.,-1.,0.));
#13011 = ADVANCED_FACE('',(#13012),#13023,.T.);
#13012 = FACE_BOUND('',#13013,.T.);
#13013 = EDGE_LOOP('',(#13014,#13015,#13021,#13022));
#13014 = ORIENTED_EDGE('',*,*,#3767,.F.);
#13015 = ORIENTED_EDGE('',*,*,#13016,.T.);
#13016 = EDGE_CURVE('',#3760,#7285,#13017,.T.);
#13017 = LINE('',#13018,#13019);
#13018 = CARTESIAN_POINT('',(-8.369316876853,-8.,6.));
#13019 = VECTOR('',#13020,1.);
#13020 = DIRECTION('',(0.,-0.,-1.));
#13021 = ORIENTED_EDGE('',*,*,#7292,.T.);
#13022 = ORIENTED_EDGE('',*,*,#12999,.F.);
#13023 = CYLINDRICAL_SURFACE('',#13024,13.);
#13024 = AXIS2_PLACEMENT_3D('',#13025,#13026,#13027);
#13025 = CARTESIAN_POINT('',(4.,-4.,6.));
#13026 = DIRECTION('',(0.,0.,1.));
#13027 = DIRECTION('',(-0.,1.,0.));
#13028 = ADVANCED_FACE('',(#13029),#13035,.T.);
#13029 = FACE_BOUND('',#13030,.T.);
#13030 = EDGE_LOOP('',(#13031,#13032,#13033,#13034));
#13031 = ORIENTED_EDGE('',*,*,#3759,.F.);
#13032 = ORIENTED_EDGE('',*,*,#12977,.T.);
#13033 = ORIENTED_EDGE('',*,*,#7284,.T.);
#13034 = ORIENTED_EDGE('',*,*,#13016,.F.);
#13035 = PLANE('',#13036);
#13036 = AXIS2_PLACEMENT_3D('',#13037,#13038,#13039);
#13037 = CARTESIAN_POINT('',(-15.59591794226,-8.,6.));
#13038 = DIRECTION('',(0.,-1.,0.));
#13039 = DIRECTION('',(1.,0.,0.));
#13040 = ADVANCED_FACE('',(#13041),#13057,.F.);
#13041 = FACE_BOUND('',#13042,.F.);
#13042 = EDGE_LOOP('',(#13043,#13044,#13050,#13051));
#13043 = ORIENTED_EDGE('',*,*,#3791,.F.);
#13044 = ORIENTED_EDGE('',*,*,#13045,.T.);
#13045 = EDGE_CURVE('',#3792,#7313,#13046,.T.);
#13046 = LINE('',#13047,#13048);
#13047 = CARTESIAN_POINT('',(-3.623767952377E-13,15.595917942265,6.));
#13048 = VECTOR('',#13049,1.);
#13049 = DIRECTION('',(0.,-0.,-1.));
#13050 = ORIENTED_EDGE('',*,*,#7312,.T.);
#13051 = ORIENTED_EDGE('',*,*,#13052,.F.);
#13052 = EDGE_CURVE('',#3794,#7315,#13053,.T.);
#13053 = LINE('',#13054,#13055);
#13054 = CARTESIAN_POINT('',(-15.59591794226,1.607602939657E-13,6.));
#13055 = VECTOR('',#13056,1.);
#13056 = DIRECTION('',(0.,-0.,-1.));
#13057 = CYLINDRICAL_SURFACE('',#13058,20.);
#13058 = AXIS2_PLACEMENT_3D('',#13059,#13060,#13061);
#13059 = CARTESIAN_POINT('',(4.,-4.,6.));
#13060 = DIRECTION('',(0.,0.,1.));
#13061 = DIRECTION('',(-0.,1.,0.));
#13062 = ADVANCED_FACE('',(#13063),#13074,.T.);
#13063 = FACE_BOUND('',#13064,.T.);
#13064 = EDGE_LOOP('',(#13065,#13066,#13072,#13073));
#13065 = ORIENTED_EDGE('',*,*,#3819,.F.);
#13066 = ORIENTED_EDGE('',*,*,#13067,.T.);
#13067 = EDGE_CURVE('',#3811,#7332,#13068,.T.);
#13068 = LINE('',#13069,#13070);
#13069 = CARTESIAN_POINT('',(-8.369316876853,1.616484723854E-13,6.));
#13070 = VECTOR('',#13071,1.);
#13071 = DIRECTION('',(0.,-0.,-1.));
#13072 = ORIENTED_EDGE('',*,*,#7340,.T.);
#13073 = ORIENTED_EDGE('',*,*,#13052,.F.);
#13074 = PLANE('',#13075);
#13075 = AXIS2_PLACEMENT_3D('',#13076,#13077,#13078);
#13076 = CARTESIAN_POINT('',(-8.369316876853,1.616484723854E-13,6.));
#13077 = DIRECTION('',(0.,1.,0.));
#13078 = DIRECTION('',(-1.,0.,0.));
#13079 = ADVANCED_FACE('',(#13080),#13091,.T.);
#13080 = FACE_BOUND('',#13081,.T.);
#13081 = EDGE_LOOP('',(#13082,#13083,#13089,#13090));
#13082 = ORIENTED_EDGE('',*,*,#3810,.F.);
#13083 = ORIENTED_EDGE('',*,*,#13084,.T.);
#13084 = EDGE_CURVE('',#3803,#7324,#13085,.T.);
#13085 = LINE('',#13086,#13087);
#13086 = CARTESIAN_POINT('',(-3.588240815589E-13,8.369316876853,6.));
#13087 = VECTOR('',#13088,1.);
#13088 = DIRECTION('',(0.,-0.,-1.));
#13089 = ORIENTED_EDGE('',*,*,#7331,.T.);
#13090 = ORIENTED_EDGE('',*,*,#13067,.F.);
#13091 = CYLINDRICAL_SURFACE('',#13092,13.);
#13092 = AXIS2_PLACEMENT_3D('',#13093,#13094,#13095);
#13093 = CARTESIAN_POINT('',(4.,-4.,6.));
#13094 = DIRECTION('',(0.,0.,1.));
#13095 = DIRECTION('',(-0.,1.,0.));
#13096 = ADVANCED_FACE('',(#13097),#13103,.T.);
#13097 = FACE_BOUND('',#13098,.T.);
#13098 = EDGE_LOOP('',(#13099,#13100,#13101,#13102));
#13099 = ORIENTED_EDGE('',*,*,#3802,.F.);
#13100 = ORIENTED_EDGE('',*,*,#13045,.T.);
#13101 = ORIENTED_EDGE('',*,*,#7323,.T.);
#13102 = ORIENTED_EDGE('',*,*,#13084,.F.);
#13103 = PLANE('',#13104);
#13104 = AXIS2_PLACEMENT_3D('',#13105,#13106,#13107);
#13105 = CARTESIAN_POINT('',(-3.588240815589E-13,15.595917942265,6.));
#13106 = DIRECTION('',(-1.,0.,0.));
#13107 = DIRECTION('',(0.,-1.,0.));
#13108 = ( GEOMETRIC_REPRESENTATION_CONTEXT(3) 
GLOBAL_UNCERTAINTY_ASSIGNED_CONTEXT((#13112)) 
GLOBAL_UNIT_ASSIGNED_CONTEXT((#13109,#13110,#13111)) 
REPRESENTATION_CONTEXT('Context #1',
  '3D Context with UNIT and UNCERTAINTY') );
#13109 = ( LENGTH_UNIT() NAMED_UNIT(*) SI_UNIT(.MILLI.,.METRE.) );
#13110 = ( NAMED_UNIT(*) PLANE_ANGLE_UNIT() SI_UNIT($,.RADIAN.) );
#13111 = ( NAMED_UNIT(*) SI_UNIT($,.STERADIAN.) SOLID_ANGLE_UNIT() );
#13112 = UNCERTAINTY_MEASURE_WITH_UNIT(LENGTH_MEASURE(2.E-06),#13109,
  'distance_accuracy_value','confusion accuracy');
#13113 = PRODUCT_RELATED_PRODUCT_CATEGORY('part',$,(#7));
ENDSEC;
END-ISO-10303-21;
