ISO-10303-21;
HEADER;
FILE_DESCRIPTION(('FreeCAD Model'),'2;1');
FILE_NAME('Open CASCADE Shape Model','2026-08-28T13:04:05',('FreeCAD'),(
    'FreeCAD'),'Open CASCADE STEP processor 7.8','FreeCAD','Unknown');
FILE_SCHEMA(('AUTOMOTIVE_DESIGN { 1 0 10303 214 1 1 1 1 }'));
ENDSEC;
DATA;
#1 = APPLICATION_PROTOCOL_DEFINITION('international standard',
  'automotive_design',2000,#2);
#2 = APPLICATION_CONTEXT(
  'core data for automotive mechanical design processes');
#3 = SHAPE_DEFINITION_REPRESENTATION(#4,#10);
#4 = PRODUCT_DEFINITION_SHAPE('','',#5);
#5 = PRODUCT_DEFINITION('design','',#6,#9);
#6 = PRODUCT_DEFINITION_FORMATION('','',#7);
#7 = PRODUCT('Open CASCADE STEP translator 7.8 62',
  'Open CASCADE STEP translator 7.8 62','',(#8));
#8 = PRODUCT_CONTEXT('',#2,'mechanical');
#9 = PRODUCT_DEFINITION_CONTEXT('part definition',#2,'design');
#10 = ADVANCED_BREP_SHAPE_REPRESENTATION('',(#11,#15),#2997);
#11 = AXIS2_PLACEMENT_3D('',#12,#13,#14);
#12 = CARTESIAN_POINT('',(0.,0.,0.));
#13 = DIRECTION('',(0.,0.,1.));
#14 = DIRECTION('',(1.,0.,-0.));
#15 = MANIFOLD_SOLID_BREP('',#16);
#16 = CLOSED_SHELL('',(#17,#34,#289,#405,#440,#468,#498,#550,#668,#795,
    #896,#948,#1065,#1212,#1319,#1371,#1488,#1635,#1742,#1794,#1911,
    #2058,#2172,#2224,#2341,#2487,#2567,#2639,#2884,#2957,#2988));
#17 = ADVANCED_FACE('',(#18),#29,.T.);
#18 = FACE_BOUND('',#19,.F.);
#19 = EDGE_LOOP('',(#20));
#20 = ORIENTED_EDGE('',*,*,#21,.F.);
#21 = EDGE_CURVE('',#22,#22,#24,.T.);
#22 = VERTEX_POINT('',#23);
#23 = CARTESIAN_POINT('',(3.425,0.,0.));
#24 = CIRCLE('',#25,3.425);
#25 = AXIS2_PLACEMENT_3D('',#26,#27,#28);
#26 = CARTESIAN_POINT('',(0.,0.,0.));
#27 = DIRECTION('',(0.,0.,1.));
#28 = DIRECTION('',(1.,0.,0.));
#29 = PLANE('',#30);
#30 = AXIS2_PLACEMENT_3D('',#31,#32,#33);
#31 = CARTESIAN_POINT('',(0.,0.,0.));
#32 = DIRECTION('',(0.,0.,1.));
#33 = DIRECTION('',(1.,0.,0.));
#34 = ADVANCED_FACE('',(#35),#284,.T.);
#35 = FACE_BOUND('',#36,.F.);
#36 = EDGE_LOOP('',(#37,#45,#46,#47,#59,#126,#135,#143,#160));
#37 = ORIENTED_EDGE('',*,*,#38,.F.);
#38 = EDGE_CURVE('',#22,#39,#41,.T.);
#39 = VERTEX_POINT('',#40);
#40 = CARTESIAN_POINT('',(4.046854906139,8.91155736E-07,-0.621854906139)
  );
#41 = LINE('',#42,#43);
#42 = CARTESIAN_POINT('',(3.425,0.,0.));
#43 = VECTOR('',#44,1.);
#44 = DIRECTION('',(0.707106781187,0.,-0.707106781187));
#45 = ORIENTED_EDGE('',*,*,#21,.T.);
#46 = ORIENTED_EDGE('',*,*,#38,.T.);
#47 = ORIENTED_EDGE('',*,*,#48,.T.);
#48 = EDGE_CURVE('',#39,#49,#51,.T.);
#49 = VERTEX_POINT('',#50);
#50 = CARTESIAN_POINT('',(3.557049347562,-2.065171550099,-0.688092947203
    ));
#51 = B_SPLINE_CURVE_WITH_KNOTS('',6,(#52,#53,#54,#55,#56,#57,#58),
  .UNSPECIFIED.,.F.,.F.,(7,7),(0.,1.),.PIECEWISE_BEZIER_KNOTS.);
#52 = CARTESIAN_POINT('',(4.046854928398,0.,-0.621854928398));
#53 = CARTESIAN_POINT('',(4.055779206765,-0.357282292122,-0.630779206813
    ));
#54 = CARTESIAN_POINT('',(4.027741630102,-0.715789886563,-0.640593747008
    ));
#55 = CARTESIAN_POINT('',(3.962560745471,-1.07046697111,-0.651225632461)
  );
#56 = CARTESIAN_POINT('',(3.861148903601,-1.416553288838,-0.662671327109
    ));
#57 = CARTESIAN_POINT('',(3.725108247937,-1.749519007785,-0.6749439985)
  );
#58 = CARTESIAN_POINT('',(3.557049347562,-2.065171550099,-0.688092947203
    ));
#59 = ORIENTED_EDGE('',*,*,#60,.F.);
#60 = EDGE_CURVE('',#61,#49,#63,.T.);
#61 = VERTEX_POINT('',#62);
#62 = CARTESIAN_POINT('',(4.550141866169,1.884630997764,-1.5));
#63 = B_SPLINE_CURVE_WITH_KNOTS('',6,(#64,#65,#66,#67,#68,#69,#70,#71,
    #72,#73,#74,#75,#76,#77,#78,#79,#80,#81,#82,#83,#84,#85,#86,#87,#88,
    #89,#90,#91,#92,#93,#94,#95,#96,#97,#98,#99,#100,#101,#102,#103,#104
    ,#105,#106,#107,#108,#109,#110,#111,#112,#113,#114,#115,#116,#117,
    #118,#119,#120,#121,#122,#123,#124,#125),.UNSPECIFIED.,.F.,.F.,(7,5,
    5,5,5,5,5,5,5,5,5,5,7),(0.,7.667133131028E-02,0.150558796401,
    0.222489727855,0.291338629732,0.358323035457,0.424623845767,
    0.489118285528,0.551833287223,0.672048368119,0.786651719688,
    0.895822593767,1.),.UNSPECIFIED.);
#64 = CARTESIAN_POINT('',(4.550141866169,1.884630997764,-1.5));
#65 = CARTESIAN_POINT('',(4.421816916979,2.169379474119,-1.490405904633)
  );
#66 = CARTESIAN_POINT('',(4.271830047496,2.44431789607,-1.480790534743)
  );
#67 = CARTESIAN_POINT('',(4.101073542565,2.707328116574,-1.47115499467)
  );
#68 = CARTESIAN_POINT('',(3.910703980636,2.956444342354,-1.46149886478)
  );
#69 = CARTESIAN_POINT('',(3.702107506724,3.189835811843,-1.45182139101)
  );
#70 = CARTESIAN_POINT('',(3.259949333423,3.614009151248,-1.432777393588)
  );
#71 = CARTESIAN_POINT('',(3.027549729544,3.806049058671,-1.423411509275)
  );
#72 = CARTESIAN_POINT('',(2.781219619702,3.980473866993,-1.414026355475)
  );
#73 = CARTESIAN_POINT('',(2.522605001973,4.136005702725,-1.404621224407)
  );
#74 = CARTESIAN_POINT('',(2.253498412192,4.271554780867,-1.395195373817)
  );
#75 = CARTESIAN_POINT('',(1.705572053008,4.497930936365,-1.376553712493)
  );
#76 = CARTESIAN_POINT('',(1.427175884468,4.589856434893,-1.367338196668)
  );
#77 = CARTESIAN_POINT('',(1.14247699564,4.661238771238,-1.358103575552)
  );
#78 = CARTESIAN_POINT('',(0.853355874328,4.711517692936,-1.348849322467)
  );
#79 = CARTESIAN_POINT('',(0.561756863351,4.740345117811,-1.33957487499)
  );
#80 = CARTESIAN_POINT('',(-9.85986572083E-03,4.754597083021,
    -1.321385179098));
#81 = CARTESIAN_POINT('',(-0.289859137758,4.741828917333,-1.312470914373
    ));
#82 = CARTESIAN_POINT('',(-0.568542799482,4.70923491295,-1.303538717377)
  );
#83 = CARTESIAN_POINT('',(-0.844160014223,4.656942784816,-1.294588146653
    ));
#84 = CARTESIAN_POINT('',(-1.114973099853,4.585272576479,-1.285618666693
    ));
#85 = CARTESIAN_POINT('',(-1.636404016072,4.406717569827,-1.26788629954)
  );
#86 = CARTESIAN_POINT('',(-1.887387460453,4.300833062912,-1.259123811314
    ));
#87 = CARTESIAN_POINT('',(-2.130636283223,4.17761410171,-1.250343797457)
  );
#88 = CARTESIAN_POINT('',(-2.364648533206,4.037741035956,-1.24154577199)
  );
#89 = CARTESIAN_POINT('',(-2.587995006195,3.882057248501,-1.232729188915
    ));
#90 = CARTESIAN_POINT('',(-3.008523468985,3.542870042888,-1.215149959332
    ));
#91 = CARTESIAN_POINT('',(-3.205962947086,3.359655684226,-1.206387110992
    ));
#92 = CARTESIAN_POINT('',(-3.390354812593,3.162947875969,-1.197606414908
    ));
#93 = CARTESIAN_POINT('',(-3.560533057451,2.953886492795,-1.18880740868)
  );
#94 = CARTESIAN_POINT('',(-3.715454381804,2.733738457681,-1.179989607004
    ));
#95 = CARTESIAN_POINT('',(-3.989212134057,2.280351883653,-1.162558169758
    ));
#96 = CARTESIAN_POINT('',(-4.108925165157,2.04761941378,-1.153944982614)
  );
#97 = CARTESIAN_POINT('',(-4.212535047898,1.807013703604,-1.145314436719
    ));
#98 = CARTESIAN_POINT('',(-4.299375812448,1.559913027874,-1.136666167435
    ));
#99 = CARTESIAN_POINT('',(-4.368928107295,1.307767804138,-1.12799976551)
  );
#100 = CARTESIAN_POINT('',(-4.471330799663,0.803499619432,
    -1.110871227351));
#101 = CARTESIAN_POINT('',(-4.505143200603,0.551553785615,
    -1.102409571781));
#102 = CARTESIAN_POINT('',(-4.521963780354,0.297674099048,
    -1.093931158768));
#103 = CARTESIAN_POINT('',(-4.521630047923,4.328736168142E-02,
    -1.085435617837));
#104 = CARTESIAN_POINT('',(-4.504140570429,-0.21016166517,
    -1.076922544358));
#105 = CARTESIAN_POINT('',(-4.403564346001,-0.942443858602,
    -1.052041019466));
#106 = CARTESIAN_POINT('',(-4.275006319583,-1.415101234221,
    -1.035618810795));
#107 = CARTESIAN_POINT('',(-4.085101369217,-1.868543992609,
    -1.01913885843));
#108 = CARTESIAN_POINT('',(-3.837435654674,-2.293034173216,
    -1.002593057404));
#109 = CARTESIAN_POINT('',(-3.537218542806,-2.679442201628,
    -0.985971590563));
#110 = CARTESIAN_POINT('',(-2.863281478441,-3.344413925216,
    -0.953381731711));
#111 = CARTESIAN_POINT('',(-2.493405166809,-3.627409353978,
    -0.937407647225));
#112 = CARTESIAN_POINT('',(-2.089191063106,-3.861900748587,
    -0.921376610897));
#113 = CARTESIAN_POINT('',(-1.658500705876,-4.042845039906,
    -0.905282492549));
#114 = CARTESIAN_POINT('',(-1.21002241527,-4.166503364393,
    -0.889117532042));
#115 = CARTESIAN_POINT('',(-0.318736675507,-4.293054316599,
    -0.857436631811));
#116 = CARTESIAN_POINT('',(0.123616759876,-4.301434710549,-0.84191635442
    ));
#117 = CARTESIAN_POINT('',(0.565024589139,-4.254983672477,
    -0.826341567853));
#118 = CARTESIAN_POINT('',(0.997118124882,-4.154196910345,
    -0.810705949998));
#119 = CARTESIAN_POINT('',(1.411616242606,-4.00093677376,-0.795001491011
    ));
#120 = CARTESIAN_POINT('',(2.171712065136,-3.606608336071,
    -0.764194856203));
#121 = CARTESIAN_POINT('',(2.519811026111,-3.369764997412,
    -0.749089398829));
#122 = CARTESIAN_POINT('',(2.837879759584,-3.091981175318,
    -0.733929865731));
#123 = CARTESIAN_POINT('',(3.120000410588,-2.777961170275,-0.71871187721
    ));
#124 = CARTESIAN_POINT('',(3.3610185156,-2.433361692618,-0.703430423218)
  );
#125 = CARTESIAN_POINT('',(3.557049347562,-2.065171550099,
    -0.688092947203));
#126 = ORIENTED_EDGE('',*,*,#127,.F.);
#127 = EDGE_CURVE('',#128,#61,#130,.T.);
#128 = VERTEX_POINT('',#129);
#129 = CARTESIAN_POINT('',(4.925,0.,-1.5));
#130 = CIRCLE('',#131,4.925);
#131 = AXIS2_PLACEMENT_3D('',#132,#133,#134);
#132 = CARTESIAN_POINT('',(0.,0.,-1.5));
#133 = DIRECTION('',(0.,0.,1.));
#134 = DIRECTION('',(1.,0.,0.));
#135 = ORIENTED_EDGE('',*,*,#136,.F.);
#136 = EDGE_CURVE('',#137,#128,#139,.T.);
#137 = VERTEX_POINT('',#138);
#138 = CARTESIAN_POINT('',(4.703181001163,1.12555625E-07,-1.278181001163
    ));
#139 = LINE('',#140,#141);
#140 = CARTESIAN_POINT('',(3.425,0.,0.));
#141 = VECTOR('',#142,1.);
#142 = DIRECTION('',(0.707106781187,0.,-0.707106781187));
#143 = ORIENTED_EDGE('',*,*,#144,.F.);
#144 = EDGE_CURVE('',#145,#137,#147,.T.);
#145 = VERTEX_POINT('',#146);
#146 = CARTESIAN_POINT('',(2.065340014644,3.556967453914,-0.688106714431
    ));
#147 = B_SPLINE_CURVE_WITH_KNOTS('',6,(#148,#149,#150,#151,#152,#153,
    #154,#155,#156,#157,#158,#159),.UNSPECIFIED.,.F.,.F.,(7,5,7),(0.,
    0.466790809819,1.),.UNSPECIFIED.);
#148 = CARTESIAN_POINT('',(2.065337114434,3.556969137932,-0.688106519776
    ));
#149 = CARTESIAN_POINT('',(2.395959948604,3.421222933367,-0.736732194715
    ));
#150 = CARTESIAN_POINT('',(2.713096072283,3.250364356075,-0.784799040131
    ));
#151 = CARTESIAN_POINT('',(3.012174184216,3.046637841263,-0.83231694419)
  );
#152 = CARTESIAN_POINT('',(3.289353976299,2.812976560756,-0.879313499521
    ));
#153 = CARTESIAN_POINT('',(3.541384902819,2.552730995177,-0.925811377054
    ));
#154 = CARTESIAN_POINT('',(4.021885381158,1.946456890037,-1.024367474211
    ));
#155 = CARTESIAN_POINT('',(4.241975653013,1.593394540053,-1.076290856228
    ));
#156 = CARTESIAN_POINT('',(4.422076702145,1.216183744472,-1.127599202612
    ));
#157 = CARTESIAN_POINT('',(4.559741152404,0.820814809118,-1.178337859436
    ));
#158 = CARTESIAN_POINT('',(4.653540114818,0.413364307975,-1.228540114817
    ));
#159 = CARTESIAN_POINT('',(4.703181001163,2.2511115079E-07,
    -1.278181001162));
#160 = ORIENTED_EDGE('',*,*,#161,.F.);
#161 = EDGE_CURVE('',#39,#145,#162,.T.);
#162 = B_SPLINE_CURVE_WITH_KNOTS('',8,(#163,#164,#165,#166,#167,#168,
    #169,#170,#171,#172,#173,#174,#175,#176,#177,#178,#179,#180,#181,
    #182,#183,#184,#185,#186,#187,#188,#189,#190,#191,#192,#193,#194,
    #195,#196,#197,#198,#199,#200,#201,#202,#203,#204,#205,#206,#207,
    #208,#209,#210,#211,#212,#213,#214,#215,#216,#217,#218,#219,#220,
    #221,#222,#223,#224,#225,#226,#227,#228,#229,#230,#231,#232,#233,
    #234,#235,#236,#237,#238,#239,#240,#241,#242,#243,#244,#245,#246,
    #247,#248,#249,#250,#251,#252,#253,#254,#255,#256,#257,#258,#259,
    #260,#261,#262,#263,#264,#265,#266,#267,#268,#269,#270,#271,#272,
    #273,#274,#275,#276,#277,#278,#279,#280,#281,#282,#283),
  .UNSPECIFIED.,.F.,.F.,(9,7,7,7,7,7,7,7,7,7,7,7,7,7,7,7,7,9),(0.,
    7.155042011486E-02,0.544166029883,0.643319163074,0.668837644778,
    0.695907890841,0.725324989855,0.756316557356,0.786948029731,
    0.816559908901,0.845281823304,0.893312001504,0.913367708698,
    0.921011204701,0.934025141969,0.944042438414,0.959023764486,1.),
  .UNSPECIFIED.);
#163 = CARTESIAN_POINT('',(4.046854906139,8.9115581022E-07,
    -0.621854906139));
#164 = CARTESIAN_POINT('',(4.045755252869,4.40249783516E-02,
    -0.620755262564));
#165 = CARTESIAN_POINT('',(4.044121110195,8.803232481236E-02,
    -0.61966846623));
#166 = CARTESIAN_POINT('',(4.04195267871,0.132015207659,-0.618594585303)
  );
#167 = CARTESIAN_POINT('',(4.039250311525,0.175965907195,-0.617533697229
    ));
#168 = CARTESIAN_POINT('',(4.036014514269,0.219876706905,-0.616485888735
    ));
#169 = CARTESIAN_POINT('',(4.032245945085,0.263739893457,-0.615451255833
    ));
#170 = CARTESIAN_POINT('',(4.027945414633,0.307547756699,-0.614429903813
    ));
#171 = CARTESIAN_POINT('',(3.991199946178,0.640242547922,-0.606764040754
    ));
#172 = CARTESIAN_POINT('',(3.936107927143,0.926538732005,-0.600688501109
    ));
#173 = CARTESIAN_POINT('',(3.858100263366,1.207835885987,-0.595231075566
    ));
#174 = CARTESIAN_POINT('',(3.757786490435,1.481922552313,-0.590446329608
    ));
#175 = CARTESIAN_POINT('',(3.636025643017,1.746703180267,-0.586399462532
    ));
#176 = CARTESIAN_POINT('',(3.494014659182,2.000214291473,-0.583207895267
    ));
#177 = CARTESIAN_POINT('',(3.333191449531,2.240616459315,-0.581009999919
    ));
#178 = CARTESIAN_POINT('',(3.118507924769,2.513617929028,-0.579964353438
    ));
#179 = CARTESIAN_POINT('',(3.08054569744,2.560312649318,-0.579841706868)
  );
#180 = CARTESIAN_POINT('',(3.041870293041,2.60634508721,-0.579780951666)
  );
#181 = CARTESIAN_POINT('',(3.002502692823,2.651701062592,-0.579785623389
    ));
#182 = CARTESIAN_POINT('',(2.96246554131,2.696366811018,-0.579859762907)
  );
#183 = CARTESIAN_POINT('',(2.921783588961,2.740329058217,-0.580008093574
    ));
#184 = CARTESIAN_POINT('',(2.88048413483,2.783575094599,-0.580236198394)
  );
#185 = CARTESIAN_POINT('',(2.827817334755,2.837035404196,-0.580631637976
    ));
#186 = CARTESIAN_POINT('',(2.81699831823,2.847929711984,-0.580718302921)
  );
#187 = CARTESIAN_POINT('',(2.806140939166,2.858775564642,-0.580810805063
    ));
#188 = CARTESIAN_POINT('',(2.795245735494,2.869572755508,-0.580909263429
    ));
#189 = CARTESIAN_POINT('',(2.784313263572,2.880321079742,-0.58101380304)
  );
#190 = CARTESIAN_POINT('',(2.773344098186,2.891020334331,-0.581124554913
    ));
#191 = CARTESIAN_POINT('',(2.762338832546,2.901670318079,-0.581241656059
    ));
#192 = CARTESIAN_POINT('',(2.739585942042,2.923515956359,-0.581496358559
    ));
#193 = CARTESIAN_POINT('',(2.72783387573,2.934705410387,-0.581634775047)
  );
#194 = CARTESIAN_POINT('',(2.716042606701,2.945838956215,-0.581780668954
    ));
#195 = CARTESIAN_POINT('',(2.704212896369,2.956916357744,-0.581934221068
    ));
#196 = CARTESIAN_POINT('',(2.692345540209,2.967937380268,-0.582095622968
    ));
#197 = CARTESIAN_POINT('',(2.680441367761,2.978901790469,-0.58226507702)
  );
#198 = CARTESIAN_POINT('',(2.668501242628,2.98980935642,-0.582442796375)
  );
#199 = CARTESIAN_POINT('',(2.643512694977,3.012451021271,-0.582831356918
    ));
#200 = CARTESIAN_POINT('',(2.630457946571,3.024174791516,-0.583043737611
    ));
#201 = CARTESIAN_POINT('',(2.617362960048,3.03583086445,-0.583266432289)
  );
#202 = CARTESIAN_POINT('',(2.604228954006,3.04741894477,-0.583499749072)
  );
#203 = CARTESIAN_POINT('',(2.591057222844,3.058938735746,-0.583744018964
    ));
#204 = CARTESIAN_POINT('',(2.577849136768,3.070389939221,-0.583999595854
    ));
#205 = CARTESIAN_POINT('',(2.564606141787,3.081772255607,-0.584266856517
    ));
#206 = CARTESIAN_POINT('',(2.537342796179,3.10500401593,-0.584840495822)
  );
#207 = CARTESIAN_POINT('',(2.523318819316,3.116845844183,-0.585148211661
    ));
#208 = CARTESIAN_POINT('',(2.509259582353,3.128610523553,-0.585469810107
    ));
#209 = CARTESIAN_POINT('',(2.495167005587,3.140297695713,-0.585805799984
    ));
#210 = CARTESIAN_POINT('',(2.481043176384,3.1519069891,-0.586156736964)
  );
#211 = CARTESIAN_POINT('',(2.466890349178,3.16343801892,-0.586523223565)
  );
#212 = CARTESIAN_POINT('',(2.452710945471,3.174890387144,-0.586905909153
    ));
#213 = CARTESIAN_POINT('',(2.424469193284,3.197504830054,-0.587700427943
    ));
#214 = CARTESIAN_POINT('',(2.410407500799,3.208668701305,-0.588111889316
    ));
#215 = CARTESIAN_POINT('',(2.39632491657,3.219754917956,-0.588540536397)
  );
#216 = CARTESIAN_POINT('',(2.382224202078,3.230763057362,-0.588987112792
    ));
#217 = CARTESIAN_POINT('',(2.36810844009,3.241692652551,-0.589452443379)
  );
#218 = CARTESIAN_POINT('',(2.353981034664,3.252543192216,-0.589937434301
    ));
#219 = CARTESIAN_POINT('',(2.339845711144,3.26331412072,-0.590443072972)
  );
#220 = CARTESIAN_POINT('',(2.312037955666,3.284339706334,-0.59148022974)
  );
#221 = CARTESIAN_POINT('',(2.298365912985,3.294599540572,-0.592010333919
    ));
#222 = CARTESIAN_POINT('',(2.284694084172,3.30478384932,-0.592561741855)
  );
#223 = CARTESIAN_POINT('',(2.27102662137,3.3148920152,-0.593135539891));
#224 = CARTESIAN_POINT('',(2.257368222598,3.324923296738,-0.593732927378
    ));
#225 = CARTESIAN_POINT('',(2.243724221518,3.334876830159,-0.59435524458)
  );
#226 = CARTESIAN_POINT('',(2.230100677218,3.344751631185,-0.595004000579
    ));
#227 = CARTESIAN_POINT('',(2.20331687563,3.364047181474,-0.596337457997)
  );
#228 = CARTESIAN_POINT('',(2.190155299433,3.37347243476,-0.597020473818)
  );
#229 = CARTESIAN_POINT('',(2.177025891449,3.38282148717,-0.597731538609)
  );
#230 = CARTESIAN_POINT('',(2.163935823919,3.392093113797,-0.598472383619
    ));
#231 = CARTESIAN_POINT('',(2.150893523139,3.401285724565,-0.599244947324
    ));
#232 = CARTESIAN_POINT('',(2.137908907335,3.410397354472,-0.600051441365
    ));
#233 = CARTESIAN_POINT('',(2.124993624542,3.419425653818,-0.6008944165)
  );
#234 = CARTESIAN_POINT('',(2.09070243912,3.443321500124,-0.60325244076)
  );
#235 = CARTESIAN_POINT('',(2.069507424406,3.458012166543,-0.604836114372
    ));
#236 = CARTESIAN_POINT('',(2.048606407424,3.472451454632,-0.606543762725
    ));
#237 = CARTESIAN_POINT('',(2.028069517826,3.486628737293,-0.608393033063
    ));
#238 = CARTESIAN_POINT('',(2.008023152284,3.500509006888,-0.610406193765
    ));
#239 = CARTESIAN_POINT('',(1.988648132371,3.514036375432,-0.612609394233
    ));
#240 = CARTESIAN_POINT('',(1.970195915021,3.527132420279,-0.615036051713
    ));
#241 = CARTESIAN_POINT('',(1.945903298137,3.544917362595,-0.61887207762)
  );
#242 = CARTESIAN_POINT('',(1.93898357062,3.550055499279,-0.620049750257)
  );
#243 = CARTESIAN_POINT('',(1.932327853473,3.555084365335,-0.62127898065)
  );
#244 = CARTESIAN_POINT('',(1.925973943597,3.559990456254,-0.622563587932
    ));
#245 = CARTESIAN_POINT('',(1.91996866783,3.564755659672,-0.623907238117)
  );
#246 = CARTESIAN_POINT('',(1.914367103326,3.569357563197,-0.625313315283
    ));
#247 = CARTESIAN_POINT('',(1.909231797937,3.573769762247,-0.626784792754
    ));
#248 = CARTESIAN_POINT('',(1.902878943011,3.579559949264,-0.628910756321
    ));
#249 = CARTESIAN_POINT('',(1.901203863209,3.581125582101,-0.62950715871)
  );
#250 = CARTESIAN_POINT('',(1.899610798019,3.582657235253,-0.630113400015
    ));
#251 = CARTESIAN_POINT('',(1.89810381552,3.584153005584,-0.630729514214)
  );
#252 = CARTESIAN_POINT('',(1.896687005039,3.585610917959,-0.631355480696
    ));
#253 = CARTESIAN_POINT('',(1.895364477149,3.587028925242,-0.631991224266
    ));
#254 = CARTESIAN_POINT('',(1.894140363675,3.588404908296,-0.632636615143
    ));
#255 = CARTESIAN_POINT('',(1.891109255734,3.592004164722,-0.634406433423
    ));
#256 = CARTESIAN_POINT('',(1.889496358466,3.594144107477,-0.635549087423
    ));
#257 = CARTESIAN_POINT('',(1.888200705421,3.596145131445,-0.636718086869
    ));
#258 = CARTESIAN_POINT('',(1.887240981602,3.597996296577,-0.637911643229
    ));
#259 = CARTESIAN_POINT('',(1.88663271368,3.599687619775,-0.63912745512)
  );
#260 = CARTESIAN_POINT('',(1.886387006179,3.601210599078,-0.640362639901
    ));
#261 = CARTESIAN_POINT('',(1.886509277674,3.602558737862,-0.641613665264
    ));
#262 = CARTESIAN_POINT('',(1.88737418185,3.60462814536,-0.643848161524)
  );
#263 = CARTESIAN_POINT('',(1.88796755739,3.605422485058,-0.644827123727)
  );
#264 = CARTESIAN_POINT('',(1.88877759582,3.606109275186,-0.645811291364)
  );
#265 = CARTESIAN_POINT('',(1.8898014953,3.606687872315,-0.646798859515)
  );
#266 = CARTESIAN_POINT('',(1.89103446856,3.607158669157,-0.647788098541)
  );
#267 = CARTESIAN_POINT('',(1.892470031516,3.607522961186,-0.648777358206
    ));
#268 = CARTESIAN_POINT('',(1.894100291898,3.607782813263,-0.649765071804
    ));
#269 = CARTESIAN_POINT('',(1.898632068324,3.608177391513,-0.652222407047
    ));
#270 = CARTESIAN_POINT('',(1.901763426365,3.608186230313,-0.653688310631
    ));
#271 = CARTESIAN_POINT('',(1.905280753768,3.607976838122,-0.655143133899
    ));
#272 = CARTESIAN_POINT('',(1.909151796915,3.607560925072,-0.65658348032)
  );
#273 = CARTESIAN_POINT('',(1.913343418102,3.606951562184,-0.658006819497
    ));
#274 = CARTESIAN_POINT('',(1.917823406846,3.60616222759,-0.659411412676)
  );
#275 = CARTESIAN_POINT('',(1.922562291195,3.605205852741,-0.660796238274
    ));
#276 = CARTESIAN_POINT('',(1.941136681566,3.601052420722,-0.665893525085
    ));
#277 = CARTESIAN_POINT('',(1.956446750489,3.596856558101,-0.669464332359
    ));
#278 = CARTESIAN_POINT('',(1.97299383781,3.591741511467,-0.672885214958)
  );
#279 = CARTESIAN_POINT('',(1.990436735467,3.585875344916,-0.676164626663
    ));
#280 = CARTESIAN_POINT('',(2.008524393826,3.579388054352,-0.679312549432
    ));
#281 = CARTESIAN_POINT('',(2.027086054145,3.572375618853,-0.682341629991
    ));
#282 = CARTESIAN_POINT('',(2.046031343988,3.564895171217,-0.685266929685
    ));
#283 = CARTESIAN_POINT('',(2.065340014644,3.556967453914,-0.688106714431
    ));
#284 = CONICAL_SURFACE('',#285,3.425,0.785398163397);
#285 = AXIS2_PLACEMENT_3D('',#286,#287,#288);
#286 = CARTESIAN_POINT('',(0.,0.,0.));
#287 = DIRECTION('',(-0.,-0.,-1.));
#288 = DIRECTION('',(1.,0.,0.));
#289 = ADVANCED_FACE('',(#290),#320,.T.);
#290 = FACE_BOUND('',#291,.T.);
#291 = EDGE_LOOP('',(#292,#309,#310));
#292 = ORIENTED_EDGE('',*,*,#293,.F.);
#293 = EDGE_CURVE('',#145,#294,#296,.T.);
#294 = VERTEX_POINT('',#295);
#295 = CARTESIAN_POINT('',(4.113105109532,8.23927192E-07,-0.937516997448
    ));
#296 = B_SPLINE_CURVE_WITH_KNOTS('',11,(#297,#298,#299,#300,#301,#302,
    #303,#304,#305,#306,#307,#308),.UNSPECIFIED.,.F.,.F.,(12,12),(0.,
    6.459753679852),.PIECEWISE_BEZIER_KNOTS.);
#297 = CARTESIAN_POINT('',(4.113105763831,9.6124805886E-07,
    0.562480169651));
#298 = CARTESIAN_POINT('',(4.113105492958,-2.349499288761,0.426120082807
    ));
#299 = CARTESIAN_POINT('',(2.63717556142,-4.698051554485,0.289814732406)
  );
#300 = CARTESIAN_POINT('',(-0.317226151846,-6.020372824792,
    0.153082667207));
#301 = CARTESIAN_POINT('',(-3.927722478122,-5.268569122391,
    1.778430453116E-02));
#302 = CARTESIAN_POINT('',(-6.618300409299,-2.1814312712,-0.120485877033
    ));
#303 = CARTESIAN_POINT('',(-6.618783380693,2.181422634436,-0.25455095066
    ));
#304 = CARTESIAN_POINT('',(-3.927400617232,5.268577475969,-0.39282113254
    ));
#305 = CARTESIAN_POINT('',(-0.317365059979,6.020367389425,
    -0.528119494859));
#306 = CARTESIAN_POINT('',(2.637201195062,4.698053729232,-0.664851560246
    ));
#307 = CARTESIAN_POINT('',(4.113105458814,2.349501073935,-0.801156910606
    ));
#308 = CARTESIAN_POINT('',(4.113105109532,8.2392713623E-07,
    -0.937516997448));
#309 = ORIENTED_EDGE('',*,*,#161,.F.);
#310 = ORIENTED_EDGE('',*,*,#311,.F.);
#311 = EDGE_CURVE('',#294,#39,#312,.T.);
#312 = ( BOUNDED_CURVE() B_SPLINE_CURVE(6,(#313,#314,#315,#316,#317,#318
,#319),.UNSPECIFIED.,.F.,.F.) B_SPLINE_CURVE_WITH_KNOTS((7,7),(0.,
2.094395102393),.PIECEWISE_BEZIER_KNOTS.) CURVE() 
GEOMETRIC_REPRESENTATION_ITEM() RATIONAL_B_SPLINE_CURVE((1.056590953773,
    1.017435169568,0.996326512422,0.989390034249,0.996326512422,
1.017435169568,1.056590953773)) REPRESENTATION_ITEM('') );
#313 = CARTESIAN_POINT('',(4.113105109532,8.2392713885E-07,
    -0.937516997448));
#314 = CARTESIAN_POINT('',(4.045137342186,8.9290161709E-07,
    -0.898277685902));
#315 = CARTESIAN_POINT('',(3.997239450813,9.4150855923E-07,
    -0.831862474257));
#316 = CARTESIAN_POINT('',(3.979925950365,9.5907775055E-07,
    -0.750019785576));
#317 = CARTESIAN_POINT('',(3.997236023966,9.4151033636E-07,
    -0.668176372035));
#318 = CARTESIAN_POINT('',(4.04513113443,8.9290484051E-07,
    -0.601759154917));
#319 = CARTESIAN_POINT('',(4.113097258728,8.2393120993E-07,
    -0.56251699753));
#320 = ( BOUNDED_SURFACE() B_SPLINE_SURFACE(6,11,(
    (#321,#322,#323,#324,#325,#326,#327,#328,#329,#330,#331,#332)
    ,(#333,#334,#335,#336,#337,#338,#339,#340,#341,#342,#343,#344)
    ,(#345,#346,#347,#348,#349,#350,#351,#352,#353,#354,#355,#356)
    ,(#357,#358,#359,#360,#361,#362,#363,#364,#365,#366,#367,#368)
    ,(#369,#370,#371,#372,#373,#374,#375,#376,#377,#378,#379,#380)
    ,(#381,#382,#383,#384,#385,#386,#387,#388,#389,#390,#391,#392)
    ,(#393,#394,#395,#396,#397,#398,#399,#400,#401,#402,#403,#404
)),.UNSPECIFIED.,.F.,.F.,.F.) B_SPLINE_SURFACE_WITH_KNOTS((7,7),(12,12),
  (0.,2.094395102393),(0.,6.459753679852),.PIECEWISE_BEZIER_KNOTS.) 
GEOMETRIC_REPRESENTATION_ITEM() RATIONAL_B_SPLINE_SURFACE((
    (1.056590953773,1.056590953773,1.056590953773,1.056590953773
      ,1.056590953773,1.056590953774,1.056590953772,1.056590953774
      ,1.056590953773,1.056590953773,1.056590953773,1.056590953773)
    ,(1.017435169568,1.017435169568,1.017435169568,1.017435169568
      ,1.017435169568,1.017435169568,1.017435169568,1.017435169568
      ,1.017435169568,1.017435169568,1.017435169568,1.017435169568)
    ,(0.996326512422,0.996326512422,0.996326512422,0.996326512423
      ,0.996326512421,0.996326512423,0.996326512421,0.996326512423
      ,0.996326512422,0.996326512422,0.996326512422,0.996326512422)
    ,(0.989390034249,0.989390034249,0.989390034248,0.989390034249
      ,0.989390034248,0.98939003425,0.989390034247,0.989390034249
      ,0.989390034248,0.989390034249,0.989390034249,0.989390034249)
    ,(0.996326512422,0.996326512422,0.996326512422,0.996326512422
      ,0.996326512421,0.996326512423,0.996326512421,0.996326512423
      ,0.996326512422,0.996326512422,0.996326512422,0.996326512422)
    ,(1.017435169568,1.017435169568,1.017435169568,1.017435169568
      ,1.017435169568,1.017435169569,1.017435169568,1.017435169568
      ,1.017435169568,1.017435169568,1.017435169568,1.017435169568)
    ,(1.056590953773,1.056590953773,1.056590953773,1.056590953773
      ,1.056590953773,1.056590953774,1.056590953772,1.056590953774
      ,1.056590953773,1.056590953773,1.056590953773,1.056590953773
))) REPRESENTATION_ITEM('') SURFACE() );
#321 = CARTESIAN_POINT('',(4.113105763831,9.6124805515E-07,
    0.562480169651));
#322 = CARTESIAN_POINT('',(4.113105492958,-2.349499288761,0.426120082807
    ));
#323 = CARTESIAN_POINT('',(2.637175561421,-4.698051554485,0.289814732406
    ));
#324 = CARTESIAN_POINT('',(-0.317226151848,-6.020372824791,
    0.153082667207));
#325 = CARTESIAN_POINT('',(-3.92772247812,-5.268569122393,
    1.778430453014E-02));
#326 = CARTESIAN_POINT('',(-6.618300409299,-2.181431271198,
    -0.120485877031));
#327 = CARTESIAN_POINT('',(-6.618783380693,2.181422634437,
    -0.254550950661));
#328 = CARTESIAN_POINT('',(-3.927400617233,5.268577475966,
    -0.392821132539));
#329 = CARTESIAN_POINT('',(-0.317365059978,6.020367389427,
    -0.528119494859));
#330 = CARTESIAN_POINT('',(2.637201195061,4.698053729232,-0.664851560246
    ));
#331 = CARTESIAN_POINT('',(4.113105458814,2.349501073936,-0.801156910606
    ));
#332 = CARTESIAN_POINT('',(4.113105109532,8.2392713885E-07,
    -0.937516997448));
#333 = CARTESIAN_POINT('',(4.04513785957,1.04171837068E-06,0.60171924404
    ));
#334 = CARTESIAN_POINT('',(4.045137806201,-2.310684435952,0.465359454346
    ));
#335 = CARTESIAN_POINT('',(2.593593499295,-4.620348056643,0.329058983365
    ));
#336 = CARTESIAN_POINT('',(-0.311974682064,-5.921116502298,
    0.192296075082));
#337 = CARTESIAN_POINT('',(-3.862820645623,-5.181034625415,
    5.708689195232E-02));
#338 = CARTESIAN_POINT('',(-6.508963811246,-2.146056238166,
    -8.134289628115E-02));
#339 = CARTESIAN_POINT('',(-6.509345990594,2.146048566974,
    -0.215215545499));
#340 = CARTESIAN_POINT('',(-3.862566809353,5.181040731815,-0.35364533398
    ));
#341 = CARTESIAN_POINT('',(-0.312085286712,5.921112163791,
    -0.488854516829));
#342 = CARTESIAN_POINT('',(2.593613171048,4.620350111694,-0.625617425261
    ));
#343 = CARTESIAN_POINT('',(4.045137480528,2.310686370571,-0.761917896208
    ));
#344 = CARTESIAN_POINT('',(4.045137342186,8.9290161709E-07,
    -0.898277685902));
#345 = CARTESIAN_POINT('',(3.997239736457,1.09842659846E-06,
    0.668134288557));
#346 = CARTESIAN_POINT('',(3.997240005832,-2.283330996211,0.531774708268
    ));
#347 = CARTESIAN_POINT('',(2.562883392218,-4.565589281073,0.395477675897
    ));
#348 = CARTESIAN_POINT('',(-0.308287976048,-5.851168456881,
    0.258693031984));
#349 = CARTESIAN_POINT('',(-3.817049795149,-5.119348722545,0.12354669513
    ));
#350 = CARTESIAN_POINT('',(-6.431962406346,-2.121126298017,
    -1.499557048082E-02));
#351 = CARTESIAN_POINT('',(-6.432173911151,2.121120498724,
    -0.148732615175));
#352 = CARTESIAN_POINT('',(-3.816910905257,5.119351166327,
    -0.287274880918));
#353 = CARTESIAN_POINT('',(-0.308350459443,5.851165986331,
    -0.422421217622));
#354 = CARTESIAN_POINT('',(2.562893141827,4.565591038857,-0.559205861616
    ));
#355 = CARTESIAN_POINT('',(3.997239271035,2.283333036146,-0.695502893968
    ));
#356 = CARTESIAN_POINT('',(3.997239450813,9.4150855923E-07,
    -0.831862474257));
#357 = CARTESIAN_POINT('',(3.979925950441,1.11892416477E-06,
    0.749976916826));
#358 = CARTESIAN_POINT('',(3.979926589329,-2.273443576587,0.613617412232
    ));
#359 = CARTESIAN_POINT('',(2.551786909295,-4.545795841834,0.477321622817
    ));
#360 = CARTESIAN_POINT('',(-0.306976365681,-5.825883592238,
    0.340529122119));
#361 = CARTESIAN_POINT('',(-3.800455063306,-5.097052733885,
    0.205405502298));
#362 = CARTESIAN_POINT('',(-6.404203125323,-2.112114009447,
    6.682257955731E-02));
#363 = CARTESIAN_POINT('',(-6.404204261946,2.112110664471,
    -6.686544830994E-02));
#364 = CARTESIAN_POINT('',(-3.800457702508,5.097050751801,
    -0.205448371043));
#365 = CARTESIAN_POINT('',(-0.306979415834,5.82588343065,-0.340571990873
    ));
#366 = CARTESIAN_POINT('',(2.551784536799,4.54579717449,-0.477364491568)
  );
#367 = CARTESIAN_POINT('',(3.979925402747,2.273445654588,-0.61366028098)
  );
#368 = CARTESIAN_POINT('',(3.979925950365,9.5907775055E-07,
    -0.750019785576));
#369 = CARTESIAN_POINT('',(3.997235738469,1.09842900486E-06,
    0.831820390766));
#370 = CARTESIAN_POINT('',(3.997236723465,-2.283328876138,0.695460810495
    ));
#371 = CARTESIAN_POINT('',(2.562893090239,-4.565585486428,0.559163778407
    ));
#372 = CARTESIAN_POINT('',(-0.308347177553,-5.851160723589,
    0.422379132727));
#373 = CARTESIAN_POINT('',(-3.816904771306,-5.119348330887,
    0.287232800902));
#374 = CARTESIAN_POINT('',(-6.432166820607,-2.121121850264,
    0.148690526434));
#375 = CARTESIAN_POINT('',(-6.431957547409,2.121121082149,
    1.495349224886E-02));
#376 = CARTESIAN_POINT('',(-3.817048842912,5.119341995555,
    -0.123588782071));
#377 = CARTESIAN_POINT('',(-0.308290682719,5.851162876882,
    -0.258735114064));
#378 = CARTESIAN_POINT('',(2.562878682558,4.565586345133,-0.395519759658
    ));
#379 = CARTESIAN_POINT('',(3.997235128568,2.283330916077,-0.531816791761
    ));
#380 = CARTESIAN_POINT('',(3.997236023966,9.4151033636E-07,
    -0.668176372035));
#381 = CARTESIAN_POINT('',(4.045130617186,1.04172273774E-06,
    0.898237775001));
#382 = CARTESIAN_POINT('',(4.045131860169,-2.310680595424,0.761877985338
    ));
#383 = CARTESIAN_POINT('',(2.593611067328,-4.620341182617,0.625577514871
    ));
#384 = CARTESIAN_POINT('',(-0.312081926009,-5.921102493382,
    0.488814603386));
#385 = CARTESIAN_POINT('',(-3.862557933906,-5.181033915929,
    0.353605429369));
#386 = CARTESIAN_POINT('',(-6.509334109123,-2.146048181025,
    0.215175625087));
#387 = CARTESIAN_POINT('',(-6.508954046148,2.146049623851,
    8.130299490971E-02));
#388 = CARTESIAN_POINT('',(-3.862816684391,5.181024118897,
    -5.712680910933E-02));
#389 = CARTESIAN_POINT('',(-0.311977000755,5.921106531002,
    -0.192335983422));
#390 = CARTESIAN_POINT('',(2.593586977981,4.62034160898,-0.329098894755)
  );
#391 = CARTESIAN_POINT('',(4.04512997642,2.310682530051,-0.465399365251)
  );
#392 = CARTESIAN_POINT('',(4.04513113443,8.9290484051E-07,
    -0.601759154917));
#393 = CARTESIAN_POINT('',(4.113096604559,9.6125357374E-07,
    0.937480169539));
#394 = CARTESIAN_POINT('',(4.113097973151,-2.349494431736,0.801120082735
    ));
#395 = CARTESIAN_POINT('',(2.637197779299,-4.698042861066,0.664814732983
    ));
#396 = CARTESIAN_POINT('',(-0.317361780739,-6.020355108047,
    0.528082663735));
#397 = CARTESIAN_POINT('',(-3.927390232799,-5.268568225121,
    0.392784312582));
#398 = CARTESIAN_POINT('',(-6.618768716303,-2.181421081526,
    0.254514110725));
#399 = CARTESIAN_POINT('',(-6.618287697783,2.181423971046,0.120449061175
    ));
#400 = CARTESIAN_POINT('',(-3.927716628308,5.268556465999,
    -1.782114035353E-02));
#401 = CARTESIAN_POINT('',(-0.317228113277,6.020360265772,
    -0.153119491878));
#402 = CARTESIAN_POINT('',(2.637168069305,4.698042976049,-0.289851560934
    ));
#403 = CARTESIAN_POINT('',(4.113095968545,2.34949621692,-0.426156910723)
  );
#404 = CARTESIAN_POINT('',(4.113097258728,8.2393120993E-07,
    -0.56251699753));
#405 = ADVANCED_FACE('',(#406),#415,.T.);
#406 = FACE_BOUND('',#407,.T.);
#407 = EDGE_LOOP('',(#408,#413,#414));
#408 = ORIENTED_EDGE('',*,*,#409,.F.);
#409 = EDGE_CURVE('',#137,#294,#410,.T.);
#410 = B_SPLINE_CURVE_WITH_KNOTS('',1,(#411,#412),.UNSPECIFIED.,.F.,.F.,
  (2,2),(0.,1.05),.PIECEWISE_BEZIER_KNOTS.);
#411 = CARTESIAN_POINT('',(5.022442774432,-9.887931441E-08,
    -1.462497960145));
#412 = CARTESIAN_POINT('',(4.113105109532,8.2392713623E-07,
    -0.937516997448));
#413 = ORIENTED_EDGE('',*,*,#144,.F.);
#414 = ORIENTED_EDGE('',*,*,#293,.T.);
#415 = B_SPLINE_SURFACE_WITH_KNOTS('',1,11,(
    (#416,#417,#418,#419,#420,#421,#422,#423,#424,#425,#426,#427)
    ,(#428,#429,#430,#431,#432,#433,#434,#435,#436,#437,#438,#439
  )),.UNSPECIFIED.,.F.,.F.,.F.,(2,2),(12,12),(0.,1.05),(0.,
    6.459753679852),.PIECEWISE_BEZIER_KNOTS.);
#416 = CARTESIAN_POINT('',(5.022445260513,-1.153605841E-07,
    3.750237986117E-02));
#417 = CARTESIAN_POINT('',(5.022442079666,-2.868801437336,
    -9.886168252345E-02));
#418 = CARTESIAN_POINT('',(3.220257986398,-5.737643114433,
    -0.235232314475));
#419 = CARTESIAN_POINT('',(-0.387485326967,-7.348318644539,
    -0.371551731443));
#420 = CARTESIAN_POINT('',(-4.796041140303,-6.439689172177,
    -0.508043223232));
#421 = CARTESIAN_POINT('',(-8.081109776773,-2.654712227633,
    -0.644178034398));
#422 = CARTESIAN_POINT('',(-8.082941240407,2.654690672534,-0.78081754548
    ));
#423 = CARTESIAN_POINT('',(-4.794809181097,6.439727590628,
    -0.916952357872));
#424 = CARTESIAN_POINT('',(-0.388002906137,7.348298534331,
    -1.053443848277));
#425 = CARTESIAN_POINT('',(3.220363383877,5.737646890599,-1.189763265967
    ));
#426 = CARTESIAN_POINT('',(5.022445945869,2.868801223097,-1.326133897772
    ));
#427 = CARTESIAN_POINT('',(5.022442774432,-9.887931441E-08,
    -1.462497960145));
#428 = CARTESIAN_POINT('',(4.113105763831,9.6124805886E-07,
    0.562480169651));
#429 = CARTESIAN_POINT('',(4.113105492958,-2.349499288761,0.426120082807
    ));
#430 = CARTESIAN_POINT('',(2.63717556142,-4.698051554485,0.289814732406)
  );
#431 = CARTESIAN_POINT('',(-0.317226151846,-6.020372824792,
    0.153082667207));
#432 = CARTESIAN_POINT('',(-3.927722478122,-5.268569122391,
    1.778430453116E-02));
#433 = CARTESIAN_POINT('',(-6.618300409299,-2.1814312712,-0.120485877033
    ));
#434 = CARTESIAN_POINT('',(-6.618783380693,2.181422634436,-0.25455095066
    ));
#435 = CARTESIAN_POINT('',(-3.927400617232,5.268577475969,-0.39282113254
    ));
#436 = CARTESIAN_POINT('',(-0.317365059979,6.020367389425,
    -0.528119494859));
#437 = CARTESIAN_POINT('',(2.637201195062,4.698053729232,-0.664851560246
    ));
#438 = CARTESIAN_POINT('',(4.113105458814,2.349501073935,-0.801156910606
    ));
#439 = CARTESIAN_POINT('',(4.113105109532,8.2392713623E-07,
    -0.937516997448));
#440 = ADVANCED_FACE('',(#441),#463,.T.);
#441 = FACE_BOUND('',#442,.F.);
#442 = EDGE_LOOP('',(#443,#455,#456));
#443 = ORIENTED_EDGE('',*,*,#444,.F.);
#444 = EDGE_CURVE('',#137,#445,#447,.T.);
#445 = VERTEX_POINT('',#446);
#446 = CARTESIAN_POINT('',(4.550027065266,-1.884908142415,-1.5));
#447 = B_SPLINE_CURVE_WITH_KNOTS('',6,(#448,#449,#450,#451,#452,#453,
    #454),.UNSPECIFIED.,.F.,.F.,(7,7),(0.,1.),.PIECEWISE_BEZIER_KNOTS.);
#448 = CARTESIAN_POINT('',(4.703181001163,2.2511125053E-07,
    -1.278181001162));
#449 = CARTESIAN_POINT('',(4.740897902215,-0.314071646859,
    -1.315897902239));
#450 = CARTESIAN_POINT('',(4.753131769586,-0.631620567918,
    -1.353299764951));
#451 = CARTESIAN_POINT('',(4.739762601875,-0.949977430349,
    -1.390402778366));
#452 = CARTESIAN_POINT('',(4.701040757085,-1.26658719361,-1.42721563431)
  );
#453 = CARTESIAN_POINT('',(4.637510716662,-1.57900567344,-1.463747200269
    ));
#454 = CARTESIAN_POINT('',(4.550026592986,-1.884909057355,
    -1.499999999999));
#455 = ORIENTED_EDGE('',*,*,#136,.T.);
#456 = ORIENTED_EDGE('',*,*,#457,.F.);
#457 = EDGE_CURVE('',#445,#128,#458,.T.);
#458 = CIRCLE('',#459,4.925);
#459 = AXIS2_PLACEMENT_3D('',#460,#461,#462);
#460 = CARTESIAN_POINT('',(0.,0.,-1.5));
#461 = DIRECTION('',(0.,0.,1.));
#462 = DIRECTION('',(1.,0.,0.));
#463 = CONICAL_SURFACE('',#464,3.425,0.785398163397);
#464 = AXIS2_PLACEMENT_3D('',#465,#466,#467);
#465 = CARTESIAN_POINT('',(0.,0.,0.));
#466 = DIRECTION('',(-0.,-0.,-1.));
#467 = DIRECTION('',(1.,0.,0.));
#468 = ADVANCED_FACE('',(#469),#493,.T.);
#469 = FACE_BOUND('',#470,.F.);
#470 = EDGE_LOOP('',(#471,#479,#480));
#471 = ORIENTED_EDGE('',*,*,#472,.F.);
#472 = EDGE_CURVE('',#128,#473,#475,.T.);
#473 = VERTEX_POINT('',#474);
#474 = CARTESIAN_POINT('',(4.925,-2.324E-12,-1.593743389699));
#475 = LINE('',#476,#477);
#476 = CARTESIAN_POINT('',(4.925,0.,-1.5));
#477 = VECTOR('',#478,1.);
#478 = DIRECTION('',(0.,0.,-1.));
#479 = ORIENTED_EDGE('',*,*,#127,.T.);
#480 = ORIENTED_EDGE('',*,*,#481,.T.);
#481 = EDGE_CURVE('',#61,#473,#482,.T.);
#482 = B_SPLINE_CURVE_WITH_KNOTS('',5,(#483,#484,#485,#486,#487,#488,
    #489,#490,#491,#492),.UNSPECIFIED.,.F.,.F.,(6,4,6),(0.,
    0.342308354674,1.),.UNSPECIFIED.);
#483 = CARTESIAN_POINT('',(4.550137129858,1.884642432793,-1.4999994));
#484 = CARTESIAN_POINT('',(4.600803225035,1.762318071771,-1.506417805578
    ));
#485 = CARTESIAN_POINT('',(4.647358728533,1.638290918297,-1.512836158655
    ));
#486 = CARTESIAN_POINT('',(4.689727187606,1.512745585877,-1.519254414503
    ));
#487 = CARTESIAN_POINT('',(4.727844871761,1.38587091287,-1.525672542144)
  );
#488 = CARTESIAN_POINT('',(4.826632705972,1.011907062353,-1.544421667348
    ));
#489 = CARTESIAN_POINT('',(4.87572507503,0.761756071373,-1.556752427426)
  );
#490 = CARTESIAN_POINT('',(4.908574882098,0.508782908943,-1.569082318728
    ));
#491 = CARTESIAN_POINT('',(4.925,0.254389817332,-1.581412050162));
#492 = CARTESIAN_POINT('',(4.925,-4.67779E-12,-1.593743389699));
#493 = CYLINDRICAL_SURFACE('',#494,4.925);
#494 = AXIS2_PLACEMENT_3D('',#495,#496,#497);
#495 = CARTESIAN_POINT('',(0.,0.,-1.5));
#496 = DIRECTION('',(-0.,-0.,-1.));
#497 = DIRECTION('',(1.,0.,0.));
#498 = ADVANCED_FACE('',(#499),#525,.T.);
#499 = FACE_BOUND('',#500,.T.);
#500 = EDGE_LOOP('',(#501,#518,#519,#520));
#501 = ORIENTED_EDGE('',*,*,#502,.F.);
#502 = EDGE_CURVE('',#49,#503,#505,.T.);
#503 = VERTEX_POINT('',#504);
#504 = CARTESIAN_POINT('',(4.113097912908,6.86609056E-07,-2.062514164602
    ));
#505 = ( BOUNDED_CURVE() B_SPLINE_CURVE(11,(#506,#507,#508,#509,#510,
    #511,#512,#513,#514,#515,#516,#517),.UNSPECIFIED.,.F.,.F.) 
B_SPLINE_CURVE_WITH_KNOTS((12,12),(0.,6.459753679852),
.PIECEWISE_BEZIER_KNOTS.) CURVE() GEOMETRIC_REPRESENTATION_ITEM() 
RATIONAL_B_SPLINE_CURVE((1.056590953773,1.056590953773,1.056590953773,
    1.056590953773,1.056590953773,1.056590953774,1.056590953772,
    1.056590953774,1.056590953773,1.056590953773,1.056590953773,
1.056590953773)) REPRESENTATION_ITEM('') );
#506 = CARTESIAN_POINT('',(4.113097258728,8.2393126632E-07,
    -0.56251699753));
#507 = CARTESIAN_POINT('',(4.113098548912,-2.349494942641,
    -0.698877084337));
#508 = CARTESIAN_POINT('',(2.63719804201,-4.698043697012,-0.835182434135
    ));
#509 = CARTESIAN_POINT('',(-0.317362032983,-6.02035605268,
    -0.971914503087));
#510 = CARTESIAN_POINT('',(-3.927391031549,-5.268568936651,
    -1.107212855098));
#511 = CARTESIAN_POINT('',(-6.618769844234,-2.181421200943,
    -1.24548305542));
#512 = CARTESIAN_POINT('',(-6.618288675501,2.181424532562,
    -1.379548106821));
#513 = CARTESIAN_POINT('',(-3.927717078233,5.268557439495,
    -1.517818306815));
#514 = CARTESIAN_POINT('',(-0.317227962394,6.020361231762,
    -1.653116659195));
#515 = CARTESIAN_POINT('',(2.637168645585,4.698043635861,-1.789848727957
    ));
#516 = CARTESIAN_POINT('',(4.113096701134,2.349496453181,-1.926154077791
    ));
#517 = CARTESIAN_POINT('',(4.113097912908,6.8660910257E-07,
    -2.062514164602));
#518 = ORIENTED_EDGE('',*,*,#60,.F.);
#519 = ORIENTED_EDGE('',*,*,#481,.T.);
#520 = ORIENTED_EDGE('',*,*,#521,.F.);
#521 = EDGE_CURVE('',#503,#473,#522,.T.);
#522 = B_SPLINE_CURVE_WITH_KNOTS('',1,(#523,#524),.UNSPECIFIED.,.F.,.F.,
  (2,2),(0.,1.05),.PIECEWISE_BEZIER_KNOTS.);
#523 = CARTESIAN_POINT('',(4.113097912908,6.8660910401E-07,
    -2.062514164602));
#524 = CARTESIAN_POINT('',(5.022415427472,-8.238745413E-08,
    -1.53749830036));
#525 = B_SPLINE_SURFACE_WITH_KNOTS('',1,11,(
    (#526,#527,#528,#529,#530,#531,#532,#533,#534,#535,#536,#537)
    ,(#538,#539,#540,#541,#542,#543,#544,#545,#546,#547,#548,#549
  )),.UNSPECIFIED.,.F.,.F.,.F.,(2,2),(12,12),(0.,1.05),(0.,
    6.459753679852),.PIECEWISE_BEZIER_KNOTS.);
#526 = CARTESIAN_POINT('',(4.113097258728,8.2393126299E-07,
    -0.56251699753));
#527 = CARTESIAN_POINT('',(4.113098548912,-2.349494942641,
    -0.698877084337));
#528 = CARTESIAN_POINT('',(2.63719804201,-4.698043697011,-0.835182434135
    ));
#529 = CARTESIAN_POINT('',(-0.317362032983,-6.020356052682,
    -0.971914503088));
#530 = CARTESIAN_POINT('',(-3.927391031548,-5.268568936647,
    -1.107212855097));
#531 = CARTESIAN_POINT('',(-6.618769844237,-2.181421200947,
    -1.245483055422));
#532 = CARTESIAN_POINT('',(-6.618288675497,2.181424532563,
    -1.379548106818));
#533 = CARTESIAN_POINT('',(-3.927717078234,5.268557439496,
    -1.517818306817));
#534 = CARTESIAN_POINT('',(-0.317227962394,6.020361231762,
    -1.653116659194));
#535 = CARTESIAN_POINT('',(2.637168645586,4.698043635861,-1.789848727957
    ));
#536 = CARTESIAN_POINT('',(4.113096701134,2.349496453181,-1.92615407779)
  );
#537 = CARTESIAN_POINT('',(4.113097912908,6.8660910401E-07,
    -2.062514164602));
#538 = CARTESIAN_POINT('',(5.022412941377,-9.886376778E-08,
    -3.749796045744E-02));
#539 = CARTESIAN_POINT('',(5.022415999904,-2.868784383914,
    -0.173862022701));
#540 = CARTESIAN_POINT('',(3.220344027378,-5.73761291108,-0.310232652363
    ));
#541 = CARTESIAN_POINT('',(-0.388000885174,-7.348254952723,
    -0.446552083591));
#542 = CARTESIAN_POINT('',(-4.794780959863,-6.439688980098,
    -0.583043534852));
#543 = CARTESIAN_POINT('',(-8.082893335484,-2.654674827307,
    -0.719178417303));
#544 = CARTESIAN_POINT('',(-8.081061655469,2.654697019032,-0.85581784392
    ));
#545 = CARTESIAN_POINT('',(-4.796012416813,6.43965093888,-0.991952725146
    ));
#546 = CARTESIAN_POINT('',(-0.387482725464,7.348275093688,
    -1.128444177789));
#547 = CARTESIAN_POINT('',(3.220239081427,5.737608881277,-1.264763608296
    ));
#548 = CARTESIAN_POINT('',(5.022412359537,2.868784202662,-1.401134238106
    ));
#549 = CARTESIAN_POINT('',(5.022415427472,-8.238745413E-08,
    -1.53749830036));
#550 = ADVANCED_FACE('',(#551),#583,.T.);
#551 = FACE_BOUND('',#552,.T.);
#552 = EDGE_LOOP('',(#553,#570,#571,#572,#573));
#553 = ORIENTED_EDGE('',*,*,#554,.F.);
#554 = EDGE_CURVE('',#294,#555,#557,.T.);
#555 = VERTEX_POINT('',#556);
#556 = CARTESIAN_POINT('',(4.113104455244,6.86606202E-07,-2.437514164545
    ));
#557 = B_SPLINE_CURVE_WITH_KNOTS('',11,(#558,#559,#560,#561,#562,#563,
    #564,#565,#566,#567,#568,#569),.UNSPECIFIED.,.F.,.F.,(12,12),(0.,
    6.459753679852),.PIECEWISE_BEZIER_KNOTS.);
#558 = CARTESIAN_POINT('',(4.113105109532,8.2392719033E-07,
    -0.937516997448));
#559 = CARTESIAN_POINT('',(4.113104760251,-2.349499052431,
    -1.073877084289));
#560 = CARTESIAN_POINT('',(2.637174985066,-4.698050894537,
    -1.210182434642));
#561 = CARTESIAN_POINT('',(-0.31722630272,-6.020371858625,
    -1.346914500139));
#562 = CARTESIAN_POINT('',(-3.927722028078,-5.268568148748,
    -1.482212861956));
#563 = CARTESIAN_POINT('',(-6.618299431395,-2.181430709617,
    -1.620483045057));
#564 = CARTESIAN_POINT('',(-6.618782252566,2.181422514948,-1.75454811683
    ));
#565 = CARTESIAN_POINT('',(-3.927399818374,5.268576764288,
    -1.892818300249));
#566 = CARTESIAN_POINT('',(-0.317364807725,6.020366444617,
    -2.028116661707));
#567 = CARTESIAN_POINT('',(2.637200932272,4.698052893151,-2.164848727393
    ));
#568 = CARTESIAN_POINT('',(4.113104882933,2.349500562964,-2.301154077705
    ));
#569 = CARTESIAN_POINT('',(4.113104455244,6.8660624816E-07,
    -2.437514164545));
#570 = ORIENTED_EDGE('',*,*,#311,.T.);
#571 = ORIENTED_EDGE('',*,*,#48,.T.);
#572 = ORIENTED_EDGE('',*,*,#502,.T.);
#573 = ORIENTED_EDGE('',*,*,#574,.F.);
#574 = EDGE_CURVE('',#555,#503,#575,.T.);
#575 = ( BOUNDED_CURVE() B_SPLINE_CURVE(6,(#576,#577,#578,#579,#580,#581
,#582),.UNSPECIFIED.,.F.,.F.) B_SPLINE_CURVE_WITH_KNOTS((7,7),(0.,
2.094395102393),.PIECEWISE_BEZIER_KNOTS.) CURVE() 
GEOMETRIC_REPRESENTATION_ITEM() RATIONAL_B_SPLINE_CURVE((1.056590953773,
    1.017435169568,0.996326512422,0.989390034249,0.996326512422,
1.017435169568,1.056590953773)) REPRESENTATION_ITEM('') );
#576 = CARTESIAN_POINT('',(4.113104455244,6.8660625219E-07,
    -2.437514164545));
#577 = CARTESIAN_POINT('',(4.045136824814,7.4408492079E-07,
    -2.398274615843));
#578 = CARTESIAN_POINT('',(3.99723916518,7.8459059849E-07,-2.33185923707
    ));
#579 = CARTESIAN_POINT('',(3.979925950302,7.9923147922E-07,
    -2.250016487979));
#580 = CARTESIAN_POINT('',(3.997236309474,7.8459184949E-07,
    -2.168173134837));
#581 = CARTESIAN_POINT('',(4.045131651684,7.4408718176E-07,
    -2.101756084838));
#582 = CARTESIAN_POINT('',(4.113097912908,6.8660910257E-07,
    -2.062514164602));
#583 = ( BOUNDED_SURFACE() B_SPLINE_SURFACE(6,11,(
    (#584,#585,#586,#587,#588,#589,#590,#591,#592,#593,#594,#595)
    ,(#596,#597,#598,#599,#600,#601,#602,#603,#604,#605,#606,#607)
    ,(#608,#609,#610,#611,#612,#613,#614,#615,#616,#617,#618,#619)
    ,(#620,#621,#622,#623,#624,#625,#626,#627,#628,#629,#630,#631)
    ,(#632,#633,#634,#635,#636,#637,#638,#639,#640,#641,#642,#643)
    ,(#644,#645,#646,#647,#648,#649,#650,#651,#652,#653,#654,#655)
    ,(#656,#657,#658,#659,#660,#661,#662,#663,#664,#665,#666,#667
)),.UNSPECIFIED.,.F.,.F.,.F.) B_SPLINE_SURFACE_WITH_KNOTS((7,7),(12,12),
  (0.,2.094395102393),(0.,6.459753679852),.PIECEWISE_BEZIER_KNOTS.) 
GEOMETRIC_REPRESENTATION_ITEM() RATIONAL_B_SPLINE_SURFACE((
    (1.056590953773,1.056590953773,1.056590953773,1.056590953773
      ,1.056590953773,1.056590953774,1.056590953772,1.056590953774
      ,1.056590953773,1.056590953773,1.056590953773,1.056590953773)
    ,(1.017435169568,1.017435169568,1.017435169568,1.017435169568
      ,1.017435169568,1.017435169568,1.017435169568,1.017435169568
      ,1.017435169568,1.017435169568,1.017435169568,1.017435169568)
    ,(0.996326512422,0.996326512422,0.996326512422,0.996326512423
      ,0.996326512421,0.996326512423,0.996326512421,0.996326512423
      ,0.996326512422,0.996326512422,0.996326512422,0.996326512422)
    ,(0.989390034249,0.989390034249,0.989390034248,0.989390034249
      ,0.989390034248,0.98939003425,0.989390034247,0.989390034249
      ,0.989390034248,0.989390034249,0.989390034249,0.989390034249)
    ,(0.996326512422,0.996326512422,0.996326512422,0.996326512422
      ,0.996326512421,0.996326512423,0.996326512421,0.996326512423
      ,0.996326512422,0.996326512422,0.996326512422,0.996326512422)
    ,(1.017435169568,1.017435169568,1.017435169568,1.017435169568
      ,1.017435169568,1.017435169569,1.017435169568,1.017435169568
      ,1.017435169568,1.017435169568,1.017435169568,1.017435169568)
    ,(1.056590953773,1.056590953773,1.056590953773,1.056590953773
      ,1.056590953773,1.056590953774,1.056590953772,1.056590953774
      ,1.056590953773,1.056590953773,1.056590953773,1.056590953773
))) REPRESENTATION_ITEM('') SURFACE() );
#584 = CARTESIAN_POINT('',(4.113105109532,8.2392719036E-07,
    -0.937516997448));
#585 = CARTESIAN_POINT('',(4.113104760251,-2.349499052431,
    -1.073877084289));
#586 = CARTESIAN_POINT('',(2.637174985067,-4.698050894537,
    -1.210182434642));
#587 = CARTESIAN_POINT('',(-0.317226302721,-6.020371858625,
    -1.346914500139));
#588 = CARTESIAN_POINT('',(-3.927722028078,-5.26856814875,
    -1.482212861957));
#589 = CARTESIAN_POINT('',(-6.618299431392,-2.181430709616,
    -1.620483045056));
#590 = CARTESIAN_POINT('',(-6.618782252568,2.18142251495,-1.754548116831
    ));
#591 = CARTESIAN_POINT('',(-3.927399818374,5.268576764285,
    -1.892818300248));
#592 = CARTESIAN_POINT('',(-0.317364807725,6.020366444619,
    -2.028116661707));
#593 = CARTESIAN_POINT('',(2.637200932271,4.698052893151,-2.164848727393
    ));
#594 = CARTESIAN_POINT('',(4.113104882933,2.349500562964,-2.301154077705
    ));
#595 = CARTESIAN_POINT('',(4.113104455244,6.8660625219E-07,
    -2.437514164545));
#596 = CARTESIAN_POINT('',(4.045137342187,8.9290167271E-07,
    -0.898277685902));
#597 = CARTESIAN_POINT('',(4.045137203845,-2.310684289307,
    -1.034637475595));
#598 = CARTESIAN_POINT('',(2.593592997615,-4.620347560596,
    -1.170937946537));
#599 = CARTESIAN_POINT('',(-0.31197486042,-5.921115735178,
    -1.307700855057));
#600 = CARTESIAN_POINT('',(-3.862820340848,-5.181033817142,
    -1.442910037506));
#601 = CARTESIAN_POINT('',(-6.508963059982,-2.146055729335,
    -1.581339826956));
#602 = CARTESIAN_POINT('',(-6.509345076529,2.146048537248,
    -1.715212474706));
#603 = CARTESIAN_POINT('',(-3.862566126567,5.181040207434,
    -1.853642264406));
#604 = CARTESIAN_POINT('',(-0.312085028192,5.921111419818,
    -1.988851446573));
#605 = CARTESIAN_POINT('',(2.593613009181,4.620349424769,-2.125614355241
    ));
#606 = CARTESIAN_POINT('',(4.045137048128,2.310685926293,-2.26191482615)
  );
#607 = CARTESIAN_POINT('',(4.045136824814,7.4408492079E-07,
    -2.398274615843));
#608 = CARTESIAN_POINT('',(3.997239450813,9.4150861096E-07,
    -0.831862474257));
#609 = CARTESIAN_POINT('',(3.99723963059,-2.283330990008,-0.968222054545
    ));
#610 = CARTESIAN_POINT('',(2.562883029893,-4.565589055154,
    -1.104519086894));
#611 = CARTESIAN_POINT('',(-0.308288184248,-5.851168027549,
    -1.241303730938));
#612 = CARTESIAN_POINT('',(-3.817049721836,-5.119348205,-1.376450067417)
  );
#613 = CARTESIAN_POINT('',(-6.43196203247,-2.121125896757,-1.5149923337)
  );
#614 = CARTESIAN_POINT('',(-6.432173365617,2.121120602649,
    -1.648729377582));
#615 = CARTESIAN_POINT('',(-3.816910433348,5.11935094813,-1.787271644));
#616 = CARTESIAN_POINT('',(-0.308350206985,5.851165581405,
    -1.922417980326));
#617 = CARTESIAN_POINT('',(2.562893137815,4.56559061167,-2.059202624452)
  );
#618 = CARTESIAN_POINT('',(3.997239075,2.283332716107,-2.195499656781));
#619 = CARTESIAN_POINT('',(3.99723916518,7.8459059849E-07,-2.33185923707
    ));
#620 = CARTESIAN_POINT('',(3.979925950366,9.5907780362E-07,
    -0.750019785576));
#621 = CARTESIAN_POINT('',(3.979926497985,-2.273443736393,
    -0.886379290171));
#622 = CARTESIAN_POINT('',(2.55178672675,-4.545795944268,-1.022675079585
    ));
#623 = CARTESIAN_POINT('',(-0.306976600303,-5.825883579705,
    -1.159467580284));
#624 = CARTESIAN_POINT('',(-3.800455266256,-5.097052581331,
    -1.294591200104));
#625 = CARTESIAN_POINT('',(-6.404203212643,-2.112113752102,
    -1.433174122846));
#626 = CARTESIAN_POINT('',(-6.404204174402,2.112110921738,
    -1.566862150711));
#627 = CARTESIAN_POINT('',(-3.800457499427,5.097050904182,
    -1.705445073447));
#628 = CARTESIAN_POINT('',(-0.306979181201,5.825883442978,
    -1.840568693274));
#629 = CARTESIAN_POINT('',(2.551784719254,4.545797071899,-1.977361193971
    ));
#630 = CARTESIAN_POINT('',(3.979925493953,2.273445494702,-2.113656983382
    ));
#631 = CARTESIAN_POINT('',(3.979925950302,7.9923147922E-07,
    -2.250016487979));
#632 = CARTESIAN_POINT('',(3.997236023966,9.4151038432E-07,
    -0.668176372035));
#633 = CARTESIAN_POINT('',(3.997236919363,-2.2833291961,-0.804535952308)
  );
#634 = CARTESIAN_POINT('',(2.562893094164,-4.565585913461,
    -0.940832984415));
#635 = CARTESIAN_POINT('',(-0.308347430003,-5.851161128315,
    -1.077617629967));
#636 = CARTESIAN_POINT('',(-3.816905243081,-5.119348548912,
    -1.212763962166));
#637 = CARTESIAN_POINT('',(-6.432167365928,-2.121121746261,
    -1.351306235965));
#638 = CARTESIAN_POINT('',(-6.43195792106,2.121121483334,-1.485043270955
    ));
#639 = CARTESIAN_POINT('',(-3.817048916099,5.119342512929,
    -1.623585544608));
#640 = CARTESIAN_POINT('',(-0.308290474506,5.851163306014,
    -1.758731876972));
#641 = CARTESIAN_POINT('',(2.562879044796,4.565586570897,-1.89551652244)
  );
#642 = CARTESIAN_POINT('',(3.997235503675,2.283330922202,-2.031813554561
    ));
#643 = CARTESIAN_POINT('',(3.997236309474,7.8459184949E-07,
    -2.168173134837));
#644 = CARTESIAN_POINT('',(4.04513113443,8.9290489913E-07,
    -0.601759154917));
#645 = CARTESIAN_POINT('',(4.045132292439,-2.31068103963,-0.738118944583
    ));
#646 = CARTESIAN_POINT('',(2.593611229112,-4.620341869397,
    -0.874419415086));
#647 = CARTESIAN_POINT('',(-0.312082184522,-5.921103237164,
    -1.011182326338));
#648 = CARTESIAN_POINT('',(-3.862558616569,-5.181034440148,
    -1.146391501033));
#649 = CARTESIAN_POINT('',(-6.509335022983,-2.146048210676,-1.2848213041
    ));
#650 = CARTESIAN_POINT('',(-6.508954797203,2.146050132608,
    -1.418693935741));
#651 = CARTESIAN_POINT('',(-3.862816989041,5.181024927011,
    -1.557123738548));
#652 = CARTESIAN_POINT('',(-0.311976822387,5.921107297929,
    -1.692332913537));
#653 = CARTESIAN_POINT('',(2.593587479579,4.620342104881,-1.829095824637
    ));
#654 = CARTESIAN_POINT('',(4.045130578647,2.310682676621,-1.965396295168
    ));
#655 = CARTESIAN_POINT('',(4.045131651684,7.4408718176E-07,
    -2.101756084838));
#656 = CARTESIAN_POINT('',(4.113097258728,8.2393126632E-07,
    -0.56251699753));
#657 = CARTESIAN_POINT('',(4.113098548912,-2.349494942641,
    -0.698877084337));
#658 = CARTESIAN_POINT('',(2.63719804201,-4.698043697012,-0.835182434135
    ));
#659 = CARTESIAN_POINT('',(-0.317362032983,-6.02035605268,
    -0.971914503087));
#660 = CARTESIAN_POINT('',(-3.927391031549,-5.268568936651,
    -1.107212855098));
#661 = CARTESIAN_POINT('',(-6.618769844234,-2.181421200943,
    -1.24548305542));
#662 = CARTESIAN_POINT('',(-6.618288675501,2.181424532562,
    -1.379548106821));
#663 = CARTESIAN_POINT('',(-3.927717078233,5.268557439495,
    -1.517818306815));
#664 = CARTESIAN_POINT('',(-0.317227962394,6.020361231762,
    -1.653116659195));
#665 = CARTESIAN_POINT('',(2.637168645585,4.698043635861,-1.789848727957
    ));
#666 = CARTESIAN_POINT('',(4.113096701134,2.349496453181,-1.926154077791
    ));
#667 = CARTESIAN_POINT('',(4.113097912908,6.8660910257E-07,
    -2.062514164602));
#668 = ADVANCED_FACE('',(#669),#770,.T.);
#669 = FACE_BOUND('',#670,.T.);
#670 = EDGE_LOOP('',(#671,#672,#673,#674,#681));
#671 = ORIENTED_EDGE('',*,*,#444,.F.);
#672 = ORIENTED_EDGE('',*,*,#409,.T.);
#673 = ORIENTED_EDGE('',*,*,#554,.T.);
#674 = ORIENTED_EDGE('',*,*,#675,.F.);
#675 = EDGE_CURVE('',#676,#555,#678,.T.);
#676 = VERTEX_POINT('',#677);
#677 = CARTESIAN_POINT('',(4.925,2.365E-12,-2.906243390032));
#678 = B_SPLINE_CURVE_WITH_KNOTS('',1,(#679,#680),.UNSPECIFIED.,.F.,.F.,
  (2,2),(0.,1.05),.PIECEWISE_BEZIER_KNOTS.);
#679 = CARTESIAN_POINT('',(5.02244028835,-8.239829687E-08,
    -2.962498300143));
#680 = CARTESIAN_POINT('',(4.113104455244,6.8660624816E-07,
    -2.437514164545));
#681 = ORIENTED_EDGE('',*,*,#682,.F.);
#682 = EDGE_CURVE('',#445,#676,#683,.T.);
#683 = B_SPLINE_CURVE_WITH_KNOTS('',8,(#684,#685,#686,#687,#688,#689,
    #690,#691,#692,#693,#694,#695,#696,#697,#698,#699,#700,#701,#702,
    #703,#704,#705,#706,#707,#708,#709,#710,#711,#712,#713,#714,#715,
    #716,#717,#718,#719,#720,#721,#722,#723,#724,#725,#726,#727,#728,
    #729,#730,#731,#732,#733,#734,#735,#736,#737,#738,#739,#740,#741,
    #742,#743,#744,#745,#746,#747,#748,#749,#750,#751,#752,#753,#754,
    #755,#756,#757,#758,#759,#760,#761,#762,#763,#764,#765,#766,#767,
    #768,#769),.UNSPECIFIED.,.F.,.F.,(9,7,7,7,7,7,7,7,7,7,7,7,9),(0.,
    6.898361775924E-02,0.157366722499,0.21763995977,0.329743998289,
    0.445675288237,0.465612920125,0.599419778689,0.709861066802,
    0.761661319635,0.853987832167,0.951257872602,1.),.UNSPECIFIED.);
#684 = CARTESIAN_POINT('',(4.550031802245,-1.884896707663,-1.4999994));
#685 = CARTESIAN_POINT('',(4.454300460643,-2.11598663837,-1.512125057047
    ));
#686 = CARTESIAN_POINT('',(4.34515146538,-2.341530108302,-1.524251436952
    ));
#687 = CARTESIAN_POINT('',(4.222965319632,-2.56060294299,-1.536377598291
    ));
#688 = CARTESIAN_POINT('',(4.088195027355,-2.772327803066,
    -1.548503327876));
#689 = CARTESIAN_POINT('',(3.941359613946,-2.97587095564,-1.560628828221
    ));
#690 = CARTESIAN_POINT('',(3.783041605394,-3.170441730153,
    -1.572754375646));
#691 = CARTESIAN_POINT('',(3.613888465918,-3.355294658704,
    -1.584879949029));
#692 = CARTESIAN_POINT('',(3.204933303692,-3.753229641691,
    -1.612539453062));
#693 = CARTESIAN_POINT('',(2.958600765467,-3.959670208694,
    -1.628075607107));
#694 = CARTESIAN_POINT('',(2.697136337049,-4.147567912997,
    -1.643610792945));
#695 = CARTESIAN_POINT('',(2.42218172611,-4.315642812079,-1.659144968313
    ));
#696 = CARTESIAN_POINT('',(2.135485736542,-4.46279784655,-1.674679258811
    ));
#697 = CARTESIAN_POINT('',(1.838895788001,-4.588111686235,
    -1.690214715134));
#698 = CARTESIAN_POINT('',(1.53435960884,-4.690849685563,-1.705751115793
    ));
#699 = CARTESIAN_POINT('',(1.012243143038,-4.824806012762,
    -1.731879770282));
#700 = CARTESIAN_POINT('',(0.797789226041,-4.868384398859,
    -1.742474042203));
#701 = CARTESIAN_POINT('',(0.581218329476,-4.901062130991,
    -1.753068225916));
#702 = CARTESIAN_POINT('',(0.363177991851,-4.922722464301,
    -1.763662269223));
#703 = CARTESIAN_POINT('',(0.144319603984,-4.933294706597,
    -1.774256299062));
#704 = CARTESIAN_POINT('',(-7.47021272072E-02,-4.932753182565,
    -1.784850445632));
#705 = CARTESIAN_POINT('',(-0.293229542984,-4.921118340222,
    -1.79544466449));
#706 = CARTESIAN_POINT('',(-0.914900328827,-4.856317058477,
    -1.825742460792));
#707 = CARTESIAN_POINT('',(-1.315345085346,-4.776024822611,
    -1.845451967366));
#708 = CARTESIAN_POINT('',(-1.707549711786,-4.658003170046,
    -1.865158641932));
#709 = CARTESIAN_POINT('',(-2.08738088453,-4.5032928311,-1.884861905323)
  );
#710 = CARTESIAN_POINT('',(-2.450919884165,-4.313433912941,
    -1.904565140519));
#711 = CARTESIAN_POINT('',(-2.794458905977,-4.090421194796,
    -1.924271765867));
#712 = CARTESIAN_POINT('',(-3.11453253602,-3.836736193808,
    -1.943981274604));
#713 = CARTESIAN_POINT('',(-3.711454747072,-3.264572854396,
    -1.984061903658));
#714 = CARTESIAN_POINT('',(-3.986654014194,-2.943987133349,
    -2.00444587252));
#715 = CARTESIAN_POINT('',(-4.230023714711,-2.597045895092,
    -2.024826573808));
#716 = CARTESIAN_POINT('',(-4.438675864437,-2.227485475586,
    -2.045204420407));
#717 = CARTESIAN_POINT('',(-4.610272782205,-1.839329441496,
    -2.065582370612));
#718 = CARTESIAN_POINT('',(-4.742985736428,-1.436856674436,
    -2.085963349369));
#719 = CARTESIAN_POINT('',(-4.835544982959,-1.024615498647,
    -2.106347679555));
#720 = CARTESIAN_POINT('',(-4.896310593776,-0.535718151806,
    -2.130229065502));
#721 = CARTESIAN_POINT('',(-4.904023911983,-0.463826953014,
    -2.13373344897));
#722 = CARTESIAN_POINT('',(-4.910530771174,-0.391809730903,
    -2.137237822362));
#723 = CARTESIAN_POINT('',(-4.915828797253,-0.319690098983,
    -2.140742185945));
#724 = CARTESIAN_POINT('',(-4.919916172304,-0.247491719762,
    -2.144246539451));
#725 = CARTESIAN_POINT('',(-4.922791634598,-0.175238304745,
    -2.147750882075));
#726 = CARTESIAN_POINT('',(-4.924454478587,-0.102953614435,
    -2.151255212475));
#727 = CARTESIAN_POINT('',(-4.92792513926,0.454510820981,-2.178277946498
    ));
#728 = CARTESIAN_POINT('',(-4.876323171002,0.940318428189,
    -2.201810173358));
#729 = CARTESIAN_POINT('',(-4.769935415876,1.419128229365,
    -2.225334129938));
#730 = CARTESIAN_POINT('',(-4.610017803273,1.883772127578,
    -2.248851993181));
#731 = CARTESIAN_POINT('',(-4.398774563769,2.327443023156,
    -2.272369968291));
#732 = CARTESIAN_POINT('',(-4.13939938129,2.743738156196,-2.295894178785
    ));
#733 = CARTESIAN_POINT('',(-3.83601564947,3.126661182404,-2.31942665181)
  );
#734 = CARTESIAN_POINT('',(-3.21186371679,3.754986473472,-2.362356877865
    ));
#735 = CARTESIAN_POINT('',(-2.903159698594,4.012949835232,
    -2.381774206871));
#736 = CARTESIAN_POINT('',(-2.570915086656,4.241758008205,
    -2.401189328562));
#737 = CARTESIAN_POINT('',(-2.218377499838,4.438950550476,
    -2.420601506084));
#738 = CARTESIAN_POINT('',(-1.849036143724,4.602518961918,-2.44001359585
    ));
#739 = CARTESIAN_POINT('',(-1.466591964983,4.730878430812,
    -2.459428505791));
#740 = CARTESIAN_POINT('',(-1.074962334313,4.82290866671,-2.478845627421
    ));
#741 = CARTESIAN_POINT('',(-0.492283313001,4.90393322864,-2.507361866829
    ));
#742 = CARTESIAN_POINT('',(-0.30511628774,4.921694256157,-2.516466591207
    ));
#743 = CARTESIAN_POINT('',(-0.117235152167,4.931289280259,
    -2.525571243736));
#744 = CARTESIAN_POINT('',(7.094398535572E-02,4.932686119869,
    -2.534675822373));
#745 = CARTESIAN_POINT('',(0.259005126221,4.925878033934,-2.543780409539
    ));
#746 = CARTESIAN_POINT('',(0.4465326297,4.910883720674,-2.552885087533)
  );
#747 = CARTESIAN_POINT('',(0.633111461076,4.887747316842,-2.561989853946
    ));
#748 = CARTESIAN_POINT('',(1.14844832612,4.800912978694,-2.587322327363)
  );
#749 = CARTESIAN_POINT('',(1.474294132764,4.719634158172,-2.603552487759
    ));
#750 = CARTESIAN_POINT('',(1.793469182101,4.61309342816,-2.619781834448)
  );
#751 = CARTESIAN_POINT('',(2.103692950263,4.481951119574,-2.636010137011
    ));
#752 = CARTESIAN_POINT('',(2.402787462839,4.327097767589,-2.652238563001
    ));
#753 = CARTESIAN_POINT('',(2.688676103247,4.149639816984,-2.668468183167
    ));
#754 = CARTESIAN_POINT('',(2.959393833768,3.950909666724,-2.684698537299
    ));
#755 = CARTESIAN_POINT('',(3.4804087325,3.502395923345,-2.718022880811)
  );
#756 = CARTESIAN_POINT('',(3.728921529593,3.250375120523,-2.735121915063
    ));
#757 = CARTESIAN_POINT('',(3.956478595744,2.978283020912,-2.752219110643
    ));
#758 = CARTESIAN_POINT('',(4.161210068523,2.68817445005,-2.769313978135)
  );
#759 = CARTESIAN_POINT('',(4.341502604449,2.382278016144,-2.786408331127
    ));
#760 = CARTESIAN_POINT('',(4.495987775181,2.062980508317,-2.803504443276
    ));
#761 = CARTESIAN_POINT('',(4.623561103301,1.732831360349,-2.820602822832
    ));
#762 = CARTESIAN_POINT('',(4.773477025671,1.225062616111,-2.846266821323
    ));
#763 = CARTESIAN_POINT('',(4.816570916042,1.053503754422,-2.854834460534
    ));
#764 = CARTESIAN_POINT('',(4.852614579762,0.880225874531,-2.863402411648
    ));
#765 = CARTESIAN_POINT('',(4.881528878473,0.705567460789,-2.871970664795
    ));
#766 = CARTESIAN_POINT('',(4.903254385399,0.529870017973,-2.880539192336
    ));
#767 = CARTESIAN_POINT('',(4.917751406227,0.353477887039,-2.88910783037)
  );
#768 = CARTESIAN_POINT('',(4.925,0.176738060865,-2.89767616024));
#769 = CARTESIAN_POINT('',(4.925,4.84413E-12,-2.906243390032));
#770 = B_SPLINE_SURFACE_WITH_KNOTS('',1,11,(
    (#771,#772,#773,#774,#775,#776,#777,#778,#779,#780,#781,#782)
    ,(#783,#784,#785,#786,#787,#788,#789,#790,#791,#792,#793,#794
  )),.UNSPECIFIED.,.F.,.F.,.F.,(2,2),(12,12),(0.,1.05),(0.,
    6.459753679852),.PIECEWISE_BEZIER_KNOTS.);
#771 = CARTESIAN_POINT('',(5.022442774432,-9.887926102E-08,
    -1.462497960145));
#772 = CARTESIAN_POINT('',(5.022439602995,-2.868800001114,
    -1.598862022519));
#773 = CARTESIAN_POINT('',(3.22025641099,-5.737640261676,-1.735232654291
    ));
#774 = CARTESIAN_POINT('',(-0.387485110172,-7.348315015307,
    -1.871552072389));
#775 = CARTESIAN_POINT('',(-4.796038746681,-6.439685986081,
    -2.008043560913));
#776 = CARTESIAN_POINT('',(-8.081105766673,-2.654710960252,
    -2.144178377923));
#777 = CARTESIAN_POINT('',(-8.082937248339,2.654689352094,
    -2.280817881959));
#778 = CARTESIAN_POINT('',(-4.794806829337,6.439724373091,
    -2.416952700196));
#779 = CARTESIAN_POINT('',(-0.388002737727,7.348294902537,
    -2.553444187335));
#780 = CARTESIAN_POINT('',(3.220361770837,5.73764405898,-2.689763606155)
  );
#781 = CARTESIAN_POINT('',(5.022443450376,2.868799819837,-2.82613423778)
  );
#782 = CARTESIAN_POINT('',(5.02244028835,-8.239829687E-08,
    -2.962498300143));
#783 = CARTESIAN_POINT('',(4.113105109532,8.2392719033E-07,
    -0.937516997448));
#784 = CARTESIAN_POINT('',(4.113104760251,-2.349499052431,
    -1.073877084289));
#785 = CARTESIAN_POINT('',(2.637174985066,-4.698050894537,
    -1.210182434642));
#786 = CARTESIAN_POINT('',(-0.31722630272,-6.020371858625,
    -1.346914500139));
#787 = CARTESIAN_POINT('',(-3.927722028078,-5.268568148748,
    -1.482212861956));
#788 = CARTESIAN_POINT('',(-6.618299431395,-2.181430709617,
    -1.620483045057));
#789 = CARTESIAN_POINT('',(-6.618782252566,2.181422514948,-1.75454811683
    ));
#790 = CARTESIAN_POINT('',(-3.927399818374,5.268576764288,
    -1.892818300249));
#791 = CARTESIAN_POINT('',(-0.317364807725,6.020366444617,
    -2.028116661707));
#792 = CARTESIAN_POINT('',(2.637200932272,4.698052893151,-2.164848727393
    ));
#793 = CARTESIAN_POINT('',(4.113104882933,2.349500562964,-2.301154077705
    ));
#794 = CARTESIAN_POINT('',(4.113104455244,6.8660624816E-07,
    -2.437514164545));
#795 = ADVANCED_FACE('',(#796),#891,.T.);
#796 = FACE_BOUND('',#797,.F.);
#797 = EDGE_LOOP('',(#798,#799,#800,#884,#890));
#798 = ORIENTED_EDGE('',*,*,#457,.T.);
#799 = ORIENTED_EDGE('',*,*,#472,.T.);
#800 = ORIENTED_EDGE('',*,*,#801,.T.);
#801 = EDGE_CURVE('',#473,#802,#804,.T.);
#802 = VERTEX_POINT('',#803);
#803 = CARTESIAN_POINT('',(4.925,-1.493E-12,-3.093744711787));
#804 = B_SPLINE_CURVE_WITH_KNOTS('',8,(#805,#806,#807,#808,#809,#810,
    #811,#812,#813,#814,#815,#816,#817,#818,#819,#820,#821,#822,#823,
    #824,#825,#826,#827,#828,#829,#830,#831,#832,#833,#834,#835,#836,
    #837,#838,#839,#840,#841,#842,#843,#844,#845,#846,#847,#848,#849,
    #850,#851,#852,#853,#854,#855,#856,#857,#858,#859,#860,#861,#862,
    #863,#864,#865,#866,#867,#868,#869,#870,#871,#872,#873,#874,#875,
    #876,#877,#878,#879,#880,#881,#882,#883),.UNSPECIFIED.,.F.,.F.,(9,7,
    7,7,7,7,7,7,7,7,7,9),(0.,4.700645912631E-02,0.137309291353,
    0.224725228437,0.273455149915,0.376440389514,0.504446349128,
    0.628948601315,0.733504268409,0.873711599893,0.957475342737,1.),
  .UNSPECIFIED.);
#805 = CARTESIAN_POINT('',(4.925,-4.70113E-12,-1.593743389699));
#806 = CARTESIAN_POINT('',(4.925,-0.181798782035,-1.602555933732));
#807 = CARTESIAN_POINT('',(4.917330334198,-0.363599608663,-1.61136964998
    ));
#808 = CARTESIAN_POINT('',(4.901991196628,-0.545021960519,-1.62018366925
    ));
#809 = CARTESIAN_POINT('',(4.879004914737,-0.725688157628,
    -1.628997542625));
#810 = CARTESIAN_POINT('',(4.848415921942,-0.905223575336,
    -1.637811106009));
#811 = CARTESIAN_POINT('',(4.810290730193,-1.083256860241,
    -1.646624344677));
#812 = CARTESIAN_POINT('',(4.764717902532,-1.259420146117,
    -1.655437257819));
#813 = CARTESIAN_POINT('',(4.610164297889,-1.767479786616,
    -1.681179110828));
#814 = CARTESIAN_POINT('',(4.481424296316,-2.093428092697,
    -1.698109983668));
#815 = CARTESIAN_POINT('',(4.326377461726,-2.408546045757,
    -1.715038742529));
#816 = CARTESIAN_POINT('',(4.146113051556,-2.710366115835,
    -1.731965874207));
#817 = CARTESIAN_POINT('',(3.941973265402,-2.996578519607,
    -1.748893526691));
#818 = CARTESIAN_POINT('',(3.71553529625,-3.265027159367,-1.765823417861
    ));
#819 = CARTESIAN_POINT('',(3.46862230743,-3.513724366735,-1.782755077613
    ));
#820 = CARTESIAN_POINT('',(2.946545078046,-3.960782444876,
    -1.816072554143));
#821 = CARTESIAN_POINT('',(2.672457711903,-4.160565731,-1.83246343293));
#822 = CARTESIAN_POINT('',(2.382973088261,-4.338597562461,
    -1.848853527282));
#823 = CARTESIAN_POINT('',(2.08012066503,-4.493513282997,-1.865242356695
    ));
#824 = CARTESIAN_POINT('',(1.766044739213,-4.624183767735,
    -1.881631050817));
#825 = CARTESIAN_POINT('',(1.442993665826,-4.729704713772,
    -1.898020842633));
#826 = CARTESIAN_POINT('',(1.113321063125,-4.809411780683,
    -1.914411496658));
#827 = CARTESIAN_POINT('',(0.593410251213,-4.8927505624,-1.939935243154)
  );
#828 = CARTESIAN_POINT('',(0.40601439322,-4.914441438872,-1.949070897799
    ));
#829 = CARTESIAN_POINT('',(0.217730360402,-4.927927281194,
    -1.958206464571));
#830 = CARTESIAN_POINT('',(2.897776244518E-02,-4.933166942271,
    -1.967341942333));
#831 = CARTESIAN_POINT('',(-0.159823374479,-4.930145059376,
    -1.976477414827));
#832 = CARTESIAN_POINT('',(-0.348252870707,-4.918872056438,
    -1.985612965217));
#833 = CARTESIAN_POINT('',(-0.535890656071,-4.899384146325,
    -1.994748590624));
#834 = CARTESIAN_POINT('',(-1.116308332338,-4.81332756553,
    -2.023191029333));
#835 = CARTESIAN_POINT('',(-1.505010329998,-4.718479990352,
    -2.042503312651));
#836 = CARTESIAN_POINT('',(-1.884324157861,-4.587774921891,
    -2.061813446431));
#837 = CARTESIAN_POINT('',(-2.250404961265,-4.422345959093,
    -2.081120831184));
#838 = CARTESIAN_POINT('',(-2.599623158145,-4.223779778324,
    -2.100428293034));
#839 = CARTESIAN_POINT('',(-2.928559623126,-3.994076606233,
    -2.119738611718));
#840 = CARTESIAN_POINT('',(-3.23403479649,-3.735677372725,
    -2.139051071696));
#841 = CARTESIAN_POINT('',(-3.860126190706,-3.098409544803,
    -2.182355713573));
#842 = CARTESIAN_POINT('',(-4.166738420312,-2.70517094408,-2.20636875821
    ));
#843 = CARTESIAN_POINT('',(-4.427218134841,-2.277549793704,
    -2.230372661512));
#844 = CARTESIAN_POINT('',(-4.637247182395,-1.821964084534,
    -2.254369775105));
#845 = CARTESIAN_POINT('',(-4.793514446135,-1.345255298799,
    -2.278366826299));
#846 = CARTESIAN_POINT('',(-4.893788731144,-0.854689619857,
    -2.302370546822));
#847 = CARTESIAN_POINT('',(-4.936863165964,-0.357906015646,
    -2.326383533878));
#848 = CARTESIAN_POINT('',(-4.90970377832,0.618296168765,-2.373721895256
    ));
#849 = CARTESIAN_POINT('',(-4.842522579086,1.098412390628,
    -2.397076895558));
#850 = CARTESIAN_POINT('',(-4.721648251445,1.569861192566,-2.42042487479
    ));
#851 = CARTESIAN_POINT('',(-4.548534019506,2.025680342127,
    -2.443767527007));
#852 = CARTESIAN_POINT('',(-4.32554408292,2.459287424434,-2.467110148677
    ));
#853 = CARTESIAN_POINT('',(-4.055989421063,2.864521682504,
    -2.490458057642));
#854 = CARTESIAN_POINT('',(-3.744072672262,3.235645400678,
    -2.513813004219));
#855 = CARTESIAN_POINT('',(-3.10234996573,3.846370429749,-2.556755096451
    ));
#856 = CARTESIAN_POINT('',(-2.783183835371,4.097737651508,
    -2.576361792464));
#857 = CARTESIAN_POINT('',(-2.440888466805,4.31868509157,-2.595965689988
    ));
#858 = CARTESIAN_POINT('',(-2.078881760673,4.506779273251,
    -2.615566294113));
#859 = CARTESIAN_POINT('',(-1.700818115879,4.660063873248,
    -2.635166928871));
#860 = CARTESIAN_POINT('',(-1.310557772131,4.777028843766,
    -2.654770892891));
#861 = CARTESIAN_POINT('',(-0.912170441608,4.856653778651,
    -2.674377624707));
#862 = CARTESIAN_POINT('',(2.936623761545E-02,4.954674805375,
    -2.720263817153));
#863 = CARTESIAN_POINT('',(0.576281555621,4.943011245435,-2.746573933481
    ));
#864 = CARTESIAN_POINT('',(1.120025704874,4.862190588551,-2.772870121587
    ));
#865 = CARTESIAN_POINT('',(1.65046653287,4.713270021063,-2.799156860707)
  );
#866 = CARTESIAN_POINT('',(2.157933329486,4.498741843281,-2.82544281453)
  );
#867 = CARTESIAN_POINT('',(2.633313074215,4.222691585801,-2.851737383674
    ));
#868 = CARTESIAN_POINT('',(3.068027825367,3.89061302623,-2.87804646919)
  );
#869 = CARTESIAN_POINT('',(3.685414713448,3.283030902836,-2.920034844436
    ));
#870 = CARTESIAN_POINT('',(3.899259614909,3.038413244422,-2.93574041806)
  );
#871 = CARTESIAN_POINT('',(4.094478869169,2.777942667827,-2.951445502889
    ));
#872 = CARTESIAN_POINT('',(4.269715929199,2.503287937647,-2.967149991242
    ));
#873 = CARTESIAN_POINT('',(4.423802979674,2.216233239924,-2.982854815326
    ));
#874 = CARTESIAN_POINT('',(4.555753479375,1.918668993764,-2.998560633219
    ));
#875 = CARTESIAN_POINT('',(4.664773786333,1.61259388808,-3.014266733123)
  );
#876 = CARTESIAN_POINT('',(4.793710169002,1.1414974729,-3.037942372083)
  );
#877 = CARTESIAN_POINT('',(4.831072700628,0.981208508642,-3.045914452922
    ));
#878 = CARTESIAN_POINT('',(4.86230727205,0.819532679422,-3.053886291912)
  );
#879 = CARTESIAN_POINT('',(4.887354479049,0.656743640516,-3.061857879361
    ));
#880 = CARTESIAN_POINT('',(4.906169719054,0.493117159055,-3.069829298866
    ));
#881 = CARTESIAN_POINT('',(4.918723208467,0.328930999335,-3.077800723823
    ));
#882 = CARTESIAN_POINT('',(4.925,0.16446480813,-3.085772413948));
#883 = CARTESIAN_POINT('',(4.925,-2.95941E-12,-3.093744711787));
#884 = ORIENTED_EDGE('',*,*,#885,.F.);
#885 = EDGE_CURVE('',#676,#802,#886,.T.);
#886 = LINE('',#887,#888);
#887 = CARTESIAN_POINT('',(4.925,0.,-1.5));
#888 = VECTOR('',#889,1.);
#889 = DIRECTION('',(0.,0.,-1.));
#890 = ORIENTED_EDGE('',*,*,#682,.F.);
#891 = CYLINDRICAL_SURFACE('',#892,4.925);
#892 = AXIS2_PLACEMENT_3D('',#893,#894,#895);
#893 = CARTESIAN_POINT('',(0.,0.,-1.5));
#894 = DIRECTION('',(-0.,-0.,-1.));
#895 = DIRECTION('',(1.,0.,0.));
#896 = ADVANCED_FACE('',(#897),#923,.T.);
#897 = FACE_BOUND('',#898,.T.);
#898 = EDGE_LOOP('',(#899,#916,#917,#918));
#899 = ORIENTED_EDGE('',*,*,#900,.F.);
#900 = EDGE_CURVE('',#503,#901,#903,.T.);
#901 = VERTEX_POINT('',#902);
#902 = CARTESIAN_POINT('',(4.113098567097,5.49286966E-07,-3.562511331676
    ));
#903 = ( BOUNDED_CURVE() B_SPLINE_CURVE(11,(#904,#905,#906,#907,#908,
    #909,#910,#911,#912,#913,#914,#915),.UNSPECIFIED.,.F.,.F.) 
B_SPLINE_CURVE_WITH_KNOTS((12,12),(0.,6.459753679852),
.PIECEWISE_BEZIER_KNOTS.) CURVE() GEOMETRIC_REPRESENTATION_ITEM() 
RATIONAL_B_SPLINE_CURVE((1.056590953773,1.056590953773,1.056590953773,
    1.056590953773,1.056590953773,1.056590953774,1.056590953772,
    1.056590953774,1.056590953773,1.056590953773,1.056590953773,
1.056590953773)) REPRESENTATION_ITEM('') );
#904 = CARTESIAN_POINT('',(4.113097912908,6.8660905916E-07,
    -2.062514164602));
#905 = CARTESIAN_POINT('',(4.113099124682,-2.349495453552,
    -2.198874251411));
#906 = CARTESIAN_POINT('',(2.63719830473,-4.698044532969,-2.335179601256
    ));
#907 = CARTESIAN_POINT('',(-0.317362285231,-6.020356997329,
    -2.471911669912));
#908 = CARTESIAN_POINT('',(-3.9273918303,-5.268569648192,-2.607210022781
    ));
#909 = CARTESIAN_POINT('',(-6.618770972194,-2.18142132037,
    -2.745480221566));
#910 = CARTESIAN_POINT('',(-6.618289653219,2.181425094085,
    -2.879545274819));
#911 = CARTESIAN_POINT('',(-3.927717528179,5.268558413003,
    -3.017815473277));
#912 = CARTESIAN_POINT('',(-0.317227811507,6.020362197767,
    -3.153113826516));
#913 = CARTESIAN_POINT('',(2.63716922187,4.698044295685,-3.28984589498)
  );
#914 = CARTESIAN_POINT('',(4.113097433732,2.349496689447,-3.426151244862
    ));
#915 = CARTESIAN_POINT('',(4.113098567097,5.4928693904E-07,
    -3.562511331676));
#916 = ORIENTED_EDGE('',*,*,#521,.T.);
#917 = ORIENTED_EDGE('',*,*,#801,.T.);
#918 = ORIENTED_EDGE('',*,*,#919,.F.);
#919 = EDGE_CURVE('',#901,#802,#920,.T.);
#920 = B_SPLINE_CURVE_WITH_KNOTS('',1,(#921,#922),.UNSPECIFIED.,.F.,.F.,
  (2,2),(0.,1.05),.PIECEWISE_BEZIER_KNOTS.);
#921 = CARTESIAN_POINT('',(4.113098567097,5.4928693517E-07,
    -3.562511331676));
#922 = CARTESIAN_POINT('',(5.022417913566,-6.591083708E-08,
    -3.037498640271));
#923 = B_SPLINE_SURFACE_WITH_KNOTS('',1,11,(
    (#924,#925,#926,#927,#928,#929,#930,#931,#932,#933,#934,#935)
    ,(#936,#937,#938,#939,#940,#941,#942,#943,#944,#945,#946,#947
  )),.UNSPECIFIED.,.F.,.F.,.F.,(2,2),(12,12),(0.,1.05),(0.,
    6.459753679852),.PIECEWISE_BEZIER_KNOTS.);
#924 = CARTESIAN_POINT('',(4.113097912908,6.866090604E-07,
    -2.062514164602));
#925 = CARTESIAN_POINT('',(4.113099124682,-2.349495453552,
    -2.198874251411));
#926 = CARTESIAN_POINT('',(2.63719830473,-4.698044532969,-2.335179601256
    ));
#927 = CARTESIAN_POINT('',(-0.317362285232,-6.02035699733,
    -2.471911669913));
#928 = CARTESIAN_POINT('',(-3.927391830297,-5.26856964819,
    -2.607210022779));
#929 = CARTESIAN_POINT('',(-6.618770972201,-2.181421320371,
    -2.745480221569));
#930 = CARTESIAN_POINT('',(-6.618289653213,2.181425094083,
    -2.879545274816));
#931 = CARTESIAN_POINT('',(-3.927717528182,5.268558413006,-3.01781547328
    ));
#932 = CARTESIAN_POINT('',(-0.317227811506,6.020362197766,
    -3.153113826514));
#933 = CARTESIAN_POINT('',(2.63716922187,4.698044295685,-3.289845894981)
  );
#934 = CARTESIAN_POINT('',(4.113097433732,2.349496689447,-3.426151244862
    ));
#935 = CARTESIAN_POINT('',(4.113098567097,5.4928693517E-07,
    -3.562511331676));
#936 = CARTESIAN_POINT('',(5.022415427472,-8.238750423E-08,
    -1.53749830036));
#937 = CARTESIAN_POINT('',(5.022418495407,-2.868785787186,
    -1.673862362614));
#938 = CARTESIAN_POINT('',(3.220345640421,-5.737615742717,
    -1.810232992455));
#939 = CARTESIAN_POINT('',(-0.388001053593,-7.348258584534,
    -1.946552422555));
#940 = CARTESIAN_POINT('',(-4.794783311639,-6.43969219765,
    -2.083043877076));
#941 = CARTESIAN_POINT('',(-8.082897327581,-2.654676147743,
    -2.219178753693));
#942 = CARTESIAN_POINT('',(-8.08106566558,2.654698286424,-2.355818187343
    ));
#943 = CARTESIAN_POINT('',(-4.796014810447,6.439654124999,
    -2.491953062736));
#944 = CARTESIAN_POINT('',(-0.387482942252,7.348278722937,
    -2.628444518638));
#945 = CARTESIAN_POINT('',(3.220240656849,5.737611734047,-2.764763948018
    ));
#946 = CARTESIAN_POINT('',(5.022414836223,2.868785638887,-2.901134578006
    ));
#947 = CARTESIAN_POINT('',(5.022417913566,-6.591083708E-08,
    -3.037498640271));
#948 = ADVANCED_FACE('',(#949),#980,.T.);
#949 = FACE_BOUND('',#950,.T.);
#950 = EDGE_LOOP('',(#951,#968,#969,#970));
#951 = ORIENTED_EDGE('',*,*,#952,.F.);
#952 = EDGE_CURVE('',#555,#953,#955,.T.);
#953 = VERTEX_POINT('',#954);
#954 = CARTESIAN_POINT('',(4.113103800966,5.49285113E-07,-3.937511331639
    ));
#955 = B_SPLINE_CURVE_WITH_KNOTS('',11,(#956,#957,#958,#959,#960,#961,
    #962,#963,#964,#965,#966,#967),.UNSPECIFIED.,.F.,.F.,(12,12),(0.,
    6.459753679852),.PIECEWISE_BEZIER_KNOTS.);
#956 = CARTESIAN_POINT('',(4.113104455244,6.8660619774E-07,
    -2.437514164545));
#957 = CARTESIAN_POINT('',(4.113104027555,-2.349498816106,
    -2.573874251383));
#958 = CARTESIAN_POINT('',(2.637174408718,-4.6980502346,-2.710179601689)
  );
#959 = CARTESIAN_POINT('',(-0.317226453596,-6.020370892474,
    -2.846911667484));
#960 = CARTESIAN_POINT('',(-3.92772157804,-5.268567175118,
    -2.982210028439));
#961 = CARTESIAN_POINT('',(-6.618298453512,-2.181430148038,
    -3.120480213081));
#962 = CARTESIAN_POINT('',(-6.618781124448,2.181422395462,
    -3.254545282997));
#963 = CARTESIAN_POINT('',(-3.927399019531,5.268576052624,
    -3.392815467957));
#964 = CARTESIAN_POINT('',(-0.317364555471,6.02036549982,-3.528113828553
    ));
#965 = CARTESIAN_POINT('',(2.637200669488,4.698052057083,-3.664845894537
    ));
#966 = CARTESIAN_POINT('',(4.113104307063,2.349500051997,-3.801151244802
    ));
#967 = CARTESIAN_POINT('',(4.113103800966,5.4928508503E-07,
    -3.937511331639));
#968 = ORIENTED_EDGE('',*,*,#574,.T.);
#969 = ORIENTED_EDGE('',*,*,#900,.T.);
#970 = ORIENTED_EDGE('',*,*,#971,.F.);
#971 = EDGE_CURVE('',#953,#901,#972,.T.);
#972 = ( BOUNDED_CURVE() B_SPLINE_CURVE(6,(#973,#974,#975,#976,#977,#978
,#979),.UNSPECIFIED.,.F.,.F.) B_SPLINE_CURVE_WITH_KNOTS((7,7),(0.,
2.094395102393),.PIECEWISE_BEZIER_KNOTS.) CURVE() 
GEOMETRIC_REPRESENTATION_ITEM() RATIONAL_B_SPLINE_CURVE((1.056590953773,
    1.017435169568,0.996326512422,0.989390034249,0.996326512422,
1.017435169568,1.056590953773)) REPRESENTATION_ITEM('') );
#973 = CARTESIAN_POINT('',(4.113103800966,5.4928508353E-07,
    -3.937511331639));
#974 = CARTESIAN_POINT('',(4.045136307453,5.9526797314E-07,
    -3.898271545781));
#975 = CARTESIAN_POINT('',(3.997238879558,6.2767243825E-07,
    -3.831855999882));
#976 = CARTESIAN_POINT('',(3.97992595025,6.3938504447E-07,
    -3.750013190382));
#977 = CARTESIAN_POINT('',(3.997236594994,6.2767324638E-07,
    -3.66816989764));
#978 = CARTESIAN_POINT('',(4.045132168949,5.9526943719E-07,
    -3.60175301476));
#979 = CARTESIAN_POINT('',(4.113098567097,5.4928693904E-07,
    -3.562511331676));
#980 = ( BOUNDED_SURFACE() B_SPLINE_SURFACE(6,11,(
    (#981,#982,#983,#984,#985,#986,#987,#988,#989,#990,#991,#992)
    ,(#993,#994,#995,#996,#997,#998,#999,#1000,#1001,#1002,#1003,#1004)
    ,(#1005,#1006,#1007,#1008,#1009,#1010,#1011,#1012,#1013,#1014,#1015
      ,#1016)
    ,(#1017,#1018,#1019,#1020,#1021,#1022,#1023,#1024,#1025,#1026,#1027
      ,#1028)
    ,(#1029,#1030,#1031,#1032,#1033,#1034,#1035,#1036,#1037,#1038,#1039
      ,#1040)
    ,(#1041,#1042,#1043,#1044,#1045,#1046,#1047,#1048,#1049,#1050,#1051
      ,#1052)
    ,(#1053,#1054,#1055,#1056,#1057,#1058,#1059,#1060,#1061,#1062,#1063
,#1064
    )),.UNSPECIFIED.,.F.,.F.,.F.) B_SPLINE_SURFACE_WITH_KNOTS((7,7),(12,
    12),(0.,2.094395102393),(0.,6.459753679852),
.PIECEWISE_BEZIER_KNOTS.) GEOMETRIC_REPRESENTATION_ITEM() 
RATIONAL_B_SPLINE_SURFACE((
    (1.056590953773,1.056590953773,1.056590953773,1.056590953773
      ,1.056590953773,1.056590953774,1.056590953772,1.056590953774
      ,1.056590953773,1.056590953773,1.056590953773,1.056590953773)
    ,(1.017435169568,1.017435169568,1.017435169568,1.017435169568
      ,1.017435169568,1.017435169568,1.017435169568,1.017435169568
      ,1.017435169568,1.017435169568,1.017435169568,1.017435169568)
    ,(0.996326512422,0.996326512422,0.996326512422,0.996326512423
      ,0.996326512421,0.996326512423,0.996326512421,0.996326512423
      ,0.996326512422,0.996326512422,0.996326512422,0.996326512422)
    ,(0.989390034249,0.989390034249,0.989390034248,0.989390034249
      ,0.989390034248,0.98939003425,0.989390034247,0.989390034249
      ,0.989390034248,0.989390034249,0.989390034249,0.989390034249)
    ,(0.996326512422,0.996326512422,0.996326512422,0.996326512422
      ,0.996326512421,0.996326512423,0.996326512421,0.996326512423
      ,0.996326512422,0.996326512422,0.996326512422,0.996326512422)
    ,(1.017435169568,1.017435169568,1.017435169568,1.017435169568
      ,1.017435169568,1.017435169569,1.017435169568,1.017435169568
      ,1.017435169568,1.017435169568,1.017435169568,1.017435169568)
    ,(1.056590953773,1.056590953773,1.056590953773,1.056590953773
      ,1.056590953773,1.056590953774,1.056590953772,1.056590953774
      ,1.056590953773,1.056590953773,1.056590953773,1.056590953773
))) REPRESENTATION_ITEM('') SURFACE() );
#981 = CARTESIAN_POINT('',(4.113104455244,6.8660620156E-07,
    -2.437514164545));
#982 = CARTESIAN_POINT('',(4.113104027555,-2.349498816106,
    -2.573874251383));
#983 = CARTESIAN_POINT('',(2.637174408719,-4.6980502346,-2.710179601689)
  );
#984 = CARTESIAN_POINT('',(-0.317226453596,-6.020370892472,
    -2.846911667483));
#985 = CARTESIAN_POINT('',(-3.927721578041,-5.26856717512,
    -2.982210028442));
#986 = CARTESIAN_POINT('',(-6.618298453509,-2.181430148037,
    -3.120480213078));
#987 = CARTESIAN_POINT('',(-6.618781124451,2.181422395464,
    -3.254545283001));
#988 = CARTESIAN_POINT('',(-3.92739901953,5.268576052621,-3.392815467954
    ));
#989 = CARTESIAN_POINT('',(-0.317364555471,6.020365499822,
    -3.528113828554));
#990 = CARTESIAN_POINT('',(2.637200669488,4.698052057082,-3.664845894537
    ));
#991 = CARTESIAN_POINT('',(4.113104307063,2.349500051997,-3.801151244802
    ));
#992 = CARTESIAN_POINT('',(4.113103800966,5.4928508353E-07,
    -3.937511331639));
#993 = CARTESIAN_POINT('',(4.045136824814,7.4408487516E-07,
    -2.398274615843));
#994 = CARTESIAN_POINT('',(4.045136601501,-2.310684142668,
    -2.534634405533));
#995 = CARTESIAN_POINT('',(2.593592495941,-4.62034706456,-2.670934876438
    ));
#996 = CARTESIAN_POINT('',(-0.311975038776,-5.921114968076,
    -2.807697785192));
#997 = CARTESIAN_POINT('',(-3.862820036085,-5.181033008882,
    -2.942906966963));
#998 = CARTESIAN_POINT('',(-6.508962308739,-2.146055220509,
    -3.081336757627));
#999 = CARTESIAN_POINT('',(-6.509344162477,2.146048507525,
    -3.215209403913));
#1000 = CARTESIAN_POINT('',(-3.862565443793,5.18103968307,
    -3.353639194828));
#1001 = CARTESIAN_POINT('',(-0.312084769671,5.921110675859,
    -3.488848376316));
#1002 = CARTESIAN_POINT('',(2.593612847322,4.620348737856,
    -3.625611285219));
#1003 = CARTESIAN_POINT('',(4.045136615738,2.31068548202,-3.761911756091
    ));
#1004 = CARTESIAN_POINT('',(4.045136307453,5.9526797314E-07,
    -3.898271545781));
#1005 = CARTESIAN_POINT('',(3.99723916518,7.8459055242E-07,
    -2.33185923707));
#1006 = CARTESIAN_POINT('',(3.997239255359,-2.283330983811,
    -2.468218817357));
#1007 = CARTESIAN_POINT('',(2.562882667577,-4.565588829248,
    -2.604515849686));
#1008 = CARTESIAN_POINT('',(-0.308288392452,-5.851167598235,
    -2.741300493859));
#1009 = CARTESIAN_POINT('',(-3.817049648525,-5.119347687469,
    -2.876446829964));
#1010 = CARTESIAN_POINT('',(-6.431961658627,-2.121125495504,
    -3.014989096916));
#1011 = CARTESIAN_POINT('',(-6.432172820085,2.121120706581,
    -3.148726139992));
#1012 = CARTESIAN_POINT('',(-3.816909961463,5.119350729949,
    -3.287268407079));
#1013 = CARTESIAN_POINT('',(-0.308349954523,5.851165176494,
    -3.422414743031));
#1014 = CARTESIAN_POINT('',(2.562893133809,4.565590184496,
    -3.559199387285));
#1015 = CARTESIAN_POINT('',(3.997238878977,2.283332396074,
    -3.695496419595));
#1016 = CARTESIAN_POINT('',(3.997238879558,6.2767243825E-07,
    -3.831855999882));
#1017 = CARTESIAN_POINT('',(3.979925950302,7.9923143526E-07,
    -2.250016487979));
#1018 = CARTESIAN_POINT('',(3.979926406651,-2.273443896207,
    -2.386375992574));
#1019 = CARTESIAN_POINT('',(2.551786544214,-4.545796046714,
    -2.522671781988));
#1020 = CARTESIAN_POINT('',(-0.306976834928,-5.82588356719,
    -2.659464282686));
#1021 = CARTESIAN_POINT('',(-3.800455469212,-5.097052428791,
    -2.794587902507));
#1022 = CARTESIAN_POINT('',(-6.404203299991,-2.112113494762,
    -2.933170825248));
#1023 = CARTESIAN_POINT('',(-6.404204086868,2.11211117901,
    -3.066858853114));
#1024 = CARTESIAN_POINT('',(-3.800457296363,5.097051056578,
    -3.20544177585));
#1025 = CARTESIAN_POINT('',(-0.306978946567,5.825883455322,
    -3.340565395676));
#1026 = CARTESIAN_POINT('',(2.551784901717,4.545796969322,
    -3.477357896374));
#1027 = CARTESIAN_POINT('',(3.979925585171,2.273445334823,
    -3.613653685785));
#1028 = CARTESIAN_POINT('',(3.97992595025,6.3938504447E-07,
    -3.750013190382));
#1029 = CARTESIAN_POINT('',(3.997236309474,7.8459179553E-07,
    -2.168173134837));
#1030 = CARTESIAN_POINT('',(3.997237115274,-2.283329516069,
    -2.304532715111));
#1031 = CARTESIAN_POINT('',(2.562893098096,-4.565586340507,
    -2.440829747239));
#1032 = CARTESIAN_POINT('',(-0.308347682453,-5.851161533056,
    -2.577614392661));
#1033 = CARTESIAN_POINT('',(-3.816905714866,-5.119348766955,
    -2.712760725235));
#1034 = CARTESIAN_POINT('',(-6.43216791127,-2.121121642259,
    -2.851302998363));
#1035 = CARTESIAN_POINT('',(-6.431958294725,2.121121884518,
    -2.985040034163));
#1036 = CARTESIAN_POINT('',(-3.8170489893,5.119343030322,-3.123582307144
    ));
#1037 = CARTESIAN_POINT('',(-0.308290266293,5.851163735159,
    -3.258728639883));
#1038 = CARTESIAN_POINT('',(2.562879407041,4.565586796675,
    -3.395513285221));
#1039 = CARTESIAN_POINT('',(3.997235878793,2.283330928333,
    -3.531810317363));
#1040 = CARTESIAN_POINT('',(3.997236594994,6.2767324638E-07,
    -3.66816989764));
#1041 = CARTESIAN_POINT('',(4.045131651684,7.4408712836E-07,
    -2.101756084838));
#1042 = CARTESIAN_POINT('',(4.045132724721,-2.310681483842,
    -2.238115874506));
#1043 = CARTESIAN_POINT('',(2.593611390901,-4.620342556188,
    -2.374416345046));
#1044 = CARTESIAN_POINT('',(-0.312082443036,-5.921103980963,
    -2.511179256063));
#1045 = CARTESIAN_POINT('',(-3.862559299241,-5.181034964378,
    -2.646388431438));
#1046 = CARTESIAN_POINT('',(-6.509335936864,-2.146048240333,
    -2.784818233289));
#1047 = CARTESIAN_POINT('',(-6.508955548269,2.146050641372,
    -2.918690866395));
#1048 = CARTESIAN_POINT('',(-3.862817293706,5.181025735138,
    -3.057120667987));
#1049 = CARTESIAN_POINT('',(-0.311976644019,5.921108064873,
    -3.192329843654));
#1050 = CARTESIAN_POINT('',(2.593587981185,4.620342600793,-3.32909275452
    ));
#1051 = CARTESIAN_POINT('',(4.045131180885,2.310682823198,
    -3.465393225089));
#1052 = CARTESIAN_POINT('',(4.045132168949,5.9526943719E-07,
    -3.60175301476));
#1053 = CARTESIAN_POINT('',(4.113097912908,6.8660905916E-07,
    -2.062514164602));
#1054 = CARTESIAN_POINT('',(4.113099124682,-2.349495453552,
    -2.198874251411));
#1055 = CARTESIAN_POINT('',(2.63719830473,-4.698044532969,
    -2.335179601256));
#1056 = CARTESIAN_POINT('',(-0.317362285231,-6.020356997329,
    -2.471911669912));
#1057 = CARTESIAN_POINT('',(-3.9273918303,-5.268569648192,
    -2.607210022781));
#1058 = CARTESIAN_POINT('',(-6.618770972194,-2.18142132037,
    -2.745480221566));
#1059 = CARTESIAN_POINT('',(-6.618289653219,2.181425094085,
    -2.879545274819));
#1060 = CARTESIAN_POINT('',(-3.927717528179,5.268558413003,
    -3.017815473277));
#1061 = CARTESIAN_POINT('',(-0.317227811507,6.020362197767,
    -3.153113826516));
#1062 = CARTESIAN_POINT('',(2.63716922187,4.698044295685,-3.28984589498)
  );
#1063 = CARTESIAN_POINT('',(4.113097433732,2.349496689447,
    -3.426151244862));
#1064 = CARTESIAN_POINT('',(4.113098567097,5.4928693904E-07,
    -3.562511331676));
#1065 = ADVANCED_FACE('',(#1066),#1187,.T.);
#1066 = FACE_BOUND('',#1067,.T.);
#1067 = EDGE_LOOP('',(#1068,#1180,#1181,#1182));
#1068 = ORIENTED_EDGE('',*,*,#1069,.F.);
#1069 = EDGE_CURVE('',#676,#1070,#1072,.T.);
#1070 = VERTEX_POINT('',#1071);
#1071 = CARTESIAN_POINT('',(4.925,1.458E-12,-4.406244712));
#1072 = B_SPLINE_CURVE_WITH_KNOTS('',8,(#1073,#1074,#1075,#1076,#1077,
    #1078,#1079,#1080,#1081,#1082,#1083,#1084,#1085,#1086,#1087,#1088,
    #1089,#1090,#1091,#1092,#1093,#1094,#1095,#1096,#1097,#1098,#1099,
    #1100,#1101,#1102,#1103,#1104,#1105,#1106,#1107,#1108,#1109,#1110,
    #1111,#1112,#1113,#1114,#1115,#1116,#1117,#1118,#1119,#1120,#1121,
    #1122,#1123,#1124,#1125,#1126,#1127,#1128,#1129,#1130,#1131,#1132,
    #1133,#1134,#1135,#1136,#1137,#1138,#1139,#1140,#1141,#1142,#1143,
    #1144,#1145,#1146,#1147,#1148,#1149,#1150,#1151,#1152,#1153,#1154,
    #1155,#1156,#1157,#1158,#1159,#1160,#1161,#1162,#1163,#1164,#1165,
    #1166,#1167,#1168,#1169,#1170,#1171,#1172,#1173,#1174,#1175,#1176,
    #1177,#1178,#1179),.UNSPECIFIED.,.F.,.F.,(9,7,7,7,7,7,7,7,7,7,7,7,7,
    7,7,9),(0.,4.292180911531E-02,5.61783427626E-02,7.3179798958E-02,
    0.127184048536,0.210042640752,0.266559200027,0.372662641071,
    0.481481412247,0.498120190854,0.624256343668,0.730057912616,
    0.777715953034,0.863718424958,0.953858545399,1.),.UNSPECIFIED.);
#1073 = CARTESIAN_POINT('',(4.925,4.6807E-12,-2.906243390032));
#1074 = CARTESIAN_POINT('',(4.925,-0.166011129559,-2.914290644536));
#1075 = CARTESIAN_POINT('',(4.918604619929,-0.332023695282,
    -2.922337281323));
#1076 = CARTESIAN_POINT('',(4.905813959771,-0.497748237546,
    -2.930383650805));
#1077 = CARTESIAN_POINT('',(4.886643538446,-0.662897147767,
    -2.938430018498));
#1078 = CARTESIAN_POINT('',(4.861124274433,-0.827184790256,
    -2.946476561282));
#1079 = CARTESIAN_POINT('',(4.829302466392,-0.990327624075,
    -2.954523363646));
#1080 = CARTESIAN_POINT('',(4.791239773783,-1.152044324905,
    -2.962570413937));
#1081 = CARTESIAN_POINT('',(4.733353682463,-1.361475979455,
    -2.973102999134));
#1082 = CARTESIAN_POINT('',(4.719106145113,-1.410733601799,
    -2.975588420342));
#1083 = CARTESIAN_POINT('',(4.704272853309,-1.459820567891,
    -2.97807386149));
#1084 = CARTESIAN_POINT('',(4.688856206002,-1.508728726732,
    -2.980559320288));
#1085 = CARTESIAN_POINT('',(4.672858733231,-1.557449982367,
    -2.983044794901));
#1086 = CARTESIAN_POINT('',(4.656283096121,-1.605976293883,
    -2.985530283948));
#1087 = CARTESIAN_POINT('',(4.639132086883,-1.654299675412,
    -2.988015786505));
#1088 = CARTESIAN_POINT('',(4.598678358291,-1.764116328985,
    -2.99368896682));
#1089 = CARTESIAN_POINT('',(4.575006526606,-1.825473629292,
    -2.996876651981));
#1090 = CARTESIAN_POINT('',(4.550399316462,-1.886467314939,
    -3.000064354322));
#1091 = CARTESIAN_POINT('',(4.524863261158,-1.947080754653,
    -3.003252070644));
#1092 = CARTESIAN_POINT('',(4.498405244589,-2.007297468002,
    -3.006439797812));
#1093 = CARTESIAN_POINT('',(4.471032501242,-2.06710112539,-3.00962753276
    ));
#1094 = CARTESIAN_POINT('',(4.4427526162,-2.126475548061,-3.012815272486
    ));
#1095 = CARTESIAN_POINT('',(4.320887645888,-2.372590148539,
    -3.02612871089));
#1096 = CARTESIAN_POINT('',(4.219126878706,-2.555287123632,
    -3.036254645786));
#1097 = CARTESIAN_POINT('',(4.108547517825,-2.732976350958,
    -3.046380418158));
#1098 = CARTESIAN_POINT('',(3.989439453418,-2.905162126767,
    -3.056505940563));
#1099 = CARTESIAN_POINT('',(3.862123975811,-3.07137116886,
    -3.066631301228));
#1100 = CARTESIAN_POINT('',(3.726952903571,-3.231152423847,
    -3.076756619037));
#1101 = CARTESIAN_POINT('',(3.584309035504,-3.384077838769,
    -3.086881890987));
#1102 = CARTESIAN_POINT('',(3.204921869617,-3.753239492231,
    -3.112541505252));
#1103 = CARTESIAN_POINT('',(2.958587907583,-3.959679958023,
    -3.128077708623));
#1104 = CARTESIAN_POINT('',(2.697122016948,-4.147577395445,
    -3.143612943777));
#1105 = CARTESIAN_POINT('',(2.422165925211,-4.315651855049,
    -3.15914716845));
#1106 = CARTESIAN_POINT('',(2.135468456788,-4.462806273205,
    -3.174681508259));
#1107 = CARTESIAN_POINT('',(1.838877052433,-4.588119318016,
    -3.190217013913));
#1108 = CARTESIAN_POINT('',(1.534339462152,-4.69085634492,
    -3.205753463916));
#1109 = CARTESIAN_POINT('',(1.01218032285,-4.824821113472,
    -3.231884223754));
#1110 = CARTESIAN_POINT('',(0.797684050145,-4.868404907884,
    -3.242480551995));
#1111 = CARTESIAN_POINT('',(0.581070149852,-4.901083774498,
    -3.253076791922));
#1112 = CARTESIAN_POINT('',(0.362986540668,-4.922740912818,
    -3.26367289129));
#1113 = CARTESIAN_POINT('',(0.144084994891,-4.933305610812,
    -3.274268977166));
#1114 = CARTESIAN_POINT('',(-7.497939832875E-02,-4.932752207883,
    -3.284865179884));
#1115 = CARTESIAN_POINT('',(-0.293548597725,-4.921101202555,
    -3.295461454972));
#1116 = CARTESIAN_POINT('',(-0.919130478687,-4.855845817725,
    -3.325950095855));
#1117 = CARTESIAN_POINT('',(-1.323371487966,-4.774385423786,
    -3.345848785213));
#1118 = CARTESIAN_POINT('',(-1.719169898252,-4.654472108524,
    -3.365744043354));
#1119 = CARTESIAN_POINT('',(-2.102269053788,-4.497185590311,
    -3.385636294913));
#1120 = CARTESIAN_POINT('',(-2.46864320769,-4.304120863125,
    -3.405528521983));
#1121 = CARTESIAN_POINT('',(-2.81448690884,-4.077343808605,
    -3.425423741621));
#1122 = CARTESIAN_POINT('',(-3.136241715701,-3.819427562336,
    -3.445322449941));
#1123 = CARTESIAN_POINT('',(-3.732654996717,-3.240378968394,
    -3.485617086839));
#1124 = CARTESIAN_POINT('',(-4.006098538769,-2.917602469451,
    -3.506026301206));
#1125 = CARTESIAN_POINT('',(-4.247460726852,-2.568614221953,
    -3.526432221275));
#1126 = CARTESIAN_POINT('',(-4.453867706932,-2.197183647671,
    -3.546835260121));
#1127 = CARTESIAN_POINT('',(-4.623000494788,-1.80736495406,
    -3.567238391737));
#1128 = CARTESIAN_POINT('',(-4.753053166698,-1.403465451627,
    -3.587644555652));
#1129 = CARTESIAN_POINT('',(-4.842783443914,-0.990059449857,
    -3.608054078668));
#1130 = CARTESIAN_POINT('',(-4.899142495312,-0.508103684041,
    -3.631575786411));
#1131 = CARTESIAN_POINT('',(-4.905662552328,-0.444072785181,
    -3.63469533911));
#1132 = CARTESIAN_POINT('',(-4.911226113994,-0.379946899144,
    -3.637814883694));
#1133 = CARTESIAN_POINT('',(-4.915831583402,-0.315742693058,
    -3.640934420208));
#1134 = CARTESIAN_POINT('',(-4.919477712909,-0.251476861783,
    -3.644053948496));
#1135 = CARTESIAN_POINT('',(-4.922163604139,-0.187166127917,
    -3.647173468197));
#1136 = CARTESIAN_POINT('',(-4.923888707978,-0.122827241794,
    -3.650292978749));
#1137 = CARTESIAN_POINT('',(-4.930445481042,0.429352952444,
    -3.677060958534));
#1138 = CARTESIAN_POINT('',(-4.881014447235,0.918142119975,
    -3.700723637659));
#1139 = CARTESIAN_POINT('',(-4.776147939285,1.400125689359,
    -3.724377802098));
#1140 = CARTESIAN_POINT('',(-4.61709102563,1.868009539541,
    -3.748025718835));
#1141 = CARTESIAN_POINT('',(-4.406057616958,2.314864407708,
    -3.771673740332));
#1142 = CARTESIAN_POINT('',(-4.146274922726,2.734171018473,
    -3.795328139186));
#1143 = CARTESIAN_POINT('',(-3.841920077904,3.119821577294,
    -3.818991038586));
#1144 = CARTESIAN_POINT('',(-3.210525075223,3.757074748146,
    -3.862475758856));
#1145 = CARTESIAN_POINT('',(-2.894812611729,4.020505758715,
    -3.882318284858));
#1146 = CARTESIAN_POINT('',(-2.554543531365,4.253454541554,
    -3.902157864223));
#1147 = CARTESIAN_POINT('',(-2.193194388552,4.453300195899,
    -3.921994732756));
#1148 = CARTESIAN_POINT('',(-1.814496220767,4.617918549725,
    -3.94183150032));
#1149 = CARTESIAN_POINT('',(-1.422407315028,4.745646867302,
    -3.961670836931));
#1150 = CARTESIAN_POINT('',(-1.021124590119,4.835326933465,
    -3.981513126495));
#1151 = CARTESIAN_POINT('',(-0.432227212246,4.909458436106,
    -4.010284287398));
#1152 = CARTESIAN_POINT('',(-0.2483536132,4.924657839597,-4.019219479803
    ));
#1153 = CARTESIAN_POINT('',(-6.388666042532E-02,4.931985181169,
    -4.028154608226));
#1154 = CARTESIAN_POINT('',(0.120780045609,4.931414696361,
    -4.037089671137));
#1155 = CARTESIAN_POINT('',(0.305253253741,4.92294421688,-4.046024743891
    ));
#1156 = CARTESIAN_POINT('',(0.48914029386,4.906595163703,-4.054959902011
    ));
#1157 = CARTESIAN_POINT('',(0.672049308655,4.88241254019,-4.063895144486
    ));
#1158 = CARTESIAN_POINT('',(1.181192211228,4.792813082223,
    -4.088954499267));
#1159 = CARTESIAN_POINT('',(1.504389500916,4.709865898169,
    -4.105080982646));
#1160 = CARTESIAN_POINT('',(1.820835066379,4.60202453776,-4.121206681468
    ));
#1161 = CARTESIAN_POINT('',(2.128296217352,4.469951139772,
    -4.137331368466));
#1162 = CARTESIAN_POINT('',(2.424641520371,4.314531689716,
    -4.153456169337));
#1163 = CARTESIAN_POINT('',(2.707839580143,4.136862264379,-4.1695821162)
  );
#1164 = CARTESIAN_POINT('',(2.975968943245,3.938258648193,
    -4.185708759978));
#1165 = CARTESIAN_POINT('',(3.490598116852,3.491833314032,
    -4.218732666095));
#1166 = CARTESIAN_POINT('',(3.735517650919,3.242033083007,
    -4.235634766741));
#1167 = CARTESIAN_POINT('',(3.959911509604,2.97267817717,-4.25253510803)
  );
#1168 = CARTESIAN_POINT('',(4.16197831948,2.685757007468,-4.269433233348
    ));
#1169 = CARTESIAN_POINT('',(4.340161954359,2.383423799471,
    -4.286330863118));
#1170 = CARTESIAN_POINT('',(4.493140630494,2.067984038664,
    -4.303230148736));
#1171 = CARTESIAN_POINT('',(4.619844693126,1.741898408579,
    -4.320131582459));
#1172 = CARTESIAN_POINT('',(4.770516822459,1.236787637837,
    -4.345682424696));
#1173 = CARTESIAN_POINT('',(4.814448635725,1.063655487076,
    -4.354333719198));
#1174 = CARTESIAN_POINT('',(4.851195793677,0.888753749519,
    -4.362985331193));
#1175 = CARTESIAN_POINT('',(4.880676027389,0.712430767006,
    -4.371637253041));
#1176 = CARTESIAN_POINT('',(4.902827560104,0.53503804876,-4.380289460882
    ));
#1177 = CARTESIAN_POINT('',(4.917609127838,0.356930076979,
    -4.388941790518));
#1178 = CARTESIAN_POINT('',(4.925,0.178464112423,-4.397593813299));
#1179 = CARTESIAN_POINT('',(4.925,2.94254E-12,-4.406244712));
#1180 = ORIENTED_EDGE('',*,*,#675,.T.);
#1181 = ORIENTED_EDGE('',*,*,#952,.T.);
#1182 = ORIENTED_EDGE('',*,*,#1183,.F.);
#1183 = EDGE_CURVE('',#1070,#953,#1184,.T.);
#1184 = B_SPLINE_CURVE_WITH_KNOTS('',1,(#1185,#1186),.UNSPECIFIED.,.F.,
  .F.,(2,2),(0.,1.05),.PIECEWISE_BEZIER_KNOTS.);
#1185 = CARTESIAN_POINT('',(5.022437802266,-6.59178842E-08,
    -4.462498640132));
#1186 = CARTESIAN_POINT('',(4.113103800966,5.4928508503E-07,
    -3.937511331639));
#1187 = B_SPLINE_SURFACE_WITH_KNOTS('',1,11,(
    (#1188,#1189,#1190,#1191,#1192,#1193,#1194,#1195,#1196,#1197,#1198
      ,#1199)
    ,(#1200,#1201,#1202,#1203,#1204,#1205,#1206,#1207,#1208,#1209,#1210
      ,#1211
    )),.UNSPECIFIED.,.F.,.F.,.F.,(2,2),(12,12),(0.,1.05),(0.,
    6.459753679852),.PIECEWISE_BEZIER_KNOTS.);
#1188 = CARTESIAN_POINT('',(5.02244028835,-8.239834386E-08,
    -2.962498300143));
#1189 = CARTESIAN_POINT('',(5.022437126323,-2.868798564892,
    -3.098862362506));
#1190 = CARTESIAN_POINT('',(3.22025483558,-5.737637408917,
    -3.235232994099));
#1191 = CARTESIAN_POINT('',(-0.387484893378,-7.348311386077,
    -3.371552413326));
#1192 = CARTESIAN_POINT('',(-4.796036353056,-6.43968279998,
    -3.508043898585));
#1193 = CARTESIAN_POINT('',(-8.081101756577,-2.654709692876,
    -3.644178721438));
#1194 = CARTESIAN_POINT('',(-8.082933256261,2.654688031659,
    -3.78081821843));
#1195 = CARTESIAN_POINT('',(-4.79480447758,6.43972115555,-3.91695304251)
  );
#1196 = CARTESIAN_POINT('',(-0.388002569314,7.348291270743,
    -4.053444526384));
#1197 = CARTESIAN_POINT('',(3.220360157795,5.73764122736,-4.189763946333
    ));
#1198 = CARTESIAN_POINT('',(5.022440954882,2.868798416576,-4.32613457778
    ));
#1199 = CARTESIAN_POINT('',(5.022437802266,-6.59178842E-08,
    -4.462498640132));
#1200 = CARTESIAN_POINT('',(4.113104455244,6.8660619774E-07,
    -2.437514164545));
#1201 = CARTESIAN_POINT('',(4.113104027555,-2.349498816106,
    -2.573874251383));
#1202 = CARTESIAN_POINT('',(2.637174408718,-4.6980502346,-2.710179601689
    ));
#1203 = CARTESIAN_POINT('',(-0.317226453596,-6.020370892474,
    -2.846911667484));
#1204 = CARTESIAN_POINT('',(-3.92772157804,-5.268567175118,
    -2.982210028439));
#1205 = CARTESIAN_POINT('',(-6.618298453512,-2.181430148038,
    -3.120480213081));
#1206 = CARTESIAN_POINT('',(-6.618781124448,2.181422395462,
    -3.254545282997));
#1207 = CARTESIAN_POINT('',(-3.927399019531,5.268576052624,
    -3.392815467957));
#1208 = CARTESIAN_POINT('',(-0.317364555471,6.02036549982,
    -3.528113828553));
#1209 = CARTESIAN_POINT('',(2.637200669488,4.698052057083,
    -3.664845894537));
#1210 = CARTESIAN_POINT('',(4.113104307063,2.349500051997,
    -3.801151244802));
#1211 = CARTESIAN_POINT('',(4.113103800966,5.4928508503E-07,
    -3.937511331639));
#1212 = ADVANCED_FACE('',(#1213),#1314,.T.);
#1213 = FACE_BOUND('',#1214,.F.);
#1214 = EDGE_LOOP('',(#1215,#1216,#1217,#1308));
#1215 = ORIENTED_EDGE('',*,*,#1069,.F.);
#1216 = ORIENTED_EDGE('',*,*,#885,.T.);
#1217 = ORIENTED_EDGE('',*,*,#1218,.T.);
#1218 = EDGE_CURVE('',#802,#1219,#1221,.T.);
#1219 = VERTEX_POINT('',#1220);
#1220 = CARTESIAN_POINT('',(4.925,-7.89E-13,-4.59374603386));
#1221 = B_SPLINE_CURVE_WITH_KNOTS('',8,(#1222,#1223,#1224,#1225,#1226,
    #1227,#1228,#1229,#1230,#1231,#1232,#1233,#1234,#1235,#1236,#1237,
    #1238,#1239,#1240,#1241,#1242,#1243,#1244,#1245,#1246,#1247,#1248,
    #1249,#1250,#1251,#1252,#1253,#1254,#1255,#1256,#1257,#1258,#1259,
    #1260,#1261,#1262,#1263,#1264,#1265,#1266,#1267,#1268,#1269,#1270,
    #1271,#1272,#1273,#1274,#1275,#1276,#1277,#1278,#1279,#1280,#1281,
    #1282,#1283,#1284,#1285,#1286,#1287,#1288,#1289,#1290,#1291,#1292,
    #1293,#1294,#1295,#1296,#1297,#1298,#1299,#1300,#1301,#1302,#1303,
    #1304,#1305,#1306,#1307),.UNSPECIFIED.,.F.,.F.,(9,7,7,7,7,7,7,7,7,7,
    7,7,9),(0.,4.700436433377E-02,0.137303236654,0.224715584094,
    0.273443863719,0.376424919006,0.504397892654,0.629017784648,
    0.733729086665,0.790355090305,0.873900755365,0.957090062276,1.),
  .UNSPECIFIED.);
#1222 = CARTESIAN_POINT('',(4.925,-2.9674E-12,-3.093744711787));
#1223 = CARTESIAN_POINT('',(4.925,-0.181798782033,-3.102557255818));
#1224 = CARTESIAN_POINT('',(4.917330334198,-0.363599608661,
    -3.111370972056));
#1225 = CARTESIAN_POINT('',(4.901991196629,-0.545021960518,
    -3.120184991314));
#1226 = CARTESIAN_POINT('',(4.879004914737,-0.725688157628,
    -3.128998864677));
#1227 = CARTESIAN_POINT('',(4.848415921942,-0.905223575337,
    -3.137812428052));
#1228 = CARTESIAN_POINT('',(4.810290730192,-1.083256860242,
    -3.146625666713));
#1229 = CARTESIAN_POINT('',(4.764717902531,-1.259420146118,
    -3.155438579852));
#1230 = CARTESIAN_POINT('',(4.610164225463,-1.767480024702,
    -3.181180444923));
#1231 = CARTESIAN_POINT('',(4.481424112812,-2.093428557323,
    -3.198111329844));
#1232 = CARTESIAN_POINT('',(4.326377130189,-2.408546719587,
    -3.215040100787));
#1233 = CARTESIAN_POINT('',(4.146112537603,-2.71036697634,
    -3.231967244545));
#1234 = CARTESIAN_POINT('',(3.941972537911,-2.996579539553,
    -3.248894909104));
#1235 = CARTESIAN_POINT('',(3.715534327972,-3.265028307282,
    -3.265824812352));
#1236 = CARTESIAN_POINT('',(3.468621075646,-3.513725607442,
    -3.282756484183));
#1237 = CARTESIAN_POINT('',(2.94654257764,-3.960784406009,-3.31607403014
    ));
#1238 = CARTESIAN_POINT('',(2.672454110468,-4.160568210496,
    -3.33246496633));
#1239 = CARTESIAN_POINT('',(2.382968293359,-4.338600395988,
    -3.348855118063));
#1240 = CARTESIAN_POINT('',(2.080114606787,-4.493516293565,
    -3.365244004835));
#1241 = CARTESIAN_POINT('',(1.766037371624,-4.624186769105,
    -3.381632756312));
#1242 = CARTESIAN_POINT('',(1.44298496785,-4.729707513632,
    -3.398022605505));
#1243 = CARTESIAN_POINT('',(1.113311039795,-4.809414184137,
    -3.414413316926));
#1244 = CARTESIAN_POINT('',(0.593396842465,-4.892752267564,
    -3.439937220093));
#1245 = CARTESIAN_POINT('',(0.405998882436,-4.914442855294,
    -3.44907297406));
#1246 = CARTESIAN_POINT('',(0.217712751919,-4.927928227675,
    -3.45820864015));
#1247 = CARTESIAN_POINT('',(2.895807443278E-02,-4.933167237525,
    -3.467344217227));
#1248 = CARTESIAN_POINT('',(-0.159845110102,-4.930144523153,
    -3.476479789037));
#1249 = CARTESIAN_POINT('',(-0.34827660837,-4.918870510646,
    -3.485615438747));
#1250 = CARTESIAN_POINT('',(-0.535916336669,-4.89938141615,
    -3.494751163479));
#1251 = CARTESIAN_POINT('',(-1.116337102939,-4.813321022612,
    -3.523193777469));
#1252 = CARTESIAN_POINT('',(-1.505040073769,-4.718470732569,
    -3.54250613685));
#1253 = CARTESIAN_POINT('',(-1.88435458188,-4.587762722128,
    -3.561816346647));
#1254 = CARTESIAN_POINT('',(-2.250435734124,-4.422330627821,
    -3.581123807357));
#1255 = CARTESIAN_POINT('',(-2.599653916336,-4.223761169198,
    -3.600431345155));
#1256 = CARTESIAN_POINT('',(-2.928589977044,-3.994054620813,
    -3.619741739835));
#1257 = CARTESIAN_POINT('',(-3.234064337294,-3.735651965639,
    -3.639054275849));
#1258 = CARTESIAN_POINT('',(-3.860077654816,-3.098453154363,
    -3.682353878845));
#1259 = CARTESIAN_POINT('',(-4.166629713055,-2.705304593508,
    -3.706361788741));
#1260 = CARTESIAN_POINT('',(-4.427069984545,-2.277787335436,
    -3.730360568958));
#1261 = CARTESIAN_POINT('',(-4.637082785023,-1.822315073277,
    -3.7543525642));
#1262 = CARTESIAN_POINT('',(-4.793358722897,-1.34572470069,
    -3.778344498009));
#1263 = CARTESIAN_POINT('',(-4.893667355674,-0.855277555048,
    -3.802343094307));
#1264 = CARTESIAN_POINT('',(-4.936801675528,-0.358607470694,
    -3.82635095037));
#1265 = CARTESIAN_POINT('',(-4.909791612044,0.617969795904,
    -3.873707284207));
#1266 = CARTESIAN_POINT('',(-4.84256921606,1.098571629735,
    -3.897085443553));
#1267 = CARTESIAN_POINT('',(-4.721545754925,1.570490227034,
    -3.920456545091));
#1268 = CARTESIAN_POINT('',(-4.548179207326,2.026742551238,
    -3.943822295108));
#1269 = CARTESIAN_POINT('',(-4.324841760586,2.460727010174,
    -3.967188014564));
#1270 = CARTESIAN_POINT('',(-4.054856105817,2.866265561829,
    -3.990559043133));
#1271 = CARTESIAN_POINT('',(-3.742439628637,3.237604969871,
    -4.013937150138));
#1272 = CARTESIAN_POINT('',(-3.099549191558,3.848692936692,
    -4.056932377874));
#1273 = CARTESIAN_POINT('',(-2.779699295518,4.100208361572,
    -4.076569163099));
#1274 = CARTESIAN_POINT('',(-2.43667256068,4.321191715471,
    -4.096203130122));
#1275 = CARTESIAN_POINT('',(-2.07390481193,4.509201199866,-4.11583378074
    ));
#1276 = CARTESIAN_POINT('',(-1.695069316586,4.662275316903,
    -4.135464463929));
#1277 = CARTESIAN_POINT('',(-1.304045889097,4.778901674394,
    -4.155098502044));
#1278 = CARTESIAN_POINT('',(-0.904924495576,4.858060747288,
    -4.174735327953));
#1279 = CARTESIAN_POINT('',(-0.284172428116,4.921670164107,
    -4.204982892648));
#1280 = CARTESIAN_POINT('',(-6.516115865228E-02,4.932923638624,
    -4.215599483353));
#1281 = CARTESIAN_POINT('',(0.154325682538,4.933035898996,
    -4.226216001743));
#1282 = CARTESIAN_POINT('',(0.373626191731,4.921987627116,
    -4.236832401665));
#1283 = CARTESIAN_POINT('',(0.592081547617,4.899806015085,
    -4.247448813921));
#1284 = CARTESIAN_POINT('',(0.80903639022,4.86656364075,-4.258065367116)
  );
#1285 = CARTESIAN_POINT('',(1.023839360312,4.822379510645,
    -4.268682009746));
#1286 = CARTESIAN_POINT('',(1.548633873007,4.686338688656,
    -4.294961593767));
#1287 = CARTESIAN_POINT('',(1.855382134711,4.581791292165,-4.31062662835
    ));
#1288 = CARTESIAN_POINT('',(2.153977434172,4.454317253074,
    -4.326290683064));
#1289 = CARTESIAN_POINT('',(2.442425706227,4.304676650364,
    -4.341953528222));
#1290 = CARTESIAN_POINT('',(2.718837383657,4.133822000178,
    -4.357616259773));
#1291 = CARTESIAN_POINT('',(2.981425565598,3.94288675969,-4.373280051593
    ));
#1292 = CARTESIAN_POINT('',(3.228514941507,3.733192804447,
    -4.388944858942));
#1293 = CARTESIAN_POINT('',(3.687626752557,3.280328847855,
    -4.420204476945));
#1294 = CARTESIAN_POINT('',(3.899849455179,3.037251020286,
    -4.435803005765));
#1295 = CARTESIAN_POINT('',(4.093692105991,2.778546553577,-4.45140106979
    ));
#1296 = CARTESIAN_POINT('',(4.267826340883,2.505850633003,
    -4.466998563835));
#1297 = CARTESIAN_POINT('',(4.421107427025,2.220910854258,
    -4.482596387922));
#1298 = CARTESIAN_POINT('',(4.552567108092,1.92557839136,-4.498195176853
    ));
#1299 = CARTESIAN_POINT('',(4.661424771879,1.621809950251,
    -4.513794238748));
#1300 = CARTESIAN_POINT('',(4.791317880836,1.151712411899,
    -4.537435526051));
#1301 = CARTESIAN_POINT('',(4.829358435153,0.990040637331,
    -4.545480215592));
#1302 = CARTESIAN_POINT('',(4.861161678862,0.826943956181,
    -4.553524658411));
#1303 = CARTESIAN_POINT('',(4.886666018653,0.662703464782,-4.56156884212
    ));
#1304 = CARTESIAN_POINT('',(4.905825209073,0.497602464678,
    -4.569612850824));
#1305 = CARTESIAN_POINT('',(4.918608369312,0.331926343305,
    -4.577656861244));
#1306 = CARTESIAN_POINT('',(4.925,0.165962454663,-4.585701138825));
#1307 = CARTESIAN_POINT('',(4.925,-1.66978E-12,-4.59374603386));
#1308 = ORIENTED_EDGE('',*,*,#1309,.F.);
#1309 = EDGE_CURVE('',#1070,#1219,#1310,.T.);
#1310 = LINE('',#1311,#1312);
#1311 = CARTESIAN_POINT('',(4.925,0.,-1.5));
#1312 = VECTOR('',#1313,1.);
#1313 = DIRECTION('',(0.,0.,-1.));
#1314 = CYLINDRICAL_SURFACE('',#1315,4.925);
#1315 = AXIS2_PLACEMENT_3D('',#1316,#1317,#1318);
#1316 = CARTESIAN_POINT('',(0.,0.,-1.5));
#1317 = DIRECTION('',(-0.,-0.,-1.));
#1318 = DIRECTION('',(1.,0.,0.));
#1319 = ADVANCED_FACE('',(#1320),#1346,.T.);
#1320 = FACE_BOUND('',#1321,.T.);
#1321 = EDGE_LOOP('',(#1322,#1339,#1340,#1341));
#1322 = ORIENTED_EDGE('',*,*,#1323,.F.);
#1323 = EDGE_CURVE('',#901,#1324,#1326,.T.);
#1324 = VERTEX_POINT('',#1325);
#1325 = CARTESIAN_POINT('',(4.113099221296,4.11965048E-07,
    -5.062508498753));
#1326 = ( BOUNDED_CURVE() B_SPLINE_CURVE(11,(#1327,#1328,#1329,#1330,
    #1331,#1332,#1333,#1334,#1335,#1336,#1337,#1338),.UNSPECIFIED.,.F.,
.F.) B_SPLINE_CURVE_WITH_KNOTS((12,12),(0.,6.459753679852),
.PIECEWISE_BEZIER_KNOTS.) CURVE() GEOMETRIC_REPRESENTATION_ITEM() 
RATIONAL_B_SPLINE_CURVE((1.056590953773,1.056590953773,1.056590953773,
    1.056590953773,1.056590953773,1.056590953774,1.056590953772,
    1.056590953774,1.056590953773,1.056590953773,1.056590953773,
1.056590953773)) REPRESENTATION_ITEM('') );
#1327 = CARTESIAN_POINT('',(4.113098567097,5.4928696769E-07,
    -3.562511331676));
#1328 = CARTESIAN_POINT('',(4.113099700462,-2.349495964468,
    -3.698871418491));
#1329 = CARTESIAN_POINT('',(2.637198567457,-4.698045368936,
    -3.835176768376));
#1330 = CARTESIAN_POINT('',(-0.317362537481,-6.020357941995,
    -3.971908836745));
#1331 = CARTESIAN_POINT('',(-3.927392629062,-5.26857035974,
    -4.107207190461));
#1332 = CARTESIAN_POINT('',(-6.618772100163,-2.181421439808,
    -4.245477387722));
#1333 = CARTESIAN_POINT('',(-6.618290630963,2.181425655621,
    -4.379542442815));
#1334 = CARTESIAN_POINT('',(-3.927717978127,5.268559386518,
    -4.517812639749));
#1335 = CARTESIAN_POINT('',(-0.317227660622,6.020363163789,
    -4.653110993834));
#1336 = CARTESIAN_POINT('',(2.637169798161,4.698044955518,
    -4.789843062011));
#1337 = CARTESIAN_POINT('',(4.11309816634,2.34949692572,-4.926148411934)
  );
#1338 = CARTESIAN_POINT('',(4.113099221296,4.1196507794E-07,
    -5.062508498753));
#1339 = ORIENTED_EDGE('',*,*,#919,.T.);
#1340 = ORIENTED_EDGE('',*,*,#1218,.T.);
#1341 = ORIENTED_EDGE('',*,*,#1342,.F.);
#1342 = EDGE_CURVE('',#1324,#1219,#1343,.T.);
#1343 = B_SPLINE_CURVE_WITH_KNOTS('',1,(#1344,#1345),.UNSPECIFIED.,.F.,
  .F.,(2,2),(0.,1.05),.PIECEWISE_BEZIER_KNOTS.);
#1344 = CARTESIAN_POINT('',(4.113099221296,4.1196508448E-07,
    -5.062508498753));
#1345 = CARTESIAN_POINT('',(5.022420399658,-4.943367451E-08,
    -4.53749898019));
#1346 = B_SPLINE_SURFACE_WITH_KNOTS('',1,11,(
    (#1347,#1348,#1349,#1350,#1351,#1352,#1353,#1354,#1355,#1356,#1357
      ,#1358)
    ,(#1359,#1360,#1361,#1362,#1363,#1364,#1365,#1366,#1367,#1368,#1369
      ,#1370
    )),.UNSPECIFIED.,.F.,.F.,.F.,(2,2),(12,12),(0.,1.05),(0.,
    6.459753679852),.PIECEWISE_BEZIER_KNOTS.);
#1347 = CARTESIAN_POINT('',(4.113098567097,5.4928696102E-07,
    -3.562511331676));
#1348 = CARTESIAN_POINT('',(4.113099700462,-2.349495964468,
    -3.698871418491));
#1349 = CARTESIAN_POINT('',(2.637198567456,-4.698045368936,
    -3.835176768375));
#1350 = CARTESIAN_POINT('',(-0.31736253748,-6.020357941995,
    -3.971908836748));
#1351 = CARTESIAN_POINT('',(-3.927392629063,-5.26857035974,
    -4.107207190455));
#1352 = CARTESIAN_POINT('',(-6.618772100163,-2.181421439807,
    -4.24547738773));
#1353 = CARTESIAN_POINT('',(-6.618290630963,2.181425655616,
    -4.379542442806));
#1354 = CARTESIAN_POINT('',(-3.927717978126,5.268559386523,
    -4.517812639756));
#1355 = CARTESIAN_POINT('',(-0.317227660624,6.020363163787,
    -4.65311099383));
#1356 = CARTESIAN_POINT('',(2.637169798162,4.698044955519,
    -4.789843062013));
#1357 = CARTESIAN_POINT('',(4.11309816634,2.34949692572,-4.926148411933)
  );
#1358 = CARTESIAN_POINT('',(4.113099221296,4.1196508448E-07,
    -5.062508498753));
#1359 = CARTESIAN_POINT('',(5.022417913566,-6.591081593E-08,
    -3.037498640271));
#1360 = CARTESIAN_POINT('',(5.022420990907,-2.868787190456,
    -3.173862702536));
#1361 = CARTESIAN_POINT('',(3.220347253469,-5.737618574349,
    -3.310233332554));
#1362 = CARTESIAN_POINT('',(-0.388001222016,-7.348262216347,
    -3.44655276153));
#1363 = CARTESIAN_POINT('',(-4.79478566341,-6.439695415193,
    -3.583044219304));
#1364 = CARTESIAN_POINT('',(-8.082901319674,-2.654677468182,
    -3.719179090096));
#1365 = CARTESIAN_POINT('',(-8.081069675692,2.654699553811,
    -3.855818530771));
#1366 = CARTESIAN_POINT('',(-4.796017204079,6.439657311121,
    -3.991953400337));
#1367 = CARTESIAN_POINT('',(-0.387483159036,7.348282352179,
    -4.128444859494));
#1368 = CARTESIAN_POINT('',(3.220242232265,5.737614586817,
    -4.264764287749));
#1369 = CARTESIAN_POINT('',(5.02241731291,2.868787075111,-4.401134917914
    ));
#1370 = CARTESIAN_POINT('',(5.022420399658,-4.943367451E-08,
    -4.53749898019));
#1371 = ADVANCED_FACE('',(#1372),#1403,.T.);
#1372 = FACE_BOUND('',#1373,.T.);
#1373 = EDGE_LOOP('',(#1374,#1391,#1392,#1393));
#1374 = ORIENTED_EDGE('',*,*,#1375,.F.);
#1375 = EDGE_CURVE('',#953,#1376,#1378,.T.);
#1376 = VERTEX_POINT('',#1377);
#1377 = CARTESIAN_POINT('',(4.113103146697,4.11963977E-07,
    -5.437508498733));
#1378 = B_SPLINE_CURVE_WITH_KNOTS('',11,(#1379,#1380,#1381,#1382,#1383,
    #1384,#1385,#1386,#1387,#1388,#1389,#1390),.UNSPECIFIED.,.F.,.F.,(12
    ,12),(0.,6.459753679852),.PIECEWISE_BEZIER_KNOTS.);
#1379 = CARTESIAN_POINT('',(4.113103800966,5.4928511286E-07,
    -3.937511331639));
#1380 = CARTESIAN_POINT('',(4.113103294868,-2.349498579788,
    -4.073871418478));
#1381 = CARTESIAN_POINT('',(2.637173832377,-4.698049574675,
    -4.21017676873));
#1382 = CARTESIAN_POINT('',(-0.317226604472,-6.020369926337,
    -4.346908834832));
#1383 = CARTESIAN_POINT('',(-3.927721128015,-5.268566201499,
    -4.482207194916));
#1384 = CARTESIAN_POINT('',(-6.618297475639,-2.18142958647,
    -4.620477381109));
#1385 = CARTESIAN_POINT('',(-6.618779996355,2.181422275991,
    -4.754542449156));
#1386 = CARTESIAN_POINT('',(-3.92739822069,5.268575340964,-4.89281263567
    ));
#1387 = CARTESIAN_POINT('',(-0.31736430322,6.020364555044,
    -5.028110995392));
#1388 = CARTESIAN_POINT('',(2.637200406712,4.698051221024,
    -5.164843061685));
#1389 = CARTESIAN_POINT('',(4.113103731203,2.349499541036,
    -5.301148411896));
#1390 = CARTESIAN_POINT('',(4.113103146697,4.1196400371E-07,
    -5.437508498733));
#1391 = ORIENTED_EDGE('',*,*,#971,.T.);
#1392 = ORIENTED_EDGE('',*,*,#1323,.T.);
#1393 = ORIENTED_EDGE('',*,*,#1394,.F.);
#1394 = EDGE_CURVE('',#1376,#1324,#1395,.T.);
#1395 = ( BOUNDED_CURVE() B_SPLINE_CURVE(6,(#1396,#1397,#1398,#1399,
#1400,#1401,#1402),.UNSPECIFIED.,.F.,.F.) B_SPLINE_CURVE_WITH_KNOTS((7,7
),(0.,2.094395102393),.PIECEWISE_BEZIER_KNOTS.) CURVE() 
GEOMETRIC_REPRESENTATION_ITEM() RATIONAL_B_SPLINE_CURVE((1.056590953773,
    1.017435169568,0.996326512422,0.989390034249,0.996326512422,
1.017435169568,1.056590953773)) REPRESENTATION_ITEM('') );
#1396 = CARTESIAN_POINT('',(4.113103146697,4.1196400946E-07,
    -5.437508498733));
#1397 = CARTESIAN_POINT('',(4.045135790102,4.4645114061E-07,
    -5.39826847572));
#1398 = CARTESIAN_POINT('',(3.997238593948,4.7075442811E-07,
    -5.331852762695));
#1399 = CARTESIAN_POINT('',(3.97992595021,4.7953881788E-07,
    -5.250009892786));
#1400 = CARTESIAN_POINT('',(3.997236880525,4.7075488974E-07,
    -5.168166660447));
#1401 = CARTESIAN_POINT('',(4.045132686224,4.4645198449E-07,
    -5.101749944686));
#1402 = CARTESIAN_POINT('',(4.113099221296,4.1196507794E-07,
    -5.062508498753));
#1403 = ( BOUNDED_SURFACE() B_SPLINE_SURFACE(6,11,(
    (#1404,#1405,#1406,#1407,#1408,#1409,#1410,#1411,#1412,#1413,#1414
      ,#1415)
    ,(#1416,#1417,#1418,#1419,#1420,#1421,#1422,#1423,#1424,#1425,#1426
      ,#1427)
    ,(#1428,#1429,#1430,#1431,#1432,#1433,#1434,#1435,#1436,#1437,#1438
      ,#1439)
    ,(#1440,#1441,#1442,#1443,#1444,#1445,#1446,#1447,#1448,#1449,#1450
      ,#1451)
    ,(#1452,#1453,#1454,#1455,#1456,#1457,#1458,#1459,#1460,#1461,#1462
      ,#1463)
    ,(#1464,#1465,#1466,#1467,#1468,#1469,#1470,#1471,#1472,#1473,#1474
      ,#1475)
    ,(#1476,#1477,#1478,#1479,#1480,#1481,#1482,#1483,#1484,#1485,#1486
,#1487
    )),.UNSPECIFIED.,.F.,.F.,.F.) B_SPLINE_SURFACE_WITH_KNOTS((7,7),(12,
    12),(0.,2.094395102393),(0.,6.459753679852),
.PIECEWISE_BEZIER_KNOTS.) GEOMETRIC_REPRESENTATION_ITEM() 
RATIONAL_B_SPLINE_SURFACE((
    (1.056590953773,1.056590953773,1.056590953773,1.056590953773
      ,1.056590953773,1.056590953774,1.056590953772,1.056590953774
      ,1.056590953773,1.056590953773,1.056590953773,1.056590953773)
    ,(1.017435169568,1.017435169568,1.017435169568,1.017435169568
      ,1.017435169568,1.017435169568,1.017435169568,1.017435169568
      ,1.017435169568,1.017435169568,1.017435169568,1.017435169568)
    ,(0.996326512422,0.996326512422,0.996326512422,0.996326512423
      ,0.996326512421,0.996326512423,0.996326512421,0.996326512423
      ,0.996326512422,0.996326512422,0.996326512422,0.996326512422)
    ,(0.989390034249,0.989390034249,0.989390034248,0.989390034249
      ,0.989390034248,0.98939003425,0.989390034247,0.989390034249
      ,0.989390034248,0.989390034249,0.989390034249,0.989390034249)
    ,(0.996326512422,0.996326512422,0.996326512422,0.996326512422
      ,0.996326512421,0.996326512423,0.996326512421,0.996326512423
      ,0.996326512422,0.996326512422,0.996326512422,0.996326512422)
    ,(1.017435169568,1.017435169568,1.017435169568,1.017435169568
      ,1.017435169568,1.017435169569,1.017435169568,1.017435169568
      ,1.017435169568,1.017435169568,1.017435169568,1.017435169568)
    ,(1.056590953773,1.056590953773,1.056590953773,1.056590953773
      ,1.056590953773,1.056590953774,1.056590953772,1.056590953774
      ,1.056590953773,1.056590953773,1.056590953773,1.056590953773
))) REPRESENTATION_ITEM('') SURFACE() );
#1404 = CARTESIAN_POINT('',(4.113103800966,5.4928511239E-07,
    -3.937511331639));
#1405 = CARTESIAN_POINT('',(4.113103294868,-2.349498579788,
    -4.073871418478));
#1406 = CARTESIAN_POINT('',(2.637173832377,-4.698049574675,
    -4.21017676873));
#1407 = CARTESIAN_POINT('',(-0.317226604473,-6.020369926336,
    -4.34690883483));
#1408 = CARTESIAN_POINT('',(-3.927721128016,-5.2685662015,-4.48220719492
    ));
#1409 = CARTESIAN_POINT('',(-6.618297475637,-2.18142958647,
    -4.620477381104));
#1410 = CARTESIAN_POINT('',(-6.618779996358,2.181422275993,
    -4.754542449162));
#1411 = CARTESIAN_POINT('',(-3.927398220689,5.26857534096,
    -4.892812635665));
#1412 = CARTESIAN_POINT('',(-0.317364303219,6.020364555046,
    -5.028110995394));
#1413 = CARTESIAN_POINT('',(2.637200406711,4.698051221024,
    -5.164843061684));
#1414 = CARTESIAN_POINT('',(4.113103731203,2.349499541036,
    -5.301148411896));
#1415 = CARTESIAN_POINT('',(4.113103146697,4.1196400946E-07,
    -5.437508498733));
#1416 = CARTESIAN_POINT('',(4.045136307453,5.9526799723E-07,
    -3.898271545781));
#1417 = CARTESIAN_POINT('',(4.045135999167,-2.310683996035,
    -4.034631335473));
#1418 = CARTESIAN_POINT('',(2.593591994275,-4.620346568536,
    -4.170931806334));
#1419 = CARTESIAN_POINT('',(-0.311975217135,-5.921114200991,
    -4.307694715333));
#1420 = CARTESIAN_POINT('',(-3.86281973133,-5.181032200632,
    -4.442903896413));
#1421 = CARTESIAN_POINT('',(-6.508961557511,-2.146054711698,
    -4.581333688304));
#1422 = CARTESIAN_POINT('',(-6.509343248447,2.14604847782,
    -4.715206333114));
#1423 = CARTESIAN_POINT('',(-3.862564761027,5.181039158711,
    -4.853636125255));
#1424 = CARTESIAN_POINT('',(-0.312084511152,5.921109931921,
    -4.988845306052));
#1425 = CARTESIAN_POINT('',(2.593612685469,4.620348050955,
    -5.125608215201));
#1426 = CARTESIAN_POINT('',(4.045136183359,2.310685037754,
    -5.261908686029));
#1427 = CARTESIAN_POINT('',(4.045135790102,4.4645114061E-07,
    -5.39826847572));
#1428 = CARTESIAN_POINT('',(3.997238879558,6.2767246378E-07,
    -3.831855999882));
#1429 = CARTESIAN_POINT('',(3.99723888014,-2.283330977621,
    -3.968215580171));
#1430 = CARTESIAN_POINT('',(2.562882305266,-4.565588603354,
    -4.104512612473));
#1431 = CARTESIAN_POINT('',(-0.308288600652,-5.851167168939,
    -4.241297256786));
#1432 = CARTESIAN_POINT('',(-3.817049575238,-5.119347169948,
    -4.376443592504));
#1433 = CARTESIAN_POINT('',(-6.431961284781,-2.121125094264,
    -4.514985860139));
#1434 = CARTESIAN_POINT('',(-6.432172274596,2.121120810528,
    -4.648722902394));
#1435 = CARTESIAN_POINT('',(-3.81690948957,5.119350511774,
    -4.787265170165));
#1436 = CARTESIAN_POINT('',(-0.30834970207,5.851164771605,
    -4.922411505729));
#1437 = CARTESIAN_POINT('',(2.562893129812,4.565589757333,
    -5.059196150124));
#1438 = CARTESIAN_POINT('',(3.997238682964,2.283332076047,
    -5.195493182406));
#1439 = CARTESIAN_POINT('',(3.997238593948,4.7075442811E-07,
    -5.331852762695));
#1440 = CARTESIAN_POINT('',(3.97992595025,6.3938507411E-07,
    -3.750013190382));
#1441 = CARTESIAN_POINT('',(3.979926315329,-2.273444056027,
    -3.88637269498));
#1442 = CARTESIAN_POINT('',(2.551786361686,-4.545796149173,
    -4.022668484387));
#1443 = CARTESIAN_POINT('',(-0.306977069553,-5.825883554693,
    -4.159460985096));
#1444 = CARTESIAN_POINT('',(-3.800455672183,-5.097052276262,
    -4.294584604904));
#1445 = CARTESIAN_POINT('',(-6.404203387348,-2.112113237434,
    -4.433167527658));
#1446 = CARTESIAN_POINT('',(-6.404203999364,2.112111436295,
    -4.566855555511));
#1447 = CARTESIAN_POINT('',(-3.800457093301,5.097051208984,
    -4.705438478261));
#1448 = CARTESIAN_POINT('',(-0.306978711936,5.825883467686,
    -4.840562098074));
#1449 = CARTESIAN_POINT('',(2.551785084187,4.545796866757,
    -4.977354598782));
#1450 = CARTESIAN_POINT('',(3.979925676401,2.27344517495,-5.113650388186
    ));
#1451 = CARTESIAN_POINT('',(3.97992595021,4.7953881788E-07,
    -5.250009892786));
#1452 = CARTESIAN_POINT('',(3.997236594994,6.2767327669E-07,
    -3.66816989764));
#1453 = CARTESIAN_POINT('',(3.997237311195,-2.283329836044,
    -3.80452947792));
#1454 = CARTESIAN_POINT('',(2.562893102036,-4.565586767564,
    -3.94082651006));
#1455 = CARTESIAN_POINT('',(-0.308347934904,-5.851161937819,
    -4.077611155364));
#1456 = CARTESIAN_POINT('',(-3.816906186667,-5.119348985002,
    -4.2127574883));
#1457 = CARTESIAN_POINT('',(-6.43216845662,-2.121121538278,
    -4.35129976077));
#1458 = CARTESIAN_POINT('',(-6.431958668422,2.121122285723,
    -4.485036797365));
#1459 = CARTESIAN_POINT('',(-3.817049062502,5.119343547719,
    -4.62357906969));
#1460 = CARTESIAN_POINT('',(-0.308290058085,5.851164164327,
    -4.75872540279));
#1461 = CARTESIAN_POINT('',(2.562879769294,4.565587022463,
    -4.895510048009));
#1462 = CARTESIAN_POINT('',(3.997236253922,2.283330934471,
    -5.031807080165));
#1463 = CARTESIAN_POINT('',(3.997236880525,4.7075488974E-07,
    -5.168166660447));
#1464 = CARTESIAN_POINT('',(4.045132168949,5.9526946972E-07,
    -3.60175301476));
#1465 = CARTESIAN_POINT('',(4.045133157012,-2.31068192806,
    -3.738112804434));
#1466 = CARTESIAN_POINT('',(2.593611552699,-4.620343242991,
    -3.874413275004));
#1467 = CARTESIAN_POINT('',(-0.312082701551,-5.92110472478,
    -4.011176185797));
#1468 = CARTESIAN_POINT('',(-3.862559981926,-5.181035488619,
    -4.146385361838));
#1469 = CARTESIAN_POINT('',(-6.509336850754,-2.146048270002,
    -4.284815162487));
#1470 = CARTESIAN_POINT('',(-6.508956299361,2.146051150146,
    -4.418687797045));
#1471 = CARTESIAN_POINT('',(-3.862817598375,5.181026543276,
    -4.557117597435));
#1472 = CARTESIAN_POINT('',(-0.311976465653,5.921108831833,
    -4.692326773769));
#1473 = CARTESIAN_POINT('',(2.593588482796,4.620343096719,-4.82908968441
    ));
#1474 = CARTESIAN_POINT('',(4.045131783133,2.310682969781,
    -4.965390155009));
#1475 = CARTESIAN_POINT('',(4.045132686224,4.4645198449E-07,
    -5.101749944686));
#1476 = CARTESIAN_POINT('',(4.113098567097,5.4928696769E-07,
    -3.562511331676));
#1477 = CARTESIAN_POINT('',(4.113099700462,-2.349495964468,
    -3.698871418491));
#1478 = CARTESIAN_POINT('',(2.637198567457,-4.698045368936,
    -3.835176768376));
#1479 = CARTESIAN_POINT('',(-0.317362537481,-6.020357941995,
    -3.971908836745));
#1480 = CARTESIAN_POINT('',(-3.927392629062,-5.26857035974,
    -4.107207190461));
#1481 = CARTESIAN_POINT('',(-6.618772100163,-2.181421439808,
    -4.245477387722));
#1482 = CARTESIAN_POINT('',(-6.618290630963,2.181425655621,
    -4.379542442815));
#1483 = CARTESIAN_POINT('',(-3.927717978127,5.268559386518,
    -4.517812639749));
#1484 = CARTESIAN_POINT('',(-0.317227660622,6.020363163789,
    -4.653110993834));
#1485 = CARTESIAN_POINT('',(2.637169798161,4.698044955518,
    -4.789843062011));
#1486 = CARTESIAN_POINT('',(4.11309816634,2.34949692572,-4.926148411934)
  );
#1487 = CARTESIAN_POINT('',(4.113099221296,4.1196507794E-07,
    -5.062508498753));
#1488 = ADVANCED_FACE('',(#1489),#1610,.T.);
#1489 = FACE_BOUND('',#1490,.T.);
#1490 = EDGE_LOOP('',(#1491,#1603,#1604,#1605));
#1491 = ORIENTED_EDGE('',*,*,#1492,.F.);
#1492 = EDGE_CURVE('',#1070,#1493,#1495,.T.);
#1493 = VERTEX_POINT('',#1494);
#1494 = CARTESIAN_POINT('',(4.925,8.18E-13,-5.90624603398));
#1495 = B_SPLINE_CURVE_WITH_KNOTS('',8,(#1496,#1497,#1498,#1499,#1500,
    #1501,#1502,#1503,#1504,#1505,#1506,#1507,#1508,#1509,#1510,#1511,
    #1512,#1513,#1514,#1515,#1516,#1517,#1518,#1519,#1520,#1521,#1522,
    #1523,#1524,#1525,#1526,#1527,#1528,#1529,#1530,#1531,#1532,#1533,
    #1534,#1535,#1536,#1537,#1538,#1539,#1540,#1541,#1542,#1543,#1544,
    #1545,#1546,#1547,#1548,#1549,#1550,#1551,#1552,#1553,#1554,#1555,
    #1556,#1557,#1558,#1559,#1560,#1561,#1562,#1563,#1564,#1565,#1566,
    #1567,#1568,#1569,#1570,#1571,#1572,#1573,#1574,#1575,#1576,#1577,
    #1578,#1579,#1580,#1581,#1582,#1583,#1584,#1585,#1586,#1587,#1588,
    #1589,#1590,#1591,#1592,#1593,#1594,#1595,#1596,#1597,#1598,#1599,
    #1600,#1601,#1602),.UNSPECIFIED.,.F.,.F.,(9,7,7,7,7,7,7,7,7,7,7,7,7,
    7,7,9),(0.,4.292170091712E-02,5.617863643363E-02,7.318004465294E-02,
    0.127184141832,0.210042761799,0.266570061464,0.373206628462,
    0.481201574602,0.500157113212,0.62414021819,0.729572307011,
    0.776411007509,0.863626022598,0.953391701719,1.),.UNSPECIFIED.);
#1496 = CARTESIAN_POINT('',(4.925,2.94076E-12,-4.406244712));
#1497 = CARTESIAN_POINT('',(4.925,-0.166011179554,-4.414291968928));
#1498 = CARTESIAN_POINT('',(4.918604616077,-0.332023795273,
    -4.422338608134));
#1499 = CARTESIAN_POINT('',(4.905813948215,-0.497748387273,
    -4.430384980032));
#1500 = CARTESIAN_POINT('',(4.886643515353,-0.66289734671,
    -4.438431350142));
#1501 = CARTESIAN_POINT('',(4.861124236007,-0.827185037636,
    -4.446477895345));
#1502 = CARTESIAN_POINT('',(4.829302408892,-0.990327918862,
    -4.454524700129));
#1503 = CARTESIAN_POINT('',(4.791239693544,-1.152044665816,
    -4.462571752843));
#1504 = CARTESIAN_POINT('',(4.733353119264,-1.361478001477,
    -4.473104422822));
#1505 = CARTESIAN_POINT('',(4.71910508631,-1.410737249523,
    -4.475589926391));
#1506 = CARTESIAN_POINT('',(4.704271260169,-1.459825829686,-4.4780754499
    ));
#1507 = CARTESIAN_POINT('',(4.688854040038,-1.508735590161,
    -4.480560991061));
#1508 = CARTESIAN_POINT('',(4.672855956215,-1.55745843419,
    -4.483046548037));
#1509 = CARTESIAN_POINT('',(4.656279670104,-1.605986320068,
    -4.485532119449));
#1510 = CARTESIAN_POINT('',(4.639127974212,-1.654311261139,
    -4.488017704372));
#1511 = CARTESIAN_POINT('',(4.59867334632,-1.764129394081,
    -4.493690967058));
#1512 = CARTESIAN_POINT('',(4.575001340313,-1.825486627139,
    -4.496878652224));
#1513 = CARTESIAN_POINT('',(4.550393956881,-1.886480242879,
    -4.50006635457));
#1514 = CARTESIAN_POINT('',(4.524857729369,-1.947093610048,
    -4.503254070895));
#1515 = CARTESIAN_POINT('',(4.498399541719,-2.007310248232,
    -4.506441798068));
#1516 = CARTESIAN_POINT('',(4.471026628464,-2.067113827857,
    -4.509629533019));
#1517 = CARTESIAN_POINT('',(4.442746574734,-2.126488170188,
    -4.512817272747));
#1518 = CARTESIAN_POINT('',(4.320880905195,-2.372602424438,
    -4.526130711162));
#1519 = CARTESIAN_POINT('',(4.219119618962,-2.555299110418,
    -4.53625664606));
#1520 = CARTESIAN_POINT('',(4.108539753258,-2.732988023576,
    -4.546382418431));
#1521 = CARTESIAN_POINT('',(3.989431199665,-2.905173460987,
    -4.556507940832));
#1522 = CARTESIAN_POINT('',(3.862115249852,-3.071382141365,
    -4.566633301491));
#1523 = CARTESIAN_POINT('',(3.726943723668,-3.231163012319,
    -4.576758619293));
#1524 = CARTESIAN_POINT('',(3.584299421134,-3.384088021978,
    -4.586883891235));
#1525 = CARTESIAN_POINT('',(3.204910481349,-3.753249303123,
    -4.612543554523));
#1526 = CARTESIAN_POINT('',(2.958575102352,-3.959689667172,
    -4.628079806952));
#1527 = CARTESIAN_POINT('',(2.697107756634,-4.147586838017,
    -4.643615091154));
#1528 = CARTESIAN_POINT('',(2.422150191421,-4.315660859327,
    -4.659149364864));
#1529 = CARTESIAN_POINT('',(2.13545125155,-4.462814663261,
    -4.674683753715));
#1530 = CARTESIAN_POINT('',(1.838858398757,-4.588126916219,
    -4.690219308432));
#1531 = CARTESIAN_POINT('',(1.534319404586,-4.690862974652,
    -4.70575580751));
#1532 = CARTESIAN_POINT('',(1.012117848743,-4.824836129444,
    -4.731888659969));
#1533 = CARTESIAN_POINT('',(0.797579476444,-4.868425296681,
    -4.742487032069));
#1534 = CARTESIAN_POINT('',(0.580922832522,-4.901105287329,
    -4.753085315748));
#1535 = CARTESIAN_POINT('',(0.362796213705,-4.922759245581,
    -4.763683458716));
#1536 = CARTESIAN_POINT('',(0.143851771604,-4.933316439699,
    -4.774281588169));
#1537 = CARTESIAN_POINT('',(-7.525502456207E-02,-4.932751223747,
    -4.784879834574));
#1538 = CARTESIAN_POINT('',(-0.293865753176,-4.921084146505,
    -4.795478153431));
#1539 = CARTESIAN_POINT('',(-0.921536822858,-4.855564536153,
    -4.826068846651));
#1540 = CARTESIAN_POINT('',(-1.327786236737,-4.773468279879,
    -4.846067700388));
#1541 = CARTESIAN_POINT('',(-1.725482037738,-4.652533706856,
    -4.86606303601));
#1542 = CARTESIAN_POINT('',(-2.110303555877,-4.493860951108,
    -4.886055298244));
#1543 = CARTESIAN_POINT('',(-2.478166563266,-4.299075314456,
    -4.906047538181));
#1544 = CARTESIAN_POINT('',(-2.825212188273,-4.07028163144,
    -4.926042841017));
#1545 = CARTESIAN_POINT('',(-3.147834439947,-3.810101706829,
    -4.946041721918));
#1546 = CARTESIAN_POINT('',(-3.741457965078,-3.229797281192,
    -4.986281997953));
#1547 = CARTESIAN_POINT('',(-4.011945797913,-2.908759292243,
    -5.006536564302));
#1548 = CARTESIAN_POINT('',(-4.250774895541,-2.561988516396,
    -5.026787970191));
#1549 = CARTESIAN_POINT('',(-4.455144509219,-2.193174768741,
    -5.047036594493));
#1550 = CARTESIAN_POINT('',(-4.622792589642,-1.806283770955,
    -5.067285308433));
#1551 = CARTESIAN_POINT('',(-4.751955830991,-1.405526769426,
    -5.087536950253));
#1552 = CARTESIAN_POINT('',(-4.841418122475,-0.995373671863,
    -5.107791816005));
#1553 = CARTESIAN_POINT('',(-4.899301765181,-0.507781849711,
    -5.131593506508));
#1554 = CARTESIAN_POINT('',(-4.906706002229,-0.43483030118,
    -5.135147431621));
#1555 = CARTESIAN_POINT('',(-4.912868691189,-0.361756303471,
    -5.138701346439));
#1556 = CARTESIAN_POINT('',(-4.917787498762,-0.288584507461,
    -5.142255250906));
#1557 = CARTESIAN_POINT('',(-4.921460680662,-0.215339608025,
    -5.1458091446));
#1558 = CARTESIAN_POINT('',(-4.923887081623,-0.142046344033,
    -5.149363026726));
#1559 = CARTESIAN_POINT('',(-4.925066135393,-6.872949835467E-02,
    -5.152916896117));
#1560 = CARTESIAN_POINT('',(-4.924551324651,0.484123823551,
    -5.179715566461));
#1561 = CARTESIAN_POINT('',(-4.870742546468,0.963890419083,
    -5.202973396453));
#1562 = CARTESIAN_POINT('',(-4.76347045858,1.436525909059,-5.22622344637
    ));
#1563 = CARTESIAN_POINT('',(-4.603978576104,1.895116828571,
    -5.249467708101));
#1564 = CARTESIAN_POINT('',(-4.394418079802,2.333098179969,
    -5.272712084031));
#1565 = CARTESIAN_POINT('',(-4.137882742676,2.744292985156,
    -5.295962396577));
#1566 = CARTESIAN_POINT('',(-3.838356264705,3.122915748357,
    -5.319220489248));
#1567 = CARTESIAN_POINT('',(-3.214290339507,3.753698541101,
    -5.36223236689));
#1568 = CARTESIAN_POINT('',(-2.899970046617,4.016535196241,
    -5.382005556521));
#1569 = CARTESIAN_POINT('',(-2.561231391196,4.249131428568,
    -5.401775855192));
#1570 = CARTESIAN_POINT('',(-2.201510987084,4.448889386409,
    -5.421543488388));
#1571 = CARTESIAN_POINT('',(-1.82449735319,4.613700645106,
    -5.441311024332));
#1572 = CARTESIAN_POINT('',(-1.434104141053,4.741911712136,
    -5.461081088856));
#1573 = CARTESIAN_POINT('',(-1.03448132189,4.832366249384,
    -5.480854050019));
#1574 = CARTESIAN_POINT('',(-0.450372256901,4.907709163185,
    -5.509402394847));
#1575 = CARTESIAN_POINT('',(-0.269723101724,4.923331628863,
    -5.518183987016));
#1576 = CARTESIAN_POINT('',(-8.847104781444E-02,4.931352973022,
    -5.526965519276));
#1577 = CARTESIAN_POINT('',(9.301038548689E-02,4.931747212427,
    -5.535746990203));
#1578 = CARTESIAN_POINT('',(0.274347888352,4.924510380229,
    -5.544528469154));
#1579 = CARTESIAN_POINT('',(0.45516857034,4.909660520445,-5.553310025836
    ));
#1580 = CARTESIAN_POINT('',(0.635100170269,4.887237682435,
    -5.562091659864));
#1581 = CARTESIAN_POINT('',(1.146462014394,4.801566375354,
    -5.587224768523));
#1582 = CARTESIAN_POINT('',(1.474837748815,4.719778440902,
    -5.603578764243));
#1583 = CARTESIAN_POINT('',(1.796446040033,4.612338242247,
    -5.619931911862));
#1584 = CARTESIAN_POINT('',(2.108953571097,4.479921468304,
    -5.636283971712));
#1585 = CARTESIAN_POINT('',(2.410132925019,4.323440960447,
    -5.652636156216));
#1586 = CARTESIAN_POINT('',(2.697861320373,4.144031762316,-5.66898957843
    ));
#1587 = CARTESIAN_POINT('',(2.970131294921,3.943061625662,
    -5.685343763007));
#1588 = CARTESIAN_POINT('',(3.487471337659,3.494812100439,
    -5.718524885934));
#1589 = CARTESIAN_POINT('',(3.731594466498,3.246279682739,
    -5.735356778169));
#1590 = CARTESIAN_POINT('',(3.955382016011,2.978335529964,
    -5.752186940425));
#1591 = CARTESIAN_POINT('',(4.157052827762,2.692941264884,
    -5.769014924377));
#1592 = CARTESIAN_POINT('',(4.335066718069,2.392221994294,
    -5.785842412851));
#1593 = CARTESIAN_POINT('',(4.488113864985,2.078452083112,
    -5.802671510546));
#1594 = CARTESIAN_POINT('',(4.615132156821,1.754059030505,
    -5.819502701866));
#1595 = CARTESIAN_POINT('',(4.767389091202,1.249049066531,-5.84507086156
    ));
#1596 = CARTESIAN_POINT('',(4.812206081472,1.074273824016,
    -5.853809691247));
#1597 = CARTESIAN_POINT('',(4.849696518276,0.897675040616,
    -5.862548844021));
#1598 = CARTESIAN_POINT('',(4.879774759234,0.719611568374,
    -5.871288314787));
#1599 = CARTESIAN_POINT('',(4.902376494861,0.540445586813,
    -5.880028083984));
#1600 = CARTESIAN_POINT('',(4.917458769127,0.36054239848,-5.888767987321
    ));
#1601 = CARTESIAN_POINT('',(4.925,0.180270224477,-5.897507585506));
#1602 = CARTESIAN_POINT('',(4.925,1.67599E-12,-5.90624603398));
#1603 = ORIENTED_EDGE('',*,*,#1183,.T.);
#1604 = ORIENTED_EDGE('',*,*,#1375,.T.);
#1605 = ORIENTED_EDGE('',*,*,#1606,.F.);
#1606 = EDGE_CURVE('',#1493,#1376,#1607,.T.);
#1607 = B_SPLINE_CURVE_WITH_KNOTS('',1,(#1608,#1609),.UNSPECIFIED.,.F.,
  .F.,(2,2),(0.,1.05),.PIECEWISE_BEZIER_KNOTS.);
#1608 = CARTESIAN_POINT('',(5.022435316183,-4.943775129E-08,
    -5.962498980112));
#1609 = CARTESIAN_POINT('',(4.113103146697,4.1196400371E-07,
    -5.437508498733));
#1610 = B_SPLINE_SURFACE_WITH_KNOTS('',1,11,(
    (#1611,#1612,#1613,#1614,#1615,#1616,#1617,#1618,#1619,#1620,#1621
      ,#1622)
    ,(#1623,#1624,#1625,#1626,#1627,#1628,#1629,#1630,#1631,#1632,#1633
      ,#1634
    )),.UNSPECIFIED.,.F.,.F.,.F.,(2,2),(12,12),(0.,1.05),(0.,
    6.459753679852),.PIECEWISE_BEZIER_KNOTS.);
#1611 = CARTESIAN_POINT('',(5.022437802266,-6.591785568E-08,
    -4.462498640132));
#1612 = CARTESIAN_POINT('',(5.022434649652,-2.86879712867,
    -4.598862702484));
#1613 = CARTESIAN_POINT('',(3.220253260168,-5.737634556159,
    -4.735233333899));
#1614 = CARTESIAN_POINT('',(-0.387484676584,-7.348307756841,
    -4.871552754255));
#1615 = CARTESIAN_POINT('',(-4.796033959433,-6.439679613882,
    -5.008044236248));
#1616 = CARTESIAN_POINT('',(-8.081097746475,-2.654708425496,
    -5.144179064946));
#1617 = CARTESIAN_POINT('',(-8.082929264191,2.654686711229,
    -5.280818554891));
#1618 = CARTESIAN_POINT('',(-4.794802125815,6.439717938001,
    -5.416953384816));
#1619 = CARTESIAN_POINT('',(-0.388002400906,7.348287638954,
    -5.553444865424));
#1620 = CARTESIAN_POINT('',(3.220358544757,5.737638395737,
    -5.689764286503));
#1621 = CARTESIAN_POINT('',(5.022438459386,2.868797013315,
    -5.826134917771));
#1622 = CARTESIAN_POINT('',(5.022435316183,-4.943775129E-08,
    -5.962498980112));
#1623 = CARTESIAN_POINT('',(4.113103800966,5.4928511286E-07,
    -3.937511331639));
#1624 = CARTESIAN_POINT('',(4.113103294868,-2.349498579788,
    -4.073871418478));
#1625 = CARTESIAN_POINT('',(2.637173832377,-4.698049574675,
    -4.21017676873));
#1626 = CARTESIAN_POINT('',(-0.317226604472,-6.020369926337,
    -4.346908834832));
#1627 = CARTESIAN_POINT('',(-3.927721128015,-5.268566201499,
    -4.482207194916));
#1628 = CARTESIAN_POINT('',(-6.618297475639,-2.18142958647,
    -4.620477381109));
#1629 = CARTESIAN_POINT('',(-6.618779996355,2.181422275991,
    -4.754542449156));
#1630 = CARTESIAN_POINT('',(-3.92739822069,5.268575340964,-4.89281263567
    ));
#1631 = CARTESIAN_POINT('',(-0.31736430322,6.020364555044,
    -5.028110995392));
#1632 = CARTESIAN_POINT('',(2.637200406712,4.698051221024,
    -5.164843061685));
#1633 = CARTESIAN_POINT('',(4.113103731203,2.349499541036,
    -5.301148411896));
#1634 = CARTESIAN_POINT('',(4.113103146697,4.1196400371E-07,
    -5.437508498733));
#1635 = ADVANCED_FACE('',(#1636),#1737,.T.);
#1636 = FACE_BOUND('',#1637,.F.);
#1637 = EDGE_LOOP('',(#1638,#1639,#1640,#1731));
#1638 = ORIENTED_EDGE('',*,*,#1492,.F.);
#1639 = ORIENTED_EDGE('',*,*,#1309,.T.);
#1640 = ORIENTED_EDGE('',*,*,#1641,.T.);
#1641 = EDGE_CURVE('',#1219,#1642,#1644,.T.);
#1642 = VERTEX_POINT('',#1643);
#1643 = CARTESIAN_POINT('',(4.925,-2.95E-13,-6.093747355921));
#1644 = B_SPLINE_CURVE_WITH_KNOTS('',8,(#1645,#1646,#1647,#1648,#1649,
    #1650,#1651,#1652,#1653,#1654,#1655,#1656,#1657,#1658,#1659,#1660,
    #1661,#1662,#1663,#1664,#1665,#1666,#1667,#1668,#1669,#1670,#1671,
    #1672,#1673,#1674,#1675,#1676,#1677,#1678,#1679,#1680,#1681,#1682,
    #1683,#1684,#1685,#1686,#1687,#1688,#1689,#1690,#1691,#1692,#1693,
    #1694,#1695,#1696,#1697,#1698,#1699,#1700,#1701,#1702,#1703,#1704,
    #1705,#1706,#1707,#1708,#1709,#1710,#1711,#1712,#1713,#1714,#1715,
    #1716,#1717,#1718,#1719,#1720,#1721,#1722,#1723,#1724,#1725,#1726,
    #1727,#1728,#1729,#1730),.UNSPECIFIED.,.F.,.F.,(9,7,7,7,7,7,7,7,7,7,
    7,7,9),(0.,4.700437142996E-02,0.137303314912,0.224715951507,
    0.27344471428,0.376426149678,0.504746583945,0.629227956536,
    0.734132344785,0.789962689673,0.874945404764,0.957934280408,1.),
  .UNSPECIFIED.);
#1645 = CARTESIAN_POINT('',(4.925,-1.60938E-12,-4.59374603386));
#1646 = CARTESIAN_POINT('',(4.925,-0.181798782032,-4.60255857789));
#1647 = CARTESIAN_POINT('',(4.917330334198,-0.363599608661,
    -4.611372294119));
#1648 = CARTESIAN_POINT('',(4.901991196629,-0.545021960518,
    -4.620186313364));
#1649 = CARTESIAN_POINT('',(4.879004914737,-0.725688157629,
    -4.629000186715));
#1650 = CARTESIAN_POINT('',(4.848415921942,-0.905223575338,
    -4.637813750081));
#1651 = CARTESIAN_POINT('',(4.810290730192,-1.083256860244,
    -4.646626988736));
#1652 = CARTESIAN_POINT('',(4.764717902531,-1.25942014612,
    -4.655439901872));
#1653 = CARTESIAN_POINT('',(4.610164160705,-1.767480237579,
    -4.681181777728));
#1654 = CARTESIAN_POINT('',(4.481423948737,-2.093428972755,
    -4.698112673452));
#1655 = CARTESIAN_POINT('',(4.326376833755,-2.408547322073,
    -4.715041455199));
#1656 = CARTESIAN_POINT('',(4.146112078067,-2.710367745736,
    -4.731968609758));
#1657 = CARTESIAN_POINT('',(3.941971887445,-2.996580451507,
    -4.748896285117));
#1658 = CARTESIAN_POINT('',(3.715533462214,-3.265029333656,
    -4.765826199165));
#1659 = CARTESIAN_POINT('',(3.468619974283,-3.513726716783,
    -4.782757881795));
#1660 = CARTESIAN_POINT('',(2.946540334931,-3.960786165528,
    -4.816075490279));
#1661 = CARTESIAN_POINT('',(2.67245087531,-4.160570438423,
    -4.832466478242));
#1662 = CARTESIAN_POINT('',(2.382963982309,-4.338602944153,
    -4.848856681732));
#1663 = CARTESIAN_POINT('',(2.080109156748,-4.493519002371,
    -4.865245620237));
#1664 = CARTESIAN_POINT('',(1.766030741024,-4.624189470606,
    -4.881634423446));
#1665 = CARTESIAN_POINT('',(1.442977137634,-4.729710034399,
    -4.898024324391));
#1666 = CARTESIAN_POINT('',(1.113302014417,-4.809416348403,
    -4.91441508758));
#1667 = CARTESIAN_POINT('',(0.593384771543,-4.892753802404,
    -4.93993913168));
#1668 = CARTESIAN_POINT('',(0.405984923438,-4.914444129725,
    -4.949074974853));
#1669 = CARTESIAN_POINT('',(0.217696908787,-4.927929078945,
    -4.958210730147));
#1670 = CARTESIAN_POINT('',(2.894036353283E-02,-4.933167502808,
    -4.967346396423));
#1671 = CARTESIAN_POINT('',(-0.159864660053,-4.930144040554,
    -4.976482057434));
#1672 = CARTESIAN_POINT('',(-0.348297956395,-4.91886912021,
    -4.98561779635));
#1673 = CARTESIAN_POINT('',(-0.535939429632,-4.899378960872,
    -4.994753610292));
#1674 = CARTESIAN_POINT('',(-1.116362973399,-4.813315139172,
    -5.023196381843));
#1675 = CARTESIAN_POINT('',(-1.505066820365,-4.718462407638,
    -5.042508809673));
#1676 = CARTESIAN_POINT('',(-1.88438194116,-4.587751751287,
    -5.061819087878));
#1677 = CARTESIAN_POINT('',(-2.250463407996,-4.42231684046,
    -5.081126616941));
#1678 = CARTESIAN_POINT('',(-2.599681577816,-4.22374443355,
    -5.100434223084));
#1679 = CARTESIAN_POINT('',(-2.928617275653,-3.994034848213,
    -5.119744686153));
#1680 = CARTESIAN_POINT('',(-3.234090905234,-3.735629115159,
    -5.139057290589));
#1681 = CARTESIAN_POINT('',(-3.861042261655,-3.097466088,-5.182422100687
    ));
#1682 = CARTESIAN_POINT('',(-4.168315548821,-2.703137117806,
    -5.20649534585));
#1683 = CARTESIAN_POINT('',(-4.429209480582,-2.274267946529,
    -5.230559339128));
#1684 = CARTESIAN_POINT('',(-4.639376856378,-1.817327962058,
    -5.254616465568));
#1685 = CARTESIAN_POINT('',(-4.795487399637,-1.339212692784,
    -5.278673538249));
#1686 = CARTESIAN_POINT('',(-4.895302248294,-0.847245745987,
    -5.30273735084));
#1687 = CARTESIAN_POINT('',(-4.937616157095,-0.349125330359,
    -5.326810571813));
#1688 = CARTESIAN_POINT('',(-4.908440886674,0.628197296732,
    -5.374206056999));
#1689 = CARTESIAN_POINT('',(-4.840300774922,1.108116690626,
    -5.397558160039));
#1690 = CARTESIAN_POINT('',(-4.718498583745,1.579262850739,
    -5.420903244657));
#1691 = CARTESIAN_POINT('',(-4.544500916406,2.034679078651,
    -5.444243000863));
#1692 = CARTESIAN_POINT('',(-4.320684183475,2.467790125144,
    -5.467582721189));
#1693 = CARTESIAN_POINT('',(-4.050370261944,2.872444059896,
    -5.490927722187));
#1694 = CARTESIAN_POINT('',(-3.737771447463,3.242913563804,
    -5.514279754688));
#1695 = CARTESIAN_POINT('',(-3.093921877791,3.853296654947,
    -5.557285168957));
#1696 = CARTESIAN_POINT('',(-2.773100928533,4.104801855857,
    -5.576958185813));
#1697 = CARTESIAN_POINT('',(-2.42906382213,4.325625865897,
    -5.596628361052));
#1698 = CARTESIAN_POINT('',(-2.065269487385,4.513318881159,
    -5.616295192866));
#1699 = CARTESIAN_POINT('',(-1.685415150134,4.665915347484,
    -5.635962060541));
#1700 = CARTESIAN_POINT('',(-1.293405168526,4.781902362262,
    -5.655632314889));
#1701 = CARTESIAN_POINT('',(-0.893354577911,4.860263918328,
    -5.675305381384));
#1702 = CARTESIAN_POINT('',(-0.274762829053,4.9220684677,-5.705439959672
    ));
#1703 = CARTESIAN_POINT('',(-5.881734515573E-02,4.932770031719,
    -5.71590735182));
#1704 = CARTESIAN_POINT('',(0.157572050335,4.932641121171,
    -5.726374677166));
#1705 = CARTESIAN_POINT('',(0.373771015637,4.921664151263,
    -5.736841893076));
#1706 = CARTESIAN_POINT('',(0.589148123067,4.89986549185,-5.747309121367
    ));
#1707 = CARTESIAN_POINT('',(0.80307520964,4.867314437469,-5.757776481331
    ));
#1708 = CARTESIAN_POINT('',(1.014927878399,4.824124168772,
    -5.768243923989));
#1709 = CARTESIAN_POINT('',(1.542458495891,4.688761197586,-5.79464373438
    ));
#1710 = CARTESIAN_POINT('',(1.854641321881,4.582773921627,
    -5.810578337798));
#1711 = CARTESIAN_POINT('',(2.158409035383,4.453052808102,
    -5.826511883214));
#1712 = CARTESIAN_POINT('',(2.451662152493,4.300397208987,
    -5.842444119995));
#1713 = CARTESIAN_POINT('',(2.732413313986,4.125812218158,
    -5.858376239295));
#1714 = CARTESIAN_POINT('',(2.998785225297,3.930495965555,
    -5.874309516789));
#1715 = CARTESIAN_POINT('',(3.249020520953,3.715847885003,
    -5.890243900335));
#1716 = CARTESIAN_POINT('',(3.708532137485,3.256599352016,
    -5.921735377899));
#1717 = CARTESIAN_POINT('',(3.918687474275,3.01276404919,-5.937296320635
    ));
#1718 = CARTESIAN_POINT('',(4.110453278058,2.753494190525,
    -5.952856808967));
#1719 = CARTESIAN_POINT('',(4.282521030143,2.4804213457,-5.968416732912)
  );
#1720 = CARTESIAN_POINT('',(4.433764748852,2.195287332414,
    -5.983976969541));
#1721 = CARTESIAN_POINT('',(4.563233887988,1.899935554804,
    -5.999538131443));
#1722 = CARTESIAN_POINT('',(4.67016436383,1.596312858618,-6.015099528445
    ));
#1723 = CARTESIAN_POINT('',(4.796506547864,1.129433600066,
    -6.038544853993));
#1724 = CARTESIAN_POINT('',(4.833076403034,0.970779545445,
    -6.046431228354));
#1725 = CARTESIAN_POINT('',(4.863646222862,0.810782664531,
    -6.054317366314));
#1726 = CARTESIAN_POINT('',(4.888159112866,0.649707994713,
    -6.062203261303));
#1727 = CARTESIAN_POINT('',(4.906572354455,0.487822576608,
    -6.070088996472));
#1728 = CARTESIAN_POINT('',(4.918857422016,0.325395345146,
    -6.077974741625));
#1729 = CARTESIAN_POINT('',(4.925,0.162697020665,-6.085860750144));
#1730 = CARTESIAN_POINT('',(4.925,-5.3912E-13,-6.093747355921));
#1731 = ORIENTED_EDGE('',*,*,#1732,.F.);
#1732 = EDGE_CURVE('',#1493,#1642,#1733,.T.);
#1733 = LINE('',#1734,#1735);
#1734 = CARTESIAN_POINT('',(4.925,0.,-1.5));
#1735 = VECTOR('',#1736,1.);
#1736 = DIRECTION('',(0.,0.,-1.));
#1737 = CYLINDRICAL_SURFACE('',#1738,4.925);
#1738 = AXIS2_PLACEMENT_3D('',#1739,#1740,#1741);
#1739 = CARTESIAN_POINT('',(0.,0.,-1.5));
#1740 = DIRECTION('',(-0.,-0.,-1.));
#1741 = DIRECTION('',(1.,0.,0.));
#1742 = ADVANCED_FACE('',(#1743),#1769,.T.);
#1743 = FACE_BOUND('',#1744,.T.);
#1744 = EDGE_LOOP('',(#1745,#1762,#1763,#1764));
#1745 = ORIENTED_EDGE('',*,*,#1746,.F.);
#1746 = EDGE_CURVE('',#1324,#1747,#1749,.T.);
#1747 = VERTEX_POINT('',#1748);
#1748 = CARTESIAN_POINT('',(4.113099875505,2.74643211E-07,
    -6.562505665832));
#1749 = ( BOUNDED_CURVE() B_SPLINE_CURVE(11,(#1750,#1751,#1752,#1753,
    #1754,#1755,#1756,#1757,#1758,#1759,#1760,#1761),.UNSPECIFIED.,.F.,
.F.) B_SPLINE_CURVE_WITH_KNOTS((12,12),(0.,6.459753679852),
.PIECEWISE_BEZIER_KNOTS.) CURVE() GEOMETRIC_REPRESENTATION_ITEM() 
RATIONAL_B_SPLINE_CURVE((1.056590953773,1.056590953773,1.056590953773,
    1.056590953773,1.056590953774,1.056590953773,1.056590953774,
    1.056590953773,1.056590953773,1.056590953773,1.056590953773,
1.056590953773)) REPRESENTATION_ITEM('') );
#1750 = CARTESIAN_POINT('',(4.113099221296,4.1196505185E-07,
    -5.062508498753));
#1751 = CARTESIAN_POINT('',(4.113100276253,-2.34949647539,
    -5.198868585569));
#1752 = CARTESIAN_POINT('',(2.637198830185,-4.698046204916,
    -5.335173935507));
#1753 = CARTESIAN_POINT('',(-0.317362789722,-6.020358886671,
    -5.471906003569));
#1754 = CARTESIAN_POINT('',(-3.927393427844,-5.268571071308,
    -5.607204358156));
#1755 = CARTESIAN_POINT('',(-6.618773228139,-2.181421559241,
    -5.745474553868));
#1756 = CARTESIAN_POINT('',(-6.61829160873,2.181426217146,
    -5.879539610824));
#1757 = CARTESIAN_POINT('',(-3.927718428078,5.268560360057,
    -6.017809806213));
#1758 = CARTESIAN_POINT('',(-0.317227509746,6.020364129821,
    -6.153108161164));
#1759 = CARTESIAN_POINT('',(2.637170374461,4.698045615365,
    -6.289840229038));
#1760 = CARTESIAN_POINT('',(4.113098898957,2.349497161998,
    -6.426145579012));
#1761 = CARTESIAN_POINT('',(4.113099875505,2.7464326879E-07,
    -6.562505665832));
#1762 = ORIENTED_EDGE('',*,*,#1342,.T.);
#1763 = ORIENTED_EDGE('',*,*,#1641,.T.);
#1764 = ORIENTED_EDGE('',*,*,#1765,.F.);
#1765 = EDGE_CURVE('',#1747,#1642,#1766,.T.);
#1766 = B_SPLINE_CURVE_WITH_KNOTS('',1,(#1767,#1768),.UNSPECIFIED.,.F.,
  .F.,(2,2),(0.,1.05),.PIECEWISE_BEZIER_KNOTS.);
#1767 = CARTESIAN_POINT('',(4.113099875505,2.7464326862E-07,
    -6.562505665832));
#1768 = CARTESIAN_POINT('',(5.02242288575,-3.295611819E-08,
    -6.037499320118));
#1769 = B_SPLINE_SURFACE_WITH_KNOTS('',1,11,(
    (#1770,#1771,#1772,#1773,#1774,#1775,#1776,#1777,#1778,#1779,#1780
      ,#1781)
    ,(#1782,#1783,#1784,#1785,#1786,#1787,#1788,#1789,#1790,#1791,#1792
      ,#1793
    )),.UNSPECIFIED.,.F.,.F.,.F.,(2,2),(12,12),(0.,1.05),(0.,
    6.459753679852),.PIECEWISE_BEZIER_KNOTS.);
#1770 = CARTESIAN_POINT('',(4.113099221296,4.1196504527E-07,
    -5.062508498753));
#1771 = CARTESIAN_POINT('',(4.113100276253,-2.34949647539,
    -5.198868585569));
#1772 = CARTESIAN_POINT('',(2.637198830185,-4.698046204916,
    -5.335173935507));
#1773 = CARTESIAN_POINT('',(-0.317362789723,-6.020358886669,
    -5.471906003569));
#1774 = CARTESIAN_POINT('',(-3.927393427844,-5.268571071311,
    -5.607204358156));
#1775 = CARTESIAN_POINT('',(-6.618773228138,-2.181421559238,
    -5.745474553868));
#1776 = CARTESIAN_POINT('',(-6.618291608731,2.181426217146,
    -5.879539610824));
#1777 = CARTESIAN_POINT('',(-3.927718428078,5.268560360056,
    -6.017809806213));
#1778 = CARTESIAN_POINT('',(-0.317227509744,6.020364129821,
    -6.153108161164));
#1779 = CARTESIAN_POINT('',(2.637170374461,4.698045615364,
    -6.289840229038));
#1780 = CARTESIAN_POINT('',(4.113098898957,2.349497161998,
    -6.426145579012));
#1781 = CARTESIAN_POINT('',(4.113099875505,2.7464326862E-07,
    -6.562505665832));
#1782 = CARTESIAN_POINT('',(5.022420399658,-4.943370894E-08,
    -4.53749898019));
#1783 = CARTESIAN_POINT('',(5.022423486409,-2.868788593725,
    -4.673863042466));
#1784 = CARTESIAN_POINT('',(3.220348866506,-5.737621405983,
    -4.810233672664));
#1785 = CARTESIAN_POINT('',(-0.388001390422,-7.34826584815,
    -4.946553100507));
#1786 = CARTESIAN_POINT('',(-4.794788015201,-6.439698632748,
    -5.083044561554));
#1787 = CARTESIAN_POINT('',(-8.08290531174,-2.65467878861,-5.21917942649
    ));
#1788 = CARTESIAN_POINT('',(-8.081073685824,2.654700821195,
    -5.355818874224));
#1789 = CARTESIAN_POINT('',(-4.796019597693,6.439660497237,
    -5.491953737935));
#1790 = CARTESIAN_POINT('',(-0.387483375834,7.348285981424,
    -5.628445200364));
#1791 = CARTESIAN_POINT('',(3.220243807687,5.737617439584,
    -5.764764627487));
#1792 = CARTESIAN_POINT('',(5.02241978959,2.868788511335,-5.901135257831
    ));
#1793 = CARTESIAN_POINT('',(5.02242288575,-3.295611819E-08,
    -6.037499320118));
#1794 = ADVANCED_FACE('',(#1795),#1826,.T.);
#1795 = FACE_BOUND('',#1796,.T.);
#1796 = EDGE_LOOP('',(#1797,#1814,#1815,#1816));
#1797 = ORIENTED_EDGE('',*,*,#1798,.F.);
#1798 = EDGE_CURVE('',#1376,#1799,#1801,.T.);
#1799 = VERTEX_POINT('',#1800);
#1800 = CARTESIAN_POINT('',(4.113102492439,2.74642701E-07,
    -6.937505665823));
#1801 = B_SPLINE_CURVE_WITH_KNOTS('',11,(#1802,#1803,#1804,#1805,#1806,
    #1807,#1808,#1809,#1810,#1811,#1812,#1813),.UNSPECIFIED.,.F.,.F.,(12
    ,12),(0.,6.459753679852),.PIECEWISE_BEZIER_KNOTS.);
#1802 = CARTESIAN_POINT('',(4.113103146697,4.119639749E-07,
    -5.437508498733));
#1803 = CARTESIAN_POINT('',(4.113102562192,-2.349498343475,
    -5.573868585566));
#1804 = CARTESIAN_POINT('',(2.637173256041,-4.698048914762,
    -5.710173935778));
#1805 = CARTESIAN_POINT('',(-0.317226755345,-6.020368960213,
    -5.846906002164));
#1806 = CARTESIAN_POINT('',(-3.927720678007,-5.268565227895,
    -5.98220436141));
#1807 = CARTESIAN_POINT('',(-6.618296497774,-2.181429024901,
    -6.120474549113));
#1808 = CARTESIAN_POINT('',(-6.618778868285,2.181422156515,
    -6.254539615336));
#1809 = CARTESIAN_POINT('',(-3.927397421854,5.268574629325,
    -6.392809803361));
#1810 = CARTESIAN_POINT('',(-0.317364050971,6.020363610278,
    -6.528108162243));
#1811 = CARTESIAN_POINT('',(2.637200143942,4.698050384978,
    -6.664840228821));
#1812 = CARTESIAN_POINT('',(4.113103155352,2.349499030082,
    -6.801145578991));
#1813 = CARTESIAN_POINT('',(4.113102492439,2.7464275603E-07,
    -6.937505665823));
#1814 = ORIENTED_EDGE('',*,*,#1394,.T.);
#1815 = ORIENTED_EDGE('',*,*,#1746,.T.);
#1816 = ORIENTED_EDGE('',*,*,#1817,.F.);
#1817 = EDGE_CURVE('',#1799,#1747,#1818,.T.);
#1818 = ( BOUNDED_CURVE() B_SPLINE_CURVE(6,(#1819,#1820,#1821,#1822,
#1823,#1824,#1825),.UNSPECIFIED.,.F.,.F.) B_SPLINE_CURVE_WITH_KNOTS((7,7
),(0.,2.094395102393),.PIECEWISE_BEZIER_KNOTS.) CURVE() 
GEOMETRIC_REPRESENTATION_ITEM() RATIONAL_B_SPLINE_CURVE((1.056590953773,
    1.017435169568,0.996326512422,0.989390034249,0.996326512422,
1.017435169568,1.056590953773)) REPRESENTATION_ITEM('') );
#1819 = CARTESIAN_POINT('',(4.113102492439,2.7464275987E-07,
    -6.937505665823));
#1820 = CARTESIAN_POINT('',(4.045135272762,2.9763415121E-07,
    -6.898265405655));
#1821 = CARTESIAN_POINT('',(3.997238308349,3.1383630661E-07,
    -6.831849525506));
#1822 = CARTESIAN_POINT('',(3.979925950181,3.1969252323E-07,
    -6.750006595189));
#1823 = CARTESIAN_POINT('',(3.997237166067,3.1383652743E-07,
    -6.668163423252));
#1824 = CARTESIAN_POINT('',(4.045133203511,2.9763455089E-07,
    -6.601746874613));
#1825 = CARTESIAN_POINT('',(4.113099875505,2.7464326879E-07,
    -6.562505665832));
#1826 = ( BOUNDED_SURFACE() B_SPLINE_SURFACE(6,11,(
    (#1827,#1828,#1829,#1830,#1831,#1832,#1833,#1834,#1835,#1836,#1837
      ,#1838)
    ,(#1839,#1840,#1841,#1842,#1843,#1844,#1845,#1846,#1847,#1848,#1849
      ,#1850)
    ,(#1851,#1852,#1853,#1854,#1855,#1856,#1857,#1858,#1859,#1860,#1861
      ,#1862)
    ,(#1863,#1864,#1865,#1866,#1867,#1868,#1869,#1870,#1871,#1872,#1873
      ,#1874)
    ,(#1875,#1876,#1877,#1878,#1879,#1880,#1881,#1882,#1883,#1884,#1885
      ,#1886)
    ,(#1887,#1888,#1889,#1890,#1891,#1892,#1893,#1894,#1895,#1896,#1897
      ,#1898)
    ,(#1899,#1900,#1901,#1902,#1903,#1904,#1905,#1906,#1907,#1908,#1909
,#1910
    )),.UNSPECIFIED.,.F.,.F.,.F.) B_SPLINE_SURFACE_WITH_KNOTS((7,7),(12,
    12),(0.,2.094395102393),(0.,6.459753679852),
.PIECEWISE_BEZIER_KNOTS.) GEOMETRIC_REPRESENTATION_ITEM() 
RATIONAL_B_SPLINE_SURFACE((
    (1.056590953773,1.056590953773,1.056590953773,1.056590953773
      ,1.056590953774,1.056590953773,1.056590953774,1.056590953773
      ,1.056590953773,1.056590953773,1.056590953773,1.056590953773)
    ,(1.017435169568,1.017435169568,1.017435169568,1.017435169568
      ,1.017435169569,1.017435169567,1.017435169569,1.017435169567
      ,1.017435169569,1.017435169568,1.017435169568,1.017435169568)
    ,(0.996326512422,0.996326512422,0.996326512422,0.996326512422
      ,0.996326512422,0.996326512422,0.996326512422,0.996326512422
      ,0.996326512422,0.996326512422,0.996326512422,0.996326512422)
    ,(0.989390034249,0.989390034249,0.989390034249,0.989390034248
      ,0.989390034249,0.989390034248,0.989390034249,0.989390034248
      ,0.989390034249,0.989390034249,0.989390034249,0.989390034249)
    ,(0.996326512422,0.996326512422,0.996326512422,0.996326512422
      ,0.996326512422,0.996326512422,0.996326512422,0.996326512422
      ,0.996326512422,0.996326512422,0.996326512422,0.996326512422)
    ,(1.017435169568,1.017435169568,1.017435169568,1.017435169568
      ,1.017435169568,1.017435169568,1.017435169569,1.017435169568
      ,1.017435169568,1.017435169568,1.017435169568,1.017435169568)
    ,(1.056590953773,1.056590953773,1.056590953773,1.056590953773
      ,1.056590953774,1.056590953773,1.056590953774,1.056590953773
      ,1.056590953773,1.056590953773,1.056590953773,1.056590953773
))) REPRESENTATION_ITEM('') SURFACE() );
#1827 = CARTESIAN_POINT('',(4.113103146697,4.1196397638E-07,
    -5.437508498733));
#1828 = CARTESIAN_POINT('',(4.113102562192,-2.349498343474,
    -5.573868585566));
#1829 = CARTESIAN_POINT('',(2.63717325604,-4.698048914762,
    -5.710173935777));
#1830 = CARTESIAN_POINT('',(-0.317226755345,-6.020368960214,
    -5.846906002165));
#1831 = CARTESIAN_POINT('',(-3.927720678007,-5.268565227895,
    -5.982204361407));
#1832 = CARTESIAN_POINT('',(-6.618296497775,-2.181429024899,
    -6.120474549116));
#1833 = CARTESIAN_POINT('',(-6.618778868285,2.181422156511,
    -6.254539615333));
#1834 = CARTESIAN_POINT('',(-3.927397421854,5.268574629329,
    -6.392809803363));
#1835 = CARTESIAN_POINT('',(-0.317364050972,6.020363610275,
    -6.528108162242));
#1836 = CARTESIAN_POINT('',(2.637200143942,4.698050384978,
    -6.664840228821));
#1837 = CARTESIAN_POINT('',(4.113103155352,2.349499030081,
    -6.801145578991));
#1838 = CARTESIAN_POINT('',(4.113102492439,2.7464275987E-07,
    -6.937505665823));
#1839 = CARTESIAN_POINT('',(4.045135790102,4.4645111053E-07,
    -5.39826847572));
#1840 = CARTESIAN_POINT('',(4.045135396845,-2.310683849408,
    -5.534628265407));
#1841 = CARTESIAN_POINT('',(2.593591492613,-4.620346072525,
    -5.670928736236));
#1842 = CARTESIAN_POINT('',(-0.311975395489,-5.921113433922,
    -5.807691645461));
#1843 = CARTESIAN_POINT('',(-3.862819426594,-5.181031392396,
    -5.942900825874));
#1844 = CARTESIAN_POINT('',(-6.508960806293,-2.146054202885,
    -6.081330618968));
#1845 = CARTESIAN_POINT('',(-6.50934233444,2.146048448106,
    -6.215203262323));
#1846 = CARTESIAN_POINT('',(-3.862564078266,5.181038634379,
    -6.353633055671));
#1847 = CARTESIAN_POINT('',(-0.312084252638,5.921109187992,
    -6.488842235797));
#1848 = CARTESIAN_POINT('',(2.593612523625,4.620347364067,
    -6.625605145173));
#1849 = CARTESIAN_POINT('',(4.045135750991,2.310684593494,
    -6.761905615969));
#1850 = CARTESIAN_POINT('',(4.045135272762,2.9763415121E-07,
    -6.898265405655));
#1851 = CARTESIAN_POINT('',(3.997238593948,4.7075439913E-07,
    -5.331852762695));
#1852 = CARTESIAN_POINT('',(3.997238504932,-2.283330971437,
    -5.468212342981));
#1853 = CARTESIAN_POINT('',(2.562881942961,-4.565588377474,
    -5.604509375267));
#1854 = CARTESIAN_POINT('',(-0.308288808852,-5.851166739659,
    -5.7412940197));
#1855 = CARTESIAN_POINT('',(-3.817049501957,-5.119346652442,
    -5.876440355056));
#1856 = CARTESIAN_POINT('',(-6.431960910965,-2.121124693025,
    -6.014982623349));
#1857 = CARTESIAN_POINT('',(-6.432171729111,2.121120914467,
    -6.148719664806));
#1858 = CARTESIAN_POINT('',(-3.816909017696,5.119350293627,
    -6.287261933239));
#1859 = CARTESIAN_POINT('',(-0.308349449616,5.851164366725,
    -6.422408268436));
#1860 = CARTESIAN_POINT('',(2.562893125823,4.565589330185,
    -6.559192912954));
#1861 = CARTESIAN_POINT('',(3.997238486962,2.283331756028,
    -6.695489945221));
#1862 = CARTESIAN_POINT('',(3.997238308349,3.1383630661E-07,
    -6.831849525506));
#1863 = CARTESIAN_POINT('',(3.97992595021,4.7953877746E-07,
    -5.250009892786));
#1864 = CARTESIAN_POINT('',(3.97992622402,-2.273444215853,
    -5.386369397382));
#1865 = CARTESIAN_POINT('',(2.551786179162,-4.545796251646,
    -5.522665186794));
#1866 = CARTESIAN_POINT('',(-0.306977304172,-5.825883542213,
    -5.659457687494));
#1867 = CARTESIAN_POINT('',(-3.800455875171,-5.097052123751,
    -5.794581307315));
#1868 = CARTESIAN_POINT('',(-6.404203474721,-2.112112980107,
    -5.933164230056));
#1869 = CARTESIAN_POINT('',(-6.404203911879,2.112111693575,
    -6.06685225792));
#1870 = CARTESIAN_POINT('',(-3.800456890249,5.097051361415,
    -6.20543518066));
#1871 = CARTESIAN_POINT('',(-0.306978477311,5.825883480061,
    -6.340558800481));
#1872 = CARTESIAN_POINT('',(2.551785266666,4.545796764206,
    -6.477351301182));
#1873 = CARTESIAN_POINT('',(3.979925767641,2.273445015084,
    -6.613647090592));
#1874 = CARTESIAN_POINT('',(3.979925950181,3.1969252323E-07,
    -6.750006595189));
#1875 = CARTESIAN_POINT('',(3.997236880525,4.7075486775E-07,
    -5.168166660447));
#1876 = CARTESIAN_POINT('',(3.997237507129,-2.283330156025,
    -5.304526240724));
#1877 = CARTESIAN_POINT('',(2.562893105979,-4.565587194637,
    -5.440823272892));
#1878 = CARTESIAN_POINT('',(-0.30834818735,-5.851162342595,
    -5.577607918055));
#1879 = CARTESIAN_POINT('',(-3.816906658481,-5.119349203072,
    -5.712754251379));
#1880 = CARTESIAN_POINT('',(-6.43216900199,-2.121121434289,
    -5.851296523166));
#1881 = CARTESIAN_POINT('',(-6.431959042133,2.121122686915,
    -5.98503356058));
#1882 = CARTESIAN_POINT('',(-3.817049135715,5.119344065146,
    -6.123575832225));
#1883 = CARTESIAN_POINT('',(-0.308289849881,5.851164593503,
    -6.258722165708));
#1884 = CARTESIAN_POINT('',(2.562880131556,4.565587248267,-6.39550681079
    ));
#1885 = CARTESIAN_POINT('',(3.997236629062,2.283330940616,
    -6.531803842972));
#1886 = CARTESIAN_POINT('',(3.997237166067,3.1383652743E-07,
    -6.668163423252));
#1887 = CARTESIAN_POINT('',(4.045132686224,4.4645196062E-07,
    -5.101749944686));
#1888 = CARTESIAN_POINT('',(4.045133589316,-2.310682372284,
    -5.23810973436));
#1889 = CARTESIAN_POINT('',(2.5936117145,-4.620343929807,-5.374410204972
    ));
#1890 = CARTESIAN_POINT('',(-0.312082960058,-5.921105468608,
    -5.511173115521));
#1891 = CARTESIAN_POINT('',(-3.86256066463,-5.18103601288,
    -5.646382292253));
#1892 = CARTESIAN_POINT('',(-6.509337764654,-2.146048299667,
    -5.784812091676));
#1893 = CARTESIAN_POINT('',(-6.508957050478,2.146051658916,
    -5.918684727708));
#1894 = CARTESIAN_POINT('',(-3.862817903047,5.181027351434,
    -6.057114526875));
#1895 = CARTESIAN_POINT('',(-0.311976287294,5.921109598806,
    -6.192323703895));
#1896 = CARTESIAN_POINT('',(2.593588984418,4.620343592656,
    -6.329086614295));
#1897 = CARTESIAN_POINT('',(4.045132385391,2.31068311637,-6.465387084936
    ));
#1898 = CARTESIAN_POINT('',(4.045133203511,2.9763455089E-07,
    -6.601746874613));
#1899 = CARTESIAN_POINT('',(4.113099221296,4.1196505185E-07,
    -5.062508498753));
#1900 = CARTESIAN_POINT('',(4.113100276253,-2.34949647539,
    -5.198868585569));
#1901 = CARTESIAN_POINT('',(2.637198830185,-4.698046204916,
    -5.335173935507));
#1902 = CARTESIAN_POINT('',(-0.317362789722,-6.020358886671,
    -5.471906003569));
#1903 = CARTESIAN_POINT('',(-3.927393427844,-5.268571071308,
    -5.607204358156));
#1904 = CARTESIAN_POINT('',(-6.618773228139,-2.181421559241,
    -5.745474553868));
#1905 = CARTESIAN_POINT('',(-6.61829160873,2.181426217146,
    -5.879539610824));
#1906 = CARTESIAN_POINT('',(-3.927718428078,5.268560360057,
    -6.017809806213));
#1907 = CARTESIAN_POINT('',(-0.317227509746,6.020364129821,
    -6.153108161164));
#1908 = CARTESIAN_POINT('',(2.637170374461,4.698045615365,
    -6.289840229038));
#1909 = CARTESIAN_POINT('',(4.113098898957,2.349497161998,
    -6.426145579012));
#1910 = CARTESIAN_POINT('',(4.113099875505,2.7464326879E-07,
    -6.562505665832));
#1911 = ADVANCED_FACE('',(#1912),#2033,.T.);
#1912 = FACE_BOUND('',#1913,.T.);
#1913 = EDGE_LOOP('',(#1914,#2026,#2027,#2028));
#1914 = ORIENTED_EDGE('',*,*,#1915,.F.);
#1915 = EDGE_CURVE('',#1493,#1916,#1918,.T.);
#1916 = VERTEX_POINT('',#1917);
#1917 = CARTESIAN_POINT('',(4.925,3.64E-13,-7.406247355974));
#1918 = B_SPLINE_CURVE_WITH_KNOTS('',8,(#1919,#1920,#1921,#1922,#1923,
    #1924,#1925,#1926,#1927,#1928,#1929,#1930,#1931,#1932,#1933,#1934,
    #1935,#1936,#1937,#1938,#1939,#1940,#1941,#1942,#1943,#1944,#1945,
    #1946,#1947,#1948,#1949,#1950,#1951,#1952,#1953,#1954,#1955,#1956,
    #1957,#1958,#1959,#1960,#1961,#1962,#1963,#1964,#1965,#1966,#1967,
    #1968,#1969,#1970,#1971,#1972,#1973,#1974,#1975,#1976,#1977,#1978,
    #1979,#1980,#1981,#1982,#1983,#1984,#1985,#1986,#1987,#1988,#1989,
    #1990,#1991,#1992,#1993,#1994,#1995,#1996,#1997,#1998,#1999,#2000,
    #2001,#2002,#2003,#2004,#2005,#2006,#2007,#2008,#2009,#2010,#2011,
    #2012,#2013,#2014,#2015,#2016,#2017,#2018,#2019,#2020,#2021,#2022,
    #2023,#2024,#2025),.UNSPECIFIED.,.F.,.F.,(9,7,7,7,7,7,7,7,7,7,7,7,7,
    7,7,9),(0.,4.292179201101E-02,5.617924910792E-02,7.318068789574E-02,
    0.127184882169,0.210043946688,0.266583620084,0.371826186841,
    0.480403437226,0.49861570132,0.624103890886,0.730412660797,
    0.777007881086,0.863686878357,0.953641193315,1.),.UNSPECIFIED.);
#1919 = CARTESIAN_POINT('',(4.925,1.59961E-12,-5.90624603398));
#1920 = CARTESIAN_POINT('',(4.925,-0.166011233414,-5.914293293519));
#1921 = CARTESIAN_POINT('',(4.918604611927,-0.332023902993,
    -5.922339935332));
#1922 = CARTESIAN_POINT('',(4.905813935766,-0.497748548572,
    -5.930386309833));
#1923 = CARTESIAN_POINT('',(4.886643490475,-0.662897561028,
    -5.938432682548));
#1924 = CARTESIAN_POINT('',(4.861124194611,-0.827185304136,
    -5.946479230357));
#1925 = CARTESIAN_POINT('',(4.829302346948,-0.990328236433,
    -5.95452603775));
#1926 = CARTESIAN_POINT('',(4.791239607102,-1.152045033076,
    -5.962573093073));
#1927 = CARTESIAN_POINT('',(4.733352487275,-1.36148027117,
    -5.973105858984));
#1928 = CARTESIAN_POINT('',(4.719103892975,-1.410741361356,
    -5.975591455874));
#1929 = CARTESIAN_POINT('',(4.704269461599,-1.459831770484,
    -5.978077072707));
#1930 = CARTESIAN_POINT('',(4.688851592619,-1.508743345831,
    -5.980562707193));
#1931 = CARTESIAN_POINT('',(4.672852816631,-1.557467989734,
    -5.983048357495));
#1932 = CARTESIAN_POINT('',(4.656275795352,-1.605997659586,
    -5.985534022234));
#1933 = CARTESIAN_POINT('',(4.639123321625,-1.654324367841,
    -5.988019700484));
#1934 = CARTESIAN_POINT('',(4.598667675226,-1.764144177227,
    -5.993693056504));
#1935 = CARTESIAN_POINT('',(4.574995471975,-1.825501334193,
    -5.996880741676));
#1936 = CARTESIAN_POINT('',(4.550387892467,-1.886494870833,
    -6.000068444027));
#1937 = CARTESIAN_POINT('',(4.524851470102,-1.947108155917,
    -6.003256160357));
#1938 = CARTESIAN_POINT('',(4.498393088874,-2.007324709051,
    -6.006443887533));
#1939 = CARTESIAN_POINT('',(4.471019983369,-2.067128200686,
    -6.009631622488));
#1940 = CARTESIAN_POINT('',(4.442739738768,-2.126502452111,
    -6.01281936222));
#1941 = CARTESIAN_POINT('',(4.320873278055,-2.372616314602,
    -6.026132800644));
#1942 = CARTESIAN_POINT('',(4.219111404517,-2.555312673448,
    -6.036258735545));
#1943 = CARTESIAN_POINT('',(4.108530967607,-2.733001231125,
    -6.046384507914));
#1944 = CARTESIAN_POINT('',(3.989421860499,-2.905186285637,
    -6.05651003031));
#1945 = CARTESIAN_POINT('',(3.862105376386,-3.071394556732,
    -6.06663539096));
#1946 = CARTESIAN_POINT('',(3.726933336565,-3.231174993151,
    -6.076760708754));
#1947 = CARTESIAN_POINT('',(3.584288542434,-3.384099544253,
    -6.086885980687));
#1948 = CARTESIAN_POINT('',(3.204897596569,-3.753260403053,
    -6.112545699372));
#1949 = CARTESIAN_POINT('',(2.95856061552,-3.959700651076,
    -6.128082007236));
#1950 = CARTESIAN_POINT('',(2.697091624757,-4.147597519564,
    -6.143617346862));
#1951 = CARTESIAN_POINT('',(2.4221323938,-4.315671044419,-6.159151675985
    ));
#1952 = CARTESIAN_POINT('',(2.135431790564,-4.46282415305,
    -6.174686120256));
#1953 = CARTESIAN_POINT('',(1.838837300502,-4.588135509938,
    -6.190221730413));
#1954 = CARTESIAN_POINT('',(1.534296719503,-4.690870472687,
    -6.205758284946));
#1955 = CARTESIAN_POINT('',(1.012047400073,-4.824853058206,
    -6.231893493671));
#1956 = CARTESIAN_POINT('',(0.797461626903,-4.868448268386,
    -6.242494166933));
#1957 = CARTESIAN_POINT('',(0.580756857217,-4.901129517241,
    -6.253094751655));
#1958 = CARTESIAN_POINT('',(0.362581813547,-4.922779886695,
    -6.263695195495));
#1959 = CARTESIAN_POINT('',(0.143589074744,-4.933328622846,
    -6.274295625792));
#1960 = CARTESIAN_POINT('',(-7.556546188369E-02,-4.932750096315,
    -6.284896173168));
#1961 = CARTESIAN_POINT('',(-0.29422294631,-4.921064912537,
    -6.295496793086));
#1962 = CARTESIAN_POINT('',(-0.916572611856,-4.856049077417,
    -6.325828398014));
#1963 = CARTESIAN_POINT('',(-1.317551241446,-4.775500290519,
    -6.34556535718));
#1964 = CARTESIAN_POINT('',(-1.710251979974,-4.657119366146,
    -6.365299465326));
#1965 = CARTESIAN_POINT('',(-2.090524599208,-4.501953276527,
    -6.385030139957));
#1966 = CARTESIAN_POINT('',(-2.454434972972,-4.311551023726,
    -6.404760787148));
#1967 = CARTESIAN_POINT('',(-2.798261300862,-4.08791856814,
    -6.424494846221));
#1968 = CARTESIAN_POINT('',(-3.118525903585,-3.833551073057,
    -6.444231805604));
#1969 = CARTESIAN_POINT('',(-3.714900189431,-3.260598219417,
    -6.484319776719));
#1970 = CARTESIAN_POINT('',(-3.989488131201,-2.940042565258,
    -6.504683637778));
#1971 = CARTESIAN_POINT('',(-4.232282618177,-2.593216564608,
    -6.52504424826));
#1972 = CARTESIAN_POINT('',(-4.440407929926,-2.223848267071,
    -6.545402015623));
#1973 = CARTESIAN_POINT('',(-4.611536713009,-1.835951357812,
    -6.565759885187));
#1974 = CARTESIAN_POINT('',(-4.743848876858,-1.433793512504,
    -6.58612076756));
#1975 = CARTESIAN_POINT('',(-4.83608140274,-1.021910382535,
    -6.606484979882));
#1976 = CARTESIAN_POINT('',(-4.896336522587,-0.53523411713,
    -6.630256470784));
#1977 = CARTESIAN_POINT('',(-4.903848977033,-0.465185622223,
    -6.633671038478));
#1978 = CARTESIAN_POINT('',(-4.910216036561,-0.395017450921,
    -6.637085596568));
#1979 = CARTESIAN_POINT('',(-4.915435502192,-0.324751448268,
    -6.640500145222));
#1980 = CARTESIAN_POINT('',(-4.91950567621,-0.254409502288,
    -6.64391468421));
#1981 = CARTESIAN_POINT('',(-4.922425362162,-0.184013543983,
    -6.6473292129));
#1982 = CARTESIAN_POINT('',(-4.924193864854,-0.113585547331,
    -6.650743730259));
#1983 = CARTESIAN_POINT('',(-4.929063177857,0.442192421591,
    -6.677685238274));
#1984 = CARTESIAN_POINT('',(-4.878654765334,0.928307073799,
    -6.70122607612));
#1985 = CARTESIAN_POINT('',(-4.773402836846,1.407555023045,
    -6.724758624917));
#1986 = CARTESIAN_POINT('',(-4.614547106665,1.872757205763,
    -6.74828506525));
#1987 = CARTESIAN_POINT('',(-4.404277714758,2.317093757333,
    -6.771811611374));
#1988 = CARTESIAN_POINT('',(-4.14577668623,2.734147381106,
    -6.795344398841));
#1989 = CARTESIAN_POINT('',(-3.843157958002,3.117905517279,
    -6.81888546385));
#1990 = CARTESIAN_POINT('',(-3.21275862924,3.755379286973,
    -6.862343824843));
#1991 = CARTESIAN_POINT('',(-2.895652391045,4.020248533619,
    -6.882281607017));
#1992 = CARTESIAN_POINT('',(-2.553738718513,4.254350347102,
    -6.902216365802));
#1993 = CARTESIAN_POINT('',(-2.190544332394,4.455025071417,
    -6.922148353088));
#1994 = CARTESIAN_POINT('',(-1.809854978235,4.620119409957,
    -6.942080237284));
#1995 = CARTESIAN_POINT('',(-1.415687517199,4.74795008607,
    -6.962014748219));
#1996 = CARTESIAN_POINT('',(-1.012301666624,4.837348136852,
    -6.98195228923));
#1997 = CARTESIAN_POINT('',(-0.425372930059,4.909904465607,
    -7.010619301651));
#1998 = CARTESIAN_POINT('',(-0.245588392241,4.924535149646,
    -7.019355227484));
#1999 = CARTESIAN_POINT('',(-6.524504829025E-02,4.931640745875,
    -7.028091095201));
#2000 = CARTESIAN_POINT('',(0.11528927889,4.931197506953,-7.036826904348
    ));
#2001 = CARTESIAN_POINT('',(0.29564706293,4.923203242905,-7.045562722993
    ));
#2002 = CARTESIAN_POINT('',(0.475461277928,4.907677317666,-7.05429861907
    ));
#2003 = CARTESIAN_POINT('',(0.654365602399,4.88466064562,-7.063034591724
    ));
#2004 = CARTESIAN_POINT('',(1.162429919238,4.797580299996,
    -7.088021525701));
#2005 = CARTESIAN_POINT('',(1.488505679548,4.715230154887,
    -7.104274936266));
#2006 = CARTESIAN_POINT('',(1.807816832368,4.607565187689,
    -7.120527527052));
#2007 = CARTESIAN_POINT('',(2.118075005759,4.475255438741,-7.13677906412
    ));
#2008 = CARTESIAN_POINT('',(2.417095688585,4.319202136144,
    -7.153030720918));
#2009 = CARTESIAN_POINT('',(2.702796981203,4.140523285433,
    -7.169283573805));
#2010 = CARTESIAN_POINT('',(2.973209935866,3.94056376663,-7.185537159036
    ));
#2011 = CARTESIAN_POINT('',(3.489362064809,3.49299686191,-7.218653093354
    ));
#2012 = CARTESIAN_POINT('',(3.733864056677,3.243804017768,
    -7.235520346516));
#2013 = CARTESIAN_POINT('',(3.95793309263,2.975129333025,-7.252385854862
    ));
#2014 = CARTESIAN_POINT('',(4.159778027141,2.688948052177,
    -7.269249166061));
#2015 = CARTESIAN_POINT('',(4.337850849235,2.387400053394,
    -7.286111982062));
#2016 = CARTESIAN_POINT('',(4.490835921839,2.072775458882,
    -7.302976431278));
#2017 = CARTESIAN_POINT('',(4.617667550226,1.747518539625,
    -7.319843002186));
#2018 = CARTESIAN_POINT('',(4.769064581643,1.242496777691,-7.34539974574
    ));
#2019 = CARTESIAN_POINT('',(4.81340741379,1.068599296838,-7.354091791408
    ));
#2020 = CARTESIAN_POINT('',(4.850499688339,0.892907242964,
    -7.362784157277));
#2021 = CARTESIAN_POINT('',(4.880257578038,0.715773826872,
    -7.371476836811));
#2022 = CARTESIAN_POINT('',(4.902618136433,0.537555500065,
    -7.380169808079));
#2023 = CARTESIAN_POINT('',(4.917539318289,0.35861175566,-7.388862906797
    ));
#2024 = CARTESIAN_POINT('',(4.925,0.179304929288,-7.397555699376));
#2025 = CARTESIAN_POINT('',(4.925,6.9544E-13,-7.406247355974));
#2026 = ORIENTED_EDGE('',*,*,#1606,.T.);
#2027 = ORIENTED_EDGE('',*,*,#1798,.T.);
#2028 = ORIENTED_EDGE('',*,*,#2029,.F.);
#2029 = EDGE_CURVE('',#1916,#1799,#2030,.T.);
#2030 = B_SPLINE_CURVE_WITH_KNOTS('',1,(#2031,#2032),.UNSPECIFIED.,.F.,
  .F.,(2,2),(0.,1.05),.PIECEWISE_BEZIER_KNOTS.);
#2031 = CARTESIAN_POINT('',(5.022432830097,-3.295805021E-08,
    -7.462499320083));
#2032 = CARTESIAN_POINT('',(4.113102492439,2.7464275603E-07,
    -6.937505665823));
#2033 = B_SPLINE_SURFACE_WITH_KNOTS('',1,11,(
    (#2034,#2035,#2036,#2037,#2038,#2039,#2040,#2041,#2042,#2043,#2044
      ,#2045)
    ,(#2046,#2047,#2048,#2049,#2050,#2051,#2052,#2053,#2054,#2055,#2056
      ,#2057
    )),.UNSPECIFIED.,.F.,.F.,.F.,(2,2),(12,12),(0.,1.05),(0.,
    6.459753679852),.PIECEWISE_BEZIER_KNOTS.);
#2034 = CARTESIAN_POINT('',(5.022435316183,-4.943778857E-08,
    -5.962498980112));
#2035 = CARTESIAN_POINT('',(5.022432172977,-2.868795692447,
    -6.098863042453));
#2036 = CARTESIAN_POINT('',(3.220251684758,-5.737631703397,
    -6.235233673691));
#2037 = CARTESIAN_POINT('',(-0.387484459788,-7.348304127612,
    -6.37155309517));
#2038 = CARTESIAN_POINT('',(-4.796031565818,-6.439676427775,
    -6.508044573913));
#2039 = CARTESIAN_POINT('',(-8.081093736358,-2.654707158116,
    -6.64417940843));
#2040 = CARTESIAN_POINT('',(-8.082925272131,2.654685390787,
    -6.780818891359));
#2041 = CARTESIAN_POINT('',(-4.794799774042,6.439714720467,
    -6.916953727103));
#2042 = CARTESIAN_POINT('',(-0.388002232496,7.348284007152,
    -7.053445204461));
#2043 = CARTESIAN_POINT('',(3.220356931715,5.737635564116,
    -7.189764626663));
#2044 = CARTESIAN_POINT('',(5.022435963893,2.868795610052,
    -7.326135257753));
#2045 = CARTESIAN_POINT('',(5.022432830097,-3.295805021E-08,
    -7.462499320083));
#2046 = CARTESIAN_POINT('',(4.113103146697,4.119639749E-07,
    -5.437508498733));
#2047 = CARTESIAN_POINT('',(4.113102562192,-2.349498343475,
    -5.573868585566));
#2048 = CARTESIAN_POINT('',(2.637173256041,-4.698048914762,
    -5.710173935778));
#2049 = CARTESIAN_POINT('',(-0.317226755345,-6.020368960213,
    -5.846906002164));
#2050 = CARTESIAN_POINT('',(-3.927720678007,-5.268565227895,
    -5.98220436141));
#2051 = CARTESIAN_POINT('',(-6.618296497774,-2.181429024901,
    -6.120474549113));
#2052 = CARTESIAN_POINT('',(-6.618778868285,2.181422156515,
    -6.254539615336));
#2053 = CARTESIAN_POINT('',(-3.927397421854,5.268574629325,
    -6.392809803361));
#2054 = CARTESIAN_POINT('',(-0.317364050971,6.020363610278,
    -6.528108162243));
#2055 = CARTESIAN_POINT('',(2.637200143942,4.698050384978,
    -6.664840228821));
#2056 = CARTESIAN_POINT('',(4.113103155352,2.349499030082,
    -6.801145578991));
#2057 = CARTESIAN_POINT('',(4.113102492439,2.7464275603E-07,
    -6.937505665823));
#2058 = ADVANCED_FACE('',(#2059),#2167,.T.);
#2059 = FACE_BOUND('',#2060,.F.);
#2060 = EDGE_LOOP('',(#2061,#2062,#2063,#2161));
#2061 = ORIENTED_EDGE('',*,*,#1915,.F.);
#2062 = ORIENTED_EDGE('',*,*,#1732,.T.);
#2063 = ORIENTED_EDGE('',*,*,#2064,.T.);
#2064 = EDGE_CURVE('',#1642,#2065,#2067,.T.);
#2065 = VERTEX_POINT('',#2066);
#2066 = CARTESIAN_POINT('',(4.925,-8.E-14,-7.593748677967));
#2067 = B_SPLINE_CURVE_WITH_KNOTS('',8,(#2068,#2069,#2070,#2071,#2072,
    #2073,#2074,#2075,#2076,#2077,#2078,#2079,#2080,#2081,#2082,#2083,
    #2084,#2085,#2086,#2087,#2088,#2089,#2090,#2091,#2092,#2093,#2094,
    #2095,#2096,#2097,#2098,#2099,#2100,#2101,#2102,#2103,#2104,#2105,
    #2106,#2107,#2108,#2109,#2110,#2111,#2112,#2113,#2114,#2115,#2116,
    #2117,#2118,#2119,#2120,#2121,#2122,#2123,#2124,#2125,#2126,#2127,
    #2128,#2129,#2130,#2131,#2132,#2133,#2134,#2135,#2136,#2137,#2138,
    #2139,#2140,#2141,#2142,#2143,#2144,#2145,#2146,#2147,#2148,#2149,
    #2150,#2151,#2152,#2153,#2154,#2155,#2156,#2157,#2158,#2159,#2160),
  .UNSPECIFIED.,.F.,.F.,(9,7,7,7,7,7,7,7,7,7,7,7,7,9),(0.,
    4.700410041512E-02,0.137302584869,0.224715011141,0.273444004433,
    0.376425237188,0.381684933548,0.504670684764,0.628567037686,
    0.733815957093,0.79044949255,0.874354335877,0.95788117074,1.),
  .UNSPECIFIED.);
#2068 = CARTESIAN_POINT('',(4.925,-6.5103E-13,-6.093747355921));
#2069 = CARTESIAN_POINT('',(4.925,-0.181798782031,-6.10255989995));
#2070 = CARTESIAN_POINT('',(4.917330334198,-0.36359960866,
    -6.111373616168));
#2071 = CARTESIAN_POINT('',(4.901991196629,-0.545021960519,
    -6.120187635401));
#2072 = CARTESIAN_POINT('',(4.879004914737,-0.72568815763,-6.12900150874
    ));
#2073 = CARTESIAN_POINT('',(4.848415921941,-0.90522357534,
    -6.137815072097));
#2074 = CARTESIAN_POINT('',(4.810290730192,-1.083256860246,
    -6.146628310746));
#2075 = CARTESIAN_POINT('',(4.764717902531,-1.259420146122,
    -6.155441223879));
#2076 = CARTESIAN_POINT('',(4.610164091352,-1.76748046556,
    -6.181183111285));
#2077 = CARTESIAN_POINT('',(4.481423773021,-2.093429417661,
    -6.198114018576));
#2078 = CARTESIAN_POINT('',(4.326376516288,-2.408547967305,
    -6.215042811894));
#2079 = CARTESIAN_POINT('',(4.146111585927,-2.710368569719,
    -6.23196997802));
#2080 = CARTESIAN_POINT('',(3.94197119083,-2.996581428164,
    -6.248897664943));
#2081 = CARTESIAN_POINT('',(3.715532535031,-3.26503043285,
    -6.265827590557));
#2082 = CARTESIAN_POINT('',(3.468618794778,-3.513727904831,
    -6.282759284753));
#2083 = CARTESIAN_POINT('',(2.946537938564,-3.960788045207,
    -6.31607695985));
#2084 = CARTESIAN_POINT('',(2.672447422278,-4.16057281592,
    -6.332468002913));
#2085 = CARTESIAN_POINT('',(2.382959383863,-4.338605661743,
    -6.348858261482));
#2086 = CARTESIAN_POINT('',(2.080103345797,-4.493521890177,
    -6.365247255043));
#2087 = CARTESIAN_POINT('',(1.766023673385,-4.624192349871,
    -6.381636113307));
#2088 = CARTESIAN_POINT('',(1.442968793089,-4.729712720534,
    -6.398026069326));
#2089 = CARTESIAN_POINT('',(1.113292397773,-4.809418654337,
    -6.414416887607));
#2090 = CARTESIAN_POINT('',(0.593371893977,-4.892755440359,
    -6.439941082654));
#2091 = CARTESIAN_POINT('',(0.405970016614,-4.914445491509,
    -6.449077021723));
#2092 = CARTESIAN_POINT('',(0.217679976781,-4.927929989617,
    -6.458212872911));
#2093 = CARTESIAN_POINT('',(2.892142377231E-02,-4.933167787335,
    -6.467348635078));
#2094 = CARTESIAN_POINT('',(-0.159885576863,-4.930143524899,
    -6.47648439198));
#2095 = CARTESIAN_POINT('',(-0.348320806368,-4.918867632412,
    -6.485620226793));
#2096 = CARTESIAN_POINT('',(-0.535964155813,-4.89937633213,
    -6.494756136635));
#2097 = CARTESIAN_POINT('',(-1.116390684117,-4.813308837261,
    -6.523199077419));
#2098 = CARTESIAN_POINT('',(-1.505095471909,-4.718453489941,
    -6.542511578684));
#2099 = CARTESIAN_POINT('',(-1.884411251209,-4.587739998409,
    -6.561821930281));
#2100 = CARTESIAN_POINT('',(-2.250493057062,-4.422302069238,
    -6.581129532676));
#2101 = CARTESIAN_POINT('',(-2.599711215395,-4.223726502467,
    -6.600437212146));
#2102 = CARTESIAN_POINT('',(-2.928646526017,-3.994013661956,
    -6.619747748586));
#2103 = CARTESIAN_POINT('',(-3.234119374053,-3.735604629608,
    -6.63906042643));
#2104 = CARTESIAN_POINT('',(-3.527509317992,-3.436963318223,
    -6.659353709838));
#2105 = CARTESIAN_POINT('',(-3.541697323243,-3.422384332297,
    -6.660339807732));
#2106 = CARTESIAN_POINT('',(-3.555816440837,-3.407738436573,
    -6.661325904117));
#2107 = CARTESIAN_POINT('',(-3.569866320031,-3.393025993059,
    -6.662312000192));
#2108 = CARTESIAN_POINT('',(-3.583846604072,-3.378247374838,
    -6.663298096567));
#2109 = CARTESIAN_POINT('',(-3.597756930195,-3.36340296607,
    -6.66428419326));
#2110 = CARTESIAN_POINT('',(-3.611596929628,-3.34849316199,
    -6.665270289701));
#2111 = CARTESIAN_POINT('',(-3.947329196039,-2.983367704303,
    -6.689313920727));
#2112 = CARTESIAN_POINT('',(-4.230823186584,-2.597481392714,
    -6.712384048132));
#2113 = CARTESIAN_POINT('',(-4.470915207456,-2.181072361578,
    -6.735446725486));
#2114 = CARTESIAN_POINT('',(-4.663916373679,-1.739918061802,
    -6.758503720557));
#2115 = CARTESIAN_POINT('',(-4.807014021686,-1.28014676001,
    -6.781560686785));
#2116 = CARTESIAN_POINT('',(-4.898319740228,-0.808231543528,
    -6.804623314588));
#2117 = CARTESIAN_POINT('',(-4.936837034491,-0.330954316085,
    -6.827693443006));
#2118 = CARTESIAN_POINT('',(-4.908818196399,0.623504275195,
    -6.873979447547));
#2119 = CARTESIAN_POINT('',(-4.841486009811,1.101207580705,
    -6.897221723487));
#2120 = CARTESIAN_POINT('',(-4.720990822271,1.570281214626,
    -6.920457161262));
#2121 = CARTESIAN_POINT('',(-4.548767901786,2.02386446188,-6.94368738413
    ));
#2122 = CARTESIAN_POINT('',(-4.327147642194,2.455469533909,
    -6.966917577756));
#2123 = CARTESIAN_POINT('',(-4.059389012058,2.859021805867,
    -6.990152949141));
#2124 = CARTESIAN_POINT('',(-3.749627258661,3.228861883456,
    -7.013395173674));
#2125 = CARTESIAN_POINT('',(-3.108995720877,3.841286102735,
    -7.056355856716));
#2126 = CARTESIAN_POINT('',(-2.788085433511,4.09486880348,
    -7.076093706257));
#2127 = CARTESIAN_POINT('',(-2.443687538597,4.317655302706,
    -7.095828669365));
#2128 = CARTESIAN_POINT('',(-2.079286454552,4.507158757318,
    -7.115560231061));
#2129 = CARTESIAN_POINT('',(-1.698609535744,4.661382039656,
    -7.135291824376));
#2130 = CARTESIAN_POINT('',(-1.30559515197,4.778785685258,
    -7.155026862251));
#2131 = CARTESIAN_POINT('',(-0.90439669308,4.858333017736,
    -7.174764764684));
#2132 = CARTESIAN_POINT('',(-0.281509378827,4.921824557534,
    -7.205114716546));
#2133 = CARTESIAN_POINT('',(-6.246151432684E-02,4.932960885573,
    -7.215732783793));
#2134 = CARTESIAN_POINT('',(0.157056005703,4.932952638345,
    -7.226350778789));
#2135 = CARTESIAN_POINT('',(0.376380985591,4.921780850544,
    -7.236968655076));
#2136 = CARTESIAN_POINT('',(0.594854342219,4.899473091903,
    -7.247586543407));
#2137 = CARTESIAN_POINT('',(0.811820484015,4.866102340702,
    -7.258204572502));
#2138 = CARTESIAN_POINT('',(1.02662784974,4.821788026978,-7.268822690938
    ));
#2139 = CARTESIAN_POINT('',(1.552718672746,4.685083016688,
    -7.295171183603));
#2140 = CARTESIAN_POINT('',(1.860700447866,4.579803940335,-7.31090369004
    ));
#2141 = CARTESIAN_POINT('',(2.160436181014,4.451407421802,
    -7.326635196877));
#2142 = CARTESIAN_POINT('',(2.449906693071,4.300665670368,
    -7.342365470351));
#2143 = CARTESIAN_POINT('',(2.727199405526,4.128546475358,-7.35809563063
    ));
#2144 = CARTESIAN_POINT('',(2.990506437847,3.93620142098,-7.373826876936
    ));
#2145 = CARTESIAN_POINT('',(3.238133773945,3.724973539818,
    -7.389559162753));
#2146 = CARTESIAN_POINT('',(3.69787127775,3.268904930701,-7.420949609602
    ));
#2147 = CARTESIAN_POINT('',(3.910192594404,3.02416421302,-7.436611565643
    ));
#2148 = CARTESIAN_POINT('',(4.10393307412,2.763728489064,-7.45227304409)
  );
#2149 = CARTESIAN_POINT('',(4.277753558576,2.489257508063,
    -7.467933934973));
#2150 = CARTESIAN_POINT('',(4.430501928176,2.202524550442,
    -7.483595150315));
#2151 = CARTESIAN_POINT('',(4.561205736965,1.905407415235,
    -7.499257330176));
#2152 = CARTESIAN_POINT('',(4.669083658999,1.599890375806,
    -7.514919767904));
#2153 = CARTESIAN_POINT('',(4.796181308768,1.130843683256,
    -7.538476081315));
#2154 = CARTESIAN_POINT('',(4.832843364949,0.971998431783,
    -7.546372471009));
#2155 = CARTESIAN_POINT('',(4.863490501261,0.811805257151,
    -7.554268623623));
#2156 = CARTESIAN_POINT('',(4.888065534423,0.650530193244,
    -7.562164532294));
#2157 = CARTESIAN_POINT('',(4.906525528711,0.488441290513,
    -7.570060280246));
#2158 = CARTESIAN_POINT('',(4.918841813366,0.325808506339,
    -7.577956037678));
#2159 = CARTESIAN_POINT('',(4.925,0.162903595393,-7.585852058649));
#2160 = CARTESIAN_POINT('',(4.925,-2.931E-13,-7.593748677967));
#2161 = ORIENTED_EDGE('',*,*,#2162,.F.);
#2162 = EDGE_CURVE('',#1916,#2065,#2163,.T.);
#2163 = LINE('',#2164,#2165);
#2164 = CARTESIAN_POINT('',(4.925,0.,-1.5));
#2165 = VECTOR('',#2166,1.);
#2166 = DIRECTION('',(0.,0.,-1.));
#2167 = CYLINDRICAL_SURFACE('',#2168,4.925);
#2168 = AXIS2_PLACEMENT_3D('',#2169,#2170,#2171);
#2169 = CARTESIAN_POINT('',(0.,0.,-1.5));
#2170 = DIRECTION('',(-0.,-0.,-1.));
#2171 = DIRECTION('',(1.,0.,0.));
#2172 = ADVANCED_FACE('',(#2173),#2199,.T.);
#2173 = FACE_BOUND('',#2174,.T.);
#2174 = EDGE_LOOP('',(#2175,#2192,#2193,#2194));
#2175 = ORIENTED_EDGE('',*,*,#2176,.F.);
#2176 = EDGE_CURVE('',#1747,#2177,#2179,.T.);
#2177 = VERTEX_POINT('',#2178);
#2178 = CARTESIAN_POINT('',(4.113100529724,1.37321569E-07,
    -8.062502832915));
#2179 = ( BOUNDED_CURVE() B_SPLINE_CURVE(11,(#2180,#2181,#2182,#2183,
    #2184,#2185,#2186,#2187,#2188,#2189,#2190,#2191),.UNSPECIFIED.,.F.,
.F.) B_SPLINE_CURVE_WITH_KNOTS((12,12),(0.,6.459753679852),
.PIECEWISE_BEZIER_KNOTS.) CURVE() GEOMETRIC_REPRESENTATION_ITEM() 
RATIONAL_B_SPLINE_CURVE((1.056590953773,1.056590953773,1.056590953773,
    1.056590953773,1.056590953773,1.056590953773,1.056590953773,
    1.056590953773,1.056590953773,1.056590953773,1.056590953773,
1.056590953773)) REPRESENTATION_ITEM('') );
#2180 = CARTESIAN_POINT('',(4.113099875505,2.746432094E-07,
    -6.562505665832));
#2181 = CARTESIAN_POINT('',(4.113100852052,-2.349496986318,
    -6.698865752654));
#2182 = CARTESIAN_POINT('',(2.637199092926,-4.698047040905,
    -6.835171102631));
#2183 = CARTESIAN_POINT('',(-0.317363041978,-6.020359831368,
    -6.971903170408));
#2184 = CARTESIAN_POINT('',(-3.927394226617,-5.268571782878,
    -7.107201525839));
#2185 = CARTESIAN_POINT('',(-6.61877435615,-2.181421678696,
    -7.24547172003));
#2186 = CARTESIAN_POINT('',(-6.618292586494,2.181426778698,
    -7.379536778824));
#2187 = CARTESIAN_POINT('',(-3.927718878055,5.268561333594,
    -7.517806972691));
#2188 = CARTESIAN_POINT('',(-0.317227358857,6.020365095872,
    -7.653105328486));
#2189 = CARTESIAN_POINT('',(2.637170950762,4.698046275222,
    -7.789837396075));
#2190 = CARTESIAN_POINT('',(4.113099631586,2.349497398281,
    -7.926142746088));
#2191 = CARTESIAN_POINT('',(4.113100529723,1.3732154225E-07,
    -8.062502832915));
#2192 = ORIENTED_EDGE('',*,*,#1765,.T.);
#2193 = ORIENTED_EDGE('',*,*,#2064,.T.);
#2194 = ORIENTED_EDGE('',*,*,#2195,.F.);
#2195 = EDGE_CURVE('',#2177,#2065,#2196,.T.);
#2196 = B_SPLINE_CURVE_WITH_KNOTS('',1,(#2197,#2198),.UNSPECIFIED.,.F.,
  .F.,(2,2),(0.,1.05),.PIECEWISE_BEZIER_KNOTS.);
#2197 = CARTESIAN_POINT('',(4.113100529723,1.3732154108E-07,
    -8.062502832915));
#2198 = CARTESIAN_POINT('',(5.022425371838,-1.647833134E-08,
    -7.537499660055));
#2199 = B_SPLINE_SURFACE_WITH_KNOTS('',1,11,(
    (#2200,#2201,#2202,#2203,#2204,#2205,#2206,#2207,#2208,#2209,#2210
      ,#2211)
    ,(#2212,#2213,#2214,#2215,#2216,#2217,#2218,#2219,#2220,#2221,#2222
      ,#2223
    )),.UNSPECIFIED.,.F.,.F.,.F.,(2,2),(12,12),(0.,1.05),(0.,
    6.459753679852),.PIECEWISE_BEZIER_KNOTS.);
#2200 = CARTESIAN_POINT('',(4.113099875505,2.7464320938E-07,
    -6.562505665832));
#2201 = CARTESIAN_POINT('',(4.113100852052,-2.349496986317,
    -6.698865752654));
#2202 = CARTESIAN_POINT('',(2.637199092926,-4.698047040905,
    -6.835171102631));
#2203 = CARTESIAN_POINT('',(-0.317363041977,-6.020359831367,
    -6.971903170409));
#2204 = CARTESIAN_POINT('',(-3.927394226619,-5.268571782879,
    -7.107201525837));
#2205 = CARTESIAN_POINT('',(-6.618774356147,-2.181421678695,
    -7.245471720034));
#2206 = CARTESIAN_POINT('',(-6.618292586497,2.181426778698,
    -7.37953677882));
#2207 = CARTESIAN_POINT('',(-3.927718878052,5.268561333594,
    -7.517806972693));
#2208 = CARTESIAN_POINT('',(-0.317227358859,6.020365095872,
    -7.653105328485));
#2209 = CARTESIAN_POINT('',(2.637170950762,4.698046275222,
    -7.789837396076));
#2210 = CARTESIAN_POINT('',(4.113099631586,2.349497398281,
    -7.926142746088));
#2211 = CARTESIAN_POINT('',(4.113100529723,1.3732154108E-07,
    -8.062502832915));
#2212 = CARTESIAN_POINT('',(5.02242288575,-3.295617788E-08,
    -6.037499320118));
#2213 = CARTESIAN_POINT('',(5.022425981906,-2.868789996993,
    -6.173863382405));
#2214 = CARTESIAN_POINT('',(3.220350479555,-5.737624237612,
    -6.310234012779));
#2215 = CARTESIAN_POINT('',(-0.388001558849,-7.34826947996,
    -6.446553439503));
#2216 = CARTESIAN_POINT('',(-4.794790366956,-6.439701850285,
    -6.583044903792));
#2217 = CARTESIAN_POINT('',(-8.082909303844,-2.654680109056,
    -6.719179762922));
#2218 = CARTESIAN_POINT('',(-8.081077695916,2.654702088587,
    -6.855819217656));
#2219 = CARTESIAN_POINT('',(-4.796021991335,6.439663683351,
    -6.991954075563));
#2220 = CARTESIAN_POINT('',(-0.387483592614,7.348289610663,
    -7.128445541232));
#2221 = CARTESIAN_POINT('',(3.220245383098,5.73762029235,-7.264764967237
    ));
#2222 = CARTESIAN_POINT('',(5.022422266274,2.868789947559,
    -7.401135597757));
#2223 = CARTESIAN_POINT('',(5.022425371838,-1.647833134E-08,
    -7.537499660055));
#2224 = ADVANCED_FACE('',(#2225),#2256,.T.);
#2225 = FACE_BOUND('',#2226,.T.);
#2226 = EDGE_LOOP('',(#2227,#2244,#2245,#2246));
#2227 = ORIENTED_EDGE('',*,*,#2228,.F.);
#2228 = EDGE_CURVE('',#1799,#2229,#2231,.T.);
#2229 = VERTEX_POINT('',#2230);
#2230 = CARTESIAN_POINT('',(4.11310183819,1.37321419E-07,-8.437502832913
    ));
#2231 = B_SPLINE_CURVE_WITH_KNOTS('',11,(#2232,#2233,#2234,#2235,#2236,
    #2237,#2238,#2239,#2240,#2241,#2242,#2243),.UNSPECIFIED.,.F.,.F.,(12
    ,12),(0.,6.459753679852),.PIECEWISE_BEZIER_KNOTS.);
#2232 = CARTESIAN_POINT('',(4.113102492439,2.7464270125E-07,
    -6.937505665823));
#2233 = CARTESIAN_POINT('',(4.113101829525,-2.349498107168,
    -7.073865752657));
#2234 = CARTESIAN_POINT('',(2.637172679714,-4.698048254859,
    -7.210171102813));
#2235 = CARTESIAN_POINT('',(-0.317226906229,-6.020367994108,
    -7.346903169511));
#2236 = CARTESIAN_POINT('',(-3.927720227991,-5.268564254295,
    -7.482201527876));
#2237 = CARTESIAN_POINT('',(-6.618295519948,-2.181428463352,
    -7.620471717144));
#2238 = CARTESIAN_POINT('',(-6.618777740209,2.181422037063,
    -7.754536781484));
#2239 = CARTESIAN_POINT('',(-3.927396623043,5.268573917686,
    -7.892806971074));
#2240 = CARTESIAN_POINT('',(-0.317363798716,6.020362665532,
    -8.028105329074));
#2241 = CARTESIAN_POINT('',(2.637199881177,4.698049548941,
    -8.164837395966));
#2242 = CARTESIAN_POINT('',(4.113102579512,2.349498519132,
    -8.301142746079));
#2243 = CARTESIAN_POINT('',(4.11310183819,1.3732138822E-07,
    -8.437502832913));
#2244 = ORIENTED_EDGE('',*,*,#1817,.T.);
#2245 = ORIENTED_EDGE('',*,*,#2176,.T.);
#2246 = ORIENTED_EDGE('',*,*,#2247,.F.);
#2247 = EDGE_CURVE('',#2229,#2177,#2248,.T.);
#2248 = ( BOUNDED_CURVE() B_SPLINE_CURVE(6,(#2249,#2250,#2251,#2252,
#2253,#2254,#2255),.UNSPECIFIED.,.F.,.F.) B_SPLINE_CURVE_WITH_KNOTS((7,7
),(0.,2.094395102393),.PIECEWISE_BEZIER_KNOTS.) CURVE() 
GEOMETRIC_REPRESENTATION_ITEM() RATIONAL_B_SPLINE_CURVE((1.056590953773,
    1.017435169568,0.996326512422,0.989390034249,0.996326512422,
1.017435169568,1.056590953773)) REPRESENTATION_ITEM('') );
#2249 = CARTESIAN_POINT('',(4.11310183819,1.3732138882E-07,
    -8.437502832913));
#2250 = CARTESIAN_POINT('',(4.045134755433,1.4881707644E-07,
    -8.398262335591));
#2251 = CARTESIAN_POINT('',(3.997238022761,1.5691813648E-07,
    -8.331846288318));
#2252 = CARTESIAN_POINT('',(3.979925950164,1.5984622104E-07,
    -8.250003297595));
#2253 = CARTESIAN_POINT('',(3.997237451621,1.569182001E-07,
    -8.168160186061));
#2254 = CARTESIAN_POINT('',(4.045133720807,1.4881719501E-07,
    -8.101743804543));
#2255 = CARTESIAN_POINT('',(4.113100529723,1.3732154225E-07,
    -8.062502832915));
#2256 = ( BOUNDED_SURFACE() B_SPLINE_SURFACE(6,11,(
    (#2257,#2258,#2259,#2260,#2261,#2262,#2263,#2264,#2265,#2266,#2267
      ,#2268)
    ,(#2269,#2270,#2271,#2272,#2273,#2274,#2275,#2276,#2277,#2278,#2279
      ,#2280)
    ,(#2281,#2282,#2283,#2284,#2285,#2286,#2287,#2288,#2289,#2290,#2291
      ,#2292)
    ,(#2293,#2294,#2295,#2296,#2297,#2298,#2299,#2300,#2301,#2302,#2303
      ,#2304)
    ,(#2305,#2306,#2307,#2308,#2309,#2310,#2311,#2312,#2313,#2314,#2315
      ,#2316)
    ,(#2317,#2318,#2319,#2320,#2321,#2322,#2323,#2324,#2325,#2326,#2327
      ,#2328)
    ,(#2329,#2330,#2331,#2332,#2333,#2334,#2335,#2336,#2337,#2338,#2339
,#2340
    )),.UNSPECIFIED.,.F.,.F.,.F.) B_SPLINE_SURFACE_WITH_KNOTS((7,7),(12,
    12),(0.,2.094395102393),(0.,6.459753679852),
.PIECEWISE_BEZIER_KNOTS.) GEOMETRIC_REPRESENTATION_ITEM() 
RATIONAL_B_SPLINE_SURFACE((
    (1.056590953773,1.056590953773,1.056590953773,1.056590953773
      ,1.056590953773,1.056590953773,1.056590953773,1.056590953773
      ,1.056590953773,1.056590953773,1.056590953773,1.056590953773)
    ,(1.017435169568,1.017435169568,1.017435169568,1.017435169568
      ,1.017435169568,1.017435169568,1.017435169568,1.017435169568
      ,1.017435169568,1.017435169568,1.017435169568,1.017435169568)
    ,(0.996326512422,0.996326512422,0.996326512422,0.996326512422
      ,0.996326512421,0.996326512423,0.996326512421,0.996326512423
      ,0.996326512422,0.996326512422,0.996326512422,0.996326512422)
    ,(0.989390034249,0.989390034249,0.989390034249,0.989390034249
      ,0.989390034248,0.989390034249,0.989390034248,0.989390034249
      ,0.989390034248,0.989390034249,0.989390034249,0.989390034249)
    ,(0.996326512422,0.996326512422,0.996326512422,0.996326512422
      ,0.996326512422,0.996326512423,0.996326512421,0.996326512423
      ,0.996326512422,0.996326512422,0.996326512422,0.996326512422)
    ,(1.017435169568,1.017435169568,1.017435169568,1.017435169568
      ,1.017435169568,1.017435169569,1.017435169568,1.017435169568
      ,1.017435169568,1.017435169568,1.017435169568,1.017435169568)
    ,(1.056590953773,1.056590953773,1.056590953773,1.056590953773
      ,1.056590953773,1.056590953773,1.056590953773,1.056590953773
      ,1.056590953773,1.056590953773,1.056590953773,1.056590953773
))) REPRESENTATION_ITEM('') SURFACE() );
#2257 = CARTESIAN_POINT('',(4.113102492439,2.746427028E-07,
    -6.937505665823));
#2258 = CARTESIAN_POINT('',(4.113101829525,-2.349498107168,
    -7.073865752657));
#2259 = CARTESIAN_POINT('',(2.637172679713,-4.698048254858,
    -7.210171102813));
#2260 = CARTESIAN_POINT('',(-0.317226906227,-6.020367994109,
    -7.34690316951));
#2261 = CARTESIAN_POINT('',(-3.927720227995,-5.268564254294,
    -7.482201527879));
#2262 = CARTESIAN_POINT('',(-6.618295519944,-2.181428463351,
    -7.62047171714));
#2263 = CARTESIAN_POINT('',(-6.618777740213,2.181422037062,
    -7.754536781489));
#2264 = CARTESIAN_POINT('',(-3.92739662304,5.268573917687,
    -7.892806971071));
#2265 = CARTESIAN_POINT('',(-0.317363798718,6.020362665531,
    -8.028105329076));
#2266 = CARTESIAN_POINT('',(2.637199881177,4.698049548942,
    -8.164837395965));
#2267 = CARTESIAN_POINT('',(4.113102579512,2.349498519132,-8.30114274608
    ));
#2268 = CARTESIAN_POINT('',(4.11310183819,1.3732138882E-07,
    -8.437502832913));
#2269 = CARTESIAN_POINT('',(4.045135272762,2.9763410192E-07,
    -6.898265405655));
#2270 = CARTESIAN_POINT('',(4.045134794533,-2.310683702789,
    -7.034625195343));
#2271 = CARTESIAN_POINT('',(2.593590990961,-4.620345576526,
    -7.170925666128));
#2272 = CARTESIAN_POINT('',(-0.311975573851,-5.921112666869,
    -7.3076885756));
#2273 = CARTESIAN_POINT('',(-3.862819121859,-5.181030584171,
    -7.442897755319));
#2274 = CARTESIAN_POINT('',(-6.5089600551,-2.146053694092,
    -7.581327549643));
#2275 = CARTESIAN_POINT('',(-6.509341420444,2.146048418423,
    -7.715200191519));
#2276 = CARTESIAN_POINT('',(-3.862563395521,5.181038110038,
    -7.853629986096));
#2277 = CARTESIAN_POINT('',(-0.312083994118,5.92110844409,
    -7.988839165529));
#2278 = CARTESIAN_POINT('',(2.593612361786,4.620346677189,
    -8.125602075153));
#2279 = CARTESIAN_POINT('',(4.045135318635,2.310684149239,
    -8.261902545903));
#2280 = CARTESIAN_POINT('',(4.045134755433,1.4881707644E-07,
    -8.398262335591));
#2281 = CARTESIAN_POINT('',(3.997238308349,3.1383624854E-07,
    -6.831849525506));
#2282 = CARTESIAN_POINT('',(3.997238129735,-2.28333096526,
    -6.968209105794));
#2283 = CARTESIAN_POINT('',(2.562881580667,-4.565588151606,
    -7.104506138052));
#2284 = CARTESIAN_POINT('',(-0.308289017059,-5.851166310395,
    -7.241290782628));
#2285 = CARTESIAN_POINT('',(-3.817049428683,-5.11934613495,
    -7.376437117592));
#2286 = CARTESIAN_POINT('',(-6.431960537164,-2.1211242918,
    -7.514979386573));
#2287 = CARTESIAN_POINT('',(-6.432171183648,2.121121018435,
    -7.648716427205));
#2288 = CARTESIAN_POINT('',(-3.816908545835,5.119350075474,
    -7.787258696324));
#2289 = CARTESIAN_POINT('',(-0.308349197158,5.851163961872,
    -7.922405031131));
#2290 = CARTESIAN_POINT('',(2.562893121839,4.565588903048,
    -8.059189675792));
#2291 = CARTESIAN_POINT('',(3.997238290973,2.283331436014,
    -8.195486708029));
#2292 = CARTESIAN_POINT('',(3.997238022761,1.5691813648E-07,
    -8.331846288318));
#2293 = CARTESIAN_POINT('',(3.979925950181,3.1969245728E-07,
    -6.750006595189));
#2294 = CARTESIAN_POINT('',(3.97992613272,-2.273444375687,
    -6.886366099789));
#2295 = CARTESIAN_POINT('',(2.55178599665,-4.545796354131,
    -7.022661889193));
#2296 = CARTESIAN_POINT('',(-0.306977538803,-5.825883529752,
    -7.159454389905));
#2297 = CARTESIAN_POINT('',(-3.800456078158,-5.097051971246,
    -7.294578009711));
#2298 = CARTESIAN_POINT('',(-6.404203562124,-2.112112722801,
    -7.433160932467));
#2299 = CARTESIAN_POINT('',(-6.404203824402,2.112111950885,
    -7.566848960317));
#2300 = CARTESIAN_POINT('',(-3.800456687218,5.097051513841,
    -7.705431883072));
#2301 = CARTESIAN_POINT('',(-0.306978242676,5.825883492463,
    -7.840555502878));
#2302 = CARTESIAN_POINT('',(2.551785449149,4.545796661667,
    -7.977348003592));
#2303 = CARTESIAN_POINT('',(3.979925858894,2.273444855225,
    -8.113643792992));
#2304 = CARTESIAN_POINT('',(3.979925950164,1.5984622104E-07,
    -8.250003297595));
#2305 = CARTESIAN_POINT('',(3.997237166067,3.138364727E-07,
    -6.668163423252));
#2306 = CARTESIAN_POINT('',(3.997237703072,-2.283330476013,
    -6.804523003535));
#2307 = CARTESIAN_POINT('',(2.562893109936,-4.56558762172,
    -6.940820035714));
#2308 = CARTESIAN_POINT('',(-0.308348439807,-5.85116274739,
    -7.077604680762));
#2309 = CARTESIAN_POINT('',(-3.816907130297,-5.119349421149,
    -7.212751014443));
#2310 = CARTESIAN_POINT('',(-6.432169547384,-2.121121330323,
    -7.351293285577));
#2311 = CARTESIAN_POINT('',(-6.431959415858,2.12112308814,
    -7.485030323783));
#2312 = CARTESIAN_POINT('',(-3.817049208947,5.119344582566,
    -7.623572594774));
#2313 = CARTESIAN_POINT('',(-0.308289641668,5.851165022706,
    -7.758718928616));
#2314 = CARTESIAN_POINT('',(2.56288049382,4.565587474082,-7.895503573582
    ));
#2315 = CARTESIAN_POINT('',(3.997237004214,2.283330946767,
    -8.031800605775));
#2316 = CARTESIAN_POINT('',(3.997237451621,1.569182001E-07,
    -8.168160186061));
#2317 = CARTESIAN_POINT('',(4.045133203511,2.9763449472E-07,
    -6.601746874613));
#2318 = CARTESIAN_POINT('',(4.045134021629,-2.310682816514,
    -6.738106664292));
#2319 = CARTESIAN_POINT('',(2.593611876314,-4.620344616633,
    -6.874407134934));
#2320 = CARTESIAN_POINT('',(-0.312083218578,-5.921106212458,
    -7.011170045261));
#2321 = CARTESIAN_POINT('',(-3.862561347329,-5.181036537143,
    -7.146379222655));
#2322 = CARTESIAN_POINT('',(-6.509338678586,-2.146048329356,
    -7.28480902088));
#2323 = CARTESIAN_POINT('',(-6.508957801598,2.146052167712,
    -7.418681658361));
#2324 = CARTESIAN_POINT('',(-3.862818207743,5.181028159591,
    -7.557111456328));
#2325 = CARTESIAN_POINT('',(-0.311976108927,5.921110365801,
    -7.692320634012));
#2326 = CARTESIAN_POINT('',(2.593589486041,4.620344088605,-7.82908354419
    ));
#2327 = CARTESIAN_POINT('',(4.045132987662,2.310683262965,
    -7.965384014859));
#2328 = CARTESIAN_POINT('',(4.045133720807,1.4881719501E-07,
    -8.101743804543));
#2329 = CARTESIAN_POINT('',(4.113099875505,2.746432094E-07,
    -6.562505665832));
#2330 = CARTESIAN_POINT('',(4.113100852052,-2.349496986318,
    -6.698865752654));
#2331 = CARTESIAN_POINT('',(2.637199092926,-4.698047040905,
    -6.835171102631));
#2332 = CARTESIAN_POINT('',(-0.317363041978,-6.020359831368,
    -6.971903170408));
#2333 = CARTESIAN_POINT('',(-3.927394226617,-5.268571782878,
    -7.107201525839));
#2334 = CARTESIAN_POINT('',(-6.61877435615,-2.181421678696,
    -7.24547172003));
#2335 = CARTESIAN_POINT('',(-6.618292586494,2.181426778698,
    -7.379536778824));
#2336 = CARTESIAN_POINT('',(-3.927718878055,5.268561333594,
    -7.517806972691));
#2337 = CARTESIAN_POINT('',(-0.317227358857,6.020365095872,
    -7.653105328486));
#2338 = CARTESIAN_POINT('',(2.637170950762,4.698046275222,
    -7.789837396075));
#2339 = CARTESIAN_POINT('',(4.113099631586,2.349497398281,
    -7.926142746088));
#2340 = CARTESIAN_POINT('',(4.113100529723,1.3732154225E-07,
    -8.062502832915));
#2341 = ADVANCED_FACE('',(#2342),#2462,.T.);
#2342 = FACE_BOUND('',#2343,.T.);
#2343 = EDGE_LOOP('',(#2344,#2428,#2429,#2430,#2437));
#2344 = ORIENTED_EDGE('',*,*,#2345,.F.);
#2345 = EDGE_CURVE('',#1916,#2346,#2348,.T.);
#2346 = VERTEX_POINT('',#2347);
#2347 = CARTESIAN_POINT('',(-0.642800458339,4.882871344891,-8.5));
#2348 = B_SPLINE_CURVE_WITH_KNOTS('',8,(#2349,#2350,#2351,#2352,#2353,
    #2354,#2355,#2356,#2357,#2358,#2359,#2360,#2361,#2362,#2363,#2364,
    #2365,#2366,#2367,#2368,#2369,#2370,#2371,#2372,#2373,#2374,#2375,
    #2376,#2377,#2378,#2379,#2380,#2381,#2382,#2383,#2384,#2385,#2386,
    #2387,#2388,#2389,#2390,#2391,#2392,#2393,#2394,#2395,#2396,#2397,
    #2398,#2399,#2400,#2401,#2402,#2403,#2404,#2405,#2406,#2407,#2408,
    #2409,#2410,#2411,#2412,#2413,#2414,#2415,#2416,#2417,#2418,#2419,
    #2420,#2421,#2422,#2423,#2424,#2425,#2426,#2427),.UNSPECIFIED.,.F.,
  .F.,(9,7,7,7,7,7,7,7,7,7,7,9),(0.,5.886490220677E-02,
    7.704734893246E-02,0.100363890406,0.174427682952,0.288064688762,
    0.365619833383,0.510799682648,0.658350290845,0.684518612218,
    0.856584727626,1.),.UNSPECIFIED.);
#2349 = CARTESIAN_POINT('',(4.925,6.608E-13,-7.406247355974));
#2350 = CARTESIAN_POINT('',(4.925,-0.166011281216,-7.414294617832));
#2351 = CARTESIAN_POINT('',(4.918604608244,-0.332023998599,
    -7.422341261956));
#2352 = CARTESIAN_POINT('',(4.905813924716,-0.497748691734,
    -7.430387638768));
#2353 = CARTESIAN_POINT('',(4.886643468395,-0.662897751247,
    -7.438434013794));
#2354 = CARTESIAN_POINT('',(4.86112415787,-0.827185540669,
    -7.446480563915));
#2355 = CARTESIAN_POINT('',(4.82930229197,-0.990328518294,
    -7.454527373622));
#2356 = CARTESIAN_POINT('',(4.791239530382,-1.152045359039,
    -7.462574431261));
#2357 = CARTESIAN_POINT('',(4.733351952596,-1.361482190692,
    -7.473107277542));
#2358 = CARTESIAN_POINT('',(4.719102888573,-1.410744821547,
    -7.475592952485));
#2359 = CARTESIAN_POINT('',(4.704267950766,-1.459836760322,
    -7.478078647372));
#2360 = CARTESIAN_POINT('',(4.688849538878,-1.508749853527,
    -7.480564359913));
#2361 = CARTESIAN_POINT('',(4.672850183751,-1.557476002739,
    -7.483050088271));
#2362 = CARTESIAN_POINT('',(4.656272547367,-1.606007164601,
    -7.485535831067));
#2363 = CARTESIAN_POINT('',(4.639119422848,-1.654335350818,
    -7.488021587375));
#2364 = CARTESIAN_POINT('',(4.598662924087,-1.764156562168,
    -7.493695021459));
#2365 = CARTESIAN_POINT('',(4.57499055559,-1.825513655384,
    -7.496882706636));
#2366 = CARTESIAN_POINT('',(4.550382811815,-1.886507125757,
    -7.500070408991));
#2367 = CARTESIAN_POINT('',(4.524846226207,-1.94712034207,
    -7.503258125325));
#2368 = CARTESIAN_POINT('',(4.498387682804,-2.007336823952,
    -7.506445852505));
#2369 = CARTESIAN_POINT('',(4.471014416237,-2.067140241871,
    -7.509633587463));
#2370 = CARTESIAN_POINT('',(4.442734011729,-2.126514417136,
    -7.512821327198));
#2371 = CARTESIAN_POINT('',(4.320866888191,-2.372627951419,
    -7.526134765632));
#2372 = CARTESIAN_POINT('',(4.219104522625,-2.555324036199,
    -7.536260700536));
#2373 = CARTESIAN_POINT('',(4.108523607172,-2.73301229606,
    -7.546386472904));
#2374 = CARTESIAN_POINT('',(3.989414036346,-2.905197029787,
    -7.556511995296));
#2375 = CARTESIAN_POINT('',(3.862097104609,-3.071404957995,
    -7.566637355941));
#2376 = CARTESIAN_POINT('',(3.726924634478,-3.231185030369,
    -7.576762673727));
#2377 = CARTESIAN_POINT('',(3.5842794285,-3.384109197302,-7.586887945654
    ));
#2378 = CARTESIAN_POINT('',(3.204886800768,-3.753269703454,
    -7.61254771083));
#2379 = CARTESIAN_POINT('',(2.958548476159,-3.959709855274,
    -7.62808406522));
#2380 = CARTESIAN_POINT('',(2.697078105664,-4.147606471251,
    -7.643619451361));
#2381 = CARTESIAN_POINT('',(2.42211747751,-4.315679580758,
    -7.659153826989));
#2382 = CARTESIAN_POINT('',(2.135415478974,-4.462832107209,
    -7.67468831777));
#2383 = CARTESIAN_POINT('',(1.838819615411,-4.588142713468,
    -7.690223974456));
#2384 = CARTESIAN_POINT('',(1.534277703135,-4.690876758097,
    -7.705760575532));
#2385 = CARTESIAN_POINT('',(1.01198841771,-4.8248672299,-7.731897755794)
  );
#2386 = CARTESIAN_POINT('',(0.797362985494,-4.868467493016,
    -7.742500354348));
#2387 = CARTESIAN_POINT('',(0.580617950343,-4.901149790771,
    -7.753102864261));
#2388 = CARTESIAN_POINT('',(0.362402391186,-4.922797152982,
    -7.763705233148));
#2389 = CARTESIAN_POINT('',(0.143369244476,-4.93333880722,
    -7.774307588472));
#2390 = CARTESIAN_POINT('',(-7.582523417399E-02,-4.932749137991,
    -7.784910060978));
#2391 = CARTESIAN_POINT('',(-0.294521836165,-4.921048798186,
    -7.795512606103));
#2392 = CARTESIAN_POINT('',(-0.919277919577,-4.855738139204,
    -7.825961711785));
#2393 = CARTESIAN_POINT('',(-1.322578208181,-4.774464418747,
    -7.845814531418));
#2394 = CARTESIAN_POINT('',(-1.717476565254,-4.654915774893,
    -7.865663959158));
#2395 = CARTESIAN_POINT('',(-2.099745712105,-4.498163793785,
    -7.88551041002));
#2396 = CARTESIAN_POINT('',(-2.465386912238,-4.305790743755,
    -7.905356835695));
#2397 = CARTESIAN_POINT('',(-2.810619537263,-4.079845835137,
    -7.925206220891));
#2398 = CARTESIAN_POINT('',(-3.131907472722,-3.822881112942,
    -7.945059051028));
#2399 = CARTESIAN_POINT('',(-3.724980825175,-3.248584617253,
    -7.985077096019));
#2400 = CARTESIAN_POINT('',(-3.996064907143,-2.93014892891,
    -8.005255129524));
#2401 = CARTESIAN_POINT('',(-4.235863426509,-2.5860136016,
    -8.025430070644));
#2402 = CARTESIAN_POINT('',(-4.441587865688,-2.219811595141,
    -8.045602286624));
#2403 = CARTESIAN_POINT('',(-4.61097878999,-1.835450870984,
    -8.065774601661));
#2404 = CARTESIAN_POINT('',(-4.742266967645,-1.437084376102,
    -8.085949804712));
#2405 = CARTESIAN_POINT('',(-4.834220701155,-1.02912312077,
    -8.106128174378));
#2406 = CARTESIAN_POINT('',(-4.895525366476,-0.543049590676,
    -8.129876991464));
#2407 = CARTESIAN_POINT('',(-4.903506123872,-0.469671283609,
    -8.133454406248));
#2408 = CARTESIAN_POINT('',(-4.910229787672,-0.396159891018,
    -8.137031810599));
#2409 = CARTESIAN_POINT('',(-4.91569379928,-0.322540527926,
    -8.140609204929));
#2410 = CARTESIAN_POINT('',(-4.919896204095,-0.248838365881,
    -8.144186588924));
#2411 = CARTESIAN_POINT('',(-4.922835651511,-0.175078632955,
    -8.147763961544));
#2412 = CARTESIAN_POINT('',(-4.924511394918,-0.101286613743,
    -8.15134132102));
#2413 = CARTESIAN_POINT('',(-4.927631661039,0.457767057684,
    -8.17844098594));
#2414 = CARTESIAN_POINT('',(-4.875698934424,0.943622240233,
    -8.201977128089));
#2415 = CARTESIAN_POINT('',(-4.768966658777,1.422440692981,
    -8.225504993777));
#2416 = CARTESIAN_POINT('',(-4.608696287797,1.887051577247,
    -8.249026763403));
#2417 = CARTESIAN_POINT('',(-4.397097894759,2.330645941392,
    -8.27254864676));
#2418 = CARTESIAN_POINT('',(-4.137371386341,2.746820149377,
    -8.296076770964));
#2419 = CARTESIAN_POINT('',(-3.833646650547,3.129577891129,
    -8.319613164949));
#2420 = CARTESIAN_POINT('',(-3.206127891026,3.760313491129,
    -8.362741315606));
#2421 = CARTESIAN_POINT('',(-2.893866923248,4.020351557804,
    -8.382352934916));
#2422 = CARTESIAN_POINT('',(-2.557644982938,4.250598566139,
    -8.401962228847));
#2423 = CARTESIAN_POINT('',(-2.200814587689,4.448527090203,
    -8.421568424967));
#2424 = CARTESIAN_POINT('',(-1.826977882293,4.612080651017,
    -8.441174525913));
#2425 = CARTESIAN_POINT('',(-1.439955127935,4.739643632091,
    -8.46078358991));
#2426 = CARTESIAN_POINT('',(-1.043789498835,4.830084590061,
    -8.480394982576));
#2427 = CARTESIAN_POINT('',(-0.642788186308,4.882872960414,-8.5000006));
#2428 = ORIENTED_EDGE('',*,*,#2029,.T.);
#2429 = ORIENTED_EDGE('',*,*,#2228,.T.);
#2430 = ORIENTED_EDGE('',*,*,#2431,.F.);
#2431 = EDGE_CURVE('',#2432,#2229,#2434,.T.);
#2432 = VERTEX_POINT('',#2433);
#2433 = CARTESIAN_POINT('',(4.667447898777,2.1780725E-08,-8.757552101223
    ));
#2434 = B_SPLINE_CURVE_WITH_KNOTS('',1,(#2435,#2436),.UNSPECIFIED.,.F.,
  .F.,(2,2),(0.,1.05),.PIECEWISE_BEZIER_KNOTS.);
#2435 = CARTESIAN_POINT('',(5.022430344012,-1.647890099E-08,
    -8.962499660046));
#2436 = CARTESIAN_POINT('',(4.11310183819,1.3732138822E-07,
    -8.437502832913));
#2437 = ORIENTED_EDGE('',*,*,#2438,.T.);
#2438 = EDGE_CURVE('',#2432,#2346,#2439,.T.);
#2439 = B_SPLINE_CURVE_WITH_KNOTS('',6,(#2440,#2441,#2442,#2443,#2444,
    #2445,#2446,#2447,#2448,#2449,#2450,#2451,#2452,#2453,#2454,#2455,
    #2456,#2457,#2458,#2459,#2460,#2461),.UNSPECIFIED.,.F.,.F.,(7,5,5,5,
    7),(0.,0.24260144837,0.484624708179,0.736737819281,1.),
  .UNSPECIFIED.);
#2440 = CARTESIAN_POINT('',(4.667447897365,1.6E-15,-8.757552102635));
#2441 = CARTESIAN_POINT('',(4.678123004097,0.329209236758,
    -8.746876994367));
#2442 = CARTESIAN_POINT('',(4.660910522244,0.659425559176,
    -8.736225285034));
#2443 = CARTESIAN_POINT('',(4.615772742745,0.987642282689,
    -8.725602187532));
#2444 = CARTESIAN_POINT('',(4.543122344368,1.310953344154,
    -8.715006210802));
#2445 = CARTESIAN_POINT('',(4.443726600182,1.626548593847,
    -8.704435980696));
#2446 = CARTESIAN_POINT('',(4.194111945829,2.23619448032,-8.683374093769
    ));
#2447 = CARTESIAN_POINT('',(4.043997613267,2.530336341181,
    -8.672880891033));
#2448 = CARTESIAN_POINT('',(3.86958895078,2.811487296439,-8.66241368537)
  );
#2449 = CARTESIAN_POINT('',(3.672397209898,3.077234464662,
    -8.651971122059));
#2450 = CARTESIAN_POINT('',(3.45420697875,3.325387097208,-8.641552345323
    ));
#2451 = CARTESIAN_POINT('',(2.970151588106,3.792180633574,
    -8.620331831333));
#2452 = CARTESIAN_POINT('',(2.702642883085,4.009193803289,
    -8.609530712611));
#2453 = CARTESIAN_POINT('',(2.416961295422,4.202868851849,
    -8.598756953685));
#2454 = CARTESIAN_POINT('',(2.115716595918,4.371451535599,
    -8.588009513034));
#2455 = CARTESIAN_POINT('',(1.801698100872,4.513542768103,
    -8.577287377915));
#2456 = CARTESIAN_POINT('',(1.139791451255,4.747859527438,
    -8.555423763478));
#2457 = CARTESIAN_POINT('',(0.790965148847,4.83762120363,-8.544282930118
    ));
#2458 = CARTESIAN_POINT('',(0.434832548767,4.896323406813,-8.53317126388
    ));
#2459 = CARTESIAN_POINT('',(7.4846289603E-02,4.923410605073,
    -8.522087247122));
#2460 = CARTESIAN_POINT('',(-0.285525418607,4.918779706783,
    -8.511029573142));
#2461 = CARTESIAN_POINT('',(-0.642800458339,4.882871344891,-8.5));
#2462 = B_SPLINE_SURFACE_WITH_KNOTS('',1,11,(
    (#2463,#2464,#2465,#2466,#2467,#2468,#2469,#2470,#2471,#2472,#2473
      ,#2474)
    ,(#2475,#2476,#2477,#2478,#2479,#2480,#2481,#2482,#2483,#2484,#2485
      ,#2486
    )),.UNSPECIFIED.,.F.,.F.,.F.,(2,2),(12,12),(0.,1.05),(0.,
    6.459753679852),.PIECEWISE_BEZIER_KNOTS.);
#2463 = CARTESIAN_POINT('',(5.022432830097,-3.295811178E-08,
    -7.462499320083));
#2464 = CARTESIAN_POINT('',(5.022429696303,-2.868794256225,
    -7.598863382413));
#2465 = CARTESIAN_POINT('',(3.220250109345,-5.737628850637,
    -7.735234013471));
#2466 = CARTESIAN_POINT('',(-0.387484242999,-7.348300498373,
    -7.871553436086));
#2467 = CARTESIAN_POINT('',(-4.796029172183,-6.439673241672,
    -8.00804491155));
#2468 = CARTESIAN_POINT('',(-8.081089726271,-2.65470589074,
    -8.144179751932));
#2469 = CARTESIAN_POINT('',(-8.082921280039,2.654684070365,
    -8.28081922779));
#2470 = CARTESIAN_POINT('',(-4.794797422287,6.43971150291,
    -8.416954069402));
#2471 = CARTESIAN_POINT('',(-0.38800206408,7.348280375363,
    -8.553445543477));
#2472 = CARTESIAN_POINT('',(3.220355318676,5.737632732489,
    -8.689764966817));
#2473 = CARTESIAN_POINT('',(5.022433468395,2.868794206789,
    -8.826135597727));
#2474 = CARTESIAN_POINT('',(5.022430344012,-1.647890099E-08,
    -8.962499660046));
#2475 = CARTESIAN_POINT('',(4.113102492439,2.7464270125E-07,
    -6.937505665823));
#2476 = CARTESIAN_POINT('',(4.113101829525,-2.349498107168,
    -7.073865752657));
#2477 = CARTESIAN_POINT('',(2.637172679714,-4.698048254859,
    -7.210171102813));
#2478 = CARTESIAN_POINT('',(-0.317226906229,-6.020367994108,
    -7.346903169511));
#2479 = CARTESIAN_POINT('',(-3.927720227991,-5.268564254295,
    -7.482201527876));
#2480 = CARTESIAN_POINT('',(-6.618295519948,-2.181428463352,
    -7.620471717144));
#2481 = CARTESIAN_POINT('',(-6.618777740209,2.181422037063,
    -7.754536781484));
#2482 = CARTESIAN_POINT('',(-3.927396623043,5.268573917686,
    -7.892806971074));
#2483 = CARTESIAN_POINT('',(-0.317363798716,6.020362665532,
    -8.028105329074));
#2484 = CARTESIAN_POINT('',(2.637199881177,4.698049548941,
    -8.164837395966));
#2485 = CARTESIAN_POINT('',(4.113102579512,2.349498519132,
    -8.301142746079));
#2486 = CARTESIAN_POINT('',(4.11310183819,1.3732138822E-07,
    -8.437502832913));
#2487 = ADVANCED_FACE('',(#2488),#2562,.T.);
#2488 = FACE_BOUND('',#2489,.F.);
#2489 = EDGE_LOOP('',(#2490,#2491,#2492,#2555));
#2490 = ORIENTED_EDGE('',*,*,#2345,.F.);
#2491 = ORIENTED_EDGE('',*,*,#2162,.T.);
#2492 = ORIENTED_EDGE('',*,*,#2493,.T.);
#2493 = EDGE_CURVE('',#2065,#2494,#2496,.T.);
#2494 = VERTEX_POINT('',#2495);
#2495 = CARTESIAN_POINT('',(-3.907280334866,2.998130314841,-8.5));
#2496 = B_SPLINE_CURVE_WITH_KNOTS('',8,(#2497,#2498,#2499,#2500,#2501,
    #2502,#2503,#2504,#2505,#2506,#2507,#2508,#2509,#2510,#2511,#2512,
    #2513,#2514,#2515,#2516,#2517,#2518,#2519,#2520,#2521,#2522,#2523,
    #2524,#2525,#2526,#2527,#2528,#2529,#2530,#2531,#2532,#2533,#2534,
    #2535,#2536,#2537,#2538,#2539,#2540,#2541,#2542,#2543,#2544,#2545,
    #2546,#2547,#2548,#2549,#2550,#2551,#2552,#2553,#2554),
  .UNSPECIFIED.,.F.,.F.,(9,7,7,7,7,7,7,7,9),(0.,7.780026958238E-02,
    0.227260654249,0.3719444567,0.452600526009,0.623053658332,
    0.625887982287,0.834471592788,1.),.UNSPECIFIED.);
#2497 = CARTESIAN_POINT('',(4.925,-1.1902E-13,-7.593748677967));
#2498 = CARTESIAN_POINT('',(4.925,-0.18179878203,-7.602561221995));
#2499 = CARTESIAN_POINT('',(4.917330334198,-0.36359960866,
    -7.611374938204));
#2500 = CARTESIAN_POINT('',(4.901991196629,-0.545021960519,
    -7.620188957424));
#2501 = CARTESIAN_POINT('',(4.879004914737,-0.725688157631,
    -7.629002830751));
#2502 = CARTESIAN_POINT('',(4.848415921941,-0.905223575342,
    -7.637816394098));
#2503 = CARTESIAN_POINT('',(4.810290730191,-1.083256860248,
    -7.646629632742));
#2504 = CARTESIAN_POINT('',(4.76471790253,-1.259420146124,
    -7.655442545871));
#2505 = CARTESIAN_POINT('',(4.610164026307,-1.767480679379,
    -7.68118444411));
#2506 = CARTESIAN_POINT('',(4.481423608221,-2.093429834929,
    -7.698115362252));
#2507 = CARTESIAN_POINT('',(4.326376218544,-2.408548572453,
    -7.715044166423));
#2508 = CARTESIAN_POINT('',(4.14611112436,-2.710369342514,
    -7.731971343398));
#2509 = CARTESIAN_POINT('',(3.94197053749,-2.996582344148,
    -7.748899041168));
#2510 = CARTESIAN_POINT('',(3.715531665447,-3.265031463759,
    -7.765828977628));
#2511 = CARTESIAN_POINT('',(3.468617688548,-3.513729019073,
    -7.782760682672));
#2512 = CARTESIAN_POINT('',(2.946535682706,-3.960789815271,
    -7.816078420778));
#2513 = CARTESIAN_POINT('',(2.672444165909,-4.160575058726,
    -7.83246951605));
#2514 = CARTESIAN_POINT('',(2.382955042806,-4.338608227896,
    -7.848859826812));
#2515 = CARTESIAN_POINT('',(2.080097856391,-4.493524618753,
    -7.865248872541));
#2516 = CARTESIAN_POINT('',(1.766016993675,-4.624195071529,
    -7.881637782972));
#2517 = CARTESIAN_POINT('',(1.442960903822,-4.729715260398,
    -7.898027791178));
#2518 = CARTESIAN_POINT('',(1.113283303407,-4.809420835168,
    -7.914418661663));
#2519 = CARTESIAN_POINT('',(0.593359736503,-4.892756985921,
    -7.939942998439));
#2520 = CARTESIAN_POINT('',(0.40595596326,-4.914446774144,
    -7.949079027075));
#2521 = CARTESIAN_POINT('',(0.217664031569,-4.927930845906,
    -7.958214967827));
#2522 = CARTESIAN_POINT('',(2.89036032017E-02,-4.933168053784,
    -7.967350819555));
#2523 = CARTESIAN_POINT('',(-0.159905243894,-4.930143038956,
    -7.976486666019));
#2524 = CARTESIAN_POINT('',(-0.34834227865,-4.918866233478,
    -7.985622590397));
#2525 = CARTESIAN_POINT('',(-0.535987379928,-4.899373862564,
    -7.99475858981));
#2526 = CARTESIAN_POINT('',(-1.116416696252,-4.81330292113,
    -8.023201688792));
#2527 = CARTESIAN_POINT('',(-1.505122362954,-4.718445119424,
    -8.042514258783));
#2528 = CARTESIAN_POINT('',(-1.884438756366,-4.587728968335,
    -8.061824679063));
#2529 = CARTESIAN_POINT('',(-2.250520876759,-4.422288208414,
    -8.081132350088));
#2530 = CARTESIAN_POINT('',(-2.599739021065,-4.223709678728,
    -8.100440098179));
#2531 = CARTESIAN_POINT('',(-2.928673965521,-3.99399378644,
    -8.119750703285));
#2532 = CARTESIAN_POINT('',(-3.23414607788,-3.73558166141,
    -8.139063449828));
#2533 = CARTESIAN_POINT('',(-3.517919818707,-3.446724389069,
    -8.158691744934));
#2534 = CARTESIAN_POINT('',(-3.522554004738,-3.441992661364,
    -8.159012788301));
#2535 = CARTESIAN_POINT('',(-3.527180909787,-3.437253820405,
    -8.159333831116));
#2536 = CARTESIAN_POINT('',(-3.531800525046,-3.43250787525,
    -8.159654873651));
#2537 = CARTESIAN_POINT('',(-3.536412840407,-3.427754836321,
    -8.159975916088));
#2538 = CARTESIAN_POINT('',(-3.541017844464,-3.4229947154,
    -8.160296958515));
#2539 = CARTESIAN_POINT('',(-3.545615524512,-3.418227525632,
    -8.16061800093));
#2540 = CARTESIAN_POINT('',(-3.888018385499,-3.062107038389,
    -8.184565193803));
#2541 = CARTESIAN_POINT('',(-4.186301873422,-2.672335494763,
    -8.208205593544));
#2542 = CARTESIAN_POINT('',(-4.439603576522,-2.249638330947,
    -8.231837542641));
#2543 = CARTESIAN_POINT('',(-4.643848782486,-1.800166932984,
    -8.255463161295));
#2544 = CARTESIAN_POINT('',(-4.795915492563,-1.330468743315,
    -8.279088715703));
#2545 = CARTESIAN_POINT('',(-4.893696984475,-0.847484844812,
    -8.302720524436));
#2546 = CARTESIAN_POINT('',(-4.936057152467,-0.358505597171,
    -8.326360830254));
#2547 = CARTESIAN_POINT('',(-4.91320720249,0.515393073881,
    -8.368736325106));
#2548 = CARTESIAN_POINT('',(-4.868388725362,0.901244008932,
    -8.387490507711));
#2549 = CARTESIAN_POINT('',(-4.788932846863,1.282502749985,
    -8.406242980064));
#2550 = CARTESIAN_POINT('',(-4.675428201522,1.65554742481,
    -8.424993159337));
#2551 = CARTESIAN_POINT('',(-4.528888178724,2.016894393602,
    -8.443743441029));
#2552 = CARTESIAN_POINT('',(-4.350717397701,2.363198595236,
    -8.462496200012));
#2553 = CARTESIAN_POINT('',(-4.142737577212,2.69127485226,
    -8.481250798365));
#2554 = CARTESIAN_POINT('',(-3.907272799926,2.998140134644,-8.5000006));
#2555 = ORIENTED_EDGE('',*,*,#2556,.F.);
#2556 = EDGE_CURVE('',#2346,#2494,#2557,.T.);
#2557 = CIRCLE('',#2558,4.925);
#2558 = AXIS2_PLACEMENT_3D('',#2559,#2560,#2561);
#2559 = CARTESIAN_POINT('',(0.,0.,-8.5));
#2560 = DIRECTION('',(0.,0.,1.));
#2561 = DIRECTION('',(1.,0.,0.));
#2562 = CYLINDRICAL_SURFACE('',#2563,4.925);
#2563 = AXIS2_PLACEMENT_3D('',#2564,#2565,#2566);
#2564 = CARTESIAN_POINT('',(0.,0.,-1.5));
#2565 = DIRECTION('',(-0.,-0.,-1.));
#2566 = DIRECTION('',(1.,0.,0.));
#2567 = ADVANCED_FACE('',(#2568),#2614,.T.);
#2568 = FACE_BOUND('',#2569,.T.);
#2569 = EDGE_LOOP('',(#2570,#2587,#2588,#2589));
#2570 = ORIENTED_EDGE('',*,*,#2571,.F.);
#2571 = EDGE_CURVE('',#2177,#2572,#2574,.T.);
#2572 = VERTEX_POINT('',#2573);
#2573 = CARTESIAN_POINT('',(2.047548463102,3.567234003576,
    -9.311897382143));
#2574 = ( BOUNDED_CURVE() B_SPLINE_CURVE(11,(#2575,#2576,#2577,#2578,
    #2579,#2580,#2581,#2582,#2583,#2584,#2585,#2586),.UNSPECIFIED.,.F.,
.F.) B_SPLINE_CURVE_WITH_KNOTS((12,12),(0.,6.459753679852),
.PIECEWISE_BEZIER_KNOTS.) CURVE() GEOMETRIC_REPRESENTATION_ITEM() 
RATIONAL_B_SPLINE_CURVE((1.056590953773,1.056590953773,1.056590953773,
    1.056590953773,1.056590953773,1.056590953774,1.056590953772,
    1.056590953774,1.056590953773,1.056590953773,1.056590953773,
1.056590953773)) REPRESENTATION_ITEM('') );
#2575 = CARTESIAN_POINT('',(4.113100529724,1.3732156567E-07,
    -8.062502832915));
#2576 = CARTESIAN_POINT('',(4.113101427862,-2.34949749725,-8.19886291974
    ));
#2577 = CARTESIAN_POINT('',(2.637199355671,-4.698047876906,
    -8.335168269764));
#2578 = CARTESIAN_POINT('',(-0.317363294226,-6.020360776072,
    -8.471900337244));
#2579 = CARTESIAN_POINT('',(-3.927395025414,-5.268572494474,
    -8.607198693533));
#2580 = CARTESIAN_POINT('',(-6.618775484155,-2.181421798138,
    -8.745468886188));
#2581 = CARTESIAN_POINT('',(-6.618293564296,2.181427340239,
    -8.879533946833));
#2582 = CARTESIAN_POINT('',(-3.927719328025,5.268562307149,
    -9.017804139165));
#2583 = CARTESIAN_POINT('',(-0.317227207978,6.020366061936,
    -9.153102495817));
#2584 = CARTESIAN_POINT('',(2.637171527072,4.698046935089,
    -9.289834563111));
#2585 = CARTESIAN_POINT('',(4.113100364223,2.349497634571,-9.42613991317
    ));
#2586 = CARTESIAN_POINT('',(4.113101183952,9.459E-14,-9.5625));
#2587 = ORIENTED_EDGE('',*,*,#2195,.T.);
#2588 = ORIENTED_EDGE('',*,*,#2493,.T.);
#2589 = ORIENTED_EDGE('',*,*,#2590,.T.);
#2590 = EDGE_CURVE('',#2494,#2572,#2591,.T.);
#2591 = B_SPLINE_CURVE_WITH_KNOTS('',6,(#2592,#2593,#2594,#2595,#2596,
    #2597,#2598,#2599,#2600,#2601,#2602,#2603,#2604,#2605,#2606,#2607,
    #2608,#2609,#2610,#2611,#2612,#2613),.UNSPECIFIED.,.F.,.F.,(7,5,5,5,
    7),(0.,0.285888783194,0.544036036674,0.781630424963,1.),
  .UNSPECIFIED.);
#2592 = CARTESIAN_POINT('',(-3.907280334866,2.998130314841,-8.5));
#2593 = CARTESIAN_POINT('',(-3.687962706311,3.224902939901,
    -8.535947527992));
#2594 = CARTESIAN_POINT('',(-3.451322777562,3.434482050453,
    -8.572169357262));
#2595 = CARTESIAN_POINT('',(-3.198906328021,3.625012399192,
    -8.608668826513));
#2596 = CARTESIAN_POINT('',(-2.932509431915,3.794840499079,
    -8.645455016267));
#2597 = CARTESIAN_POINT('',(-2.654164013824,3.942504610798,
    -8.682538860732));
#2598 = CARTESIAN_POINT('',(-2.106131267084,4.179052025412,-8.7536850593
    ));
#2599 = CARTESIAN_POINT('',(-1.838204689304,4.272257487467,
    -8.787693999772));
#2600 = CARTESIAN_POINT('',(-1.56409268779,4.345539184595,
    -8.821956515816));
#2601 = CARTESIAN_POINT('',(-1.28561079367,4.398218395248,
    -8.856480638127));
#2602 = CARTESIAN_POINT('',(-1.004686302253,4.42981729716,
    -8.891275641418));
#2603 = CARTESIAN_POINT('',(-0.464436349867,4.449594346245,
    -8.95862558422));
#2604 = CARTESIAN_POINT('',(-0.205155780847,4.441029852535,
    -8.991140312347));
#2605 = CARTESIAN_POINT('',(5.288392764209E-02,4.414246503408,
    -9.023894697907));
#2606 = CARTESIAN_POINT('',(0.308056912735,4.369257782788,-9.05689578935
    ));
#2607 = CARTESIAN_POINT('',(0.558710077653,4.306261481837,
    -9.090151507376));
#2608 = CARTESIAN_POINT('',(1.027860541982,4.151619968034,
    -9.154470028367));
#2609 = CARTESIAN_POINT('',(1.247329734009,4.062701187943,
    -9.185494101336));
#2610 = CARTESIAN_POINT('',(1.460287556631,3.959252442216,
    -9.216742447403));
#2611 = CARTESIAN_POINT('',(1.665461305789,3.841745941732,
    -9.248221434546));
#2612 = CARTESIAN_POINT('',(1.861612563884,3.710808824207,
    -9.279938000201));
#2613 = CARTESIAN_POINT('',(2.047548463103,3.567234003575,
    -9.311897382143));
#2614 = B_SPLINE_SURFACE_WITH_KNOTS('',1,11,(
    (#2615,#2616,#2617,#2618,#2619,#2620,#2621,#2622,#2623,#2624,#2625
      ,#2626)
    ,(#2627,#2628,#2629,#2630,#2631,#2632,#2633,#2634,#2635,#2636,#2637
      ,#2638
    )),.UNSPECIFIED.,.F.,.F.,.F.,(2,2),(12,12),(0.,1.05),(0.,
    6.459753679852),.PIECEWISE_BEZIER_KNOTS.);
#2615 = CARTESIAN_POINT('',(4.113100529724,1.3732157278E-07,
    -8.062502832915));
#2616 = CARTESIAN_POINT('',(4.113101427862,-2.34949749725,-8.19886291974
    ));
#2617 = CARTESIAN_POINT('',(2.637199355671,-4.698047876906,
    -8.335168269763));
#2618 = CARTESIAN_POINT('',(-0.317363294225,-6.020360776072,
    -8.471900337247));
#2619 = CARTESIAN_POINT('',(-3.927395025414,-5.268572494473,
    -8.607198693526));
#2620 = CARTESIAN_POINT('',(-6.618775484156,-2.181421798138,
    -8.745468886199));
#2621 = CARTESIAN_POINT('',(-6.618293564295,2.181427340236,
    -8.879533946821));
#2622 = CARTESIAN_POINT('',(-3.927719328025,5.268562307153,
    -9.017804139175));
#2623 = CARTESIAN_POINT('',(-0.317227207979,6.020366061934,
    -9.153102495812));
#2624 = CARTESIAN_POINT('',(2.637171527072,4.69804693509,-9.289834563113
    ));
#2625 = CARTESIAN_POINT('',(4.113100364223,2.349497634571,
    -9.426139913169));
#2626 = CARTESIAN_POINT('',(4.113101183952,9.237E-14,-9.5625));
#2627 = CARTESIAN_POINT('',(5.022425371838,-1.647829193E-08,
    -7.537499660055));
#2628 = CARTESIAN_POINT('',(5.022428477404,-2.868791400259,
    -7.673863722352));
#2629 = CARTESIAN_POINT('',(3.220352092597,-5.737627069241,
    -7.810234352907));
#2630 = CARTESIAN_POINT('',(-0.388001727266,-7.348273111759,
    -7.946553778497));
#2631 = CARTESIAN_POINT('',(-4.794792718724,-6.439705067835,
    -8.083045246057));
#2632 = CARTESIAN_POINT('',(-8.082913295925,-2.654681429483,
    -8.219180099338));
#2633 = CARTESIAN_POINT('',(-8.081081706024,2.654703355965,
    -8.355819561121));
#2634 = CARTESIAN_POINT('',(-4.79602438496,6.439666869465,
    -8.491954413182));
#2635 = CARTESIAN_POINT('',(-0.387483809403,7.3482932399,-8.628445882118
    ));
#2636 = CARTESIAN_POINT('',(3.220246958513,5.737623145114,
    -8.764765306992));
#2637 = CARTESIAN_POINT('',(5.022424742953,2.868791383781,
    -8.901135937692));
#2638 = CARTESIAN_POINT('',(5.022427857926,9.118E-14,-9.0375));
#2639 = ADVANCED_FACE('',(#2640),#2799,.T.);
#2640 = FACE_BOUND('',#2641,.T.);
#2641 = EDGE_LOOP('',(#2642,#2659,#2660,#2661));
#2642 = ORIENTED_EDGE('',*,*,#2643,.F.);
#2643 = EDGE_CURVE('',#2229,#2644,#2646,.T.);
#2644 = VERTEX_POINT('',#2645);
#2645 = CARTESIAN_POINT('',(-3.567252564233,2.047520225328,
    -9.311895341697));
#2646 = B_SPLINE_CURVE_WITH_KNOTS('',11,(#2647,#2648,#2649,#2650,#2651,
    #2652,#2653,#2654,#2655,#2656,#2657,#2658),.UNSPECIFIED.,.F.,.F.,(12
    ,12),(0.,6.459753679852),.PIECEWISE_BEZIER_KNOTS.);
#2647 = CARTESIAN_POINT('',(4.11310183819,1.3732141809E-07,
    -8.437502832913));
#2648 = CARTESIAN_POINT('',(4.113101096868,-2.349497870867,
    -8.573862919743));
#2649 = CARTESIAN_POINT('',(2.637172103391,-4.698047594968,
    -8.710168269853));
#2650 = CARTESIAN_POINT('',(-0.317227057106,-6.020367028014,
    -8.846900336848));
#2651 = CARTESIAN_POINT('',(-3.927719778,-5.268563280718,-8.982198694353
    ));
#2652 = CARTESIAN_POINT('',(-6.618294542116,-2.18142790179,
    -9.120468885162));
#2653 = CARTESIAN_POINT('',(-6.618776612172,2.181421917596,
    -9.254533947643));
#2654 = CARTESIAN_POINT('',(-3.927395824226,5.268573206075,
    -9.392804138777));
#2655 = CARTESIAN_POINT('',(-0.317363546469,6.020361720793,
    -9.528102495912));
#2656 = CARTESIAN_POINT('',(2.63719961842,4.698048712919,-9.664834563104
    ));
#2657 = CARTESIAN_POINT('',(4.113102003682,2.349498008188,-9.80113991317
    ));
#2658 = CARTESIAN_POINT('',(4.113101183952,9.222E-14,-9.9375));
#2659 = ORIENTED_EDGE('',*,*,#2247,.T.);
#2660 = ORIENTED_EDGE('',*,*,#2571,.T.);
#2661 = ORIENTED_EDGE('',*,*,#2662,.T.);
#2662 = EDGE_CURVE('',#2572,#2644,#2663,.T.);
#2663 = B_SPLINE_CURVE_WITH_KNOTS('',8,(#2664,#2665,#2666,#2667,#2668,
    #2669,#2670,#2671,#2672,#2673,#2674,#2675,#2676,#2677,#2678,#2679,
    #2680,#2681,#2682,#2683,#2684,#2685,#2686,#2687,#2688,#2689,#2690,
    #2691,#2692,#2693,#2694,#2695,#2696,#2697,#2698,#2699,#2700,#2701,
    #2702,#2703,#2704,#2705,#2706,#2707,#2708,#2709,#2710,#2711,#2712,
    #2713,#2714,#2715,#2716,#2717,#2718,#2719,#2720,#2721,#2722,#2723,
    #2724,#2725,#2726,#2727,#2728,#2729,#2730,#2731,#2732,#2733,#2734,
    #2735,#2736,#2737,#2738,#2739,#2740,#2741,#2742,#2743,#2744,#2745,
    #2746,#2747,#2748,#2749,#2750,#2751,#2752,#2753,#2754,#2755,#2756,
    #2757,#2758,#2759,#2760,#2761,#2762,#2763,#2764,#2765,#2766,#2767,
    #2768,#2769,#2770,#2771,#2772,#2773,#2774,#2775,#2776,#2777,#2778,
    #2779,#2780,#2781,#2782,#2783,#2784,#2785,#2786,#2787,#2788,#2789,
    #2790,#2791,#2792,#2793,#2794,#2795,#2796,#2797,#2798),
  .UNSPECIFIED.,.F.,.F.,(9,7,7,7,7,7,7,7,7,7,7,7,7,7,7,7,7,7,7,9),(0.,
    2.84837726724E-02,3.529243108442E-02,4.590400166752E-02,
    5.366525746844E-02,6.626328725646E-02,8.070668973732E-02,
    9.72158545659E-02,0.160650603853,0.182290098911,0.203051062281,
    0.223313893321,0.241737973124,0.25790063662,0.316621879588,
    0.436597766326,0.652796541965,0.824188334807,0.8968015923,1.),
  .UNSPECIFIED.);
#2664 = CARTESIAN_POINT('',(2.047548463103,3.567234003575,
    -9.311897382143));
#2665 = CARTESIAN_POINT('',(2.064034244187,3.554504116168,
    -9.314731021997));
#2666 = CARTESIAN_POINT('',(2.079953831785,3.541864556848,
    -9.317649869043));
#2667 = CARTESIAN_POINT('',(2.095278960305,3.529322692967,
    -9.320672023528));
#2668 = CARTESIAN_POINT('',(2.109915532137,3.516927951066,
    -9.323812425573));
#2669 = CARTESIAN_POINT('',(2.123696420873,3.504779389879,
    -9.327083641792));
#2670 = CARTESIAN_POINT('',(2.136385619935,3.493028008101,-9.33049562044
    ));
#2671 = CARTESIAN_POINT('',(2.147669833844,3.481883217438,
    -9.334056825476));
#2672 = CARTESIAN_POINT('',(2.159371015441,3.46918271522,-9.338668933351
    ));
#2673 = CARTESIAN_POINT('',(2.161521621696,3.466785399014,
    -9.339567275672));
#2674 = CARTESIAN_POINT('',(2.163559134395,3.464445430837,
    -9.340474080681));
#2675 = CARTESIAN_POINT('',(2.165476718903,3.462167773144,
    -9.341389132922));
#2676 = CARTESIAN_POINT('',(2.167267153578,3.459957790107,
    -9.342312098316));
#2677 = CARTESIAN_POINT('',(2.168922983674,3.45782115488,-9.343242514789
    ));
#2678 = CARTESIAN_POINT('',(2.170436675239,3.455763756869,
    -9.344179782893));
#2679 = CARTESIAN_POINT('',(2.173926764563,3.450717936466,
    -9.346593442391));
#2680 = CARTESIAN_POINT('',(2.175690210378,3.44785008362,-9.348079172701
    ));
#2681 = CARTESIAN_POINT('',(2.177061519891,3.445212626191,-9.34957670604
    ));
#2682 = CARTESIAN_POINT('',(2.178012854202,3.442829784282,-9.35108172601
    ));
#2683 = CARTESIAN_POINT('',(2.178520659834,3.4407236665,-9.352589247841)
  );
#2684 = CARTESIAN_POINT('',(2.178568206493,3.438912514098,-9.35409362509
    ));
#2685 = CARTESIAN_POINT('',(2.178148124819,3.437408945109,
    -9.355588556345));
#2686 = CARTESIAN_POINT('',(2.176618989703,3.435347291665,
    -9.358148486315));
#2687 = CARTESIAN_POINT('',(2.175725143006,3.434643439269,
    -9.359221442514));
#2688 = CARTESIAN_POINT('',(2.174584953117,3.434108749315,
    -9.360283336015));
#2689 = CARTESIAN_POINT('',(2.173203010324,3.433742818111,
    -9.361331896793));
#2690 = CARTESIAN_POINT('',(2.171586478697,3.433543085259,
    -9.362365182389));
#2691 = CARTESIAN_POINT('',(2.169744628643,3.433505188651,
    -9.363381550999));
#2692 = CARTESIAN_POINT('',(2.167688369461,3.433623319466,
    -9.364379634558));
#2693 = CARTESIAN_POINT('',(2.161763654389,3.434324388495,
    -9.366946895645));
#2694 = CARTESIAN_POINT('',(2.157564800664,3.435151088165,
    -9.368484182511));
#2695 = CARTESIAN_POINT('',(2.152882242664,3.436341254143,
    -9.369966740555));
#2696 = CARTESIAN_POINT('',(2.147768607632,3.437860172264,
    -9.371393375818));
#2697 = CARTESIAN_POINT('',(2.142275167943,3.439672159394,
    -9.372764459753));
#2698 = CARTESIAN_POINT('',(2.136448291452,3.441743611357,
    -9.374081438374));
#2699 = CARTESIAN_POINT('',(2.130327302342,3.444044775615,
    -9.375346523072));
#2700 = CARTESIAN_POINT('',(2.116625133535,3.449422726154,
    -9.377956729906));
#2701 = CARTESIAN_POINT('',(2.108964105447,3.452562699521,
    -9.379285920142));
#2702 = CARTESIAN_POINT('',(2.101007762724,3.455931979707,
    -9.380554572386));
#2703 = CARTESIAN_POINT('',(2.092796283331,3.459497646418,
    -9.381766819837));
#2704 = CARTESIAN_POINT('',(2.084363184018,3.463231727499,
    -9.382926539541));
#2705 = CARTESIAN_POINT('',(2.075735575633,3.467110878274,
    -9.384037401645));
#2706 = CARTESIAN_POINT('',(2.066934418433,3.47111606087,-9.385102918652
    ));
#2707 = CARTESIAN_POINT('',(2.047733686983,3.479937098904,
    -9.387296467274));
#2708 = CARTESIAN_POINT('',(2.037289239091,3.484785239818,
    -9.388411231885));
#2709 = CARTESIAN_POINT('',(2.026666450152,3.48975304708,-9.389475556793
    ));
#2710 = CARTESIAN_POINT('',(2.015886188275,3.494820773166,
    -9.390493514989));
#2711 = CARTESIAN_POINT('',(2.004965566978,3.499972028443,
    -9.391468612305));
#2712 = CARTESIAN_POINT('',(1.993918338922,3.505193287371,
    -9.392403915552));
#2713 = CARTESIAN_POINT('',(1.982755289645,3.510473394701,-9.39330218066
    ));
#2714 = CARTESIAN_POINT('',(1.928178298479,3.536281801271,
    -9.397485043098));
#2715 = CARTESIAN_POINT('',(1.883343805802,3.557463932916,
    -9.400290459241));
#2716 = CARTESIAN_POINT('',(1.83740890276,3.57884643246,-9.402730288627)
  );
#2717 = CARTESIAN_POINT('',(1.790592741224,3.600190444387,
    -9.404866333583));
#2718 = CARTESIAN_POINT('',(1.743070316853,3.621305958617,
    -9.406754677017));
#2719 = CARTESIAN_POINT('',(1.694930588368,3.642089850228,-9.4084288179)
  );
#2720 = CARTESIAN_POINT('',(1.646218366181,3.662467174192,
    -9.409919085268));
#2721 = CARTESIAN_POINT('',(1.580100856147,3.689197400502,
    -9.411701192346));
#2722 = CARTESIAN_POINT('',(1.563221754587,3.695941742098,
    -9.412135530769));
#2723 = CARTESIAN_POINT('',(1.546283197802,3.702628828606,
    -9.412551757287));
#2724 = CARTESIAN_POINT('',(1.529287042289,3.709256348905,
    -9.412950658284));
#2725 = CARTESIAN_POINT('',(1.51223501254,3.715822173845,-9.413332959887
    ));
#2726 = CARTESIAN_POINT('',(1.495128701044,3.722324356251,
    -9.413699327961));
#2727 = CARTESIAN_POINT('',(1.477969568285,3.728761130919,
    -9.414050368115));
#2728 = CARTESIAN_POINT('',(1.444247043293,3.741242094463,
    -9.414709231717));
#2729 = CARTESIAN_POINT('',(1.42768778993,3.747291570459,-9.415018242523
    ));
#2730 = CARTESIAN_POINT('',(1.411082381284,3.753277919652,
    -9.415314146226));
#2731 = CARTESIAN_POINT('',(1.394431961538,3.75919980435,-9.415597401272
    ));
#2732 = CARTESIAN_POINT('',(1.377737620423,3.76505597212,-9.415868436438
    ));
#2733 = CARTESIAN_POINT('',(1.361000393221,3.77084525579,-9.416127650831
    ));
#2734 = CARTESIAN_POINT('',(1.344221260764,3.776566573451,
    -9.416375413894));
#2735 = CARTESIAN_POINT('',(1.31098461481,3.78773566254,-9.416843038761)
  );
#2736 = CARTESIAN_POINT('',(1.294529060143,3.793186686629,
    -9.417063432552));
#2737 = CARTESIAN_POINT('',(1.278035354853,3.798571065644,
    -9.417273565127));
#2738 = CARTESIAN_POINT('',(1.261504341794,3.803887912247,
    -9.417473737839));
#2739 = CARTESIAN_POINT('',(1.244936837252,3.809136386831,
    -9.417664235034));
#2740 = CARTESIAN_POINT('',(1.228333630949,3.814315697526,
    -9.417845324053));
#2741 = CARTESIAN_POINT('',(1.211695486039,3.819425100197,
    -9.418017255236));
#2742 = CARTESIAN_POINT('',(1.179863724831,3.829045450783,
    -9.418328476549));
#2743 = CARTESIAN_POINT('',(1.164676039918,3.833568624802,
    -9.418469315036));
#2744 = CARTESIAN_POINT('',(1.149460641021,3.838032893588,
    -9.418602953882));
#2745 = CARTESIAN_POINT('',(1.13421807417,3.84243775235,-9.418729561698)
  );
#2746 = CARTESIAN_POINT('',(1.118948874782,3.846782718413,
    -9.418849299199));
#2747 = CARTESIAN_POINT('',(1.103653567652,3.851067331218,
    -9.418962319204));
#2748 = CARTESIAN_POINT('',(1.088332666964,3.855291152327,
    -9.419068766639));
#2749 = CARTESIAN_POINT('',(1.059524289768,3.863105449268,
    -9.419256514725));
#2750 = CARTESIAN_POINT('',(1.046042596231,3.866710026446,
    -9.419339299003));
#2751 = CARTESIAN_POINT('',(1.032541936498,3.870267214788,
    -9.419417224263));
#2752 = CARTESIAN_POINT('',(1.019022647384,3.873776741832,
    -9.419490379981));
#2753 = CARTESIAN_POINT('',(1.00548506169,3.877238344827,-9.41955885222)
  );
#2754 = CARTESIAN_POINT('',(0.991929508204,3.880651770724,
    -9.419622723624));
#2755 = CARTESIAN_POINT('',(0.978356311702,3.884016776183,
    -9.419682073424));
#2756 = CARTESIAN_POINT('',(0.915389515685,3.899381901311,
    -9.419936451468));
#2757 = CARTESIAN_POINT('',(0.865784663412,3.91078841706,-9.420077251812
    ));
#2758 = CARTESIAN_POINT('',(0.815966538936,3.921541488128,
    -9.420163014661));
#2759 = CARTESIAN_POINT('',(0.765950024366,3.931631289184,
    -9.420196899606));
#2760 = CARTESIAN_POINT('',(0.715749644455,3.941049186154,
    -9.420181661547));
#2761 = CARTESIAN_POINT('',(0.665379629935,3.949787566124,
    -9.420119722612));
#2762 = CARTESIAN_POINT('',(0.614853980858,3.957839667242,
    -9.420013244065));
#2763 = CARTESIAN_POINT('',(0.460665690703,3.980236411469,
    -9.419559676278));
#2764 = CARTESIAN_POINT('',(0.356553018227,3.992383216391,
    -9.419077447378));
#2765 = CARTESIAN_POINT('',(0.251966912111,4.001588335308,
    -9.418434132736));
#2766 = CARTESIAN_POINT('',(0.14702327009,4.007812940376,-9.417642708386
    ));
#2767 = CARTESIAN_POINT('',(4.183650904472E-02,4.01102817451,
    -9.41671364741));
#2768 = CARTESIAN_POINT('',(-6.347973529326E-02,4.011213339089,
    -9.415655718346));
#2769 = CARTESIAN_POINT('',(-0.16881222995,4.008354958854,
    -9.414476439758));
#2770 = CARTESIAN_POINT('',(-0.463685057202,3.991799975066,
    -9.410849930664));
#2771 = CARTESIAN_POINT('',(-0.653016921433,3.971248842577,
    -9.408144296993));
#2772 = CARTESIAN_POINT('',(-0.841375172076,3.940755342548,
    -9.405102661509));
#2773 = CARTESIAN_POINT('',(-1.028111076762,3.900354202074,
    -9.401751950504));
#2774 = CARTESIAN_POINT('',(-1.212591248257,3.850140515497,
    -9.398112277448));
#2775 = CARTESIAN_POINT('',(-1.394195329694,3.790263193298,
    -9.394199429625));
#2776 = CARTESIAN_POINT('',(-1.572315795798,3.720924203692,
    -9.390026208973));
#2777 = CARTESIAN_POINT('',(-1.884333481827,3.580120471306,
    -9.382095828264));
#2778 = CARTESIAN_POINT('',(-2.019752790999,3.512070884125,
    -9.378431526841));
#2779 = CARTESIAN_POINT('',(-2.152325304678,3.438362232498,
    -9.374614647696));
#2780 = CARTESIAN_POINT('',(-2.281770441998,3.359139609969,
    -9.370649031806));
#2781 = CARTESIAN_POINT('',(-2.407819541292,3.274565435957,
    -9.366537561528));
#2782 = CARTESIAN_POINT('',(-2.530215867225,3.184819075179,
    -9.36228228581));
#2783 = CARTESIAN_POINT('',(-2.648714617931,3.090096457092,
    -9.357884545419));
#2784 = CARTESIAN_POINT('',(-2.811537153387,2.94846031506,
    -9.351421878579));
#2785 = CARTESIAN_POINT('',(-2.859250346446,2.905455518593,
    -9.349473208575));
#2786 = CARTESIAN_POINT('',(-2.906204972679,2.861611320432,
    -9.347499135985));
#2787 = CARTESIAN_POINT('',(-2.952383985643,2.816944165202,
    -9.345499684769));
#2788 = CARTESIAN_POINT('',(-2.997770831097,2.77147092763,
    -9.343474855017));
#2789 = CARTESIAN_POINT('',(-3.042349447007,2.725208912554,
    -9.341424622941));
#2790 = CARTESIAN_POINT('',(-3.086104263536,2.678175854916,
    -9.339348940883));
#2791 = CARTESIAN_POINT('',(-3.190012599982,2.562476255124,
    -9.334261493882));
#2792 = CARTESIAN_POINT('',(-3.249310773918,2.493041708082,
    -9.331223690554));
#2793 = CARTESIAN_POINT('',(-3.306871359192,2.422138528625,
    -9.328134134109));
#2794 = CARTESIAN_POINT('',(-3.362653274522,2.349820371464,
    -9.324992517745));
#2795 = CARTESIAN_POINT('',(-3.41661772301,2.276142296033,-9.32179842108
    ));
#2796 = CARTESIAN_POINT('',(-3.468728192144,2.20116076649,
    -9.318551310146));
#2797 = CARTESIAN_POINT('',(-3.518950453798,2.12493365172,
    -9.315250537396));
#2798 = CARTESIAN_POINT('',(-3.567252564233,2.047520225328,
    -9.311895341697));
#2799 = ( BOUNDED_SURFACE() B_SPLINE_SURFACE(6,11,(
    (#2800,#2801,#2802,#2803,#2804,#2805,#2806,#2807,#2808,#2809,#2810
      ,#2811)
    ,(#2812,#2813,#2814,#2815,#2816,#2817,#2818,#2819,#2820,#2821,#2822
      ,#2823)
    ,(#2824,#2825,#2826,#2827,#2828,#2829,#2830,#2831,#2832,#2833,#2834
      ,#2835)
    ,(#2836,#2837,#2838,#2839,#2840,#2841,#2842,#2843,#2844,#2845,#2846
      ,#2847)
    ,(#2848,#2849,#2850,#2851,#2852,#2853,#2854,#2855,#2856,#2857,#2858
      ,#2859)
    ,(#2860,#2861,#2862,#2863,#2864,#2865,#2866,#2867,#2868,#2869,#2870
      ,#2871)
    ,(#2872,#2873,#2874,#2875,#2876,#2877,#2878,#2879,#2880,#2881,#2882
,#2883
    )),.UNSPECIFIED.,.F.,.F.,.F.) B_SPLINE_SURFACE_WITH_KNOTS((7,7),(12,
    12),(0.,2.094395102393),(0.,6.459753679852),
.PIECEWISE_BEZIER_KNOTS.) GEOMETRIC_REPRESENTATION_ITEM() 
RATIONAL_B_SPLINE_SURFACE((
    (1.056590953773,1.056590953773,1.056590953773,1.056590953773
      ,1.056590953773,1.056590953774,1.056590953772,1.056590953774
      ,1.056590953773,1.056590953773,1.056590953773,1.056590953773)
    ,(1.017435169568,1.017435169568,1.017435169568,1.017435169568
      ,1.017435169568,1.017435169568,1.017435169568,1.017435169568
      ,1.017435169568,1.017435169568,1.017435169568,1.017435169568)
    ,(0.996326512422,0.996326512422,0.996326512422,0.996326512423
      ,0.996326512421,0.996326512423,0.996326512421,0.996326512423
      ,0.996326512422,0.996326512422,0.996326512422,0.996326512422)
    ,(0.989390034249,0.989390034249,0.989390034248,0.989390034249
      ,0.989390034248,0.98939003425,0.989390034247,0.989390034249
      ,0.989390034248,0.989390034249,0.989390034249,0.989390034249)
    ,(0.996326512422,0.996326512422,0.996326512422,0.996326512422
      ,0.996326512421,0.996326512423,0.996326512421,0.996326512423
      ,0.996326512422,0.996326512422,0.996326512422,0.996326512422)
    ,(1.017435169568,1.017435169568,1.017435169568,1.017435169568
      ,1.017435169568,1.017435169569,1.017435169568,1.017435169568
      ,1.017435169568,1.017435169568,1.017435169568,1.017435169568)
    ,(1.056590953773,1.056590953773,1.056590953773,1.056590953773
      ,1.056590953773,1.056590953774,1.056590953772,1.056590953774
      ,1.056590953773,1.056590953773,1.056590953773,1.056590953773
))) REPRESENTATION_ITEM('') SURFACE() );
#2800 = CARTESIAN_POINT('',(4.11310183819,1.3732142001E-07,
    -8.437502832913));
#2801 = CARTESIAN_POINT('',(4.113101096868,-2.349497870867,
    -8.573862919743));
#2802 = CARTESIAN_POINT('',(2.637172103391,-4.698047594968,
    -8.710168269853));
#2803 = CARTESIAN_POINT('',(-0.317227057106,-6.020367028013,
    -8.846900336846));
#2804 = CARTESIAN_POINT('',(-3.927719778001,-5.26856328072,
    -8.982198694358));
#2805 = CARTESIAN_POINT('',(-6.618294542114,-2.181427901788,
    -9.120468885154));
#2806 = CARTESIAN_POINT('',(-6.618776612174,2.181421917597,
    -9.254533947651));
#2807 = CARTESIAN_POINT('',(-3.927395824226,5.268573206072,
    -9.39280413877));
#2808 = CARTESIAN_POINT('',(-0.317363546467,6.020361720795,
    -9.528102495916));
#2809 = CARTESIAN_POINT('',(2.637199618419,4.698048712918,
    -9.664834563102));
#2810 = CARTESIAN_POINT('',(4.113102003682,2.349498008188,-9.80113991317
    ));
#2811 = CARTESIAN_POINT('',(4.113101183952,8.837E-14,-9.9375));
#2812 = CARTESIAN_POINT('',(4.045134755433,1.488171073E-07,
    -8.398262335591));
#2813 = CARTESIAN_POINT('',(4.045134192231,-2.310683556175,
    -8.534622125276));
#2814 = CARTESIAN_POINT('',(2.593590489316,-4.62034508054,
    -8.670922596024));
#2815 = CARTESIAN_POINT('',(-0.311975752211,-5.921111899829,
    -8.80768550573));
#2816 = CARTESIAN_POINT('',(-3.86281881714,-5.181029775969,
    -8.942894684771));
#2817 = CARTESIAN_POINT('',(-6.508959303919,-2.146053185285,
    -9.08132448031));
#2818 = CARTESIAN_POINT('',(-6.509340506471,2.146048388721,
    -9.215197120721));
#2819 = CARTESIAN_POINT('',(-3.862562712783,5.18103758573,
    -9.353626916514));
#2820 = CARTESIAN_POINT('',(-0.312083735602,5.921107700195,
    -9.488836095266));
#2821 = CARTESIAN_POINT('',(2.593612199954,4.620345990325,
    -9.625599005126));
#2822 = CARTESIAN_POINT('',(4.045134886289,2.310683704991,
    -9.761899475839));
#2823 = CARTESIAN_POINT('',(4.045134238115,8.826E-14,-9.898259265525));
#2824 = CARTESIAN_POINT('',(3.997238022762,1.5691816602E-07,
    -8.331846288318));
#2825 = CARTESIAN_POINT('',(3.99723775455,-2.283330959089,
    -8.468205868604));
#2826 = CARTESIAN_POINT('',(2.562881218379,-4.565587925752,
    -8.604502900842));
#2827 = CARTESIAN_POINT('',(-0.308289225263,-5.851165881146,
    -8.741287545547));
#2828 = CARTESIAN_POINT('',(-3.817049355426,-5.119345617482,
    -8.876433880138));
#2829 = CARTESIAN_POINT('',(-6.431960163375,-2.121123890565,
    -9.014976149788));
#2830 = CARTESIAN_POINT('',(-6.432170638211,2.121121122386,
    -9.148713189612));
#2831 = CARTESIAN_POINT('',(-3.816908073977,5.119349857353,
    -9.287255459402));
#2832 = CARTESIAN_POINT('',(-0.308348944706,5.851163557027,
    -9.422401793834));
#2833 = CARTESIAN_POINT('',(2.562893117863,4.565588475926,
    -9.559186438625));
#2834 = CARTESIAN_POINT('',(3.997238094995,2.283331116007,
    -9.695483470841));
#2835 = CARTESIAN_POINT('',(3.997237737185,8.937E-14,-9.831843051129));
#2836 = CARTESIAN_POINT('',(3.979925950164,1.5984625101E-07,
    -8.250003297595));
#2837 = CARTESIAN_POINT('',(3.979926041433,-2.273444535526,
    -8.386362802194));
#2838 = CARTESIAN_POINT('',(2.551785814143,-4.545796456631,
    -8.522658591599));
#2839 = CARTESIAN_POINT('',(-0.306977773429,-5.8258835173,-8.65945109231
    ));
#2840 = CARTESIAN_POINT('',(-3.800456281165,-5.097051818773,
    -8.794574712116));
#2841 = CARTESIAN_POINT('',(-6.404203649529,-2.112112465478,
    -8.933157634873));
#2842 = CARTESIAN_POINT('',(-6.40420373696,2.112112208176,
    -9.066845662722));
#2843 = CARTESIAN_POINT('',(-3.800456484186,5.097051666299,
    -9.205428585477));
#2844 = CARTESIAN_POINT('',(-0.30697800805,5.825883504874,
    -9.340552205283));
#2845 = CARTESIAN_POINT('',(2.55178563164,4.545796559142,-9.477344705998
    ));
#2846 = CARTESIAN_POINT('',(3.979925950159,2.273444695372,
    -9.613640495398));
#2847 = CARTESIAN_POINT('',(3.979925950158,9.182E-14,-9.75));
#2848 = CARTESIAN_POINT('',(3.997237451621,1.5691822919E-07,
    -8.168160186061));
#2849 = CARTESIAN_POINT('',(3.997237899027,-2.283330796007,
    -8.304519766345));
#2850 = CARTESIAN_POINT('',(2.562893113898,-4.565588048817,
    -8.440816798545));
#2851 = CARTESIAN_POINT('',(-0.308348692259,-5.851163152197,
    -8.577601443462));
#2852 = CARTESIAN_POINT('',(-3.81690760213,-5.11934963925,-8.71274777752
    ));
#2853 = CARTESIAN_POINT('',(-6.432170092786,-2.121121226345,
    -8.851290047981));
#2854 = CARTESIAN_POINT('',(-6.43195978961,2.121123489348,
    -8.985027086998));
#2855 = CARTESIAN_POINT('',(-3.817049282182,5.119345100015,
    -9.123569357317));
#2856 = CARTESIAN_POINT('',(-0.308289433462,5.851165451918,
    -9.258715691533));
#2857 = CARTESIAN_POINT('',(2.562880856094,4.565587699911,-9.39550033637
    ));
#2858 = CARTESIAN_POINT('',(3.997237379377,2.283330952925,
    -9.531797368583));
#2859 = CARTESIAN_POINT('',(3.997237737185,9.193E-14,-9.668156948871));
#2860 = CARTESIAN_POINT('',(4.045133720807,1.4881722299E-07,
    -8.101743804543));
#2861 = CARTESIAN_POINT('',(4.045134453953,-2.31068326075,
    -8.238103594224));
#2862 = CARTESIAN_POINT('',(2.593612038132,-4.620345303473,
    -8.374404064904));
#2863 = CARTESIAN_POINT('',(-0.312083477093,-5.921106956318,
    -8.511166974994));
#2864 = CARTESIAN_POINT('',(-3.862562030047,-5.181037061433,
    -8.64637615307));
#2865 = CARTESIAN_POINT('',(-6.509339592523,-2.146048359031,
    -8.784805950077));
#2866 = CARTESIAN_POINT('',(-6.508958552747,2.146052676492,
    -8.918678589025));
#2867 = CARTESIAN_POINT('',(-3.862818512439,5.181028967775,
    -9.057108385777));
#2868 = CARTESIAN_POINT('',(-0.311975930566,5.921111132806,
    -9.192317564139));
#2869 = CARTESIAN_POINT('',(2.593589987674,4.620344584567,
    -9.329080474083));
#2870 = CARTESIAN_POINT('',(4.045133589942,2.310683409566,
    -9.465380944789));
#2871 = CARTESIAN_POINT('',(4.045134238115,9.226E-14,-9.601740734475));
#2872 = CARTESIAN_POINT('',(4.113100529724,1.3732156567E-07,
    -8.062502832915));
#2873 = CARTESIAN_POINT('',(4.113101427862,-2.34949749725,-8.19886291974
    ));
#2874 = CARTESIAN_POINT('',(2.637199355671,-4.698047876906,
    -8.335168269764));
#2875 = CARTESIAN_POINT('',(-0.317363294226,-6.020360776072,
    -8.471900337244));
#2876 = CARTESIAN_POINT('',(-3.927395025414,-5.268572494474,
    -8.607198693533));
#2877 = CARTESIAN_POINT('',(-6.618775484155,-2.181421798138,
    -8.745468886188));
#2878 = CARTESIAN_POINT('',(-6.618293564296,2.181427340239,
    -8.879533946833));
#2879 = CARTESIAN_POINT('',(-3.927719328025,5.268562307149,
    -9.017804139165));
#2880 = CARTESIAN_POINT('',(-0.317227207978,6.020366061936,
    -9.153102495817));
#2881 = CARTESIAN_POINT('',(2.637171527072,4.698046935089,
    -9.289834563111));
#2882 = CARTESIAN_POINT('',(4.113100364223,2.349497634571,-9.42613991317
    ));
#2883 = CARTESIAN_POINT('',(4.113101183952,9.459E-14,-9.5625));
#2884 = ADVANCED_FACE('',(#2885),#2952,.T.);
#2885 = FACE_BOUND('',#2886,.F.);
#2886 = EDGE_LOOP('',(#2887,#2888,#2889,#2890,#2891,#2936,#2944,#2951));
#2887 = ORIENTED_EDGE('',*,*,#2438,.T.);
#2888 = ORIENTED_EDGE('',*,*,#2556,.T.);
#2889 = ORIENTED_EDGE('',*,*,#2590,.T.);
#2890 = ORIENTED_EDGE('',*,*,#2662,.T.);
#2891 = ORIENTED_EDGE('',*,*,#2892,.F.);
#2892 = EDGE_CURVE('',#2432,#2644,#2893,.T.);
#2893 = B_SPLINE_CURVE_WITH_KNOTS('',6,(#2894,#2895,#2896,#2897,#2898,
    #2899,#2900,#2901,#2902,#2903,#2904,#2905,#2906,#2907,#2908,#2909,
    #2910,#2911,#2912,#2913,#2914,#2915,#2916,#2917,#2918,#2919,#2920,
    #2921,#2922,#2923,#2924,#2925,#2926,#2927,#2928,#2929,#2930,#2931,
    #2932,#2933,#2934,#2935),.UNSPECIFIED.,.F.,.F.,(7,5,5,5,5,5,5,5,7),(
    0.,0.142834994505,0.278504768582,0.408894207041,0.535793227659,
    0.657645037072,0.774615445647,0.888396099357,1.),.UNSPECIFIED.);
#2894 = CARTESIAN_POINT('',(4.667447897365,0.,-8.757552102635));
#2895 = CARTESIAN_POINT('',(4.654961638375,-0.385063069903,
    -8.770038361509));
#2896 = CARTESIAN_POINT('',(4.604318857351,-0.768833874982,
    -8.782559948762));
#2897 = CARTESIAN_POINT('',(4.515538955421,-1.146457180506,
    -8.795119139906));
#2898 = CARTESIAN_POINT('',(4.389500237956,-1.513234205199,
    -8.807716616298));
#2899 = CARTESIAN_POINT('',(4.227751138703,-1.864594941046,-8.820354112)
  );
#2900 = CARTESIAN_POINT('',(3.847497668286,-2.511161013765,
    -8.845065796231));
#2901 = CARTESIAN_POINT('',(3.632201487199,-2.808377475694,
    -8.857139398149));
#2902 = CARTESIAN_POINT('',(3.388909706788,-3.084106108444,
    -8.869245420743));
#2903 = CARTESIAN_POINT('',(3.120259343803,-3.335061651098,
    -8.881385743984));
#2904 = CARTESIAN_POINT('',(2.829343964153,-3.558328667752,
    -8.893562948138));
#2905 = CARTESIAN_POINT('',(2.222366476658,-3.937177122017,
    -8.917511009407));
#2906 = CARTESIAN_POINT('',(1.907658685356,-4.095095445261,
    -8.929281773016));
#2907 = CARTESIAN_POINT('',(1.578954212868,-4.223117986624,
    -8.941084715647));
#2908 = CARTESIAN_POINT('',(1.239765635425,-4.319684235688,
    -8.952921582513));
#2909 = CARTESIAN_POINT('',(0.893818111535,-4.38371609375,
    -8.964794178957));
#2910 = CARTESIAN_POINT('',(0.205676440397,-4.445007401804,
    -8.988287304481));
#2911 = CARTESIAN_POINT('',(-0.136439528723,-4.444014657288,
    -8.999908406222));
#2912 = CARTESIAN_POINT('',(-0.47760834775,-4.411374042234,
    -9.011561058129));
#2913 = CARTESIAN_POINT('',(-0.81419374993,-4.347262655909,
    -9.02324668323));
#2914 = CARTESIAN_POINT('',(-1.142584487571,-4.252351715133,
    -9.034967133404));
#2915 = CARTESIAN_POINT('',(-1.763292553136,-4.008494387419,
    -9.058006155607));
#2916 = CARTESIAN_POINT('',(-2.056581929262,-3.861825090303,
    -9.069324250905));
#2917 = CARTESIAN_POINT('',(-2.335956213016,-3.689081627699,
    -9.08067281105));
#2918 = CARTESIAN_POINT('',(-2.598520682555,-3.491871884943,
    -9.092053362117));
#2919 = CARTESIAN_POINT('',(-2.841595295086,-3.272189774056,
    -9.103467642383));
#2920 = CARTESIAN_POINT('',(-3.275142147545,-2.802427075285,
    -9.125901504259));
#2921 = CARTESIAN_POINT('',(-3.467367140059,-2.553878335107,
    -9.136920396923));
#2922 = CARTESIAN_POINT('',(-3.637355451697,-2.289038278861,
    -9.14796888008));
#2923 = CARTESIAN_POINT('',(-3.783366158808,-2.010359644485,
    -9.159048133519));
#2924 = CARTESIAN_POINT('',(-3.903978943097,-1.720523186094,
    -9.170159468164));
#2925 = CARTESIAN_POINT('',(-4.089835959057,-1.132557888887,
    -9.192139091313));
#2926 = CARTESIAN_POINT('',(-4.156514643275,-0.834825775654,
    -9.20300740607));
#2927 = CARTESIAN_POINT('',(-4.197291283202,-0.531991728882,
    -9.213904506898));
#2928 = CARTESIAN_POINT('',(-4.211655769135,-0.226851429908,
    -9.224831458316));
#2929 = CARTESIAN_POINT('',(-4.19945979431,7.773263637884E-02,
    -9.235789614662));
#2930 = CARTESIAN_POINT('',(-4.123300735339,0.674180820768,
    -9.257555372649));
#2931 = CARTESIAN_POINT('',(-4.060326886045,0.966220958761,
    -9.268363436702));
#2932 = CARTESIAN_POINT('',(-3.972369476052,1.252193280645,
    -9.279200384565));
#2933 = CARTESIAN_POINT('',(-3.860113985601,1.529431415256,
    -9.290067489851));
#2934 = CARTESIAN_POINT('',(-3.724590186173,1.795356410848,
    -9.30096624341));
#2935 = CARTESIAN_POINT('',(-3.567252564233,2.047520225328,
    -9.311895341697));
#2936 = ORIENTED_EDGE('',*,*,#2937,.T.);
#2937 = EDGE_CURVE('',#2432,#2938,#2940,.T.);
#2938 = VERTEX_POINT('',#2939);
#2939 = CARTESIAN_POINT('',(3.425,0.,-10.));
#2940 = LINE('',#2941,#2942);
#2941 = CARTESIAN_POINT('',(4.925,0.,-8.5));
#2942 = VECTOR('',#2943,1.);
#2943 = DIRECTION('',(-0.707106781187,0.,-0.707106781187));
#2944 = ORIENTED_EDGE('',*,*,#2945,.F.);
#2945 = EDGE_CURVE('',#2938,#2938,#2946,.T.);
#2946 = CIRCLE('',#2947,3.425);
#2947 = AXIS2_PLACEMENT_3D('',#2948,#2949,#2950);
#2948 = CARTESIAN_POINT('',(0.,0.,-10.));
#2949 = DIRECTION('',(0.,0.,1.));
#2950 = DIRECTION('',(1.,0.,0.));
#2951 = ORIENTED_EDGE('',*,*,#2937,.F.);
#2952 = CONICAL_SURFACE('',#2953,4.925,0.785398163397);
#2953 = AXIS2_PLACEMENT_3D('',#2954,#2955,#2956);
#2954 = CARTESIAN_POINT('',(0.,0.,-8.5));
#2955 = DIRECTION('',(0.,0.,1.));
#2956 = DIRECTION('',(1.,0.,0.));
#2957 = ADVANCED_FACE('',(#2958),#2963,.T.);
#2958 = FACE_BOUND('',#2959,.T.);
#2959 = EDGE_LOOP('',(#2960,#2961,#2962));
#2960 = ORIENTED_EDGE('',*,*,#2892,.F.);
#2961 = ORIENTED_EDGE('',*,*,#2431,.T.);
#2962 = ORIENTED_EDGE('',*,*,#2643,.T.);
#2963 = B_SPLINE_SURFACE_WITH_KNOTS('',1,11,(
    (#2964,#2965,#2966,#2967,#2968,#2969,#2970,#2971,#2972,#2973,#2974
      ,#2975)
    ,(#2976,#2977,#2978,#2979,#2980,#2981,#2982,#2983,#2984,#2985,#2986
      ,#2987
    )),.UNSPECIFIED.,.F.,.F.,.F.,(2,2),(12,12),(0.,1.05),(0.,
    6.459753679852),.PIECEWISE_BEZIER_KNOTS.);
#2964 = CARTESIAN_POINT('',(5.022430344012,-1.647887058E-08,
    -8.962499660046));
#2965 = CARTESIAN_POINT('',(5.022427219627,-2.868792820003,
    -9.098863722365));
#2966 = CARTESIAN_POINT('',(3.220248533933,-5.737625997875,
    -9.235234353245));
#2967 = CARTESIAN_POINT('',(-0.387484026207,-7.348296869139,
    -9.371553776987));
#2968 = CARTESIAN_POINT('',(-4.796026778561,-6.439670055566,
    -9.50804524919));
#2969 = CARTESIAN_POINT('',(-8.081085716162,-2.654704623356,
    -9.64418009541));
#2970 = CARTESIAN_POINT('',(-8.082917287968,2.654682749928,
    -9.780819564229));
#2971 = CARTESIAN_POINT('',(-4.794795070518,6.439708285368,
    -9.916954411678));
#2972 = CARTESIAN_POINT('',(-0.388001895667,7.348276743565,
    -10.05344588249));
#2973 = CARTESIAN_POINT('',(3.220353705635,5.737629900864,
    -10.18976530696));
#2974 = CARTESIAN_POINT('',(5.022430972899,2.868792803525,
    -10.32613593769));
#2975 = CARTESIAN_POINT('',(5.022427857926,9.34E-14,-10.4625));
#2976 = CARTESIAN_POINT('',(4.11310183819,1.3732141809E-07,
    -8.437502832913));
#2977 = CARTESIAN_POINT('',(4.113101096868,-2.349497870867,
    -8.573862919743));
#2978 = CARTESIAN_POINT('',(2.637172103391,-4.698047594968,
    -8.710168269853));
#2979 = CARTESIAN_POINT('',(-0.317227057106,-6.020367028014,
    -8.846900336848));
#2980 = CARTESIAN_POINT('',(-3.927719778,-5.268563280718,-8.982198694353
    ));
#2981 = CARTESIAN_POINT('',(-6.618294542116,-2.18142790179,
    -9.120468885162));
#2982 = CARTESIAN_POINT('',(-6.618776612172,2.181421917596,
    -9.254533947643));
#2983 = CARTESIAN_POINT('',(-3.927395824226,5.268573206075,
    -9.392804138777));
#2984 = CARTESIAN_POINT('',(-0.317363546469,6.020361720793,
    -9.528102495912));
#2985 = CARTESIAN_POINT('',(2.63719961842,4.698048712919,-9.664834563104
    ));
#2986 = CARTESIAN_POINT('',(4.113102003682,2.349498008188,-9.80113991317
    ));
#2987 = CARTESIAN_POINT('',(4.113101183952,9.222E-14,-9.9375));
#2988 = ADVANCED_FACE('',(#2989),#2992,.F.);
#2989 = FACE_BOUND('',#2990,.F.);
#2990 = EDGE_LOOP('',(#2991));
#2991 = ORIENTED_EDGE('',*,*,#2945,.T.);
#2992 = PLANE('',#2993);
#2993 = AXIS2_PLACEMENT_3D('',#2994,#2995,#2996);
#2994 = CARTESIAN_POINT('',(0.,0.,-10.));
#2995 = DIRECTION('',(0.,0.,1.));
#2996 = DIRECTION('',(1.,0.,0.));
#2997 = ( GEOMETRIC_REPRESENTATION_CONTEXT(3) 
GLOBAL_UNCERTAINTY_ASSIGNED_CONTEXT((#3001)) 
GLOBAL_UNIT_ASSIGNED_CONTEXT((#2998,#2999,#3000)) REPRESENTATION_CONTEXT
('Context #1','3D Context with UNIT and UNCERTAINTY') );
#2998 = ( LENGTH_UNIT() NAMED_UNIT(*) SI_UNIT(.MILLI.,.METRE.) );
#2999 = ( NAMED_UNIT(*) PLANE_ANGLE_UNIT() SI_UNIT($,.RADIAN.) );
#3000 = ( NAMED_UNIT(*) SI_UNIT($,.STERADIAN.) SOLID_ANGLE_UNIT() );
#3001 = UNCERTAINTY_MEASURE_WITH_UNIT(LENGTH_MEASURE(5.E-06),#2998,
  'distance_accuracy_value','confusion accuracy');
#3002 = PRODUCT_RELATED_PRODUCT_CATEGORY('part',$,(#7));
ENDSEC;
END-ISO-10303-21;
