ISO-10303-21;
HEADER;
FILE_DESCRIPTION(('FreeCAD Model'),'2;1');
FILE_NAME('Open CASCADE Shape Model','2026-08-28T13:03:57',('FreeCAD'),(
    'FreeCAD'),'Open CASCADE STEP processor 7.8','FreeCAD','Unknown');
FILE_SCHEMA(('AUTOMOTIVE_DESIGN { 1 0 10303 214 1 1 1 1 }'));
ENDSEC;
DATA;
#1 = APPLICATION_PROTOCOL_DEFINITION('international standard',
  'automotive_design',2000,#2);
#2 = APPLICATION_CONTEXT(
  'core data for automotive mechanical design processes');
#3 = SHAPE_DEFINITION_REPRESENTATION(#4,#10);
#4 = PRODUCT_DEFINITION_SHAPE('','',#5);
#5 = PRODUCT_DEFINITION('design','',#6,#9);
#6 = PRODUCT_DEFINITION_FORMATION('','',#7);
#7 = PRODUCT('Open CASCADE STEP translator 7.8 2',
  'Open CASCADE STEP translator 7.8 2','',(#8));
#8 = PRODUCT_CONTEXT('',#2,'mechanical');
#9 = PRODUCT_DEFINITION_CONTEXT('part definition',#2,'design');
#10 = ADVANCED_BREP_SHAPE_REPRESENTATION('',(#11,#15),#2471);
#11 = AXIS2_PLACEMENT_3D('',#12,#13,#14);
#12 = CARTESIAN_POINT('',(0.,0.,0.));
#13 = DIRECTION('',(0.,0.,1.));
#14 = DIRECTION('',(1.,0.,-0.));
#15 = MANIFOLD_SOLID_BREP('',#16);
#16 = CLOSED_SHELL('',(#17,#34,#259,#375,#410,#438,#465,#517,#635,#762,
    #856,#908,#1025,#1158,#1258,#1310,#1427,#1553,#1667,#1719,#1836,
    #1968,#2048,#2120,#2358,#2431,#2462));
#17 = ADVANCED_FACE('',(#18),#29,.T.);
#18 = FACE_BOUND('',#19,.F.);
#19 = EDGE_LOOP('',(#20));
#20 = ORIENTED_EDGE('',*,*,#21,.F.);
#21 = EDGE_CURVE('',#22,#22,#24,.T.);
#22 = VERTEX_POINT('',#23);
#23 = CARTESIAN_POINT('',(4.165,0.,0.));
#24 = CIRCLE('',#25,4.165);
#25 = AXIS2_PLACEMENT_3D('',#26,#27,#28);
#26 = CARTESIAN_POINT('',(0.,0.,0.));
#27 = DIRECTION('',(0.,0.,1.));
#28 = DIRECTION('',(1.,0.,0.));
#29 = PLANE('',#30);
#30 = AXIS2_PLACEMENT_3D('',#31,#32,#33);
#31 = CARTESIAN_POINT('',(0.,0.,0.));
#32 = DIRECTION('',(0.,0.,1.));
#33 = DIRECTION('',(1.,0.,0.));
#34 = ADVANCED_FACE('',(#35),#254,.T.);
#35 = FACE_BOUND('',#36,.F.);
#36 = EDGE_LOOP('',(#37,#45,#46,#47,#59,#131,#140,#148,#165));
#37 = ORIENTED_EDGE('',*,*,#38,.F.);
#38 = EDGE_CURVE('',#22,#39,#41,.T.);
#39 = VERTEX_POINT('',#40);
#40 = CARTESIAN_POINT('',(4.890496003587,8.17480793E-07,-0.725496003587)
  );
#41 = LINE('',#42,#43);
#42 = CARTESIAN_POINT('',(4.165,0.,0.));
#43 = VECTOR('',#44,1.);
#44 = DIRECTION('',(0.707106781187,0.,-0.707106781187));
#45 = ORIENTED_EDGE('',*,*,#21,.T.);
#46 = ORIENTED_EDGE('',*,*,#38,.T.);
#47 = ORIENTED_EDGE('',*,*,#48,.T.);
#48 = EDGE_CURVE('',#39,#49,#51,.T.);
#49 = VERTEX_POINT('',#50);
#50 = CARTESIAN_POINT('',(4.29624419358,-2.494188560225,-0.80276516603)
  );
#51 = B_SPLINE_CURVE_WITH_KNOTS('',6,(#52,#53,#54,#55,#56,#57,#58),
  .UNSPECIFIED.,.F.,.F.,(7,7),(0.,1.),.PIECEWISE_BEZIER_KNOTS.);
#52 = CARTESIAN_POINT('',(4.890496023299,-1.78E-15,-0.725496023299));
#53 = CARTESIAN_POINT('',(4.900907623607,-0.43177232304,-0.735907623665)
  );
#54 = CARTESIAN_POINT('',(4.866605630499,-0.864883965041,-0.747350304403
    ));
#55 = CARTESIAN_POINT('',(4.787426561461,-1.29325707976,-0.759752017134)
  );
#56 = CARTESIAN_POINT('',(4.664482377054,-1.711162815909,-0.773103596384
    ));
#57 = CARTESIAN_POINT('',(4.499711762773,-2.113155246811,-0.787421733701
    ));
#58 = CARTESIAN_POINT('',(4.29624419358,-2.494188560225,-0.80276516603)
  );
#59 = ORIENTED_EDGE('',*,*,#60,.F.);
#60 = EDGE_CURVE('',#61,#49,#63,.T.);
#61 = VERTEX_POINT('',#62);
#62 = CARTESIAN_POINT('',(5.46487392621,2.263267101036,-1.75));
#63 = B_SPLINE_CURVE_WITH_KNOTS('',6,(#64,#65,#66,#67,#68,#69,#70,#71,
    #72,#73,#74,#75,#76,#77,#78,#79,#80,#81,#82,#83,#84,#85,#86,#87,#88,
    #89,#90,#91,#92,#93,#94,#95,#96,#97,#98,#99,#100,#101,#102,#103,#104
    ,#105,#106,#107,#108,#109,#110,#111,#112,#113,#114,#115,#116,#117,
    #118,#119,#120,#121,#122,#123,#124,#125,#126,#127,#128,#129,#130),
  .UNSPECIFIED.,.F.,.F.,(7,5,5,5,5,5,5,5,5,5,5,5,5,7),(0.,
    7.666124686346E-02,0.15052173238,0.222439677818,0.292437629106,
    0.360549243125,0.426824464063,0.491297915964,0.553990276705,
    0.614933327352,0.674173334192,0.788749791294,0.896847184054,1.),
  .UNSPECIFIED.);
#64 = CARTESIAN_POINT('',(5.46487392621,2.263267101036,-1.75));
#65 = CARTESIAN_POINT('',(5.3110399418,2.605454416287,-1.738804389645));
#66 = CARTESIAN_POINT('',(5.131162430857,2.935899478239,-1.727584712289)
  );
#67 = CARTESIAN_POINT('',(4.926308005418,3.252054086775,-1.71634222135)
  );
#68 = CARTESIAN_POINT('',(4.697860883935,3.55155360784,-1.7050761148));
#69 = CARTESIAN_POINT('',(4.447480906535,3.832194391198,-1.693785238258)
  );
#70 = CARTESIAN_POINT('',(3.916705052646,4.342271182177,-1.671568827487)
  );
#71 = CARTESIAN_POINT('',(3.637716190827,4.573226229518,-1.660644027353)
  );
#72 = CARTESIAN_POINT('',(3.341959465344,4.783049561478,-1.64969661713)
  );
#73 = CARTESIAN_POINT('',(3.031407972688,4.970202471492,-1.638725704589)
  );
#74 = CARTESIAN_POINT('',(2.708211002706,5.133371040011,-1.627730458288)
  );
#75 = CARTESIAN_POINT('',(2.050000727341,5.406030127159,-1.6059828634));
#76 = CARTESIAN_POINT('',(1.715494319331,5.516830908656,-1.595230833183)
  );
#77 = CARTESIAN_POINT('',(1.373370298376,5.602953581052,-1.584456515381)
  );
#78 = CARTESIAN_POINT('',(1.025886806294,5.663719897909,-1.573659382732)
  );
#79 = CARTESIAN_POINT('',(0.675379273811,5.698705659648,-1.562838837658)
  );
#80 = CARTESIAN_POINT('',(-1.747383819334E-02,5.716636169859,
    -1.541442110693));
#81 = CARTESIAN_POINT('',(-0.359814498293,5.700946041285,-1.530866290215
    ));
#82 = CARTESIAN_POINT('',(-0.700525768304,5.660605315925,-1.520269084354
    ));
#83 = CARTESIAN_POINT('',(-1.03739478451,5.595775038469,-1.509649926801)
  );
#84 = CARTESIAN_POINT('',(-1.368225404058,5.506862148205,-1.499008094629
    ));
#85 = CARTESIAN_POINT('',(-2.004780703285,5.285293156757,-1.477967701807
    ));
#86 = CARTESIAN_POINT('',(-2.310964864708,5.153872391998,-1.467569553804
    ));
#87 = CARTESIAN_POINT('',(-2.607402895577,5.000939500982,-1.457150360951
    ));
#88 = CARTESIAN_POINT('',(-2.89219965038,4.827366050163,-1.446709454093)
  );
#89 = CARTESIAN_POINT('',(-3.163554266228,4.634231837125,-1.436246099058
    ));
#90 = CARTESIAN_POINT('',(-3.66910626823,4.217185039999,-1.415558343358)
  );
#91 = CARTESIAN_POINT('',(-3.904125409299,3.994228518907,-1.405334408218
    ));
#92 = CARTESIAN_POINT('',(-4.123287849023,3.755203538241,-1.395089615449
    ));
#93 = CARTESIAN_POINT('',(-4.325204595084,3.501493994266,-1.384823420021
    ));
#94 = CARTESIAN_POINT('',(-4.508635161431,3.234634921319,-1.374535268302
    ));
#95 = CARTESIAN_POINT('',(-4.831946579702,2.685598228934,-1.354196612025
    ));
#96 = CARTESIAN_POINT('',(-4.972886069436,2.404016899986,-1.344146610705
    ));
#97 = CARTESIAN_POINT('',(-5.094355573506,2.11315937053,-1.334076404727)
  );
#98 = CARTESIAN_POINT('',(-5.195569647177,1.814691113698,-1.323985595702
    ));
#99 = CARTESIAN_POINT('',(-5.275919526097,1.510362678947,-1.313873727878
    ));
#100 = CARTESIAN_POINT('',(-5.392459464761,0.902191407741,
    -1.293888948746));
#101 = CARTESIAN_POINT('',(-5.429811576571,0.598549478452,
    -1.284016568138));
#102 = CARTESIAN_POINT('',(-5.446690091782,0.292787183808,
    -1.274124791485));
#103 = CARTESIAN_POINT('',(-5.44292231379,-1.3377457496E-02,
    -1.264213200665));
#104 = CARTESIAN_POINT('',(-5.418515570041,-0.318206630855,
    -1.254281277595));
#105 = CARTESIAN_POINT('',(-5.330109412233,-0.913264846002,
    -1.234655298305));
#106 = CARTESIAN_POINT('',(-5.267231348108,-1.203680240339,
    -1.224961803804));
#107 = CARTESIAN_POINT('',(-5.185248533601,-1.489578560954,
    -1.215249360699));
#108 = CARTESIAN_POINT('',(-5.084536384126,-1.769386508795,
    -1.205517476325));
#109 = CARTESIAN_POINT('',(-4.965633233678,-2.041567846524,
    -1.195765591989));
#110 = CARTESIAN_POINT('',(-4.696706907551,-2.560349742834,
    -1.176495571616));
#111 = CARTESIAN_POINT('',(-4.547639086423,-2.807465212312,
    -1.166978039864));
#112 = CARTESIAN_POINT('',(-4.382726612868,-3.044614285762,
    -1.157441765499));
#113 = CARTESIAN_POINT('',(-4.202773373188,-3.270512238738,
    -1.14788629286));
#114 = CARTESIAN_POINT('',(-4.008723211794,-3.48396163421,
    -1.138311179464));
#115 = CARTESIAN_POINT('',(-3.401181913921,-4.070478011586,
    -1.110160181658));
#116 = CARTESIAN_POINT('',(-2.951852883296,-4.406570752939,
    -1.091523387681));
#117 = CARTESIAN_POINT('',(-2.461734604404,-4.68381423423,-1.07282028464
    ));
#118 = CARTESIAN_POINT('',(-1.940350308365,-4.896227925435,
    -1.054043516763));
#119 = CARTESIAN_POINT('',(-1.398198375817,-5.039393080423,
    -1.035183830035));
#120 = CARTESIAN_POINT('',(-0.327210815294,-5.17959506012,
    -0.998395132736));
#121 = CARTESIAN_POINT('',(0.200985875802,-5.184482830471,
    -0.980462332745));
#122 = CARTESIAN_POINT('',(0.727525779923,-5.124560351327,
    -0.962467224829));
#123 = CARTESIAN_POINT('',(1.242619945053,-5.000474515959,
    -0.944402691938));
#124 = CARTESIAN_POINT('',(1.736586977664,-4.814448666624,
    -0.926259639858));
#125 = CARTESIAN_POINT('',(2.642439897519,-4.338960301103,-0.89067090011
    ));
#126 = CARTESIAN_POINT('',(3.057302878102,-4.05448461487,-0.873221440787
    ));
#127 = CARTESIAN_POINT('',(3.436540798796,-3.721662487444,-0.85571015173
    ));
#128 = CARTESIAN_POINT('',(3.773229790833,-3.346004528608,
    -0.838131759562));
#129 = CARTESIAN_POINT('',(4.061324565076,-2.934122082749,
    -0.820480389332));
#130 = CARTESIAN_POINT('',(4.29624419358,-2.494188560225,-0.80276516603)
  );
#131 = ORIENTED_EDGE('',*,*,#132,.F.);
#132 = EDGE_CURVE('',#133,#61,#135,.T.);
#133 = VERTEX_POINT('',#134);
#134 = CARTESIAN_POINT('',(5.915,0.,-1.75));
#135 = CIRCLE('',#136,5.915);
#136 = AXIS2_PLACEMENT_3D('',#137,#138,#139);
#137 = CARTESIAN_POINT('',(0.,0.,-1.75));
#138 = DIRECTION('',(0.,0.,1.));
#139 = DIRECTION('',(1.,0.,0.));
#140 = ORIENTED_EDGE('',*,*,#141,.F.);
#141 = EDGE_CURVE('',#142,#133,#144,.T.);
#142 = VERTEX_POINT('',#143);
#143 = CARTESIAN_POINT('',(5.656212083301,1.03249561E-07,-1.491212083301
    ));
#144 = LINE('',#145,#146);
#145 = CARTESIAN_POINT('',(4.165,0.,0.));
#146 = VECTOR('',#147,1.);
#147 = DIRECTION('',(0.707106781187,0.,-0.707106781187));
#148 = ORIENTED_EDGE('',*,*,#149,.F.);
#149 = EDGE_CURVE('',#150,#142,#152,.T.);
#150 = VERTEX_POINT('',#151);
#151 = CARTESIAN_POINT('',(2.494526323837,4.296076534871,-0.80278976747)
  );
#152 = B_SPLINE_CURVE_WITH_KNOTS('',6,(#153,#154,#155,#156,#157,#158,
    #159,#160,#161,#162,#163,#164),.UNSPECIFIED.,.F.,.F.,(7,5,7),(0.,
    0.46674817342,1.),.UNSPECIFIED.);
#153 = CARTESIAN_POINT('',(2.494523569641,4.29607813412,-0.802789588909)
  );
#154 = CARTESIAN_POINT('',(2.89281868297,4.130403659774,-0.85951624579)
  );
#155 = CARTESIAN_POINT('',(3.274470095959,3.922558045736,-0.915589820917
    ));
#156 = CARTESIAN_POINT('',(3.634018495933,3.675315526168,-0.971023486291
    ));
#157 = CARTESIAN_POINT('',(3.966898225382,3.392261382692,-1.025851276668
    ));
#158 = CARTESIAN_POINT('',(4.269255409537,3.077463718928,-1.080098455378
    ));
#159 = CARTESIAN_POINT('',(4.845104360685,2.344917946972,-1.195088531287
    ));
#160 = CARTESIAN_POINT('',(5.108439085044,1.918770727543,-1.255674205139
    ));
#161 = CARTESIAN_POINT('',(5.323453045847,1.463938827862,-1.315538305228
    ));
#162 = CARTESIAN_POINT('',(5.487284738534,0.987641283138,-1.374728496749
    ));
#163 = CARTESIAN_POINT('',(5.598288914353,0.497187016466,-1.433288914389
    ));
#164 = CARTESIAN_POINT('',(5.656212083301,2.0649912586E-07,-1.4912120833
    ));
#165 = ORIENTED_EDGE('',*,*,#166,.F.);
#166 = EDGE_CURVE('',#39,#150,#167,.T.);
#167 = B_SPLINE_CURVE_WITH_KNOTS('',8,(#168,#169,#170,#171,#172,#173,
    #174,#175,#176,#177,#178,#179,#180,#181,#182,#183,#184,#185,#186,
    #187,#188,#189,#190,#191,#192,#193,#194,#195,#196,#197,#198,#199,
    #200,#201,#202,#203,#204,#205,#206,#207,#208,#209,#210,#211,#212,
    #213,#214,#215,#216,#217,#218,#219,#220,#221,#222,#223,#224,#225,
    #226,#227,#228,#229,#230,#231,#232,#233,#234,#235,#236,#237,#238,
    #239,#240,#241,#242,#243,#244,#245,#246,#247,#248,#249,#250,#251,
    #252,#253),.UNSPECIFIED.,.F.,.F.,(9,7,7,7,7,7,7,7,7,7,7,7,9),(0.,
    9.451366478255E-02,0.419253614794,0.589922431821,0.747613850549,
    0.859115594989,0.900684413569,0.9216613142,0.931442278967,
    0.938717494916,0.946766543837,0.958809797386,1.),.UNSPECIFIED.);
#168 = CARTESIAN_POINT('',(4.890496003587,8.1748084263E-07,
    -0.725496003587));
#169 = CARTESIAN_POINT('',(4.888828254616,6.916241249429E-02,
    -0.723828266177));
#170 = CARTESIAN_POINT('',(4.886067802351,0.138293338488,-0.72218563663)
  );
#171 = CARTESIAN_POINT('',(4.882215066572,0.207373113537,-0.720568326817
    ));
#172 = CARTESIAN_POINT('',(4.877270981389,0.276381279207,-0.718976575891
    ));
#173 = CARTESIAN_POINT('',(4.871236995239,0.345297400547,-0.717410650288
    ));
#174 = CARTESIAN_POINT('',(4.86411507089,0.414101066097,-0.715870843726)
  );
#175 = CARTESIAN_POINT('',(4.855907685439,0.482771887884,-0.714357477208
    ));
#176 = CARTESIAN_POINT('',(4.814698772929,0.786709495411,-0.707763157946
    ));
#177 = CARTESIAN_POINT('',(4.769998893335,1.020335668025,-0.702971439345
    ));
#178 = CARTESIAN_POINT('',(4.712638910467,1.251323236544,-0.698510150943
    ));
#179 = CARTESIAN_POINT('',(4.642817261843,1.478853789484,-0.694398248019
    ));
#180 = CARTESIAN_POINT('',(4.560801408373,1.702133352923,-0.690659064135
    ));
#181 = CARTESIAN_POINT('',(4.466928666478,1.920392539101,-0.687322453947
    ));
#182 = CARTESIAN_POINT('',(4.361616567513,2.132888777298,-0.684429248082
    ));
#183 = CARTESIAN_POINT('',(4.184295437332,2.447186511607,-0.68078129743)
  );
#184 = CARTESIAN_POINT('',(4.120189833517,2.553677189104,-0.679663233645
    ));
#185 = CARTESIAN_POINT('',(4.053139940821,2.658280738956,-0.678692325163
    ));
#186 = CARTESIAN_POINT('',(3.983226814998,2.760899362219,-0.677878708064
    ));
#187 = CARTESIAN_POINT('',(3.910538560265,2.861439333017,-0.677234260427
    ));
#188 = CARTESIAN_POINT('',(3.835171639495,2.959811252289,-0.676773307354
    ));
#189 = CARTESIAN_POINT('',(3.757233494072,3.055930603758,-0.676513928672
    ));
#190 = CARTESIAN_POINT('',(3.602571960109,3.236375122452,-0.676448399794
    ));
#191 = CARTESIAN_POINT('',(3.526210533588,3.321036958821,-0.676609257913
    ));
#192 = CARTESIAN_POINT('',(3.447855432567,3.40364751925,-0.676981498733)
  );
#193 = CARTESIAN_POINT('',(3.367611245096,3.484150425655,-0.677587598772
    ));
#194 = CARTESIAN_POINT('',(3.285603318184,3.562491486035,-0.678457725207
    ));
#195 = CARTESIAN_POINT('',(3.201978776338,3.638619965822,-0.679629813227
    ));
#196 = CARTESIAN_POINT('',(3.116919269315,3.712491653513,-0.681155515159
    ));
#197 = CARTESIAN_POINT('',(2.969710736031,3.834692799238,-0.684512623345
    ));
#198 = CARTESIAN_POINT('',(2.908216926993,3.884109780662,-0.686122255292
    ));
#199 = CARTESIAN_POINT('',(2.846232193973,3.932373624346,-0.687981240132
    ));
#200 = CARTESIAN_POINT('',(2.783860405023,3.979490687182,-0.690135294642
    ));
#201 = CARTESIAN_POINT('',(2.721237459439,4.025441415394,-0.692628060747
    ));
#202 = CARTESIAN_POINT('',(2.658677451928,4.070176895266,-0.695554426275
    ));
#203 = CARTESIAN_POINT('',(2.596525410534,4.113638860633,-0.699001317298
    ));
#204 = CARTESIAN_POINT('',(2.512967377401,4.17144964603,-0.704829392744)
  );
#205 = CARTESIAN_POINT('',(2.490488500041,4.186937840098,-0.706520689252
    ));
#206 = CARTESIAN_POINT('',(2.468246596374,4.202226497416,-0.708336333978
    ));
#207 = CARTESIAN_POINT('',(2.446296990364,4.217310561432,-0.710293792044
    ));
#208 = CARTESIAN_POINT('',(2.424741929117,4.232166168947,-0.712415907075
    ));
#209 = CARTESIAN_POINT('',(2.403727757127,4.246753251106,-0.714729901328
    ));
#210 = CARTESIAN_POINT('',(2.383460271703,4.261014418787,-0.717271494734
    ));
#211 = CARTESIAN_POINT('',(2.354593770717,4.281849614034,-0.721533272821
    ));
#212 = CARTESIAN_POINT('',(2.345202072257,4.288722013626,-0.723034628523
    ));
#213 = CARTESIAN_POINT('',(2.336136050869,4.295472297471,-0.7246167042)
  );
#214 = CARTESIAN_POINT('',(2.327454378827,4.302082193093,-0.726288314918
    ));
#215 = CARTESIAN_POINT('',(2.319238879143,4.308521900169,-0.728058403362
    ));
#216 = CARTESIAN_POINT('',(2.311594986016,4.314750133307,-0.729936053408
    ));
#217 = CARTESIAN_POINT('',(2.304652205271,4.320714164824,-0.73193050371)
  );
#218 = CARTESIAN_POINT('',(2.2957260764,4.328977644165,-0.735039966877)
  );
#219 = CARTESIAN_POINT('',(2.293075014568,4.331532650692,-0.736055710424
    ));
#220 = CARTESIAN_POINT('',(2.29062746021,4.334007633396,-0.737098926204)
  );
#221 = CARTESIAN_POINT('',(2.28840132069,4.336394112935,-0.738169865649)
  );
#222 = CARTESIAN_POINT('',(2.286415373331,4.338682749659,-0.739268398));
#223 = CARTESIAN_POINT('',(2.2846882989,4.34086370893,-0.740393910975));
#224 = CARTESIAN_POINT('',(2.283237715105,4.342927026444,-0.741545211429
    ));
#225 = CARTESIAN_POINT('',(2.281217498127,4.346302957604,-0.743594566784
    ));
#226 = CARTESIAN_POINT('',(2.280517304361,4.347672549878,-0.744481972996
    ));
#227 = CARTESIAN_POINT('',(2.279985092192,4.348967571335,-0.745381742792
    ));
#228 = CARTESIAN_POINT('',(2.279626359515,4.350184166772,-0.746292836566
    ));
#229 = CARTESIAN_POINT('',(2.279445412622,4.351318902525,-0.747214065712
    ));
#230 = CARTESIAN_POINT('',(2.279445140108,4.352368864187,-0.748144081355
    ));
#231 = CARTESIAN_POINT('',(2.279626786784,4.353331754307,-0.749081363086
    ));
#232 = CARTESIAN_POINT('',(2.28039127281,4.355173214559,-0.751067338563)
  );
#233 = CARTESIAN_POINT('',(2.281014807619,4.356032104739,-0.752117476781
    ));
#234 = CARTESIAN_POINT('',(2.281859621997,4.356780429139,-0.753172292515
    ));
#235 = CARTESIAN_POINT('',(2.28292232915,4.357417405077,-0.754229576515)
  );
#236 = CARTESIAN_POINT('',(2.284197246311,4.357943515072,-0.755287242827
    ));
#237 = CARTESIAN_POINT('',(2.285676775551,4.358360323231,-0.756343331499
    ));
#238 = CARTESIAN_POINT('',(2.287351784584,4.358670291625,-0.757396011296
    ));
#239 = CARTESIAN_POINT('',(2.291995284907,4.35918527712,-0.760010992987)
  );
#240 = CARTESIAN_POINT('',(2.29519335367,4.359261785657,-0.761566947134)
  );
#241 = CARTESIAN_POINT('',(2.298772648546,4.359117315602,-0.763106683592
    ));
#242 = CARTESIAN_POINT('',(2.302697430529,4.358765446048,-0.764626629959
    ));
#243 = CARTESIAN_POINT('',(2.306931736315,4.358221046854,-0.766124291508
    ));
#244 = CARTESIAN_POINT('',(2.311441347674,4.357499183633,-0.767598140012
    ));
#245 = CARTESIAN_POINT('',(2.316195760831,4.356614022743,-0.769047502571
    ));
#246 = CARTESIAN_POINT('',(2.338183526648,4.352033440729,-0.77534604138)
  );
#247 = CARTESIAN_POINT('',(2.357670042414,4.346742966366,-0.779906185115
    ));
#248 = CARTESIAN_POINT('',(2.378735041248,4.34020280054,-0.784210632458)
  );
#249 = CARTESIAN_POINT('',(2.400857062904,4.332683302612,-0.788280916865
    ));
#250 = CARTESIAN_POINT('',(2.423640321713,4.324411911894,-0.792145768639
    ));
#251 = CARTESIAN_POINT('',(2.446880264873,4.315517691374,-0.795830408347
    ));
#252 = CARTESIAN_POINT('',(2.470491019483,4.306074254992,-0.799366569349
    ));
#253 = CARTESIAN_POINT('',(2.494526323837,4.296076534871,-0.80278976747)
  );
#254 = CONICAL_SURFACE('',#255,4.165,0.785398163397);
#255 = AXIS2_PLACEMENT_3D('',#256,#257,#258);
#256 = CARTESIAN_POINT('',(0.,0.,0.));
#257 = DIRECTION('',(-0.,-0.,-1.));
#258 = DIRECTION('',(1.,0.,0.));
#259 = ADVANCED_FACE('',(#260),#290,.T.);
#260 = FACE_BOUND('',#261,.T.);
#261 = EDGE_LOOP('',(#262,#279,#280));
#262 = ORIENTED_EDGE('',*,*,#263,.F.);
#263 = EDGE_CURVE('',#150,#264,#266,.T.);
#264 = VERTEX_POINT('',#265);
#265 = CARTESIAN_POINT('',(4.967788421636,7.55809611E-07,-1.093766051267
    ));
#266 = B_SPLINE_CURVE_WITH_KNOTS('',11,(#267,#268,#269,#270,#271,#272,
    #273,#274,#275,#276,#277,#278),.UNSPECIFIED.,.F.,.F.,(12,12),(0.,
    6.522339887215),.PIECEWISE_BEZIER_KNOTS.);
#267 = CARTESIAN_POINT('',(4.967789163074,9.069708949E-07,0.656230738485
    ));
#268 = CARTESIAN_POINT('',(4.967786163092,-2.837591164056,0.497155061564
    ));
#269 = CARTESIAN_POINT('',(3.184881073535,-5.675111677559,0.337994123878
    ));
#270 = CARTESIAN_POINT('',(-0.382221422921,-7.268693401258,
    0.179106602882));
#271 = CARTESIAN_POINT('',(-4.745071387644,-6.368865431025,
    1.960099743494E-02));
#272 = CARTESIAN_POINT('',(-7.993220465202,-2.626920384219,
    -0.138864525285));
#273 = CARTESIAN_POINT('',(-7.993043869162,2.626906778101,
    -0.298670787808));
#274 = CARTESIAN_POINT('',(-4.745204327436,6.368885646254,
    -0.457136309585));
#275 = CARTESIAN_POINT('',(-0.382153741303,7.268678156008,
    -0.616641916122));
#276 = CARTESIAN_POINT('',(3.18485285487,5.675117164466,-0.775529436512)
  );
#277 = CARTESIAN_POINT('',(4.96779150791,2.837592826836,-0.934690374353)
  );
#278 = CARTESIAN_POINT('',(4.967788421636,7.5580964605E-07,
    -1.093766051267));
#279 = ORIENTED_EDGE('',*,*,#166,.F.);
#280 = ORIENTED_EDGE('',*,*,#281,.F.);
#281 = EDGE_CURVE('',#264,#39,#282,.T.);
#282 = ( BOUNDED_CURVE() B_SPLINE_CURVE(6,(#283,#284,#285,#286,#287,#288
,#289),.UNSPECIFIED.,.F.,.F.) B_SPLINE_CURVE_WITH_KNOTS((7,7),(0.,
2.094395102393),.PIECEWISE_BEZIER_KNOTS.) CURVE() 
GEOMETRIC_REPRESENTATION_ITEM() RATIONAL_B_SPLINE_CURVE((1.056590953773,
    1.017435169568,0.996326512422,0.989390034249,0.996326512422,
1.017435169568,1.056590953773)) REPRESENTATION_ITEM('') );
#283 = CARTESIAN_POINT('',(4.967788421636,7.5580964842E-07,
    -1.093766051267));
#284 = CARTESIAN_POINT('',(4.888492875712,8.1908155902E-07,
    -1.047986538098));
#285 = CARTESIAN_POINT('',(4.832612311582,8.6366972707E-07,
    -0.970501901564));
#286 = CARTESIAN_POINT('',(4.812413608676,8.7978615182E-07,
    -0.875018684183));
#287 = CARTESIAN_POINT('',(4.832609075496,8.636708787E-07,
    -0.779534782291));
#288 = CARTESIAN_POINT('',(4.888487013519,8.190836509E-07,
    -0.702048251923));
#289 = CARTESIAN_POINT('',(4.967781007858,7.5581229564E-07,
    -0.65626605133));
#290 = ( BOUNDED_SURFACE() B_SPLINE_SURFACE(6,11,(
    (#291,#292,#293,#294,#295,#296,#297,#298,#299,#300,#301,#302)
    ,(#303,#304,#305,#306,#307,#308,#309,#310,#311,#312,#313,#314)
    ,(#315,#316,#317,#318,#319,#320,#321,#322,#323,#324,#325,#326)
    ,(#327,#328,#329,#330,#331,#332,#333,#334,#335,#336,#337,#338)
    ,(#339,#340,#341,#342,#343,#344,#345,#346,#347,#348,#349,#350)
    ,(#351,#352,#353,#354,#355,#356,#357,#358,#359,#360,#361,#362)
    ,(#363,#364,#365,#366,#367,#368,#369,#370,#371,#372,#373,#374
)),.UNSPECIFIED.,.F.,.F.,.F.) B_SPLINE_SURFACE_WITH_KNOTS((7,7),(12,12),
  (0.,2.094395102393),(0.,6.522339887215),.PIECEWISE_BEZIER_KNOTS.) 
GEOMETRIC_REPRESENTATION_ITEM() RATIONAL_B_SPLINE_SURFACE((
    (1.056590953773,1.056590953773,1.056590953773,1.056590953774
      ,1.056590953772,1.056590953774,1.056590953772,1.056590953774
      ,1.056590953773,1.056590953773,1.056590953773,1.056590953773)
    ,(1.017435169568,1.017435169568,1.017435169568,1.017435169568
      ,1.017435169568,1.017435169568,1.017435169568,1.017435169568
      ,1.017435169568,1.017435169568,1.017435169568,1.017435169568)
    ,(0.996326512422,0.996326512422,0.996326512422,0.996326512422
      ,0.996326512422,0.996326512423,0.996326512422,0.996326512422
      ,0.996326512422,0.996326512422,0.996326512422,0.996326512422)
    ,(0.989390034249,0.989390034249,0.989390034248,0.989390034249
      ,0.989390034248,0.989390034249,0.989390034248,0.989390034249
      ,0.989390034248,0.989390034249,0.989390034249,0.989390034249)
    ,(0.996326512422,0.996326512422,0.996326512422,0.996326512422
      ,0.996326512422,0.996326512423,0.996326512421,0.996326512423
      ,0.996326512422,0.996326512422,0.996326512422,0.996326512422)
    ,(1.017435169568,1.017435169568,1.017435169568,1.017435169568
      ,1.017435169568,1.017435169569,1.017435169568,1.017435169568
      ,1.017435169568,1.017435169568,1.017435169568,1.017435169568)
    ,(1.056590953773,1.056590953773,1.056590953773,1.056590953774
      ,1.056590953772,1.056590953774,1.056590953772,1.056590953774
      ,1.056590953773,1.056590953773,1.056590953773,1.056590953773
))) REPRESENTATION_ITEM('') SURFACE() );
#291 = CARTESIAN_POINT('',(4.967789163074,9.0697089705E-07,
    0.656230738485));
#292 = CARTESIAN_POINT('',(4.967786163092,-2.837591164056,0.497155061564
    ));
#293 = CARTESIAN_POINT('',(3.184881073535,-5.67511167756,0.337994123878)
  );
#294 = CARTESIAN_POINT('',(-0.382221422921,-7.268693401256,
    0.179106602882));
#295 = CARTESIAN_POINT('',(-4.745071387649,-6.368865431028,
    1.960099743463E-02));
#296 = CARTESIAN_POINT('',(-7.993220465191,-2.626920384219,
    -0.138864525284));
#297 = CARTESIAN_POINT('',(-7.993043869173,2.626906778108,
    -0.298670787809));
#298 = CARTESIAN_POINT('',(-4.74520432743,6.368885646246,-0.457136309584
    ));
#299 = CARTESIAN_POINT('',(-0.382153741304,7.268678156013,
    -0.616641916123));
#300 = CARTESIAN_POINT('',(3.18485285487,5.675117164464,-0.775529436511)
  );
#301 = CARTESIAN_POINT('',(4.967791507911,2.837592826836,-0.934690374353
    ));
#302 = CARTESIAN_POINT('',(4.967788421636,7.5580964842E-07,
    -1.093766051267));
#303 = CARTESIAN_POINT('',(4.888493461996,9.8289724726E-07,
    0.702009982909));
#304 = CARTESIAN_POINT('',(4.888491241563,-2.792297345407,0.542935581149
    ));
#305 = CARTESIAN_POINT('',(3.134041799344,-5.584525183199,0.383768781004
    ));
#306 = CARTESIAN_POINT('',(-0.376113561905,-7.152676530816,
    0.224898286707));
#307 = CARTESIAN_POINT('',(-4.669343633888,-6.26718880566,
    6.535796484928E-02));
#308 = CARTESIAN_POINT('',(-7.865615568211,-2.585018998974,
    -9.305520360478E-02));
#309 = CARTESIAN_POINT('',(-7.865476184127,2.58500745625,-0.252921351821
    ));
#310 = CARTESIAN_POINT('',(-4.669449379325,6.267204325331,
    -0.411334519554));
#311 = CARTESIAN_POINT('',(-0.3760607561,7.152664438311,-0.570874842244)
  );
#312 = CARTESIAN_POINT('',(3.134018929205,5.58452983423,-0.729745336081)
  );
#313 = CARTESIAN_POINT('',(4.888495189661,2.792299147385,-0.888912136341
    ));
#314 = CARTESIAN_POINT('',(4.888492875712,8.1908155902E-07,
    -1.047986538098));
#315 = CARTESIAN_POINT('',(4.832612635259,1.03640317584E-06,
    0.779494430054));
#316 = CARTESIAN_POINT('',(4.832611691422,-2.760378180474,0.620420926917
    ));
#317 = CARTESIAN_POINT('',(3.098211956777,-5.520688115718,0.461249995401
    ));
#318 = CARTESIAN_POINT('',(-0.371802022914,-7.07091631485,0.302391500117
    ));
#319 = CARTESIAN_POINT('',(-4.615990784529,-6.19553816992,0.142826713014
    ));
#320 = CARTESIAN_POINT('',(-7.775672332553,-2.55548939783,
    -1.554956057776E-02));
#321 = CARTESIAN_POINT('',(-7.775595859424,2.555481568781,
    -0.175457911048));
#322 = CARTESIAN_POINT('',(-4.616050325455,6.195545873401,
    -0.333834184288));
#323 = CARTESIAN_POINT('',(-0.371774194192,7.070909569147,
    -0.493398971794));
#324 = CARTESIAN_POINT('',(3.098198296447,5.520691263818,-0.65225746686)
  );
#325 = CARTESIAN_POINT('',(4.832613354027,2.760380080546,-0.811428398426
    ));
#326 = CARTESIAN_POINT('',(4.832612311582,8.6366972707E-07,
    -0.970501901564));
#327 = CARTESIAN_POINT('',(4.812413608746,1.05574306397E-06,
    0.874977578979));
#328 = CARTESIAN_POINT('',(4.812414211428,-2.748840548577,0.715904400664
    ));
#329 = CARTESIAN_POINT('',(3.085256696497,-5.497613990005,0.556731975777
    ));
#330 = CARTESIAN_POINT('',(-0.37023274358,-7.041360601463,0.397877817809
    ));
#331 = CARTESIAN_POINT('',(-4.596725818143,-6.169642400555,
    0.238304187214));
#332 = CARTESIAN_POINT('',(-7.743133713164,-2.54481382173,
    7.9941249949E-02));
#333 = CARTESIAN_POINT('',(-7.743134719251,2.544810706442,
    -7.998235512026E-02));
#334 = CARTESIAN_POINT('',(-4.596728312313,6.169640553841,
    -0.238345292485));
#335 = CARTESIAN_POINT('',(-0.370235568811,7.041360451127,
    -0.397918922959));
#336 = CARTESIAN_POINT('',(3.085254482884,5.497615231297,-0.556773081003
    ));
#337 = CARTESIAN_POINT('',(4.812413106443,2.748842484105,-0.715945505862
    ));
#338 = CARTESIAN_POINT('',(4.812413608676,8.7978615182E-07,
    -0.875018684183));
#339 = CARTESIAN_POINT('',(4.832608751955,1.03640492299E-06,
    0.970461549316));
#340 = CARTESIAN_POINT('',(4.832610879076,-2.760376147172,0.811388046241
    ));
#341 = CARTESIAN_POINT('',(3.098198187383,-5.520685978685,0.652217114384
    ));
#342 = CARTESIAN_POINT('',(-0.371771146856,-7.070904508637,
    0.493358620157));
#343 = CARTESIAN_POINT('',(-4.616044476833,-6.195543121769,
    0.333793830974));
#344 = CARTESIAN_POINT('',(-7.775589144238,-2.555482746038,
    0.175417560182));
#345 = CARTESIAN_POINT('',(-7.775667592673,2.555484458638,
    1.550920702375E-02));
#346 = CARTESIAN_POINT('',(-4.615989832875,6.195531792521,
    -0.142867064316));
#347 = CARTESIAN_POINT('',(-0.371804522536,7.070910959174,
    -0.302431852858));
#348 = CARTESIAN_POINT('',(3.098207501584,5.520685267695,-0.461290347453
    ));
#349 = CARTESIAN_POINT('',(4.832607046984,2.760378047246,-0.620461279205
    ));
#350 = CARTESIAN_POINT('',(4.832609075496,8.636708787E-07,
    -0.779534782291));
#351 = CARTESIAN_POINT('',(4.888486427364,9.8290040418E-07,
    1.047948269062));
#352 = CARTESIAN_POINT('',(4.888489769992,-2.792293662064,0.888873867415
    ));
#353 = CARTESIAN_POINT('',(3.134016855991,-5.584521311951,0.729707066652
    ));
#354 = CARTESIAN_POINT('',(-0.376057629712,-7.152655143776,
    0.570836574271));
#355 = CARTESIAN_POINT('',(-4.669440897867,-6.267197775973,
    0.411296248645));
#356 = CARTESIAN_POINT('',(-7.865464872005,-2.5850069492,0.252883085263)
  );
#357 = CARTESIAN_POINT('',(-7.865606129401,2.585012691239,
    9.301693217626E-02));
#358 = CARTESIAN_POINT('',(-4.669339796599,6.267178817724,
    -6.539623211307E-02));
#359 = CARTESIAN_POINT('',(-0.376115696103,7.152666956348,-0.22493655668
    ));
#360 = CARTESIAN_POINT('',(3.134035604373,5.584518972214,-0.383807049665
    ));
#361 = CARTESIAN_POINT('',(4.888483764409,2.792295464046,-0.54297385026)
  );
#362 = CARTESIAN_POINT('',(4.888487013519,8.190836509E-07,
    -0.702048251923));
#363 = CARTESIAN_POINT('',(4.96778026654,9.0697488253E-07,1.093730738395
    ));
#364 = CARTESIAN_POINT('',(4.967784302031,-2.837586505819,0.934655061617
    ));
#365 = CARTESIAN_POINT('',(3.184849528264,-5.675106781683,0.775494123148
    ));
#366 = CARTESIAN_POINT('',(-0.382150686794,-7.268666353571,
    0.616606604576));
#367 = CARTESIAN_POINT('',(-4.745194395111,-6.36887677557,0.457100994363
    ));
#368 = CARTESIAN_POINT('',(-7.99302988325,-2.626905145155,0.298635478058
    ));
#369 = CARTESIAN_POINT('',(-7.993208207899,2.626913398676,0.138829209374
    ));
#370 = CARTESIAN_POINT('',(-4.745065740739,6.368853387375,
    -1.963630804602E-02));
#371 = CARTESIAN_POINT('',(-0.382223222631,7.268681340516,
    -0.179141916959));
#372 = CARTESIAN_POINT('',(3.184873943562,5.675103427528,-0.33802943627)
  );
#373 = CARTESIAN_POINT('',(4.967777058663,2.837588168605,-0.497190374535
    ));
#374 = CARTESIAN_POINT('',(4.967781007858,7.5581229564E-07,
    -0.65626605133));
#375 = ADVANCED_FACE('',(#376),#385,.T.);
#376 = FACE_BOUND('',#377,.T.);
#377 = EDGE_LOOP('',(#378,#383,#384));
#378 = ORIENTED_EDGE('',*,*,#379,.F.);
#379 = EDGE_CURVE('',#142,#264,#380,.T.);
#380 = B_SPLINE_CURVE_WITH_KNOTS('',1,(#381,#382),.UNSPECIFIED.,.F.,.F.,
  (2,2),(0.,1.225),.PIECEWISE_BEZIER_KNOTS.);
#381 = CARTESIAN_POINT('',(6.028679920407,-9.070231669E-08,
    -1.706248073725));
#382 = CARTESIAN_POINT('',(4.967788421636,7.5580964605E-07,
    -1.093766051267));
#383 = ORIENTED_EDGE('',*,*,#149,.F.);
#384 = ORIENTED_EDGE('',*,*,#263,.T.);
#385 = B_SPLINE_SURFACE_WITH_KNOTS('',1,11,(
    (#386,#387,#388,#389,#390,#391,#392,#393,#394,#395,#396,#397)
    ,(#398,#399,#400,#401,#402,#403,#404,#405,#406,#407,#408,#409
  )),.UNSPECIFIED.,.F.,.F.,.F.,(2,2),(12,12),(0.,1.225),(0.,
    6.522339887215),.PIECEWISE_BEZIER_KNOTS.);
#386 = CARTESIAN_POINT('',(6.028682737637,-1.0884432725E-07,
    4.37523115591E-02));
#387 = CARTESIAN_POINT('',(6.028669308109,-3.44357510164,-0.115340425673
    ));
#388 = CARTESIAN_POINT('',(3.865057408335,-6.887064261402,
    -0.274422929799));
#389 = CARTESIAN_POINT('',(-0.463938217377,-8.820877828909,
    -0.433538250211));
#390 = CARTESIAN_POINT('',(-5.758229557449,-7.729192372675,-0.5925793864
    ));
#391 = CARTESIAN_POINT('',(-9.700440572428,-3.187517109734,
    -0.751745354426));
#392 = CARTESIAN_POINT('',(-9.699766119424,3.187475897582,
    -0.910750409031));
#393 = CARTESIAN_POINT('',(-5.758726329231,7.729275409546,-1.06991637314
    ));
#394 = CARTESIAN_POINT('',(-0.46367151295,8.820820403241,-1.228957513878
    ));
#395 = CARTESIAN_POINT('',(3.864957632002,6.887080931456,-1.388072831728
    ));
#396 = CARTESIAN_POINT('',(6.028693339578,3.443574902095,-1.547155336539
    ));
#397 = CARTESIAN_POINT('',(6.028679920407,-9.070231669E-08,
    -1.706248073725));
#398 = CARTESIAN_POINT('',(4.967789163074,9.069708949E-07,0.656230738485
    ));
#399 = CARTESIAN_POINT('',(4.967786163092,-2.837591164056,0.497155061564
    ));
#400 = CARTESIAN_POINT('',(3.184881073535,-5.675111677559,0.337994123878
    ));
#401 = CARTESIAN_POINT('',(-0.382221422921,-7.268693401258,
    0.179106602882));
#402 = CARTESIAN_POINT('',(-4.745071387644,-6.368865431025,
    1.960099743494E-02));
#403 = CARTESIAN_POINT('',(-7.993220465202,-2.626920384219,
    -0.138864525285));
#404 = CARTESIAN_POINT('',(-7.993043869162,2.626906778101,
    -0.298670787808));
#405 = CARTESIAN_POINT('',(-4.745204327436,6.368885646254,
    -0.457136309585));
#406 = CARTESIAN_POINT('',(-0.382153741303,7.268678156008,
    -0.616641916122));
#407 = CARTESIAN_POINT('',(3.18485285487,5.675117164466,-0.775529436512)
  );
#408 = CARTESIAN_POINT('',(4.96779150791,2.837592826836,-0.934690374353)
  );
#409 = CARTESIAN_POINT('',(4.967788421636,7.5580964605E-07,
    -1.093766051267));
#410 = ADVANCED_FACE('',(#411),#433,.T.);
#411 = FACE_BOUND('',#412,.F.);
#412 = EDGE_LOOP('',(#413,#425,#426));
#413 = ORIENTED_EDGE('',*,*,#414,.F.);
#414 = EDGE_CURVE('',#142,#415,#417,.T.);
#415 = VERTEX_POINT('',#416);
#416 = CARTESIAN_POINT('',(5.4647643601,-2.263531640728,-1.75));
#417 = B_SPLINE_CURVE_WITH_KNOTS('',6,(#418,#419,#420,#421,#422,#423,
    #424),.UNSPECIFIED.,.F.,.F.,(7,7),(0.,1.),.PIECEWISE_BEZIER_KNOTS.);
#418 = CARTESIAN_POINT('',(5.656212083301,2.0649912269E-07,
    -1.491212083301));
#419 = CARTESIAN_POINT('',(5.70020893692,-0.377649145411,-1.53520893695)
  );
#420 = CARTESIAN_POINT('',(5.713589451607,-0.759263327335,
    -1.578847013282));
#421 = CARTESIAN_POINT('',(5.696231652441,-1.141647930956,
    -1.622136002027));
#422 = CARTESIAN_POINT('',(5.648462232247,-1.521745008451,
    -1.665085778308));
#423 = CARTESIAN_POINT('',(5.570957328297,-1.896632269825,-1.70770604228
    ));
#424 = CARTESIAN_POINT('',(5.46476391636,-2.263532505536,-1.75));
#425 = ORIENTED_EDGE('',*,*,#141,.T.);
#426 = ORIENTED_EDGE('',*,*,#427,.F.);
#427 = EDGE_CURVE('',#415,#133,#428,.T.);
#428 = CIRCLE('',#429,5.915);
#429 = AXIS2_PLACEMENT_3D('',#430,#431,#432);
#430 = CARTESIAN_POINT('',(0.,0.,-1.75));
#431 = DIRECTION('',(0.,0.,1.));
#432 = DIRECTION('',(1.,0.,0.));
#433 = CONICAL_SURFACE('',#434,4.165,0.785398163397);
#434 = AXIS2_PLACEMENT_3D('',#435,#436,#437);
#435 = CARTESIAN_POINT('',(0.,0.,0.));
#436 = DIRECTION('',(-0.,-0.,-1.));
#437 = DIRECTION('',(1.,0.,0.));
#438 = ADVANCED_FACE('',(#439),#460,.T.);
#439 = FACE_BOUND('',#440,.F.);
#440 = EDGE_LOOP('',(#441,#449,#450));
#441 = ORIENTED_EDGE('',*,*,#442,.F.);
#442 = EDGE_CURVE('',#133,#443,#445,.T.);
#443 = VERTEX_POINT('',#444);
#444 = CARTESIAN_POINT('',(5.915,-1.901E-12,-1.859369007398));
#445 = LINE('',#446,#447);
#446 = CARTESIAN_POINT('',(5.915,0.,-1.75));
#447 = VECTOR('',#448,1.);
#448 = DIRECTION('',(0.,0.,-1.));
#449 = ORIENTED_EDGE('',*,*,#132,.T.);
#450 = ORIENTED_EDGE('',*,*,#451,.T.);
#451 = EDGE_CURVE('',#61,#443,#452,.T.);
#452 = B_SPLINE_CURVE_WITH_KNOTS('',6,(#453,#454,#455,#456,#457,#458,
    #459),.UNSPECIFIED.,.F.,.F.,(7,7),(0.,1.),.PIECEWISE_BEZIER_KNOTS.);
#453 = CARTESIAN_POINT('',(5.464869051002,2.263278872653,-1.7499994));
#454 = CARTESIAN_POINT('',(5.612977810072,1.905658350974,-1.76822734678)
  );
#455 = CARTESIAN_POINT('',(5.733011503782,1.536387501404,-1.786456971007
    ));
#456 = CARTESIAN_POINT('',(5.823804826535,1.158264168343,-1.804685705026
    ));
#457 = CARTESIAN_POINT('',(5.884603632865,0.774175419822,-1.822914002712
    ));
#458 = CARTESIAN_POINT('',(5.915,0.387077059274,-1.841141790369));
#459 = CARTESIAN_POINT('',(5.915,-3.74906E-12,-1.859369007398));
#460 = CYLINDRICAL_SURFACE('',#461,5.915);
#461 = AXIS2_PLACEMENT_3D('',#462,#463,#464);
#462 = CARTESIAN_POINT('',(0.,0.,-1.75));
#463 = DIRECTION('',(-0.,-0.,-1.));
#464 = DIRECTION('',(1.,0.,0.));
#465 = ADVANCED_FACE('',(#466),#492,.T.);
#466 = FACE_BOUND('',#467,.T.);
#467 = EDGE_LOOP('',(#468,#485,#486,#487));
#468 = ORIENTED_EDGE('',*,*,#469,.F.);
#469 = EDGE_CURVE('',#49,#470,#472,.T.);
#470 = VERTEX_POINT('',#471);
#471 = CARTESIAN_POINT('',(4.967781749187,6.04649762E-07,-2.406262841058
    ));
#472 = ( BOUNDED_CURVE() B_SPLINE_CURVE(11,(#473,#474,#475,#476,#477,
    #478,#479,#480,#481,#482,#483,#484),.UNSPECIFIED.,.F.,.F.) 
B_SPLINE_CURVE_WITH_KNOTS((12,12),(0.,6.522339887215),
.PIECEWISE_BEZIER_KNOTS.) CURVE() GEOMETRIC_REPRESENTATION_ITEM() 
RATIONAL_B_SPLINE_CURVE((1.056590953773,1.056590953773,1.056590953773,
    1.056590953774,1.056590953772,1.056590953774,1.056590953772,
    1.056590953774,1.056590953773,1.056590953773,1.056590953773,
1.056590953773)) REPRESENTATION_ITEM('') );
#473 = CARTESIAN_POINT('',(4.967781007858,7.5581226244E-07,
    -0.65626605133));
#474 = CARTESIAN_POINT('',(4.967784957057,-2.837587080427,
    -0.815341728119));
#475 = CARTESIAN_POINT('',(3.184849830647,-5.675107725512,
    -0.974502666535));
#476 = CARTESIAN_POINT('',(-0.382150964472,-7.268667426435,
    -1.133390185263));
#477 = CARTESIAN_POINT('',(-4.745195298001,-6.368877581938,
    -1.292895795154));
#478 = CARTESIAN_POINT('',(-7.993031154605,-2.626905293557,
    -1.451361311949));
#479 = CARTESIAN_POINT('',(-7.993209322116,2.626914033679,
    -1.611167580069));
#480 = CARTESIAN_POINT('',(-4.74506625404,6.368854482196,-1.769633097986
    ));
#481 = CARTESIAN_POINT('',(-0.382223059017,7.268682436863,
    -1.929138706564));
#482 = CARTESIAN_POINT('',(3.184874591707,5.67510417747,-2.088026226045)
  );
#483 = CARTESIAN_POINT('',(4.967777886285,2.837588440887,-2.247187164247
    ));
#484 = CARTESIAN_POINT('',(4.967781749187,6.0464995466E-07,
    -2.406262841058));
#485 = ORIENTED_EDGE('',*,*,#60,.F.);
#486 = ORIENTED_EDGE('',*,*,#451,.T.);
#487 = ORIENTED_EDGE('',*,*,#488,.F.);
#488 = EDGE_CURVE('',#470,#443,#489,.T.);
#489 = B_SPLINE_CURVE_WITH_KNOTS('',1,(#490,#491),.UNSPECIFIED.,.F.,.F.,
  (2,2),(0.,1.225),.PIECEWISE_BEZIER_KNOTS.);
#490 = CARTESIAN_POINT('',(4.967781749187,6.0464996132E-07,
    -2.406262841058));
#491 = CARTESIAN_POINT('',(6.028654565296,-7.255483243E-08,
    -1.793748459152));
#492 = B_SPLINE_SURFACE_WITH_KNOTS('',1,11,(
    (#493,#494,#495,#496,#497,#498,#499,#500,#501,#502,#503,#504)
    ,(#505,#506,#507,#508,#509,#510,#511,#512,#513,#514,#515,#516
  )),.UNSPECIFIED.,.F.,.F.,.F.,(2,2),(12,12),(0.,1.225),(0.,
    6.522339887215),.PIECEWISE_BEZIER_KNOTS.);
#493 = CARTESIAN_POINT('',(4.967781007858,7.5581226177E-07,
    -0.65626605133));
#494 = CARTESIAN_POINT('',(4.967784957057,-2.837587080427,
    -0.815341728119));
#495 = CARTESIAN_POINT('',(3.184849830647,-5.675107725511,
    -0.974502666535));
#496 = CARTESIAN_POINT('',(-0.382150964473,-7.268667426439,
    -1.133390185263));
#497 = CARTESIAN_POINT('',(-4.745195297995,-6.368877581932,
    -1.292895795154));
#498 = CARTESIAN_POINT('',(-7.993031154618,-2.62690529356,
    -1.451361311949));
#499 = CARTESIAN_POINT('',(-7.993209322103,2.626914033677,
    -1.611167580068));
#500 = CARTESIAN_POINT('',(-4.745066254047,6.368854482202,
    -1.769633097986));
#501 = CARTESIAN_POINT('',(-0.382223059015,7.26868243686,-1.929138706564
    ));
#502 = CARTESIAN_POINT('',(3.184874591707,5.675104177471,-2.088026226045
    ));
#503 = CARTESIAN_POINT('',(4.967777886285,2.837588440887,-2.247187164247
    ));
#504 = CARTESIAN_POINT('',(4.967781749187,6.0464996132E-07,
    -2.406262841058));
#505 = CARTESIAN_POINT('',(6.028651748053,-9.06922742E-08,
    -4.37480739635E-02));
#506 = CARTESIAN_POINT('',(6.028665063676,-3.443558991416,
    -0.202840810697));
#507 = CARTESIAN_POINT('',(3.864939363187,-6.887048863845,
    -0.361923317589));
#508 = CARTESIAN_POINT('',(-0.463669610355,-8.820779170944,
    -0.521038629392));
#509 = CARTESIAN_POINT('',(-5.758699653405,-7.729239111734,
    -0.680079782461));
#510 = CARTESIAN_POINT('',(-9.69972088455,-3.187460719117,
    -0.839245727975));
#511 = CARTESIAN_POINT('',(-9.700395148944,3.187502515184,-0.99825080385
    ));
#512 = CARTESIAN_POINT('',(-5.758202414145,7.729156421032,-1.15741675328
    ));
#513 = CARTESIAN_POINT('',(-0.463935785203,8.820836624774,-1.3164579018)
  );
#514 = CARTESIAN_POINT('',(3.865039554427,6.887031961132,-1.475573216164
    ));
#515 = CARTESIAN_POINT('',(6.028641239328,3.443558828166,-1.634655722374
    ));
#516 = CARTESIAN_POINT('',(6.028654565296,-7.255483243E-08,
    -1.793748459152));
#517 = ADVANCED_FACE('',(#518),#550,.T.);
#518 = FACE_BOUND('',#519,.T.);
#519 = EDGE_LOOP('',(#520,#537,#538,#539,#540));
#520 = ORIENTED_EDGE('',*,*,#521,.F.);
#521 = EDGE_CURVE('',#264,#522,#524,.T.);
#522 = VERTEX_POINT('',#523);
#523 = CARTESIAN_POINT('',(4.967787680209,6.0464826E-07,-2.843762841018)
  );
#524 = B_SPLINE_CURVE_WITH_KNOTS('',11,(#525,#526,#527,#528,#529,#530,
    #531,#532,#533,#534,#535,#536),.UNSPECIFIED.,.F.,.F.,(12,12),(0.,
    6.522339887215),.PIECEWISE_BEZIER_KNOTS.);
#525 = CARTESIAN_POINT('',(4.967788421636,7.5580961053E-07,
    -1.093766051267));
#526 = CARTESIAN_POINT('',(4.967785335362,-2.83759089171,-1.252841728175
    ));
#527 = CARTESIAN_POINT('',(3.184880425322,-5.675110927494,
    -1.412002665918));
#528 = CARTESIAN_POINT('',(-0.382221586527,-7.268692304744,
    -1.570890186753));
#529 = CARTESIAN_POINT('',(-4.745070874235,-6.368864336083,
    -1.730395792525));
#530 = CARTESIAN_POINT('',(-7.993219350812,-2.626919749135,
    -1.888861314757));
#531 = CARTESIAN_POINT('',(-7.99304259763,2.626906629615,-2.048667577836
    ));
#532 = CARTESIAN_POINT('',(-4.745203424443,6.36888483976,-2.207133099131
    ));
#533 = CARTESIAN_POINT('',(-0.382153463619,7.268677082979,
    -2.366638705983));
#534 = CARTESIAN_POINT('',(3.184852552417,5.675116220514,-2.525526226223
    ));
#535 = CARTESIAN_POINT('',(4.967790852774,2.837592252167,-2.684687164112
    ));
#536 = CARTESIAN_POINT('',(4.967787680209,6.0464846115E-07,
    -2.843762841018));
#537 = ORIENTED_EDGE('',*,*,#281,.T.);
#538 = ORIENTED_EDGE('',*,*,#48,.T.);
#539 = ORIENTED_EDGE('',*,*,#469,.T.);
#540 = ORIENTED_EDGE('',*,*,#541,.F.);
#541 = EDGE_CURVE('',#522,#470,#542,.T.);
#542 = ( BOUNDED_CURVE() B_SPLINE_CURVE(6,(#543,#544,#545,#546,#547,#548
,#549),.UNSPECIFIED.,.F.,.F.) B_SPLINE_CURVE_WITH_KNOTS((7,7),(0.,
2.094395102393),.PIECEWISE_BEZIER_KNOTS.) CURVE() 
GEOMETRIC_REPRESENTATION_ITEM() RATIONAL_B_SPLINE_CURVE((1.056590953773,
    1.017435169568,0.996326512422,0.989390034249,0.996326512422,
1.017435169568,1.056590953773)) REPRESENTATION_ITEM('') );
#543 = CARTESIAN_POINT('',(4.967787680209,6.0464846152E-07,
    -2.843762841018));
#544 = CARTESIAN_POINT('',(4.888492289439,6.5526594362E-07,
    -2.797983059103));
#545 = CARTESIAN_POINT('',(4.832611987917,6.9093638266E-07,
    -2.720498233182));
#546 = CARTESIAN_POINT('',(4.812413608619,7.0382939488E-07,
    -2.625014947345));
#547 = CARTESIAN_POINT('',(4.832609399048,6.9093703925E-07,
    -2.529531113899));
#548 = CARTESIAN_POINT('',(4.888487599685,6.5526712845E-07,
    -2.45204477291));
#549 = CARTESIAN_POINT('',(4.967781749187,6.0464995466E-07,
    -2.406262841058));
#550 = ( BOUNDED_SURFACE() B_SPLINE_SURFACE(6,11,(
    (#551,#552,#553,#554,#555,#556,#557,#558,#559,#560,#561,#562)
    ,(#563,#564,#565,#566,#567,#568,#569,#570,#571,#572,#573,#574)
    ,(#575,#576,#577,#578,#579,#580,#581,#582,#583,#584,#585,#586)
    ,(#587,#588,#589,#590,#591,#592,#593,#594,#595,#596,#597,#598)
    ,(#599,#600,#601,#602,#603,#604,#605,#606,#607,#608,#609,#610)
    ,(#611,#612,#613,#614,#615,#616,#617,#618,#619,#620,#621,#622)
    ,(#623,#624,#625,#626,#627,#628,#629,#630,#631,#632,#633,#634
)),.UNSPECIFIED.,.F.,.F.,.F.) B_SPLINE_SURFACE_WITH_KNOTS((7,7),(12,12),
  (0.,2.094395102393),(0.,6.522339887215),.PIECEWISE_BEZIER_KNOTS.) 
GEOMETRIC_REPRESENTATION_ITEM() RATIONAL_B_SPLINE_SURFACE((
    (1.056590953773,1.056590953773,1.056590953773,1.056590953774
      ,1.056590953772,1.056590953774,1.056590953772,1.056590953774
      ,1.056590953773,1.056590953773,1.056590953773,1.056590953773)
    ,(1.017435169568,1.017435169568,1.017435169568,1.017435169568
      ,1.017435169568,1.017435169568,1.017435169568,1.017435169568
      ,1.017435169568,1.017435169568,1.017435169568,1.017435169568)
    ,(0.996326512422,0.996326512422,0.996326512422,0.996326512422
      ,0.996326512422,0.996326512423,0.996326512422,0.996326512422
      ,0.996326512422,0.996326512422,0.996326512422,0.996326512422)
    ,(0.989390034249,0.989390034249,0.989390034248,0.989390034249
      ,0.989390034248,0.989390034249,0.989390034248,0.989390034249
      ,0.989390034248,0.989390034249,0.989390034249,0.989390034249)
    ,(0.996326512422,0.996326512422,0.996326512422,0.996326512422
      ,0.996326512422,0.996326512423,0.996326512421,0.996326512423
      ,0.996326512422,0.996326512422,0.996326512422,0.996326512422)
    ,(1.017435169568,1.017435169568,1.017435169568,1.017435169568
      ,1.017435169568,1.017435169569,1.017435169568,1.017435169568
      ,1.017435169568,1.017435169568,1.017435169568,1.017435169568)
    ,(1.056590953773,1.056590953773,1.056590953773,1.056590953774
      ,1.056590953772,1.056590953774,1.056590953772,1.056590953774
      ,1.056590953773,1.056590953773,1.056590953773,1.056590953773
))) REPRESENTATION_ITEM('') SURFACE() );
#551 = CARTESIAN_POINT('',(4.967788421636,7.5580960923E-07,
    -1.093766051267));
#552 = CARTESIAN_POINT('',(4.967785335362,-2.83759089171,-1.252841728175
    ));
#553 = CARTESIAN_POINT('',(3.184880425322,-5.675110927495,
    -1.412002665918));
#554 = CARTESIAN_POINT('',(-0.382221586525,-7.26869230474,
    -1.570890186753));
#555 = CARTESIAN_POINT('',(-4.745070874242,-6.368864336091,
    -1.730395792526));
#556 = CARTESIAN_POINT('',(-7.993219350799,-2.626919749128,
    -1.888861314756));
#557 = CARTESIAN_POINT('',(-7.993042597643,2.626906629615,
    -2.048667577837));
#558 = CARTESIAN_POINT('',(-4.745203424436,6.368884839757,
    -2.207133099129));
#559 = CARTESIAN_POINT('',(-0.382153463621,7.268677082981,
    -2.366638705983));
#560 = CARTESIAN_POINT('',(3.184852552417,5.675116220514,-2.525526226223
    ));
#561 = CARTESIAN_POINT('',(4.967790852774,2.837592252167,-2.684687164112
    ));
#562 = CARTESIAN_POINT('',(4.967787680209,6.0464846152E-07,
    -2.843762841018));
#563 = CARTESIAN_POINT('',(4.888492875711,8.1908152194E-07,
    -1.047986538098));
#564 = CARTESIAN_POINT('',(4.888490561762,-2.792297174339,
    -1.207060939848));
#565 = CARTESIAN_POINT('',(3.134041236128,-5.584524618496,
    -1.366227740038));
#566 = CARTESIAN_POINT('',(-0.376113755919,-7.15267566032,
    -1.525098234207));
#567 = CARTESIAN_POINT('',(-4.669343284984,-6.267187897597,
    -1.684638556322));
#568 = CARTESIAN_POINT('',(-7.865614710043,-2.585018425504,
    -1.84305172439));
#569 = CARTESIAN_POINT('',(-7.865475155657,2.585007410113,
    -2.002917873046));
#570 = CARTESIAN_POINT('',(-4.669448608227,6.267203729863,
    -2.161331040398));
#571 = CARTESIAN_POINT('',(-0.37606047188,7.152663593265,-2.320871363335
    ));
#572 = CARTESIAN_POINT('',(3.134018740692,5.58452905941,-2.479741857056)
  );
#573 = CARTESIAN_POINT('',(4.888494696904,2.792298648686,-2.638908657352
    ));
#574 = CARTESIAN_POINT('',(4.888492289439,6.5526594362E-07,
    -2.797983059103));
#575 = CARTESIAN_POINT('',(4.832612311582,8.6366969065E-07,
    -0.970501901564));
#576 = CARTESIAN_POINT('',(4.832611269138,-2.760378168326,
    -1.129575404695));
#577 = CARTESIAN_POINT('',(3.09821155172,-5.520687856736,-1.288746336237
    ));
#578 = CARTESIAN_POINT('',(-0.371802250147,-7.070915827875,
    -1.447604831449));
#579 = CARTESIAN_POINT('',(-4.615990697957,-6.195537590086,
    -1.607169618695));
#580 = CARTESIAN_POINT('',(-7.77567190155,-2.555488948766,
    -1.765545892075));
#581 = CARTESIAN_POINT('',(-7.775595248857,2.555481675758,
    -1.925454242785));
#582 = CARTESIAN_POINT('',(-4.616049793699,6.19554562318,-2.083830515819
    ));
#583 = CARTESIAN_POINT('',(-0.37177391716,7.070909109007,-2.243395303456
    ));
#584 = CARTESIAN_POINT('',(3.098198286493,5.520690783281,-2.402253798463
    ));
#585 = CARTESIAN_POINT('',(4.832613128968,2.760379722931,-2.561424730046
    ));
#586 = CARTESIAN_POINT('',(4.832611987917,6.9093638266E-07,
    -2.720498233182));
#587 = CARTESIAN_POINT('',(4.812413608676,8.797861184E-07,
    -0.875018684183));
#588 = CARTESIAN_POINT('',(4.812414110911,-2.748840724498,
    -1.034091862496));
#589 = CARTESIAN_POINT('',(3.08525649522,-5.497614102777,-1.193264287385
    ));
#590 = CARTESIAN_POINT('',(-0.370233000415,-7.0413605877,-1.352118445351
    ));
#591 = CARTESIAN_POINT('',(-4.596726044823,-6.169642232598,
    -1.511692075947));
#592 = CARTESIAN_POINT('',(-7.743133804525,-2.544813538478,
    -1.670055013213));
#593 = CARTESIAN_POINT('',(-7.743134627686,2.544810989606,
    -1.829978618279));
#594 = CARTESIAN_POINT('',(-4.596728085511,6.169640721648,-1.98834155565
    ));
#595 = CARTESIAN_POINT('',(-0.370235311966,7.0413604647,-2.147915186114)
  );
#596 = CARTESIAN_POINT('',(3.08525468408,5.497615118379,-2.30676934417)
  );
#597 = CARTESIAN_POINT('',(4.812413206833,2.748842308112,-2.46594176902)
  );
#598 = CARTESIAN_POINT('',(4.812413608619,7.0382939488E-07,
    -2.625014947345));
#599 = CARTESIAN_POINT('',(4.832609075496,8.6367084462E-07,
    -0.779534782291));
#600 = CARTESIAN_POINT('',(4.832611104009,-2.760376504716,
    -0.938608285369));
#601 = CARTESIAN_POINT('',(3.098198197259,-5.520686459082,
    -1.097779217205));
#602 = CARTESIAN_POINT('',(-0.371771423883,-7.070904968589,
    -1.256637711498));
#603 = CARTESIAN_POINT('',(-4.616045008465,-6.195543371847,
    -1.416202500541));
#604 = CARTESIAN_POINT('',(-7.775589754612,-2.555482638967,
    -1.574578771549));
#605 = CARTESIAN_POINT('',(-7.775668023468,2.555484907609,
    -1.734487124458));
#606 = CARTESIAN_POINT('',(-4.615989919333,6.195532372213,
    -1.892863396019));
#607 = CARTESIAN_POINT('',(-0.37180429529,7.070911445959,-2.052428184409
    ));
#608 = CARTESIAN_POINT('',(3.09820790656,5.520685526536,-2.211286679084)
  );
#609 = CARTESIAN_POINT('',(4.832607469144,2.760378059322,-2.370457610804
    ));
#610 = CARTESIAN_POINT('',(4.832609399048,6.9093703925E-07,
    -2.529531113899));
#611 = CARTESIAN_POINT('',(4.888487013519,8.1908362148E-07,
    -0.702048251923));
#612 = CARTESIAN_POINT('',(4.888490262631,-2.792294160696,
    -0.861122653579));
#613 = CARTESIAN_POINT('',(3.134017044426,-5.584522086638,
    -1.020289454301));
#614 = CARTESIAN_POINT('',(-0.376057913924,-7.152655988644,
    -1.179159946804));
#615 = CARTESIAN_POINT('',(-4.669441668855,-6.267198371303,
    -1.338700272176));
#616 = CARTESIAN_POINT('',(-7.865465900283,-2.585006995249,
    -1.497113435945));
#617 = CARTESIAN_POINT('',(-7.865606987381,2.585013264624,
    -1.656979588586));
#618 = CARTESIAN_POINT('',(-4.669340145387,6.267179725653,
    -1.815392753269));
#619 = CARTESIAN_POINT('',(-0.376115502079,7.152667826665,-1.97493307757
    ));
#620 = CARTESIAN_POINT('',(3.134036167513,5.584519536782,-2.133803570691
    ));
#621 = CARTESIAN_POINT('',(4.888484444092,2.792295635045,-2.292970371235
    ));
#622 = CARTESIAN_POINT('',(4.888487599685,6.5526712845E-07,
    -2.45204477291));
#623 = CARTESIAN_POINT('',(4.967781007858,7.5581226244E-07,
    -0.65626605133));
#624 = CARTESIAN_POINT('',(4.967784957057,-2.837587080427,
    -0.815341728119));
#625 = CARTESIAN_POINT('',(3.184849830647,-5.675107725512,
    -0.974502666535));
#626 = CARTESIAN_POINT('',(-0.382150964472,-7.268667426435,
    -1.133390185263));
#627 = CARTESIAN_POINT('',(-4.745195298001,-6.368877581938,
    -1.292895795154));
#628 = CARTESIAN_POINT('',(-7.993031154605,-2.626905293557,
    -1.451361311949));
#629 = CARTESIAN_POINT('',(-7.993209322116,2.626914033679,
    -1.611167580069));
#630 = CARTESIAN_POINT('',(-4.74506625404,6.368854482196,-1.769633097986
    ));
#631 = CARTESIAN_POINT('',(-0.382223059017,7.268682436863,
    -1.929138706564));
#632 = CARTESIAN_POINT('',(3.184874591707,5.67510417747,-2.088026226045)
  );
#633 = CARTESIAN_POINT('',(4.967777886285,2.837588440887,-2.247187164247
    ));
#634 = CARTESIAN_POINT('',(4.967781749187,6.0464995466E-07,
    -2.406262841058));
#635 = ADVANCED_FACE('',(#636),#737,.T.);
#636 = FACE_BOUND('',#637,.T.);
#637 = EDGE_LOOP('',(#638,#639,#640,#641,#648));
#638 = ORIENTED_EDGE('',*,*,#414,.F.);
#639 = ORIENTED_EDGE('',*,*,#379,.T.);
#640 = ORIENTED_EDGE('',*,*,#521,.T.);
#641 = ORIENTED_EDGE('',*,*,#642,.F.);
#642 = EDGE_CURVE('',#643,#522,#645,.T.);
#643 = VERTEX_POINT('',#644);
#644 = CARTESIAN_POINT('',(5.915,2.096E-12,-3.390619007633));
#645 = B_SPLINE_CURVE_WITH_KNOTS('',1,(#646,#647),.UNSPECIFIED.,.F.,.F.,
  (2,2),(0.,1.225),.PIECEWISE_BEZIER_KNOTS.);
#646 = CARTESIAN_POINT('',(6.028677103177,-7.256054084E-08,
    -3.456248458999));
#647 = CARTESIAN_POINT('',(4.967787680209,6.0464846115E-07,
    -2.843762841018));
#648 = ORIENTED_EDGE('',*,*,#649,.F.);
#649 = EDGE_CURVE('',#415,#643,#650,.T.);
#650 = B_SPLINE_CURVE_WITH_KNOTS('',8,(#651,#652,#653,#654,#655,#656,
    #657,#658,#659,#660,#661,#662,#663,#664,#665,#666,#667,#668,#669,
    #670,#671,#672,#673,#674,#675,#676,#677,#678,#679,#680,#681,#682,
    #683,#684,#685,#686,#687,#688,#689,#690,#691,#692,#693,#694,#695,
    #696,#697,#698,#699,#700,#701,#702,#703,#704,#705,#706,#707,#708,
    #709,#710,#711,#712,#713,#714,#715,#716,#717,#718,#719,#720,#721,
    #722,#723,#724,#725,#726,#727,#728,#729,#730,#731,#732,#733,#734,
    #735,#736),.UNSPECIFIED.,.F.,.F.,(9,7,7,7,7,7,7,7,7,7,7,7,9),(0.,
    2.978509674446E-02,6.605710369619E-02,0.217393669343,0.328188829284,
    0.448119451226,0.469276349848,0.608972487589,0.719399346651,
    0.791854311871,0.89565428187,0.969743683418,1.),.UNSPECIFIED.);
#651 = CARTESIAN_POINT('',(5.464769235853,-2.263519869336,-1.7499994));
#652 = CARTESIAN_POINT('',(5.415135155034,-2.38335040438,-1.756107283415
    ));
#653 = CARTESIAN_POINT('',(5.362497973714,-2.501937311704,
    -1.762215098196));
#654 = CARTESIAN_POINT('',(5.306894191169,-2.619192497284,
    -1.768322830748));
#655 = CARTESIAN_POINT('',(5.24836326612,-2.735029409297,-1.774430471029
    ));
#656 = CARTESIAN_POINT('',(5.186947616738,-2.849363038127,
    -1.780538012547));
#657 = CARTESIAN_POINT('',(5.122692620643,-2.96210991636,-1.786645452358
    ));
#658 = CARTESIAN_POINT('',(5.055646614899,-3.073188118788,
    -1.792752791069));
#659 = CARTESIAN_POINT('',(4.900876512659,-3.315657251556,-1.80629737366
    ));
#660 = CARTESIAN_POINT('',(4.811828582461,-3.446204136771,
    -1.813734583678));
#661 = CARTESIAN_POINT('',(4.718809937869,-3.574012556142,
    -1.821171672476));
#662 = CARTESIAN_POINT('',(4.621919141577,-3.698941733753,-1.82860865229
    ));
#663 = CARTESIAN_POINT('',(4.52126048654,-3.820855479676,-1.836045538003
    ));
#664 = CARTESIAN_POINT('',(4.416943995969,-3.939622189972,
    -1.843482347149));
#665 = CARTESIAN_POINT('',(4.309085423334,-4.055114846697,
    -1.850919099912));
#666 = CARTESIAN_POINT('',(3.733519630848,-4.634906384002,
    -1.889383811236));
#667 = CARTESIAN_POINT('',(3.209209130662,-5.043958927509,
    -1.920442815225));
#668 = CARTESIAN_POINT('',(2.634195855414,-5.384559272526,
    -1.951484856572));
#669 = CARTESIAN_POINT('',(2.019103642426,-5.649791958525,
    -1.982518006386));
#670 = CARTESIAN_POINT('',(1.375228381496,-5.834484829298,
    -2.013552833678));
#671 = CARTESIAN_POINT('',(0.714585547349,-5.935479099755,
    -2.044599108101));
#672 = CARTESIAN_POINT('',(4.977566110851E-02,-5.951390460623,
    -2.07566256802));
#673 = CARTESIAN_POINT('',(-1.085709782594,-5.834487016522,
    -2.129411648961));
#674 = CARTESIAN_POINT('',(-1.561180627295,-5.740320643084,
    -2.152135759213));
#675 = CARTESIAN_POINT('',(-2.027100993255,-5.601880138144,
    -2.174856350952));
#676 = CARTESIAN_POINT('',(-2.478676589661,-5.420357677949,
    -2.197572920325));
#677 = CARTESIAN_POINT('',(-2.911358172506,-5.19751798161,
    -2.220289487916));
#678 = CARTESIAN_POINT('',(-3.320835265004,-4.935647779747,
    -2.243010101634));
#679 = CARTESIAN_POINT('',(-3.70307019655,-4.637593696754,
    -2.265734330511));
#680 = CARTESIAN_POINT('',(-4.434640867237,-3.948915559905,
    -2.31304438419));
#681 = CARTESIAN_POINT('',(-4.778939347381,-3.552427023327,
    -2.337646757016));
#682 = CARTESIAN_POINT('',(-5.082471469546,-3.12184358509,
    -2.362244921073));
#683 = CARTESIAN_POINT('',(-5.34138117396,-2.662125477064,
    -2.386839518465));
#684 = CARTESIAN_POINT('',(-5.552569231652,-2.178623075721,
    -2.411434400006));
#685 = CARTESIAN_POINT('',(-5.713629506487,-1.677032178988,
    -2.436033314683));
#686 = CARTESIAN_POINT('',(-5.822923009636,-1.163417973789,
    -2.460636647752));
#687 = CARTESIAN_POINT('',(-5.889842741401,-0.552689339484,
    -2.489567543409));
#688 = CARTESIAN_POINT('',(-5.898247507036,-0.460928345391,
    -2.493905871629));
#689 = CARTESIAN_POINT('',(-5.90501831885,-0.369022591041,
    -2.498244170311));
#690 = CARTESIAN_POINT('',(-5.910152310517,-0.277006024783,
    -2.502582438709));
#691 = CARTESIAN_POINT('',(-5.913647463796,-0.184912639015,
    -2.506920676126));
#692 = CARTESIAN_POINT('',(-5.91550260853,-9.27764701849E-02,
    -2.511258881921));
#693 = CARTESIAN_POINT('',(-5.91571742265,-6.315987890724E-04,
    -2.515597055502));
#694 = CARTESIAN_POINT('',(-5.904883412901,0.699740105525,
    -2.548579353002));
#695 = CARTESIAN_POINT('',(-5.823975453506,1.307335995563,
    -2.577243282324));
#696 = CARTESIAN_POINT('',(-5.671547376405,1.90376538618,-2.605894147265
    ));
#697 = CARTESIAN_POINT('',(-5.449635367479,2.479287141752,
    -2.634535982177));
#698 = CARTESIAN_POINT('',(-5.161576152129,3.024715443533,
    -2.663178110335));
#699 = CARTESIAN_POINT('',(-4.812102250864,3.531499540637,
    -2.691829654182));
#700 = CARTESIAN_POINT('',(-4.407219232104,3.991704248696,
    -2.720494258653));
#701 = CARTESIAN_POINT('',(-3.597286898483,4.719956147337,
    -2.771781631012));
#702 = CARTESIAN_POINT('',(-3.209733024088,5.008342896016,
    -2.794431578158));
#703 = CARTESIAN_POINT('',(-2.795934333309,5.260188515873,
    -2.817079191095));
#704 = CARTESIAN_POINT('',(-2.359950031415,5.472764823152,
    -2.839723422477));
#705 = CARTESIAN_POINT('',(-1.906096369876,5.643901922744,
    -2.862367464383));
#706 = CARTESIAN_POINT('',(-1.438914057192,5.771950393115,
    -2.885014594015));
#707 = CARTESIAN_POINT('',(-0.963173392818,5.855830963995,
    -2.907663985938));
#708 = CARTESIAN_POINT('',(-0.169460147201,5.920984525526,
    -2.945163038606));
#709 = CARTESIAN_POINT('',(0.146587652161,5.927628940257,-2.960020194395
    ));
#710 = CARTESIAN_POINT('',(0.462837695025,5.914987378411,-2.974876831404
    ));
#711 = CARTESIAN_POINT('',(0.777915584967,5.883068859209,-2.989732937438
    ));
#712 = CARTESIAN_POINT('',(1.090460810451,5.831997045433,-3.004589067858
    ));
#713 = CARTESIAN_POINT('',(1.39912748362,5.76200615502,-3.01944579087));
#714 = CARTESIAN_POINT('',(1.702586115469,5.673444712514,-3.034303125177
    ));
#715 = CARTESIAN_POINT('',(2.424927162515,5.413988049858,-3.070444088219
    ));
#716 = CARTESIAN_POINT('',(2.837079954371,5.224001710094,-3.091733596097
    ));
#717 = CARTESIAN_POINT('',(3.232042755231,4.998213018189,-3.113021819131
    ));
#718 = CARTESIAN_POINT('',(3.606208412814,4.738481304363,-3.134308255524
    ));
#719 = CARTESIAN_POINT('',(3.95625287783,4.447054886909,-3.15559521195)
  );
#720 = CARTESIAN_POINT('',(4.279123413698,4.126538437916,-3.176884667109
    ));
#721 = CARTESIAN_POINT('',(4.5720668084,3.779913159732,-3.198175363052)
  );
#722 = CARTESIAN_POINT('',(5.018728263874,3.147011748276,-3.234652568203
    ));
#723 = CARTESIAN_POINT('',(5.188338036113,2.8718016027,-3.249845287807)
  );
#724 = CARTESIAN_POINT('',(5.340663970589,2.58619515401,-3.265036897362)
  );
#725 = CARTESIAN_POINT('',(5.474970724239,2.291464893588,-3.280227260414
    ));
#726 = CARTESIAN_POINT('',(5.590638708038,1.98893347513,-3.295417035187)
  );
#727 = CARTESIAN_POINT('',(5.687160553436,1.679970642211,-3.310607093326
    ));
#728 = CARTESIAN_POINT('',(5.764145882753,1.365993593961,-3.325797812014
    ));
#729 = CARTESIAN_POINT('',(5.84468878172,0.918802168028,-3.347191641963)
  );
#730 = CARTESIAN_POINT('',(5.864742259609,0.788538762701,-3.353395145544
    ));
#731 = CARTESIAN_POINT('',(5.881477110882,0.657778985641,-3.359598780822
    ));
#732 = CARTESIAN_POINT('',(5.894879168549,0.526621550043,-3.365802564189
    ));
#733 = CARTESIAN_POINT('',(5.904937804951,0.395165469497,-3.372006497788
    ));
#734 = CARTESIAN_POINT('',(5.911645931765,0.263510057989,-3.37821056951)
  );
#735 = CARTESIAN_POINT('',(5.915,0.1317549299,-3.384414752996));
#736 = CARTESIAN_POINT('',(5.915,4.2979E-12,-3.390619007633));
#737 = B_SPLINE_SURFACE_WITH_KNOTS('',1,11,(
    (#738,#739,#740,#741,#742,#743,#744,#745,#746,#747,#748,#749)
    ,(#750,#751,#752,#753,#754,#755,#756,#757,#758,#759,#760,#761
  )),.UNSPECIFIED.,.F.,.F.,.F.,(2,2),(12,12),(0.,1.225),(0.,
    6.522339887215),.PIECEWISE_BEZIER_KNOTS.);
#738 = CARTESIAN_POINT('',(6.028679920407,-9.070234535E-08,
    -1.706248073725));
#739 = CARTESIAN_POINT('',(6.028666501234,-3.443573474292,
    -1.865340810911));
#740 = CARTESIAN_POINT('',(3.865055622952,-6.887061031378,
    -2.024423315246));
#741 = CARTESIAN_POINT('',(-0.463937974161,-8.820873708504,
    -2.183538635053));
#742 = CARTESIAN_POINT('',(-5.758226843115,-7.729188777512,
    -2.342579772475));
#743 = CARTESIAN_POINT('',(-9.700436030087,-3.187515650293,
    -2.501745738643));
#744 = CARTESIAN_POINT('',(-9.699761595945,3.187474379745,
    -2.660750795369));
#745 = CARTESIAN_POINT('',(-5.75872366165,7.729271779759,-2.819916757627
    ));
#746 = CARTESIAN_POINT('',(-0.4636713227,8.820816280022,-2.978957899591)
  );
#747 = CARTESIAN_POINT('',(3.864955805126,6.887077724698,-3.138073216841
    ));
#748 = CARTESIAN_POINT('',(6.028690511988,3.443573311031,-3.297155721859
    ));
#749 = CARTESIAN_POINT('',(6.028677103177,-7.256054084E-08,
    -3.456248458999));
#750 = CARTESIAN_POINT('',(4.967788421636,7.5580961053E-07,
    -1.093766051267));
#751 = CARTESIAN_POINT('',(4.967785335362,-2.83759089171,-1.252841728175
    ));
#752 = CARTESIAN_POINT('',(3.184880425322,-5.675110927494,
    -1.412002665918));
#753 = CARTESIAN_POINT('',(-0.382221586527,-7.268692304744,
    -1.570890186753));
#754 = CARTESIAN_POINT('',(-4.745070874235,-6.368864336083,
    -1.730395792525));
#755 = CARTESIAN_POINT('',(-7.993219350812,-2.626919749135,
    -1.888861314757));
#756 = CARTESIAN_POINT('',(-7.99304259763,2.626906629615,-2.048667577836
    ));
#757 = CARTESIAN_POINT('',(-4.745203424443,6.36888483976,-2.207133099131
    ));
#758 = CARTESIAN_POINT('',(-0.382153463619,7.268677082979,
    -2.366638705983));
#759 = CARTESIAN_POINT('',(3.184852552417,5.675116220514,-2.525526226223
    ));
#760 = CARTESIAN_POINT('',(4.967790852774,2.837592252167,-2.684687164112
    ));
#761 = CARTESIAN_POINT('',(4.967787680209,6.0464846115E-07,
    -2.843762841018));
#762 = ADVANCED_FACE('',(#763),#851,.T.);
#763 = FACE_BOUND('',#764,.F.);
#764 = EDGE_LOOP('',(#765,#766,#767,#844,#850));
#765 = ORIENTED_EDGE('',*,*,#427,.T.);
#766 = ORIENTED_EDGE('',*,*,#442,.T.);
#767 = ORIENTED_EDGE('',*,*,#768,.T.);
#768 = EDGE_CURVE('',#443,#769,#771,.T.);
#769 = VERTEX_POINT('',#770);
#770 = CARTESIAN_POINT('',(5.915,-1.385E-12,-3.609370505571));
#771 = B_SPLINE_CURVE_WITH_KNOTS('',8,(#772,#773,#774,#775,#776,#777,
    #778,#779,#780,#781,#782,#783,#784,#785,#786,#787,#788,#789,#790,
    #791,#792,#793,#794,#795,#796,#797,#798,#799,#800,#801,#802,#803,
    #804,#805,#806,#807,#808,#809,#810,#811,#812,#813,#814,#815,#816,
    #817,#818,#819,#820,#821,#822,#823,#824,#825,#826,#827,#828,#829,
    #830,#831,#832,#833,#834,#835,#836,#837,#838,#839,#840,#841,#842,
    #843),.UNSPECIFIED.,.F.,.F.,(9,7,7,7,7,7,7,7,7,7,9),(0.,
    8.929898847545E-02,0.19524317365,0.26430631221,0.367717604202,
    0.501149043167,0.630969283934,0.734088878789,0.805413099851,
    0.914805875416,1.),.UNSPECIFIED.);
#772 = CARTESIAN_POINT('',(5.915,-3.99236E-12,-1.859369007398));
#773 = CARTESIAN_POINT('',(5.915,-0.414793558089,-1.878901368482));
#774 = CARTESIAN_POINT('',(5.881756739839,-0.82965410808,-1.898436139328
    ));
#775 = CARTESIAN_POINT('',(5.815252559185,-1.241372681675,
    -1.917967262337));
#776 = CARTESIAN_POINT('',(5.715859515867,-1.646839339679,-1.93749535384
    ));
#777 = CARTESIAN_POINT('',(5.584280290382,-2.043032755045,
    -1.957023613729));
#778 = CARTESIAN_POINT('',(5.421527369886,-2.427020786983,
    -1.976554644267));
#779 = CARTESIAN_POINT('',(5.228940511657,-2.795972046128,
    -1.996088178102));
#780 = CARTESIAN_POINT('',(4.746406681484,-3.563849199274,
    -2.038791901927));
#781 = CARTESIAN_POINT('',(4.444869509174,-3.955755672435,
    -2.061972981654));
#782 = CARTESIAN_POINT('',(4.106477199745,-4.318277155951,
    -2.085151673577));
#783 = CARTESIAN_POINT('',(3.734633606515,-4.647417719897,
    -2.108327517388));
#784 = CARTESIAN_POINT('',(3.333171372138,-4.93970050973,-2.131502859356
    ));
#785 = CARTESIAN_POINT('',(2.906310818304,-5.19213107564,-2.154680493241
    ));
#786 = CARTESIAN_POINT('',(2.458686913145,-5.402245457012,
    -2.177860926463));
#787 = CARTESIAN_POINT('',(1.693432217547,-5.676479857902,
    -2.216138863676));
#788 = CARTESIAN_POINT('',(1.384714259702,-5.765989066756,
    -2.231245033574));
#789 = CARTESIAN_POINT('',(1.070649142836,-5.83628824677,-2.24635055593)
  );
#790 = CARTESIAN_POINT('',(0.752635328272,-5.887014262794,
    -2.261455447953));
#791 = CARTESIAN_POINT('',(0.432088301197,-5.917926155723,
    -2.276560322757));
#792 = CARTESIAN_POINT('',(0.110438625978,-5.928900996666,
    -2.291665779317));
#793 = CARTESIAN_POINT('',(-0.21086885108,-5.919938402675,
    -2.306771799078));
#794 = CARTESIAN_POINT('',(-1.008784818088,-5.848103073506,
    -2.344495058173));
#795 = CARTESIAN_POINT('',(-1.483335901351,-5.760618598157,
    -2.367119806924));
#796 = CARTESIAN_POINT('',(-1.949005643997,-5.629130690129,
    -2.389742307333));
#797 = CARTESIAN_POINT('',(-2.401047839276,-5.454751803174,
    -2.412361720788));
#798 = CARTESIAN_POINT('',(-2.834949171677,-5.239160185731,
    -2.434981297693));
#799 = CARTESIAN_POINT('',(-3.246423863141,-4.984550565497,
    -2.457604222312));
#800 = CARTESIAN_POINT('',(-3.631446124825,-4.693671775499,
    -2.480229463001));
#801 = CARTESIAN_POINT('',(-4.44421419172,-3.952255293086,
    -2.532031812884));
#802 = CARTESIAN_POINT('',(-4.852452691255,-3.479393344952,
    -2.561238105913));
#803 = CARTESIAN_POINT('',(-5.202664469177,-2.958724114069,
    -2.590430055825));
#804 = CARTESIAN_POINT('',(-5.488595522219,-2.39871846932,
    -2.619611908056));
#805 = CARTESIAN_POINT('',(-5.705361362884,-1.808484992748,
    -2.648793561685));
#806 = CARTESIAN_POINT('',(-5.849594990782,-1.197795562756,
    -2.677985074497));
#807 = CARTESIAN_POINT('',(-5.919327651378,-0.576993849037,
    -2.707191017646));
#808 = CARTESIAN_POINT('',(-5.910484284925,0.645775518546,
    -2.764769509111));
#809 = CARTESIAN_POINT('',(-5.835864557028,1.248695437468,
    -2.793185409709));
#810 = CARTESIAN_POINT('',(-5.690885785807,1.841313437193,
    -2.821591426778));
#811 = CARTESIAN_POINT('',(-5.477432223877,2.414123233977,
    -2.849990343562));
#812 = CARTESIAN_POINT('',(-5.198654743478,2.95814212141,-2.878389170226
    ));
#813 = CARTESIAN_POINT('',(-4.859057668591,3.464983945645,
    -2.906794982525));
#814 = CARTESIAN_POINT('',(-4.464386296247,3.92684420347,-2.935210723277
    ));
#815 = CARTESIAN_POINT('',(-3.671057860147,4.662616220936,
    -2.986159453352));
#816 = CARTESIAN_POINT('',(-3.289615768148,4.955924200477,
    -3.008719414698));
#817 = CARTESIAN_POINT('',(-2.881563124397,5.213395981026,
    -3.031275892327));
#818 = CARTESIAN_POINT('',(-2.450867736849,5.432271296647,
    -3.053828479944));
#819 = CARTESIAN_POINT('',(-2.001759559971,5.610335349735,
    -3.076381087823));
#820 = CARTESIAN_POINT('',(-1.538698205576,5.745882419097,
    -3.098937597935));
#821 = CARTESIAN_POINT('',(-1.066378808656,5.837764314698,
    -3.121497521426));
#822 = CARTESIAN_POINT('',(-0.260126908252,5.918557162855,
    -3.159651567009));
#823 = CARTESIAN_POINT('',(7.165885099415E-02,5.9304914092,
    -3.175252756635));
#824 = CARTESIAN_POINT('',(0.403973155217,5.92116053773,-3.19085373473)
  );
#825 = CARTESIAN_POINT('',(0.735224137425,5.890553950402,-3.206454322639
    ));
#826 = CARTESIAN_POINT('',(1.063835641974,5.838800393295,-3.222054978724
    ));
#827 = CARTESIAN_POINT('',(1.388248233565,5.766162503569,-3.237656134129
    ));
#828 = CARTESIAN_POINT('',(1.706921511215,5.673041841581,-3.253257541258
    ));
#829 = CARTESIAN_POINT('',(2.49596908043,5.386609093526,-3.292784114861)
  );
#830 = CARTESIAN_POINT('',(2.956749626794,5.166268267698,-3.316718526528
    ));
#831 = CARTESIAN_POINT('',(3.395027388624,4.900961191277,-3.340647485656
    ));
#832 = CARTESIAN_POINT('',(3.80572232643,4.593450897121,-3.364571484372)
  );
#833 = CARTESIAN_POINT('',(4.184233786393,4.247095445939,-3.388494871114
    ));
#834 = CARTESIAN_POINT('',(4.52640672694,3.86579084506,-3.412422513757)
  );
#835 = CARTESIAN_POINT('',(4.828581624653,3.454014897205,-3.436356020786
    ));
#836 = CARTESIAN_POINT('',(5.289593299623,2.676569946167,-3.478916043808
    ));
#837 = CARTESIAN_POINT('',(5.465435258931,2.320710225955,-3.497553076937
    ));
#838 = CARTESIAN_POINT('',(5.613849942467,1.951755381797,-3.516189911849
    ));
#839 = CARTESIAN_POINT('',(5.733723615856,1.572184926796,-3.534826199925
    ));
#840 = CARTESIAN_POINT('',(5.824215190337,1.184557968762,-3.553462629552
    ));
#841 = CARTESIAN_POINT('',(5.884742875512,0.791504659166,-3.572099494636
    ));
#842 = CARTESIAN_POINT('',(5.915,0.395725713064,-3.590736028844));
#843 = CARTESIAN_POINT('',(5.915,-2.65388E-12,-3.609370505571));
#844 = ORIENTED_EDGE('',*,*,#845,.F.);
#845 = EDGE_CURVE('',#643,#769,#846,.T.);
#846 = LINE('',#847,#848);
#847 = CARTESIAN_POINT('',(5.915,0.,-1.75));
#848 = VECTOR('',#849,1.);
#849 = DIRECTION('',(0.,0.,-1.));
#850 = ORIENTED_EDGE('',*,*,#649,.F.);
#851 = CYLINDRICAL_SURFACE('',#852,5.915);
#852 = AXIS2_PLACEMENT_3D('',#853,#854,#855);
#853 = CARTESIAN_POINT('',(0.,0.,-1.75));
#854 = DIRECTION('',(-0.,-0.,-1.));
#855 = DIRECTION('',(1.,0.,0.));
#856 = ADVANCED_FACE('',(#857),#883,.T.);
#857 = FACE_BOUND('',#858,.T.);
#858 = EDGE_LOOP('',(#859,#876,#877,#878));
#859 = ORIENTED_EDGE('',*,*,#860,.F.);
#860 = EDGE_CURVE('',#470,#861,#863,.T.);
#861 = VERTEX_POINT('',#862);
#862 = CARTESIAN_POINT('',(4.967782490527,4.5348732E-07,-4.156259630789)
  );
#863 = ( BOUNDED_CURVE() B_SPLINE_CURVE(11,(#864,#865,#866,#867,#868,
    #869,#870,#871,#872,#873,#874,#875),.UNSPECIFIED.,.F.,.F.) 
B_SPLINE_CURVE_WITH_KNOTS((12,12),(0.,6.522339887215),
.PIECEWISE_BEZIER_KNOTS.) CURVE() GEOMETRIC_REPRESENTATION_ITEM() 
RATIONAL_B_SPLINE_CURVE((1.056590953773,1.056590953773,1.056590953773,
    1.056590953774,1.056590953772,1.056590953774,1.056590953772,
    1.056590953774,1.056590953773,1.056590953773,1.056590953773,
1.056590953773)) REPRESENTATION_ITEM('') );
#864 = CARTESIAN_POINT('',(4.967781749187,6.0464975893E-07,
    -2.406262841058));
#865 = CARTESIAN_POINT('',(4.967785612094,-2.83758765504,-2.565338517857
    ));
#866 = CARTESIAN_POINT('',(3.184850133038,-5.675108669353,
    -2.724499456222));
#867 = CARTESIAN_POINT('',(-0.382151242153,-7.268668499321,
    -2.883386975103));
#868 = CARTESIAN_POINT('',(-4.745196200895,-6.368878388306,
    -3.042892584676));
#869 = CARTESIAN_POINT('',(-7.993032425989,-2.626905441989,
    -3.201358101957));
#870 = CARTESIAN_POINT('',(-7.993210436339,2.626914668716,
    -3.361164369514));
#871 = CARTESIAN_POINT('',(-4.74506676736,6.36885557701,-3.51962988793)
  );
#872 = CARTESIAN_POINT('',(-0.382222895399,7.268683533235,-3.67913549617
    ));
#873 = CARTESIAN_POINT('',(3.184875239857,5.675104927422,-3.838023015823
    ));
#874 = CARTESIAN_POINT('',(4.967778713918,2.837588713176,-3.997183953962
    ));
#875 = CARTESIAN_POINT('',(4.967782490527,4.53487357E-07,-4.156259630789
    ));
#876 = ORIENTED_EDGE('',*,*,#488,.T.);
#877 = ORIENTED_EDGE('',*,*,#768,.T.);
#878 = ORIENTED_EDGE('',*,*,#879,.F.);
#879 = EDGE_CURVE('',#861,#769,#880,.T.);
#880 = B_SPLINE_CURVE_WITH_KNOTS('',1,(#881,#882),.UNSPECIFIED.,.F.,.F.,
  (2,2),(0.,1.225),.PIECEWISE_BEZIER_KNOTS.);
#881 = CARTESIAN_POINT('',(4.967782490527,4.5348735421E-07,
    -4.156259630789));
#882 = CARTESIAN_POINT('',(6.028657382536,-5.441741182E-08,
    -3.54374884435));
#883 = B_SPLINE_SURFACE_WITH_KNOTS('',1,11,(
    (#884,#885,#886,#887,#888,#889,#890,#891,#892,#893,#894,#895)
    ,(#896,#897,#898,#899,#900,#901,#902,#903,#904,#905,#906,#907
  )),.UNSPECIFIED.,.F.,.F.,.F.,(2,2),(12,12),(0.,1.225),(0.,
    6.522339887215),.PIECEWISE_BEZIER_KNOTS.);
#884 = CARTESIAN_POINT('',(4.967781749187,6.0464977013E-07,
    -2.406262841058));
#885 = CARTESIAN_POINT('',(4.967785612094,-2.83758765504,-2.565338517857
    ));
#886 = CARTESIAN_POINT('',(3.184850133037,-5.675108669352,
    -2.724499456222));
#887 = CARTESIAN_POINT('',(-0.382151242152,-7.268668499325,
    -2.883386975104));
#888 = CARTESIAN_POINT('',(-4.745196200892,-6.368878388299,
    -3.042892584672));
#889 = CARTESIAN_POINT('',(-7.993032425998,-2.626905441994,
    -3.201358101962));
#890 = CARTESIAN_POINT('',(-7.993210436329,2.626914668714,
    -3.361164369509));
#891 = CARTESIAN_POINT('',(-4.745066767364,6.368855577015,
    -3.519629887934));
#892 = CARTESIAN_POINT('',(-0.382222895399,7.268683533232,
    -3.679135496168));
#893 = CARTESIAN_POINT('',(3.184875239857,5.675104927423,-3.838023015824
    ));
#894 = CARTESIAN_POINT('',(4.967778713918,2.837588713176,-3.997183953962
    ));
#895 = CARTESIAN_POINT('',(4.967782490527,4.5348735421E-07,
    -4.156259630789));
#896 = CARTESIAN_POINT('',(6.028654565296,-7.255502767E-08,
    -1.793748459152));
#897 = CARTESIAN_POINT('',(6.028667891274,-3.44356058249,-1.952841195931
    ));
#898 = CARTESIAN_POINT('',(3.864941190068,-6.887052070618,
    -2.111923702615));
#899 = CARTESIAN_POINT('',(-0.463669800616,-8.820783294179,
    -2.271039015022));
#900 = CARTESIAN_POINT('',(-5.758702320997,-7.729242741534,
    -2.430080166857));
#901 = CARTESIAN_POINT('',(-9.699725408056,-3.187462236949,
    -2.589246114235));
#902 = CARTESIAN_POINT('',(-9.700399691293,3.187503974633,
    -2.748251187973));
#903 = CARTESIAN_POINT('',(-5.75820512849,7.729160016219,-2.907417139277
    ));
#904 = CARTESIAN_POINT('',(-0.463936028409,8.820840745192,
    -3.066458286552));
#905 = CARTESIAN_POINT('',(3.86504133982,6.887035191168,-3.225573601527)
  );
#906 = CARTESIAN_POINT('',(6.028644046218,3.443560455516,-3.384656107526
    ));
#907 = CARTESIAN_POINT('',(6.028657382536,-5.441741182E-08,
    -3.54374884435));
#908 = ADVANCED_FACE('',(#909),#940,.T.);
#909 = FACE_BOUND('',#910,.T.);
#910 = EDGE_LOOP('',(#911,#928,#929,#930));
#911 = ORIENTED_EDGE('',*,*,#912,.F.);
#912 = EDGE_CURVE('',#522,#913,#915,.T.);
#913 = VERTEX_POINT('',#914);
#914 = CARTESIAN_POINT('',(4.967786938793,4.5348679E-07,-4.593759630766)
  );
#915 = B_SPLINE_CURVE_WITH_KNOTS('',11,(#916,#917,#918,#919,#920,#921,
    #922,#923,#924,#925,#926,#927),.UNSPECIFIED.,.F.,.F.,(12,12),(0.,
    6.522339887215),.PIECEWISE_BEZIER_KNOTS.);
#916 = CARTESIAN_POINT('',(4.967787680209,6.0464825613E-07,
    -2.843762841018));
#917 = CARTESIAN_POINT('',(4.967784507642,-2.837590619371,
    -3.002838517912));
#918 = CARTESIAN_POINT('',(3.184879777116,-5.675110177439,
    -3.161999455714));
#919 = CARTESIAN_POINT('',(-0.382221750134,-7.268691208252,
    -3.320886976383));
#920 = CARTESIAN_POINT('',(-4.745070360835,-6.368863241141,
    -3.480392582486));
#921 = CARTESIAN_POINT('',(-7.993218236442,-2.62691911408,
    -3.638858104227));
#922 = CARTESIAN_POINT('',(-7.993041326112,2.626906481161,-3.79866436786
    ));
#923 = CARTESIAN_POINT('',(-4.745202521462,6.368884033261,
    -3.957129888677));
#924 = CARTESIAN_POINT('',(-0.382153185937,7.268676009973,
    -4.116635495839));
#925 = CARTESIAN_POINT('',(3.184852249971,5.675115276573,-4.275523015933
    ));
#926 = CARTESIAN_POINT('',(4.967790197649,2.837591677505,-4.434683953868
    ));
#927 = CARTESIAN_POINT('',(4.967786938793,4.5348682787E-07,
    -4.593759630766));
#928 = ORIENTED_EDGE('',*,*,#541,.T.);
#929 = ORIENTED_EDGE('',*,*,#860,.T.);
#930 = ORIENTED_EDGE('',*,*,#931,.F.);
#931 = EDGE_CURVE('',#913,#861,#932,.T.);
#932 = ( BOUNDED_CURVE() B_SPLINE_CURVE(6,(#933,#934,#935,#936,#937,#938
,#939),.UNSPECIFIED.,.F.,.F.) B_SPLINE_CURVE_WITH_KNOTS((7,7),(0.,
2.094395102393),.PIECEWISE_BEZIER_KNOTS.) CURVE() 
GEOMETRIC_REPRESENTATION_ITEM() RATIONAL_B_SPLINE_CURVE((1.056590953773,
    1.017435169568,0.996326512422,0.989390034249,0.996326512422,
1.017435169568,1.056590953773)) REPRESENTATION_ITEM('') );
#933 = CARTESIAN_POINT('',(4.967786938793,4.5348682476E-07,
    -4.593759630766));
#934 = CARTESIAN_POINT('',(4.888491703178,4.9144989622E-07,
    -4.547979580108));
#935 = CARTESIAN_POINT('',(4.832611664265,5.1820264113E-07,-4.4704945648
    ));
#936 = CARTESIAN_POINT('',(4.812413608575,5.2787227423E-07,
    -4.375011210508));
#937 = CARTESIAN_POINT('',(4.832609722613,5.1820287073E-07,
    -4.279527445509));
#938 = CARTESIAN_POINT('',(4.888488185863,4.914503221E-07,
    -4.202041293901));
#939 = CARTESIAN_POINT('',(4.967782490527,4.53487357E-07,-4.156259630789
    ));
#940 = ( BOUNDED_SURFACE() B_SPLINE_SURFACE(6,11,(
    (#941,#942,#943,#944,#945,#946,#947,#948,#949,#950,#951,#952)
    ,(#953,#954,#955,#956,#957,#958,#959,#960,#961,#962,#963,#964)
    ,(#965,#966,#967,#968,#969,#970,#971,#972,#973,#974,#975,#976)
    ,(#977,#978,#979,#980,#981,#982,#983,#984,#985,#986,#987,#988)
    ,(#989,#990,#991,#992,#993,#994,#995,#996,#997,#998,#999,#1000)
    ,(#1001,#1002,#1003,#1004,#1005,#1006,#1007,#1008,#1009,#1010,#1011
      ,#1012)
    ,(#1013,#1014,#1015,#1016,#1017,#1018,#1019,#1020,#1021,#1022,#1023
,#1024
    )),.UNSPECIFIED.,.F.,.F.,.F.) B_SPLINE_SURFACE_WITH_KNOTS((7,7),(12,
    12),(0.,2.094395102393),(0.,6.522339887215),
.PIECEWISE_BEZIER_KNOTS.) GEOMETRIC_REPRESENTATION_ITEM() 
RATIONAL_B_SPLINE_SURFACE((
    (1.056590953773,1.056590953773,1.056590953773,1.056590953774
      ,1.056590953772,1.056590953774,1.056590953772,1.056590953774
      ,1.056590953773,1.056590953773,1.056590953773,1.056590953773)
    ,(1.017435169568,1.017435169568,1.017435169568,1.017435169568
      ,1.017435169568,1.017435169568,1.017435169568,1.017435169568
      ,1.017435169568,1.017435169568,1.017435169568,1.017435169568)
    ,(0.996326512422,0.996326512422,0.996326512422,0.996326512422
      ,0.996326512422,0.996326512423,0.996326512422,0.996326512422
      ,0.996326512422,0.996326512422,0.996326512422,0.996326512422)
    ,(0.989390034249,0.989390034249,0.989390034248,0.989390034249
      ,0.989390034248,0.989390034249,0.989390034248,0.989390034249
      ,0.989390034248,0.989390034249,0.989390034249,0.989390034249)
    ,(0.996326512422,0.996326512422,0.996326512422,0.996326512422
      ,0.996326512422,0.996326512423,0.996326512421,0.996326512423
      ,0.996326512422,0.996326512422,0.996326512422,0.996326512422)
    ,(1.017435169568,1.017435169568,1.017435169568,1.017435169568
      ,1.017435169568,1.017435169569,1.017435169568,1.017435169568
      ,1.017435169568,1.017435169568,1.017435169568,1.017435169568)
    ,(1.056590953773,1.056590953773,1.056590953773,1.056590953774
      ,1.056590953772,1.056590953774,1.056590953772,1.056590953774
      ,1.056590953773,1.056590953773,1.056590953773,1.056590953773
))) REPRESENTATION_ITEM('') SURFACE() );
#941 = CARTESIAN_POINT('',(4.967787680209,6.0464826168E-07,
    -2.843762841018));
#942 = CARTESIAN_POINT('',(4.967784507642,-2.83759061937,-3.002838517912
    ));
#943 = CARTESIAN_POINT('',(3.184879777117,-5.675110177441,
    -3.161999455714));
#944 = CARTESIAN_POINT('',(-0.382221750135,-7.268691208248,
    -3.320886976383));
#945 = CARTESIAN_POINT('',(-4.745070360837,-6.368863241149,
    -3.480392582487));
#946 = CARTESIAN_POINT('',(-7.993218236435,-2.626919114074,
    -3.638858104225));
#947 = CARTESIAN_POINT('',(-7.99304132612,2.626906481162,-3.798664367862
    ));
#948 = CARTESIAN_POINT('',(-4.745202521459,6.368884033257,
    -3.957129888676));
#949 = CARTESIAN_POINT('',(-0.382153185937,7.268676009975,
    -4.116635495839));
#950 = CARTESIAN_POINT('',(3.18485224997,5.675115276573,-4.275523015933)
  );
#951 = CARTESIAN_POINT('',(4.967790197649,2.837591677505,-4.434683953868
    ));
#952 = CARTESIAN_POINT('',(4.967786938793,4.5348682476E-07,
    -4.593759630766));
#953 = CARTESIAN_POINT('',(4.888492289439,6.5526574511E-07,
    -2.797983059103));
#954 = CARTESIAN_POINT('',(4.888489881973,-2.792297003279,
    -2.957057460842));
#955 = CARTESIAN_POINT('',(3.134040672921,-5.584524053806,-3.11622426108
    ));
#956 = CARTESIAN_POINT('',(-0.376113949935,-7.152674789848,
    -3.275094755116));
#957 = CARTESIAN_POINT('',(-4.669342936089,-6.267186989533,
    -3.434635077495));
#958 = CARTESIAN_POINT('',(-7.865613851897,-2.585017852067,
    -3.593048245174));
#959 = CARTESIAN_POINT('',(-7.865474127202,2.585007364012,
    -3.752914394267));
#960 = CARTESIAN_POINT('',(-4.669447837142,6.267203134389,
    -3.911327561244));
#961 = CARTESIAN_POINT('',(-0.376060187661,7.152662748245,
    -4.070867884422));
#962 = CARTESIAN_POINT('',(3.134018552189,5.584528284601,-4.229738378032
    ));
#963 = CARTESIAN_POINT('',(4.888494204158,2.792298149994,-4.388905178361
    ));
#964 = CARTESIAN_POINT('',(4.888491703178,4.9144989622E-07,
    -4.547979580108));
#965 = CARTESIAN_POINT('',(4.832611987917,6.9093618982E-07,
    -2.720498233182));
#966 = CARTESIAN_POINT('',(4.832610846866,-2.760378156186,
    -2.879571736305));
#967 = CARTESIAN_POINT('',(3.098211146672,-5.520687597767,
    -3.038742667877));
#968 = CARTESIAN_POINT('',(-0.371802477383,-7.070915340924,
    -3.197601163012));
#969 = CARTESIAN_POINT('',(-4.615990611389,-6.195537010253,
    -3.357165950406));
#970 = CARTESIAN_POINT('',(-7.775671470578,-2.555488499736,
    -3.51554222357));
#971 = CARTESIAN_POINT('',(-7.775594638298,2.55548178277,-3.67545057452)
  );
#972 = CARTESIAN_POINT('',(-4.616049261963,6.195545372954,
    -3.833826847352));
#973 = CARTESIAN_POINT('',(-0.371773640125,7.070908648893,
    -3.993391635115));
#974 = CARTESIAN_POINT('',(3.098198276546,5.520690302756,-4.152250130067
    ));
#975 = CARTESIAN_POINT('',(4.832612903922,2.760379365324,-4.311421061664
    ));
#976 = CARTESIAN_POINT('',(4.832611664265,5.1820264113E-07,-4.4704945648
    ));
#977 = CARTESIAN_POINT('',(4.812413608619,7.038292007E-07,
    -2.625014947345));
#978 = CARTESIAN_POINT('',(4.812414010407,-2.748840900426,
    -2.784088125656));
#979 = CARTESIAN_POINT('',(3.085256293951,-5.497614215564,-2.94326055055
    ));
#980 = CARTESIAN_POINT('',(-0.370233257251,-7.04136057396,
    -3.102114708508));
#981 = CARTESIAN_POINT('',(-4.596726271515,-6.169642064645,
    -3.261688339111));
#982 = CARTESIAN_POINT('',(-7.743133895909,-2.544813255254,
    -3.420051276376));
#983 = CARTESIAN_POINT('',(-7.743134536138,2.544811272802,
    -3.579974881436));
#984 = CARTESIAN_POINT('',(-4.596727858722,6.169640889453,
    -3.738337818819));
#985 = CARTESIAN_POINT('',(-0.370235055123,7.041360478299,
    -3.897911449267));
#986 = CARTESIAN_POINT('',(3.085254885285,5.497615005475,-4.056765607338
    ));
#987 = CARTESIAN_POINT('',(4.812413307235,2.748842132127,-4.215938032178
    ));
#988 = CARTESIAN_POINT('',(4.812413608575,5.2787227423E-07,
    -4.375011210508));
#989 = CARTESIAN_POINT('',(4.832609399048,6.9093684729E-07,
    -2.529531113899));
#990 = CARTESIAN_POINT('',(4.832611328955,-2.760376862267,-2.68860461698
    ));
#991 = CARTESIAN_POINT('',(3.098198207142,-5.520686939492,
    -2.847775548798));
#992 = CARTESIAN_POINT('',(-0.37177170091,-7.070905428562,
    -3.006634043153));
#993 = CARTESIAN_POINT('',(-4.616045540108,-6.19554362193,
    -3.166198832061));
#994 = CARTESIAN_POINT('',(-7.775590365007,-2.555482531923,
    -3.324575103279));
#995 = CARTESIAN_POINT('',(-7.775668454282,2.555485356609,-3.48448345594
    ));
#996 = CARTESIAN_POINT('',(-4.615990005803,6.195532951906,
    -3.642859727725));
#997 = CARTESIAN_POINT('',(-0.371804068046,7.070911932769,
    -3.802424515959));
#998 = CARTESIAN_POINT('',(3.098208311546,5.52068578539,-3.961283010718)
  );
#999 = CARTESIAN_POINT('',(4.832607891316,2.760378071405,-4.120453942404
    ));
#1000 = CARTESIAN_POINT('',(4.832609722613,5.1820287073E-07,
    -4.279527445509));
#1001 = CARTESIAN_POINT('',(4.888487599685,6.5526692872E-07,
    -2.45204477291));
#1002 = CARTESIAN_POINT('',(4.888490755281,-2.792294659335,
    -2.611119174574));
#1003 = CARTESIAN_POINT('',(3.13401723287,-5.584522861337,
    -2.770285975257));
#1004 = CARTESIAN_POINT('',(-0.376058198138,-7.152656833533,
    -2.92915646788));
#1005 = CARTESIAN_POINT('',(-4.66944243985,-6.267198966636,
    -3.088696793001));
#1006 = CARTESIAN_POINT('',(-7.865466928585,-2.585007041327,
    -3.247109957155));
#1007 = CARTESIAN_POINT('',(-7.865607845376,2.58501383804,
    -3.406976109349));
#1008 = CARTESIAN_POINT('',(-4.66934049419,6.267180633579,-3.56538927443
    ));
#1009 = CARTESIAN_POINT('',(-0.376115308056,7.152668697006,
    -3.724929598459));
#1010 = CARTESIAN_POINT('',(3.134036730662,5.584520101362,-3.88380009172
    ));
#1011 = CARTESIAN_POINT('',(4.888485123787,2.792295806051,
    -4.042966892211));
#1012 = CARTESIAN_POINT('',(4.888488185863,4.914503221E-07,
    -4.202041293901));
#1013 = CARTESIAN_POINT('',(4.967781749187,6.0464975893E-07,
    -2.406262841058));
#1014 = CARTESIAN_POINT('',(4.967785612094,-2.83758765504,
    -2.565338517857));
#1015 = CARTESIAN_POINT('',(3.184850133038,-5.675108669353,
    -2.724499456222));
#1016 = CARTESIAN_POINT('',(-0.382151242153,-7.268668499321,
    -2.883386975103));
#1017 = CARTESIAN_POINT('',(-4.745196200895,-6.368878388306,
    -3.042892584676));
#1018 = CARTESIAN_POINT('',(-7.993032425989,-2.626905441989,
    -3.201358101957));
#1019 = CARTESIAN_POINT('',(-7.993210436339,2.626914668716,
    -3.361164369514));
#1020 = CARTESIAN_POINT('',(-4.74506676736,6.36885557701,-3.51962988793)
  );
#1021 = CARTESIAN_POINT('',(-0.382222895399,7.268683533235,
    -3.67913549617));
#1022 = CARTESIAN_POINT('',(3.184875239857,5.675104927422,
    -3.838023015823));
#1023 = CARTESIAN_POINT('',(4.967778713918,2.837588713176,
    -3.997183953962));
#1024 = CARTESIAN_POINT('',(4.967782490527,4.53487357E-07,
    -4.156259630789));
#1025 = ADVANCED_FACE('',(#1026),#1133,.T.);
#1026 = FACE_BOUND('',#1027,.T.);
#1027 = EDGE_LOOP('',(#1028,#1126,#1127,#1128));
#1028 = ORIENTED_EDGE('',*,*,#1029,.F.);
#1029 = EDGE_CURVE('',#643,#1030,#1032,.T.);
#1030 = VERTEX_POINT('',#1031);
#1031 = CARTESIAN_POINT('',(5.915,1.413E-12,-5.140620505703));
#1032 = B_SPLINE_CURVE_WITH_KNOTS('',8,(#1033,#1034,#1035,#1036,#1037,
    #1038,#1039,#1040,#1041,#1042,#1043,#1044,#1045,#1046,#1047,#1048,
    #1049,#1050,#1051,#1052,#1053,#1054,#1055,#1056,#1057,#1058,#1059,
    #1060,#1061,#1062,#1063,#1064,#1065,#1066,#1067,#1068,#1069,#1070,
    #1071,#1072,#1073,#1074,#1075,#1076,#1077,#1078,#1079,#1080,#1081,
    #1082,#1083,#1084,#1085,#1086,#1087,#1088,#1089,#1090,#1091,#1092,
    #1093,#1094,#1095,#1096,#1097,#1098,#1099,#1100,#1101,#1102,#1103,
    #1104,#1105,#1106,#1107,#1108,#1109,#1110,#1111,#1112,#1113,#1114,
    #1115,#1116,#1117,#1118,#1119,#1120,#1121,#1122,#1123,#1124,#1125),
  .UNSPECIFIED.,.F.,.F.,(9,7,7,7,7,7,7,7,7,7,7,7,7,9),(0.,
    8.60080571215E-02,0.124431017882,0.266308240715,0.370179103657,
    0.482614738935,0.502450571617,0.633416618237,0.736171766987,
    0.79889475033,0.809575934325,0.90158191349,0.971253830737,1.),
  .UNSPECIFIED.);
#1033 = CARTESIAN_POINT('',(5.915,3.99591E-12,-3.390619007633));
#1034 = CARTESIAN_POINT('',(5.915,-0.399504345748,-3.409431417757));
#1035 = CARTESIAN_POINT('',(5.884162281895,-0.799064475954,
    -3.428245995775));
#1036 = CARTESIAN_POINT('',(5.822472646118,-1.19581956369,
    -3.447060894284));
#1037 = CARTESIAN_POINT('',(5.730249976938,-1.58699084072,
    -3.465875300383));
#1038 = CARTESIAN_POINT('',(5.608098680404,-1.969873454666,
    -3.484689532867));
#1039 = CARTESIAN_POINT('',(5.456891950241,-2.341836937162,
    -3.503504335339));
#1040 = CARTESIAN_POINT('',(5.277785861709,-2.700334283018,
    -3.522319365219));
#1041 = CARTESIAN_POINT('',(4.980450253915,-3.195965112887,
    -3.549534673239));
#1042 = CARTESIAN_POINT('',(4.883358047635,-3.34584544244,
    -3.557938299912));
#1043 = CARTESIAN_POINT('',(4.781115932199,-3.492346994355,
    -3.566341765399));
#1044 = CARTESIAN_POINT('',(4.673861606998,-3.635263487292,
    -3.574745081841));
#1045 = CARTESIAN_POINT('',(4.56174221319,-3.774395993239,-3.58314826681
    ));
#1046 = CARTESIAN_POINT('',(4.444914333707,-3.909552937517,
    -3.591551343313));
#1047 = CARTESIAN_POINT('',(4.323543993247,-4.040550098775,
    -3.599954339791));
#1048 = CARTESIAN_POINT('',(3.733520108301,-4.634905994161,
    -3.639385280464));
#1049 = CARTESIAN_POINT('',(3.209209680752,-5.043958569036,
    -3.670444282675));
#1050 = CARTESIAN_POINT('',(2.634196476614,-5.384558958654,
    -3.701486322258));
#1051 = CARTESIAN_POINT('',(2.019104330714,-5.649791702366,
    -3.732519470328));
#1052 = CARTESIAN_POINT('',(1.375229130245,-5.834484643608,
    -3.763554295896));
#1053 = CARTESIAN_POINT('',(0.714586347598,-5.935478996205,
    -3.794600568592));
#1054 = CARTESIAN_POINT('',(4.977650154841E-02,-5.95139044951,
    -3.825664026774));
#1055 = CARTESIAN_POINT('',(-1.085713477801,-5.834486707567,
    -3.8794133216));
#1056 = CARTESIAN_POINT('',(-1.561188810765,-5.740319085237,
    -3.902137647766));
#1057 = CARTESIAN_POINT('',(-2.027113441572,-5.601876493001,
    -3.924858455264));
#1058 = CARTESIAN_POINT('',(-2.4786929438,-5.420351147835,-3.94757524022
    ));
#1059 = CARTESIAN_POINT('',(-2.911377948448,-5.197507830469,
    -3.970292023403));
#1060 = CARTESIAN_POINT('',(-3.320857863843,-4.935633351234,
    -3.993012852907));
#1061 = CARTESIAN_POINT('',(-3.703094916659,-4.6375744343,
    -4.015737297736));
#1062 = CARTESIAN_POINT('',(-4.434669188872,-3.948884559675,
    -4.063047853843));
#1063 = CARTESIAN_POINT('',(-4.778968870309,-3.552388863841,
    -4.087650514023));
#1064 = CARTESIAN_POINT('',(-5.082500979168,-3.121797768087,
    -4.112248965144));
#1065 = CARTESIAN_POINT('',(-5.341409360149,-2.662071710601,
    -4.136843849371));
#1066 = CARTESIAN_POINT('',(-5.552594727516,-2.178561284416,
    -4.161439017711));
#1067 = CARTESIAN_POINT('',(-5.713650922227,-1.676962512114,
    -4.18603821935));
#1068 = CARTESIAN_POINT('',(-5.822938971596,-1.163340814497,
    -4.210641839627));
#1069 = CARTESIAN_POINT('',(-5.889851322864,-0.552598928851,
    -4.239573317571));
#1070 = CARTESIAN_POINT('',(-5.898255238884,-0.46083154762,
    -4.243911941486));
#1071 = CARTESIAN_POINT('',(-5.905024976001,-0.368919412062,
    -4.248250535859));
#1072 = CARTESIAN_POINT('',(-5.910157667845,-0.276896477543,
    -4.252589099941));
#1073 = CARTESIAN_POINT('',(-5.91365129636,-0.184796743451,
    -4.256927633037));
#1074 = CARTESIAN_POINT('',(-5.915504691813,-9.265425319154E-02,
    -4.261266134505));
#1075 = CARTESIAN_POINT('',(-5.915717532783,-5.030941902175E-04,
    -4.265604603756));
#1076 = CARTESIAN_POINT('',(-5.904867349329,0.699882332358,
    -4.298587558799));
#1077 = CARTESIAN_POINT('',(-5.823943619186,1.307484068791,
    -4.327251851277));
#1078 = CARTESIAN_POINT('',(-5.671498210355,1.90391725878,
    -4.355903078613));
#1079 = CARTESIAN_POINT('',(-5.449567639064,2.479440447314,
    -4.384545275606));
#1080 = CARTESIAN_POINT('',(-5.16148900415,3.024867557215,
    -4.413187766057));
#1081 = CARTESIAN_POINT('',(-4.81199525425,3.531647651248,
    -4.441839672817));
#1082 = CARTESIAN_POINT('',(-4.407092425902,3.991845422256,
    -4.470504641065));
#1083 = CARTESIAN_POINT('',(-3.599787973464,4.717685988022,
    -4.521624082578));
#1084 = CARTESIAN_POINT('',(-3.215328493158,5.004158941682,
    -4.544105495573));
#1085 = CARTESIAN_POINT('',(-2.804987199844,5.254656816252,
    -4.566584670172));
#1086 = CARTESIAN_POINT('',(-2.372729897713,5.466507549852,
    -4.589060594268));
#1087 = CARTESIAN_POINT('',(-1.922773059538,5.637580637769,
    -4.611536340431));
#1088 = CARTESIAN_POINT('',(-1.459552555198,5.766251009579,
    -4.634015061132));
#1089 = CARTESIAN_POINT('',(-0.987728684936,5.851446556336,
    -4.65649595331));
#1090 = CARTESIAN_POINT('',(-0.221975864045,5.918009318299,
    -4.692688739095));
#1091 = CARTESIAN_POINT('',(6.970764711731E-02,5.926901488278,
    -4.706407659323));
#1092 = CARTESIAN_POINT('',(0.361733083607,5.919358841337,
    -4.720126195802));
#1093 = CARTESIAN_POINT('',(0.653018992704,5.895375507785,
    -4.733844344227));
#1094 = CARTESIAN_POINT('',(0.942492387982,5.855029285289,
    -4.747562485853));
#1095 = CARTESIAN_POINT('',(1.229089277364,5.798479097747,
    -4.761281014695));
#1096 = CARTESIAN_POINT('',(1.511755732733,5.725967352408,
    -4.774999959213));
#1097 = CARTESIAN_POINT('',(1.836738358791,5.62281768536,-4.791054764657
    ));
#1098 = CARTESIAN_POINT('',(1.883883410342,5.607354835494,
    -4.793390941436));
#1099 = CARTESIAN_POINT('',(1.930879508979,5.591440282844,
    -4.795727125417));
#1100 = CARTESIAN_POINT('',(1.977721563859,5.575075720062,
    -4.798063314752));
#1101 = CARTESIAN_POINT('',(2.024404540058,5.558262895227,
    -4.800399509176));
#1102 = CARTESIAN_POINT('',(2.070923458568,5.541003611841,
    -4.802735710007));
#1103 = CARTESIAN_POINT('',(2.117273396304,5.523299728832,
    -4.805071920142));
#1104 = CARTESIAN_POINT('',(2.561202802325,5.348841577113,
    -4.827531996378));
#1105 = CARTESIAN_POINT('',(2.946121443502,5.159657734541,
    -4.847660068417));
#1106 = CARTESIAN_POINT('',(3.314924356369,4.938868422373,
    -4.867787273164));
#1107 = CARTESIAN_POINT('',(3.664600014885,4.688109328636,
    -4.887913176913));
#1108 = CARTESIAN_POINT('',(3.992368310431,4.409324221328,
    -4.908039465843));
#1109 = CARTESIAN_POINT('',(4.295671741237,4.104741630382,
    -4.928167580938));
#1110 = CARTESIAN_POINT('',(4.572195901045,3.776889030117,
    -4.948296521247));
#1111 = CARTESIAN_POINT('',(5.007508834671,3.164934894192,
    -4.983660022522));
#1112 = CARTESIAN_POINT('',(5.178620386813,2.889479554672,
    -4.998899534951));
#1113 = CARTESIAN_POINT('',(5.332378080947,2.603502614385,
    -5.014137931534));
#1114 = CARTESIAN_POINT('',(5.468035281149,2.308285942196,
    -5.029375060597));
#1115 = CARTESIAN_POINT('',(5.584962446099,2.005162469083,
    -5.044611580493));
#1116 = CARTESIAN_POINT('',(5.682643482033,1.695513049955,
    -5.059848370877));
#1117 = CARTESIAN_POINT('',(5.76068056061,1.380766883277,-5.075085814796
    ));
#1118 = CARTESIAN_POINT('',(5.842790149386,0.931051696283,
    -5.096609692815));
#1119 = CARTESIAN_POINT('',(5.863384150991,0.799078921686,
    -5.102896535208));
#1120 = CARTESIAN_POINT('',(5.880570732035,0.666589546139,
    -5.109183511848));
#1121 = CARTESIAN_POINT('',(5.894334950584,0.533686279584,
    -5.115470640655));
#1122 = CARTESIAN_POINT('',(5.904665597243,0.400472160474,
    -5.121757924398));
#1123 = CARTESIAN_POINT('',(5.911555195154,0.267050555772,
    -5.128045350697));
#1124 = CARTESIAN_POINT('',(5.915,0.133525160954,-5.134332892025));
#1125 = CARTESIAN_POINT('',(5.915,2.92566E-12,-5.140620505703));
#1126 = ORIENTED_EDGE('',*,*,#642,.T.);
#1127 = ORIENTED_EDGE('',*,*,#912,.T.);
#1128 = ORIENTED_EDGE('',*,*,#1129,.F.);
#1129 = EDGE_CURVE('',#1030,#913,#1130,.T.);
#1130 = B_SPLINE_CURVE_WITH_KNOTS('',1,(#1131,#1132),.UNSPECIFIED.,.F.,
  .F.,(2,2),(0.,1.225),.PIECEWISE_BEZIER_KNOTS.);
#1131 = CARTESIAN_POINT('',(6.028674285945,-5.441942737E-08,
    -5.206248844264));
#1132 = CARTESIAN_POINT('',(4.967786938793,4.5348682787E-07,
    -4.593759630766));
#1133 = B_SPLINE_SURFACE_WITH_KNOTS('',1,11,(
    (#1134,#1135,#1136,#1137,#1138,#1139,#1140,#1141,#1142,#1143,#1144
      ,#1145)
    ,(#1146,#1147,#1148,#1149,#1150,#1151,#1152,#1153,#1154,#1155,#1156
      ,#1157
    )),.UNSPECIFIED.,.F.,.F.,.F.,(2,2),(12,12),(0.,1.225),(0.,
    6.522339887215),.PIECEWISE_BEZIER_KNOTS.);
#1134 = CARTESIAN_POINT('',(6.028677103177,-7.25607416E-08,
    -3.456248458999));
#1135 = CARTESIAN_POINT('',(6.028663694358,-3.443571846945,
    -3.61534119614));
#1136 = CARTESIAN_POINT('',(3.86505383757,-6.887057801352,
    -3.774423700683));
#1137 = CARTESIAN_POINT('',(-0.463937730949,-8.820869588102,
    -3.933539019885));
#1138 = CARTESIAN_POINT('',(-5.758224128776,-7.729185182334,
    -4.092580158539));
#1139 = CARTESIAN_POINT('',(-9.70043148775,-3.187514190877,
    -4.251746122856));
#1140 = CARTESIAN_POINT('',(-9.699757072463,3.187472861936,
    -4.410751181693));
#1141 = CARTESIAN_POINT('',(-5.758720994067,7.72926814995,
    -4.569917142111));
#1142 = CARTESIAN_POINT('',(-0.463671132451,8.820812156812,
    -4.728958285292));
#1143 = CARTESIAN_POINT('',(3.86495397825,6.887074517938,-4.888073601945
    ));
#1144 = CARTESIAN_POINT('',(6.028687684397,3.443571719967,
    -5.047156107168));
#1145 = CARTESIAN_POINT('',(6.028674285945,-5.441942737E-08,
    -5.206248844264));
#1146 = CARTESIAN_POINT('',(4.967787680209,6.0464825613E-07,
    -2.843762841018));
#1147 = CARTESIAN_POINT('',(4.967784507642,-2.837590619371,
    -3.002838517912));
#1148 = CARTESIAN_POINT('',(3.184879777116,-5.675110177439,
    -3.161999455714));
#1149 = CARTESIAN_POINT('',(-0.382221750134,-7.268691208252,
    -3.320886976383));
#1150 = CARTESIAN_POINT('',(-4.745070360835,-6.368863241141,
    -3.480392582486));
#1151 = CARTESIAN_POINT('',(-7.993218236442,-2.62691911408,
    -3.638858104227));
#1152 = CARTESIAN_POINT('',(-7.993041326112,2.626906481161,
    -3.79866436786));
#1153 = CARTESIAN_POINT('',(-4.745202521462,6.368884033261,
    -3.957129888677));
#1154 = CARTESIAN_POINT('',(-0.382153185937,7.268676009973,
    -4.116635495839));
#1155 = CARTESIAN_POINT('',(3.184852249971,5.675115276573,
    -4.275523015933));
#1156 = CARTESIAN_POINT('',(4.967790197649,2.837591677505,
    -4.434683953868));
#1157 = CARTESIAN_POINT('',(4.967786938793,4.5348682787E-07,
    -4.593759630766));
#1158 = ADVANCED_FACE('',(#1159),#1253,.T.);
#1159 = FACE_BOUND('',#1160,.F.);
#1160 = EDGE_LOOP('',(#1161,#1162,#1163,#1247));
#1161 = ORIENTED_EDGE('',*,*,#1029,.F.);
#1162 = ORIENTED_EDGE('',*,*,#845,.T.);
#1163 = ORIENTED_EDGE('',*,*,#1164,.T.);
#1164 = EDGE_CURVE('',#769,#1165,#1167,.T.);
#1165 = VERTEX_POINT('',#1166);
#1166 = CARTESIAN_POINT('',(5.915,-8.13E-13,-5.35937200373));
#1167 = B_SPLINE_CURVE_WITH_KNOTS('',8,(#1168,#1169,#1170,#1171,#1172,
    #1173,#1174,#1175,#1176,#1177,#1178,#1179,#1180,#1181,#1182,#1183,
    #1184,#1185,#1186,#1187,#1188,#1189,#1190,#1191,#1192,#1193,#1194,
    #1195,#1196,#1197,#1198,#1199,#1200,#1201,#1202,#1203,#1204,#1205,
    #1206,#1207,#1208,#1209,#1210,#1211,#1212,#1213,#1214,#1215,#1216,
    #1217,#1218,#1219,#1220,#1221,#1222,#1223,#1224,#1225,#1226,#1227,
    #1228,#1229,#1230,#1231,#1232,#1233,#1234,#1235,#1236,#1237,#1238,
    #1239,#1240,#1241,#1242,#1243,#1244,#1245,#1246),.UNSPECIFIED.,.F.,
  .F.,(9,7,7,7,7,7,7,7,7,7,7,9),(0.,8.929767869131E-02,0.195240288612,
    0.264302986515,0.367681419133,0.500997407022,0.515705821102,
    0.630700569805,0.73438569528,0.803941992424,0.913712178935,1.),
  .UNSPECIFIED.);
#1168 = CARTESIAN_POINT('',(5.915,-2.80309E-12,-3.609370505571));
#1169 = CARTESIAN_POINT('',(5.915,-0.414793701708,-3.628902873409));
#1170 = CARTESIAN_POINT('',(5.881756716818,-0.829654395443,
    -3.648437651022));
#1171 = CARTESIAN_POINT('',(5.815252490084,-1.241373109495,
    -3.667968780811));
#1172 = CARTESIAN_POINT('',(5.715859378157,-1.646839901434,
    -3.687496879101));
#1173 = CARTESIAN_POINT('',(5.584280062516,-2.043033441136,
    -3.707025145775));
#1174 = CARTESIAN_POINT('',(5.421527031694,-2.427021584882,
    -3.726556183096));
#1175 = CARTESIAN_POINT('',(5.228940044788,-2.795972940559,
    -3.746089723709));
#1176 = CARTESIAN_POINT('',(4.746405951033,-3.563850181953,
    -3.788793457659));
#1177 = CARTESIAN_POINT('',(4.444868653073,-3.955756649795,
    -3.81197454074));
#1178 = CARTESIAN_POINT('',(4.106476213411,-4.318278111634,
    -3.835153236005));
#1179 = CARTESIAN_POINT('',(3.734632487737,-4.647418636529,
    -3.85832908315));
#1180 = CARTESIAN_POINT('',(3.333170121186,-4.939701369334,
    -3.881504428454));
#1181 = CARTESIAN_POINT('',(2.90630943802,-5.192131859995,
    -3.904682065685));
#1182 = CARTESIAN_POINT('',(2.458685409071,-5.402246148049,
    -3.927862502263));
#1183 = CARTESIAN_POINT('',(1.693427959373,-5.676481284735,
    -3.966140573242));
#1184 = CARTESIAN_POINT('',(1.384707251706,-5.765991015178,
    -3.981246873585));
#1185 = CARTESIAN_POINT('',(1.070639310148,-5.836290379135,
    -3.996352526367));
#1186 = CARTESIAN_POINT('',(0.752622632761,-5.887016233591,
    -4.011457548796));
#1187 = CARTESIAN_POINT('',(0.432072741813,-5.917927615808,
    -4.026562554009));
#1188 = CARTESIAN_POINT('',(0.110420239005,-5.92890159728,
    -4.041668141003));
#1189 = CARTESIAN_POINT('',(-0.21088999183,-5.919937799683,
    -4.05677429122));
#1190 = CARTESIAN_POINT('',(-1.008663590984,-5.848112040939,
    -4.094490833299));
#1191 = CARTESIAN_POINT('',(-1.483071692825,-5.76066559069,
    -4.117108724637));
#1192 = CARTESIAN_POINT('',(-1.948605183827,-5.629242295016,
    -4.139724371461));
#1193 = CARTESIAN_POINT('',(-2.400522141407,-5.454953382489,
    -4.162336936432));
#1194 = CARTESIAN_POINT('',(-2.834313210222,-5.239475216571,
    -4.184949665063));
#1195 = CARTESIAN_POINT('',(-3.245696263181,-4.98500006775,
    -4.20756573677));
#1196 = CARTESIAN_POINT('',(-3.630648789906,-4.694273678582,
    -4.230184121169));
#1197 = CARTESIAN_POINT('',(-4.443062899158,-3.953466935099,
    -4.281954812379));
#1198 = CARTESIAN_POINT('',(-4.851086598711,-3.481133393989,
    -4.311136196882));
#1199 = CARTESIAN_POINT('',(-5.201198990055,-2.961056693156,
    -4.340303300125));
#1200 = CARTESIAN_POINT('',(-5.487158647523,-2.40168338557,
    -4.36946033801));
#1201 = CARTESIAN_POINT('',(-5.70408923928,-1.81209654606,
    -4.398617174006));
#1202 = CARTESIAN_POINT('',(-5.848626234612,-1.202041058969,
    -4.427783830723));
#1203 = CARTESIAN_POINT('',(-5.918798825811,-0.581832657036,
    -4.456964854032));
#1204 = CARTESIAN_POINT('',(-5.914449490842,0.105735715948,
    -4.489341271705));
#1205 = CARTESIAN_POINT('',(-5.913115451393,0.17405013747,
    -4.492558366557));
#1206 = CARTESIAN_POINT('',(-5.910879631741,0.242344970292,
    -4.495775479297));
#1207 = CARTESIAN_POINT('',(-5.907742376623,0.310606313197,
    -4.498992609226));
#1208 = CARTESIAN_POINT('',(-5.903704287035,0.378820284833,
    -4.502209755871));
#1209 = CARTESIAN_POINT('',(-5.89876622023,0.446973023709,
    -4.505426918982));
#1210 = CARTESIAN_POINT('',(-5.892929289723,0.5150506882,-4.508644098534
    ));
#1211 = CARTESIAN_POINT('',(-5.833543135355,1.114595835597,
    -4.537014289831));
#1212 = CARTESIAN_POINT('',(-5.726007361231,1.640950921491,
    -4.56217930161));
#1213 = CARTESIAN_POINT('',(-5.564198875074,2.15513628728,
    -4.587339316942));
#1214 = CARTESIAN_POINT('',(-5.349831485535,2.65064786114,
    -4.612494880479));
#1215 = CARTESIAN_POINT('',(-5.085458395472,3.12138341376,
    -4.637650154225));
#1216 = CARTESIAN_POINT('',(-4.774387907767,3.561614846268,
    -4.662809409854));
#1217 = CARTESIAN_POINT('',(-4.420756532617,3.966038460458,
    -4.687973466619));
#1218 = CARTESIAN_POINT('',(-3.677175973603,4.65806432966,-4.73580402183
    ));
#1219 = CARTESIAN_POINT('',(-3.293976865473,4.953469781236,
    -4.758488192041));
#1220 = CARTESIAN_POINT('',(-2.883830998275,5.212670644215,
    -4.781168792401));
#1221 = CARTESIAN_POINT('',(-2.450770015246,5.432857232204,
    -4.803845400269));
#1222 = CARTESIAN_POINT('',(-1.999093502852,5.611777152223,
    -4.826522029465));
#1223 = CARTESIAN_POINT('',(-1.53333538772,5.747697781137,
    -4.849202670917));
#1224 = CARTESIAN_POINT('',(-1.058270217568,5.839456342315,
    -4.871886820808));
#1225 = CARTESIAN_POINT('',(-0.257417633055,5.918221888311,
    -4.909778460062));
#1226 = CARTESIAN_POINT('',(6.611758104824E-02,5.929775537342,
    -4.924993073386));
#1227 = CARTESIAN_POINT('',(0.390156163628,5.921107862361,
    -4.940207515479));
#1228 = CARTESIAN_POINT('',(0.713221984131,5.892208098058,
    -4.955421625703));
#1229 = CARTESIAN_POINT('',(1.033852736587,5.84319163932,-4.970635805383
    ));
#1230 = CARTESIAN_POINT('',(1.350600832397,5.774295340263,
    -4.985850430907));
#1231 = CARTESIAN_POINT('',(1.662035383339,5.685881854054,
    -5.001065277993));
#1232 = CARTESIAN_POINT('',(2.44762282279,5.408914318298,-5.0402884066)
  );
#1233 = CARTESIAN_POINT('',(2.911973062247,5.191938356219,
    -5.064305957137));
#1234 = CARTESIAN_POINT('',(3.354064649146,4.929482255044,
    -5.088317976378));
#1235 = CARTESIAN_POINT('',(3.768740141367,4.624293516081,
    -5.112324947605));
#1236 = CARTESIAN_POINT('',(4.151323197466,4.279726767765,
    -5.136331246286));
#1237 = CARTESIAN_POINT('',(4.497584527611,3.899685251029,
    -5.160341792996));
#1238 = CARTESIAN_POINT('',(4.803792385274,3.488666013232,
    -5.184358249631));
#1239 = CARTESIAN_POINT('',(5.273675319091,2.708546461396,
    -5.227240487411));
#1240 = CARTESIAN_POINT('',(5.453917251415,2.349141303161,
    -5.246117114232));
#1241 = CARTESIAN_POINT('',(5.606095894911,1.976140011515,
    -5.264993505048));
#1242 = CARTESIAN_POINT('',(5.729040236626,1.592113236606,
    -5.283869317758));
#1243 = CARTESIAN_POINT('',(5.821865759058,1.199716447311,
    -5.302745314917));
#1244 = CARTESIAN_POINT('',(5.883960077973,0.80168064941,-5.32162182496)
  );
#1245 = CARTESIAN_POINT('',(5.915,0.40081195455,-5.340498019074));
#1246 = CARTESIAN_POINT('',(5.915,-1.6902E-12,-5.35937200373));
#1247 = ORIENTED_EDGE('',*,*,#1248,.F.);
#1248 = EDGE_CURVE('',#1030,#1165,#1249,.T.);
#1249 = LINE('',#1250,#1251);
#1250 = CARTESIAN_POINT('',(5.915,0.,-1.75));
#1251 = VECTOR('',#1252,1.);
#1252 = DIRECTION('',(0.,0.,-1.));
#1253 = CYLINDRICAL_SURFACE('',#1254,5.915);
#1254 = AXIS2_PLACEMENT_3D('',#1255,#1256,#1257);
#1255 = CARTESIAN_POINT('',(0.,0.,-1.75));
#1256 = DIRECTION('',(-0.,-0.,-1.));
#1257 = DIRECTION('',(1.,0.,0.));
#1258 = ADVANCED_FACE('',(#1259),#1285,.T.);
#1259 = FACE_BOUND('',#1260,.T.);
#1260 = EDGE_LOOP('',(#1261,#1278,#1279,#1280));
#1261 = ORIENTED_EDGE('',*,*,#1262,.F.);
#1262 = EDGE_CURVE('',#861,#1263,#1265,.T.);
#1263 = VERTEX_POINT('',#1264);
#1264 = CARTESIAN_POINT('',(4.967783231878,3.02324997E-07,
    -5.906256420522));
#1265 = ( BOUNDED_CURVE() B_SPLINE_CURVE(11,(#1266,#1267,#1268,#1269,
    #1270,#1271,#1272,#1273,#1274,#1275,#1276,#1277),.UNSPECIFIED.,.F.,
.F.) B_SPLINE_CURVE_WITH_KNOTS((12,12),(0.,6.522339887215),
.PIECEWISE_BEZIER_KNOTS.) CURVE() GEOMETRIC_REPRESENTATION_ITEM() 
RATIONAL_B_SPLINE_CURVE((1.056590953773,1.056590953773,1.056590953773,
    1.056590953774,1.056590953772,1.056590953774,1.056590953772,
    1.056590953774,1.056590953773,1.056590953773,1.056590953773,
1.056590953773)) REPRESENTATION_ITEM('') );
#1266 = CARTESIAN_POINT('',(4.967782490527,4.534873207E-07,
    -4.156259630789));
#1267 = CARTESIAN_POINT('',(4.96778626714,-2.83758822966,-4.315335307605
    ));
#1268 = CARTESIAN_POINT('',(3.184850435437,-5.675109613204,
    -4.474496245901));
#1269 = CARTESIAN_POINT('',(-0.382151519836,-7.268669572224,
    -4.633383764969));
#1270 = CARTESIAN_POINT('',(-4.7451971038,-6.368879194688,
    -4.792889374181));
#1271 = CARTESIAN_POINT('',(-7.993033697386,-2.62690559042,
    -4.951354891977));
#1272 = CARTESIAN_POINT('',(-7.993211550584,2.626915303743,
    -5.111161158978));
#1273 = CARTESIAN_POINT('',(-4.745067280684,6.36885667185,
    -5.269626677851));
#1274 = CARTESIAN_POINT('',(-0.382222731787,7.268684629615,
    -5.42913228581));
#1275 = CARTESIAN_POINT('',(3.184875888017,5.675105677388,
    -5.588019805587));
#1276 = CARTESIAN_POINT('',(4.96777954156,2.837588985471,-5.747180743691
    ));
#1277 = CARTESIAN_POINT('',(4.967783231878,3.0232515758E-07,
    -5.906256420522));
#1278 = ORIENTED_EDGE('',*,*,#879,.T.);
#1279 = ORIENTED_EDGE('',*,*,#1164,.T.);
#1280 = ORIENTED_EDGE('',*,*,#1281,.F.);
#1281 = EDGE_CURVE('',#1263,#1165,#1282,.T.);
#1282 = B_SPLINE_CURVE_WITH_KNOTS('',1,(#1283,#1284),.UNSPECIFIED.,.F.,
  .F.,(2,2),(0.,1.225),.PIECEWISE_BEZIER_KNOTS.);
#1283 = CARTESIAN_POINT('',(4.967783231878,3.0232515849E-07,
    -5.906256420522));
#1284 = CARTESIAN_POINT('',(6.028660199776,-3.627898488E-08,
    -5.293749229557));
#1285 = B_SPLINE_SURFACE_WITH_KNOTS('',1,11,(
    (#1286,#1287,#1288,#1289,#1290,#1291,#1292,#1293,#1294,#1295,#1296
      ,#1297)
    ,(#1298,#1299,#1300,#1301,#1302,#1303,#1304,#1305,#1306,#1307,#1308
      ,#1309
    )),.UNSPECIFIED.,.F.,.F.,.F.,(2,2),(12,12),(0.,1.225),(0.,
    6.522339887215),.PIECEWISE_BEZIER_KNOTS.);
#1286 = CARTESIAN_POINT('',(4.967782490527,4.5348731862E-07,
    -4.156259630789));
#1287 = CARTESIAN_POINT('',(4.96778626714,-2.83758822966,-4.315335307605
    ));
#1288 = CARTESIAN_POINT('',(3.184850435436,-5.675109613202,-4.4744962459
    ));
#1289 = CARTESIAN_POINT('',(-0.382151519835,-7.268669572228,
    -4.633383764972));
#1290 = CARTESIAN_POINT('',(-4.745197103796,-6.36887919468,
    -4.792889374175));
#1291 = CARTESIAN_POINT('',(-7.993033697395,-2.626905590426,
    -4.951354891986));
#1292 = CARTESIAN_POINT('',(-7.993211550575,2.626915303743,
    -5.11116115897));
#1293 = CARTESIAN_POINT('',(-4.745067280688,6.368856671853,
    -5.269626677857));
#1294 = CARTESIAN_POINT('',(-0.382222731787,7.268684629614,
    -5.429132285806));
#1295 = CARTESIAN_POINT('',(3.184875888018,5.675105677388,
    -5.588019805589));
#1296 = CARTESIAN_POINT('',(4.967779541559,2.837588985471,
    -5.747180743691));
#1297 = CARTESIAN_POINT('',(4.967783231878,3.0232515849E-07,
    -5.906256420522));
#1298 = CARTESIAN_POINT('',(6.028657382536,-5.441744273E-08,
    -3.54374884435));
#1299 = CARTESIAN_POINT('',(6.028670718864,-3.443562173562,
    -3.702841581174));
#1300 = CARTESIAN_POINT('',(3.864943016956,-6.887055277382,
    -3.861924087648));
#1301 = CARTESIAN_POINT('',(-0.463669990887,-8.820787417424,
    -4.021039400665));
#1302 = CARTESIAN_POINT('',(-5.758704988577,-7.729246371299,
    -4.180080551259));
#1303 = CARTESIAN_POINT('',(-9.699729931556,-3.187463754821,
    -4.339246500503));
#1304 = CARTESIAN_POINT('',(-9.700404233647,3.187505434118,
    -4.498251572114));
#1305 = CARTESIAN_POINT('',(-5.758207842817,7.729163611372,
    -4.65741752527));
#1306 = CARTESIAN_POINT('',(-0.463936271632,8.820844865621,
    -4.816458671321));
#1307 = CARTESIAN_POINT('',(3.865043125222,6.887038421196,
    -4.975573986896));
#1308 = CARTESIAN_POINT('',(6.028646853097,3.443562082864,
    -5.134656492688));
#1309 = CARTESIAN_POINT('',(6.028660199776,-3.627898488E-08,
    -5.293749229557));
#1310 = ADVANCED_FACE('',(#1311),#1342,.T.);
#1311 = FACE_BOUND('',#1312,.T.);
#1312 = EDGE_LOOP('',(#1313,#1330,#1331,#1332));
#1313 = ORIENTED_EDGE('',*,*,#1314,.F.);
#1314 = EDGE_CURVE('',#913,#1315,#1317,.T.);
#1315 = VERTEX_POINT('',#1316);
#1316 = CARTESIAN_POINT('',(4.967786197387,3.02325071E-07,
    -6.343756420511));
#1317 = B_SPLINE_CURVE_WITH_KNOTS('',11,(#1318,#1319,#1320,#1321,#1322,
    #1323,#1324,#1325,#1326,#1327,#1328,#1329),.UNSPECIFIED.,.F.,.F.,(12
    ,12),(0.,6.522339887215),.PIECEWISE_BEZIER_KNOTS.);
#1318 = CARTESIAN_POINT('',(4.967786938793,4.5348679343E-07,
    -4.593759630766));
#1319 = CARTESIAN_POINT('',(4.967783679935,-2.837590347038,
    -4.752835307654));
#1320 = CARTESIAN_POINT('',(3.184879128916,-5.675109427399,
    -4.911996245496));
#1321 = CARTESIAN_POINT('',(-0.382221913741,-7.26869011177,
    -5.070883766034));
#1322 = CARTESIAN_POINT('',(-4.745069847445,-6.368862146233,
    -5.230389372424));
#1323 = CARTESIAN_POINT('',(-7.993217122095,-2.626918478995,
    -5.388854893704));
#1324 = CARTESIAN_POINT('',(-7.993040054605,2.626906332671,
    -5.548661157897));
#1325 = CARTESIAN_POINT('',(-4.745201618502,6.368883226811,
    -5.707126678195));
#1326 = CARTESIAN_POINT('',(-0.382152908247,7.268674936968,
    -5.866632285722));
#1327 = CARTESIAN_POINT('',(3.184851947527,5.675114332649,
    -6.025519805625));
#1328 = CARTESIAN_POINT('',(4.967789542538,2.837591102849,
    -6.184680743633));
#1329 = CARTESIAN_POINT('',(4.967786197387,3.0232523371E-07,
    -6.343756420511));
#1330 = ORIENTED_EDGE('',*,*,#931,.T.);
#1331 = ORIENTED_EDGE('',*,*,#1262,.T.);
#1332 = ORIENTED_EDGE('',*,*,#1333,.F.);
#1333 = EDGE_CURVE('',#1315,#1263,#1334,.T.);
#1334 = ( BOUNDED_CURVE() B_SPLINE_CURVE(6,(#1335,#1336,#1337,#1338,
#1339,#1340,#1341),.UNSPECIFIED.,.F.,.F.) B_SPLINE_CURVE_WITH_KNOTS((7,7
),(0.,2.094395102393),.PIECEWISE_BEZIER_KNOTS.) CURVE() 
GEOMETRIC_REPRESENTATION_ITEM() RATIONAL_B_SPLINE_CURVE((1.056590953773,
    1.017435169568,0.996326512422,0.989390034249,0.996326512422,
1.017435169568,1.056590953773)) REPRESENTATION_ITEM('') );
#1335 = CARTESIAN_POINT('',(4.967786197387,3.0232523285E-07,
    -6.343756420511));
#1336 = CARTESIAN_POINT('',(4.888491116929,3.2763393043E-07,
    -6.297976101109));
#1337 = CARTESIAN_POINT('',(4.832611340625,3.4546903938E-07,
    -6.220490896416));
#1338 = CARTESIAN_POINT('',(4.812413608543,3.5191537373E-07,
    -6.12500747367));
#1339 = CARTESIAN_POINT('',(4.832610046191,3.4546900796E-07,
    -6.029523777119));
#1340 = CARTESIAN_POINT('',(4.888488772053,3.2763387625E-07,
    -5.952037814892));
#1341 = CARTESIAN_POINT('',(4.967783231878,3.0232515758E-07,
    -5.906256420522));
#1342 = ( BOUNDED_SURFACE() B_SPLINE_SURFACE(6,11,(
    (#1343,#1344,#1345,#1346,#1347,#1348,#1349,#1350,#1351,#1352,#1353
      ,#1354)
    ,(#1355,#1356,#1357,#1358,#1359,#1360,#1361,#1362,#1363,#1364,#1365
      ,#1366)
    ,(#1367,#1368,#1369,#1370,#1371,#1372,#1373,#1374,#1375,#1376,#1377
      ,#1378)
    ,(#1379,#1380,#1381,#1382,#1383,#1384,#1385,#1386,#1387,#1388,#1389
      ,#1390)
    ,(#1391,#1392,#1393,#1394,#1395,#1396,#1397,#1398,#1399,#1400,#1401
      ,#1402)
    ,(#1403,#1404,#1405,#1406,#1407,#1408,#1409,#1410,#1411,#1412,#1413
      ,#1414)
    ,(#1415,#1416,#1417,#1418,#1419,#1420,#1421,#1422,#1423,#1424,#1425
,#1426
    )),.UNSPECIFIED.,.F.,.F.,.F.) B_SPLINE_SURFACE_WITH_KNOTS((7,7),(12,
    12),(0.,2.094395102393),(0.,6.522339887215),
.PIECEWISE_BEZIER_KNOTS.) GEOMETRIC_REPRESENTATION_ITEM() 
RATIONAL_B_SPLINE_SURFACE((
    (1.056590953773,1.056590953773,1.056590953773,1.056590953774
      ,1.056590953772,1.056590953774,1.056590953772,1.056590953774
      ,1.056590953773,1.056590953773,1.056590953773,1.056590953773)
    ,(1.017435169568,1.017435169568,1.017435169568,1.017435169568
      ,1.017435169568,1.017435169568,1.017435169568,1.017435169568
      ,1.017435169568,1.017435169568,1.017435169568,1.017435169568)
    ,(0.996326512422,0.996326512422,0.996326512422,0.996326512422
      ,0.996326512422,0.996326512423,0.996326512422,0.996326512422
      ,0.996326512422,0.996326512422,0.996326512422,0.996326512422)
    ,(0.989390034249,0.989390034249,0.989390034248,0.989390034249
      ,0.989390034248,0.989390034249,0.989390034248,0.989390034249
      ,0.989390034248,0.989390034249,0.989390034249,0.989390034249)
    ,(0.996326512422,0.996326512422,0.996326512422,0.996326512422
      ,0.996326512422,0.996326512423,0.996326512421,0.996326512423
      ,0.996326512422,0.996326512422,0.996326512422,0.996326512422)
    ,(1.017435169568,1.017435169568,1.017435169568,1.017435169568
      ,1.017435169568,1.017435169569,1.017435169568,1.017435169568
      ,1.017435169568,1.017435169568,1.017435169568,1.017435169568)
    ,(1.056590953773,1.056590953773,1.056590953773,1.056590953774
      ,1.056590953772,1.056590953774,1.056590953772,1.056590953774
      ,1.056590953773,1.056590953773,1.056590953773,1.056590953773
))) REPRESENTATION_ITEM('') SURFACE() );
#1343 = CARTESIAN_POINT('',(4.967786938793,4.5348678746E-07,
    -4.593759630766));
#1344 = CARTESIAN_POINT('',(4.967783679935,-2.837590347038,
    -4.752835307654));
#1345 = CARTESIAN_POINT('',(3.184879128917,-5.6751094274,-4.911996245497
    ));
#1346 = CARTESIAN_POINT('',(-0.38222191374,-7.268690111767,
    -5.070883766033));
#1347 = CARTESIAN_POINT('',(-4.745069847451,-6.368862146238,
    -5.230389372427));
#1348 = CARTESIAN_POINT('',(-7.993217122084,-2.626918478993,
    -5.3888548937));
#1349 = CARTESIAN_POINT('',(-7.993040054616,2.626906332675,
    -5.548661157902));
#1350 = CARTESIAN_POINT('',(-4.745201618497,6.368883226804,
    -5.707126678192));
#1351 = CARTESIAN_POINT('',(-0.382152908247,7.268674936972,
    -5.866632285724));
#1352 = CARTESIAN_POINT('',(3.184851947527,5.675114332648,
    -6.025519805624));
#1353 = CARTESIAN_POINT('',(4.967789542538,2.83759110285,-6.184680743633
    ));
#1354 = CARTESIAN_POINT('',(4.967786197387,3.0232523285E-07,
    -6.343756420511));
#1355 = CARTESIAN_POINT('',(4.888491703178,4.9144987002E-07,
    -4.547979580108));
#1356 = CARTESIAN_POINT('',(4.888489202198,-2.792296832225,
    -4.707053981842));
#1357 = CARTESIAN_POINT('',(3.134040109719,-5.58452348913,
    -4.866220782109));
#1358 = CARTESIAN_POINT('',(-0.376114143949,-7.152673919388,
    -5.025091276048));
#1359 = CARTESIAN_POINT('',(-4.66934258721,-6.267186081503,
    -5.184631598647));
#1360 = CARTESIAN_POINT('',(-7.86561299377,-2.585017278601,
    -5.343044765963));
#1361 = CARTESIAN_POINT('',(-7.865473098765,2.585007317876,
    -5.502910915505));
#1362 = CARTESIAN_POINT('',(-4.669447066074,6.267202538964,
    -5.661324082059));
#1363 = CARTESIAN_POINT('',(-0.376059903437,7.152661903228,
    -5.82086440554));
#1364 = CARTESIAN_POINT('',(3.134018363689,5.584527509811,
    -5.979734898987));
#1365 = CARTESIAN_POINT('',(4.888493711426,2.792297651309,
    -6.138901699381));
#1366 = CARTESIAN_POINT('',(4.888491116929,3.2763393043E-07,
    -6.297976101109));
#1367 = CARTESIAN_POINT('',(4.832611664265,5.1820260949E-07,
    -4.4704945648));
#1368 = CARTESIAN_POINT('',(4.832610424608,-2.760378144053,
    -4.629568067924));
#1369 = CARTESIAN_POINT('',(3.09821074163,-5.520687338812,
    -4.788738999503));
#1370 = CARTESIAN_POINT('',(-0.371802704616,-7.07091485399,
    -4.947597494599));
#1371 = CARTESIAN_POINT('',(-4.615990524842,-6.195536430445,
    -5.107162282096));
#1372 = CARTESIAN_POINT('',(-7.775671039617,-2.55548805069,
    -5.265538555074));
#1373 = CARTESIAN_POINT('',(-7.775594027767,2.555481889759,
    -5.425446906273));
#1374 = CARTESIAN_POINT('',(-4.616048730236,6.195545122769,
    -5.583823178854));
#1375 = CARTESIAN_POINT('',(-0.371773363091,7.070908188787,
    -5.743387966807));
#1376 = CARTESIAN_POINT('',(3.098198266606,5.520689822248,
    -5.902246461652));
#1377 = CARTESIAN_POINT('',(4.83261267889,2.760379007724,-6.061417393294
    ));
#1378 = CARTESIAN_POINT('',(4.832611340625,3.4546903938E-07,
    -6.220490896416));
#1379 = CARTESIAN_POINT('',(4.812413608575,5.2787223914E-07,
    -4.375011210508));
#1380 = CARTESIAN_POINT('',(4.812413909916,-2.748841076361,
    -4.534084388825));
#1381 = CARTESIAN_POINT('',(3.085256092689,-5.497614328364,
    -4.693256813703));
#1382 = CARTESIAN_POINT('',(-0.370233514088,-7.041360560239,
    -4.852110971692));
#1383 = CARTESIAN_POINT('',(-4.59672649822,-6.169641896715,
    -5.011684602255));
#1384 = CARTESIAN_POINT('',(-7.743133987312,-2.54481297202,
    -5.170047539547));
#1385 = CARTESIAN_POINT('',(-7.743134444611,2.54481155598,
    -5.329971144612));
#1386 = CARTESIAN_POINT('',(-4.596727631947,6.169641057295,
    -5.488334081958));
#1387 = CARTESIAN_POINT('',(-0.370234798279,7.041360491907,
    -5.647907712456));
#1388 = CARTESIAN_POINT('',(3.085255086497,5.497614892587,
    -5.806761870487));
#1389 = CARTESIAN_POINT('',(4.81241340765,2.748841956148,-5.965934295349
    ));
#1390 = CARTESIAN_POINT('',(4.812413608543,3.5191537373E-07,
    -6.12500747367));
#1391 = CARTESIAN_POINT('',(4.832609722613,5.1820283664E-07,
    -4.279527445509));
#1392 = CARTESIAN_POINT('',(4.832611553913,-2.760377219825,
    -4.438600948602));
#1393 = CARTESIAN_POINT('',(3.098198217034,-5.520687419915,
    -4.597771880379));
#1394 = CARTESIAN_POINT('',(-0.371771977939,-7.070905888556,
    -4.756630374834));
#1395 = CARTESIAN_POINT('',(-4.616046071765,-6.19554387203,
    -4.916195163562));
#1396 = CARTESIAN_POINT('',(-7.775590975419,-2.555482424877,
    -5.074571435021));
#1397 = CARTESIAN_POINT('',(-7.775668885119,2.5554858056,-5.234479787442
    ));
#1398 = CARTESIAN_POINT('',(-4.615990092282,6.195533531627,
    -5.392856059404));
#1399 = CARTESIAN_POINT('',(-0.371803840806,7.070912419592,
    -5.552420847544));
#1400 = CARTESIAN_POINT('',(3.09820871654,5.520686044258,-5.711279342335
    ));
#1401 = CARTESIAN_POINT('',(4.8326083135,2.760378083496,-5.870450274018)
  );
#1402 = CARTESIAN_POINT('',(4.832610046191,3.4546900796E-07,
    -6.029523777119));
#1403 = CARTESIAN_POINT('',(4.888488185863,4.9145028203E-07,
    -4.202041293901));
#1404 = CARTESIAN_POINT('',(4.888491247942,-2.792295157981,
    -4.361115695579));
#1405 = CARTESIAN_POINT('',(3.134017421323,-5.584523636047,
    -4.520282496204));
#1406 = CARTESIAN_POINT('',(-0.376058482356,-7.152657678441,
    -4.679152988981));
#1407 = CARTESIAN_POINT('',(-4.669443210853,-6.267199561984,
    -4.838693313809));
#1408 = CARTESIAN_POINT('',(-7.865467956909,-2.585007087402,
    -4.997106478377));
#1409 = CARTESIAN_POINT('',(-7.865608703385,2.585014411448,
    -5.156972630132));
#1410 = CARTESIAN_POINT('',(-4.669340843004,6.267181541531,
    -5.315385795565));
#1411 = CARTESIAN_POINT('',(-0.376115114034,7.152669567359,
    -5.474926119384));
#1412 = CARTESIAN_POINT('',(3.134037293819,5.584520665957,
    -5.633796612733));
#1413 = CARTESIAN_POINT('',(4.888485803492,2.792295977063,
    -5.792963413202));
#1414 = CARTESIAN_POINT('',(4.888488772053,3.2763387625E-07,
    -5.952037814892));
#1415 = CARTESIAN_POINT('',(4.967782490527,4.534873207E-07,
    -4.156259630789));
#1416 = CARTESIAN_POINT('',(4.96778626714,-2.83758822966,-4.315335307605
    ));
#1417 = CARTESIAN_POINT('',(3.184850435437,-5.675109613204,
    -4.474496245901));
#1418 = CARTESIAN_POINT('',(-0.382151519836,-7.268669572224,
    -4.633383764969));
#1419 = CARTESIAN_POINT('',(-4.7451971038,-6.368879194688,
    -4.792889374181));
#1420 = CARTESIAN_POINT('',(-7.993033697386,-2.62690559042,
    -4.951354891977));
#1421 = CARTESIAN_POINT('',(-7.993211550584,2.626915303743,
    -5.111161158978));
#1422 = CARTESIAN_POINT('',(-4.745067280684,6.36885667185,
    -5.269626677851));
#1423 = CARTESIAN_POINT('',(-0.382222731787,7.268684629615,
    -5.42913228581));
#1424 = CARTESIAN_POINT('',(3.184875888017,5.675105677388,
    -5.588019805587));
#1425 = CARTESIAN_POINT('',(4.96777954156,2.837588985471,-5.747180743691
    ));
#1426 = CARTESIAN_POINT('',(4.967783231878,3.0232515758E-07,
    -5.906256420522));
#1427 = ADVANCED_FACE('',(#1428),#1528,.T.);
#1428 = FACE_BOUND('',#1429,.T.);
#1429 = EDGE_LOOP('',(#1430,#1521,#1522,#1523));
#1430 = ORIENTED_EDGE('',*,*,#1431,.F.);
#1431 = EDGE_CURVE('',#1030,#1432,#1434,.T.);
#1432 = VERTEX_POINT('',#1433);
#1433 = CARTESIAN_POINT('',(5.915,9.71E-13,-6.890622003788));
#1434 = B_SPLINE_CURVE_WITH_KNOTS('',8,(#1435,#1436,#1437,#1438,#1439,
    #1440,#1441,#1442,#1443,#1444,#1445,#1446,#1447,#1448,#1449,#1450,
    #1451,#1452,#1453,#1454,#1455,#1456,#1457,#1458,#1459,#1460,#1461,
    #1462,#1463,#1464,#1465,#1466,#1467,#1468,#1469,#1470,#1471,#1472,
    #1473,#1474,#1475,#1476,#1477,#1478,#1479,#1480,#1481,#1482,#1483,
    #1484,#1485,#1486,#1487,#1488,#1489,#1490,#1491,#1492,#1493,#1494,
    #1495,#1496,#1497,#1498,#1499,#1500,#1501,#1502,#1503,#1504,#1505,
    #1506,#1507,#1508,#1509,#1510,#1511,#1512,#1513,#1514,#1515,#1516,
    #1517,#1518,#1519,#1520),.UNSPECIFIED.,.F.,.F.,(9,7,7,7,7,7,7,7,7,7,
    7,7,9),(0.,8.600830743615E-02,0.124431362581,0.266308990249,
    0.370181207704,0.482618568601,0.502455895222,0.633424083201,
    0.736982884158,0.804931081948,0.90222807462,0.975382384607,1.),
  .UNSPECIFIED.);
#1435 = CARTESIAN_POINT('',(5.915,2.79154E-12,-5.140620505703));
#1436 = CARTESIAN_POINT('',(5.915,-0.399504345749,-5.159432915836));
#1437 = CARTESIAN_POINT('',(5.884162281894,-0.799064475956,
    -5.178247493856));
#1438 = CARTESIAN_POINT('',(5.822472646118,-1.19581956369,
    -5.197062392381));
#1439 = CARTESIAN_POINT('',(5.730249976938,-1.586990840719,
    -5.215876798502));
#1440 = CARTESIAN_POINT('',(5.608098680405,-1.969873454663,
    -5.234691031008));
#1441 = CARTESIAN_POINT('',(5.456891950242,-2.34183693716,
    -5.253505833495));
#1442 = CARTESIAN_POINT('',(5.277785861711,-2.700334283015,
    -5.272320863383));
#1443 = CARTESIAN_POINT('',(4.980450295592,-3.195965043414,
    -5.299536167588));
#1444 = CARTESIAN_POINT('',(4.883358135781,-3.34584530637,
    -5.307939790446));
#1445 = CARTESIAN_POINT('',(4.78111607143,-3.492346794854,
    -5.316343252116));
#1446 = CARTESIAN_POINT('',(4.673861801738,-3.635263227801,
    -5.324746564739));
#1447 = CARTESIAN_POINT('',(4.561742467656,-3.774395677465,
    -5.333149745889));
#1448 = CARTESIAN_POINT('',(4.444914651888,-3.909552569417,
    -5.341552818572));
#1449 = CARTESIAN_POINT('',(4.323544378891,-4.040549682543,
    -5.349955811229));
#1450 = CARTESIAN_POINT('',(3.733520642571,-4.63490555846,
    -5.389386746288));
#1451 = CARTESIAN_POINT('',(3.209210293185,-5.043958170755,
    -5.420445746691));
#1452 = CARTESIAN_POINT('',(2.634197164992,-5.384558611736,
    -5.451487784479));
#1453 = CARTESIAN_POINT('',(2.019105090074,-5.649791420643,
    -5.482520930777));
#1454 = CARTESIAN_POINT('',(1.375229953076,-5.834484440289,
    -5.513555754589));
#1455 = CARTESIAN_POINT('',(0.714587223873,-5.935478883379,
    -5.544602025528));
#1456 = CARTESIAN_POINT('',(4.977741887392E-02,-5.951390437683,
    -5.575665481943));
#1457 = CARTESIAN_POINT('',(-1.085717403687,-5.834486381182,
    -5.629415005142));
#1458 = CARTESIAN_POINT('',(-1.561197527386,-5.740317427344,
    -5.652139561758));
#1459 = CARTESIAN_POINT('',(-2.027126710604,-5.601872608712,
    -5.674860599542));
#1460 = CARTESIAN_POINT('',(-2.478710382172,-5.420344185716,
    -5.697577614596));
#1461 = CARTESIAN_POINT('',(-2.911399039672,-5.197497004844,
    -5.720294627888));
#1462 = CARTESIAN_POINT('',(-3.320881968804,-4.935617961496,
    -5.743015687707));
#1463 = CARTESIAN_POINT('',(-3.703121286589,-4.63755388632,
    -5.765740363027));
#1464 = CARTESIAN_POINT('',(-4.434699402534,-3.948851487998,
    -5.813051455242));
#1465 = CARTESIAN_POINT('',(-4.779000365427,-3.552348154543,
    -5.837654421974));
#1466 = CARTESIAN_POINT('',(-5.08253245997,-3.121748889616,
    -5.862253179335));
#1467 = CARTESIAN_POINT('',(-5.341439428951,-2.662014351532,
    -5.886848369561));
#1468 = CARTESIAN_POINT('',(-5.552621926081,-2.178495364349,
    -5.911443843861));
#1469 = CARTESIAN_POINT('',(-5.713673767882,-1.676888190317,
    -5.936043351633));
#1470 = CARTESIAN_POINT('',(-5.822955998892,-1.163258499763,
    -5.960647278305));
#1471 = CARTESIAN_POINT('',(-5.889860473056,-0.552502505782,
    -5.989579376099));
#1472 = CARTESIAN_POINT('',(-5.898263480392,-0.460728339049,
    -5.993918314127));
#1473 = CARTESIAN_POINT('',(-5.905032069696,-0.3688094244,
    -5.998257222608));
#1474 = CARTESIAN_POINT('',(-5.910163374554,-0.276779724657,
    -6.002596100791));
#1475 = CARTESIAN_POINT('',(-5.913655377113,-0.184673246634,
    -6.006934947982));
#1476 = CARTESIAN_POINT('',(-5.915506908086,-9.252404112887E-02,
    -6.011273763539));
#1477 = CARTESIAN_POINT('',(-5.915717646749,-3.662029287654E-04,
    -6.015612546877));
#1478 = CARTESIAN_POINT('',(-5.904850236089,0.70003380674,-6.04859620076
    ));
#1479 = CARTESIAN_POINT('',(-5.823909711406,1.307641755379,
    -6.077260879361));
#1480 = CARTESIAN_POINT('',(-5.671445848872,1.904078977821,
    -6.105912492003));
#1481 = CARTESIAN_POINT('',(-5.449495516355,2.479603679843,
    -6.134555073986));
#1482 = CARTESIAN_POINT('',(-5.161396210218,3.0250295093,-6.163197949633
    ));
#1483 = CARTESIAN_POINT('',(-4.811881334627,3.531805331315,
    -6.19185024226));
#1484 = CARTESIAN_POINT('',(-4.406957424245,3.991995708298,
    -6.220515597289));
#1485 = CARTESIAN_POINT('',(-3.596846268509,4.720307983606,
    -6.271811133105));
#1486 = CARTESIAN_POINT('',(-3.209135782471,5.008751838245,
    -6.29446850664));
#1487 = CARTESIAN_POINT('',(-2.795166997292,5.260627673633,
    -6.317123541483));
#1488 = CARTESIAN_POINT('',(-2.359003459254,5.473205101902,
    -6.339775188652));
#1489 = CARTESIAN_POINT('',(-1.904966004992,5.644312787976,
    -6.362426645583));
#1490 = CARTESIAN_POINT('',(-1.437600115987,5.772300555982,
    -6.385081195144));
#1491 = CARTESIAN_POINT('',(-0.961681052867,5.856089163695,
    -6.407738011054));
#1492 = CARTESIAN_POINT('',(-0.167691365808,5.921040293996,
    -6.445249256174));
#1493 = CARTESIAN_POINT('',(0.148460495732,5.92759163684,-6.460111191868
    ));
#1494 = CARTESIAN_POINT('',(0.464808847831,5.914844494942,
    -6.474972608342));
#1495 = CARTESIAN_POINT('',(0.779977967266,5.882808325613,
    -6.489833493518));
#1496 = CARTESIAN_POINT('',(1.092606072421,5.831607371456,
    -6.504694403687));
#1497 = CARTESIAN_POINT('',(1.401346061992,5.761476564199,
    -6.519555907898));
#1498 = CARTESIAN_POINT('',(1.70486729485,5.672765282949,-6.534418024705
    ));
#1499 = CARTESIAN_POINT('',(2.427128593325,5.412995589778,
    -6.570560444836));
#1500 = CARTESIAN_POINT('',(2.839139348256,5.2228721627,-6.591846624523)
  );
#1501 = CARTESIAN_POINT('',(3.233951118575,4.996964575693,
    -6.613131521026));
#1502 = CARTESIAN_POINT('',(3.607959188831,4.737132711487,-6.63441463179
    ));
#1503 = CARTESIAN_POINT('',(3.957841917192,4.445625090422,
    -6.655698260534));
#1504 = CARTESIAN_POINT('',(4.28054894654,4.125046270042,-6.676984383813
    ));
#1505 = CARTESIAN_POINT('',(4.573329394843,3.778376999368,
    -6.698271744643));
#1506 = CARTESIAN_POINT('',(5.029639060408,3.131360519389,
    -6.735553957718));
#1507 = CARTESIAN_POINT('',(5.207261190695,2.840796172135,
    -6.751555212064));
#1508 = CARTESIAN_POINT('',(5.365655952602,2.538777422061,
    -6.767555158894));
#1509 = CARTESIAN_POINT('',(5.503972054346,2.226796329924,
    -6.783553624621));
#1510 = CARTESIAN_POINT('',(5.621501133368,1.906405034421,
    -6.799551465224));
#1511 = CARTESIAN_POINT('',(5.717672871826,1.579211655709,
    -6.815549808366));
#1512 = CARTESIAN_POINT('',(5.792061469637,1.246880749273,
    -6.831549111779));
#1513 = CARTESIAN_POINT('',(5.862017411445,0.798155517494,
    -6.852931936845));
#1514 = CARTESIAN_POINT('',(5.877135180616,0.684783404158,
    -6.858315926084));
#1515 = CARTESIAN_POINT('',(5.889746728847,0.571086543413,
    -6.863700020185));
#1516 = CARTESIAN_POINT('',(5.89984401274,0.457129635771,-6.869084225567
    ));
#1517 = CARTESIAN_POINT('',(5.907420999272,0.342977508988,
    -6.874468540519));
#1518 = CARTESIAN_POINT('',(5.912473665786,0.228695118064,
    -6.879852955204));
#1519 = CARTESIAN_POINT('',(5.915,0.114347545239,-6.885237451658));
#1520 = CARTESIAN_POINT('',(5.915,1.93001E-12,-6.890622003788));
#1521 = ORIENTED_EDGE('',*,*,#1129,.T.);
#1522 = ORIENTED_EDGE('',*,*,#1314,.T.);
#1523 = ORIENTED_EDGE('',*,*,#1524,.F.);
#1524 = EDGE_CURVE('',#1432,#1315,#1525,.T.);
#1525 = B_SPLINE_CURVE_WITH_KNOTS('',1,(#1526,#1527),.UNSPECIFIED.,.F.,
  .F.,(2,2),(0.,1.225),.PIECEWISE_BEZIER_KNOTS.);
#1526 = CARTESIAN_POINT('',(6.028671468712,-3.627870712E-08,
    -6.956249229519));
#1527 = CARTESIAN_POINT('',(4.967786197387,3.0232523371E-07,
    -6.343756420511));
#1528 = B_SPLINE_SURFACE_WITH_KNOTS('',1,11,(
    (#1529,#1530,#1531,#1532,#1533,#1534,#1535,#1536,#1537,#1538,#1539
      ,#1540)
    ,(#1541,#1542,#1543,#1544,#1545,#1546,#1547,#1548,#1549,#1550,#1551
      ,#1552
    )),.UNSPECIFIED.,.F.,.F.,.F.,(2,2),(12,12),(0.,1.225),(0.,
    6.522339887215),.PIECEWISE_BEZIER_KNOTS.);
#1529 = CARTESIAN_POINT('',(6.028674285945,-5.441946358E-08,
    -5.206248844264));
#1530 = CARTESIAN_POINT('',(6.028660887487,-3.443570219599,
    -5.36534158136));
#1531 = CARTESIAN_POINT('',(3.865052052179,-6.887054571331,
    -5.524424086109));
#1532 = CARTESIAN_POINT('',(-0.463937487726,-8.820865467684,
    -5.683539404711));
#1533 = CARTESIAN_POINT('',(-5.758221414449,-7.729181587199,
    -5.842580544591));
#1534 = CARTESIAN_POINT('',(-9.700426945412,-3.187512731386,
    -6.001746507052));
#1535 = CARTESIAN_POINT('',(-9.69975254897,3.187471344044,
    -6.160751568021));
#1536 = CARTESIAN_POINT('',(-5.758718326505,7.729264520208,
    -6.319917526567));
#1537 = CARTESIAN_POINT('',(-0.463670942181,8.820808033569,
    -6.478958670994));
#1538 = CARTESIAN_POINT('',(3.864952151361,6.887071311187,
    -6.638073987035));
#1539 = CARTESIAN_POINT('',(6.028684856814,3.443570128902,
    -6.797156492469));
#1540 = CARTESIAN_POINT('',(6.028671468712,-3.627870712E-08,
    -6.956249229519));
#1541 = CARTESIAN_POINT('',(4.967786938793,4.5348679343E-07,
    -4.593759630766));
#1542 = CARTESIAN_POINT('',(4.967783679935,-2.837590347038,
    -4.752835307654));
#1543 = CARTESIAN_POINT('',(3.184879128916,-5.675109427399,
    -4.911996245496));
#1544 = CARTESIAN_POINT('',(-0.382221913741,-7.26869011177,
    -5.070883766034));
#1545 = CARTESIAN_POINT('',(-4.745069847445,-6.368862146233,
    -5.230389372424));
#1546 = CARTESIAN_POINT('',(-7.993217122095,-2.626918478995,
    -5.388854893704));
#1547 = CARTESIAN_POINT('',(-7.993040054605,2.626906332671,
    -5.548661157897));
#1548 = CARTESIAN_POINT('',(-4.745201618502,6.368883226811,
    -5.707126678195));
#1549 = CARTESIAN_POINT('',(-0.382152908247,7.268674936968,
    -5.866632285722));
#1550 = CARTESIAN_POINT('',(3.184851947527,5.675114332649,
    -6.025519805625));
#1551 = CARTESIAN_POINT('',(4.967789542538,2.837591102849,
    -6.184680743633));
#1552 = CARTESIAN_POINT('',(4.967786197387,3.0232523371E-07,
    -6.343756420511));
#1553 = ADVANCED_FACE('',(#1554),#1662,.T.);
#1554 = FACE_BOUND('',#1555,.F.);
#1555 = EDGE_LOOP('',(#1556,#1557,#1558,#1656));
#1556 = ORIENTED_EDGE('',*,*,#1431,.F.);
#1557 = ORIENTED_EDGE('',*,*,#1248,.T.);
#1558 = ORIENTED_EDGE('',*,*,#1559,.T.);
#1559 = EDGE_CURVE('',#1165,#1560,#1562,.T.);
#1560 = VERTEX_POINT('',#1561);
#1561 = CARTESIAN_POINT('',(5.915,-3.45E-13,-7.109373501873));
#1562 = B_SPLINE_CURVE_WITH_KNOTS('',8,(#1563,#1564,#1565,#1566,#1567,
    #1568,#1569,#1570,#1571,#1572,#1573,#1574,#1575,#1576,#1577,#1578,
    #1579,#1580,#1581,#1582,#1583,#1584,#1585,#1586,#1587,#1588,#1589,
    #1590,#1591,#1592,#1593,#1594,#1595,#1596,#1597,#1598,#1599,#1600,
    #1601,#1602,#1603,#1604,#1605,#1606,#1607,#1608,#1609,#1610,#1611,
    #1612,#1613,#1614,#1615,#1616,#1617,#1618,#1619,#1620,#1621,#1622,
    #1623,#1624,#1625,#1626,#1627,#1628,#1629,#1630,#1631,#1632,#1633,
    #1634,#1635,#1636,#1637,#1638,#1639,#1640,#1641,#1642,#1643,#1644,
    #1645,#1646,#1647,#1648,#1649,#1650,#1651,#1652,#1653,#1654,#1655),
  .UNSPECIFIED.,.F.,.F.,(9,7,7,7,7,7,7,7,7,7,7,7,7,9),(0.,
    8.929722411292E-02,0.195239259692,0.264302533618,0.367629547885,
    0.500718557849,0.515014756853,0.631008098843,0.652483856706,
    0.737967408774,0.760970078101,0.803974583146,0.913783169522,1.),
  .UNSPECIFIED.);
#1563 = CARTESIAN_POINT('',(5.915,-1.78169E-12,-5.35937200373));
#1564 = CARTESIAN_POINT('',(5.915,-0.414793935097,-5.378904382549));
#1565 = CARTESIAN_POINT('',(5.881756679408,-0.829654862427,
    -5.398439171158));
#1566 = CARTESIAN_POINT('',(5.81525237779,-1.241373804731,
    -5.417970311955));
#1567 = CARTESIAN_POINT('',(5.715859154371,-1.646840814325,
    -5.437498421257));
#1568 = CARTESIAN_POINT('',(5.584279692216,-2.043034556082,
    -5.457026698944));
#1569 = CARTESIAN_POINT('',(5.421526482108,-2.427022881526,
    -5.476557747277));
#1570 = CARTESIAN_POINT('',(5.228939286094,-2.795974394071,
    -5.496091298899));
#1571 = CARTESIAN_POINT('',(4.746404764918,-3.563851777413,
    -5.538795049224));
#1572 = CARTESIAN_POINT('',(4.444867263961,-3.955758235327,
    -5.561976137684));
#1573 = CARTESIAN_POINT('',(4.106474614118,-4.318279660863,
    -5.58515483831));
#1574 = CARTESIAN_POINT('',(3.734630674868,-4.647420121495,
    -5.608330690807));
#1575 = CARTESIAN_POINT('',(3.333168095344,-4.939702761121,
    -5.631506041466));
#1576 = CARTESIAN_POINT('',(2.90630720396,-5.192133129305,
    -5.654683684061));
#1577 = CARTESIAN_POINT('',(2.458682975845,-5.402247265867,
    -5.677864126015));
#1578 = CARTESIAN_POINT('',(1.693421063568,-5.676483595619,
    -5.716142413754));
#1579 = CARTESIAN_POINT('',(1.384695898695,-5.765994171871,
    -5.731248925539));
#1580 = CARTESIAN_POINT('',(1.070623378547,-5.836293834331,
    -5.746354789733));
#1581 = CARTESIAN_POINT('',(0.752602060741,-5.887019427233,
    -5.761460023539));
#1582 = CARTESIAN_POINT('',(0.432047527653,-5.917929981951,
    -5.776565240135));
#1583 = CARTESIAN_POINT('',(0.1103904415,-5.9289025706,-5.791671038553)
  );
#1584 = CARTESIAN_POINT('',(-0.210924253055,-5.91993682235,
    -5.80677740023));
#1585 = CARTESIAN_POINT('',(-1.00846667665,-5.848126616588,
    -5.84448303523));
#1586 = CARTESIAN_POINT('',(-1.482642614226,-5.760741900296,
    -5.867089791923));
#1587 = CARTESIAN_POINT('',(-1.947954861885,-5.629423492176,
    -5.889694310311));
#1588 = CARTESIAN_POINT('',(-2.399668447933,-5.455280633511,
    -5.912295755116));
#1589 = CARTESIAN_POINT('',(-2.833280442581,-5.2399866304,
    -5.934897363918));
#1590 = CARTESIAN_POINT('',(-3.244514642911,-4.985729767792,
    -5.957502308273));
#1591 = CARTESIAN_POINT('',(-3.629353858844,-4.695250775444,
    -5.980109559832));
#1592 = CARTESIAN_POINT('',(-4.441048552604,-3.95556520642,
    -6.031819655724));
#1593 = CARTESIAN_POINT('',(-4.848609523522,-3.484255712338,
    -6.060951370767));
#1594 = CARTESIAN_POINT('',(-5.19848551489,-2.965335024829,
    -6.090068927175));
#1595 = CARTESIAN_POINT('',(-5.484460761732,-2.407201801341,
    -6.119176482852));
#1596 = CARTESIAN_POINT('',(-5.701675842605,-1.818888747105,
    -6.148283830592));
#1597 = CARTESIAN_POINT('',(-5.846771897341,-1.210087304359,
    -6.177400923123));
#1598 = CARTESIAN_POINT('',(-5.917774841387,-0.591057784493,
    -6.206532255843));
#1599 = CARTESIAN_POINT('',(-5.914632950784,9.355188835372E-02,
    -6.238769025077));
#1600 = CARTESIAN_POINT('',(-5.913476146861,0.159954403644,
    -6.241895974263));
#1601 = CARTESIAN_POINT('',(-5.911467357964,0.226340269773,
    -6.245022940812));
#1602 = CARTESIAN_POINT('',(-5.908606871894,0.292696710641,-6.2481499236
    ));
#1603 = CARTESIAN_POINT('',(-5.904895205155,0.35901097255,
    -6.251276921958));
#1604 = CARTESIAN_POINT('',(-5.900333102947,0.425270324198,
    -6.254403935668));
#1605 = CARTESIAN_POINT('',(-5.894921539171,0.491462056683,
    -6.257530964965));
#1606 = CARTESIAN_POINT('',(-5.837872149193,1.09397377693,
    -6.286029542252));
#1607 = CARTESIAN_POINT('',(-5.731217517089,1.625329691388,
    -6.311413596483));
#1608 = CARTESIAN_POINT('',(-5.569292912925,2.144480235337,
    -6.336792413132));
#1609 = CARTESIAN_POINT('',(-5.35383953532,2.644744051675,
    -6.362166607746));
#1610 = CARTESIAN_POINT('',(-5.087467579344,3.119854583811,
    -6.38754051207));
#1611 = CARTESIAN_POINT('',(-4.773567648446,3.563930795383,
    -6.412918569895));
#1612 = CARTESIAN_POINT('',(-4.416387834799,3.971529723781,
    -6.438301676667));
#1613 = CARTESIAN_POINT('',(-3.948095909048,4.405645822762,
    -6.468369642214));
#1614 = CARTESIAN_POINT('',(-3.87363096963,4.47205449338,-6.473066903946
    ));
#1615 = CARTESIAN_POINT('',(-3.797890582617,4.537023696288,
    -6.477764136068));
#1616 = CARTESIAN_POINT('',(-3.72090726316,4.60052487992,-6.482461338703
    ));
#1617 = CARTESIAN_POINT('',(-3.642714255845,4.662530404327,
    -6.487158512565));
#1618 = CARTESIAN_POINT('',(-3.563345534696,4.723013541175,
    -6.491855658964));
#1619 = CARTESIAN_POINT('',(-3.482835803175,4.781948473744,
    -6.496552779805));
#1620 = CARTESIAN_POINT('',(-3.07635342496,5.0676371588,-6.519946521736)
  );
#1621 = CARTESIAN_POINT('',(-2.733922705507,5.271072156171,
    -6.538645413724));
#1622 = CARTESIAN_POINT('',(-2.376219611659,5.447987612079,
    -6.557342943052));
#1623 = CARTESIAN_POINT('',(-2.005655901233,5.597068878988,
    -6.576039017801));
#1624 = CARTESIAN_POINT('',(-1.62474438656,5.717271260503,
    -6.594735255395));
#1625 = CARTESIAN_POINT('',(-1.236089512479,5.807806415908,
    -6.613433224247));
#1626 = CARTESIAN_POINT('',(-0.842387939784,5.868158247518,
    -6.632132736293));
#1627 = CARTESIAN_POINT('',(-0.339893731801,5.906192869488,
    -6.655861466535));
#1628 = CARTESIAN_POINT('',(-0.23318175887,5.912057853457,
    -6.660892769896));
#1629 = CARTESIAN_POINT('',(-0.126356314454,5.915719207756,
    -6.66592409911));
#1630 = CARTESIAN_POINT('',(-1.947050265614E-02,5.917174453583,
    -6.670955452327));
#1631 = CARTESIAN_POINT('',(8.742256744155E-02,5.91642264835,
    -6.675986827232));
#1632 = CARTESIAN_POINT('',(0.194269781779,5.913464385678,
    -6.681018221045));
#1633 = CARTESIAN_POINT('',(0.301018021319,5.908301795401,
    -6.686049630522));
#1634 = CARTESIAN_POINT('',(0.606900349509,5.887172619428,
    -6.700487516282));
#1635 = CARTESIAN_POINT('',(0.805656903307,5.865714713132,
    -6.709894107568));
#1636 = CARTESIAN_POINT('',(1.003535019406,5.836589054394,
    -6.719300688418));
#1637 = CARTESIAN_POINT('',(1.200189446272,5.799838318418,
    -6.728707224358));
#1638 = CARTESIAN_POINT('',(1.39527861193,5.755523599428,-6.738113732413
    ));
#1639 = CARTESIAN_POINT('',(1.588464751039,5.703724384209,
    -6.747520229689));
#1640 = CARTESIAN_POINT('',(1.779414031959,5.644538525641,
    -6.756926681952));
#1641 = CARTESIAN_POINT('',(2.448816815931,5.408391310994,
    -6.790351115864));
#1642 = CARTESIAN_POINT('',(2.913288881444,5.191231742705,
    -6.814377395471));
#1643 = CARTESIAN_POINT('',(3.355475439938,4.928563863919,
    -6.838398134113));
#1644 = CARTESIAN_POINT('',(3.770214081167,4.623139494088,
    -6.862413817595));
#1645 = CARTESIAN_POINT('',(4.152824374113,4.278318295089,
    -6.886428829851));
#1646 = CARTESIAN_POINT('',(4.499073721648,3.898009155021,
    -6.910448100034));
#1647 = CARTESIAN_POINT('',(4.805227972339,3.486715468151,
    -6.934473292494));
#1648 = CARTESIAN_POINT('',(5.27469653563,2.706509146396,-6.977348979094
    ));
#1649 = CARTESIAN_POINT('',(5.454656293774,2.347329049983,
    -6.996210319189));
#1650 = CARTESIAN_POINT('',(5.606593477867,1.974585138156,
    -7.015071426387));
#1651 = CARTESIAN_POINT('',(5.729340796897,1.590842191017,
    -7.033931957899));
#1652 = CARTESIAN_POINT('',(5.822016546555,1.19874946156,-7.052792671312
    ));
#1653 = CARTESIAN_POINT('',(5.884010321543,0.80103143448,-7.071653893388
    ));
#1654 = CARTESIAN_POINT('',(5.915,0.400487422469,-7.090514799238));
#1655 = CARTESIAN_POINT('',(5.915,-7.0965E-13,-7.109373501873));
#1656 = ORIENTED_EDGE('',*,*,#1657,.F.);
#1657 = EDGE_CURVE('',#1432,#1560,#1658,.T.);
#1658 = LINE('',#1659,#1660);
#1659 = CARTESIAN_POINT('',(5.915,0.,-1.75));
#1660 = VECTOR('',#1661,1.);
#1661 = DIRECTION('',(0.,0.,-1.));
#1662 = CYLINDRICAL_SURFACE('',#1663,5.915);
#1663 = AXIS2_PLACEMENT_3D('',#1664,#1665,#1666);
#1664 = CARTESIAN_POINT('',(0.,0.,-1.75));
#1665 = DIRECTION('',(-0.,-0.,-1.));
#1666 = DIRECTION('',(1.,0.,0.));
#1667 = ADVANCED_FACE('',(#1668),#1694,.T.);
#1668 = FACE_BOUND('',#1669,.T.);
#1669 = EDGE_LOOP('',(#1670,#1687,#1688,#1689));
#1670 = ORIENTED_EDGE('',*,*,#1671,.F.);
#1671 = EDGE_CURVE('',#1263,#1672,#1674,.T.);
#1672 = VERTEX_POINT('',#1673);
#1673 = CARTESIAN_POINT('',(4.967783973239,1.51162429E-07,
    -7.656253210259));
#1674 = ( BOUNDED_CURVE() B_SPLINE_CURVE(11,(#1675,#1676,#1677,#1678,
    #1679,#1680,#1681,#1682,#1683,#1684,#1685,#1686),.UNSPECIFIED.,.F.,
.F.) B_SPLINE_CURVE_WITH_KNOTS((12,12),(0.,6.522339887215),
.PIECEWISE_BEZIER_KNOTS.) CURVE() GEOMETRIC_REPRESENTATION_ITEM() 
RATIONAL_B_SPLINE_CURVE((1.056590953773,1.056590953773,1.056590953773,
    1.056590953773,1.056590953773,1.056590953773,1.056590953773,
    1.056590953773,1.056590953773,1.056590953773,1.056590953773,
1.056590953773)) REPRESENTATION_ITEM('') );
#1675 = CARTESIAN_POINT('',(4.967783231878,3.023250017E-07,
    -5.906256420522));
#1676 = CARTESIAN_POINT('',(4.967786922193,-2.837588804287,
    -6.065332097367));
#1677 = CARTESIAN_POINT('',(3.18485073785,-5.675110557054,
    -6.224493035564));
#1678 = CARTESIAN_POINT('',(-0.382151797532,-7.268670645176,
    -6.383380554872));
#1679 = CARTESIAN_POINT('',(-4.745198006698,-6.368880001025,
    -6.542886163655));
#1680 = CARTESIAN_POINT('',(-7.993034968812,-2.626905738921,
    -6.701351682028));
#1681 = CARTESIAN_POINT('',(-7.993212664845,2.626915938823,
    -6.861157948442));
#1682 = CARTESIAN_POINT('',(-4.745067794008,6.368857766682,
    -7.019623467768));
#1683 = CARTESIAN_POINT('',(-0.382222568187,7.268685726018,
    -7.179129075466));
#1684 = CARTESIAN_POINT('',(3.184876536189,5.675106427363,-7.33801659535
    ));
#1685 = CARTESIAN_POINT('',(4.96778036921,2.837589257773,-7.497177533427
    ));
#1686 = CARTESIAN_POINT('',(4.967783973239,1.5116241836E-07,
    -7.656253210259));
#1687 = ORIENTED_EDGE('',*,*,#1281,.T.);
#1688 = ORIENTED_EDGE('',*,*,#1559,.T.);
#1689 = ORIENTED_EDGE('',*,*,#1690,.F.);
#1690 = EDGE_CURVE('',#1672,#1560,#1691,.T.);
#1691 = B_SPLINE_CURVE_WITH_KNOTS('',1,(#1692,#1693),.UNSPECIFIED.,.F.,
  .F.,(2,2),(0.,1.225),.PIECEWISE_BEZIER_KNOTS.);
#1692 = CARTESIAN_POINT('',(4.967783973239,1.5116242402E-07,
    -7.656253210259));
#1693 = CARTESIAN_POINT('',(6.028663017013,-1.81398003E-08,
    -7.043749614774));
#1694 = B_SPLINE_SURFACE_WITH_KNOTS('',1,11,(
    (#1695,#1696,#1697,#1698,#1699,#1700,#1701,#1702,#1703,#1704,#1705
      ,#1706)
    ,(#1707,#1708,#1709,#1710,#1711,#1712,#1713,#1714,#1715,#1716,#1717
      ,#1718
    )),.UNSPECIFIED.,.F.,.F.,.F.,(2,2),(12,12),(0.,1.225),(0.,
    6.522339887215),.PIECEWISE_BEZIER_KNOTS.);
#1695 = CARTESIAN_POINT('',(4.967783231878,3.0232499999E-07,
    -5.906256420522));
#1696 = CARTESIAN_POINT('',(4.967786922193,-2.837588804287,
    -6.065332097367));
#1697 = CARTESIAN_POINT('',(3.18485073785,-5.675110557054,
    -6.224493035564));
#1698 = CARTESIAN_POINT('',(-0.382151797532,-7.268670645176,
    -6.383380554873));
#1699 = CARTESIAN_POINT('',(-4.745198006699,-6.368880001025,
    -6.542886163653));
#1700 = CARTESIAN_POINT('',(-7.993034968809,-2.626905738922,
    -6.701351682031));
#1701 = CARTESIAN_POINT('',(-7.993212664847,2.626915938825,
    -6.861157948439));
#1702 = CARTESIAN_POINT('',(-4.745067794006,6.36885776668,-7.01962346777
    ));
#1703 = CARTESIAN_POINT('',(-0.382222568188,7.268685726019,
    -7.179129075464));
#1704 = CARTESIAN_POINT('',(3.18487653619,5.675106427363,-7.338016595351
    ));
#1705 = CARTESIAN_POINT('',(4.96778036921,2.837589257773,-7.497177533426
    ));
#1706 = CARTESIAN_POINT('',(4.967783973239,1.5116242402E-07,
    -7.656253210259));
#1707 = CARTESIAN_POINT('',(6.028660199776,-3.627914763E-08,
    -5.293749229557));
#1708 = CARTESIAN_POINT('',(6.028673546443,-3.443563764633,
    -5.452841966426));
#1709 = CARTESIAN_POINT('',(3.864944843864,-6.887058484132,
    -5.611924472689));
#1710 = CARTESIAN_POINT('',(-0.463670181189,-8.820791540695,
    -5.771039786323));
#1711 = CARTESIAN_POINT('',(-5.75870765612,-7.729250001006,
    -5.930080935662));
#1712 = CARTESIAN_POINT('',(-9.699734455063,-3.187465272758,
    -6.089246886785));
#1713 = CARTESIAN_POINT('',(-9.700408776014,3.187506893652,
    -6.248251956267));
#1714 = CARTESIAN_POINT('',(-5.758210557109,7.729167206495,
    -6.407417911267));
#1715 = CARTESIAN_POINT('',(-0.463936514883,8.82084898605,
    -6.566459056104));
#1716 = CARTESIAN_POINT('',(3.865044910634,6.887041651222,
    -6.725574372272));
#1717 = CARTESIAN_POINT('',(6.028649659969,3.44356371021,-6.884656877859
    ));
#1718 = CARTESIAN_POINT('',(6.028663017013,-1.81398003E-08,
    -7.043749614774));
#1719 = ADVANCED_FACE('',(#1720),#1751,.T.);
#1720 = FACE_BOUND('',#1721,.T.);
#1721 = EDGE_LOOP('',(#1722,#1739,#1740,#1741));
#1722 = ORIENTED_EDGE('',*,*,#1723,.F.);
#1723 = EDGE_CURVE('',#1315,#1724,#1726,.T.);
#1724 = VERTEX_POINT('',#1725);
#1725 = CARTESIAN_POINT('',(4.967785455993,1.51162595E-07,
    -8.093753210256));
#1726 = B_SPLINE_CURVE_WITH_KNOTS('',11,(#1727,#1728,#1729,#1730,#1731,
    #1732,#1733,#1734,#1735,#1736,#1737,#1738),.UNSPECIFIED.,.F.,.F.,(12
    ,12),(0.,6.522339887215),.PIECEWISE_BEZIER_KNOTS.);
#1727 = CARTESIAN_POINT('',(4.967786197387,3.0232507456E-07,
    -6.343756420511));
#1728 = CARTESIAN_POINT('',(4.967782852241,-2.837590074714,
    -6.502832097405));
#1729 = CARTESIAN_POINT('',(3.184878480722,-5.675108677365,
    -6.661993035259));
#1730 = CARTESIAN_POINT('',(-0.382222077348,-7.268689015322,
    -6.820880555714));
#1731 = CARTESIAN_POINT('',(-4.745069334073,-6.368861051311,
    -6.980386162335));
#1732 = CARTESIAN_POINT('',(-7.993216007754,-2.626917843948,
    -7.138851683194));
#1733 = CARTESIAN_POINT('',(-7.993038783135,2.626906184211,
    -7.298657947942));
#1734 = CARTESIAN_POINT('',(-4.745200715535,6.368882420363,
    -7.457123467694));
#1735 = CARTESIAN_POINT('',(-0.382152630567,7.268673863984,
    -7.616629075623));
#1736 = CARTESIAN_POINT('',(3.184851645095,5.675113388737,
    -7.775516595307));
#1737 = CARTESIAN_POINT('',(4.967788887437,2.837590528201,-7.9346775334)
  );
#1738 = CARTESIAN_POINT('',(4.967785455993,1.5116258386E-07,
    -8.093753210256));
#1739 = ORIENTED_EDGE('',*,*,#1333,.T.);
#1740 = ORIENTED_EDGE('',*,*,#1671,.T.);
#1741 = ORIENTED_EDGE('',*,*,#1742,.F.);
#1742 = EDGE_CURVE('',#1724,#1672,#1743,.T.);
#1743 = ( BOUNDED_CURVE() B_SPLINE_CURVE(6,(#1744,#1745,#1746,#1747,
#1748,#1749,#1750),.UNSPECIFIED.,.F.,.F.) B_SPLINE_CURVE_WITH_KNOTS((7,7
),(0.,2.094395102393),.PIECEWISE_BEZIER_KNOTS.) CURVE() 
GEOMETRIC_REPRESENTATION_ITEM() RATIONAL_B_SPLINE_CURVE((1.056590953773,
    1.017435169568,0.996326512422,0.989390034249,0.996326512422,
1.017435169568,1.056590953773)) REPRESENTATION_ITEM('') );
#1744 = CARTESIAN_POINT('',(4.967785455993,1.5116258656E-07,
    -8.093753210256));
#1745 = CARTESIAN_POINT('',(4.888490530692,1.6381692403E-07,
    -8.047972622111));
#1746 = CARTESIAN_POINT('',(4.832611016998,1.7273444486E-07,
    -7.970487228033));
#1747 = CARTESIAN_POINT('',(4.812413608524,1.7595758739E-07,
    -7.875003736834));
#1748 = CARTESIAN_POINT('',(4.832610369781,1.7273437636E-07,
    -7.779520108733));
#1749 = CARTESIAN_POINT('',(4.888489358254,1.6381679446E-07,
    -7.702034335888));
#1750 = CARTESIAN_POINT('',(4.967783973239,1.5116241836E-07,
    -7.656253210259));
#1751 = ( BOUNDED_SURFACE() B_SPLINE_SURFACE(6,11,(
    (#1752,#1753,#1754,#1755,#1756,#1757,#1758,#1759,#1760,#1761,#1762
      ,#1763)
    ,(#1764,#1765,#1766,#1767,#1768,#1769,#1770,#1771,#1772,#1773,#1774
      ,#1775)
    ,(#1776,#1777,#1778,#1779,#1780,#1781,#1782,#1783,#1784,#1785,#1786
      ,#1787)
    ,(#1788,#1789,#1790,#1791,#1792,#1793,#1794,#1795,#1796,#1797,#1798
      ,#1799)
    ,(#1800,#1801,#1802,#1803,#1804,#1805,#1806,#1807,#1808,#1809,#1810
      ,#1811)
    ,(#1812,#1813,#1814,#1815,#1816,#1817,#1818,#1819,#1820,#1821,#1822
      ,#1823)
    ,(#1824,#1825,#1826,#1827,#1828,#1829,#1830,#1831,#1832,#1833,#1834
,#1835
    )),.UNSPECIFIED.,.F.,.F.,.F.) B_SPLINE_SURFACE_WITH_KNOTS((7,7),(12,
    12),(0.,2.094395102393),(0.,6.522339887215),
.PIECEWISE_BEZIER_KNOTS.) GEOMETRIC_REPRESENTATION_ITEM() 
RATIONAL_B_SPLINE_SURFACE((
    (1.056590953773,1.056590953773,1.056590953773,1.056590953773
      ,1.056590953773,1.056590953773,1.056590953773,1.056590953773
      ,1.056590953773,1.056590953773,1.056590953773,1.056590953773)
    ,(1.017435169568,1.017435169568,1.017435169568,1.017435169568
      ,1.017435169569,1.017435169568,1.017435169569,1.017435169568
      ,1.017435169568,1.017435169568,1.017435169568,1.017435169568)
    ,(0.996326512422,0.996326512422,0.996326512422,0.996326512422
      ,0.996326512422,0.996326512422,0.996326512423,0.996326512422
      ,0.996326512422,0.996326512422,0.996326512422,0.996326512422)
    ,(0.989390034249,0.989390034249,0.989390034249,0.989390034248
      ,0.989390034249,0.989390034248,0.989390034249,0.989390034248
      ,0.989390034249,0.989390034248,0.989390034249,0.989390034249)
    ,(0.996326512422,0.996326512422,0.996326512422,0.996326512422
      ,0.996326512423,0.996326512421,0.996326512423,0.996326512422
      ,0.996326512422,0.996326512422,0.996326512422,0.996326512422)
    ,(1.017435169568,1.017435169568,1.017435169568,1.017435169568
      ,1.017435169568,1.017435169568,1.017435169568,1.017435169568
      ,1.017435169568,1.017435169568,1.017435169568,1.017435169568)
    ,(1.056590953773,1.056590953773,1.056590953773,1.056590953773
      ,1.056590953773,1.056590953773,1.056590953773,1.056590953773
      ,1.056590953773,1.056590953773,1.056590953773,1.056590953773
))) REPRESENTATION_ITEM('') SURFACE() );
#1752 = CARTESIAN_POINT('',(4.967786197387,3.0232506898E-07,
    -6.343756420511));
#1753 = CARTESIAN_POINT('',(4.967782852241,-2.837590074714,
    -6.502832097405));
#1754 = CARTESIAN_POINT('',(3.184878480721,-5.675108677365,
    -6.661993035258));
#1755 = CARTESIAN_POINT('',(-0.382222077348,-7.268689015323,
    -6.820880555717));
#1756 = CARTESIAN_POINT('',(-4.745069334073,-6.36886105131,
    -6.980386162329));
#1757 = CARTESIAN_POINT('',(-7.993216007755,-2.626917843949,
    -7.138851683201));
#1758 = CARTESIAN_POINT('',(-7.993038783134,2.626906184212,
    -7.298657947935));
#1759 = CARTESIAN_POINT('',(-4.745200715534,6.368882420363,-7.4571234677
    ));
#1760 = CARTESIAN_POINT('',(-0.382152630567,7.268673863984,
    -7.61662907562));
#1761 = CARTESIAN_POINT('',(3.184851645096,5.675113388736,
    -7.775516595308));
#1762 = CARTESIAN_POINT('',(4.967788887437,2.837590528201,-7.9346775334)
  );
#1763 = CARTESIAN_POINT('',(4.967785455993,1.5116258656E-07,
    -8.093753210256));
#1764 = CARTESIAN_POINT('',(4.888491116929,3.2763376812E-07,
    -6.297976101109));
#1765 = CARTESIAN_POINT('',(4.888488522435,-2.792296661182,
    -6.457050502854));
#1766 = CARTESIAN_POINT('',(3.134039546523,-5.58452292446,
    -6.616217303115));
#1767 = CARTESIAN_POINT('',(-0.376114337964,-7.152673048968,
    -6.775087797016));
#1768 = CARTESIAN_POINT('',(-4.669342238342,-6.267185173452,
    -6.934628119759));
#1769 = CARTESIAN_POINT('',(-7.865612135659,-2.585016705179,
    -7.093041286782));
#1770 = CARTESIAN_POINT('',(-7.865472070356,2.585007271772,
    -7.252907436737));
#1771 = CARTESIAN_POINT('',(-4.669446295004,6.267201943544,
    -7.411320602866));
#1772 = CARTESIAN_POINT('',(-0.376059619224,7.15266105823,
    -7.570860926671));
#1773 = CARTESIAN_POINT('',(3.134018175201,5.584526735033,
    -7.729731419936));
#1774 = CARTESIAN_POINT('',(4.888493218706,2.792297152631,
    -7.888898220403));
#1775 = CARTESIAN_POINT('',(4.888490530692,1.6381692403E-07,
    -8.047972622111));
#1776 = CARTESIAN_POINT('',(4.832611340625,3.4546887828E-07,
    -6.220490896416));
#1777 = CARTESIAN_POINT('',(4.832610002362,-2.760378131929,
    -6.379564399555));
#1778 = CARTESIAN_POINT('',(3.098210336598,-5.520687079863,
    -6.538735331108));
#1779 = CARTESIAN_POINT('',(-0.371802931856,-7.070914367098,
    -6.697593826225));
#1780 = CARTESIAN_POINT('',(-4.615990438299,-6.195535850616,
    -6.857158613748));
#1781 = CARTESIAN_POINT('',(-7.775670608685,-2.555487601691,
    -7.015534886607));
#1782 = CARTESIAN_POINT('',(-7.775593417256,2.555481996784,
    -7.175443238021));
#1783 = CARTESIAN_POINT('',(-4.616048198516,6.195544872588,
    -7.333819510348));
#1784 = CARTESIAN_POINT('',(-0.371773086063,7.070907728703,
    -7.493384298514));
#1785 = CARTESIAN_POINT('',(3.098198256677,5.520689341753,-7.65224279323
    ));
#1786 = CARTESIAN_POINT('',(4.832612453869,2.760378650131,
    -7.811413724928));
#1787 = CARTESIAN_POINT('',(4.832611016998,1.7273444486E-07,
    -7.970487228033));
#1788 = CARTESIAN_POINT('',(4.812413608543,3.5191521097E-07,
    -6.12500747367));
#1789 = CARTESIAN_POINT('',(4.812413809437,-2.748841252306,
    -6.284080652008));
#1790 = CARTESIAN_POINT('',(3.085255891437,-5.497614441168,
    -6.443253076834));
#1791 = CARTESIAN_POINT('',(-0.370233770929,-7.041360546563,
    -6.602107234915));
#1792 = CARTESIAN_POINT('',(-4.596726724932,-6.169641728755,
    -6.761680865361));
#1793 = CARTESIAN_POINT('',(-7.743134078738,-2.544812688841,
    -6.92004380275));
#1794 = CARTESIAN_POINT('',(-7.74313435311,2.544811839196,
    -7.079967407785));
#1795 = CARTESIAN_POINT('',(-4.596727405171,6.169641225142,
    -7.238330345091));
#1796 = CARTESIAN_POINT('',(-0.370234541447,7.041360505535,
    -7.397903975659));
#1797 = CARTESIAN_POINT('',(3.085255287723,5.497614779714,
    -7.556758133631));
#1798 = CARTESIAN_POINT('',(4.812413508076,2.748841780178,
    -7.715930558525));
#1799 = CARTESIAN_POINT('',(4.812413608524,1.7595758739E-07,
    -7.875003736834));
#1800 = CARTESIAN_POINT('',(4.832610046191,3.4546884187E-07,
    -6.029523777119));
#1801 = CARTESIAN_POINT('',(4.832611778881,-2.760377577393,
    -6.188597280237));
#1802 = CARTESIAN_POINT('',(3.098198226937,-5.520687900339,
    -6.347768211941));
#1803 = CARTESIAN_POINT('',(-0.371772254977,-7.070906348599,
    -6.506626706555));
#1804 = CARTESIAN_POINT('',(-4.616046603421,-6.195544122091,
    -6.666191495026));
#1805 = CARTESIAN_POINT('',(-7.77559158586,-2.555482317896,
    -6.824567766794));
#1806 = CARTESIAN_POINT('',(-7.775669315976,2.555486254639,
    -6.984476118942));
#1807 = CARTESIAN_POINT('',(-4.615990178763,6.195534111346,
    -7.142852391077));
#1808 = CARTESIAN_POINT('',(-0.371803613575,7.070912906437,
    -7.302417179145));
#1809 = CARTESIAN_POINT('',(3.098209121547,5.520686303139,
    -7.461275673948));
#1810 = CARTESIAN_POINT('',(4.832608735694,2.760378095595,
    -7.620446605639));
#1811 = CARTESIAN_POINT('',(4.832610369781,1.7273437636E-07,
    -7.779520108733));
#1812 = CARTESIAN_POINT('',(4.888488772053,3.2763371194E-07,
    -5.952037814892));
#1813 = CARTESIAN_POINT('',(4.888491740612,-2.792295656635,-6.1111122166
    ));
#1814 = CARTESIAN_POINT('',(3.134017609789,-5.584524410761,
    -6.270279017133));
#1815 = CARTESIAN_POINT('',(-0.376058766583,-7.152658523395,
    -6.429149510124));
#1816 = CARTESIAN_POINT('',(-4.669443981859,-6.267200157297,
    -6.588689834582));
#1817 = CARTESIAN_POINT('',(-7.865468985251,-2.585007133539,
    -6.74710299963));
#1818 = CARTESIAN_POINT('',(-7.865609561426,2.585014984902,
    -6.906969150912));
#1819 = CARTESIAN_POINT('',(-4.669341191812,6.26718244948,
    -7.065382316695));
#1820 = CARTESIAN_POINT('',(-0.376114920026,7.152670437733,
    -7.224922640324));
#1821 = CARTESIAN_POINT('',(3.13403785699,5.584521230563,-7.383793133745
    ));
#1822 = CARTESIAN_POINT('',(4.888486483207,2.792296148083,
    -7.542959934199));
#1823 = CARTESIAN_POINT('',(4.888489358254,1.6381679446E-07,
    -7.702034335888));
#1824 = CARTESIAN_POINT('',(4.967783231878,3.023250017E-07,
    -5.906256420522));
#1825 = CARTESIAN_POINT('',(4.967786922193,-2.837588804287,
    -6.065332097367));
#1826 = CARTESIAN_POINT('',(3.18485073785,-5.675110557054,
    -6.224493035564));
#1827 = CARTESIAN_POINT('',(-0.382151797532,-7.268670645176,
    -6.383380554872));
#1828 = CARTESIAN_POINT('',(-4.745198006698,-6.368880001025,
    -6.542886163655));
#1829 = CARTESIAN_POINT('',(-7.993034968812,-2.626905738921,
    -6.701351682028));
#1830 = CARTESIAN_POINT('',(-7.993212664845,2.626915938823,
    -6.861157948442));
#1831 = CARTESIAN_POINT('',(-4.745067794008,6.368857766682,
    -7.019623467768));
#1832 = CARTESIAN_POINT('',(-0.382222568187,7.268685726018,
    -7.179129075466));
#1833 = CARTESIAN_POINT('',(3.184876536189,5.675106427363,-7.33801659535
    ));
#1834 = CARTESIAN_POINT('',(4.96778036921,2.837589257773,-7.497177533427
    ));
#1835 = CARTESIAN_POINT('',(4.967783973239,1.5116241836E-07,
    -7.656253210259));
#1836 = ADVANCED_FACE('',(#1837),#1943,.T.);
#1837 = FACE_BOUND('',#1838,.T.);
#1838 = EDGE_LOOP('',(#1839,#1909,#1910,#1911,#1918));
#1839 = ORIENTED_EDGE('',*,*,#1840,.F.);
#1840 = EDGE_CURVE('',#1432,#1841,#1843,.T.);
#1841 = VERTEX_POINT('',#1842);
#1842 = CARTESIAN_POINT('',(0.990887077222,5.831412161749,-8.25));
#1843 = B_SPLINE_CURVE_WITH_KNOTS('',8,(#1844,#1845,#1846,#1847,#1848,
    #1849,#1850,#1851,#1852,#1853,#1854,#1855,#1856,#1857,#1858,#1859,
    #1860,#1861,#1862,#1863,#1864,#1865,#1866,#1867,#1868,#1869,#1870,
    #1871,#1872,#1873,#1874,#1875,#1876,#1877,#1878,#1879,#1880,#1881,
    #1882,#1883,#1884,#1885,#1886,#1887,#1888,#1889,#1890,#1891,#1892,
    #1893,#1894,#1895,#1896,#1897,#1898,#1899,#1900,#1901,#1902,#1903,
    #1904,#1905,#1906,#1907,#1908),.UNSPECIFIED.,.F.,.F.,(9,7,7,7,7,7,7,
    7,7,9),(0.,0.110725928664,0.160191239153,0.342842567965,
    0.476566911378,0.621318121272,0.646857323994,0.815465093622,
    0.948795949087,1.),.UNSPECIFIED.);
#1844 = CARTESIAN_POINT('',(5.915,1.78524E-12,-6.890622003788));
#1845 = CARTESIAN_POINT('',(5.915,-0.39950434575,-6.909434413928));
#1846 = CARTESIAN_POINT('',(5.884162281894,-0.799064475957,
    -6.928248991952));
#1847 = CARTESIAN_POINT('',(5.822472646117,-1.19581956369,
    -6.947063890491));
#1848 = CARTESIAN_POINT('',(5.730249976939,-1.586990840718,
    -6.965878296634));
#1849 = CARTESIAN_POINT('',(5.608098680405,-1.969873454661,
    -6.984692529162));
#1850 = CARTESIAN_POINT('',(5.456891950243,-2.341836937157,
    -7.003507331664));
#1851 = CARTESIAN_POINT('',(5.277785861713,-2.700334283012,
    -7.02232236156));
#1852 = CARTESIAN_POINT('',(4.980450313527,-3.195965013519,
    -7.049537664124));
#1853 = CARTESIAN_POINT('',(4.883358173711,-3.345845247819,
    -7.057941285339));
#1854 = CARTESIAN_POINT('',(4.781116131342,-3.492346709007,
    -7.066344745365));
#1855 = CARTESIAN_POINT('',(4.673861885535,-3.635263116141,
    -7.074748056343));
#1856 = CARTESIAN_POINT('',(4.561742577153,-3.774395541587,
    -7.083151235846));
#1857 = CARTESIAN_POINT('',(4.444914788802,-3.909552411023,
    -7.091554306882));
#1858 = CARTESIAN_POINT('',(4.323544544834,-4.040549503438,
    -7.099957297891));
#1859 = CARTESIAN_POINT('',(3.733520874038,-4.634905369396,
    -7.139388230411));
#1860 = CARTESIAN_POINT('',(3.209210560264,-5.043957996601,
    -7.170447229913));
#1861 = CARTESIAN_POINT('',(2.634197467064,-5.384558458993,
    -7.201489266808));
#1862 = CARTESIAN_POINT('',(2.019105425145,-5.649791295819,
    -7.232522412238));
#1863 = CARTESIAN_POINT('',(1.37523031808,-5.834484349672,
    -7.263557235195));
#1864 = CARTESIAN_POINT('',(0.714587614356,-5.935478832776,
    -7.294603505283));
#1865 = CARTESIAN_POINT('',(4.977782937736E-02,-5.951390432216,
    -7.325666960836));
#1866 = CARTESIAN_POINT('',(-1.085719349391,-5.834486215808,
    -7.37941659517));
#1867 = CARTESIAN_POINT('',(-1.561201804007,-5.740316611108,
    -7.402141263937));
#1868 = CARTESIAN_POINT('',(-2.027133201891,-5.601870706156,
    -7.424862413789));
#1869 = CARTESIAN_POINT('',(-2.478718901436,-5.420340782561,
    -7.447579540816));
#1870 = CARTESIAN_POINT('',(-2.911409335305,-5.19749171884,
    -7.470296666088));
#1871 = CARTESIAN_POINT('',(-3.320893729531,-4.935610451818,
    -7.493017837988));
#1872 = CARTESIAN_POINT('',(-3.703134147788,-4.637543863991,
    -7.515742625478));
#1873 = CARTESIAN_POINT('',(-4.434714130342,-3.948835366211,
    -7.563053978611));
#1874 = CARTESIAN_POINT('',(-4.779015714609,-3.552328313483,
    -7.587657094547));
#1875 = CARTESIAN_POINT('',(-5.082547799662,-3.121725070815,
    -7.612256000965));
#1876 = CARTESIAN_POINT('',(-5.341454078714,-2.661986403677,
    -7.636851340132));
#1877 = CARTESIAN_POINT('',(-5.552635176039,-2.178463248593,
    -7.661446963356));
#1878 = CARTESIAN_POINT('',(-5.713684896298,-1.676851984476,
    -7.686046620136));
#1879 = CARTESIAN_POINT('',(-5.822964292451,-1.163218403107,
    -7.71065069594));
#1880 = CARTESIAN_POINT('',(-5.889864928152,-0.552455550992,
    -7.739583095006));
#1881 = CARTESIAN_POINT('',(-5.898267491965,-0.460678090525,
    -7.743922185497));
#1882 = CARTESIAN_POINT('',(-5.90503552167,-0.368755885297,
    -7.748261246439));
#1883 = CARTESIAN_POINT('',(-5.91016615083,-0.276722901753,
    -7.75260027708));
#1884 = CARTESIAN_POINT('',(-5.913657361692,-0.184613150309,
    -7.756939276724));
#1885 = CARTESIAN_POINT('',(-5.915507985189,-9.2460685353E-02,
    -7.761278244733));
#1886 = CARTESIAN_POINT('',(-5.915717700934,-2.996052443258E-04,
    -7.765617180521));
#1887 = CARTESIAN_POINT('',(-5.904841910087,0.700107484266,
    -7.798601173696));
#1888 = CARTESIAN_POINT('',(-5.823893217298,1.307718447835,
    -7.827266039797));
#1889 = CARTESIAN_POINT('',(-5.67142038116,1.904157625311,
    -7.855917839546));
#1890 = CARTESIAN_POINT('',(-5.449460440567,2.479683057492,
    -7.884560608462));
#1891 = CARTESIAN_POINT('',(-5.161351085019,3.025108259162,
    -7.913203671162));
#1892 = CARTESIAN_POINT('',(-4.811825940194,3.531881999212,
    -7.941856151159));
#1893 = CARTESIAN_POINT('',(-4.406891782727,3.992068777056,
    -7.970521694013));
#1894 = CARTESIAN_POINT('',(-3.596736558276,4.720395499506,
    -8.021819228064));
#1895 = CARTESIAN_POINT('',(-3.208987693318,5.008853124909,
    -8.044478415322));
#1896 = CARTESIAN_POINT('',(-2.794977252529,5.260736150345,
    -8.067135262792));
#1897 = CARTESIAN_POINT('',(-2.358769844079,5.473313651335,
    -8.089788721093));
#1898 = CARTESIAN_POINT('',(-1.90468742589,5.64441394305,-8.112441988967
    ));
#1899 = CARTESIAN_POINT('',(-1.437276646369,5.772386667506,
    -8.135098350668));
#1900 = CARTESIAN_POINT('',(-0.96131397878,5.856152591671,
    -8.157756979706));
#1901 = CARTESIAN_POINT('',(-0.297715973695,5.910390980265,
    -8.189107822863));
#1902 = CARTESIAN_POINT('',(-0.113044918901,5.91886815331,
    -8.197806924322));
#1903 = CARTESIAN_POINT('',(7.188911715569E-02,5.920750210779,
    -8.206505941141));
#1904 = CARTESIAN_POINT('',(0.256811163692,5.916028460501,
    -8.215204879547));
#1905 = CARTESIAN_POINT('',(0.441446760148,5.904707940196,
    -8.223903786364));
#1906 = CARTESIAN_POINT('',(0.625522039193,5.88680741473,-8.23260271118)
  );
#1907 = CARTESIAN_POINT('',(0.808763809722,5.862359373374,
    -8.241301668517));
#1908 = CARTESIAN_POINT('',(0.990899639859,5.831410027063,-8.2500006));
#1909 = ORIENTED_EDGE('',*,*,#1524,.T.);
#1910 = ORIENTED_EDGE('',*,*,#1723,.T.);
#1911 = ORIENTED_EDGE('',*,*,#1912,.F.);
#1912 = EDGE_CURVE('',#1913,#1724,#1915,.T.);
#1913 = VERTEX_POINT('',#1914);
#1914 = CARTESIAN_POINT('',(5.667353913651,1.9760743E-08,-8.497646086349
    ));
#1915 = B_SPLINE_CURVE_WITH_KNOTS('',1,(#1916,#1917),.UNSPECIFIED.,.F.,
  .F.,(2,2),(0.,1.225),.PIECEWISE_BEZIER_KNOTS.);
#1916 = CARTESIAN_POINT('',(6.028668651479,-1.813916691E-08,
    -8.706249614764));
#1917 = CARTESIAN_POINT('',(4.967785455993,1.5116258386E-07,
    -8.093753210256));
#1918 = ORIENTED_EDGE('',*,*,#1919,.T.);
#1919 = EDGE_CURVE('',#1913,#1841,#1920,.T.);
#1920 = B_SPLINE_CURVE_WITH_KNOTS('',6,(#1921,#1922,#1923,#1924,#1925,
    #1926,#1927,#1928,#1929,#1930,#1931,#1932,#1933,#1934,#1935,#1936,
    #1937,#1938,#1939,#1940,#1941,#1942),.UNSPECIFIED.,.F.,.F.,(7,5,5,5,
    7),(0.,0.244697157636,0.487603199434,0.741598696954,1.),
  .UNSPECIFIED.);
#1921 = CARTESIAN_POINT('',(5.66735391242,3.32E-15,-8.49764608758));
#1922 = CARTESIAN_POINT('',(5.677660048483,0.330780639415,
    -8.487339950363));
#1923 = CARTESIAN_POINT('',(5.664777822528,0.662340862996,
    -8.477054564157));
#1924 = CARTESIAN_POINT('',(5.628690745833,0.992622254836,-8.4667913528)
  );
#1925 = CARTESIAN_POINT('',(5.569633147982,1.319617238314,
    -8.456549273791));
#1926 = CARTESIAN_POINT('',(5.488050390841,1.641367473008,
    -8.446327434216));
#1927 = CARTESIAN_POINT('',(5.281954169708,2.268271641061,-8.4259995749)
  );
#1928 = CARTESIAN_POINT('',(5.157752566266,2.57355029748,-8.415892597648
    ));
#1929 = CARTESIAN_POINT('',(5.012679417904,2.86994701411,-8.405805500994
    ));
#1930 = CARTESIAN_POINT('',(4.847599687992,3.155726333598,
    -8.395737634901));
#1931 = CARTESIAN_POINT('',(4.663550285991,3.429264094996,
    -8.385688625914));
#1932 = CARTESIAN_POINT('',(4.250755709779,3.960718736041,
    -8.365171842295));
#1933 = CARTESIAN_POINT('',(4.020339006022,4.217371153074,
    -8.354705174169));
#1934 = CARTESIAN_POINT('',(3.7719083595,4.457300301886,-8.344259984768)
  );
#1935 = CARTESIAN_POINT('',(3.507037977494,4.679005781468,
    -8.333835882781));
#1936 = CARTESIAN_POINT('',(3.227445001148,4.881175895648,-8.32343245145
    ));
#1937 = CARTESIAN_POINT('',(2.637494948939,5.247396853494,
    -8.302488305064));
#1938 = CARTESIAN_POINT('',(2.326666202826,5.410739386649,
    -8.291947558355));
#1939 = CARTESIAN_POINT('',(2.0044914916,5.551577530881,-8.28142891648)
  );
#1940 = CARTESIAN_POINT('',(1.673034135147,5.669025220963,
    -8.270931688437));
#1941 = CARTESIAN_POINT('',(1.33442836368,5.762431781547,-8.260455182929
    ));
#1942 = CARTESIAN_POINT('',(0.990887077222,5.831412161749,-8.25));
#1943 = B_SPLINE_SURFACE_WITH_KNOTS('',1,11,(
    (#1944,#1945,#1946,#1947,#1948,#1949,#1950,#1951,#1952,#1953,#1954
      ,#1955)
    ,(#1956,#1957,#1958,#1959,#1960,#1961,#1962,#1963,#1964,#1965,#1966
      ,#1967
    )),.UNSPECIFIED.,.F.,.F.,.F.,(2,2),(12,12),(0.,1.225),(0.,
    6.522339887215),.PIECEWISE_BEZIER_KNOTS.);
#1944 = CARTESIAN_POINT('',(6.028671468712,-3.627886951E-08,
    -6.956249229519));
#1945 = CARTESIAN_POINT('',(6.028658080623,-3.443568592254,
    -7.115341966569));
#1946 = CARTESIAN_POINT('',(3.865050266776,-6.887051341313,
    -7.274424471524));
#1947 = CARTESIAN_POINT('',(-0.463937244492,-8.820861347257,
    -7.433539789534));
#1948 = CARTESIAN_POINT('',(-5.758218700137,-7.729177992087,
    -7.592580930623));
#1949 = CARTESIAN_POINT('',(-9.700422403058,-3.187511271866,
    -7.751746891246));
#1950 = CARTESIAN_POINT('',(-9.699748025502,3.18746982613,
    -7.910751954338));
#1951 = CARTESIAN_POINT('',(-5.758715658921,7.729260890483,
    -8.069917911011));
#1952 = CARTESIAN_POINT('',(-0.46367075192,8.820803910321,
    -8.228959056689));
#1953 = CARTESIAN_POINT('',(3.864950324476,6.887068104439,
    -8.388074372115));
#1954 = CARTESIAN_POINT('',(6.028682029233,3.443568537836,
    -8.547156877759));
#1955 = CARTESIAN_POINT('',(6.028668651479,-1.813916691E-08,
    -8.706249614764));
#1956 = CARTESIAN_POINT('',(4.967786197387,3.0232507456E-07,
    -6.343756420511));
#1957 = CARTESIAN_POINT('',(4.967782852241,-2.837590074714,
    -6.502832097405));
#1958 = CARTESIAN_POINT('',(3.184878480722,-5.675108677365,
    -6.661993035259));
#1959 = CARTESIAN_POINT('',(-0.382222077348,-7.268689015322,
    -6.820880555714));
#1960 = CARTESIAN_POINT('',(-4.745069334073,-6.368861051311,
    -6.980386162335));
#1961 = CARTESIAN_POINT('',(-7.993216007754,-2.626917843948,
    -7.138851683194));
#1962 = CARTESIAN_POINT('',(-7.993038783135,2.626906184211,
    -7.298657947942));
#1963 = CARTESIAN_POINT('',(-4.745200715535,6.368882420363,
    -7.457123467694));
#1964 = CARTESIAN_POINT('',(-0.382152630567,7.268673863984,
    -7.616629075623));
#1965 = CARTESIAN_POINT('',(3.184851645095,5.675113388737,
    -7.775516595307));
#1966 = CARTESIAN_POINT('',(4.967788887437,2.837590528201,-7.9346775334)
  );
#1967 = CARTESIAN_POINT('',(4.967785455993,1.5116258386E-07,
    -8.093753210256));
#1968 = ADVANCED_FACE('',(#1969),#2043,.T.);
#1969 = FACE_BOUND('',#1970,.F.);
#1970 = EDGE_LOOP('',(#1971,#1972,#1973,#2036));
#1971 = ORIENTED_EDGE('',*,*,#1840,.F.);
#1972 = ORIENTED_EDGE('',*,*,#1657,.T.);
#1973 = ORIENTED_EDGE('',*,*,#1974,.T.);
#1974 = EDGE_CURVE('',#1560,#1975,#1977,.T.);
#1975 = VERTEX_POINT('',#1976);
#1976 = CARTESIAN_POINT('',(-3.42292959111,4.823979479051,-8.25));
#1977 = B_SPLINE_CURVE_WITH_KNOTS('',8,(#1978,#1979,#1980,#1981,#1982,
    #1983,#1984,#1985,#1986,#1987,#1988,#1989,#1990,#1991,#1992,#1993,
    #1994,#1995,#1996,#1997,#1998,#1999,#2000,#2001,#2002,#2003,#2004,
    #2005,#2006,#2007,#2008,#2009,#2010,#2011,#2012,#2013,#2014,#2015,
    #2016,#2017,#2018,#2019,#2020,#2021,#2022,#2023,#2024,#2025,#2026,
    #2027,#2028,#2029,#2030,#2031,#2032,#2033,#2034,#2035),
  .UNSPECIFIED.,.F.,.F.,(9,7,7,7,7,7,7,7,9),(0.,0.137007370753,
    0.299552586938,0.405516241425,0.563998438505,0.767354161274,
    0.790439905993,0.968406546462,1.),.UNSPECIFIED.);
#1978 = CARTESIAN_POINT('',(5.915,-6.8567E-13,-7.109373501873));
#1979 = CARTESIAN_POINT('',(5.915,-0.414794087792,-7.128905887873));
#1980 = CARTESIAN_POINT('',(5.881756654932,-0.82965516795,
    -7.148440683677));
#1981 = CARTESIAN_POINT('',(5.815252304323,-1.241374259586,
    -7.167971831681));
#1982 = CARTESIAN_POINT('',(5.715859007959,-1.64684141158,
    -7.187499948198));
#1983 = CARTESIAN_POINT('',(5.58427944995,-2.04303528553,-7.207028233098
    ));
#1984 = CARTESIAN_POINT('',(5.421526122544,-2.427023729848,
    -7.226559288641));
#1985 = CARTESIAN_POINT('',(5.228938789722,-2.795975345025,
    -7.246092847468));
#1986 = CARTESIAN_POINT('',(4.746403989065,-3.563852820984,
    -7.288796608492));
#1987 = CARTESIAN_POINT('',(4.444866355505,-3.95575927218,
    -7.311977700451));
#1988 = CARTESIAN_POINT('',(4.106473568398,-4.318280673784,
    -7.335156404563));
#1989 = CARTESIAN_POINT('',(3.734629489702,-4.647421092234,
    -7.35833226054));
#1990 = CARTESIAN_POINT('',(3.333166771157,-4.939703670811,
    -7.38150761468));
#1991 = CARTESIAN_POINT('',(2.906305743875,-5.192133958835,
    -7.404685260767));
#1992 = CARTESIAN_POINT('',(2.458681385805,-5.402247996308,
    -7.427865706221));
#1993 = CARTESIAN_POINT('',(1.693416570877,-5.67648510088,
    -7.466144134931));
#1994 = CARTESIAN_POINT('',(1.384688507258,-5.765996226727,
    -7.481250784222));
#1995 = CARTESIAN_POINT('',(1.070613009451,-5.836296082846,
    -7.496356785903));
#1996 = CARTESIAN_POINT('',(0.752588673807,-5.887021505179,
    -7.511462157174));
#1997 = CARTESIAN_POINT('',(0.432031121792,-5.917931521274,
    -7.526567511239));
#1998 = CARTESIAN_POINT('',(0.110371054979,-5.928903203652,
    -7.541673447152));
#1999 = CARTESIAN_POINT('',(-0.210946542409,-5.91993618636,
    -7.556779946346));
#2000 = CARTESIAN_POINT('',(-1.008338363245,-5.848136119311,
    -7.594478475741));
#2001 = CARTESIAN_POINT('',(-1.482363058865,-5.760791612163,
    -7.61707797884));
#2002 = CARTESIAN_POINT('',(-1.947531174509,-5.629541513916,
    -7.639675247671));
#2003 = CARTESIAN_POINT('',(-2.399112262955,-5.455493772642,
    -7.662269448297));
#2004 = CARTESIAN_POINT('',(-2.83260757716,-5.240319704977,
    -7.684863813136));
#2005 = CARTESIAN_POINT('',(-3.243744770784,-4.986205002404,
    -7.707461508632));
#2006 = CARTESIAN_POINT('',(-3.628510117575,-4.695887132678,
    -7.730061507763));
#2007 = CARTESIAN_POINT('',(-4.438360403735,-3.958184555284,
    -7.781644522586));
#2008 = CARTESIAN_POINT('',(-4.844537242143,-3.489127279749,
    -7.81065594243));
#2009 = CARTESIAN_POINT('',(-5.193548815735,-2.972809864702,
    -7.839653496045));
#2010 = CARTESIAN_POINT('',(-5.479245981618,-2.417519172995,
    -7.868641207588));
#2011 = CARTESIAN_POINT('',(-5.69681518842,-1.832169393803,
    -7.897628699912));
#2012 = CARTESIAN_POINT('',(-5.842916870897,-1.226325183237,
    -7.926625758772));
#2013 = CARTESIAN_POINT('',(-5.915575063963,-0.610114554363,
    -7.955636755241));
#2014 = CARTESIAN_POINT('',(-5.914931817176,7.544260789016E-02,
    -7.987917765856));
#2015 = CARTESIAN_POINT('',(-5.913922390938,0.145334481735,
    -7.991208842439));
#2016 = CARTESIAN_POINT('',(-5.911969131872,0.215210628432,
    -7.99449993885));
#2017 = CARTESIAN_POINT('',(-5.909072335017,0.285056142426,
    -7.997791053364));
#2018 = CARTESIAN_POINT('',(-5.905232576154,0.354856148553,
    -8.001082184967));
#2019 = CARTESIAN_POINT('',(-5.900450711811,0.424595802048,
    -8.004373333354));
#2020 = CARTESIAN_POINT('',(-5.894727879259,0.494260288538,
    -8.007664498931));
#2021 = CARTESIAN_POINT('',(-5.836705581999,1.100180802766,
    -8.036327224668));
#2022 = CARTESIAN_POINT('',(-5.729485999094,1.631423001896,
    -8.061711287508));
#2023 = CARTESIAN_POINT('',(-5.567009454791,2.15040106714,
    -8.087090109189));
#2024 = CARTESIAN_POINT('',(-5.351024251065,2.650435497,-8.112464303543)
  );
#2025 = CARTESIAN_POINT('',(-5.084147244672,3.125262514105,
    -8.137838202219));
#2026 = CARTESIAN_POINT('',(-4.769775290414,3.569004690741,
    -8.16321625065));
#2027 = CARTESIAN_POINT('',(-4.412162265673,3.976223584373,
    -8.188599346879));
#2028 = CARTESIAN_POINT('',(-3.946423631303,4.40705281034,
    -8.218473928707));
#2029 = CARTESIAN_POINT('',(-3.875008068703,4.47070738407,-8.22297781762
    ));
#2030 = CARTESIAN_POINT('',(-3.802420117514,4.533038431107,
    -8.227481679031));
#2031 = CARTESIAN_POINT('',(-3.728688431477,4.594020788158,
    -8.231985513474));
#2032 = CARTESIAN_POINT('',(-3.653842286761,4.653630057716,
    -8.236489321704));
#2033 = CARTESIAN_POINT('',(-3.577911581969,4.711842608056,
    -8.240993104699));
#2034 = CARTESIAN_POINT('',(-3.500926838136,4.76863557324,
    -8.245496863658));
#2035 = CARTESIAN_POINT('',(-3.422919198728,4.82398685311,-8.2500006));
#2036 = ORIENTED_EDGE('',*,*,#2037,.F.);
#2037 = EDGE_CURVE('',#1841,#1975,#2038,.T.);
#2038 = CIRCLE('',#2039,5.915);
#2039 = AXIS2_PLACEMENT_3D('',#2040,#2041,#2042);
#2040 = CARTESIAN_POINT('',(0.,0.,-8.25));
#2041 = DIRECTION('',(0.,0.,1.));
#2042 = DIRECTION('',(1.,0.,0.));
#2043 = CYLINDRICAL_SURFACE('',#2044,5.915);
#2044 = AXIS2_PLACEMENT_3D('',#2045,#2046,#2047);
#2045 = CARTESIAN_POINT('',(0.,0.,-1.75));
#2046 = DIRECTION('',(-0.,-0.,-1.));
#2047 = DIRECTION('',(1.,0.,0.));
#2048 = ADVANCED_FACE('',(#2049),#2095,.T.);
#2049 = FACE_BOUND('',#2050,.T.);
#2050 = EDGE_LOOP('',(#2051,#2068,#2069,#2070));
#2051 = ORIENTED_EDGE('',*,*,#2052,.F.);
#2052 = EDGE_CURVE('',#1672,#2053,#2055,.T.);
#2053 = VERTEX_POINT('',#2054);
#2054 = CARTESIAN_POINT('',(3.633231640441,3.38797842094,-9.197226863689
    ));
#2055 = ( BOUNDED_CURVE() B_SPLINE_CURVE(11,(#2056,#2057,#2058,#2059,
    #2060,#2061,#2062,#2063,#2064,#2065,#2066,#2067),.UNSPECIFIED.,.F.,
.F.) B_SPLINE_CURVE_WITH_KNOTS((12,12),(0.,6.522339887215),
.PIECEWISE_BEZIER_KNOTS.) CURVE() GEOMETRIC_REPRESENTATION_ITEM() 
RATIONAL_B_SPLINE_CURVE((1.056590953773,1.056590953773,1.056590953773,
    1.056590953773,1.056590953773,1.056590953773,1.056590953773,
    1.056590953773,1.056590953773,1.056590953773,1.056590953773,
1.056590953773)) REPRESENTATION_ITEM('') );
#2056 = CARTESIAN_POINT('',(4.967783973239,1.5116242924E-07,
    -7.656253210259));
#2057 = CARTESIAN_POINT('',(4.967787577261,-2.837589378919,
    -7.815328887121));
#2058 = CARTESIAN_POINT('',(3.184851040263,-5.675111500929,
    -7.974489825251));
#2059 = CARTESIAN_POINT('',(-0.382152075218,-7.268671718114,
    -8.133377344741));
#2060 = CARTESIAN_POINT('',(-4.745198909621,-6.368880807427,
    -8.292882953168));
#2061 = CARTESIAN_POINT('',(-7.993036240244,-2.626905887374,
    -8.451348472059));
#2062 = CARTESIAN_POINT('',(-7.993213779124,2.626916573873,
    -8.611154737898));
#2063 = CARTESIAN_POINT('',(-4.745068307352,6.368858861543,
    -8.769620257715));
#2064 = CARTESIAN_POINT('',(-0.382222404576,7.268686822432,
    -8.929125865091));
#2065 = CARTESIAN_POINT('',(3.184877184362,5.675107177353,
    -9.088013385135));
#2066 = CARTESIAN_POINT('',(4.967781196874,2.83758953008,-9.247174323154
    ));
#2067 = CARTESIAN_POINT('',(4.967784714611,-2.986E-14,-9.40625));
#2068 = ORIENTED_EDGE('',*,*,#1690,.T.);
#2069 = ORIENTED_EDGE('',*,*,#1974,.T.);
#2070 = ORIENTED_EDGE('',*,*,#2071,.T.);
#2071 = EDGE_CURVE('',#1975,#2053,#2072,.T.);
#2072 = B_SPLINE_CURVE_WITH_KNOTS('',6,(#2073,#2074,#2075,#2076,#2077,
    #2078,#2079,#2080,#2081,#2082,#2083,#2084,#2085,#2086,#2087,#2088,
    #2089,#2090,#2091,#2092,#2093,#2094),.UNSPECIFIED.,.F.,.F.,(7,5,5,5,
    7),(0.,0.287034448809,0.547349733413,0.783755269778,1.),
  .UNSPECIFIED.);
#2073 = CARTESIAN_POINT('',(-3.42292959111,4.823979479051,-8.25));
#2074 = CARTESIAN_POINT('',(-3.090285707179,5.008377054724,
    -8.292110984367));
#2075 = CARTESIAN_POINT('',(-2.74359053247,5.166808254654,
    -8.334543290342));
#2076 = CARTESIAN_POINT('',(-2.3852866682,5.297653583979,-8.377301220021
    ));
#2077 = CARTESIAN_POINT('',(-2.018037491703,5.399616063178,
    -8.420396128073));
#2078 = CARTESIAN_POINT('',(-1.64471454413,5.471703332048,
    -8.463841428783));
#2079 = CARTESIAN_POINT('',(-0.927147080058,5.551080444484,
    -8.547368484901));
#2080 = CARTESIAN_POINT('',(-0.583403264925,5.563780548991,
    -8.587390038935));
#2081 = CARTESIAN_POINT('',(-0.239499973161,5.550984725404,
    -8.627712809912));
#2082 = CARTESIAN_POINT('',(0.1021826441,5.512536933344,-8.668346292899)
  );
#2083 = CARTESIAN_POINT('',(0.439203172127,5.448558320566,
    -8.709301250927));
#2084 = CARTESIAN_POINT('',(1.068645360218,5.278655715402,
    -8.788074059051));
#2085 = CARTESIAN_POINT('',(1.36233907876,5.177119073684,-8.825836882816
    ));
#2086 = CARTESIAN_POINT('',(1.648287052,5.055255181546,-8.863876112237)
  );
#2087 = CARTESIAN_POINT('',(1.92465152144,4.913634037813,-8.902199652354
    ));
#2088 = CARTESIAN_POINT('',(2.189625305355,4.753041833461,
    -8.940816703707));
#2089 = CARTESIAN_POINT('',(2.671816651003,4.411229844885,-9.01533100855
    ));
#2090 = CARTESIAN_POINT('',(2.891190725839,4.232928761743,
    -9.051181120795));
#2091 = CARTESIAN_POINT('',(3.098241604396,4.040420489046,-9.08728790856
    ));
#2092 = CARTESIAN_POINT('',(3.291701404864,3.834656487445,
    -9.123659143586));
#2093 = CARTESIAN_POINT('',(3.470390143401,3.616748680684,
    -9.160303312852));
#2094 = CARTESIAN_POINT('',(3.633231640441,3.38797842094,-9.197226863689
    ));
#2095 = B_SPLINE_SURFACE_WITH_KNOTS('',1,11,(
    (#2096,#2097,#2098,#2099,#2100,#2101,#2102,#2103,#2104,#2105,#2106
      ,#2107)
    ,(#2108,#2109,#2110,#2111,#2112,#2113,#2114,#2115,#2116,#2117,#2118
      ,#2119
    )),.UNSPECIFIED.,.F.,.F.,.F.,(2,2),(12,12),(0.,1.225),(0.,
    6.522339887215),.PIECEWISE_BEZIER_KNOTS.);
#2096 = CARTESIAN_POINT('',(4.967783973239,1.5116242721E-07,
    -7.656253210259));
#2097 = CARTESIAN_POINT('',(4.967787577261,-2.837589378919,
    -7.815328887121));
#2098 = CARTESIAN_POINT('',(3.184851040263,-5.67511150093,
    -7.974489825251));
#2099 = CARTESIAN_POINT('',(-0.382152075217,-7.268671718111,
    -8.133377344741));
#2100 = CARTESIAN_POINT('',(-4.745198909624,-6.36888080743,
    -8.292882953169));
#2101 = CARTESIAN_POINT('',(-7.993036240241,-2.62690588737,
    -8.451348472059));
#2102 = CARTESIAN_POINT('',(-7.993213779128,2.62691657387,
    -8.611154737898));
#2103 = CARTESIAN_POINT('',(-4.74506830735,6.368858861544,
    -8.769620257715));
#2104 = CARTESIAN_POINT('',(-0.382222404577,7.268686822432,
    -8.929125865091));
#2105 = CARTESIAN_POINT('',(3.184877184362,5.675107177353,
    -9.088013385135));
#2106 = CARTESIAN_POINT('',(4.967781196874,2.83758953008,-9.247174323154
    ));
#2107 = CARTESIAN_POINT('',(4.967784714611,-2.601E-14,-9.40625));
#2108 = CARTESIAN_POINT('',(6.028663017013,-1.813980169E-08,
    -7.043749614774));
#2109 = CARTESIAN_POINT('',(6.028676374031,-3.443565355701,
    -7.202842351687));
#2110 = CARTESIAN_POINT('',(3.86494667075,-6.887061690891,
    -7.361924857742));
#2111 = CARTESIAN_POINT('',(-0.463670371454,-8.820795663932,
    -7.521040171985));
#2112 = CARTESIAN_POINT('',(-5.758710323699,-7.729253630778,
    -7.680081320081));
#2113 = CARTESIAN_POINT('',(-9.699738978551,-3.187466790612,
    -7.839247273078));
#2114 = CARTESIAN_POINT('',(-9.700413318366,3.187508353106,
    -7.998252340418));
#2115 = CARTESIAN_POINT('',(-5.758213271437,7.729170801666,
    -8.157418297289));
#2116 = CARTESIAN_POINT('',(-0.463936758101,8.820853106459,
    -8.316459440887));
#2117 = CARTESIAN_POINT('',(3.865046696024,6.887044881251,
    -8.475574757662));
#2118 = CARTESIAN_POINT('',(6.028652466849,3.443565337557,-8.63465726304
    ));
#2119 = CARTESIAN_POINT('',(6.028665834247,-2.578E-14,-8.79375));
#2120 = ADVANCED_FACE('',(#2121),#2273,.T.);
#2121 = FACE_BOUND('',#2122,.T.);
#2122 = EDGE_LOOP('',(#2123,#2140,#2141,#2142));
#2123 = ORIENTED_EDGE('',*,*,#2124,.F.);
#2124 = EDGE_CURVE('',#1724,#2125,#2127,.T.);
#2125 = VERTEX_POINT('',#2126);
#2126 = CARTESIAN_POINT('',(-3.388267991596,3.632990303585,
    -9.197205868917));
#2127 = B_SPLINE_CURVE_WITH_KNOTS('',11,(#2128,#2129,#2130,#2131,#2132,
    #2133,#2134,#2135,#2136,#2137,#2138,#2139),.UNSPECIFIED.,.F.,.F.,(12
    ,12),(0.,6.522339887215),.PIECEWISE_BEZIER_KNOTS.);
#2128 = CARTESIAN_POINT('',(4.967785455993,1.5116259513E-07,
    -8.093753210256));
#2129 = CARTESIAN_POINT('',(4.967782024555,-2.837589802395,
    -8.252828887142));
#2130 = CARTESIAN_POINT('',(3.184877832535,-5.67510792735,-8.41198982504
    ));
#2131 = CARTESIAN_POINT('',(-0.382222240958,-7.268687918877,
    -8.570877345356));
#2132 = CARTESIAN_POINT('',(-4.745068820707,-6.368859956418,
    -8.730382952275));
#2133 = CARTESIAN_POINT('',(-7.993214893439,-2.626917208896,
    -8.888848472667));
#2134 = CARTESIAN_POINT('',(-7.99303751167,2.62690603576,-9.048654737966
    ));
#2135 = CARTESIAN_POINT('',(-4.745199812585,6.368881613921,
    -9.207120257226));
#2136 = CARTESIAN_POINT('',(-0.382152352884,7.268672791021,
    -9.366625865485));
#2137 = CARTESIAN_POINT('',(3.184851342671,5.675112444834,
    -9.525513385008));
#2138 = CARTESIAN_POINT('',(4.967788232347,2.837589953557,
    -9.684674323154));
#2139 = CARTESIAN_POINT('',(4.967784714611,-2.685E-14,-9.84375));
#2140 = ORIENTED_EDGE('',*,*,#1742,.T.);
#2141 = ORIENTED_EDGE('',*,*,#2052,.T.);
#2142 = ORIENTED_EDGE('',*,*,#2143,.T.);
#2143 = EDGE_CURVE('',#2053,#2125,#2144,.T.);
#2144 = B_SPLINE_CURVE_WITH_KNOTS('',7,(#2145,#2146,#2147,#2148,#2149,
    #2150,#2151,#2152,#2153,#2154,#2155,#2156,#2157,#2158,#2159,#2160,
    #2161,#2162,#2163,#2164,#2165,#2166,#2167,#2168,#2169,#2170,#2171,
    #2172,#2173,#2174,#2175,#2176,#2177,#2178,#2179,#2180,#2181,#2182,
    #2183,#2184,#2185,#2186,#2187,#2188,#2189,#2190,#2191,#2192,#2193,
    #2194,#2195,#2196,#2197,#2198,#2199,#2200,#2201,#2202,#2203,#2204,
    #2205,#2206,#2207,#2208,#2209,#2210,#2211,#2212,#2213,#2214,#2215,
    #2216,#2217,#2218,#2219,#2220,#2221,#2222,#2223,#2224,#2225,#2226,
    #2227,#2228,#2229,#2230,#2231,#2232,#2233,#2234,#2235,#2236,#2237,
    #2238,#2239,#2240,#2241,#2242,#2243,#2244,#2245,#2246,#2247,#2248,
    #2249,#2250,#2251,#2252,#2253,#2254,#2255,#2256,#2257,#2258,#2259,
    #2260,#2261,#2262,#2263,#2264,#2265,#2266,#2267,#2268,#2269,#2270,
    #2271,#2272),.UNSPECIFIED.,.F.,.F.,(8,6,6,6,6,6,6,6,6,6,6,6,6,6,6,6,
    6,6,6,6,6,8),(0.,2.472396007365E-02,3.281878318199E-02,
    4.23990829179E-02,4.812985291377E-02,5.79931865264E-02,
    6.935348670062E-02,8.281130480426E-02,0.127535805558,0.146654225177,
    0.165269825974,0.183650379889,0.201429504239,0.21732484586,
    0.231934512281,0.284432757987,0.401379201136,0.464203998255,
    0.6276530179,0.809660854333,0.887822133444,1.),.UNSPECIFIED.);
#2145 = CARTESIAN_POINT('',(3.633231640442,3.387978420939,
    -9.197226863689));
#2146 = CARTESIAN_POINT('',(3.648165158753,3.366998849238,
    -9.200612969396));
#2147 = CARTESIAN_POINT('',(3.662504552472,3.346253517749,
    -9.204120786487));
#2148 = CARTESIAN_POINT('',(3.67622007518,3.325748137067,-9.207780265182
    ));
#2149 = CARTESIAN_POINT('',(3.689203996373,3.305577830781,
    -9.211617432463));
#2150 = CARTESIAN_POINT('',(3.701237480794,3.285965636051,
    -9.215661107111));
#2151 = CARTESIAN_POINT('',(3.712036360334,3.267232208727,
    -9.219935727153));
#2152 = CARTESIAN_POINT('',(3.724032662556,3.24428960589,-9.225992430382
    ));
#2153 = CARTESIAN_POINT('',(3.726799659702,3.238791995367,
    -9.227515721728));
#2154 = CARTESIAN_POINT('',(3.729355812927,3.233477250793,
    -9.229069692501));
#2155 = CARTESIAN_POINT('',(3.731677293367,3.228374092111,
    -9.230654909125));
#2156 = CARTESIAN_POINT('',(3.73373652275,3.223517164041,-9.232271080036
    ));
#2157 = CARTESIAN_POINT('',(3.735503325419,3.218945875295,
    -9.233916918162));
#2158 = CARTESIAN_POINT('',(3.73865359443,3.209682036175,-9.237570115642
    ));
#2159 = CARTESIAN_POINT('',(3.739908572287,3.205117351007,
    -9.239589853992));
#2160 = CARTESIAN_POINT('',(3.740655014033,3.201089307845,
    -9.241642056512));
#2161 = CARTESIAN_POINT('',(3.740839209741,3.197680304285,
    -9.243716631436));
#2162 = CARTESIAN_POINT('',(3.740417443524,3.1949652011,-9.245800370767)
  );
#2163 = CARTESIAN_POINT('',(3.73936818975,3.192996545666,-9.247876717554
    ));
#2164 = CARTESIAN_POINT('',(3.736716183828,3.191059998884,
    -9.251151025292));
#2165 = CARTESIAN_POINT('',(3.73550486876,3.190605755312,-9.252367155387
    ));
#2166 = CARTESIAN_POINT('',(3.734078075243,3.190424574489,-9.25356980113
    ));
#2167 = CARTESIAN_POINT('',(3.732442766041,3.190513274377,
    -9.254755539194));
#2168 = CARTESIAN_POINT('',(3.73060886647,3.190864085354,-9.255921534842
    ));
#2169 = CARTESIAN_POINT('',(3.728588483291,3.191465722191,
    -9.257065477837));
#2170 = CARTESIAN_POINT('',(3.722620091916,3.193748016279,
    -9.260113240695));
#2171 = CARTESIAN_POINT('',(3.718333442373,3.195893650377,
    -9.261969742463));
#2172 = CARTESIAN_POINT('',(3.713599586685,3.198672426611,
    -9.263748317593));
#2173 = CARTESIAN_POINT('',(3.708486772285,3.202001973389,
    -9.265447584335));
#2174 = CARTESIAN_POINT('',(3.703056731727,3.205803077353,
    -9.267069303229));
#2175 = CARTESIAN_POINT('',(3.69735886453,3.210008804191,-9.268617115605
    ));
#2176 = CARTESIAN_POINT('',(3.684599050468,3.219815151144,
    -9.271799771851));
#2177 = CARTESIAN_POINT('',(3.677464801991,3.225527926638,
    -9.273411316357));
#2178 = CARTESIAN_POINT('',(3.670080439317,3.231623693162,
    -9.274938927496));
#2179 = CARTESIAN_POINT('',(3.662489398767,3.238036736612,
    -9.276389838135));
#2180 = CARTESIAN_POINT('',(3.654724898375,3.244715088647,
    -9.277770642624));
#2181 = CARTESIAN_POINT('',(3.646810516548,3.25161921111,-9.279087516822
    ));
#2182 = CARTESIAN_POINT('',(3.629224753766,3.267133335134,
    -9.281837801314));
#2183 = CARTESIAN_POINT('',(3.619503514789,3.275818708954,
    -9.283247108997));
#2184 = CARTESIAN_POINT('',(3.609625192997,3.284726205604,
    -9.284583564993));
#2185 = CARTESIAN_POINT('',(3.599611681429,3.293816245065,
    -9.285854545839));
#2186 = CARTESIAN_POINT('',(3.589479359921,3.303058384057,
    -9.287066076274));
#2187 = CARTESIAN_POINT('',(3.579239828069,3.312429436503,-9.28822330474
    ));
#2188 = CARTESIAN_POINT('',(3.534540305598,3.353423742251,
    -9.293012123387));
#2189 = CARTESIAN_POINT('',(3.49912403818,3.386122086206,-9.296141090847
    ));
#2190 = CARTESIAN_POINT('',(3.462912789766,3.419377934721,
    -9.298890327306));
#2191 = CARTESIAN_POINT('',(3.426033779353,3.452921595287,
    -9.301323444558));
#2192 = CARTESIAN_POINT('',(3.388580998948,3.486537476844,
    -9.303502523577));
#2193 = CARTESIAN_POINT('',(3.350580115263,3.520129940881,
    -9.305463634106));
#2194 = CARTESIAN_POINT('',(3.295521690251,3.567980607501,
    -9.307997609295));
#2195 = CARTESIAN_POINT('',(3.278936987379,3.582290699819,
    -9.308722118928));
#2196 = CARTESIAN_POINT('',(3.262257613651,3.596574882433,
    -9.309414524971));
#2197 = CARTESIAN_POINT('',(3.24548554166,3.610827240123,-9.310076815316
    ));
#2198 = CARTESIAN_POINT('',(3.228622496642,3.625042569841,
    -9.310710754019));
#2199 = CARTESIAN_POINT('',(3.21166995648,3.639216380709,-9.311317881303
    ));
#2200 = CARTESIAN_POINT('',(3.178036523992,3.667101824193,
    -9.312465848741));
#2201 = CARTESIAN_POINT('',(3.161360289384,3.680815665933,
    -9.313008045299));
#2202 = CARTESIAN_POINT('',(3.14460164418,3.694482819701,-9.313527343313
    ));
#2203 = CARTESIAN_POINT('',(3.127761697346,3.708099995354,
    -9.314024876116));
#2204 = CARTESIAN_POINT('',(3.110841470509,3.721664212145,
    -9.314501670292));
#2205 = CARTESIAN_POINT('',(3.093841897958,3.735172798723,
    -9.314958645672));
#2206 = CARTESIAN_POINT('',(3.059901388841,3.761904155787,
    -9.315829055055));
#2207 = CARTESIAN_POINT('',(3.042962447462,3.775128328283,
    -9.316242980314));
#2208 = CARTESIAN_POINT('',(3.025947835217,3.788293601863,
    -9.316639182769));
#2209 = CARTESIAN_POINT('',(3.008858349098,3.80139782967,-9.31701839447)
  );
#2210 = CARTESIAN_POINT('',(2.991694750374,3.814439026746,-9.31738128786
    ));
#2211 = CARTESIAN_POINT('',(2.974457764591,3.827415370036,
    -9.317728475774));
#2212 = CARTESIAN_POINT('',(2.940404788189,3.85281260462,-9.318381682587
    ));
#2213 = CARTESIAN_POINT('',(2.923593486779,3.865237755226,
    -9.318688683568));
#2214 = CARTESIAN_POINT('',(2.906714807645,3.87759913327,-9.318982018984
    ));
#2215 = CARTESIAN_POINT('',(2.889769367285,3.889895307953,-9.31926216032
    ));
#2216 = CARTESIAN_POINT('',(2.872757768395,3.902124934611,
    -9.319529545951));
#2217 = CARTESIAN_POINT('',(2.855680599873,3.914286754716,
    -9.319784581141));
#2218 = CARTESIAN_POINT('',(2.823212567405,3.937191143031,
    -9.320244941907));
#2219 = CARTESIAN_POINT('',(2.80783474986,3.947947546165,-9.320452673934
    ));
#2220 = CARTESIAN_POINT('',(2.792405397061,3.958647962338,
    -9.320651101735));
#2221 = CARTESIAN_POINT('',(2.776924918092,3.969291585433,-9.32084047843
    ));
#2222 = CARTESIAN_POINT('',(2.76139371824,3.979877646153,-9.321021042644
    ));
#2223 = CARTESIAN_POINT('',(2.745812198993,3.99040541202,-9.321193018505
    ));
#2224 = CARTESIAN_POINT('',(2.715813647001,4.010496208685,
    -9.321506980438));
#2225 = CARTESIAN_POINT('',(2.701404364375,4.020068393369,
    -9.321650268133));
#2226 = CARTESIAN_POINT('',(2.686953219468,4.029590199718,
    -9.321786642047));
#2227 = CARTESIAN_POINT('',(2.672460520608,4.039061105124,
    -9.321916257914));
#2228 = CARTESIAN_POINT('',(2.657926575137,4.048480606078,
    -9.322039263885));
#2229 = CARTESIAN_POINT('',(2.643351689415,4.057848218171,
    -9.322155800532));
#2230 = CARTESIAN_POINT('',(2.576216886769,4.100636841279,
    -9.322661993688));
#2231 = CARTESIAN_POINT('',(2.523172974824,4.133434114785,
    -9.322976182385));
#2232 = CARTESIAN_POINT('',(2.46961850514,4.165533763707,-9.32321473951)
  );
#2233 = CARTESIAN_POINT('',(2.415567647121,4.196916723411,
    -9.323382827867));
#2234 = CARTESIAN_POINT('',(2.361034668177,4.22756596664,-9.323484804098
    ));
#2235 = CARTESIAN_POINT('',(2.306033934477,4.257466072613,
    -9.323524422298));
#2236 = CARTESIAN_POINT('',(2.127049103506,4.351508511274,
    -9.323461855789));
#2237 = CARTESIAN_POINT('',(2.00126914153,4.412625999067,-9.323125868648
    ));
#2238 = CARTESIAN_POINT('',(1.873400821072,4.469798313505,
    -9.322533684487));
#2239 = CARTESIAN_POINT('',(1.743609291945,4.522898649929,
    -9.321711109873));
#2240 = CARTESIAN_POINT('',(1.612064153425,4.571820224406,
    -9.320677956552));
#2241 = CARTESIAN_POINT('',(1.478939560561,4.616471196589,
    -9.319450586922));
#2242 = CARTESIAN_POINT('',(1.272146050937,4.678426046251,
    -9.317285597504));
#2243 = CARTESIAN_POINT('',(1.199473319101,4.698822804932,
    -9.316476776914));
#2244 = CARTESIAN_POINT('',(1.12642374082,4.717953059146,-9.315617753411
    ));
#2245 = CARTESIAN_POINT('',(1.053025148541,4.735806054158,
    -9.314710365599));
#2246 = CARTESIAN_POINT('',(0.979305612671,4.752372133467,
    -9.313756273567));
#2247 = CARTESIAN_POINT('',(0.905293441576,4.767642738808,
    -9.312756958893));
#2248 = CARTESIAN_POINT('',(0.637775301999,4.817949599336,
    -9.308999579544));
#2249 = CARTESIAN_POINT('',(0.442742843741,4.845469692613,
    -9.305988296672));
#2250 = CARTESIAN_POINT('',(0.24642669566,4.864038310678,-9.302703216959
    ));
#2251 = CARTESIAN_POINT('',(4.933579872266E-02,4.873569558231,
    -9.29916213693));
#2252 = CARTESIAN_POINT('',(-0.148018932099,4.874021712058,
    -9.29537862523));
#2253 = CARTESIAN_POINT('',(-0.345124685936,4.865394909119,
    -9.291363339168));
#2254 = CARTESIAN_POINT('',(-0.760102648946,4.828056865944,
    -9.282406139898));
#2255 = CARTESIAN_POINT('',(-0.977800372997,4.7971755789,-9.277410539374
    ));
#2256 = CARTESIAN_POINT('',(-1.193849425936,4.755141453092,
    -9.272150616477));
#2257 = CARTESIAN_POINT('',(-1.407555525903,4.702070706235,
    -9.266635121383));
#2258 = CARTESIAN_POINT('',(-1.618241091452,4.638137863285,
    -9.260870046411));
#2259 = CARTESIAN_POINT('',(-1.825245643483,4.563574325564,
    -9.254859194785));
#2260 = CARTESIAN_POINT('',(-2.114965163414,4.44220438969,
    -9.245918846081));
#2261 = CARTESIAN_POINT('',(-2.201207628462,4.40383392916,
    -9.243187988839));
#2262 = CARTESIAN_POINT('',(-2.286603196636,4.363578129623,
    -9.240412324645));
#2263 = CARTESIAN_POINT('',(-2.371102485978,4.321461272231,
    -9.237591928611));
#2264 = CARTESIAN_POINT('',(-2.454657138265,4.277509347956,
    -9.234726803994));
#2265 = CARTESIAN_POINT('',(-2.537219819008,4.231750057591,
    -9.231816882194));
#2266 = CARTESIAN_POINT('',(-2.735748867239,4.115986870703,
    -9.224621178285));
#2267 = CARTESIAN_POINT('',(-2.850615321609,4.044098316348,
    -9.220287745779));
#2268 = CARTESIAN_POINT('',(-2.963206369999,3.968634318227,
    -9.215861343732));
#2269 = CARTESIAN_POINT('',(-3.073390393248,3.889688418018,
    -9.21134123232));
#2270 = CARTESIAN_POINT('',(-3.181041363601,3.807360529526,
    -9.206726313405));
#2271 = CARTESIAN_POINT('',(-3.286038844701,3.721756938691,
    -9.202015130529));
#2272 = CARTESIAN_POINT('',(-3.388267991596,3.632990303585,
    -9.197205868917));
#2273 = ( BOUNDED_SURFACE() B_SPLINE_SURFACE(6,11,(
    (#2274,#2275,#2276,#2277,#2278,#2279,#2280,#2281,#2282,#2283,#2284
      ,#2285)
    ,(#2286,#2287,#2288,#2289,#2290,#2291,#2292,#2293,#2294,#2295,#2296
      ,#2297)
    ,(#2298,#2299,#2300,#2301,#2302,#2303,#2304,#2305,#2306,#2307,#2308
      ,#2309)
    ,(#2310,#2311,#2312,#2313,#2314,#2315,#2316,#2317,#2318,#2319,#2320
      ,#2321)
    ,(#2322,#2323,#2324,#2325,#2326,#2327,#2328,#2329,#2330,#2331,#2332
      ,#2333)
    ,(#2334,#2335,#2336,#2337,#2338,#2339,#2340,#2341,#2342,#2343,#2344
      ,#2345)
    ,(#2346,#2347,#2348,#2349,#2350,#2351,#2352,#2353,#2354,#2355,#2356
,#2357
    )),.UNSPECIFIED.,.F.,.F.,.F.) B_SPLINE_SURFACE_WITH_KNOTS((7,7),(12,
    12),(0.,2.094395102393),(0.,6.522339887215),
.PIECEWISE_BEZIER_KNOTS.) GEOMETRIC_REPRESENTATION_ITEM() 
RATIONAL_B_SPLINE_SURFACE((
    (1.056590953773,1.056590953773,1.056590953773,1.056590953773
      ,1.056590953773,1.056590953773,1.056590953773,1.056590953773
      ,1.056590953773,1.056590953773,1.056590953773,1.056590953773)
    ,(1.017435169568,1.017435169568,1.017435169568,1.017435169568
      ,1.017435169569,1.017435169568,1.017435169569,1.017435169568
      ,1.017435169568,1.017435169568,1.017435169568,1.017435169568)
    ,(0.996326512422,0.996326512422,0.996326512422,0.996326512422
      ,0.996326512422,0.996326512422,0.996326512422,0.996326512422
      ,0.996326512422,0.996326512422,0.996326512422,0.996326512422)
    ,(0.989390034249,0.989390034249,0.989390034249,0.989390034248
      ,0.989390034249,0.989390034248,0.989390034249,0.989390034248
      ,0.989390034249,0.989390034248,0.989390034249,0.989390034249)
    ,(0.996326512422,0.996326512422,0.996326512422,0.996326512422
      ,0.996326512423,0.996326512421,0.996326512423,0.996326512422
      ,0.996326512422,0.996326512422,0.996326512422,0.996326512422)
    ,(1.017435169568,1.017435169568,1.017435169568,1.017435169568
      ,1.017435169568,1.017435169568,1.017435169569,1.017435169568
      ,1.017435169568,1.017435169568,1.017435169568,1.017435169568)
    ,(1.056590953773,1.056590953773,1.056590953773,1.056590953773
      ,1.056590953773,1.056590953773,1.056590953773,1.056590953773
      ,1.056590953773,1.056590953773,1.056590953773,1.056590953773
))) REPRESENTATION_ITEM('') SURFACE() );
#2274 = CARTESIAN_POINT('',(4.967785455993,1.5116259344E-07,
    -8.093753210256));
#2275 = CARTESIAN_POINT('',(4.967782024556,-2.837589802395,
    -8.252828887143));
#2276 = CARTESIAN_POINT('',(3.184877832534,-5.67510792735,
    -8.411989825038));
#2277 = CARTESIAN_POINT('',(-0.382222240956,-7.268687918878,
    -8.570877345361));
#2278 = CARTESIAN_POINT('',(-4.745068820709,-6.368859956416,
    -8.730382952267));
#2279 = CARTESIAN_POINT('',(-7.993214893438,-2.626917208897,
    -8.888848472677));
#2280 = CARTESIAN_POINT('',(-7.993037511671,2.62690603576,
    -9.048654737956));
#2281 = CARTESIAN_POINT('',(-4.745199812584,6.368881613921,
    -9.207120257233));
#2282 = CARTESIAN_POINT('',(-0.382152352885,7.268672791021,
    -9.366625865481));
#2283 = CARTESIAN_POINT('',(3.184851342672,5.675112444834,-9.52551338501
    ));
#2284 = CARTESIAN_POINT('',(4.967788232346,2.837589953557,
    -9.684674323154));
#2285 = CARTESIAN_POINT('',(4.967784714611,-2.365E-14,-9.84375));
#2286 = CARTESIAN_POINT('',(4.888490530692,1.638169298E-07,
    -8.047972622111));
#2287 = CARTESIAN_POINT('',(4.888487842682,-2.792296490143,
    -8.207047023851));
#2288 = CARTESIAN_POINT('',(3.134038983336,-5.584522359811,
    -8.366213824143));
#2289 = CARTESIAN_POINT('',(-0.376114531983,-7.152672178547,
    -8.525084317942));
#2290 = CARTESIAN_POINT('',(-4.669341889484,-6.267184265438,
    -8.684624640909));
#2291 = CARTESIAN_POINT('',(-7.865611277571,-2.585016131748,
    -8.843037807574));
#2292 = CARTESIAN_POINT('',(-7.86547104196,2.585007225676,
    -9.002903957957));
#2293 = CARTESIAN_POINT('',(-4.669445523952,6.26720134813,-9.1613171237)
  );
#2294 = CARTESIAN_POINT('',(-0.376059335005,7.152660213258,
    -9.320857447765));
#2295 = CARTESIAN_POINT('',(3.134017986721,5.584525960266,
    -9.479727940904));
#2296 = CARTESIAN_POINT('',(4.888492725997,2.792296653959,
    -9.638894741412));
#2297 = CARTESIAN_POINT('',(4.888489944467,-2.953E-14,-9.797969143112));
#2298 = CARTESIAN_POINT('',(4.832611016998,1.7273445541E-07,
    -7.970487228033));
#2299 = CARTESIAN_POINT('',(4.832609580128,-2.760378119811,
    -8.129560731172));
#2300 = CARTESIAN_POINT('',(3.098209931572,-5.520686820937,
    -8.288731662735));
#2301 = CARTESIAN_POINT('',(-0.371803159095,-7.070913880203,
    -8.447590157808));
#2302 = CARTESIAN_POINT('',(-4.615990351771,-6.195535270831,
    -8.60715494544));
#2303 = CARTESIAN_POINT('',(-7.77567017777,-2.555487152672,
    -8.765531218114));
#2304 = CARTESIAN_POINT('',(-7.775592806762,2.555482103807,
    -8.925439569759));
#2305 = CARTESIAN_POINT('',(-4.616047666812,6.195544622421,
    -9.083815841872));
#2306 = CARTESIAN_POINT('',(-0.371772809031,7.07090726864,
    -9.243380630183));
#2307 = CARTESIAN_POINT('',(3.098198246755,5.520688861271,-9.40223912483
    ));
#2308 = CARTESIAN_POINT('',(4.832612228861,2.760378292545,
    -9.561410056549));
#2309 = CARTESIAN_POINT('',(4.832610693383,-2.931E-14,-9.72048355965));
#2310 = CARTESIAN_POINT('',(4.812413608524,1.7595759672E-07,
    -7.875003736834));
#2311 = CARTESIAN_POINT('',(4.81241370897,-2.748841428257,
    -8.034076915177));
#2312 = CARTESIAN_POINT('',(3.085255690193,-5.497614553998,
    -8.19324933999));
#2313 = CARTESIAN_POINT('',(-0.370234027772,-7.04136053288,
    -8.352103498096));
#2314 = CARTESIAN_POINT('',(-4.596726951657,-6.169641560853,
    -8.511677128509));
#2315 = CARTESIAN_POINT('',(-7.743134170188,-2.544812405628,
    -8.670040065927));
#2316 = CARTESIAN_POINT('',(-7.74313426162,2.544812122398,
    -8.829963670948));
#2317 = CARTESIAN_POINT('',(-4.59672717842,6.169641393011,
    -8.988326608254));
#2318 = CARTESIAN_POINT('',(-0.370234284604,7.041360519181,
    -9.147900238826));
#2319 = CARTESIAN_POINT('',(3.085255488953,5.497614666855,
    -9.306754396798));
#2320 = CARTESIAN_POINT('',(4.812413608517,2.748841604213,
    -9.465926821689));
#2321 = CARTESIAN_POINT('',(4.812413608518,-2.809E-14,-9.625));
#2322 = CARTESIAN_POINT('',(4.832610369781,1.7273438047E-07,
    -7.779520108733));
#2323 = CARTESIAN_POINT('',(4.832612003864,-2.760377934966,
    -7.938593611862));
#2324 = CARTESIAN_POINT('',(3.098198236845,-5.52068838079,
    -8.097764543528));
#2325 = CARTESIAN_POINT('',(-0.37177253201,-7.070906808631,
    -8.256623038237));
#2326 = CARTESIAN_POINT('',(-4.616047135098,-6.195544372217,
    -8.416187826532));
#2327 = CARTESIAN_POINT('',(-7.775592196316,-2.555482210871,
    -8.574564098543));
#2328 = CARTESIAN_POINT('',(-7.77566974685,2.555486703654,
    -8.734472450432));
#2329 = CARTESIAN_POINT('',(-4.615990265266,6.195534691093,
    -8.892848722781));
#2330 = CARTESIAN_POINT('',(-0.371803386335,7.070913393298,
    -9.052413510712));
#2331 = CARTESIAN_POINT('',(3.098209526557,5.520686562036,
    -9.211272005583));
#2332 = CARTESIAN_POINT('',(4.832609157904,2.760378107699,
    -9.370442937248));
#2333 = CARTESIAN_POINT('',(4.832610693383,-2.398E-14,-9.52951644035));
#2334 = CARTESIAN_POINT('',(4.888489358254,1.6381679502E-07,
    -7.702034335888));
#2335 = CARTESIAN_POINT('',(4.888492233296,-2.792296155294,
    -7.86110873761));
#2336 = CARTESIAN_POINT('',(3.134017798257,-5.584525185498,
    -8.020275538087));
#2337 = CARTESIAN_POINT('',(-0.376059050804,-7.152659368341,
    -8.179146031227));
#2338 = CARTESIAN_POINT('',(-4.669444752883,-6.267200752669,
    -8.338686355397));
#2339 = CARTESIAN_POINT('',(-7.865470013614,-2.585007179637,
    -8.497099520861));
#2340 = CARTESIAN_POINT('',(-7.865610419474,2.585015558333,
    -8.656965671686));
#2341 = CARTESIAN_POINT('',(-4.669341540648,6.267183357456,
    -8.815378837856));
#2342 = CARTESIAN_POINT('',(-0.376114726005,7.152671308122,
    -8.974919161233));
#2343 = CARTESIAN_POINT('',(3.134038420161,5.584521795183,
    -9.133789654778));
#2344 = CARTESIAN_POINT('',(4.888487162936,2.792296319109,
    -9.292956455187));
#2345 = CARTESIAN_POINT('',(4.888489944467,-2.631E-14,-9.452030856888));
#2346 = CARTESIAN_POINT('',(4.967783973239,1.5116242924E-07,
    -7.656253210259));
#2347 = CARTESIAN_POINT('',(4.967787577261,-2.837589378919,
    -7.815328887121));
#2348 = CARTESIAN_POINT('',(3.184851040263,-5.675111500929,
    -7.974489825251));
#2349 = CARTESIAN_POINT('',(-0.382152075218,-7.268671718114,
    -8.133377344741));
#2350 = CARTESIAN_POINT('',(-4.745198909621,-6.368880807427,
    -8.292882953168));
#2351 = CARTESIAN_POINT('',(-7.993036240244,-2.626905887374,
    -8.451348472059));
#2352 = CARTESIAN_POINT('',(-7.993213779124,2.626916573873,
    -8.611154737898));
#2353 = CARTESIAN_POINT('',(-4.745068307352,6.368858861543,
    -8.769620257715));
#2354 = CARTESIAN_POINT('',(-0.382222404576,7.268686822432,
    -8.929125865091));
#2355 = CARTESIAN_POINT('',(3.184877184362,5.675107177353,
    -9.088013385135));
#2356 = CARTESIAN_POINT('',(4.967781196874,2.83758953008,-9.247174323154
    ));
#2357 = CARTESIAN_POINT('',(4.967784714611,-2.986E-14,-9.40625));
#2358 = ADVANCED_FACE('',(#2359),#2426,.T.);
#2359 = FACE_BOUND('',#2360,.F.);
#2360 = EDGE_LOOP('',(#2361,#2362,#2363,#2364,#2365,#2410,#2418,#2425));
#2361 = ORIENTED_EDGE('',*,*,#1919,.T.);
#2362 = ORIENTED_EDGE('',*,*,#2037,.T.);
#2363 = ORIENTED_EDGE('',*,*,#2071,.T.);
#2364 = ORIENTED_EDGE('',*,*,#2143,.T.);
#2365 = ORIENTED_EDGE('',*,*,#2366,.F.);
#2366 = EDGE_CURVE('',#1913,#2125,#2367,.T.);
#2367 = B_SPLINE_CURVE_WITH_KNOTS('',6,(#2368,#2369,#2370,#2371,#2372,
    #2373,#2374,#2375,#2376,#2377,#2378,#2379,#2380,#2381,#2382,#2383,
    #2384,#2385,#2386,#2387,#2388,#2389,#2390,#2391,#2392,#2393,#2394,
    #2395,#2396,#2397,#2398,#2399,#2400,#2401,#2402,#2403,#2404,#2405,
    #2406,#2407,#2408,#2409),.UNSPECIFIED.,.F.,.F.,(7,5,5,5,5,5,5,5,7),(
    0.,0.145279196961,0.281957034507,0.413458989254,0.539903565417,
    0.661444961329,0.778230385596,0.890357571451,1.),.UNSPECIFIED.);
#2368 = CARTESIAN_POINT('',(5.66735391242,-4.44E-15,-8.49764608758));
#2369 = CARTESIAN_POINT('',(5.651390596437,-0.512350408557,
    -8.513609403409));
#2370 = CARTESIAN_POINT('',(5.579791188085,-1.022966887304,
    -8.52962648893));
#2371 = CARTESIAN_POINT('',(5.452562080941,-1.524047163594,
    -8.545693864682));
#2372 = CARTESIAN_POINT('',(5.271235302244,-2.008106178619,
    -8.561811612922));
#2373 = CARTESIAN_POINT('',(5.038466558807,-2.467896186027,
    -8.577984257599));
#2374 = CARTESIAN_POINT('',(4.495122140633,-3.29994612543,
    -8.609466647357));
#2375 = CARTESIAN_POINT('',(4.18987488252,-3.675921246932,
    -8.624776185368));
#2376 = CARTESIAN_POINT('',(3.846251552571,-4.018836679955,
    -8.640129259054));
#2377 = CARTESIAN_POINT('',(3.468668844754,-4.323840744602,
    -8.655529987564));
#2378 = CARTESIAN_POINT('',(3.062252378039,-4.586733950297,
    -8.670982706663));
#2379 = CARTESIAN_POINT('',(2.220124536752,-5.013594232841,
    -8.701395498291));
#2380 = CARTESIAN_POINT('',(1.7859752476,-5.180996748069,-8.716356694482
    ));
#2381 = CARTESIAN_POINT('',(1.335993775914,-5.303561227321,
    -8.731361708656));
#2382 = CARTESIAN_POINT('',(0.875907349156,-5.379427642863,
    -8.746413086897));
#2383 = CARTESIAN_POINT('',(0.411709074212,-5.40756571485,-8.76151388104
    ));
#2384 = CARTESIAN_POINT('',(-0.494556562564,-5.36939367087,
    -8.791222951635));
#2385 = CARTESIAN_POINT('',(-0.93691579976,-5.30666909423,
    -8.805831943312));
#2386 = CARTESIAN_POINT('',(-1.371783377028,-5.200002711186,
    -8.820482522934));
#2387 = CARTESIAN_POINT('',(-1.793745863474,-5.050447241565,
    -8.8351773403));
#2388 = CARTESIAN_POINT('',(-2.197541815934,-4.859826380744,
    -8.849919807957));
#2389 = CARTESIAN_POINT('',(-2.944045961152,-4.411040744078,
    -8.87891960242));
#2390 = CARTESIAN_POINT('',(-3.288610909126,-4.15572476721,
    -8.893177213505));
#2391 = CARTESIAN_POINT('',(-3.607406238209,-3.867555930282,
    -8.907475961542));
#2392 = CARTESIAN_POINT('',(-3.896529758302,-3.549730422577,
    -8.921818365957));
#2393 = CARTESIAN_POINT('',(-4.152528388166,-3.205991296782,
    -8.936207154969));
#2394 = CARTESIAN_POINT('',(-4.584037862411,-2.489859456755,
    -8.964505832981));
#2395 = CARTESIAN_POINT('',(-4.762356048846,-2.11903189736,
    -8.978415642161));
#2396 = CARTESIAN_POINT('',(-4.905017350813,-1.732224099015,
    -8.992365095654));
#2397 = CARTESIAN_POINT('',(-5.01021864694,-1.333675106911,
    -9.006356012387));
#2398 = CARTESIAN_POINT('',(-5.076741448673,-0.927872739675,
    -9.020390656792));
#2399 = CARTESIAN_POINT('',(-5.130475852136,-0.127597178325,
    -9.047980055329));
#2400 = CARTESIAN_POINT('',(-5.120750799274,0.266765298356,
    -9.061534447494));
#2401 = CARTESIAN_POINT('',(-5.074571749395,0.659267154075,
    -9.075126542631));
#2402 = CARTESIAN_POINT('',(-4.99222407904,1.045722473759,
    -9.088758254736));
#2403 = CARTESIAN_POINT('',(-4.874560236669,1.42198303663,
    -9.102431999765));
#2404 = CARTESIAN_POINT('',(-4.575131704218,2.13796956173,
    -9.129555088589));
#2405 = CARTESIAN_POINT('',(-4.394815771151,2.478391162579,
    -9.143005337027));
#2406 = CARTESIAN_POINT('',(-4.183684999341,2.801439235655,
    -9.156493910105));
#2407 = CARTESIAN_POINT('',(-3.943778466609,3.103630505199,
    -9.170022821349));
#2408 = CARTESIAN_POINT('',(-3.677605668791,3.381755378967,
    -9.183594285273));
#2409 = CARTESIAN_POINT('',(-3.388267991596,3.632990303585,
    -9.197205868917));
#2410 = ORIENTED_EDGE('',*,*,#2411,.T.);
#2411 = EDGE_CURVE('',#1913,#2412,#2414,.T.);
#2412 = VERTEX_POINT('',#2413);
#2413 = CARTESIAN_POINT('',(4.165,0.,-10.));
#2414 = LINE('',#2415,#2416);
#2415 = CARTESIAN_POINT('',(5.915,0.,-8.25));
#2416 = VECTOR('',#2417,1.);
#2417 = DIRECTION('',(-0.707106781187,0.,-0.707106781187));
#2418 = ORIENTED_EDGE('',*,*,#2419,.F.);
#2419 = EDGE_CURVE('',#2412,#2412,#2420,.T.);
#2420 = CIRCLE('',#2421,4.165);
#2421 = AXIS2_PLACEMENT_3D('',#2422,#2423,#2424);
#2422 = CARTESIAN_POINT('',(0.,0.,-10.));
#2423 = DIRECTION('',(0.,0.,1.));
#2424 = DIRECTION('',(1.,0.,0.));
#2425 = ORIENTED_EDGE('',*,*,#2411,.F.);
#2426 = CONICAL_SURFACE('',#2427,5.915,0.785398163397);
#2427 = AXIS2_PLACEMENT_3D('',#2428,#2429,#2430);
#2428 = CARTESIAN_POINT('',(0.,0.,-8.25));
#2429 = DIRECTION('',(0.,0.,1.));
#2430 = DIRECTION('',(1.,0.,0.));
#2431 = ADVANCED_FACE('',(#2432),#2437,.T.);
#2432 = FACE_BOUND('',#2433,.T.);
#2433 = EDGE_LOOP('',(#2434,#2435,#2436));
#2434 = ORIENTED_EDGE('',*,*,#2366,.F.);
#2435 = ORIENTED_EDGE('',*,*,#1912,.T.);
#2436 = ORIENTED_EDGE('',*,*,#2124,.T.);
#2437 = B_SPLINE_SURFACE_WITH_KNOTS('',1,11,(
    (#2438,#2439,#2440,#2441,#2442,#2443,#2444,#2445,#2446,#2447,#2448
      ,#2449)
    ,(#2450,#2451,#2452,#2453,#2454,#2455,#2456,#2457,#2458,#2459,#2460
      ,#2461
    )),.UNSPECIFIED.,.F.,.F.,.F.,(2,2),(12,12),(0.,1.225),(0.,
    6.522339887215),.PIECEWISE_BEZIER_KNOTS.);
#2438 = CARTESIAN_POINT('',(6.028668651479,-1.813916842E-08,
    -8.706249614764));
#2439 = CARTESIAN_POINT('',(6.028655273749,-3.443566964908,
    -8.865342351768));
#2440 = CARTESIAN_POINT('',(3.865048481383,-6.88704811129,
    -9.024424856932));
#2441 = CARTESIAN_POINT('',(-0.463937001273,-8.820857226841,
    -9.183540174338));
#2442 = CARTESIAN_POINT('',(-5.758215985808,-7.729174396935,
    -9.342581316658));
#2443 = CARTESIAN_POINT('',(-9.700417860716,-3.187509812404,
    -9.501747275426));
#2444 = CARTESIAN_POINT('',(-9.699743502015,3.187468308281,
    -9.660752340639));
#2445 = CARTESIAN_POINT('',(-5.75871299134,7.729257260704,
    -9.819918295457));
#2446 = CARTESIAN_POINT('',(-0.463670561662,8.820799787096,
    -9.978959442366));
#2447 = CARTESIAN_POINT('',(3.864948497598,6.88706489768,-10.13807475718
    ));
#2448 = CARTESIAN_POINT('',(6.028679201644,3.443566946769,
    -10.29715726304));
#2449 = CARTESIAN_POINT('',(6.028665834247,-2.845E-14,-10.45625));
#2450 = CARTESIAN_POINT('',(4.967785455993,1.5116259513E-07,
    -8.093753210256));
#2451 = CARTESIAN_POINT('',(4.967782024555,-2.837589802395,
    -8.252828887142));
#2452 = CARTESIAN_POINT('',(3.184877832535,-5.67510792735,-8.41198982504
    ));
#2453 = CARTESIAN_POINT('',(-0.382222240958,-7.268687918877,
    -8.570877345356));
#2454 = CARTESIAN_POINT('',(-4.745068820707,-6.368859956418,
    -8.730382952275));
#2455 = CARTESIAN_POINT('',(-7.993214893439,-2.626917208896,
    -8.888848472667));
#2456 = CARTESIAN_POINT('',(-7.99303751167,2.62690603576,-9.048654737966
    ));
#2457 = CARTESIAN_POINT('',(-4.745199812585,6.368881613921,
    -9.207120257226));
#2458 = CARTESIAN_POINT('',(-0.382152352884,7.268672791021,
    -9.366625865485));
#2459 = CARTESIAN_POINT('',(3.184851342671,5.675112444834,
    -9.525513385008));
#2460 = CARTESIAN_POINT('',(4.967788232347,2.837589953557,
    -9.684674323154));
#2461 = CARTESIAN_POINT('',(4.967784714611,-2.685E-14,-9.84375));
#2462 = ADVANCED_FACE('',(#2463),#2466,.F.);
#2463 = FACE_BOUND('',#2464,.F.);
#2464 = EDGE_LOOP('',(#2465));
#2465 = ORIENTED_EDGE('',*,*,#2419,.T.);
#2466 = PLANE('',#2467);
#2467 = AXIS2_PLACEMENT_3D('',#2468,#2469,#2470);
#2468 = CARTESIAN_POINT('',(0.,0.,-10.));
#2469 = DIRECTION('',(0.,0.,1.));
#2470 = DIRECTION('',(1.,0.,0.));
#2471 = ( GEOMETRIC_REPRESENTATION_CONTEXT(3) 
GLOBAL_UNCERTAINTY_ASSIGNED_CONTEXT((#2475)) 
GLOBAL_UNIT_ASSIGNED_CONTEXT((#2472,#2473,#2474)) REPRESENTATION_CONTEXT
('Context #1','3D Context with UNIT and UNCERTAINTY') );
#2472 = ( LENGTH_UNIT() NAMED_UNIT(*) SI_UNIT(.MILLI.,.METRE.) );
#2473 = ( NAMED_UNIT(*) PLANE_ANGLE_UNIT() SI_UNIT($,.RADIAN.) );
#2474 = ( NAMED_UNIT(*) SI_UNIT($,.STERADIAN.) SOLID_ANGLE_UNIT() );
#2475 = UNCERTAINTY_MEASURE_WITH_UNIT(LENGTH_MEASURE(1.E-05),#2472,
  'distance_accuracy_value','confusion accuracy');
#2476 = PRODUCT_RELATED_PRODUCT_CATEGORY('part',$,(#7));
ENDSEC;
END-ISO-10303-21;
