ISO-10303-21;
HEADER;
FILE_DESCRIPTION(('FreeCAD Model'),'2;1');
FILE_NAME('Open CASCADE Shape Model','2026-08-28T13:04:04',('FreeCAD'),(
    'FreeCAD'),'Open CASCADE STEP processor 7.8','FreeCAD','Unknown');
FILE_SCHEMA(('AUTOMOTIVE_DESIGN { 1 0 10303 214 1 1 1 1 }'));
ENDSEC;
DATA;
#1 = APPLICATION_PROTOCOL_DEFINITION('international standard',
  'automotive_design',2000,#2);
#2 = APPLICATION_CONTEXT(
  'core data for automotive mechanical design processes');
#3 = SHAPE_DEFINITION_REPRESENTATION(#4,#10);
#4 = PRODUCT_DEFINITION_SHAPE('','',#5);
#5 = PRODUCT_DEFINITION('design','',#6,#9);
#6 = PRODUCT_DEFINITION_FORMATION('','',#7);
#7 = PRODUCT('Open CASCADE STEP translator 7.8 46',
  'Open CASCADE STEP translator 7.8 46','',(#8));
#8 = PRODUCT_CONTEXT('',#2,'mechanical');
#9 = PRODUCT_DEFINITION_CONTEXT('part definition',#2,'design');
#10 = ADVANCED_BREP_SHAPE_REPRESENTATION('',(#11,#15),#4244);
#11 = AXIS2_PLACEMENT_3D('',#12,#13,#14);
#12 = CARTESIAN_POINT('',(0.,0.,0.));
#13 = DIRECTION('',(0.,0.,1.));
#14 = DIRECTION('',(1.,0.,-0.));
#15 = MANIFOLD_SOLID_BREP('',#16);
#16 = CLOSED_SHELL('',(#17,#59,#92,#125,#1073,#2021,#2040,#2057,#2082,
    #2099,#2118,#2139,#2158,#2177,#2196,#2217,#2236,#2255,#2274,#2295,
    #2314,#2333,#2352,#2373,#2392,#2411,#2430,#2451,#2470,#2489,#2508,
    #2529,#2548,#2567,#2586,#2607,#2626,#2645,#2664,#2685,#2704,#2723,
    #2742,#2763,#2782,#2801,#2820,#2841,#2860,#2879,#2898,#2919,#2938,
    #2957,#2976,#2997,#3016,#3035,#3054,#3075,#3094,#3113,#3132,#3153,
    #3172,#3191,#3210,#3231,#3250,#3269,#3288,#3309,#3328,#3347,#3366,
    #3387,#3406,#3425,#3444,#3465,#3484,#3503,#3522,#3543,#3562,#3581,
    #3600,#3621,#3640,#3659,#3678,#3699,#3718,#3737,#3756,#3777,#3796,
    #3815,#3834,#3855,#3874,#3893,#3912,#3933,#3952,#3971,#3990,#4011,
    #4030,#4049,#4068,#4089,#4108,#4127,#4146,#4162,#4187,#4207,#4227));
#17 = ADVANCED_FACE('',(#18),#54,.T.);
#18 = FACE_BOUND('',#19,.F.);
#19 = EDGE_LOOP('',(#20,#30,#39,#47));
#20 = ORIENTED_EDGE('',*,*,#21,.T.);
#21 = EDGE_CURVE('',#22,#24,#26,.T.);
#22 = VERTEX_POINT('',#23);
#23 = CARTESIAN_POINT('',(1.15,12.928015219719,15.));
#24 = VERTEX_POINT('',#25);
#25 = CARTESIAN_POINT('',(1.15,12.928015219719,22.));
#26 = LINE('',#27,#28);
#27 = CARTESIAN_POINT('',(1.15,12.928015219719,15.));
#28 = VECTOR('',#29,1.);
#29 = DIRECTION('',(0.,0.,1.));
#30 = ORIENTED_EDGE('',*,*,#31,.T.);
#31 = EDGE_CURVE('',#24,#32,#34,.T.);
#32 = VERTEX_POINT('',#33);
#33 = CARTESIAN_POINT('',(0.89,12.668015219719,22.));
#34 = CIRCLE('',#35,0.26);
#35 = AXIS2_PLACEMENT_3D('',#36,#37,#38);
#36 = CARTESIAN_POINT('',(1.15,12.668015219719,22.));
#37 = DIRECTION('',(0.,0.,1.));
#38 = DIRECTION('',(-3.42E-15,1.,0.));
#39 = ORIENTED_EDGE('',*,*,#40,.F.);
#40 = EDGE_CURVE('',#41,#32,#43,.T.);
#41 = VERTEX_POINT('',#42);
#42 = CARTESIAN_POINT('',(0.89,12.668015219719,15.));
#43 = LINE('',#44,#45);
#44 = CARTESIAN_POINT('',(0.89,12.668015219719,15.));
#45 = VECTOR('',#46,1.);
#46 = DIRECTION('',(0.,0.,1.));
#47 = ORIENTED_EDGE('',*,*,#48,.F.);
#48 = EDGE_CURVE('',#22,#41,#49,.T.);
#49 = CIRCLE('',#50,0.26);
#50 = AXIS2_PLACEMENT_3D('',#51,#52,#53);
#51 = CARTESIAN_POINT('',(1.15,12.668015219719,15.));
#52 = DIRECTION('',(0.,0.,1.));
#53 = DIRECTION('',(-3.42E-15,1.,0.));
#54 = CYLINDRICAL_SURFACE('',#55,0.26);
#55 = AXIS2_PLACEMENT_3D('',#56,#57,#58);
#56 = CARTESIAN_POINT('',(1.15,12.668015219719,15.));
#57 = DIRECTION('',(-0.,-0.,-1.));
#58 = DIRECTION('',(-3.42E-15,1.,0.));
#59 = ADVANCED_FACE('',(#60),#85,.F.);
#60 = FACE_BOUND('',#61,.F.);
#61 = EDGE_LOOP('',(#62,#72,#78,#79));
#62 = ORIENTED_EDGE('',*,*,#63,.T.);
#63 = EDGE_CURVE('',#64,#66,#68,.T.);
#64 = VERTEX_POINT('',#65);
#65 = CARTESIAN_POINT('',(1.755586921884,12.859781960865,15.));
#66 = VERTEX_POINT('',#67);
#67 = CARTESIAN_POINT('',(1.755586921884,12.859781960865,22.));
#68 = LINE('',#69,#70);
#69 = CARTESIAN_POINT('',(1.755586921884,12.859781960865,15.));
#70 = VECTOR('',#71,1.);
#71 = DIRECTION('',(0.,0.,1.));
#72 = ORIENTED_EDGE('',*,*,#73,.T.);
#73 = EDGE_CURVE('',#66,#24,#74,.T.);
#74 = ( BOUNDED_CURVE() B_SPLINE_CURVE(2,(#75,#76,#77),.UNSPECIFIED.,.F.
,.F.) B_SPLINE_CURVE_WITH_KNOTS((3,3),(0.,4.695830611611E-02),
.PIECEWISE_BEZIER_KNOTS.) CURVE() GEOMETRIC_REPRESENTATION_ITEM() 
RATIONAL_B_SPLINE_CURVE((1.,0.999724377348,1.)) REPRESENTATION_ITEM('') 
  );
#75 = CARTESIAN_POINT('',(1.755586921884,12.859781960865,22.));
#76 = CARTESIAN_POINT('',(1.453594637733,12.901009230984,22.));
#77 = CARTESIAN_POINT('',(1.15,12.928015219719,22.));
#78 = ORIENTED_EDGE('',*,*,#21,.F.);
#79 = ORIENTED_EDGE('',*,*,#80,.F.);
#80 = EDGE_CURVE('',#64,#22,#81,.T.);
#81 = ( BOUNDED_CURVE() B_SPLINE_CURVE(2,(#82,#83,#84),.UNSPECIFIED.,.F.
,.F.) B_SPLINE_CURVE_WITH_KNOTS((3,3),(0.,4.695830611611E-02),
.PIECEWISE_BEZIER_KNOTS.) CURVE() GEOMETRIC_REPRESENTATION_ITEM() 
RATIONAL_B_SPLINE_CURVE((1.,0.999724377348,1.)) REPRESENTATION_ITEM('') 
  );
#82 = CARTESIAN_POINT('',(1.755586921884,12.859781960865,15.));
#83 = CARTESIAN_POINT('',(1.453594637733,12.901009230984,15.));
#84 = CARTESIAN_POINT('',(1.15,12.928015219719,15.));
#85 = SURFACE_OF_LINEAR_EXTRUSION('',#86,#90);
#86 = ( BOUNDED_CURVE() B_SPLINE_CURVE(2,(#87,#88,#89),.UNSPECIFIED.,.F.
,.F.) B_SPLINE_CURVE_WITH_KNOTS((3,3),(0.,4.695830611611E-02),
.PIECEWISE_BEZIER_KNOTS.) CURVE() GEOMETRIC_REPRESENTATION_ITEM() 
RATIONAL_B_SPLINE_CURVE((1.,0.999724377348,1.)) REPRESENTATION_ITEM('') 
  );
#87 = CARTESIAN_POINT('',(1.755586921884,12.859781960865,15.));
#88 = CARTESIAN_POINT('',(1.453594637733,12.901009230984,15.));
#89 = CARTESIAN_POINT('',(1.15,12.928015219719,15.));
#90 = VECTOR('',#91,1.);
#91 = DIRECTION('',(-0.,-0.,-1.));
#92 = ADVANCED_FACE('',(#93),#120,.F.);
#93 = FACE_BOUND('',#94,.F.);
#94 = EDGE_LOOP('',(#95,#96,#105,#113));
#95 = ORIENTED_EDGE('',*,*,#40,.T.);
#96 = ORIENTED_EDGE('',*,*,#97,.T.);
#97 = EDGE_CURVE('',#32,#98,#100,.T.);
#98 = VERTEX_POINT('',#99);
#99 = CARTESIAN_POINT('',(-0.89,12.668015219719,22.));
#100 = CIRCLE('',#101,0.89);
#101 = AXIS2_PLACEMENT_3D('',#102,#103,#104);
#102 = CARTESIAN_POINT('',(0.,12.668015219719,22.));
#103 = DIRECTION('',(0.,0.,-1.));
#104 = DIRECTION('',(1.,0.,0.));
#105 = ORIENTED_EDGE('',*,*,#106,.F.);
#106 = EDGE_CURVE('',#107,#98,#109,.T.);
#107 = VERTEX_POINT('',#108);
#108 = CARTESIAN_POINT('',(-0.89,12.668015219719,15.));
#109 = LINE('',#110,#111);
#110 = CARTESIAN_POINT('',(-0.89,12.668015219719,15.));
#111 = VECTOR('',#112,1.);
#112 = DIRECTION('',(0.,0.,1.));
#113 = ORIENTED_EDGE('',*,*,#114,.F.);
#114 = EDGE_CURVE('',#41,#107,#115,.T.);
#115 = CIRCLE('',#116,0.89);
#116 = AXIS2_PLACEMENT_3D('',#117,#118,#119);
#117 = CARTESIAN_POINT('',(0.,12.668015219719,15.));
#118 = DIRECTION('',(0.,0.,-1.));
#119 = DIRECTION('',(1.,0.,0.));
#120 = CYLINDRICAL_SURFACE('',#121,0.89);
#121 = AXIS2_PLACEMENT_3D('',#122,#123,#124);
#122 = CARTESIAN_POINT('',(0.,12.668015219719,15.));
#123 = DIRECTION('',(0.,0.,-1.));
#124 = DIRECTION('',(1.,0.,0.));
#125 = ADVANCED_FACE('',(#126,#137),#1068,.T.);
#126 = FACE_BOUND('',#127,.T.);
#127 = EDGE_LOOP('',(#128));
#128 = ORIENTED_EDGE('',*,*,#129,.F.);
#129 = EDGE_CURVE('',#130,#130,#132,.T.);
#130 = VERTEX_POINT('',#131);
#131 = CARTESIAN_POINT('',(15.,0.,15.));
#132 = CIRCLE('',#133,15.);
#133 = AXIS2_PLACEMENT_3D('',#134,#135,#136);
#134 = CARTESIAN_POINT('',(0.,0.,15.));
#135 = DIRECTION('',(0.,0.,-1.));
#136 = DIRECTION('',(1.,0.,0.));
#137 = FACE_BOUND('',#138,.T.);
#138 = EDGE_LOOP('',(#139,#140,#141,#149,#159,#167,#175,#183,#193,#201,
    #209,#217,#227,#235,#243,#251,#261,#269,#277,#285,#295,#303,#311,
    #319,#329,#337,#345,#353,#363,#371,#379,#387,#397,#405,#413,#421,
    #431,#439,#447,#455,#465,#473,#481,#489,#499,#507,#515,#523,#533,
    #541,#549,#557,#567,#575,#583,#591,#601,#609,#617,#625,#635,#643,
    #651,#659,#669,#677,#685,#693,#703,#711,#719,#727,#737,#745,#753,
    #761,#771,#779,#787,#795,#805,#813,#821,#829,#839,#847,#855,#863,
    #873,#881,#889,#897,#907,#915,#923,#931,#941,#949,#957,#965,#975,
    #983,#991,#999,#1009,#1017,#1025,#1033,#1043,#1051,#1060,#1067));
#139 = ORIENTED_EDGE('',*,*,#48,.F.);
#140 = ORIENTED_EDGE('',*,*,#80,.F.);
#141 = ORIENTED_EDGE('',*,*,#142,.F.);
#142 = EDGE_CURVE('',#143,#64,#145,.T.);
#143 = VERTEX_POINT('',#144);
#144 = CARTESIAN_POINT('',(1.951212736223,12.54844526087,15.));
#145 = ( BOUNDED_CURVE() B_SPLINE_CURVE(2,(#146,#147,#148),
.UNSPECIFIED.,.F.,.F.) B_SPLINE_CURVE_WITH_KNOTS((3,3),(0.,
1.570796326795),.PIECEWISE_BEZIER_KNOTS.) CURVE() 
GEOMETRIC_REPRESENTATION_ITEM() RATIONAL_B_SPLINE_CURVE((1.,
0.707106781187,1.)) REPRESENTATION_ITEM('') );
#146 = CARTESIAN_POINT('',(1.951212736223,12.54844526087,15.));
#147 = CARTESIAN_POINT('',(2.009068179052,12.801926518037,15.));
#148 = CARTESIAN_POINT('',(1.755586921884,12.859781960865,15.));
#149 = ORIENTED_EDGE('',*,*,#150,.F.);
#150 = EDGE_CURVE('',#151,#143,#153,.T.);
#151 = VERTEX_POINT('',#152);
#152 = CARTESIAN_POINT('',(3.686584419907,12.152357998427,15.));
#153 = ( BOUNDED_CURVE() B_SPLINE_CURVE(2,(#154,#155,#156,#157,#158),
.UNSPECIFIED.,.F.,.F.) B_SPLINE_CURVE_WITH_KNOTS((3,2,3),(0.,
1.570796326795,3.14159265359),.PIECEWISE_BEZIER_KNOTS.) CURVE() 
GEOMETRIC_REPRESENTATION_ITEM() RATIONAL_B_SPLINE_CURVE((1.,
0.707106781187,1.,0.707106781187,1.)) REPRESENTATION_ITEM('') );
#154 = CARTESIAN_POINT('',(3.686584419907,12.152357998427,15.));
#155 = CARTESIAN_POINT('',(3.488540788685,11.284672156585,15.));
#156 = CARTESIAN_POINT('',(2.620854946844,11.482715787807,15.));
#157 = CARTESIAN_POINT('',(1.753169105002,11.680759419028,15.));
#158 = CARTESIAN_POINT('',(1.951212736223,12.54844526087,15.));
#159 = ORIENTED_EDGE('',*,*,#160,.F.);
#160 = EDGE_CURVE('',#161,#151,#163,.T.);
#161 = VERTEX_POINT('',#162);
#162 = CARTESIAN_POINT('',(3.997921119902,12.347983812766,15.));
#163 = ( BOUNDED_CURVE() B_SPLINE_CURVE(2,(#164,#165,#166),
.UNSPECIFIED.,.F.,.F.) B_SPLINE_CURVE_WITH_KNOTS((3,3),(0.,
1.570796326795),.PIECEWISE_BEZIER_KNOTS.) CURVE() 
GEOMETRIC_REPRESENTATION_ITEM() RATIONAL_B_SPLINE_CURVE((1.,
0.707106781187,1.)) REPRESENTATION_ITEM('') );
#164 = CARTESIAN_POINT('',(3.997921119902,12.347983812766,15.));
#165 = CARTESIAN_POINT('',(3.744439862735,12.405839255595,15.));
#166 = CARTESIAN_POINT('',(3.686584419907,12.152357998427,15.));
#167 = ORIENTED_EDGE('',*,*,#168,.F.);
#168 = EDGE_CURVE('',#169,#161,#171,.T.);
#169 = VERTEX_POINT('',#170);
#170 = CARTESIAN_POINT('',(4.573141384813,12.146705536721,15.));
#171 = ( BOUNDED_CURVE() B_SPLINE_CURVE(2,(#172,#173,#174),
.UNSPECIFIED.,.F.,.F.) B_SPLINE_CURVE_WITH_KNOTS((3,3),(0.,
4.695830611611E-02),.PIECEWISE_BEZIER_KNOTS.) CURVE() 
GEOMETRIC_REPRESENTATION_ITEM() RATIONAL_B_SPLINE_CURVE((1.,
0.999724377348,1.)) REPRESENTATION_ITEM('') );
#172 = CARTESIAN_POINT('',(4.573141384813,12.146705536721,15.));
#173 = CARTESIAN_POINT('',(4.287894608382,12.254098758219,15.));
#174 = CARTESIAN_POINT('',(3.997921119902,12.347983812766,15.));
#175 = ORIENTED_EDGE('',*,*,#176,.F.);
#176 = EDGE_CURVE('',#177,#169,#179,.T.);
#177 = VERTEX_POINT('',#178);
#178 = CARTESIAN_POINT('',(4.694583518297,11.799643858896,15.));
#179 = ( BOUNDED_CURVE() B_SPLINE_CURVE(2,(#180,#181,#182),
.UNSPECIFIED.,.F.,.F.) B_SPLINE_CURVE_WITH_KNOTS((3,3),(0.,
1.570796326795),.PIECEWISE_BEZIER_KNOTS.) CURVE() 
GEOMETRIC_REPRESENTATION_ITEM() RATIONAL_B_SPLINE_CURVE((1.,
0.707106781187,1.)) REPRESENTATION_ITEM('') );
#180 = CARTESIAN_POINT('',(4.694583518297,11.799643858896,15.));
#181 = CARTESIAN_POINT('',(4.807393290467,12.03389576455,15.));
#182 = CARTESIAN_POINT('',(4.573141384813,12.146705536721,15.));
#183 = ORIENTED_EDGE('',*,*,#184,.F.);
#184 = EDGE_CURVE('',#185,#177,#187,.T.);
#185 = VERTEX_POINT('',#186);
#186 = CARTESIAN_POINT('',(6.298308103163,11.027330803266,15.));
#187 = ( BOUNDED_CURVE() B_SPLINE_CURVE(2,(#188,#189,#190,#191,#192),
.UNSPECIFIED.,.F.,.F.) B_SPLINE_CURVE_WITH_KNOTS((3,2,3),(0.,
1.570796326795,3.14159265359),.PIECEWISE_BEZIER_KNOTS.) CURVE() 
GEOMETRIC_REPRESENTATION_ITEM() RATIONAL_B_SPLINE_CURVE((1.,
0.707106781187,1.,0.707106781187,1.)) REPRESENTATION_ITEM('') );
#188 = CARTESIAN_POINT('',(6.298308103163,11.027330803266,15.));
#189 = CARTESIAN_POINT('',(5.912151575348,10.225468510833,15.));
#190 = CARTESIAN_POINT('',(5.110289282915,10.611625038648,15.));
#191 = CARTESIAN_POINT('',(4.308426990482,10.997781566463,15.));
#192 = CARTESIAN_POINT('',(4.694583518297,11.799643858896,15.));
#193 = ORIENTED_EDGE('',*,*,#194,.F.);
#194 = EDGE_CURVE('',#195,#185,#197,.T.);
#195 = VERTEX_POINT('',#196);
#196 = CARTESIAN_POINT('',(6.645369780988,11.14877293675,15.));
#197 = ( BOUNDED_CURVE() B_SPLINE_CURVE(2,(#198,#199,#200),
.UNSPECIFIED.,.F.,.F.) B_SPLINE_CURVE_WITH_KNOTS((3,3),(0.,
1.570796326795),.PIECEWISE_BEZIER_KNOTS.) CURVE() 
GEOMETRIC_REPRESENTATION_ITEM() RATIONAL_B_SPLINE_CURVE((1.,
0.707106781187,1.)) REPRESENTATION_ITEM('') );
#198 = CARTESIAN_POINT('',(6.645369780988,11.14877293675,15.));
#199 = CARTESIAN_POINT('',(6.411117875334,11.261582708921,15.));
#200 = CARTESIAN_POINT('',(6.298308103163,11.027330803266,15.));
#201 = ORIENTED_EDGE('',*,*,#202,.F.);
#202 = EDGE_CURVE('',#203,#195,#205,.T.);
#203 = VERTEX_POINT('',#204);
#204 = CARTESIAN_POINT('',(7.161379442931,10.82454257674,15.));
#205 = ( BOUNDED_CURVE() B_SPLINE_CURVE(2,(#206,#207,#208),
.UNSPECIFIED.,.F.,.F.) B_SPLINE_CURVE_WITH_KNOTS((3,3),(0.,
4.695830611611E-02),.PIECEWISE_BEZIER_KNOTS.) CURVE() 
GEOMETRIC_REPRESENTATION_ITEM() RATIONAL_B_SPLINE_CURVE((1.,
0.999724377348,1.)) REPRESENTATION_ITEM('') );
#206 = CARTESIAN_POINT('',(7.161379442931,10.82454257674,15.));
#207 = CARTESIAN_POINT('',(6.907181638677,10.992716605057,15.));
#208 = CARTESIAN_POINT('',(6.645369780988,11.14877293675,15.));
#209 = ORIENTED_EDGE('',*,*,#210,.F.);
#210 = EDGE_CURVE('',#211,#203,#213,.T.);
#211 = VERTEX_POINT('',#212);
#212 = CARTESIAN_POINT('',(7.20254827989,10.459159042815,15.));
#213 = ( BOUNDED_CURVE() B_SPLINE_CURVE(2,(#214,#215,#216),
.UNSPECIFIED.,.F.,.F.) B_SPLINE_CURVE_WITH_KNOTS((3,3),(0.,
1.570796326795),.PIECEWISE_BEZIER_KNOTS.) CURVE() 
GEOMETRIC_REPRESENTATION_ITEM() RATIONAL_B_SPLINE_CURVE((1.,
0.707106781187,1.)) REPRESENTATION_ITEM('') );
#214 = CARTESIAN_POINT('',(7.20254827989,10.459159042815,15.));
#215 = CARTESIAN_POINT('',(7.364655628373,10.662435228257,15.));
#216 = CARTESIAN_POINT('',(7.161379442931,10.82454257674,15.));
#217 = ORIENTED_EDGE('',*,*,#218,.F.);
#218 = EDGE_CURVE('',#219,#211,#221,.T.);
#219 = VERTEX_POINT('',#220);
#220 = CARTESIAN_POINT('',(8.594208318683,9.349347195506,15.));
#221 = ( BOUNDED_CURVE() B_SPLINE_CURVE(2,(#222,#223,#224,#225,#226),
.UNSPECIFIED.,.F.,.F.) B_SPLINE_CURVE_WITH_KNOTS((3,2,3),(0.,
1.570796326795,3.14159265359),.PIECEWISE_BEZIER_KNOTS.) CURVE() 
GEOMETRIC_REPRESENTATION_ITEM() RATIONAL_B_SPLINE_CURVE((1.,
0.707106781187,1.,0.707106781187,1.)) REPRESENTATION_ITEM('') );
#222 = CARTESIAN_POINT('',(8.594208318683,9.349347195506,15.));
#223 = CARTESIAN_POINT('',(8.039302395028,8.65351717611,15.));
#224 = CARTESIAN_POINT('',(7.343472375632,9.208423099764,15.));
#225 = CARTESIAN_POINT('',(6.647642356235,9.763329023418,15.));
#226 = CARTESIAN_POINT('',(7.20254827989,10.459159042815,15.));
#227 = ORIENTED_EDGE('',*,*,#228,.F.);
#228 = EDGE_CURVE('',#229,#219,#231,.T.);
#229 = VERTEX_POINT('',#230);
#230 = CARTESIAN_POINT('',(8.959591852608,9.390516032465,15.));
#231 = ( BOUNDED_CURVE() B_SPLINE_CURVE(2,(#232,#233,#234),
.UNSPECIFIED.,.F.,.F.) B_SPLINE_CURVE_WITH_KNOTS((3,3),(0.,
1.570796326795),.PIECEWISE_BEZIER_KNOTS.) CURVE() 
GEOMETRIC_REPRESENTATION_ITEM() RATIONAL_B_SPLINE_CURVE((1.,
0.707106781187,1.)) REPRESENTATION_ITEM('') );
#232 = CARTESIAN_POINT('',(8.959591852608,9.390516032465,15.));
#233 = CARTESIAN_POINT('',(8.756315667166,9.552623380948,15.));
#234 = CARTESIAN_POINT('',(8.594208318683,9.349347195506,15.));
#235 = ORIENTED_EDGE('',*,*,#236,.F.);
#236 = EDGE_CURVE('',#237,#229,#239,.T.);
#237 = VERTEX_POINT('',#238);
#238 = CARTESIAN_POINT('',(9.390516032465,8.959591852608,15.));
#239 = ( BOUNDED_CURVE() B_SPLINE_CURVE(2,(#240,#241,#242),
.UNSPECIFIED.,.F.,.F.) B_SPLINE_CURVE_WITH_KNOTS((3,3),(0.,
4.695830611611E-02),.PIECEWISE_BEZIER_KNOTS.) CURVE() 
GEOMETRIC_REPRESENTATION_ITEM() RATIONAL_B_SPLINE_CURVE((1.,
0.999724377348,1.)) REPRESENTATION_ITEM('') );
#240 = CARTESIAN_POINT('',(9.390516032465,8.959591852608,15.));
#241 = CARTESIAN_POINT('',(9.180113739731,9.180113739731,15.));
#242 = CARTESIAN_POINT('',(8.959591852608,9.390516032465,15.));
#243 = ORIENTED_EDGE('',*,*,#244,.F.);
#244 = EDGE_CURVE('',#245,#237,#247,.T.);
#245 = VERTEX_POINT('',#246);
#246 = CARTESIAN_POINT('',(9.349347195506,8.594208318683,15.));
#247 = ( BOUNDED_CURVE() B_SPLINE_CURVE(2,(#248,#249,#250),
.UNSPECIFIED.,.F.,.F.) B_SPLINE_CURVE_WITH_KNOTS((3,3),(0.,
1.570796326795),.PIECEWISE_BEZIER_KNOTS.) CURVE() 
GEOMETRIC_REPRESENTATION_ITEM() RATIONAL_B_SPLINE_CURVE((1.,
0.707106781187,1.)) REPRESENTATION_ITEM('') );
#248 = CARTESIAN_POINT('',(9.349347195506,8.594208318683,15.));
#249 = CARTESIAN_POINT('',(9.552623380948,8.756315667166,15.));
#250 = CARTESIAN_POINT('',(9.390516032465,8.959591852608,15.));
#251 = ORIENTED_EDGE('',*,*,#252,.F.);
#252 = EDGE_CURVE('',#253,#245,#255,.T.);
#253 = VERTEX_POINT('',#254);
#254 = CARTESIAN_POINT('',(10.459159042815,7.20254827989,15.));
#255 = ( BOUNDED_CURVE() B_SPLINE_CURVE(2,(#256,#257,#258,#259,#260),
.UNSPECIFIED.,.F.,.F.) B_SPLINE_CURVE_WITH_KNOTS((3,2,3),(0.,
1.570796326795,3.14159265359),.PIECEWISE_BEZIER_KNOTS.) CURVE() 
GEOMETRIC_REPRESENTATION_ITEM() RATIONAL_B_SPLINE_CURVE((1.,
0.707106781187,1.,0.707106781187,1.)) REPRESENTATION_ITEM('') );
#256 = CARTESIAN_POINT('',(10.459159042815,7.20254827989,15.));
#257 = CARTESIAN_POINT('',(9.763329023418,6.647642356235,15.));
#258 = CARTESIAN_POINT('',(9.208423099764,7.343472375632,15.));
#259 = CARTESIAN_POINT('',(8.65351717611,8.039302395028,15.));
#260 = CARTESIAN_POINT('',(9.349347195506,8.594208318683,15.));
#261 = ORIENTED_EDGE('',*,*,#262,.F.);
#262 = EDGE_CURVE('',#263,#253,#265,.T.);
#263 = VERTEX_POINT('',#264);
#264 = CARTESIAN_POINT('',(10.82454257674,7.161379442931,15.));
#265 = ( BOUNDED_CURVE() B_SPLINE_CURVE(2,(#266,#267,#268),
.UNSPECIFIED.,.F.,.F.) B_SPLINE_CURVE_WITH_KNOTS((3,3),(0.,
1.570796326795),.PIECEWISE_BEZIER_KNOTS.) CURVE() 
GEOMETRIC_REPRESENTATION_ITEM() RATIONAL_B_SPLINE_CURVE((1.,
0.707106781187,1.)) REPRESENTATION_ITEM('') );
#266 = CARTESIAN_POINT('',(10.82454257674,7.161379442931,15.));
#267 = CARTESIAN_POINT('',(10.662435228257,7.364655628373,15.));
#268 = CARTESIAN_POINT('',(10.459159042815,7.20254827989,15.));
#269 = ORIENTED_EDGE('',*,*,#270,.F.);
#270 = EDGE_CURVE('',#271,#263,#273,.T.);
#271 = VERTEX_POINT('',#272);
#272 = CARTESIAN_POINT('',(11.14877293675,6.645369780988,15.));
#273 = ( BOUNDED_CURVE() B_SPLINE_CURVE(2,(#274,#275,#276),
.UNSPECIFIED.,.F.,.F.) B_SPLINE_CURVE_WITH_KNOTS((3,3),(0.,
4.695830611611E-02),.PIECEWISE_BEZIER_KNOTS.) CURVE() 
GEOMETRIC_REPRESENTATION_ITEM() RATIONAL_B_SPLINE_CURVE((1.,
0.999724377348,1.)) REPRESENTATION_ITEM('') );
#274 = CARTESIAN_POINT('',(11.14877293675,6.645369780988,15.));
#275 = CARTESIAN_POINT('',(10.992716605057,6.907181638677,15.));
#276 = CARTESIAN_POINT('',(10.82454257674,7.161379442931,15.));
#277 = ORIENTED_EDGE('',*,*,#278,.F.);
#278 = EDGE_CURVE('',#279,#271,#281,.T.);
#279 = VERTEX_POINT('',#280);
#280 = CARTESIAN_POINT('',(11.027330803266,6.298308103163,15.));
#281 = ( BOUNDED_CURVE() B_SPLINE_CURVE(2,(#282,#283,#284),
.UNSPECIFIED.,.F.,.F.) B_SPLINE_CURVE_WITH_KNOTS((3,3),(0.,
1.570796326795),.PIECEWISE_BEZIER_KNOTS.) CURVE() 
GEOMETRIC_REPRESENTATION_ITEM() RATIONAL_B_SPLINE_CURVE((1.,
0.707106781187,1.)) REPRESENTATION_ITEM('') );
#282 = CARTESIAN_POINT('',(11.027330803266,6.298308103163,15.));
#283 = CARTESIAN_POINT('',(11.261582708921,6.411117875334,15.));
#284 = CARTESIAN_POINT('',(11.14877293675,6.645369780988,15.));
#285 = ORIENTED_EDGE('',*,*,#286,.F.);
#286 = EDGE_CURVE('',#287,#279,#289,.T.);
#287 = VERTEX_POINT('',#288);
#288 = CARTESIAN_POINT('',(11.799643858896,4.694583518297,15.));
#289 = ( BOUNDED_CURVE() B_SPLINE_CURVE(2,(#290,#291,#292,#293,#294),
.UNSPECIFIED.,.F.,.F.) B_SPLINE_CURVE_WITH_KNOTS((3,2,3),(0.,
1.570796326795,3.14159265359),.PIECEWISE_BEZIER_KNOTS.) CURVE() 
GEOMETRIC_REPRESENTATION_ITEM() RATIONAL_B_SPLINE_CURVE((1.,
0.707106781187,1.,0.707106781187,1.)) REPRESENTATION_ITEM('') );
#290 = CARTESIAN_POINT('',(11.799643858896,4.694583518297,15.));
#291 = CARTESIAN_POINT('',(10.997781566463,4.308426990482,15.));
#292 = CARTESIAN_POINT('',(10.611625038648,5.110289282915,15.));
#293 = CARTESIAN_POINT('',(10.225468510833,5.912151575348,15.));
#294 = CARTESIAN_POINT('',(11.027330803266,6.298308103163,15.));
#295 = ORIENTED_EDGE('',*,*,#296,.F.);
#296 = EDGE_CURVE('',#297,#287,#299,.T.);
#297 = VERTEX_POINT('',#298);
#298 = CARTESIAN_POINT('',(12.146705536721,4.573141384813,15.));
#299 = ( BOUNDED_CURVE() B_SPLINE_CURVE(2,(#300,#301,#302),
.UNSPECIFIED.,.F.,.F.) B_SPLINE_CURVE_WITH_KNOTS((3,3),(0.,
1.570796326795),.PIECEWISE_BEZIER_KNOTS.) CURVE() 
GEOMETRIC_REPRESENTATION_ITEM() RATIONAL_B_SPLINE_CURVE((1.,
0.707106781187,1.)) REPRESENTATION_ITEM('') );
#300 = CARTESIAN_POINT('',(12.146705536721,4.573141384813,15.));
#301 = CARTESIAN_POINT('',(12.03389576455,4.807393290467,15.));
#302 = CARTESIAN_POINT('',(11.799643858896,4.694583518297,15.));
#303 = ORIENTED_EDGE('',*,*,#304,.F.);
#304 = EDGE_CURVE('',#305,#297,#307,.T.);
#305 = VERTEX_POINT('',#306);
#306 = CARTESIAN_POINT('',(12.347983812766,3.997921119902,15.));
#307 = ( BOUNDED_CURVE() B_SPLINE_CURVE(2,(#308,#309,#310),
.UNSPECIFIED.,.F.,.F.) B_SPLINE_CURVE_WITH_KNOTS((3,3),(0.,
4.695830611611E-02),.PIECEWISE_BEZIER_KNOTS.) CURVE() 
GEOMETRIC_REPRESENTATION_ITEM() RATIONAL_B_SPLINE_CURVE((1.,
0.999724377348,1.)) REPRESENTATION_ITEM('') );
#308 = CARTESIAN_POINT('',(12.347983812766,3.997921119902,15.));
#309 = CARTESIAN_POINT('',(12.254098758219,4.287894608382,15.));
#310 = CARTESIAN_POINT('',(12.146705536721,4.573141384813,15.));
#311 = ORIENTED_EDGE('',*,*,#312,.F.);
#312 = EDGE_CURVE('',#313,#305,#315,.T.);
#313 = VERTEX_POINT('',#314);
#314 = CARTESIAN_POINT('',(12.152357998427,3.686584419907,15.));
#315 = ( BOUNDED_CURVE() B_SPLINE_CURVE(2,(#316,#317,#318),
.UNSPECIFIED.,.F.,.F.) B_SPLINE_CURVE_WITH_KNOTS((3,3),(0.,
1.570796326795),.PIECEWISE_BEZIER_KNOTS.) CURVE() 
GEOMETRIC_REPRESENTATION_ITEM() RATIONAL_B_SPLINE_CURVE((1.,
0.707106781187,1.)) REPRESENTATION_ITEM('') );
#316 = CARTESIAN_POINT('',(12.152357998427,3.686584419907,15.));
#317 = CARTESIAN_POINT('',(12.405839255595,3.744439862735,15.));
#318 = CARTESIAN_POINT('',(12.347983812766,3.997921119902,15.));
#319 = ORIENTED_EDGE('',*,*,#320,.F.);
#320 = EDGE_CURVE('',#321,#313,#323,.T.);
#321 = VERTEX_POINT('',#322);
#322 = CARTESIAN_POINT('',(12.54844526087,1.951212736223,15.));
#323 = ( BOUNDED_CURVE() B_SPLINE_CURVE(2,(#324,#325,#326,#327,#328),
.UNSPECIFIED.,.F.,.F.) B_SPLINE_CURVE_WITH_KNOTS((3,2,3),(0.,
1.570796326795,3.14159265359),.PIECEWISE_BEZIER_KNOTS.) CURVE() 
GEOMETRIC_REPRESENTATION_ITEM() RATIONAL_B_SPLINE_CURVE((1.,
0.707106781187,1.,0.707106781187,1.)) REPRESENTATION_ITEM('') );
#324 = CARTESIAN_POINT('',(12.54844526087,1.951212736223,15.));
#325 = CARTESIAN_POINT('',(11.680759419028,1.753169105002,15.));
#326 = CARTESIAN_POINT('',(11.482715787807,2.620854946844,15.));
#327 = CARTESIAN_POINT('',(11.284672156585,3.488540788685,15.));
#328 = CARTESIAN_POINT('',(12.152357998427,3.686584419907,15.));
#329 = ORIENTED_EDGE('',*,*,#330,.F.);
#330 = EDGE_CURVE('',#331,#321,#333,.T.);
#331 = VERTEX_POINT('',#332);
#332 = CARTESIAN_POINT('',(12.859781960865,1.755586921884,15.));
#333 = ( BOUNDED_CURVE() B_SPLINE_CURVE(2,(#334,#335,#336),
.UNSPECIFIED.,.F.,.F.) B_SPLINE_CURVE_WITH_KNOTS((3,3),(0.,
1.570796326795),.PIECEWISE_BEZIER_KNOTS.) CURVE() 
GEOMETRIC_REPRESENTATION_ITEM() RATIONAL_B_SPLINE_CURVE((1.,
0.707106781187,1.)) REPRESENTATION_ITEM('') );
#334 = CARTESIAN_POINT('',(12.859781960865,1.755586921884,15.));
#335 = CARTESIAN_POINT('',(12.801926518037,2.009068179052,15.));
#336 = CARTESIAN_POINT('',(12.54844526087,1.951212736223,15.));
#337 = ORIENTED_EDGE('',*,*,#338,.F.);
#338 = EDGE_CURVE('',#339,#331,#341,.T.);
#339 = VERTEX_POINT('',#340);
#340 = CARTESIAN_POINT('',(12.928015219719,1.15,15.));
#341 = ( BOUNDED_CURVE() B_SPLINE_CURVE(2,(#342,#343,#344),
.UNSPECIFIED.,.F.,.F.) B_SPLINE_CURVE_WITH_KNOTS((3,3),(0.,
4.695830611611E-02),.PIECEWISE_BEZIER_KNOTS.) CURVE() 
GEOMETRIC_REPRESENTATION_ITEM() RATIONAL_B_SPLINE_CURVE((1.,
0.999724377348,1.)) REPRESENTATION_ITEM('') );
#342 = CARTESIAN_POINT('',(12.928015219719,1.15,15.));
#343 = CARTESIAN_POINT('',(12.901009230984,1.453594637733,15.));
#344 = CARTESIAN_POINT('',(12.859781960865,1.755586921884,15.));
#345 = ORIENTED_EDGE('',*,*,#346,.F.);
#346 = EDGE_CURVE('',#347,#339,#349,.T.);
#347 = VERTEX_POINT('',#348);
#348 = CARTESIAN_POINT('',(12.668015219719,0.89,15.));
#349 = ( BOUNDED_CURVE() B_SPLINE_CURVE(2,(#350,#351,#352),
.UNSPECIFIED.,.F.,.F.) B_SPLINE_CURVE_WITH_KNOTS((3,3),(0.,
1.570796326795),.PIECEWISE_BEZIER_KNOTS.) CURVE() 
GEOMETRIC_REPRESENTATION_ITEM() RATIONAL_B_SPLINE_CURVE((1.,
0.707106781187,1.)) REPRESENTATION_ITEM('') );
#350 = CARTESIAN_POINT('',(12.668015219719,0.89,15.));
#351 = CARTESIAN_POINT('',(12.928015219719,0.89,15.));
#352 = CARTESIAN_POINT('',(12.928015219719,1.15,15.));
#353 = ORIENTED_EDGE('',*,*,#354,.F.);
#354 = EDGE_CURVE('',#355,#347,#357,.T.);
#355 = VERTEX_POINT('',#356);
#356 = CARTESIAN_POINT('',(12.668015219719,-0.89,15.));
#357 = ( BOUNDED_CURVE() B_SPLINE_CURVE(2,(#358,#359,#360,#361,#362),
.UNSPECIFIED.,.F.,.F.) B_SPLINE_CURVE_WITH_KNOTS((3,2,3),(0.,
1.570796326795,3.14159265359),.PIECEWISE_BEZIER_KNOTS.) CURVE() 
GEOMETRIC_REPRESENTATION_ITEM() RATIONAL_B_SPLINE_CURVE((1.,
0.707106781187,1.,0.707106781187,1.)) REPRESENTATION_ITEM('') );
#358 = CARTESIAN_POINT('',(12.668015219719,-0.89,15.));
#359 = CARTESIAN_POINT('',(11.778015219719,-0.89,15.));
#360 = CARTESIAN_POINT('',(11.778015219719,-2.66E-15,15.));
#361 = CARTESIAN_POINT('',(11.778015219719,0.89,15.));
#362 = CARTESIAN_POINT('',(12.668015219719,0.89,15.));
#363 = ORIENTED_EDGE('',*,*,#364,.F.);
#364 = EDGE_CURVE('',#365,#355,#367,.T.);
#365 = VERTEX_POINT('',#366);
#366 = CARTESIAN_POINT('',(12.928015219719,-1.15,15.));
#367 = ( BOUNDED_CURVE() B_SPLINE_CURVE(2,(#368,#369,#370),
.UNSPECIFIED.,.F.,.F.) B_SPLINE_CURVE_WITH_KNOTS((3,3),(0.,
1.570796326795),.PIECEWISE_BEZIER_KNOTS.) CURVE() 
GEOMETRIC_REPRESENTATION_ITEM() RATIONAL_B_SPLINE_CURVE((1.,
0.707106781187,1.)) REPRESENTATION_ITEM('') );
#368 = CARTESIAN_POINT('',(12.928015219719,-1.15,15.));
#369 = CARTESIAN_POINT('',(12.928015219719,-0.89,15.));
#370 = CARTESIAN_POINT('',(12.668015219719,-0.89,15.));
#371 = ORIENTED_EDGE('',*,*,#372,.F.);
#372 = EDGE_CURVE('',#373,#365,#375,.T.);
#373 = VERTEX_POINT('',#374);
#374 = CARTESIAN_POINT('',(12.859781960865,-1.755586921884,15.));
#375 = ( BOUNDED_CURVE() B_SPLINE_CURVE(2,(#376,#377,#378),
.UNSPECIFIED.,.F.,.F.) B_SPLINE_CURVE_WITH_KNOTS((3,3),(0.,
4.695830611611E-02),.PIECEWISE_BEZIER_KNOTS.) CURVE() 
GEOMETRIC_REPRESENTATION_ITEM() RATIONAL_B_SPLINE_CURVE((1.,
0.999724377348,1.)) REPRESENTATION_ITEM('') );
#376 = CARTESIAN_POINT('',(12.859781960865,-1.755586921884,15.));
#377 = CARTESIAN_POINT('',(12.901009230984,-1.453594637733,15.));
#378 = CARTESIAN_POINT('',(12.928015219719,-1.15,15.));
#379 = ORIENTED_EDGE('',*,*,#380,.F.);
#380 = EDGE_CURVE('',#381,#373,#383,.T.);
#381 = VERTEX_POINT('',#382);
#382 = CARTESIAN_POINT('',(12.54844526087,-1.951212736223,15.));
#383 = ( BOUNDED_CURVE() B_SPLINE_CURVE(2,(#384,#385,#386),
.UNSPECIFIED.,.F.,.F.) B_SPLINE_CURVE_WITH_KNOTS((3,3),(0.,
1.570796326795),.PIECEWISE_BEZIER_KNOTS.) CURVE() 
GEOMETRIC_REPRESENTATION_ITEM() RATIONAL_B_SPLINE_CURVE((1.,
0.707106781187,1.)) REPRESENTATION_ITEM('') );
#384 = CARTESIAN_POINT('',(12.54844526087,-1.951212736223,15.));
#385 = CARTESIAN_POINT('',(12.801926518037,-2.009068179052,15.));
#386 = CARTESIAN_POINT('',(12.859781960865,-1.755586921884,15.));
#387 = ORIENTED_EDGE('',*,*,#388,.F.);
#388 = EDGE_CURVE('',#389,#381,#391,.T.);
#389 = VERTEX_POINT('',#390);
#390 = CARTESIAN_POINT('',(12.152357998427,-3.686584419907,15.));
#391 = ( BOUNDED_CURVE() B_SPLINE_CURVE(2,(#392,#393,#394,#395,#396),
.UNSPECIFIED.,.F.,.F.) B_SPLINE_CURVE_WITH_KNOTS((3,2,3),(0.,
1.570796326795,3.14159265359),.PIECEWISE_BEZIER_KNOTS.) CURVE() 
GEOMETRIC_REPRESENTATION_ITEM() RATIONAL_B_SPLINE_CURVE((1.,
0.707106781187,1.,0.707106781187,1.)) REPRESENTATION_ITEM('') );
#392 = CARTESIAN_POINT('',(12.152357998427,-3.686584419907,15.));
#393 = CARTESIAN_POINT('',(11.284672156585,-3.488540788685,15.));
#394 = CARTESIAN_POINT('',(11.482715787807,-2.620854946844,15.));
#395 = CARTESIAN_POINT('',(11.680759419028,-1.753169105002,15.));
#396 = CARTESIAN_POINT('',(12.54844526087,-1.951212736223,15.));
#397 = ORIENTED_EDGE('',*,*,#398,.F.);
#398 = EDGE_CURVE('',#399,#389,#401,.T.);
#399 = VERTEX_POINT('',#400);
#400 = CARTESIAN_POINT('',(12.347983812766,-3.997921119902,15.));
#401 = ( BOUNDED_CURVE() B_SPLINE_CURVE(2,(#402,#403,#404),
.UNSPECIFIED.,.F.,.F.) B_SPLINE_CURVE_WITH_KNOTS((3,3),(0.,
1.570796326795),.PIECEWISE_BEZIER_KNOTS.) CURVE() 
GEOMETRIC_REPRESENTATION_ITEM() RATIONAL_B_SPLINE_CURVE((1.,
0.707106781187,1.)) REPRESENTATION_ITEM('') );
#402 = CARTESIAN_POINT('',(12.347983812766,-3.997921119902,15.));
#403 = CARTESIAN_POINT('',(12.405839255595,-3.744439862735,15.));
#404 = CARTESIAN_POINT('',(12.152357998427,-3.686584419907,15.));
#405 = ORIENTED_EDGE('',*,*,#406,.F.);
#406 = EDGE_CURVE('',#407,#399,#409,.T.);
#407 = VERTEX_POINT('',#408);
#408 = CARTESIAN_POINT('',(12.146705536721,-4.573141384813,15.));
#409 = ( BOUNDED_CURVE() B_SPLINE_CURVE(2,(#410,#411,#412),
.UNSPECIFIED.,.F.,.F.) B_SPLINE_CURVE_WITH_KNOTS((3,3),(0.,
4.695830611611E-02),.PIECEWISE_BEZIER_KNOTS.) CURVE() 
GEOMETRIC_REPRESENTATION_ITEM() RATIONAL_B_SPLINE_CURVE((1.,
0.999724377348,1.)) REPRESENTATION_ITEM('') );
#410 = CARTESIAN_POINT('',(12.146705536721,-4.573141384813,15.));
#411 = CARTESIAN_POINT('',(12.254098758219,-4.287894608382,15.));
#412 = CARTESIAN_POINT('',(12.347983812766,-3.997921119902,15.));
#413 = ORIENTED_EDGE('',*,*,#414,.F.);
#414 = EDGE_CURVE('',#415,#407,#417,.T.);
#415 = VERTEX_POINT('',#416);
#416 = CARTESIAN_POINT('',(11.799643858896,-4.694583518297,15.));
#417 = ( BOUNDED_CURVE() B_SPLINE_CURVE(2,(#418,#419,#420),
.UNSPECIFIED.,.F.,.F.) B_SPLINE_CURVE_WITH_KNOTS((3,3),(0.,
1.570796326795),.PIECEWISE_BEZIER_KNOTS.) CURVE() 
GEOMETRIC_REPRESENTATION_ITEM() RATIONAL_B_SPLINE_CURVE((1.,
0.707106781187,1.)) REPRESENTATION_ITEM('') );
#418 = CARTESIAN_POINT('',(11.799643858896,-4.694583518297,15.));
#419 = CARTESIAN_POINT('',(12.03389576455,-4.807393290467,15.));
#420 = CARTESIAN_POINT('',(12.146705536721,-4.573141384813,15.));
#421 = ORIENTED_EDGE('',*,*,#422,.F.);
#422 = EDGE_CURVE('',#423,#415,#425,.T.);
#423 = VERTEX_POINT('',#424);
#424 = CARTESIAN_POINT('',(11.027330803266,-6.298308103163,15.));
#425 = ( BOUNDED_CURVE() B_SPLINE_CURVE(2,(#426,#427,#428,#429,#430),
.UNSPECIFIED.,.F.,.F.) B_SPLINE_CURVE_WITH_KNOTS((3,2,3),(0.,
1.570796326795,3.14159265359),.PIECEWISE_BEZIER_KNOTS.) CURVE() 
GEOMETRIC_REPRESENTATION_ITEM() RATIONAL_B_SPLINE_CURVE((1.,
0.707106781187,1.,0.707106781187,1.)) REPRESENTATION_ITEM('') );
#426 = CARTESIAN_POINT('',(11.027330803266,-6.298308103163,15.));
#427 = CARTESIAN_POINT('',(10.225468510833,-5.912151575348,15.));
#428 = CARTESIAN_POINT('',(10.611625038648,-5.110289282915,15.));
#429 = CARTESIAN_POINT('',(10.997781566463,-4.308426990482,15.));
#430 = CARTESIAN_POINT('',(11.799643858896,-4.694583518297,15.));
#431 = ORIENTED_EDGE('',*,*,#432,.F.);
#432 = EDGE_CURVE('',#433,#423,#435,.T.);
#433 = VERTEX_POINT('',#434);
#434 = CARTESIAN_POINT('',(11.14877293675,-6.645369780988,15.));
#435 = ( BOUNDED_CURVE() B_SPLINE_CURVE(2,(#436,#437,#438),
.UNSPECIFIED.,.F.,.F.) B_SPLINE_CURVE_WITH_KNOTS((3,3),(0.,
1.570796326795),.PIECEWISE_BEZIER_KNOTS.) CURVE() 
GEOMETRIC_REPRESENTATION_ITEM() RATIONAL_B_SPLINE_CURVE((1.,
0.707106781187,1.)) REPRESENTATION_ITEM('') );
#436 = CARTESIAN_POINT('',(11.14877293675,-6.645369780988,15.));
#437 = CARTESIAN_POINT('',(11.261582708921,-6.411117875334,15.));
#438 = CARTESIAN_POINT('',(11.027330803266,-6.298308103163,15.));
#439 = ORIENTED_EDGE('',*,*,#440,.F.);
#440 = EDGE_CURVE('',#441,#433,#443,.T.);
#441 = VERTEX_POINT('',#442);
#442 = CARTESIAN_POINT('',(10.82454257674,-7.161379442931,15.));
#443 = ( BOUNDED_CURVE() B_SPLINE_CURVE(2,(#444,#445,#446),
.UNSPECIFIED.,.F.,.F.) B_SPLINE_CURVE_WITH_KNOTS((3,3),(0.,
4.695830611611E-02),.PIECEWISE_BEZIER_KNOTS.) CURVE() 
GEOMETRIC_REPRESENTATION_ITEM() RATIONAL_B_SPLINE_CURVE((1.,
0.999724377348,1.)) REPRESENTATION_ITEM('') );
#444 = CARTESIAN_POINT('',(10.82454257674,-7.161379442931,15.));
#445 = CARTESIAN_POINT('',(10.992716605057,-6.907181638677,15.));
#446 = CARTESIAN_POINT('',(11.14877293675,-6.645369780988,15.));
#447 = ORIENTED_EDGE('',*,*,#448,.F.);
#448 = EDGE_CURVE('',#449,#441,#451,.T.);
#449 = VERTEX_POINT('',#450);
#450 = CARTESIAN_POINT('',(10.459159042815,-7.20254827989,15.));
#451 = ( BOUNDED_CURVE() B_SPLINE_CURVE(2,(#452,#453,#454),
.UNSPECIFIED.,.F.,.F.) B_SPLINE_CURVE_WITH_KNOTS((3,3),(0.,
1.570796326795),.PIECEWISE_BEZIER_KNOTS.) CURVE() 
GEOMETRIC_REPRESENTATION_ITEM() RATIONAL_B_SPLINE_CURVE((1.,
0.707106781187,1.)) REPRESENTATION_ITEM('') );
#452 = CARTESIAN_POINT('',(10.459159042815,-7.20254827989,15.));
#453 = CARTESIAN_POINT('',(10.662435228257,-7.364655628373,15.));
#454 = CARTESIAN_POINT('',(10.82454257674,-7.161379442931,15.));
#455 = ORIENTED_EDGE('',*,*,#456,.F.);
#456 = EDGE_CURVE('',#457,#449,#459,.T.);
#457 = VERTEX_POINT('',#458);
#458 = CARTESIAN_POINT('',(9.349347195506,-8.594208318683,15.));
#459 = ( BOUNDED_CURVE() B_SPLINE_CURVE(2,(#460,#461,#462,#463,#464),
.UNSPECIFIED.,.F.,.F.) B_SPLINE_CURVE_WITH_KNOTS((3,2,3),(0.,
1.570796326795,3.14159265359),.PIECEWISE_BEZIER_KNOTS.) CURVE() 
GEOMETRIC_REPRESENTATION_ITEM() RATIONAL_B_SPLINE_CURVE((1.,
0.707106781187,1.,0.707106781187,1.)) REPRESENTATION_ITEM('') );
#460 = CARTESIAN_POINT('',(9.349347195506,-8.594208318683,15.));
#461 = CARTESIAN_POINT('',(8.65351717611,-8.039302395028,15.));
#462 = CARTESIAN_POINT('',(9.208423099764,-7.343472375632,15.));
#463 = CARTESIAN_POINT('',(9.763329023418,-6.647642356235,15.));
#464 = CARTESIAN_POINT('',(10.459159042815,-7.20254827989,15.));
#465 = ORIENTED_EDGE('',*,*,#466,.F.);
#466 = EDGE_CURVE('',#467,#457,#469,.T.);
#467 = VERTEX_POINT('',#468);
#468 = CARTESIAN_POINT('',(9.390516032465,-8.959591852608,15.));
#469 = ( BOUNDED_CURVE() B_SPLINE_CURVE(2,(#470,#471,#472),
.UNSPECIFIED.,.F.,.F.) B_SPLINE_CURVE_WITH_KNOTS((3,3),(0.,
1.570796326795),.PIECEWISE_BEZIER_KNOTS.) CURVE() 
GEOMETRIC_REPRESENTATION_ITEM() RATIONAL_B_SPLINE_CURVE((1.,
0.707106781187,1.)) REPRESENTATION_ITEM('') );
#470 = CARTESIAN_POINT('',(9.390516032465,-8.959591852608,15.));
#471 = CARTESIAN_POINT('',(9.552623380948,-8.756315667166,15.));
#472 = CARTESIAN_POINT('',(9.349347195506,-8.594208318683,15.));
#473 = ORIENTED_EDGE('',*,*,#474,.F.);
#474 = EDGE_CURVE('',#475,#467,#477,.T.);
#475 = VERTEX_POINT('',#476);
#476 = CARTESIAN_POINT('',(8.959591852608,-9.390516032465,15.));
#477 = ( BOUNDED_CURVE() B_SPLINE_CURVE(2,(#478,#479,#480),
.UNSPECIFIED.,.F.,.F.) B_SPLINE_CURVE_WITH_KNOTS((3,3),(0.,
4.695830611611E-02),.PIECEWISE_BEZIER_KNOTS.) CURVE() 
GEOMETRIC_REPRESENTATION_ITEM() RATIONAL_B_SPLINE_CURVE((1.,
0.999724377348,1.)) REPRESENTATION_ITEM('') );
#478 = CARTESIAN_POINT('',(8.959591852608,-9.390516032465,15.));
#479 = CARTESIAN_POINT('',(9.180113739731,-9.180113739731,15.));
#480 = CARTESIAN_POINT('',(9.390516032465,-8.959591852608,15.));
#481 = ORIENTED_EDGE('',*,*,#482,.F.);
#482 = EDGE_CURVE('',#483,#475,#485,.T.);
#483 = VERTEX_POINT('',#484);
#484 = CARTESIAN_POINT('',(8.594208318683,-9.349347195506,15.));
#485 = ( BOUNDED_CURVE() B_SPLINE_CURVE(2,(#486,#487,#488),
.UNSPECIFIED.,.F.,.F.) B_SPLINE_CURVE_WITH_KNOTS((3,3),(0.,
1.570796326795),.PIECEWISE_BEZIER_KNOTS.) CURVE() 
GEOMETRIC_REPRESENTATION_ITEM() RATIONAL_B_SPLINE_CURVE((1.,
0.707106781187,1.)) REPRESENTATION_ITEM('') );
#486 = CARTESIAN_POINT('',(8.594208318683,-9.349347195506,15.));
#487 = CARTESIAN_POINT('',(8.756315667166,-9.552623380948,15.));
#488 = CARTESIAN_POINT('',(8.959591852608,-9.390516032465,15.));
#489 = ORIENTED_EDGE('',*,*,#490,.F.);
#490 = EDGE_CURVE('',#491,#483,#493,.T.);
#491 = VERTEX_POINT('',#492);
#492 = CARTESIAN_POINT('',(7.20254827989,-10.45915904281,15.));
#493 = ( BOUNDED_CURVE() B_SPLINE_CURVE(2,(#494,#495,#496,#497,#498),
.UNSPECIFIED.,.F.,.F.) B_SPLINE_CURVE_WITH_KNOTS((3,2,3),(0.,
1.570796326795,3.14159265359),.PIECEWISE_BEZIER_KNOTS.) CURVE() 
GEOMETRIC_REPRESENTATION_ITEM() RATIONAL_B_SPLINE_CURVE((1.,
0.707106781187,1.,0.707106781187,1.)) REPRESENTATION_ITEM('') );
#494 = CARTESIAN_POINT('',(7.20254827989,-10.45915904281,15.));
#495 = CARTESIAN_POINT('',(6.647642356235,-9.763329023418,15.));
#496 = CARTESIAN_POINT('',(7.343472375632,-9.208423099764,15.));
#497 = CARTESIAN_POINT('',(8.039302395028,-8.65351717611,15.));
#498 = CARTESIAN_POINT('',(8.594208318683,-9.349347195506,15.));
#499 = ORIENTED_EDGE('',*,*,#500,.F.);
#500 = EDGE_CURVE('',#501,#491,#503,.T.);
#501 = VERTEX_POINT('',#502);
#502 = CARTESIAN_POINT('',(7.161379442931,-10.82454257674,15.));
#503 = ( BOUNDED_CURVE() B_SPLINE_CURVE(2,(#504,#505,#506),
.UNSPECIFIED.,.F.,.F.) B_SPLINE_CURVE_WITH_KNOTS((3,3),(0.,
1.570796326795),.PIECEWISE_BEZIER_KNOTS.) CURVE() 
GEOMETRIC_REPRESENTATION_ITEM() RATIONAL_B_SPLINE_CURVE((1.,
0.707106781187,1.)) REPRESENTATION_ITEM('') );
#504 = CARTESIAN_POINT('',(7.161379442931,-10.82454257674,15.));
#505 = CARTESIAN_POINT('',(7.364655628373,-10.66243522825,15.));
#506 = CARTESIAN_POINT('',(7.20254827989,-10.45915904281,15.));
#507 = ORIENTED_EDGE('',*,*,#508,.F.);
#508 = EDGE_CURVE('',#509,#501,#511,.T.);
#509 = VERTEX_POINT('',#510);
#510 = CARTESIAN_POINT('',(6.645369780988,-11.14877293675,15.));
#511 = ( BOUNDED_CURVE() B_SPLINE_CURVE(2,(#512,#513,#514),
.UNSPECIFIED.,.F.,.F.) B_SPLINE_CURVE_WITH_KNOTS((3,3),(0.,
4.695830611611E-02),.PIECEWISE_BEZIER_KNOTS.) CURVE() 
GEOMETRIC_REPRESENTATION_ITEM() RATIONAL_B_SPLINE_CURVE((1.,
0.999724377348,1.)) REPRESENTATION_ITEM('') );
#512 = CARTESIAN_POINT('',(6.645369780988,-11.14877293675,15.));
#513 = CARTESIAN_POINT('',(6.907181638677,-10.99271660505,15.));
#514 = CARTESIAN_POINT('',(7.161379442931,-10.82454257674,15.));
#515 = ORIENTED_EDGE('',*,*,#516,.F.);
#516 = EDGE_CURVE('',#517,#509,#519,.T.);
#517 = VERTEX_POINT('',#518);
#518 = CARTESIAN_POINT('',(6.298308103163,-11.02733080326,15.));
#519 = ( BOUNDED_CURVE() B_SPLINE_CURVE(2,(#520,#521,#522),
.UNSPECIFIED.,.F.,.F.) B_SPLINE_CURVE_WITH_KNOTS((3,3),(0.,
1.570796326795),.PIECEWISE_BEZIER_KNOTS.) CURVE() 
GEOMETRIC_REPRESENTATION_ITEM() RATIONAL_B_SPLINE_CURVE((1.,
0.707106781187,1.)) REPRESENTATION_ITEM('') );
#520 = CARTESIAN_POINT('',(6.298308103163,-11.02733080326,15.));
#521 = CARTESIAN_POINT('',(6.411117875334,-11.26158270892,15.));
#522 = CARTESIAN_POINT('',(6.645369780988,-11.14877293675,15.));
#523 = ORIENTED_EDGE('',*,*,#524,.F.);
#524 = EDGE_CURVE('',#525,#517,#527,.T.);
#525 = VERTEX_POINT('',#526);
#526 = CARTESIAN_POINT('',(4.694583518297,-11.79964385889,15.));
#527 = ( BOUNDED_CURVE() B_SPLINE_CURVE(2,(#528,#529,#530,#531,#532),
.UNSPECIFIED.,.F.,.F.) B_SPLINE_CURVE_WITH_KNOTS((3,2,3),(0.,
1.570796326795,3.14159265359),.PIECEWISE_BEZIER_KNOTS.) CURVE() 
GEOMETRIC_REPRESENTATION_ITEM() RATIONAL_B_SPLINE_CURVE((1.,
0.707106781187,1.,0.707106781187,1.)) REPRESENTATION_ITEM('') );
#528 = CARTESIAN_POINT('',(4.694583518297,-11.79964385889,15.));
#529 = CARTESIAN_POINT('',(4.308426990482,-10.99778156646,15.));
#530 = CARTESIAN_POINT('',(5.110289282915,-10.61162503864,15.));
#531 = CARTESIAN_POINT('',(5.912151575348,-10.22546851083,15.));
#532 = CARTESIAN_POINT('',(6.298308103163,-11.02733080326,15.));
#533 = ORIENTED_EDGE('',*,*,#534,.F.);
#534 = EDGE_CURVE('',#535,#525,#537,.T.);
#535 = VERTEX_POINT('',#536);
#536 = CARTESIAN_POINT('',(4.573141384813,-12.14670553672,15.));
#537 = ( BOUNDED_CURVE() B_SPLINE_CURVE(2,(#538,#539,#540),
.UNSPECIFIED.,.F.,.F.) B_SPLINE_CURVE_WITH_KNOTS((3,3),(0.,
1.570796326795),.PIECEWISE_BEZIER_KNOTS.) CURVE() 
GEOMETRIC_REPRESENTATION_ITEM() RATIONAL_B_SPLINE_CURVE((1.,
0.707106781187,1.)) REPRESENTATION_ITEM('') );
#538 = CARTESIAN_POINT('',(4.573141384813,-12.14670553672,15.));
#539 = CARTESIAN_POINT('',(4.807393290467,-12.03389576455,15.));
#540 = CARTESIAN_POINT('',(4.694583518297,-11.79964385889,15.));
#541 = ORIENTED_EDGE('',*,*,#542,.F.);
#542 = EDGE_CURVE('',#543,#535,#545,.T.);
#543 = VERTEX_POINT('',#544);
#544 = CARTESIAN_POINT('',(3.997921119902,-12.34798381276,15.));
#545 = ( BOUNDED_CURVE() B_SPLINE_CURVE(2,(#546,#547,#548),
.UNSPECIFIED.,.F.,.F.) B_SPLINE_CURVE_WITH_KNOTS((3,3),(0.,
4.695830611611E-02),.PIECEWISE_BEZIER_KNOTS.) CURVE() 
GEOMETRIC_REPRESENTATION_ITEM() RATIONAL_B_SPLINE_CURVE((1.,
0.999724377348,1.)) REPRESENTATION_ITEM('') );
#546 = CARTESIAN_POINT('',(3.997921119902,-12.34798381276,15.));
#547 = CARTESIAN_POINT('',(4.287894608382,-12.25409875821,15.));
#548 = CARTESIAN_POINT('',(4.573141384813,-12.14670553672,15.));
#549 = ORIENTED_EDGE('',*,*,#550,.F.);
#550 = EDGE_CURVE('',#551,#543,#553,.T.);
#551 = VERTEX_POINT('',#552);
#552 = CARTESIAN_POINT('',(3.686584419907,-12.15235799842,15.));
#553 = ( BOUNDED_CURVE() B_SPLINE_CURVE(2,(#554,#555,#556),
.UNSPECIFIED.,.F.,.F.) B_SPLINE_CURVE_WITH_KNOTS((3,3),(0.,
1.570796326795),.PIECEWISE_BEZIER_KNOTS.) CURVE() 
GEOMETRIC_REPRESENTATION_ITEM() RATIONAL_B_SPLINE_CURVE((1.,
0.707106781187,1.)) REPRESENTATION_ITEM('') );
#554 = CARTESIAN_POINT('',(3.686584419907,-12.15235799842,15.));
#555 = CARTESIAN_POINT('',(3.744439862735,-12.40583925559,15.));
#556 = CARTESIAN_POINT('',(3.997921119902,-12.34798381276,15.));
#557 = ORIENTED_EDGE('',*,*,#558,.F.);
#558 = EDGE_CURVE('',#559,#551,#561,.T.);
#559 = VERTEX_POINT('',#560);
#560 = CARTESIAN_POINT('',(1.951212736223,-12.54844526087,15.));
#561 = ( BOUNDED_CURVE() B_SPLINE_CURVE(2,(#562,#563,#564,#565,#566),
.UNSPECIFIED.,.F.,.F.) B_SPLINE_CURVE_WITH_KNOTS((3,2,3),(0.,
1.570796326795,3.14159265359),.PIECEWISE_BEZIER_KNOTS.) CURVE() 
GEOMETRIC_REPRESENTATION_ITEM() RATIONAL_B_SPLINE_CURVE((1.,
0.707106781187,1.,0.707106781187,1.)) REPRESENTATION_ITEM('') );
#562 = CARTESIAN_POINT('',(1.951212736223,-12.54844526087,15.));
#563 = CARTESIAN_POINT('',(1.753169105002,-11.68075941902,15.));
#564 = CARTESIAN_POINT('',(2.620854946844,-11.4827157878,15.));
#565 = CARTESIAN_POINT('',(3.488540788685,-11.28467215658,15.));
#566 = CARTESIAN_POINT('',(3.686584419907,-12.15235799842,15.));
#567 = ORIENTED_EDGE('',*,*,#568,.F.);
#568 = EDGE_CURVE('',#569,#559,#571,.T.);
#569 = VERTEX_POINT('',#570);
#570 = CARTESIAN_POINT('',(1.755586921884,-12.85978196086,15.));
#571 = ( BOUNDED_CURVE() B_SPLINE_CURVE(2,(#572,#573,#574),
.UNSPECIFIED.,.F.,.F.) B_SPLINE_CURVE_WITH_KNOTS((3,3),(0.,
1.570796326795),.PIECEWISE_BEZIER_KNOTS.) CURVE() 
GEOMETRIC_REPRESENTATION_ITEM() RATIONAL_B_SPLINE_CURVE((1.,
0.707106781187,1.)) REPRESENTATION_ITEM('') );
#572 = CARTESIAN_POINT('',(1.755586921884,-12.85978196086,15.));
#573 = CARTESIAN_POINT('',(2.009068179052,-12.80192651803,15.));
#574 = CARTESIAN_POINT('',(1.951212736223,-12.54844526087,15.));
#575 = ORIENTED_EDGE('',*,*,#576,.F.);
#576 = EDGE_CURVE('',#577,#569,#579,.T.);
#577 = VERTEX_POINT('',#578);
#578 = CARTESIAN_POINT('',(1.15,-12.92801521971,15.));
#579 = ( BOUNDED_CURVE() B_SPLINE_CURVE(2,(#580,#581,#582),
.UNSPECIFIED.,.F.,.F.) B_SPLINE_CURVE_WITH_KNOTS((3,3),(0.,
4.695830611611E-02),.PIECEWISE_BEZIER_KNOTS.) CURVE() 
GEOMETRIC_REPRESENTATION_ITEM() RATIONAL_B_SPLINE_CURVE((1.,
0.999724377348,1.)) REPRESENTATION_ITEM('') );
#580 = CARTESIAN_POINT('',(1.15,-12.92801521971,15.));
#581 = CARTESIAN_POINT('',(1.453594637733,-12.90100923098,15.));
#582 = CARTESIAN_POINT('',(1.755586921884,-12.85978196086,15.));
#583 = ORIENTED_EDGE('',*,*,#584,.F.);
#584 = EDGE_CURVE('',#585,#577,#587,.T.);
#585 = VERTEX_POINT('',#586);
#586 = CARTESIAN_POINT('',(0.89,-12.66801521971,15.));
#587 = ( BOUNDED_CURVE() B_SPLINE_CURVE(2,(#588,#589,#590),
.UNSPECIFIED.,.F.,.F.) B_SPLINE_CURVE_WITH_KNOTS((3,3),(0.,
1.570796326795),.PIECEWISE_BEZIER_KNOTS.) CURVE() 
GEOMETRIC_REPRESENTATION_ITEM() RATIONAL_B_SPLINE_CURVE((1.,
0.707106781187,1.)) REPRESENTATION_ITEM('') );
#588 = CARTESIAN_POINT('',(0.89,-12.66801521971,15.));
#589 = CARTESIAN_POINT('',(0.89,-12.92801521971,15.));
#590 = CARTESIAN_POINT('',(1.15,-12.92801521971,15.));
#591 = ORIENTED_EDGE('',*,*,#592,.F.);
#592 = EDGE_CURVE('',#593,#585,#595,.T.);
#593 = VERTEX_POINT('',#594);
#594 = CARTESIAN_POINT('',(-0.89,-12.66801521971,15.));
#595 = ( BOUNDED_CURVE() B_SPLINE_CURVE(2,(#596,#597,#598,#599,#600),
.UNSPECIFIED.,.F.,.F.) B_SPLINE_CURVE_WITH_KNOTS((3,2,3),(0.,
1.570796326795,3.14159265359),.PIECEWISE_BEZIER_KNOTS.) CURVE() 
GEOMETRIC_REPRESENTATION_ITEM() RATIONAL_B_SPLINE_CURVE((1.,
0.707106781187,1.,0.707106781187,1.)) REPRESENTATION_ITEM('') );
#596 = CARTESIAN_POINT('',(-0.89,-12.66801521971,15.));
#597 = CARTESIAN_POINT('',(-0.89,-11.77801521971,15.));
#598 = CARTESIAN_POINT('',(-2.66E-15,-11.77801521971,15.));
#599 = CARTESIAN_POINT('',(0.89,-11.77801521971,15.));
#600 = CARTESIAN_POINT('',(0.89,-12.66801521971,15.));
#601 = ORIENTED_EDGE('',*,*,#602,.F.);
#602 = EDGE_CURVE('',#603,#593,#605,.T.);
#603 = VERTEX_POINT('',#604);
#604 = CARTESIAN_POINT('',(-1.15,-12.92801521971,15.));
#605 = ( BOUNDED_CURVE() B_SPLINE_CURVE(2,(#606,#607,#608),
.UNSPECIFIED.,.F.,.F.) B_SPLINE_CURVE_WITH_KNOTS((3,3),(0.,
1.570796326795),.PIECEWISE_BEZIER_KNOTS.) CURVE() 
GEOMETRIC_REPRESENTATION_ITEM() RATIONAL_B_SPLINE_CURVE((1.,
0.707106781187,1.)) REPRESENTATION_ITEM('') );
#606 = CARTESIAN_POINT('',(-1.15,-12.92801521971,15.));
#607 = CARTESIAN_POINT('',(-0.89,-12.92801521971,15.));
#608 = CARTESIAN_POINT('',(-0.89,-12.66801521971,15.));
#609 = ORIENTED_EDGE('',*,*,#610,.F.);
#610 = EDGE_CURVE('',#611,#603,#613,.T.);
#611 = VERTEX_POINT('',#612);
#612 = CARTESIAN_POINT('',(-1.755586921884,-12.85978196086,15.));
#613 = ( BOUNDED_CURVE() B_SPLINE_CURVE(2,(#614,#615,#616),
.UNSPECIFIED.,.F.,.F.) B_SPLINE_CURVE_WITH_KNOTS((3,3),(0.,
4.695830611611E-02),.PIECEWISE_BEZIER_KNOTS.) CURVE() 
GEOMETRIC_REPRESENTATION_ITEM() RATIONAL_B_SPLINE_CURVE((1.,
0.999724377348,1.)) REPRESENTATION_ITEM('') );
#614 = CARTESIAN_POINT('',(-1.755586921884,-12.85978196086,15.));
#615 = CARTESIAN_POINT('',(-1.453594637733,-12.90100923098,15.));
#616 = CARTESIAN_POINT('',(-1.15,-12.92801521971,15.));
#617 = ORIENTED_EDGE('',*,*,#618,.F.);
#618 = EDGE_CURVE('',#619,#611,#621,.T.);
#619 = VERTEX_POINT('',#620);
#620 = CARTESIAN_POINT('',(-1.951212736223,-12.54844526087,15.));
#621 = ( BOUNDED_CURVE() B_SPLINE_CURVE(2,(#622,#623,#624),
.UNSPECIFIED.,.F.,.F.) B_SPLINE_CURVE_WITH_KNOTS((3,3),(0.,
1.570796326795),.PIECEWISE_BEZIER_KNOTS.) CURVE() 
GEOMETRIC_REPRESENTATION_ITEM() RATIONAL_B_SPLINE_CURVE((1.,
0.707106781187,1.)) REPRESENTATION_ITEM('') );
#622 = CARTESIAN_POINT('',(-1.951212736223,-12.54844526087,15.));
#623 = CARTESIAN_POINT('',(-2.009068179052,-12.80192651803,15.));
#624 = CARTESIAN_POINT('',(-1.755586921884,-12.85978196086,15.));
#625 = ORIENTED_EDGE('',*,*,#626,.F.);
#626 = EDGE_CURVE('',#627,#619,#629,.T.);
#627 = VERTEX_POINT('',#628);
#628 = CARTESIAN_POINT('',(-3.686584419907,-12.15235799842,15.));
#629 = ( BOUNDED_CURVE() B_SPLINE_CURVE(2,(#630,#631,#632,#633,#634),
.UNSPECIFIED.,.F.,.F.) B_SPLINE_CURVE_WITH_KNOTS((3,2,3),(0.,
1.570796326795,3.14159265359),.PIECEWISE_BEZIER_KNOTS.) CURVE() 
GEOMETRIC_REPRESENTATION_ITEM() RATIONAL_B_SPLINE_CURVE((1.,
0.707106781187,1.,0.707106781187,1.)) REPRESENTATION_ITEM('') );
#630 = CARTESIAN_POINT('',(-3.686584419907,-12.15235799842,15.));
#631 = CARTESIAN_POINT('',(-3.488540788685,-11.28467215658,15.));
#632 = CARTESIAN_POINT('',(-2.620854946844,-11.4827157878,15.));
#633 = CARTESIAN_POINT('',(-1.753169105002,-11.68075941902,15.));
#634 = CARTESIAN_POINT('',(-1.951212736223,-12.54844526087,15.));
#635 = ORIENTED_EDGE('',*,*,#636,.F.);
#636 = EDGE_CURVE('',#637,#627,#639,.T.);
#637 = VERTEX_POINT('',#638);
#638 = CARTESIAN_POINT('',(-3.997921119902,-12.34798381276,15.));
#639 = ( BOUNDED_CURVE() B_SPLINE_CURVE(2,(#640,#641,#642),
.UNSPECIFIED.,.F.,.F.) B_SPLINE_CURVE_WITH_KNOTS((3,3),(0.,
1.570796326795),.PIECEWISE_BEZIER_KNOTS.) CURVE() 
GEOMETRIC_REPRESENTATION_ITEM() RATIONAL_B_SPLINE_CURVE((1.,
0.707106781187,1.)) REPRESENTATION_ITEM('') );
#640 = CARTESIAN_POINT('',(-3.997921119902,-12.34798381276,15.));
#641 = CARTESIAN_POINT('',(-3.744439862735,-12.40583925559,15.));
#642 = CARTESIAN_POINT('',(-3.686584419907,-12.15235799842,15.));
#643 = ORIENTED_EDGE('',*,*,#644,.F.);
#644 = EDGE_CURVE('',#645,#637,#647,.T.);
#645 = VERTEX_POINT('',#646);
#646 = CARTESIAN_POINT('',(-4.573141384813,-12.14670553672,15.));
#647 = ( BOUNDED_CURVE() B_SPLINE_CURVE(2,(#648,#649,#650),
.UNSPECIFIED.,.F.,.F.) B_SPLINE_CURVE_WITH_KNOTS((3,3),(0.,
4.695830611611E-02),.PIECEWISE_BEZIER_KNOTS.) CURVE() 
GEOMETRIC_REPRESENTATION_ITEM() RATIONAL_B_SPLINE_CURVE((1.,
0.999724377348,1.)) REPRESENTATION_ITEM('') );
#648 = CARTESIAN_POINT('',(-4.573141384813,-12.14670553672,15.));
#649 = CARTESIAN_POINT('',(-4.287894608382,-12.25409875821,15.));
#650 = CARTESIAN_POINT('',(-3.997921119902,-12.34798381276,15.));
#651 = ORIENTED_EDGE('',*,*,#652,.F.);
#652 = EDGE_CURVE('',#653,#645,#655,.T.);
#653 = VERTEX_POINT('',#654);
#654 = CARTESIAN_POINT('',(-4.694583518297,-11.79964385889,15.));
#655 = ( BOUNDED_CURVE() B_SPLINE_CURVE(2,(#656,#657,#658),
.UNSPECIFIED.,.F.,.F.) B_SPLINE_CURVE_WITH_KNOTS((3,3),(0.,
1.570796326795),.PIECEWISE_BEZIER_KNOTS.) CURVE() 
GEOMETRIC_REPRESENTATION_ITEM() RATIONAL_B_SPLINE_CURVE((1.,
0.707106781187,1.)) REPRESENTATION_ITEM('') );
#656 = CARTESIAN_POINT('',(-4.694583518297,-11.79964385889,15.));
#657 = CARTESIAN_POINT('',(-4.807393290467,-12.03389576455,15.));
#658 = CARTESIAN_POINT('',(-4.573141384813,-12.14670553672,15.));
#659 = ORIENTED_EDGE('',*,*,#660,.F.);
#660 = EDGE_CURVE('',#661,#653,#663,.T.);
#661 = VERTEX_POINT('',#662);
#662 = CARTESIAN_POINT('',(-6.298308103163,-11.02733080326,15.));
#663 = ( BOUNDED_CURVE() B_SPLINE_CURVE(2,(#664,#665,#666,#667,#668),
.UNSPECIFIED.,.F.,.F.) B_SPLINE_CURVE_WITH_KNOTS((3,2,3),(0.,
1.570796326795,3.14159265359),.PIECEWISE_BEZIER_KNOTS.) CURVE() 
GEOMETRIC_REPRESENTATION_ITEM() RATIONAL_B_SPLINE_CURVE((1.,
0.707106781187,1.,0.707106781187,1.)) REPRESENTATION_ITEM('') );
#664 = CARTESIAN_POINT('',(-6.298308103163,-11.02733080326,15.));
#665 = CARTESIAN_POINT('',(-5.912151575348,-10.22546851083,15.));
#666 = CARTESIAN_POINT('',(-5.110289282915,-10.61162503864,15.));
#667 = CARTESIAN_POINT('',(-4.308426990482,-10.99778156646,15.));
#668 = CARTESIAN_POINT('',(-4.694583518297,-11.79964385889,15.));
#669 = ORIENTED_EDGE('',*,*,#670,.F.);
#670 = EDGE_CURVE('',#671,#661,#673,.T.);
#671 = VERTEX_POINT('',#672);
#672 = CARTESIAN_POINT('',(-6.645369780988,-11.14877293675,15.));
#673 = ( BOUNDED_CURVE() B_SPLINE_CURVE(2,(#674,#675,#676),
.UNSPECIFIED.,.F.,.F.) B_SPLINE_CURVE_WITH_KNOTS((3,3),(0.,
1.570796326795),.PIECEWISE_BEZIER_KNOTS.) CURVE() 
GEOMETRIC_REPRESENTATION_ITEM() RATIONAL_B_SPLINE_CURVE((1.,
0.707106781187,1.)) REPRESENTATION_ITEM('') );
#674 = CARTESIAN_POINT('',(-6.645369780988,-11.14877293675,15.));
#675 = CARTESIAN_POINT('',(-6.411117875334,-11.26158270892,15.));
#676 = CARTESIAN_POINT('',(-6.298308103163,-11.02733080326,15.));
#677 = ORIENTED_EDGE('',*,*,#678,.F.);
#678 = EDGE_CURVE('',#679,#671,#681,.T.);
#679 = VERTEX_POINT('',#680);
#680 = CARTESIAN_POINT('',(-7.161379442931,-10.82454257674,15.));
#681 = ( BOUNDED_CURVE() B_SPLINE_CURVE(2,(#682,#683,#684),
.UNSPECIFIED.,.F.,.F.) B_SPLINE_CURVE_WITH_KNOTS((3,3),(0.,
4.695830611611E-02),.PIECEWISE_BEZIER_KNOTS.) CURVE() 
GEOMETRIC_REPRESENTATION_ITEM() RATIONAL_B_SPLINE_CURVE((1.,
0.999724377348,1.)) REPRESENTATION_ITEM('') );
#682 = CARTESIAN_POINT('',(-7.161379442931,-10.82454257674,15.));
#683 = CARTESIAN_POINT('',(-6.907181638677,-10.99271660505,15.));
#684 = CARTESIAN_POINT('',(-6.645369780988,-11.14877293675,15.));
#685 = ORIENTED_EDGE('',*,*,#686,.F.);
#686 = EDGE_CURVE('',#687,#679,#689,.T.);
#687 = VERTEX_POINT('',#688);
#688 = CARTESIAN_POINT('',(-7.20254827989,-10.45915904281,15.));
#689 = ( BOUNDED_CURVE() B_SPLINE_CURVE(2,(#690,#691,#692),
.UNSPECIFIED.,.F.,.F.) B_SPLINE_CURVE_WITH_KNOTS((3,3),(0.,
1.570796326795),.PIECEWISE_BEZIER_KNOTS.) CURVE() 
GEOMETRIC_REPRESENTATION_ITEM() RATIONAL_B_SPLINE_CURVE((1.,
0.707106781187,1.)) REPRESENTATION_ITEM('') );
#690 = CARTESIAN_POINT('',(-7.20254827989,-10.45915904281,15.));
#691 = CARTESIAN_POINT('',(-7.364655628373,-10.66243522825,15.));
#692 = CARTESIAN_POINT('',(-7.161379442931,-10.82454257674,15.));
#693 = ORIENTED_EDGE('',*,*,#694,.F.);
#694 = EDGE_CURVE('',#695,#687,#697,.T.);
#695 = VERTEX_POINT('',#696);
#696 = CARTESIAN_POINT('',(-8.594208318683,-9.349347195506,15.));
#697 = ( BOUNDED_CURVE() B_SPLINE_CURVE(2,(#698,#699,#700,#701,#702),
.UNSPECIFIED.,.F.,.F.) B_SPLINE_CURVE_WITH_KNOTS((3,2,3),(0.,
1.570796326795,3.14159265359),.PIECEWISE_BEZIER_KNOTS.) CURVE() 
GEOMETRIC_REPRESENTATION_ITEM() RATIONAL_B_SPLINE_CURVE((1.,
0.707106781187,1.,0.707106781187,1.)) REPRESENTATION_ITEM('') );
#698 = CARTESIAN_POINT('',(-8.594208318683,-9.349347195506,15.));
#699 = CARTESIAN_POINT('',(-8.039302395028,-8.65351717611,15.));
#700 = CARTESIAN_POINT('',(-7.343472375632,-9.208423099764,15.));
#701 = CARTESIAN_POINT('',(-6.647642356235,-9.763329023418,15.));
#702 = CARTESIAN_POINT('',(-7.20254827989,-10.45915904281,15.));
#703 = ORIENTED_EDGE('',*,*,#704,.F.);
#704 = EDGE_CURVE('',#705,#695,#707,.T.);
#705 = VERTEX_POINT('',#706);
#706 = CARTESIAN_POINT('',(-8.959591852608,-9.390516032465,15.));
#707 = ( BOUNDED_CURVE() B_SPLINE_CURVE(2,(#708,#709,#710),
.UNSPECIFIED.,.F.,.F.) B_SPLINE_CURVE_WITH_KNOTS((3,3),(0.,
1.570796326795),.PIECEWISE_BEZIER_KNOTS.) CURVE() 
GEOMETRIC_REPRESENTATION_ITEM() RATIONAL_B_SPLINE_CURVE((1.,
0.707106781187,1.)) REPRESENTATION_ITEM('') );
#708 = CARTESIAN_POINT('',(-8.959591852608,-9.390516032465,15.));
#709 = CARTESIAN_POINT('',(-8.756315667166,-9.552623380948,15.));
#710 = CARTESIAN_POINT('',(-8.594208318683,-9.349347195506,15.));
#711 = ORIENTED_EDGE('',*,*,#712,.F.);
#712 = EDGE_CURVE('',#713,#705,#715,.T.);
#713 = VERTEX_POINT('',#714);
#714 = CARTESIAN_POINT('',(-9.390516032465,-8.959591852608,15.));
#715 = ( BOUNDED_CURVE() B_SPLINE_CURVE(2,(#716,#717,#718),
.UNSPECIFIED.,.F.,.F.) B_SPLINE_CURVE_WITH_KNOTS((3,3),(0.,
4.695830611611E-02),.PIECEWISE_BEZIER_KNOTS.) CURVE() 
GEOMETRIC_REPRESENTATION_ITEM() RATIONAL_B_SPLINE_CURVE((1.,
0.999724377348,1.)) REPRESENTATION_ITEM('') );
#716 = CARTESIAN_POINT('',(-9.390516032465,-8.959591852608,15.));
#717 = CARTESIAN_POINT('',(-9.180113739731,-9.180113739731,15.));
#718 = CARTESIAN_POINT('',(-8.959591852608,-9.390516032465,15.));
#719 = ORIENTED_EDGE('',*,*,#720,.F.);
#720 = EDGE_CURVE('',#721,#713,#723,.T.);
#721 = VERTEX_POINT('',#722);
#722 = CARTESIAN_POINT('',(-9.349347195506,-8.594208318683,15.));
#723 = ( BOUNDED_CURVE() B_SPLINE_CURVE(2,(#724,#725,#726),
.UNSPECIFIED.,.F.,.F.) B_SPLINE_CURVE_WITH_KNOTS((3,3),(0.,
1.570796326795),.PIECEWISE_BEZIER_KNOTS.) CURVE() 
GEOMETRIC_REPRESENTATION_ITEM() RATIONAL_B_SPLINE_CURVE((1.,
0.707106781187,1.)) REPRESENTATION_ITEM('') );
#724 = CARTESIAN_POINT('',(-9.349347195506,-8.594208318683,15.));
#725 = CARTESIAN_POINT('',(-9.552623380948,-8.756315667166,15.));
#726 = CARTESIAN_POINT('',(-9.390516032465,-8.959591852608,15.));
#727 = ORIENTED_EDGE('',*,*,#728,.F.);
#728 = EDGE_CURVE('',#729,#721,#731,.T.);
#729 = VERTEX_POINT('',#730);
#730 = CARTESIAN_POINT('',(-10.45915904281,-7.20254827989,15.));
#731 = ( BOUNDED_CURVE() B_SPLINE_CURVE(2,(#732,#733,#734,#735,#736),
.UNSPECIFIED.,.F.,.F.) B_SPLINE_CURVE_WITH_KNOTS((3,2,3),(0.,
1.570796326795,3.14159265359),.PIECEWISE_BEZIER_KNOTS.) CURVE() 
GEOMETRIC_REPRESENTATION_ITEM() RATIONAL_B_SPLINE_CURVE((1.,
0.707106781187,1.,0.707106781187,1.)) REPRESENTATION_ITEM('') );
#732 = CARTESIAN_POINT('',(-10.45915904281,-7.20254827989,15.));
#733 = CARTESIAN_POINT('',(-9.763329023418,-6.647642356235,15.));
#734 = CARTESIAN_POINT('',(-9.208423099764,-7.343472375632,15.));
#735 = CARTESIAN_POINT('',(-8.65351717611,-8.039302395028,15.));
#736 = CARTESIAN_POINT('',(-9.349347195506,-8.594208318683,15.));
#737 = ORIENTED_EDGE('',*,*,#738,.F.);
#738 = EDGE_CURVE('',#739,#729,#741,.T.);
#739 = VERTEX_POINT('',#740);
#740 = CARTESIAN_POINT('',(-10.82454257674,-7.161379442931,15.));
#741 = ( BOUNDED_CURVE() B_SPLINE_CURVE(2,(#742,#743,#744),
.UNSPECIFIED.,.F.,.F.) B_SPLINE_CURVE_WITH_KNOTS((3,3),(0.,
1.570796326795),.PIECEWISE_BEZIER_KNOTS.) CURVE() 
GEOMETRIC_REPRESENTATION_ITEM() RATIONAL_B_SPLINE_CURVE((1.,
0.707106781187,1.)) REPRESENTATION_ITEM('') );
#742 = CARTESIAN_POINT('',(-10.82454257674,-7.161379442931,15.));
#743 = CARTESIAN_POINT('',(-10.66243522825,-7.364655628373,15.));
#744 = CARTESIAN_POINT('',(-10.45915904281,-7.20254827989,15.));
#745 = ORIENTED_EDGE('',*,*,#746,.F.);
#746 = EDGE_CURVE('',#747,#739,#749,.T.);
#747 = VERTEX_POINT('',#748);
#748 = CARTESIAN_POINT('',(-11.14877293675,-6.645369780988,15.));
#749 = ( BOUNDED_CURVE() B_SPLINE_CURVE(2,(#750,#751,#752),
.UNSPECIFIED.,.F.,.F.) B_SPLINE_CURVE_WITH_KNOTS((3,3),(0.,
4.695830611611E-02),.PIECEWISE_BEZIER_KNOTS.) CURVE() 
GEOMETRIC_REPRESENTATION_ITEM() RATIONAL_B_SPLINE_CURVE((1.,
0.999724377348,1.)) REPRESENTATION_ITEM('') );
#750 = CARTESIAN_POINT('',(-11.14877293675,-6.645369780988,15.));
#751 = CARTESIAN_POINT('',(-10.99271660505,-6.907181638677,15.));
#752 = CARTESIAN_POINT('',(-10.82454257674,-7.161379442931,15.));
#753 = ORIENTED_EDGE('',*,*,#754,.F.);
#754 = EDGE_CURVE('',#755,#747,#757,.T.);
#755 = VERTEX_POINT('',#756);
#756 = CARTESIAN_POINT('',(-11.02733080326,-6.298308103163,15.));
#757 = ( BOUNDED_CURVE() B_SPLINE_CURVE(2,(#758,#759,#760),
.UNSPECIFIED.,.F.,.F.) B_SPLINE_CURVE_WITH_KNOTS((3,3),(0.,
1.570796326795),.PIECEWISE_BEZIER_KNOTS.) CURVE() 
GEOMETRIC_REPRESENTATION_ITEM() RATIONAL_B_SPLINE_CURVE((1.,
0.707106781187,1.)) REPRESENTATION_ITEM('') );
#758 = CARTESIAN_POINT('',(-11.02733080326,-6.298308103163,15.));
#759 = CARTESIAN_POINT('',(-11.26158270892,-6.411117875334,15.));
#760 = CARTESIAN_POINT('',(-11.14877293675,-6.645369780988,15.));
#761 = ORIENTED_EDGE('',*,*,#762,.F.);
#762 = EDGE_CURVE('',#763,#755,#765,.T.);
#763 = VERTEX_POINT('',#764);
#764 = CARTESIAN_POINT('',(-11.79964385889,-4.694583518297,15.));
#765 = ( BOUNDED_CURVE() B_SPLINE_CURVE(2,(#766,#767,#768,#769,#770),
.UNSPECIFIED.,.F.,.F.) B_SPLINE_CURVE_WITH_KNOTS((3,2,3),(0.,
1.570796326795,3.14159265359),.PIECEWISE_BEZIER_KNOTS.) CURVE() 
GEOMETRIC_REPRESENTATION_ITEM() RATIONAL_B_SPLINE_CURVE((1.,
0.707106781187,1.,0.707106781187,1.)) REPRESENTATION_ITEM('') );
#766 = CARTESIAN_POINT('',(-11.79964385889,-4.694583518297,15.));
#767 = CARTESIAN_POINT('',(-10.99778156646,-4.308426990482,15.));
#768 = CARTESIAN_POINT('',(-10.61162503864,-5.110289282915,15.));
#769 = CARTESIAN_POINT('',(-10.22546851083,-5.912151575348,15.));
#770 = CARTESIAN_POINT('',(-11.02733080326,-6.298308103163,15.));
#771 = ORIENTED_EDGE('',*,*,#772,.F.);
#772 = EDGE_CURVE('',#773,#763,#775,.T.);
#773 = VERTEX_POINT('',#774);
#774 = CARTESIAN_POINT('',(-12.14670553672,-4.573141384813,15.));
#775 = ( BOUNDED_CURVE() B_SPLINE_CURVE(2,(#776,#777,#778),
.UNSPECIFIED.,.F.,.F.) B_SPLINE_CURVE_WITH_KNOTS((3,3),(0.,
1.570796326795),.PIECEWISE_BEZIER_KNOTS.) CURVE() 
GEOMETRIC_REPRESENTATION_ITEM() RATIONAL_B_SPLINE_CURVE((1.,
0.707106781187,1.)) REPRESENTATION_ITEM('') );
#776 = CARTESIAN_POINT('',(-12.14670553672,-4.573141384813,15.));
#777 = CARTESIAN_POINT('',(-12.03389576455,-4.807393290467,15.));
#778 = CARTESIAN_POINT('',(-11.79964385889,-4.694583518297,15.));
#779 = ORIENTED_EDGE('',*,*,#780,.F.);
#780 = EDGE_CURVE('',#781,#773,#783,.T.);
#781 = VERTEX_POINT('',#782);
#782 = CARTESIAN_POINT('',(-12.34798381276,-3.997921119902,15.));
#783 = ( BOUNDED_CURVE() B_SPLINE_CURVE(2,(#784,#785,#786),
.UNSPECIFIED.,.F.,.F.) B_SPLINE_CURVE_WITH_KNOTS((3,3),(0.,
4.695830611611E-02),.PIECEWISE_BEZIER_KNOTS.) CURVE() 
GEOMETRIC_REPRESENTATION_ITEM() RATIONAL_B_SPLINE_CURVE((1.,
0.999724377348,1.)) REPRESENTATION_ITEM('') );
#784 = CARTESIAN_POINT('',(-12.34798381276,-3.997921119902,15.));
#785 = CARTESIAN_POINT('',(-12.25409875821,-4.287894608382,15.));
#786 = CARTESIAN_POINT('',(-12.14670553672,-4.573141384813,15.));
#787 = ORIENTED_EDGE('',*,*,#788,.F.);
#788 = EDGE_CURVE('',#789,#781,#791,.T.);
#789 = VERTEX_POINT('',#790);
#790 = CARTESIAN_POINT('',(-12.15235799842,-3.686584419907,15.));
#791 = ( BOUNDED_CURVE() B_SPLINE_CURVE(2,(#792,#793,#794),
.UNSPECIFIED.,.F.,.F.) B_SPLINE_CURVE_WITH_KNOTS((3,3),(0.,
1.570796326795),.PIECEWISE_BEZIER_KNOTS.) CURVE() 
GEOMETRIC_REPRESENTATION_ITEM() RATIONAL_B_SPLINE_CURVE((1.,
0.707106781187,1.)) REPRESENTATION_ITEM('') );
#792 = CARTESIAN_POINT('',(-12.15235799842,-3.686584419907,15.));
#793 = CARTESIAN_POINT('',(-12.40583925559,-3.744439862735,15.));
#794 = CARTESIAN_POINT('',(-12.34798381276,-3.997921119902,15.));
#795 = ORIENTED_EDGE('',*,*,#796,.F.);
#796 = EDGE_CURVE('',#797,#789,#799,.T.);
#797 = VERTEX_POINT('',#798);
#798 = CARTESIAN_POINT('',(-12.54844526087,-1.951212736223,15.));
#799 = ( BOUNDED_CURVE() B_SPLINE_CURVE(2,(#800,#801,#802,#803,#804),
.UNSPECIFIED.,.F.,.F.) B_SPLINE_CURVE_WITH_KNOTS((3,2,3),(0.,
1.570796326795,3.14159265359),.PIECEWISE_BEZIER_KNOTS.) CURVE() 
GEOMETRIC_REPRESENTATION_ITEM() RATIONAL_B_SPLINE_CURVE((1.,
0.707106781187,1.,0.707106781187,1.)) REPRESENTATION_ITEM('') );
#800 = CARTESIAN_POINT('',(-12.54844526087,-1.951212736223,15.));
#801 = CARTESIAN_POINT('',(-11.68075941902,-1.753169105002,15.));
#802 = CARTESIAN_POINT('',(-11.4827157878,-2.620854946844,15.));
#803 = CARTESIAN_POINT('',(-11.28467215658,-3.488540788685,15.));
#804 = CARTESIAN_POINT('',(-12.15235799842,-3.686584419907,15.));
#805 = ORIENTED_EDGE('',*,*,#806,.F.);
#806 = EDGE_CURVE('',#807,#797,#809,.T.);
#807 = VERTEX_POINT('',#808);
#808 = CARTESIAN_POINT('',(-12.85978196086,-1.755586921884,15.));
#809 = ( BOUNDED_CURVE() B_SPLINE_CURVE(2,(#810,#811,#812),
.UNSPECIFIED.,.F.,.F.) B_SPLINE_CURVE_WITH_KNOTS((3,3),(0.,
1.570796326795),.PIECEWISE_BEZIER_KNOTS.) CURVE() 
GEOMETRIC_REPRESENTATION_ITEM() RATIONAL_B_SPLINE_CURVE((1.,
0.707106781187,1.)) REPRESENTATION_ITEM('') );
#810 = CARTESIAN_POINT('',(-12.85978196086,-1.755586921884,15.));
#811 = CARTESIAN_POINT('',(-12.80192651803,-2.009068179052,15.));
#812 = CARTESIAN_POINT('',(-12.54844526087,-1.951212736223,15.));
#813 = ORIENTED_EDGE('',*,*,#814,.F.);
#814 = EDGE_CURVE('',#815,#807,#817,.T.);
#815 = VERTEX_POINT('',#816);
#816 = CARTESIAN_POINT('',(-12.92801521971,-1.15,15.));
#817 = ( BOUNDED_CURVE() B_SPLINE_CURVE(2,(#818,#819,#820),
.UNSPECIFIED.,.F.,.F.) B_SPLINE_CURVE_WITH_KNOTS((3,3),(0.,
4.695830611611E-02),.PIECEWISE_BEZIER_KNOTS.) CURVE() 
GEOMETRIC_REPRESENTATION_ITEM() RATIONAL_B_SPLINE_CURVE((1.,
0.999724377348,1.)) REPRESENTATION_ITEM('') );
#818 = CARTESIAN_POINT('',(-12.92801521971,-1.15,15.));
#819 = CARTESIAN_POINT('',(-12.90100923098,-1.453594637733,15.));
#820 = CARTESIAN_POINT('',(-12.85978196086,-1.755586921884,15.));
#821 = ORIENTED_EDGE('',*,*,#822,.F.);
#822 = EDGE_CURVE('',#823,#815,#825,.T.);
#823 = VERTEX_POINT('',#824);
#824 = CARTESIAN_POINT('',(-12.66801521971,-0.89,15.));
#825 = ( BOUNDED_CURVE() B_SPLINE_CURVE(2,(#826,#827,#828),
.UNSPECIFIED.,.F.,.F.) B_SPLINE_CURVE_WITH_KNOTS((3,3),(0.,
1.570796326795),.PIECEWISE_BEZIER_KNOTS.) CURVE() 
GEOMETRIC_REPRESENTATION_ITEM() RATIONAL_B_SPLINE_CURVE((1.,
0.707106781187,1.)) REPRESENTATION_ITEM('') );
#826 = CARTESIAN_POINT('',(-12.66801521971,-0.89,15.));
#827 = CARTESIAN_POINT('',(-12.92801521971,-0.89,15.));
#828 = CARTESIAN_POINT('',(-12.92801521971,-1.15,15.));
#829 = ORIENTED_EDGE('',*,*,#830,.F.);
#830 = EDGE_CURVE('',#831,#823,#833,.T.);
#831 = VERTEX_POINT('',#832);
#832 = CARTESIAN_POINT('',(-12.66801521971,0.89,15.));
#833 = ( BOUNDED_CURVE() B_SPLINE_CURVE(2,(#834,#835,#836,#837,#838),
.UNSPECIFIED.,.F.,.F.) B_SPLINE_CURVE_WITH_KNOTS((3,2,3),(0.,
1.570796326795,3.14159265359),.PIECEWISE_BEZIER_KNOTS.) CURVE() 
GEOMETRIC_REPRESENTATION_ITEM() RATIONAL_B_SPLINE_CURVE((1.,
0.707106781187,1.,0.707106781187,1.)) REPRESENTATION_ITEM('') );
#834 = CARTESIAN_POINT('',(-12.66801521971,0.89,15.));
#835 = CARTESIAN_POINT('',(-11.77801521971,0.89,15.));
#836 = CARTESIAN_POINT('',(-11.77801521971,1.78E-15,15.));
#837 = CARTESIAN_POINT('',(-11.77801521971,-0.89,15.));
#838 = CARTESIAN_POINT('',(-12.66801521971,-0.89,15.));
#839 = ORIENTED_EDGE('',*,*,#840,.F.);
#840 = EDGE_CURVE('',#841,#831,#843,.T.);
#841 = VERTEX_POINT('',#842);
#842 = CARTESIAN_POINT('',(-12.92801521971,1.15,15.));
#843 = ( BOUNDED_CURVE() B_SPLINE_CURVE(2,(#844,#845,#846),
.UNSPECIFIED.,.F.,.F.) B_SPLINE_CURVE_WITH_KNOTS((3,3),(0.,
1.570796326795),.PIECEWISE_BEZIER_KNOTS.) CURVE() 
GEOMETRIC_REPRESENTATION_ITEM() RATIONAL_B_SPLINE_CURVE((1.,
0.707106781187,1.)) REPRESENTATION_ITEM('') );
#844 = CARTESIAN_POINT('',(-12.92801521971,1.15,15.));
#845 = CARTESIAN_POINT('',(-12.92801521971,0.89,15.));
#846 = CARTESIAN_POINT('',(-12.66801521971,0.89,15.));
#847 = ORIENTED_EDGE('',*,*,#848,.F.);
#848 = EDGE_CURVE('',#849,#841,#851,.T.);
#849 = VERTEX_POINT('',#850);
#850 = CARTESIAN_POINT('',(-12.85978196086,1.755586921884,15.));
#851 = ( BOUNDED_CURVE() B_SPLINE_CURVE(2,(#852,#853,#854),
.UNSPECIFIED.,.F.,.F.) B_SPLINE_CURVE_WITH_KNOTS((3,3),(0.,
4.695830611611E-02),.PIECEWISE_BEZIER_KNOTS.) CURVE() 
GEOMETRIC_REPRESENTATION_ITEM() RATIONAL_B_SPLINE_CURVE((1.,
0.999724377348,1.)) REPRESENTATION_ITEM('') );
#852 = CARTESIAN_POINT('',(-12.85978196086,1.755586921884,15.));
#853 = CARTESIAN_POINT('',(-12.90100923098,1.453594637733,15.));
#854 = CARTESIAN_POINT('',(-12.92801521971,1.15,15.));
#855 = ORIENTED_EDGE('',*,*,#856,.F.);
#856 = EDGE_CURVE('',#857,#849,#859,.T.);
#857 = VERTEX_POINT('',#858);
#858 = CARTESIAN_POINT('',(-12.54844526087,1.951212736223,15.));
#859 = ( BOUNDED_CURVE() B_SPLINE_CURVE(2,(#860,#861,#862),
.UNSPECIFIED.,.F.,.F.) B_SPLINE_CURVE_WITH_KNOTS((3,3),(0.,
1.570796326795),.PIECEWISE_BEZIER_KNOTS.) CURVE() 
GEOMETRIC_REPRESENTATION_ITEM() RATIONAL_B_SPLINE_CURVE((1.,
0.707106781187,1.)) REPRESENTATION_ITEM('') );
#860 = CARTESIAN_POINT('',(-12.54844526087,1.951212736223,15.));
#861 = CARTESIAN_POINT('',(-12.80192651803,2.009068179052,15.));
#862 = CARTESIAN_POINT('',(-12.85978196086,1.755586921884,15.));
#863 = ORIENTED_EDGE('',*,*,#864,.F.);
#864 = EDGE_CURVE('',#865,#857,#867,.T.);
#865 = VERTEX_POINT('',#866);
#866 = CARTESIAN_POINT('',(-12.15235799842,3.686584419907,15.));
#867 = ( BOUNDED_CURVE() B_SPLINE_CURVE(2,(#868,#869,#870,#871,#872),
.UNSPECIFIED.,.F.,.F.) B_SPLINE_CURVE_WITH_KNOTS((3,2,3),(0.,
1.570796326795,3.14159265359),.PIECEWISE_BEZIER_KNOTS.) CURVE() 
GEOMETRIC_REPRESENTATION_ITEM() RATIONAL_B_SPLINE_CURVE((1.,
0.707106781187,1.,0.707106781187,1.)) REPRESENTATION_ITEM('') );
#868 = CARTESIAN_POINT('',(-12.15235799842,3.686584419907,15.));
#869 = CARTESIAN_POINT('',(-11.28467215658,3.488540788685,15.));
#870 = CARTESIAN_POINT('',(-11.4827157878,2.620854946844,15.));
#871 = CARTESIAN_POINT('',(-11.68075941902,1.753169105002,15.));
#872 = CARTESIAN_POINT('',(-12.54844526087,1.951212736223,15.));
#873 = ORIENTED_EDGE('',*,*,#874,.F.);
#874 = EDGE_CURVE('',#875,#865,#877,.T.);
#875 = VERTEX_POINT('',#876);
#876 = CARTESIAN_POINT('',(-12.34798381276,3.997921119902,15.));
#877 = ( BOUNDED_CURVE() B_SPLINE_CURVE(2,(#878,#879,#880),
.UNSPECIFIED.,.F.,.F.) B_SPLINE_CURVE_WITH_KNOTS((3,3),(0.,
1.570796326795),.PIECEWISE_BEZIER_KNOTS.) CURVE() 
GEOMETRIC_REPRESENTATION_ITEM() RATIONAL_B_SPLINE_CURVE((1.,
0.707106781187,1.)) REPRESENTATION_ITEM('') );
#878 = CARTESIAN_POINT('',(-12.34798381276,3.997921119902,15.));
#879 = CARTESIAN_POINT('',(-12.40583925559,3.744439862735,15.));
#880 = CARTESIAN_POINT('',(-12.15235799842,3.686584419907,15.));
#881 = ORIENTED_EDGE('',*,*,#882,.F.);
#882 = EDGE_CURVE('',#883,#875,#885,.T.);
#883 = VERTEX_POINT('',#884);
#884 = CARTESIAN_POINT('',(-12.14670553672,4.573141384813,15.));
#885 = ( BOUNDED_CURVE() B_SPLINE_CURVE(2,(#886,#887,#888),
.UNSPECIFIED.,.F.,.F.) B_SPLINE_CURVE_WITH_KNOTS((3,3),(0.,
4.695830611611E-02),.PIECEWISE_BEZIER_KNOTS.) CURVE() 
GEOMETRIC_REPRESENTATION_ITEM() RATIONAL_B_SPLINE_CURVE((1.,
0.999724377348,1.)) REPRESENTATION_ITEM('') );
#886 = CARTESIAN_POINT('',(-12.14670553672,4.573141384813,15.));
#887 = CARTESIAN_POINT('',(-12.25409875821,4.287894608382,15.));
#888 = CARTESIAN_POINT('',(-12.34798381276,3.997921119902,15.));
#889 = ORIENTED_EDGE('',*,*,#890,.F.);
#890 = EDGE_CURVE('',#891,#883,#893,.T.);
#891 = VERTEX_POINT('',#892);
#892 = CARTESIAN_POINT('',(-11.79964385889,4.694583518297,15.));
#893 = ( BOUNDED_CURVE() B_SPLINE_CURVE(2,(#894,#895,#896),
.UNSPECIFIED.,.F.,.F.) B_SPLINE_CURVE_WITH_KNOTS((3,3),(0.,
1.570796326795),.PIECEWISE_BEZIER_KNOTS.) CURVE() 
GEOMETRIC_REPRESENTATION_ITEM() RATIONAL_B_SPLINE_CURVE((1.,
0.707106781187,1.)) REPRESENTATION_ITEM('') );
#894 = CARTESIAN_POINT('',(-11.79964385889,4.694583518297,15.));
#895 = CARTESIAN_POINT('',(-12.03389576455,4.807393290467,15.));
#896 = CARTESIAN_POINT('',(-12.14670553672,4.573141384813,15.));
#897 = ORIENTED_EDGE('',*,*,#898,.F.);
#898 = EDGE_CURVE('',#899,#891,#901,.T.);
#899 = VERTEX_POINT('',#900);
#900 = CARTESIAN_POINT('',(-11.02733080326,6.298308103163,15.));
#901 = ( BOUNDED_CURVE() B_SPLINE_CURVE(2,(#902,#903,#904,#905,#906),
.UNSPECIFIED.,.F.,.F.) B_SPLINE_CURVE_WITH_KNOTS((3,2,3),(0.,
1.570796326795,3.14159265359),.PIECEWISE_BEZIER_KNOTS.) CURVE() 
GEOMETRIC_REPRESENTATION_ITEM() RATIONAL_B_SPLINE_CURVE((1.,
0.707106781187,1.,0.707106781187,1.)) REPRESENTATION_ITEM('') );
#902 = CARTESIAN_POINT('',(-11.02733080326,6.298308103163,15.));
#903 = CARTESIAN_POINT('',(-10.22546851083,5.912151575348,15.));
#904 = CARTESIAN_POINT('',(-10.61162503864,5.110289282915,15.));
#905 = CARTESIAN_POINT('',(-10.99778156646,4.308426990482,15.));
#906 = CARTESIAN_POINT('',(-11.79964385889,4.694583518297,15.));
#907 = ORIENTED_EDGE('',*,*,#908,.F.);
#908 = EDGE_CURVE('',#909,#899,#911,.T.);
#909 = VERTEX_POINT('',#910);
#910 = CARTESIAN_POINT('',(-11.14877293675,6.645369780988,15.));
#911 = ( BOUNDED_CURVE() B_SPLINE_CURVE(2,(#912,#913,#914),
.UNSPECIFIED.,.F.,.F.) B_SPLINE_CURVE_WITH_KNOTS((3,3),(0.,
1.570796326795),.PIECEWISE_BEZIER_KNOTS.) CURVE() 
GEOMETRIC_REPRESENTATION_ITEM() RATIONAL_B_SPLINE_CURVE((1.,
0.707106781187,1.)) REPRESENTATION_ITEM('') );
#912 = CARTESIAN_POINT('',(-11.14877293675,6.645369780988,15.));
#913 = CARTESIAN_POINT('',(-11.26158270892,6.411117875334,15.));
#914 = CARTESIAN_POINT('',(-11.02733080326,6.298308103163,15.));
#915 = ORIENTED_EDGE('',*,*,#916,.F.);
#916 = EDGE_CURVE('',#917,#909,#919,.T.);
#917 = VERTEX_POINT('',#918);
#918 = CARTESIAN_POINT('',(-10.82454257674,7.161379442931,15.));
#919 = ( BOUNDED_CURVE() B_SPLINE_CURVE(2,(#920,#921,#922),
.UNSPECIFIED.,.F.,.F.) B_SPLINE_CURVE_WITH_KNOTS((3,3),(0.,
4.695830611611E-02),.PIECEWISE_BEZIER_KNOTS.) CURVE() 
GEOMETRIC_REPRESENTATION_ITEM() RATIONAL_B_SPLINE_CURVE((1.,
0.999724377348,1.)) REPRESENTATION_ITEM('') );
#920 = CARTESIAN_POINT('',(-10.82454257674,7.161379442931,15.));
#921 = CARTESIAN_POINT('',(-10.99271660505,6.907181638677,15.));
#922 = CARTESIAN_POINT('',(-11.14877293675,6.645369780988,15.));
#923 = ORIENTED_EDGE('',*,*,#924,.F.);
#924 = EDGE_CURVE('',#925,#917,#927,.T.);
#925 = VERTEX_POINT('',#926);
#926 = CARTESIAN_POINT('',(-10.45915904281,7.20254827989,15.));
#927 = ( BOUNDED_CURVE() B_SPLINE_CURVE(2,(#928,#929,#930),
.UNSPECIFIED.,.F.,.F.) B_SPLINE_CURVE_WITH_KNOTS((3,3),(0.,
1.570796326795),.PIECEWISE_BEZIER_KNOTS.) CURVE() 
GEOMETRIC_REPRESENTATION_ITEM() RATIONAL_B_SPLINE_CURVE((1.,
0.707106781187,1.)) REPRESENTATION_ITEM('') );
#928 = CARTESIAN_POINT('',(-10.45915904281,7.20254827989,15.));
#929 = CARTESIAN_POINT('',(-10.66243522825,7.364655628373,15.));
#930 = CARTESIAN_POINT('',(-10.82454257674,7.161379442931,15.));
#931 = ORIENTED_EDGE('',*,*,#932,.F.);
#932 = EDGE_CURVE('',#933,#925,#935,.T.);
#933 = VERTEX_POINT('',#934);
#934 = CARTESIAN_POINT('',(-9.349347195506,8.594208318683,15.));
#935 = ( BOUNDED_CURVE() B_SPLINE_CURVE(2,(#936,#937,#938,#939,#940),
.UNSPECIFIED.,.F.,.F.) B_SPLINE_CURVE_WITH_KNOTS((3,2,3),(0.,
1.570796326795,3.14159265359),.PIECEWISE_BEZIER_KNOTS.) CURVE() 
GEOMETRIC_REPRESENTATION_ITEM() RATIONAL_B_SPLINE_CURVE((1.,
0.707106781187,1.,0.707106781187,1.)) REPRESENTATION_ITEM('') );
#936 = CARTESIAN_POINT('',(-9.349347195506,8.594208318683,15.));
#937 = CARTESIAN_POINT('',(-8.65351717611,8.039302395028,15.));
#938 = CARTESIAN_POINT('',(-9.208423099764,7.343472375632,15.));
#939 = CARTESIAN_POINT('',(-9.763329023418,6.647642356235,15.));
#940 = CARTESIAN_POINT('',(-10.45915904281,7.20254827989,15.));
#941 = ORIENTED_EDGE('',*,*,#942,.F.);
#942 = EDGE_CURVE('',#943,#933,#945,.T.);
#943 = VERTEX_POINT('',#944);
#944 = CARTESIAN_POINT('',(-9.390516032465,8.959591852608,15.));
#945 = ( BOUNDED_CURVE() B_SPLINE_CURVE(2,(#946,#947,#948),
.UNSPECIFIED.,.F.,.F.) B_SPLINE_CURVE_WITH_KNOTS((3,3),(0.,
1.570796326795),.PIECEWISE_BEZIER_KNOTS.) CURVE() 
GEOMETRIC_REPRESENTATION_ITEM() RATIONAL_B_SPLINE_CURVE((1.,
0.707106781187,1.)) REPRESENTATION_ITEM('') );
#946 = CARTESIAN_POINT('',(-9.390516032465,8.959591852608,15.));
#947 = CARTESIAN_POINT('',(-9.552623380948,8.756315667166,15.));
#948 = CARTESIAN_POINT('',(-9.349347195506,8.594208318683,15.));
#949 = ORIENTED_EDGE('',*,*,#950,.F.);
#950 = EDGE_CURVE('',#951,#943,#953,.T.);
#951 = VERTEX_POINT('',#952);
#952 = CARTESIAN_POINT('',(-8.959591852608,9.390516032465,15.));
#953 = ( BOUNDED_CURVE() B_SPLINE_CURVE(2,(#954,#955,#956),
.UNSPECIFIED.,.F.,.F.) B_SPLINE_CURVE_WITH_KNOTS((3,3),(0.,
4.695830611611E-02),.PIECEWISE_BEZIER_KNOTS.) CURVE() 
GEOMETRIC_REPRESENTATION_ITEM() RATIONAL_B_SPLINE_CURVE((1.,
0.999724377348,1.)) REPRESENTATION_ITEM('') );
#954 = CARTESIAN_POINT('',(-8.959591852608,9.390516032465,15.));
#955 = CARTESIAN_POINT('',(-9.180113739731,9.180113739731,15.));
#956 = CARTESIAN_POINT('',(-9.390516032465,8.959591852608,15.));
#957 = ORIENTED_EDGE('',*,*,#958,.F.);
#958 = EDGE_CURVE('',#959,#951,#961,.T.);
#959 = VERTEX_POINT('',#960);
#960 = CARTESIAN_POINT('',(-8.594208318683,9.349347195506,15.));
#961 = ( BOUNDED_CURVE() B_SPLINE_CURVE(2,(#962,#963,#964),
.UNSPECIFIED.,.F.,.F.) B_SPLINE_CURVE_WITH_KNOTS((3,3),(0.,
1.570796326795),.PIECEWISE_BEZIER_KNOTS.) CURVE() 
GEOMETRIC_REPRESENTATION_ITEM() RATIONAL_B_SPLINE_CURVE((1.,
0.707106781187,1.)) REPRESENTATION_ITEM('') );
#962 = CARTESIAN_POINT('',(-8.594208318683,9.349347195506,15.));
#963 = CARTESIAN_POINT('',(-8.756315667166,9.552623380948,15.));
#964 = CARTESIAN_POINT('',(-8.959591852608,9.390516032465,15.));
#965 = ORIENTED_EDGE('',*,*,#966,.F.);
#966 = EDGE_CURVE('',#967,#959,#969,.T.);
#967 = VERTEX_POINT('',#968);
#968 = CARTESIAN_POINT('',(-7.20254827989,10.459159042815,15.));
#969 = ( BOUNDED_CURVE() B_SPLINE_CURVE(2,(#970,#971,#972,#973,#974),
.UNSPECIFIED.,.F.,.F.) B_SPLINE_CURVE_WITH_KNOTS((3,2,3),(0.,
1.570796326795,3.14159265359),.PIECEWISE_BEZIER_KNOTS.) CURVE() 
GEOMETRIC_REPRESENTATION_ITEM() RATIONAL_B_SPLINE_CURVE((1.,
0.707106781187,1.,0.707106781187,1.)) REPRESENTATION_ITEM('') );
#970 = CARTESIAN_POINT('',(-7.20254827989,10.459159042815,15.));
#971 = CARTESIAN_POINT('',(-6.647642356235,9.763329023418,15.));
#972 = CARTESIAN_POINT('',(-7.343472375632,9.208423099764,15.));
#973 = CARTESIAN_POINT('',(-8.039302395028,8.65351717611,15.));
#974 = CARTESIAN_POINT('',(-8.594208318683,9.349347195506,15.));
#975 = ORIENTED_EDGE('',*,*,#976,.F.);
#976 = EDGE_CURVE('',#977,#967,#979,.T.);
#977 = VERTEX_POINT('',#978);
#978 = CARTESIAN_POINT('',(-7.161379442931,10.82454257674,15.));
#979 = ( BOUNDED_CURVE() B_SPLINE_CURVE(2,(#980,#981,#982),
.UNSPECIFIED.,.F.,.F.) B_SPLINE_CURVE_WITH_KNOTS((3,3),(0.,
1.570796326795),.PIECEWISE_BEZIER_KNOTS.) CURVE() 
GEOMETRIC_REPRESENTATION_ITEM() RATIONAL_B_SPLINE_CURVE((1.,
0.707106781187,1.)) REPRESENTATION_ITEM('') );
#980 = CARTESIAN_POINT('',(-7.161379442931,10.82454257674,15.));
#981 = CARTESIAN_POINT('',(-7.364655628373,10.662435228257,15.));
#982 = CARTESIAN_POINT('',(-7.20254827989,10.459159042815,15.));
#983 = ORIENTED_EDGE('',*,*,#984,.F.);
#984 = EDGE_CURVE('',#985,#977,#987,.T.);
#985 = VERTEX_POINT('',#986);
#986 = CARTESIAN_POINT('',(-6.645369780988,11.14877293675,15.));
#987 = ( BOUNDED_CURVE() B_SPLINE_CURVE(2,(#988,#989,#990),
.UNSPECIFIED.,.F.,.F.) B_SPLINE_CURVE_WITH_KNOTS((3,3),(0.,
4.695830611611E-02),.PIECEWISE_BEZIER_KNOTS.) CURVE() 
GEOMETRIC_REPRESENTATION_ITEM() RATIONAL_B_SPLINE_CURVE((1.,
0.999724377348,1.)) REPRESENTATION_ITEM('') );
#988 = CARTESIAN_POINT('',(-6.645369780988,11.14877293675,15.));
#989 = CARTESIAN_POINT('',(-6.907181638677,10.992716605057,15.));
#990 = CARTESIAN_POINT('',(-7.161379442931,10.82454257674,15.));
#991 = ORIENTED_EDGE('',*,*,#992,.F.);
#992 = EDGE_CURVE('',#993,#985,#995,.T.);
#993 = VERTEX_POINT('',#994);
#994 = CARTESIAN_POINT('',(-6.298308103163,11.027330803266,15.));
#995 = ( BOUNDED_CURVE() B_SPLINE_CURVE(2,(#996,#997,#998),
.UNSPECIFIED.,.F.,.F.) B_SPLINE_CURVE_WITH_KNOTS((3,3),(0.,
1.570796326795),.PIECEWISE_BEZIER_KNOTS.) CURVE() 
GEOMETRIC_REPRESENTATION_ITEM() RATIONAL_B_SPLINE_CURVE((1.,
0.707106781187,1.)) REPRESENTATION_ITEM('') );
#996 = CARTESIAN_POINT('',(-6.298308103163,11.027330803266,15.));
#997 = CARTESIAN_POINT('',(-6.411117875334,11.261582708921,15.));
#998 = CARTESIAN_POINT('',(-6.645369780988,11.14877293675,15.));
#999 = ORIENTED_EDGE('',*,*,#1000,.F.);
#1000 = EDGE_CURVE('',#1001,#993,#1003,.T.);
#1001 = VERTEX_POINT('',#1002);
#1002 = CARTESIAN_POINT('',(-4.694583518297,11.799643858896,15.));
#1003 = ( BOUNDED_CURVE() B_SPLINE_CURVE(2,(#1004,#1005,#1006,#1007,
#1008),.UNSPECIFIED.,.F.,.F.) B_SPLINE_CURVE_WITH_KNOTS((3,2,3),(0.,
1.570796326795,3.14159265359),.PIECEWISE_BEZIER_KNOTS.) CURVE() 
GEOMETRIC_REPRESENTATION_ITEM() RATIONAL_B_SPLINE_CURVE((1.,
0.707106781187,1.,0.707106781187,1.)) REPRESENTATION_ITEM('') );
#1004 = CARTESIAN_POINT('',(-4.694583518297,11.799643858896,15.));
#1005 = CARTESIAN_POINT('',(-4.308426990482,10.997781566463,15.));
#1006 = CARTESIAN_POINT('',(-5.110289282915,10.611625038648,15.));
#1007 = CARTESIAN_POINT('',(-5.912151575348,10.225468510833,15.));
#1008 = CARTESIAN_POINT('',(-6.298308103163,11.027330803266,15.));
#1009 = ORIENTED_EDGE('',*,*,#1010,.F.);
#1010 = EDGE_CURVE('',#1011,#1001,#1013,.T.);
#1011 = VERTEX_POINT('',#1012);
#1012 = CARTESIAN_POINT('',(-4.573141384813,12.146705536721,15.));
#1013 = ( BOUNDED_CURVE() B_SPLINE_CURVE(2,(#1014,#1015,#1016),
.UNSPECIFIED.,.F.,.F.) B_SPLINE_CURVE_WITH_KNOTS((3,3),(0.,
1.570796326795),.PIECEWISE_BEZIER_KNOTS.) CURVE() 
GEOMETRIC_REPRESENTATION_ITEM() RATIONAL_B_SPLINE_CURVE((1.,
0.707106781187,1.)) REPRESENTATION_ITEM('') );
#1014 = CARTESIAN_POINT('',(-4.573141384813,12.146705536721,15.));
#1015 = CARTESIAN_POINT('',(-4.807393290467,12.03389576455,15.));
#1016 = CARTESIAN_POINT('',(-4.694583518297,11.799643858896,15.));
#1017 = ORIENTED_EDGE('',*,*,#1018,.F.);
#1018 = EDGE_CURVE('',#1019,#1011,#1021,.T.);
#1019 = VERTEX_POINT('',#1020);
#1020 = CARTESIAN_POINT('',(-3.997921119902,12.347983812766,15.));
#1021 = ( BOUNDED_CURVE() B_SPLINE_CURVE(2,(#1022,#1023,#1024),
.UNSPECIFIED.,.F.,.F.) B_SPLINE_CURVE_WITH_KNOTS((3,3),(0.,
4.695830611611E-02),.PIECEWISE_BEZIER_KNOTS.) CURVE() 
GEOMETRIC_REPRESENTATION_ITEM() RATIONAL_B_SPLINE_CURVE((1.,
0.999724377348,1.)) REPRESENTATION_ITEM('') );
#1022 = CARTESIAN_POINT('',(-3.997921119902,12.347983812766,15.));
#1023 = CARTESIAN_POINT('',(-4.287894608382,12.254098758219,15.));
#1024 = CARTESIAN_POINT('',(-4.573141384813,12.146705536721,15.));
#1025 = ORIENTED_EDGE('',*,*,#1026,.F.);
#1026 = EDGE_CURVE('',#1027,#1019,#1029,.T.);
#1027 = VERTEX_POINT('',#1028);
#1028 = CARTESIAN_POINT('',(-3.686584419907,12.152357998427,15.));
#1029 = ( BOUNDED_CURVE() B_SPLINE_CURVE(2,(#1030,#1031,#1032),
.UNSPECIFIED.,.F.,.F.) B_SPLINE_CURVE_WITH_KNOTS((3,3),(0.,
1.570796326795),.PIECEWISE_BEZIER_KNOTS.) CURVE() 
GEOMETRIC_REPRESENTATION_ITEM() RATIONAL_B_SPLINE_CURVE((1.,
0.707106781187,1.)) REPRESENTATION_ITEM('') );
#1030 = CARTESIAN_POINT('',(-3.686584419907,12.152357998427,15.));
#1031 = CARTESIAN_POINT('',(-3.744439862735,12.405839255595,15.));
#1032 = CARTESIAN_POINT('',(-3.997921119902,12.347983812766,15.));
#1033 = ORIENTED_EDGE('',*,*,#1034,.F.);
#1034 = EDGE_CURVE('',#1035,#1027,#1037,.T.);
#1035 = VERTEX_POINT('',#1036);
#1036 = CARTESIAN_POINT('',(-1.951212736223,12.54844526087,15.));
#1037 = ( BOUNDED_CURVE() B_SPLINE_CURVE(2,(#1038,#1039,#1040,#1041,
#1042),.UNSPECIFIED.,.F.,.F.) B_SPLINE_CURVE_WITH_KNOTS((3,2,3),(0.,
1.570796326795,3.14159265359),.PIECEWISE_BEZIER_KNOTS.) CURVE() 
GEOMETRIC_REPRESENTATION_ITEM() RATIONAL_B_SPLINE_CURVE((1.,
0.707106781187,1.,0.707106781187,1.)) REPRESENTATION_ITEM('') );
#1038 = CARTESIAN_POINT('',(-1.951212736223,12.54844526087,15.));
#1039 = CARTESIAN_POINT('',(-1.753169105002,11.680759419028,15.));
#1040 = CARTESIAN_POINT('',(-2.620854946844,11.482715787807,15.));
#1041 = CARTESIAN_POINT('',(-3.488540788685,11.284672156585,15.));
#1042 = CARTESIAN_POINT('',(-3.686584419907,12.152357998427,15.));
#1043 = ORIENTED_EDGE('',*,*,#1044,.F.);
#1044 = EDGE_CURVE('',#1045,#1035,#1047,.T.);
#1045 = VERTEX_POINT('',#1046);
#1046 = CARTESIAN_POINT('',(-1.755586921884,12.859781960865,15.));
#1047 = ( BOUNDED_CURVE() B_SPLINE_CURVE(2,(#1048,#1049,#1050),
.UNSPECIFIED.,.F.,.F.) B_SPLINE_CURVE_WITH_KNOTS((3,3),(0.,
1.570796326795),.PIECEWISE_BEZIER_KNOTS.) CURVE() 
GEOMETRIC_REPRESENTATION_ITEM() RATIONAL_B_SPLINE_CURVE((1.,
0.707106781187,1.)) REPRESENTATION_ITEM('') );
#1048 = CARTESIAN_POINT('',(-1.755586921884,12.859781960865,15.));
#1049 = CARTESIAN_POINT('',(-2.009068179052,12.801926518037,15.));
#1050 = CARTESIAN_POINT('',(-1.951212736223,12.54844526087,15.));
#1051 = ORIENTED_EDGE('',*,*,#1052,.F.);
#1052 = EDGE_CURVE('',#1053,#1045,#1055,.T.);
#1053 = VERTEX_POINT('',#1054);
#1054 = CARTESIAN_POINT('',(-1.15,12.928015219719,15.));
#1055 = CIRCLE('',#1056,12.979063044822);
#1056 = AXIS2_PLACEMENT_3D('',#1057,#1058,#1059);
#1057 = CARTESIAN_POINT('',(7.8593E-13,-6.99973E-12,15.));
#1058 = DIRECTION('',(0.,0.,1.));
#1059 = DIRECTION('',(-8.860423869037E-02,0.996066909844,0.));
#1060 = ORIENTED_EDGE('',*,*,#1061,.F.);
#1061 = EDGE_CURVE('',#107,#1053,#1062,.T.);
#1062 = CIRCLE('',#1063,0.26);
#1063 = AXIS2_PLACEMENT_3D('',#1064,#1065,#1066);
#1064 = CARTESIAN_POINT('',(-1.15,12.668015219719,15.));
#1065 = DIRECTION('',(0.,0.,1.));
#1066 = DIRECTION('',(1.,0.,0.));
#1067 = ORIENTED_EDGE('',*,*,#114,.F.);
#1068 = PLANE('',#1069);
#1069 = AXIS2_PLACEMENT_3D('',#1070,#1071,#1072);
#1070 = CARTESIAN_POINT('',(-7.3E-16,-1.2E-16,15.));
#1071 = DIRECTION('',(0.,0.,1.));
#1072 = DIRECTION('',(1.,0.,0.));
#1073 = ADVANCED_FACE('',(#1074,#1085),#2016,.F.);
#1074 = FACE_BOUND('',#1075,.F.);
#1075 = EDGE_LOOP('',(#1076));
#1076 = ORIENTED_EDGE('',*,*,#1077,.T.);
#1077 = EDGE_CURVE('',#1078,#1078,#1080,.T.);
#1078 = VERTEX_POINT('',#1079);
#1079 = CARTESIAN_POINT('',(15.,0.,22.));
#1080 = CIRCLE('',#1081,15.);
#1081 = AXIS2_PLACEMENT_3D('',#1082,#1083,#1084);
#1082 = CARTESIAN_POINT('',(0.,0.,22.));
#1083 = DIRECTION('',(0.,0.,1.));
#1084 = DIRECTION('',(1.,0.,0.));
#1085 = FACE_BOUND('',#1086,.F.);
#1086 = EDGE_LOOP('',(#1087,#1088,#1089,#1097,#1107,#1115,#1123,#1131,
    #1141,#1149,#1157,#1165,#1175,#1183,#1191,#1199,#1209,#1217,#1225,
    #1233,#1243,#1251,#1259,#1267,#1277,#1285,#1293,#1301,#1311,#1319,
    #1327,#1335,#1345,#1353,#1361,#1369,#1379,#1387,#1395,#1403,#1413,
    #1421,#1429,#1437,#1447,#1455,#1463,#1471,#1481,#1489,#1497,#1505,
    #1515,#1523,#1531,#1539,#1549,#1557,#1565,#1573,#1583,#1591,#1599,
    #1607,#1617,#1625,#1633,#1641,#1651,#1659,#1667,#1675,#1685,#1693,
    #1701,#1709,#1719,#1727,#1735,#1743,#1753,#1761,#1769,#1777,#1787,
    #1795,#1803,#1811,#1821,#1829,#1837,#1845,#1855,#1863,#1871,#1879,
    #1889,#1897,#1905,#1913,#1923,#1931,#1939,#1947,#1957,#1965,#1973,
    #1981,#1991,#1999,#2008,#2015));
#1087 = ORIENTED_EDGE('',*,*,#31,.F.);
#1088 = ORIENTED_EDGE('',*,*,#73,.F.);
#1089 = ORIENTED_EDGE('',*,*,#1090,.F.);
#1090 = EDGE_CURVE('',#1091,#66,#1093,.T.);
#1091 = VERTEX_POINT('',#1092);
#1092 = CARTESIAN_POINT('',(1.951212736223,12.54844526087,22.));
#1093 = ( BOUNDED_CURVE() B_SPLINE_CURVE(2,(#1094,#1095,#1096),
.UNSPECIFIED.,.F.,.F.) B_SPLINE_CURVE_WITH_KNOTS((3,3),(0.,
1.570796326795),.PIECEWISE_BEZIER_KNOTS.) CURVE() 
GEOMETRIC_REPRESENTATION_ITEM() RATIONAL_B_SPLINE_CURVE((1.,
0.707106781187,1.)) REPRESENTATION_ITEM('') );
#1094 = CARTESIAN_POINT('',(1.951212736223,12.54844526087,22.));
#1095 = CARTESIAN_POINT('',(2.009068179052,12.801926518037,22.));
#1096 = CARTESIAN_POINT('',(1.755586921884,12.859781960865,22.));
#1097 = ORIENTED_EDGE('',*,*,#1098,.F.);
#1098 = EDGE_CURVE('',#1099,#1091,#1101,.T.);
#1099 = VERTEX_POINT('',#1100);
#1100 = CARTESIAN_POINT('',(3.686584419907,12.152357998427,22.));
#1101 = ( BOUNDED_CURVE() B_SPLINE_CURVE(2,(#1102,#1103,#1104,#1105,
#1106),.UNSPECIFIED.,.F.,.F.) B_SPLINE_CURVE_WITH_KNOTS((3,2,3),(0.,
1.570796326795,3.14159265359),.PIECEWISE_BEZIER_KNOTS.) CURVE() 
GEOMETRIC_REPRESENTATION_ITEM() RATIONAL_B_SPLINE_CURVE((1.,
0.707106781187,1.,0.707106781187,1.)) REPRESENTATION_ITEM('') );
#1102 = CARTESIAN_POINT('',(3.686584419907,12.152357998427,22.));
#1103 = CARTESIAN_POINT('',(3.488540788685,11.284672156585,22.));
#1104 = CARTESIAN_POINT('',(2.620854946844,11.482715787807,22.));
#1105 = CARTESIAN_POINT('',(1.753169105002,11.680759419028,22.));
#1106 = CARTESIAN_POINT('',(1.951212736223,12.54844526087,22.));
#1107 = ORIENTED_EDGE('',*,*,#1108,.F.);
#1108 = EDGE_CURVE('',#1109,#1099,#1111,.T.);
#1109 = VERTEX_POINT('',#1110);
#1110 = CARTESIAN_POINT('',(3.997921119902,12.347983812766,22.));
#1111 = ( BOUNDED_CURVE() B_SPLINE_CURVE(2,(#1112,#1113,#1114),
.UNSPECIFIED.,.F.,.F.) B_SPLINE_CURVE_WITH_KNOTS((3,3),(0.,
1.570796326795),.PIECEWISE_BEZIER_KNOTS.) CURVE() 
GEOMETRIC_REPRESENTATION_ITEM() RATIONAL_B_SPLINE_CURVE((1.,
0.707106781187,1.)) REPRESENTATION_ITEM('') );
#1112 = CARTESIAN_POINT('',(3.997921119902,12.347983812766,22.));
#1113 = CARTESIAN_POINT('',(3.744439862735,12.405839255595,22.));
#1114 = CARTESIAN_POINT('',(3.686584419907,12.152357998427,22.));
#1115 = ORIENTED_EDGE('',*,*,#1116,.F.);
#1116 = EDGE_CURVE('',#1117,#1109,#1119,.T.);
#1117 = VERTEX_POINT('',#1118);
#1118 = CARTESIAN_POINT('',(4.573141384813,12.146705536721,22.));
#1119 = ( BOUNDED_CURVE() B_SPLINE_CURVE(2,(#1120,#1121,#1122),
.UNSPECIFIED.,.F.,.F.) B_SPLINE_CURVE_WITH_KNOTS((3,3),(0.,
4.695830611611E-02),.PIECEWISE_BEZIER_KNOTS.) CURVE() 
GEOMETRIC_REPRESENTATION_ITEM() RATIONAL_B_SPLINE_CURVE((1.,
0.999724377348,1.)) REPRESENTATION_ITEM('') );
#1120 = CARTESIAN_POINT('',(4.573141384813,12.146705536721,22.));
#1121 = CARTESIAN_POINT('',(4.287894608382,12.254098758219,22.));
#1122 = CARTESIAN_POINT('',(3.997921119902,12.347983812766,22.));
#1123 = ORIENTED_EDGE('',*,*,#1124,.F.);
#1124 = EDGE_CURVE('',#1125,#1117,#1127,.T.);
#1125 = VERTEX_POINT('',#1126);
#1126 = CARTESIAN_POINT('',(4.694583518297,11.799643858896,22.));
#1127 = ( BOUNDED_CURVE() B_SPLINE_CURVE(2,(#1128,#1129,#1130),
.UNSPECIFIED.,.F.,.F.) B_SPLINE_CURVE_WITH_KNOTS((3,3),(0.,
1.570796326795),.PIECEWISE_BEZIER_KNOTS.) CURVE() 
GEOMETRIC_REPRESENTATION_ITEM() RATIONAL_B_SPLINE_CURVE((1.,
0.707106781187,1.)) REPRESENTATION_ITEM('') );
#1128 = CARTESIAN_POINT('',(4.694583518297,11.799643858896,22.));
#1129 = CARTESIAN_POINT('',(4.807393290467,12.03389576455,22.));
#1130 = CARTESIAN_POINT('',(4.573141384813,12.146705536721,22.));
#1131 = ORIENTED_EDGE('',*,*,#1132,.F.);
#1132 = EDGE_CURVE('',#1133,#1125,#1135,.T.);
#1133 = VERTEX_POINT('',#1134);
#1134 = CARTESIAN_POINT('',(6.298308103163,11.027330803266,22.));
#1135 = ( BOUNDED_CURVE() B_SPLINE_CURVE(2,(#1136,#1137,#1138,#1139,
#1140),.UNSPECIFIED.,.F.,.F.) B_SPLINE_CURVE_WITH_KNOTS((3,2,3),(0.,
1.570796326795,3.14159265359),.PIECEWISE_BEZIER_KNOTS.) CURVE() 
GEOMETRIC_REPRESENTATION_ITEM() RATIONAL_B_SPLINE_CURVE((1.,
0.707106781187,1.,0.707106781187,1.)) REPRESENTATION_ITEM('') );
#1136 = CARTESIAN_POINT('',(6.298308103163,11.027330803266,22.));
#1137 = CARTESIAN_POINT('',(5.912151575348,10.225468510833,22.));
#1138 = CARTESIAN_POINT('',(5.110289282915,10.611625038648,22.));
#1139 = CARTESIAN_POINT('',(4.308426990482,10.997781566463,22.));
#1140 = CARTESIAN_POINT('',(4.694583518297,11.799643858896,22.));
#1141 = ORIENTED_EDGE('',*,*,#1142,.F.);
#1142 = EDGE_CURVE('',#1143,#1133,#1145,.T.);
#1143 = VERTEX_POINT('',#1144);
#1144 = CARTESIAN_POINT('',(6.645369780988,11.14877293675,22.));
#1145 = ( BOUNDED_CURVE() B_SPLINE_CURVE(2,(#1146,#1147,#1148),
.UNSPECIFIED.,.F.,.F.) B_SPLINE_CURVE_WITH_KNOTS((3,3),(0.,
1.570796326795),.PIECEWISE_BEZIER_KNOTS.) CURVE() 
GEOMETRIC_REPRESENTATION_ITEM() RATIONAL_B_SPLINE_CURVE((1.,
0.707106781187,1.)) REPRESENTATION_ITEM('') );
#1146 = CARTESIAN_POINT('',(6.645369780988,11.14877293675,22.));
#1147 = CARTESIAN_POINT('',(6.411117875334,11.261582708921,22.));
#1148 = CARTESIAN_POINT('',(6.298308103163,11.027330803266,22.));
#1149 = ORIENTED_EDGE('',*,*,#1150,.F.);
#1150 = EDGE_CURVE('',#1151,#1143,#1153,.T.);
#1151 = VERTEX_POINT('',#1152);
#1152 = CARTESIAN_POINT('',(7.161379442931,10.82454257674,22.));
#1153 = ( BOUNDED_CURVE() B_SPLINE_CURVE(2,(#1154,#1155,#1156),
.UNSPECIFIED.,.F.,.F.) B_SPLINE_CURVE_WITH_KNOTS((3,3),(0.,
4.695830611611E-02),.PIECEWISE_BEZIER_KNOTS.) CURVE() 
GEOMETRIC_REPRESENTATION_ITEM() RATIONAL_B_SPLINE_CURVE((1.,
0.999724377348,1.)) REPRESENTATION_ITEM('') );
#1154 = CARTESIAN_POINT('',(7.161379442931,10.82454257674,22.));
#1155 = CARTESIAN_POINT('',(6.907181638677,10.992716605057,22.));
#1156 = CARTESIAN_POINT('',(6.645369780988,11.14877293675,22.));
#1157 = ORIENTED_EDGE('',*,*,#1158,.F.);
#1158 = EDGE_CURVE('',#1159,#1151,#1161,.T.);
#1159 = VERTEX_POINT('',#1160);
#1160 = CARTESIAN_POINT('',(7.20254827989,10.459159042815,22.));
#1161 = ( BOUNDED_CURVE() B_SPLINE_CURVE(2,(#1162,#1163,#1164),
.UNSPECIFIED.,.F.,.F.) B_SPLINE_CURVE_WITH_KNOTS((3,3),(0.,
1.570796326795),.PIECEWISE_BEZIER_KNOTS.) CURVE() 
GEOMETRIC_REPRESENTATION_ITEM() RATIONAL_B_SPLINE_CURVE((1.,
0.707106781187,1.)) REPRESENTATION_ITEM('') );
#1162 = CARTESIAN_POINT('',(7.20254827989,10.459159042815,22.));
#1163 = CARTESIAN_POINT('',(7.364655628373,10.662435228257,22.));
#1164 = CARTESIAN_POINT('',(7.161379442931,10.82454257674,22.));
#1165 = ORIENTED_EDGE('',*,*,#1166,.F.);
#1166 = EDGE_CURVE('',#1167,#1159,#1169,.T.);
#1167 = VERTEX_POINT('',#1168);
#1168 = CARTESIAN_POINT('',(8.594208318683,9.349347195506,22.));
#1169 = ( BOUNDED_CURVE() B_SPLINE_CURVE(2,(#1170,#1171,#1172,#1173,
#1174),.UNSPECIFIED.,.F.,.F.) B_SPLINE_CURVE_WITH_KNOTS((3,2,3),(0.,
1.570796326795,3.14159265359),.PIECEWISE_BEZIER_KNOTS.) CURVE() 
GEOMETRIC_REPRESENTATION_ITEM() RATIONAL_B_SPLINE_CURVE((1.,
0.707106781187,1.,0.707106781187,1.)) REPRESENTATION_ITEM('') );
#1170 = CARTESIAN_POINT('',(8.594208318683,9.349347195506,22.));
#1171 = CARTESIAN_POINT('',(8.039302395028,8.65351717611,22.));
#1172 = CARTESIAN_POINT('',(7.343472375632,9.208423099764,22.));
#1173 = CARTESIAN_POINT('',(6.647642356235,9.763329023418,22.));
#1174 = CARTESIAN_POINT('',(7.20254827989,10.459159042815,22.));
#1175 = ORIENTED_EDGE('',*,*,#1176,.F.);
#1176 = EDGE_CURVE('',#1177,#1167,#1179,.T.);
#1177 = VERTEX_POINT('',#1178);
#1178 = CARTESIAN_POINT('',(8.959591852608,9.390516032465,22.));
#1179 = ( BOUNDED_CURVE() B_SPLINE_CURVE(2,(#1180,#1181,#1182),
.UNSPECIFIED.,.F.,.F.) B_SPLINE_CURVE_WITH_KNOTS((3,3),(0.,
1.570796326795),.PIECEWISE_BEZIER_KNOTS.) CURVE() 
GEOMETRIC_REPRESENTATION_ITEM() RATIONAL_B_SPLINE_CURVE((1.,
0.707106781187,1.)) REPRESENTATION_ITEM('') );
#1180 = CARTESIAN_POINT('',(8.959591852608,9.390516032465,22.));
#1181 = CARTESIAN_POINT('',(8.756315667166,9.552623380948,22.));
#1182 = CARTESIAN_POINT('',(8.594208318683,9.349347195506,22.));
#1183 = ORIENTED_EDGE('',*,*,#1184,.F.);
#1184 = EDGE_CURVE('',#1185,#1177,#1187,.T.);
#1185 = VERTEX_POINT('',#1186);
#1186 = CARTESIAN_POINT('',(9.390516032465,8.959591852608,22.));
#1187 = ( BOUNDED_CURVE() B_SPLINE_CURVE(2,(#1188,#1189,#1190),
.UNSPECIFIED.,.F.,.F.) B_SPLINE_CURVE_WITH_KNOTS((3,3),(0.,
4.695830611611E-02),.PIECEWISE_BEZIER_KNOTS.) CURVE() 
GEOMETRIC_REPRESENTATION_ITEM() RATIONAL_B_SPLINE_CURVE((1.,
0.999724377348,1.)) REPRESENTATION_ITEM('') );
#1188 = CARTESIAN_POINT('',(9.390516032465,8.959591852608,22.));
#1189 = CARTESIAN_POINT('',(9.180113739731,9.180113739731,22.));
#1190 = CARTESIAN_POINT('',(8.959591852608,9.390516032465,22.));
#1191 = ORIENTED_EDGE('',*,*,#1192,.F.);
#1192 = EDGE_CURVE('',#1193,#1185,#1195,.T.);
#1193 = VERTEX_POINT('',#1194);
#1194 = CARTESIAN_POINT('',(9.349347195506,8.594208318683,22.));
#1195 = ( BOUNDED_CURVE() B_SPLINE_CURVE(2,(#1196,#1197,#1198),
.UNSPECIFIED.,.F.,.F.) B_SPLINE_CURVE_WITH_KNOTS((3,3),(0.,
1.570796326795),.PIECEWISE_BEZIER_KNOTS.) CURVE() 
GEOMETRIC_REPRESENTATION_ITEM() RATIONAL_B_SPLINE_CURVE((1.,
0.707106781187,1.)) REPRESENTATION_ITEM('') );
#1196 = CARTESIAN_POINT('',(9.349347195506,8.594208318683,22.));
#1197 = CARTESIAN_POINT('',(9.552623380948,8.756315667166,22.));
#1198 = CARTESIAN_POINT('',(9.390516032465,8.959591852608,22.));
#1199 = ORIENTED_EDGE('',*,*,#1200,.F.);
#1200 = EDGE_CURVE('',#1201,#1193,#1203,.T.);
#1201 = VERTEX_POINT('',#1202);
#1202 = CARTESIAN_POINT('',(10.459159042815,7.20254827989,22.));
#1203 = ( BOUNDED_CURVE() B_SPLINE_CURVE(2,(#1204,#1205,#1206,#1207,
#1208),.UNSPECIFIED.,.F.,.F.) B_SPLINE_CURVE_WITH_KNOTS((3,2,3),(0.,
1.570796326795,3.14159265359),.PIECEWISE_BEZIER_KNOTS.) CURVE() 
GEOMETRIC_REPRESENTATION_ITEM() RATIONAL_B_SPLINE_CURVE((1.,
0.707106781187,1.,0.707106781187,1.)) REPRESENTATION_ITEM('') );
#1204 = CARTESIAN_POINT('',(10.459159042815,7.20254827989,22.));
#1205 = CARTESIAN_POINT('',(9.763329023418,6.647642356235,22.));
#1206 = CARTESIAN_POINT('',(9.208423099764,7.343472375632,22.));
#1207 = CARTESIAN_POINT('',(8.65351717611,8.039302395028,22.));
#1208 = CARTESIAN_POINT('',(9.349347195506,8.594208318683,22.));
#1209 = ORIENTED_EDGE('',*,*,#1210,.F.);
#1210 = EDGE_CURVE('',#1211,#1201,#1213,.T.);
#1211 = VERTEX_POINT('',#1212);
#1212 = CARTESIAN_POINT('',(10.82454257674,7.161379442931,22.));
#1213 = ( BOUNDED_CURVE() B_SPLINE_CURVE(2,(#1214,#1215,#1216),
.UNSPECIFIED.,.F.,.F.) B_SPLINE_CURVE_WITH_KNOTS((3,3),(0.,
1.570796326795),.PIECEWISE_BEZIER_KNOTS.) CURVE() 
GEOMETRIC_REPRESENTATION_ITEM() RATIONAL_B_SPLINE_CURVE((1.,
0.707106781187,1.)) REPRESENTATION_ITEM('') );
#1214 = CARTESIAN_POINT('',(10.82454257674,7.161379442931,22.));
#1215 = CARTESIAN_POINT('',(10.662435228257,7.364655628373,22.));
#1216 = CARTESIAN_POINT('',(10.459159042815,7.20254827989,22.));
#1217 = ORIENTED_EDGE('',*,*,#1218,.F.);
#1218 = EDGE_CURVE('',#1219,#1211,#1221,.T.);
#1219 = VERTEX_POINT('',#1220);
#1220 = CARTESIAN_POINT('',(11.14877293675,6.645369780988,22.));
#1221 = ( BOUNDED_CURVE() B_SPLINE_CURVE(2,(#1222,#1223,#1224),
.UNSPECIFIED.,.F.,.F.) B_SPLINE_CURVE_WITH_KNOTS((3,3),(0.,
4.695830611611E-02),.PIECEWISE_BEZIER_KNOTS.) CURVE() 
GEOMETRIC_REPRESENTATION_ITEM() RATIONAL_B_SPLINE_CURVE((1.,
0.999724377348,1.)) REPRESENTATION_ITEM('') );
#1222 = CARTESIAN_POINT('',(11.14877293675,6.645369780988,22.));
#1223 = CARTESIAN_POINT('',(10.992716605057,6.907181638677,22.));
#1224 = CARTESIAN_POINT('',(10.82454257674,7.161379442931,22.));
#1225 = ORIENTED_EDGE('',*,*,#1226,.F.);
#1226 = EDGE_CURVE('',#1227,#1219,#1229,.T.);
#1227 = VERTEX_POINT('',#1228);
#1228 = CARTESIAN_POINT('',(11.027330803266,6.298308103163,22.));
#1229 = ( BOUNDED_CURVE() B_SPLINE_CURVE(2,(#1230,#1231,#1232),
.UNSPECIFIED.,.F.,.F.) B_SPLINE_CURVE_WITH_KNOTS((3,3),(0.,
1.570796326795),.PIECEWISE_BEZIER_KNOTS.) CURVE() 
GEOMETRIC_REPRESENTATION_ITEM() RATIONAL_B_SPLINE_CURVE((1.,
0.707106781187,1.)) REPRESENTATION_ITEM('') );
#1230 = CARTESIAN_POINT('',(11.027330803266,6.298308103163,22.));
#1231 = CARTESIAN_POINT('',(11.261582708921,6.411117875334,22.));
#1232 = CARTESIAN_POINT('',(11.14877293675,6.645369780988,22.));
#1233 = ORIENTED_EDGE('',*,*,#1234,.F.);
#1234 = EDGE_CURVE('',#1235,#1227,#1237,.T.);
#1235 = VERTEX_POINT('',#1236);
#1236 = CARTESIAN_POINT('',(11.799643858896,4.694583518297,22.));
#1237 = ( BOUNDED_CURVE() B_SPLINE_CURVE(2,(#1238,#1239,#1240,#1241,
#1242),.UNSPECIFIED.,.F.,.F.) B_SPLINE_CURVE_WITH_KNOTS((3,2,3),(0.,
1.570796326795,3.14159265359),.PIECEWISE_BEZIER_KNOTS.) CURVE() 
GEOMETRIC_REPRESENTATION_ITEM() RATIONAL_B_SPLINE_CURVE((1.,
0.707106781187,1.,0.707106781187,1.)) REPRESENTATION_ITEM('') );
#1238 = CARTESIAN_POINT('',(11.799643858896,4.694583518297,22.));
#1239 = CARTESIAN_POINT('',(10.997781566463,4.308426990482,22.));
#1240 = CARTESIAN_POINT('',(10.611625038648,5.110289282915,22.));
#1241 = CARTESIAN_POINT('',(10.225468510833,5.912151575348,22.));
#1242 = CARTESIAN_POINT('',(11.027330803266,6.298308103163,22.));
#1243 = ORIENTED_EDGE('',*,*,#1244,.F.);
#1244 = EDGE_CURVE('',#1245,#1235,#1247,.T.);
#1245 = VERTEX_POINT('',#1246);
#1246 = CARTESIAN_POINT('',(12.146705536721,4.573141384813,22.));
#1247 = ( BOUNDED_CURVE() B_SPLINE_CURVE(2,(#1248,#1249,#1250),
.UNSPECIFIED.,.F.,.F.) B_SPLINE_CURVE_WITH_KNOTS((3,3),(0.,
1.570796326795),.PIECEWISE_BEZIER_KNOTS.) CURVE() 
GEOMETRIC_REPRESENTATION_ITEM() RATIONAL_B_SPLINE_CURVE((1.,
0.707106781187,1.)) REPRESENTATION_ITEM('') );
#1248 = CARTESIAN_POINT('',(12.146705536721,4.573141384813,22.));
#1249 = CARTESIAN_POINT('',(12.03389576455,4.807393290467,22.));
#1250 = CARTESIAN_POINT('',(11.799643858896,4.694583518297,22.));
#1251 = ORIENTED_EDGE('',*,*,#1252,.F.);
#1252 = EDGE_CURVE('',#1253,#1245,#1255,.T.);
#1253 = VERTEX_POINT('',#1254);
#1254 = CARTESIAN_POINT('',(12.347983812766,3.997921119902,22.));
#1255 = ( BOUNDED_CURVE() B_SPLINE_CURVE(2,(#1256,#1257,#1258),
.UNSPECIFIED.,.F.,.F.) B_SPLINE_CURVE_WITH_KNOTS((3,3),(0.,
4.695830611611E-02),.PIECEWISE_BEZIER_KNOTS.) CURVE() 
GEOMETRIC_REPRESENTATION_ITEM() RATIONAL_B_SPLINE_CURVE((1.,
0.999724377348,1.)) REPRESENTATION_ITEM('') );
#1256 = CARTESIAN_POINT('',(12.347983812766,3.997921119902,22.));
#1257 = CARTESIAN_POINT('',(12.254098758219,4.287894608382,22.));
#1258 = CARTESIAN_POINT('',(12.146705536721,4.573141384813,22.));
#1259 = ORIENTED_EDGE('',*,*,#1260,.F.);
#1260 = EDGE_CURVE('',#1261,#1253,#1263,.T.);
#1261 = VERTEX_POINT('',#1262);
#1262 = CARTESIAN_POINT('',(12.152357998427,3.686584419907,22.));
#1263 = ( BOUNDED_CURVE() B_SPLINE_CURVE(2,(#1264,#1265,#1266),
.UNSPECIFIED.,.F.,.F.) B_SPLINE_CURVE_WITH_KNOTS((3,3),(0.,
1.570796326795),.PIECEWISE_BEZIER_KNOTS.) CURVE() 
GEOMETRIC_REPRESENTATION_ITEM() RATIONAL_B_SPLINE_CURVE((1.,
0.707106781187,1.)) REPRESENTATION_ITEM('') );
#1264 = CARTESIAN_POINT('',(12.152357998427,3.686584419907,22.));
#1265 = CARTESIAN_POINT('',(12.405839255595,3.744439862735,22.));
#1266 = CARTESIAN_POINT('',(12.347983812766,3.997921119902,22.));
#1267 = ORIENTED_EDGE('',*,*,#1268,.F.);
#1268 = EDGE_CURVE('',#1269,#1261,#1271,.T.);
#1269 = VERTEX_POINT('',#1270);
#1270 = CARTESIAN_POINT('',(12.54844526087,1.951212736223,22.));
#1271 = ( BOUNDED_CURVE() B_SPLINE_CURVE(2,(#1272,#1273,#1274,#1275,
#1276),.UNSPECIFIED.,.F.,.F.) B_SPLINE_CURVE_WITH_KNOTS((3,2,3),(0.,
1.570796326795,3.14159265359),.PIECEWISE_BEZIER_KNOTS.) CURVE() 
GEOMETRIC_REPRESENTATION_ITEM() RATIONAL_B_SPLINE_CURVE((1.,
0.707106781187,1.,0.707106781187,1.)) REPRESENTATION_ITEM('') );
#1272 = CARTESIAN_POINT('',(12.54844526087,1.951212736223,22.));
#1273 = CARTESIAN_POINT('',(11.680759419028,1.753169105002,22.));
#1274 = CARTESIAN_POINT('',(11.482715787807,2.620854946844,22.));
#1275 = CARTESIAN_POINT('',(11.284672156585,3.488540788685,22.));
#1276 = CARTESIAN_POINT('',(12.152357998427,3.686584419907,22.));
#1277 = ORIENTED_EDGE('',*,*,#1278,.F.);
#1278 = EDGE_CURVE('',#1279,#1269,#1281,.T.);
#1279 = VERTEX_POINT('',#1280);
#1280 = CARTESIAN_POINT('',(12.859781960865,1.755586921884,22.));
#1281 = ( BOUNDED_CURVE() B_SPLINE_CURVE(2,(#1282,#1283,#1284),
.UNSPECIFIED.,.F.,.F.) B_SPLINE_CURVE_WITH_KNOTS((3,3),(0.,
1.570796326795),.PIECEWISE_BEZIER_KNOTS.) CURVE() 
GEOMETRIC_REPRESENTATION_ITEM() RATIONAL_B_SPLINE_CURVE((1.,
0.707106781187,1.)) REPRESENTATION_ITEM('') );
#1282 = CARTESIAN_POINT('',(12.859781960865,1.755586921884,22.));
#1283 = CARTESIAN_POINT('',(12.801926518037,2.009068179052,22.));
#1284 = CARTESIAN_POINT('',(12.54844526087,1.951212736223,22.));
#1285 = ORIENTED_EDGE('',*,*,#1286,.F.);
#1286 = EDGE_CURVE('',#1287,#1279,#1289,.T.);
#1287 = VERTEX_POINT('',#1288);
#1288 = CARTESIAN_POINT('',(12.928015219719,1.15,22.));
#1289 = ( BOUNDED_CURVE() B_SPLINE_CURVE(2,(#1290,#1291,#1292),
.UNSPECIFIED.,.F.,.F.) B_SPLINE_CURVE_WITH_KNOTS((3,3),(0.,
4.695830611611E-02),.PIECEWISE_BEZIER_KNOTS.) CURVE() 
GEOMETRIC_REPRESENTATION_ITEM() RATIONAL_B_SPLINE_CURVE((1.,
0.999724377348,1.)) REPRESENTATION_ITEM('') );
#1290 = CARTESIAN_POINT('',(12.928015219719,1.15,22.));
#1291 = CARTESIAN_POINT('',(12.901009230984,1.453594637733,22.));
#1292 = CARTESIAN_POINT('',(12.859781960865,1.755586921884,22.));
#1293 = ORIENTED_EDGE('',*,*,#1294,.F.);
#1294 = EDGE_CURVE('',#1295,#1287,#1297,.T.);
#1295 = VERTEX_POINT('',#1296);
#1296 = CARTESIAN_POINT('',(12.668015219719,0.89,22.));
#1297 = ( BOUNDED_CURVE() B_SPLINE_CURVE(2,(#1298,#1299,#1300),
.UNSPECIFIED.,.F.,.F.) B_SPLINE_CURVE_WITH_KNOTS((3,3),(0.,
1.570796326795),.PIECEWISE_BEZIER_KNOTS.) CURVE() 
GEOMETRIC_REPRESENTATION_ITEM() RATIONAL_B_SPLINE_CURVE((1.,
0.707106781187,1.)) REPRESENTATION_ITEM('') );
#1298 = CARTESIAN_POINT('',(12.668015219719,0.89,22.));
#1299 = CARTESIAN_POINT('',(12.928015219719,0.89,22.));
#1300 = CARTESIAN_POINT('',(12.928015219719,1.15,22.));
#1301 = ORIENTED_EDGE('',*,*,#1302,.F.);
#1302 = EDGE_CURVE('',#1303,#1295,#1305,.T.);
#1303 = VERTEX_POINT('',#1304);
#1304 = CARTESIAN_POINT('',(12.668015219719,-0.89,22.));
#1305 = ( BOUNDED_CURVE() B_SPLINE_CURVE(2,(#1306,#1307,#1308,#1309,
#1310),.UNSPECIFIED.,.F.,.F.) B_SPLINE_CURVE_WITH_KNOTS((3,2,3),(0.,
1.570796326795,3.14159265359),.PIECEWISE_BEZIER_KNOTS.) CURVE() 
GEOMETRIC_REPRESENTATION_ITEM() RATIONAL_B_SPLINE_CURVE((1.,
0.707106781187,1.,0.707106781187,1.)) REPRESENTATION_ITEM('') );
#1306 = CARTESIAN_POINT('',(12.668015219719,-0.89,22.));
#1307 = CARTESIAN_POINT('',(11.778015219719,-0.89,22.));
#1308 = CARTESIAN_POINT('',(11.778015219719,-2.66E-15,22.));
#1309 = CARTESIAN_POINT('',(11.778015219719,0.89,22.));
#1310 = CARTESIAN_POINT('',(12.668015219719,0.89,22.));
#1311 = ORIENTED_EDGE('',*,*,#1312,.F.);
#1312 = EDGE_CURVE('',#1313,#1303,#1315,.T.);
#1313 = VERTEX_POINT('',#1314);
#1314 = CARTESIAN_POINT('',(12.928015219719,-1.15,22.));
#1315 = ( BOUNDED_CURVE() B_SPLINE_CURVE(2,(#1316,#1317,#1318),
.UNSPECIFIED.,.F.,.F.) B_SPLINE_CURVE_WITH_KNOTS((3,3),(0.,
1.570796326795),.PIECEWISE_BEZIER_KNOTS.) CURVE() 
GEOMETRIC_REPRESENTATION_ITEM() RATIONAL_B_SPLINE_CURVE((1.,
0.707106781187,1.)) REPRESENTATION_ITEM('') );
#1316 = CARTESIAN_POINT('',(12.928015219719,-1.15,22.));
#1317 = CARTESIAN_POINT('',(12.928015219719,-0.89,22.));
#1318 = CARTESIAN_POINT('',(12.668015219719,-0.89,22.));
#1319 = ORIENTED_EDGE('',*,*,#1320,.F.);
#1320 = EDGE_CURVE('',#1321,#1313,#1323,.T.);
#1321 = VERTEX_POINT('',#1322);
#1322 = CARTESIAN_POINT('',(12.859781960865,-1.755586921884,22.));
#1323 = ( BOUNDED_CURVE() B_SPLINE_CURVE(2,(#1324,#1325,#1326),
.UNSPECIFIED.,.F.,.F.) B_SPLINE_CURVE_WITH_KNOTS((3,3),(0.,
4.695830611611E-02),.PIECEWISE_BEZIER_KNOTS.) CURVE() 
GEOMETRIC_REPRESENTATION_ITEM() RATIONAL_B_SPLINE_CURVE((1.,
0.999724377348,1.)) REPRESENTATION_ITEM('') );
#1324 = CARTESIAN_POINT('',(12.859781960865,-1.755586921884,22.));
#1325 = CARTESIAN_POINT('',(12.901009230984,-1.453594637733,22.));
#1326 = CARTESIAN_POINT('',(12.928015219719,-1.15,22.));
#1327 = ORIENTED_EDGE('',*,*,#1328,.F.);
#1328 = EDGE_CURVE('',#1329,#1321,#1331,.T.);
#1329 = VERTEX_POINT('',#1330);
#1330 = CARTESIAN_POINT('',(12.54844526087,-1.951212736223,22.));
#1331 = ( BOUNDED_CURVE() B_SPLINE_CURVE(2,(#1332,#1333,#1334),
.UNSPECIFIED.,.F.,.F.) B_SPLINE_CURVE_WITH_KNOTS((3,3),(0.,
1.570796326795),.PIECEWISE_BEZIER_KNOTS.) CURVE() 
GEOMETRIC_REPRESENTATION_ITEM() RATIONAL_B_SPLINE_CURVE((1.,
0.707106781187,1.)) REPRESENTATION_ITEM('') );
#1332 = CARTESIAN_POINT('',(12.54844526087,-1.951212736223,22.));
#1333 = CARTESIAN_POINT('',(12.801926518037,-2.009068179052,22.));
#1334 = CARTESIAN_POINT('',(12.859781960865,-1.755586921884,22.));
#1335 = ORIENTED_EDGE('',*,*,#1336,.F.);
#1336 = EDGE_CURVE('',#1337,#1329,#1339,.T.);
#1337 = VERTEX_POINT('',#1338);
#1338 = CARTESIAN_POINT('',(12.152357998427,-3.686584419907,22.));
#1339 = ( BOUNDED_CURVE() B_SPLINE_CURVE(2,(#1340,#1341,#1342,#1343,
#1344),.UNSPECIFIED.,.F.,.F.) B_SPLINE_CURVE_WITH_KNOTS((3,2,3),(0.,
1.570796326795,3.14159265359),.PIECEWISE_BEZIER_KNOTS.) CURVE() 
GEOMETRIC_REPRESENTATION_ITEM() RATIONAL_B_SPLINE_CURVE((1.,
0.707106781187,1.,0.707106781187,1.)) REPRESENTATION_ITEM('') );
#1340 = CARTESIAN_POINT('',(12.152357998427,-3.686584419907,22.));
#1341 = CARTESIAN_POINT('',(11.284672156585,-3.488540788685,22.));
#1342 = CARTESIAN_POINT('',(11.482715787807,-2.620854946844,22.));
#1343 = CARTESIAN_POINT('',(11.680759419028,-1.753169105002,22.));
#1344 = CARTESIAN_POINT('',(12.54844526087,-1.951212736223,22.));
#1345 = ORIENTED_EDGE('',*,*,#1346,.F.);
#1346 = EDGE_CURVE('',#1347,#1337,#1349,.T.);
#1347 = VERTEX_POINT('',#1348);
#1348 = CARTESIAN_POINT('',(12.347983812766,-3.997921119902,22.));
#1349 = ( BOUNDED_CURVE() B_SPLINE_CURVE(2,(#1350,#1351,#1352),
.UNSPECIFIED.,.F.,.F.) B_SPLINE_CURVE_WITH_KNOTS((3,3),(0.,
1.570796326795),.PIECEWISE_BEZIER_KNOTS.) CURVE() 
GEOMETRIC_REPRESENTATION_ITEM() RATIONAL_B_SPLINE_CURVE((1.,
0.707106781187,1.)) REPRESENTATION_ITEM('') );
#1350 = CARTESIAN_POINT('',(12.347983812766,-3.997921119902,22.));
#1351 = CARTESIAN_POINT('',(12.405839255595,-3.744439862735,22.));
#1352 = CARTESIAN_POINT('',(12.152357998427,-3.686584419907,22.));
#1353 = ORIENTED_EDGE('',*,*,#1354,.F.);
#1354 = EDGE_CURVE('',#1355,#1347,#1357,.T.);
#1355 = VERTEX_POINT('',#1356);
#1356 = CARTESIAN_POINT('',(12.146705536721,-4.573141384813,22.));
#1357 = ( BOUNDED_CURVE() B_SPLINE_CURVE(2,(#1358,#1359,#1360),
.UNSPECIFIED.,.F.,.F.) B_SPLINE_CURVE_WITH_KNOTS((3,3),(0.,
4.695830611611E-02),.PIECEWISE_BEZIER_KNOTS.) CURVE() 
GEOMETRIC_REPRESENTATION_ITEM() RATIONAL_B_SPLINE_CURVE((1.,
0.999724377348,1.)) REPRESENTATION_ITEM('') );
#1358 = CARTESIAN_POINT('',(12.146705536721,-4.573141384813,22.));
#1359 = CARTESIAN_POINT('',(12.254098758219,-4.287894608382,22.));
#1360 = CARTESIAN_POINT('',(12.347983812766,-3.997921119902,22.));
#1361 = ORIENTED_EDGE('',*,*,#1362,.F.);
#1362 = EDGE_CURVE('',#1363,#1355,#1365,.T.);
#1363 = VERTEX_POINT('',#1364);
#1364 = CARTESIAN_POINT('',(11.799643858896,-4.694583518297,22.));
#1365 = ( BOUNDED_CURVE() B_SPLINE_CURVE(2,(#1366,#1367,#1368),
.UNSPECIFIED.,.F.,.F.) B_SPLINE_CURVE_WITH_KNOTS((3,3),(0.,
1.570796326795),.PIECEWISE_BEZIER_KNOTS.) CURVE() 
GEOMETRIC_REPRESENTATION_ITEM() RATIONAL_B_SPLINE_CURVE((1.,
0.707106781187,1.)) REPRESENTATION_ITEM('') );
#1366 = CARTESIAN_POINT('',(11.799643858896,-4.694583518297,22.));
#1367 = CARTESIAN_POINT('',(12.03389576455,-4.807393290467,22.));
#1368 = CARTESIAN_POINT('',(12.146705536721,-4.573141384813,22.));
#1369 = ORIENTED_EDGE('',*,*,#1370,.F.);
#1370 = EDGE_CURVE('',#1371,#1363,#1373,.T.);
#1371 = VERTEX_POINT('',#1372);
#1372 = CARTESIAN_POINT('',(11.027330803266,-6.298308103163,22.));
#1373 = ( BOUNDED_CURVE() B_SPLINE_CURVE(2,(#1374,#1375,#1376,#1377,
#1378),.UNSPECIFIED.,.F.,.F.) B_SPLINE_CURVE_WITH_KNOTS((3,2,3),(0.,
1.570796326795,3.14159265359),.PIECEWISE_BEZIER_KNOTS.) CURVE() 
GEOMETRIC_REPRESENTATION_ITEM() RATIONAL_B_SPLINE_CURVE((1.,
0.707106781187,1.,0.707106781187,1.)) REPRESENTATION_ITEM('') );
#1374 = CARTESIAN_POINT('',(11.027330803266,-6.298308103163,22.));
#1375 = CARTESIAN_POINT('',(10.225468510833,-5.912151575348,22.));
#1376 = CARTESIAN_POINT('',(10.611625038648,-5.110289282915,22.));
#1377 = CARTESIAN_POINT('',(10.997781566463,-4.308426990482,22.));
#1378 = CARTESIAN_POINT('',(11.799643858896,-4.694583518297,22.));
#1379 = ORIENTED_EDGE('',*,*,#1380,.F.);
#1380 = EDGE_CURVE('',#1381,#1371,#1383,.T.);
#1381 = VERTEX_POINT('',#1382);
#1382 = CARTESIAN_POINT('',(11.14877293675,-6.645369780988,22.));
#1383 = ( BOUNDED_CURVE() B_SPLINE_CURVE(2,(#1384,#1385,#1386),
.UNSPECIFIED.,.F.,.F.) B_SPLINE_CURVE_WITH_KNOTS((3,3),(0.,
1.570796326795),.PIECEWISE_BEZIER_KNOTS.) CURVE() 
GEOMETRIC_REPRESENTATION_ITEM() RATIONAL_B_SPLINE_CURVE((1.,
0.707106781187,1.)) REPRESENTATION_ITEM('') );
#1384 = CARTESIAN_POINT('',(11.14877293675,-6.645369780988,22.));
#1385 = CARTESIAN_POINT('',(11.261582708921,-6.411117875334,22.));
#1386 = CARTESIAN_POINT('',(11.027330803266,-6.298308103163,22.));
#1387 = ORIENTED_EDGE('',*,*,#1388,.F.);
#1388 = EDGE_CURVE('',#1389,#1381,#1391,.T.);
#1389 = VERTEX_POINT('',#1390);
#1390 = CARTESIAN_POINT('',(10.82454257674,-7.161379442931,22.));
#1391 = ( BOUNDED_CURVE() B_SPLINE_CURVE(2,(#1392,#1393,#1394),
.UNSPECIFIED.,.F.,.F.) B_SPLINE_CURVE_WITH_KNOTS((3,3),(0.,
4.695830611611E-02),.PIECEWISE_BEZIER_KNOTS.) CURVE() 
GEOMETRIC_REPRESENTATION_ITEM() RATIONAL_B_SPLINE_CURVE((1.,
0.999724377348,1.)) REPRESENTATION_ITEM('') );
#1392 = CARTESIAN_POINT('',(10.82454257674,-7.161379442931,22.));
#1393 = CARTESIAN_POINT('',(10.992716605057,-6.907181638677,22.));
#1394 = CARTESIAN_POINT('',(11.14877293675,-6.645369780988,22.));
#1395 = ORIENTED_EDGE('',*,*,#1396,.F.);
#1396 = EDGE_CURVE('',#1397,#1389,#1399,.T.);
#1397 = VERTEX_POINT('',#1398);
#1398 = CARTESIAN_POINT('',(10.459159042815,-7.20254827989,22.));
#1399 = ( BOUNDED_CURVE() B_SPLINE_CURVE(2,(#1400,#1401,#1402),
.UNSPECIFIED.,.F.,.F.) B_SPLINE_CURVE_WITH_KNOTS((3,3),(0.,
1.570796326795),.PIECEWISE_BEZIER_KNOTS.) CURVE() 
GEOMETRIC_REPRESENTATION_ITEM() RATIONAL_B_SPLINE_CURVE((1.,
0.707106781187,1.)) REPRESENTATION_ITEM('') );
#1400 = CARTESIAN_POINT('',(10.459159042815,-7.20254827989,22.));
#1401 = CARTESIAN_POINT('',(10.662435228257,-7.364655628373,22.));
#1402 = CARTESIAN_POINT('',(10.82454257674,-7.161379442931,22.));
#1403 = ORIENTED_EDGE('',*,*,#1404,.F.);
#1404 = EDGE_CURVE('',#1405,#1397,#1407,.T.);
#1405 = VERTEX_POINT('',#1406);
#1406 = CARTESIAN_POINT('',(9.349347195506,-8.594208318683,22.));
#1407 = ( BOUNDED_CURVE() B_SPLINE_CURVE(2,(#1408,#1409,#1410,#1411,
#1412),.UNSPECIFIED.,.F.,.F.) B_SPLINE_CURVE_WITH_KNOTS((3,2,3),(0.,
1.570796326795,3.14159265359),.PIECEWISE_BEZIER_KNOTS.) CURVE() 
GEOMETRIC_REPRESENTATION_ITEM() RATIONAL_B_SPLINE_CURVE((1.,
0.707106781187,1.,0.707106781187,1.)) REPRESENTATION_ITEM('') );
#1408 = CARTESIAN_POINT('',(9.349347195506,-8.594208318683,22.));
#1409 = CARTESIAN_POINT('',(8.65351717611,-8.039302395028,22.));
#1410 = CARTESIAN_POINT('',(9.208423099764,-7.343472375632,22.));
#1411 = CARTESIAN_POINT('',(9.763329023418,-6.647642356235,22.));
#1412 = CARTESIAN_POINT('',(10.459159042815,-7.20254827989,22.));
#1413 = ORIENTED_EDGE('',*,*,#1414,.F.);
#1414 = EDGE_CURVE('',#1415,#1405,#1417,.T.);
#1415 = VERTEX_POINT('',#1416);
#1416 = CARTESIAN_POINT('',(9.390516032465,-8.959591852608,22.));
#1417 = ( BOUNDED_CURVE() B_SPLINE_CURVE(2,(#1418,#1419,#1420),
.UNSPECIFIED.,.F.,.F.) B_SPLINE_CURVE_WITH_KNOTS((3,3),(0.,
1.570796326795),.PIECEWISE_BEZIER_KNOTS.) CURVE() 
GEOMETRIC_REPRESENTATION_ITEM() RATIONAL_B_SPLINE_CURVE((1.,
0.707106781187,1.)) REPRESENTATION_ITEM('') );
#1418 = CARTESIAN_POINT('',(9.390516032465,-8.959591852608,22.));
#1419 = CARTESIAN_POINT('',(9.552623380948,-8.756315667166,22.));
#1420 = CARTESIAN_POINT('',(9.349347195506,-8.594208318683,22.));
#1421 = ORIENTED_EDGE('',*,*,#1422,.F.);
#1422 = EDGE_CURVE('',#1423,#1415,#1425,.T.);
#1423 = VERTEX_POINT('',#1424);
#1424 = CARTESIAN_POINT('',(8.959591852608,-9.390516032465,22.));
#1425 = ( BOUNDED_CURVE() B_SPLINE_CURVE(2,(#1426,#1427,#1428),
.UNSPECIFIED.,.F.,.F.) B_SPLINE_CURVE_WITH_KNOTS((3,3),(0.,
4.695830611611E-02),.PIECEWISE_BEZIER_KNOTS.) CURVE() 
GEOMETRIC_REPRESENTATION_ITEM() RATIONAL_B_SPLINE_CURVE((1.,
0.999724377348,1.)) REPRESENTATION_ITEM('') );
#1426 = CARTESIAN_POINT('',(8.959591852608,-9.390516032465,22.));
#1427 = CARTESIAN_POINT('',(9.180113739731,-9.180113739731,22.));
#1428 = CARTESIAN_POINT('',(9.390516032465,-8.959591852608,22.));
#1429 = ORIENTED_EDGE('',*,*,#1430,.F.);
#1430 = EDGE_CURVE('',#1431,#1423,#1433,.T.);
#1431 = VERTEX_POINT('',#1432);
#1432 = CARTESIAN_POINT('',(8.594208318683,-9.349347195506,22.));
#1433 = ( BOUNDED_CURVE() B_SPLINE_CURVE(2,(#1434,#1435,#1436),
.UNSPECIFIED.,.F.,.F.) B_SPLINE_CURVE_WITH_KNOTS((3,3),(0.,
1.570796326795),.PIECEWISE_BEZIER_KNOTS.) CURVE() 
GEOMETRIC_REPRESENTATION_ITEM() RATIONAL_B_SPLINE_CURVE((1.,
0.707106781187,1.)) REPRESENTATION_ITEM('') );
#1434 = CARTESIAN_POINT('',(8.594208318683,-9.349347195506,22.));
#1435 = CARTESIAN_POINT('',(8.756315667166,-9.552623380948,22.));
#1436 = CARTESIAN_POINT('',(8.959591852608,-9.390516032465,22.));
#1437 = ORIENTED_EDGE('',*,*,#1438,.F.);
#1438 = EDGE_CURVE('',#1439,#1431,#1441,.T.);
#1439 = VERTEX_POINT('',#1440);
#1440 = CARTESIAN_POINT('',(7.20254827989,-10.45915904281,22.));
#1441 = ( BOUNDED_CURVE() B_SPLINE_CURVE(2,(#1442,#1443,#1444,#1445,
#1446),.UNSPECIFIED.,.F.,.F.) B_SPLINE_CURVE_WITH_KNOTS((3,2,3),(0.,
1.570796326795,3.14159265359),.PIECEWISE_BEZIER_KNOTS.) CURVE() 
GEOMETRIC_REPRESENTATION_ITEM() RATIONAL_B_SPLINE_CURVE((1.,
0.707106781187,1.,0.707106781187,1.)) REPRESENTATION_ITEM('') );
#1442 = CARTESIAN_POINT('',(7.20254827989,-10.45915904281,22.));
#1443 = CARTESIAN_POINT('',(6.647642356235,-9.763329023418,22.));
#1444 = CARTESIAN_POINT('',(7.343472375632,-9.208423099764,22.));
#1445 = CARTESIAN_POINT('',(8.039302395028,-8.65351717611,22.));
#1446 = CARTESIAN_POINT('',(8.594208318683,-9.349347195506,22.));
#1447 = ORIENTED_EDGE('',*,*,#1448,.F.);
#1448 = EDGE_CURVE('',#1449,#1439,#1451,.T.);
#1449 = VERTEX_POINT('',#1450);
#1450 = CARTESIAN_POINT('',(7.161379442931,-10.82454257674,22.));
#1451 = ( BOUNDED_CURVE() B_SPLINE_CURVE(2,(#1452,#1453,#1454),
.UNSPECIFIED.,.F.,.F.) B_SPLINE_CURVE_WITH_KNOTS((3,3),(0.,
1.570796326795),.PIECEWISE_BEZIER_KNOTS.) CURVE() 
GEOMETRIC_REPRESENTATION_ITEM() RATIONAL_B_SPLINE_CURVE((1.,
0.707106781187,1.)) REPRESENTATION_ITEM('') );
#1452 = CARTESIAN_POINT('',(7.161379442931,-10.82454257674,22.));
#1453 = CARTESIAN_POINT('',(7.364655628373,-10.66243522825,22.));
#1454 = CARTESIAN_POINT('',(7.20254827989,-10.45915904281,22.));
#1455 = ORIENTED_EDGE('',*,*,#1456,.F.);
#1456 = EDGE_CURVE('',#1457,#1449,#1459,.T.);
#1457 = VERTEX_POINT('',#1458);
#1458 = CARTESIAN_POINT('',(6.645369780988,-11.14877293675,22.));
#1459 = ( BOUNDED_CURVE() B_SPLINE_CURVE(2,(#1460,#1461,#1462),
.UNSPECIFIED.,.F.,.F.) B_SPLINE_CURVE_WITH_KNOTS((3,3),(0.,
4.695830611611E-02),.PIECEWISE_BEZIER_KNOTS.) CURVE() 
GEOMETRIC_REPRESENTATION_ITEM() RATIONAL_B_SPLINE_CURVE((1.,
0.999724377348,1.)) REPRESENTATION_ITEM('') );
#1460 = CARTESIAN_POINT('',(6.645369780988,-11.14877293675,22.));
#1461 = CARTESIAN_POINT('',(6.907181638677,-10.99271660505,22.));
#1462 = CARTESIAN_POINT('',(7.161379442931,-10.82454257674,22.));
#1463 = ORIENTED_EDGE('',*,*,#1464,.F.);
#1464 = EDGE_CURVE('',#1465,#1457,#1467,.T.);
#1465 = VERTEX_POINT('',#1466);
#1466 = CARTESIAN_POINT('',(6.298308103163,-11.02733080326,22.));
#1467 = ( BOUNDED_CURVE() B_SPLINE_CURVE(2,(#1468,#1469,#1470),
.UNSPECIFIED.,.F.,.F.) B_SPLINE_CURVE_WITH_KNOTS((3,3),(0.,
1.570796326795),.PIECEWISE_BEZIER_KNOTS.) CURVE() 
GEOMETRIC_REPRESENTATION_ITEM() RATIONAL_B_SPLINE_CURVE((1.,
0.707106781187,1.)) REPRESENTATION_ITEM('') );
#1468 = CARTESIAN_POINT('',(6.298308103163,-11.02733080326,22.));
#1469 = CARTESIAN_POINT('',(6.411117875334,-11.26158270892,22.));
#1470 = CARTESIAN_POINT('',(6.645369780988,-11.14877293675,22.));
#1471 = ORIENTED_EDGE('',*,*,#1472,.F.);
#1472 = EDGE_CURVE('',#1473,#1465,#1475,.T.);
#1473 = VERTEX_POINT('',#1474);
#1474 = CARTESIAN_POINT('',(4.694583518297,-11.79964385889,22.));
#1475 = ( BOUNDED_CURVE() B_SPLINE_CURVE(2,(#1476,#1477,#1478,#1479,
#1480),.UNSPECIFIED.,.F.,.F.) B_SPLINE_CURVE_WITH_KNOTS((3,2,3),(0.,
1.570796326795,3.14159265359),.PIECEWISE_BEZIER_KNOTS.) CURVE() 
GEOMETRIC_REPRESENTATION_ITEM() RATIONAL_B_SPLINE_CURVE((1.,
0.707106781187,1.,0.707106781187,1.)) REPRESENTATION_ITEM('') );
#1476 = CARTESIAN_POINT('',(4.694583518297,-11.79964385889,22.));
#1477 = CARTESIAN_POINT('',(4.308426990482,-10.99778156646,22.));
#1478 = CARTESIAN_POINT('',(5.110289282915,-10.61162503864,22.));
#1479 = CARTESIAN_POINT('',(5.912151575348,-10.22546851083,22.));
#1480 = CARTESIAN_POINT('',(6.298308103163,-11.02733080326,22.));
#1481 = ORIENTED_EDGE('',*,*,#1482,.F.);
#1482 = EDGE_CURVE('',#1483,#1473,#1485,.T.);
#1483 = VERTEX_POINT('',#1484);
#1484 = CARTESIAN_POINT('',(4.573141384813,-12.14670553672,22.));
#1485 = ( BOUNDED_CURVE() B_SPLINE_CURVE(2,(#1486,#1487,#1488),
.UNSPECIFIED.,.F.,.F.) B_SPLINE_CURVE_WITH_KNOTS((3,3),(0.,
1.570796326795),.PIECEWISE_BEZIER_KNOTS.) CURVE() 
GEOMETRIC_REPRESENTATION_ITEM() RATIONAL_B_SPLINE_CURVE((1.,
0.707106781187,1.)) REPRESENTATION_ITEM('') );
#1486 = CARTESIAN_POINT('',(4.573141384813,-12.14670553672,22.));
#1487 = CARTESIAN_POINT('',(4.807393290467,-12.03389576455,22.));
#1488 = CARTESIAN_POINT('',(4.694583518297,-11.79964385889,22.));
#1489 = ORIENTED_EDGE('',*,*,#1490,.F.);
#1490 = EDGE_CURVE('',#1491,#1483,#1493,.T.);
#1491 = VERTEX_POINT('',#1492);
#1492 = CARTESIAN_POINT('',(3.997921119902,-12.34798381276,22.));
#1493 = ( BOUNDED_CURVE() B_SPLINE_CURVE(2,(#1494,#1495,#1496),
.UNSPECIFIED.,.F.,.F.) B_SPLINE_CURVE_WITH_KNOTS((3,3),(0.,
4.695830611611E-02),.PIECEWISE_BEZIER_KNOTS.) CURVE() 
GEOMETRIC_REPRESENTATION_ITEM() RATIONAL_B_SPLINE_CURVE((1.,
0.999724377348,1.)) REPRESENTATION_ITEM('') );
#1494 = CARTESIAN_POINT('',(3.997921119902,-12.34798381276,22.));
#1495 = CARTESIAN_POINT('',(4.287894608382,-12.25409875821,22.));
#1496 = CARTESIAN_POINT('',(4.573141384813,-12.14670553672,22.));
#1497 = ORIENTED_EDGE('',*,*,#1498,.F.);
#1498 = EDGE_CURVE('',#1499,#1491,#1501,.T.);
#1499 = VERTEX_POINT('',#1500);
#1500 = CARTESIAN_POINT('',(3.686584419907,-12.15235799842,22.));
#1501 = ( BOUNDED_CURVE() B_SPLINE_CURVE(2,(#1502,#1503,#1504),
.UNSPECIFIED.,.F.,.F.) B_SPLINE_CURVE_WITH_KNOTS((3,3),(0.,
1.570796326795),.PIECEWISE_BEZIER_KNOTS.) CURVE() 
GEOMETRIC_REPRESENTATION_ITEM() RATIONAL_B_SPLINE_CURVE((1.,
0.707106781187,1.)) REPRESENTATION_ITEM('') );
#1502 = CARTESIAN_POINT('',(3.686584419907,-12.15235799842,22.));
#1503 = CARTESIAN_POINT('',(3.744439862735,-12.40583925559,22.));
#1504 = CARTESIAN_POINT('',(3.997921119902,-12.34798381276,22.));
#1505 = ORIENTED_EDGE('',*,*,#1506,.F.);
#1506 = EDGE_CURVE('',#1507,#1499,#1509,.T.);
#1507 = VERTEX_POINT('',#1508);
#1508 = CARTESIAN_POINT('',(1.951212736223,-12.54844526087,22.));
#1509 = ( BOUNDED_CURVE() B_SPLINE_CURVE(2,(#1510,#1511,#1512,#1513,
#1514),.UNSPECIFIED.,.F.,.F.) B_SPLINE_CURVE_WITH_KNOTS((3,2,3),(0.,
1.570796326795,3.14159265359),.PIECEWISE_BEZIER_KNOTS.) CURVE() 
GEOMETRIC_REPRESENTATION_ITEM() RATIONAL_B_SPLINE_CURVE((1.,
0.707106781187,1.,0.707106781187,1.)) REPRESENTATION_ITEM('') );
#1510 = CARTESIAN_POINT('',(1.951212736223,-12.54844526087,22.));
#1511 = CARTESIAN_POINT('',(1.753169105002,-11.68075941902,22.));
#1512 = CARTESIAN_POINT('',(2.620854946844,-11.4827157878,22.));
#1513 = CARTESIAN_POINT('',(3.488540788685,-11.28467215658,22.));
#1514 = CARTESIAN_POINT('',(3.686584419907,-12.15235799842,22.));
#1515 = ORIENTED_EDGE('',*,*,#1516,.F.);
#1516 = EDGE_CURVE('',#1517,#1507,#1519,.T.);
#1517 = VERTEX_POINT('',#1518);
#1518 = CARTESIAN_POINT('',(1.755586921884,-12.85978196086,22.));
#1519 = ( BOUNDED_CURVE() B_SPLINE_CURVE(2,(#1520,#1521,#1522),
.UNSPECIFIED.,.F.,.F.) B_SPLINE_CURVE_WITH_KNOTS((3,3),(0.,
1.570796326795),.PIECEWISE_BEZIER_KNOTS.) CURVE() 
GEOMETRIC_REPRESENTATION_ITEM() RATIONAL_B_SPLINE_CURVE((1.,
0.707106781187,1.)) REPRESENTATION_ITEM('') );
#1520 = CARTESIAN_POINT('',(1.755586921884,-12.85978196086,22.));
#1521 = CARTESIAN_POINT('',(2.009068179052,-12.80192651803,22.));
#1522 = CARTESIAN_POINT('',(1.951212736223,-12.54844526087,22.));
#1523 = ORIENTED_EDGE('',*,*,#1524,.F.);
#1524 = EDGE_CURVE('',#1525,#1517,#1527,.T.);
#1525 = VERTEX_POINT('',#1526);
#1526 = CARTESIAN_POINT('',(1.15,-12.92801521971,22.));
#1527 = ( BOUNDED_CURVE() B_SPLINE_CURVE(2,(#1528,#1529,#1530),
.UNSPECIFIED.,.F.,.F.) B_SPLINE_CURVE_WITH_KNOTS((3,3),(0.,
4.695830611611E-02),.PIECEWISE_BEZIER_KNOTS.) CURVE() 
GEOMETRIC_REPRESENTATION_ITEM() RATIONAL_B_SPLINE_CURVE((1.,
0.999724377348,1.)) REPRESENTATION_ITEM('') );
#1528 = CARTESIAN_POINT('',(1.15,-12.92801521971,22.));
#1529 = CARTESIAN_POINT('',(1.453594637733,-12.90100923098,22.));
#1530 = CARTESIAN_POINT('',(1.755586921884,-12.85978196086,22.));
#1531 = ORIENTED_EDGE('',*,*,#1532,.F.);
#1532 = EDGE_CURVE('',#1533,#1525,#1535,.T.);
#1533 = VERTEX_POINT('',#1534);
#1534 = CARTESIAN_POINT('',(0.89,-12.66801521971,22.));
#1535 = ( BOUNDED_CURVE() B_SPLINE_CURVE(2,(#1536,#1537,#1538),
.UNSPECIFIED.,.F.,.F.) B_SPLINE_CURVE_WITH_KNOTS((3,3),(0.,
1.570796326795),.PIECEWISE_BEZIER_KNOTS.) CURVE() 
GEOMETRIC_REPRESENTATION_ITEM() RATIONAL_B_SPLINE_CURVE((1.,
0.707106781187,1.)) REPRESENTATION_ITEM('') );
#1536 = CARTESIAN_POINT('',(0.89,-12.66801521971,22.));
#1537 = CARTESIAN_POINT('',(0.89,-12.92801521971,22.));
#1538 = CARTESIAN_POINT('',(1.15,-12.92801521971,22.));
#1539 = ORIENTED_EDGE('',*,*,#1540,.F.);
#1540 = EDGE_CURVE('',#1541,#1533,#1543,.T.);
#1541 = VERTEX_POINT('',#1542);
#1542 = CARTESIAN_POINT('',(-0.89,-12.66801521971,22.));
#1543 = ( BOUNDED_CURVE() B_SPLINE_CURVE(2,(#1544,#1545,#1546,#1547,
#1548),.UNSPECIFIED.,.F.,.F.) B_SPLINE_CURVE_WITH_KNOTS((3,2,3),(0.,
1.570796326795,3.14159265359),.PIECEWISE_BEZIER_KNOTS.) CURVE() 
GEOMETRIC_REPRESENTATION_ITEM() RATIONAL_B_SPLINE_CURVE((1.,
0.707106781187,1.,0.707106781187,1.)) REPRESENTATION_ITEM('') );
#1544 = CARTESIAN_POINT('',(-0.89,-12.66801521971,22.));
#1545 = CARTESIAN_POINT('',(-0.89,-11.77801521971,22.));
#1546 = CARTESIAN_POINT('',(-2.66E-15,-11.77801521971,22.));
#1547 = CARTESIAN_POINT('',(0.89,-11.77801521971,22.));
#1548 = CARTESIAN_POINT('',(0.89,-12.66801521971,22.));
#1549 = ORIENTED_EDGE('',*,*,#1550,.F.);
#1550 = EDGE_CURVE('',#1551,#1541,#1553,.T.);
#1551 = VERTEX_POINT('',#1552);
#1552 = CARTESIAN_POINT('',(-1.15,-12.92801521971,22.));
#1553 = ( BOUNDED_CURVE() B_SPLINE_CURVE(2,(#1554,#1555,#1556),
.UNSPECIFIED.,.F.,.F.) B_SPLINE_CURVE_WITH_KNOTS((3,3),(0.,
1.570796326795),.PIECEWISE_BEZIER_KNOTS.) CURVE() 
GEOMETRIC_REPRESENTATION_ITEM() RATIONAL_B_SPLINE_CURVE((1.,
0.707106781187,1.)) REPRESENTATION_ITEM('') );
#1554 = CARTESIAN_POINT('',(-1.15,-12.92801521971,22.));
#1555 = CARTESIAN_POINT('',(-0.89,-12.92801521971,22.));
#1556 = CARTESIAN_POINT('',(-0.89,-12.66801521971,22.));
#1557 = ORIENTED_EDGE('',*,*,#1558,.F.);
#1558 = EDGE_CURVE('',#1559,#1551,#1561,.T.);
#1559 = VERTEX_POINT('',#1560);
#1560 = CARTESIAN_POINT('',(-1.755586921884,-12.85978196086,22.));
#1561 = ( BOUNDED_CURVE() B_SPLINE_CURVE(2,(#1562,#1563,#1564),
.UNSPECIFIED.,.F.,.F.) B_SPLINE_CURVE_WITH_KNOTS((3,3),(0.,
4.695830611611E-02),.PIECEWISE_BEZIER_KNOTS.) CURVE() 
GEOMETRIC_REPRESENTATION_ITEM() RATIONAL_B_SPLINE_CURVE((1.,
0.999724377348,1.)) REPRESENTATION_ITEM('') );
#1562 = CARTESIAN_POINT('',(-1.755586921884,-12.85978196086,22.));
#1563 = CARTESIAN_POINT('',(-1.453594637733,-12.90100923098,22.));
#1564 = CARTESIAN_POINT('',(-1.15,-12.92801521971,22.));
#1565 = ORIENTED_EDGE('',*,*,#1566,.F.);
#1566 = EDGE_CURVE('',#1567,#1559,#1569,.T.);
#1567 = VERTEX_POINT('',#1568);
#1568 = CARTESIAN_POINT('',(-1.951212736223,-12.54844526087,22.));
#1569 = ( BOUNDED_CURVE() B_SPLINE_CURVE(2,(#1570,#1571,#1572),
.UNSPECIFIED.,.F.,.F.) B_SPLINE_CURVE_WITH_KNOTS((3,3),(0.,
1.570796326795),.PIECEWISE_BEZIER_KNOTS.) CURVE() 
GEOMETRIC_REPRESENTATION_ITEM() RATIONAL_B_SPLINE_CURVE((1.,
0.707106781187,1.)) REPRESENTATION_ITEM('') );
#1570 = CARTESIAN_POINT('',(-1.951212736223,-12.54844526087,22.));
#1571 = CARTESIAN_POINT('',(-2.009068179052,-12.80192651803,22.));
#1572 = CARTESIAN_POINT('',(-1.755586921884,-12.85978196086,22.));
#1573 = ORIENTED_EDGE('',*,*,#1574,.F.);
#1574 = EDGE_CURVE('',#1575,#1567,#1577,.T.);
#1575 = VERTEX_POINT('',#1576);
#1576 = CARTESIAN_POINT('',(-3.686584419907,-12.15235799842,22.));
#1577 = ( BOUNDED_CURVE() B_SPLINE_CURVE(2,(#1578,#1579,#1580,#1581,
#1582),.UNSPECIFIED.,.F.,.F.) B_SPLINE_CURVE_WITH_KNOTS((3,2,3),(0.,
1.570796326795,3.14159265359),.PIECEWISE_BEZIER_KNOTS.) CURVE() 
GEOMETRIC_REPRESENTATION_ITEM() RATIONAL_B_SPLINE_CURVE((1.,
0.707106781187,1.,0.707106781187,1.)) REPRESENTATION_ITEM('') );
#1578 = CARTESIAN_POINT('',(-3.686584419907,-12.15235799842,22.));
#1579 = CARTESIAN_POINT('',(-3.488540788685,-11.28467215658,22.));
#1580 = CARTESIAN_POINT('',(-2.620854946844,-11.4827157878,22.));
#1581 = CARTESIAN_POINT('',(-1.753169105002,-11.68075941902,22.));
#1582 = CARTESIAN_POINT('',(-1.951212736223,-12.54844526087,22.));
#1583 = ORIENTED_EDGE('',*,*,#1584,.F.);
#1584 = EDGE_CURVE('',#1585,#1575,#1587,.T.);
#1585 = VERTEX_POINT('',#1586);
#1586 = CARTESIAN_POINT('',(-3.997921119902,-12.34798381276,22.));
#1587 = ( BOUNDED_CURVE() B_SPLINE_CURVE(2,(#1588,#1589,#1590),
.UNSPECIFIED.,.F.,.F.) B_SPLINE_CURVE_WITH_KNOTS((3,3),(0.,
1.570796326795),.PIECEWISE_BEZIER_KNOTS.) CURVE() 
GEOMETRIC_REPRESENTATION_ITEM() RATIONAL_B_SPLINE_CURVE((1.,
0.707106781187,1.)) REPRESENTATION_ITEM('') );
#1588 = CARTESIAN_POINT('',(-3.997921119902,-12.34798381276,22.));
#1589 = CARTESIAN_POINT('',(-3.744439862735,-12.40583925559,22.));
#1590 = CARTESIAN_POINT('',(-3.686584419907,-12.15235799842,22.));
#1591 = ORIENTED_EDGE('',*,*,#1592,.F.);
#1592 = EDGE_CURVE('',#1593,#1585,#1595,.T.);
#1593 = VERTEX_POINT('',#1594);
#1594 = CARTESIAN_POINT('',(-4.573141384813,-12.14670553672,22.));
#1595 = ( BOUNDED_CURVE() B_SPLINE_CURVE(2,(#1596,#1597,#1598),
.UNSPECIFIED.,.F.,.F.) B_SPLINE_CURVE_WITH_KNOTS((3,3),(0.,
4.695830611611E-02),.PIECEWISE_BEZIER_KNOTS.) CURVE() 
GEOMETRIC_REPRESENTATION_ITEM() RATIONAL_B_SPLINE_CURVE((1.,
0.999724377348,1.)) REPRESENTATION_ITEM('') );
#1596 = CARTESIAN_POINT('',(-4.573141384813,-12.14670553672,22.));
#1597 = CARTESIAN_POINT('',(-4.287894608382,-12.25409875821,22.));
#1598 = CARTESIAN_POINT('',(-3.997921119902,-12.34798381276,22.));
#1599 = ORIENTED_EDGE('',*,*,#1600,.F.);
#1600 = EDGE_CURVE('',#1601,#1593,#1603,.T.);
#1601 = VERTEX_POINT('',#1602);
#1602 = CARTESIAN_POINT('',(-4.694583518297,-11.79964385889,22.));
#1603 = ( BOUNDED_CURVE() B_SPLINE_CURVE(2,(#1604,#1605,#1606),
.UNSPECIFIED.,.F.,.F.) B_SPLINE_CURVE_WITH_KNOTS((3,3),(0.,
1.570796326795),.PIECEWISE_BEZIER_KNOTS.) CURVE() 
GEOMETRIC_REPRESENTATION_ITEM() RATIONAL_B_SPLINE_CURVE((1.,
0.707106781187,1.)) REPRESENTATION_ITEM('') );
#1604 = CARTESIAN_POINT('',(-4.694583518297,-11.79964385889,22.));
#1605 = CARTESIAN_POINT('',(-4.807393290467,-12.03389576455,22.));
#1606 = CARTESIAN_POINT('',(-4.573141384813,-12.14670553672,22.));
#1607 = ORIENTED_EDGE('',*,*,#1608,.F.);
#1608 = EDGE_CURVE('',#1609,#1601,#1611,.T.);
#1609 = VERTEX_POINT('',#1610);
#1610 = CARTESIAN_POINT('',(-6.298308103163,-11.02733080326,22.));
#1611 = ( BOUNDED_CURVE() B_SPLINE_CURVE(2,(#1612,#1613,#1614,#1615,
#1616),.UNSPECIFIED.,.F.,.F.) B_SPLINE_CURVE_WITH_KNOTS((3,2,3),(0.,
1.570796326795,3.14159265359),.PIECEWISE_BEZIER_KNOTS.) CURVE() 
GEOMETRIC_REPRESENTATION_ITEM() RATIONAL_B_SPLINE_CURVE((1.,
0.707106781187,1.,0.707106781187,1.)) REPRESENTATION_ITEM('') );
#1612 = CARTESIAN_POINT('',(-6.298308103163,-11.02733080326,22.));
#1613 = CARTESIAN_POINT('',(-5.912151575348,-10.22546851083,22.));
#1614 = CARTESIAN_POINT('',(-5.110289282915,-10.61162503864,22.));
#1615 = CARTESIAN_POINT('',(-4.308426990482,-10.99778156646,22.));
#1616 = CARTESIAN_POINT('',(-4.694583518297,-11.79964385889,22.));
#1617 = ORIENTED_EDGE('',*,*,#1618,.F.);
#1618 = EDGE_CURVE('',#1619,#1609,#1621,.T.);
#1619 = VERTEX_POINT('',#1620);
#1620 = CARTESIAN_POINT('',(-6.645369780988,-11.14877293675,22.));
#1621 = ( BOUNDED_CURVE() B_SPLINE_CURVE(2,(#1622,#1623,#1624),
.UNSPECIFIED.,.F.,.F.) B_SPLINE_CURVE_WITH_KNOTS((3,3),(0.,
1.570796326795),.PIECEWISE_BEZIER_KNOTS.) CURVE() 
GEOMETRIC_REPRESENTATION_ITEM() RATIONAL_B_SPLINE_CURVE((1.,
0.707106781187,1.)) REPRESENTATION_ITEM('') );
#1622 = CARTESIAN_POINT('',(-6.645369780988,-11.14877293675,22.));
#1623 = CARTESIAN_POINT('',(-6.411117875334,-11.26158270892,22.));
#1624 = CARTESIAN_POINT('',(-6.298308103163,-11.02733080326,22.));
#1625 = ORIENTED_EDGE('',*,*,#1626,.F.);
#1626 = EDGE_CURVE('',#1627,#1619,#1629,.T.);
#1627 = VERTEX_POINT('',#1628);
#1628 = CARTESIAN_POINT('',(-7.161379442931,-10.82454257674,22.));
#1629 = ( BOUNDED_CURVE() B_SPLINE_CURVE(2,(#1630,#1631,#1632),
.UNSPECIFIED.,.F.,.F.) B_SPLINE_CURVE_WITH_KNOTS((3,3),(0.,
4.695830611611E-02),.PIECEWISE_BEZIER_KNOTS.) CURVE() 
GEOMETRIC_REPRESENTATION_ITEM() RATIONAL_B_SPLINE_CURVE((1.,
0.999724377348,1.)) REPRESENTATION_ITEM('') );
#1630 = CARTESIAN_POINT('',(-7.161379442931,-10.82454257674,22.));
#1631 = CARTESIAN_POINT('',(-6.907181638677,-10.99271660505,22.));
#1632 = CARTESIAN_POINT('',(-6.645369780988,-11.14877293675,22.));
#1633 = ORIENTED_EDGE('',*,*,#1634,.F.);
#1634 = EDGE_CURVE('',#1635,#1627,#1637,.T.);
#1635 = VERTEX_POINT('',#1636);
#1636 = CARTESIAN_POINT('',(-7.20254827989,-10.45915904281,22.));
#1637 = ( BOUNDED_CURVE() B_SPLINE_CURVE(2,(#1638,#1639,#1640),
.UNSPECIFIED.,.F.,.F.) B_SPLINE_CURVE_WITH_KNOTS((3,3),(0.,
1.570796326795),.PIECEWISE_BEZIER_KNOTS.) CURVE() 
GEOMETRIC_REPRESENTATION_ITEM() RATIONAL_B_SPLINE_CURVE((1.,
0.707106781187,1.)) REPRESENTATION_ITEM('') );
#1638 = CARTESIAN_POINT('',(-7.20254827989,-10.45915904281,22.));
#1639 = CARTESIAN_POINT('',(-7.364655628373,-10.66243522825,22.));
#1640 = CARTESIAN_POINT('',(-7.161379442931,-10.82454257674,22.));
#1641 = ORIENTED_EDGE('',*,*,#1642,.F.);
#1642 = EDGE_CURVE('',#1643,#1635,#1645,.T.);
#1643 = VERTEX_POINT('',#1644);
#1644 = CARTESIAN_POINT('',(-8.594208318683,-9.349347195506,22.));
#1645 = ( BOUNDED_CURVE() B_SPLINE_CURVE(2,(#1646,#1647,#1648,#1649,
#1650),.UNSPECIFIED.,.F.,.F.) B_SPLINE_CURVE_WITH_KNOTS((3,2,3),(0.,
1.570796326795,3.14159265359),.PIECEWISE_BEZIER_KNOTS.) CURVE() 
GEOMETRIC_REPRESENTATION_ITEM() RATIONAL_B_SPLINE_CURVE((1.,
0.707106781187,1.,0.707106781187,1.)) REPRESENTATION_ITEM('') );
#1646 = CARTESIAN_POINT('',(-8.594208318683,-9.349347195506,22.));
#1647 = CARTESIAN_POINT('',(-8.039302395028,-8.65351717611,22.));
#1648 = CARTESIAN_POINT('',(-7.343472375632,-9.208423099764,22.));
#1649 = CARTESIAN_POINT('',(-6.647642356235,-9.763329023418,22.));
#1650 = CARTESIAN_POINT('',(-7.20254827989,-10.45915904281,22.));
#1651 = ORIENTED_EDGE('',*,*,#1652,.F.);
#1652 = EDGE_CURVE('',#1653,#1643,#1655,.T.);
#1653 = VERTEX_POINT('',#1654);
#1654 = CARTESIAN_POINT('',(-8.959591852608,-9.390516032465,22.));
#1655 = ( BOUNDED_CURVE() B_SPLINE_CURVE(2,(#1656,#1657,#1658),
.UNSPECIFIED.,.F.,.F.) B_SPLINE_CURVE_WITH_KNOTS((3,3),(0.,
1.570796326795),.PIECEWISE_BEZIER_KNOTS.) CURVE() 
GEOMETRIC_REPRESENTATION_ITEM() RATIONAL_B_SPLINE_CURVE((1.,
0.707106781187,1.)) REPRESENTATION_ITEM('') );
#1656 = CARTESIAN_POINT('',(-8.959591852608,-9.390516032465,22.));
#1657 = CARTESIAN_POINT('',(-8.756315667166,-9.552623380948,22.));
#1658 = CARTESIAN_POINT('',(-8.594208318683,-9.349347195506,22.));
#1659 = ORIENTED_EDGE('',*,*,#1660,.F.);
#1660 = EDGE_CURVE('',#1661,#1653,#1663,.T.);
#1661 = VERTEX_POINT('',#1662);
#1662 = CARTESIAN_POINT('',(-9.390516032465,-8.959591852608,22.));
#1663 = ( BOUNDED_CURVE() B_SPLINE_CURVE(2,(#1664,#1665,#1666),
.UNSPECIFIED.,.F.,.F.) B_SPLINE_CURVE_WITH_KNOTS((3,3),(0.,
4.695830611611E-02),.PIECEWISE_BEZIER_KNOTS.) CURVE() 
GEOMETRIC_REPRESENTATION_ITEM() RATIONAL_B_SPLINE_CURVE((1.,
0.999724377348,1.)) REPRESENTATION_ITEM('') );
#1664 = CARTESIAN_POINT('',(-9.390516032465,-8.959591852608,22.));
#1665 = CARTESIAN_POINT('',(-9.180113739731,-9.180113739731,22.));
#1666 = CARTESIAN_POINT('',(-8.959591852608,-9.390516032465,22.));
#1667 = ORIENTED_EDGE('',*,*,#1668,.F.);
#1668 = EDGE_CURVE('',#1669,#1661,#1671,.T.);
#1669 = VERTEX_POINT('',#1670);
#1670 = CARTESIAN_POINT('',(-9.349347195506,-8.594208318683,22.));
#1671 = ( BOUNDED_CURVE() B_SPLINE_CURVE(2,(#1672,#1673,#1674),
.UNSPECIFIED.,.F.,.F.) B_SPLINE_CURVE_WITH_KNOTS((3,3),(0.,
1.570796326795),.PIECEWISE_BEZIER_KNOTS.) CURVE() 
GEOMETRIC_REPRESENTATION_ITEM() RATIONAL_B_SPLINE_CURVE((1.,
0.707106781187,1.)) REPRESENTATION_ITEM('') );
#1672 = CARTESIAN_POINT('',(-9.349347195506,-8.594208318683,22.));
#1673 = CARTESIAN_POINT('',(-9.552623380948,-8.756315667166,22.));
#1674 = CARTESIAN_POINT('',(-9.390516032465,-8.959591852608,22.));
#1675 = ORIENTED_EDGE('',*,*,#1676,.F.);
#1676 = EDGE_CURVE('',#1677,#1669,#1679,.T.);
#1677 = VERTEX_POINT('',#1678);
#1678 = CARTESIAN_POINT('',(-10.45915904281,-7.20254827989,22.));
#1679 = ( BOUNDED_CURVE() B_SPLINE_CURVE(2,(#1680,#1681,#1682,#1683,
#1684),.UNSPECIFIED.,.F.,.F.) B_SPLINE_CURVE_WITH_KNOTS((3,2,3),(0.,
1.570796326795,3.14159265359),.PIECEWISE_BEZIER_KNOTS.) CURVE() 
GEOMETRIC_REPRESENTATION_ITEM() RATIONAL_B_SPLINE_CURVE((1.,
0.707106781187,1.,0.707106781187,1.)) REPRESENTATION_ITEM('') );
#1680 = CARTESIAN_POINT('',(-10.45915904281,-7.20254827989,22.));
#1681 = CARTESIAN_POINT('',(-9.763329023418,-6.647642356235,22.));
#1682 = CARTESIAN_POINT('',(-9.208423099764,-7.343472375632,22.));
#1683 = CARTESIAN_POINT('',(-8.65351717611,-8.039302395028,22.));
#1684 = CARTESIAN_POINT('',(-9.349347195506,-8.594208318683,22.));
#1685 = ORIENTED_EDGE('',*,*,#1686,.F.);
#1686 = EDGE_CURVE('',#1687,#1677,#1689,.T.);
#1687 = VERTEX_POINT('',#1688);
#1688 = CARTESIAN_POINT('',(-10.82454257674,-7.161379442931,22.));
#1689 = ( BOUNDED_CURVE() B_SPLINE_CURVE(2,(#1690,#1691,#1692),
.UNSPECIFIED.,.F.,.F.) B_SPLINE_CURVE_WITH_KNOTS((3,3),(0.,
1.570796326795),.PIECEWISE_BEZIER_KNOTS.) CURVE() 
GEOMETRIC_REPRESENTATION_ITEM() RATIONAL_B_SPLINE_CURVE((1.,
0.707106781187,1.)) REPRESENTATION_ITEM('') );
#1690 = CARTESIAN_POINT('',(-10.82454257674,-7.161379442931,22.));
#1691 = CARTESIAN_POINT('',(-10.66243522825,-7.364655628373,22.));
#1692 = CARTESIAN_POINT('',(-10.45915904281,-7.20254827989,22.));
#1693 = ORIENTED_EDGE('',*,*,#1694,.F.);
#1694 = EDGE_CURVE('',#1695,#1687,#1697,.T.);
#1695 = VERTEX_POINT('',#1696);
#1696 = CARTESIAN_POINT('',(-11.14877293675,-6.645369780988,22.));
#1697 = ( BOUNDED_CURVE() B_SPLINE_CURVE(2,(#1698,#1699,#1700),
.UNSPECIFIED.,.F.,.F.) B_SPLINE_CURVE_WITH_KNOTS((3,3),(0.,
4.695830611611E-02),.PIECEWISE_BEZIER_KNOTS.) CURVE() 
GEOMETRIC_REPRESENTATION_ITEM() RATIONAL_B_SPLINE_CURVE((1.,
0.999724377348,1.)) REPRESENTATION_ITEM('') );
#1698 = CARTESIAN_POINT('',(-11.14877293675,-6.645369780988,22.));
#1699 = CARTESIAN_POINT('',(-10.99271660505,-6.907181638677,22.));
#1700 = CARTESIAN_POINT('',(-10.82454257674,-7.161379442931,22.));
#1701 = ORIENTED_EDGE('',*,*,#1702,.F.);
#1702 = EDGE_CURVE('',#1703,#1695,#1705,.T.);
#1703 = VERTEX_POINT('',#1704);
#1704 = CARTESIAN_POINT('',(-11.02733080326,-6.298308103163,22.));
#1705 = ( BOUNDED_CURVE() B_SPLINE_CURVE(2,(#1706,#1707,#1708),
.UNSPECIFIED.,.F.,.F.) B_SPLINE_CURVE_WITH_KNOTS((3,3),(0.,
1.570796326795),.PIECEWISE_BEZIER_KNOTS.) CURVE() 
GEOMETRIC_REPRESENTATION_ITEM() RATIONAL_B_SPLINE_CURVE((1.,
0.707106781187,1.)) REPRESENTATION_ITEM('') );
#1706 = CARTESIAN_POINT('',(-11.02733080326,-6.298308103163,22.));
#1707 = CARTESIAN_POINT('',(-11.26158270892,-6.411117875334,22.));
#1708 = CARTESIAN_POINT('',(-11.14877293675,-6.645369780988,22.));
#1709 = ORIENTED_EDGE('',*,*,#1710,.F.);
#1710 = EDGE_CURVE('',#1711,#1703,#1713,.T.);
#1711 = VERTEX_POINT('',#1712);
#1712 = CARTESIAN_POINT('',(-11.79964385889,-4.694583518297,22.));
#1713 = ( BOUNDED_CURVE() B_SPLINE_CURVE(2,(#1714,#1715,#1716,#1717,
#1718),.UNSPECIFIED.,.F.,.F.) B_SPLINE_CURVE_WITH_KNOTS((3,2,3),(0.,
1.570796326795,3.14159265359),.PIECEWISE_BEZIER_KNOTS.) CURVE() 
GEOMETRIC_REPRESENTATION_ITEM() RATIONAL_B_SPLINE_CURVE((1.,
0.707106781187,1.,0.707106781187,1.)) REPRESENTATION_ITEM('') );
#1714 = CARTESIAN_POINT('',(-11.79964385889,-4.694583518297,22.));
#1715 = CARTESIAN_POINT('',(-10.99778156646,-4.308426990482,22.));
#1716 = CARTESIAN_POINT('',(-10.61162503864,-5.110289282915,22.));
#1717 = CARTESIAN_POINT('',(-10.22546851083,-5.912151575348,22.));
#1718 = CARTESIAN_POINT('',(-11.02733080326,-6.298308103163,22.));
#1719 = ORIENTED_EDGE('',*,*,#1720,.F.);
#1720 = EDGE_CURVE('',#1721,#1711,#1723,.T.);
#1721 = VERTEX_POINT('',#1722);
#1722 = CARTESIAN_POINT('',(-12.14670553672,-4.573141384813,22.));
#1723 = ( BOUNDED_CURVE() B_SPLINE_CURVE(2,(#1724,#1725,#1726),
.UNSPECIFIED.,.F.,.F.) B_SPLINE_CURVE_WITH_KNOTS((3,3),(0.,
1.570796326795),.PIECEWISE_BEZIER_KNOTS.) CURVE() 
GEOMETRIC_REPRESENTATION_ITEM() RATIONAL_B_SPLINE_CURVE((1.,
0.707106781187,1.)) REPRESENTATION_ITEM('') );
#1724 = CARTESIAN_POINT('',(-12.14670553672,-4.573141384813,22.));
#1725 = CARTESIAN_POINT('',(-12.03389576455,-4.807393290467,22.));
#1726 = CARTESIAN_POINT('',(-11.79964385889,-4.694583518297,22.));
#1727 = ORIENTED_EDGE('',*,*,#1728,.F.);
#1728 = EDGE_CURVE('',#1729,#1721,#1731,.T.);
#1729 = VERTEX_POINT('',#1730);
#1730 = CARTESIAN_POINT('',(-12.34798381276,-3.997921119902,22.));
#1731 = ( BOUNDED_CURVE() B_SPLINE_CURVE(2,(#1732,#1733,#1734),
.UNSPECIFIED.,.F.,.F.) B_SPLINE_CURVE_WITH_KNOTS((3,3),(0.,
4.695830611611E-02),.PIECEWISE_BEZIER_KNOTS.) CURVE() 
GEOMETRIC_REPRESENTATION_ITEM() RATIONAL_B_SPLINE_CURVE((1.,
0.999724377348,1.)) REPRESENTATION_ITEM('') );
#1732 = CARTESIAN_POINT('',(-12.34798381276,-3.997921119902,22.));
#1733 = CARTESIAN_POINT('',(-12.25409875821,-4.287894608382,22.));
#1734 = CARTESIAN_POINT('',(-12.14670553672,-4.573141384813,22.));
#1735 = ORIENTED_EDGE('',*,*,#1736,.F.);
#1736 = EDGE_CURVE('',#1737,#1729,#1739,.T.);
#1737 = VERTEX_POINT('',#1738);
#1738 = CARTESIAN_POINT('',(-12.15235799842,-3.686584419907,22.));
#1739 = ( BOUNDED_CURVE() B_SPLINE_CURVE(2,(#1740,#1741,#1742),
.UNSPECIFIED.,.F.,.F.) B_SPLINE_CURVE_WITH_KNOTS((3,3),(0.,
1.570796326795),.PIECEWISE_BEZIER_KNOTS.) CURVE() 
GEOMETRIC_REPRESENTATION_ITEM() RATIONAL_B_SPLINE_CURVE((1.,
0.707106781187,1.)) REPRESENTATION_ITEM('') );
#1740 = CARTESIAN_POINT('',(-12.15235799842,-3.686584419907,22.));
#1741 = CARTESIAN_POINT('',(-12.40583925559,-3.744439862735,22.));
#1742 = CARTESIAN_POINT('',(-12.34798381276,-3.997921119902,22.));
#1743 = ORIENTED_EDGE('',*,*,#1744,.F.);
#1744 = EDGE_CURVE('',#1745,#1737,#1747,.T.);
#1745 = VERTEX_POINT('',#1746);
#1746 = CARTESIAN_POINT('',(-12.54844526087,-1.951212736223,22.));
#1747 = ( BOUNDED_CURVE() B_SPLINE_CURVE(2,(#1748,#1749,#1750,#1751,
#1752),.UNSPECIFIED.,.F.,.F.) B_SPLINE_CURVE_WITH_KNOTS((3,2,3),(0.,
1.570796326795,3.14159265359),.PIECEWISE_BEZIER_KNOTS.) CURVE() 
GEOMETRIC_REPRESENTATION_ITEM() RATIONAL_B_SPLINE_CURVE((1.,
0.707106781187,1.,0.707106781187,1.)) REPRESENTATION_ITEM('') );
#1748 = CARTESIAN_POINT('',(-12.54844526087,-1.951212736223,22.));
#1749 = CARTESIAN_POINT('',(-11.68075941902,-1.753169105002,22.));
#1750 = CARTESIAN_POINT('',(-11.4827157878,-2.620854946844,22.));
#1751 = CARTESIAN_POINT('',(-11.28467215658,-3.488540788685,22.));
#1752 = CARTESIAN_POINT('',(-12.15235799842,-3.686584419907,22.));
#1753 = ORIENTED_EDGE('',*,*,#1754,.F.);
#1754 = EDGE_CURVE('',#1755,#1745,#1757,.T.);
#1755 = VERTEX_POINT('',#1756);
#1756 = CARTESIAN_POINT('',(-12.85978196086,-1.755586921884,22.));
#1757 = ( BOUNDED_CURVE() B_SPLINE_CURVE(2,(#1758,#1759,#1760),
.UNSPECIFIED.,.F.,.F.) B_SPLINE_CURVE_WITH_KNOTS((3,3),(0.,
1.570796326795),.PIECEWISE_BEZIER_KNOTS.) CURVE() 
GEOMETRIC_REPRESENTATION_ITEM() RATIONAL_B_SPLINE_CURVE((1.,
0.707106781187,1.)) REPRESENTATION_ITEM('') );
#1758 = CARTESIAN_POINT('',(-12.85978196086,-1.755586921884,22.));
#1759 = CARTESIAN_POINT('',(-12.80192651803,-2.009068179052,22.));
#1760 = CARTESIAN_POINT('',(-12.54844526087,-1.951212736223,22.));
#1761 = ORIENTED_EDGE('',*,*,#1762,.F.);
#1762 = EDGE_CURVE('',#1763,#1755,#1765,.T.);
#1763 = VERTEX_POINT('',#1764);
#1764 = CARTESIAN_POINT('',(-12.92801521971,-1.15,22.));
#1765 = ( BOUNDED_CURVE() B_SPLINE_CURVE(2,(#1766,#1767,#1768),
.UNSPECIFIED.,.F.,.F.) B_SPLINE_CURVE_WITH_KNOTS((3,3),(0.,
4.695830611611E-02),.PIECEWISE_BEZIER_KNOTS.) CURVE() 
GEOMETRIC_REPRESENTATION_ITEM() RATIONAL_B_SPLINE_CURVE((1.,
0.999724377348,1.)) REPRESENTATION_ITEM('') );
#1766 = CARTESIAN_POINT('',(-12.92801521971,-1.15,22.));
#1767 = CARTESIAN_POINT('',(-12.90100923098,-1.453594637733,22.));
#1768 = CARTESIAN_POINT('',(-12.85978196086,-1.755586921884,22.));
#1769 = ORIENTED_EDGE('',*,*,#1770,.F.);
#1770 = EDGE_CURVE('',#1771,#1763,#1773,.T.);
#1771 = VERTEX_POINT('',#1772);
#1772 = CARTESIAN_POINT('',(-12.66801521971,-0.89,22.));
#1773 = ( BOUNDED_CURVE() B_SPLINE_CURVE(2,(#1774,#1775,#1776),
.UNSPECIFIED.,.F.,.F.) B_SPLINE_CURVE_WITH_KNOTS((3,3),(0.,
1.570796326795),.PIECEWISE_BEZIER_KNOTS.) CURVE() 
GEOMETRIC_REPRESENTATION_ITEM() RATIONAL_B_SPLINE_CURVE((1.,
0.707106781187,1.)) REPRESENTATION_ITEM('') );
#1774 = CARTESIAN_POINT('',(-12.66801521971,-0.89,22.));
#1775 = CARTESIAN_POINT('',(-12.92801521971,-0.89,22.));
#1776 = CARTESIAN_POINT('',(-12.92801521971,-1.15,22.));
#1777 = ORIENTED_EDGE('',*,*,#1778,.F.);
#1778 = EDGE_CURVE('',#1779,#1771,#1781,.T.);
#1779 = VERTEX_POINT('',#1780);
#1780 = CARTESIAN_POINT('',(-12.66801521971,0.89,22.));
#1781 = ( BOUNDED_CURVE() B_SPLINE_CURVE(2,(#1782,#1783,#1784,#1785,
#1786),.UNSPECIFIED.,.F.,.F.) B_SPLINE_CURVE_WITH_KNOTS((3,2,3),(0.,
1.570796326795,3.14159265359),.PIECEWISE_BEZIER_KNOTS.) CURVE() 
GEOMETRIC_REPRESENTATION_ITEM() RATIONAL_B_SPLINE_CURVE((1.,
0.707106781187,1.,0.707106781187,1.)) REPRESENTATION_ITEM('') );
#1782 = CARTESIAN_POINT('',(-12.66801521971,0.89,22.));
#1783 = CARTESIAN_POINT('',(-11.77801521971,0.89,22.));
#1784 = CARTESIAN_POINT('',(-11.77801521971,1.78E-15,22.));
#1785 = CARTESIAN_POINT('',(-11.77801521971,-0.89,22.));
#1786 = CARTESIAN_POINT('',(-12.66801521971,-0.89,22.));
#1787 = ORIENTED_EDGE('',*,*,#1788,.F.);
#1788 = EDGE_CURVE('',#1789,#1779,#1791,.T.);
#1789 = VERTEX_POINT('',#1790);
#1790 = CARTESIAN_POINT('',(-12.92801521971,1.15,22.));
#1791 = ( BOUNDED_CURVE() B_SPLINE_CURVE(2,(#1792,#1793,#1794),
.UNSPECIFIED.,.F.,.F.) B_SPLINE_CURVE_WITH_KNOTS((3,3),(0.,
1.570796326795),.PIECEWISE_BEZIER_KNOTS.) CURVE() 
GEOMETRIC_REPRESENTATION_ITEM() RATIONAL_B_SPLINE_CURVE((1.,
0.707106781187,1.)) REPRESENTATION_ITEM('') );
#1792 = CARTESIAN_POINT('',(-12.92801521971,1.15,22.));
#1793 = CARTESIAN_POINT('',(-12.92801521971,0.89,22.));
#1794 = CARTESIAN_POINT('',(-12.66801521971,0.89,22.));
#1795 = ORIENTED_EDGE('',*,*,#1796,.F.);
#1796 = EDGE_CURVE('',#1797,#1789,#1799,.T.);
#1797 = VERTEX_POINT('',#1798);
#1798 = CARTESIAN_POINT('',(-12.85978196086,1.755586921884,22.));
#1799 = ( BOUNDED_CURVE() B_SPLINE_CURVE(2,(#1800,#1801,#1802),
.UNSPECIFIED.,.F.,.F.) B_SPLINE_CURVE_WITH_KNOTS((3,3),(0.,
4.695830611611E-02),.PIECEWISE_BEZIER_KNOTS.) CURVE() 
GEOMETRIC_REPRESENTATION_ITEM() RATIONAL_B_SPLINE_CURVE((1.,
0.999724377348,1.)) REPRESENTATION_ITEM('') );
#1800 = CARTESIAN_POINT('',(-12.85978196086,1.755586921884,22.));
#1801 = CARTESIAN_POINT('',(-12.90100923098,1.453594637733,22.));
#1802 = CARTESIAN_POINT('',(-12.92801521971,1.15,22.));
#1803 = ORIENTED_EDGE('',*,*,#1804,.F.);
#1804 = EDGE_CURVE('',#1805,#1797,#1807,.T.);
#1805 = VERTEX_POINT('',#1806);
#1806 = CARTESIAN_POINT('',(-12.54844526087,1.951212736223,22.));
#1807 = ( BOUNDED_CURVE() B_SPLINE_CURVE(2,(#1808,#1809,#1810),
.UNSPECIFIED.,.F.,.F.) B_SPLINE_CURVE_WITH_KNOTS((3,3),(0.,
1.570796326795),.PIECEWISE_BEZIER_KNOTS.) CURVE() 
GEOMETRIC_REPRESENTATION_ITEM() RATIONAL_B_SPLINE_CURVE((1.,
0.707106781187,1.)) REPRESENTATION_ITEM('') );
#1808 = CARTESIAN_POINT('',(-12.54844526087,1.951212736223,22.));
#1809 = CARTESIAN_POINT('',(-12.80192651803,2.009068179052,22.));
#1810 = CARTESIAN_POINT('',(-12.85978196086,1.755586921884,22.));
#1811 = ORIENTED_EDGE('',*,*,#1812,.F.);
#1812 = EDGE_CURVE('',#1813,#1805,#1815,.T.);
#1813 = VERTEX_POINT('',#1814);
#1814 = CARTESIAN_POINT('',(-12.15235799842,3.686584419907,22.));
#1815 = ( BOUNDED_CURVE() B_SPLINE_CURVE(2,(#1816,#1817,#1818,#1819,
#1820),.UNSPECIFIED.,.F.,.F.) B_SPLINE_CURVE_WITH_KNOTS((3,2,3),(0.,
1.570796326795,3.14159265359),.PIECEWISE_BEZIER_KNOTS.) CURVE() 
GEOMETRIC_REPRESENTATION_ITEM() RATIONAL_B_SPLINE_CURVE((1.,
0.707106781187,1.,0.707106781187,1.)) REPRESENTATION_ITEM('') );
#1816 = CARTESIAN_POINT('',(-12.15235799842,3.686584419907,22.));
#1817 = CARTESIAN_POINT('',(-11.28467215658,3.488540788685,22.));
#1818 = CARTESIAN_POINT('',(-11.4827157878,2.620854946844,22.));
#1819 = CARTESIAN_POINT('',(-11.68075941902,1.753169105002,22.));
#1820 = CARTESIAN_POINT('',(-12.54844526087,1.951212736223,22.));
#1821 = ORIENTED_EDGE('',*,*,#1822,.F.);
#1822 = EDGE_CURVE('',#1823,#1813,#1825,.T.);
#1823 = VERTEX_POINT('',#1824);
#1824 = CARTESIAN_POINT('',(-12.34798381276,3.997921119902,22.));
#1825 = ( BOUNDED_CURVE() B_SPLINE_CURVE(2,(#1826,#1827,#1828),
.UNSPECIFIED.,.F.,.F.) B_SPLINE_CURVE_WITH_KNOTS((3,3),(0.,
1.570796326795),.PIECEWISE_BEZIER_KNOTS.) CURVE() 
GEOMETRIC_REPRESENTATION_ITEM() RATIONAL_B_SPLINE_CURVE((1.,
0.707106781187,1.)) REPRESENTATION_ITEM('') );
#1826 = CARTESIAN_POINT('',(-12.34798381276,3.997921119902,22.));
#1827 = CARTESIAN_POINT('',(-12.40583925559,3.744439862735,22.));
#1828 = CARTESIAN_POINT('',(-12.15235799842,3.686584419907,22.));
#1829 = ORIENTED_EDGE('',*,*,#1830,.F.);
#1830 = EDGE_CURVE('',#1831,#1823,#1833,.T.);
#1831 = VERTEX_POINT('',#1832);
#1832 = CARTESIAN_POINT('',(-12.14670553672,4.573141384813,22.));
#1833 = ( BOUNDED_CURVE() B_SPLINE_CURVE(2,(#1834,#1835,#1836),
.UNSPECIFIED.,.F.,.F.) B_SPLINE_CURVE_WITH_KNOTS((3,3),(0.,
4.695830611611E-02),.PIECEWISE_BEZIER_KNOTS.) CURVE() 
GEOMETRIC_REPRESENTATION_ITEM() RATIONAL_B_SPLINE_CURVE((1.,
0.999724377348,1.)) REPRESENTATION_ITEM('') );
#1834 = CARTESIAN_POINT('',(-12.14670553672,4.573141384813,22.));
#1835 = CARTESIAN_POINT('',(-12.25409875821,4.287894608382,22.));
#1836 = CARTESIAN_POINT('',(-12.34798381276,3.997921119902,22.));
#1837 = ORIENTED_EDGE('',*,*,#1838,.F.);
#1838 = EDGE_CURVE('',#1839,#1831,#1841,.T.);
#1839 = VERTEX_POINT('',#1840);
#1840 = CARTESIAN_POINT('',(-11.79964385889,4.694583518297,22.));
#1841 = ( BOUNDED_CURVE() B_SPLINE_CURVE(2,(#1842,#1843,#1844),
.UNSPECIFIED.,.F.,.F.) B_SPLINE_CURVE_WITH_KNOTS((3,3),(0.,
1.570796326795),.PIECEWISE_BEZIER_KNOTS.) CURVE() 
GEOMETRIC_REPRESENTATION_ITEM() RATIONAL_B_SPLINE_CURVE((1.,
0.707106781187,1.)) REPRESENTATION_ITEM('') );
#1842 = CARTESIAN_POINT('',(-11.79964385889,4.694583518297,22.));
#1843 = CARTESIAN_POINT('',(-12.03389576455,4.807393290467,22.));
#1844 = CARTESIAN_POINT('',(-12.14670553672,4.573141384813,22.));
#1845 = ORIENTED_EDGE('',*,*,#1846,.F.);
#1846 = EDGE_CURVE('',#1847,#1839,#1849,.T.);
#1847 = VERTEX_POINT('',#1848);
#1848 = CARTESIAN_POINT('',(-11.02733080326,6.298308103163,22.));
#1849 = ( BOUNDED_CURVE() B_SPLINE_CURVE(2,(#1850,#1851,#1852,#1853,
#1854),.UNSPECIFIED.,.F.,.F.) B_SPLINE_CURVE_WITH_KNOTS((3,2,3),(0.,
1.570796326795,3.14159265359),.PIECEWISE_BEZIER_KNOTS.) CURVE() 
GEOMETRIC_REPRESENTATION_ITEM() RATIONAL_B_SPLINE_CURVE((1.,
0.707106781187,1.,0.707106781187,1.)) REPRESENTATION_ITEM('') );
#1850 = CARTESIAN_POINT('',(-11.02733080326,6.298308103163,22.));
#1851 = CARTESIAN_POINT('',(-10.22546851083,5.912151575348,22.));
#1852 = CARTESIAN_POINT('',(-10.61162503864,5.110289282915,22.));
#1853 = CARTESIAN_POINT('',(-10.99778156646,4.308426990482,22.));
#1854 = CARTESIAN_POINT('',(-11.79964385889,4.694583518297,22.));
#1855 = ORIENTED_EDGE('',*,*,#1856,.F.);
#1856 = EDGE_CURVE('',#1857,#1847,#1859,.T.);
#1857 = VERTEX_POINT('',#1858);
#1858 = CARTESIAN_POINT('',(-11.14877293675,6.645369780988,22.));
#1859 = ( BOUNDED_CURVE() B_SPLINE_CURVE(2,(#1860,#1861,#1862),
.UNSPECIFIED.,.F.,.F.) B_SPLINE_CURVE_WITH_KNOTS((3,3),(0.,
1.570796326795),.PIECEWISE_BEZIER_KNOTS.) CURVE() 
GEOMETRIC_REPRESENTATION_ITEM() RATIONAL_B_SPLINE_CURVE((1.,
0.707106781187,1.)) REPRESENTATION_ITEM('') );
#1860 = CARTESIAN_POINT('',(-11.14877293675,6.645369780988,22.));
#1861 = CARTESIAN_POINT('',(-11.26158270892,6.411117875334,22.));
#1862 = CARTESIAN_POINT('',(-11.02733080326,6.298308103163,22.));
#1863 = ORIENTED_EDGE('',*,*,#1864,.F.);
#1864 = EDGE_CURVE('',#1865,#1857,#1867,.T.);
#1865 = VERTEX_POINT('',#1866);
#1866 = CARTESIAN_POINT('',(-10.82454257674,7.161379442931,22.));
#1867 = ( BOUNDED_CURVE() B_SPLINE_CURVE(2,(#1868,#1869,#1870),
.UNSPECIFIED.,.F.,.F.) B_SPLINE_CURVE_WITH_KNOTS((3,3),(0.,
4.695830611611E-02),.PIECEWISE_BEZIER_KNOTS.) CURVE() 
GEOMETRIC_REPRESENTATION_ITEM() RATIONAL_B_SPLINE_CURVE((1.,
0.999724377348,1.)) REPRESENTATION_ITEM('') );
#1868 = CARTESIAN_POINT('',(-10.82454257674,7.161379442931,22.));
#1869 = CARTESIAN_POINT('',(-10.99271660505,6.907181638677,22.));
#1870 = CARTESIAN_POINT('',(-11.14877293675,6.645369780988,22.));
#1871 = ORIENTED_EDGE('',*,*,#1872,.F.);
#1872 = EDGE_CURVE('',#1873,#1865,#1875,.T.);
#1873 = VERTEX_POINT('',#1874);
#1874 = CARTESIAN_POINT('',(-10.45915904281,7.20254827989,22.));
#1875 = ( BOUNDED_CURVE() B_SPLINE_CURVE(2,(#1876,#1877,#1878),
.UNSPECIFIED.,.F.,.F.) B_SPLINE_CURVE_WITH_KNOTS((3,3),(0.,
1.570796326795),.PIECEWISE_BEZIER_KNOTS.) CURVE() 
GEOMETRIC_REPRESENTATION_ITEM() RATIONAL_B_SPLINE_CURVE((1.,
0.707106781187,1.)) REPRESENTATION_ITEM('') );
#1876 = CARTESIAN_POINT('',(-10.45915904281,7.20254827989,22.));
#1877 = CARTESIAN_POINT('',(-10.66243522825,7.364655628373,22.));
#1878 = CARTESIAN_POINT('',(-10.82454257674,7.161379442931,22.));
#1879 = ORIENTED_EDGE('',*,*,#1880,.F.);
#1880 = EDGE_CURVE('',#1881,#1873,#1883,.T.);
#1881 = VERTEX_POINT('',#1882);
#1882 = CARTESIAN_POINT('',(-9.349347195506,8.594208318683,22.));
#1883 = ( BOUNDED_CURVE() B_SPLINE_CURVE(2,(#1884,#1885,#1886,#1887,
#1888),.UNSPECIFIED.,.F.,.F.) B_SPLINE_CURVE_WITH_KNOTS((3,2,3),(0.,
1.570796326795,3.14159265359),.PIECEWISE_BEZIER_KNOTS.) CURVE() 
GEOMETRIC_REPRESENTATION_ITEM() RATIONAL_B_SPLINE_CURVE((1.,
0.707106781187,1.,0.707106781187,1.)) REPRESENTATION_ITEM('') );
#1884 = CARTESIAN_POINT('',(-9.349347195506,8.594208318683,22.));
#1885 = CARTESIAN_POINT('',(-8.65351717611,8.039302395028,22.));
#1886 = CARTESIAN_POINT('',(-9.208423099764,7.343472375632,22.));
#1887 = CARTESIAN_POINT('',(-9.763329023418,6.647642356235,22.));
#1888 = CARTESIAN_POINT('',(-10.45915904281,7.20254827989,22.));
#1889 = ORIENTED_EDGE('',*,*,#1890,.F.);
#1890 = EDGE_CURVE('',#1891,#1881,#1893,.T.);
#1891 = VERTEX_POINT('',#1892);
#1892 = CARTESIAN_POINT('',(-9.390516032465,8.959591852608,22.));
#1893 = ( BOUNDED_CURVE() B_SPLINE_CURVE(2,(#1894,#1895,#1896),
.UNSPECIFIED.,.F.,.F.) B_SPLINE_CURVE_WITH_KNOTS((3,3),(0.,
1.570796326795),.PIECEWISE_BEZIER_KNOTS.) CURVE() 
GEOMETRIC_REPRESENTATION_ITEM() RATIONAL_B_SPLINE_CURVE((1.,
0.707106781187,1.)) REPRESENTATION_ITEM('') );
#1894 = CARTESIAN_POINT('',(-9.390516032465,8.959591852608,22.));
#1895 = CARTESIAN_POINT('',(-9.552623380948,8.756315667166,22.));
#1896 = CARTESIAN_POINT('',(-9.349347195506,8.594208318683,22.));
#1897 = ORIENTED_EDGE('',*,*,#1898,.F.);
#1898 = EDGE_CURVE('',#1899,#1891,#1901,.T.);
#1899 = VERTEX_POINT('',#1900);
#1900 = CARTESIAN_POINT('',(-8.959591852608,9.390516032465,22.));
#1901 = ( BOUNDED_CURVE() B_SPLINE_CURVE(2,(#1902,#1903,#1904),
.UNSPECIFIED.,.F.,.F.) B_SPLINE_CURVE_WITH_KNOTS((3,3),(0.,
4.695830611611E-02),.PIECEWISE_BEZIER_KNOTS.) CURVE() 
GEOMETRIC_REPRESENTATION_ITEM() RATIONAL_B_SPLINE_CURVE((1.,
0.999724377348,1.)) REPRESENTATION_ITEM('') );
#1902 = CARTESIAN_POINT('',(-8.959591852608,9.390516032465,22.));
#1903 = CARTESIAN_POINT('',(-9.180113739731,9.180113739731,22.));
#1904 = CARTESIAN_POINT('',(-9.390516032465,8.959591852608,22.));
#1905 = ORIENTED_EDGE('',*,*,#1906,.F.);
#1906 = EDGE_CURVE('',#1907,#1899,#1909,.T.);
#1907 = VERTEX_POINT('',#1908);
#1908 = CARTESIAN_POINT('',(-8.594208318683,9.349347195506,22.));
#1909 = ( BOUNDED_CURVE() B_SPLINE_CURVE(2,(#1910,#1911,#1912),
.UNSPECIFIED.,.F.,.F.) B_SPLINE_CURVE_WITH_KNOTS((3,3),(0.,
1.570796326795),.PIECEWISE_BEZIER_KNOTS.) CURVE() 
GEOMETRIC_REPRESENTATION_ITEM() RATIONAL_B_SPLINE_CURVE((1.,
0.707106781187,1.)) REPRESENTATION_ITEM('') );
#1910 = CARTESIAN_POINT('',(-8.594208318683,9.349347195506,22.));
#1911 = CARTESIAN_POINT('',(-8.756315667166,9.552623380948,22.));
#1912 = CARTESIAN_POINT('',(-8.959591852608,9.390516032465,22.));
#1913 = ORIENTED_EDGE('',*,*,#1914,.F.);
#1914 = EDGE_CURVE('',#1915,#1907,#1917,.T.);
#1915 = VERTEX_POINT('',#1916);
#1916 = CARTESIAN_POINT('',(-7.20254827989,10.459159042815,22.));
#1917 = ( BOUNDED_CURVE() B_SPLINE_CURVE(2,(#1918,#1919,#1920,#1921,
#1922),.UNSPECIFIED.,.F.,.F.) B_SPLINE_CURVE_WITH_KNOTS((3,2,3),(0.,
1.570796326795,3.14159265359),.PIECEWISE_BEZIER_KNOTS.) CURVE() 
GEOMETRIC_REPRESENTATION_ITEM() RATIONAL_B_SPLINE_CURVE((1.,
0.707106781187,1.,0.707106781187,1.)) REPRESENTATION_ITEM('') );
#1918 = CARTESIAN_POINT('',(-7.20254827989,10.459159042815,22.));
#1919 = CARTESIAN_POINT('',(-6.647642356235,9.763329023418,22.));
#1920 = CARTESIAN_POINT('',(-7.343472375632,9.208423099764,22.));
#1921 = CARTESIAN_POINT('',(-8.039302395028,8.65351717611,22.));
#1922 = CARTESIAN_POINT('',(-8.594208318683,9.349347195506,22.));
#1923 = ORIENTED_EDGE('',*,*,#1924,.F.);
#1924 = EDGE_CURVE('',#1925,#1915,#1927,.T.);
#1925 = VERTEX_POINT('',#1926);
#1926 = CARTESIAN_POINT('',(-7.161379442931,10.82454257674,22.));
#1927 = ( BOUNDED_CURVE() B_SPLINE_CURVE(2,(#1928,#1929,#1930),
.UNSPECIFIED.,.F.,.F.) B_SPLINE_CURVE_WITH_KNOTS((3,3),(0.,
1.570796326795),.PIECEWISE_BEZIER_KNOTS.) CURVE() 
GEOMETRIC_REPRESENTATION_ITEM() RATIONAL_B_SPLINE_CURVE((1.,
0.707106781187,1.)) REPRESENTATION_ITEM('') );
#1928 = CARTESIAN_POINT('',(-7.161379442931,10.82454257674,22.));
#1929 = CARTESIAN_POINT('',(-7.364655628373,10.662435228257,22.));
#1930 = CARTESIAN_POINT('',(-7.20254827989,10.459159042815,22.));
#1931 = ORIENTED_EDGE('',*,*,#1932,.F.);
#1932 = EDGE_CURVE('',#1933,#1925,#1935,.T.);
#1933 = VERTEX_POINT('',#1934);
#1934 = CARTESIAN_POINT('',(-6.645369780988,11.14877293675,22.));
#1935 = ( BOUNDED_CURVE() B_SPLINE_CURVE(2,(#1936,#1937,#1938),
.UNSPECIFIED.,.F.,.F.) B_SPLINE_CURVE_WITH_KNOTS((3,3),(0.,
4.695830611611E-02),.PIECEWISE_BEZIER_KNOTS.) CURVE() 
GEOMETRIC_REPRESENTATION_ITEM() RATIONAL_B_SPLINE_CURVE((1.,
0.999724377348,1.)) REPRESENTATION_ITEM('') );
#1936 = CARTESIAN_POINT('',(-6.645369780988,11.14877293675,22.));
#1937 = CARTESIAN_POINT('',(-6.907181638677,10.992716605057,22.));
#1938 = CARTESIAN_POINT('',(-7.161379442931,10.82454257674,22.));
#1939 = ORIENTED_EDGE('',*,*,#1940,.F.);
#1940 = EDGE_CURVE('',#1941,#1933,#1943,.T.);
#1941 = VERTEX_POINT('',#1942);
#1942 = CARTESIAN_POINT('',(-6.298308103163,11.027330803266,22.));
#1943 = ( BOUNDED_CURVE() B_SPLINE_CURVE(2,(#1944,#1945,#1946),
.UNSPECIFIED.,.F.,.F.) B_SPLINE_CURVE_WITH_KNOTS((3,3),(0.,
1.570796326795),.PIECEWISE_BEZIER_KNOTS.) CURVE() 
GEOMETRIC_REPRESENTATION_ITEM() RATIONAL_B_SPLINE_CURVE((1.,
0.707106781187,1.)) REPRESENTATION_ITEM('') );
#1944 = CARTESIAN_POINT('',(-6.298308103163,11.027330803266,22.));
#1945 = CARTESIAN_POINT('',(-6.411117875334,11.261582708921,22.));
#1946 = CARTESIAN_POINT('',(-6.645369780988,11.14877293675,22.));
#1947 = ORIENTED_EDGE('',*,*,#1948,.F.);
#1948 = EDGE_CURVE('',#1949,#1941,#1951,.T.);
#1949 = VERTEX_POINT('',#1950);
#1950 = CARTESIAN_POINT('',(-4.694583518297,11.799643858896,22.));
#1951 = ( BOUNDED_CURVE() B_SPLINE_CURVE(2,(#1952,#1953,#1954,#1955,
#1956),.UNSPECIFIED.,.F.,.F.) B_SPLINE_CURVE_WITH_KNOTS((3,2,3),(0.,
1.570796326795,3.14159265359),.PIECEWISE_BEZIER_KNOTS.) CURVE() 
GEOMETRIC_REPRESENTATION_ITEM() RATIONAL_B_SPLINE_CURVE((1.,
0.707106781187,1.,0.707106781187,1.)) REPRESENTATION_ITEM('') );
#1952 = CARTESIAN_POINT('',(-4.694583518297,11.799643858896,22.));
#1953 = CARTESIAN_POINT('',(-4.308426990482,10.997781566463,22.));
#1954 = CARTESIAN_POINT('',(-5.110289282915,10.611625038648,22.));
#1955 = CARTESIAN_POINT('',(-5.912151575348,10.225468510833,22.));
#1956 = CARTESIAN_POINT('',(-6.298308103163,11.027330803266,22.));
#1957 = ORIENTED_EDGE('',*,*,#1958,.F.);
#1958 = EDGE_CURVE('',#1959,#1949,#1961,.T.);
#1959 = VERTEX_POINT('',#1960);
#1960 = CARTESIAN_POINT('',(-4.573141384813,12.146705536721,22.));
#1961 = ( BOUNDED_CURVE() B_SPLINE_CURVE(2,(#1962,#1963,#1964),
.UNSPECIFIED.,.F.,.F.) B_SPLINE_CURVE_WITH_KNOTS((3,3),(0.,
1.570796326795),.PIECEWISE_BEZIER_KNOTS.) CURVE() 
GEOMETRIC_REPRESENTATION_ITEM() RATIONAL_B_SPLINE_CURVE((1.,
0.707106781187,1.)) REPRESENTATION_ITEM('') );
#1962 = CARTESIAN_POINT('',(-4.573141384813,12.146705536721,22.));
#1963 = CARTESIAN_POINT('',(-4.807393290467,12.03389576455,22.));
#1964 = CARTESIAN_POINT('',(-4.694583518297,11.799643858896,22.));
#1965 = ORIENTED_EDGE('',*,*,#1966,.F.);
#1966 = EDGE_CURVE('',#1967,#1959,#1969,.T.);
#1967 = VERTEX_POINT('',#1968);
#1968 = CARTESIAN_POINT('',(-3.997921119902,12.347983812766,22.));
#1969 = ( BOUNDED_CURVE() B_SPLINE_CURVE(2,(#1970,#1971,#1972),
.UNSPECIFIED.,.F.,.F.) B_SPLINE_CURVE_WITH_KNOTS((3,3),(0.,
4.695830611611E-02),.PIECEWISE_BEZIER_KNOTS.) CURVE() 
GEOMETRIC_REPRESENTATION_ITEM() RATIONAL_B_SPLINE_CURVE((1.,
0.999724377348,1.)) REPRESENTATION_ITEM('') );
#1970 = CARTESIAN_POINT('',(-3.997921119902,12.347983812766,22.));
#1971 = CARTESIAN_POINT('',(-4.287894608382,12.254098758219,22.));
#1972 = CARTESIAN_POINT('',(-4.573141384813,12.146705536721,22.));
#1973 = ORIENTED_EDGE('',*,*,#1974,.F.);
#1974 = EDGE_CURVE('',#1975,#1967,#1977,.T.);
#1975 = VERTEX_POINT('',#1976);
#1976 = CARTESIAN_POINT('',(-3.686584419907,12.152357998427,22.));
#1977 = ( BOUNDED_CURVE() B_SPLINE_CURVE(2,(#1978,#1979,#1980),
.UNSPECIFIED.,.F.,.F.) B_SPLINE_CURVE_WITH_KNOTS((3,3),(0.,
1.570796326795),.PIECEWISE_BEZIER_KNOTS.) CURVE() 
GEOMETRIC_REPRESENTATION_ITEM() RATIONAL_B_SPLINE_CURVE((1.,
0.707106781187,1.)) REPRESENTATION_ITEM('') );
#1978 = CARTESIAN_POINT('',(-3.686584419907,12.152357998427,22.));
#1979 = CARTESIAN_POINT('',(-3.744439862735,12.405839255595,22.));
#1980 = CARTESIAN_POINT('',(-3.997921119902,12.347983812766,22.));
#1981 = ORIENTED_EDGE('',*,*,#1982,.F.);
#1982 = EDGE_CURVE('',#1983,#1975,#1985,.T.);
#1983 = VERTEX_POINT('',#1984);
#1984 = CARTESIAN_POINT('',(-1.951212736223,12.54844526087,22.));
#1985 = ( BOUNDED_CURVE() B_SPLINE_CURVE(2,(#1986,#1987,#1988,#1989,
#1990),.UNSPECIFIED.,.F.,.F.) B_SPLINE_CURVE_WITH_KNOTS((3,2,3),(0.,
1.570796326795,3.14159265359),.PIECEWISE_BEZIER_KNOTS.) CURVE() 
GEOMETRIC_REPRESENTATION_ITEM() RATIONAL_B_SPLINE_CURVE((1.,
0.707106781187,1.,0.707106781187,1.)) REPRESENTATION_ITEM('') );
#1986 = CARTESIAN_POINT('',(-1.951212736223,12.54844526087,22.));
#1987 = CARTESIAN_POINT('',(-1.753169105002,11.680759419028,22.));
#1988 = CARTESIAN_POINT('',(-2.620854946844,11.482715787807,22.));
#1989 = CARTESIAN_POINT('',(-3.488540788685,11.284672156585,22.));
#1990 = CARTESIAN_POINT('',(-3.686584419907,12.152357998427,22.));
#1991 = ORIENTED_EDGE('',*,*,#1992,.F.);
#1992 = EDGE_CURVE('',#1993,#1983,#1995,.T.);
#1993 = VERTEX_POINT('',#1994);
#1994 = CARTESIAN_POINT('',(-1.755586921884,12.859781960865,22.));
#1995 = ( BOUNDED_CURVE() B_SPLINE_CURVE(2,(#1996,#1997,#1998),
.UNSPECIFIED.,.F.,.F.) B_SPLINE_CURVE_WITH_KNOTS((3,3),(0.,
1.570796326795),.PIECEWISE_BEZIER_KNOTS.) CURVE() 
GEOMETRIC_REPRESENTATION_ITEM() RATIONAL_B_SPLINE_CURVE((1.,
0.707106781187,1.)) REPRESENTATION_ITEM('') );
#1996 = CARTESIAN_POINT('',(-1.755586921884,12.859781960865,22.));
#1997 = CARTESIAN_POINT('',(-2.009068179052,12.801926518037,22.));
#1998 = CARTESIAN_POINT('',(-1.951212736223,12.54844526087,22.));
#1999 = ORIENTED_EDGE('',*,*,#2000,.F.);
#2000 = EDGE_CURVE('',#2001,#1993,#2003,.T.);
#2001 = VERTEX_POINT('',#2002);
#2002 = CARTESIAN_POINT('',(-1.15,12.928015219719,22.));
#2003 = CIRCLE('',#2004,12.979063044822);
#2004 = AXIS2_PLACEMENT_3D('',#2005,#2006,#2007);
#2005 = CARTESIAN_POINT('',(7.8593E-13,-6.99973E-12,22.));
#2006 = DIRECTION('',(0.,0.,1.));
#2007 = DIRECTION('',(-8.860423869037E-02,0.996066909844,0.));
#2008 = ORIENTED_EDGE('',*,*,#2009,.F.);
#2009 = EDGE_CURVE('',#98,#2001,#2010,.T.);
#2010 = CIRCLE('',#2011,0.26);
#2011 = AXIS2_PLACEMENT_3D('',#2012,#2013,#2014);
#2012 = CARTESIAN_POINT('',(-1.15,12.668015219719,22.));
#2013 = DIRECTION('',(0.,0.,1.));
#2014 = DIRECTION('',(1.,0.,0.));
#2015 = ORIENTED_EDGE('',*,*,#97,.F.);
#2016 = PLANE('',#2017);
#2017 = AXIS2_PLACEMENT_3D('',#2018,#2019,#2020);
#2018 = CARTESIAN_POINT('',(-7.3E-16,1.2E-16,22.));
#2019 = DIRECTION('',(0.,0.,1.));
#2020 = DIRECTION('',(1.,0.,0.));
#2021 = ADVANCED_FACE('',(#2022),#2033,.F.);
#2022 = FACE_BOUND('',#2023,.F.);
#2023 = EDGE_LOOP('',(#2024,#2030,#2031,#2032));
#2024 = ORIENTED_EDGE('',*,*,#2025,.T.);
#2025 = EDGE_CURVE('',#143,#1091,#2026,.T.);
#2026 = LINE('',#2027,#2028);
#2027 = CARTESIAN_POINT('',(1.951212736223,12.54844526087,15.));
#2028 = VECTOR('',#2029,1.);
#2029 = DIRECTION('',(0.,0.,1.));
#2030 = ORIENTED_EDGE('',*,*,#1090,.T.);
#2031 = ORIENTED_EDGE('',*,*,#63,.F.);
#2032 = ORIENTED_EDGE('',*,*,#142,.F.);
#2033 = SURFACE_OF_LINEAR_EXTRUSION('',#2034,#2038);
#2034 = ( BOUNDED_CURVE() B_SPLINE_CURVE(2,(#2035,#2036,#2037),
.UNSPECIFIED.,.F.,.F.) B_SPLINE_CURVE_WITH_KNOTS((3,3),(0.,
1.570796326795),.PIECEWISE_BEZIER_KNOTS.) CURVE() 
GEOMETRIC_REPRESENTATION_ITEM() RATIONAL_B_SPLINE_CURVE((1.,
0.707106781187,1.)) REPRESENTATION_ITEM('') );
#2035 = CARTESIAN_POINT('',(1.951212736223,12.54844526087,15.));
#2036 = CARTESIAN_POINT('',(2.009068179052,12.801926518037,15.));
#2037 = CARTESIAN_POINT('',(1.755586921884,12.859781960865,15.));
#2038 = VECTOR('',#2039,1.);
#2039 = DIRECTION('',(-0.,-0.,-1.));
#2040 = ADVANCED_FACE('',(#2041),#2052,.T.);
#2041 = FACE_BOUND('',#2042,.F.);
#2042 = EDGE_LOOP('',(#2043,#2044,#2045,#2051));
#2043 = ORIENTED_EDGE('',*,*,#106,.T.);
#2044 = ORIENTED_EDGE('',*,*,#2009,.T.);
#2045 = ORIENTED_EDGE('',*,*,#2046,.F.);
#2046 = EDGE_CURVE('',#1053,#2001,#2047,.T.);
#2047 = LINE('',#2048,#2049);
#2048 = CARTESIAN_POINT('',(-1.15,12.928015219719,15.));
#2049 = VECTOR('',#2050,1.);
#2050 = DIRECTION('',(0.,0.,1.));
#2051 = ORIENTED_EDGE('',*,*,#1061,.F.);
#2052 = CYLINDRICAL_SURFACE('',#2053,0.26);
#2053 = AXIS2_PLACEMENT_3D('',#2054,#2055,#2056);
#2054 = CARTESIAN_POINT('',(-1.15,12.668015219719,15.));
#2055 = DIRECTION('',(-0.,-0.,-1.));
#2056 = DIRECTION('',(1.,0.,0.));
#2057 = ADVANCED_FACE('',(#2058),#2077,.T.);
#2058 = FACE_BOUND('',#2059,.F.);
#2059 = EDGE_LOOP('',(#2060,#2068,#2075,#2076));
#2060 = ORIENTED_EDGE('',*,*,#2061,.T.);
#2061 = EDGE_CURVE('',#130,#2062,#2064,.T.);
#2062 = VERTEX_POINT('',#2063);
#2063 = CARTESIAN_POINT('',(15.,0.,13.));
#2064 = LINE('',#2065,#2066);
#2065 = CARTESIAN_POINT('',(15.,0.,15.));
#2066 = VECTOR('',#2067,1.);
#2067 = DIRECTION('',(0.,0.,-1.));
#2068 = ORIENTED_EDGE('',*,*,#2069,.T.);
#2069 = EDGE_CURVE('',#2062,#2062,#2070,.T.);
#2070 = CIRCLE('',#2071,15.);
#2071 = AXIS2_PLACEMENT_3D('',#2072,#2073,#2074);
#2072 = CARTESIAN_POINT('',(0.,0.,13.));
#2073 = DIRECTION('',(0.,0.,-1.));
#2074 = DIRECTION('',(1.,0.,0.));
#2075 = ORIENTED_EDGE('',*,*,#2061,.F.);
#2076 = ORIENTED_EDGE('',*,*,#129,.F.);
#2077 = CYLINDRICAL_SURFACE('',#2078,15.);
#2078 = AXIS2_PLACEMENT_3D('',#2079,#2080,#2081);
#2079 = CARTESIAN_POINT('',(0.,0.,15.));
#2080 = DIRECTION('',(0.,0.,1.));
#2081 = DIRECTION('',(1.,0.,0.));
#2082 = ADVANCED_FACE('',(#2083),#2094,.T.);
#2083 = FACE_BOUND('',#2084,.F.);
#2084 = EDGE_LOOP('',(#2085,#2086,#2087,#2093));
#2085 = ORIENTED_EDGE('',*,*,#2046,.T.);
#2086 = ORIENTED_EDGE('',*,*,#2000,.T.);
#2087 = ORIENTED_EDGE('',*,*,#2088,.F.);
#2088 = EDGE_CURVE('',#1045,#1993,#2089,.T.);
#2089 = LINE('',#2090,#2091);
#2090 = CARTESIAN_POINT('',(-1.755586921884,12.859781960865,15.));
#2091 = VECTOR('',#2092,1.);
#2092 = DIRECTION('',(0.,0.,1.));
#2093 = ORIENTED_EDGE('',*,*,#1052,.F.);
#2094 = CYLINDRICAL_SURFACE('',#2095,12.979063044822);
#2095 = AXIS2_PLACEMENT_3D('',#2096,#2097,#2098);
#2096 = CARTESIAN_POINT('',(7.8593E-13,-6.99973E-12,15.));
#2097 = DIRECTION('',(-0.,-0.,-1.));
#2098 = DIRECTION('',(-8.860423869037E-02,0.996066909844,0.));
#2099 = ADVANCED_FACE('',(#2100),#2111,.F.);
#2100 = FACE_BOUND('',#2101,.F.);
#2101 = EDGE_LOOP('',(#2102,#2103,#2104,#2110));
#2102 = ORIENTED_EDGE('',*,*,#2088,.T.);
#2103 = ORIENTED_EDGE('',*,*,#1992,.T.);
#2104 = ORIENTED_EDGE('',*,*,#2105,.F.);
#2105 = EDGE_CURVE('',#1035,#1983,#2106,.T.);
#2106 = LINE('',#2107,#2108);
#2107 = CARTESIAN_POINT('',(-1.951212736223,12.54844526087,15.));
#2108 = VECTOR('',#2109,1.);
#2109 = DIRECTION('',(0.,0.,1.));
#2110 = ORIENTED_EDGE('',*,*,#1044,.F.);
#2111 = SURFACE_OF_LINEAR_EXTRUSION('',#2112,#2116);
#2112 = ( BOUNDED_CURVE() B_SPLINE_CURVE(2,(#2113,#2114,#2115),
.UNSPECIFIED.,.F.,.F.) B_SPLINE_CURVE_WITH_KNOTS((3,3),(0.,
1.570796326795),.PIECEWISE_BEZIER_KNOTS.) CURVE() 
GEOMETRIC_REPRESENTATION_ITEM() RATIONAL_B_SPLINE_CURVE((1.,
0.707106781187,1.)) REPRESENTATION_ITEM('') );
#2113 = CARTESIAN_POINT('',(-1.755586921884,12.859781960865,15.));
#2114 = CARTESIAN_POINT('',(-2.009068179052,12.801926518037,15.));
#2115 = CARTESIAN_POINT('',(-1.951212736223,12.54844526087,15.));
#2116 = VECTOR('',#2117,1.);
#2117 = DIRECTION('',(-0.,-0.,-1.));
#2118 = ADVANCED_FACE('',(#2119),#2130,.F.);
#2119 = FACE_BOUND('',#2120,.F.);
#2120 = EDGE_LOOP('',(#2121,#2122,#2123,#2129));
#2121 = ORIENTED_EDGE('',*,*,#2105,.T.);
#2122 = ORIENTED_EDGE('',*,*,#1982,.T.);
#2123 = ORIENTED_EDGE('',*,*,#2124,.F.);
#2124 = EDGE_CURVE('',#1027,#1975,#2125,.T.);
#2125 = LINE('',#2126,#2127);
#2126 = CARTESIAN_POINT('',(-3.686584419907,12.152357998427,15.));
#2127 = VECTOR('',#2128,1.);
#2128 = DIRECTION('',(0.,0.,1.));
#2129 = ORIENTED_EDGE('',*,*,#1034,.F.);
#2130 = SURFACE_OF_LINEAR_EXTRUSION('',#2131,#2137);
#2131 = ( BOUNDED_CURVE() B_SPLINE_CURVE(2,(#2132,#2133,#2134,#2135,
#2136),.UNSPECIFIED.,.F.,.F.) B_SPLINE_CURVE_WITH_KNOTS((3,2,3),(0.,
1.570796326795,3.14159265359),.PIECEWISE_BEZIER_KNOTS.) CURVE() 
GEOMETRIC_REPRESENTATION_ITEM() RATIONAL_B_SPLINE_CURVE((1.,
0.707106781187,1.,0.707106781187,1.)) REPRESENTATION_ITEM('') );
#2132 = CARTESIAN_POINT('',(-1.951212736223,12.54844526087,15.));
#2133 = CARTESIAN_POINT('',(-1.753169105002,11.680759419028,15.));
#2134 = CARTESIAN_POINT('',(-2.620854946844,11.482715787807,15.));
#2135 = CARTESIAN_POINT('',(-3.488540788685,11.284672156585,15.));
#2136 = CARTESIAN_POINT('',(-3.686584419907,12.152357998427,15.));
#2137 = VECTOR('',#2138,1.);
#2138 = DIRECTION('',(-0.,-0.,-1.));
#2139 = ADVANCED_FACE('',(#2140),#2151,.F.);
#2140 = FACE_BOUND('',#2141,.F.);
#2141 = EDGE_LOOP('',(#2142,#2143,#2144,#2150));
#2142 = ORIENTED_EDGE('',*,*,#2124,.T.);
#2143 = ORIENTED_EDGE('',*,*,#1974,.T.);
#2144 = ORIENTED_EDGE('',*,*,#2145,.F.);
#2145 = EDGE_CURVE('',#1019,#1967,#2146,.T.);
#2146 = LINE('',#2147,#2148);
#2147 = CARTESIAN_POINT('',(-3.997921119902,12.347983812766,15.));
#2148 = VECTOR('',#2149,1.);
#2149 = DIRECTION('',(0.,0.,1.));
#2150 = ORIENTED_EDGE('',*,*,#1026,.F.);
#2151 = SURFACE_OF_LINEAR_EXTRUSION('',#2152,#2156);
#2152 = ( BOUNDED_CURVE() B_SPLINE_CURVE(2,(#2153,#2154,#2155),
.UNSPECIFIED.,.F.,.F.) B_SPLINE_CURVE_WITH_KNOTS((3,3),(0.,
1.570796326795),.PIECEWISE_BEZIER_KNOTS.) CURVE() 
GEOMETRIC_REPRESENTATION_ITEM() RATIONAL_B_SPLINE_CURVE((1.,
0.707106781187,1.)) REPRESENTATION_ITEM('') );
#2153 = CARTESIAN_POINT('',(-3.686584419907,12.152357998427,15.));
#2154 = CARTESIAN_POINT('',(-3.744439862735,12.405839255595,15.));
#2155 = CARTESIAN_POINT('',(-3.997921119902,12.347983812766,15.));
#2156 = VECTOR('',#2157,1.);
#2157 = DIRECTION('',(-0.,-0.,-1.));
#2158 = ADVANCED_FACE('',(#2159),#2170,.F.);
#2159 = FACE_BOUND('',#2160,.F.);
#2160 = EDGE_LOOP('',(#2161,#2162,#2163,#2169));
#2161 = ORIENTED_EDGE('',*,*,#2145,.T.);
#2162 = ORIENTED_EDGE('',*,*,#1966,.T.);
#2163 = ORIENTED_EDGE('',*,*,#2164,.F.);
#2164 = EDGE_CURVE('',#1011,#1959,#2165,.T.);
#2165 = LINE('',#2166,#2167);
#2166 = CARTESIAN_POINT('',(-4.573141384813,12.146705536721,15.));
#2167 = VECTOR('',#2168,1.);
#2168 = DIRECTION('',(0.,0.,1.));
#2169 = ORIENTED_EDGE('',*,*,#1018,.F.);
#2170 = SURFACE_OF_LINEAR_EXTRUSION('',#2171,#2175);
#2171 = ( BOUNDED_CURVE() B_SPLINE_CURVE(2,(#2172,#2173,#2174),
.UNSPECIFIED.,.F.,.F.) B_SPLINE_CURVE_WITH_KNOTS((3,3),(0.,
4.695830611611E-02),.PIECEWISE_BEZIER_KNOTS.) CURVE() 
GEOMETRIC_REPRESENTATION_ITEM() RATIONAL_B_SPLINE_CURVE((1.,
0.999724377348,1.)) REPRESENTATION_ITEM('') );
#2172 = CARTESIAN_POINT('',(-3.997921119902,12.347983812766,15.));
#2173 = CARTESIAN_POINT('',(-4.287894608382,12.254098758219,15.));
#2174 = CARTESIAN_POINT('',(-4.573141384813,12.146705536721,15.));
#2175 = VECTOR('',#2176,1.);
#2176 = DIRECTION('',(-0.,-0.,-1.));
#2177 = ADVANCED_FACE('',(#2178),#2189,.F.);
#2178 = FACE_BOUND('',#2179,.F.);
#2179 = EDGE_LOOP('',(#2180,#2181,#2182,#2188));
#2180 = ORIENTED_EDGE('',*,*,#2164,.T.);
#2181 = ORIENTED_EDGE('',*,*,#1958,.T.);
#2182 = ORIENTED_EDGE('',*,*,#2183,.F.);
#2183 = EDGE_CURVE('',#1001,#1949,#2184,.T.);
#2184 = LINE('',#2185,#2186);
#2185 = CARTESIAN_POINT('',(-4.694583518297,11.799643858896,15.));
#2186 = VECTOR('',#2187,1.);
#2187 = DIRECTION('',(0.,0.,1.));
#2188 = ORIENTED_EDGE('',*,*,#1010,.F.);
#2189 = SURFACE_OF_LINEAR_EXTRUSION('',#2190,#2194);
#2190 = ( BOUNDED_CURVE() B_SPLINE_CURVE(2,(#2191,#2192,#2193),
.UNSPECIFIED.,.F.,.F.) B_SPLINE_CURVE_WITH_KNOTS((3,3),(0.,
1.570796326795),.PIECEWISE_BEZIER_KNOTS.) CURVE() 
GEOMETRIC_REPRESENTATION_ITEM() RATIONAL_B_SPLINE_CURVE((1.,
0.707106781187,1.)) REPRESENTATION_ITEM('') );
#2191 = CARTESIAN_POINT('',(-4.573141384813,12.146705536721,15.));
#2192 = CARTESIAN_POINT('',(-4.807393290467,12.03389576455,15.));
#2193 = CARTESIAN_POINT('',(-4.694583518297,11.799643858896,15.));
#2194 = VECTOR('',#2195,1.);
#2195 = DIRECTION('',(-0.,-0.,-1.));
#2196 = ADVANCED_FACE('',(#2197),#2208,.F.);
#2197 = FACE_BOUND('',#2198,.F.);
#2198 = EDGE_LOOP('',(#2199,#2200,#2201,#2207));
#2199 = ORIENTED_EDGE('',*,*,#2183,.T.);
#2200 = ORIENTED_EDGE('',*,*,#1948,.T.);
#2201 = ORIENTED_EDGE('',*,*,#2202,.F.);
#2202 = EDGE_CURVE('',#993,#1941,#2203,.T.);
#2203 = LINE('',#2204,#2205);
#2204 = CARTESIAN_POINT('',(-6.298308103163,11.027330803266,15.));
#2205 = VECTOR('',#2206,1.);
#2206 = DIRECTION('',(0.,0.,1.));
#2207 = ORIENTED_EDGE('',*,*,#1000,.F.);
#2208 = SURFACE_OF_LINEAR_EXTRUSION('',#2209,#2215);
#2209 = ( BOUNDED_CURVE() B_SPLINE_CURVE(2,(#2210,#2211,#2212,#2213,
#2214),.UNSPECIFIED.,.F.,.F.) B_SPLINE_CURVE_WITH_KNOTS((3,2,3),(0.,
1.570796326795,3.14159265359),.PIECEWISE_BEZIER_KNOTS.) CURVE() 
GEOMETRIC_REPRESENTATION_ITEM() RATIONAL_B_SPLINE_CURVE((1.,
0.707106781187,1.,0.707106781187,1.)) REPRESENTATION_ITEM('') );
#2210 = CARTESIAN_POINT('',(-4.694583518297,11.799643858896,15.));
#2211 = CARTESIAN_POINT('',(-4.308426990482,10.997781566463,15.));
#2212 = CARTESIAN_POINT('',(-5.110289282915,10.611625038648,15.));
#2213 = CARTESIAN_POINT('',(-5.912151575348,10.225468510833,15.));
#2214 = CARTESIAN_POINT('',(-6.298308103163,11.027330803266,15.));
#2215 = VECTOR('',#2216,1.);
#2216 = DIRECTION('',(-0.,-0.,-1.));
#2217 = ADVANCED_FACE('',(#2218),#2229,.F.);
#2218 = FACE_BOUND('',#2219,.F.);
#2219 = EDGE_LOOP('',(#2220,#2221,#2222,#2228));
#2220 = ORIENTED_EDGE('',*,*,#2202,.T.);
#2221 = ORIENTED_EDGE('',*,*,#1940,.T.);
#2222 = ORIENTED_EDGE('',*,*,#2223,.F.);
#2223 = EDGE_CURVE('',#985,#1933,#2224,.T.);
#2224 = LINE('',#2225,#2226);
#2225 = CARTESIAN_POINT('',(-6.645369780988,11.14877293675,15.));
#2226 = VECTOR('',#2227,1.);
#2227 = DIRECTION('',(0.,0.,1.));
#2228 = ORIENTED_EDGE('',*,*,#992,.F.);
#2229 = SURFACE_OF_LINEAR_EXTRUSION('',#2230,#2234);
#2230 = ( BOUNDED_CURVE() B_SPLINE_CURVE(2,(#2231,#2232,#2233),
.UNSPECIFIED.,.F.,.F.) B_SPLINE_CURVE_WITH_KNOTS((3,3),(0.,
1.570796326795),.PIECEWISE_BEZIER_KNOTS.) CURVE() 
GEOMETRIC_REPRESENTATION_ITEM() RATIONAL_B_SPLINE_CURVE((1.,
0.707106781187,1.)) REPRESENTATION_ITEM('') );
#2231 = CARTESIAN_POINT('',(-6.298308103163,11.027330803266,15.));
#2232 = CARTESIAN_POINT('',(-6.411117875334,11.261582708921,15.));
#2233 = CARTESIAN_POINT('',(-6.645369780988,11.14877293675,15.));
#2234 = VECTOR('',#2235,1.);
#2235 = DIRECTION('',(-0.,-0.,-1.));
#2236 = ADVANCED_FACE('',(#2237),#2248,.F.);
#2237 = FACE_BOUND('',#2238,.F.);
#2238 = EDGE_LOOP('',(#2239,#2240,#2241,#2247));
#2239 = ORIENTED_EDGE('',*,*,#2223,.T.);
#2240 = ORIENTED_EDGE('',*,*,#1932,.T.);
#2241 = ORIENTED_EDGE('',*,*,#2242,.F.);
#2242 = EDGE_CURVE('',#977,#1925,#2243,.T.);
#2243 = LINE('',#2244,#2245);
#2244 = CARTESIAN_POINT('',(-7.161379442931,10.82454257674,15.));
#2245 = VECTOR('',#2246,1.);
#2246 = DIRECTION('',(0.,0.,1.));
#2247 = ORIENTED_EDGE('',*,*,#984,.F.);
#2248 = SURFACE_OF_LINEAR_EXTRUSION('',#2249,#2253);
#2249 = ( BOUNDED_CURVE() B_SPLINE_CURVE(2,(#2250,#2251,#2252),
.UNSPECIFIED.,.F.,.F.) B_SPLINE_CURVE_WITH_KNOTS((3,3),(0.,
4.695830611611E-02),.PIECEWISE_BEZIER_KNOTS.) CURVE() 
GEOMETRIC_REPRESENTATION_ITEM() RATIONAL_B_SPLINE_CURVE((1.,
0.999724377348,1.)) REPRESENTATION_ITEM('') );
#2250 = CARTESIAN_POINT('',(-6.645369780988,11.14877293675,15.));
#2251 = CARTESIAN_POINT('',(-6.907181638677,10.992716605057,15.));
#2252 = CARTESIAN_POINT('',(-7.161379442931,10.82454257674,15.));
#2253 = VECTOR('',#2254,1.);
#2254 = DIRECTION('',(-0.,-0.,-1.));
#2255 = ADVANCED_FACE('',(#2256),#2267,.F.);
#2256 = FACE_BOUND('',#2257,.F.);
#2257 = EDGE_LOOP('',(#2258,#2259,#2260,#2266));
#2258 = ORIENTED_EDGE('',*,*,#2242,.T.);
#2259 = ORIENTED_EDGE('',*,*,#1924,.T.);
#2260 = ORIENTED_EDGE('',*,*,#2261,.F.);
#2261 = EDGE_CURVE('',#967,#1915,#2262,.T.);
#2262 = LINE('',#2263,#2264);
#2263 = CARTESIAN_POINT('',(-7.20254827989,10.459159042815,15.));
#2264 = VECTOR('',#2265,1.);
#2265 = DIRECTION('',(0.,0.,1.));
#2266 = ORIENTED_EDGE('',*,*,#976,.F.);
#2267 = SURFACE_OF_LINEAR_EXTRUSION('',#2268,#2272);
#2268 = ( BOUNDED_CURVE() B_SPLINE_CURVE(2,(#2269,#2270,#2271),
.UNSPECIFIED.,.F.,.F.) B_SPLINE_CURVE_WITH_KNOTS((3,3),(0.,
1.570796326795),.PIECEWISE_BEZIER_KNOTS.) CURVE() 
GEOMETRIC_REPRESENTATION_ITEM() RATIONAL_B_SPLINE_CURVE((1.,
0.707106781187,1.)) REPRESENTATION_ITEM('') );
#2269 = CARTESIAN_POINT('',(-7.161379442931,10.82454257674,15.));
#2270 = CARTESIAN_POINT('',(-7.364655628373,10.662435228257,15.));
#2271 = CARTESIAN_POINT('',(-7.20254827989,10.459159042815,15.));
#2272 = VECTOR('',#2273,1.);
#2273 = DIRECTION('',(-0.,-0.,-1.));
#2274 = ADVANCED_FACE('',(#2275),#2286,.F.);
#2275 = FACE_BOUND('',#2276,.F.);
#2276 = EDGE_LOOP('',(#2277,#2278,#2279,#2285));
#2277 = ORIENTED_EDGE('',*,*,#2261,.T.);
#2278 = ORIENTED_EDGE('',*,*,#1914,.T.);
#2279 = ORIENTED_EDGE('',*,*,#2280,.F.);
#2280 = EDGE_CURVE('',#959,#1907,#2281,.T.);
#2281 = LINE('',#2282,#2283);
#2282 = CARTESIAN_POINT('',(-8.594208318683,9.349347195506,15.));
#2283 = VECTOR('',#2284,1.);
#2284 = DIRECTION('',(0.,0.,1.));
#2285 = ORIENTED_EDGE('',*,*,#966,.F.);
#2286 = SURFACE_OF_LINEAR_EXTRUSION('',#2287,#2293);
#2287 = ( BOUNDED_CURVE() B_SPLINE_CURVE(2,(#2288,#2289,#2290,#2291,
#2292),.UNSPECIFIED.,.F.,.F.) B_SPLINE_CURVE_WITH_KNOTS((3,2,3),(0.,
1.570796326795,3.14159265359),.PIECEWISE_BEZIER_KNOTS.) CURVE() 
GEOMETRIC_REPRESENTATION_ITEM() RATIONAL_B_SPLINE_CURVE((1.,
0.707106781187,1.,0.707106781187,1.)) REPRESENTATION_ITEM('') );
#2288 = CARTESIAN_POINT('',(-7.20254827989,10.459159042815,15.));
#2289 = CARTESIAN_POINT('',(-6.647642356235,9.763329023418,15.));
#2290 = CARTESIAN_POINT('',(-7.343472375632,9.208423099764,15.));
#2291 = CARTESIAN_POINT('',(-8.039302395028,8.65351717611,15.));
#2292 = CARTESIAN_POINT('',(-8.594208318683,9.349347195506,15.));
#2293 = VECTOR('',#2294,1.);
#2294 = DIRECTION('',(-0.,-0.,-1.));
#2295 = ADVANCED_FACE('',(#2296),#2307,.F.);
#2296 = FACE_BOUND('',#2297,.F.);
#2297 = EDGE_LOOP('',(#2298,#2299,#2300,#2306));
#2298 = ORIENTED_EDGE('',*,*,#2280,.T.);
#2299 = ORIENTED_EDGE('',*,*,#1906,.T.);
#2300 = ORIENTED_EDGE('',*,*,#2301,.F.);
#2301 = EDGE_CURVE('',#951,#1899,#2302,.T.);
#2302 = LINE('',#2303,#2304);
#2303 = CARTESIAN_POINT('',(-8.959591852608,9.390516032465,15.));
#2304 = VECTOR('',#2305,1.);
#2305 = DIRECTION('',(0.,0.,1.));
#2306 = ORIENTED_EDGE('',*,*,#958,.F.);
#2307 = SURFACE_OF_LINEAR_EXTRUSION('',#2308,#2312);
#2308 = ( BOUNDED_CURVE() B_SPLINE_CURVE(2,(#2309,#2310,#2311),
.UNSPECIFIED.,.F.,.F.) B_SPLINE_CURVE_WITH_KNOTS((3,3),(0.,
1.570796326795),.PIECEWISE_BEZIER_KNOTS.) CURVE() 
GEOMETRIC_REPRESENTATION_ITEM() RATIONAL_B_SPLINE_CURVE((1.,
0.707106781187,1.)) REPRESENTATION_ITEM('') );
#2309 = CARTESIAN_POINT('',(-8.594208318683,9.349347195506,15.));
#2310 = CARTESIAN_POINT('',(-8.756315667166,9.552623380948,15.));
#2311 = CARTESIAN_POINT('',(-8.959591852608,9.390516032465,15.));
#2312 = VECTOR('',#2313,1.);
#2313 = DIRECTION('',(-0.,-0.,-1.));
#2314 = ADVANCED_FACE('',(#2315),#2326,.F.);
#2315 = FACE_BOUND('',#2316,.F.);
#2316 = EDGE_LOOP('',(#2317,#2318,#2319,#2325));
#2317 = ORIENTED_EDGE('',*,*,#2301,.T.);
#2318 = ORIENTED_EDGE('',*,*,#1898,.T.);
#2319 = ORIENTED_EDGE('',*,*,#2320,.F.);
#2320 = EDGE_CURVE('',#943,#1891,#2321,.T.);
#2321 = LINE('',#2322,#2323);
#2322 = CARTESIAN_POINT('',(-9.390516032465,8.959591852608,15.));
#2323 = VECTOR('',#2324,1.);
#2324 = DIRECTION('',(0.,0.,1.));
#2325 = ORIENTED_EDGE('',*,*,#950,.F.);
#2326 = SURFACE_OF_LINEAR_EXTRUSION('',#2327,#2331);
#2327 = ( BOUNDED_CURVE() B_SPLINE_CURVE(2,(#2328,#2329,#2330),
.UNSPECIFIED.,.F.,.F.) B_SPLINE_CURVE_WITH_KNOTS((3,3),(0.,
4.695830611611E-02),.PIECEWISE_BEZIER_KNOTS.) CURVE() 
GEOMETRIC_REPRESENTATION_ITEM() RATIONAL_B_SPLINE_CURVE((1.,
0.999724377348,1.)) REPRESENTATION_ITEM('') );
#2328 = CARTESIAN_POINT('',(-8.959591852608,9.390516032465,15.));
#2329 = CARTESIAN_POINT('',(-9.180113739731,9.180113739731,15.));
#2330 = CARTESIAN_POINT('',(-9.390516032465,8.959591852608,15.));
#2331 = VECTOR('',#2332,1.);
#2332 = DIRECTION('',(-0.,-0.,-1.));
#2333 = ADVANCED_FACE('',(#2334),#2345,.F.);
#2334 = FACE_BOUND('',#2335,.F.);
#2335 = EDGE_LOOP('',(#2336,#2337,#2338,#2344));
#2336 = ORIENTED_EDGE('',*,*,#2320,.T.);
#2337 = ORIENTED_EDGE('',*,*,#1890,.T.);
#2338 = ORIENTED_EDGE('',*,*,#2339,.F.);
#2339 = EDGE_CURVE('',#933,#1881,#2340,.T.);
#2340 = LINE('',#2341,#2342);
#2341 = CARTESIAN_POINT('',(-9.349347195506,8.594208318683,15.));
#2342 = VECTOR('',#2343,1.);
#2343 = DIRECTION('',(0.,0.,1.));
#2344 = ORIENTED_EDGE('',*,*,#942,.F.);
#2345 = SURFACE_OF_LINEAR_EXTRUSION('',#2346,#2350);
#2346 = ( BOUNDED_CURVE() B_SPLINE_CURVE(2,(#2347,#2348,#2349),
.UNSPECIFIED.,.F.,.F.) B_SPLINE_CURVE_WITH_KNOTS((3,3),(0.,
1.570796326795),.PIECEWISE_BEZIER_KNOTS.) CURVE() 
GEOMETRIC_REPRESENTATION_ITEM() RATIONAL_B_SPLINE_CURVE((1.,
0.707106781187,1.)) REPRESENTATION_ITEM('') );
#2347 = CARTESIAN_POINT('',(-9.390516032465,8.959591852608,15.));
#2348 = CARTESIAN_POINT('',(-9.552623380948,8.756315667166,15.));
#2349 = CARTESIAN_POINT('',(-9.349347195506,8.594208318683,15.));
#2350 = VECTOR('',#2351,1.);
#2351 = DIRECTION('',(-0.,-0.,-1.));
#2352 = ADVANCED_FACE('',(#2353),#2364,.F.);
#2353 = FACE_BOUND('',#2354,.F.);
#2354 = EDGE_LOOP('',(#2355,#2356,#2357,#2363));
#2355 = ORIENTED_EDGE('',*,*,#2339,.T.);
#2356 = ORIENTED_EDGE('',*,*,#1880,.T.);
#2357 = ORIENTED_EDGE('',*,*,#2358,.F.);
#2358 = EDGE_CURVE('',#925,#1873,#2359,.T.);
#2359 = LINE('',#2360,#2361);
#2360 = CARTESIAN_POINT('',(-10.45915904281,7.20254827989,15.));
#2361 = VECTOR('',#2362,1.);
#2362 = DIRECTION('',(0.,0.,1.));
#2363 = ORIENTED_EDGE('',*,*,#932,.F.);
#2364 = SURFACE_OF_LINEAR_EXTRUSION('',#2365,#2371);
#2365 = ( BOUNDED_CURVE() B_SPLINE_CURVE(2,(#2366,#2367,#2368,#2369,
#2370),.UNSPECIFIED.,.F.,.F.) B_SPLINE_CURVE_WITH_KNOTS((3,2,3),(0.,
1.570796326795,3.14159265359),.PIECEWISE_BEZIER_KNOTS.) CURVE() 
GEOMETRIC_REPRESENTATION_ITEM() RATIONAL_B_SPLINE_CURVE((1.,
0.707106781187,1.,0.707106781187,1.)) REPRESENTATION_ITEM('') );
#2366 = CARTESIAN_POINT('',(-9.349347195506,8.594208318683,15.));
#2367 = CARTESIAN_POINT('',(-8.65351717611,8.039302395028,15.));
#2368 = CARTESIAN_POINT('',(-9.208423099764,7.343472375632,15.));
#2369 = CARTESIAN_POINT('',(-9.763329023418,6.647642356235,15.));
#2370 = CARTESIAN_POINT('',(-10.45915904281,7.20254827989,15.));
#2371 = VECTOR('',#2372,1.);
#2372 = DIRECTION('',(-0.,-0.,-1.));
#2373 = ADVANCED_FACE('',(#2374),#2385,.F.);
#2374 = FACE_BOUND('',#2375,.F.);
#2375 = EDGE_LOOP('',(#2376,#2377,#2378,#2384));
#2376 = ORIENTED_EDGE('',*,*,#2358,.T.);
#2377 = ORIENTED_EDGE('',*,*,#1872,.T.);
#2378 = ORIENTED_EDGE('',*,*,#2379,.F.);
#2379 = EDGE_CURVE('',#917,#1865,#2380,.T.);
#2380 = LINE('',#2381,#2382);
#2381 = CARTESIAN_POINT('',(-10.82454257674,7.161379442931,15.));
#2382 = VECTOR('',#2383,1.);
#2383 = DIRECTION('',(0.,0.,1.));
#2384 = ORIENTED_EDGE('',*,*,#924,.F.);
#2385 = SURFACE_OF_LINEAR_EXTRUSION('',#2386,#2390);
#2386 = ( BOUNDED_CURVE() B_SPLINE_CURVE(2,(#2387,#2388,#2389),
.UNSPECIFIED.,.F.,.F.) B_SPLINE_CURVE_WITH_KNOTS((3,3),(0.,
1.570796326795),.PIECEWISE_BEZIER_KNOTS.) CURVE() 
GEOMETRIC_REPRESENTATION_ITEM() RATIONAL_B_SPLINE_CURVE((1.,
0.707106781187,1.)) REPRESENTATION_ITEM('') );
#2387 = CARTESIAN_POINT('',(-10.45915904281,7.20254827989,15.));
#2388 = CARTESIAN_POINT('',(-10.66243522825,7.364655628373,15.));
#2389 = CARTESIAN_POINT('',(-10.82454257674,7.161379442931,15.));
#2390 = VECTOR('',#2391,1.);
#2391 = DIRECTION('',(-0.,-0.,-1.));
#2392 = ADVANCED_FACE('',(#2393),#2404,.F.);
#2393 = FACE_BOUND('',#2394,.F.);
#2394 = EDGE_LOOP('',(#2395,#2396,#2397,#2403));
#2395 = ORIENTED_EDGE('',*,*,#2379,.T.);
#2396 = ORIENTED_EDGE('',*,*,#1864,.T.);
#2397 = ORIENTED_EDGE('',*,*,#2398,.F.);
#2398 = EDGE_CURVE('',#909,#1857,#2399,.T.);
#2399 = LINE('',#2400,#2401);
#2400 = CARTESIAN_POINT('',(-11.14877293675,6.645369780988,15.));
#2401 = VECTOR('',#2402,1.);
#2402 = DIRECTION('',(0.,0.,1.));
#2403 = ORIENTED_EDGE('',*,*,#916,.F.);
#2404 = SURFACE_OF_LINEAR_EXTRUSION('',#2405,#2409);
#2405 = ( BOUNDED_CURVE() B_SPLINE_CURVE(2,(#2406,#2407,#2408),
.UNSPECIFIED.,.F.,.F.) B_SPLINE_CURVE_WITH_KNOTS((3,3),(0.,
4.695830611611E-02),.PIECEWISE_BEZIER_KNOTS.) CURVE() 
GEOMETRIC_REPRESENTATION_ITEM() RATIONAL_B_SPLINE_CURVE((1.,
0.999724377348,1.)) REPRESENTATION_ITEM('') );
#2406 = CARTESIAN_POINT('',(-10.82454257674,7.161379442931,15.));
#2407 = CARTESIAN_POINT('',(-10.99271660505,6.907181638677,15.));
#2408 = CARTESIAN_POINT('',(-11.14877293675,6.645369780988,15.));
#2409 = VECTOR('',#2410,1.);
#2410 = DIRECTION('',(-0.,-0.,-1.));
#2411 = ADVANCED_FACE('',(#2412),#2423,.F.);
#2412 = FACE_BOUND('',#2413,.F.);
#2413 = EDGE_LOOP('',(#2414,#2415,#2416,#2422));
#2414 = ORIENTED_EDGE('',*,*,#2398,.T.);
#2415 = ORIENTED_EDGE('',*,*,#1856,.T.);
#2416 = ORIENTED_EDGE('',*,*,#2417,.F.);
#2417 = EDGE_CURVE('',#899,#1847,#2418,.T.);
#2418 = LINE('',#2419,#2420);
#2419 = CARTESIAN_POINT('',(-11.02733080326,6.298308103163,15.));
#2420 = VECTOR('',#2421,1.);
#2421 = DIRECTION('',(0.,0.,1.));
#2422 = ORIENTED_EDGE('',*,*,#908,.F.);
#2423 = SURFACE_OF_LINEAR_EXTRUSION('',#2424,#2428);
#2424 = ( BOUNDED_CURVE() B_SPLINE_CURVE(2,(#2425,#2426,#2427),
.UNSPECIFIED.,.F.,.F.) B_SPLINE_CURVE_WITH_KNOTS((3,3),(0.,
1.570796326795),.PIECEWISE_BEZIER_KNOTS.) CURVE() 
GEOMETRIC_REPRESENTATION_ITEM() RATIONAL_B_SPLINE_CURVE((1.,
0.707106781187,1.)) REPRESENTATION_ITEM('') );
#2425 = CARTESIAN_POINT('',(-11.14877293675,6.645369780988,15.));
#2426 = CARTESIAN_POINT('',(-11.26158270892,6.411117875334,15.));
#2427 = CARTESIAN_POINT('',(-11.02733080326,6.298308103163,15.));
#2428 = VECTOR('',#2429,1.);
#2429 = DIRECTION('',(-0.,-0.,-1.));
#2430 = ADVANCED_FACE('',(#2431),#2442,.F.);
#2431 = FACE_BOUND('',#2432,.F.);
#2432 = EDGE_LOOP('',(#2433,#2434,#2435,#2441));
#2433 = ORIENTED_EDGE('',*,*,#2417,.T.);
#2434 = ORIENTED_EDGE('',*,*,#1846,.T.);
#2435 = ORIENTED_EDGE('',*,*,#2436,.F.);
#2436 = EDGE_CURVE('',#891,#1839,#2437,.T.);
#2437 = LINE('',#2438,#2439);
#2438 = CARTESIAN_POINT('',(-11.79964385889,4.694583518297,15.));
#2439 = VECTOR('',#2440,1.);
#2440 = DIRECTION('',(0.,0.,1.));
#2441 = ORIENTED_EDGE('',*,*,#898,.F.);
#2442 = SURFACE_OF_LINEAR_EXTRUSION('',#2443,#2449);
#2443 = ( BOUNDED_CURVE() B_SPLINE_CURVE(2,(#2444,#2445,#2446,#2447,
#2448),.UNSPECIFIED.,.F.,.F.) B_SPLINE_CURVE_WITH_KNOTS((3,2,3),(0.,
1.570796326795,3.14159265359),.PIECEWISE_BEZIER_KNOTS.) CURVE() 
GEOMETRIC_REPRESENTATION_ITEM() RATIONAL_B_SPLINE_CURVE((1.,
0.707106781187,1.,0.707106781187,1.)) REPRESENTATION_ITEM('') );
#2444 = CARTESIAN_POINT('',(-11.02733080326,6.298308103163,15.));
#2445 = CARTESIAN_POINT('',(-10.22546851083,5.912151575348,15.));
#2446 = CARTESIAN_POINT('',(-10.61162503864,5.110289282915,15.));
#2447 = CARTESIAN_POINT('',(-10.99778156646,4.308426990482,15.));
#2448 = CARTESIAN_POINT('',(-11.79964385889,4.694583518297,15.));
#2449 = VECTOR('',#2450,1.);
#2450 = DIRECTION('',(-0.,-0.,-1.));
#2451 = ADVANCED_FACE('',(#2452),#2463,.F.);
#2452 = FACE_BOUND('',#2453,.F.);
#2453 = EDGE_LOOP('',(#2454,#2455,#2456,#2462));
#2454 = ORIENTED_EDGE('',*,*,#2436,.T.);
#2455 = ORIENTED_EDGE('',*,*,#1838,.T.);
#2456 = ORIENTED_EDGE('',*,*,#2457,.F.);
#2457 = EDGE_CURVE('',#883,#1831,#2458,.T.);
#2458 = LINE('',#2459,#2460);
#2459 = CARTESIAN_POINT('',(-12.14670553672,4.573141384813,15.));
#2460 = VECTOR('',#2461,1.);
#2461 = DIRECTION('',(0.,0.,1.));
#2462 = ORIENTED_EDGE('',*,*,#890,.F.);
#2463 = SURFACE_OF_LINEAR_EXTRUSION('',#2464,#2468);
#2464 = ( BOUNDED_CURVE() B_SPLINE_CURVE(2,(#2465,#2466,#2467),
.UNSPECIFIED.,.F.,.F.) B_SPLINE_CURVE_WITH_KNOTS((3,3),(0.,
1.570796326795),.PIECEWISE_BEZIER_KNOTS.) CURVE() 
GEOMETRIC_REPRESENTATION_ITEM() RATIONAL_B_SPLINE_CURVE((1.,
0.707106781187,1.)) REPRESENTATION_ITEM('') );
#2465 = CARTESIAN_POINT('',(-11.79964385889,4.694583518297,15.));
#2466 = CARTESIAN_POINT('',(-12.03389576455,4.807393290467,15.));
#2467 = CARTESIAN_POINT('',(-12.14670553672,4.573141384813,15.));
#2468 = VECTOR('',#2469,1.);
#2469 = DIRECTION('',(-0.,-0.,-1.));
#2470 = ADVANCED_FACE('',(#2471),#2482,.F.);
#2471 = FACE_BOUND('',#2472,.F.);
#2472 = EDGE_LOOP('',(#2473,#2474,#2475,#2481));
#2473 = ORIENTED_EDGE('',*,*,#2457,.T.);
#2474 = ORIENTED_EDGE('',*,*,#1830,.T.);
#2475 = ORIENTED_EDGE('',*,*,#2476,.F.);
#2476 = EDGE_CURVE('',#875,#1823,#2477,.T.);
#2477 = LINE('',#2478,#2479);
#2478 = CARTESIAN_POINT('',(-12.34798381276,3.997921119902,15.));
#2479 = VECTOR('',#2480,1.);
#2480 = DIRECTION('',(0.,0.,1.));
#2481 = ORIENTED_EDGE('',*,*,#882,.F.);
#2482 = SURFACE_OF_LINEAR_EXTRUSION('',#2483,#2487);
#2483 = ( BOUNDED_CURVE() B_SPLINE_CURVE(2,(#2484,#2485,#2486),
.UNSPECIFIED.,.F.,.F.) B_SPLINE_CURVE_WITH_KNOTS((3,3),(0.,
4.695830611611E-02),.PIECEWISE_BEZIER_KNOTS.) CURVE() 
GEOMETRIC_REPRESENTATION_ITEM() RATIONAL_B_SPLINE_CURVE((1.,
0.999724377348,1.)) REPRESENTATION_ITEM('') );
#2484 = CARTESIAN_POINT('',(-12.14670553672,4.573141384813,15.));
#2485 = CARTESIAN_POINT('',(-12.25409875821,4.287894608382,15.));
#2486 = CARTESIAN_POINT('',(-12.34798381276,3.997921119902,15.));
#2487 = VECTOR('',#2488,1.);
#2488 = DIRECTION('',(-0.,-0.,-1.));
#2489 = ADVANCED_FACE('',(#2490),#2501,.F.);
#2490 = FACE_BOUND('',#2491,.F.);
#2491 = EDGE_LOOP('',(#2492,#2493,#2494,#2500));
#2492 = ORIENTED_EDGE('',*,*,#2476,.T.);
#2493 = ORIENTED_EDGE('',*,*,#1822,.T.);
#2494 = ORIENTED_EDGE('',*,*,#2495,.F.);
#2495 = EDGE_CURVE('',#865,#1813,#2496,.T.);
#2496 = LINE('',#2497,#2498);
#2497 = CARTESIAN_POINT('',(-12.15235799842,3.686584419907,15.));
#2498 = VECTOR('',#2499,1.);
#2499 = DIRECTION('',(0.,0.,1.));
#2500 = ORIENTED_EDGE('',*,*,#874,.F.);
#2501 = SURFACE_OF_LINEAR_EXTRUSION('',#2502,#2506);
#2502 = ( BOUNDED_CURVE() B_SPLINE_CURVE(2,(#2503,#2504,#2505),
.UNSPECIFIED.,.F.,.F.) B_SPLINE_CURVE_WITH_KNOTS((3,3),(0.,
1.570796326795),.PIECEWISE_BEZIER_KNOTS.) CURVE() 
GEOMETRIC_REPRESENTATION_ITEM() RATIONAL_B_SPLINE_CURVE((1.,
0.707106781187,1.)) REPRESENTATION_ITEM('') );
#2503 = CARTESIAN_POINT('',(-12.34798381276,3.997921119902,15.));
#2504 = CARTESIAN_POINT('',(-12.40583925559,3.744439862735,15.));
#2505 = CARTESIAN_POINT('',(-12.15235799842,3.686584419907,15.));
#2506 = VECTOR('',#2507,1.);
#2507 = DIRECTION('',(-0.,-0.,-1.));
#2508 = ADVANCED_FACE('',(#2509),#2520,.F.);
#2509 = FACE_BOUND('',#2510,.F.);
#2510 = EDGE_LOOP('',(#2511,#2512,#2513,#2519));
#2511 = ORIENTED_EDGE('',*,*,#2495,.T.);
#2512 = ORIENTED_EDGE('',*,*,#1812,.T.);
#2513 = ORIENTED_EDGE('',*,*,#2514,.F.);
#2514 = EDGE_CURVE('',#857,#1805,#2515,.T.);
#2515 = LINE('',#2516,#2517);
#2516 = CARTESIAN_POINT('',(-12.54844526087,1.951212736223,15.));
#2517 = VECTOR('',#2518,1.);
#2518 = DIRECTION('',(0.,0.,1.));
#2519 = ORIENTED_EDGE('',*,*,#864,.F.);
#2520 = SURFACE_OF_LINEAR_EXTRUSION('',#2521,#2527);
#2521 = ( BOUNDED_CURVE() B_SPLINE_CURVE(2,(#2522,#2523,#2524,#2525,
#2526),.UNSPECIFIED.,.F.,.F.) B_SPLINE_CURVE_WITH_KNOTS((3,2,3),(0.,
1.570796326795,3.14159265359),.PIECEWISE_BEZIER_KNOTS.) CURVE() 
GEOMETRIC_REPRESENTATION_ITEM() RATIONAL_B_SPLINE_CURVE((1.,
0.707106781187,1.,0.707106781187,1.)) REPRESENTATION_ITEM('') );
#2522 = CARTESIAN_POINT('',(-12.15235799842,3.686584419907,15.));
#2523 = CARTESIAN_POINT('',(-11.28467215658,3.488540788685,15.));
#2524 = CARTESIAN_POINT('',(-11.4827157878,2.620854946844,15.));
#2525 = CARTESIAN_POINT('',(-11.68075941902,1.753169105002,15.));
#2526 = CARTESIAN_POINT('',(-12.54844526087,1.951212736223,15.));
#2527 = VECTOR('',#2528,1.);
#2528 = DIRECTION('',(-0.,-0.,-1.));
#2529 = ADVANCED_FACE('',(#2530),#2541,.F.);
#2530 = FACE_BOUND('',#2531,.F.);
#2531 = EDGE_LOOP('',(#2532,#2533,#2534,#2540));
#2532 = ORIENTED_EDGE('',*,*,#2514,.T.);
#2533 = ORIENTED_EDGE('',*,*,#1804,.T.);
#2534 = ORIENTED_EDGE('',*,*,#2535,.F.);
#2535 = EDGE_CURVE('',#849,#1797,#2536,.T.);
#2536 = LINE('',#2537,#2538);
#2537 = CARTESIAN_POINT('',(-12.85978196086,1.755586921884,15.));
#2538 = VECTOR('',#2539,1.);
#2539 = DIRECTION('',(0.,0.,1.));
#2540 = ORIENTED_EDGE('',*,*,#856,.F.);
#2541 = SURFACE_OF_LINEAR_EXTRUSION('',#2542,#2546);
#2542 = ( BOUNDED_CURVE() B_SPLINE_CURVE(2,(#2543,#2544,#2545),
.UNSPECIFIED.,.F.,.F.) B_SPLINE_CURVE_WITH_KNOTS((3,3),(0.,
1.570796326795),.PIECEWISE_BEZIER_KNOTS.) CURVE() 
GEOMETRIC_REPRESENTATION_ITEM() RATIONAL_B_SPLINE_CURVE((1.,
0.707106781187,1.)) REPRESENTATION_ITEM('') );
#2543 = CARTESIAN_POINT('',(-12.54844526087,1.951212736223,15.));
#2544 = CARTESIAN_POINT('',(-12.80192651803,2.009068179052,15.));
#2545 = CARTESIAN_POINT('',(-12.85978196086,1.755586921884,15.));
#2546 = VECTOR('',#2547,1.);
#2547 = DIRECTION('',(-0.,-0.,-1.));
#2548 = ADVANCED_FACE('',(#2549),#2560,.F.);
#2549 = FACE_BOUND('',#2550,.F.);
#2550 = EDGE_LOOP('',(#2551,#2552,#2553,#2559));
#2551 = ORIENTED_EDGE('',*,*,#2535,.T.);
#2552 = ORIENTED_EDGE('',*,*,#1796,.T.);
#2553 = ORIENTED_EDGE('',*,*,#2554,.F.);
#2554 = EDGE_CURVE('',#841,#1789,#2555,.T.);
#2555 = LINE('',#2556,#2557);
#2556 = CARTESIAN_POINT('',(-12.92801521971,1.15,15.));
#2557 = VECTOR('',#2558,1.);
#2558 = DIRECTION('',(0.,0.,1.));
#2559 = ORIENTED_EDGE('',*,*,#848,.F.);
#2560 = SURFACE_OF_LINEAR_EXTRUSION('',#2561,#2565);
#2561 = ( BOUNDED_CURVE() B_SPLINE_CURVE(2,(#2562,#2563,#2564),
.UNSPECIFIED.,.F.,.F.) B_SPLINE_CURVE_WITH_KNOTS((3,3),(0.,
4.695830611611E-02),.PIECEWISE_BEZIER_KNOTS.) CURVE() 
GEOMETRIC_REPRESENTATION_ITEM() RATIONAL_B_SPLINE_CURVE((1.,
0.999724377348,1.)) REPRESENTATION_ITEM('') );
#2562 = CARTESIAN_POINT('',(-12.85978196086,1.755586921884,15.));
#2563 = CARTESIAN_POINT('',(-12.90100923098,1.453594637733,15.));
#2564 = CARTESIAN_POINT('',(-12.92801521971,1.15,15.));
#2565 = VECTOR('',#2566,1.);
#2566 = DIRECTION('',(-0.,-0.,-1.));
#2567 = ADVANCED_FACE('',(#2568),#2579,.F.);
#2568 = FACE_BOUND('',#2569,.F.);
#2569 = EDGE_LOOP('',(#2570,#2571,#2572,#2578));
#2570 = ORIENTED_EDGE('',*,*,#2554,.T.);
#2571 = ORIENTED_EDGE('',*,*,#1788,.T.);
#2572 = ORIENTED_EDGE('',*,*,#2573,.F.);
#2573 = EDGE_CURVE('',#831,#1779,#2574,.T.);
#2574 = LINE('',#2575,#2576);
#2575 = CARTESIAN_POINT('',(-12.66801521971,0.89,15.));
#2576 = VECTOR('',#2577,1.);
#2577 = DIRECTION('',(0.,0.,1.));
#2578 = ORIENTED_EDGE('',*,*,#840,.F.);
#2579 = SURFACE_OF_LINEAR_EXTRUSION('',#2580,#2584);
#2580 = ( BOUNDED_CURVE() B_SPLINE_CURVE(2,(#2581,#2582,#2583),
.UNSPECIFIED.,.F.,.F.) B_SPLINE_CURVE_WITH_KNOTS((3,3),(0.,
1.570796326795),.PIECEWISE_BEZIER_KNOTS.) CURVE() 
GEOMETRIC_REPRESENTATION_ITEM() RATIONAL_B_SPLINE_CURVE((1.,
0.707106781187,1.)) REPRESENTATION_ITEM('') );
#2581 = CARTESIAN_POINT('',(-12.92801521971,1.15,15.));
#2582 = CARTESIAN_POINT('',(-12.92801521971,0.89,15.));
#2583 = CARTESIAN_POINT('',(-12.66801521971,0.89,15.));
#2584 = VECTOR('',#2585,1.);
#2585 = DIRECTION('',(-0.,-0.,-1.));
#2586 = ADVANCED_FACE('',(#2587),#2598,.F.);
#2587 = FACE_BOUND('',#2588,.F.);
#2588 = EDGE_LOOP('',(#2589,#2590,#2591,#2597));
#2589 = ORIENTED_EDGE('',*,*,#2573,.T.);
#2590 = ORIENTED_EDGE('',*,*,#1778,.T.);
#2591 = ORIENTED_EDGE('',*,*,#2592,.F.);
#2592 = EDGE_CURVE('',#823,#1771,#2593,.T.);
#2593 = LINE('',#2594,#2595);
#2594 = CARTESIAN_POINT('',(-12.66801521971,-0.89,15.));
#2595 = VECTOR('',#2596,1.);
#2596 = DIRECTION('',(0.,0.,1.));
#2597 = ORIENTED_EDGE('',*,*,#830,.F.);
#2598 = SURFACE_OF_LINEAR_EXTRUSION('',#2599,#2605);
#2599 = ( BOUNDED_CURVE() B_SPLINE_CURVE(2,(#2600,#2601,#2602,#2603,
#2604),.UNSPECIFIED.,.F.,.F.) B_SPLINE_CURVE_WITH_KNOTS((3,2,3),(0.,
1.570796326795,3.14159265359),.PIECEWISE_BEZIER_KNOTS.) CURVE() 
GEOMETRIC_REPRESENTATION_ITEM() RATIONAL_B_SPLINE_CURVE((1.,
0.707106781187,1.,0.707106781187,1.)) REPRESENTATION_ITEM('') );
#2600 = CARTESIAN_POINT('',(-12.66801521971,0.89,15.));
#2601 = CARTESIAN_POINT('',(-11.77801521971,0.89,15.));
#2602 = CARTESIAN_POINT('',(-11.77801521971,1.78E-15,15.));
#2603 = CARTESIAN_POINT('',(-11.77801521971,-0.89,15.));
#2604 = CARTESIAN_POINT('',(-12.66801521971,-0.89,15.));
#2605 = VECTOR('',#2606,1.);
#2606 = DIRECTION('',(-0.,-0.,-1.));
#2607 = ADVANCED_FACE('',(#2608),#2619,.F.);
#2608 = FACE_BOUND('',#2609,.F.);
#2609 = EDGE_LOOP('',(#2610,#2611,#2612,#2618));
#2610 = ORIENTED_EDGE('',*,*,#2592,.T.);
#2611 = ORIENTED_EDGE('',*,*,#1770,.T.);
#2612 = ORIENTED_EDGE('',*,*,#2613,.F.);
#2613 = EDGE_CURVE('',#815,#1763,#2614,.T.);
#2614 = LINE('',#2615,#2616);
#2615 = CARTESIAN_POINT('',(-12.92801521971,-1.15,15.));
#2616 = VECTOR('',#2617,1.);
#2617 = DIRECTION('',(0.,0.,1.));
#2618 = ORIENTED_EDGE('',*,*,#822,.F.);
#2619 = SURFACE_OF_LINEAR_EXTRUSION('',#2620,#2624);
#2620 = ( BOUNDED_CURVE() B_SPLINE_CURVE(2,(#2621,#2622,#2623),
.UNSPECIFIED.,.F.,.F.) B_SPLINE_CURVE_WITH_KNOTS((3,3),(0.,
1.570796326795),.PIECEWISE_BEZIER_KNOTS.) CURVE() 
GEOMETRIC_REPRESENTATION_ITEM() RATIONAL_B_SPLINE_CURVE((1.,
0.707106781187,1.)) REPRESENTATION_ITEM('') );
#2621 = CARTESIAN_POINT('',(-12.66801521971,-0.89,15.));
#2622 = CARTESIAN_POINT('',(-12.92801521971,-0.89,15.));
#2623 = CARTESIAN_POINT('',(-12.92801521971,-1.15,15.));
#2624 = VECTOR('',#2625,1.);
#2625 = DIRECTION('',(-0.,-0.,-1.));
#2626 = ADVANCED_FACE('',(#2627),#2638,.F.);
#2627 = FACE_BOUND('',#2628,.F.);
#2628 = EDGE_LOOP('',(#2629,#2630,#2631,#2637));
#2629 = ORIENTED_EDGE('',*,*,#2613,.T.);
#2630 = ORIENTED_EDGE('',*,*,#1762,.T.);
#2631 = ORIENTED_EDGE('',*,*,#2632,.F.);
#2632 = EDGE_CURVE('',#807,#1755,#2633,.T.);
#2633 = LINE('',#2634,#2635);
#2634 = CARTESIAN_POINT('',(-12.85978196086,-1.755586921884,15.));
#2635 = VECTOR('',#2636,1.);
#2636 = DIRECTION('',(0.,0.,1.));
#2637 = ORIENTED_EDGE('',*,*,#814,.F.);
#2638 = SURFACE_OF_LINEAR_EXTRUSION('',#2639,#2643);
#2639 = ( BOUNDED_CURVE() B_SPLINE_CURVE(2,(#2640,#2641,#2642),
.UNSPECIFIED.,.F.,.F.) B_SPLINE_CURVE_WITH_KNOTS((3,3),(0.,
4.695830611611E-02),.PIECEWISE_BEZIER_KNOTS.) CURVE() 
GEOMETRIC_REPRESENTATION_ITEM() RATIONAL_B_SPLINE_CURVE((1.,
0.999724377348,1.)) REPRESENTATION_ITEM('') );
#2640 = CARTESIAN_POINT('',(-12.92801521971,-1.15,15.));
#2641 = CARTESIAN_POINT('',(-12.90100923098,-1.453594637733,15.));
#2642 = CARTESIAN_POINT('',(-12.85978196086,-1.755586921884,15.));
#2643 = VECTOR('',#2644,1.);
#2644 = DIRECTION('',(-0.,-0.,-1.));
#2645 = ADVANCED_FACE('',(#2646),#2657,.F.);
#2646 = FACE_BOUND('',#2647,.F.);
#2647 = EDGE_LOOP('',(#2648,#2649,#2650,#2656));
#2648 = ORIENTED_EDGE('',*,*,#2632,.T.);
#2649 = ORIENTED_EDGE('',*,*,#1754,.T.);
#2650 = ORIENTED_EDGE('',*,*,#2651,.F.);
#2651 = EDGE_CURVE('',#797,#1745,#2652,.T.);
#2652 = LINE('',#2653,#2654);
#2653 = CARTESIAN_POINT('',(-12.54844526087,-1.951212736223,15.));
#2654 = VECTOR('',#2655,1.);
#2655 = DIRECTION('',(0.,0.,1.));
#2656 = ORIENTED_EDGE('',*,*,#806,.F.);
#2657 = SURFACE_OF_LINEAR_EXTRUSION('',#2658,#2662);
#2658 = ( BOUNDED_CURVE() B_SPLINE_CURVE(2,(#2659,#2660,#2661),
.UNSPECIFIED.,.F.,.F.) B_SPLINE_CURVE_WITH_KNOTS((3,3),(0.,
1.570796326795),.PIECEWISE_BEZIER_KNOTS.) CURVE() 
GEOMETRIC_REPRESENTATION_ITEM() RATIONAL_B_SPLINE_CURVE((1.,
0.707106781187,1.)) REPRESENTATION_ITEM('') );
#2659 = CARTESIAN_POINT('',(-12.85978196086,-1.755586921884,15.));
#2660 = CARTESIAN_POINT('',(-12.80192651803,-2.009068179052,15.));
#2661 = CARTESIAN_POINT('',(-12.54844526087,-1.951212736223,15.));
#2662 = VECTOR('',#2663,1.);
#2663 = DIRECTION('',(-0.,-0.,-1.));
#2664 = ADVANCED_FACE('',(#2665),#2676,.F.);
#2665 = FACE_BOUND('',#2666,.F.);
#2666 = EDGE_LOOP('',(#2667,#2668,#2669,#2675));
#2667 = ORIENTED_EDGE('',*,*,#2651,.T.);
#2668 = ORIENTED_EDGE('',*,*,#1744,.T.);
#2669 = ORIENTED_EDGE('',*,*,#2670,.F.);
#2670 = EDGE_CURVE('',#789,#1737,#2671,.T.);
#2671 = LINE('',#2672,#2673);
#2672 = CARTESIAN_POINT('',(-12.15235799842,-3.686584419907,15.));
#2673 = VECTOR('',#2674,1.);
#2674 = DIRECTION('',(0.,0.,1.));
#2675 = ORIENTED_EDGE('',*,*,#796,.F.);
#2676 = SURFACE_OF_LINEAR_EXTRUSION('',#2677,#2683);
#2677 = ( BOUNDED_CURVE() B_SPLINE_CURVE(2,(#2678,#2679,#2680,#2681,
#2682),.UNSPECIFIED.,.F.,.F.) B_SPLINE_CURVE_WITH_KNOTS((3,2,3),(0.,
1.570796326795,3.14159265359),.PIECEWISE_BEZIER_KNOTS.) CURVE() 
GEOMETRIC_REPRESENTATION_ITEM() RATIONAL_B_SPLINE_CURVE((1.,
0.707106781187,1.,0.707106781187,1.)) REPRESENTATION_ITEM('') );
#2678 = CARTESIAN_POINT('',(-12.54844526087,-1.951212736223,15.));
#2679 = CARTESIAN_POINT('',(-11.68075941902,-1.753169105002,15.));
#2680 = CARTESIAN_POINT('',(-11.4827157878,-2.620854946844,15.));
#2681 = CARTESIAN_POINT('',(-11.28467215658,-3.488540788685,15.));
#2682 = CARTESIAN_POINT('',(-12.15235799842,-3.686584419907,15.));
#2683 = VECTOR('',#2684,1.);
#2684 = DIRECTION('',(-0.,-0.,-1.));
#2685 = ADVANCED_FACE('',(#2686),#2697,.F.);
#2686 = FACE_BOUND('',#2687,.F.);
#2687 = EDGE_LOOP('',(#2688,#2689,#2690,#2696));
#2688 = ORIENTED_EDGE('',*,*,#2670,.T.);
#2689 = ORIENTED_EDGE('',*,*,#1736,.T.);
#2690 = ORIENTED_EDGE('',*,*,#2691,.F.);
#2691 = EDGE_CURVE('',#781,#1729,#2692,.T.);
#2692 = LINE('',#2693,#2694);
#2693 = CARTESIAN_POINT('',(-12.34798381276,-3.997921119902,15.));
#2694 = VECTOR('',#2695,1.);
#2695 = DIRECTION('',(0.,0.,1.));
#2696 = ORIENTED_EDGE('',*,*,#788,.F.);
#2697 = SURFACE_OF_LINEAR_EXTRUSION('',#2698,#2702);
#2698 = ( BOUNDED_CURVE() B_SPLINE_CURVE(2,(#2699,#2700,#2701),
.UNSPECIFIED.,.F.,.F.) B_SPLINE_CURVE_WITH_KNOTS((3,3),(0.,
1.570796326795),.PIECEWISE_BEZIER_KNOTS.) CURVE() 
GEOMETRIC_REPRESENTATION_ITEM() RATIONAL_B_SPLINE_CURVE((1.,
0.707106781187,1.)) REPRESENTATION_ITEM('') );
#2699 = CARTESIAN_POINT('',(-12.15235799842,-3.686584419907,15.));
#2700 = CARTESIAN_POINT('',(-12.40583925559,-3.744439862735,15.));
#2701 = CARTESIAN_POINT('',(-12.34798381276,-3.997921119902,15.));
#2702 = VECTOR('',#2703,1.);
#2703 = DIRECTION('',(-0.,-0.,-1.));
#2704 = ADVANCED_FACE('',(#2705),#2716,.F.);
#2705 = FACE_BOUND('',#2706,.F.);
#2706 = EDGE_LOOP('',(#2707,#2708,#2709,#2715));
#2707 = ORIENTED_EDGE('',*,*,#2691,.T.);
#2708 = ORIENTED_EDGE('',*,*,#1728,.T.);
#2709 = ORIENTED_EDGE('',*,*,#2710,.F.);
#2710 = EDGE_CURVE('',#773,#1721,#2711,.T.);
#2711 = LINE('',#2712,#2713);
#2712 = CARTESIAN_POINT('',(-12.14670553672,-4.573141384813,15.));
#2713 = VECTOR('',#2714,1.);
#2714 = DIRECTION('',(0.,0.,1.));
#2715 = ORIENTED_EDGE('',*,*,#780,.F.);
#2716 = SURFACE_OF_LINEAR_EXTRUSION('',#2717,#2721);
#2717 = ( BOUNDED_CURVE() B_SPLINE_CURVE(2,(#2718,#2719,#2720),
.UNSPECIFIED.,.F.,.F.) B_SPLINE_CURVE_WITH_KNOTS((3,3),(0.,
4.695830611611E-02),.PIECEWISE_BEZIER_KNOTS.) CURVE() 
GEOMETRIC_REPRESENTATION_ITEM() RATIONAL_B_SPLINE_CURVE((1.,
0.999724377348,1.)) REPRESENTATION_ITEM('') );
#2718 = CARTESIAN_POINT('',(-12.34798381276,-3.997921119902,15.));
#2719 = CARTESIAN_POINT('',(-12.25409875821,-4.287894608382,15.));
#2720 = CARTESIAN_POINT('',(-12.14670553672,-4.573141384813,15.));
#2721 = VECTOR('',#2722,1.);
#2722 = DIRECTION('',(-0.,-0.,-1.));
#2723 = ADVANCED_FACE('',(#2724),#2735,.F.);
#2724 = FACE_BOUND('',#2725,.F.);
#2725 = EDGE_LOOP('',(#2726,#2727,#2728,#2734));
#2726 = ORIENTED_EDGE('',*,*,#2710,.T.);
#2727 = ORIENTED_EDGE('',*,*,#1720,.T.);
#2728 = ORIENTED_EDGE('',*,*,#2729,.F.);
#2729 = EDGE_CURVE('',#763,#1711,#2730,.T.);
#2730 = LINE('',#2731,#2732);
#2731 = CARTESIAN_POINT('',(-11.79964385889,-4.694583518297,15.));
#2732 = VECTOR('',#2733,1.);
#2733 = DIRECTION('',(0.,0.,1.));
#2734 = ORIENTED_EDGE('',*,*,#772,.F.);
#2735 = SURFACE_OF_LINEAR_EXTRUSION('',#2736,#2740);
#2736 = ( BOUNDED_CURVE() B_SPLINE_CURVE(2,(#2737,#2738,#2739),
.UNSPECIFIED.,.F.,.F.) B_SPLINE_CURVE_WITH_KNOTS((3,3),(0.,
1.570796326795),.PIECEWISE_BEZIER_KNOTS.) CURVE() 
GEOMETRIC_REPRESENTATION_ITEM() RATIONAL_B_SPLINE_CURVE((1.,
0.707106781187,1.)) REPRESENTATION_ITEM('') );
#2737 = CARTESIAN_POINT('',(-12.14670553672,-4.573141384813,15.));
#2738 = CARTESIAN_POINT('',(-12.03389576455,-4.807393290467,15.));
#2739 = CARTESIAN_POINT('',(-11.79964385889,-4.694583518297,15.));
#2740 = VECTOR('',#2741,1.);
#2741 = DIRECTION('',(-0.,-0.,-1.));
#2742 = ADVANCED_FACE('',(#2743),#2754,.F.);
#2743 = FACE_BOUND('',#2744,.F.);
#2744 = EDGE_LOOP('',(#2745,#2746,#2747,#2753));
#2745 = ORIENTED_EDGE('',*,*,#2729,.T.);
#2746 = ORIENTED_EDGE('',*,*,#1710,.T.);
#2747 = ORIENTED_EDGE('',*,*,#2748,.F.);
#2748 = EDGE_CURVE('',#755,#1703,#2749,.T.);
#2749 = LINE('',#2750,#2751);
#2750 = CARTESIAN_POINT('',(-11.02733080326,-6.298308103163,15.));
#2751 = VECTOR('',#2752,1.);
#2752 = DIRECTION('',(0.,0.,1.));
#2753 = ORIENTED_EDGE('',*,*,#762,.F.);
#2754 = SURFACE_OF_LINEAR_EXTRUSION('',#2755,#2761);
#2755 = ( BOUNDED_CURVE() B_SPLINE_CURVE(2,(#2756,#2757,#2758,#2759,
#2760),.UNSPECIFIED.,.F.,.F.) B_SPLINE_CURVE_WITH_KNOTS((3,2,3),(0.,
1.570796326795,3.14159265359),.PIECEWISE_BEZIER_KNOTS.) CURVE() 
GEOMETRIC_REPRESENTATION_ITEM() RATIONAL_B_SPLINE_CURVE((1.,
0.707106781187,1.,0.707106781187,1.)) REPRESENTATION_ITEM('') );
#2756 = CARTESIAN_POINT('',(-11.79964385889,-4.694583518297,15.));
#2757 = CARTESIAN_POINT('',(-10.99778156646,-4.308426990482,15.));
#2758 = CARTESIAN_POINT('',(-10.61162503864,-5.110289282915,15.));
#2759 = CARTESIAN_POINT('',(-10.22546851083,-5.912151575348,15.));
#2760 = CARTESIAN_POINT('',(-11.02733080326,-6.298308103163,15.));
#2761 = VECTOR('',#2762,1.);
#2762 = DIRECTION('',(-0.,-0.,-1.));
#2763 = ADVANCED_FACE('',(#2764),#2775,.F.);
#2764 = FACE_BOUND('',#2765,.F.);
#2765 = EDGE_LOOP('',(#2766,#2767,#2768,#2774));
#2766 = ORIENTED_EDGE('',*,*,#2748,.T.);
#2767 = ORIENTED_EDGE('',*,*,#1702,.T.);
#2768 = ORIENTED_EDGE('',*,*,#2769,.F.);
#2769 = EDGE_CURVE('',#747,#1695,#2770,.T.);
#2770 = LINE('',#2771,#2772);
#2771 = CARTESIAN_POINT('',(-11.14877293675,-6.645369780988,15.));
#2772 = VECTOR('',#2773,1.);
#2773 = DIRECTION('',(0.,0.,1.));
#2774 = ORIENTED_EDGE('',*,*,#754,.F.);
#2775 = SURFACE_OF_LINEAR_EXTRUSION('',#2776,#2780);
#2776 = ( BOUNDED_CURVE() B_SPLINE_CURVE(2,(#2777,#2778,#2779),
.UNSPECIFIED.,.F.,.F.) B_SPLINE_CURVE_WITH_KNOTS((3,3),(0.,
1.570796326795),.PIECEWISE_BEZIER_KNOTS.) CURVE() 
GEOMETRIC_REPRESENTATION_ITEM() RATIONAL_B_SPLINE_CURVE((1.,
0.707106781187,1.)) REPRESENTATION_ITEM('') );
#2777 = CARTESIAN_POINT('',(-11.02733080326,-6.298308103163,15.));
#2778 = CARTESIAN_POINT('',(-11.26158270892,-6.411117875334,15.));
#2779 = CARTESIAN_POINT('',(-11.14877293675,-6.645369780988,15.));
#2780 = VECTOR('',#2781,1.);
#2781 = DIRECTION('',(-0.,-0.,-1.));
#2782 = ADVANCED_FACE('',(#2783),#2794,.F.);
#2783 = FACE_BOUND('',#2784,.F.);
#2784 = EDGE_LOOP('',(#2785,#2786,#2787,#2793));
#2785 = ORIENTED_EDGE('',*,*,#2769,.T.);
#2786 = ORIENTED_EDGE('',*,*,#1694,.T.);
#2787 = ORIENTED_EDGE('',*,*,#2788,.F.);
#2788 = EDGE_CURVE('',#739,#1687,#2789,.T.);
#2789 = LINE('',#2790,#2791);
#2790 = CARTESIAN_POINT('',(-10.82454257674,-7.161379442931,15.));
#2791 = VECTOR('',#2792,1.);
#2792 = DIRECTION('',(0.,0.,1.));
#2793 = ORIENTED_EDGE('',*,*,#746,.F.);
#2794 = SURFACE_OF_LINEAR_EXTRUSION('',#2795,#2799);
#2795 = ( BOUNDED_CURVE() B_SPLINE_CURVE(2,(#2796,#2797,#2798),
.UNSPECIFIED.,.F.,.F.) B_SPLINE_CURVE_WITH_KNOTS((3,3),(0.,
4.695830611611E-02),.PIECEWISE_BEZIER_KNOTS.) CURVE() 
GEOMETRIC_REPRESENTATION_ITEM() RATIONAL_B_SPLINE_CURVE((1.,
0.999724377348,1.)) REPRESENTATION_ITEM('') );
#2796 = CARTESIAN_POINT('',(-11.14877293675,-6.645369780988,15.));
#2797 = CARTESIAN_POINT('',(-10.99271660505,-6.907181638677,15.));
#2798 = CARTESIAN_POINT('',(-10.82454257674,-7.161379442931,15.));
#2799 = VECTOR('',#2800,1.);
#2800 = DIRECTION('',(-0.,-0.,-1.));
#2801 = ADVANCED_FACE('',(#2802),#2813,.F.);
#2802 = FACE_BOUND('',#2803,.F.);
#2803 = EDGE_LOOP('',(#2804,#2805,#2806,#2812));
#2804 = ORIENTED_EDGE('',*,*,#2788,.T.);
#2805 = ORIENTED_EDGE('',*,*,#1686,.T.);
#2806 = ORIENTED_EDGE('',*,*,#2807,.F.);
#2807 = EDGE_CURVE('',#729,#1677,#2808,.T.);
#2808 = LINE('',#2809,#2810);
#2809 = CARTESIAN_POINT('',(-10.45915904281,-7.20254827989,15.));
#2810 = VECTOR('',#2811,1.);
#2811 = DIRECTION('',(0.,0.,1.));
#2812 = ORIENTED_EDGE('',*,*,#738,.F.);
#2813 = SURFACE_OF_LINEAR_EXTRUSION('',#2814,#2818);
#2814 = ( BOUNDED_CURVE() B_SPLINE_CURVE(2,(#2815,#2816,#2817),
.UNSPECIFIED.,.F.,.F.) B_SPLINE_CURVE_WITH_KNOTS((3,3),(0.,
1.570796326795),.PIECEWISE_BEZIER_KNOTS.) CURVE() 
GEOMETRIC_REPRESENTATION_ITEM() RATIONAL_B_SPLINE_CURVE((1.,
0.707106781187,1.)) REPRESENTATION_ITEM('') );
#2815 = CARTESIAN_POINT('',(-10.82454257674,-7.161379442931,15.));
#2816 = CARTESIAN_POINT('',(-10.66243522825,-7.364655628373,15.));
#2817 = CARTESIAN_POINT('',(-10.45915904281,-7.20254827989,15.));
#2818 = VECTOR('',#2819,1.);
#2819 = DIRECTION('',(-0.,-0.,-1.));
#2820 = ADVANCED_FACE('',(#2821),#2832,.F.);
#2821 = FACE_BOUND('',#2822,.F.);
#2822 = EDGE_LOOP('',(#2823,#2824,#2825,#2831));
#2823 = ORIENTED_EDGE('',*,*,#2807,.T.);
#2824 = ORIENTED_EDGE('',*,*,#1676,.T.);
#2825 = ORIENTED_EDGE('',*,*,#2826,.F.);
#2826 = EDGE_CURVE('',#721,#1669,#2827,.T.);
#2827 = LINE('',#2828,#2829);
#2828 = CARTESIAN_POINT('',(-9.349347195506,-8.594208318683,15.));
#2829 = VECTOR('',#2830,1.);
#2830 = DIRECTION('',(0.,0.,1.));
#2831 = ORIENTED_EDGE('',*,*,#728,.F.);
#2832 = SURFACE_OF_LINEAR_EXTRUSION('',#2833,#2839);
#2833 = ( BOUNDED_CURVE() B_SPLINE_CURVE(2,(#2834,#2835,#2836,#2837,
#2838),.UNSPECIFIED.,.F.,.F.) B_SPLINE_CURVE_WITH_KNOTS((3,2,3),(0.,
1.570796326795,3.14159265359),.PIECEWISE_BEZIER_KNOTS.) CURVE() 
GEOMETRIC_REPRESENTATION_ITEM() RATIONAL_B_SPLINE_CURVE((1.,
0.707106781187,1.,0.707106781187,1.)) REPRESENTATION_ITEM('') );
#2834 = CARTESIAN_POINT('',(-10.45915904281,-7.20254827989,15.));
#2835 = CARTESIAN_POINT('',(-9.763329023418,-6.647642356235,15.));
#2836 = CARTESIAN_POINT('',(-9.208423099764,-7.343472375632,15.));
#2837 = CARTESIAN_POINT('',(-8.65351717611,-8.039302395028,15.));
#2838 = CARTESIAN_POINT('',(-9.349347195506,-8.594208318683,15.));
#2839 = VECTOR('',#2840,1.);
#2840 = DIRECTION('',(-0.,-0.,-1.));
#2841 = ADVANCED_FACE('',(#2842),#2853,.F.);
#2842 = FACE_BOUND('',#2843,.F.);
#2843 = EDGE_LOOP('',(#2844,#2845,#2846,#2852));
#2844 = ORIENTED_EDGE('',*,*,#2826,.T.);
#2845 = ORIENTED_EDGE('',*,*,#1668,.T.);
#2846 = ORIENTED_EDGE('',*,*,#2847,.F.);
#2847 = EDGE_CURVE('',#713,#1661,#2848,.T.);
#2848 = LINE('',#2849,#2850);
#2849 = CARTESIAN_POINT('',(-9.390516032465,-8.959591852608,15.));
#2850 = VECTOR('',#2851,1.);
#2851 = DIRECTION('',(0.,0.,1.));
#2852 = ORIENTED_EDGE('',*,*,#720,.F.);
#2853 = SURFACE_OF_LINEAR_EXTRUSION('',#2854,#2858);
#2854 = ( BOUNDED_CURVE() B_SPLINE_CURVE(2,(#2855,#2856,#2857),
.UNSPECIFIED.,.F.,.F.) B_SPLINE_CURVE_WITH_KNOTS((3,3),(0.,
1.570796326795),.PIECEWISE_BEZIER_KNOTS.) CURVE() 
GEOMETRIC_REPRESENTATION_ITEM() RATIONAL_B_SPLINE_CURVE((1.,
0.707106781187,1.)) REPRESENTATION_ITEM('') );
#2855 = CARTESIAN_POINT('',(-9.349347195506,-8.594208318683,15.));
#2856 = CARTESIAN_POINT('',(-9.552623380948,-8.756315667166,15.));
#2857 = CARTESIAN_POINT('',(-9.390516032465,-8.959591852608,15.));
#2858 = VECTOR('',#2859,1.);
#2859 = DIRECTION('',(-0.,-0.,-1.));
#2860 = ADVANCED_FACE('',(#2861),#2872,.F.);
#2861 = FACE_BOUND('',#2862,.F.);
#2862 = EDGE_LOOP('',(#2863,#2864,#2865,#2871));
#2863 = ORIENTED_EDGE('',*,*,#2847,.T.);
#2864 = ORIENTED_EDGE('',*,*,#1660,.T.);
#2865 = ORIENTED_EDGE('',*,*,#2866,.F.);
#2866 = EDGE_CURVE('',#705,#1653,#2867,.T.);
#2867 = LINE('',#2868,#2869);
#2868 = CARTESIAN_POINT('',(-8.959591852608,-9.390516032465,15.));
#2869 = VECTOR('',#2870,1.);
#2870 = DIRECTION('',(0.,0.,1.));
#2871 = ORIENTED_EDGE('',*,*,#712,.F.);
#2872 = SURFACE_OF_LINEAR_EXTRUSION('',#2873,#2877);
#2873 = ( BOUNDED_CURVE() B_SPLINE_CURVE(2,(#2874,#2875,#2876),
.UNSPECIFIED.,.F.,.F.) B_SPLINE_CURVE_WITH_KNOTS((3,3),(0.,
4.695830611611E-02),.PIECEWISE_BEZIER_KNOTS.) CURVE() 
GEOMETRIC_REPRESENTATION_ITEM() RATIONAL_B_SPLINE_CURVE((1.,
0.999724377348,1.)) REPRESENTATION_ITEM('') );
#2874 = CARTESIAN_POINT('',(-9.390516032465,-8.959591852608,15.));
#2875 = CARTESIAN_POINT('',(-9.180113739731,-9.180113739731,15.));
#2876 = CARTESIAN_POINT('',(-8.959591852608,-9.390516032465,15.));
#2877 = VECTOR('',#2878,1.);
#2878 = DIRECTION('',(-0.,-0.,-1.));
#2879 = ADVANCED_FACE('',(#2880),#2891,.F.);
#2880 = FACE_BOUND('',#2881,.F.);
#2881 = EDGE_LOOP('',(#2882,#2883,#2884,#2890));
#2882 = ORIENTED_EDGE('',*,*,#2866,.T.);
#2883 = ORIENTED_EDGE('',*,*,#1652,.T.);
#2884 = ORIENTED_EDGE('',*,*,#2885,.F.);
#2885 = EDGE_CURVE('',#695,#1643,#2886,.T.);
#2886 = LINE('',#2887,#2888);
#2887 = CARTESIAN_POINT('',(-8.594208318683,-9.349347195506,15.));
#2888 = VECTOR('',#2889,1.);
#2889 = DIRECTION('',(0.,0.,1.));
#2890 = ORIENTED_EDGE('',*,*,#704,.F.);
#2891 = SURFACE_OF_LINEAR_EXTRUSION('',#2892,#2896);
#2892 = ( BOUNDED_CURVE() B_SPLINE_CURVE(2,(#2893,#2894,#2895),
.UNSPECIFIED.,.F.,.F.) B_SPLINE_CURVE_WITH_KNOTS((3,3),(0.,
1.570796326795),.PIECEWISE_BEZIER_KNOTS.) CURVE() 
GEOMETRIC_REPRESENTATION_ITEM() RATIONAL_B_SPLINE_CURVE((1.,
0.707106781187,1.)) REPRESENTATION_ITEM('') );
#2893 = CARTESIAN_POINT('',(-8.959591852608,-9.390516032465,15.));
#2894 = CARTESIAN_POINT('',(-8.756315667166,-9.552623380948,15.));
#2895 = CARTESIAN_POINT('',(-8.594208318683,-9.349347195506,15.));
#2896 = VECTOR('',#2897,1.);
#2897 = DIRECTION('',(-0.,-0.,-1.));
#2898 = ADVANCED_FACE('',(#2899),#2910,.F.);
#2899 = FACE_BOUND('',#2900,.F.);
#2900 = EDGE_LOOP('',(#2901,#2902,#2903,#2909));
#2901 = ORIENTED_EDGE('',*,*,#2885,.T.);
#2902 = ORIENTED_EDGE('',*,*,#1642,.T.);
#2903 = ORIENTED_EDGE('',*,*,#2904,.F.);
#2904 = EDGE_CURVE('',#687,#1635,#2905,.T.);
#2905 = LINE('',#2906,#2907);
#2906 = CARTESIAN_POINT('',(-7.20254827989,-10.45915904281,15.));
#2907 = VECTOR('',#2908,1.);
#2908 = DIRECTION('',(0.,0.,1.));
#2909 = ORIENTED_EDGE('',*,*,#694,.F.);
#2910 = SURFACE_OF_LINEAR_EXTRUSION('',#2911,#2917);
#2911 = ( BOUNDED_CURVE() B_SPLINE_CURVE(2,(#2912,#2913,#2914,#2915,
#2916),.UNSPECIFIED.,.F.,.F.) B_SPLINE_CURVE_WITH_KNOTS((3,2,3),(0.,
1.570796326795,3.14159265359),.PIECEWISE_BEZIER_KNOTS.) CURVE() 
GEOMETRIC_REPRESENTATION_ITEM() RATIONAL_B_SPLINE_CURVE((1.,
0.707106781187,1.,0.707106781187,1.)) REPRESENTATION_ITEM('') );
#2912 = CARTESIAN_POINT('',(-8.594208318683,-9.349347195506,15.));
#2913 = CARTESIAN_POINT('',(-8.039302395028,-8.65351717611,15.));
#2914 = CARTESIAN_POINT('',(-7.343472375632,-9.208423099764,15.));
#2915 = CARTESIAN_POINT('',(-6.647642356235,-9.763329023418,15.));
#2916 = CARTESIAN_POINT('',(-7.20254827989,-10.45915904281,15.));
#2917 = VECTOR('',#2918,1.);
#2918 = DIRECTION('',(-0.,-0.,-1.));
#2919 = ADVANCED_FACE('',(#2920),#2931,.F.);
#2920 = FACE_BOUND('',#2921,.F.);
#2921 = EDGE_LOOP('',(#2922,#2923,#2924,#2930));
#2922 = ORIENTED_EDGE('',*,*,#2904,.T.);
#2923 = ORIENTED_EDGE('',*,*,#1634,.T.);
#2924 = ORIENTED_EDGE('',*,*,#2925,.F.);
#2925 = EDGE_CURVE('',#679,#1627,#2926,.T.);
#2926 = LINE('',#2927,#2928);
#2927 = CARTESIAN_POINT('',(-7.161379442931,-10.82454257674,15.));
#2928 = VECTOR('',#2929,1.);
#2929 = DIRECTION('',(0.,0.,1.));
#2930 = ORIENTED_EDGE('',*,*,#686,.F.);
#2931 = SURFACE_OF_LINEAR_EXTRUSION('',#2932,#2936);
#2932 = ( BOUNDED_CURVE() B_SPLINE_CURVE(2,(#2933,#2934,#2935),
.UNSPECIFIED.,.F.,.F.) B_SPLINE_CURVE_WITH_KNOTS((3,3),(0.,
1.570796326795),.PIECEWISE_BEZIER_KNOTS.) CURVE() 
GEOMETRIC_REPRESENTATION_ITEM() RATIONAL_B_SPLINE_CURVE((1.,
0.707106781187,1.)) REPRESENTATION_ITEM('') );
#2933 = CARTESIAN_POINT('',(-7.20254827989,-10.45915904281,15.));
#2934 = CARTESIAN_POINT('',(-7.364655628373,-10.66243522825,15.));
#2935 = CARTESIAN_POINT('',(-7.161379442931,-10.82454257674,15.));
#2936 = VECTOR('',#2937,1.);
#2937 = DIRECTION('',(-0.,-0.,-1.));
#2938 = ADVANCED_FACE('',(#2939),#2950,.F.);
#2939 = FACE_BOUND('',#2940,.F.);
#2940 = EDGE_LOOP('',(#2941,#2942,#2943,#2949));
#2941 = ORIENTED_EDGE('',*,*,#2925,.T.);
#2942 = ORIENTED_EDGE('',*,*,#1626,.T.);
#2943 = ORIENTED_EDGE('',*,*,#2944,.F.);
#2944 = EDGE_CURVE('',#671,#1619,#2945,.T.);
#2945 = LINE('',#2946,#2947);
#2946 = CARTESIAN_POINT('',(-6.645369780988,-11.14877293675,15.));
#2947 = VECTOR('',#2948,1.);
#2948 = DIRECTION('',(0.,0.,1.));
#2949 = ORIENTED_EDGE('',*,*,#678,.F.);
#2950 = SURFACE_OF_LINEAR_EXTRUSION('',#2951,#2955);
#2951 = ( BOUNDED_CURVE() B_SPLINE_CURVE(2,(#2952,#2953,#2954),
.UNSPECIFIED.,.F.,.F.) B_SPLINE_CURVE_WITH_KNOTS((3,3),(0.,
4.695830611611E-02),.PIECEWISE_BEZIER_KNOTS.) CURVE() 
GEOMETRIC_REPRESENTATION_ITEM() RATIONAL_B_SPLINE_CURVE((1.,
0.999724377348,1.)) REPRESENTATION_ITEM('') );
#2952 = CARTESIAN_POINT('',(-7.161379442931,-10.82454257674,15.));
#2953 = CARTESIAN_POINT('',(-6.907181638677,-10.99271660505,15.));
#2954 = CARTESIAN_POINT('',(-6.645369780988,-11.14877293675,15.));
#2955 = VECTOR('',#2956,1.);
#2956 = DIRECTION('',(-0.,-0.,-1.));
#2957 = ADVANCED_FACE('',(#2958),#2969,.F.);
#2958 = FACE_BOUND('',#2959,.F.);
#2959 = EDGE_LOOP('',(#2960,#2961,#2962,#2968));
#2960 = ORIENTED_EDGE('',*,*,#2944,.T.);
#2961 = ORIENTED_EDGE('',*,*,#1618,.T.);
#2962 = ORIENTED_EDGE('',*,*,#2963,.F.);
#2963 = EDGE_CURVE('',#661,#1609,#2964,.T.);
#2964 = LINE('',#2965,#2966);
#2965 = CARTESIAN_POINT('',(-6.298308103163,-11.02733080326,15.));
#2966 = VECTOR('',#2967,1.);
#2967 = DIRECTION('',(0.,0.,1.));
#2968 = ORIENTED_EDGE('',*,*,#670,.F.);
#2969 = SURFACE_OF_LINEAR_EXTRUSION('',#2970,#2974);
#2970 = ( BOUNDED_CURVE() B_SPLINE_CURVE(2,(#2971,#2972,#2973),
.UNSPECIFIED.,.F.,.F.) B_SPLINE_CURVE_WITH_KNOTS((3,3),(0.,
1.570796326795),.PIECEWISE_BEZIER_KNOTS.) CURVE() 
GEOMETRIC_REPRESENTATION_ITEM() RATIONAL_B_SPLINE_CURVE((1.,
0.707106781187,1.)) REPRESENTATION_ITEM('') );
#2971 = CARTESIAN_POINT('',(-6.645369780988,-11.14877293675,15.));
#2972 = CARTESIAN_POINT('',(-6.411117875334,-11.26158270892,15.));
#2973 = CARTESIAN_POINT('',(-6.298308103163,-11.02733080326,15.));
#2974 = VECTOR('',#2975,1.);
#2975 = DIRECTION('',(-0.,-0.,-1.));
#2976 = ADVANCED_FACE('',(#2977),#2988,.F.);
#2977 = FACE_BOUND('',#2978,.F.);
#2978 = EDGE_LOOP('',(#2979,#2980,#2981,#2987));
#2979 = ORIENTED_EDGE('',*,*,#2963,.T.);
#2980 = ORIENTED_EDGE('',*,*,#1608,.T.);
#2981 = ORIENTED_EDGE('',*,*,#2982,.F.);
#2982 = EDGE_CURVE('',#653,#1601,#2983,.T.);
#2983 = LINE('',#2984,#2985);
#2984 = CARTESIAN_POINT('',(-4.694583518297,-11.79964385889,15.));
#2985 = VECTOR('',#2986,1.);
#2986 = DIRECTION('',(0.,0.,1.));
#2987 = ORIENTED_EDGE('',*,*,#660,.F.);
#2988 = SURFACE_OF_LINEAR_EXTRUSION('',#2989,#2995);
#2989 = ( BOUNDED_CURVE() B_SPLINE_CURVE(2,(#2990,#2991,#2992,#2993,
#2994),.UNSPECIFIED.,.F.,.F.) B_SPLINE_CURVE_WITH_KNOTS((3,2,3),(0.,
1.570796326795,3.14159265359),.PIECEWISE_BEZIER_KNOTS.) CURVE() 
GEOMETRIC_REPRESENTATION_ITEM() RATIONAL_B_SPLINE_CURVE((1.,
0.707106781187,1.,0.707106781187,1.)) REPRESENTATION_ITEM('') );
#2990 = CARTESIAN_POINT('',(-6.298308103163,-11.02733080326,15.));
#2991 = CARTESIAN_POINT('',(-5.912151575348,-10.22546851083,15.));
#2992 = CARTESIAN_POINT('',(-5.110289282915,-10.61162503864,15.));
#2993 = CARTESIAN_POINT('',(-4.308426990482,-10.99778156646,15.));
#2994 = CARTESIAN_POINT('',(-4.694583518297,-11.79964385889,15.));
#2995 = VECTOR('',#2996,1.);
#2996 = DIRECTION('',(-0.,-0.,-1.));
#2997 = ADVANCED_FACE('',(#2998),#3009,.F.);
#2998 = FACE_BOUND('',#2999,.F.);
#2999 = EDGE_LOOP('',(#3000,#3001,#3002,#3008));
#3000 = ORIENTED_EDGE('',*,*,#2982,.T.);
#3001 = ORIENTED_EDGE('',*,*,#1600,.T.);
#3002 = ORIENTED_EDGE('',*,*,#3003,.F.);
#3003 = EDGE_CURVE('',#645,#1593,#3004,.T.);
#3004 = LINE('',#3005,#3006);
#3005 = CARTESIAN_POINT('',(-4.573141384813,-12.14670553672,15.));
#3006 = VECTOR('',#3007,1.);
#3007 = DIRECTION('',(0.,0.,1.));
#3008 = ORIENTED_EDGE('',*,*,#652,.F.);
#3009 = SURFACE_OF_LINEAR_EXTRUSION('',#3010,#3014);
#3010 = ( BOUNDED_CURVE() B_SPLINE_CURVE(2,(#3011,#3012,#3013),
.UNSPECIFIED.,.F.,.F.) B_SPLINE_CURVE_WITH_KNOTS((3,3),(0.,
1.570796326795),.PIECEWISE_BEZIER_KNOTS.) CURVE() 
GEOMETRIC_REPRESENTATION_ITEM() RATIONAL_B_SPLINE_CURVE((1.,
0.707106781187,1.)) REPRESENTATION_ITEM('') );
#3011 = CARTESIAN_POINT('',(-4.694583518297,-11.79964385889,15.));
#3012 = CARTESIAN_POINT('',(-4.807393290467,-12.03389576455,15.));
#3013 = CARTESIAN_POINT('',(-4.573141384813,-12.14670553672,15.));
#3014 = VECTOR('',#3015,1.);
#3015 = DIRECTION('',(-0.,-0.,-1.));
#3016 = ADVANCED_FACE('',(#3017),#3028,.F.);
#3017 = FACE_BOUND('',#3018,.F.);
#3018 = EDGE_LOOP('',(#3019,#3020,#3021,#3027));
#3019 = ORIENTED_EDGE('',*,*,#3003,.T.);
#3020 = ORIENTED_EDGE('',*,*,#1592,.T.);
#3021 = ORIENTED_EDGE('',*,*,#3022,.F.);
#3022 = EDGE_CURVE('',#637,#1585,#3023,.T.);
#3023 = LINE('',#3024,#3025);
#3024 = CARTESIAN_POINT('',(-3.997921119902,-12.34798381276,15.));
#3025 = VECTOR('',#3026,1.);
#3026 = DIRECTION('',(0.,0.,1.));
#3027 = ORIENTED_EDGE('',*,*,#644,.F.);
#3028 = SURFACE_OF_LINEAR_EXTRUSION('',#3029,#3033);
#3029 = ( BOUNDED_CURVE() B_SPLINE_CURVE(2,(#3030,#3031,#3032),
.UNSPECIFIED.,.F.,.F.) B_SPLINE_CURVE_WITH_KNOTS((3,3),(0.,
4.695830611611E-02),.PIECEWISE_BEZIER_KNOTS.) CURVE() 
GEOMETRIC_REPRESENTATION_ITEM() RATIONAL_B_SPLINE_CURVE((1.,
0.999724377348,1.)) REPRESENTATION_ITEM('') );
#3030 = CARTESIAN_POINT('',(-4.573141384813,-12.14670553672,15.));
#3031 = CARTESIAN_POINT('',(-4.287894608382,-12.25409875821,15.));
#3032 = CARTESIAN_POINT('',(-3.997921119902,-12.34798381276,15.));
#3033 = VECTOR('',#3034,1.);
#3034 = DIRECTION('',(-0.,-0.,-1.));
#3035 = ADVANCED_FACE('',(#3036),#3047,.F.);
#3036 = FACE_BOUND('',#3037,.F.);
#3037 = EDGE_LOOP('',(#3038,#3039,#3040,#3046));
#3038 = ORIENTED_EDGE('',*,*,#3022,.T.);
#3039 = ORIENTED_EDGE('',*,*,#1584,.T.);
#3040 = ORIENTED_EDGE('',*,*,#3041,.F.);
#3041 = EDGE_CURVE('',#627,#1575,#3042,.T.);
#3042 = LINE('',#3043,#3044);
#3043 = CARTESIAN_POINT('',(-3.686584419907,-12.15235799842,15.));
#3044 = VECTOR('',#3045,1.);
#3045 = DIRECTION('',(0.,0.,1.));
#3046 = ORIENTED_EDGE('',*,*,#636,.F.);
#3047 = SURFACE_OF_LINEAR_EXTRUSION('',#3048,#3052);
#3048 = ( BOUNDED_CURVE() B_SPLINE_CURVE(2,(#3049,#3050,#3051),
.UNSPECIFIED.,.F.,.F.) B_SPLINE_CURVE_WITH_KNOTS((3,3),(0.,
1.570796326795),.PIECEWISE_BEZIER_KNOTS.) CURVE() 
GEOMETRIC_REPRESENTATION_ITEM() RATIONAL_B_SPLINE_CURVE((1.,
0.707106781187,1.)) REPRESENTATION_ITEM('') );
#3049 = CARTESIAN_POINT('',(-3.997921119902,-12.34798381276,15.));
#3050 = CARTESIAN_POINT('',(-3.744439862735,-12.40583925559,15.));
#3051 = CARTESIAN_POINT('',(-3.686584419907,-12.15235799842,15.));
#3052 = VECTOR('',#3053,1.);
#3053 = DIRECTION('',(-0.,-0.,-1.));
#3054 = ADVANCED_FACE('',(#3055),#3066,.F.);
#3055 = FACE_BOUND('',#3056,.F.);
#3056 = EDGE_LOOP('',(#3057,#3058,#3059,#3065));
#3057 = ORIENTED_EDGE('',*,*,#3041,.T.);
#3058 = ORIENTED_EDGE('',*,*,#1574,.T.);
#3059 = ORIENTED_EDGE('',*,*,#3060,.F.);
#3060 = EDGE_CURVE('',#619,#1567,#3061,.T.);
#3061 = LINE('',#3062,#3063);
#3062 = CARTESIAN_POINT('',(-1.951212736223,-12.54844526087,15.));
#3063 = VECTOR('',#3064,1.);
#3064 = DIRECTION('',(0.,0.,1.));
#3065 = ORIENTED_EDGE('',*,*,#626,.F.);
#3066 = SURFACE_OF_LINEAR_EXTRUSION('',#3067,#3073);
#3067 = ( BOUNDED_CURVE() B_SPLINE_CURVE(2,(#3068,#3069,#3070,#3071,
#3072),.UNSPECIFIED.,.F.,.F.) B_SPLINE_CURVE_WITH_KNOTS((3,2,3),(0.,
1.570796326795,3.14159265359),.PIECEWISE_BEZIER_KNOTS.) CURVE() 
GEOMETRIC_REPRESENTATION_ITEM() RATIONAL_B_SPLINE_CURVE((1.,
0.707106781187,1.,0.707106781187,1.)) REPRESENTATION_ITEM('') );
#3068 = CARTESIAN_POINT('',(-3.686584419907,-12.15235799842,15.));
#3069 = CARTESIAN_POINT('',(-3.488540788685,-11.28467215658,15.));
#3070 = CARTESIAN_POINT('',(-2.620854946844,-11.4827157878,15.));
#3071 = CARTESIAN_POINT('',(-1.753169105002,-11.68075941902,15.));
#3072 = CARTESIAN_POINT('',(-1.951212736223,-12.54844526087,15.));
#3073 = VECTOR('',#3074,1.);
#3074 = DIRECTION('',(-0.,-0.,-1.));
#3075 = ADVANCED_FACE('',(#3076),#3087,.F.);
#3076 = FACE_BOUND('',#3077,.F.);
#3077 = EDGE_LOOP('',(#3078,#3079,#3080,#3086));
#3078 = ORIENTED_EDGE('',*,*,#3060,.T.);
#3079 = ORIENTED_EDGE('',*,*,#1566,.T.);
#3080 = ORIENTED_EDGE('',*,*,#3081,.F.);
#3081 = EDGE_CURVE('',#611,#1559,#3082,.T.);
#3082 = LINE('',#3083,#3084);
#3083 = CARTESIAN_POINT('',(-1.755586921884,-12.85978196086,15.));
#3084 = VECTOR('',#3085,1.);
#3085 = DIRECTION('',(0.,0.,1.));
#3086 = ORIENTED_EDGE('',*,*,#618,.F.);
#3087 = SURFACE_OF_LINEAR_EXTRUSION('',#3088,#3092);
#3088 = ( BOUNDED_CURVE() B_SPLINE_CURVE(2,(#3089,#3090,#3091),
.UNSPECIFIED.,.F.,.F.) B_SPLINE_CURVE_WITH_KNOTS((3,3),(0.,
1.570796326795),.PIECEWISE_BEZIER_KNOTS.) CURVE() 
GEOMETRIC_REPRESENTATION_ITEM() RATIONAL_B_SPLINE_CURVE((1.,
0.707106781187,1.)) REPRESENTATION_ITEM('') );
#3089 = CARTESIAN_POINT('',(-1.951212736223,-12.54844526087,15.));
#3090 = CARTESIAN_POINT('',(-2.009068179052,-12.80192651803,15.));
#3091 = CARTESIAN_POINT('',(-1.755586921884,-12.85978196086,15.));
#3092 = VECTOR('',#3093,1.);
#3093 = DIRECTION('',(-0.,-0.,-1.));
#3094 = ADVANCED_FACE('',(#3095),#3106,.F.);
#3095 = FACE_BOUND('',#3096,.F.);
#3096 = EDGE_LOOP('',(#3097,#3098,#3099,#3105));
#3097 = ORIENTED_EDGE('',*,*,#3081,.T.);
#3098 = ORIENTED_EDGE('',*,*,#1558,.T.);
#3099 = ORIENTED_EDGE('',*,*,#3100,.F.);
#3100 = EDGE_CURVE('',#603,#1551,#3101,.T.);
#3101 = LINE('',#3102,#3103);
#3102 = CARTESIAN_POINT('',(-1.15,-12.92801521971,15.));
#3103 = VECTOR('',#3104,1.);
#3104 = DIRECTION('',(0.,0.,1.));
#3105 = ORIENTED_EDGE('',*,*,#610,.F.);
#3106 = SURFACE_OF_LINEAR_EXTRUSION('',#3107,#3111);
#3107 = ( BOUNDED_CURVE() B_SPLINE_CURVE(2,(#3108,#3109,#3110),
.UNSPECIFIED.,.F.,.F.) B_SPLINE_CURVE_WITH_KNOTS((3,3),(0.,
4.695830611611E-02),.PIECEWISE_BEZIER_KNOTS.) CURVE() 
GEOMETRIC_REPRESENTATION_ITEM() RATIONAL_B_SPLINE_CURVE((1.,
0.999724377348,1.)) REPRESENTATION_ITEM('') );
#3108 = CARTESIAN_POINT('',(-1.755586921884,-12.85978196086,15.));
#3109 = CARTESIAN_POINT('',(-1.453594637733,-12.90100923098,15.));
#3110 = CARTESIAN_POINT('',(-1.15,-12.92801521971,15.));
#3111 = VECTOR('',#3112,1.);
#3112 = DIRECTION('',(-0.,-0.,-1.));
#3113 = ADVANCED_FACE('',(#3114),#3125,.F.);
#3114 = FACE_BOUND('',#3115,.F.);
#3115 = EDGE_LOOP('',(#3116,#3117,#3118,#3124));
#3116 = ORIENTED_EDGE('',*,*,#3100,.T.);
#3117 = ORIENTED_EDGE('',*,*,#1550,.T.);
#3118 = ORIENTED_EDGE('',*,*,#3119,.F.);
#3119 = EDGE_CURVE('',#593,#1541,#3120,.T.);
#3120 = LINE('',#3121,#3122);
#3121 = CARTESIAN_POINT('',(-0.89,-12.66801521971,15.));
#3122 = VECTOR('',#3123,1.);
#3123 = DIRECTION('',(0.,0.,1.));
#3124 = ORIENTED_EDGE('',*,*,#602,.F.);
#3125 = SURFACE_OF_LINEAR_EXTRUSION('',#3126,#3130);
#3126 = ( BOUNDED_CURVE() B_SPLINE_CURVE(2,(#3127,#3128,#3129),
.UNSPECIFIED.,.F.,.F.) B_SPLINE_CURVE_WITH_KNOTS((3,3),(0.,
1.570796326795),.PIECEWISE_BEZIER_KNOTS.) CURVE() 
GEOMETRIC_REPRESENTATION_ITEM() RATIONAL_B_SPLINE_CURVE((1.,
0.707106781187,1.)) REPRESENTATION_ITEM('') );
#3127 = CARTESIAN_POINT('',(-1.15,-12.92801521971,15.));
#3128 = CARTESIAN_POINT('',(-0.89,-12.92801521971,15.));
#3129 = CARTESIAN_POINT('',(-0.89,-12.66801521971,15.));
#3130 = VECTOR('',#3131,1.);
#3131 = DIRECTION('',(-0.,-0.,-1.));
#3132 = ADVANCED_FACE('',(#3133),#3144,.F.);
#3133 = FACE_BOUND('',#3134,.F.);
#3134 = EDGE_LOOP('',(#3135,#3136,#3137,#3143));
#3135 = ORIENTED_EDGE('',*,*,#3119,.T.);
#3136 = ORIENTED_EDGE('',*,*,#1540,.T.);
#3137 = ORIENTED_EDGE('',*,*,#3138,.F.);
#3138 = EDGE_CURVE('',#585,#1533,#3139,.T.);
#3139 = LINE('',#3140,#3141);
#3140 = CARTESIAN_POINT('',(0.89,-12.66801521971,15.));
#3141 = VECTOR('',#3142,1.);
#3142 = DIRECTION('',(0.,0.,1.));
#3143 = ORIENTED_EDGE('',*,*,#592,.F.);
#3144 = SURFACE_OF_LINEAR_EXTRUSION('',#3145,#3151);
#3145 = ( BOUNDED_CURVE() B_SPLINE_CURVE(2,(#3146,#3147,#3148,#3149,
#3150),.UNSPECIFIED.,.F.,.F.) B_SPLINE_CURVE_WITH_KNOTS((3,2,3),(0.,
1.570796326795,3.14159265359),.PIECEWISE_BEZIER_KNOTS.) CURVE() 
GEOMETRIC_REPRESENTATION_ITEM() RATIONAL_B_SPLINE_CURVE((1.,
0.707106781187,1.,0.707106781187,1.)) REPRESENTATION_ITEM('') );
#3146 = CARTESIAN_POINT('',(-0.89,-12.66801521971,15.));
#3147 = CARTESIAN_POINT('',(-0.89,-11.77801521971,15.));
#3148 = CARTESIAN_POINT('',(-2.66E-15,-11.77801521971,15.));
#3149 = CARTESIAN_POINT('',(0.89,-11.77801521971,15.));
#3150 = CARTESIAN_POINT('',(0.89,-12.66801521971,15.));
#3151 = VECTOR('',#3152,1.);
#3152 = DIRECTION('',(-0.,-0.,-1.));
#3153 = ADVANCED_FACE('',(#3154),#3165,.F.);
#3154 = FACE_BOUND('',#3155,.F.);
#3155 = EDGE_LOOP('',(#3156,#3157,#3158,#3164));
#3156 = ORIENTED_EDGE('',*,*,#3138,.T.);
#3157 = ORIENTED_EDGE('',*,*,#1532,.T.);
#3158 = ORIENTED_EDGE('',*,*,#3159,.F.);
#3159 = EDGE_CURVE('',#577,#1525,#3160,.T.);
#3160 = LINE('',#3161,#3162);
#3161 = CARTESIAN_POINT('',(1.15,-12.92801521971,15.));
#3162 = VECTOR('',#3163,1.);
#3163 = DIRECTION('',(0.,0.,1.));
#3164 = ORIENTED_EDGE('',*,*,#584,.F.);
#3165 = SURFACE_OF_LINEAR_EXTRUSION('',#3166,#3170);
#3166 = ( BOUNDED_CURVE() B_SPLINE_CURVE(2,(#3167,#3168,#3169),
.UNSPECIFIED.,.F.,.F.) B_SPLINE_CURVE_WITH_KNOTS((3,3),(0.,
1.570796326795),.PIECEWISE_BEZIER_KNOTS.) CURVE() 
GEOMETRIC_REPRESENTATION_ITEM() RATIONAL_B_SPLINE_CURVE((1.,
0.707106781187,1.)) REPRESENTATION_ITEM('') );
#3167 = CARTESIAN_POINT('',(0.89,-12.66801521971,15.));
#3168 = CARTESIAN_POINT('',(0.89,-12.92801521971,15.));
#3169 = CARTESIAN_POINT('',(1.15,-12.92801521971,15.));
#3170 = VECTOR('',#3171,1.);
#3171 = DIRECTION('',(-0.,-0.,-1.));
#3172 = ADVANCED_FACE('',(#3173),#3184,.F.);
#3173 = FACE_BOUND('',#3174,.F.);
#3174 = EDGE_LOOP('',(#3175,#3176,#3177,#3183));
#3175 = ORIENTED_EDGE('',*,*,#3159,.T.);
#3176 = ORIENTED_EDGE('',*,*,#1524,.T.);
#3177 = ORIENTED_EDGE('',*,*,#3178,.F.);
#3178 = EDGE_CURVE('',#569,#1517,#3179,.T.);
#3179 = LINE('',#3180,#3181);
#3180 = CARTESIAN_POINT('',(1.755586921884,-12.85978196086,15.));
#3181 = VECTOR('',#3182,1.);
#3182 = DIRECTION('',(0.,0.,1.));
#3183 = ORIENTED_EDGE('',*,*,#576,.F.);
#3184 = SURFACE_OF_LINEAR_EXTRUSION('',#3185,#3189);
#3185 = ( BOUNDED_CURVE() B_SPLINE_CURVE(2,(#3186,#3187,#3188),
.UNSPECIFIED.,.F.,.F.) B_SPLINE_CURVE_WITH_KNOTS((3,3),(0.,
4.695830611611E-02),.PIECEWISE_BEZIER_KNOTS.) CURVE() 
GEOMETRIC_REPRESENTATION_ITEM() RATIONAL_B_SPLINE_CURVE((1.,
0.999724377348,1.)) REPRESENTATION_ITEM('') );
#3186 = CARTESIAN_POINT('',(1.15,-12.92801521971,15.));
#3187 = CARTESIAN_POINT('',(1.453594637733,-12.90100923098,15.));
#3188 = CARTESIAN_POINT('',(1.755586921884,-12.85978196086,15.));
#3189 = VECTOR('',#3190,1.);
#3190 = DIRECTION('',(-0.,-0.,-1.));
#3191 = ADVANCED_FACE('',(#3192),#3203,.F.);
#3192 = FACE_BOUND('',#3193,.F.);
#3193 = EDGE_LOOP('',(#3194,#3195,#3196,#3202));
#3194 = ORIENTED_EDGE('',*,*,#3178,.T.);
#3195 = ORIENTED_EDGE('',*,*,#1516,.T.);
#3196 = ORIENTED_EDGE('',*,*,#3197,.F.);
#3197 = EDGE_CURVE('',#559,#1507,#3198,.T.);
#3198 = LINE('',#3199,#3200);
#3199 = CARTESIAN_POINT('',(1.951212736223,-12.54844526087,15.));
#3200 = VECTOR('',#3201,1.);
#3201 = DIRECTION('',(0.,0.,1.));
#3202 = ORIENTED_EDGE('',*,*,#568,.F.);
#3203 = SURFACE_OF_LINEAR_EXTRUSION('',#3204,#3208);
#3204 = ( BOUNDED_CURVE() B_SPLINE_CURVE(2,(#3205,#3206,#3207),
.UNSPECIFIED.,.F.,.F.) B_SPLINE_CURVE_WITH_KNOTS((3,3),(0.,
1.570796326795),.PIECEWISE_BEZIER_KNOTS.) CURVE() 
GEOMETRIC_REPRESENTATION_ITEM() RATIONAL_B_SPLINE_CURVE((1.,
0.707106781187,1.)) REPRESENTATION_ITEM('') );
#3205 = CARTESIAN_POINT('',(1.755586921884,-12.85978196086,15.));
#3206 = CARTESIAN_POINT('',(2.009068179052,-12.80192651803,15.));
#3207 = CARTESIAN_POINT('',(1.951212736223,-12.54844526087,15.));
#3208 = VECTOR('',#3209,1.);
#3209 = DIRECTION('',(-0.,-0.,-1.));
#3210 = ADVANCED_FACE('',(#3211),#3222,.F.);
#3211 = FACE_BOUND('',#3212,.F.);
#3212 = EDGE_LOOP('',(#3213,#3214,#3215,#3221));
#3213 = ORIENTED_EDGE('',*,*,#3197,.T.);
#3214 = ORIENTED_EDGE('',*,*,#1506,.T.);
#3215 = ORIENTED_EDGE('',*,*,#3216,.F.);
#3216 = EDGE_CURVE('',#551,#1499,#3217,.T.);
#3217 = LINE('',#3218,#3219);
#3218 = CARTESIAN_POINT('',(3.686584419907,-12.15235799842,15.));
#3219 = VECTOR('',#3220,1.);
#3220 = DIRECTION('',(0.,0.,1.));
#3221 = ORIENTED_EDGE('',*,*,#558,.F.);
#3222 = SURFACE_OF_LINEAR_EXTRUSION('',#3223,#3229);
#3223 = ( BOUNDED_CURVE() B_SPLINE_CURVE(2,(#3224,#3225,#3226,#3227,
#3228),.UNSPECIFIED.,.F.,.F.) B_SPLINE_CURVE_WITH_KNOTS((3,2,3),(0.,
1.570796326795,3.14159265359),.PIECEWISE_BEZIER_KNOTS.) CURVE() 
GEOMETRIC_REPRESENTATION_ITEM() RATIONAL_B_SPLINE_CURVE((1.,
0.707106781187,1.,0.707106781187,1.)) REPRESENTATION_ITEM('') );
#3224 = CARTESIAN_POINT('',(1.951212736223,-12.54844526087,15.));
#3225 = CARTESIAN_POINT('',(1.753169105002,-11.68075941902,15.));
#3226 = CARTESIAN_POINT('',(2.620854946844,-11.4827157878,15.));
#3227 = CARTESIAN_POINT('',(3.488540788685,-11.28467215658,15.));
#3228 = CARTESIAN_POINT('',(3.686584419907,-12.15235799842,15.));
#3229 = VECTOR('',#3230,1.);
#3230 = DIRECTION('',(-0.,-0.,-1.));
#3231 = ADVANCED_FACE('',(#3232),#3243,.F.);
#3232 = FACE_BOUND('',#3233,.F.);
#3233 = EDGE_LOOP('',(#3234,#3235,#3236,#3242));
#3234 = ORIENTED_EDGE('',*,*,#3216,.T.);
#3235 = ORIENTED_EDGE('',*,*,#1498,.T.);
#3236 = ORIENTED_EDGE('',*,*,#3237,.F.);
#3237 = EDGE_CURVE('',#543,#1491,#3238,.T.);
#3238 = LINE('',#3239,#3240);
#3239 = CARTESIAN_POINT('',(3.997921119902,-12.34798381276,15.));
#3240 = VECTOR('',#3241,1.);
#3241 = DIRECTION('',(0.,0.,1.));
#3242 = ORIENTED_EDGE('',*,*,#550,.F.);
#3243 = SURFACE_OF_LINEAR_EXTRUSION('',#3244,#3248);
#3244 = ( BOUNDED_CURVE() B_SPLINE_CURVE(2,(#3245,#3246,#3247),
.UNSPECIFIED.,.F.,.F.) B_SPLINE_CURVE_WITH_KNOTS((3,3),(0.,
1.570796326795),.PIECEWISE_BEZIER_KNOTS.) CURVE() 
GEOMETRIC_REPRESENTATION_ITEM() RATIONAL_B_SPLINE_CURVE((1.,
0.707106781187,1.)) REPRESENTATION_ITEM('') );
#3245 = CARTESIAN_POINT('',(3.686584419907,-12.15235799842,15.));
#3246 = CARTESIAN_POINT('',(3.744439862735,-12.40583925559,15.));
#3247 = CARTESIAN_POINT('',(3.997921119902,-12.34798381276,15.));
#3248 = VECTOR('',#3249,1.);
#3249 = DIRECTION('',(-0.,-0.,-1.));
#3250 = ADVANCED_FACE('',(#3251),#3262,.F.);
#3251 = FACE_BOUND('',#3252,.F.);
#3252 = EDGE_LOOP('',(#3253,#3254,#3255,#3261));
#3253 = ORIENTED_EDGE('',*,*,#3237,.T.);
#3254 = ORIENTED_EDGE('',*,*,#1490,.T.);
#3255 = ORIENTED_EDGE('',*,*,#3256,.F.);
#3256 = EDGE_CURVE('',#535,#1483,#3257,.T.);
#3257 = LINE('',#3258,#3259);
#3258 = CARTESIAN_POINT('',(4.573141384813,-12.14670553672,15.));
#3259 = VECTOR('',#3260,1.);
#3260 = DIRECTION('',(0.,0.,1.));
#3261 = ORIENTED_EDGE('',*,*,#542,.F.);
#3262 = SURFACE_OF_LINEAR_EXTRUSION('',#3263,#3267);
#3263 = ( BOUNDED_CURVE() B_SPLINE_CURVE(2,(#3264,#3265,#3266),
.UNSPECIFIED.,.F.,.F.) B_SPLINE_CURVE_WITH_KNOTS((3,3),(0.,
4.695830611611E-02),.PIECEWISE_BEZIER_KNOTS.) CURVE() 
GEOMETRIC_REPRESENTATION_ITEM() RATIONAL_B_SPLINE_CURVE((1.,
0.999724377348,1.)) REPRESENTATION_ITEM('') );
#3264 = CARTESIAN_POINT('',(3.997921119902,-12.34798381276,15.));
#3265 = CARTESIAN_POINT('',(4.287894608382,-12.25409875821,15.));
#3266 = CARTESIAN_POINT('',(4.573141384813,-12.14670553672,15.));
#3267 = VECTOR('',#3268,1.);
#3268 = DIRECTION('',(-0.,-0.,-1.));
#3269 = ADVANCED_FACE('',(#3270),#3281,.F.);
#3270 = FACE_BOUND('',#3271,.F.);
#3271 = EDGE_LOOP('',(#3272,#3273,#3274,#3280));
#3272 = ORIENTED_EDGE('',*,*,#3256,.T.);
#3273 = ORIENTED_EDGE('',*,*,#1482,.T.);
#3274 = ORIENTED_EDGE('',*,*,#3275,.F.);
#3275 = EDGE_CURVE('',#525,#1473,#3276,.T.);
#3276 = LINE('',#3277,#3278);
#3277 = CARTESIAN_POINT('',(4.694583518297,-11.79964385889,15.));
#3278 = VECTOR('',#3279,1.);
#3279 = DIRECTION('',(0.,0.,1.));
#3280 = ORIENTED_EDGE('',*,*,#534,.F.);
#3281 = SURFACE_OF_LINEAR_EXTRUSION('',#3282,#3286);
#3282 = ( BOUNDED_CURVE() B_SPLINE_CURVE(2,(#3283,#3284,#3285),
.UNSPECIFIED.,.F.,.F.) B_SPLINE_CURVE_WITH_KNOTS((3,3),(0.,
1.570796326795),.PIECEWISE_BEZIER_KNOTS.) CURVE() 
GEOMETRIC_REPRESENTATION_ITEM() RATIONAL_B_SPLINE_CURVE((1.,
0.707106781187,1.)) REPRESENTATION_ITEM('') );
#3283 = CARTESIAN_POINT('',(4.573141384813,-12.14670553672,15.));
#3284 = CARTESIAN_POINT('',(4.807393290467,-12.03389576455,15.));
#3285 = CARTESIAN_POINT('',(4.694583518297,-11.79964385889,15.));
#3286 = VECTOR('',#3287,1.);
#3287 = DIRECTION('',(-0.,-0.,-1.));
#3288 = ADVANCED_FACE('',(#3289),#3300,.F.);
#3289 = FACE_BOUND('',#3290,.F.);
#3290 = EDGE_LOOP('',(#3291,#3292,#3293,#3299));
#3291 = ORIENTED_EDGE('',*,*,#3275,.T.);
#3292 = ORIENTED_EDGE('',*,*,#1472,.T.);
#3293 = ORIENTED_EDGE('',*,*,#3294,.F.);
#3294 = EDGE_CURVE('',#517,#1465,#3295,.T.);
#3295 = LINE('',#3296,#3297);
#3296 = CARTESIAN_POINT('',(6.298308103163,-11.02733080326,15.));
#3297 = VECTOR('',#3298,1.);
#3298 = DIRECTION('',(0.,0.,1.));
#3299 = ORIENTED_EDGE('',*,*,#524,.F.);
#3300 = SURFACE_OF_LINEAR_EXTRUSION('',#3301,#3307);
#3301 = ( BOUNDED_CURVE() B_SPLINE_CURVE(2,(#3302,#3303,#3304,#3305,
#3306),.UNSPECIFIED.,.F.,.F.) B_SPLINE_CURVE_WITH_KNOTS((3,2,3),(0.,
1.570796326795,3.14159265359),.PIECEWISE_BEZIER_KNOTS.) CURVE() 
GEOMETRIC_REPRESENTATION_ITEM() RATIONAL_B_SPLINE_CURVE((1.,
0.707106781187,1.,0.707106781187,1.)) REPRESENTATION_ITEM('') );
#3302 = CARTESIAN_POINT('',(4.694583518297,-11.79964385889,15.));
#3303 = CARTESIAN_POINT('',(4.308426990482,-10.99778156646,15.));
#3304 = CARTESIAN_POINT('',(5.110289282915,-10.61162503864,15.));
#3305 = CARTESIAN_POINT('',(5.912151575348,-10.22546851083,15.));
#3306 = CARTESIAN_POINT('',(6.298308103163,-11.02733080326,15.));
#3307 = VECTOR('',#3308,1.);
#3308 = DIRECTION('',(-0.,-0.,-1.));
#3309 = ADVANCED_FACE('',(#3310),#3321,.F.);
#3310 = FACE_BOUND('',#3311,.F.);
#3311 = EDGE_LOOP('',(#3312,#3313,#3314,#3320));
#3312 = ORIENTED_EDGE('',*,*,#3294,.T.);
#3313 = ORIENTED_EDGE('',*,*,#1464,.T.);
#3314 = ORIENTED_EDGE('',*,*,#3315,.F.);
#3315 = EDGE_CURVE('',#509,#1457,#3316,.T.);
#3316 = LINE('',#3317,#3318);
#3317 = CARTESIAN_POINT('',(6.645369780988,-11.14877293675,15.));
#3318 = VECTOR('',#3319,1.);
#3319 = DIRECTION('',(0.,0.,1.));
#3320 = ORIENTED_EDGE('',*,*,#516,.F.);
#3321 = SURFACE_OF_LINEAR_EXTRUSION('',#3322,#3326);
#3322 = ( BOUNDED_CURVE() B_SPLINE_CURVE(2,(#3323,#3324,#3325),
.UNSPECIFIED.,.F.,.F.) B_SPLINE_CURVE_WITH_KNOTS((3,3),(0.,
1.570796326795),.PIECEWISE_BEZIER_KNOTS.) CURVE() 
GEOMETRIC_REPRESENTATION_ITEM() RATIONAL_B_SPLINE_CURVE((1.,
0.707106781187,1.)) REPRESENTATION_ITEM('') );
#3323 = CARTESIAN_POINT('',(6.298308103163,-11.02733080326,15.));
#3324 = CARTESIAN_POINT('',(6.411117875334,-11.26158270892,15.));
#3325 = CARTESIAN_POINT('',(6.645369780988,-11.14877293675,15.));
#3326 = VECTOR('',#3327,1.);
#3327 = DIRECTION('',(-0.,-0.,-1.));
#3328 = ADVANCED_FACE('',(#3329),#3340,.F.);
#3329 = FACE_BOUND('',#3330,.F.);
#3330 = EDGE_LOOP('',(#3331,#3332,#3333,#3339));
#3331 = ORIENTED_EDGE('',*,*,#3315,.T.);
#3332 = ORIENTED_EDGE('',*,*,#1456,.T.);
#3333 = ORIENTED_EDGE('',*,*,#3334,.F.);
#3334 = EDGE_CURVE('',#501,#1449,#3335,.T.);
#3335 = LINE('',#3336,#3337);
#3336 = CARTESIAN_POINT('',(7.161379442931,-10.82454257674,15.));
#3337 = VECTOR('',#3338,1.);
#3338 = DIRECTION('',(0.,0.,1.));
#3339 = ORIENTED_EDGE('',*,*,#508,.F.);
#3340 = SURFACE_OF_LINEAR_EXTRUSION('',#3341,#3345);
#3341 = ( BOUNDED_CURVE() B_SPLINE_CURVE(2,(#3342,#3343,#3344),
.UNSPECIFIED.,.F.,.F.) B_SPLINE_CURVE_WITH_KNOTS((3,3),(0.,
4.695830611611E-02),.PIECEWISE_BEZIER_KNOTS.) CURVE() 
GEOMETRIC_REPRESENTATION_ITEM() RATIONAL_B_SPLINE_CURVE((1.,
0.999724377348,1.)) REPRESENTATION_ITEM('') );
#3342 = CARTESIAN_POINT('',(6.645369780988,-11.14877293675,15.));
#3343 = CARTESIAN_POINT('',(6.907181638677,-10.99271660505,15.));
#3344 = CARTESIAN_POINT('',(7.161379442931,-10.82454257674,15.));
#3345 = VECTOR('',#3346,1.);
#3346 = DIRECTION('',(-0.,-0.,-1.));
#3347 = ADVANCED_FACE('',(#3348),#3359,.F.);
#3348 = FACE_BOUND('',#3349,.F.);
#3349 = EDGE_LOOP('',(#3350,#3351,#3352,#3358));
#3350 = ORIENTED_EDGE('',*,*,#3334,.T.);
#3351 = ORIENTED_EDGE('',*,*,#1448,.T.);
#3352 = ORIENTED_EDGE('',*,*,#3353,.F.);
#3353 = EDGE_CURVE('',#491,#1439,#3354,.T.);
#3354 = LINE('',#3355,#3356);
#3355 = CARTESIAN_POINT('',(7.20254827989,-10.45915904281,15.));
#3356 = VECTOR('',#3357,1.);
#3357 = DIRECTION('',(0.,0.,1.));
#3358 = ORIENTED_EDGE('',*,*,#500,.F.);
#3359 = SURFACE_OF_LINEAR_EXTRUSION('',#3360,#3364);
#3360 = ( BOUNDED_CURVE() B_SPLINE_CURVE(2,(#3361,#3362,#3363),
.UNSPECIFIED.,.F.,.F.) B_SPLINE_CURVE_WITH_KNOTS((3,3),(0.,
1.570796326795),.PIECEWISE_BEZIER_KNOTS.) CURVE() 
GEOMETRIC_REPRESENTATION_ITEM() RATIONAL_B_SPLINE_CURVE((1.,
0.707106781187,1.)) REPRESENTATION_ITEM('') );
#3361 = CARTESIAN_POINT('',(7.161379442931,-10.82454257674,15.));
#3362 = CARTESIAN_POINT('',(7.364655628373,-10.66243522825,15.));
#3363 = CARTESIAN_POINT('',(7.20254827989,-10.45915904281,15.));
#3364 = VECTOR('',#3365,1.);
#3365 = DIRECTION('',(-0.,-0.,-1.));
#3366 = ADVANCED_FACE('',(#3367),#3378,.F.);
#3367 = FACE_BOUND('',#3368,.F.);
#3368 = EDGE_LOOP('',(#3369,#3370,#3371,#3377));
#3369 = ORIENTED_EDGE('',*,*,#3353,.T.);
#3370 = ORIENTED_EDGE('',*,*,#1438,.T.);
#3371 = ORIENTED_EDGE('',*,*,#3372,.F.);
#3372 = EDGE_CURVE('',#483,#1431,#3373,.T.);
#3373 = LINE('',#3374,#3375);
#3374 = CARTESIAN_POINT('',(8.594208318683,-9.349347195506,15.));
#3375 = VECTOR('',#3376,1.);
#3376 = DIRECTION('',(0.,0.,1.));
#3377 = ORIENTED_EDGE('',*,*,#490,.F.);
#3378 = SURFACE_OF_LINEAR_EXTRUSION('',#3379,#3385);
#3379 = ( BOUNDED_CURVE() B_SPLINE_CURVE(2,(#3380,#3381,#3382,#3383,
#3384),.UNSPECIFIED.,.F.,.F.) B_SPLINE_CURVE_WITH_KNOTS((3,2,3),(0.,
1.570796326795,3.14159265359),.PIECEWISE_BEZIER_KNOTS.) CURVE() 
GEOMETRIC_REPRESENTATION_ITEM() RATIONAL_B_SPLINE_CURVE((1.,
0.707106781187,1.,0.707106781187,1.)) REPRESENTATION_ITEM('') );
#3380 = CARTESIAN_POINT('',(7.20254827989,-10.45915904281,15.));
#3381 = CARTESIAN_POINT('',(6.647642356235,-9.763329023418,15.));
#3382 = CARTESIAN_POINT('',(7.343472375632,-9.208423099764,15.));
#3383 = CARTESIAN_POINT('',(8.039302395028,-8.65351717611,15.));
#3384 = CARTESIAN_POINT('',(8.594208318683,-9.349347195506,15.));
#3385 = VECTOR('',#3386,1.);
#3386 = DIRECTION('',(-0.,-0.,-1.));
#3387 = ADVANCED_FACE('',(#3388),#3399,.F.);
#3388 = FACE_BOUND('',#3389,.F.);
#3389 = EDGE_LOOP('',(#3390,#3391,#3392,#3398));
#3390 = ORIENTED_EDGE('',*,*,#3372,.T.);
#3391 = ORIENTED_EDGE('',*,*,#1430,.T.);
#3392 = ORIENTED_EDGE('',*,*,#3393,.F.);
#3393 = EDGE_CURVE('',#475,#1423,#3394,.T.);
#3394 = LINE('',#3395,#3396);
#3395 = CARTESIAN_POINT('',(8.959591852608,-9.390516032465,15.));
#3396 = VECTOR('',#3397,1.);
#3397 = DIRECTION('',(0.,0.,1.));
#3398 = ORIENTED_EDGE('',*,*,#482,.F.);
#3399 = SURFACE_OF_LINEAR_EXTRUSION('',#3400,#3404);
#3400 = ( BOUNDED_CURVE() B_SPLINE_CURVE(2,(#3401,#3402,#3403),
.UNSPECIFIED.,.F.,.F.) B_SPLINE_CURVE_WITH_KNOTS((3,3),(0.,
1.570796326795),.PIECEWISE_BEZIER_KNOTS.) CURVE() 
GEOMETRIC_REPRESENTATION_ITEM() RATIONAL_B_SPLINE_CURVE((1.,
0.707106781187,1.)) REPRESENTATION_ITEM('') );
#3401 = CARTESIAN_POINT('',(8.594208318683,-9.349347195506,15.));
#3402 = CARTESIAN_POINT('',(8.756315667166,-9.552623380948,15.));
#3403 = CARTESIAN_POINT('',(8.959591852608,-9.390516032465,15.));
#3404 = VECTOR('',#3405,1.);
#3405 = DIRECTION('',(-0.,-0.,-1.));
#3406 = ADVANCED_FACE('',(#3407),#3418,.F.);
#3407 = FACE_BOUND('',#3408,.F.);
#3408 = EDGE_LOOP('',(#3409,#3410,#3411,#3417));
#3409 = ORIENTED_EDGE('',*,*,#3393,.T.);
#3410 = ORIENTED_EDGE('',*,*,#1422,.T.);
#3411 = ORIENTED_EDGE('',*,*,#3412,.F.);
#3412 = EDGE_CURVE('',#467,#1415,#3413,.T.);
#3413 = LINE('',#3414,#3415);
#3414 = CARTESIAN_POINT('',(9.390516032465,-8.959591852608,15.));
#3415 = VECTOR('',#3416,1.);
#3416 = DIRECTION('',(0.,0.,1.));
#3417 = ORIENTED_EDGE('',*,*,#474,.F.);
#3418 = SURFACE_OF_LINEAR_EXTRUSION('',#3419,#3423);
#3419 = ( BOUNDED_CURVE() B_SPLINE_CURVE(2,(#3420,#3421,#3422),
.UNSPECIFIED.,.F.,.F.) B_SPLINE_CURVE_WITH_KNOTS((3,3),(0.,
4.695830611611E-02),.PIECEWISE_BEZIER_KNOTS.) CURVE() 
GEOMETRIC_REPRESENTATION_ITEM() RATIONAL_B_SPLINE_CURVE((1.,
0.999724377348,1.)) REPRESENTATION_ITEM('') );
#3420 = CARTESIAN_POINT('',(8.959591852608,-9.390516032465,15.));
#3421 = CARTESIAN_POINT('',(9.180113739731,-9.180113739731,15.));
#3422 = CARTESIAN_POINT('',(9.390516032465,-8.959591852608,15.));
#3423 = VECTOR('',#3424,1.);
#3424 = DIRECTION('',(-0.,-0.,-1.));
#3425 = ADVANCED_FACE('',(#3426),#3437,.F.);
#3426 = FACE_BOUND('',#3427,.F.);
#3427 = EDGE_LOOP('',(#3428,#3429,#3430,#3436));
#3428 = ORIENTED_EDGE('',*,*,#3412,.T.);
#3429 = ORIENTED_EDGE('',*,*,#1414,.T.);
#3430 = ORIENTED_EDGE('',*,*,#3431,.F.);
#3431 = EDGE_CURVE('',#457,#1405,#3432,.T.);
#3432 = LINE('',#3433,#3434);
#3433 = CARTESIAN_POINT('',(9.349347195506,-8.594208318683,15.));
#3434 = VECTOR('',#3435,1.);
#3435 = DIRECTION('',(0.,0.,1.));
#3436 = ORIENTED_EDGE('',*,*,#466,.F.);
#3437 = SURFACE_OF_LINEAR_EXTRUSION('',#3438,#3442);
#3438 = ( BOUNDED_CURVE() B_SPLINE_CURVE(2,(#3439,#3440,#3441),
.UNSPECIFIED.,.F.,.F.) B_SPLINE_CURVE_WITH_KNOTS((3,3),(0.,
1.570796326795),.PIECEWISE_BEZIER_KNOTS.) CURVE() 
GEOMETRIC_REPRESENTATION_ITEM() RATIONAL_B_SPLINE_CURVE((1.,
0.707106781187,1.)) REPRESENTATION_ITEM('') );
#3439 = CARTESIAN_POINT('',(9.390516032465,-8.959591852608,15.));
#3440 = CARTESIAN_POINT('',(9.552623380948,-8.756315667166,15.));
#3441 = CARTESIAN_POINT('',(9.349347195506,-8.594208318683,15.));
#3442 = VECTOR('',#3443,1.);
#3443 = DIRECTION('',(-0.,-0.,-1.));
#3444 = ADVANCED_FACE('',(#3445),#3456,.F.);
#3445 = FACE_BOUND('',#3446,.F.);
#3446 = EDGE_LOOP('',(#3447,#3448,#3449,#3455));
#3447 = ORIENTED_EDGE('',*,*,#3431,.T.);
#3448 = ORIENTED_EDGE('',*,*,#1404,.T.);
#3449 = ORIENTED_EDGE('',*,*,#3450,.F.);
#3450 = EDGE_CURVE('',#449,#1397,#3451,.T.);
#3451 = LINE('',#3452,#3453);
#3452 = CARTESIAN_POINT('',(10.459159042815,-7.20254827989,15.));
#3453 = VECTOR('',#3454,1.);
#3454 = DIRECTION('',(0.,0.,1.));
#3455 = ORIENTED_EDGE('',*,*,#456,.F.);
#3456 = SURFACE_OF_LINEAR_EXTRUSION('',#3457,#3463);
#3457 = ( BOUNDED_CURVE() B_SPLINE_CURVE(2,(#3458,#3459,#3460,#3461,
#3462),.UNSPECIFIED.,.F.,.F.) B_SPLINE_CURVE_WITH_KNOTS((3,2,3),(0.,
1.570796326795,3.14159265359),.PIECEWISE_BEZIER_KNOTS.) CURVE() 
GEOMETRIC_REPRESENTATION_ITEM() RATIONAL_B_SPLINE_CURVE((1.,
0.707106781187,1.,0.707106781187,1.)) REPRESENTATION_ITEM('') );
#3458 = CARTESIAN_POINT('',(9.349347195506,-8.594208318683,15.));
#3459 = CARTESIAN_POINT('',(8.65351717611,-8.039302395028,15.));
#3460 = CARTESIAN_POINT('',(9.208423099764,-7.343472375632,15.));
#3461 = CARTESIAN_POINT('',(9.763329023418,-6.647642356235,15.));
#3462 = CARTESIAN_POINT('',(10.459159042815,-7.20254827989,15.));
#3463 = VECTOR('',#3464,1.);
#3464 = DIRECTION('',(-0.,-0.,-1.));
#3465 = ADVANCED_FACE('',(#3466),#3477,.F.);
#3466 = FACE_BOUND('',#3467,.F.);
#3467 = EDGE_LOOP('',(#3468,#3469,#3470,#3476));
#3468 = ORIENTED_EDGE('',*,*,#3450,.T.);
#3469 = ORIENTED_EDGE('',*,*,#1396,.T.);
#3470 = ORIENTED_EDGE('',*,*,#3471,.F.);
#3471 = EDGE_CURVE('',#441,#1389,#3472,.T.);
#3472 = LINE('',#3473,#3474);
#3473 = CARTESIAN_POINT('',(10.82454257674,-7.161379442931,15.));
#3474 = VECTOR('',#3475,1.);
#3475 = DIRECTION('',(0.,0.,1.));
#3476 = ORIENTED_EDGE('',*,*,#448,.F.);
#3477 = SURFACE_OF_LINEAR_EXTRUSION('',#3478,#3482);
#3478 = ( BOUNDED_CURVE() B_SPLINE_CURVE(2,(#3479,#3480,#3481),
.UNSPECIFIED.,.F.,.F.) B_SPLINE_CURVE_WITH_KNOTS((3,3),(0.,
1.570796326795),.PIECEWISE_BEZIER_KNOTS.) CURVE() 
GEOMETRIC_REPRESENTATION_ITEM() RATIONAL_B_SPLINE_CURVE((1.,
0.707106781187,1.)) REPRESENTATION_ITEM('') );
#3479 = CARTESIAN_POINT('',(10.459159042815,-7.20254827989,15.));
#3480 = CARTESIAN_POINT('',(10.662435228257,-7.364655628373,15.));
#3481 = CARTESIAN_POINT('',(10.82454257674,-7.161379442931,15.));
#3482 = VECTOR('',#3483,1.);
#3483 = DIRECTION('',(-0.,-0.,-1.));
#3484 = ADVANCED_FACE('',(#3485),#3496,.F.);
#3485 = FACE_BOUND('',#3486,.F.);
#3486 = EDGE_LOOP('',(#3487,#3488,#3489,#3495));
#3487 = ORIENTED_EDGE('',*,*,#3471,.T.);
#3488 = ORIENTED_EDGE('',*,*,#1388,.T.);
#3489 = ORIENTED_EDGE('',*,*,#3490,.F.);
#3490 = EDGE_CURVE('',#433,#1381,#3491,.T.);
#3491 = LINE('',#3492,#3493);
#3492 = CARTESIAN_POINT('',(11.14877293675,-6.645369780988,15.));
#3493 = VECTOR('',#3494,1.);
#3494 = DIRECTION('',(0.,0.,1.));
#3495 = ORIENTED_EDGE('',*,*,#440,.F.);
#3496 = SURFACE_OF_LINEAR_EXTRUSION('',#3497,#3501);
#3497 = ( BOUNDED_CURVE() B_SPLINE_CURVE(2,(#3498,#3499,#3500),
.UNSPECIFIED.,.F.,.F.) B_SPLINE_CURVE_WITH_KNOTS((3,3),(0.,
4.695830611611E-02),.PIECEWISE_BEZIER_KNOTS.) CURVE() 
GEOMETRIC_REPRESENTATION_ITEM() RATIONAL_B_SPLINE_CURVE((1.,
0.999724377348,1.)) REPRESENTATION_ITEM('') );
#3498 = CARTESIAN_POINT('',(10.82454257674,-7.161379442931,15.));
#3499 = CARTESIAN_POINT('',(10.992716605057,-6.907181638677,15.));
#3500 = CARTESIAN_POINT('',(11.14877293675,-6.645369780988,15.));
#3501 = VECTOR('',#3502,1.);
#3502 = DIRECTION('',(-0.,-0.,-1.));
#3503 = ADVANCED_FACE('',(#3504),#3515,.F.);
#3504 = FACE_BOUND('',#3505,.F.);
#3505 = EDGE_LOOP('',(#3506,#3507,#3508,#3514));
#3506 = ORIENTED_EDGE('',*,*,#3490,.T.);
#3507 = ORIENTED_EDGE('',*,*,#1380,.T.);
#3508 = ORIENTED_EDGE('',*,*,#3509,.F.);
#3509 = EDGE_CURVE('',#423,#1371,#3510,.T.);
#3510 = LINE('',#3511,#3512);
#3511 = CARTESIAN_POINT('',(11.027330803266,-6.298308103163,15.));
#3512 = VECTOR('',#3513,1.);
#3513 = DIRECTION('',(0.,0.,1.));
#3514 = ORIENTED_EDGE('',*,*,#432,.F.);
#3515 = SURFACE_OF_LINEAR_EXTRUSION('',#3516,#3520);
#3516 = ( BOUNDED_CURVE() B_SPLINE_CURVE(2,(#3517,#3518,#3519),
.UNSPECIFIED.,.F.,.F.) B_SPLINE_CURVE_WITH_KNOTS((3,3),(0.,
1.570796326795),.PIECEWISE_BEZIER_KNOTS.) CURVE() 
GEOMETRIC_REPRESENTATION_ITEM() RATIONAL_B_SPLINE_CURVE((1.,
0.707106781187,1.)) REPRESENTATION_ITEM('') );
#3517 = CARTESIAN_POINT('',(11.14877293675,-6.645369780988,15.));
#3518 = CARTESIAN_POINT('',(11.261582708921,-6.411117875334,15.));
#3519 = CARTESIAN_POINT('',(11.027330803266,-6.298308103163,15.));
#3520 = VECTOR('',#3521,1.);
#3521 = DIRECTION('',(-0.,-0.,-1.));
#3522 = ADVANCED_FACE('',(#3523),#3534,.F.);
#3523 = FACE_BOUND('',#3524,.F.);
#3524 = EDGE_LOOP('',(#3525,#3526,#3527,#3533));
#3525 = ORIENTED_EDGE('',*,*,#3509,.T.);
#3526 = ORIENTED_EDGE('',*,*,#1370,.T.);
#3527 = ORIENTED_EDGE('',*,*,#3528,.F.);
#3528 = EDGE_CURVE('',#415,#1363,#3529,.T.);
#3529 = LINE('',#3530,#3531);
#3530 = CARTESIAN_POINT('',(11.799643858896,-4.694583518297,15.));
#3531 = VECTOR('',#3532,1.);
#3532 = DIRECTION('',(0.,0.,1.));
#3533 = ORIENTED_EDGE('',*,*,#422,.F.);
#3534 = SURFACE_OF_LINEAR_EXTRUSION('',#3535,#3541);
#3535 = ( BOUNDED_CURVE() B_SPLINE_CURVE(2,(#3536,#3537,#3538,#3539,
#3540),.UNSPECIFIED.,.F.,.F.) B_SPLINE_CURVE_WITH_KNOTS((3,2,3),(0.,
1.570796326795,3.14159265359),.PIECEWISE_BEZIER_KNOTS.) CURVE() 
GEOMETRIC_REPRESENTATION_ITEM() RATIONAL_B_SPLINE_CURVE((1.,
0.707106781187,1.,0.707106781187,1.)) REPRESENTATION_ITEM('') );
#3536 = CARTESIAN_POINT('',(11.027330803266,-6.298308103163,15.));
#3537 = CARTESIAN_POINT('',(10.225468510833,-5.912151575348,15.));
#3538 = CARTESIAN_POINT('',(10.611625038648,-5.110289282915,15.));
#3539 = CARTESIAN_POINT('',(10.997781566463,-4.308426990482,15.));
#3540 = CARTESIAN_POINT('',(11.799643858896,-4.694583518297,15.));
#3541 = VECTOR('',#3542,1.);
#3542 = DIRECTION('',(-0.,-0.,-1.));
#3543 = ADVANCED_FACE('',(#3544),#3555,.F.);
#3544 = FACE_BOUND('',#3545,.F.);
#3545 = EDGE_LOOP('',(#3546,#3547,#3548,#3554));
#3546 = ORIENTED_EDGE('',*,*,#3528,.T.);
#3547 = ORIENTED_EDGE('',*,*,#1362,.T.);
#3548 = ORIENTED_EDGE('',*,*,#3549,.F.);
#3549 = EDGE_CURVE('',#407,#1355,#3550,.T.);
#3550 = LINE('',#3551,#3552);
#3551 = CARTESIAN_POINT('',(12.146705536721,-4.573141384813,15.));
#3552 = VECTOR('',#3553,1.);
#3553 = DIRECTION('',(0.,0.,1.));
#3554 = ORIENTED_EDGE('',*,*,#414,.F.);
#3555 = SURFACE_OF_LINEAR_EXTRUSION('',#3556,#3560);
#3556 = ( BOUNDED_CURVE() B_SPLINE_CURVE(2,(#3557,#3558,#3559),
.UNSPECIFIED.,.F.,.F.) B_SPLINE_CURVE_WITH_KNOTS((3,3),(0.,
1.570796326795),.PIECEWISE_BEZIER_KNOTS.) CURVE() 
GEOMETRIC_REPRESENTATION_ITEM() RATIONAL_B_SPLINE_CURVE((1.,
0.707106781187,1.)) REPRESENTATION_ITEM('') );
#3557 = CARTESIAN_POINT('',(11.799643858896,-4.694583518297,15.));
#3558 = CARTESIAN_POINT('',(12.03389576455,-4.807393290467,15.));
#3559 = CARTESIAN_POINT('',(12.146705536721,-4.573141384813,15.));
#3560 = VECTOR('',#3561,1.);
#3561 = DIRECTION('',(-0.,-0.,-1.));
#3562 = ADVANCED_FACE('',(#3563),#3574,.F.);
#3563 = FACE_BOUND('',#3564,.F.);
#3564 = EDGE_LOOP('',(#3565,#3566,#3567,#3573));
#3565 = ORIENTED_EDGE('',*,*,#3549,.T.);
#3566 = ORIENTED_EDGE('',*,*,#1354,.T.);
#3567 = ORIENTED_EDGE('',*,*,#3568,.F.);
#3568 = EDGE_CURVE('',#399,#1347,#3569,.T.);
#3569 = LINE('',#3570,#3571);
#3570 = CARTESIAN_POINT('',(12.347983812766,-3.997921119902,15.));
#3571 = VECTOR('',#3572,1.);
#3572 = DIRECTION('',(0.,0.,1.));
#3573 = ORIENTED_EDGE('',*,*,#406,.F.);
#3574 = SURFACE_OF_LINEAR_EXTRUSION('',#3575,#3579);
#3575 = ( BOUNDED_CURVE() B_SPLINE_CURVE(2,(#3576,#3577,#3578),
.UNSPECIFIED.,.F.,.F.) B_SPLINE_CURVE_WITH_KNOTS((3,3),(0.,
4.695830611611E-02),.PIECEWISE_BEZIER_KNOTS.) CURVE() 
GEOMETRIC_REPRESENTATION_ITEM() RATIONAL_B_SPLINE_CURVE((1.,
0.999724377348,1.)) REPRESENTATION_ITEM('') );
#3576 = CARTESIAN_POINT('',(12.146705536721,-4.573141384813,15.));
#3577 = CARTESIAN_POINT('',(12.254098758219,-4.287894608382,15.));
#3578 = CARTESIAN_POINT('',(12.347983812766,-3.997921119902,15.));
#3579 = VECTOR('',#3580,1.);
#3580 = DIRECTION('',(-0.,-0.,-1.));
#3581 = ADVANCED_FACE('',(#3582),#3593,.F.);
#3582 = FACE_BOUND('',#3583,.F.);
#3583 = EDGE_LOOP('',(#3584,#3585,#3586,#3592));
#3584 = ORIENTED_EDGE('',*,*,#3568,.T.);
#3585 = ORIENTED_EDGE('',*,*,#1346,.T.);
#3586 = ORIENTED_EDGE('',*,*,#3587,.F.);
#3587 = EDGE_CURVE('',#389,#1337,#3588,.T.);
#3588 = LINE('',#3589,#3590);
#3589 = CARTESIAN_POINT('',(12.152357998427,-3.686584419907,15.));
#3590 = VECTOR('',#3591,1.);
#3591 = DIRECTION('',(0.,0.,1.));
#3592 = ORIENTED_EDGE('',*,*,#398,.F.);
#3593 = SURFACE_OF_LINEAR_EXTRUSION('',#3594,#3598);
#3594 = ( BOUNDED_CURVE() B_SPLINE_CURVE(2,(#3595,#3596,#3597),
.UNSPECIFIED.,.F.,.F.) B_SPLINE_CURVE_WITH_KNOTS((3,3),(0.,
1.570796326795),.PIECEWISE_BEZIER_KNOTS.) CURVE() 
GEOMETRIC_REPRESENTATION_ITEM() RATIONAL_B_SPLINE_CURVE((1.,
0.707106781187,1.)) REPRESENTATION_ITEM('') );
#3595 = CARTESIAN_POINT('',(12.347983812766,-3.997921119902,15.));
#3596 = CARTESIAN_POINT('',(12.405839255595,-3.744439862735,15.));
#3597 = CARTESIAN_POINT('',(12.152357998427,-3.686584419907,15.));
#3598 = VECTOR('',#3599,1.);
#3599 = DIRECTION('',(-0.,-0.,-1.));
#3600 = ADVANCED_FACE('',(#3601),#3612,.F.);
#3601 = FACE_BOUND('',#3602,.F.);
#3602 = EDGE_LOOP('',(#3603,#3604,#3605,#3611));
#3603 = ORIENTED_EDGE('',*,*,#3587,.T.);
#3604 = ORIENTED_EDGE('',*,*,#1336,.T.);
#3605 = ORIENTED_EDGE('',*,*,#3606,.F.);
#3606 = EDGE_CURVE('',#381,#1329,#3607,.T.);
#3607 = LINE('',#3608,#3609);
#3608 = CARTESIAN_POINT('',(12.54844526087,-1.951212736223,15.));
#3609 = VECTOR('',#3610,1.);
#3610 = DIRECTION('',(0.,0.,1.));
#3611 = ORIENTED_EDGE('',*,*,#388,.F.);
#3612 = SURFACE_OF_LINEAR_EXTRUSION('',#3613,#3619);
#3613 = ( BOUNDED_CURVE() B_SPLINE_CURVE(2,(#3614,#3615,#3616,#3617,
#3618),.UNSPECIFIED.,.F.,.F.) B_SPLINE_CURVE_WITH_KNOTS((3,2,3),(0.,
1.570796326795,3.14159265359),.PIECEWISE_BEZIER_KNOTS.) CURVE() 
GEOMETRIC_REPRESENTATION_ITEM() RATIONAL_B_SPLINE_CURVE((1.,
0.707106781187,1.,0.707106781187,1.)) REPRESENTATION_ITEM('') );
#3614 = CARTESIAN_POINT('',(12.152357998427,-3.686584419907,15.));
#3615 = CARTESIAN_POINT('',(11.284672156585,-3.488540788685,15.));
#3616 = CARTESIAN_POINT('',(11.482715787807,-2.620854946844,15.));
#3617 = CARTESIAN_POINT('',(11.680759419028,-1.753169105002,15.));
#3618 = CARTESIAN_POINT('',(12.54844526087,-1.951212736223,15.));
#3619 = VECTOR('',#3620,1.);
#3620 = DIRECTION('',(-0.,-0.,-1.));
#3621 = ADVANCED_FACE('',(#3622),#3633,.F.);
#3622 = FACE_BOUND('',#3623,.F.);
#3623 = EDGE_LOOP('',(#3624,#3625,#3626,#3632));
#3624 = ORIENTED_EDGE('',*,*,#3606,.T.);
#3625 = ORIENTED_EDGE('',*,*,#1328,.T.);
#3626 = ORIENTED_EDGE('',*,*,#3627,.F.);
#3627 = EDGE_CURVE('',#373,#1321,#3628,.T.);
#3628 = LINE('',#3629,#3630);
#3629 = CARTESIAN_POINT('',(12.859781960865,-1.755586921884,15.));
#3630 = VECTOR('',#3631,1.);
#3631 = DIRECTION('',(0.,0.,1.));
#3632 = ORIENTED_EDGE('',*,*,#380,.F.);
#3633 = SURFACE_OF_LINEAR_EXTRUSION('',#3634,#3638);
#3634 = ( BOUNDED_CURVE() B_SPLINE_CURVE(2,(#3635,#3636,#3637),
.UNSPECIFIED.,.F.,.F.) B_SPLINE_CURVE_WITH_KNOTS((3,3),(0.,
1.570796326795),.PIECEWISE_BEZIER_KNOTS.) CURVE() 
GEOMETRIC_REPRESENTATION_ITEM() RATIONAL_B_SPLINE_CURVE((1.,
0.707106781187,1.)) REPRESENTATION_ITEM('') );
#3635 = CARTESIAN_POINT('',(12.54844526087,-1.951212736223,15.));
#3636 = CARTESIAN_POINT('',(12.801926518037,-2.009068179052,15.));
#3637 = CARTESIAN_POINT('',(12.859781960865,-1.755586921884,15.));
#3638 = VECTOR('',#3639,1.);
#3639 = DIRECTION('',(-0.,-0.,-1.));
#3640 = ADVANCED_FACE('',(#3641),#3652,.F.);
#3641 = FACE_BOUND('',#3642,.F.);
#3642 = EDGE_LOOP('',(#3643,#3644,#3645,#3651));
#3643 = ORIENTED_EDGE('',*,*,#3627,.T.);
#3644 = ORIENTED_EDGE('',*,*,#1320,.T.);
#3645 = ORIENTED_EDGE('',*,*,#3646,.F.);
#3646 = EDGE_CURVE('',#365,#1313,#3647,.T.);
#3647 = LINE('',#3648,#3649);
#3648 = CARTESIAN_POINT('',(12.928015219719,-1.15,15.));
#3649 = VECTOR('',#3650,1.);
#3650 = DIRECTION('',(0.,0.,1.));
#3651 = ORIENTED_EDGE('',*,*,#372,.F.);
#3652 = SURFACE_OF_LINEAR_EXTRUSION('',#3653,#3657);
#3653 = ( BOUNDED_CURVE() B_SPLINE_CURVE(2,(#3654,#3655,#3656),
.UNSPECIFIED.,.F.,.F.) B_SPLINE_CURVE_WITH_KNOTS((3,3),(0.,
4.695830611611E-02),.PIECEWISE_BEZIER_KNOTS.) CURVE() 
GEOMETRIC_REPRESENTATION_ITEM() RATIONAL_B_SPLINE_CURVE((1.,
0.999724377348,1.)) REPRESENTATION_ITEM('') );
#3654 = CARTESIAN_POINT('',(12.859781960865,-1.755586921884,15.));
#3655 = CARTESIAN_POINT('',(12.901009230984,-1.453594637733,15.));
#3656 = CARTESIAN_POINT('',(12.928015219719,-1.15,15.));
#3657 = VECTOR('',#3658,1.);
#3658 = DIRECTION('',(-0.,-0.,-1.));
#3659 = ADVANCED_FACE('',(#3660),#3671,.F.);
#3660 = FACE_BOUND('',#3661,.F.);
#3661 = EDGE_LOOP('',(#3662,#3663,#3664,#3670));
#3662 = ORIENTED_EDGE('',*,*,#3646,.T.);
#3663 = ORIENTED_EDGE('',*,*,#1312,.T.);
#3664 = ORIENTED_EDGE('',*,*,#3665,.F.);
#3665 = EDGE_CURVE('',#355,#1303,#3666,.T.);
#3666 = LINE('',#3667,#3668);
#3667 = CARTESIAN_POINT('',(12.668015219719,-0.89,15.));
#3668 = VECTOR('',#3669,1.);
#3669 = DIRECTION('',(0.,0.,1.));
#3670 = ORIENTED_EDGE('',*,*,#364,.F.);
#3671 = SURFACE_OF_LINEAR_EXTRUSION('',#3672,#3676);
#3672 = ( BOUNDED_CURVE() B_SPLINE_CURVE(2,(#3673,#3674,#3675),
.UNSPECIFIED.,.F.,.F.) B_SPLINE_CURVE_WITH_KNOTS((3,3),(0.,
1.570796326795),.PIECEWISE_BEZIER_KNOTS.) CURVE() 
GEOMETRIC_REPRESENTATION_ITEM() RATIONAL_B_SPLINE_CURVE((1.,
0.707106781187,1.)) REPRESENTATION_ITEM('') );
#3673 = CARTESIAN_POINT('',(12.928015219719,-1.15,15.));
#3674 = CARTESIAN_POINT('',(12.928015219719,-0.89,15.));
#3675 = CARTESIAN_POINT('',(12.668015219719,-0.89,15.));
#3676 = VECTOR('',#3677,1.);
#3677 = DIRECTION('',(-0.,-0.,-1.));
#3678 = ADVANCED_FACE('',(#3679),#3690,.F.);
#3679 = FACE_BOUND('',#3680,.F.);
#3680 = EDGE_LOOP('',(#3681,#3682,#3683,#3689));
#3681 = ORIENTED_EDGE('',*,*,#3665,.T.);
#3682 = ORIENTED_EDGE('',*,*,#1302,.T.);
#3683 = ORIENTED_EDGE('',*,*,#3684,.F.);
#3684 = EDGE_CURVE('',#347,#1295,#3685,.T.);
#3685 = LINE('',#3686,#3687);
#3686 = CARTESIAN_POINT('',(12.668015219719,0.89,15.));
#3687 = VECTOR('',#3688,1.);
#3688 = DIRECTION('',(0.,0.,1.));
#3689 = ORIENTED_EDGE('',*,*,#354,.F.);
#3690 = SURFACE_OF_LINEAR_EXTRUSION('',#3691,#3697);
#3691 = ( BOUNDED_CURVE() B_SPLINE_CURVE(2,(#3692,#3693,#3694,#3695,
#3696),.UNSPECIFIED.,.F.,.F.) B_SPLINE_CURVE_WITH_KNOTS((3,2,3),(0.,
1.570796326795,3.14159265359),.PIECEWISE_BEZIER_KNOTS.) CURVE() 
GEOMETRIC_REPRESENTATION_ITEM() RATIONAL_B_SPLINE_CURVE((1.,
0.707106781187,1.,0.707106781187,1.)) REPRESENTATION_ITEM('') );
#3692 = CARTESIAN_POINT('',(12.668015219719,-0.89,15.));
#3693 = CARTESIAN_POINT('',(11.778015219719,-0.89,15.));
#3694 = CARTESIAN_POINT('',(11.778015219719,-2.66E-15,15.));
#3695 = CARTESIAN_POINT('',(11.778015219719,0.89,15.));
#3696 = CARTESIAN_POINT('',(12.668015219719,0.89,15.));
#3697 = VECTOR('',#3698,1.);
#3698 = DIRECTION('',(-0.,-0.,-1.));
#3699 = ADVANCED_FACE('',(#3700),#3711,.F.);
#3700 = FACE_BOUND('',#3701,.F.);
#3701 = EDGE_LOOP('',(#3702,#3703,#3704,#3710));
#3702 = ORIENTED_EDGE('',*,*,#3684,.T.);
#3703 = ORIENTED_EDGE('',*,*,#1294,.T.);
#3704 = ORIENTED_EDGE('',*,*,#3705,.F.);
#3705 = EDGE_CURVE('',#339,#1287,#3706,.T.);
#3706 = LINE('',#3707,#3708);
#3707 = CARTESIAN_POINT('',(12.928015219719,1.15,15.));
#3708 = VECTOR('',#3709,1.);
#3709 = DIRECTION('',(0.,0.,1.));
#3710 = ORIENTED_EDGE('',*,*,#346,.F.);
#3711 = SURFACE_OF_LINEAR_EXTRUSION('',#3712,#3716);
#3712 = ( BOUNDED_CURVE() B_SPLINE_CURVE(2,(#3713,#3714,#3715),
.UNSPECIFIED.,.F.,.F.) B_SPLINE_CURVE_WITH_KNOTS((3,3),(0.,
1.570796326795),.PIECEWISE_BEZIER_KNOTS.) CURVE() 
GEOMETRIC_REPRESENTATION_ITEM() RATIONAL_B_SPLINE_CURVE((1.,
0.707106781187,1.)) REPRESENTATION_ITEM('') );
#3713 = CARTESIAN_POINT('',(12.668015219719,0.89,15.));
#3714 = CARTESIAN_POINT('',(12.928015219719,0.89,15.));
#3715 = CARTESIAN_POINT('',(12.928015219719,1.15,15.));
#3716 = VECTOR('',#3717,1.);
#3717 = DIRECTION('',(-0.,-0.,-1.));
#3718 = ADVANCED_FACE('',(#3719),#3730,.F.);
#3719 = FACE_BOUND('',#3720,.F.);
#3720 = EDGE_LOOP('',(#3721,#3722,#3723,#3729));
#3721 = ORIENTED_EDGE('',*,*,#3705,.T.);
#3722 = ORIENTED_EDGE('',*,*,#1286,.T.);
#3723 = ORIENTED_EDGE('',*,*,#3724,.F.);
#3724 = EDGE_CURVE('',#331,#1279,#3725,.T.);
#3725 = LINE('',#3726,#3727);
#3726 = CARTESIAN_POINT('',(12.859781960865,1.755586921884,15.));
#3727 = VECTOR('',#3728,1.);
#3728 = DIRECTION('',(0.,0.,1.));
#3729 = ORIENTED_EDGE('',*,*,#338,.F.);
#3730 = SURFACE_OF_LINEAR_EXTRUSION('',#3731,#3735);
#3731 = ( BOUNDED_CURVE() B_SPLINE_CURVE(2,(#3732,#3733,#3734),
.UNSPECIFIED.,.F.,.F.) B_SPLINE_CURVE_WITH_KNOTS((3,3),(0.,
4.695830611611E-02),.PIECEWISE_BEZIER_KNOTS.) CURVE() 
GEOMETRIC_REPRESENTATION_ITEM() RATIONAL_B_SPLINE_CURVE((1.,
0.999724377348,1.)) REPRESENTATION_ITEM('') );
#3732 = CARTESIAN_POINT('',(12.928015219719,1.15,15.));
#3733 = CARTESIAN_POINT('',(12.901009230984,1.453594637733,15.));
#3734 = CARTESIAN_POINT('',(12.859781960865,1.755586921884,15.));
#3735 = VECTOR('',#3736,1.);
#3736 = DIRECTION('',(-0.,-0.,-1.));
#3737 = ADVANCED_FACE('',(#3738),#3749,.F.);
#3738 = FACE_BOUND('',#3739,.F.);
#3739 = EDGE_LOOP('',(#3740,#3741,#3742,#3748));
#3740 = ORIENTED_EDGE('',*,*,#3724,.T.);
#3741 = ORIENTED_EDGE('',*,*,#1278,.T.);
#3742 = ORIENTED_EDGE('',*,*,#3743,.F.);
#3743 = EDGE_CURVE('',#321,#1269,#3744,.T.);
#3744 = LINE('',#3745,#3746);
#3745 = CARTESIAN_POINT('',(12.54844526087,1.951212736223,15.));
#3746 = VECTOR('',#3747,1.);
#3747 = DIRECTION('',(0.,0.,1.));
#3748 = ORIENTED_EDGE('',*,*,#330,.F.);
#3749 = SURFACE_OF_LINEAR_EXTRUSION('',#3750,#3754);
#3750 = ( BOUNDED_CURVE() B_SPLINE_CURVE(2,(#3751,#3752,#3753),
.UNSPECIFIED.,.F.,.F.) B_SPLINE_CURVE_WITH_KNOTS((3,3),(0.,
1.570796326795),.PIECEWISE_BEZIER_KNOTS.) CURVE() 
GEOMETRIC_REPRESENTATION_ITEM() RATIONAL_B_SPLINE_CURVE((1.,
0.707106781187,1.)) REPRESENTATION_ITEM('') );
#3751 = CARTESIAN_POINT('',(12.859781960865,1.755586921884,15.));
#3752 = CARTESIAN_POINT('',(12.801926518037,2.009068179052,15.));
#3753 = CARTESIAN_POINT('',(12.54844526087,1.951212736223,15.));
#3754 = VECTOR('',#3755,1.);
#3755 = DIRECTION('',(-0.,-0.,-1.));
#3756 = ADVANCED_FACE('',(#3757),#3768,.F.);
#3757 = FACE_BOUND('',#3758,.F.);
#3758 = EDGE_LOOP('',(#3759,#3760,#3761,#3767));
#3759 = ORIENTED_EDGE('',*,*,#3743,.T.);
#3760 = ORIENTED_EDGE('',*,*,#1268,.T.);
#3761 = ORIENTED_EDGE('',*,*,#3762,.F.);
#3762 = EDGE_CURVE('',#313,#1261,#3763,.T.);
#3763 = LINE('',#3764,#3765);
#3764 = CARTESIAN_POINT('',(12.152357998427,3.686584419907,15.));
#3765 = VECTOR('',#3766,1.);
#3766 = DIRECTION('',(0.,0.,1.));
#3767 = ORIENTED_EDGE('',*,*,#320,.F.);
#3768 = SURFACE_OF_LINEAR_EXTRUSION('',#3769,#3775);
#3769 = ( BOUNDED_CURVE() B_SPLINE_CURVE(2,(#3770,#3771,#3772,#3773,
#3774),.UNSPECIFIED.,.F.,.F.) B_SPLINE_CURVE_WITH_KNOTS((3,2,3),(0.,
1.570796326795,3.14159265359),.PIECEWISE_BEZIER_KNOTS.) CURVE() 
GEOMETRIC_REPRESENTATION_ITEM() RATIONAL_B_SPLINE_CURVE((1.,
0.707106781187,1.,0.707106781187,1.)) REPRESENTATION_ITEM('') );
#3770 = CARTESIAN_POINT('',(12.54844526087,1.951212736223,15.));
#3771 = CARTESIAN_POINT('',(11.680759419028,1.753169105002,15.));
#3772 = CARTESIAN_POINT('',(11.482715787807,2.620854946844,15.));
#3773 = CARTESIAN_POINT('',(11.284672156585,3.488540788685,15.));
#3774 = CARTESIAN_POINT('',(12.152357998427,3.686584419907,15.));
#3775 = VECTOR('',#3776,1.);
#3776 = DIRECTION('',(-0.,-0.,-1.));
#3777 = ADVANCED_FACE('',(#3778),#3789,.F.);
#3778 = FACE_BOUND('',#3779,.F.);
#3779 = EDGE_LOOP('',(#3780,#3781,#3782,#3788));
#3780 = ORIENTED_EDGE('',*,*,#3762,.T.);
#3781 = ORIENTED_EDGE('',*,*,#1260,.T.);
#3782 = ORIENTED_EDGE('',*,*,#3783,.F.);
#3783 = EDGE_CURVE('',#305,#1253,#3784,.T.);
#3784 = LINE('',#3785,#3786);
#3785 = CARTESIAN_POINT('',(12.347983812766,3.997921119902,15.));
#3786 = VECTOR('',#3787,1.);
#3787 = DIRECTION('',(0.,0.,1.));
#3788 = ORIENTED_EDGE('',*,*,#312,.F.);
#3789 = SURFACE_OF_LINEAR_EXTRUSION('',#3790,#3794);
#3790 = ( BOUNDED_CURVE() B_SPLINE_CURVE(2,(#3791,#3792,#3793),
.UNSPECIFIED.,.F.,.F.) B_SPLINE_CURVE_WITH_KNOTS((3,3),(0.,
1.570796326795),.PIECEWISE_BEZIER_KNOTS.) CURVE() 
GEOMETRIC_REPRESENTATION_ITEM() RATIONAL_B_SPLINE_CURVE((1.,
0.707106781187,1.)) REPRESENTATION_ITEM('') );
#3791 = CARTESIAN_POINT('',(12.152357998427,3.686584419907,15.));
#3792 = CARTESIAN_POINT('',(12.405839255595,3.744439862735,15.));
#3793 = CARTESIAN_POINT('',(12.347983812766,3.997921119902,15.));
#3794 = VECTOR('',#3795,1.);
#3795 = DIRECTION('',(-0.,-0.,-1.));
#3796 = ADVANCED_FACE('',(#3797),#3808,.F.);
#3797 = FACE_BOUND('',#3798,.F.);
#3798 = EDGE_LOOP('',(#3799,#3800,#3801,#3807));
#3799 = ORIENTED_EDGE('',*,*,#3783,.T.);
#3800 = ORIENTED_EDGE('',*,*,#1252,.T.);
#3801 = ORIENTED_EDGE('',*,*,#3802,.F.);
#3802 = EDGE_CURVE('',#297,#1245,#3803,.T.);
#3803 = LINE('',#3804,#3805);
#3804 = CARTESIAN_POINT('',(12.146705536721,4.573141384813,15.));
#3805 = VECTOR('',#3806,1.);
#3806 = DIRECTION('',(0.,0.,1.));
#3807 = ORIENTED_EDGE('',*,*,#304,.F.);
#3808 = SURFACE_OF_LINEAR_EXTRUSION('',#3809,#3813);
#3809 = ( BOUNDED_CURVE() B_SPLINE_CURVE(2,(#3810,#3811,#3812),
.UNSPECIFIED.,.F.,.F.) B_SPLINE_CURVE_WITH_KNOTS((3,3),(0.,
4.695830611611E-02),.PIECEWISE_BEZIER_KNOTS.) CURVE() 
GEOMETRIC_REPRESENTATION_ITEM() RATIONAL_B_SPLINE_CURVE((1.,
0.999724377348,1.)) REPRESENTATION_ITEM('') );
#3810 = CARTESIAN_POINT('',(12.347983812766,3.997921119902,15.));
#3811 = CARTESIAN_POINT('',(12.254098758219,4.287894608382,15.));
#3812 = CARTESIAN_POINT('',(12.146705536721,4.573141384813,15.));
#3813 = VECTOR('',#3814,1.);
#3814 = DIRECTION('',(-0.,-0.,-1.));
#3815 = ADVANCED_FACE('',(#3816),#3827,.F.);
#3816 = FACE_BOUND('',#3817,.F.);
#3817 = EDGE_LOOP('',(#3818,#3819,#3820,#3826));
#3818 = ORIENTED_EDGE('',*,*,#3802,.T.);
#3819 = ORIENTED_EDGE('',*,*,#1244,.T.);
#3820 = ORIENTED_EDGE('',*,*,#3821,.F.);
#3821 = EDGE_CURVE('',#287,#1235,#3822,.T.);
#3822 = LINE('',#3823,#3824);
#3823 = CARTESIAN_POINT('',(11.799643858896,4.694583518297,15.));
#3824 = VECTOR('',#3825,1.);
#3825 = DIRECTION('',(0.,0.,1.));
#3826 = ORIENTED_EDGE('',*,*,#296,.F.);
#3827 = SURFACE_OF_LINEAR_EXTRUSION('',#3828,#3832);
#3828 = ( BOUNDED_CURVE() B_SPLINE_CURVE(2,(#3829,#3830,#3831),
.UNSPECIFIED.,.F.,.F.) B_SPLINE_CURVE_WITH_KNOTS((3,3),(0.,
1.570796326795),.PIECEWISE_BEZIER_KNOTS.) CURVE() 
GEOMETRIC_REPRESENTATION_ITEM() RATIONAL_B_SPLINE_CURVE((1.,
0.707106781187,1.)) REPRESENTATION_ITEM('') );
#3829 = CARTESIAN_POINT('',(12.146705536721,4.573141384813,15.));
#3830 = CARTESIAN_POINT('',(12.03389576455,4.807393290467,15.));
#3831 = CARTESIAN_POINT('',(11.799643858896,4.694583518297,15.));
#3832 = VECTOR('',#3833,1.);
#3833 = DIRECTION('',(-0.,-0.,-1.));
#3834 = ADVANCED_FACE('',(#3835),#3846,.F.);
#3835 = FACE_BOUND('',#3836,.F.);
#3836 = EDGE_LOOP('',(#3837,#3838,#3839,#3845));
#3837 = ORIENTED_EDGE('',*,*,#3821,.T.);
#3838 = ORIENTED_EDGE('',*,*,#1234,.T.);
#3839 = ORIENTED_EDGE('',*,*,#3840,.F.);
#3840 = EDGE_CURVE('',#279,#1227,#3841,.T.);
#3841 = LINE('',#3842,#3843);
#3842 = CARTESIAN_POINT('',(11.027330803266,6.298308103163,15.));
#3843 = VECTOR('',#3844,1.);
#3844 = DIRECTION('',(0.,0.,1.));
#3845 = ORIENTED_EDGE('',*,*,#286,.F.);
#3846 = SURFACE_OF_LINEAR_EXTRUSION('',#3847,#3853);
#3847 = ( BOUNDED_CURVE() B_SPLINE_CURVE(2,(#3848,#3849,#3850,#3851,
#3852),.UNSPECIFIED.,.F.,.F.) B_SPLINE_CURVE_WITH_KNOTS((3,2,3),(0.,
1.570796326795,3.14159265359),.PIECEWISE_BEZIER_KNOTS.) CURVE() 
GEOMETRIC_REPRESENTATION_ITEM() RATIONAL_B_SPLINE_CURVE((1.,
0.707106781187,1.,0.707106781187,1.)) REPRESENTATION_ITEM('') );
#3848 = CARTESIAN_POINT('',(11.799643858896,4.694583518297,15.));
#3849 = CARTESIAN_POINT('',(10.997781566463,4.308426990482,15.));
#3850 = CARTESIAN_POINT('',(10.611625038648,5.110289282915,15.));
#3851 = CARTESIAN_POINT('',(10.225468510833,5.912151575348,15.));
#3852 = CARTESIAN_POINT('',(11.027330803266,6.298308103163,15.));
#3853 = VECTOR('',#3854,1.);
#3854 = DIRECTION('',(-0.,-0.,-1.));
#3855 = ADVANCED_FACE('',(#3856),#3867,.F.);
#3856 = FACE_BOUND('',#3857,.F.);
#3857 = EDGE_LOOP('',(#3858,#3859,#3860,#3866));
#3858 = ORIENTED_EDGE('',*,*,#3840,.T.);
#3859 = ORIENTED_EDGE('',*,*,#1226,.T.);
#3860 = ORIENTED_EDGE('',*,*,#3861,.F.);
#3861 = EDGE_CURVE('',#271,#1219,#3862,.T.);
#3862 = LINE('',#3863,#3864);
#3863 = CARTESIAN_POINT('',(11.14877293675,6.645369780988,15.));
#3864 = VECTOR('',#3865,1.);
#3865 = DIRECTION('',(0.,0.,1.));
#3866 = ORIENTED_EDGE('',*,*,#278,.F.);
#3867 = SURFACE_OF_LINEAR_EXTRUSION('',#3868,#3872);
#3868 = ( BOUNDED_CURVE() B_SPLINE_CURVE(2,(#3869,#3870,#3871),
.UNSPECIFIED.,.F.,.F.) B_SPLINE_CURVE_WITH_KNOTS((3,3),(0.,
1.570796326795),.PIECEWISE_BEZIER_KNOTS.) CURVE() 
GEOMETRIC_REPRESENTATION_ITEM() RATIONAL_B_SPLINE_CURVE((1.,
0.707106781187,1.)) REPRESENTATION_ITEM('') );
#3869 = CARTESIAN_POINT('',(11.027330803266,6.298308103163,15.));
#3870 = CARTESIAN_POINT('',(11.261582708921,6.411117875334,15.));
#3871 = CARTESIAN_POINT('',(11.14877293675,6.645369780988,15.));
#3872 = VECTOR('',#3873,1.);
#3873 = DIRECTION('',(-0.,-0.,-1.));
#3874 = ADVANCED_FACE('',(#3875),#3886,.F.);
#3875 = FACE_BOUND('',#3876,.F.);
#3876 = EDGE_LOOP('',(#3877,#3878,#3879,#3885));
#3877 = ORIENTED_EDGE('',*,*,#3861,.T.);
#3878 = ORIENTED_EDGE('',*,*,#1218,.T.);
#3879 = ORIENTED_EDGE('',*,*,#3880,.F.);
#3880 = EDGE_CURVE('',#263,#1211,#3881,.T.);
#3881 = LINE('',#3882,#3883);
#3882 = CARTESIAN_POINT('',(10.82454257674,7.161379442931,15.));
#3883 = VECTOR('',#3884,1.);
#3884 = DIRECTION('',(0.,0.,1.));
#3885 = ORIENTED_EDGE('',*,*,#270,.F.);
#3886 = SURFACE_OF_LINEAR_EXTRUSION('',#3887,#3891);
#3887 = ( BOUNDED_CURVE() B_SPLINE_CURVE(2,(#3888,#3889,#3890),
.UNSPECIFIED.,.F.,.F.) B_SPLINE_CURVE_WITH_KNOTS((3,3),(0.,
4.695830611611E-02),.PIECEWISE_BEZIER_KNOTS.) CURVE() 
GEOMETRIC_REPRESENTATION_ITEM() RATIONAL_B_SPLINE_CURVE((1.,
0.999724377348,1.)) REPRESENTATION_ITEM('') );
#3888 = CARTESIAN_POINT('',(11.14877293675,6.645369780988,15.));
#3889 = CARTESIAN_POINT('',(10.992716605057,6.907181638677,15.));
#3890 = CARTESIAN_POINT('',(10.82454257674,7.161379442931,15.));
#3891 = VECTOR('',#3892,1.);
#3892 = DIRECTION('',(-0.,-0.,-1.));
#3893 = ADVANCED_FACE('',(#3894),#3905,.F.);
#3894 = FACE_BOUND('',#3895,.F.);
#3895 = EDGE_LOOP('',(#3896,#3897,#3898,#3904));
#3896 = ORIENTED_EDGE('',*,*,#3880,.T.);
#3897 = ORIENTED_EDGE('',*,*,#1210,.T.);
#3898 = ORIENTED_EDGE('',*,*,#3899,.F.);
#3899 = EDGE_CURVE('',#253,#1201,#3900,.T.);
#3900 = LINE('',#3901,#3902);
#3901 = CARTESIAN_POINT('',(10.459159042815,7.20254827989,15.));
#3902 = VECTOR('',#3903,1.);
#3903 = DIRECTION('',(0.,0.,1.));
#3904 = ORIENTED_EDGE('',*,*,#262,.F.);
#3905 = SURFACE_OF_LINEAR_EXTRUSION('',#3906,#3910);
#3906 = ( BOUNDED_CURVE() B_SPLINE_CURVE(2,(#3907,#3908,#3909),
.UNSPECIFIED.,.F.,.F.) B_SPLINE_CURVE_WITH_KNOTS((3,3),(0.,
1.570796326795),.PIECEWISE_BEZIER_KNOTS.) CURVE() 
GEOMETRIC_REPRESENTATION_ITEM() RATIONAL_B_SPLINE_CURVE((1.,
0.707106781187,1.)) REPRESENTATION_ITEM('') );
#3907 = CARTESIAN_POINT('',(10.82454257674,7.161379442931,15.));
#3908 = CARTESIAN_POINT('',(10.662435228257,7.364655628373,15.));
#3909 = CARTESIAN_POINT('',(10.459159042815,7.20254827989,15.));
#3910 = VECTOR('',#3911,1.);
#3911 = DIRECTION('',(-0.,-0.,-1.));
#3912 = ADVANCED_FACE('',(#3913),#3924,.F.);
#3913 = FACE_BOUND('',#3914,.F.);
#3914 = EDGE_LOOP('',(#3915,#3916,#3917,#3923));
#3915 = ORIENTED_EDGE('',*,*,#3899,.T.);
#3916 = ORIENTED_EDGE('',*,*,#1200,.T.);
#3917 = ORIENTED_EDGE('',*,*,#3918,.F.);
#3918 = EDGE_CURVE('',#245,#1193,#3919,.T.);
#3919 = LINE('',#3920,#3921);
#3920 = CARTESIAN_POINT('',(9.349347195506,8.594208318683,15.));
#3921 = VECTOR('',#3922,1.);
#3922 = DIRECTION('',(0.,0.,1.));
#3923 = ORIENTED_EDGE('',*,*,#252,.F.);
#3924 = SURFACE_OF_LINEAR_EXTRUSION('',#3925,#3931);
#3925 = ( BOUNDED_CURVE() B_SPLINE_CURVE(2,(#3926,#3927,#3928,#3929,
#3930),.UNSPECIFIED.,.F.,.F.) B_SPLINE_CURVE_WITH_KNOTS((3,2,3),(0.,
1.570796326795,3.14159265359),.PIECEWISE_BEZIER_KNOTS.) CURVE() 
GEOMETRIC_REPRESENTATION_ITEM() RATIONAL_B_SPLINE_CURVE((1.,
0.707106781187,1.,0.707106781187,1.)) REPRESENTATION_ITEM('') );
#3926 = CARTESIAN_POINT('',(10.459159042815,7.20254827989,15.));
#3927 = CARTESIAN_POINT('',(9.763329023418,6.647642356235,15.));
#3928 = CARTESIAN_POINT('',(9.208423099764,7.343472375632,15.));
#3929 = CARTESIAN_POINT('',(8.65351717611,8.039302395028,15.));
#3930 = CARTESIAN_POINT('',(9.349347195506,8.594208318683,15.));
#3931 = VECTOR('',#3932,1.);
#3932 = DIRECTION('',(-0.,-0.,-1.));
#3933 = ADVANCED_FACE('',(#3934),#3945,.F.);
#3934 = FACE_BOUND('',#3935,.F.);
#3935 = EDGE_LOOP('',(#3936,#3937,#3938,#3944));
#3936 = ORIENTED_EDGE('',*,*,#3918,.T.);
#3937 = ORIENTED_EDGE('',*,*,#1192,.T.);
#3938 = ORIENTED_EDGE('',*,*,#3939,.F.);
#3939 = EDGE_CURVE('',#237,#1185,#3940,.T.);
#3940 = LINE('',#3941,#3942);
#3941 = CARTESIAN_POINT('',(9.390516032465,8.959591852608,15.));
#3942 = VECTOR('',#3943,1.);
#3943 = DIRECTION('',(0.,0.,1.));
#3944 = ORIENTED_EDGE('',*,*,#244,.F.);
#3945 = SURFACE_OF_LINEAR_EXTRUSION('',#3946,#3950);
#3946 = ( BOUNDED_CURVE() B_SPLINE_CURVE(2,(#3947,#3948,#3949),
.UNSPECIFIED.,.F.,.F.) B_SPLINE_CURVE_WITH_KNOTS((3,3),(0.,
1.570796326795),.PIECEWISE_BEZIER_KNOTS.) CURVE() 
GEOMETRIC_REPRESENTATION_ITEM() RATIONAL_B_SPLINE_CURVE((1.,
0.707106781187,1.)) REPRESENTATION_ITEM('') );
#3947 = CARTESIAN_POINT('',(9.349347195506,8.594208318683,15.));
#3948 = CARTESIAN_POINT('',(9.552623380948,8.756315667166,15.));
#3949 = CARTESIAN_POINT('',(9.390516032465,8.959591852608,15.));
#3950 = VECTOR('',#3951,1.);
#3951 = DIRECTION('',(-0.,-0.,-1.));
#3952 = ADVANCED_FACE('',(#3953),#3964,.F.);
#3953 = FACE_BOUND('',#3954,.F.);
#3954 = EDGE_LOOP('',(#3955,#3956,#3957,#3963));
#3955 = ORIENTED_EDGE('',*,*,#3939,.T.);
#3956 = ORIENTED_EDGE('',*,*,#1184,.T.);
#3957 = ORIENTED_EDGE('',*,*,#3958,.F.);
#3958 = EDGE_CURVE('',#229,#1177,#3959,.T.);
#3959 = LINE('',#3960,#3961);
#3960 = CARTESIAN_POINT('',(8.959591852608,9.390516032465,15.));
#3961 = VECTOR('',#3962,1.);
#3962 = DIRECTION('',(0.,0.,1.));
#3963 = ORIENTED_EDGE('',*,*,#236,.F.);
#3964 = SURFACE_OF_LINEAR_EXTRUSION('',#3965,#3969);
#3965 = ( BOUNDED_CURVE() B_SPLINE_CURVE(2,(#3966,#3967,#3968),
.UNSPECIFIED.,.F.,.F.) B_SPLINE_CURVE_WITH_KNOTS((3,3),(0.,
4.695830611611E-02),.PIECEWISE_BEZIER_KNOTS.) CURVE() 
GEOMETRIC_REPRESENTATION_ITEM() RATIONAL_B_SPLINE_CURVE((1.,
0.999724377348,1.)) REPRESENTATION_ITEM('') );
#3966 = CARTESIAN_POINT('',(9.390516032465,8.959591852608,15.));
#3967 = CARTESIAN_POINT('',(9.180113739731,9.180113739731,15.));
#3968 = CARTESIAN_POINT('',(8.959591852608,9.390516032465,15.));
#3969 = VECTOR('',#3970,1.);
#3970 = DIRECTION('',(-0.,-0.,-1.));
#3971 = ADVANCED_FACE('',(#3972),#3983,.F.);
#3972 = FACE_BOUND('',#3973,.F.);
#3973 = EDGE_LOOP('',(#3974,#3975,#3976,#3982));
#3974 = ORIENTED_EDGE('',*,*,#3958,.T.);
#3975 = ORIENTED_EDGE('',*,*,#1176,.T.);
#3976 = ORIENTED_EDGE('',*,*,#3977,.F.);
#3977 = EDGE_CURVE('',#219,#1167,#3978,.T.);
#3978 = LINE('',#3979,#3980);
#3979 = CARTESIAN_POINT('',(8.594208318683,9.349347195506,15.));
#3980 = VECTOR('',#3981,1.);
#3981 = DIRECTION('',(0.,0.,1.));
#3982 = ORIENTED_EDGE('',*,*,#228,.F.);
#3983 = SURFACE_OF_LINEAR_EXTRUSION('',#3984,#3988);
#3984 = ( BOUNDED_CURVE() B_SPLINE_CURVE(2,(#3985,#3986,#3987),
.UNSPECIFIED.,.F.,.F.) B_SPLINE_CURVE_WITH_KNOTS((3,3),(0.,
1.570796326795),.PIECEWISE_BEZIER_KNOTS.) CURVE() 
GEOMETRIC_REPRESENTATION_ITEM() RATIONAL_B_SPLINE_CURVE((1.,
0.707106781187,1.)) REPRESENTATION_ITEM('') );
#3985 = CARTESIAN_POINT('',(8.959591852608,9.390516032465,15.));
#3986 = CARTESIAN_POINT('',(8.756315667166,9.552623380948,15.));
#3987 = CARTESIAN_POINT('',(8.594208318683,9.349347195506,15.));
#3988 = VECTOR('',#3989,1.);
#3989 = DIRECTION('',(-0.,-0.,-1.));
#3990 = ADVANCED_FACE('',(#3991),#4002,.F.);
#3991 = FACE_BOUND('',#3992,.F.);
#3992 = EDGE_LOOP('',(#3993,#3994,#3995,#4001));
#3993 = ORIENTED_EDGE('',*,*,#3977,.T.);
#3994 = ORIENTED_EDGE('',*,*,#1166,.T.);
#3995 = ORIENTED_EDGE('',*,*,#3996,.F.);
#3996 = EDGE_CURVE('',#211,#1159,#3997,.T.);
#3997 = LINE('',#3998,#3999);
#3998 = CARTESIAN_POINT('',(7.20254827989,10.459159042815,15.));
#3999 = VECTOR('',#4000,1.);
#4000 = DIRECTION('',(0.,0.,1.));
#4001 = ORIENTED_EDGE('',*,*,#218,.F.);
#4002 = SURFACE_OF_LINEAR_EXTRUSION('',#4003,#4009);
#4003 = ( BOUNDED_CURVE() B_SPLINE_CURVE(2,(#4004,#4005,#4006,#4007,
#4008),.UNSPECIFIED.,.F.,.F.) B_SPLINE_CURVE_WITH_KNOTS((3,2,3),(0.,
1.570796326795,3.14159265359),.PIECEWISE_BEZIER_KNOTS.) CURVE() 
GEOMETRIC_REPRESENTATION_ITEM() RATIONAL_B_SPLINE_CURVE((1.,
0.707106781187,1.,0.707106781187,1.)) REPRESENTATION_ITEM('') );
#4004 = CARTESIAN_POINT('',(8.594208318683,9.349347195506,15.));
#4005 = CARTESIAN_POINT('',(8.039302395028,8.65351717611,15.));
#4006 = CARTESIAN_POINT('',(7.343472375632,9.208423099764,15.));
#4007 = CARTESIAN_POINT('',(6.647642356235,9.763329023418,15.));
#4008 = CARTESIAN_POINT('',(7.20254827989,10.459159042815,15.));
#4009 = VECTOR('',#4010,1.);
#4010 = DIRECTION('',(-0.,-0.,-1.));
#4011 = ADVANCED_FACE('',(#4012),#4023,.F.);
#4012 = FACE_BOUND('',#4013,.F.);
#4013 = EDGE_LOOP('',(#4014,#4015,#4016,#4022));
#4014 = ORIENTED_EDGE('',*,*,#3996,.T.);
#4015 = ORIENTED_EDGE('',*,*,#1158,.T.);
#4016 = ORIENTED_EDGE('',*,*,#4017,.F.);
#4017 = EDGE_CURVE('',#203,#1151,#4018,.T.);
#4018 = LINE('',#4019,#4020);
#4019 = CARTESIAN_POINT('',(7.161379442931,10.82454257674,15.));
#4020 = VECTOR('',#4021,1.);
#4021 = DIRECTION('',(0.,0.,1.));
#4022 = ORIENTED_EDGE('',*,*,#210,.F.);
#4023 = SURFACE_OF_LINEAR_EXTRUSION('',#4024,#4028);
#4024 = ( BOUNDED_CURVE() B_SPLINE_CURVE(2,(#4025,#4026,#4027),
.UNSPECIFIED.,.F.,.F.) B_SPLINE_CURVE_WITH_KNOTS((3,3),(0.,
1.570796326795),.PIECEWISE_BEZIER_KNOTS.) CURVE() 
GEOMETRIC_REPRESENTATION_ITEM() RATIONAL_B_SPLINE_CURVE((1.,
0.707106781187,1.)) REPRESENTATION_ITEM('') );
#4025 = CARTESIAN_POINT('',(7.20254827989,10.459159042815,15.));
#4026 = CARTESIAN_POINT('',(7.364655628373,10.662435228257,15.));
#4027 = CARTESIAN_POINT('',(7.161379442931,10.82454257674,15.));
#4028 = VECTOR('',#4029,1.);
#4029 = DIRECTION('',(-0.,-0.,-1.));
#4030 = ADVANCED_FACE('',(#4031),#4042,.F.);
#4031 = FACE_BOUND('',#4032,.F.);
#4032 = EDGE_LOOP('',(#4033,#4034,#4035,#4041));
#4033 = ORIENTED_EDGE('',*,*,#4017,.T.);
#4034 = ORIENTED_EDGE('',*,*,#1150,.T.);
#4035 = ORIENTED_EDGE('',*,*,#4036,.F.);
#4036 = EDGE_CURVE('',#195,#1143,#4037,.T.);
#4037 = LINE('',#4038,#4039);
#4038 = CARTESIAN_POINT('',(6.645369780988,11.14877293675,15.));
#4039 = VECTOR('',#4040,1.);
#4040 = DIRECTION('',(0.,0.,1.));
#4041 = ORIENTED_EDGE('',*,*,#202,.F.);
#4042 = SURFACE_OF_LINEAR_EXTRUSION('',#4043,#4047);
#4043 = ( BOUNDED_CURVE() B_SPLINE_CURVE(2,(#4044,#4045,#4046),
.UNSPECIFIED.,.F.,.F.) B_SPLINE_CURVE_WITH_KNOTS((3,3),(0.,
4.695830611611E-02),.PIECEWISE_BEZIER_KNOTS.) CURVE() 
GEOMETRIC_REPRESENTATION_ITEM() RATIONAL_B_SPLINE_CURVE((1.,
0.999724377348,1.)) REPRESENTATION_ITEM('') );
#4044 = CARTESIAN_POINT('',(7.161379442931,10.82454257674,15.));
#4045 = CARTESIAN_POINT('',(6.907181638677,10.992716605057,15.));
#4046 = CARTESIAN_POINT('',(6.645369780988,11.14877293675,15.));
#4047 = VECTOR('',#4048,1.);
#4048 = DIRECTION('',(-0.,-0.,-1.));
#4049 = ADVANCED_FACE('',(#4050),#4061,.F.);
#4050 = FACE_BOUND('',#4051,.F.);
#4051 = EDGE_LOOP('',(#4052,#4053,#4054,#4060));
#4052 = ORIENTED_EDGE('',*,*,#4036,.T.);
#4053 = ORIENTED_EDGE('',*,*,#1142,.T.);
#4054 = ORIENTED_EDGE('',*,*,#4055,.F.);
#4055 = EDGE_CURVE('',#185,#1133,#4056,.T.);
#4056 = LINE('',#4057,#4058);
#4057 = CARTESIAN_POINT('',(6.298308103163,11.027330803266,15.));
#4058 = VECTOR('',#4059,1.);
#4059 = DIRECTION('',(0.,0.,1.));
#4060 = ORIENTED_EDGE('',*,*,#194,.F.);
#4061 = SURFACE_OF_LINEAR_EXTRUSION('',#4062,#4066);
#4062 = ( BOUNDED_CURVE() B_SPLINE_CURVE(2,(#4063,#4064,#4065),
.UNSPECIFIED.,.F.,.F.) B_SPLINE_CURVE_WITH_KNOTS((3,3),(0.,
1.570796326795),.PIECEWISE_BEZIER_KNOTS.) CURVE() 
GEOMETRIC_REPRESENTATION_ITEM() RATIONAL_B_SPLINE_CURVE((1.,
0.707106781187,1.)) REPRESENTATION_ITEM('') );
#4063 = CARTESIAN_POINT('',(6.645369780988,11.14877293675,15.));
#4064 = CARTESIAN_POINT('',(6.411117875334,11.261582708921,15.));
#4065 = CARTESIAN_POINT('',(6.298308103163,11.027330803266,15.));
#4066 = VECTOR('',#4067,1.);
#4067 = DIRECTION('',(-0.,-0.,-1.));
#4068 = ADVANCED_FACE('',(#4069),#4080,.F.);
#4069 = FACE_BOUND('',#4070,.F.);
#4070 = EDGE_LOOP('',(#4071,#4072,#4073,#4079));
#4071 = ORIENTED_EDGE('',*,*,#4055,.T.);
#4072 = ORIENTED_EDGE('',*,*,#1132,.T.);
#4073 = ORIENTED_EDGE('',*,*,#4074,.F.);
#4074 = EDGE_CURVE('',#177,#1125,#4075,.T.);
#4075 = LINE('',#4076,#4077);
#4076 = CARTESIAN_POINT('',(4.694583518297,11.799643858896,15.));
#4077 = VECTOR('',#4078,1.);
#4078 = DIRECTION('',(0.,0.,1.));
#4079 = ORIENTED_EDGE('',*,*,#184,.F.);
#4080 = SURFACE_OF_LINEAR_EXTRUSION('',#4081,#4087);
#4081 = ( BOUNDED_CURVE() B_SPLINE_CURVE(2,(#4082,#4083,#4084,#4085,
#4086),.UNSPECIFIED.,.F.,.F.) B_SPLINE_CURVE_WITH_KNOTS((3,2,3),(0.,
1.570796326795,3.14159265359),.PIECEWISE_BEZIER_KNOTS.) CURVE() 
GEOMETRIC_REPRESENTATION_ITEM() RATIONAL_B_SPLINE_CURVE((1.,
0.707106781187,1.,0.707106781187,1.)) REPRESENTATION_ITEM('') );
#4082 = CARTESIAN_POINT('',(6.298308103163,11.027330803266,15.));
#4083 = CARTESIAN_POINT('',(5.912151575348,10.225468510833,15.));
#4084 = CARTESIAN_POINT('',(5.110289282915,10.611625038648,15.));
#4085 = CARTESIAN_POINT('',(4.308426990482,10.997781566463,15.));
#4086 = CARTESIAN_POINT('',(4.694583518297,11.799643858896,15.));
#4087 = VECTOR('',#4088,1.);
#4088 = DIRECTION('',(-0.,-0.,-1.));
#4089 = ADVANCED_FACE('',(#4090),#4101,.F.);
#4090 = FACE_BOUND('',#4091,.F.);
#4091 = EDGE_LOOP('',(#4092,#4093,#4094,#4100));
#4092 = ORIENTED_EDGE('',*,*,#4074,.T.);
#4093 = ORIENTED_EDGE('',*,*,#1124,.T.);
#4094 = ORIENTED_EDGE('',*,*,#4095,.F.);
#4095 = EDGE_CURVE('',#169,#1117,#4096,.T.);
#4096 = LINE('',#4097,#4098);
#4097 = CARTESIAN_POINT('',(4.573141384813,12.146705536721,15.));
#4098 = VECTOR('',#4099,1.);
#4099 = DIRECTION('',(0.,0.,1.));
#4100 = ORIENTED_EDGE('',*,*,#176,.F.);
#4101 = SURFACE_OF_LINEAR_EXTRUSION('',#4102,#4106);
#4102 = ( BOUNDED_CURVE() B_SPLINE_CURVE(2,(#4103,#4104,#4105),
.UNSPECIFIED.,.F.,.F.) B_SPLINE_CURVE_WITH_KNOTS((3,3),(0.,
1.570796326795),.PIECEWISE_BEZIER_KNOTS.) CURVE() 
GEOMETRIC_REPRESENTATION_ITEM() RATIONAL_B_SPLINE_CURVE((1.,
0.707106781187,1.)) REPRESENTATION_ITEM('') );
#4103 = CARTESIAN_POINT('',(4.694583518297,11.799643858896,15.));
#4104 = CARTESIAN_POINT('',(4.807393290467,12.03389576455,15.));
#4105 = CARTESIAN_POINT('',(4.573141384813,12.146705536721,15.));
#4106 = VECTOR('',#4107,1.);
#4107 = DIRECTION('',(-0.,-0.,-1.));
#4108 = ADVANCED_FACE('',(#4109),#4120,.F.);
#4109 = FACE_BOUND('',#4110,.F.);
#4110 = EDGE_LOOP('',(#4111,#4112,#4113,#4119));
#4111 = ORIENTED_EDGE('',*,*,#4095,.T.);
#4112 = ORIENTED_EDGE('',*,*,#1116,.T.);
#4113 = ORIENTED_EDGE('',*,*,#4114,.F.);
#4114 = EDGE_CURVE('',#161,#1109,#4115,.T.);
#4115 = LINE('',#4116,#4117);
#4116 = CARTESIAN_POINT('',(3.997921119902,12.347983812766,15.));
#4117 = VECTOR('',#4118,1.);
#4118 = DIRECTION('',(0.,0.,1.));
#4119 = ORIENTED_EDGE('',*,*,#168,.F.);
#4120 = SURFACE_OF_LINEAR_EXTRUSION('',#4121,#4125);
#4121 = ( BOUNDED_CURVE() B_SPLINE_CURVE(2,(#4122,#4123,#4124),
.UNSPECIFIED.,.F.,.F.) B_SPLINE_CURVE_WITH_KNOTS((3,3),(0.,
4.695830611611E-02),.PIECEWISE_BEZIER_KNOTS.) CURVE() 
GEOMETRIC_REPRESENTATION_ITEM() RATIONAL_B_SPLINE_CURVE((1.,
0.999724377348,1.)) REPRESENTATION_ITEM('') );
#4122 = CARTESIAN_POINT('',(4.573141384813,12.146705536721,15.));
#4123 = CARTESIAN_POINT('',(4.287894608382,12.254098758219,15.));
#4124 = CARTESIAN_POINT('',(3.997921119902,12.347983812766,15.));
#4125 = VECTOR('',#4126,1.);
#4126 = DIRECTION('',(-0.,-0.,-1.));
#4127 = ADVANCED_FACE('',(#4128),#4139,.F.);
#4128 = FACE_BOUND('',#4129,.F.);
#4129 = EDGE_LOOP('',(#4130,#4131,#4132,#4138));
#4130 = ORIENTED_EDGE('',*,*,#4114,.T.);
#4131 = ORIENTED_EDGE('',*,*,#1108,.T.);
#4132 = ORIENTED_EDGE('',*,*,#4133,.F.);
#4133 = EDGE_CURVE('',#151,#1099,#4134,.T.);
#4134 = LINE('',#4135,#4136);
#4135 = CARTESIAN_POINT('',(3.686584419907,12.152357998427,15.));
#4136 = VECTOR('',#4137,1.);
#4137 = DIRECTION('',(0.,0.,1.));
#4138 = ORIENTED_EDGE('',*,*,#160,.F.);
#4139 = SURFACE_OF_LINEAR_EXTRUSION('',#4140,#4144);
#4140 = ( BOUNDED_CURVE() B_SPLINE_CURVE(2,(#4141,#4142,#4143),
.UNSPECIFIED.,.F.,.F.) B_SPLINE_CURVE_WITH_KNOTS((3,3),(0.,
1.570796326795),.PIECEWISE_BEZIER_KNOTS.) CURVE() 
GEOMETRIC_REPRESENTATION_ITEM() RATIONAL_B_SPLINE_CURVE((1.,
0.707106781187,1.)) REPRESENTATION_ITEM('') );
#4141 = CARTESIAN_POINT('',(3.997921119902,12.347983812766,15.));
#4142 = CARTESIAN_POINT('',(3.744439862735,12.405839255595,15.));
#4143 = CARTESIAN_POINT('',(3.686584419907,12.152357998427,15.));
#4144 = VECTOR('',#4145,1.);
#4145 = DIRECTION('',(-0.,-0.,-1.));
#4146 = ADVANCED_FACE('',(#4147),#4153,.F.);
#4147 = FACE_BOUND('',#4148,.F.);
#4148 = EDGE_LOOP('',(#4149,#4150,#4151,#4152));
#4149 = ORIENTED_EDGE('',*,*,#4133,.T.);
#4150 = ORIENTED_EDGE('',*,*,#1098,.T.);
#4151 = ORIENTED_EDGE('',*,*,#2025,.F.);
#4152 = ORIENTED_EDGE('',*,*,#150,.F.);
#4153 = SURFACE_OF_LINEAR_EXTRUSION('',#4154,#4160);
#4154 = ( BOUNDED_CURVE() B_SPLINE_CURVE(2,(#4155,#4156,#4157,#4158,
#4159),.UNSPECIFIED.,.F.,.F.) B_SPLINE_CURVE_WITH_KNOTS((3,2,3),(0.,
1.570796326795,3.14159265359),.PIECEWISE_BEZIER_KNOTS.) CURVE() 
GEOMETRIC_REPRESENTATION_ITEM() RATIONAL_B_SPLINE_CURVE((1.,
0.707106781187,1.,0.707106781187,1.)) REPRESENTATION_ITEM('') );
#4155 = CARTESIAN_POINT('',(3.686584419907,12.152357998427,15.));
#4156 = CARTESIAN_POINT('',(3.488540788685,11.284672156585,15.));
#4157 = CARTESIAN_POINT('',(2.620854946844,11.482715787807,15.));
#4158 = CARTESIAN_POINT('',(1.753169105002,11.680759419028,15.));
#4159 = CARTESIAN_POINT('',(1.951212736223,12.54844526087,15.));
#4160 = VECTOR('',#4161,1.);
#4161 = DIRECTION('',(-0.,-0.,-1.));
#4162 = ADVANCED_FACE('',(#4163),#4182,.T.);
#4163 = FACE_BOUND('',#4164,.F.);
#4164 = EDGE_LOOP('',(#4165,#4173,#4180,#4181));
#4165 = ORIENTED_EDGE('',*,*,#4166,.T.);
#4166 = EDGE_CURVE('',#1078,#4167,#4169,.T.);
#4167 = VERTEX_POINT('',#4168);
#4168 = CARTESIAN_POINT('',(15.,0.,24.));
#4169 = LINE('',#4170,#4171);
#4170 = CARTESIAN_POINT('',(15.,0.,22.));
#4171 = VECTOR('',#4172,1.);
#4172 = DIRECTION('',(0.,0.,1.));
#4173 = ORIENTED_EDGE('',*,*,#4174,.T.);
#4174 = EDGE_CURVE('',#4167,#4167,#4175,.T.);
#4175 = CIRCLE('',#4176,15.);
#4176 = AXIS2_PLACEMENT_3D('',#4177,#4178,#4179);
#4177 = CARTESIAN_POINT('',(0.,0.,24.));
#4178 = DIRECTION('',(0.,0.,1.));
#4179 = DIRECTION('',(1.,0.,0.));
#4180 = ORIENTED_EDGE('',*,*,#4166,.F.);
#4181 = ORIENTED_EDGE('',*,*,#1077,.F.);
#4182 = CYLINDRICAL_SURFACE('',#4183,15.);
#4183 = AXIS2_PLACEMENT_3D('',#4184,#4185,#4186);
#4184 = CARTESIAN_POINT('',(0.,0.,22.));
#4185 = DIRECTION('',(-0.,-0.,-1.));
#4186 = DIRECTION('',(1.,0.,0.));
#4187 = ADVANCED_FACE('',(#4188,#4191),#4202,.F.);
#4188 = FACE_BOUND('',#4189,.F.);
#4189 = EDGE_LOOP('',(#4190));
#4190 = ORIENTED_EDGE('',*,*,#2069,.F.);
#4191 = FACE_BOUND('',#4192,.F.);
#4192 = EDGE_LOOP('',(#4193));
#4193 = ORIENTED_EDGE('',*,*,#4194,.F.);
#4194 = EDGE_CURVE('',#4195,#4195,#4197,.T.);
#4195 = VERTEX_POINT('',#4196);
#4196 = CARTESIAN_POINT('',(9.,0.,13.));
#4197 = CIRCLE('',#4198,9.);
#4198 = AXIS2_PLACEMENT_3D('',#4199,#4200,#4201);
#4199 = CARTESIAN_POINT('',(0.,0.,13.));
#4200 = DIRECTION('',(0.,0.,1.));
#4201 = DIRECTION('',(1.,0.,0.));
#4202 = PLANE('',#4203);
#4203 = AXIS2_PLACEMENT_3D('',#4204,#4205,#4206);
#4204 = CARTESIAN_POINT('',(-7.3E-16,-1.2E-16,13.));
#4205 = DIRECTION('',(0.,0.,1.));
#4206 = DIRECTION('',(1.,0.,0.));
#4207 = ADVANCED_FACE('',(#4208,#4211),#4222,.T.);
#4208 = FACE_BOUND('',#4209,.T.);
#4209 = EDGE_LOOP('',(#4210));
#4210 = ORIENTED_EDGE('',*,*,#4174,.T.);
#4211 = FACE_BOUND('',#4212,.T.);
#4212 = EDGE_LOOP('',(#4213));
#4213 = ORIENTED_EDGE('',*,*,#4214,.F.);
#4214 = EDGE_CURVE('',#4215,#4215,#4217,.T.);
#4215 = VERTEX_POINT('',#4216);
#4216 = CARTESIAN_POINT('',(9.,0.,24.));
#4217 = CIRCLE('',#4218,9.);
#4218 = AXIS2_PLACEMENT_3D('',#4219,#4220,#4221);
#4219 = CARTESIAN_POINT('',(0.,0.,24.));
#4220 = DIRECTION('',(0.,0.,1.));
#4221 = DIRECTION('',(1.,0.,0.));
#4222 = PLANE('',#4223);
#4223 = AXIS2_PLACEMENT_3D('',#4224,#4225,#4226);
#4224 = CARTESIAN_POINT('',(-7.3E-16,1.2E-16,24.));
#4225 = DIRECTION('',(0.,0.,1.));
#4226 = DIRECTION('',(1.,0.,0.));
#4227 = ADVANCED_FACE('',(#4228),#4239,.F.);
#4228 = FACE_BOUND('',#4229,.F.);
#4229 = EDGE_LOOP('',(#4230,#4231,#4237,#4238));
#4230 = ORIENTED_EDGE('',*,*,#4214,.F.);
#4231 = ORIENTED_EDGE('',*,*,#4232,.T.);
#4232 = EDGE_CURVE('',#4215,#4195,#4233,.T.);
#4233 = LINE('',#4234,#4235);
#4234 = CARTESIAN_POINT('',(9.,0.,24.));
#4235 = VECTOR('',#4236,1.);
#4236 = DIRECTION('',(-0.,-0.,-1.));
#4237 = ORIENTED_EDGE('',*,*,#4194,.T.);
#4238 = ORIENTED_EDGE('',*,*,#4232,.F.);
#4239 = CYLINDRICAL_SURFACE('',#4240,9.);
#4240 = AXIS2_PLACEMENT_3D('',#4241,#4242,#4243);
#4241 = CARTESIAN_POINT('',(0.,0.,24.));
#4242 = DIRECTION('',(0.,0.,1.));
#4243 = DIRECTION('',(1.,0.,0.));
#4244 = ( GEOMETRIC_REPRESENTATION_CONTEXT(3) 
GLOBAL_UNCERTAINTY_ASSIGNED_CONTEXT((#4248)) 
GLOBAL_UNIT_ASSIGNED_CONTEXT((#4245,#4246,#4247)) REPRESENTATION_CONTEXT
('Context #1','3D Context with UNIT and UNCERTAINTY') );
#4245 = ( LENGTH_UNIT() NAMED_UNIT(*) SI_UNIT(.MILLI.,.METRE.) );
#4246 = ( NAMED_UNIT(*) PLANE_ANGLE_UNIT() SI_UNIT($,.RADIAN.) );
#4247 = ( NAMED_UNIT(*) SI_UNIT($,.STERADIAN.) SOLID_ANGLE_UNIT() );
#4248 = UNCERTAINTY_MEASURE_WITH_UNIT(LENGTH_MEASURE(1.E-07),#4245,
  'distance_accuracy_value','confusion accuracy');
#4249 = PRODUCT_RELATED_PRODUCT_CATEGORY('part',$,(#7));
ENDSEC;
END-ISO-10303-21;
