ISO-10303-21;
HEADER;
FILE_DESCRIPTION(('FreeCAD Model'),'2;1');
FILE_NAME('Open CASCADE Shape Model','2026-08-28T13:04:07',('FreeCAD'),(
    'FreeCAD'),'Open CASCADE STEP processor 7.8','FreeCAD','Unknown');
FILE_SCHEMA(('AUTOMOTIVE_DESIGN { 1 0 10303 214 1 1 1 1 }'));
ENDSEC;
DATA;
#1 = APPLICATION_PROTOCOL_DEFINITION('international standard',
  'automotive_design',2000,#2);
#2 = APPLICATION_CONTEXT(
  'core data for automotive mechanical design processes');
#3 = SHAPE_DEFINITION_REPRESENTATION(#4,#10);
#4 = PRODUCT_DEFINITION_SHAPE('','',#5);
#5 = PRODUCT_DEFINITION('design','',#6,#9);
#6 = PRODUCT_DEFINITION_FORMATION('','',#7);
#7 = PRODUCT('Open CASCADE STEP translator 7.8 105',
  'Open CASCADE STEP translator 7.8 105','',(#8));
#8 = PRODUCT_CONTEXT('',#2,'mechanical');
#9 = PRODUCT_DEFINITION_CONTEXT('part definition',#2,'design');
#10 = ADVANCED_BREP_SHAPE_REPRESENTATION('',(#11,#15),#5353);
#11 = AXIS2_PLACEMENT_3D('',#12,#13,#14);
#12 = CARTESIAN_POINT('',(0.,0.,0.));
#13 = DIRECTION('',(0.,0.,1.));
#14 = DIRECTION('',(1.,0.,-0.));
#15 = MANIFOLD_SOLID_BREP('',#16);
#16 = CLOSED_SHELL('',(#17,#59,#114,#139,#187,#478,#511,#822,#841,#858,
    #889,#923,#955,#983,#1004,#1031,#1051,#1067,#1083,#1115,#1138,#1156,
    #1172,#1197,#2162,#2194,#2227,#3182,#3199,#3216,#3233,#3252,#3273,
    #3292,#3311,#3330,#3351,#3370,#3389,#3408,#3429,#3448,#3467,#3486,
    #3507,#3526,#3545,#3564,#3585,#3604,#3623,#3642,#3663,#3682,#3701,
    #3720,#3741,#3760,#3779,#3798,#3819,#3838,#3857,#3876,#3897,#3916,
    #3935,#3954,#3975,#3994,#4013,#4032,#4053,#4072,#4091,#4110,#4131,
    #4150,#4169,#4188,#4209,#4228,#4247,#4266,#4287,#4306,#4325,#4344,
    #4365,#4384,#4403,#4422,#4443,#4462,#4481,#4500,#4521,#4540,#4559,
    #4578,#4599,#4618,#4637,#4656,#4677,#4696,#4715,#4734,#4755,#4774,
    #4793,#4812,#4833,#4852,#4871,#4890,#4911,#4930,#4949,#4968,#4989,
    #5008,#5027,#5046,#5067,#5086,#5105,#5124,#5145,#5164,#5183,#5202,
    #5223,#5242,#5261,#5280,#5301,#5320,#5334));
#17 = ADVANCED_FACE('',(#18),#54,.F.);
#18 = FACE_BOUND('',#19,.F.);
#19 = EDGE_LOOP('',(#20,#30,#39,#47));
#20 = ORIENTED_EDGE('',*,*,#21,.F.);
#21 = EDGE_CURVE('',#22,#24,#26,.T.);
#22 = VERTEX_POINT('',#23);
#23 = CARTESIAN_POINT('',(5.843586227652,1.75,4.));
#24 = VERTEX_POINT('',#25);
#25 = CARTESIAN_POINT('',(3.872983346207,1.75,4.));
#26 = LINE('',#27,#28);
#27 = CARTESIAN_POINT('',(11.,1.75,4.));
#28 = VECTOR('',#29,1.);
#29 = DIRECTION('',(-1.,0.,0.));
#30 = ORIENTED_EDGE('',*,*,#31,.F.);
#31 = EDGE_CURVE('',#32,#22,#34,.T.);
#32 = VERTEX_POINT('',#33);
#33 = CARTESIAN_POINT('',(-5.843586227652,1.75,4.));
#34 = CIRCLE('',#35,6.1);
#35 = AXIS2_PLACEMENT_3D('',#36,#37,#38);
#36 = CARTESIAN_POINT('',(0.,0.,4.));
#37 = DIRECTION('',(0.,0.,-1.));
#38 = DIRECTION('',(1.,0.,0.));
#39 = ORIENTED_EDGE('',*,*,#40,.F.);
#40 = EDGE_CURVE('',#41,#32,#43,.T.);
#41 = VERTEX_POINT('',#42);
#42 = CARTESIAN_POINT('',(-3.872983346208,1.75,4.));
#43 = LINE('',#44,#45);
#44 = CARTESIAN_POINT('',(11.,1.75,4.));
#45 = VECTOR('',#46,1.);
#46 = DIRECTION('',(-1.,0.,0.));
#47 = ORIENTED_EDGE('',*,*,#48,.F.);
#48 = EDGE_CURVE('',#24,#41,#49,.T.);
#49 = CIRCLE('',#50,4.25);
#50 = AXIS2_PLACEMENT_3D('',#51,#52,#53);
#51 = CARTESIAN_POINT('',(0.,0.,4.));
#52 = DIRECTION('',(0.,0.,1.));
#53 = DIRECTION('',(1.,0.,0.));
#54 = PLANE('',#55);
#55 = AXIS2_PLACEMENT_3D('',#56,#57,#58);
#56 = CARTESIAN_POINT('',(-3.6E-16,-1.8E-16,4.));
#57 = DIRECTION('',(0.,0.,1.));
#58 = DIRECTION('',(1.,0.,0.));
#59 = ADVANCED_FACE('',(#60),#109,.T.);
#60 = FACE_BOUND('',#61,.T.);
#61 = EDGE_LOOP('',(#62,#63,#71,#79,#87,#95,#103));
#62 = ORIENTED_EDGE('',*,*,#21,.F.);
#63 = ORIENTED_EDGE('',*,*,#64,.T.);
#64 = EDGE_CURVE('',#22,#65,#67,.T.);
#65 = VERTEX_POINT('',#66);
#66 = CARTESIAN_POINT('',(5.843586227652,1.75,6.));
#67 = LINE('',#68,#69);
#68 = CARTESIAN_POINT('',(5.843586227652,1.75,4.));
#69 = VECTOR('',#70,1.);
#70 = DIRECTION('',(0.,0.,1.));
#71 = ORIENTED_EDGE('',*,*,#72,.F.);
#72 = EDGE_CURVE('',#73,#65,#75,.T.);
#73 = VERTEX_POINT('',#74);
#74 = CARTESIAN_POINT('',(9.845684333758,1.75,6.));
#75 = LINE('',#76,#77);
#76 = CARTESIAN_POINT('',(9.845684333758,1.75,6.));
#77 = VECTOR('',#78,1.);
#78 = DIRECTION('',(-1.,0.,0.));
#79 = ORIENTED_EDGE('',*,*,#80,.F.);
#80 = EDGE_CURVE('',#81,#73,#83,.T.);
#81 = VERTEX_POINT('',#82);
#82 = CARTESIAN_POINT('',(9.845684333758,1.75,13.));
#83 = LINE('',#84,#85);
#84 = CARTESIAN_POINT('',(9.845684333758,1.75,-12.));
#85 = VECTOR('',#86,1.);
#86 = DIRECTION('',(-0.,-0.,-1.));
#87 = ORIENTED_EDGE('',*,*,#88,.F.);
#88 = EDGE_CURVE('',#89,#81,#91,.T.);
#89 = VERTEX_POINT('',#90);
#90 = CARTESIAN_POINT('',(9.845684333758,1.75,24.));
#91 = LINE('',#92,#93);
#92 = CARTESIAN_POINT('',(9.845684333758,1.75,-12.));
#93 = VECTOR('',#94,1.);
#94 = DIRECTION('',(-0.,-0.,-1.));
#95 = ORIENTED_EDGE('',*,*,#96,.T.);
#96 = EDGE_CURVE('',#89,#97,#99,.T.);
#97 = VERTEX_POINT('',#98);
#98 = CARTESIAN_POINT('',(3.872983346207,1.75,24.));
#99 = LINE('',#100,#101);
#100 = CARTESIAN_POINT('',(9.845684333758,1.75,24.));
#101 = VECTOR('',#102,1.);
#102 = DIRECTION('',(-1.,0.,0.));
#103 = ORIENTED_EDGE('',*,*,#104,.F.);
#104 = EDGE_CURVE('',#24,#97,#105,.T.);
#105 = LINE('',#106,#107);
#106 = CARTESIAN_POINT('',(3.872983346207,1.75,20.));
#107 = VECTOR('',#108,1.);
#108 = DIRECTION('',(0.,0.,1.));
#109 = PLANE('',#110);
#110 = AXIS2_PLACEMENT_3D('',#111,#112,#113);
#111 = CARTESIAN_POINT('',(6.859333839983,1.75,14.));
#112 = DIRECTION('',(3.7E-15,-1.,7.5E-16));
#113 = DIRECTION('',(-1.,-3.7E-15,0.));
#114 = ADVANCED_FACE('',(#115),#134,.F.);
#115 = FACE_BOUND('',#116,.F.);
#116 = EDGE_LOOP('',(#117,#118,#119,#127));
#117 = ORIENTED_EDGE('',*,*,#104,.F.);
#118 = ORIENTED_EDGE('',*,*,#48,.T.);
#119 = ORIENTED_EDGE('',*,*,#120,.T.);
#120 = EDGE_CURVE('',#41,#121,#123,.T.);
#121 = VERTEX_POINT('',#122);
#122 = CARTESIAN_POINT('',(-3.872983346207,1.75,24.));
#123 = LINE('',#124,#125);
#124 = CARTESIAN_POINT('',(-3.872983346207,1.75,20.));
#125 = VECTOR('',#126,1.);
#126 = DIRECTION('',(0.,0.,1.));
#127 = ORIENTED_EDGE('',*,*,#128,.F.);
#128 = EDGE_CURVE('',#97,#121,#129,.T.);
#129 = CIRCLE('',#130,4.25);
#130 = AXIS2_PLACEMENT_3D('',#131,#132,#133);
#131 = CARTESIAN_POINT('',(0.,0.,24.));
#132 = DIRECTION('',(0.,0.,1.));
#133 = DIRECTION('',(1.,0.,0.));
#134 = CYLINDRICAL_SURFACE('',#135,4.25);
#135 = AXIS2_PLACEMENT_3D('',#136,#137,#138);
#136 = CARTESIAN_POINT('',(0.,0.,20.));
#137 = DIRECTION('',(0.,0.,1.));
#138 = DIRECTION('',(1.,0.,0.));
#139 = ADVANCED_FACE('',(#140),#182,.T.);
#140 = FACE_BOUND('',#141,.T.);
#141 = EDGE_LOOP('',(#142,#150,#151,#152,#160,#168,#176));
#142 = ORIENTED_EDGE('',*,*,#143,.F.);
#143 = EDGE_CURVE('',#32,#144,#146,.T.);
#144 = VERTEX_POINT('',#145);
#145 = CARTESIAN_POINT('',(-5.843586227652,1.75,6.));
#146 = LINE('',#147,#148);
#147 = CARTESIAN_POINT('',(-5.843586227652,1.75,4.));
#148 = VECTOR('',#149,1.);
#149 = DIRECTION('',(0.,0.,1.));
#150 = ORIENTED_EDGE('',*,*,#40,.F.);
#151 = ORIENTED_EDGE('',*,*,#120,.T.);
#152 = ORIENTED_EDGE('',*,*,#153,.T.);
#153 = EDGE_CURVE('',#121,#154,#156,.T.);
#154 = VERTEX_POINT('',#155);
#155 = CARTESIAN_POINT('',(-9.845684333758,1.75,24.));
#156 = LINE('',#157,#158);
#157 = CARTESIAN_POINT('',(-3.872983346208,1.75,24.));
#158 = VECTOR('',#159,1.);
#159 = DIRECTION('',(-1.,0.,0.));
#160 = ORIENTED_EDGE('',*,*,#161,.F.);
#161 = EDGE_CURVE('',#162,#154,#164,.T.);
#162 = VERTEX_POINT('',#163);
#163 = CARTESIAN_POINT('',(-9.845684333758,1.75,13.));
#164 = LINE('',#165,#166);
#165 = CARTESIAN_POINT('',(-9.845684333758,1.75,20.));
#166 = VECTOR('',#167,1.);
#167 = DIRECTION('',(0.,0.,1.));
#168 = ORIENTED_EDGE('',*,*,#169,.F.);
#169 = EDGE_CURVE('',#170,#162,#172,.T.);
#170 = VERTEX_POINT('',#171);
#171 = CARTESIAN_POINT('',(-9.845684333758,1.75,6.));
#172 = LINE('',#173,#174);
#173 = CARTESIAN_POINT('',(-9.845684333758,1.75,20.));
#174 = VECTOR('',#175,1.);
#175 = DIRECTION('',(0.,0.,1.));
#176 = ORIENTED_EDGE('',*,*,#177,.F.);
#177 = EDGE_CURVE('',#144,#170,#178,.T.);
#178 = LINE('',#179,#180);
#179 = CARTESIAN_POINT('',(-5.843586227652,1.75,6.));
#180 = VECTOR('',#181,1.);
#181 = DIRECTION('',(-1.,0.,0.));
#182 = PLANE('',#183);
#183 = AXIS2_PLACEMENT_3D('',#184,#185,#186);
#184 = CARTESIAN_POINT('',(-6.859333839983,1.75,14.));
#185 = DIRECTION('',(-1.39E-15,-1.,-4.7E-16));
#186 = DIRECTION('',(-1.,1.39E-15,0.));
#187 = ADVANCED_FACE('',(#188,#286,#357,#422),#473,.F.);
#188 = FACE_BOUND('',#189,.T.);
#189 = EDGE_LOOP('',(#190,#199,#207,#216,#224,#233,#242,#250,#259,#267,
    #276,#283,#284,#285));
#190 = ORIENTED_EDGE('',*,*,#191,.F.);
#191 = EDGE_CURVE('',#192,#144,#194,.T.);
#192 = VERTEX_POINT('',#193);
#193 = CARTESIAN_POINT('',(-5.843586227652,-1.75,6.));
#194 = CIRCLE('',#195,6.1);
#195 = AXIS2_PLACEMENT_3D('',#196,#197,#198);
#196 = CARTESIAN_POINT('',(0.,0.,6.));
#197 = DIRECTION('',(0.,0.,-1.));
#198 = DIRECTION('',(1.,0.,0.));
#199 = ORIENTED_EDGE('',*,*,#200,.F.);
#200 = EDGE_CURVE('',#201,#192,#203,.T.);
#201 = VERTEX_POINT('',#202);
#202 = CARTESIAN_POINT('',(-5.843586227652,-1.75,4.));
#203 = LINE('',#204,#205);
#204 = CARTESIAN_POINT('',(-5.843586227652,-1.75,4.));
#205 = VECTOR('',#206,1.);
#206 = DIRECTION('',(0.,0.,1.));
#207 = ORIENTED_EDGE('',*,*,#208,.F.);
#208 = EDGE_CURVE('',#209,#201,#211,.T.);
#209 = VERTEX_POINT('',#210);
#210 = CARTESIAN_POINT('',(-3.346640106136,-5.1,4.));
#211 = CIRCLE('',#212,6.1);
#212 = AXIS2_PLACEMENT_3D('',#213,#214,#215);
#213 = CARTESIAN_POINT('',(0.,0.,4.));
#214 = DIRECTION('',(0.,0.,-1.));
#215 = DIRECTION('',(1.,0.,0.));
#216 = ORIENTED_EDGE('',*,*,#217,.T.);
#217 = EDGE_CURVE('',#209,#218,#220,.T.);
#218 = VERTEX_POINT('',#219);
#219 = CARTESIAN_POINT('',(-3.346640106136,-5.1,-6.));
#220 = LINE('',#221,#222);
#221 = CARTESIAN_POINT('',(-3.346640106136,-5.1,-12.));
#222 = VECTOR('',#223,1.);
#223 = DIRECTION('',(-0.,-0.,-1.));
#224 = ORIENTED_EDGE('',*,*,#225,.T.);
#225 = EDGE_CURVE('',#218,#226,#228,.T.);
#226 = VERTEX_POINT('',#227);
#227 = CARTESIAN_POINT('',(6.1,0.,-6.));
#228 = CIRCLE('',#229,6.1);
#229 = AXIS2_PLACEMENT_3D('',#230,#231,#232);
#230 = CARTESIAN_POINT('',(0.,0.,-6.));
#231 = DIRECTION('',(0.,0.,-1.));
#232 = DIRECTION('',(1.,0.,0.));
#233 = ORIENTED_EDGE('',*,*,#234,.T.);
#234 = EDGE_CURVE('',#226,#235,#237,.T.);
#235 = VERTEX_POINT('',#236);
#236 = CARTESIAN_POINT('',(3.346640106136,-5.1,-6.));
#237 = CIRCLE('',#238,6.1);
#238 = AXIS2_PLACEMENT_3D('',#239,#240,#241);
#239 = CARTESIAN_POINT('',(0.,0.,-6.));
#240 = DIRECTION('',(0.,0.,-1.));
#241 = DIRECTION('',(1.,0.,0.));
#242 = ORIENTED_EDGE('',*,*,#243,.F.);
#243 = EDGE_CURVE('',#244,#235,#246,.T.);
#244 = VERTEX_POINT('',#245);
#245 = CARTESIAN_POINT('',(3.346640106136,-5.1,4.));
#246 = LINE('',#247,#248);
#247 = CARTESIAN_POINT('',(3.346640106136,-5.1,-12.));
#248 = VECTOR('',#249,1.);
#249 = DIRECTION('',(-0.,-0.,-1.));
#250 = ORIENTED_EDGE('',*,*,#251,.F.);
#251 = EDGE_CURVE('',#252,#244,#254,.T.);
#252 = VERTEX_POINT('',#253);
#253 = CARTESIAN_POINT('',(5.843586227652,-1.75,4.));
#254 = CIRCLE('',#255,6.1);
#255 = AXIS2_PLACEMENT_3D('',#256,#257,#258);
#256 = CARTESIAN_POINT('',(0.,0.,4.));
#257 = DIRECTION('',(0.,0.,-1.));
#258 = DIRECTION('',(1.,0.,0.));
#259 = ORIENTED_EDGE('',*,*,#260,.T.);
#260 = EDGE_CURVE('',#252,#261,#263,.T.);
#261 = VERTEX_POINT('',#262);
#262 = CARTESIAN_POINT('',(5.843586227652,-1.75,6.));
#263 = LINE('',#264,#265);
#264 = CARTESIAN_POINT('',(5.843586227652,-1.75,4.));
#265 = VECTOR('',#266,1.);
#266 = DIRECTION('',(0.,0.,1.));
#267 = ORIENTED_EDGE('',*,*,#268,.F.);
#268 = EDGE_CURVE('',#269,#261,#271,.T.);
#269 = VERTEX_POINT('',#270);
#270 = CARTESIAN_POINT('',(6.1,1.E-15,6.));
#271 = CIRCLE('',#272,6.1);
#272 = AXIS2_PLACEMENT_3D('',#273,#274,#275);
#273 = CARTESIAN_POINT('',(0.,0.,6.));
#274 = DIRECTION('',(0.,0.,-1.));
#275 = DIRECTION('',(1.,0.,0.));
#276 = ORIENTED_EDGE('',*,*,#277,.F.);
#277 = EDGE_CURVE('',#65,#269,#278,.T.);
#278 = CIRCLE('',#279,6.1);
#279 = AXIS2_PLACEMENT_3D('',#280,#281,#282);
#280 = CARTESIAN_POINT('',(0.,0.,6.));
#281 = DIRECTION('',(0.,0.,-1.));
#282 = DIRECTION('',(1.,0.,0.));
#283 = ORIENTED_EDGE('',*,*,#64,.F.);
#284 = ORIENTED_EDGE('',*,*,#31,.F.);
#285 = ORIENTED_EDGE('',*,*,#143,.T.);
#286 = FACE_BOUND('',#287,.T.);
#287 = EDGE_LOOP('',(#288,#309,#328));
#288 = ORIENTED_EDGE('',*,*,#289,.T.);
#289 = EDGE_CURVE('',#290,#292,#294,.T.);
#290 = VERTEX_POINT('',#291);
#291 = CARTESIAN_POINT('',(6.1,0.,-2.9));
#292 = VERTEX_POINT('',#293);
#293 = CARTESIAN_POINT('',(5.937171043519,1.4,-1.5));
#294 = B_SPLINE_CURVE_WITH_KNOTS('',7,(#295,#296,#297,#298,#299,#300,
    #301,#302,#303,#304,#305,#306,#307,#308),.UNSPECIFIED.,.F.,.F.,(8,6,
    8),(0.,0.460045149199,1.),.UNSPECIFIED.);
#295 = CARTESIAN_POINT('',(6.1,-1.3E-16,-2.9));
#296 = CARTESIAN_POINT('',(6.1,0.168025498597,-2.9));
#297 = CARTESIAN_POINT('',(6.094600145169,0.333029417916,-2.876472982084
    ));
#298 = CARTESIAN_POINT('',(6.084151340304,0.490942969626,-2.830941226658
    ));
#299 = CARTESIAN_POINT('',(6.069743373656,0.638130373483,-2.765816697977
    ));
#300 = CARTESIAN_POINT('',(6.053028491682,0.771575050713,-2.684373215258
    ));
#301 = CARTESIAN_POINT('',(6.035715195319,0.889144828592,-2.59075415873)
  );
#302 = CARTESIAN_POINT('',(5.999677330985,1.108263898197,-2.371635089125
    ));
#303 = CARTESIAN_POINT('',(5.980725463173,1.206552527214,-2.240352395482
    ));
#304 = CARTESIAN_POINT('',(5.963980487878,1.284573424023,-2.099884137944
    ));
#305 = CARTESIAN_POINT('',(5.950716693268,1.34255482236,-1.953296564348)
  );
#306 = CARTESIAN_POINT('',(5.941675002556,1.38089950561,-1.803105890236)
  );
#307 = CARTESIAN_POINT('',(5.937171043519,1.4,-1.651396170104));
#308 = CARTESIAN_POINT('',(5.937171043519,1.4,-1.5));
#309 = ORIENTED_EDGE('',*,*,#310,.T.);
#310 = EDGE_CURVE('',#292,#311,#313,.T.);
#311 = VERTEX_POINT('',#312);
#312 = CARTESIAN_POINT('',(6.1,0.,-0.1));
#313 = B_SPLINE_CURVE_WITH_KNOTS('',7,(#314,#315,#316,#317,#318,#319,
    #320,#321,#322,#323,#324,#325,#326,#327),.UNSPECIFIED.,.F.,.F.,(8,6,
    8),(0.,0.521161416404,1.),.UNSPECIFIED.);
#314 = CARTESIAN_POINT('',(5.937171043519,1.4,-1.5));
#315 = CARTESIAN_POINT('',(5.937171043519,1.4,-1.353845108101));
#316 = CARTESIAN_POINT('',(5.941368508763,1.382199166888,-1.207789502675
    ));
#317 = CARTESIAN_POINT('',(5.949753649466,1.346639495182,-1.063392303843
    ));
#318 = CARTESIAN_POINT('',(5.962027196843,1.293083457839,-0.922330295296
    ));
#319 = CARTESIAN_POINT('',(5.977575440068,1.221145387122,-0.786579630642
    ));
#320 = CARTESIAN_POINT('',(5.995383622,1.130392237463,-0.65859768127));
#321 = CARTESIAN_POINT('',(6.031147525537,0.919639569257,-0.43416888457)
  );
#322 = CARTESIAN_POINT('',(6.049351339623,0.800387427641,-0.333634278364
    ));
#323 = CARTESIAN_POINT('',(6.067198826436,0.663577154032,-0.245707428713
    ));
#324 = CARTESIAN_POINT('',(6.082760137578,0.511470527534,-0.175121580564
    ));
#325 = CARTESIAN_POINT('',(6.09411797644,0.347382824519,-0.125627712132)
  );
#326 = CARTESIAN_POINT('',(6.1,0.175366554932,-1.E-01));
#327 = CARTESIAN_POINT('',(6.1,2.1E-16,-1.E-01));
#328 = ORIENTED_EDGE('',*,*,#329,.T.);
#329 = EDGE_CURVE('',#311,#290,#330,.T.);
#330 = B_SPLINE_CURVE_WITH_KNOTS('',7,(#331,#332,#333,#334,#335,#336,
    #337,#338,#339,#340,#341,#342,#343,#344,#345,#346,#347,#348,#349,
    #350,#351,#352,#353,#354,#355,#356),.UNSPECIFIED.,.F.,.F.,(8,6,6,6,8
    ),(0.,0.239552310575,0.50003074682,0.760503208743,1.),
  .UNSPECIFIED.);
#331 = CARTESIAN_POINT('',(6.1,-4.4E-16,-1.E-01));
#332 = CARTESIAN_POINT('',(6.1,-0.17559025125,-1.E-01));
#333 = CARTESIAN_POINT('',(6.094102942367,-0.347632829169,
    -0.125693117432));
#334 = CARTESIAN_POINT('',(6.082739481653,-0.511615732262,-0.17521166473
    ));
#335 = CARTESIAN_POINT('',(6.067192562799,-0.663577716698,
    -0.245749221958));
#336 = CARTESIAN_POINT('',(6.049364271524,-0.800286581034,
    -0.333581688611));
#337 = CARTESIAN_POINT('',(6.031165230124,-0.919535238109,
    -0.434057783182));
#338 = CARTESIAN_POINT('',(5.9953820318,-1.130401608335,-0.658607660234)
  );
#339 = CARTESIAN_POINT('',(5.977574279012,-1.221149790445,
    -0.786589655237));
#340 = CARTESIAN_POINT('',(5.962027463952,-1.293082072226,-0.92233261624
    ));
#341 = CARTESIAN_POINT('',(5.94975428733,-1.346636830821,-1.063386902647
    ));
#342 = CARTESIAN_POINT('',(5.941368701158,-1.382198343564,
    -1.207782278211));
#343 = CARTESIAN_POINT('',(5.937171043519,-1.4,-1.353841755821));
#344 = CARTESIAN_POINT('',(5.937171043519,-1.4,-1.646154891899));
#345 = CARTESIAN_POINT('',(5.941368508763,-1.382199166888,
    -1.792210497325));
#346 = CARTESIAN_POINT('',(5.949753649466,-1.346639495182,
    -1.936607696157));
#347 = CARTESIAN_POINT('',(5.962027196843,-1.293083457839,
    -2.077669704705));
#348 = CARTESIAN_POINT('',(5.977575440068,-1.221145387122,
    -2.213420369358));
#349 = CARTESIAN_POINT('',(5.995383622,-1.130392237463,-2.34140231873));
#350 = CARTESIAN_POINT('',(6.031160188014,-0.919564950699,
    -2.565910576124));
#351 = CARTESIAN_POINT('',(6.04936093595,-0.80031327674,-2.666405495841)
  );
#352 = CARTESIAN_POINT('',(6.067194903621,-0.663573357761,
    -2.754265220272));
#353 = CARTESIAN_POINT('',(6.082745673812,-0.511569993959,
    -2.824815240281));
#354 = CARTESIAN_POINT('',(6.094107215185,-0.347559218634,
    -2.874325516135));
#355 = CARTESIAN_POINT('',(6.1,-0.175526581043,-2.9));
#356 = CARTESIAN_POINT('',(6.1,-8.9E-16,-2.9));
#357 = FACE_BOUND('',#358,.T.);
#358 = EDGE_LOOP('',(#359));
#359 = ORIENTED_EDGE('',*,*,#360,.F.);
#360 = EDGE_CURVE('',#361,#361,#363,.T.);
#361 = VERTEX_POINT('',#362);
#362 = CARTESIAN_POINT('',(-5.937171043519,1.4,-1.5));
#363 = B_SPLINE_CURVE_WITH_KNOTS('',8,(#364,#365,#366,#367,#368,#369,
    #370,#371,#372,#373,#374,#375,#376,#377,#378,#379,#380,#381,#382,
    #383,#384,#385,#386,#387,#388,#389,#390,#391,#392,#393,#394,#395,
    #396,#397,#398,#399,#400,#401,#402,#403,#404,#405,#406,#407,#408,
    #409,#410,#411,#412,#413,#414,#415,#416,#417,#418,#419,#420,#421),
  .UNSPECIFIED.,.T.,.F.,(9,7,7,7,7,7,7,7,9),(0.,0.129020251787,
    0.21812288771,0.329088613402,0.426649054555,0.57023436567,
    0.700296947099,0.797140998241,1.),.UNSPECIFIED.);
#364 = CARTESIAN_POINT('',(-5.937171043519,1.4,-1.5));
#365 = CARTESIAN_POINT('',(-5.937171043519,1.4,-1.372114469588));
#366 = CARTESIAN_POINT('',(-5.940319142452,1.386649375166,
    -1.244303404032));
#367 = CARTESIAN_POINT('',(-5.946609221702,1.359974372071,
    -1.117541253405));
#368 = CARTESIAN_POINT('',(-5.955890423154,1.31986147651,-0.992861299569
    ));
#369 = CARTESIAN_POINT('',(-5.967857788052,1.26610668132,-0.87142379605)
  );
#370 = CARTESIAN_POINT('',(-5.982027485551,1.198457099707,
    -0.754584143299));
#371 = CARTESIAN_POINT('',(-5.997713467828,1.116662717579,
    -0.643977227573));
#372 = CARTESIAN_POINT('',(-6.025285487337,0.954183902217,
    -0.470954862869));
#373 = CARTESIAN_POINT('',(-6.036905972908,0.880629869487,
    -0.403838427226));
#374 = CARTESIAN_POINT('',(-6.048542258104,0.800025528546,
    -0.341362837133));
#375 = CARTESIAN_POINT('',(-6.059792350574,0.71264608536,-0.284568696712
    ));
#376 = CARTESIAN_POINT('',(-6.07022035103,0.618899005555,-0.234458370196
    ));
#377 = CARTESIAN_POINT('',(-6.079386147792,0.519317237802,
    -0.191997087409));
#378 = CARTESIAN_POINT('',(-6.086878307672,0.414557058525,
    -0.158115906414));
#379 = CARTESIAN_POINT('',(-6.099164646513,0.169460311344,
    -0.103330292547));
#380 = CARTESIAN_POINT('',(-6.1027540008,2.85247146694E-02,
    -8.805742113933E-02));
#381 = CARTESIAN_POINT('',(-6.102536770864,-0.114383112175,
    -8.921812495037E-02));
#382 = CARTESIAN_POINT('',(-6.098317841024,-0.256016098257,
    -0.107105366421));
#383 = CARTESIAN_POINT('',(-6.090424239159,-0.39314728173,
    -0.141041585579));
#384 = CARTESIAN_POINT('',(-6.079647454284,-0.522788577746,
    -0.189393778376));
#385 = CARTESIAN_POINT('',(-6.067050549169,-0.642406556401,
    -0.249560067929));
#386 = CARTESIAN_POINT('',(-6.041959170584,-0.844891547214,
    -0.378060950562));
#387 = CARTESIAN_POINT('',(-6.02947825214,-0.931727551892,-0.44533991691
    ));
#388 = CARTESIAN_POINT('',(-6.016761070524,-1.010535310881,
    -0.518621183754));
#389 = CARTESIAN_POINT('',(-6.004260129654,-1.081282512211,
    -0.596900675535));
#390 = CARTESIAN_POINT('',(-5.992363315374,-1.14400394365,
    -0.679302909477));
#391 = CARTESIAN_POINT('',(-5.981388898335,-1.198775523161,
    -0.765059751521));
#392 = CARTESIAN_POINT('',(-5.971587185301,-1.245693164213,
    -0.853491879435));
#393 = CARTESIAN_POINT('',(-5.950729589817,-1.342495373801,
    -1.077188587187));
#394 = CARTESIAN_POINT('',(-5.941215483738,-1.38355918645,
    -1.215375905406));
#395 = CARTESIAN_POINT('',(-5.935239054516,-1.408197789715,-1.3568154268
    ));
#396 = CARTESIAN_POINT('',(-5.933193229466,-1.41643867498,
    -1.499918966511));
#397 = CARTESIAN_POINT('',(-5.935226298391,-1.408245405174,
    -1.643111269035));
#398 = CARTESIAN_POINT('',(-5.941215581,-1.383568694411,-1.784741475411)
  );
#399 = CARTESIAN_POINT('',(-5.950749628973,-1.342402370051,
    -1.923026331798));
#400 = CARTESIAN_POINT('',(-5.974380264745,-1.232730200099,
    -2.176463763182));
#401 = CARTESIAN_POINT('',(-5.988064464307,-1.166690816903,
    -2.293662479872));
#402 = CARTESIAN_POINT('',(-6.003762343112,-1.086435977875,
    -2.405906326401));
#403 = CARTESIAN_POINT('',(-6.020802948599,-0.991803302599,
    -2.511293866839));
#404 = CARTESIAN_POINT('',(-6.038283097822,-0.882814540912,
    -2.607694217461));
#405 = CARTESIAN_POINT('',(-6.055081713225,-0.75973087143,
    -2.692711328028));
#406 = CARTESIAN_POINT('',(-6.069924907599,-0.623157170838,
    -2.763617107708));
#407 = CARTESIAN_POINT('',(-6.090184849269,-0.36334484283,
    -2.857155301439));
#408 = CARTESIAN_POINT('',(-6.097007036161,-0.246043167277,
    -2.887335399301));
#409 = CARTESIAN_POINT('',(-6.10140042854,-0.124217391071,
    -2.906113865844));
#410 = CARTESIAN_POINT('',(-6.102921331139,-4.031488887546E-05,
    -2.91249346975));
#411 = CARTESIAN_POINT('',(-6.101404569418,0.124166339353,
    -2.906130627941));
#412 = CARTESIAN_POINT('',(-6.097008336712,0.24605929853,-2.887342870631
    ));
#413 = CARTESIAN_POINT('',(-6.090180087385,0.363405908964,
    -2.857133316278));
#414 = CARTESIAN_POINT('',(-6.063435066886,0.706382515296,
    -2.733654140004));
#415 = CARTESIAN_POINT('',(-6.037568185335,0.907421134071,
    -2.608457327847));
#416 = CARTESIAN_POINT('',(-6.008861672599,1.074005592598,
    -2.454204581221));
#417 = CARTESIAN_POINT('',(-5.981936593858,1.205840023023,
    -2.279820583946));
#418 = CARTESIAN_POINT('',(-5.959927459254,1.303480830644,
    -2.092270065585));
#419 = CARTESIAN_POINT('',(-5.944739462536,1.367906263247,
    -1.896977776009));
#420 = CARTESIAN_POINT('',(-5.937171043519,1.4,-1.698279957666));
#421 = CARTESIAN_POINT('',(-5.937171043519,1.4,-1.5));
#422 = FACE_BOUND('',#423,.T.);
#423 = EDGE_LOOP('',(#424));
#424 = ORIENTED_EDGE('',*,*,#425,.F.);
#425 = EDGE_CURVE('',#426,#426,#428,.T.);
#426 = VERTEX_POINT('',#427);
#427 = CARTESIAN_POINT('',(1.25,5.970552738231,-1.5));
#428 = B_SPLINE_CURVE_WITH_KNOTS('',7,(#429,#430,#431,#432,#433,#434,
    #435,#436,#437,#438,#439,#440,#441,#442,#443,#444,#445,#446,#447,
    #448,#449,#450,#451,#452,#453,#454,#455,#456,#457,#458,#459,#460,
    #461,#462,#463,#464,#465,#466,#467,#468,#469,#470,#471,#472),
  .UNSPECIFIED.,.T.,.F.,(8,6,6,6,6,6,6,8),(0.,0.150708805786,
    0.28657433422,0.423645052814,0.586517652667,0.713330961408,
    0.839634369757,1.),.UNSPECIFIED.);
#429 = CARTESIAN_POINT('',(1.25,5.970552738231,-1.5));
#430 = CARTESIAN_POINT('',(1.25,5.970552738231,-1.349214835607));
#431 = CARTESIAN_POINT('',(1.228779965782,5.974995266877,-1.198420678936
    ));
#432 = CARTESIAN_POINT('',(1.186332571935,5.983882681626,-1.049902430741
    ));
#433 = CARTESIAN_POINT('',(1.1223227317,5.996786388561,-0.906119336446)
  );
#434 = CARTESIAN_POINT('',(1.036284434008,6.012817113471,-0.769996070663
    ));
#435 = CARTESIAN_POINT('',(0.92775998971,6.030482148732,-0.645214528102)
  );
#436 = CARTESIAN_POINT('',(0.678700176491,6.063295385105,-0.439174331756
    ));
#437 = CARTESIAN_POINT('',(0.538921965228,6.078973362372,-0.351986347036
    ));
#438 = CARTESIAN_POINT('',(0.380406995847,6.092610470462,-0.284456375317
    ));
#439 = CARTESIAN_POINT('',(0.208862826832,6.10159480249,-0.242712718524)
  );
#440 = CARTESIAN_POINT('',(3.149851841331E-02,6.104199740654,
    -0.229949400653));
#441 = CARTESIAN_POINT('',(-0.144049578906,6.100585928972,
    -0.246440806321));
#442 = CARTESIAN_POINT('',(-0.47915484562,6.083486396834,-0.332481214942
    ));
#443 = CARTESIAN_POINT('',(-0.633569704221,6.070168794479,
    -0.401218609018));
#444 = CARTESIAN_POINT('',(-0.771160952067,6.053855135217,
    -0.490454724075));
#445 = CARTESIAN_POINT('',(-0.890251722993,6.036571729409,
    -0.595738817638));
#446 = CARTESIAN_POINT('',(-0.989942793429,6.020099359759,-0.71293100121
    ));
#447 = CARTESIAN_POINT('',(-1.070036400328,6.005736861836,
    -0.838149779845));
#448 = CARTESIAN_POINT('',(-1.203513245972,5.980551493458,-1.12180251545
    ));
#449 = CARTESIAN_POINT('',(-1.250361794584,5.970653012309,
    -1.284879937965));
#450 = CARTESIAN_POINT('',(-1.271475281853,5.965888803586,
    -1.453137232459));
#451 = CARTESIAN_POINT('',(-1.266538146233,5.966983795662,
    -1.623009324778));
#452 = CARTESIAN_POINT('',(-1.235329108632,5.973928738005,
    -1.790686331306));
#453 = CARTESIAN_POINT('',(-1.177977513013,5.9857679606,-1.951953867942)
  );
#454 = CARTESIAN_POINT('',(-1.031075178534,6.012583248003,
    -2.219168222369));
#455 = CARTESIAN_POINT('',(-0.950313281976,6.026494460325,-2.33155183026
    ));
#456 = CARTESIAN_POINT('',(-0.852808626498,6.041873311611,
    -2.436235057201));
#457 = CARTESIAN_POINT('',(-0.738876984486,6.057599786589,
    -2.529968647273));
#458 = CARTESIAN_POINT('',(-0.609414116913,6.072222296954,
    -2.609374279129));
#459 = CARTESIAN_POINT('',(-0.465934529496,6.084160994469,
    -2.670913185309));
#460 = CARTESIAN_POINT('',(-0.156413714143,6.099955019975,
    -2.750384623317));
#461 = CARTESIAN_POINT('',(6.043052212795E-03,6.103663963507,
    -2.767595148942));
#462 = CARTESIAN_POINT('',(0.170806234121,6.102084569031,-2.759691709589
    ));
#463 = CARTESIAN_POINT('',(0.331518724422,6.094982479877,-2.726592369114
    ));
#464 = CARTESIAN_POINT('',(0.482103265044,6.083555132547,-2.670601576754
    ));
#465 = CARTESIAN_POINT('',(0.617520414973,6.069811301678,-2.596430128485
    ));
#466 = CARTESIAN_POINT('',(0.883552885787,6.037533281594,-2.403146224609
    ));
#467 = CARTESIAN_POINT('',(1.0070743372,6.018216191107,-2.274365262353)
  );
#468 = CARTESIAN_POINT('',(1.104962539749,6.000277043064,-2.131522287617
    ));
#469 = CARTESIAN_POINT('',(1.17771893253,5.985686485521,-1.97928989602)
  );
#470 = CARTESIAN_POINT('',(1.225915242897,5.975594919167,-1.821325193088
    ));
#471 = CARTESIAN_POINT('',(1.25,5.970552738231,-1.660641575963));
#472 = CARTESIAN_POINT('',(1.25,5.970552738231,-1.5));
#473 = CYLINDRICAL_SURFACE('',#474,6.1);
#474 = AXIS2_PLACEMENT_3D('',#475,#476,#477);
#475 = CARTESIAN_POINT('',(0.,0.,-12.));
#476 = DIRECTION('',(-0.,-0.,-1.));
#477 = DIRECTION('',(1.,0.,0.));
#478 = ADVANCED_FACE('',(#479),#506,.F.);
#479 = FACE_BOUND('',#480,.F.);
#480 = EDGE_LOOP('',(#481,#490,#498,#505));
#481 = ORIENTED_EDGE('',*,*,#482,.F.);
#482 = EDGE_CURVE('',#483,#89,#485,.T.);
#483 = VERTEX_POINT('',#484);
#484 = CARTESIAN_POINT('',(9.845684333758,-1.75,24.));
#485 = CIRCLE('',#486,10.);
#486 = AXIS2_PLACEMENT_3D('',#487,#488,#489);
#487 = CARTESIAN_POINT('',(0.,0.,24.));
#488 = DIRECTION('',(0.,0.,1.));
#489 = DIRECTION('',(1.,0.,0.));
#490 = ORIENTED_EDGE('',*,*,#491,.F.);
#491 = EDGE_CURVE('',#492,#483,#494,.T.);
#492 = VERTEX_POINT('',#493);
#493 = CARTESIAN_POINT('',(9.845684333758,-1.75,13.));
#494 = LINE('',#495,#496);
#495 = CARTESIAN_POINT('',(9.845684333758,-1.75,20.));
#496 = VECTOR('',#497,1.);
#497 = DIRECTION('',(0.,0.,1.));
#498 = ORIENTED_EDGE('',*,*,#499,.T.);
#499 = EDGE_CURVE('',#492,#81,#500,.T.);
#500 = CIRCLE('',#501,10.);
#501 = AXIS2_PLACEMENT_3D('',#502,#503,#504);
#502 = CARTESIAN_POINT('',(0.,0.,13.));
#503 = DIRECTION('',(0.,0.,1.));
#504 = DIRECTION('',(1.,0.,0.));
#505 = ORIENTED_EDGE('',*,*,#88,.F.);
#506 = CYLINDRICAL_SURFACE('',#507,10.);
#507 = AXIS2_PLACEMENT_3D('',#508,#509,#510);
#508 = CARTESIAN_POINT('',(0.,0.,24.));
#509 = DIRECTION('',(0.,0.,1.));
#510 = DIRECTION('',(1.,0.,0.));
#511 = ADVANCED_FACE('',(#512,#632,#709,#760),#817,.T.);
#512 = FACE_BOUND('',#513,.F.);
#513 = EDGE_LOOP('',(#514,#524,#533,#542,#550,#559,#568,#576,#585,#592,
    #600,#609,#616,#617,#624,#625));
#514 = ORIENTED_EDGE('',*,*,#515,.F.);
#515 = EDGE_CURVE('',#516,#518,#520,.T.);
#516 = VERTEX_POINT('',#517);
#517 = CARTESIAN_POINT('',(-9.845684333758,-1.75,13.));
#518 = VERTEX_POINT('',#519);
#519 = CARTESIAN_POINT('',(-9.845684333758,-1.75,6.));
#520 = LINE('',#521,#522);
#521 = CARTESIAN_POINT('',(-9.845684333758,-1.75,-12.));
#522 = VECTOR('',#523,1.);
#523 = DIRECTION('',(-0.,-0.,-1.));
#524 = ORIENTED_EDGE('',*,*,#525,.T.);
#525 = EDGE_CURVE('',#516,#526,#528,.T.);
#526 = VERTEX_POINT('',#527);
#527 = CARTESIAN_POINT('',(-6.274321032469,-7.78671275838,13.));
#528 = CIRCLE('',#529,10.);
#529 = AXIS2_PLACEMENT_3D('',#530,#531,#532);
#530 = CARTESIAN_POINT('',(0.,0.,13.));
#531 = DIRECTION('',(0.,0.,1.));
#532 = DIRECTION('',(1.,0.,0.));
#533 = ORIENTED_EDGE('',*,*,#534,.F.);
#534 = EDGE_CURVE('',#535,#526,#537,.T.);
#535 = VERTEX_POINT('',#536);
#536 = CARTESIAN_POINT('',(-4.358898943541,-9.,13.));
#537 = CIRCLE('',#538,10.);
#538 = AXIS2_PLACEMENT_3D('',#539,#540,#541);
#539 = CARTESIAN_POINT('',(0.,0.,13.));
#540 = DIRECTION('',(0.,0.,-1.));
#541 = DIRECTION('',(1.,0.,0.));
#542 = ORIENTED_EDGE('',*,*,#543,.F.);
#543 = EDGE_CURVE('',#544,#535,#546,.T.);
#544 = VERTEX_POINT('',#545);
#545 = CARTESIAN_POINT('',(-4.358898943541,-9.,-6.));
#546 = LINE('',#547,#548);
#547 = CARTESIAN_POINT('',(-4.358898943541,-9.,20.));
#548 = VECTOR('',#549,1.);
#549 = DIRECTION('',(0.,0.,1.));
#550 = ORIENTED_EDGE('',*,*,#551,.T.);
#551 = EDGE_CURVE('',#544,#552,#554,.T.);
#552 = VERTEX_POINT('',#553);
#553 = CARTESIAN_POINT('',(10.,0.,-6.));
#554 = CIRCLE('',#555,10.);
#555 = AXIS2_PLACEMENT_3D('',#556,#557,#558);
#556 = CARTESIAN_POINT('',(0.,0.,-6.));
#557 = DIRECTION('',(0.,0.,-1.));
#558 = DIRECTION('',(1.,0.,0.));
#559 = ORIENTED_EDGE('',*,*,#560,.T.);
#560 = EDGE_CURVE('',#552,#561,#563,.T.);
#561 = VERTEX_POINT('',#562);
#562 = CARTESIAN_POINT('',(4.358898943541,-9.,-6.));
#563 = CIRCLE('',#564,10.);
#564 = AXIS2_PLACEMENT_3D('',#565,#566,#567);
#565 = CARTESIAN_POINT('',(0.,0.,-6.));
#566 = DIRECTION('',(0.,0.,-1.));
#567 = DIRECTION('',(1.,0.,0.));
#568 = ORIENTED_EDGE('',*,*,#569,.F.);
#569 = EDGE_CURVE('',#570,#561,#572,.T.);
#570 = VERTEX_POINT('',#571);
#571 = CARTESIAN_POINT('',(4.358898943541,-9.,13.));
#572 = LINE('',#573,#574);
#573 = CARTESIAN_POINT('',(4.358898943541,-9.,-12.));
#574 = VECTOR('',#575,1.);
#575 = DIRECTION('',(-0.,-0.,-1.));
#576 = ORIENTED_EDGE('',*,*,#577,.F.);
#577 = EDGE_CURVE('',#578,#570,#580,.T.);
#578 = VERTEX_POINT('',#579);
#579 = CARTESIAN_POINT('',(6.274321032469,-7.78671275838,13.));
#580 = CIRCLE('',#581,10.);
#581 = AXIS2_PLACEMENT_3D('',#582,#583,#584);
#582 = CARTESIAN_POINT('',(0.,0.,13.));
#583 = DIRECTION('',(0.,0.,-1.));
#584 = DIRECTION('',(1.,0.,0.));
#585 = ORIENTED_EDGE('',*,*,#586,.T.);
#586 = EDGE_CURVE('',#578,#492,#587,.T.);
#587 = CIRCLE('',#588,10.);
#588 = AXIS2_PLACEMENT_3D('',#589,#590,#591);
#589 = CARTESIAN_POINT('',(0.,0.,13.));
#590 = DIRECTION('',(0.,0.,1.));
#591 = DIRECTION('',(1.,0.,0.));
#592 = ORIENTED_EDGE('',*,*,#593,.F.);
#593 = EDGE_CURVE('',#594,#492,#596,.T.);
#594 = VERTEX_POINT('',#595);
#595 = CARTESIAN_POINT('',(9.845684333758,-1.75,6.));
#596 = LINE('',#597,#598);
#597 = CARTESIAN_POINT('',(9.845684333758,-1.75,20.));
#598 = VECTOR('',#599,1.);
#599 = DIRECTION('',(0.,0.,1.));
#600 = ORIENTED_EDGE('',*,*,#601,.F.);
#601 = EDGE_CURVE('',#602,#594,#604,.T.);
#602 = VERTEX_POINT('',#603);
#603 = CARTESIAN_POINT('',(10.,1.E-15,6.));
#604 = CIRCLE('',#605,10.);
#605 = AXIS2_PLACEMENT_3D('',#606,#607,#608);
#606 = CARTESIAN_POINT('',(0.,0.,6.));
#607 = DIRECTION('',(0.,0.,-1.));
#608 = DIRECTION('',(1.,0.,0.));
#609 = ORIENTED_EDGE('',*,*,#610,.F.);
#610 = EDGE_CURVE('',#73,#602,#611,.T.);
#611 = CIRCLE('',#612,10.);
#612 = AXIS2_PLACEMENT_3D('',#613,#614,#615);
#613 = CARTESIAN_POINT('',(0.,0.,6.));
#614 = DIRECTION('',(0.,0.,-1.));
#615 = DIRECTION('',(1.,0.,0.));
#616 = ORIENTED_EDGE('',*,*,#80,.F.);
#617 = ORIENTED_EDGE('',*,*,#618,.T.);
#618 = EDGE_CURVE('',#81,#162,#619,.T.);
#619 = CIRCLE('',#620,10.);
#620 = AXIS2_PLACEMENT_3D('',#621,#622,#623);
#621 = CARTESIAN_POINT('',(0.,0.,13.));
#622 = DIRECTION('',(0.,0.,1.));
#623 = DIRECTION('',(1.,0.,0.));
#624 = ORIENTED_EDGE('',*,*,#169,.F.);
#625 = ORIENTED_EDGE('',*,*,#626,.F.);
#626 = EDGE_CURVE('',#518,#170,#627,.T.);
#627 = CIRCLE('',#628,10.);
#628 = AXIS2_PLACEMENT_3D('',#629,#630,#631);
#629 = CARTESIAN_POINT('',(0.,0.,6.));
#630 = DIRECTION('',(0.,0.,-1.));
#631 = DIRECTION('',(1.,0.,0.));
#632 = FACE_BOUND('',#633,.F.);
#633 = EDGE_LOOP('',(#634,#661,#692));
#634 = ORIENTED_EDGE('',*,*,#635,.T.);
#635 = EDGE_CURVE('',#636,#638,#640,.T.);
#636 = VERTEX_POINT('',#637);
#637 = CARTESIAN_POINT('',(9.901515035589,1.4,-1.5));
#638 = VERTEX_POINT('',#639);
#639 = CARTESIAN_POINT('',(10.,0.,-0.1));
#640 = B_SPLINE_CURVE_WITH_KNOTS('',7,(#641,#642,#643,#644,#645,#646,
    #647,#648,#649,#650,#651,#652,#653,#654,#655,#656,#657,#658,#659,
    #660),.UNSPECIFIED.,.F.,.F.,(8,6,6,8),(0.,0.479122698656,
    0.788471640281,1.),.UNSPECIFIED.);
#641 = CARTESIAN_POINT('',(9.901515035589,1.4,-1.5));
#642 = CARTESIAN_POINT('',(9.901515035589,1.4,-1.365701957375));
#643 = CARTESIAN_POINT('',(9.903640130927,1.384970159846,-1.231410865965
    ));
#644 = CARTESIAN_POINT('',(9.907890140621,1.354912338271,-1.098339307427
    ));
#645 = CARTESIAN_POINT('',(9.914145917348,1.309630361663,-0.967763835367
    ));
#646 = CARTESIAN_POINT('',(9.922162754444,1.248786393711,-0.841151925913
    ));
#647 = CARTESIAN_POINT('',(9.931531765571,1.171952054144,-0.720306373189
    ));
#648 = CARTESIAN_POINT('',(9.948179730154,1.018521665389,-0.534840892941
    ));
#649 = CARTESIAN_POINT('',(9.955038071414,0.951348878911,-0.465302570061
    ));
#650 = CARTESIAN_POINT('',(9.962042494823,0.877220953439,-0.399887269714
    ));
#651 = CARTESIAN_POINT('',(9.968971917955,0.796263869714,-0.33951526126)
  );
#652 = CARTESIAN_POINT('',(9.97557253399,0.708712220676,-0.285134282205)
  );
#653 = CARTESIAN_POINT('',(9.981573511394,0.614919371291,-0.237725572415
    ));
#654 = CARTESIAN_POINT('',(9.990223321868,0.4473069353,-0.171363114384)
  );
#655 = CARTESIAN_POINT('',(9.993330588733,0.376585741878,-0.148166194873
    ));
#656 = CARTESIAN_POINT('',(9.995933260826,0.303648928901,-0.129152017277
    ));
#657 = CARTESIAN_POINT('',(9.997948600515,0.228986458656,-0.114650672468
    ));
#658 = CARTESIAN_POINT('',(9.999315553896,0.153124780768,-0.104891149671
    ));
#659 = CARTESIAN_POINT('',(10.,7.661149265726E-02,-1.E-01));
#660 = CARTESIAN_POINT('',(10.,2.1E-16,-1.E-01));
#661 = ORIENTED_EDGE('',*,*,#662,.T.);
#662 = EDGE_CURVE('',#638,#663,#665,.T.);
#663 = VERTEX_POINT('',#664);
#664 = CARTESIAN_POINT('',(10.,0.,-2.9));
#665 = B_SPLINE_CURVE_WITH_KNOTS('',7,(#666,#667,#668,#669,#670,#671,
    #672,#673,#674,#675,#676,#677,#678,#679,#680,#681,#682,#683,#684,
    #685,#686,#687,#688,#689,#690,#691),.UNSPECIFIED.,.F.,.F.,(8,6,6,6,8
    ),(0.,0.259233249005,0.500026793407,0.740841771471,1.),
  .UNSPECIFIED.);
#666 = CARTESIAN_POINT('',(10.,-1.11E-15,-1.E-01));
#667 = CARTESIAN_POINT('',(10.,-0.190635546013,-1.E-01));
#668 = CARTESIAN_POINT('',(9.99575997734,-0.376798379062,-0.130284696226
    ));
#669 = CARTESIAN_POINT('',(9.987639043286,-0.552869533635,
    -0.188297741018));
#670 = CARTESIAN_POINT('',(9.976717520861,-0.714070276914,-0.27033710015
    ));
#671 = CARTESIAN_POINT('',(9.96454544228,-0.856667749464,-0.371607132969
    ));
#672 = CARTESIAN_POINT('',(9.952538717575,-0.978348518018,
    -0.486279899707));
#673 = CARTESIAN_POINT('',(9.931532089328,-1.171949070345,
    -0.720302766395));
#674 = CARTESIAN_POINT('',(9.922163217262,-1.24878272688,-0.841145699404
    ));
#675 = CARTESIAN_POINT('',(9.914146162441,-1.309628935861,
    -0.967758376611));
#676 = CARTESIAN_POINT('',(9.90788989437,-1.354914097307,-1.0983393996)
  );
#677 = CARTESIAN_POINT('',(9.903639753547,-1.384972827377,
    -1.231419161805));
#678 = CARTESIAN_POINT('',(9.901515035589,-1.4,-1.365713912918));
#679 = CARTESIAN_POINT('',(9.901515035589,-1.4,-1.634298040237));
#680 = CARTESIAN_POINT('',(9.903640130875,-1.384970160413,
    -1.768589139922));
#681 = CARTESIAN_POINT('',(9.907890140904,-1.354912335546,
    -1.901660688283));
#682 = CARTESIAN_POINT('',(9.914145916786,-1.309630366842,
    -2.032236162476));
#683 = CARTESIAN_POINT('',(9.922162754959,-1.248786389021,-2.15884807891
    ));
#684 = CARTESIAN_POINT('',(9.931531765376,-1.171952055942,
    -2.279693624638));
#685 = CARTESIAN_POINT('',(9.952534945479,-0.978383282275,
    -2.513678077525));
#686 = CARTESIAN_POINT('',(9.964542600623,-0.85670155308,-2.628374489201
    ));
#687 = CARTESIAN_POINT('',(9.97671905319,-0.714067881061,-2.729680802658
    ));
#688 = CARTESIAN_POINT('',(9.987644027642,-0.552815610009,
    -2.811737778665));
#689 = CARTESIAN_POINT('',(9.995763498341,-0.376708006593,
    -2.869740461744));
#690 = CARTESIAN_POINT('',(10.,-0.190556349915,-2.9));
#691 = CARTESIAN_POINT('',(10.,0.,-2.9));
#692 = ORIENTED_EDGE('',*,*,#693,.T.);
#693 = EDGE_CURVE('',#663,#636,#694,.T.);
#694 = B_SPLINE_CURVE_WITH_KNOTS('',7,(#695,#696,#697,#698,#699,#700,
    #701,#702,#703,#704,#705,#706,#707,#708),.UNSPECIFIED.,.F.,.F.,(8,6,
    8),(0.,0.4580737268,1.),.UNSPECIFIED.);
#695 = CARTESIAN_POINT('',(10.,1.11E-15,-2.9));
#696 = CARTESIAN_POINT('',(10.,0.167747739612,-2.9));
#697 = CARTESIAN_POINT('',(9.996717003785,0.332690941998,-2.876550683554
    ));
#698 = CARTESIAN_POINT('',(9.990349183427,0.490676962249,-2.831062723813
    ));
#699 = CARTESIAN_POINT('',(9.981567826941,0.637973209536,-2.765922651769
    ));
#700 = CARTESIAN_POINT('',(9.971407440037,0.77150280057,-2.684434336093)
  );
#701 = CARTESIAN_POINT('',(9.960910095179,0.889121466665,-2.590777520658
    ));
#702 = CARTESIAN_POINT('',(9.939012447563,1.109234564399,-2.370664422924
    ));
#703 = CARTESIAN_POINT('',(9.927557193253,1.207446233009,-2.238915457417
    ));
#704 = CARTESIAN_POINT('',(9.917530549097,1.28505205314,-2.098587393592)
  );
#705 = CARTESIAN_POINT('',(9.909618525285,1.342689239539,-1.952487144987
    ));
#706 = CARTESIAN_POINT('',(9.904216270258,1.38089518428,-1.802814544181)
  );
#707 = CARTESIAN_POINT('',(9.901515035589,1.4,-1.651413912999));
#708 = CARTESIAN_POINT('',(9.901515035589,1.4,-1.5));
#709 = FACE_BOUND('',#710,.F.);
#710 = EDGE_LOOP('',(#711));
#711 = ORIENTED_EDGE('',*,*,#712,.F.);
#712 = EDGE_CURVE('',#713,#713,#715,.T.);
#713 = VERTEX_POINT('',#714);
#714 = CARTESIAN_POINT('',(1.25,9.921567416492,-1.5));
#715 = B_SPLINE_CURVE_WITH_KNOTS('',7,(#716,#717,#718,#719,#720,#721,
    #722,#723,#724,#725,#726,#727,#728,#729,#730,#731,#732,#733,#734,
    #735,#736,#737,#738,#739,#740,#741,#742,#743,#744,#745,#746,#747,
    #748,#749,#750,#751,#752,#753,#754,#755,#756,#757,#758,#759),
  .UNSPECIFIED.,.T.,.F.,(8,6,6,6,6,6,6,8),(0.,0.151170084297,
    0.287095302005,0.424410363586,0.587039539546,0.713643207595,
    0.839624994593,1.),.UNSPECIFIED.);
#716 = CARTESIAN_POINT('',(1.25,9.921567416492,-1.5));
#717 = CARTESIAN_POINT('',(1.25,9.921567416492,-1.349612408282));
#718 = CARTESIAN_POINT('',(1.228891782564,9.924226705511,-1.199163632864
    ));
#719 = CARTESIAN_POINT('',(1.186641228027,9.929550273182,-1.050848285353
    ));
#720 = CARTESIAN_POINT('',(1.12283106801,9.937300907635,-0.907068137573)
  );
#721 = CARTESIAN_POINT('',(1.036883825711,9.946979307413,-0.770740945402
    ));
#722 = CARTESIAN_POINT('',(0.928225270044,9.957699839883,-0.64559944147)
  );
#723 = CARTESIAN_POINT('',(0.678590407731,9.977653686302,-0.439083523141
    ));
#724 = CARTESIAN_POINT('',(0.538792120279,9.9871819351,-0.351932070133)
  );
#725 = CARTESIAN_POINT('',(0.380285368992,9.995488843209,-0.284419042946
    ));
#726 = CARTESIAN_POINT('',(0.208722415229,10.000979987875,
    -0.242681652581));
#727 = CARTESIAN_POINT('',(3.134647356825E-02,10.002562379867,
    -0.229951708327));
#728 = CARTESIAN_POINT('',(-0.144156959184,10.000351810964,
    -0.24646837689));
#729 = CARTESIAN_POINT('',(-0.47927233189,9.9899292983,-0.332511380289)
  );
#730 = CARTESIAN_POINT('',(-0.633848203477,9.981808020268,-0.40133077709
    ));
#731 = CARTESIAN_POINT('',(-0.771567376741,9.97187047182,-0.490711032895
    ));
#732 = CARTESIAN_POINT('',(-0.890693284493,9.961375681813,
    -0.596149977835));
#733 = CARTESIAN_POINT('',(-0.990303584248,9.95141218043,-0.713423808914
    ));
#734 = CARTESIAN_POINT('',(-1.070222387532,9.942754648014,
    -0.838545022772));
#735 = CARTESIAN_POINT('',(-1.203055867054,9.927633704604,
    -1.120830535773));
#736 = CARTESIAN_POINT('',(-1.250319332907,9.921636595156,
    -1.283991553914));
#737 = CARTESIAN_POINT('',(-1.271671564515,9.918733202349,-1.45294522174
    ));
#738 = CARTESIAN_POINT('',(-1.266607431934,9.919415538242,
    -1.623440446726));
#739 = CARTESIAN_POINT('',(-1.235150536581,9.923616688586,
    -1.791285182031));
#740 = CARTESIAN_POINT('',(-1.177778598962,9.930745641525,
    -1.952315691258));
#741 = CARTESIAN_POINT('',(-1.0312402424,9.946894383009,-2.21886797231)
  );
#742 = CARTESIAN_POINT('',(-0.950611791992,9.95529093995,-2.331185819403
    ));
#743 = CARTESIAN_POINT('',(-0.853155651754,9.964602633139,
    -2.435939203981));
#744 = CARTESIAN_POINT('',(-0.739178987161,9.974157046811,
    -2.529793389674));
#745 = CARTESIAN_POINT('',(-0.609604290151,9.983063743066,-2.60930408435
    ));
#746 = CARTESIAN_POINT('',(-0.466001521351,9.990342037321,
    -2.670895984724));
#747 = CARTESIAN_POINT('',(-0.156485244825,9.999968385662,
    -2.750366257359));
#748 = CARTESIAN_POINT('',(5.924766717661E-03,10.002234559747,
    -2.767587484891));
#749 = CARTESIAN_POINT('',(0.170674041709,10.001276376808,
    -2.759709001487));
#750 = CARTESIAN_POINT('',(0.331380907589,9.996938146052,-2.726625121223
    ));
#751 = CARTESIAN_POINT('',(0.481954273442,9.989974893047,-2.67065923748)
  );
#752 = CARTESIAN_POINT('',(0.617398219925,9.981616165453,-2.596518908384
    ));
#753 = CARTESIAN_POINT('',(0.884097091589,9.961967851948,-2.40275083595)
  );
#754 = CARTESIAN_POINT('',(1.007785773621,9.950231135056,-2.273562516233
    ));
#755 = CARTESIAN_POINT('',(1.105575889579,9.939391662358,-2.130469412241
    ));
#756 = CARTESIAN_POINT('',(1.178098544871,9.930626910433,-1.978215621101
    ));
#757 = CARTESIAN_POINT('',(1.226056189354,9.924583870031,-1.820463574158
    ));
#758 = CARTESIAN_POINT('',(1.25,9.921567416492,-1.660171177131));
#759 = CARTESIAN_POINT('',(1.25,9.921567416492,-1.5));
#760 = FACE_BOUND('',#761,.F.);
#761 = EDGE_LOOP('',(#762));
#762 = ORIENTED_EDGE('',*,*,#763,.F.);
#763 = EDGE_CURVE('',#764,#764,#766,.T.);
#764 = VERTEX_POINT('',#765);
#765 = CARTESIAN_POINT('',(-9.901515035589,1.4,-1.5));
#766 = B_SPLINE_CURVE_WITH_KNOTS('',7,(#767,#768,#769,#770,#771,#772,
    #773,#774,#775,#776,#777,#778,#779,#780,#781,#782,#783,#784,#785,
    #786,#787,#788,#789,#790,#791,#792,#793,#794,#795,#796,#797,#798,
    #799,#800,#801,#802,#803,#804,#805,#806,#807,#808,#809,#810,#811,
    #812,#813,#814,#815,#816),.UNSPECIFIED.,.T.,.F.,(8,6,6,6,6,6,6,6,8),
  (0.,0.119518182796,0.214420177626,0.301785743823,0.437600293702,
    0.587226124545,0.713821961503,0.834132990792,1.),.UNSPECIFIED.);
#767 = CARTESIAN_POINT('',(-9.901515035589,1.4,-1.5));
#768 = CARTESIAN_POINT('',(-9.901515035589,1.4,-1.365701957375));
#769 = CARTESIAN_POINT('',(-9.903640130927,1.384970159846,
    -1.231410865965));
#770 = CARTESIAN_POINT('',(-9.907890140621,1.354912338271,
    -1.098339307427));
#771 = CARTESIAN_POINT('',(-9.914145917348,1.309630361662,
    -0.967763835367));
#772 = CARTESIAN_POINT('',(-9.922162754444,1.248786393712,
    -0.841151925913));
#773 = CARTESIAN_POINT('',(-9.931531765571,1.171952054144,
    -0.720306373189));
#774 = CARTESIAN_POINT('',(-9.94968079824,1.004687574211,-0.51811834935)
  );
#775 = CARTESIAN_POINT('',(-9.958232737844,0.919873700847,
    -0.433230587726));
#776 = CARTESIAN_POINT('',(-9.966956040676,0.824361621756,
    -0.354863982329));
#777 = CARTESIAN_POINT('',(-9.975398768005,0.718562880125,-0.28490993923
    ));
#778 = CARTESIAN_POINT('',(-9.983043619941,0.603192827323,
    -0.225227152697));
#779 = CARTESIAN_POINT('',(-9.989369682349,0.479273990674,-0.17764642548
    ));
#780 = CARTESIAN_POINT('',(-9.998141978218,0.227469352355,
    -0.112993983022));
#781 = CARTESIAN_POINT('',(-10.00082825987,0.101488944721,
    -9.400753021567E-02));
#782 = CARTESIAN_POINT('',(-10.00164311845,-2.726891336371E-02,
    -8.849047738574E-02));
#783 = CARTESIAN_POINT('',(-10.00041840323,-0.156028867266,
    -9.698220603143E-02));
#784 = CARTESIAN_POINT('',(-9.997262542013,-0.281977177175,
    -0.11911519809));
#785 = CARTESIAN_POINT('',(-9.992536035448,-0.402492131791,
    -0.153619678465));
#786 = CARTESIAN_POINT('',(-9.977654724771,-0.690855991398,
    -0.267791007209));
#787 = CARTESIAN_POINT('',(-9.965964502636,-0.847487085982,
    -0.361731206274));
#788 = CARTESIAN_POINT('',(-9.953115379826,-0.98346187542,
    -0.474233851716));
#789 = CARTESIAN_POINT('',(-9.940516638135,-1.098213542643,
    -0.600571808905));
#790 = CARTESIAN_POINT('',(-9.929204245355,-1.191771598705,
    -0.736770973558));
#791 = CARTESIAN_POINT('',(-9.919864648536,-1.264558787616,
    -0.879458445726));
#792 = CARTESIAN_POINT('',(-9.905154020281,-1.375263930011,
    -1.186953808007));
#793 = CARTESIAN_POINT('',(-9.900241463222,-1.409198406102,
    -1.353409606335));
#794 = CARTESIAN_POINT('',(-9.898628540773,-1.419791882425,
    -1.522386269395));
#795 = CARTESIAN_POINT('',(-9.900494013008,-1.407206948488,
    -1.691600454594));
#796 = CARTESIAN_POINT('',(-9.905760637218,-1.371205215034,
    -1.858677437017));
#797 = CARTESIAN_POINT('',(-9.914019184196,-1.311283782986,
    -2.020833104187));
#798 = CARTESIAN_POINT('',(-9.933292255,-1.155373913468,-2.304432104025)
  );
#799 = CARTESIAN_POINT('',(-9.943783687376,-1.06557307579,
    -2.429724218852));
#800 = CARTESIAN_POINT('',(-9.955433560479,-0.9569366302,-2.546850556415
    ));
#801 = CARTESIAN_POINT('',(-9.96742066582,-0.829639664916,
    -2.652108310874));
#802 = CARTESIAN_POINT('',(-9.978641229079,-0.684517315964,
    -2.741580443341));
#803 = CARTESIAN_POINT('',(-9.987841646498,-0.523135543034,
    -2.811091841976));
#804 = CARTESIAN_POINT('',(-9.999730121203,-0.181882452878,
    -2.898710743369));
#805 = CARTESIAN_POINT('',(-10.00259595085,-6.840110047545E-03,
    -2.918296855006));
#806 = CARTESIAN_POINT('',(-10.00172751121,0.171043686865,-2.91179774847
    ));
#807 = CARTESIAN_POINT('',(-9.996911928528,0.345120031452,
    -2.878956151474));
#808 = CARTESIAN_POINT('',(-9.988951302499,0.508997089604,
    -2.822070112128));
#809 = CARTESIAN_POINT('',(-9.979215750304,0.657372930735,-2.74595067837
    ));
#810 = CARTESIAN_POINT('',(-9.954892304282,0.965512511155,
    -2.536539235761));
#811 = CARTESIAN_POINT('',(-9.939497120216,1.11295503375,-2.389357232663
    ));
#812 = CARTESIAN_POINT('',(-9.925157969272,1.22907716077,-2.225295583684
    ));
#813 = CARTESIAN_POINT('',(-9.913539716174,1.314966642174,
    -2.050287441167));
#814 = CARTESIAN_POINT('',(-9.905520627468,1.371667636053,
    -1.868844715279));
#815 = CARTESIAN_POINT('',(-9.901515035589,1.4,-1.684386142996));
#816 = CARTESIAN_POINT('',(-9.901515035589,1.4,-1.5));
#817 = CYLINDRICAL_SURFACE('',#818,10.);
#818 = AXIS2_PLACEMENT_3D('',#819,#820,#821);
#819 = CARTESIAN_POINT('',(0.,0.,-12.));
#820 = DIRECTION('',(-0.,-0.,-1.));
#821 = DIRECTION('',(1.,0.,0.));
#822 = ADVANCED_FACE('',(#823),#836,.T.);
#823 = FACE_BOUND('',#824,.T.);
#824 = EDGE_LOOP('',(#825,#826,#827,#828,#834,#835));
#825 = ORIENTED_EDGE('',*,*,#72,.T.);
#826 = ORIENTED_EDGE('',*,*,#277,.T.);
#827 = ORIENTED_EDGE('',*,*,#268,.T.);
#828 = ORIENTED_EDGE('',*,*,#829,.T.);
#829 = EDGE_CURVE('',#261,#594,#830,.T.);
#830 = LINE('',#831,#832);
#831 = CARTESIAN_POINT('',(5.843586227652,-1.75,6.));
#832 = VECTOR('',#833,1.);
#833 = DIRECTION('',(1.,0.,0.));
#834 = ORIENTED_EDGE('',*,*,#601,.F.);
#835 = ORIENTED_EDGE('',*,*,#610,.F.);
#836 = PLANE('',#837);
#837 = AXIS2_PLACEMENT_3D('',#838,#839,#840);
#838 = CARTESIAN_POINT('',(3.993782785761E-03,-1.5E-16,6.));
#839 = DIRECTION('',(0.,0.,1.));
#840 = DIRECTION('',(1.,0.,0.));
#841 = ADVANCED_FACE('',(#842),#853,.T.);
#842 = FACE_BOUND('',#843,.T.);
#843 = EDGE_LOOP('',(#844,#845,#846,#852));
#844 = ORIENTED_EDGE('',*,*,#177,.T.);
#845 = ORIENTED_EDGE('',*,*,#626,.F.);
#846 = ORIENTED_EDGE('',*,*,#847,.T.);
#847 = EDGE_CURVE('',#518,#192,#848,.T.);
#848 = LINE('',#849,#850);
#849 = CARTESIAN_POINT('',(-9.845684333758,-1.75,6.));
#850 = VECTOR('',#851,1.);
#851 = DIRECTION('',(1.,0.,0.));
#852 = ORIENTED_EDGE('',*,*,#191,.T.);
#853 = PLANE('',#854);
#854 = AXIS2_PLACEMENT_3D('',#855,#856,#857);
#855 = CARTESIAN_POINT('',(3.993782785761E-03,-1.5E-16,6.));
#856 = DIRECTION('',(0.,0.,1.));
#857 = DIRECTION('',(1.,0.,0.));
#858 = ADVANCED_FACE('',(#859),#884,.F.);
#859 = FACE_BOUND('',#860,.F.);
#860 = EDGE_LOOP('',(#861,#870,#871,#878));
#861 = ORIENTED_EDGE('',*,*,#862,.F.);
#862 = EDGE_CURVE('',#154,#863,#865,.T.);
#863 = VERTEX_POINT('',#864);
#864 = CARTESIAN_POINT('',(-9.845684333758,-1.75,24.));
#865 = CIRCLE('',#866,10.);
#866 = AXIS2_PLACEMENT_3D('',#867,#868,#869);
#867 = CARTESIAN_POINT('',(0.,0.,24.));
#868 = DIRECTION('',(0.,0.,1.));
#869 = DIRECTION('',(1.,0.,0.));
#870 = ORIENTED_EDGE('',*,*,#161,.F.);
#871 = ORIENTED_EDGE('',*,*,#872,.T.);
#872 = EDGE_CURVE('',#162,#516,#873,.T.);
#873 = CIRCLE('',#874,10.);
#874 = AXIS2_PLACEMENT_3D('',#875,#876,#877);
#875 = CARTESIAN_POINT('',(0.,0.,13.));
#876 = DIRECTION('',(0.,0.,1.));
#877 = DIRECTION('',(1.,0.,0.));
#878 = ORIENTED_EDGE('',*,*,#879,.F.);
#879 = EDGE_CURVE('',#863,#516,#880,.T.);
#880 = LINE('',#881,#882);
#881 = CARTESIAN_POINT('',(-9.845684333758,-1.75,-12.));
#882 = VECTOR('',#883,1.);
#883 = DIRECTION('',(-0.,-0.,-1.));
#884 = CYLINDRICAL_SURFACE('',#885,10.);
#885 = AXIS2_PLACEMENT_3D('',#886,#887,#888);
#886 = CARTESIAN_POINT('',(0.,0.,24.));
#887 = DIRECTION('',(0.,0.,1.));
#888 = DIRECTION('',(1.,0.,0.));
#889 = ADVANCED_FACE('',(#890),#918,.T.);
#890 = FACE_BOUND('',#891,.T.);
#891 = EDGE_LOOP('',(#892,#900,#901,#902,#903,#904,#912));
#892 = ORIENTED_EDGE('',*,*,#893,.F.);
#893 = EDGE_CURVE('',#201,#894,#896,.T.);
#894 = VERTEX_POINT('',#895);
#895 = CARTESIAN_POINT('',(-3.872983346208,-1.75,4.));
#896 = LINE('',#897,#898);
#897 = CARTESIAN_POINT('',(-11.,-1.75,4.));
#898 = VECTOR('',#899,1.);
#899 = DIRECTION('',(1.,0.,0.));
#900 = ORIENTED_EDGE('',*,*,#200,.T.);
#901 = ORIENTED_EDGE('',*,*,#847,.F.);
#902 = ORIENTED_EDGE('',*,*,#515,.F.);
#903 = ORIENTED_EDGE('',*,*,#879,.F.);
#904 = ORIENTED_EDGE('',*,*,#905,.T.);
#905 = EDGE_CURVE('',#863,#906,#908,.T.);
#906 = VERTEX_POINT('',#907);
#907 = CARTESIAN_POINT('',(-3.872983346207,-1.75,24.));
#908 = LINE('',#909,#910);
#909 = CARTESIAN_POINT('',(-9.845684333758,-1.75,24.));
#910 = VECTOR('',#911,1.);
#911 = DIRECTION('',(1.,0.,0.));
#912 = ORIENTED_EDGE('',*,*,#913,.F.);
#913 = EDGE_CURVE('',#894,#906,#914,.T.);
#914 = LINE('',#915,#916);
#915 = CARTESIAN_POINT('',(-3.872983346207,-1.75,20.));
#916 = VECTOR('',#917,1.);
#917 = DIRECTION('',(0.,0.,1.));
#918 = PLANE('',#919);
#919 = AXIS2_PLACEMENT_3D('',#920,#921,#922);
#920 = CARTESIAN_POINT('',(-6.859333839983,-1.75,14.));
#921 = DIRECTION('',(-1.36E-15,1.,-4.8E-16));
#922 = DIRECTION('',(1.,1.36E-15,0.));
#923 = ADVANCED_FACE('',(#924),#950,.F.);
#924 = FACE_BOUND('',#925,.F.);
#925 = EDGE_LOOP('',(#926,#927,#935,#942,#943,#944));
#926 = ORIENTED_EDGE('',*,*,#251,.F.);
#927 = ORIENTED_EDGE('',*,*,#928,.F.);
#928 = EDGE_CURVE('',#929,#252,#931,.T.);
#929 = VERTEX_POINT('',#930);
#930 = CARTESIAN_POINT('',(3.872983346207,-1.75,4.));
#931 = LINE('',#932,#933);
#932 = CARTESIAN_POINT('',(-11.,-1.75,4.));
#933 = VECTOR('',#934,1.);
#934 = DIRECTION('',(1.,0.,0.));
#935 = ORIENTED_EDGE('',*,*,#936,.F.);
#936 = EDGE_CURVE('',#894,#929,#937,.T.);
#937 = CIRCLE('',#938,4.25);
#938 = AXIS2_PLACEMENT_3D('',#939,#940,#941);
#939 = CARTESIAN_POINT('',(0.,0.,4.));
#940 = DIRECTION('',(0.,0.,1.));
#941 = DIRECTION('',(1.,0.,0.));
#942 = ORIENTED_EDGE('',*,*,#893,.F.);
#943 = ORIENTED_EDGE('',*,*,#208,.F.);
#944 = ORIENTED_EDGE('',*,*,#945,.T.);
#945 = EDGE_CURVE('',#209,#244,#946,.T.);
#946 = LINE('',#947,#948);
#947 = CARTESIAN_POINT('',(0.,-5.1,4.));
#948 = VECTOR('',#949,1.);
#949 = DIRECTION('',(1.,0.,0.));
#950 = PLANE('',#951);
#951 = AXIS2_PLACEMENT_3D('',#952,#953,#954);
#952 = CARTESIAN_POINT('',(-3.6E-16,-1.8E-16,4.));
#953 = DIRECTION('',(0.,0.,1.));
#954 = DIRECTION('',(1.,0.,0.));
#955 = ADVANCED_FACE('',(#956,#967),#978,.T.);
#956 = FACE_BOUND('',#957,.T.);
#957 = EDGE_LOOP('',(#958,#964,#965,#966));
#958 = ORIENTED_EDGE('',*,*,#959,.T.);
#959 = EDGE_CURVE('',#235,#218,#960,.T.);
#960 = LINE('',#961,#962);
#961 = CARTESIAN_POINT('',(0.,-5.1,-6.));
#962 = VECTOR('',#963,1.);
#963 = DIRECTION('',(-1.,0.,0.));
#964 = ORIENTED_EDGE('',*,*,#217,.F.);
#965 = ORIENTED_EDGE('',*,*,#945,.T.);
#966 = ORIENTED_EDGE('',*,*,#243,.T.);
#967 = FACE_BOUND('',#968,.T.);
#968 = EDGE_LOOP('',(#969));
#969 = ORIENTED_EDGE('',*,*,#970,.T.);
#970 = EDGE_CURVE('',#971,#971,#973,.T.);
#971 = VERTEX_POINT('',#972);
#972 = CARTESIAN_POINT('',(1.25,-5.1,-1.5));
#973 = CIRCLE('',#974,1.25);
#974 = AXIS2_PLACEMENT_3D('',#975,#976,#977);
#975 = CARTESIAN_POINT('',(0.,-5.1,-1.5));
#976 = DIRECTION('',(0.,-1.,2.2E-16));
#977 = DIRECTION('',(1.,0.,0.));
#978 = PLANE('',#979);
#979 = AXIS2_PLACEMENT_3D('',#980,#981,#982);
#980 = CARTESIAN_POINT('',(0.,-5.1,-1.));
#981 = DIRECTION('',(0.,1.,0.));
#982 = DIRECTION('',(0.,0.,1.));
#983 = ADVANCED_FACE('',(#984,#994),#999,.F.);
#984 = FACE_BOUND('',#985,.F.);
#985 = EDGE_LOOP('',(#986,#987,#988));
#986 = ORIENTED_EDGE('',*,*,#560,.F.);
#987 = ORIENTED_EDGE('',*,*,#551,.F.);
#988 = ORIENTED_EDGE('',*,*,#989,.F.);
#989 = EDGE_CURVE('',#561,#544,#990,.T.);
#990 = LINE('',#991,#992);
#991 = CARTESIAN_POINT('',(-2.6E-16,-9.,-6.));
#992 = VECTOR('',#993,1.);
#993 = DIRECTION('',(-1.,0.,0.));
#994 = FACE_BOUND('',#995,.F.);
#995 = EDGE_LOOP('',(#996,#997,#998));
#996 = ORIENTED_EDGE('',*,*,#234,.T.);
#997 = ORIENTED_EDGE('',*,*,#959,.T.);
#998 = ORIENTED_EDGE('',*,*,#225,.T.);
#999 = PLANE('',#1000);
#1000 = AXIS2_PLACEMENT_3D('',#1001,#1002,#1003);
#1001 = CARTESIAN_POINT('',(-5.2E-16,-2.E-16,-6.));
#1002 = DIRECTION('',(0.,0.,1.));
#1003 = DIRECTION('',(1.,0.,0.));
#1004 = ADVANCED_FACE('',(#1005),#1026,.T.);
#1005 = FACE_BOUND('',#1006,.T.);
#1006 = EDGE_LOOP('',(#1007,#1008,#1009,#1017,#1023,#1024,#1025));
#1007 = ORIENTED_EDGE('',*,*,#260,.F.);
#1008 = ORIENTED_EDGE('',*,*,#928,.F.);
#1009 = ORIENTED_EDGE('',*,*,#1010,.T.);
#1010 = EDGE_CURVE('',#929,#1011,#1013,.T.);
#1011 = VERTEX_POINT('',#1012);
#1012 = CARTESIAN_POINT('',(3.872983346207,-1.75,24.));
#1013 = LINE('',#1014,#1015);
#1014 = CARTESIAN_POINT('',(3.872983346207,-1.75,20.));
#1015 = VECTOR('',#1016,1.);
#1016 = DIRECTION('',(0.,0.,1.));
#1017 = ORIENTED_EDGE('',*,*,#1018,.T.);
#1018 = EDGE_CURVE('',#1011,#483,#1019,.T.);
#1019 = LINE('',#1020,#1021);
#1020 = CARTESIAN_POINT('',(3.872983346207,-1.75,24.));
#1021 = VECTOR('',#1022,1.);
#1022 = DIRECTION('',(1.,0.,0.));
#1023 = ORIENTED_EDGE('',*,*,#491,.F.);
#1024 = ORIENTED_EDGE('',*,*,#593,.F.);
#1025 = ORIENTED_EDGE('',*,*,#829,.F.);
#1026 = PLANE('',#1027);
#1027 = AXIS2_PLACEMENT_3D('',#1028,#1029,#1030);
#1028 = CARTESIAN_POINT('',(6.859333839983,-1.75,14.));
#1029 = DIRECTION('',(3.68E-15,1.,7.4E-16));
#1030 = DIRECTION('',(1.,-3.68E-15,0.));
#1031 = ADVANCED_FACE('',(#1032),#1046,.F.);
#1032 = FACE_BOUND('',#1033,.F.);
#1033 = EDGE_LOOP('',(#1034,#1035,#1040,#1041,#1042,#1043,#1044,#1045));
#1034 = ORIENTED_EDGE('',*,*,#635,.F.);
#1035 = ORIENTED_EDGE('',*,*,#1036,.F.);
#1036 = EDGE_CURVE('',#292,#636,#1037,.T.);
#1037 = B_SPLINE_CURVE_WITH_KNOTS('',1,(#1038,#1039),.UNSPECIFIED.,.F.,
  .F.,(2,2),(-77.60586575768,77.605865757686),.PIECEWISE_BEZIER_KNOTS.);
#1038 = CARTESIAN_POINT('',(-77.60586575768,1.4,-1.5));
#1039 = CARTESIAN_POINT('',(77.605865757686,1.4,-1.5));
#1040 = ORIENTED_EDGE('',*,*,#310,.T.);
#1041 = ORIENTED_EDGE('',*,*,#329,.T.);
#1042 = ORIENTED_EDGE('',*,*,#289,.T.);
#1043 = ORIENTED_EDGE('',*,*,#1036,.T.);
#1044 = ORIENTED_EDGE('',*,*,#693,.F.);
#1045 = ORIENTED_EDGE('',*,*,#662,.F.);
#1046 = CYLINDRICAL_SURFACE('',#1047,1.4);
#1047 = AXIS2_PLACEMENT_3D('',#1048,#1049,#1050);
#1048 = CARTESIAN_POINT('',(0.,0.,-1.5));
#1049 = DIRECTION('',(1.,0.,0.));
#1050 = DIRECTION('',(0.,1.,0.));
#1051 = ADVANCED_FACE('',(#1052),#1062,.F.);
#1052 = FACE_BOUND('',#1053,.F.);
#1053 = EDGE_LOOP('',(#1054,#1055,#1060,#1061));
#1054 = ORIENTED_EDGE('',*,*,#360,.F.);
#1055 = ORIENTED_EDGE('',*,*,#1056,.F.);
#1056 = EDGE_CURVE('',#764,#361,#1057,.T.);
#1057 = B_SPLINE_CURVE_WITH_KNOTS('',1,(#1058,#1059),.UNSPECIFIED.,.F.,
  .F.,(2,2),(-77.60586575768,77.605865757686),.PIECEWISE_BEZIER_KNOTS.);
#1058 = CARTESIAN_POINT('',(-77.60586575768,1.4,-1.5));
#1059 = CARTESIAN_POINT('',(77.605865757686,1.4,-1.5));
#1060 = ORIENTED_EDGE('',*,*,#763,.T.);
#1061 = ORIENTED_EDGE('',*,*,#1056,.T.);
#1062 = CYLINDRICAL_SURFACE('',#1063,1.4);
#1063 = AXIS2_PLACEMENT_3D('',#1064,#1065,#1066);
#1064 = CARTESIAN_POINT('',(0.,0.,-1.5));
#1065 = DIRECTION('',(1.,0.,0.));
#1066 = DIRECTION('',(0.,1.,0.));
#1067 = ADVANCED_FACE('',(#1068),#1078,.F.);
#1068 = FACE_BOUND('',#1069,.F.);
#1069 = EDGE_LOOP('',(#1070,#1071,#1076,#1077));
#1070 = ORIENTED_EDGE('',*,*,#425,.F.);
#1071 = ORIENTED_EDGE('',*,*,#1072,.F.);
#1072 = EDGE_CURVE('',#713,#426,#1073,.T.);
#1073 = B_SPLINE_CURVE_WITH_KNOTS('',1,(#1074,#1075),.UNSPECIFIED.,.F.,
  .F.,(2,2),(-77.60859571086,77.608595710867),.PIECEWISE_BEZIER_KNOTS.);
#1074 = CARTESIAN_POINT('',(1.25,77.608595710867,-1.5));
#1075 = CARTESIAN_POINT('',(1.25,-77.60859571086,-1.5));
#1076 = ORIENTED_EDGE('',*,*,#712,.T.);
#1077 = ORIENTED_EDGE('',*,*,#1072,.T.);
#1078 = CYLINDRICAL_SURFACE('',#1079,1.25);
#1079 = AXIS2_PLACEMENT_3D('',#1080,#1081,#1082);
#1080 = CARTESIAN_POINT('',(0.,2.33E-15,-1.5));
#1081 = DIRECTION('',(0.,-1.,2.2E-16));
#1082 = DIRECTION('',(1.,0.,0.));
#1083 = ADVANCED_FACE('',(#1084,#1095),#1110,.F.);
#1084 = FACE_BOUND('',#1085,.F.);
#1085 = EDGE_LOOP('',(#1086));
#1086 = ORIENTED_EDGE('',*,*,#1087,.F.);
#1087 = EDGE_CURVE('',#1088,#1088,#1090,.T.);
#1088 = VERTEX_POINT('',#1089);
#1089 = CARTESIAN_POINT('',(15.,0.,13.));
#1090 = CIRCLE('',#1091,15.);
#1091 = AXIS2_PLACEMENT_3D('',#1092,#1093,#1094);
#1092 = CARTESIAN_POINT('',(0.,0.,13.));
#1093 = DIRECTION('',(0.,0.,-1.));
#1094 = DIRECTION('',(1.,0.,0.));
#1095 = FACE_BOUND('',#1096,.F.);
#1096 = EDGE_LOOP('',(#1097,#1098,#1099,#1100,#1106,#1107,#1108,#1109));
#1097 = ORIENTED_EDGE('',*,*,#499,.F.);
#1098 = ORIENTED_EDGE('',*,*,#586,.F.);
#1099 = ORIENTED_EDGE('',*,*,#577,.T.);
#1100 = ORIENTED_EDGE('',*,*,#1101,.T.);
#1101 = EDGE_CURVE('',#570,#535,#1102,.T.);
#1102 = LINE('',#1103,#1104);
#1103 = CARTESIAN_POINT('',(1.4E-16,-9.,13.));
#1104 = VECTOR('',#1105,1.);
#1105 = DIRECTION('',(-1.,0.,0.));
#1106 = ORIENTED_EDGE('',*,*,#534,.T.);
#1107 = ORIENTED_EDGE('',*,*,#525,.F.);
#1108 = ORIENTED_EDGE('',*,*,#872,.F.);
#1109 = ORIENTED_EDGE('',*,*,#618,.F.);
#1110 = PLANE('',#1111);
#1111 = AXIS2_PLACEMENT_3D('',#1112,#1113,#1114);
#1112 = CARTESIAN_POINT('',(-7.3E-16,-1.2E-16,13.));
#1113 = DIRECTION('',(0.,0.,1.));
#1114 = DIRECTION('',(1.,0.,0.));
#1115 = ADVANCED_FACE('',(#1116,#1122),#1133,.T.);
#1116 = FACE_BOUND('',#1117,.T.);
#1117 = EDGE_LOOP('',(#1118,#1119,#1120,#1121));
#1118 = ORIENTED_EDGE('',*,*,#989,.F.);
#1119 = ORIENTED_EDGE('',*,*,#569,.F.);
#1120 = ORIENTED_EDGE('',*,*,#1101,.T.);
#1121 = ORIENTED_EDGE('',*,*,#543,.F.);
#1122 = FACE_BOUND('',#1123,.T.);
#1123 = EDGE_LOOP('',(#1124));
#1124 = ORIENTED_EDGE('',*,*,#1125,.F.);
#1125 = EDGE_CURVE('',#1126,#1126,#1128,.T.);
#1126 = VERTEX_POINT('',#1127);
#1127 = CARTESIAN_POINT('',(1.25,-9.,-1.5));
#1128 = CIRCLE('',#1129,1.25);
#1129 = AXIS2_PLACEMENT_3D('',#1130,#1131,#1132);
#1130 = CARTESIAN_POINT('',(0.,-9.,-1.5));
#1131 = DIRECTION('',(0.,-1.,2.2E-16));
#1132 = DIRECTION('',(1.,0.,0.));
#1133 = PLANE('',#1134);
#1134 = AXIS2_PLACEMENT_3D('',#1135,#1136,#1137);
#1135 = CARTESIAN_POINT('',(1.01E-15,-9.,9.));
#1136 = DIRECTION('',(-0.,-1.,-2.4E-16));
#1137 = DIRECTION('',(0.,2.4E-16,-1.));
#1138 = ADVANCED_FACE('',(#1139),#1151,.F.);
#1139 = FACE_BOUND('',#1140,.F.);
#1140 = EDGE_LOOP('',(#1141,#1142,#1143,#1144));
#1141 = ORIENTED_EDGE('',*,*,#913,.F.);
#1142 = ORIENTED_EDGE('',*,*,#936,.T.);
#1143 = ORIENTED_EDGE('',*,*,#1010,.T.);
#1144 = ORIENTED_EDGE('',*,*,#1145,.F.);
#1145 = EDGE_CURVE('',#906,#1011,#1146,.T.);
#1146 = CIRCLE('',#1147,4.25);
#1147 = AXIS2_PLACEMENT_3D('',#1148,#1149,#1150);
#1148 = CARTESIAN_POINT('',(0.,0.,24.));
#1149 = DIRECTION('',(0.,0.,1.));
#1150 = DIRECTION('',(1.,0.,0.));
#1151 = CYLINDRICAL_SURFACE('',#1152,4.25);
#1152 = AXIS2_PLACEMENT_3D('',#1153,#1154,#1155);
#1153 = CARTESIAN_POINT('',(0.,0.,20.));
#1154 = DIRECTION('',(0.,0.,1.));
#1155 = DIRECTION('',(1.,0.,0.));
#1156 = ADVANCED_FACE('',(#1157),#1167,.F.);
#1157 = FACE_BOUND('',#1158,.F.);
#1158 = EDGE_LOOP('',(#1159,#1160,#1165,#1166));
#1159 = ORIENTED_EDGE('',*,*,#1125,.F.);
#1160 = ORIENTED_EDGE('',*,*,#1161,.F.);
#1161 = EDGE_CURVE('',#971,#1126,#1162,.T.);
#1162 = B_SPLINE_CURVE_WITH_KNOTS('',1,(#1163,#1164),.UNSPECIFIED.,.F.,
  .F.,(2,2),(-77.60859571086,77.608595710867),.PIECEWISE_BEZIER_KNOTS.);
#1163 = CARTESIAN_POINT('',(1.25,77.608595710867,-1.5));
#1164 = CARTESIAN_POINT('',(1.25,-77.60859571086,-1.5));
#1165 = ORIENTED_EDGE('',*,*,#970,.T.);
#1166 = ORIENTED_EDGE('',*,*,#1161,.T.);
#1167 = CYLINDRICAL_SURFACE('',#1168,1.25);
#1168 = AXIS2_PLACEMENT_3D('',#1169,#1170,#1171);
#1169 = CARTESIAN_POINT('',(0.,2.33E-15,-1.5));
#1170 = DIRECTION('',(0.,-1.,2.2E-16));
#1171 = DIRECTION('',(1.,0.,0.));
#1172 = ADVANCED_FACE('',(#1173),#1192,.T.);
#1173 = FACE_BOUND('',#1174,.F.);
#1174 = EDGE_LOOP('',(#1175,#1183,#1184,#1185));
#1175 = ORIENTED_EDGE('',*,*,#1176,.T.);
#1176 = EDGE_CURVE('',#1177,#1088,#1179,.T.);
#1177 = VERTEX_POINT('',#1178);
#1178 = CARTESIAN_POINT('',(15.,0.,15.));
#1179 = LINE('',#1180,#1181);
#1180 = CARTESIAN_POINT('',(15.,0.,15.));
#1181 = VECTOR('',#1182,1.);
#1182 = DIRECTION('',(0.,0.,-1.));
#1183 = ORIENTED_EDGE('',*,*,#1087,.T.);
#1184 = ORIENTED_EDGE('',*,*,#1176,.F.);
#1185 = ORIENTED_EDGE('',*,*,#1186,.F.);
#1186 = EDGE_CURVE('',#1177,#1177,#1187,.T.);
#1187 = CIRCLE('',#1188,15.);
#1188 = AXIS2_PLACEMENT_3D('',#1189,#1190,#1191);
#1189 = CARTESIAN_POINT('',(0.,0.,15.));
#1190 = DIRECTION('',(0.,0.,-1.));
#1191 = DIRECTION('',(1.,0.,0.));
#1192 = CYLINDRICAL_SURFACE('',#1193,15.);
#1193 = AXIS2_PLACEMENT_3D('',#1194,#1195,#1196);
#1194 = CARTESIAN_POINT('',(0.,0.,15.));
#1195 = DIRECTION('',(0.,0.,1.));
#1196 = DIRECTION('',(1.,0.,0.));
#1197 = ADVANCED_FACE('',(#1198,#1201),#2157,.T.);
#1198 = FACE_BOUND('',#1199,.T.);
#1199 = EDGE_LOOP('',(#1200));
#1200 = ORIENTED_EDGE('',*,*,#1186,.F.);
#1201 = FACE_BOUND('',#1202,.T.);
#1202 = EDGE_LOOP('',(#1203,#1214,#1222,#1230,#1240,#1248,#1256,#1264,
    #1274,#1282,#1290,#1298,#1308,#1316,#1324,#1332,#1342,#1350,#1358,
    #1366,#1376,#1384,#1392,#1400,#1410,#1418,#1426,#1434,#1444,#1452,
    #1460,#1468,#1478,#1486,#1494,#1502,#1512,#1520,#1528,#1536,#1546,
    #1554,#1562,#1570,#1580,#1588,#1596,#1604,#1614,#1622,#1630,#1638,
    #1648,#1656,#1664,#1672,#1682,#1690,#1698,#1706,#1716,#1724,#1732,
    #1740,#1750,#1758,#1766,#1774,#1784,#1792,#1800,#1808,#1818,#1826,
    #1834,#1842,#1852,#1860,#1868,#1876,#1886,#1894,#1902,#1910,#1920,
    #1928,#1936,#1944,#1954,#1962,#1970,#1978,#1988,#1996,#2004,#2012,
    #2022,#2030,#2038,#2046,#2056,#2064,#2072,#2080,#2090,#2098,#2106,
    #2114,#2124,#2132,#2141,#2150));
#1203 = ORIENTED_EDGE('',*,*,#1204,.F.);
#1204 = EDGE_CURVE('',#1205,#1207,#1209,.T.);
#1205 = VERTEX_POINT('',#1206);
#1206 = CARTESIAN_POINT('',(1.15,12.928015219719,15.));
#1207 = VERTEX_POINT('',#1208);
#1208 = CARTESIAN_POINT('',(0.89,12.668015219719,15.));
#1209 = CIRCLE('',#1210,0.26);
#1210 = AXIS2_PLACEMENT_3D('',#1211,#1212,#1213);
#1211 = CARTESIAN_POINT('',(1.15,12.668015219719,15.));
#1212 = DIRECTION('',(0.,0.,1.));
#1213 = DIRECTION('',(-3.42E-15,1.,0.));
#1214 = ORIENTED_EDGE('',*,*,#1215,.F.);
#1215 = EDGE_CURVE('',#1216,#1205,#1218,.T.);
#1216 = VERTEX_POINT('',#1217);
#1217 = CARTESIAN_POINT('',(1.755586921884,12.859781960865,15.));
#1218 = ( BOUNDED_CURVE() B_SPLINE_CURVE(2,(#1219,#1220,#1221),
.UNSPECIFIED.,.F.,.F.) B_SPLINE_CURVE_WITH_KNOTS((3,3),(0.,
4.695830611611E-02),.PIECEWISE_BEZIER_KNOTS.) CURVE() 
GEOMETRIC_REPRESENTATION_ITEM() RATIONAL_B_SPLINE_CURVE((1.,
0.999724377348,1.)) REPRESENTATION_ITEM('') );
#1219 = CARTESIAN_POINT('',(1.755586921884,12.859781960865,15.));
#1220 = CARTESIAN_POINT('',(1.453594637733,12.901009230984,15.));
#1221 = CARTESIAN_POINT('',(1.15,12.928015219719,15.));
#1222 = ORIENTED_EDGE('',*,*,#1223,.F.);
#1223 = EDGE_CURVE('',#1224,#1216,#1226,.T.);
#1224 = VERTEX_POINT('',#1225);
#1225 = CARTESIAN_POINT('',(1.951212736223,12.54844526087,15.));
#1226 = ( BOUNDED_CURVE() B_SPLINE_CURVE(2,(#1227,#1228,#1229),
.UNSPECIFIED.,.F.,.F.) B_SPLINE_CURVE_WITH_KNOTS((3,3),(0.,
1.570796326795),.PIECEWISE_BEZIER_KNOTS.) CURVE() 
GEOMETRIC_REPRESENTATION_ITEM() RATIONAL_B_SPLINE_CURVE((1.,
0.707106781187,1.)) REPRESENTATION_ITEM('') );
#1227 = CARTESIAN_POINT('',(1.951212736223,12.54844526087,15.));
#1228 = CARTESIAN_POINT('',(2.009068179052,12.801926518037,15.));
#1229 = CARTESIAN_POINT('',(1.755586921884,12.859781960865,15.));
#1230 = ORIENTED_EDGE('',*,*,#1231,.F.);
#1231 = EDGE_CURVE('',#1232,#1224,#1234,.T.);
#1232 = VERTEX_POINT('',#1233);
#1233 = CARTESIAN_POINT('',(3.686584419907,12.152357998427,15.));
#1234 = ( BOUNDED_CURVE() B_SPLINE_CURVE(2,(#1235,#1236,#1237,#1238,
#1239),.UNSPECIFIED.,.F.,.F.) B_SPLINE_CURVE_WITH_KNOTS((3,2,3),(0.,
1.570796326795,3.14159265359),.PIECEWISE_BEZIER_KNOTS.) CURVE() 
GEOMETRIC_REPRESENTATION_ITEM() RATIONAL_B_SPLINE_CURVE((1.,
0.707106781187,1.,0.707106781187,1.)) REPRESENTATION_ITEM('') );
#1235 = CARTESIAN_POINT('',(3.686584419907,12.152357998427,15.));
#1236 = CARTESIAN_POINT('',(3.488540788685,11.284672156585,15.));
#1237 = CARTESIAN_POINT('',(2.620854946844,11.482715787807,15.));
#1238 = CARTESIAN_POINT('',(1.753169105002,11.680759419028,15.));
#1239 = CARTESIAN_POINT('',(1.951212736223,12.54844526087,15.));
#1240 = ORIENTED_EDGE('',*,*,#1241,.F.);
#1241 = EDGE_CURVE('',#1242,#1232,#1244,.T.);
#1242 = VERTEX_POINT('',#1243);
#1243 = CARTESIAN_POINT('',(3.997921119902,12.347983812766,15.));
#1244 = ( BOUNDED_CURVE() B_SPLINE_CURVE(2,(#1245,#1246,#1247),
.UNSPECIFIED.,.F.,.F.) B_SPLINE_CURVE_WITH_KNOTS((3,3),(0.,
1.570796326795),.PIECEWISE_BEZIER_KNOTS.) CURVE() 
GEOMETRIC_REPRESENTATION_ITEM() RATIONAL_B_SPLINE_CURVE((1.,
0.707106781187,1.)) REPRESENTATION_ITEM('') );
#1245 = CARTESIAN_POINT('',(3.997921119902,12.347983812766,15.));
#1246 = CARTESIAN_POINT('',(3.744439862735,12.405839255595,15.));
#1247 = CARTESIAN_POINT('',(3.686584419907,12.152357998427,15.));
#1248 = ORIENTED_EDGE('',*,*,#1249,.F.);
#1249 = EDGE_CURVE('',#1250,#1242,#1252,.T.);
#1250 = VERTEX_POINT('',#1251);
#1251 = CARTESIAN_POINT('',(4.573141384813,12.146705536721,15.));
#1252 = ( BOUNDED_CURVE() B_SPLINE_CURVE(2,(#1253,#1254,#1255),
.UNSPECIFIED.,.F.,.F.) B_SPLINE_CURVE_WITH_KNOTS((3,3),(0.,
4.695830611611E-02),.PIECEWISE_BEZIER_KNOTS.) CURVE() 
GEOMETRIC_REPRESENTATION_ITEM() RATIONAL_B_SPLINE_CURVE((1.,
0.999724377348,1.)) REPRESENTATION_ITEM('') );
#1253 = CARTESIAN_POINT('',(4.573141384813,12.146705536721,15.));
#1254 = CARTESIAN_POINT('',(4.287894608382,12.254098758219,15.));
#1255 = CARTESIAN_POINT('',(3.997921119902,12.347983812766,15.));
#1256 = ORIENTED_EDGE('',*,*,#1257,.F.);
#1257 = EDGE_CURVE('',#1258,#1250,#1260,.T.);
#1258 = VERTEX_POINT('',#1259);
#1259 = CARTESIAN_POINT('',(4.694583518297,11.799643858896,15.));
#1260 = ( BOUNDED_CURVE() B_SPLINE_CURVE(2,(#1261,#1262,#1263),
.UNSPECIFIED.,.F.,.F.) B_SPLINE_CURVE_WITH_KNOTS((3,3),(0.,
1.570796326795),.PIECEWISE_BEZIER_KNOTS.) CURVE() 
GEOMETRIC_REPRESENTATION_ITEM() RATIONAL_B_SPLINE_CURVE((1.,
0.707106781187,1.)) REPRESENTATION_ITEM('') );
#1261 = CARTESIAN_POINT('',(4.694583518297,11.799643858896,15.));
#1262 = CARTESIAN_POINT('',(4.807393290467,12.03389576455,15.));
#1263 = CARTESIAN_POINT('',(4.573141384813,12.146705536721,15.));
#1264 = ORIENTED_EDGE('',*,*,#1265,.F.);
#1265 = EDGE_CURVE('',#1266,#1258,#1268,.T.);
#1266 = VERTEX_POINT('',#1267);
#1267 = CARTESIAN_POINT('',(6.298308103163,11.027330803266,15.));
#1268 = ( BOUNDED_CURVE() B_SPLINE_CURVE(2,(#1269,#1270,#1271,#1272,
#1273),.UNSPECIFIED.,.F.,.F.) B_SPLINE_CURVE_WITH_KNOTS((3,2,3),(0.,
1.570796326795,3.14159265359),.PIECEWISE_BEZIER_KNOTS.) CURVE() 
GEOMETRIC_REPRESENTATION_ITEM() RATIONAL_B_SPLINE_CURVE((1.,
0.707106781187,1.,0.707106781187,1.)) REPRESENTATION_ITEM('') );
#1269 = CARTESIAN_POINT('',(6.298308103163,11.027330803266,15.));
#1270 = CARTESIAN_POINT('',(5.912151575348,10.225468510833,15.));
#1271 = CARTESIAN_POINT('',(5.110289282915,10.611625038648,15.));
#1272 = CARTESIAN_POINT('',(4.308426990482,10.997781566463,15.));
#1273 = CARTESIAN_POINT('',(4.694583518297,11.799643858896,15.));
#1274 = ORIENTED_EDGE('',*,*,#1275,.F.);
#1275 = EDGE_CURVE('',#1276,#1266,#1278,.T.);
#1276 = VERTEX_POINT('',#1277);
#1277 = CARTESIAN_POINT('',(6.645369780988,11.14877293675,15.));
#1278 = ( BOUNDED_CURVE() B_SPLINE_CURVE(2,(#1279,#1280,#1281),
.UNSPECIFIED.,.F.,.F.) B_SPLINE_CURVE_WITH_KNOTS((3,3),(0.,
1.570796326795),.PIECEWISE_BEZIER_KNOTS.) CURVE() 
GEOMETRIC_REPRESENTATION_ITEM() RATIONAL_B_SPLINE_CURVE((1.,
0.707106781187,1.)) REPRESENTATION_ITEM('') );
#1279 = CARTESIAN_POINT('',(6.645369780988,11.14877293675,15.));
#1280 = CARTESIAN_POINT('',(6.411117875334,11.261582708921,15.));
#1281 = CARTESIAN_POINT('',(6.298308103163,11.027330803266,15.));
#1282 = ORIENTED_EDGE('',*,*,#1283,.F.);
#1283 = EDGE_CURVE('',#1284,#1276,#1286,.T.);
#1284 = VERTEX_POINT('',#1285);
#1285 = CARTESIAN_POINT('',(7.161379442931,10.82454257674,15.));
#1286 = ( BOUNDED_CURVE() B_SPLINE_CURVE(2,(#1287,#1288,#1289),
.UNSPECIFIED.,.F.,.F.) B_SPLINE_CURVE_WITH_KNOTS((3,3),(0.,
4.695830611611E-02),.PIECEWISE_BEZIER_KNOTS.) CURVE() 
GEOMETRIC_REPRESENTATION_ITEM() RATIONAL_B_SPLINE_CURVE((1.,
0.999724377348,1.)) REPRESENTATION_ITEM('') );
#1287 = CARTESIAN_POINT('',(7.161379442931,10.82454257674,15.));
#1288 = CARTESIAN_POINT('',(6.907181638677,10.992716605057,15.));
#1289 = CARTESIAN_POINT('',(6.645369780988,11.14877293675,15.));
#1290 = ORIENTED_EDGE('',*,*,#1291,.F.);
#1291 = EDGE_CURVE('',#1292,#1284,#1294,.T.);
#1292 = VERTEX_POINT('',#1293);
#1293 = CARTESIAN_POINT('',(7.20254827989,10.459159042815,15.));
#1294 = ( BOUNDED_CURVE() B_SPLINE_CURVE(2,(#1295,#1296,#1297),
.UNSPECIFIED.,.F.,.F.) B_SPLINE_CURVE_WITH_KNOTS((3,3),(0.,
1.570796326795),.PIECEWISE_BEZIER_KNOTS.) CURVE() 
GEOMETRIC_REPRESENTATION_ITEM() RATIONAL_B_SPLINE_CURVE((1.,
0.707106781187,1.)) REPRESENTATION_ITEM('') );
#1295 = CARTESIAN_POINT('',(7.20254827989,10.459159042815,15.));
#1296 = CARTESIAN_POINT('',(7.364655628373,10.662435228257,15.));
#1297 = CARTESIAN_POINT('',(7.161379442931,10.82454257674,15.));
#1298 = ORIENTED_EDGE('',*,*,#1299,.F.);
#1299 = EDGE_CURVE('',#1300,#1292,#1302,.T.);
#1300 = VERTEX_POINT('',#1301);
#1301 = CARTESIAN_POINT('',(8.594208318683,9.349347195506,15.));
#1302 = ( BOUNDED_CURVE() B_SPLINE_CURVE(2,(#1303,#1304,#1305,#1306,
#1307),.UNSPECIFIED.,.F.,.F.) B_SPLINE_CURVE_WITH_KNOTS((3,2,3),(0.,
1.570796326795,3.14159265359),.PIECEWISE_BEZIER_KNOTS.) CURVE() 
GEOMETRIC_REPRESENTATION_ITEM() RATIONAL_B_SPLINE_CURVE((1.,
0.707106781187,1.,0.707106781187,1.)) REPRESENTATION_ITEM('') );
#1303 = CARTESIAN_POINT('',(8.594208318683,9.349347195506,15.));
#1304 = CARTESIAN_POINT('',(8.039302395028,8.65351717611,15.));
#1305 = CARTESIAN_POINT('',(7.343472375632,9.208423099764,15.));
#1306 = CARTESIAN_POINT('',(6.647642356235,9.763329023418,15.));
#1307 = CARTESIAN_POINT('',(7.20254827989,10.459159042815,15.));
#1308 = ORIENTED_EDGE('',*,*,#1309,.F.);
#1309 = EDGE_CURVE('',#1310,#1300,#1312,.T.);
#1310 = VERTEX_POINT('',#1311);
#1311 = CARTESIAN_POINT('',(8.959591852608,9.390516032465,15.));
#1312 = ( BOUNDED_CURVE() B_SPLINE_CURVE(2,(#1313,#1314,#1315),
.UNSPECIFIED.,.F.,.F.) B_SPLINE_CURVE_WITH_KNOTS((3,3),(0.,
1.570796326795),.PIECEWISE_BEZIER_KNOTS.) CURVE() 
GEOMETRIC_REPRESENTATION_ITEM() RATIONAL_B_SPLINE_CURVE((1.,
0.707106781187,1.)) REPRESENTATION_ITEM('') );
#1313 = CARTESIAN_POINT('',(8.959591852608,9.390516032465,15.));
#1314 = CARTESIAN_POINT('',(8.756315667166,9.552623380948,15.));
#1315 = CARTESIAN_POINT('',(8.594208318683,9.349347195506,15.));
#1316 = ORIENTED_EDGE('',*,*,#1317,.F.);
#1317 = EDGE_CURVE('',#1318,#1310,#1320,.T.);
#1318 = VERTEX_POINT('',#1319);
#1319 = CARTESIAN_POINT('',(9.390516032465,8.959591852608,15.));
#1320 = ( BOUNDED_CURVE() B_SPLINE_CURVE(2,(#1321,#1322,#1323),
.UNSPECIFIED.,.F.,.F.) B_SPLINE_CURVE_WITH_KNOTS((3,3),(0.,
4.695830611611E-02),.PIECEWISE_BEZIER_KNOTS.) CURVE() 
GEOMETRIC_REPRESENTATION_ITEM() RATIONAL_B_SPLINE_CURVE((1.,
0.999724377348,1.)) REPRESENTATION_ITEM('') );
#1321 = CARTESIAN_POINT('',(9.390516032465,8.959591852608,15.));
#1322 = CARTESIAN_POINT('',(9.180113739731,9.180113739731,15.));
#1323 = CARTESIAN_POINT('',(8.959591852608,9.390516032465,15.));
#1324 = ORIENTED_EDGE('',*,*,#1325,.F.);
#1325 = EDGE_CURVE('',#1326,#1318,#1328,.T.);
#1326 = VERTEX_POINT('',#1327);
#1327 = CARTESIAN_POINT('',(9.349347195506,8.594208318683,15.));
#1328 = ( BOUNDED_CURVE() B_SPLINE_CURVE(2,(#1329,#1330,#1331),
.UNSPECIFIED.,.F.,.F.) B_SPLINE_CURVE_WITH_KNOTS((3,3),(0.,
1.570796326795),.PIECEWISE_BEZIER_KNOTS.) CURVE() 
GEOMETRIC_REPRESENTATION_ITEM() RATIONAL_B_SPLINE_CURVE((1.,
0.707106781187,1.)) REPRESENTATION_ITEM('') );
#1329 = CARTESIAN_POINT('',(9.349347195506,8.594208318683,15.));
#1330 = CARTESIAN_POINT('',(9.552623380948,8.756315667166,15.));
#1331 = CARTESIAN_POINT('',(9.390516032465,8.959591852608,15.));
#1332 = ORIENTED_EDGE('',*,*,#1333,.F.);
#1333 = EDGE_CURVE('',#1334,#1326,#1336,.T.);
#1334 = VERTEX_POINT('',#1335);
#1335 = CARTESIAN_POINT('',(10.459159042815,7.20254827989,15.));
#1336 = ( BOUNDED_CURVE() B_SPLINE_CURVE(2,(#1337,#1338,#1339,#1340,
#1341),.UNSPECIFIED.,.F.,.F.) B_SPLINE_CURVE_WITH_KNOTS((3,2,3),(0.,
1.570796326795,3.14159265359),.PIECEWISE_BEZIER_KNOTS.) CURVE() 
GEOMETRIC_REPRESENTATION_ITEM() RATIONAL_B_SPLINE_CURVE((1.,
0.707106781187,1.,0.707106781187,1.)) REPRESENTATION_ITEM('') );
#1337 = CARTESIAN_POINT('',(10.459159042815,7.20254827989,15.));
#1338 = CARTESIAN_POINT('',(9.763329023418,6.647642356235,15.));
#1339 = CARTESIAN_POINT('',(9.208423099764,7.343472375632,15.));
#1340 = CARTESIAN_POINT('',(8.65351717611,8.039302395028,15.));
#1341 = CARTESIAN_POINT('',(9.349347195506,8.594208318683,15.));
#1342 = ORIENTED_EDGE('',*,*,#1343,.F.);
#1343 = EDGE_CURVE('',#1344,#1334,#1346,.T.);
#1344 = VERTEX_POINT('',#1345);
#1345 = CARTESIAN_POINT('',(10.82454257674,7.161379442931,15.));
#1346 = ( BOUNDED_CURVE() B_SPLINE_CURVE(2,(#1347,#1348,#1349),
.UNSPECIFIED.,.F.,.F.) B_SPLINE_CURVE_WITH_KNOTS((3,3),(0.,
1.570796326795),.PIECEWISE_BEZIER_KNOTS.) CURVE() 
GEOMETRIC_REPRESENTATION_ITEM() RATIONAL_B_SPLINE_CURVE((1.,
0.707106781187,1.)) REPRESENTATION_ITEM('') );
#1347 = CARTESIAN_POINT('',(10.82454257674,7.161379442931,15.));
#1348 = CARTESIAN_POINT('',(10.662435228257,7.364655628373,15.));
#1349 = CARTESIAN_POINT('',(10.459159042815,7.20254827989,15.));
#1350 = ORIENTED_EDGE('',*,*,#1351,.F.);
#1351 = EDGE_CURVE('',#1352,#1344,#1354,.T.);
#1352 = VERTEX_POINT('',#1353);
#1353 = CARTESIAN_POINT('',(11.14877293675,6.645369780988,15.));
#1354 = ( BOUNDED_CURVE() B_SPLINE_CURVE(2,(#1355,#1356,#1357),
.UNSPECIFIED.,.F.,.F.) B_SPLINE_CURVE_WITH_KNOTS((3,3),(0.,
4.695830611611E-02),.PIECEWISE_BEZIER_KNOTS.) CURVE() 
GEOMETRIC_REPRESENTATION_ITEM() RATIONAL_B_SPLINE_CURVE((1.,
0.999724377348,1.)) REPRESENTATION_ITEM('') );
#1355 = CARTESIAN_POINT('',(11.14877293675,6.645369780988,15.));
#1356 = CARTESIAN_POINT('',(10.992716605057,6.907181638677,15.));
#1357 = CARTESIAN_POINT('',(10.82454257674,7.161379442931,15.));
#1358 = ORIENTED_EDGE('',*,*,#1359,.F.);
#1359 = EDGE_CURVE('',#1360,#1352,#1362,.T.);
#1360 = VERTEX_POINT('',#1361);
#1361 = CARTESIAN_POINT('',(11.027330803266,6.298308103163,15.));
#1362 = ( BOUNDED_CURVE() B_SPLINE_CURVE(2,(#1363,#1364,#1365),
.UNSPECIFIED.,.F.,.F.) B_SPLINE_CURVE_WITH_KNOTS((3,3),(0.,
1.570796326795),.PIECEWISE_BEZIER_KNOTS.) CURVE() 
GEOMETRIC_REPRESENTATION_ITEM() RATIONAL_B_SPLINE_CURVE((1.,
0.707106781187,1.)) REPRESENTATION_ITEM('') );
#1363 = CARTESIAN_POINT('',(11.027330803266,6.298308103163,15.));
#1364 = CARTESIAN_POINT('',(11.261582708921,6.411117875334,15.));
#1365 = CARTESIAN_POINT('',(11.14877293675,6.645369780988,15.));
#1366 = ORIENTED_EDGE('',*,*,#1367,.F.);
#1367 = EDGE_CURVE('',#1368,#1360,#1370,.T.);
#1368 = VERTEX_POINT('',#1369);
#1369 = CARTESIAN_POINT('',(11.799643858896,4.694583518297,15.));
#1370 = ( BOUNDED_CURVE() B_SPLINE_CURVE(2,(#1371,#1372,#1373,#1374,
#1375),.UNSPECIFIED.,.F.,.F.) B_SPLINE_CURVE_WITH_KNOTS((3,2,3),(0.,
1.570796326795,3.14159265359),.PIECEWISE_BEZIER_KNOTS.) CURVE() 
GEOMETRIC_REPRESENTATION_ITEM() RATIONAL_B_SPLINE_CURVE((1.,
0.707106781187,1.,0.707106781187,1.)) REPRESENTATION_ITEM('') );
#1371 = CARTESIAN_POINT('',(11.799643858896,4.694583518297,15.));
#1372 = CARTESIAN_POINT('',(10.997781566463,4.308426990482,15.));
#1373 = CARTESIAN_POINT('',(10.611625038648,5.110289282915,15.));
#1374 = CARTESIAN_POINT('',(10.225468510833,5.912151575348,15.));
#1375 = CARTESIAN_POINT('',(11.027330803266,6.298308103163,15.));
#1376 = ORIENTED_EDGE('',*,*,#1377,.F.);
#1377 = EDGE_CURVE('',#1378,#1368,#1380,.T.);
#1378 = VERTEX_POINT('',#1379);
#1379 = CARTESIAN_POINT('',(12.146705536721,4.573141384813,15.));
#1380 = ( BOUNDED_CURVE() B_SPLINE_CURVE(2,(#1381,#1382,#1383),
.UNSPECIFIED.,.F.,.F.) B_SPLINE_CURVE_WITH_KNOTS((3,3),(0.,
1.570796326795),.PIECEWISE_BEZIER_KNOTS.) CURVE() 
GEOMETRIC_REPRESENTATION_ITEM() RATIONAL_B_SPLINE_CURVE((1.,
0.707106781187,1.)) REPRESENTATION_ITEM('') );
#1381 = CARTESIAN_POINT('',(12.146705536721,4.573141384813,15.));
#1382 = CARTESIAN_POINT('',(12.03389576455,4.807393290467,15.));
#1383 = CARTESIAN_POINT('',(11.799643858896,4.694583518297,15.));
#1384 = ORIENTED_EDGE('',*,*,#1385,.F.);
#1385 = EDGE_CURVE('',#1386,#1378,#1388,.T.);
#1386 = VERTEX_POINT('',#1387);
#1387 = CARTESIAN_POINT('',(12.347983812766,3.997921119902,15.));
#1388 = ( BOUNDED_CURVE() B_SPLINE_CURVE(2,(#1389,#1390,#1391),
.UNSPECIFIED.,.F.,.F.) B_SPLINE_CURVE_WITH_KNOTS((3,3),(0.,
4.695830611611E-02),.PIECEWISE_BEZIER_KNOTS.) CURVE() 
GEOMETRIC_REPRESENTATION_ITEM() RATIONAL_B_SPLINE_CURVE((1.,
0.999724377348,1.)) REPRESENTATION_ITEM('') );
#1389 = CARTESIAN_POINT('',(12.347983812766,3.997921119902,15.));
#1390 = CARTESIAN_POINT('',(12.254098758219,4.287894608382,15.));
#1391 = CARTESIAN_POINT('',(12.146705536721,4.573141384813,15.));
#1392 = ORIENTED_EDGE('',*,*,#1393,.F.);
#1393 = EDGE_CURVE('',#1394,#1386,#1396,.T.);
#1394 = VERTEX_POINT('',#1395);
#1395 = CARTESIAN_POINT('',(12.152357998427,3.686584419907,15.));
#1396 = ( BOUNDED_CURVE() B_SPLINE_CURVE(2,(#1397,#1398,#1399),
.UNSPECIFIED.,.F.,.F.) B_SPLINE_CURVE_WITH_KNOTS((3,3),(0.,
1.570796326795),.PIECEWISE_BEZIER_KNOTS.) CURVE() 
GEOMETRIC_REPRESENTATION_ITEM() RATIONAL_B_SPLINE_CURVE((1.,
0.707106781187,1.)) REPRESENTATION_ITEM('') );
#1397 = CARTESIAN_POINT('',(12.152357998427,3.686584419907,15.));
#1398 = CARTESIAN_POINT('',(12.405839255595,3.744439862735,15.));
#1399 = CARTESIAN_POINT('',(12.347983812766,3.997921119902,15.));
#1400 = ORIENTED_EDGE('',*,*,#1401,.F.);
#1401 = EDGE_CURVE('',#1402,#1394,#1404,.T.);
#1402 = VERTEX_POINT('',#1403);
#1403 = CARTESIAN_POINT('',(12.54844526087,1.951212736223,15.));
#1404 = ( BOUNDED_CURVE() B_SPLINE_CURVE(2,(#1405,#1406,#1407,#1408,
#1409),.UNSPECIFIED.,.F.,.F.) B_SPLINE_CURVE_WITH_KNOTS((3,2,3),(0.,
1.570796326795,3.14159265359),.PIECEWISE_BEZIER_KNOTS.) CURVE() 
GEOMETRIC_REPRESENTATION_ITEM() RATIONAL_B_SPLINE_CURVE((1.,
0.707106781187,1.,0.707106781187,1.)) REPRESENTATION_ITEM('') );
#1405 = CARTESIAN_POINT('',(12.54844526087,1.951212736223,15.));
#1406 = CARTESIAN_POINT('',(11.680759419028,1.753169105002,15.));
#1407 = CARTESIAN_POINT('',(11.482715787807,2.620854946844,15.));
#1408 = CARTESIAN_POINT('',(11.284672156585,3.488540788685,15.));
#1409 = CARTESIAN_POINT('',(12.152357998427,3.686584419907,15.));
#1410 = ORIENTED_EDGE('',*,*,#1411,.F.);
#1411 = EDGE_CURVE('',#1412,#1402,#1414,.T.);
#1412 = VERTEX_POINT('',#1413);
#1413 = CARTESIAN_POINT('',(12.859781960865,1.755586921884,15.));
#1414 = ( BOUNDED_CURVE() B_SPLINE_CURVE(2,(#1415,#1416,#1417),
.UNSPECIFIED.,.F.,.F.) B_SPLINE_CURVE_WITH_KNOTS((3,3),(0.,
1.570796326795),.PIECEWISE_BEZIER_KNOTS.) CURVE() 
GEOMETRIC_REPRESENTATION_ITEM() RATIONAL_B_SPLINE_CURVE((1.,
0.707106781187,1.)) REPRESENTATION_ITEM('') );
#1415 = CARTESIAN_POINT('',(12.859781960865,1.755586921884,15.));
#1416 = CARTESIAN_POINT('',(12.801926518037,2.009068179052,15.));
#1417 = CARTESIAN_POINT('',(12.54844526087,1.951212736223,15.));
#1418 = ORIENTED_EDGE('',*,*,#1419,.F.);
#1419 = EDGE_CURVE('',#1420,#1412,#1422,.T.);
#1420 = VERTEX_POINT('',#1421);
#1421 = CARTESIAN_POINT('',(12.928015219719,1.15,15.));
#1422 = ( BOUNDED_CURVE() B_SPLINE_CURVE(2,(#1423,#1424,#1425),
.UNSPECIFIED.,.F.,.F.) B_SPLINE_CURVE_WITH_KNOTS((3,3),(0.,
4.695830611611E-02),.PIECEWISE_BEZIER_KNOTS.) CURVE() 
GEOMETRIC_REPRESENTATION_ITEM() RATIONAL_B_SPLINE_CURVE((1.,
0.999724377348,1.)) REPRESENTATION_ITEM('') );
#1423 = CARTESIAN_POINT('',(12.928015219719,1.15,15.));
#1424 = CARTESIAN_POINT('',(12.901009230984,1.453594637733,15.));
#1425 = CARTESIAN_POINT('',(12.859781960865,1.755586921884,15.));
#1426 = ORIENTED_EDGE('',*,*,#1427,.F.);
#1427 = EDGE_CURVE('',#1428,#1420,#1430,.T.);
#1428 = VERTEX_POINT('',#1429);
#1429 = CARTESIAN_POINT('',(12.668015219719,0.89,15.));
#1430 = ( BOUNDED_CURVE() B_SPLINE_CURVE(2,(#1431,#1432,#1433),
.UNSPECIFIED.,.F.,.F.) B_SPLINE_CURVE_WITH_KNOTS((3,3),(0.,
1.570796326795),.PIECEWISE_BEZIER_KNOTS.) CURVE() 
GEOMETRIC_REPRESENTATION_ITEM() RATIONAL_B_SPLINE_CURVE((1.,
0.707106781187,1.)) REPRESENTATION_ITEM('') );
#1431 = CARTESIAN_POINT('',(12.668015219719,0.89,15.));
#1432 = CARTESIAN_POINT('',(12.928015219719,0.89,15.));
#1433 = CARTESIAN_POINT('',(12.928015219719,1.15,15.));
#1434 = ORIENTED_EDGE('',*,*,#1435,.F.);
#1435 = EDGE_CURVE('',#1436,#1428,#1438,.T.);
#1436 = VERTEX_POINT('',#1437);
#1437 = CARTESIAN_POINT('',(12.668015219719,-0.89,15.));
#1438 = ( BOUNDED_CURVE() B_SPLINE_CURVE(2,(#1439,#1440,#1441,#1442,
#1443),.UNSPECIFIED.,.F.,.F.) B_SPLINE_CURVE_WITH_KNOTS((3,2,3),(0.,
1.570796326795,3.14159265359),.PIECEWISE_BEZIER_KNOTS.) CURVE() 
GEOMETRIC_REPRESENTATION_ITEM() RATIONAL_B_SPLINE_CURVE((1.,
0.707106781187,1.,0.707106781187,1.)) REPRESENTATION_ITEM('') );
#1439 = CARTESIAN_POINT('',(12.668015219719,-0.89,15.));
#1440 = CARTESIAN_POINT('',(11.778015219719,-0.89,15.));
#1441 = CARTESIAN_POINT('',(11.778015219719,-2.66E-15,15.));
#1442 = CARTESIAN_POINT('',(11.778015219719,0.89,15.));
#1443 = CARTESIAN_POINT('',(12.668015219719,0.89,15.));
#1444 = ORIENTED_EDGE('',*,*,#1445,.F.);
#1445 = EDGE_CURVE('',#1446,#1436,#1448,.T.);
#1446 = VERTEX_POINT('',#1447);
#1447 = CARTESIAN_POINT('',(12.928015219719,-1.15,15.));
#1448 = ( BOUNDED_CURVE() B_SPLINE_CURVE(2,(#1449,#1450,#1451),
.UNSPECIFIED.,.F.,.F.) B_SPLINE_CURVE_WITH_KNOTS((3,3),(0.,
1.570796326795),.PIECEWISE_BEZIER_KNOTS.) CURVE() 
GEOMETRIC_REPRESENTATION_ITEM() RATIONAL_B_SPLINE_CURVE((1.,
0.707106781187,1.)) REPRESENTATION_ITEM('') );
#1449 = CARTESIAN_POINT('',(12.928015219719,-1.15,15.));
#1450 = CARTESIAN_POINT('',(12.928015219719,-0.89,15.));
#1451 = CARTESIAN_POINT('',(12.668015219719,-0.89,15.));
#1452 = ORIENTED_EDGE('',*,*,#1453,.F.);
#1453 = EDGE_CURVE('',#1454,#1446,#1456,.T.);
#1454 = VERTEX_POINT('',#1455);
#1455 = CARTESIAN_POINT('',(12.859781960865,-1.755586921884,15.));
#1456 = ( BOUNDED_CURVE() B_SPLINE_CURVE(2,(#1457,#1458,#1459),
.UNSPECIFIED.,.F.,.F.) B_SPLINE_CURVE_WITH_KNOTS((3,3),(0.,
4.695830611611E-02),.PIECEWISE_BEZIER_KNOTS.) CURVE() 
GEOMETRIC_REPRESENTATION_ITEM() RATIONAL_B_SPLINE_CURVE((1.,
0.999724377348,1.)) REPRESENTATION_ITEM('') );
#1457 = CARTESIAN_POINT('',(12.859781960865,-1.755586921884,15.));
#1458 = CARTESIAN_POINT('',(12.901009230984,-1.453594637733,15.));
#1459 = CARTESIAN_POINT('',(12.928015219719,-1.15,15.));
#1460 = ORIENTED_EDGE('',*,*,#1461,.F.);
#1461 = EDGE_CURVE('',#1462,#1454,#1464,.T.);
#1462 = VERTEX_POINT('',#1463);
#1463 = CARTESIAN_POINT('',(12.54844526087,-1.951212736223,15.));
#1464 = ( BOUNDED_CURVE() B_SPLINE_CURVE(2,(#1465,#1466,#1467),
.UNSPECIFIED.,.F.,.F.) B_SPLINE_CURVE_WITH_KNOTS((3,3),(0.,
1.570796326795),.PIECEWISE_BEZIER_KNOTS.) CURVE() 
GEOMETRIC_REPRESENTATION_ITEM() RATIONAL_B_SPLINE_CURVE((1.,
0.707106781187,1.)) REPRESENTATION_ITEM('') );
#1465 = CARTESIAN_POINT('',(12.54844526087,-1.951212736223,15.));
#1466 = CARTESIAN_POINT('',(12.801926518037,-2.009068179052,15.));
#1467 = CARTESIAN_POINT('',(12.859781960865,-1.755586921884,15.));
#1468 = ORIENTED_EDGE('',*,*,#1469,.F.);
#1469 = EDGE_CURVE('',#1470,#1462,#1472,.T.);
#1470 = VERTEX_POINT('',#1471);
#1471 = CARTESIAN_POINT('',(12.152357998427,-3.686584419907,15.));
#1472 = ( BOUNDED_CURVE() B_SPLINE_CURVE(2,(#1473,#1474,#1475,#1476,
#1477),.UNSPECIFIED.,.F.,.F.) B_SPLINE_CURVE_WITH_KNOTS((3,2,3),(0.,
1.570796326795,3.14159265359),.PIECEWISE_BEZIER_KNOTS.) CURVE() 
GEOMETRIC_REPRESENTATION_ITEM() RATIONAL_B_SPLINE_CURVE((1.,
0.707106781187,1.,0.707106781187,1.)) REPRESENTATION_ITEM('') );
#1473 = CARTESIAN_POINT('',(12.152357998427,-3.686584419907,15.));
#1474 = CARTESIAN_POINT('',(11.284672156585,-3.488540788685,15.));
#1475 = CARTESIAN_POINT('',(11.482715787807,-2.620854946844,15.));
#1476 = CARTESIAN_POINT('',(11.680759419028,-1.753169105002,15.));
#1477 = CARTESIAN_POINT('',(12.54844526087,-1.951212736223,15.));
#1478 = ORIENTED_EDGE('',*,*,#1479,.F.);
#1479 = EDGE_CURVE('',#1480,#1470,#1482,.T.);
#1480 = VERTEX_POINT('',#1481);
#1481 = CARTESIAN_POINT('',(12.347983812766,-3.997921119902,15.));
#1482 = ( BOUNDED_CURVE() B_SPLINE_CURVE(2,(#1483,#1484,#1485),
.UNSPECIFIED.,.F.,.F.) B_SPLINE_CURVE_WITH_KNOTS((3,3),(0.,
1.570796326795),.PIECEWISE_BEZIER_KNOTS.) CURVE() 
GEOMETRIC_REPRESENTATION_ITEM() RATIONAL_B_SPLINE_CURVE((1.,
0.707106781187,1.)) REPRESENTATION_ITEM('') );
#1483 = CARTESIAN_POINT('',(12.347983812766,-3.997921119902,15.));
#1484 = CARTESIAN_POINT('',(12.405839255595,-3.744439862735,15.));
#1485 = CARTESIAN_POINT('',(12.152357998427,-3.686584419907,15.));
#1486 = ORIENTED_EDGE('',*,*,#1487,.F.);
#1487 = EDGE_CURVE('',#1488,#1480,#1490,.T.);
#1488 = VERTEX_POINT('',#1489);
#1489 = CARTESIAN_POINT('',(12.146705536721,-4.573141384813,15.));
#1490 = ( BOUNDED_CURVE() B_SPLINE_CURVE(2,(#1491,#1492,#1493),
.UNSPECIFIED.,.F.,.F.) B_SPLINE_CURVE_WITH_KNOTS((3,3),(0.,
4.695830611611E-02),.PIECEWISE_BEZIER_KNOTS.) CURVE() 
GEOMETRIC_REPRESENTATION_ITEM() RATIONAL_B_SPLINE_CURVE((1.,
0.999724377348,1.)) REPRESENTATION_ITEM('') );
#1491 = CARTESIAN_POINT('',(12.146705536721,-4.573141384813,15.));
#1492 = CARTESIAN_POINT('',(12.254098758219,-4.287894608382,15.));
#1493 = CARTESIAN_POINT('',(12.347983812766,-3.997921119902,15.));
#1494 = ORIENTED_EDGE('',*,*,#1495,.F.);
#1495 = EDGE_CURVE('',#1496,#1488,#1498,.T.);
#1496 = VERTEX_POINT('',#1497);
#1497 = CARTESIAN_POINT('',(11.799643858896,-4.694583518297,15.));
#1498 = ( BOUNDED_CURVE() B_SPLINE_CURVE(2,(#1499,#1500,#1501),
.UNSPECIFIED.,.F.,.F.) B_SPLINE_CURVE_WITH_KNOTS((3,3),(0.,
1.570796326795),.PIECEWISE_BEZIER_KNOTS.) CURVE() 
GEOMETRIC_REPRESENTATION_ITEM() RATIONAL_B_SPLINE_CURVE((1.,
0.707106781187,1.)) REPRESENTATION_ITEM('') );
#1499 = CARTESIAN_POINT('',(11.799643858896,-4.694583518297,15.));
#1500 = CARTESIAN_POINT('',(12.03389576455,-4.807393290467,15.));
#1501 = CARTESIAN_POINT('',(12.146705536721,-4.573141384813,15.));
#1502 = ORIENTED_EDGE('',*,*,#1503,.F.);
#1503 = EDGE_CURVE('',#1504,#1496,#1506,.T.);
#1504 = VERTEX_POINT('',#1505);
#1505 = CARTESIAN_POINT('',(11.027330803266,-6.298308103163,15.));
#1506 = ( BOUNDED_CURVE() B_SPLINE_CURVE(2,(#1507,#1508,#1509,#1510,
#1511),.UNSPECIFIED.,.F.,.F.) B_SPLINE_CURVE_WITH_KNOTS((3,2,3),(0.,
1.570796326795,3.14159265359),.PIECEWISE_BEZIER_KNOTS.) CURVE() 
GEOMETRIC_REPRESENTATION_ITEM() RATIONAL_B_SPLINE_CURVE((1.,
0.707106781187,1.,0.707106781187,1.)) REPRESENTATION_ITEM('') );
#1507 = CARTESIAN_POINT('',(11.027330803266,-6.298308103163,15.));
#1508 = CARTESIAN_POINT('',(10.225468510833,-5.912151575348,15.));
#1509 = CARTESIAN_POINT('',(10.611625038648,-5.110289282915,15.));
#1510 = CARTESIAN_POINT('',(10.997781566463,-4.308426990482,15.));
#1511 = CARTESIAN_POINT('',(11.799643858896,-4.694583518297,15.));
#1512 = ORIENTED_EDGE('',*,*,#1513,.F.);
#1513 = EDGE_CURVE('',#1514,#1504,#1516,.T.);
#1514 = VERTEX_POINT('',#1515);
#1515 = CARTESIAN_POINT('',(11.14877293675,-6.645369780988,15.));
#1516 = ( BOUNDED_CURVE() B_SPLINE_CURVE(2,(#1517,#1518,#1519),
.UNSPECIFIED.,.F.,.F.) B_SPLINE_CURVE_WITH_KNOTS((3,3),(0.,
1.570796326795),.PIECEWISE_BEZIER_KNOTS.) CURVE() 
GEOMETRIC_REPRESENTATION_ITEM() RATIONAL_B_SPLINE_CURVE((1.,
0.707106781187,1.)) REPRESENTATION_ITEM('') );
#1517 = CARTESIAN_POINT('',(11.14877293675,-6.645369780988,15.));
#1518 = CARTESIAN_POINT('',(11.261582708921,-6.411117875334,15.));
#1519 = CARTESIAN_POINT('',(11.027330803266,-6.298308103163,15.));
#1520 = ORIENTED_EDGE('',*,*,#1521,.F.);
#1521 = EDGE_CURVE('',#1522,#1514,#1524,.T.);
#1522 = VERTEX_POINT('',#1523);
#1523 = CARTESIAN_POINT('',(10.82454257674,-7.161379442931,15.));
#1524 = ( BOUNDED_CURVE() B_SPLINE_CURVE(2,(#1525,#1526,#1527),
.UNSPECIFIED.,.F.,.F.) B_SPLINE_CURVE_WITH_KNOTS((3,3),(0.,
4.695830611611E-02),.PIECEWISE_BEZIER_KNOTS.) CURVE() 
GEOMETRIC_REPRESENTATION_ITEM() RATIONAL_B_SPLINE_CURVE((1.,
0.999724377348,1.)) REPRESENTATION_ITEM('') );
#1525 = CARTESIAN_POINT('',(10.82454257674,-7.161379442931,15.));
#1526 = CARTESIAN_POINT('',(10.992716605057,-6.907181638677,15.));
#1527 = CARTESIAN_POINT('',(11.14877293675,-6.645369780988,15.));
#1528 = ORIENTED_EDGE('',*,*,#1529,.F.);
#1529 = EDGE_CURVE('',#1530,#1522,#1532,.T.);
#1530 = VERTEX_POINT('',#1531);
#1531 = CARTESIAN_POINT('',(10.459159042815,-7.20254827989,15.));
#1532 = ( BOUNDED_CURVE() B_SPLINE_CURVE(2,(#1533,#1534,#1535),
.UNSPECIFIED.,.F.,.F.) B_SPLINE_CURVE_WITH_KNOTS((3,3),(0.,
1.570796326795),.PIECEWISE_BEZIER_KNOTS.) CURVE() 
GEOMETRIC_REPRESENTATION_ITEM() RATIONAL_B_SPLINE_CURVE((1.,
0.707106781187,1.)) REPRESENTATION_ITEM('') );
#1533 = CARTESIAN_POINT('',(10.459159042815,-7.20254827989,15.));
#1534 = CARTESIAN_POINT('',(10.662435228257,-7.364655628373,15.));
#1535 = CARTESIAN_POINT('',(10.82454257674,-7.161379442931,15.));
#1536 = ORIENTED_EDGE('',*,*,#1537,.F.);
#1537 = EDGE_CURVE('',#1538,#1530,#1540,.T.);
#1538 = VERTEX_POINT('',#1539);
#1539 = CARTESIAN_POINT('',(9.349347195506,-8.594208318683,15.));
#1540 = ( BOUNDED_CURVE() B_SPLINE_CURVE(2,(#1541,#1542,#1543,#1544,
#1545),.UNSPECIFIED.,.F.,.F.) B_SPLINE_CURVE_WITH_KNOTS((3,2,3),(0.,
1.570796326795,3.14159265359),.PIECEWISE_BEZIER_KNOTS.) CURVE() 
GEOMETRIC_REPRESENTATION_ITEM() RATIONAL_B_SPLINE_CURVE((1.,
0.707106781187,1.,0.707106781187,1.)) REPRESENTATION_ITEM('') );
#1541 = CARTESIAN_POINT('',(9.349347195506,-8.594208318683,15.));
#1542 = CARTESIAN_POINT('',(8.65351717611,-8.039302395028,15.));
#1543 = CARTESIAN_POINT('',(9.208423099764,-7.343472375632,15.));
#1544 = CARTESIAN_POINT('',(9.763329023418,-6.647642356235,15.));
#1545 = CARTESIAN_POINT('',(10.459159042815,-7.20254827989,15.));
#1546 = ORIENTED_EDGE('',*,*,#1547,.F.);
#1547 = EDGE_CURVE('',#1548,#1538,#1550,.T.);
#1548 = VERTEX_POINT('',#1549);
#1549 = CARTESIAN_POINT('',(9.390516032465,-8.959591852608,15.));
#1550 = ( BOUNDED_CURVE() B_SPLINE_CURVE(2,(#1551,#1552,#1553),
.UNSPECIFIED.,.F.,.F.) B_SPLINE_CURVE_WITH_KNOTS((3,3),(0.,
1.570796326795),.PIECEWISE_BEZIER_KNOTS.) CURVE() 
GEOMETRIC_REPRESENTATION_ITEM() RATIONAL_B_SPLINE_CURVE((1.,
0.707106781187,1.)) REPRESENTATION_ITEM('') );
#1551 = CARTESIAN_POINT('',(9.390516032465,-8.959591852608,15.));
#1552 = CARTESIAN_POINT('',(9.552623380948,-8.756315667166,15.));
#1553 = CARTESIAN_POINT('',(9.349347195506,-8.594208318683,15.));
#1554 = ORIENTED_EDGE('',*,*,#1555,.F.);
#1555 = EDGE_CURVE('',#1556,#1548,#1558,.T.);
#1556 = VERTEX_POINT('',#1557);
#1557 = CARTESIAN_POINT('',(8.959591852608,-9.390516032465,15.));
#1558 = ( BOUNDED_CURVE() B_SPLINE_CURVE(2,(#1559,#1560,#1561),
.UNSPECIFIED.,.F.,.F.) B_SPLINE_CURVE_WITH_KNOTS((3,3),(0.,
4.695830611611E-02),.PIECEWISE_BEZIER_KNOTS.) CURVE() 
GEOMETRIC_REPRESENTATION_ITEM() RATIONAL_B_SPLINE_CURVE((1.,
0.999724377348,1.)) REPRESENTATION_ITEM('') );
#1559 = CARTESIAN_POINT('',(8.959591852608,-9.390516032465,15.));
#1560 = CARTESIAN_POINT('',(9.180113739731,-9.180113739731,15.));
#1561 = CARTESIAN_POINT('',(9.390516032465,-8.959591852608,15.));
#1562 = ORIENTED_EDGE('',*,*,#1563,.F.);
#1563 = EDGE_CURVE('',#1564,#1556,#1566,.T.);
#1564 = VERTEX_POINT('',#1565);
#1565 = CARTESIAN_POINT('',(8.594208318683,-9.349347195506,15.));
#1566 = ( BOUNDED_CURVE() B_SPLINE_CURVE(2,(#1567,#1568,#1569),
.UNSPECIFIED.,.F.,.F.) B_SPLINE_CURVE_WITH_KNOTS((3,3),(0.,
1.570796326795),.PIECEWISE_BEZIER_KNOTS.) CURVE() 
GEOMETRIC_REPRESENTATION_ITEM() RATIONAL_B_SPLINE_CURVE((1.,
0.707106781187,1.)) REPRESENTATION_ITEM('') );
#1567 = CARTESIAN_POINT('',(8.594208318683,-9.349347195506,15.));
#1568 = CARTESIAN_POINT('',(8.756315667166,-9.552623380948,15.));
#1569 = CARTESIAN_POINT('',(8.959591852608,-9.390516032465,15.));
#1570 = ORIENTED_EDGE('',*,*,#1571,.F.);
#1571 = EDGE_CURVE('',#1572,#1564,#1574,.T.);
#1572 = VERTEX_POINT('',#1573);
#1573 = CARTESIAN_POINT('',(7.20254827989,-10.45915904281,15.));
#1574 = ( BOUNDED_CURVE() B_SPLINE_CURVE(2,(#1575,#1576,#1577,#1578,
#1579),.UNSPECIFIED.,.F.,.F.) B_SPLINE_CURVE_WITH_KNOTS((3,2,3),(0.,
1.570796326795,3.14159265359),.PIECEWISE_BEZIER_KNOTS.) CURVE() 
GEOMETRIC_REPRESENTATION_ITEM() RATIONAL_B_SPLINE_CURVE((1.,
0.707106781187,1.,0.707106781187,1.)) REPRESENTATION_ITEM('') );
#1575 = CARTESIAN_POINT('',(7.20254827989,-10.45915904281,15.));
#1576 = CARTESIAN_POINT('',(6.647642356235,-9.763329023418,15.));
#1577 = CARTESIAN_POINT('',(7.343472375632,-9.208423099764,15.));
#1578 = CARTESIAN_POINT('',(8.039302395028,-8.65351717611,15.));
#1579 = CARTESIAN_POINT('',(8.594208318683,-9.349347195506,15.));
#1580 = ORIENTED_EDGE('',*,*,#1581,.F.);
#1581 = EDGE_CURVE('',#1582,#1572,#1584,.T.);
#1582 = VERTEX_POINT('',#1583);
#1583 = CARTESIAN_POINT('',(7.161379442931,-10.82454257674,15.));
#1584 = ( BOUNDED_CURVE() B_SPLINE_CURVE(2,(#1585,#1586,#1587),
.UNSPECIFIED.,.F.,.F.) B_SPLINE_CURVE_WITH_KNOTS((3,3),(0.,
1.570796326795),.PIECEWISE_BEZIER_KNOTS.) CURVE() 
GEOMETRIC_REPRESENTATION_ITEM() RATIONAL_B_SPLINE_CURVE((1.,
0.707106781187,1.)) REPRESENTATION_ITEM('') );
#1585 = CARTESIAN_POINT('',(7.161379442931,-10.82454257674,15.));
#1586 = CARTESIAN_POINT('',(7.364655628373,-10.66243522825,15.));
#1587 = CARTESIAN_POINT('',(7.20254827989,-10.45915904281,15.));
#1588 = ORIENTED_EDGE('',*,*,#1589,.F.);
#1589 = EDGE_CURVE('',#1590,#1582,#1592,.T.);
#1590 = VERTEX_POINT('',#1591);
#1591 = CARTESIAN_POINT('',(6.645369780988,-11.14877293675,15.));
#1592 = ( BOUNDED_CURVE() B_SPLINE_CURVE(2,(#1593,#1594,#1595),
.UNSPECIFIED.,.F.,.F.) B_SPLINE_CURVE_WITH_KNOTS((3,3),(0.,
4.695830611611E-02),.PIECEWISE_BEZIER_KNOTS.) CURVE() 
GEOMETRIC_REPRESENTATION_ITEM() RATIONAL_B_SPLINE_CURVE((1.,
0.999724377348,1.)) REPRESENTATION_ITEM('') );
#1593 = CARTESIAN_POINT('',(6.645369780988,-11.14877293675,15.));
#1594 = CARTESIAN_POINT('',(6.907181638677,-10.99271660505,15.));
#1595 = CARTESIAN_POINT('',(7.161379442931,-10.82454257674,15.));
#1596 = ORIENTED_EDGE('',*,*,#1597,.F.);
#1597 = EDGE_CURVE('',#1598,#1590,#1600,.T.);
#1598 = VERTEX_POINT('',#1599);
#1599 = CARTESIAN_POINT('',(6.298308103163,-11.02733080326,15.));
#1600 = ( BOUNDED_CURVE() B_SPLINE_CURVE(2,(#1601,#1602,#1603),
.UNSPECIFIED.,.F.,.F.) B_SPLINE_CURVE_WITH_KNOTS((3,3),(0.,
1.570796326795),.PIECEWISE_BEZIER_KNOTS.) CURVE() 
GEOMETRIC_REPRESENTATION_ITEM() RATIONAL_B_SPLINE_CURVE((1.,
0.707106781187,1.)) REPRESENTATION_ITEM('') );
#1601 = CARTESIAN_POINT('',(6.298308103163,-11.02733080326,15.));
#1602 = CARTESIAN_POINT('',(6.411117875334,-11.26158270892,15.));
#1603 = CARTESIAN_POINT('',(6.645369780988,-11.14877293675,15.));
#1604 = ORIENTED_EDGE('',*,*,#1605,.F.);
#1605 = EDGE_CURVE('',#1606,#1598,#1608,.T.);
#1606 = VERTEX_POINT('',#1607);
#1607 = CARTESIAN_POINT('',(4.694583518297,-11.79964385889,15.));
#1608 = ( BOUNDED_CURVE() B_SPLINE_CURVE(2,(#1609,#1610,#1611,#1612,
#1613),.UNSPECIFIED.,.F.,.F.) B_SPLINE_CURVE_WITH_KNOTS((3,2,3),(0.,
1.570796326795,3.14159265359),.PIECEWISE_BEZIER_KNOTS.) CURVE() 
GEOMETRIC_REPRESENTATION_ITEM() RATIONAL_B_SPLINE_CURVE((1.,
0.707106781187,1.,0.707106781187,1.)) REPRESENTATION_ITEM('') );
#1609 = CARTESIAN_POINT('',(4.694583518297,-11.79964385889,15.));
#1610 = CARTESIAN_POINT('',(4.308426990482,-10.99778156646,15.));
#1611 = CARTESIAN_POINT('',(5.110289282915,-10.61162503864,15.));
#1612 = CARTESIAN_POINT('',(5.912151575348,-10.22546851083,15.));
#1613 = CARTESIAN_POINT('',(6.298308103163,-11.02733080326,15.));
#1614 = ORIENTED_EDGE('',*,*,#1615,.F.);
#1615 = EDGE_CURVE('',#1616,#1606,#1618,.T.);
#1616 = VERTEX_POINT('',#1617);
#1617 = CARTESIAN_POINT('',(4.573141384813,-12.14670553672,15.));
#1618 = ( BOUNDED_CURVE() B_SPLINE_CURVE(2,(#1619,#1620,#1621),
.UNSPECIFIED.,.F.,.F.) B_SPLINE_CURVE_WITH_KNOTS((3,3),(0.,
1.570796326795),.PIECEWISE_BEZIER_KNOTS.) CURVE() 
GEOMETRIC_REPRESENTATION_ITEM() RATIONAL_B_SPLINE_CURVE((1.,
0.707106781187,1.)) REPRESENTATION_ITEM('') );
#1619 = CARTESIAN_POINT('',(4.573141384813,-12.14670553672,15.));
#1620 = CARTESIAN_POINT('',(4.807393290467,-12.03389576455,15.));
#1621 = CARTESIAN_POINT('',(4.694583518297,-11.79964385889,15.));
#1622 = ORIENTED_EDGE('',*,*,#1623,.F.);
#1623 = EDGE_CURVE('',#1624,#1616,#1626,.T.);
#1624 = VERTEX_POINT('',#1625);
#1625 = CARTESIAN_POINT('',(3.997921119902,-12.34798381276,15.));
#1626 = ( BOUNDED_CURVE() B_SPLINE_CURVE(2,(#1627,#1628,#1629),
.UNSPECIFIED.,.F.,.F.) B_SPLINE_CURVE_WITH_KNOTS((3,3),(0.,
4.695830611611E-02),.PIECEWISE_BEZIER_KNOTS.) CURVE() 
GEOMETRIC_REPRESENTATION_ITEM() RATIONAL_B_SPLINE_CURVE((1.,
0.999724377348,1.)) REPRESENTATION_ITEM('') );
#1627 = CARTESIAN_POINT('',(3.997921119902,-12.34798381276,15.));
#1628 = CARTESIAN_POINT('',(4.287894608382,-12.25409875821,15.));
#1629 = CARTESIAN_POINT('',(4.573141384813,-12.14670553672,15.));
#1630 = ORIENTED_EDGE('',*,*,#1631,.F.);
#1631 = EDGE_CURVE('',#1632,#1624,#1634,.T.);
#1632 = VERTEX_POINT('',#1633);
#1633 = CARTESIAN_POINT('',(3.686584419907,-12.15235799842,15.));
#1634 = ( BOUNDED_CURVE() B_SPLINE_CURVE(2,(#1635,#1636,#1637),
.UNSPECIFIED.,.F.,.F.) B_SPLINE_CURVE_WITH_KNOTS((3,3),(0.,
1.570796326795),.PIECEWISE_BEZIER_KNOTS.) CURVE() 
GEOMETRIC_REPRESENTATION_ITEM() RATIONAL_B_SPLINE_CURVE((1.,
0.707106781187,1.)) REPRESENTATION_ITEM('') );
#1635 = CARTESIAN_POINT('',(3.686584419907,-12.15235799842,15.));
#1636 = CARTESIAN_POINT('',(3.744439862735,-12.40583925559,15.));
#1637 = CARTESIAN_POINT('',(3.997921119902,-12.34798381276,15.));
#1638 = ORIENTED_EDGE('',*,*,#1639,.F.);
#1639 = EDGE_CURVE('',#1640,#1632,#1642,.T.);
#1640 = VERTEX_POINT('',#1641);
#1641 = CARTESIAN_POINT('',(1.951212736223,-12.54844526087,15.));
#1642 = ( BOUNDED_CURVE() B_SPLINE_CURVE(2,(#1643,#1644,#1645,#1646,
#1647),.UNSPECIFIED.,.F.,.F.) B_SPLINE_CURVE_WITH_KNOTS((3,2,3),(0.,
1.570796326795,3.14159265359),.PIECEWISE_BEZIER_KNOTS.) CURVE() 
GEOMETRIC_REPRESENTATION_ITEM() RATIONAL_B_SPLINE_CURVE((1.,
0.707106781187,1.,0.707106781187,1.)) REPRESENTATION_ITEM('') );
#1643 = CARTESIAN_POINT('',(1.951212736223,-12.54844526087,15.));
#1644 = CARTESIAN_POINT('',(1.753169105002,-11.68075941902,15.));
#1645 = CARTESIAN_POINT('',(2.620854946844,-11.4827157878,15.));
#1646 = CARTESIAN_POINT('',(3.488540788685,-11.28467215658,15.));
#1647 = CARTESIAN_POINT('',(3.686584419907,-12.15235799842,15.));
#1648 = ORIENTED_EDGE('',*,*,#1649,.F.);
#1649 = EDGE_CURVE('',#1650,#1640,#1652,.T.);
#1650 = VERTEX_POINT('',#1651);
#1651 = CARTESIAN_POINT('',(1.755586921884,-12.85978196086,15.));
#1652 = ( BOUNDED_CURVE() B_SPLINE_CURVE(2,(#1653,#1654,#1655),
.UNSPECIFIED.,.F.,.F.) B_SPLINE_CURVE_WITH_KNOTS((3,3),(0.,
1.570796326795),.PIECEWISE_BEZIER_KNOTS.) CURVE() 
GEOMETRIC_REPRESENTATION_ITEM() RATIONAL_B_SPLINE_CURVE((1.,
0.707106781187,1.)) REPRESENTATION_ITEM('') );
#1653 = CARTESIAN_POINT('',(1.755586921884,-12.85978196086,15.));
#1654 = CARTESIAN_POINT('',(2.009068179052,-12.80192651803,15.));
#1655 = CARTESIAN_POINT('',(1.951212736223,-12.54844526087,15.));
#1656 = ORIENTED_EDGE('',*,*,#1657,.F.);
#1657 = EDGE_CURVE('',#1658,#1650,#1660,.T.);
#1658 = VERTEX_POINT('',#1659);
#1659 = CARTESIAN_POINT('',(1.15,-12.92801521971,15.));
#1660 = ( BOUNDED_CURVE() B_SPLINE_CURVE(2,(#1661,#1662,#1663),
.UNSPECIFIED.,.F.,.F.) B_SPLINE_CURVE_WITH_KNOTS((3,3),(0.,
4.695830611611E-02),.PIECEWISE_BEZIER_KNOTS.) CURVE() 
GEOMETRIC_REPRESENTATION_ITEM() RATIONAL_B_SPLINE_CURVE((1.,
0.999724377348,1.)) REPRESENTATION_ITEM('') );
#1661 = CARTESIAN_POINT('',(1.15,-12.92801521971,15.));
#1662 = CARTESIAN_POINT('',(1.453594637733,-12.90100923098,15.));
#1663 = CARTESIAN_POINT('',(1.755586921884,-12.85978196086,15.));
#1664 = ORIENTED_EDGE('',*,*,#1665,.F.);
#1665 = EDGE_CURVE('',#1666,#1658,#1668,.T.);
#1666 = VERTEX_POINT('',#1667);
#1667 = CARTESIAN_POINT('',(0.89,-12.66801521971,15.));
#1668 = ( BOUNDED_CURVE() B_SPLINE_CURVE(2,(#1669,#1670,#1671),
.UNSPECIFIED.,.F.,.F.) B_SPLINE_CURVE_WITH_KNOTS((3,3),(0.,
1.570796326795),.PIECEWISE_BEZIER_KNOTS.) CURVE() 
GEOMETRIC_REPRESENTATION_ITEM() RATIONAL_B_SPLINE_CURVE((1.,
0.707106781187,1.)) REPRESENTATION_ITEM('') );
#1669 = CARTESIAN_POINT('',(0.89,-12.66801521971,15.));
#1670 = CARTESIAN_POINT('',(0.89,-12.92801521971,15.));
#1671 = CARTESIAN_POINT('',(1.15,-12.92801521971,15.));
#1672 = ORIENTED_EDGE('',*,*,#1673,.F.);
#1673 = EDGE_CURVE('',#1674,#1666,#1676,.T.);
#1674 = VERTEX_POINT('',#1675);
#1675 = CARTESIAN_POINT('',(-0.89,-12.66801521971,15.));
#1676 = ( BOUNDED_CURVE() B_SPLINE_CURVE(2,(#1677,#1678,#1679,#1680,
#1681),.UNSPECIFIED.,.F.,.F.) B_SPLINE_CURVE_WITH_KNOTS((3,2,3),(0.,
1.570796326795,3.14159265359),.PIECEWISE_BEZIER_KNOTS.) CURVE() 
GEOMETRIC_REPRESENTATION_ITEM() RATIONAL_B_SPLINE_CURVE((1.,
0.707106781187,1.,0.707106781187,1.)) REPRESENTATION_ITEM('') );
#1677 = CARTESIAN_POINT('',(-0.89,-12.66801521971,15.));
#1678 = CARTESIAN_POINT('',(-0.89,-11.77801521971,15.));
#1679 = CARTESIAN_POINT('',(-2.66E-15,-11.77801521971,15.));
#1680 = CARTESIAN_POINT('',(0.89,-11.77801521971,15.));
#1681 = CARTESIAN_POINT('',(0.89,-12.66801521971,15.));
#1682 = ORIENTED_EDGE('',*,*,#1683,.F.);
#1683 = EDGE_CURVE('',#1684,#1674,#1686,.T.);
#1684 = VERTEX_POINT('',#1685);
#1685 = CARTESIAN_POINT('',(-1.15,-12.92801521971,15.));
#1686 = ( BOUNDED_CURVE() B_SPLINE_CURVE(2,(#1687,#1688,#1689),
.UNSPECIFIED.,.F.,.F.) B_SPLINE_CURVE_WITH_KNOTS((3,3),(0.,
1.570796326795),.PIECEWISE_BEZIER_KNOTS.) CURVE() 
GEOMETRIC_REPRESENTATION_ITEM() RATIONAL_B_SPLINE_CURVE((1.,
0.707106781187,1.)) REPRESENTATION_ITEM('') );
#1687 = CARTESIAN_POINT('',(-1.15,-12.92801521971,15.));
#1688 = CARTESIAN_POINT('',(-0.89,-12.92801521971,15.));
#1689 = CARTESIAN_POINT('',(-0.89,-12.66801521971,15.));
#1690 = ORIENTED_EDGE('',*,*,#1691,.F.);
#1691 = EDGE_CURVE('',#1692,#1684,#1694,.T.);
#1692 = VERTEX_POINT('',#1693);
#1693 = CARTESIAN_POINT('',(-1.755586921884,-12.85978196086,15.));
#1694 = ( BOUNDED_CURVE() B_SPLINE_CURVE(2,(#1695,#1696,#1697),
.UNSPECIFIED.,.F.,.F.) B_SPLINE_CURVE_WITH_KNOTS((3,3),(0.,
4.695830611611E-02),.PIECEWISE_BEZIER_KNOTS.) CURVE() 
GEOMETRIC_REPRESENTATION_ITEM() RATIONAL_B_SPLINE_CURVE((1.,
0.999724377348,1.)) REPRESENTATION_ITEM('') );
#1695 = CARTESIAN_POINT('',(-1.755586921884,-12.85978196086,15.));
#1696 = CARTESIAN_POINT('',(-1.453594637733,-12.90100923098,15.));
#1697 = CARTESIAN_POINT('',(-1.15,-12.92801521971,15.));
#1698 = ORIENTED_EDGE('',*,*,#1699,.F.);
#1699 = EDGE_CURVE('',#1700,#1692,#1702,.T.);
#1700 = VERTEX_POINT('',#1701);
#1701 = CARTESIAN_POINT('',(-1.951212736223,-12.54844526087,15.));
#1702 = ( BOUNDED_CURVE() B_SPLINE_CURVE(2,(#1703,#1704,#1705),
.UNSPECIFIED.,.F.,.F.) B_SPLINE_CURVE_WITH_KNOTS((3,3),(0.,
1.570796326795),.PIECEWISE_BEZIER_KNOTS.) CURVE() 
GEOMETRIC_REPRESENTATION_ITEM() RATIONAL_B_SPLINE_CURVE((1.,
0.707106781187,1.)) REPRESENTATION_ITEM('') );
#1703 = CARTESIAN_POINT('',(-1.951212736223,-12.54844526087,15.));
#1704 = CARTESIAN_POINT('',(-2.009068179052,-12.80192651803,15.));
#1705 = CARTESIAN_POINT('',(-1.755586921884,-12.85978196086,15.));
#1706 = ORIENTED_EDGE('',*,*,#1707,.F.);
#1707 = EDGE_CURVE('',#1708,#1700,#1710,.T.);
#1708 = VERTEX_POINT('',#1709);
#1709 = CARTESIAN_POINT('',(-3.686584419907,-12.15235799842,15.));
#1710 = ( BOUNDED_CURVE() B_SPLINE_CURVE(2,(#1711,#1712,#1713,#1714,
#1715),.UNSPECIFIED.,.F.,.F.) B_SPLINE_CURVE_WITH_KNOTS((3,2,3),(0.,
1.570796326795,3.14159265359),.PIECEWISE_BEZIER_KNOTS.) CURVE() 
GEOMETRIC_REPRESENTATION_ITEM() RATIONAL_B_SPLINE_CURVE((1.,
0.707106781187,1.,0.707106781187,1.)) REPRESENTATION_ITEM('') );
#1711 = CARTESIAN_POINT('',(-3.686584419907,-12.15235799842,15.));
#1712 = CARTESIAN_POINT('',(-3.488540788685,-11.28467215658,15.));
#1713 = CARTESIAN_POINT('',(-2.620854946844,-11.4827157878,15.));
#1714 = CARTESIAN_POINT('',(-1.753169105002,-11.68075941902,15.));
#1715 = CARTESIAN_POINT('',(-1.951212736223,-12.54844526087,15.));
#1716 = ORIENTED_EDGE('',*,*,#1717,.F.);
#1717 = EDGE_CURVE('',#1718,#1708,#1720,.T.);
#1718 = VERTEX_POINT('',#1719);
#1719 = CARTESIAN_POINT('',(-3.997921119902,-12.34798381276,15.));
#1720 = ( BOUNDED_CURVE() B_SPLINE_CURVE(2,(#1721,#1722,#1723),
.UNSPECIFIED.,.F.,.F.) B_SPLINE_CURVE_WITH_KNOTS((3,3),(0.,
1.570796326795),.PIECEWISE_BEZIER_KNOTS.) CURVE() 
GEOMETRIC_REPRESENTATION_ITEM() RATIONAL_B_SPLINE_CURVE((1.,
0.707106781187,1.)) REPRESENTATION_ITEM('') );
#1721 = CARTESIAN_POINT('',(-3.997921119902,-12.34798381276,15.));
#1722 = CARTESIAN_POINT('',(-3.744439862735,-12.40583925559,15.));
#1723 = CARTESIAN_POINT('',(-3.686584419907,-12.15235799842,15.));
#1724 = ORIENTED_EDGE('',*,*,#1725,.F.);
#1725 = EDGE_CURVE('',#1726,#1718,#1728,.T.);
#1726 = VERTEX_POINT('',#1727);
#1727 = CARTESIAN_POINT('',(-4.573141384813,-12.14670553672,15.));
#1728 = ( BOUNDED_CURVE() B_SPLINE_CURVE(2,(#1729,#1730,#1731),
.UNSPECIFIED.,.F.,.F.) B_SPLINE_CURVE_WITH_KNOTS((3,3),(0.,
4.695830611611E-02),.PIECEWISE_BEZIER_KNOTS.) CURVE() 
GEOMETRIC_REPRESENTATION_ITEM() RATIONAL_B_SPLINE_CURVE((1.,
0.999724377348,1.)) REPRESENTATION_ITEM('') );
#1729 = CARTESIAN_POINT('',(-4.573141384813,-12.14670553672,15.));
#1730 = CARTESIAN_POINT('',(-4.287894608382,-12.25409875821,15.));
#1731 = CARTESIAN_POINT('',(-3.997921119902,-12.34798381276,15.));
#1732 = ORIENTED_EDGE('',*,*,#1733,.F.);
#1733 = EDGE_CURVE('',#1734,#1726,#1736,.T.);
#1734 = VERTEX_POINT('',#1735);
#1735 = CARTESIAN_POINT('',(-4.694583518297,-11.79964385889,15.));
#1736 = ( BOUNDED_CURVE() B_SPLINE_CURVE(2,(#1737,#1738,#1739),
.UNSPECIFIED.,.F.,.F.) B_SPLINE_CURVE_WITH_KNOTS((3,3),(0.,
1.570796326795),.PIECEWISE_BEZIER_KNOTS.) CURVE() 
GEOMETRIC_REPRESENTATION_ITEM() RATIONAL_B_SPLINE_CURVE((1.,
0.707106781187,1.)) REPRESENTATION_ITEM('') );
#1737 = CARTESIAN_POINT('',(-4.694583518297,-11.79964385889,15.));
#1738 = CARTESIAN_POINT('',(-4.807393290467,-12.03389576455,15.));
#1739 = CARTESIAN_POINT('',(-4.573141384813,-12.14670553672,15.));
#1740 = ORIENTED_EDGE('',*,*,#1741,.F.);
#1741 = EDGE_CURVE('',#1742,#1734,#1744,.T.);
#1742 = VERTEX_POINT('',#1743);
#1743 = CARTESIAN_POINT('',(-6.298308103163,-11.02733080326,15.));
#1744 = ( BOUNDED_CURVE() B_SPLINE_CURVE(2,(#1745,#1746,#1747,#1748,
#1749),.UNSPECIFIED.,.F.,.F.) B_SPLINE_CURVE_WITH_KNOTS((3,2,3),(0.,
1.570796326795,3.14159265359),.PIECEWISE_BEZIER_KNOTS.) CURVE() 
GEOMETRIC_REPRESENTATION_ITEM() RATIONAL_B_SPLINE_CURVE((1.,
0.707106781187,1.,0.707106781187,1.)) REPRESENTATION_ITEM('') );
#1745 = CARTESIAN_POINT('',(-6.298308103163,-11.02733080326,15.));
#1746 = CARTESIAN_POINT('',(-5.912151575348,-10.22546851083,15.));
#1747 = CARTESIAN_POINT('',(-5.110289282915,-10.61162503864,15.));
#1748 = CARTESIAN_POINT('',(-4.308426990482,-10.99778156646,15.));
#1749 = CARTESIAN_POINT('',(-4.694583518297,-11.79964385889,15.));
#1750 = ORIENTED_EDGE('',*,*,#1751,.F.);
#1751 = EDGE_CURVE('',#1752,#1742,#1754,.T.);
#1752 = VERTEX_POINT('',#1753);
#1753 = CARTESIAN_POINT('',(-6.645369780988,-11.14877293675,15.));
#1754 = ( BOUNDED_CURVE() B_SPLINE_CURVE(2,(#1755,#1756,#1757),
.UNSPECIFIED.,.F.,.F.) B_SPLINE_CURVE_WITH_KNOTS((3,3),(0.,
1.570796326795),.PIECEWISE_BEZIER_KNOTS.) CURVE() 
GEOMETRIC_REPRESENTATION_ITEM() RATIONAL_B_SPLINE_CURVE((1.,
0.707106781187,1.)) REPRESENTATION_ITEM('') );
#1755 = CARTESIAN_POINT('',(-6.645369780988,-11.14877293675,15.));
#1756 = CARTESIAN_POINT('',(-6.411117875334,-11.26158270892,15.));
#1757 = CARTESIAN_POINT('',(-6.298308103163,-11.02733080326,15.));
#1758 = ORIENTED_EDGE('',*,*,#1759,.F.);
#1759 = EDGE_CURVE('',#1760,#1752,#1762,.T.);
#1760 = VERTEX_POINT('',#1761);
#1761 = CARTESIAN_POINT('',(-7.161379442931,-10.82454257674,15.));
#1762 = ( BOUNDED_CURVE() B_SPLINE_CURVE(2,(#1763,#1764,#1765),
.UNSPECIFIED.,.F.,.F.) B_SPLINE_CURVE_WITH_KNOTS((3,3),(0.,
4.695830611611E-02),.PIECEWISE_BEZIER_KNOTS.) CURVE() 
GEOMETRIC_REPRESENTATION_ITEM() RATIONAL_B_SPLINE_CURVE((1.,
0.999724377348,1.)) REPRESENTATION_ITEM('') );
#1763 = CARTESIAN_POINT('',(-7.161379442931,-10.82454257674,15.));
#1764 = CARTESIAN_POINT('',(-6.907181638677,-10.99271660505,15.));
#1765 = CARTESIAN_POINT('',(-6.645369780988,-11.14877293675,15.));
#1766 = ORIENTED_EDGE('',*,*,#1767,.F.);
#1767 = EDGE_CURVE('',#1768,#1760,#1770,.T.);
#1768 = VERTEX_POINT('',#1769);
#1769 = CARTESIAN_POINT('',(-7.20254827989,-10.45915904281,15.));
#1770 = ( BOUNDED_CURVE() B_SPLINE_CURVE(2,(#1771,#1772,#1773),
.UNSPECIFIED.,.F.,.F.) B_SPLINE_CURVE_WITH_KNOTS((3,3),(0.,
1.570796326795),.PIECEWISE_BEZIER_KNOTS.) CURVE() 
GEOMETRIC_REPRESENTATION_ITEM() RATIONAL_B_SPLINE_CURVE((1.,
0.707106781187,1.)) REPRESENTATION_ITEM('') );
#1771 = CARTESIAN_POINT('',(-7.20254827989,-10.45915904281,15.));
#1772 = CARTESIAN_POINT('',(-7.364655628373,-10.66243522825,15.));
#1773 = CARTESIAN_POINT('',(-7.161379442931,-10.82454257674,15.));
#1774 = ORIENTED_EDGE('',*,*,#1775,.F.);
#1775 = EDGE_CURVE('',#1776,#1768,#1778,.T.);
#1776 = VERTEX_POINT('',#1777);
#1777 = CARTESIAN_POINT('',(-8.594208318683,-9.349347195506,15.));
#1778 = ( BOUNDED_CURVE() B_SPLINE_CURVE(2,(#1779,#1780,#1781,#1782,
#1783),.UNSPECIFIED.,.F.,.F.) B_SPLINE_CURVE_WITH_KNOTS((3,2,3),(0.,
1.570796326795,3.14159265359),.PIECEWISE_BEZIER_KNOTS.) CURVE() 
GEOMETRIC_REPRESENTATION_ITEM() RATIONAL_B_SPLINE_CURVE((1.,
0.707106781187,1.,0.707106781187,1.)) REPRESENTATION_ITEM('') );
#1779 = CARTESIAN_POINT('',(-8.594208318683,-9.349347195506,15.));
#1780 = CARTESIAN_POINT('',(-8.039302395028,-8.65351717611,15.));
#1781 = CARTESIAN_POINT('',(-7.343472375632,-9.208423099764,15.));
#1782 = CARTESIAN_POINT('',(-6.647642356235,-9.763329023418,15.));
#1783 = CARTESIAN_POINT('',(-7.20254827989,-10.45915904281,15.));
#1784 = ORIENTED_EDGE('',*,*,#1785,.F.);
#1785 = EDGE_CURVE('',#1786,#1776,#1788,.T.);
#1786 = VERTEX_POINT('',#1787);
#1787 = CARTESIAN_POINT('',(-8.959591852608,-9.390516032465,15.));
#1788 = ( BOUNDED_CURVE() B_SPLINE_CURVE(2,(#1789,#1790,#1791),
.UNSPECIFIED.,.F.,.F.) B_SPLINE_CURVE_WITH_KNOTS((3,3),(0.,
1.570796326795),.PIECEWISE_BEZIER_KNOTS.) CURVE() 
GEOMETRIC_REPRESENTATION_ITEM() RATIONAL_B_SPLINE_CURVE((1.,
0.707106781187,1.)) REPRESENTATION_ITEM('') );
#1789 = CARTESIAN_POINT('',(-8.959591852608,-9.390516032465,15.));
#1790 = CARTESIAN_POINT('',(-8.756315667166,-9.552623380948,15.));
#1791 = CARTESIAN_POINT('',(-8.594208318683,-9.349347195506,15.));
#1792 = ORIENTED_EDGE('',*,*,#1793,.F.);
#1793 = EDGE_CURVE('',#1794,#1786,#1796,.T.);
#1794 = VERTEX_POINT('',#1795);
#1795 = CARTESIAN_POINT('',(-9.390516032465,-8.959591852608,15.));
#1796 = ( BOUNDED_CURVE() B_SPLINE_CURVE(2,(#1797,#1798,#1799),
.UNSPECIFIED.,.F.,.F.) B_SPLINE_CURVE_WITH_KNOTS((3,3),(0.,
4.695830611611E-02),.PIECEWISE_BEZIER_KNOTS.) CURVE() 
GEOMETRIC_REPRESENTATION_ITEM() RATIONAL_B_SPLINE_CURVE((1.,
0.999724377348,1.)) REPRESENTATION_ITEM('') );
#1797 = CARTESIAN_POINT('',(-9.390516032465,-8.959591852608,15.));
#1798 = CARTESIAN_POINT('',(-9.180113739731,-9.180113739731,15.));
#1799 = CARTESIAN_POINT('',(-8.959591852608,-9.390516032465,15.));
#1800 = ORIENTED_EDGE('',*,*,#1801,.F.);
#1801 = EDGE_CURVE('',#1802,#1794,#1804,.T.);
#1802 = VERTEX_POINT('',#1803);
#1803 = CARTESIAN_POINT('',(-9.349347195506,-8.594208318683,15.));
#1804 = ( BOUNDED_CURVE() B_SPLINE_CURVE(2,(#1805,#1806,#1807),
.UNSPECIFIED.,.F.,.F.) B_SPLINE_CURVE_WITH_KNOTS((3,3),(0.,
1.570796326795),.PIECEWISE_BEZIER_KNOTS.) CURVE() 
GEOMETRIC_REPRESENTATION_ITEM() RATIONAL_B_SPLINE_CURVE((1.,
0.707106781187,1.)) REPRESENTATION_ITEM('') );
#1805 = CARTESIAN_POINT('',(-9.349347195506,-8.594208318683,15.));
#1806 = CARTESIAN_POINT('',(-9.552623380948,-8.756315667166,15.));
#1807 = CARTESIAN_POINT('',(-9.390516032465,-8.959591852608,15.));
#1808 = ORIENTED_EDGE('',*,*,#1809,.F.);
#1809 = EDGE_CURVE('',#1810,#1802,#1812,.T.);
#1810 = VERTEX_POINT('',#1811);
#1811 = CARTESIAN_POINT('',(-10.45915904281,-7.20254827989,15.));
#1812 = ( BOUNDED_CURVE() B_SPLINE_CURVE(2,(#1813,#1814,#1815,#1816,
#1817),.UNSPECIFIED.,.F.,.F.) B_SPLINE_CURVE_WITH_KNOTS((3,2,3),(0.,
1.570796326795,3.14159265359),.PIECEWISE_BEZIER_KNOTS.) CURVE() 
GEOMETRIC_REPRESENTATION_ITEM() RATIONAL_B_SPLINE_CURVE((1.,
0.707106781187,1.,0.707106781187,1.)) REPRESENTATION_ITEM('') );
#1813 = CARTESIAN_POINT('',(-10.45915904281,-7.20254827989,15.));
#1814 = CARTESIAN_POINT('',(-9.763329023418,-6.647642356235,15.));
#1815 = CARTESIAN_POINT('',(-9.208423099764,-7.343472375632,15.));
#1816 = CARTESIAN_POINT('',(-8.65351717611,-8.039302395028,15.));
#1817 = CARTESIAN_POINT('',(-9.349347195506,-8.594208318683,15.));
#1818 = ORIENTED_EDGE('',*,*,#1819,.F.);
#1819 = EDGE_CURVE('',#1820,#1810,#1822,.T.);
#1820 = VERTEX_POINT('',#1821);
#1821 = CARTESIAN_POINT('',(-10.82454257674,-7.161379442931,15.));
#1822 = ( BOUNDED_CURVE() B_SPLINE_CURVE(2,(#1823,#1824,#1825),
.UNSPECIFIED.,.F.,.F.) B_SPLINE_CURVE_WITH_KNOTS((3,3),(0.,
1.570796326795),.PIECEWISE_BEZIER_KNOTS.) CURVE() 
GEOMETRIC_REPRESENTATION_ITEM() RATIONAL_B_SPLINE_CURVE((1.,
0.707106781187,1.)) REPRESENTATION_ITEM('') );
#1823 = CARTESIAN_POINT('',(-10.82454257674,-7.161379442931,15.));
#1824 = CARTESIAN_POINT('',(-10.66243522825,-7.364655628373,15.));
#1825 = CARTESIAN_POINT('',(-10.45915904281,-7.20254827989,15.));
#1826 = ORIENTED_EDGE('',*,*,#1827,.F.);
#1827 = EDGE_CURVE('',#1828,#1820,#1830,.T.);
#1828 = VERTEX_POINT('',#1829);
#1829 = CARTESIAN_POINT('',(-11.14877293675,-6.645369780988,15.));
#1830 = ( BOUNDED_CURVE() B_SPLINE_CURVE(2,(#1831,#1832,#1833),
.UNSPECIFIED.,.F.,.F.) B_SPLINE_CURVE_WITH_KNOTS((3,3),(0.,
4.695830611611E-02),.PIECEWISE_BEZIER_KNOTS.) CURVE() 
GEOMETRIC_REPRESENTATION_ITEM() RATIONAL_B_SPLINE_CURVE((1.,
0.999724377348,1.)) REPRESENTATION_ITEM('') );
#1831 = CARTESIAN_POINT('',(-11.14877293675,-6.645369780988,15.));
#1832 = CARTESIAN_POINT('',(-10.99271660505,-6.907181638677,15.));
#1833 = CARTESIAN_POINT('',(-10.82454257674,-7.161379442931,15.));
#1834 = ORIENTED_EDGE('',*,*,#1835,.F.);
#1835 = EDGE_CURVE('',#1836,#1828,#1838,.T.);
#1836 = VERTEX_POINT('',#1837);
#1837 = CARTESIAN_POINT('',(-11.02733080326,-6.298308103163,15.));
#1838 = ( BOUNDED_CURVE() B_SPLINE_CURVE(2,(#1839,#1840,#1841),
.UNSPECIFIED.,.F.,.F.) B_SPLINE_CURVE_WITH_KNOTS((3,3),(0.,
1.570796326795),.PIECEWISE_BEZIER_KNOTS.) CURVE() 
GEOMETRIC_REPRESENTATION_ITEM() RATIONAL_B_SPLINE_CURVE((1.,
0.707106781187,1.)) REPRESENTATION_ITEM('') );
#1839 = CARTESIAN_POINT('',(-11.02733080326,-6.298308103163,15.));
#1840 = CARTESIAN_POINT('',(-11.26158270892,-6.411117875334,15.));
#1841 = CARTESIAN_POINT('',(-11.14877293675,-6.645369780988,15.));
#1842 = ORIENTED_EDGE('',*,*,#1843,.F.);
#1843 = EDGE_CURVE('',#1844,#1836,#1846,.T.);
#1844 = VERTEX_POINT('',#1845);
#1845 = CARTESIAN_POINT('',(-11.79964385889,-4.694583518297,15.));
#1846 = ( BOUNDED_CURVE() B_SPLINE_CURVE(2,(#1847,#1848,#1849,#1850,
#1851),.UNSPECIFIED.,.F.,.F.) B_SPLINE_CURVE_WITH_KNOTS((3,2,3),(0.,
1.570796326795,3.14159265359),.PIECEWISE_BEZIER_KNOTS.) CURVE() 
GEOMETRIC_REPRESENTATION_ITEM() RATIONAL_B_SPLINE_CURVE((1.,
0.707106781187,1.,0.707106781187,1.)) REPRESENTATION_ITEM('') );
#1847 = CARTESIAN_POINT('',(-11.79964385889,-4.694583518297,15.));
#1848 = CARTESIAN_POINT('',(-10.99778156646,-4.308426990482,15.));
#1849 = CARTESIAN_POINT('',(-10.61162503864,-5.110289282915,15.));
#1850 = CARTESIAN_POINT('',(-10.22546851083,-5.912151575348,15.));
#1851 = CARTESIAN_POINT('',(-11.02733080326,-6.298308103163,15.));
#1852 = ORIENTED_EDGE('',*,*,#1853,.F.);
#1853 = EDGE_CURVE('',#1854,#1844,#1856,.T.);
#1854 = VERTEX_POINT('',#1855);
#1855 = CARTESIAN_POINT('',(-12.14670553672,-4.573141384813,15.));
#1856 = ( BOUNDED_CURVE() B_SPLINE_CURVE(2,(#1857,#1858,#1859),
.UNSPECIFIED.,.F.,.F.) B_SPLINE_CURVE_WITH_KNOTS((3,3),(0.,
1.570796326795),.PIECEWISE_BEZIER_KNOTS.) CURVE() 
GEOMETRIC_REPRESENTATION_ITEM() RATIONAL_B_SPLINE_CURVE((1.,
0.707106781187,1.)) REPRESENTATION_ITEM('') );
#1857 = CARTESIAN_POINT('',(-12.14670553672,-4.573141384813,15.));
#1858 = CARTESIAN_POINT('',(-12.03389576455,-4.807393290467,15.));
#1859 = CARTESIAN_POINT('',(-11.79964385889,-4.694583518297,15.));
#1860 = ORIENTED_EDGE('',*,*,#1861,.F.);
#1861 = EDGE_CURVE('',#1862,#1854,#1864,.T.);
#1862 = VERTEX_POINT('',#1863);
#1863 = CARTESIAN_POINT('',(-12.34798381276,-3.997921119902,15.));
#1864 = ( BOUNDED_CURVE() B_SPLINE_CURVE(2,(#1865,#1866,#1867),
.UNSPECIFIED.,.F.,.F.) B_SPLINE_CURVE_WITH_KNOTS((3,3),(0.,
4.695830611611E-02),.PIECEWISE_BEZIER_KNOTS.) CURVE() 
GEOMETRIC_REPRESENTATION_ITEM() RATIONAL_B_SPLINE_CURVE((1.,
0.999724377348,1.)) REPRESENTATION_ITEM('') );
#1865 = CARTESIAN_POINT('',(-12.34798381276,-3.997921119902,15.));
#1866 = CARTESIAN_POINT('',(-12.25409875821,-4.287894608382,15.));
#1867 = CARTESIAN_POINT('',(-12.14670553672,-4.573141384813,15.));
#1868 = ORIENTED_EDGE('',*,*,#1869,.F.);
#1869 = EDGE_CURVE('',#1870,#1862,#1872,.T.);
#1870 = VERTEX_POINT('',#1871);
#1871 = CARTESIAN_POINT('',(-12.15235799842,-3.686584419907,15.));
#1872 = ( BOUNDED_CURVE() B_SPLINE_CURVE(2,(#1873,#1874,#1875),
.UNSPECIFIED.,.F.,.F.) B_SPLINE_CURVE_WITH_KNOTS((3,3),(0.,
1.570796326795),.PIECEWISE_BEZIER_KNOTS.) CURVE() 
GEOMETRIC_REPRESENTATION_ITEM() RATIONAL_B_SPLINE_CURVE((1.,
0.707106781187,1.)) REPRESENTATION_ITEM('') );
#1873 = CARTESIAN_POINT('',(-12.15235799842,-3.686584419907,15.));
#1874 = CARTESIAN_POINT('',(-12.40583925559,-3.744439862735,15.));
#1875 = CARTESIAN_POINT('',(-12.34798381276,-3.997921119902,15.));
#1876 = ORIENTED_EDGE('',*,*,#1877,.F.);
#1877 = EDGE_CURVE('',#1878,#1870,#1880,.T.);
#1878 = VERTEX_POINT('',#1879);
#1879 = CARTESIAN_POINT('',(-12.54844526087,-1.951212736223,15.));
#1880 = ( BOUNDED_CURVE() B_SPLINE_CURVE(2,(#1881,#1882,#1883,#1884,
#1885),.UNSPECIFIED.,.F.,.F.) B_SPLINE_CURVE_WITH_KNOTS((3,2,3),(0.,
1.570796326795,3.14159265359),.PIECEWISE_BEZIER_KNOTS.) CURVE() 
GEOMETRIC_REPRESENTATION_ITEM() RATIONAL_B_SPLINE_CURVE((1.,
0.707106781187,1.,0.707106781187,1.)) REPRESENTATION_ITEM('') );
#1881 = CARTESIAN_POINT('',(-12.54844526087,-1.951212736223,15.));
#1882 = CARTESIAN_POINT('',(-11.68075941902,-1.753169105002,15.));
#1883 = CARTESIAN_POINT('',(-11.4827157878,-2.620854946844,15.));
#1884 = CARTESIAN_POINT('',(-11.28467215658,-3.488540788685,15.));
#1885 = CARTESIAN_POINT('',(-12.15235799842,-3.686584419907,15.));
#1886 = ORIENTED_EDGE('',*,*,#1887,.F.);
#1887 = EDGE_CURVE('',#1888,#1878,#1890,.T.);
#1888 = VERTEX_POINT('',#1889);
#1889 = CARTESIAN_POINT('',(-12.85978196086,-1.755586921884,15.));
#1890 = ( BOUNDED_CURVE() B_SPLINE_CURVE(2,(#1891,#1892,#1893),
.UNSPECIFIED.,.F.,.F.) B_SPLINE_CURVE_WITH_KNOTS((3,3),(0.,
1.570796326795),.PIECEWISE_BEZIER_KNOTS.) CURVE() 
GEOMETRIC_REPRESENTATION_ITEM() RATIONAL_B_SPLINE_CURVE((1.,
0.707106781187,1.)) REPRESENTATION_ITEM('') );
#1891 = CARTESIAN_POINT('',(-12.85978196086,-1.755586921884,15.));
#1892 = CARTESIAN_POINT('',(-12.80192651803,-2.009068179052,15.));
#1893 = CARTESIAN_POINT('',(-12.54844526087,-1.951212736223,15.));
#1894 = ORIENTED_EDGE('',*,*,#1895,.F.);
#1895 = EDGE_CURVE('',#1896,#1888,#1898,.T.);
#1896 = VERTEX_POINT('',#1897);
#1897 = CARTESIAN_POINT('',(-12.92801521971,-1.15,15.));
#1898 = ( BOUNDED_CURVE() B_SPLINE_CURVE(2,(#1899,#1900,#1901),
.UNSPECIFIED.,.F.,.F.) B_SPLINE_CURVE_WITH_KNOTS((3,3),(0.,
4.695830611611E-02),.PIECEWISE_BEZIER_KNOTS.) CURVE() 
GEOMETRIC_REPRESENTATION_ITEM() RATIONAL_B_SPLINE_CURVE((1.,
0.999724377348,1.)) REPRESENTATION_ITEM('') );
#1899 = CARTESIAN_POINT('',(-12.92801521971,-1.15,15.));
#1900 = CARTESIAN_POINT('',(-12.90100923098,-1.453594637733,15.));
#1901 = CARTESIAN_POINT('',(-12.85978196086,-1.755586921884,15.));
#1902 = ORIENTED_EDGE('',*,*,#1903,.F.);
#1903 = EDGE_CURVE('',#1904,#1896,#1906,.T.);
#1904 = VERTEX_POINT('',#1905);
#1905 = CARTESIAN_POINT('',(-12.66801521971,-0.89,15.));
#1906 = ( BOUNDED_CURVE() B_SPLINE_CURVE(2,(#1907,#1908,#1909),
.UNSPECIFIED.,.F.,.F.) B_SPLINE_CURVE_WITH_KNOTS((3,3),(0.,
1.570796326795),.PIECEWISE_BEZIER_KNOTS.) CURVE() 
GEOMETRIC_REPRESENTATION_ITEM() RATIONAL_B_SPLINE_CURVE((1.,
0.707106781187,1.)) REPRESENTATION_ITEM('') );
#1907 = CARTESIAN_POINT('',(-12.66801521971,-0.89,15.));
#1908 = CARTESIAN_POINT('',(-12.92801521971,-0.89,15.));
#1909 = CARTESIAN_POINT('',(-12.92801521971,-1.15,15.));
#1910 = ORIENTED_EDGE('',*,*,#1911,.F.);
#1911 = EDGE_CURVE('',#1912,#1904,#1914,.T.);
#1912 = VERTEX_POINT('',#1913);
#1913 = CARTESIAN_POINT('',(-12.66801521971,0.89,15.));
#1914 = ( BOUNDED_CURVE() B_SPLINE_CURVE(2,(#1915,#1916,#1917,#1918,
#1919),.UNSPECIFIED.,.F.,.F.) B_SPLINE_CURVE_WITH_KNOTS((3,2,3),(0.,
1.570796326795,3.14159265359),.PIECEWISE_BEZIER_KNOTS.) CURVE() 
GEOMETRIC_REPRESENTATION_ITEM() RATIONAL_B_SPLINE_CURVE((1.,
0.707106781187,1.,0.707106781187,1.)) REPRESENTATION_ITEM('') );
#1915 = CARTESIAN_POINT('',(-12.66801521971,0.89,15.));
#1916 = CARTESIAN_POINT('',(-11.77801521971,0.89,15.));
#1917 = CARTESIAN_POINT('',(-11.77801521971,1.78E-15,15.));
#1918 = CARTESIAN_POINT('',(-11.77801521971,-0.89,15.));
#1919 = CARTESIAN_POINT('',(-12.66801521971,-0.89,15.));
#1920 = ORIENTED_EDGE('',*,*,#1921,.F.);
#1921 = EDGE_CURVE('',#1922,#1912,#1924,.T.);
#1922 = VERTEX_POINT('',#1923);
#1923 = CARTESIAN_POINT('',(-12.92801521971,1.15,15.));
#1924 = ( BOUNDED_CURVE() B_SPLINE_CURVE(2,(#1925,#1926,#1927),
.UNSPECIFIED.,.F.,.F.) B_SPLINE_CURVE_WITH_KNOTS((3,3),(0.,
1.570796326795),.PIECEWISE_BEZIER_KNOTS.) CURVE() 
GEOMETRIC_REPRESENTATION_ITEM() RATIONAL_B_SPLINE_CURVE((1.,
0.707106781187,1.)) REPRESENTATION_ITEM('') );
#1925 = CARTESIAN_POINT('',(-12.92801521971,1.15,15.));
#1926 = CARTESIAN_POINT('',(-12.92801521971,0.89,15.));
#1927 = CARTESIAN_POINT('',(-12.66801521971,0.89,15.));
#1928 = ORIENTED_EDGE('',*,*,#1929,.F.);
#1929 = EDGE_CURVE('',#1930,#1922,#1932,.T.);
#1930 = VERTEX_POINT('',#1931);
#1931 = CARTESIAN_POINT('',(-12.85978196086,1.755586921884,15.));
#1932 = ( BOUNDED_CURVE() B_SPLINE_CURVE(2,(#1933,#1934,#1935),
.UNSPECIFIED.,.F.,.F.) B_SPLINE_CURVE_WITH_KNOTS((3,3),(0.,
4.695830611611E-02),.PIECEWISE_BEZIER_KNOTS.) CURVE() 
GEOMETRIC_REPRESENTATION_ITEM() RATIONAL_B_SPLINE_CURVE((1.,
0.999724377348,1.)) REPRESENTATION_ITEM('') );
#1933 = CARTESIAN_POINT('',(-12.85978196086,1.755586921884,15.));
#1934 = CARTESIAN_POINT('',(-12.90100923098,1.453594637733,15.));
#1935 = CARTESIAN_POINT('',(-12.92801521971,1.15,15.));
#1936 = ORIENTED_EDGE('',*,*,#1937,.F.);
#1937 = EDGE_CURVE('',#1938,#1930,#1940,.T.);
#1938 = VERTEX_POINT('',#1939);
#1939 = CARTESIAN_POINT('',(-12.54844526087,1.951212736223,15.));
#1940 = ( BOUNDED_CURVE() B_SPLINE_CURVE(2,(#1941,#1942,#1943),
.UNSPECIFIED.,.F.,.F.) B_SPLINE_CURVE_WITH_KNOTS((3,3),(0.,
1.570796326795),.PIECEWISE_BEZIER_KNOTS.) CURVE() 
GEOMETRIC_REPRESENTATION_ITEM() RATIONAL_B_SPLINE_CURVE((1.,
0.707106781187,1.)) REPRESENTATION_ITEM('') );
#1941 = CARTESIAN_POINT('',(-12.54844526087,1.951212736223,15.));
#1942 = CARTESIAN_POINT('',(-12.80192651803,2.009068179052,15.));
#1943 = CARTESIAN_POINT('',(-12.85978196086,1.755586921884,15.));
#1944 = ORIENTED_EDGE('',*,*,#1945,.F.);
#1945 = EDGE_CURVE('',#1946,#1938,#1948,.T.);
#1946 = VERTEX_POINT('',#1947);
#1947 = CARTESIAN_POINT('',(-12.15235799842,3.686584419907,15.));
#1948 = ( BOUNDED_CURVE() B_SPLINE_CURVE(2,(#1949,#1950,#1951,#1952,
#1953),.UNSPECIFIED.,.F.,.F.) B_SPLINE_CURVE_WITH_KNOTS((3,2,3),(0.,
1.570796326795,3.14159265359),.PIECEWISE_BEZIER_KNOTS.) CURVE() 
GEOMETRIC_REPRESENTATION_ITEM() RATIONAL_B_SPLINE_CURVE((1.,
0.707106781187,1.,0.707106781187,1.)) REPRESENTATION_ITEM('') );
#1949 = CARTESIAN_POINT('',(-12.15235799842,3.686584419907,15.));
#1950 = CARTESIAN_POINT('',(-11.28467215658,3.488540788685,15.));
#1951 = CARTESIAN_POINT('',(-11.4827157878,2.620854946844,15.));
#1952 = CARTESIAN_POINT('',(-11.68075941902,1.753169105002,15.));
#1953 = CARTESIAN_POINT('',(-12.54844526087,1.951212736223,15.));
#1954 = ORIENTED_EDGE('',*,*,#1955,.F.);
#1955 = EDGE_CURVE('',#1956,#1946,#1958,.T.);
#1956 = VERTEX_POINT('',#1957);
#1957 = CARTESIAN_POINT('',(-12.34798381276,3.997921119902,15.));
#1958 = ( BOUNDED_CURVE() B_SPLINE_CURVE(2,(#1959,#1960,#1961),
.UNSPECIFIED.,.F.,.F.) B_SPLINE_CURVE_WITH_KNOTS((3,3),(0.,
1.570796326795),.PIECEWISE_BEZIER_KNOTS.) CURVE() 
GEOMETRIC_REPRESENTATION_ITEM() RATIONAL_B_SPLINE_CURVE((1.,
0.707106781187,1.)) REPRESENTATION_ITEM('') );
#1959 = CARTESIAN_POINT('',(-12.34798381276,3.997921119902,15.));
#1960 = CARTESIAN_POINT('',(-12.40583925559,3.744439862735,15.));
#1961 = CARTESIAN_POINT('',(-12.15235799842,3.686584419907,15.));
#1962 = ORIENTED_EDGE('',*,*,#1963,.F.);
#1963 = EDGE_CURVE('',#1964,#1956,#1966,.T.);
#1964 = VERTEX_POINT('',#1965);
#1965 = CARTESIAN_POINT('',(-12.14670553672,4.573141384813,15.));
#1966 = ( BOUNDED_CURVE() B_SPLINE_CURVE(2,(#1967,#1968,#1969),
.UNSPECIFIED.,.F.,.F.) B_SPLINE_CURVE_WITH_KNOTS((3,3),(0.,
4.695830611611E-02),.PIECEWISE_BEZIER_KNOTS.) CURVE() 
GEOMETRIC_REPRESENTATION_ITEM() RATIONAL_B_SPLINE_CURVE((1.,
0.999724377348,1.)) REPRESENTATION_ITEM('') );
#1967 = CARTESIAN_POINT('',(-12.14670553672,4.573141384813,15.));
#1968 = CARTESIAN_POINT('',(-12.25409875821,4.287894608382,15.));
#1969 = CARTESIAN_POINT('',(-12.34798381276,3.997921119902,15.));
#1970 = ORIENTED_EDGE('',*,*,#1971,.F.);
#1971 = EDGE_CURVE('',#1972,#1964,#1974,.T.);
#1972 = VERTEX_POINT('',#1973);
#1973 = CARTESIAN_POINT('',(-11.79964385889,4.694583518297,15.));
#1974 = ( BOUNDED_CURVE() B_SPLINE_CURVE(2,(#1975,#1976,#1977),
.UNSPECIFIED.,.F.,.F.) B_SPLINE_CURVE_WITH_KNOTS((3,3),(0.,
1.570796326795),.PIECEWISE_BEZIER_KNOTS.) CURVE() 
GEOMETRIC_REPRESENTATION_ITEM() RATIONAL_B_SPLINE_CURVE((1.,
0.707106781187,1.)) REPRESENTATION_ITEM('') );
#1975 = CARTESIAN_POINT('',(-11.79964385889,4.694583518297,15.));
#1976 = CARTESIAN_POINT('',(-12.03389576455,4.807393290467,15.));
#1977 = CARTESIAN_POINT('',(-12.14670553672,4.573141384813,15.));
#1978 = ORIENTED_EDGE('',*,*,#1979,.F.);
#1979 = EDGE_CURVE('',#1980,#1972,#1982,.T.);
#1980 = VERTEX_POINT('',#1981);
#1981 = CARTESIAN_POINT('',(-11.02733080326,6.298308103163,15.));
#1982 = ( BOUNDED_CURVE() B_SPLINE_CURVE(2,(#1983,#1984,#1985,#1986,
#1987),.UNSPECIFIED.,.F.,.F.) B_SPLINE_CURVE_WITH_KNOTS((3,2,3),(0.,
1.570796326795,3.14159265359),.PIECEWISE_BEZIER_KNOTS.) CURVE() 
GEOMETRIC_REPRESENTATION_ITEM() RATIONAL_B_SPLINE_CURVE((1.,
0.707106781187,1.,0.707106781187,1.)) REPRESENTATION_ITEM('') );
#1983 = CARTESIAN_POINT('',(-11.02733080326,6.298308103163,15.));
#1984 = CARTESIAN_POINT('',(-10.22546851083,5.912151575348,15.));
#1985 = CARTESIAN_POINT('',(-10.61162503864,5.110289282915,15.));
#1986 = CARTESIAN_POINT('',(-10.99778156646,4.308426990482,15.));
#1987 = CARTESIAN_POINT('',(-11.79964385889,4.694583518297,15.));
#1988 = ORIENTED_EDGE('',*,*,#1989,.F.);
#1989 = EDGE_CURVE('',#1990,#1980,#1992,.T.);
#1990 = VERTEX_POINT('',#1991);
#1991 = CARTESIAN_POINT('',(-11.14877293675,6.645369780988,15.));
#1992 = ( BOUNDED_CURVE() B_SPLINE_CURVE(2,(#1993,#1994,#1995),
.UNSPECIFIED.,.F.,.F.) B_SPLINE_CURVE_WITH_KNOTS((3,3),(0.,
1.570796326795),.PIECEWISE_BEZIER_KNOTS.) CURVE() 
GEOMETRIC_REPRESENTATION_ITEM() RATIONAL_B_SPLINE_CURVE((1.,
0.707106781187,1.)) REPRESENTATION_ITEM('') );
#1993 = CARTESIAN_POINT('',(-11.14877293675,6.645369780988,15.));
#1994 = CARTESIAN_POINT('',(-11.26158270892,6.411117875334,15.));
#1995 = CARTESIAN_POINT('',(-11.02733080326,6.298308103163,15.));
#1996 = ORIENTED_EDGE('',*,*,#1997,.F.);
#1997 = EDGE_CURVE('',#1998,#1990,#2000,.T.);
#1998 = VERTEX_POINT('',#1999);
#1999 = CARTESIAN_POINT('',(-10.82454257674,7.161379442931,15.));
#2000 = ( BOUNDED_CURVE() B_SPLINE_CURVE(2,(#2001,#2002,#2003),
.UNSPECIFIED.,.F.,.F.) B_SPLINE_CURVE_WITH_KNOTS((3,3),(0.,
4.695830611611E-02),.PIECEWISE_BEZIER_KNOTS.) CURVE() 
GEOMETRIC_REPRESENTATION_ITEM() RATIONAL_B_SPLINE_CURVE((1.,
0.999724377348,1.)) REPRESENTATION_ITEM('') );
#2001 = CARTESIAN_POINT('',(-10.82454257674,7.161379442931,15.));
#2002 = CARTESIAN_POINT('',(-10.99271660505,6.907181638677,15.));
#2003 = CARTESIAN_POINT('',(-11.14877293675,6.645369780988,15.));
#2004 = ORIENTED_EDGE('',*,*,#2005,.F.);
#2005 = EDGE_CURVE('',#2006,#1998,#2008,.T.);
#2006 = VERTEX_POINT('',#2007);
#2007 = CARTESIAN_POINT('',(-10.45915904281,7.20254827989,15.));
#2008 = ( BOUNDED_CURVE() B_SPLINE_CURVE(2,(#2009,#2010,#2011),
.UNSPECIFIED.,.F.,.F.) B_SPLINE_CURVE_WITH_KNOTS((3,3),(0.,
1.570796326795),.PIECEWISE_BEZIER_KNOTS.) CURVE() 
GEOMETRIC_REPRESENTATION_ITEM() RATIONAL_B_SPLINE_CURVE((1.,
0.707106781187,1.)) REPRESENTATION_ITEM('') );
#2009 = CARTESIAN_POINT('',(-10.45915904281,7.20254827989,15.));
#2010 = CARTESIAN_POINT('',(-10.66243522825,7.364655628373,15.));
#2011 = CARTESIAN_POINT('',(-10.82454257674,7.161379442931,15.));
#2012 = ORIENTED_EDGE('',*,*,#2013,.F.);
#2013 = EDGE_CURVE('',#2014,#2006,#2016,.T.);
#2014 = VERTEX_POINT('',#2015);
#2015 = CARTESIAN_POINT('',(-9.349347195506,8.594208318683,15.));
#2016 = ( BOUNDED_CURVE() B_SPLINE_CURVE(2,(#2017,#2018,#2019,#2020,
#2021),.UNSPECIFIED.,.F.,.F.) B_SPLINE_CURVE_WITH_KNOTS((3,2,3),(0.,
1.570796326795,3.14159265359),.PIECEWISE_BEZIER_KNOTS.) CURVE() 
GEOMETRIC_REPRESENTATION_ITEM() RATIONAL_B_SPLINE_CURVE((1.,
0.707106781187,1.,0.707106781187,1.)) REPRESENTATION_ITEM('') );
#2017 = CARTESIAN_POINT('',(-9.349347195506,8.594208318683,15.));
#2018 = CARTESIAN_POINT('',(-8.65351717611,8.039302395028,15.));
#2019 = CARTESIAN_POINT('',(-9.208423099764,7.343472375632,15.));
#2020 = CARTESIAN_POINT('',(-9.763329023418,6.647642356235,15.));
#2021 = CARTESIAN_POINT('',(-10.45915904281,7.20254827989,15.));
#2022 = ORIENTED_EDGE('',*,*,#2023,.F.);
#2023 = EDGE_CURVE('',#2024,#2014,#2026,.T.);
#2024 = VERTEX_POINT('',#2025);
#2025 = CARTESIAN_POINT('',(-9.390516032465,8.959591852608,15.));
#2026 = ( BOUNDED_CURVE() B_SPLINE_CURVE(2,(#2027,#2028,#2029),
.UNSPECIFIED.,.F.,.F.) B_SPLINE_CURVE_WITH_KNOTS((3,3),(0.,
1.570796326795),.PIECEWISE_BEZIER_KNOTS.) CURVE() 
GEOMETRIC_REPRESENTATION_ITEM() RATIONAL_B_SPLINE_CURVE((1.,
0.707106781187,1.)) REPRESENTATION_ITEM('') );
#2027 = CARTESIAN_POINT('',(-9.390516032465,8.959591852608,15.));
#2028 = CARTESIAN_POINT('',(-9.552623380948,8.756315667166,15.));
#2029 = CARTESIAN_POINT('',(-9.349347195506,8.594208318683,15.));
#2030 = ORIENTED_EDGE('',*,*,#2031,.F.);
#2031 = EDGE_CURVE('',#2032,#2024,#2034,.T.);
#2032 = VERTEX_POINT('',#2033);
#2033 = CARTESIAN_POINT('',(-8.959591852608,9.390516032465,15.));
#2034 = ( BOUNDED_CURVE() B_SPLINE_CURVE(2,(#2035,#2036,#2037),
.UNSPECIFIED.,.F.,.F.) B_SPLINE_CURVE_WITH_KNOTS((3,3),(0.,
4.695830611611E-02),.PIECEWISE_BEZIER_KNOTS.) CURVE() 
GEOMETRIC_REPRESENTATION_ITEM() RATIONAL_B_SPLINE_CURVE((1.,
0.999724377348,1.)) REPRESENTATION_ITEM('') );
#2035 = CARTESIAN_POINT('',(-8.959591852608,9.390516032465,15.));
#2036 = CARTESIAN_POINT('',(-9.180113739731,9.180113739731,15.));
#2037 = CARTESIAN_POINT('',(-9.390516032465,8.959591852608,15.));
#2038 = ORIENTED_EDGE('',*,*,#2039,.F.);
#2039 = EDGE_CURVE('',#2040,#2032,#2042,.T.);
#2040 = VERTEX_POINT('',#2041);
#2041 = CARTESIAN_POINT('',(-8.594208318683,9.349347195506,15.));
#2042 = ( BOUNDED_CURVE() B_SPLINE_CURVE(2,(#2043,#2044,#2045),
.UNSPECIFIED.,.F.,.F.) B_SPLINE_CURVE_WITH_KNOTS((3,3),(0.,
1.570796326795),.PIECEWISE_BEZIER_KNOTS.) CURVE() 
GEOMETRIC_REPRESENTATION_ITEM() RATIONAL_B_SPLINE_CURVE((1.,
0.707106781187,1.)) REPRESENTATION_ITEM('') );
#2043 = CARTESIAN_POINT('',(-8.594208318683,9.349347195506,15.));
#2044 = CARTESIAN_POINT('',(-8.756315667166,9.552623380948,15.));
#2045 = CARTESIAN_POINT('',(-8.959591852608,9.390516032465,15.));
#2046 = ORIENTED_EDGE('',*,*,#2047,.F.);
#2047 = EDGE_CURVE('',#2048,#2040,#2050,.T.);
#2048 = VERTEX_POINT('',#2049);
#2049 = CARTESIAN_POINT('',(-7.20254827989,10.459159042815,15.));
#2050 = ( BOUNDED_CURVE() B_SPLINE_CURVE(2,(#2051,#2052,#2053,#2054,
#2055),.UNSPECIFIED.,.F.,.F.) B_SPLINE_CURVE_WITH_KNOTS((3,2,3),(0.,
1.570796326795,3.14159265359),.PIECEWISE_BEZIER_KNOTS.) CURVE() 
GEOMETRIC_REPRESENTATION_ITEM() RATIONAL_B_SPLINE_CURVE((1.,
0.707106781187,1.,0.707106781187,1.)) REPRESENTATION_ITEM('') );
#2051 = CARTESIAN_POINT('',(-7.20254827989,10.459159042815,15.));
#2052 = CARTESIAN_POINT('',(-6.647642356235,9.763329023418,15.));
#2053 = CARTESIAN_POINT('',(-7.343472375632,9.208423099764,15.));
#2054 = CARTESIAN_POINT('',(-8.039302395028,8.65351717611,15.));
#2055 = CARTESIAN_POINT('',(-8.594208318683,9.349347195506,15.));
#2056 = ORIENTED_EDGE('',*,*,#2057,.F.);
#2057 = EDGE_CURVE('',#2058,#2048,#2060,.T.);
#2058 = VERTEX_POINT('',#2059);
#2059 = CARTESIAN_POINT('',(-7.161379442931,10.82454257674,15.));
#2060 = ( BOUNDED_CURVE() B_SPLINE_CURVE(2,(#2061,#2062,#2063),
.UNSPECIFIED.,.F.,.F.) B_SPLINE_CURVE_WITH_KNOTS((3,3),(0.,
1.570796326795),.PIECEWISE_BEZIER_KNOTS.) CURVE() 
GEOMETRIC_REPRESENTATION_ITEM() RATIONAL_B_SPLINE_CURVE((1.,
0.707106781187,1.)) REPRESENTATION_ITEM('') );
#2061 = CARTESIAN_POINT('',(-7.161379442931,10.82454257674,15.));
#2062 = CARTESIAN_POINT('',(-7.364655628373,10.662435228257,15.));
#2063 = CARTESIAN_POINT('',(-7.20254827989,10.459159042815,15.));
#2064 = ORIENTED_EDGE('',*,*,#2065,.F.);
#2065 = EDGE_CURVE('',#2066,#2058,#2068,.T.);
#2066 = VERTEX_POINT('',#2067);
#2067 = CARTESIAN_POINT('',(-6.645369780988,11.14877293675,15.));
#2068 = ( BOUNDED_CURVE() B_SPLINE_CURVE(2,(#2069,#2070,#2071),
.UNSPECIFIED.,.F.,.F.) B_SPLINE_CURVE_WITH_KNOTS((3,3),(0.,
4.695830611611E-02),.PIECEWISE_BEZIER_KNOTS.) CURVE() 
GEOMETRIC_REPRESENTATION_ITEM() RATIONAL_B_SPLINE_CURVE((1.,
0.999724377348,1.)) REPRESENTATION_ITEM('') );
#2069 = CARTESIAN_POINT('',(-6.645369780988,11.14877293675,15.));
#2070 = CARTESIAN_POINT('',(-6.907181638677,10.992716605057,15.));
#2071 = CARTESIAN_POINT('',(-7.161379442931,10.82454257674,15.));
#2072 = ORIENTED_EDGE('',*,*,#2073,.F.);
#2073 = EDGE_CURVE('',#2074,#2066,#2076,.T.);
#2074 = VERTEX_POINT('',#2075);
#2075 = CARTESIAN_POINT('',(-6.298308103163,11.027330803266,15.));
#2076 = ( BOUNDED_CURVE() B_SPLINE_CURVE(2,(#2077,#2078,#2079),
.UNSPECIFIED.,.F.,.F.) B_SPLINE_CURVE_WITH_KNOTS((3,3),(0.,
1.570796326795),.PIECEWISE_BEZIER_KNOTS.) CURVE() 
GEOMETRIC_REPRESENTATION_ITEM() RATIONAL_B_SPLINE_CURVE((1.,
0.707106781187,1.)) REPRESENTATION_ITEM('') );
#2077 = CARTESIAN_POINT('',(-6.298308103163,11.027330803266,15.));
#2078 = CARTESIAN_POINT('',(-6.411117875334,11.261582708921,15.));
#2079 = CARTESIAN_POINT('',(-6.645369780988,11.14877293675,15.));
#2080 = ORIENTED_EDGE('',*,*,#2081,.F.);
#2081 = EDGE_CURVE('',#2082,#2074,#2084,.T.);
#2082 = VERTEX_POINT('',#2083);
#2083 = CARTESIAN_POINT('',(-4.694583518297,11.799643858896,15.));
#2084 = ( BOUNDED_CURVE() B_SPLINE_CURVE(2,(#2085,#2086,#2087,#2088,
#2089),.UNSPECIFIED.,.F.,.F.) B_SPLINE_CURVE_WITH_KNOTS((3,2,3),(0.,
1.570796326795,3.14159265359),.PIECEWISE_BEZIER_KNOTS.) CURVE() 
GEOMETRIC_REPRESENTATION_ITEM() RATIONAL_B_SPLINE_CURVE((1.,
0.707106781187,1.,0.707106781187,1.)) REPRESENTATION_ITEM('') );
#2085 = CARTESIAN_POINT('',(-4.694583518297,11.799643858896,15.));
#2086 = CARTESIAN_POINT('',(-4.308426990482,10.997781566463,15.));
#2087 = CARTESIAN_POINT('',(-5.110289282915,10.611625038648,15.));
#2088 = CARTESIAN_POINT('',(-5.912151575348,10.225468510833,15.));
#2089 = CARTESIAN_POINT('',(-6.298308103163,11.027330803266,15.));
#2090 = ORIENTED_EDGE('',*,*,#2091,.F.);
#2091 = EDGE_CURVE('',#2092,#2082,#2094,.T.);
#2092 = VERTEX_POINT('',#2093);
#2093 = CARTESIAN_POINT('',(-4.573141384813,12.146705536721,15.));
#2094 = ( BOUNDED_CURVE() B_SPLINE_CURVE(2,(#2095,#2096,#2097),
.UNSPECIFIED.,.F.,.F.) B_SPLINE_CURVE_WITH_KNOTS((3,3),(0.,
1.570796326795),.PIECEWISE_BEZIER_KNOTS.) CURVE() 
GEOMETRIC_REPRESENTATION_ITEM() RATIONAL_B_SPLINE_CURVE((1.,
0.707106781187,1.)) REPRESENTATION_ITEM('') );
#2095 = CARTESIAN_POINT('',(-4.573141384813,12.146705536721,15.));
#2096 = CARTESIAN_POINT('',(-4.807393290467,12.03389576455,15.));
#2097 = CARTESIAN_POINT('',(-4.694583518297,11.799643858896,15.));
#2098 = ORIENTED_EDGE('',*,*,#2099,.F.);
#2099 = EDGE_CURVE('',#2100,#2092,#2102,.T.);
#2100 = VERTEX_POINT('',#2101);
#2101 = CARTESIAN_POINT('',(-3.997921119902,12.347983812766,15.));
#2102 = ( BOUNDED_CURVE() B_SPLINE_CURVE(2,(#2103,#2104,#2105),
.UNSPECIFIED.,.F.,.F.) B_SPLINE_CURVE_WITH_KNOTS((3,3),(0.,
4.695830611611E-02),.PIECEWISE_BEZIER_KNOTS.) CURVE() 
GEOMETRIC_REPRESENTATION_ITEM() RATIONAL_B_SPLINE_CURVE((1.,
0.999724377348,1.)) REPRESENTATION_ITEM('') );
#2103 = CARTESIAN_POINT('',(-3.997921119902,12.347983812766,15.));
#2104 = CARTESIAN_POINT('',(-4.287894608382,12.254098758219,15.));
#2105 = CARTESIAN_POINT('',(-4.573141384813,12.146705536721,15.));
#2106 = ORIENTED_EDGE('',*,*,#2107,.F.);
#2107 = EDGE_CURVE('',#2108,#2100,#2110,.T.);
#2108 = VERTEX_POINT('',#2109);
#2109 = CARTESIAN_POINT('',(-3.686584419907,12.152357998427,15.));
#2110 = ( BOUNDED_CURVE() B_SPLINE_CURVE(2,(#2111,#2112,#2113),
.UNSPECIFIED.,.F.,.F.) B_SPLINE_CURVE_WITH_KNOTS((3,3),(0.,
1.570796326795),.PIECEWISE_BEZIER_KNOTS.) CURVE() 
GEOMETRIC_REPRESENTATION_ITEM() RATIONAL_B_SPLINE_CURVE((1.,
0.707106781187,1.)) REPRESENTATION_ITEM('') );
#2111 = CARTESIAN_POINT('',(-3.686584419907,12.152357998427,15.));
#2112 = CARTESIAN_POINT('',(-3.744439862735,12.405839255595,15.));
#2113 = CARTESIAN_POINT('',(-3.997921119902,12.347983812766,15.));
#2114 = ORIENTED_EDGE('',*,*,#2115,.F.);
#2115 = EDGE_CURVE('',#2116,#2108,#2118,.T.);
#2116 = VERTEX_POINT('',#2117);
#2117 = CARTESIAN_POINT('',(-1.951212736223,12.54844526087,15.));
#2118 = ( BOUNDED_CURVE() B_SPLINE_CURVE(2,(#2119,#2120,#2121,#2122,
#2123),.UNSPECIFIED.,.F.,.F.) B_SPLINE_CURVE_WITH_KNOTS((3,2,3),(0.,
1.570796326795,3.14159265359),.PIECEWISE_BEZIER_KNOTS.) CURVE() 
GEOMETRIC_REPRESENTATION_ITEM() RATIONAL_B_SPLINE_CURVE((1.,
0.707106781187,1.,0.707106781187,1.)) REPRESENTATION_ITEM('') );
#2119 = CARTESIAN_POINT('',(-1.951212736223,12.54844526087,15.));
#2120 = CARTESIAN_POINT('',(-1.753169105002,11.680759419028,15.));
#2121 = CARTESIAN_POINT('',(-2.620854946844,11.482715787807,15.));
#2122 = CARTESIAN_POINT('',(-3.488540788685,11.284672156585,15.));
#2123 = CARTESIAN_POINT('',(-3.686584419907,12.152357998427,15.));
#2124 = ORIENTED_EDGE('',*,*,#2125,.F.);
#2125 = EDGE_CURVE('',#2126,#2116,#2128,.T.);
#2126 = VERTEX_POINT('',#2127);
#2127 = CARTESIAN_POINT('',(-1.755586921884,12.859781960865,15.));
#2128 = ( BOUNDED_CURVE() B_SPLINE_CURVE(2,(#2129,#2130,#2131),
.UNSPECIFIED.,.F.,.F.) B_SPLINE_CURVE_WITH_KNOTS((3,3),(0.,
1.570796326795),.PIECEWISE_BEZIER_KNOTS.) CURVE() 
GEOMETRIC_REPRESENTATION_ITEM() RATIONAL_B_SPLINE_CURVE((1.,
0.707106781187,1.)) REPRESENTATION_ITEM('') );
#2129 = CARTESIAN_POINT('',(-1.755586921884,12.859781960865,15.));
#2130 = CARTESIAN_POINT('',(-2.009068179052,12.801926518037,15.));
#2131 = CARTESIAN_POINT('',(-1.951212736223,12.54844526087,15.));
#2132 = ORIENTED_EDGE('',*,*,#2133,.F.);
#2133 = EDGE_CURVE('',#2134,#2126,#2136,.T.);
#2134 = VERTEX_POINT('',#2135);
#2135 = CARTESIAN_POINT('',(-1.15,12.928015219719,15.));
#2136 = CIRCLE('',#2137,12.979063044822);
#2137 = AXIS2_PLACEMENT_3D('',#2138,#2139,#2140);
#2138 = CARTESIAN_POINT('',(7.8593E-13,-6.99973E-12,15.));
#2139 = DIRECTION('',(0.,0.,1.));
#2140 = DIRECTION('',(-8.860423869037E-02,0.996066909844,0.));
#2141 = ORIENTED_EDGE('',*,*,#2142,.F.);
#2142 = EDGE_CURVE('',#2143,#2134,#2145,.T.);
#2143 = VERTEX_POINT('',#2144);
#2144 = CARTESIAN_POINT('',(-0.89,12.668015219719,15.));
#2145 = CIRCLE('',#2146,0.26);
#2146 = AXIS2_PLACEMENT_3D('',#2147,#2148,#2149);
#2147 = CARTESIAN_POINT('',(-1.15,12.668015219719,15.));
#2148 = DIRECTION('',(0.,0.,1.));
#2149 = DIRECTION('',(1.,0.,0.));
#2150 = ORIENTED_EDGE('',*,*,#2151,.F.);
#2151 = EDGE_CURVE('',#1207,#2143,#2152,.T.);
#2152 = CIRCLE('',#2153,0.89);
#2153 = AXIS2_PLACEMENT_3D('',#2154,#2155,#2156);
#2154 = CARTESIAN_POINT('',(0.,12.668015219719,15.));
#2155 = DIRECTION('',(0.,0.,-1.));
#2156 = DIRECTION('',(1.,0.,0.));
#2157 = PLANE('',#2158);
#2158 = AXIS2_PLACEMENT_3D('',#2159,#2160,#2161);
#2159 = CARTESIAN_POINT('',(-7.3E-16,-1.2E-16,15.));
#2160 = DIRECTION('',(0.,0.,1.));
#2161 = DIRECTION('',(1.,0.,0.));
#2162 = ADVANCED_FACE('',(#2163),#2189,.T.);
#2163 = FACE_BOUND('',#2164,.F.);
#2164 = EDGE_LOOP('',(#2165,#2173,#2182,#2188));
#2165 = ORIENTED_EDGE('',*,*,#2166,.T.);
#2166 = EDGE_CURVE('',#1205,#2167,#2169,.T.);
#2167 = VERTEX_POINT('',#2168);
#2168 = CARTESIAN_POINT('',(1.15,12.928015219719,22.));
#2169 = LINE('',#2170,#2171);
#2170 = CARTESIAN_POINT('',(1.15,12.928015219719,15.));
#2171 = VECTOR('',#2172,1.);
#2172 = DIRECTION('',(0.,0.,1.));
#2173 = ORIENTED_EDGE('',*,*,#2174,.T.);
#2174 = EDGE_CURVE('',#2167,#2175,#2177,.T.);
#2175 = VERTEX_POINT('',#2176);
#2176 = CARTESIAN_POINT('',(0.89,12.668015219719,22.));
#2177 = CIRCLE('',#2178,0.26);
#2178 = AXIS2_PLACEMENT_3D('',#2179,#2180,#2181);
#2179 = CARTESIAN_POINT('',(1.15,12.668015219719,22.));
#2180 = DIRECTION('',(0.,0.,1.));
#2181 = DIRECTION('',(-3.42E-15,1.,0.));
#2182 = ORIENTED_EDGE('',*,*,#2183,.F.);
#2183 = EDGE_CURVE('',#1207,#2175,#2184,.T.);
#2184 = LINE('',#2185,#2186);
#2185 = CARTESIAN_POINT('',(0.89,12.668015219719,15.));
#2186 = VECTOR('',#2187,1.);
#2187 = DIRECTION('',(0.,0.,1.));
#2188 = ORIENTED_EDGE('',*,*,#1204,.F.);
#2189 = CYLINDRICAL_SURFACE('',#2190,0.26);
#2190 = AXIS2_PLACEMENT_3D('',#2191,#2192,#2193);
#2191 = CARTESIAN_POINT('',(1.15,12.668015219719,15.));
#2192 = DIRECTION('',(-0.,-0.,-1.));
#2193 = DIRECTION('',(-3.42E-15,1.,0.));
#2194 = ADVANCED_FACE('',(#2195),#2222,.T.);
#2195 = FACE_BOUND('',#2196,.F.);
#2196 = EDGE_LOOP('',(#2197,#2207,#2214,#2215));
#2197 = ORIENTED_EDGE('',*,*,#2198,.T.);
#2198 = EDGE_CURVE('',#2199,#2201,#2203,.T.);
#2199 = VERTEX_POINT('',#2200);
#2200 = CARTESIAN_POINT('',(15.,0.,22.));
#2201 = VERTEX_POINT('',#2202);
#2202 = CARTESIAN_POINT('',(15.,0.,24.));
#2203 = LINE('',#2204,#2205);
#2204 = CARTESIAN_POINT('',(15.,0.,22.));
#2205 = VECTOR('',#2206,1.);
#2206 = DIRECTION('',(0.,0.,1.));
#2207 = ORIENTED_EDGE('',*,*,#2208,.T.);
#2208 = EDGE_CURVE('',#2201,#2201,#2209,.T.);
#2209 = CIRCLE('',#2210,15.);
#2210 = AXIS2_PLACEMENT_3D('',#2211,#2212,#2213);
#2211 = CARTESIAN_POINT('',(0.,0.,24.));
#2212 = DIRECTION('',(0.,0.,1.));
#2213 = DIRECTION('',(1.,0.,0.));
#2214 = ORIENTED_EDGE('',*,*,#2198,.F.);
#2215 = ORIENTED_EDGE('',*,*,#2216,.F.);
#2216 = EDGE_CURVE('',#2199,#2199,#2217,.T.);
#2217 = CIRCLE('',#2218,15.);
#2218 = AXIS2_PLACEMENT_3D('',#2219,#2220,#2221);
#2219 = CARTESIAN_POINT('',(0.,0.,22.));
#2220 = DIRECTION('',(0.,0.,1.));
#2221 = DIRECTION('',(1.,0.,0.));
#2222 = CYLINDRICAL_SURFACE('',#2223,15.);
#2223 = AXIS2_PLACEMENT_3D('',#2224,#2225,#2226);
#2224 = CARTESIAN_POINT('',(0.,0.,22.));
#2225 = DIRECTION('',(-0.,-0.,-1.));
#2226 = DIRECTION('',(1.,0.,0.));
#2227 = ADVANCED_FACE('',(#2228,#2231),#3177,.F.);
#2228 = FACE_BOUND('',#2229,.F.);
#2229 = EDGE_LOOP('',(#2230));
#2230 = ORIENTED_EDGE('',*,*,#2216,.T.);
#2231 = FACE_BOUND('',#2232,.F.);
#2232 = EDGE_LOOP('',(#2233,#2234,#2242,#2250,#2260,#2268,#2276,#2284,
    #2294,#2302,#2310,#2318,#2328,#2336,#2344,#2352,#2362,#2370,#2378,
    #2386,#2396,#2404,#2412,#2420,#2430,#2438,#2446,#2454,#2464,#2472,
    #2480,#2488,#2498,#2506,#2514,#2522,#2532,#2540,#2548,#2556,#2566,
    #2574,#2582,#2590,#2600,#2608,#2616,#2624,#2634,#2642,#2650,#2658,
    #2668,#2676,#2684,#2692,#2702,#2710,#2718,#2726,#2736,#2744,#2752,
    #2760,#2770,#2778,#2786,#2794,#2804,#2812,#2820,#2828,#2838,#2846,
    #2854,#2862,#2872,#2880,#2888,#2896,#2906,#2914,#2922,#2930,#2940,
    #2948,#2956,#2964,#2974,#2982,#2990,#2998,#3008,#3016,#3024,#3032,
    #3042,#3050,#3058,#3066,#3076,#3084,#3092,#3100,#3110,#3118,#3126,
    #3134,#3144,#3152,#3161,#3170));
#2233 = ORIENTED_EDGE('',*,*,#2174,.F.);
#2234 = ORIENTED_EDGE('',*,*,#2235,.F.);
#2235 = EDGE_CURVE('',#2236,#2167,#2238,.T.);
#2236 = VERTEX_POINT('',#2237);
#2237 = CARTESIAN_POINT('',(1.755586921884,12.859781960865,22.));
#2238 = ( BOUNDED_CURVE() B_SPLINE_CURVE(2,(#2239,#2240,#2241),
.UNSPECIFIED.,.F.,.F.) B_SPLINE_CURVE_WITH_KNOTS((3,3),(0.,
4.695830611611E-02),.PIECEWISE_BEZIER_KNOTS.) CURVE() 
GEOMETRIC_REPRESENTATION_ITEM() RATIONAL_B_SPLINE_CURVE((1.,
0.999724377348,1.)) REPRESENTATION_ITEM('') );
#2239 = CARTESIAN_POINT('',(1.755586921884,12.859781960865,22.));
#2240 = CARTESIAN_POINT('',(1.453594637733,12.901009230984,22.));
#2241 = CARTESIAN_POINT('',(1.15,12.928015219719,22.));
#2242 = ORIENTED_EDGE('',*,*,#2243,.F.);
#2243 = EDGE_CURVE('',#2244,#2236,#2246,.T.);
#2244 = VERTEX_POINT('',#2245);
#2245 = CARTESIAN_POINT('',(1.951212736223,12.54844526087,22.));
#2246 = ( BOUNDED_CURVE() B_SPLINE_CURVE(2,(#2247,#2248,#2249),
.UNSPECIFIED.,.F.,.F.) B_SPLINE_CURVE_WITH_KNOTS((3,3),(0.,
1.570796326795),.PIECEWISE_BEZIER_KNOTS.) CURVE() 
GEOMETRIC_REPRESENTATION_ITEM() RATIONAL_B_SPLINE_CURVE((1.,
0.707106781187,1.)) REPRESENTATION_ITEM('') );
#2247 = CARTESIAN_POINT('',(1.951212736223,12.54844526087,22.));
#2248 = CARTESIAN_POINT('',(2.009068179052,12.801926518037,22.));
#2249 = CARTESIAN_POINT('',(1.755586921884,12.859781960865,22.));
#2250 = ORIENTED_EDGE('',*,*,#2251,.F.);
#2251 = EDGE_CURVE('',#2252,#2244,#2254,.T.);
#2252 = VERTEX_POINT('',#2253);
#2253 = CARTESIAN_POINT('',(3.686584419907,12.152357998427,22.));
#2254 = ( BOUNDED_CURVE() B_SPLINE_CURVE(2,(#2255,#2256,#2257,#2258,
#2259),.UNSPECIFIED.,.F.,.F.) B_SPLINE_CURVE_WITH_KNOTS((3,2,3),(0.,
1.570796326795,3.14159265359),.PIECEWISE_BEZIER_KNOTS.) CURVE() 
GEOMETRIC_REPRESENTATION_ITEM() RATIONAL_B_SPLINE_CURVE((1.,
0.707106781187,1.,0.707106781187,1.)) REPRESENTATION_ITEM('') );
#2255 = CARTESIAN_POINT('',(3.686584419907,12.152357998427,22.));
#2256 = CARTESIAN_POINT('',(3.488540788685,11.284672156585,22.));
#2257 = CARTESIAN_POINT('',(2.620854946844,11.482715787807,22.));
#2258 = CARTESIAN_POINT('',(1.753169105002,11.680759419028,22.));
#2259 = CARTESIAN_POINT('',(1.951212736223,12.54844526087,22.));
#2260 = ORIENTED_EDGE('',*,*,#2261,.F.);
#2261 = EDGE_CURVE('',#2262,#2252,#2264,.T.);
#2262 = VERTEX_POINT('',#2263);
#2263 = CARTESIAN_POINT('',(3.997921119902,12.347983812766,22.));
#2264 = ( BOUNDED_CURVE() B_SPLINE_CURVE(2,(#2265,#2266,#2267),
.UNSPECIFIED.,.F.,.F.) B_SPLINE_CURVE_WITH_KNOTS((3,3),(0.,
1.570796326795),.PIECEWISE_BEZIER_KNOTS.) CURVE() 
GEOMETRIC_REPRESENTATION_ITEM() RATIONAL_B_SPLINE_CURVE((1.,
0.707106781187,1.)) REPRESENTATION_ITEM('') );
#2265 = CARTESIAN_POINT('',(3.997921119902,12.347983812766,22.));
#2266 = CARTESIAN_POINT('',(3.744439862735,12.405839255595,22.));
#2267 = CARTESIAN_POINT('',(3.686584419907,12.152357998427,22.));
#2268 = ORIENTED_EDGE('',*,*,#2269,.F.);
#2269 = EDGE_CURVE('',#2270,#2262,#2272,.T.);
#2270 = VERTEX_POINT('',#2271);
#2271 = CARTESIAN_POINT('',(4.573141384813,12.146705536721,22.));
#2272 = ( BOUNDED_CURVE() B_SPLINE_CURVE(2,(#2273,#2274,#2275),
.UNSPECIFIED.,.F.,.F.) B_SPLINE_CURVE_WITH_KNOTS((3,3),(0.,
4.695830611611E-02),.PIECEWISE_BEZIER_KNOTS.) CURVE() 
GEOMETRIC_REPRESENTATION_ITEM() RATIONAL_B_SPLINE_CURVE((1.,
0.999724377348,1.)) REPRESENTATION_ITEM('') );
#2273 = CARTESIAN_POINT('',(4.573141384813,12.146705536721,22.));
#2274 = CARTESIAN_POINT('',(4.287894608382,12.254098758219,22.));
#2275 = CARTESIAN_POINT('',(3.997921119902,12.347983812766,22.));
#2276 = ORIENTED_EDGE('',*,*,#2277,.F.);
#2277 = EDGE_CURVE('',#2278,#2270,#2280,.T.);
#2278 = VERTEX_POINT('',#2279);
#2279 = CARTESIAN_POINT('',(4.694583518297,11.799643858896,22.));
#2280 = ( BOUNDED_CURVE() B_SPLINE_CURVE(2,(#2281,#2282,#2283),
.UNSPECIFIED.,.F.,.F.) B_SPLINE_CURVE_WITH_KNOTS((3,3),(0.,
1.570796326795),.PIECEWISE_BEZIER_KNOTS.) CURVE() 
GEOMETRIC_REPRESENTATION_ITEM() RATIONAL_B_SPLINE_CURVE((1.,
0.707106781187,1.)) REPRESENTATION_ITEM('') );
#2281 = CARTESIAN_POINT('',(4.694583518297,11.799643858896,22.));
#2282 = CARTESIAN_POINT('',(4.807393290467,12.03389576455,22.));
#2283 = CARTESIAN_POINT('',(4.573141384813,12.146705536721,22.));
#2284 = ORIENTED_EDGE('',*,*,#2285,.F.);
#2285 = EDGE_CURVE('',#2286,#2278,#2288,.T.);
#2286 = VERTEX_POINT('',#2287);
#2287 = CARTESIAN_POINT('',(6.298308103163,11.027330803266,22.));
#2288 = ( BOUNDED_CURVE() B_SPLINE_CURVE(2,(#2289,#2290,#2291,#2292,
#2293),.UNSPECIFIED.,.F.,.F.) B_SPLINE_CURVE_WITH_KNOTS((3,2,3),(0.,
1.570796326795,3.14159265359),.PIECEWISE_BEZIER_KNOTS.) CURVE() 
GEOMETRIC_REPRESENTATION_ITEM() RATIONAL_B_SPLINE_CURVE((1.,
0.707106781187,1.,0.707106781187,1.)) REPRESENTATION_ITEM('') );
#2289 = CARTESIAN_POINT('',(6.298308103163,11.027330803266,22.));
#2290 = CARTESIAN_POINT('',(5.912151575348,10.225468510833,22.));
#2291 = CARTESIAN_POINT('',(5.110289282915,10.611625038648,22.));
#2292 = CARTESIAN_POINT('',(4.308426990482,10.997781566463,22.));
#2293 = CARTESIAN_POINT('',(4.694583518297,11.799643858896,22.));
#2294 = ORIENTED_EDGE('',*,*,#2295,.F.);
#2295 = EDGE_CURVE('',#2296,#2286,#2298,.T.);
#2296 = VERTEX_POINT('',#2297);
#2297 = CARTESIAN_POINT('',(6.645369780988,11.14877293675,22.));
#2298 = ( BOUNDED_CURVE() B_SPLINE_CURVE(2,(#2299,#2300,#2301),
.UNSPECIFIED.,.F.,.F.) B_SPLINE_CURVE_WITH_KNOTS((3,3),(0.,
1.570796326795),.PIECEWISE_BEZIER_KNOTS.) CURVE() 
GEOMETRIC_REPRESENTATION_ITEM() RATIONAL_B_SPLINE_CURVE((1.,
0.707106781187,1.)) REPRESENTATION_ITEM('') );
#2299 = CARTESIAN_POINT('',(6.645369780988,11.14877293675,22.));
#2300 = CARTESIAN_POINT('',(6.411117875334,11.261582708921,22.));
#2301 = CARTESIAN_POINT('',(6.298308103163,11.027330803266,22.));
#2302 = ORIENTED_EDGE('',*,*,#2303,.F.);
#2303 = EDGE_CURVE('',#2304,#2296,#2306,.T.);
#2304 = VERTEX_POINT('',#2305);
#2305 = CARTESIAN_POINT('',(7.161379442931,10.82454257674,22.));
#2306 = ( BOUNDED_CURVE() B_SPLINE_CURVE(2,(#2307,#2308,#2309),
.UNSPECIFIED.,.F.,.F.) B_SPLINE_CURVE_WITH_KNOTS((3,3),(0.,
4.695830611611E-02),.PIECEWISE_BEZIER_KNOTS.) CURVE() 
GEOMETRIC_REPRESENTATION_ITEM() RATIONAL_B_SPLINE_CURVE((1.,
0.999724377348,1.)) REPRESENTATION_ITEM('') );
#2307 = CARTESIAN_POINT('',(7.161379442931,10.82454257674,22.));
#2308 = CARTESIAN_POINT('',(6.907181638677,10.992716605057,22.));
#2309 = CARTESIAN_POINT('',(6.645369780988,11.14877293675,22.));
#2310 = ORIENTED_EDGE('',*,*,#2311,.F.);
#2311 = EDGE_CURVE('',#2312,#2304,#2314,.T.);
#2312 = VERTEX_POINT('',#2313);
#2313 = CARTESIAN_POINT('',(7.20254827989,10.459159042815,22.));
#2314 = ( BOUNDED_CURVE() B_SPLINE_CURVE(2,(#2315,#2316,#2317),
.UNSPECIFIED.,.F.,.F.) B_SPLINE_CURVE_WITH_KNOTS((3,3),(0.,
1.570796326795),.PIECEWISE_BEZIER_KNOTS.) CURVE() 
GEOMETRIC_REPRESENTATION_ITEM() RATIONAL_B_SPLINE_CURVE((1.,
0.707106781187,1.)) REPRESENTATION_ITEM('') );
#2315 = CARTESIAN_POINT('',(7.20254827989,10.459159042815,22.));
#2316 = CARTESIAN_POINT('',(7.364655628373,10.662435228257,22.));
#2317 = CARTESIAN_POINT('',(7.161379442931,10.82454257674,22.));
#2318 = ORIENTED_EDGE('',*,*,#2319,.F.);
#2319 = EDGE_CURVE('',#2320,#2312,#2322,.T.);
#2320 = VERTEX_POINT('',#2321);
#2321 = CARTESIAN_POINT('',(8.594208318683,9.349347195506,22.));
#2322 = ( BOUNDED_CURVE() B_SPLINE_CURVE(2,(#2323,#2324,#2325,#2326,
#2327),.UNSPECIFIED.,.F.,.F.) B_SPLINE_CURVE_WITH_KNOTS((3,2,3),(0.,
1.570796326795,3.14159265359),.PIECEWISE_BEZIER_KNOTS.) CURVE() 
GEOMETRIC_REPRESENTATION_ITEM() RATIONAL_B_SPLINE_CURVE((1.,
0.707106781187,1.,0.707106781187,1.)) REPRESENTATION_ITEM('') );
#2323 = CARTESIAN_POINT('',(8.594208318683,9.349347195506,22.));
#2324 = CARTESIAN_POINT('',(8.039302395028,8.65351717611,22.));
#2325 = CARTESIAN_POINT('',(7.343472375632,9.208423099764,22.));
#2326 = CARTESIAN_POINT('',(6.647642356235,9.763329023418,22.));
#2327 = CARTESIAN_POINT('',(7.20254827989,10.459159042815,22.));
#2328 = ORIENTED_EDGE('',*,*,#2329,.F.);
#2329 = EDGE_CURVE('',#2330,#2320,#2332,.T.);
#2330 = VERTEX_POINT('',#2331);
#2331 = CARTESIAN_POINT('',(8.959591852608,9.390516032465,22.));
#2332 = ( BOUNDED_CURVE() B_SPLINE_CURVE(2,(#2333,#2334,#2335),
.UNSPECIFIED.,.F.,.F.) B_SPLINE_CURVE_WITH_KNOTS((3,3),(0.,
1.570796326795),.PIECEWISE_BEZIER_KNOTS.) CURVE() 
GEOMETRIC_REPRESENTATION_ITEM() RATIONAL_B_SPLINE_CURVE((1.,
0.707106781187,1.)) REPRESENTATION_ITEM('') );
#2333 = CARTESIAN_POINT('',(8.959591852608,9.390516032465,22.));
#2334 = CARTESIAN_POINT('',(8.756315667166,9.552623380948,22.));
#2335 = CARTESIAN_POINT('',(8.594208318683,9.349347195506,22.));
#2336 = ORIENTED_EDGE('',*,*,#2337,.F.);
#2337 = EDGE_CURVE('',#2338,#2330,#2340,.T.);
#2338 = VERTEX_POINT('',#2339);
#2339 = CARTESIAN_POINT('',(9.390516032465,8.959591852608,22.));
#2340 = ( BOUNDED_CURVE() B_SPLINE_CURVE(2,(#2341,#2342,#2343),
.UNSPECIFIED.,.F.,.F.) B_SPLINE_CURVE_WITH_KNOTS((3,3),(0.,
4.695830611611E-02),.PIECEWISE_BEZIER_KNOTS.) CURVE() 
GEOMETRIC_REPRESENTATION_ITEM() RATIONAL_B_SPLINE_CURVE((1.,
0.999724377348,1.)) REPRESENTATION_ITEM('') );
#2341 = CARTESIAN_POINT('',(9.390516032465,8.959591852608,22.));
#2342 = CARTESIAN_POINT('',(9.180113739731,9.180113739731,22.));
#2343 = CARTESIAN_POINT('',(8.959591852608,9.390516032465,22.));
#2344 = ORIENTED_EDGE('',*,*,#2345,.F.);
#2345 = EDGE_CURVE('',#2346,#2338,#2348,.T.);
#2346 = VERTEX_POINT('',#2347);
#2347 = CARTESIAN_POINT('',(9.349347195506,8.594208318683,22.));
#2348 = ( BOUNDED_CURVE() B_SPLINE_CURVE(2,(#2349,#2350,#2351),
.UNSPECIFIED.,.F.,.F.) B_SPLINE_CURVE_WITH_KNOTS((3,3),(0.,
1.570796326795),.PIECEWISE_BEZIER_KNOTS.) CURVE() 
GEOMETRIC_REPRESENTATION_ITEM() RATIONAL_B_SPLINE_CURVE((1.,
0.707106781187,1.)) REPRESENTATION_ITEM('') );
#2349 = CARTESIAN_POINT('',(9.349347195506,8.594208318683,22.));
#2350 = CARTESIAN_POINT('',(9.552623380948,8.756315667166,22.));
#2351 = CARTESIAN_POINT('',(9.390516032465,8.959591852608,22.));
#2352 = ORIENTED_EDGE('',*,*,#2353,.F.);
#2353 = EDGE_CURVE('',#2354,#2346,#2356,.T.);
#2354 = VERTEX_POINT('',#2355);
#2355 = CARTESIAN_POINT('',(10.459159042815,7.20254827989,22.));
#2356 = ( BOUNDED_CURVE() B_SPLINE_CURVE(2,(#2357,#2358,#2359,#2360,
#2361),.UNSPECIFIED.,.F.,.F.) B_SPLINE_CURVE_WITH_KNOTS((3,2,3),(0.,
1.570796326795,3.14159265359),.PIECEWISE_BEZIER_KNOTS.) CURVE() 
GEOMETRIC_REPRESENTATION_ITEM() RATIONAL_B_SPLINE_CURVE((1.,
0.707106781187,1.,0.707106781187,1.)) REPRESENTATION_ITEM('') );
#2357 = CARTESIAN_POINT('',(10.459159042815,7.20254827989,22.));
#2358 = CARTESIAN_POINT('',(9.763329023418,6.647642356235,22.));
#2359 = CARTESIAN_POINT('',(9.208423099764,7.343472375632,22.));
#2360 = CARTESIAN_POINT('',(8.65351717611,8.039302395028,22.));
#2361 = CARTESIAN_POINT('',(9.349347195506,8.594208318683,22.));
#2362 = ORIENTED_EDGE('',*,*,#2363,.F.);
#2363 = EDGE_CURVE('',#2364,#2354,#2366,.T.);
#2364 = VERTEX_POINT('',#2365);
#2365 = CARTESIAN_POINT('',(10.82454257674,7.161379442931,22.));
#2366 = ( BOUNDED_CURVE() B_SPLINE_CURVE(2,(#2367,#2368,#2369),
.UNSPECIFIED.,.F.,.F.) B_SPLINE_CURVE_WITH_KNOTS((3,3),(0.,
1.570796326795),.PIECEWISE_BEZIER_KNOTS.) CURVE() 
GEOMETRIC_REPRESENTATION_ITEM() RATIONAL_B_SPLINE_CURVE((1.,
0.707106781187,1.)) REPRESENTATION_ITEM('') );
#2367 = CARTESIAN_POINT('',(10.82454257674,7.161379442931,22.));
#2368 = CARTESIAN_POINT('',(10.662435228257,7.364655628373,22.));
#2369 = CARTESIAN_POINT('',(10.459159042815,7.20254827989,22.));
#2370 = ORIENTED_EDGE('',*,*,#2371,.F.);
#2371 = EDGE_CURVE('',#2372,#2364,#2374,.T.);
#2372 = VERTEX_POINT('',#2373);
#2373 = CARTESIAN_POINT('',(11.14877293675,6.645369780988,22.));
#2374 = ( BOUNDED_CURVE() B_SPLINE_CURVE(2,(#2375,#2376,#2377),
.UNSPECIFIED.,.F.,.F.) B_SPLINE_CURVE_WITH_KNOTS((3,3),(0.,
4.695830611611E-02),.PIECEWISE_BEZIER_KNOTS.) CURVE() 
GEOMETRIC_REPRESENTATION_ITEM() RATIONAL_B_SPLINE_CURVE((1.,
0.999724377348,1.)) REPRESENTATION_ITEM('') );
#2375 = CARTESIAN_POINT('',(11.14877293675,6.645369780988,22.));
#2376 = CARTESIAN_POINT('',(10.992716605057,6.907181638677,22.));
#2377 = CARTESIAN_POINT('',(10.82454257674,7.161379442931,22.));
#2378 = ORIENTED_EDGE('',*,*,#2379,.F.);
#2379 = EDGE_CURVE('',#2380,#2372,#2382,.T.);
#2380 = VERTEX_POINT('',#2381);
#2381 = CARTESIAN_POINT('',(11.027330803266,6.298308103163,22.));
#2382 = ( BOUNDED_CURVE() B_SPLINE_CURVE(2,(#2383,#2384,#2385),
.UNSPECIFIED.,.F.,.F.) B_SPLINE_CURVE_WITH_KNOTS((3,3),(0.,
1.570796326795),.PIECEWISE_BEZIER_KNOTS.) CURVE() 
GEOMETRIC_REPRESENTATION_ITEM() RATIONAL_B_SPLINE_CURVE((1.,
0.707106781187,1.)) REPRESENTATION_ITEM('') );
#2383 = CARTESIAN_POINT('',(11.027330803266,6.298308103163,22.));
#2384 = CARTESIAN_POINT('',(11.261582708921,6.411117875334,22.));
#2385 = CARTESIAN_POINT('',(11.14877293675,6.645369780988,22.));
#2386 = ORIENTED_EDGE('',*,*,#2387,.F.);
#2387 = EDGE_CURVE('',#2388,#2380,#2390,.T.);
#2388 = VERTEX_POINT('',#2389);
#2389 = CARTESIAN_POINT('',(11.799643858896,4.694583518297,22.));
#2390 = ( BOUNDED_CURVE() B_SPLINE_CURVE(2,(#2391,#2392,#2393,#2394,
#2395),.UNSPECIFIED.,.F.,.F.) B_SPLINE_CURVE_WITH_KNOTS((3,2,3),(0.,
1.570796326795,3.14159265359),.PIECEWISE_BEZIER_KNOTS.) CURVE() 
GEOMETRIC_REPRESENTATION_ITEM() RATIONAL_B_SPLINE_CURVE((1.,
0.707106781187,1.,0.707106781187,1.)) REPRESENTATION_ITEM('') );
#2391 = CARTESIAN_POINT('',(11.799643858896,4.694583518297,22.));
#2392 = CARTESIAN_POINT('',(10.997781566463,4.308426990482,22.));
#2393 = CARTESIAN_POINT('',(10.611625038648,5.110289282915,22.));
#2394 = CARTESIAN_POINT('',(10.225468510833,5.912151575348,22.));
#2395 = CARTESIAN_POINT('',(11.027330803266,6.298308103163,22.));
#2396 = ORIENTED_EDGE('',*,*,#2397,.F.);
#2397 = EDGE_CURVE('',#2398,#2388,#2400,.T.);
#2398 = VERTEX_POINT('',#2399);
#2399 = CARTESIAN_POINT('',(12.146705536721,4.573141384813,22.));
#2400 = ( BOUNDED_CURVE() B_SPLINE_CURVE(2,(#2401,#2402,#2403),
.UNSPECIFIED.,.F.,.F.) B_SPLINE_CURVE_WITH_KNOTS((3,3),(0.,
1.570796326795),.PIECEWISE_BEZIER_KNOTS.) CURVE() 
GEOMETRIC_REPRESENTATION_ITEM() RATIONAL_B_SPLINE_CURVE((1.,
0.707106781187,1.)) REPRESENTATION_ITEM('') );
#2401 = CARTESIAN_POINT('',(12.146705536721,4.573141384813,22.));
#2402 = CARTESIAN_POINT('',(12.03389576455,4.807393290467,22.));
#2403 = CARTESIAN_POINT('',(11.799643858896,4.694583518297,22.));
#2404 = ORIENTED_EDGE('',*,*,#2405,.F.);
#2405 = EDGE_CURVE('',#2406,#2398,#2408,.T.);
#2406 = VERTEX_POINT('',#2407);
#2407 = CARTESIAN_POINT('',(12.347983812766,3.997921119902,22.));
#2408 = ( BOUNDED_CURVE() B_SPLINE_CURVE(2,(#2409,#2410,#2411),
.UNSPECIFIED.,.F.,.F.) B_SPLINE_CURVE_WITH_KNOTS((3,3),(0.,
4.695830611611E-02),.PIECEWISE_BEZIER_KNOTS.) CURVE() 
GEOMETRIC_REPRESENTATION_ITEM() RATIONAL_B_SPLINE_CURVE((1.,
0.999724377348,1.)) REPRESENTATION_ITEM('') );
#2409 = CARTESIAN_POINT('',(12.347983812766,3.997921119902,22.));
#2410 = CARTESIAN_POINT('',(12.254098758219,4.287894608382,22.));
#2411 = CARTESIAN_POINT('',(12.146705536721,4.573141384813,22.));
#2412 = ORIENTED_EDGE('',*,*,#2413,.F.);
#2413 = EDGE_CURVE('',#2414,#2406,#2416,.T.);
#2414 = VERTEX_POINT('',#2415);
#2415 = CARTESIAN_POINT('',(12.152357998427,3.686584419907,22.));
#2416 = ( BOUNDED_CURVE() B_SPLINE_CURVE(2,(#2417,#2418,#2419),
.UNSPECIFIED.,.F.,.F.) B_SPLINE_CURVE_WITH_KNOTS((3,3),(0.,
1.570796326795),.PIECEWISE_BEZIER_KNOTS.) CURVE() 
GEOMETRIC_REPRESENTATION_ITEM() RATIONAL_B_SPLINE_CURVE((1.,
0.707106781187,1.)) REPRESENTATION_ITEM('') );
#2417 = CARTESIAN_POINT('',(12.152357998427,3.686584419907,22.));
#2418 = CARTESIAN_POINT('',(12.405839255595,3.744439862735,22.));
#2419 = CARTESIAN_POINT('',(12.347983812766,3.997921119902,22.));
#2420 = ORIENTED_EDGE('',*,*,#2421,.F.);
#2421 = EDGE_CURVE('',#2422,#2414,#2424,.T.);
#2422 = VERTEX_POINT('',#2423);
#2423 = CARTESIAN_POINT('',(12.54844526087,1.951212736223,22.));
#2424 = ( BOUNDED_CURVE() B_SPLINE_CURVE(2,(#2425,#2426,#2427,#2428,
#2429),.UNSPECIFIED.,.F.,.F.) B_SPLINE_CURVE_WITH_KNOTS((3,2,3),(0.,
1.570796326795,3.14159265359),.PIECEWISE_BEZIER_KNOTS.) CURVE() 
GEOMETRIC_REPRESENTATION_ITEM() RATIONAL_B_SPLINE_CURVE((1.,
0.707106781187,1.,0.707106781187,1.)) REPRESENTATION_ITEM('') );
#2425 = CARTESIAN_POINT('',(12.54844526087,1.951212736223,22.));
#2426 = CARTESIAN_POINT('',(11.680759419028,1.753169105002,22.));
#2427 = CARTESIAN_POINT('',(11.482715787807,2.620854946844,22.));
#2428 = CARTESIAN_POINT('',(11.284672156585,3.488540788685,22.));
#2429 = CARTESIAN_POINT('',(12.152357998427,3.686584419907,22.));
#2430 = ORIENTED_EDGE('',*,*,#2431,.F.);
#2431 = EDGE_CURVE('',#2432,#2422,#2434,.T.);
#2432 = VERTEX_POINT('',#2433);
#2433 = CARTESIAN_POINT('',(12.859781960865,1.755586921884,22.));
#2434 = ( BOUNDED_CURVE() B_SPLINE_CURVE(2,(#2435,#2436,#2437),
.UNSPECIFIED.,.F.,.F.) B_SPLINE_CURVE_WITH_KNOTS((3,3),(0.,
1.570796326795),.PIECEWISE_BEZIER_KNOTS.) CURVE() 
GEOMETRIC_REPRESENTATION_ITEM() RATIONAL_B_SPLINE_CURVE((1.,
0.707106781187,1.)) REPRESENTATION_ITEM('') );
#2435 = CARTESIAN_POINT('',(12.859781960865,1.755586921884,22.));
#2436 = CARTESIAN_POINT('',(12.801926518037,2.009068179052,22.));
#2437 = CARTESIAN_POINT('',(12.54844526087,1.951212736223,22.));
#2438 = ORIENTED_EDGE('',*,*,#2439,.F.);
#2439 = EDGE_CURVE('',#2440,#2432,#2442,.T.);
#2440 = VERTEX_POINT('',#2441);
#2441 = CARTESIAN_POINT('',(12.928015219719,1.15,22.));
#2442 = ( BOUNDED_CURVE() B_SPLINE_CURVE(2,(#2443,#2444,#2445),
.UNSPECIFIED.,.F.,.F.) B_SPLINE_CURVE_WITH_KNOTS((3,3),(0.,
4.695830611611E-02),.PIECEWISE_BEZIER_KNOTS.) CURVE() 
GEOMETRIC_REPRESENTATION_ITEM() RATIONAL_B_SPLINE_CURVE((1.,
0.999724377348,1.)) REPRESENTATION_ITEM('') );
#2443 = CARTESIAN_POINT('',(12.928015219719,1.15,22.));
#2444 = CARTESIAN_POINT('',(12.901009230984,1.453594637733,22.));
#2445 = CARTESIAN_POINT('',(12.859781960865,1.755586921884,22.));
#2446 = ORIENTED_EDGE('',*,*,#2447,.F.);
#2447 = EDGE_CURVE('',#2448,#2440,#2450,.T.);
#2448 = VERTEX_POINT('',#2449);
#2449 = CARTESIAN_POINT('',(12.668015219719,0.89,22.));
#2450 = ( BOUNDED_CURVE() B_SPLINE_CURVE(2,(#2451,#2452,#2453),
.UNSPECIFIED.,.F.,.F.) B_SPLINE_CURVE_WITH_KNOTS((3,3),(0.,
1.570796326795),.PIECEWISE_BEZIER_KNOTS.) CURVE() 
GEOMETRIC_REPRESENTATION_ITEM() RATIONAL_B_SPLINE_CURVE((1.,
0.707106781187,1.)) REPRESENTATION_ITEM('') );
#2451 = CARTESIAN_POINT('',(12.668015219719,0.89,22.));
#2452 = CARTESIAN_POINT('',(12.928015219719,0.89,22.));
#2453 = CARTESIAN_POINT('',(12.928015219719,1.15,22.));
#2454 = ORIENTED_EDGE('',*,*,#2455,.F.);
#2455 = EDGE_CURVE('',#2456,#2448,#2458,.T.);
#2456 = VERTEX_POINT('',#2457);
#2457 = CARTESIAN_POINT('',(12.668015219719,-0.89,22.));
#2458 = ( BOUNDED_CURVE() B_SPLINE_CURVE(2,(#2459,#2460,#2461,#2462,
#2463),.UNSPECIFIED.,.F.,.F.) B_SPLINE_CURVE_WITH_KNOTS((3,2,3),(0.,
1.570796326795,3.14159265359),.PIECEWISE_BEZIER_KNOTS.) CURVE() 
GEOMETRIC_REPRESENTATION_ITEM() RATIONAL_B_SPLINE_CURVE((1.,
0.707106781187,1.,0.707106781187,1.)) REPRESENTATION_ITEM('') );
#2459 = CARTESIAN_POINT('',(12.668015219719,-0.89,22.));
#2460 = CARTESIAN_POINT('',(11.778015219719,-0.89,22.));
#2461 = CARTESIAN_POINT('',(11.778015219719,-2.66E-15,22.));
#2462 = CARTESIAN_POINT('',(11.778015219719,0.89,22.));
#2463 = CARTESIAN_POINT('',(12.668015219719,0.89,22.));
#2464 = ORIENTED_EDGE('',*,*,#2465,.F.);
#2465 = EDGE_CURVE('',#2466,#2456,#2468,.T.);
#2466 = VERTEX_POINT('',#2467);
#2467 = CARTESIAN_POINT('',(12.928015219719,-1.15,22.));
#2468 = ( BOUNDED_CURVE() B_SPLINE_CURVE(2,(#2469,#2470,#2471),
.UNSPECIFIED.,.F.,.F.) B_SPLINE_CURVE_WITH_KNOTS((3,3),(0.,
1.570796326795),.PIECEWISE_BEZIER_KNOTS.) CURVE() 
GEOMETRIC_REPRESENTATION_ITEM() RATIONAL_B_SPLINE_CURVE((1.,
0.707106781187,1.)) REPRESENTATION_ITEM('') );
#2469 = CARTESIAN_POINT('',(12.928015219719,-1.15,22.));
#2470 = CARTESIAN_POINT('',(12.928015219719,-0.89,22.));
#2471 = CARTESIAN_POINT('',(12.668015219719,-0.89,22.));
#2472 = ORIENTED_EDGE('',*,*,#2473,.F.);
#2473 = EDGE_CURVE('',#2474,#2466,#2476,.T.);
#2474 = VERTEX_POINT('',#2475);
#2475 = CARTESIAN_POINT('',(12.859781960865,-1.755586921884,22.));
#2476 = ( BOUNDED_CURVE() B_SPLINE_CURVE(2,(#2477,#2478,#2479),
.UNSPECIFIED.,.F.,.F.) B_SPLINE_CURVE_WITH_KNOTS((3,3),(0.,
4.695830611611E-02),.PIECEWISE_BEZIER_KNOTS.) CURVE() 
GEOMETRIC_REPRESENTATION_ITEM() RATIONAL_B_SPLINE_CURVE((1.,
0.999724377348,1.)) REPRESENTATION_ITEM('') );
#2477 = CARTESIAN_POINT('',(12.859781960865,-1.755586921884,22.));
#2478 = CARTESIAN_POINT('',(12.901009230984,-1.453594637733,22.));
#2479 = CARTESIAN_POINT('',(12.928015219719,-1.15,22.));
#2480 = ORIENTED_EDGE('',*,*,#2481,.F.);
#2481 = EDGE_CURVE('',#2482,#2474,#2484,.T.);
#2482 = VERTEX_POINT('',#2483);
#2483 = CARTESIAN_POINT('',(12.54844526087,-1.951212736223,22.));
#2484 = ( BOUNDED_CURVE() B_SPLINE_CURVE(2,(#2485,#2486,#2487),
.UNSPECIFIED.,.F.,.F.) B_SPLINE_CURVE_WITH_KNOTS((3,3),(0.,
1.570796326795),.PIECEWISE_BEZIER_KNOTS.) CURVE() 
GEOMETRIC_REPRESENTATION_ITEM() RATIONAL_B_SPLINE_CURVE((1.,
0.707106781187,1.)) REPRESENTATION_ITEM('') );
#2485 = CARTESIAN_POINT('',(12.54844526087,-1.951212736223,22.));
#2486 = CARTESIAN_POINT('',(12.801926518037,-2.009068179052,22.));
#2487 = CARTESIAN_POINT('',(12.859781960865,-1.755586921884,22.));
#2488 = ORIENTED_EDGE('',*,*,#2489,.F.);
#2489 = EDGE_CURVE('',#2490,#2482,#2492,.T.);
#2490 = VERTEX_POINT('',#2491);
#2491 = CARTESIAN_POINT('',(12.152357998427,-3.686584419907,22.));
#2492 = ( BOUNDED_CURVE() B_SPLINE_CURVE(2,(#2493,#2494,#2495,#2496,
#2497),.UNSPECIFIED.,.F.,.F.) B_SPLINE_CURVE_WITH_KNOTS((3,2,3),(0.,
1.570796326795,3.14159265359),.PIECEWISE_BEZIER_KNOTS.) CURVE() 
GEOMETRIC_REPRESENTATION_ITEM() RATIONAL_B_SPLINE_CURVE((1.,
0.707106781187,1.,0.707106781187,1.)) REPRESENTATION_ITEM('') );
#2493 = CARTESIAN_POINT('',(12.152357998427,-3.686584419907,22.));
#2494 = CARTESIAN_POINT('',(11.284672156585,-3.488540788685,22.));
#2495 = CARTESIAN_POINT('',(11.482715787807,-2.620854946844,22.));
#2496 = CARTESIAN_POINT('',(11.680759419028,-1.753169105002,22.));
#2497 = CARTESIAN_POINT('',(12.54844526087,-1.951212736223,22.));
#2498 = ORIENTED_EDGE('',*,*,#2499,.F.);
#2499 = EDGE_CURVE('',#2500,#2490,#2502,.T.);
#2500 = VERTEX_POINT('',#2501);
#2501 = CARTESIAN_POINT('',(12.347983812766,-3.997921119902,22.));
#2502 = ( BOUNDED_CURVE() B_SPLINE_CURVE(2,(#2503,#2504,#2505),
.UNSPECIFIED.,.F.,.F.) B_SPLINE_CURVE_WITH_KNOTS((3,3),(0.,
1.570796326795),.PIECEWISE_BEZIER_KNOTS.) CURVE() 
GEOMETRIC_REPRESENTATION_ITEM() RATIONAL_B_SPLINE_CURVE((1.,
0.707106781187,1.)) REPRESENTATION_ITEM('') );
#2503 = CARTESIAN_POINT('',(12.347983812766,-3.997921119902,22.));
#2504 = CARTESIAN_POINT('',(12.405839255595,-3.744439862735,22.));
#2505 = CARTESIAN_POINT('',(12.152357998427,-3.686584419907,22.));
#2506 = ORIENTED_EDGE('',*,*,#2507,.F.);
#2507 = EDGE_CURVE('',#2508,#2500,#2510,.T.);
#2508 = VERTEX_POINT('',#2509);
#2509 = CARTESIAN_POINT('',(12.146705536721,-4.573141384813,22.));
#2510 = ( BOUNDED_CURVE() B_SPLINE_CURVE(2,(#2511,#2512,#2513),
.UNSPECIFIED.,.F.,.F.) B_SPLINE_CURVE_WITH_KNOTS((3,3),(0.,
4.695830611611E-02),.PIECEWISE_BEZIER_KNOTS.) CURVE() 
GEOMETRIC_REPRESENTATION_ITEM() RATIONAL_B_SPLINE_CURVE((1.,
0.999724377348,1.)) REPRESENTATION_ITEM('') );
#2511 = CARTESIAN_POINT('',(12.146705536721,-4.573141384813,22.));
#2512 = CARTESIAN_POINT('',(12.254098758219,-4.287894608382,22.));
#2513 = CARTESIAN_POINT('',(12.347983812766,-3.997921119902,22.));
#2514 = ORIENTED_EDGE('',*,*,#2515,.F.);
#2515 = EDGE_CURVE('',#2516,#2508,#2518,.T.);
#2516 = VERTEX_POINT('',#2517);
#2517 = CARTESIAN_POINT('',(11.799643858896,-4.694583518297,22.));
#2518 = ( BOUNDED_CURVE() B_SPLINE_CURVE(2,(#2519,#2520,#2521),
.UNSPECIFIED.,.F.,.F.) B_SPLINE_CURVE_WITH_KNOTS((3,3),(0.,
1.570796326795),.PIECEWISE_BEZIER_KNOTS.) CURVE() 
GEOMETRIC_REPRESENTATION_ITEM() RATIONAL_B_SPLINE_CURVE((1.,
0.707106781187,1.)) REPRESENTATION_ITEM('') );
#2519 = CARTESIAN_POINT('',(11.799643858896,-4.694583518297,22.));
#2520 = CARTESIAN_POINT('',(12.03389576455,-4.807393290467,22.));
#2521 = CARTESIAN_POINT('',(12.146705536721,-4.573141384813,22.));
#2522 = ORIENTED_EDGE('',*,*,#2523,.F.);
#2523 = EDGE_CURVE('',#2524,#2516,#2526,.T.);
#2524 = VERTEX_POINT('',#2525);
#2525 = CARTESIAN_POINT('',(11.027330803266,-6.298308103163,22.));
#2526 = ( BOUNDED_CURVE() B_SPLINE_CURVE(2,(#2527,#2528,#2529,#2530,
#2531),.UNSPECIFIED.,.F.,.F.) B_SPLINE_CURVE_WITH_KNOTS((3,2,3),(0.,
1.570796326795,3.14159265359),.PIECEWISE_BEZIER_KNOTS.) CURVE() 
GEOMETRIC_REPRESENTATION_ITEM() RATIONAL_B_SPLINE_CURVE((1.,
0.707106781187,1.,0.707106781187,1.)) REPRESENTATION_ITEM('') );
#2527 = CARTESIAN_POINT('',(11.027330803266,-6.298308103163,22.));
#2528 = CARTESIAN_POINT('',(10.225468510833,-5.912151575348,22.));
#2529 = CARTESIAN_POINT('',(10.611625038648,-5.110289282915,22.));
#2530 = CARTESIAN_POINT('',(10.997781566463,-4.308426990482,22.));
#2531 = CARTESIAN_POINT('',(11.799643858896,-4.694583518297,22.));
#2532 = ORIENTED_EDGE('',*,*,#2533,.F.);
#2533 = EDGE_CURVE('',#2534,#2524,#2536,.T.);
#2534 = VERTEX_POINT('',#2535);
#2535 = CARTESIAN_POINT('',(11.14877293675,-6.645369780988,22.));
#2536 = ( BOUNDED_CURVE() B_SPLINE_CURVE(2,(#2537,#2538,#2539),
.UNSPECIFIED.,.F.,.F.) B_SPLINE_CURVE_WITH_KNOTS((3,3),(0.,
1.570796326795),.PIECEWISE_BEZIER_KNOTS.) CURVE() 
GEOMETRIC_REPRESENTATION_ITEM() RATIONAL_B_SPLINE_CURVE((1.,
0.707106781187,1.)) REPRESENTATION_ITEM('') );
#2537 = CARTESIAN_POINT('',(11.14877293675,-6.645369780988,22.));
#2538 = CARTESIAN_POINT('',(11.261582708921,-6.411117875334,22.));
#2539 = CARTESIAN_POINT('',(11.027330803266,-6.298308103163,22.));
#2540 = ORIENTED_EDGE('',*,*,#2541,.F.);
#2541 = EDGE_CURVE('',#2542,#2534,#2544,.T.);
#2542 = VERTEX_POINT('',#2543);
#2543 = CARTESIAN_POINT('',(10.82454257674,-7.161379442931,22.));
#2544 = ( BOUNDED_CURVE() B_SPLINE_CURVE(2,(#2545,#2546,#2547),
.UNSPECIFIED.,.F.,.F.) B_SPLINE_CURVE_WITH_KNOTS((3,3),(0.,
4.695830611611E-02),.PIECEWISE_BEZIER_KNOTS.) CURVE() 
GEOMETRIC_REPRESENTATION_ITEM() RATIONAL_B_SPLINE_CURVE((1.,
0.999724377348,1.)) REPRESENTATION_ITEM('') );
#2545 = CARTESIAN_POINT('',(10.82454257674,-7.161379442931,22.));
#2546 = CARTESIAN_POINT('',(10.992716605057,-6.907181638677,22.));
#2547 = CARTESIAN_POINT('',(11.14877293675,-6.645369780988,22.));
#2548 = ORIENTED_EDGE('',*,*,#2549,.F.);
#2549 = EDGE_CURVE('',#2550,#2542,#2552,.T.);
#2550 = VERTEX_POINT('',#2551);
#2551 = CARTESIAN_POINT('',(10.459159042815,-7.20254827989,22.));
#2552 = ( BOUNDED_CURVE() B_SPLINE_CURVE(2,(#2553,#2554,#2555),
.UNSPECIFIED.,.F.,.F.) B_SPLINE_CURVE_WITH_KNOTS((3,3),(0.,
1.570796326795),.PIECEWISE_BEZIER_KNOTS.) CURVE() 
GEOMETRIC_REPRESENTATION_ITEM() RATIONAL_B_SPLINE_CURVE((1.,
0.707106781187,1.)) REPRESENTATION_ITEM('') );
#2553 = CARTESIAN_POINT('',(10.459159042815,-7.20254827989,22.));
#2554 = CARTESIAN_POINT('',(10.662435228257,-7.364655628373,22.));
#2555 = CARTESIAN_POINT('',(10.82454257674,-7.161379442931,22.));
#2556 = ORIENTED_EDGE('',*,*,#2557,.F.);
#2557 = EDGE_CURVE('',#2558,#2550,#2560,.T.);
#2558 = VERTEX_POINT('',#2559);
#2559 = CARTESIAN_POINT('',(9.349347195506,-8.594208318683,22.));
#2560 = ( BOUNDED_CURVE() B_SPLINE_CURVE(2,(#2561,#2562,#2563,#2564,
#2565),.UNSPECIFIED.,.F.,.F.) B_SPLINE_CURVE_WITH_KNOTS((3,2,3),(0.,
1.570796326795,3.14159265359),.PIECEWISE_BEZIER_KNOTS.) CURVE() 
GEOMETRIC_REPRESENTATION_ITEM() RATIONAL_B_SPLINE_CURVE((1.,
0.707106781187,1.,0.707106781187,1.)) REPRESENTATION_ITEM('') );
#2561 = CARTESIAN_POINT('',(9.349347195506,-8.594208318683,22.));
#2562 = CARTESIAN_POINT('',(8.65351717611,-8.039302395028,22.));
#2563 = CARTESIAN_POINT('',(9.208423099764,-7.343472375632,22.));
#2564 = CARTESIAN_POINT('',(9.763329023418,-6.647642356235,22.));
#2565 = CARTESIAN_POINT('',(10.459159042815,-7.20254827989,22.));
#2566 = ORIENTED_EDGE('',*,*,#2567,.F.);
#2567 = EDGE_CURVE('',#2568,#2558,#2570,.T.);
#2568 = VERTEX_POINT('',#2569);
#2569 = CARTESIAN_POINT('',(9.390516032465,-8.959591852608,22.));
#2570 = ( BOUNDED_CURVE() B_SPLINE_CURVE(2,(#2571,#2572,#2573),
.UNSPECIFIED.,.F.,.F.) B_SPLINE_CURVE_WITH_KNOTS((3,3),(0.,
1.570796326795),.PIECEWISE_BEZIER_KNOTS.) CURVE() 
GEOMETRIC_REPRESENTATION_ITEM() RATIONAL_B_SPLINE_CURVE((1.,
0.707106781187,1.)) REPRESENTATION_ITEM('') );
#2571 = CARTESIAN_POINT('',(9.390516032465,-8.959591852608,22.));
#2572 = CARTESIAN_POINT('',(9.552623380948,-8.756315667166,22.));
#2573 = CARTESIAN_POINT('',(9.349347195506,-8.594208318683,22.));
#2574 = ORIENTED_EDGE('',*,*,#2575,.F.);
#2575 = EDGE_CURVE('',#2576,#2568,#2578,.T.);
#2576 = VERTEX_POINT('',#2577);
#2577 = CARTESIAN_POINT('',(8.959591852608,-9.390516032465,22.));
#2578 = ( BOUNDED_CURVE() B_SPLINE_CURVE(2,(#2579,#2580,#2581),
.UNSPECIFIED.,.F.,.F.) B_SPLINE_CURVE_WITH_KNOTS((3,3),(0.,
4.695830611611E-02),.PIECEWISE_BEZIER_KNOTS.) CURVE() 
GEOMETRIC_REPRESENTATION_ITEM() RATIONAL_B_SPLINE_CURVE((1.,
0.999724377348,1.)) REPRESENTATION_ITEM('') );
#2579 = CARTESIAN_POINT('',(8.959591852608,-9.390516032465,22.));
#2580 = CARTESIAN_POINT('',(9.180113739731,-9.180113739731,22.));
#2581 = CARTESIAN_POINT('',(9.390516032465,-8.959591852608,22.));
#2582 = ORIENTED_EDGE('',*,*,#2583,.F.);
#2583 = EDGE_CURVE('',#2584,#2576,#2586,.T.);
#2584 = VERTEX_POINT('',#2585);
#2585 = CARTESIAN_POINT('',(8.594208318683,-9.349347195506,22.));
#2586 = ( BOUNDED_CURVE() B_SPLINE_CURVE(2,(#2587,#2588,#2589),
.UNSPECIFIED.,.F.,.F.) B_SPLINE_CURVE_WITH_KNOTS((3,3),(0.,
1.570796326795),.PIECEWISE_BEZIER_KNOTS.) CURVE() 
GEOMETRIC_REPRESENTATION_ITEM() RATIONAL_B_SPLINE_CURVE((1.,
0.707106781187,1.)) REPRESENTATION_ITEM('') );
#2587 = CARTESIAN_POINT('',(8.594208318683,-9.349347195506,22.));
#2588 = CARTESIAN_POINT('',(8.756315667166,-9.552623380948,22.));
#2589 = CARTESIAN_POINT('',(8.959591852608,-9.390516032465,22.));
#2590 = ORIENTED_EDGE('',*,*,#2591,.F.);
#2591 = EDGE_CURVE('',#2592,#2584,#2594,.T.);
#2592 = VERTEX_POINT('',#2593);
#2593 = CARTESIAN_POINT('',(7.20254827989,-10.45915904281,22.));
#2594 = ( BOUNDED_CURVE() B_SPLINE_CURVE(2,(#2595,#2596,#2597,#2598,
#2599),.UNSPECIFIED.,.F.,.F.) B_SPLINE_CURVE_WITH_KNOTS((3,2,3),(0.,
1.570796326795,3.14159265359),.PIECEWISE_BEZIER_KNOTS.) CURVE() 
GEOMETRIC_REPRESENTATION_ITEM() RATIONAL_B_SPLINE_CURVE((1.,
0.707106781187,1.,0.707106781187,1.)) REPRESENTATION_ITEM('') );
#2595 = CARTESIAN_POINT('',(7.20254827989,-10.45915904281,22.));
#2596 = CARTESIAN_POINT('',(6.647642356235,-9.763329023418,22.));
#2597 = CARTESIAN_POINT('',(7.343472375632,-9.208423099764,22.));
#2598 = CARTESIAN_POINT('',(8.039302395028,-8.65351717611,22.));
#2599 = CARTESIAN_POINT('',(8.594208318683,-9.349347195506,22.));
#2600 = ORIENTED_EDGE('',*,*,#2601,.F.);
#2601 = EDGE_CURVE('',#2602,#2592,#2604,.T.);
#2602 = VERTEX_POINT('',#2603);
#2603 = CARTESIAN_POINT('',(7.161379442931,-10.82454257674,22.));
#2604 = ( BOUNDED_CURVE() B_SPLINE_CURVE(2,(#2605,#2606,#2607),
.UNSPECIFIED.,.F.,.F.) B_SPLINE_CURVE_WITH_KNOTS((3,3),(0.,
1.570796326795),.PIECEWISE_BEZIER_KNOTS.) CURVE() 
GEOMETRIC_REPRESENTATION_ITEM() RATIONAL_B_SPLINE_CURVE((1.,
0.707106781187,1.)) REPRESENTATION_ITEM('') );
#2605 = CARTESIAN_POINT('',(7.161379442931,-10.82454257674,22.));
#2606 = CARTESIAN_POINT('',(7.364655628373,-10.66243522825,22.));
#2607 = CARTESIAN_POINT('',(7.20254827989,-10.45915904281,22.));
#2608 = ORIENTED_EDGE('',*,*,#2609,.F.);
#2609 = EDGE_CURVE('',#2610,#2602,#2612,.T.);
#2610 = VERTEX_POINT('',#2611);
#2611 = CARTESIAN_POINT('',(6.645369780988,-11.14877293675,22.));
#2612 = ( BOUNDED_CURVE() B_SPLINE_CURVE(2,(#2613,#2614,#2615),
.UNSPECIFIED.,.F.,.F.) B_SPLINE_CURVE_WITH_KNOTS((3,3),(0.,
4.695830611611E-02),.PIECEWISE_BEZIER_KNOTS.) CURVE() 
GEOMETRIC_REPRESENTATION_ITEM() RATIONAL_B_SPLINE_CURVE((1.,
0.999724377348,1.)) REPRESENTATION_ITEM('') );
#2613 = CARTESIAN_POINT('',(6.645369780988,-11.14877293675,22.));
#2614 = CARTESIAN_POINT('',(6.907181638677,-10.99271660505,22.));
#2615 = CARTESIAN_POINT('',(7.161379442931,-10.82454257674,22.));
#2616 = ORIENTED_EDGE('',*,*,#2617,.F.);
#2617 = EDGE_CURVE('',#2618,#2610,#2620,.T.);
#2618 = VERTEX_POINT('',#2619);
#2619 = CARTESIAN_POINT('',(6.298308103163,-11.02733080326,22.));
#2620 = ( BOUNDED_CURVE() B_SPLINE_CURVE(2,(#2621,#2622,#2623),
.UNSPECIFIED.,.F.,.F.) B_SPLINE_CURVE_WITH_KNOTS((3,3),(0.,
1.570796326795),.PIECEWISE_BEZIER_KNOTS.) CURVE() 
GEOMETRIC_REPRESENTATION_ITEM() RATIONAL_B_SPLINE_CURVE((1.,
0.707106781187,1.)) REPRESENTATION_ITEM('') );
#2621 = CARTESIAN_POINT('',(6.298308103163,-11.02733080326,22.));
#2622 = CARTESIAN_POINT('',(6.411117875334,-11.26158270892,22.));
#2623 = CARTESIAN_POINT('',(6.645369780988,-11.14877293675,22.));
#2624 = ORIENTED_EDGE('',*,*,#2625,.F.);
#2625 = EDGE_CURVE('',#2626,#2618,#2628,.T.);
#2626 = VERTEX_POINT('',#2627);
#2627 = CARTESIAN_POINT('',(4.694583518297,-11.79964385889,22.));
#2628 = ( BOUNDED_CURVE() B_SPLINE_CURVE(2,(#2629,#2630,#2631,#2632,
#2633),.UNSPECIFIED.,.F.,.F.) B_SPLINE_CURVE_WITH_KNOTS((3,2,3),(0.,
1.570796326795,3.14159265359),.PIECEWISE_BEZIER_KNOTS.) CURVE() 
GEOMETRIC_REPRESENTATION_ITEM() RATIONAL_B_SPLINE_CURVE((1.,
0.707106781187,1.,0.707106781187,1.)) REPRESENTATION_ITEM('') );
#2629 = CARTESIAN_POINT('',(4.694583518297,-11.79964385889,22.));
#2630 = CARTESIAN_POINT('',(4.308426990482,-10.99778156646,22.));
#2631 = CARTESIAN_POINT('',(5.110289282915,-10.61162503864,22.));
#2632 = CARTESIAN_POINT('',(5.912151575348,-10.22546851083,22.));
#2633 = CARTESIAN_POINT('',(6.298308103163,-11.02733080326,22.));
#2634 = ORIENTED_EDGE('',*,*,#2635,.F.);
#2635 = EDGE_CURVE('',#2636,#2626,#2638,.T.);
#2636 = VERTEX_POINT('',#2637);
#2637 = CARTESIAN_POINT('',(4.573141384813,-12.14670553672,22.));
#2638 = ( BOUNDED_CURVE() B_SPLINE_CURVE(2,(#2639,#2640,#2641),
.UNSPECIFIED.,.F.,.F.) B_SPLINE_CURVE_WITH_KNOTS((3,3),(0.,
1.570796326795),.PIECEWISE_BEZIER_KNOTS.) CURVE() 
GEOMETRIC_REPRESENTATION_ITEM() RATIONAL_B_SPLINE_CURVE((1.,
0.707106781187,1.)) REPRESENTATION_ITEM('') );
#2639 = CARTESIAN_POINT('',(4.573141384813,-12.14670553672,22.));
#2640 = CARTESIAN_POINT('',(4.807393290467,-12.03389576455,22.));
#2641 = CARTESIAN_POINT('',(4.694583518297,-11.79964385889,22.));
#2642 = ORIENTED_EDGE('',*,*,#2643,.F.);
#2643 = EDGE_CURVE('',#2644,#2636,#2646,.T.);
#2644 = VERTEX_POINT('',#2645);
#2645 = CARTESIAN_POINT('',(3.997921119902,-12.34798381276,22.));
#2646 = ( BOUNDED_CURVE() B_SPLINE_CURVE(2,(#2647,#2648,#2649),
.UNSPECIFIED.,.F.,.F.) B_SPLINE_CURVE_WITH_KNOTS((3,3),(0.,
4.695830611611E-02),.PIECEWISE_BEZIER_KNOTS.) CURVE() 
GEOMETRIC_REPRESENTATION_ITEM() RATIONAL_B_SPLINE_CURVE((1.,
0.999724377348,1.)) REPRESENTATION_ITEM('') );
#2647 = CARTESIAN_POINT('',(3.997921119902,-12.34798381276,22.));
#2648 = CARTESIAN_POINT('',(4.287894608382,-12.25409875821,22.));
#2649 = CARTESIAN_POINT('',(4.573141384813,-12.14670553672,22.));
#2650 = ORIENTED_EDGE('',*,*,#2651,.F.);
#2651 = EDGE_CURVE('',#2652,#2644,#2654,.T.);
#2652 = VERTEX_POINT('',#2653);
#2653 = CARTESIAN_POINT('',(3.686584419907,-12.15235799842,22.));
#2654 = ( BOUNDED_CURVE() B_SPLINE_CURVE(2,(#2655,#2656,#2657),
.UNSPECIFIED.,.F.,.F.) B_SPLINE_CURVE_WITH_KNOTS((3,3),(0.,
1.570796326795),.PIECEWISE_BEZIER_KNOTS.) CURVE() 
GEOMETRIC_REPRESENTATION_ITEM() RATIONAL_B_SPLINE_CURVE((1.,
0.707106781187,1.)) REPRESENTATION_ITEM('') );
#2655 = CARTESIAN_POINT('',(3.686584419907,-12.15235799842,22.));
#2656 = CARTESIAN_POINT('',(3.744439862735,-12.40583925559,22.));
#2657 = CARTESIAN_POINT('',(3.997921119902,-12.34798381276,22.));
#2658 = ORIENTED_EDGE('',*,*,#2659,.F.);
#2659 = EDGE_CURVE('',#2660,#2652,#2662,.T.);
#2660 = VERTEX_POINT('',#2661);
#2661 = CARTESIAN_POINT('',(1.951212736223,-12.54844526087,22.));
#2662 = ( BOUNDED_CURVE() B_SPLINE_CURVE(2,(#2663,#2664,#2665,#2666,
#2667),.UNSPECIFIED.,.F.,.F.) B_SPLINE_CURVE_WITH_KNOTS((3,2,3),(0.,
1.570796326795,3.14159265359),.PIECEWISE_BEZIER_KNOTS.) CURVE() 
GEOMETRIC_REPRESENTATION_ITEM() RATIONAL_B_SPLINE_CURVE((1.,
0.707106781187,1.,0.707106781187,1.)) REPRESENTATION_ITEM('') );
#2663 = CARTESIAN_POINT('',(1.951212736223,-12.54844526087,22.));
#2664 = CARTESIAN_POINT('',(1.753169105002,-11.68075941902,22.));
#2665 = CARTESIAN_POINT('',(2.620854946844,-11.4827157878,22.));
#2666 = CARTESIAN_POINT('',(3.488540788685,-11.28467215658,22.));
#2667 = CARTESIAN_POINT('',(3.686584419907,-12.15235799842,22.));
#2668 = ORIENTED_EDGE('',*,*,#2669,.F.);
#2669 = EDGE_CURVE('',#2670,#2660,#2672,.T.);
#2670 = VERTEX_POINT('',#2671);
#2671 = CARTESIAN_POINT('',(1.755586921884,-12.85978196086,22.));
#2672 = ( BOUNDED_CURVE() B_SPLINE_CURVE(2,(#2673,#2674,#2675),
.UNSPECIFIED.,.F.,.F.) B_SPLINE_CURVE_WITH_KNOTS((3,3),(0.,
1.570796326795),.PIECEWISE_BEZIER_KNOTS.) CURVE() 
GEOMETRIC_REPRESENTATION_ITEM() RATIONAL_B_SPLINE_CURVE((1.,
0.707106781187,1.)) REPRESENTATION_ITEM('') );
#2673 = CARTESIAN_POINT('',(1.755586921884,-12.85978196086,22.));
#2674 = CARTESIAN_POINT('',(2.009068179052,-12.80192651803,22.));
#2675 = CARTESIAN_POINT('',(1.951212736223,-12.54844526087,22.));
#2676 = ORIENTED_EDGE('',*,*,#2677,.F.);
#2677 = EDGE_CURVE('',#2678,#2670,#2680,.T.);
#2678 = VERTEX_POINT('',#2679);
#2679 = CARTESIAN_POINT('',(1.15,-12.92801521971,22.));
#2680 = ( BOUNDED_CURVE() B_SPLINE_CURVE(2,(#2681,#2682,#2683),
.UNSPECIFIED.,.F.,.F.) B_SPLINE_CURVE_WITH_KNOTS((3,3),(0.,
4.695830611611E-02),.PIECEWISE_BEZIER_KNOTS.) CURVE() 
GEOMETRIC_REPRESENTATION_ITEM() RATIONAL_B_SPLINE_CURVE((1.,
0.999724377348,1.)) REPRESENTATION_ITEM('') );
#2681 = CARTESIAN_POINT('',(1.15,-12.92801521971,22.));
#2682 = CARTESIAN_POINT('',(1.453594637733,-12.90100923098,22.));
#2683 = CARTESIAN_POINT('',(1.755586921884,-12.85978196086,22.));
#2684 = ORIENTED_EDGE('',*,*,#2685,.F.);
#2685 = EDGE_CURVE('',#2686,#2678,#2688,.T.);
#2686 = VERTEX_POINT('',#2687);
#2687 = CARTESIAN_POINT('',(0.89,-12.66801521971,22.));
#2688 = ( BOUNDED_CURVE() B_SPLINE_CURVE(2,(#2689,#2690,#2691),
.UNSPECIFIED.,.F.,.F.) B_SPLINE_CURVE_WITH_KNOTS((3,3),(0.,
1.570796326795),.PIECEWISE_BEZIER_KNOTS.) CURVE() 
GEOMETRIC_REPRESENTATION_ITEM() RATIONAL_B_SPLINE_CURVE((1.,
0.707106781187,1.)) REPRESENTATION_ITEM('') );
#2689 = CARTESIAN_POINT('',(0.89,-12.66801521971,22.));
#2690 = CARTESIAN_POINT('',(0.89,-12.92801521971,22.));
#2691 = CARTESIAN_POINT('',(1.15,-12.92801521971,22.));
#2692 = ORIENTED_EDGE('',*,*,#2693,.F.);
#2693 = EDGE_CURVE('',#2694,#2686,#2696,.T.);
#2694 = VERTEX_POINT('',#2695);
#2695 = CARTESIAN_POINT('',(-0.89,-12.66801521971,22.));
#2696 = ( BOUNDED_CURVE() B_SPLINE_CURVE(2,(#2697,#2698,#2699,#2700,
#2701),.UNSPECIFIED.,.F.,.F.) B_SPLINE_CURVE_WITH_KNOTS((3,2,3),(0.,
1.570796326795,3.14159265359),.PIECEWISE_BEZIER_KNOTS.) CURVE() 
GEOMETRIC_REPRESENTATION_ITEM() RATIONAL_B_SPLINE_CURVE((1.,
0.707106781187,1.,0.707106781187,1.)) REPRESENTATION_ITEM('') );
#2697 = CARTESIAN_POINT('',(-0.89,-12.66801521971,22.));
#2698 = CARTESIAN_POINT('',(-0.89,-11.77801521971,22.));
#2699 = CARTESIAN_POINT('',(-2.66E-15,-11.77801521971,22.));
#2700 = CARTESIAN_POINT('',(0.89,-11.77801521971,22.));
#2701 = CARTESIAN_POINT('',(0.89,-12.66801521971,22.));
#2702 = ORIENTED_EDGE('',*,*,#2703,.F.);
#2703 = EDGE_CURVE('',#2704,#2694,#2706,.T.);
#2704 = VERTEX_POINT('',#2705);
#2705 = CARTESIAN_POINT('',(-1.15,-12.92801521971,22.));
#2706 = ( BOUNDED_CURVE() B_SPLINE_CURVE(2,(#2707,#2708,#2709),
.UNSPECIFIED.,.F.,.F.) B_SPLINE_CURVE_WITH_KNOTS((3,3),(0.,
1.570796326795),.PIECEWISE_BEZIER_KNOTS.) CURVE() 
GEOMETRIC_REPRESENTATION_ITEM() RATIONAL_B_SPLINE_CURVE((1.,
0.707106781187,1.)) REPRESENTATION_ITEM('') );
#2707 = CARTESIAN_POINT('',(-1.15,-12.92801521971,22.));
#2708 = CARTESIAN_POINT('',(-0.89,-12.92801521971,22.));
#2709 = CARTESIAN_POINT('',(-0.89,-12.66801521971,22.));
#2710 = ORIENTED_EDGE('',*,*,#2711,.F.);
#2711 = EDGE_CURVE('',#2712,#2704,#2714,.T.);
#2712 = VERTEX_POINT('',#2713);
#2713 = CARTESIAN_POINT('',(-1.755586921884,-12.85978196086,22.));
#2714 = ( BOUNDED_CURVE() B_SPLINE_CURVE(2,(#2715,#2716,#2717),
.UNSPECIFIED.,.F.,.F.) B_SPLINE_CURVE_WITH_KNOTS((3,3),(0.,
4.695830611611E-02),.PIECEWISE_BEZIER_KNOTS.) CURVE() 
GEOMETRIC_REPRESENTATION_ITEM() RATIONAL_B_SPLINE_CURVE((1.,
0.999724377348,1.)) REPRESENTATION_ITEM('') );
#2715 = CARTESIAN_POINT('',(-1.755586921884,-12.85978196086,22.));
#2716 = CARTESIAN_POINT('',(-1.453594637733,-12.90100923098,22.));
#2717 = CARTESIAN_POINT('',(-1.15,-12.92801521971,22.));
#2718 = ORIENTED_EDGE('',*,*,#2719,.F.);
#2719 = EDGE_CURVE('',#2720,#2712,#2722,.T.);
#2720 = VERTEX_POINT('',#2721);
#2721 = CARTESIAN_POINT('',(-1.951212736223,-12.54844526087,22.));
#2722 = ( BOUNDED_CURVE() B_SPLINE_CURVE(2,(#2723,#2724,#2725),
.UNSPECIFIED.,.F.,.F.) B_SPLINE_CURVE_WITH_KNOTS((3,3),(0.,
1.570796326795),.PIECEWISE_BEZIER_KNOTS.) CURVE() 
GEOMETRIC_REPRESENTATION_ITEM() RATIONAL_B_SPLINE_CURVE((1.,
0.707106781187,1.)) REPRESENTATION_ITEM('') );
#2723 = CARTESIAN_POINT('',(-1.951212736223,-12.54844526087,22.));
#2724 = CARTESIAN_POINT('',(-2.009068179052,-12.80192651803,22.));
#2725 = CARTESIAN_POINT('',(-1.755586921884,-12.85978196086,22.));
#2726 = ORIENTED_EDGE('',*,*,#2727,.F.);
#2727 = EDGE_CURVE('',#2728,#2720,#2730,.T.);
#2728 = VERTEX_POINT('',#2729);
#2729 = CARTESIAN_POINT('',(-3.686584419907,-12.15235799842,22.));
#2730 = ( BOUNDED_CURVE() B_SPLINE_CURVE(2,(#2731,#2732,#2733,#2734,
#2735),.UNSPECIFIED.,.F.,.F.) B_SPLINE_CURVE_WITH_KNOTS((3,2,3),(0.,
1.570796326795,3.14159265359),.PIECEWISE_BEZIER_KNOTS.) CURVE() 
GEOMETRIC_REPRESENTATION_ITEM() RATIONAL_B_SPLINE_CURVE((1.,
0.707106781187,1.,0.707106781187,1.)) REPRESENTATION_ITEM('') );
#2731 = CARTESIAN_POINT('',(-3.686584419907,-12.15235799842,22.));
#2732 = CARTESIAN_POINT('',(-3.488540788685,-11.28467215658,22.));
#2733 = CARTESIAN_POINT('',(-2.620854946844,-11.4827157878,22.));
#2734 = CARTESIAN_POINT('',(-1.753169105002,-11.68075941902,22.));
#2735 = CARTESIAN_POINT('',(-1.951212736223,-12.54844526087,22.));
#2736 = ORIENTED_EDGE('',*,*,#2737,.F.);
#2737 = EDGE_CURVE('',#2738,#2728,#2740,.T.);
#2738 = VERTEX_POINT('',#2739);
#2739 = CARTESIAN_POINT('',(-3.997921119902,-12.34798381276,22.));
#2740 = ( BOUNDED_CURVE() B_SPLINE_CURVE(2,(#2741,#2742,#2743),
.UNSPECIFIED.,.F.,.F.) B_SPLINE_CURVE_WITH_KNOTS((3,3),(0.,
1.570796326795),.PIECEWISE_BEZIER_KNOTS.) CURVE() 
GEOMETRIC_REPRESENTATION_ITEM() RATIONAL_B_SPLINE_CURVE((1.,
0.707106781187,1.)) REPRESENTATION_ITEM('') );
#2741 = CARTESIAN_POINT('',(-3.997921119902,-12.34798381276,22.));
#2742 = CARTESIAN_POINT('',(-3.744439862735,-12.40583925559,22.));
#2743 = CARTESIAN_POINT('',(-3.686584419907,-12.15235799842,22.));
#2744 = ORIENTED_EDGE('',*,*,#2745,.F.);
#2745 = EDGE_CURVE('',#2746,#2738,#2748,.T.);
#2746 = VERTEX_POINT('',#2747);
#2747 = CARTESIAN_POINT('',(-4.573141384813,-12.14670553672,22.));
#2748 = ( BOUNDED_CURVE() B_SPLINE_CURVE(2,(#2749,#2750,#2751),
.UNSPECIFIED.,.F.,.F.) B_SPLINE_CURVE_WITH_KNOTS((3,3),(0.,
4.695830611611E-02),.PIECEWISE_BEZIER_KNOTS.) CURVE() 
GEOMETRIC_REPRESENTATION_ITEM() RATIONAL_B_SPLINE_CURVE((1.,
0.999724377348,1.)) REPRESENTATION_ITEM('') );
#2749 = CARTESIAN_POINT('',(-4.573141384813,-12.14670553672,22.));
#2750 = CARTESIAN_POINT('',(-4.287894608382,-12.25409875821,22.));
#2751 = CARTESIAN_POINT('',(-3.997921119902,-12.34798381276,22.));
#2752 = ORIENTED_EDGE('',*,*,#2753,.F.);
#2753 = EDGE_CURVE('',#2754,#2746,#2756,.T.);
#2754 = VERTEX_POINT('',#2755);
#2755 = CARTESIAN_POINT('',(-4.694583518297,-11.79964385889,22.));
#2756 = ( BOUNDED_CURVE() B_SPLINE_CURVE(2,(#2757,#2758,#2759),
.UNSPECIFIED.,.F.,.F.) B_SPLINE_CURVE_WITH_KNOTS((3,3),(0.,
1.570796326795),.PIECEWISE_BEZIER_KNOTS.) CURVE() 
GEOMETRIC_REPRESENTATION_ITEM() RATIONAL_B_SPLINE_CURVE((1.,
0.707106781187,1.)) REPRESENTATION_ITEM('') );
#2757 = CARTESIAN_POINT('',(-4.694583518297,-11.79964385889,22.));
#2758 = CARTESIAN_POINT('',(-4.807393290467,-12.03389576455,22.));
#2759 = CARTESIAN_POINT('',(-4.573141384813,-12.14670553672,22.));
#2760 = ORIENTED_EDGE('',*,*,#2761,.F.);
#2761 = EDGE_CURVE('',#2762,#2754,#2764,.T.);
#2762 = VERTEX_POINT('',#2763);
#2763 = CARTESIAN_POINT('',(-6.298308103163,-11.02733080326,22.));
#2764 = ( BOUNDED_CURVE() B_SPLINE_CURVE(2,(#2765,#2766,#2767,#2768,
#2769),.UNSPECIFIED.,.F.,.F.) B_SPLINE_CURVE_WITH_KNOTS((3,2,3),(0.,
1.570796326795,3.14159265359),.PIECEWISE_BEZIER_KNOTS.) CURVE() 
GEOMETRIC_REPRESENTATION_ITEM() RATIONAL_B_SPLINE_CURVE((1.,
0.707106781187,1.,0.707106781187,1.)) REPRESENTATION_ITEM('') );
#2765 = CARTESIAN_POINT('',(-6.298308103163,-11.02733080326,22.));
#2766 = CARTESIAN_POINT('',(-5.912151575348,-10.22546851083,22.));
#2767 = CARTESIAN_POINT('',(-5.110289282915,-10.61162503864,22.));
#2768 = CARTESIAN_POINT('',(-4.308426990482,-10.99778156646,22.));
#2769 = CARTESIAN_POINT('',(-4.694583518297,-11.79964385889,22.));
#2770 = ORIENTED_EDGE('',*,*,#2771,.F.);
#2771 = EDGE_CURVE('',#2772,#2762,#2774,.T.);
#2772 = VERTEX_POINT('',#2773);
#2773 = CARTESIAN_POINT('',(-6.645369780988,-11.14877293675,22.));
#2774 = ( BOUNDED_CURVE() B_SPLINE_CURVE(2,(#2775,#2776,#2777),
.UNSPECIFIED.,.F.,.F.) B_SPLINE_CURVE_WITH_KNOTS((3,3),(0.,
1.570796326795),.PIECEWISE_BEZIER_KNOTS.) CURVE() 
GEOMETRIC_REPRESENTATION_ITEM() RATIONAL_B_SPLINE_CURVE((1.,
0.707106781187,1.)) REPRESENTATION_ITEM('') );
#2775 = CARTESIAN_POINT('',(-6.645369780988,-11.14877293675,22.));
#2776 = CARTESIAN_POINT('',(-6.411117875334,-11.26158270892,22.));
#2777 = CARTESIAN_POINT('',(-6.298308103163,-11.02733080326,22.));
#2778 = ORIENTED_EDGE('',*,*,#2779,.F.);
#2779 = EDGE_CURVE('',#2780,#2772,#2782,.T.);
#2780 = VERTEX_POINT('',#2781);
#2781 = CARTESIAN_POINT('',(-7.161379442931,-10.82454257674,22.));
#2782 = ( BOUNDED_CURVE() B_SPLINE_CURVE(2,(#2783,#2784,#2785),
.UNSPECIFIED.,.F.,.F.) B_SPLINE_CURVE_WITH_KNOTS((3,3),(0.,
4.695830611611E-02),.PIECEWISE_BEZIER_KNOTS.) CURVE() 
GEOMETRIC_REPRESENTATION_ITEM() RATIONAL_B_SPLINE_CURVE((1.,
0.999724377348,1.)) REPRESENTATION_ITEM('') );
#2783 = CARTESIAN_POINT('',(-7.161379442931,-10.82454257674,22.));
#2784 = CARTESIAN_POINT('',(-6.907181638677,-10.99271660505,22.));
#2785 = CARTESIAN_POINT('',(-6.645369780988,-11.14877293675,22.));
#2786 = ORIENTED_EDGE('',*,*,#2787,.F.);
#2787 = EDGE_CURVE('',#2788,#2780,#2790,.T.);
#2788 = VERTEX_POINT('',#2789);
#2789 = CARTESIAN_POINT('',(-7.20254827989,-10.45915904281,22.));
#2790 = ( BOUNDED_CURVE() B_SPLINE_CURVE(2,(#2791,#2792,#2793),
.UNSPECIFIED.,.F.,.F.) B_SPLINE_CURVE_WITH_KNOTS((3,3),(0.,
1.570796326795),.PIECEWISE_BEZIER_KNOTS.) CURVE() 
GEOMETRIC_REPRESENTATION_ITEM() RATIONAL_B_SPLINE_CURVE((1.,
0.707106781187,1.)) REPRESENTATION_ITEM('') );
#2791 = CARTESIAN_POINT('',(-7.20254827989,-10.45915904281,22.));
#2792 = CARTESIAN_POINT('',(-7.364655628373,-10.66243522825,22.));
#2793 = CARTESIAN_POINT('',(-7.161379442931,-10.82454257674,22.));
#2794 = ORIENTED_EDGE('',*,*,#2795,.F.);
#2795 = EDGE_CURVE('',#2796,#2788,#2798,.T.);
#2796 = VERTEX_POINT('',#2797);
#2797 = CARTESIAN_POINT('',(-8.594208318683,-9.349347195506,22.));
#2798 = ( BOUNDED_CURVE() B_SPLINE_CURVE(2,(#2799,#2800,#2801,#2802,
#2803),.UNSPECIFIED.,.F.,.F.) B_SPLINE_CURVE_WITH_KNOTS((3,2,3),(0.,
1.570796326795,3.14159265359),.PIECEWISE_BEZIER_KNOTS.) CURVE() 
GEOMETRIC_REPRESENTATION_ITEM() RATIONAL_B_SPLINE_CURVE((1.,
0.707106781187,1.,0.707106781187,1.)) REPRESENTATION_ITEM('') );
#2799 = CARTESIAN_POINT('',(-8.594208318683,-9.349347195506,22.));
#2800 = CARTESIAN_POINT('',(-8.039302395028,-8.65351717611,22.));
#2801 = CARTESIAN_POINT('',(-7.343472375632,-9.208423099764,22.));
#2802 = CARTESIAN_POINT('',(-6.647642356235,-9.763329023418,22.));
#2803 = CARTESIAN_POINT('',(-7.20254827989,-10.45915904281,22.));
#2804 = ORIENTED_EDGE('',*,*,#2805,.F.);
#2805 = EDGE_CURVE('',#2806,#2796,#2808,.T.);
#2806 = VERTEX_POINT('',#2807);
#2807 = CARTESIAN_POINT('',(-8.959591852608,-9.390516032465,22.));
#2808 = ( BOUNDED_CURVE() B_SPLINE_CURVE(2,(#2809,#2810,#2811),
.UNSPECIFIED.,.F.,.F.) B_SPLINE_CURVE_WITH_KNOTS((3,3),(0.,
1.570796326795),.PIECEWISE_BEZIER_KNOTS.) CURVE() 
GEOMETRIC_REPRESENTATION_ITEM() RATIONAL_B_SPLINE_CURVE((1.,
0.707106781187,1.)) REPRESENTATION_ITEM('') );
#2809 = CARTESIAN_POINT('',(-8.959591852608,-9.390516032465,22.));
#2810 = CARTESIAN_POINT('',(-8.756315667166,-9.552623380948,22.));
#2811 = CARTESIAN_POINT('',(-8.594208318683,-9.349347195506,22.));
#2812 = ORIENTED_EDGE('',*,*,#2813,.F.);
#2813 = EDGE_CURVE('',#2814,#2806,#2816,.T.);
#2814 = VERTEX_POINT('',#2815);
#2815 = CARTESIAN_POINT('',(-9.390516032465,-8.959591852608,22.));
#2816 = ( BOUNDED_CURVE() B_SPLINE_CURVE(2,(#2817,#2818,#2819),
.UNSPECIFIED.,.F.,.F.) B_SPLINE_CURVE_WITH_KNOTS((3,3),(0.,
4.695830611611E-02),.PIECEWISE_BEZIER_KNOTS.) CURVE() 
GEOMETRIC_REPRESENTATION_ITEM() RATIONAL_B_SPLINE_CURVE((1.,
0.999724377348,1.)) REPRESENTATION_ITEM('') );
#2817 = CARTESIAN_POINT('',(-9.390516032465,-8.959591852608,22.));
#2818 = CARTESIAN_POINT('',(-9.180113739731,-9.180113739731,22.));
#2819 = CARTESIAN_POINT('',(-8.959591852608,-9.390516032465,22.));
#2820 = ORIENTED_EDGE('',*,*,#2821,.F.);
#2821 = EDGE_CURVE('',#2822,#2814,#2824,.T.);
#2822 = VERTEX_POINT('',#2823);
#2823 = CARTESIAN_POINT('',(-9.349347195506,-8.594208318683,22.));
#2824 = ( BOUNDED_CURVE() B_SPLINE_CURVE(2,(#2825,#2826,#2827),
.UNSPECIFIED.,.F.,.F.) B_SPLINE_CURVE_WITH_KNOTS((3,3),(0.,
1.570796326795),.PIECEWISE_BEZIER_KNOTS.) CURVE() 
GEOMETRIC_REPRESENTATION_ITEM() RATIONAL_B_SPLINE_CURVE((1.,
0.707106781187,1.)) REPRESENTATION_ITEM('') );
#2825 = CARTESIAN_POINT('',(-9.349347195506,-8.594208318683,22.));
#2826 = CARTESIAN_POINT('',(-9.552623380948,-8.756315667166,22.));
#2827 = CARTESIAN_POINT('',(-9.390516032465,-8.959591852608,22.));
#2828 = ORIENTED_EDGE('',*,*,#2829,.F.);
#2829 = EDGE_CURVE('',#2830,#2822,#2832,.T.);
#2830 = VERTEX_POINT('',#2831);
#2831 = CARTESIAN_POINT('',(-10.45915904281,-7.20254827989,22.));
#2832 = ( BOUNDED_CURVE() B_SPLINE_CURVE(2,(#2833,#2834,#2835,#2836,
#2837),.UNSPECIFIED.,.F.,.F.) B_SPLINE_CURVE_WITH_KNOTS((3,2,3),(0.,
1.570796326795,3.14159265359),.PIECEWISE_BEZIER_KNOTS.) CURVE() 
GEOMETRIC_REPRESENTATION_ITEM() RATIONAL_B_SPLINE_CURVE((1.,
0.707106781187,1.,0.707106781187,1.)) REPRESENTATION_ITEM('') );
#2833 = CARTESIAN_POINT('',(-10.45915904281,-7.20254827989,22.));
#2834 = CARTESIAN_POINT('',(-9.763329023418,-6.647642356235,22.));
#2835 = CARTESIAN_POINT('',(-9.208423099764,-7.343472375632,22.));
#2836 = CARTESIAN_POINT('',(-8.65351717611,-8.039302395028,22.));
#2837 = CARTESIAN_POINT('',(-9.349347195506,-8.594208318683,22.));
#2838 = ORIENTED_EDGE('',*,*,#2839,.F.);
#2839 = EDGE_CURVE('',#2840,#2830,#2842,.T.);
#2840 = VERTEX_POINT('',#2841);
#2841 = CARTESIAN_POINT('',(-10.82454257674,-7.161379442931,22.));
#2842 = ( BOUNDED_CURVE() B_SPLINE_CURVE(2,(#2843,#2844,#2845),
.UNSPECIFIED.,.F.,.F.) B_SPLINE_CURVE_WITH_KNOTS((3,3),(0.,
1.570796326795),.PIECEWISE_BEZIER_KNOTS.) CURVE() 
GEOMETRIC_REPRESENTATION_ITEM() RATIONAL_B_SPLINE_CURVE((1.,
0.707106781187,1.)) REPRESENTATION_ITEM('') );
#2843 = CARTESIAN_POINT('',(-10.82454257674,-7.161379442931,22.));
#2844 = CARTESIAN_POINT('',(-10.66243522825,-7.364655628373,22.));
#2845 = CARTESIAN_POINT('',(-10.45915904281,-7.20254827989,22.));
#2846 = ORIENTED_EDGE('',*,*,#2847,.F.);
#2847 = EDGE_CURVE('',#2848,#2840,#2850,.T.);
#2848 = VERTEX_POINT('',#2849);
#2849 = CARTESIAN_POINT('',(-11.14877293675,-6.645369780988,22.));
#2850 = ( BOUNDED_CURVE() B_SPLINE_CURVE(2,(#2851,#2852,#2853),
.UNSPECIFIED.,.F.,.F.) B_SPLINE_CURVE_WITH_KNOTS((3,3),(0.,
4.695830611611E-02),.PIECEWISE_BEZIER_KNOTS.) CURVE() 
GEOMETRIC_REPRESENTATION_ITEM() RATIONAL_B_SPLINE_CURVE((1.,
0.999724377348,1.)) REPRESENTATION_ITEM('') );
#2851 = CARTESIAN_POINT('',(-11.14877293675,-6.645369780988,22.));
#2852 = CARTESIAN_POINT('',(-10.99271660505,-6.907181638677,22.));
#2853 = CARTESIAN_POINT('',(-10.82454257674,-7.161379442931,22.));
#2854 = ORIENTED_EDGE('',*,*,#2855,.F.);
#2855 = EDGE_CURVE('',#2856,#2848,#2858,.T.);
#2856 = VERTEX_POINT('',#2857);
#2857 = CARTESIAN_POINT('',(-11.02733080326,-6.298308103163,22.));
#2858 = ( BOUNDED_CURVE() B_SPLINE_CURVE(2,(#2859,#2860,#2861),
.UNSPECIFIED.,.F.,.F.) B_SPLINE_CURVE_WITH_KNOTS((3,3),(0.,
1.570796326795),.PIECEWISE_BEZIER_KNOTS.) CURVE() 
GEOMETRIC_REPRESENTATION_ITEM() RATIONAL_B_SPLINE_CURVE((1.,
0.707106781187,1.)) REPRESENTATION_ITEM('') );
#2859 = CARTESIAN_POINT('',(-11.02733080326,-6.298308103163,22.));
#2860 = CARTESIAN_POINT('',(-11.26158270892,-6.411117875334,22.));
#2861 = CARTESIAN_POINT('',(-11.14877293675,-6.645369780988,22.));
#2862 = ORIENTED_EDGE('',*,*,#2863,.F.);
#2863 = EDGE_CURVE('',#2864,#2856,#2866,.T.);
#2864 = VERTEX_POINT('',#2865);
#2865 = CARTESIAN_POINT('',(-11.79964385889,-4.694583518297,22.));
#2866 = ( BOUNDED_CURVE() B_SPLINE_CURVE(2,(#2867,#2868,#2869,#2870,
#2871),.UNSPECIFIED.,.F.,.F.) B_SPLINE_CURVE_WITH_KNOTS((3,2,3),(0.,
1.570796326795,3.14159265359),.PIECEWISE_BEZIER_KNOTS.) CURVE() 
GEOMETRIC_REPRESENTATION_ITEM() RATIONAL_B_SPLINE_CURVE((1.,
0.707106781187,1.,0.707106781187,1.)) REPRESENTATION_ITEM('') );
#2867 = CARTESIAN_POINT('',(-11.79964385889,-4.694583518297,22.));
#2868 = CARTESIAN_POINT('',(-10.99778156646,-4.308426990482,22.));
#2869 = CARTESIAN_POINT('',(-10.61162503864,-5.110289282915,22.));
#2870 = CARTESIAN_POINT('',(-10.22546851083,-5.912151575348,22.));
#2871 = CARTESIAN_POINT('',(-11.02733080326,-6.298308103163,22.));
#2872 = ORIENTED_EDGE('',*,*,#2873,.F.);
#2873 = EDGE_CURVE('',#2874,#2864,#2876,.T.);
#2874 = VERTEX_POINT('',#2875);
#2875 = CARTESIAN_POINT('',(-12.14670553672,-4.573141384813,22.));
#2876 = ( BOUNDED_CURVE() B_SPLINE_CURVE(2,(#2877,#2878,#2879),
.UNSPECIFIED.,.F.,.F.) B_SPLINE_CURVE_WITH_KNOTS((3,3),(0.,
1.570796326795),.PIECEWISE_BEZIER_KNOTS.) CURVE() 
GEOMETRIC_REPRESENTATION_ITEM() RATIONAL_B_SPLINE_CURVE((1.,
0.707106781187,1.)) REPRESENTATION_ITEM('') );
#2877 = CARTESIAN_POINT('',(-12.14670553672,-4.573141384813,22.));
#2878 = CARTESIAN_POINT('',(-12.03389576455,-4.807393290467,22.));
#2879 = CARTESIAN_POINT('',(-11.79964385889,-4.694583518297,22.));
#2880 = ORIENTED_EDGE('',*,*,#2881,.F.);
#2881 = EDGE_CURVE('',#2882,#2874,#2884,.T.);
#2882 = VERTEX_POINT('',#2883);
#2883 = CARTESIAN_POINT('',(-12.34798381276,-3.997921119902,22.));
#2884 = ( BOUNDED_CURVE() B_SPLINE_CURVE(2,(#2885,#2886,#2887),
.UNSPECIFIED.,.F.,.F.) B_SPLINE_CURVE_WITH_KNOTS((3,3),(0.,
4.695830611611E-02),.PIECEWISE_BEZIER_KNOTS.) CURVE() 
GEOMETRIC_REPRESENTATION_ITEM() RATIONAL_B_SPLINE_CURVE((1.,
0.999724377348,1.)) REPRESENTATION_ITEM('') );
#2885 = CARTESIAN_POINT('',(-12.34798381276,-3.997921119902,22.));
#2886 = CARTESIAN_POINT('',(-12.25409875821,-4.287894608382,22.));
#2887 = CARTESIAN_POINT('',(-12.14670553672,-4.573141384813,22.));
#2888 = ORIENTED_EDGE('',*,*,#2889,.F.);
#2889 = EDGE_CURVE('',#2890,#2882,#2892,.T.);
#2890 = VERTEX_POINT('',#2891);
#2891 = CARTESIAN_POINT('',(-12.15235799842,-3.686584419907,22.));
#2892 = ( BOUNDED_CURVE() B_SPLINE_CURVE(2,(#2893,#2894,#2895),
.UNSPECIFIED.,.F.,.F.) B_SPLINE_CURVE_WITH_KNOTS((3,3),(0.,
1.570796326795),.PIECEWISE_BEZIER_KNOTS.) CURVE() 
GEOMETRIC_REPRESENTATION_ITEM() RATIONAL_B_SPLINE_CURVE((1.,
0.707106781187,1.)) REPRESENTATION_ITEM('') );
#2893 = CARTESIAN_POINT('',(-12.15235799842,-3.686584419907,22.));
#2894 = CARTESIAN_POINT('',(-12.40583925559,-3.744439862735,22.));
#2895 = CARTESIAN_POINT('',(-12.34798381276,-3.997921119902,22.));
#2896 = ORIENTED_EDGE('',*,*,#2897,.F.);
#2897 = EDGE_CURVE('',#2898,#2890,#2900,.T.);
#2898 = VERTEX_POINT('',#2899);
#2899 = CARTESIAN_POINT('',(-12.54844526087,-1.951212736223,22.));
#2900 = ( BOUNDED_CURVE() B_SPLINE_CURVE(2,(#2901,#2902,#2903,#2904,
#2905),.UNSPECIFIED.,.F.,.F.) B_SPLINE_CURVE_WITH_KNOTS((3,2,3),(0.,
1.570796326795,3.14159265359),.PIECEWISE_BEZIER_KNOTS.) CURVE() 
GEOMETRIC_REPRESENTATION_ITEM() RATIONAL_B_SPLINE_CURVE((1.,
0.707106781187,1.,0.707106781187,1.)) REPRESENTATION_ITEM('') );
#2901 = CARTESIAN_POINT('',(-12.54844526087,-1.951212736223,22.));
#2902 = CARTESIAN_POINT('',(-11.68075941902,-1.753169105002,22.));
#2903 = CARTESIAN_POINT('',(-11.4827157878,-2.620854946844,22.));
#2904 = CARTESIAN_POINT('',(-11.28467215658,-3.488540788685,22.));
#2905 = CARTESIAN_POINT('',(-12.15235799842,-3.686584419907,22.));
#2906 = ORIENTED_EDGE('',*,*,#2907,.F.);
#2907 = EDGE_CURVE('',#2908,#2898,#2910,.T.);
#2908 = VERTEX_POINT('',#2909);
#2909 = CARTESIAN_POINT('',(-12.85978196086,-1.755586921884,22.));
#2910 = ( BOUNDED_CURVE() B_SPLINE_CURVE(2,(#2911,#2912,#2913),
.UNSPECIFIED.,.F.,.F.) B_SPLINE_CURVE_WITH_KNOTS((3,3),(0.,
1.570796326795),.PIECEWISE_BEZIER_KNOTS.) CURVE() 
GEOMETRIC_REPRESENTATION_ITEM() RATIONAL_B_SPLINE_CURVE((1.,
0.707106781187,1.)) REPRESENTATION_ITEM('') );
#2911 = CARTESIAN_POINT('',(-12.85978196086,-1.755586921884,22.));
#2912 = CARTESIAN_POINT('',(-12.80192651803,-2.009068179052,22.));
#2913 = CARTESIAN_POINT('',(-12.54844526087,-1.951212736223,22.));
#2914 = ORIENTED_EDGE('',*,*,#2915,.F.);
#2915 = EDGE_CURVE('',#2916,#2908,#2918,.T.);
#2916 = VERTEX_POINT('',#2917);
#2917 = CARTESIAN_POINT('',(-12.92801521971,-1.15,22.));
#2918 = ( BOUNDED_CURVE() B_SPLINE_CURVE(2,(#2919,#2920,#2921),
.UNSPECIFIED.,.F.,.F.) B_SPLINE_CURVE_WITH_KNOTS((3,3),(0.,
4.695830611611E-02),.PIECEWISE_BEZIER_KNOTS.) CURVE() 
GEOMETRIC_REPRESENTATION_ITEM() RATIONAL_B_SPLINE_CURVE((1.,
0.999724377348,1.)) REPRESENTATION_ITEM('') );
#2919 = CARTESIAN_POINT('',(-12.92801521971,-1.15,22.));
#2920 = CARTESIAN_POINT('',(-12.90100923098,-1.453594637733,22.));
#2921 = CARTESIAN_POINT('',(-12.85978196086,-1.755586921884,22.));
#2922 = ORIENTED_EDGE('',*,*,#2923,.F.);
#2923 = EDGE_CURVE('',#2924,#2916,#2926,.T.);
#2924 = VERTEX_POINT('',#2925);
#2925 = CARTESIAN_POINT('',(-12.66801521971,-0.89,22.));
#2926 = ( BOUNDED_CURVE() B_SPLINE_CURVE(2,(#2927,#2928,#2929),
.UNSPECIFIED.,.F.,.F.) B_SPLINE_CURVE_WITH_KNOTS((3,3),(0.,
1.570796326795),.PIECEWISE_BEZIER_KNOTS.) CURVE() 
GEOMETRIC_REPRESENTATION_ITEM() RATIONAL_B_SPLINE_CURVE((1.,
0.707106781187,1.)) REPRESENTATION_ITEM('') );
#2927 = CARTESIAN_POINT('',(-12.66801521971,-0.89,22.));
#2928 = CARTESIAN_POINT('',(-12.92801521971,-0.89,22.));
#2929 = CARTESIAN_POINT('',(-12.92801521971,-1.15,22.));
#2930 = ORIENTED_EDGE('',*,*,#2931,.F.);
#2931 = EDGE_CURVE('',#2932,#2924,#2934,.T.);
#2932 = VERTEX_POINT('',#2933);
#2933 = CARTESIAN_POINT('',(-12.66801521971,0.89,22.));
#2934 = ( BOUNDED_CURVE() B_SPLINE_CURVE(2,(#2935,#2936,#2937,#2938,
#2939),.UNSPECIFIED.,.F.,.F.) B_SPLINE_CURVE_WITH_KNOTS((3,2,3),(0.,
1.570796326795,3.14159265359),.PIECEWISE_BEZIER_KNOTS.) CURVE() 
GEOMETRIC_REPRESENTATION_ITEM() RATIONAL_B_SPLINE_CURVE((1.,
0.707106781187,1.,0.707106781187,1.)) REPRESENTATION_ITEM('') );
#2935 = CARTESIAN_POINT('',(-12.66801521971,0.89,22.));
#2936 = CARTESIAN_POINT('',(-11.77801521971,0.89,22.));
#2937 = CARTESIAN_POINT('',(-11.77801521971,1.78E-15,22.));
#2938 = CARTESIAN_POINT('',(-11.77801521971,-0.89,22.));
#2939 = CARTESIAN_POINT('',(-12.66801521971,-0.89,22.));
#2940 = ORIENTED_EDGE('',*,*,#2941,.F.);
#2941 = EDGE_CURVE('',#2942,#2932,#2944,.T.);
#2942 = VERTEX_POINT('',#2943);
#2943 = CARTESIAN_POINT('',(-12.92801521971,1.15,22.));
#2944 = ( BOUNDED_CURVE() B_SPLINE_CURVE(2,(#2945,#2946,#2947),
.UNSPECIFIED.,.F.,.F.) B_SPLINE_CURVE_WITH_KNOTS((3,3),(0.,
1.570796326795),.PIECEWISE_BEZIER_KNOTS.) CURVE() 
GEOMETRIC_REPRESENTATION_ITEM() RATIONAL_B_SPLINE_CURVE((1.,
0.707106781187,1.)) REPRESENTATION_ITEM('') );
#2945 = CARTESIAN_POINT('',(-12.92801521971,1.15,22.));
#2946 = CARTESIAN_POINT('',(-12.92801521971,0.89,22.));
#2947 = CARTESIAN_POINT('',(-12.66801521971,0.89,22.));
#2948 = ORIENTED_EDGE('',*,*,#2949,.F.);
#2949 = EDGE_CURVE('',#2950,#2942,#2952,.T.);
#2950 = VERTEX_POINT('',#2951);
#2951 = CARTESIAN_POINT('',(-12.85978196086,1.755586921884,22.));
#2952 = ( BOUNDED_CURVE() B_SPLINE_CURVE(2,(#2953,#2954,#2955),
.UNSPECIFIED.,.F.,.F.) B_SPLINE_CURVE_WITH_KNOTS((3,3),(0.,
4.695830611611E-02),.PIECEWISE_BEZIER_KNOTS.) CURVE() 
GEOMETRIC_REPRESENTATION_ITEM() RATIONAL_B_SPLINE_CURVE((1.,
0.999724377348,1.)) REPRESENTATION_ITEM('') );
#2953 = CARTESIAN_POINT('',(-12.85978196086,1.755586921884,22.));
#2954 = CARTESIAN_POINT('',(-12.90100923098,1.453594637733,22.));
#2955 = CARTESIAN_POINT('',(-12.92801521971,1.15,22.));
#2956 = ORIENTED_EDGE('',*,*,#2957,.F.);
#2957 = EDGE_CURVE('',#2958,#2950,#2960,.T.);
#2958 = VERTEX_POINT('',#2959);
#2959 = CARTESIAN_POINT('',(-12.54844526087,1.951212736223,22.));
#2960 = ( BOUNDED_CURVE() B_SPLINE_CURVE(2,(#2961,#2962,#2963),
.UNSPECIFIED.,.F.,.F.) B_SPLINE_CURVE_WITH_KNOTS((3,3),(0.,
1.570796326795),.PIECEWISE_BEZIER_KNOTS.) CURVE() 
GEOMETRIC_REPRESENTATION_ITEM() RATIONAL_B_SPLINE_CURVE((1.,
0.707106781187,1.)) REPRESENTATION_ITEM('') );
#2961 = CARTESIAN_POINT('',(-12.54844526087,1.951212736223,22.));
#2962 = CARTESIAN_POINT('',(-12.80192651803,2.009068179052,22.));
#2963 = CARTESIAN_POINT('',(-12.85978196086,1.755586921884,22.));
#2964 = ORIENTED_EDGE('',*,*,#2965,.F.);
#2965 = EDGE_CURVE('',#2966,#2958,#2968,.T.);
#2966 = VERTEX_POINT('',#2967);
#2967 = CARTESIAN_POINT('',(-12.15235799842,3.686584419907,22.));
#2968 = ( BOUNDED_CURVE() B_SPLINE_CURVE(2,(#2969,#2970,#2971,#2972,
#2973),.UNSPECIFIED.,.F.,.F.) B_SPLINE_CURVE_WITH_KNOTS((3,2,3),(0.,
1.570796326795,3.14159265359),.PIECEWISE_BEZIER_KNOTS.) CURVE() 
GEOMETRIC_REPRESENTATION_ITEM() RATIONAL_B_SPLINE_CURVE((1.,
0.707106781187,1.,0.707106781187,1.)) REPRESENTATION_ITEM('') );
#2969 = CARTESIAN_POINT('',(-12.15235799842,3.686584419907,22.));
#2970 = CARTESIAN_POINT('',(-11.28467215658,3.488540788685,22.));
#2971 = CARTESIAN_POINT('',(-11.4827157878,2.620854946844,22.));
#2972 = CARTESIAN_POINT('',(-11.68075941902,1.753169105002,22.));
#2973 = CARTESIAN_POINT('',(-12.54844526087,1.951212736223,22.));
#2974 = ORIENTED_EDGE('',*,*,#2975,.F.);
#2975 = EDGE_CURVE('',#2976,#2966,#2978,.T.);
#2976 = VERTEX_POINT('',#2977);
#2977 = CARTESIAN_POINT('',(-12.34798381276,3.997921119902,22.));
#2978 = ( BOUNDED_CURVE() B_SPLINE_CURVE(2,(#2979,#2980,#2981),
.UNSPECIFIED.,.F.,.F.) B_SPLINE_CURVE_WITH_KNOTS((3,3),(0.,
1.570796326795),.PIECEWISE_BEZIER_KNOTS.) CURVE() 
GEOMETRIC_REPRESENTATION_ITEM() RATIONAL_B_SPLINE_CURVE((1.,
0.707106781187,1.)) REPRESENTATION_ITEM('') );
#2979 = CARTESIAN_POINT('',(-12.34798381276,3.997921119902,22.));
#2980 = CARTESIAN_POINT('',(-12.40583925559,3.744439862735,22.));
#2981 = CARTESIAN_POINT('',(-12.15235799842,3.686584419907,22.));
#2982 = ORIENTED_EDGE('',*,*,#2983,.F.);
#2983 = EDGE_CURVE('',#2984,#2976,#2986,.T.);
#2984 = VERTEX_POINT('',#2985);
#2985 = CARTESIAN_POINT('',(-12.14670553672,4.573141384813,22.));
#2986 = ( BOUNDED_CURVE() B_SPLINE_CURVE(2,(#2987,#2988,#2989),
.UNSPECIFIED.,.F.,.F.) B_SPLINE_CURVE_WITH_KNOTS((3,3),(0.,
4.695830611611E-02),.PIECEWISE_BEZIER_KNOTS.) CURVE() 
GEOMETRIC_REPRESENTATION_ITEM() RATIONAL_B_SPLINE_CURVE((1.,
0.999724377348,1.)) REPRESENTATION_ITEM('') );
#2987 = CARTESIAN_POINT('',(-12.14670553672,4.573141384813,22.));
#2988 = CARTESIAN_POINT('',(-12.25409875821,4.287894608382,22.));
#2989 = CARTESIAN_POINT('',(-12.34798381276,3.997921119902,22.));
#2990 = ORIENTED_EDGE('',*,*,#2991,.F.);
#2991 = EDGE_CURVE('',#2992,#2984,#2994,.T.);
#2992 = VERTEX_POINT('',#2993);
#2993 = CARTESIAN_POINT('',(-11.79964385889,4.694583518297,22.));
#2994 = ( BOUNDED_CURVE() B_SPLINE_CURVE(2,(#2995,#2996,#2997),
.UNSPECIFIED.,.F.,.F.) B_SPLINE_CURVE_WITH_KNOTS((3,3),(0.,
1.570796326795),.PIECEWISE_BEZIER_KNOTS.) CURVE() 
GEOMETRIC_REPRESENTATION_ITEM() RATIONAL_B_SPLINE_CURVE((1.,
0.707106781187,1.)) REPRESENTATION_ITEM('') );
#2995 = CARTESIAN_POINT('',(-11.79964385889,4.694583518297,22.));
#2996 = CARTESIAN_POINT('',(-12.03389576455,4.807393290467,22.));
#2997 = CARTESIAN_POINT('',(-12.14670553672,4.573141384813,22.));
#2998 = ORIENTED_EDGE('',*,*,#2999,.F.);
#2999 = EDGE_CURVE('',#3000,#2992,#3002,.T.);
#3000 = VERTEX_POINT('',#3001);
#3001 = CARTESIAN_POINT('',(-11.02733080326,6.298308103163,22.));
#3002 = ( BOUNDED_CURVE() B_SPLINE_CURVE(2,(#3003,#3004,#3005,#3006,
#3007),.UNSPECIFIED.,.F.,.F.) B_SPLINE_CURVE_WITH_KNOTS((3,2,3),(0.,
1.570796326795,3.14159265359),.PIECEWISE_BEZIER_KNOTS.) CURVE() 
GEOMETRIC_REPRESENTATION_ITEM() RATIONAL_B_SPLINE_CURVE((1.,
0.707106781187,1.,0.707106781187,1.)) REPRESENTATION_ITEM('') );
#3003 = CARTESIAN_POINT('',(-11.02733080326,6.298308103163,22.));
#3004 = CARTESIAN_POINT('',(-10.22546851083,5.912151575348,22.));
#3005 = CARTESIAN_POINT('',(-10.61162503864,5.110289282915,22.));
#3006 = CARTESIAN_POINT('',(-10.99778156646,4.308426990482,22.));
#3007 = CARTESIAN_POINT('',(-11.79964385889,4.694583518297,22.));
#3008 = ORIENTED_EDGE('',*,*,#3009,.F.);
#3009 = EDGE_CURVE('',#3010,#3000,#3012,.T.);
#3010 = VERTEX_POINT('',#3011);
#3011 = CARTESIAN_POINT('',(-11.14877293675,6.645369780988,22.));
#3012 = ( BOUNDED_CURVE() B_SPLINE_CURVE(2,(#3013,#3014,#3015),
.UNSPECIFIED.,.F.,.F.) B_SPLINE_CURVE_WITH_KNOTS((3,3),(0.,
1.570796326795),.PIECEWISE_BEZIER_KNOTS.) CURVE() 
GEOMETRIC_REPRESENTATION_ITEM() RATIONAL_B_SPLINE_CURVE((1.,
0.707106781187,1.)) REPRESENTATION_ITEM('') );
#3013 = CARTESIAN_POINT('',(-11.14877293675,6.645369780988,22.));
#3014 = CARTESIAN_POINT('',(-11.26158270892,6.411117875334,22.));
#3015 = CARTESIAN_POINT('',(-11.02733080326,6.298308103163,22.));
#3016 = ORIENTED_EDGE('',*,*,#3017,.F.);
#3017 = EDGE_CURVE('',#3018,#3010,#3020,.T.);
#3018 = VERTEX_POINT('',#3019);
#3019 = CARTESIAN_POINT('',(-10.82454257674,7.161379442931,22.));
#3020 = ( BOUNDED_CURVE() B_SPLINE_CURVE(2,(#3021,#3022,#3023),
.UNSPECIFIED.,.F.,.F.) B_SPLINE_CURVE_WITH_KNOTS((3,3),(0.,
4.695830611611E-02),.PIECEWISE_BEZIER_KNOTS.) CURVE() 
GEOMETRIC_REPRESENTATION_ITEM() RATIONAL_B_SPLINE_CURVE((1.,
0.999724377348,1.)) REPRESENTATION_ITEM('') );
#3021 = CARTESIAN_POINT('',(-10.82454257674,7.161379442931,22.));
#3022 = CARTESIAN_POINT('',(-10.99271660505,6.907181638677,22.));
#3023 = CARTESIAN_POINT('',(-11.14877293675,6.645369780988,22.));
#3024 = ORIENTED_EDGE('',*,*,#3025,.F.);
#3025 = EDGE_CURVE('',#3026,#3018,#3028,.T.);
#3026 = VERTEX_POINT('',#3027);
#3027 = CARTESIAN_POINT('',(-10.45915904281,7.20254827989,22.));
#3028 = ( BOUNDED_CURVE() B_SPLINE_CURVE(2,(#3029,#3030,#3031),
.UNSPECIFIED.,.F.,.F.) B_SPLINE_CURVE_WITH_KNOTS((3,3),(0.,
1.570796326795),.PIECEWISE_BEZIER_KNOTS.) CURVE() 
GEOMETRIC_REPRESENTATION_ITEM() RATIONAL_B_SPLINE_CURVE((1.,
0.707106781187,1.)) REPRESENTATION_ITEM('') );
#3029 = CARTESIAN_POINT('',(-10.45915904281,7.20254827989,22.));
#3030 = CARTESIAN_POINT('',(-10.66243522825,7.364655628373,22.));
#3031 = CARTESIAN_POINT('',(-10.82454257674,7.161379442931,22.));
#3032 = ORIENTED_EDGE('',*,*,#3033,.F.);
#3033 = EDGE_CURVE('',#3034,#3026,#3036,.T.);
#3034 = VERTEX_POINT('',#3035);
#3035 = CARTESIAN_POINT('',(-9.349347195506,8.594208318683,22.));
#3036 = ( BOUNDED_CURVE() B_SPLINE_CURVE(2,(#3037,#3038,#3039,#3040,
#3041),.UNSPECIFIED.,.F.,.F.) B_SPLINE_CURVE_WITH_KNOTS((3,2,3),(0.,
1.570796326795,3.14159265359),.PIECEWISE_BEZIER_KNOTS.) CURVE() 
GEOMETRIC_REPRESENTATION_ITEM() RATIONAL_B_SPLINE_CURVE((1.,
0.707106781187,1.,0.707106781187,1.)) REPRESENTATION_ITEM('') );
#3037 = CARTESIAN_POINT('',(-9.349347195506,8.594208318683,22.));
#3038 = CARTESIAN_POINT('',(-8.65351717611,8.039302395028,22.));
#3039 = CARTESIAN_POINT('',(-9.208423099764,7.343472375632,22.));
#3040 = CARTESIAN_POINT('',(-9.763329023418,6.647642356235,22.));
#3041 = CARTESIAN_POINT('',(-10.45915904281,7.20254827989,22.));
#3042 = ORIENTED_EDGE('',*,*,#3043,.F.);
#3043 = EDGE_CURVE('',#3044,#3034,#3046,.T.);
#3044 = VERTEX_POINT('',#3045);
#3045 = CARTESIAN_POINT('',(-9.390516032465,8.959591852608,22.));
#3046 = ( BOUNDED_CURVE() B_SPLINE_CURVE(2,(#3047,#3048,#3049),
.UNSPECIFIED.,.F.,.F.) B_SPLINE_CURVE_WITH_KNOTS((3,3),(0.,
1.570796326795),.PIECEWISE_BEZIER_KNOTS.) CURVE() 
GEOMETRIC_REPRESENTATION_ITEM() RATIONAL_B_SPLINE_CURVE((1.,
0.707106781187,1.)) REPRESENTATION_ITEM('') );
#3047 = CARTESIAN_POINT('',(-9.390516032465,8.959591852608,22.));
#3048 = CARTESIAN_POINT('',(-9.552623380948,8.756315667166,22.));
#3049 = CARTESIAN_POINT('',(-9.349347195506,8.594208318683,22.));
#3050 = ORIENTED_EDGE('',*,*,#3051,.F.);
#3051 = EDGE_CURVE('',#3052,#3044,#3054,.T.);
#3052 = VERTEX_POINT('',#3053);
#3053 = CARTESIAN_POINT('',(-8.959591852608,9.390516032465,22.));
#3054 = ( BOUNDED_CURVE() B_SPLINE_CURVE(2,(#3055,#3056,#3057),
.UNSPECIFIED.,.F.,.F.) B_SPLINE_CURVE_WITH_KNOTS((3,3),(0.,
4.695830611611E-02),.PIECEWISE_BEZIER_KNOTS.) CURVE() 
GEOMETRIC_REPRESENTATION_ITEM() RATIONAL_B_SPLINE_CURVE((1.,
0.999724377348,1.)) REPRESENTATION_ITEM('') );
#3055 = CARTESIAN_POINT('',(-8.959591852608,9.390516032465,22.));
#3056 = CARTESIAN_POINT('',(-9.180113739731,9.180113739731,22.));
#3057 = CARTESIAN_POINT('',(-9.390516032465,8.959591852608,22.));
#3058 = ORIENTED_EDGE('',*,*,#3059,.F.);
#3059 = EDGE_CURVE('',#3060,#3052,#3062,.T.);
#3060 = VERTEX_POINT('',#3061);
#3061 = CARTESIAN_POINT('',(-8.594208318683,9.349347195506,22.));
#3062 = ( BOUNDED_CURVE() B_SPLINE_CURVE(2,(#3063,#3064,#3065),
.UNSPECIFIED.,.F.,.F.) B_SPLINE_CURVE_WITH_KNOTS((3,3),(0.,
1.570796326795),.PIECEWISE_BEZIER_KNOTS.) CURVE() 
GEOMETRIC_REPRESENTATION_ITEM() RATIONAL_B_SPLINE_CURVE((1.,
0.707106781187,1.)) REPRESENTATION_ITEM('') );
#3063 = CARTESIAN_POINT('',(-8.594208318683,9.349347195506,22.));
#3064 = CARTESIAN_POINT('',(-8.756315667166,9.552623380948,22.));
#3065 = CARTESIAN_POINT('',(-8.959591852608,9.390516032465,22.));
#3066 = ORIENTED_EDGE('',*,*,#3067,.F.);
#3067 = EDGE_CURVE('',#3068,#3060,#3070,.T.);
#3068 = VERTEX_POINT('',#3069);
#3069 = CARTESIAN_POINT('',(-7.20254827989,10.459159042815,22.));
#3070 = ( BOUNDED_CURVE() B_SPLINE_CURVE(2,(#3071,#3072,#3073,#3074,
#3075),.UNSPECIFIED.,.F.,.F.) B_SPLINE_CURVE_WITH_KNOTS((3,2,3),(0.,
1.570796326795,3.14159265359),.PIECEWISE_BEZIER_KNOTS.) CURVE() 
GEOMETRIC_REPRESENTATION_ITEM() RATIONAL_B_SPLINE_CURVE((1.,
0.707106781187,1.,0.707106781187,1.)) REPRESENTATION_ITEM('') );
#3071 = CARTESIAN_POINT('',(-7.20254827989,10.459159042815,22.));
#3072 = CARTESIAN_POINT('',(-6.647642356235,9.763329023418,22.));
#3073 = CARTESIAN_POINT('',(-7.343472375632,9.208423099764,22.));
#3074 = CARTESIAN_POINT('',(-8.039302395028,8.65351717611,22.));
#3075 = CARTESIAN_POINT('',(-8.594208318683,9.349347195506,22.));
#3076 = ORIENTED_EDGE('',*,*,#3077,.F.);
#3077 = EDGE_CURVE('',#3078,#3068,#3080,.T.);
#3078 = VERTEX_POINT('',#3079);
#3079 = CARTESIAN_POINT('',(-7.161379442931,10.82454257674,22.));
#3080 = ( BOUNDED_CURVE() B_SPLINE_CURVE(2,(#3081,#3082,#3083),
.UNSPECIFIED.,.F.,.F.) B_SPLINE_CURVE_WITH_KNOTS((3,3),(0.,
1.570796326795),.PIECEWISE_BEZIER_KNOTS.) CURVE() 
GEOMETRIC_REPRESENTATION_ITEM() RATIONAL_B_SPLINE_CURVE((1.,
0.707106781187,1.)) REPRESENTATION_ITEM('') );
#3081 = CARTESIAN_POINT('',(-7.161379442931,10.82454257674,22.));
#3082 = CARTESIAN_POINT('',(-7.364655628373,10.662435228257,22.));
#3083 = CARTESIAN_POINT('',(-7.20254827989,10.459159042815,22.));
#3084 = ORIENTED_EDGE('',*,*,#3085,.F.);
#3085 = EDGE_CURVE('',#3086,#3078,#3088,.T.);
#3086 = VERTEX_POINT('',#3087);
#3087 = CARTESIAN_POINT('',(-6.645369780988,11.14877293675,22.));
#3088 = ( BOUNDED_CURVE() B_SPLINE_CURVE(2,(#3089,#3090,#3091),
.UNSPECIFIED.,.F.,.F.) B_SPLINE_CURVE_WITH_KNOTS((3,3),(0.,
4.695830611611E-02),.PIECEWISE_BEZIER_KNOTS.) CURVE() 
GEOMETRIC_REPRESENTATION_ITEM() RATIONAL_B_SPLINE_CURVE((1.,
0.999724377348,1.)) REPRESENTATION_ITEM('') );
#3089 = CARTESIAN_POINT('',(-6.645369780988,11.14877293675,22.));
#3090 = CARTESIAN_POINT('',(-6.907181638677,10.992716605057,22.));
#3091 = CARTESIAN_POINT('',(-7.161379442931,10.82454257674,22.));
#3092 = ORIENTED_EDGE('',*,*,#3093,.F.);
#3093 = EDGE_CURVE('',#3094,#3086,#3096,.T.);
#3094 = VERTEX_POINT('',#3095);
#3095 = CARTESIAN_POINT('',(-6.298308103163,11.027330803266,22.));
#3096 = ( BOUNDED_CURVE() B_SPLINE_CURVE(2,(#3097,#3098,#3099),
.UNSPECIFIED.,.F.,.F.) B_SPLINE_CURVE_WITH_KNOTS((3,3),(0.,
1.570796326795),.PIECEWISE_BEZIER_KNOTS.) CURVE() 
GEOMETRIC_REPRESENTATION_ITEM() RATIONAL_B_SPLINE_CURVE((1.,
0.707106781187,1.)) REPRESENTATION_ITEM('') );
#3097 = CARTESIAN_POINT('',(-6.298308103163,11.027330803266,22.));
#3098 = CARTESIAN_POINT('',(-6.411117875334,11.261582708921,22.));
#3099 = CARTESIAN_POINT('',(-6.645369780988,11.14877293675,22.));
#3100 = ORIENTED_EDGE('',*,*,#3101,.F.);
#3101 = EDGE_CURVE('',#3102,#3094,#3104,.T.);
#3102 = VERTEX_POINT('',#3103);
#3103 = CARTESIAN_POINT('',(-4.694583518297,11.799643858896,22.));
#3104 = ( BOUNDED_CURVE() B_SPLINE_CURVE(2,(#3105,#3106,#3107,#3108,
#3109),.UNSPECIFIED.,.F.,.F.) B_SPLINE_CURVE_WITH_KNOTS((3,2,3),(0.,
1.570796326795,3.14159265359),.PIECEWISE_BEZIER_KNOTS.) CURVE() 
GEOMETRIC_REPRESENTATION_ITEM() RATIONAL_B_SPLINE_CURVE((1.,
0.707106781187,1.,0.707106781187,1.)) REPRESENTATION_ITEM('') );
#3105 = CARTESIAN_POINT('',(-4.694583518297,11.799643858896,22.));
#3106 = CARTESIAN_POINT('',(-4.308426990482,10.997781566463,22.));
#3107 = CARTESIAN_POINT('',(-5.110289282915,10.611625038648,22.));
#3108 = CARTESIAN_POINT('',(-5.912151575348,10.225468510833,22.));
#3109 = CARTESIAN_POINT('',(-6.298308103163,11.027330803266,22.));
#3110 = ORIENTED_EDGE('',*,*,#3111,.F.);
#3111 = EDGE_CURVE('',#3112,#3102,#3114,.T.);
#3112 = VERTEX_POINT('',#3113);
#3113 = CARTESIAN_POINT('',(-4.573141384813,12.146705536721,22.));
#3114 = ( BOUNDED_CURVE() B_SPLINE_CURVE(2,(#3115,#3116,#3117),
.UNSPECIFIED.,.F.,.F.) B_SPLINE_CURVE_WITH_KNOTS((3,3),(0.,
1.570796326795),.PIECEWISE_BEZIER_KNOTS.) CURVE() 
GEOMETRIC_REPRESENTATION_ITEM() RATIONAL_B_SPLINE_CURVE((1.,
0.707106781187,1.)) REPRESENTATION_ITEM('') );
#3115 = CARTESIAN_POINT('',(-4.573141384813,12.146705536721,22.));
#3116 = CARTESIAN_POINT('',(-4.807393290467,12.03389576455,22.));
#3117 = CARTESIAN_POINT('',(-4.694583518297,11.799643858896,22.));
#3118 = ORIENTED_EDGE('',*,*,#3119,.F.);
#3119 = EDGE_CURVE('',#3120,#3112,#3122,.T.);
#3120 = VERTEX_POINT('',#3121);
#3121 = CARTESIAN_POINT('',(-3.997921119902,12.347983812766,22.));
#3122 = ( BOUNDED_CURVE() B_SPLINE_CURVE(2,(#3123,#3124,#3125),
.UNSPECIFIED.,.F.,.F.) B_SPLINE_CURVE_WITH_KNOTS((3,3),(0.,
4.695830611611E-02),.PIECEWISE_BEZIER_KNOTS.) CURVE() 
GEOMETRIC_REPRESENTATION_ITEM() RATIONAL_B_SPLINE_CURVE((1.,
0.999724377348,1.)) REPRESENTATION_ITEM('') );
#3123 = CARTESIAN_POINT('',(-3.997921119902,12.347983812766,22.));
#3124 = CARTESIAN_POINT('',(-4.287894608382,12.254098758219,22.));
#3125 = CARTESIAN_POINT('',(-4.573141384813,12.146705536721,22.));
#3126 = ORIENTED_EDGE('',*,*,#3127,.F.);
#3127 = EDGE_CURVE('',#3128,#3120,#3130,.T.);
#3128 = VERTEX_POINT('',#3129);
#3129 = CARTESIAN_POINT('',(-3.686584419907,12.152357998427,22.));
#3130 = ( BOUNDED_CURVE() B_SPLINE_CURVE(2,(#3131,#3132,#3133),
.UNSPECIFIED.,.F.,.F.) B_SPLINE_CURVE_WITH_KNOTS((3,3),(0.,
1.570796326795),.PIECEWISE_BEZIER_KNOTS.) CURVE() 
GEOMETRIC_REPRESENTATION_ITEM() RATIONAL_B_SPLINE_CURVE((1.,
0.707106781187,1.)) REPRESENTATION_ITEM('') );
#3131 = CARTESIAN_POINT('',(-3.686584419907,12.152357998427,22.));
#3132 = CARTESIAN_POINT('',(-3.744439862735,12.405839255595,22.));
#3133 = CARTESIAN_POINT('',(-3.997921119902,12.347983812766,22.));
#3134 = ORIENTED_EDGE('',*,*,#3135,.F.);
#3135 = EDGE_CURVE('',#3136,#3128,#3138,.T.);
#3136 = VERTEX_POINT('',#3137);
#3137 = CARTESIAN_POINT('',(-1.951212736223,12.54844526087,22.));
#3138 = ( BOUNDED_CURVE() B_SPLINE_CURVE(2,(#3139,#3140,#3141,#3142,
#3143),.UNSPECIFIED.,.F.,.F.) B_SPLINE_CURVE_WITH_KNOTS((3,2,3),(0.,
1.570796326795,3.14159265359),.PIECEWISE_BEZIER_KNOTS.) CURVE() 
GEOMETRIC_REPRESENTATION_ITEM() RATIONAL_B_SPLINE_CURVE((1.,
0.707106781187,1.,0.707106781187,1.)) REPRESENTATION_ITEM('') );
#3139 = CARTESIAN_POINT('',(-1.951212736223,12.54844526087,22.));
#3140 = CARTESIAN_POINT('',(-1.753169105002,11.680759419028,22.));
#3141 = CARTESIAN_POINT('',(-2.620854946844,11.482715787807,22.));
#3142 = CARTESIAN_POINT('',(-3.488540788685,11.284672156585,22.));
#3143 = CARTESIAN_POINT('',(-3.686584419907,12.152357998427,22.));
#3144 = ORIENTED_EDGE('',*,*,#3145,.F.);
#3145 = EDGE_CURVE('',#3146,#3136,#3148,.T.);
#3146 = VERTEX_POINT('',#3147);
#3147 = CARTESIAN_POINT('',(-1.755586921884,12.859781960865,22.));
#3148 = ( BOUNDED_CURVE() B_SPLINE_CURVE(2,(#3149,#3150,#3151),
.UNSPECIFIED.,.F.,.F.) B_SPLINE_CURVE_WITH_KNOTS((3,3),(0.,
1.570796326795),.PIECEWISE_BEZIER_KNOTS.) CURVE() 
GEOMETRIC_REPRESENTATION_ITEM() RATIONAL_B_SPLINE_CURVE((1.,
0.707106781187,1.)) REPRESENTATION_ITEM('') );
#3149 = CARTESIAN_POINT('',(-1.755586921884,12.859781960865,22.));
#3150 = CARTESIAN_POINT('',(-2.009068179052,12.801926518037,22.));
#3151 = CARTESIAN_POINT('',(-1.951212736223,12.54844526087,22.));
#3152 = ORIENTED_EDGE('',*,*,#3153,.F.);
#3153 = EDGE_CURVE('',#3154,#3146,#3156,.T.);
#3154 = VERTEX_POINT('',#3155);
#3155 = CARTESIAN_POINT('',(-1.15,12.928015219719,22.));
#3156 = CIRCLE('',#3157,12.979063044822);
#3157 = AXIS2_PLACEMENT_3D('',#3158,#3159,#3160);
#3158 = CARTESIAN_POINT('',(7.8593E-13,-6.99973E-12,22.));
#3159 = DIRECTION('',(0.,0.,1.));
#3160 = DIRECTION('',(-8.860423869037E-02,0.996066909844,0.));
#3161 = ORIENTED_EDGE('',*,*,#3162,.F.);
#3162 = EDGE_CURVE('',#3163,#3154,#3165,.T.);
#3163 = VERTEX_POINT('',#3164);
#3164 = CARTESIAN_POINT('',(-0.89,12.668015219719,22.));
#3165 = CIRCLE('',#3166,0.26);
#3166 = AXIS2_PLACEMENT_3D('',#3167,#3168,#3169);
#3167 = CARTESIAN_POINT('',(-1.15,12.668015219719,22.));
#3168 = DIRECTION('',(0.,0.,1.));
#3169 = DIRECTION('',(1.,0.,0.));
#3170 = ORIENTED_EDGE('',*,*,#3171,.F.);
#3171 = EDGE_CURVE('',#2175,#3163,#3172,.T.);
#3172 = CIRCLE('',#3173,0.89);
#3173 = AXIS2_PLACEMENT_3D('',#3174,#3175,#3176);
#3174 = CARTESIAN_POINT('',(0.,12.668015219719,22.));
#3175 = DIRECTION('',(0.,0.,-1.));
#3176 = DIRECTION('',(1.,0.,0.));
#3177 = PLANE('',#3178);
#3178 = AXIS2_PLACEMENT_3D('',#3179,#3180,#3181);
#3179 = CARTESIAN_POINT('',(-7.3E-16,1.2E-16,22.));
#3180 = DIRECTION('',(0.,0.,1.));
#3181 = DIRECTION('',(1.,0.,0.));
#3182 = ADVANCED_FACE('',(#3183),#3194,.F.);
#3183 = FACE_BOUND('',#3184,.F.);
#3184 = EDGE_LOOP('',(#3185,#3186,#3187,#3193));
#3185 = ORIENTED_EDGE('',*,*,#2183,.T.);
#3186 = ORIENTED_EDGE('',*,*,#3171,.T.);
#3187 = ORIENTED_EDGE('',*,*,#3188,.F.);
#3188 = EDGE_CURVE('',#2143,#3163,#3189,.T.);
#3189 = LINE('',#3190,#3191);
#3190 = CARTESIAN_POINT('',(-0.89,12.668015219719,15.));
#3191 = VECTOR('',#3192,1.);
#3192 = DIRECTION('',(0.,0.,1.));
#3193 = ORIENTED_EDGE('',*,*,#2151,.F.);
#3194 = CYLINDRICAL_SURFACE('',#3195,0.89);
#3195 = AXIS2_PLACEMENT_3D('',#3196,#3197,#3198);
#3196 = CARTESIAN_POINT('',(0.,12.668015219719,15.));
#3197 = DIRECTION('',(0.,0.,-1.));
#3198 = DIRECTION('',(1.,0.,0.));
#3199 = ADVANCED_FACE('',(#3200),#3211,.T.);
#3200 = FACE_BOUND('',#3201,.F.);
#3201 = EDGE_LOOP('',(#3202,#3203,#3204,#3210));
#3202 = ORIENTED_EDGE('',*,*,#3188,.T.);
#3203 = ORIENTED_EDGE('',*,*,#3162,.T.);
#3204 = ORIENTED_EDGE('',*,*,#3205,.F.);
#3205 = EDGE_CURVE('',#2134,#3154,#3206,.T.);
#3206 = LINE('',#3207,#3208);
#3207 = CARTESIAN_POINT('',(-1.15,12.928015219719,15.));
#3208 = VECTOR('',#3209,1.);
#3209 = DIRECTION('',(0.,0.,1.));
#3210 = ORIENTED_EDGE('',*,*,#2142,.F.);
#3211 = CYLINDRICAL_SURFACE('',#3212,0.26);
#3212 = AXIS2_PLACEMENT_3D('',#3213,#3214,#3215);
#3213 = CARTESIAN_POINT('',(-1.15,12.668015219719,15.));
#3214 = DIRECTION('',(-0.,-0.,-1.));
#3215 = DIRECTION('',(1.,0.,0.));
#3216 = ADVANCED_FACE('',(#3217),#3228,.T.);
#3217 = FACE_BOUND('',#3218,.F.);
#3218 = EDGE_LOOP('',(#3219,#3220,#3221,#3227));
#3219 = ORIENTED_EDGE('',*,*,#3205,.T.);
#3220 = ORIENTED_EDGE('',*,*,#3153,.T.);
#3221 = ORIENTED_EDGE('',*,*,#3222,.F.);
#3222 = EDGE_CURVE('',#2126,#3146,#3223,.T.);
#3223 = LINE('',#3224,#3225);
#3224 = CARTESIAN_POINT('',(-1.755586921884,12.859781960865,15.));
#3225 = VECTOR('',#3226,1.);
#3226 = DIRECTION('',(0.,0.,1.));
#3227 = ORIENTED_EDGE('',*,*,#2133,.F.);
#3228 = CYLINDRICAL_SURFACE('',#3229,12.979063044822);
#3229 = AXIS2_PLACEMENT_3D('',#3230,#3231,#3232);
#3230 = CARTESIAN_POINT('',(7.8593E-13,-6.99973E-12,15.));
#3231 = DIRECTION('',(-0.,-0.,-1.));
#3232 = DIRECTION('',(-8.860423869037E-02,0.996066909844,0.));
#3233 = ADVANCED_FACE('',(#3234),#3245,.F.);
#3234 = FACE_BOUND('',#3235,.F.);
#3235 = EDGE_LOOP('',(#3236,#3237,#3238,#3244));
#3236 = ORIENTED_EDGE('',*,*,#3222,.T.);
#3237 = ORIENTED_EDGE('',*,*,#3145,.T.);
#3238 = ORIENTED_EDGE('',*,*,#3239,.F.);
#3239 = EDGE_CURVE('',#2116,#3136,#3240,.T.);
#3240 = LINE('',#3241,#3242);
#3241 = CARTESIAN_POINT('',(-1.951212736223,12.54844526087,15.));
#3242 = VECTOR('',#3243,1.);
#3243 = DIRECTION('',(0.,0.,1.));
#3244 = ORIENTED_EDGE('',*,*,#2125,.F.);
#3245 = SURFACE_OF_LINEAR_EXTRUSION('',#3246,#3250);
#3246 = ( BOUNDED_CURVE() B_SPLINE_CURVE(2,(#3247,#3248,#3249),
.UNSPECIFIED.,.F.,.F.) B_SPLINE_CURVE_WITH_KNOTS((3,3),(0.,
1.570796326795),.PIECEWISE_BEZIER_KNOTS.) CURVE() 
GEOMETRIC_REPRESENTATION_ITEM() RATIONAL_B_SPLINE_CURVE((1.,
0.707106781187,1.)) REPRESENTATION_ITEM('') );
#3247 = CARTESIAN_POINT('',(-1.755586921884,12.859781960865,15.));
#3248 = CARTESIAN_POINT('',(-2.009068179052,12.801926518037,15.));
#3249 = CARTESIAN_POINT('',(-1.951212736223,12.54844526087,15.));
#3250 = VECTOR('',#3251,1.);
#3251 = DIRECTION('',(-0.,-0.,-1.));
#3252 = ADVANCED_FACE('',(#3253),#3264,.F.);
#3253 = FACE_BOUND('',#3254,.F.);
#3254 = EDGE_LOOP('',(#3255,#3256,#3257,#3263));
#3255 = ORIENTED_EDGE('',*,*,#3239,.T.);
#3256 = ORIENTED_EDGE('',*,*,#3135,.T.);
#3257 = ORIENTED_EDGE('',*,*,#3258,.F.);
#3258 = EDGE_CURVE('',#2108,#3128,#3259,.T.);
#3259 = LINE('',#3260,#3261);
#3260 = CARTESIAN_POINT('',(-3.686584419907,12.152357998427,15.));
#3261 = VECTOR('',#3262,1.);
#3262 = DIRECTION('',(0.,0.,1.));
#3263 = ORIENTED_EDGE('',*,*,#2115,.F.);
#3264 = SURFACE_OF_LINEAR_EXTRUSION('',#3265,#3271);
#3265 = ( BOUNDED_CURVE() B_SPLINE_CURVE(2,(#3266,#3267,#3268,#3269,
#3270),.UNSPECIFIED.,.F.,.F.) B_SPLINE_CURVE_WITH_KNOTS((3,2,3),(0.,
1.570796326795,3.14159265359),.PIECEWISE_BEZIER_KNOTS.) CURVE() 
GEOMETRIC_REPRESENTATION_ITEM() RATIONAL_B_SPLINE_CURVE((1.,
0.707106781187,1.,0.707106781187,1.)) REPRESENTATION_ITEM('') );
#3266 = CARTESIAN_POINT('',(-1.951212736223,12.54844526087,15.));
#3267 = CARTESIAN_POINT('',(-1.753169105002,11.680759419028,15.));
#3268 = CARTESIAN_POINT('',(-2.620854946844,11.482715787807,15.));
#3269 = CARTESIAN_POINT('',(-3.488540788685,11.284672156585,15.));
#3270 = CARTESIAN_POINT('',(-3.686584419907,12.152357998427,15.));
#3271 = VECTOR('',#3272,1.);
#3272 = DIRECTION('',(-0.,-0.,-1.));
#3273 = ADVANCED_FACE('',(#3274),#3285,.F.);
#3274 = FACE_BOUND('',#3275,.F.);
#3275 = EDGE_LOOP('',(#3276,#3277,#3278,#3284));
#3276 = ORIENTED_EDGE('',*,*,#3258,.T.);
#3277 = ORIENTED_EDGE('',*,*,#3127,.T.);
#3278 = ORIENTED_EDGE('',*,*,#3279,.F.);
#3279 = EDGE_CURVE('',#2100,#3120,#3280,.T.);
#3280 = LINE('',#3281,#3282);
#3281 = CARTESIAN_POINT('',(-3.997921119902,12.347983812766,15.));
#3282 = VECTOR('',#3283,1.);
#3283 = DIRECTION('',(0.,0.,1.));
#3284 = ORIENTED_EDGE('',*,*,#2107,.F.);
#3285 = SURFACE_OF_LINEAR_EXTRUSION('',#3286,#3290);
#3286 = ( BOUNDED_CURVE() B_SPLINE_CURVE(2,(#3287,#3288,#3289),
.UNSPECIFIED.,.F.,.F.) B_SPLINE_CURVE_WITH_KNOTS((3,3),(0.,
1.570796326795),.PIECEWISE_BEZIER_KNOTS.) CURVE() 
GEOMETRIC_REPRESENTATION_ITEM() RATIONAL_B_SPLINE_CURVE((1.,
0.707106781187,1.)) REPRESENTATION_ITEM('') );
#3287 = CARTESIAN_POINT('',(-3.686584419907,12.152357998427,15.));
#3288 = CARTESIAN_POINT('',(-3.744439862735,12.405839255595,15.));
#3289 = CARTESIAN_POINT('',(-3.997921119902,12.347983812766,15.));
#3290 = VECTOR('',#3291,1.);
#3291 = DIRECTION('',(-0.,-0.,-1.));
#3292 = ADVANCED_FACE('',(#3293),#3304,.F.);
#3293 = FACE_BOUND('',#3294,.F.);
#3294 = EDGE_LOOP('',(#3295,#3296,#3297,#3303));
#3295 = ORIENTED_EDGE('',*,*,#3279,.T.);
#3296 = ORIENTED_EDGE('',*,*,#3119,.T.);
#3297 = ORIENTED_EDGE('',*,*,#3298,.F.);
#3298 = EDGE_CURVE('',#2092,#3112,#3299,.T.);
#3299 = LINE('',#3300,#3301);
#3300 = CARTESIAN_POINT('',(-4.573141384813,12.146705536721,15.));
#3301 = VECTOR('',#3302,1.);
#3302 = DIRECTION('',(0.,0.,1.));
#3303 = ORIENTED_EDGE('',*,*,#2099,.F.);
#3304 = SURFACE_OF_LINEAR_EXTRUSION('',#3305,#3309);
#3305 = ( BOUNDED_CURVE() B_SPLINE_CURVE(2,(#3306,#3307,#3308),
.UNSPECIFIED.,.F.,.F.) B_SPLINE_CURVE_WITH_KNOTS((3,3),(0.,
4.695830611611E-02),.PIECEWISE_BEZIER_KNOTS.) CURVE() 
GEOMETRIC_REPRESENTATION_ITEM() RATIONAL_B_SPLINE_CURVE((1.,
0.999724377348,1.)) REPRESENTATION_ITEM('') );
#3306 = CARTESIAN_POINT('',(-3.997921119902,12.347983812766,15.));
#3307 = CARTESIAN_POINT('',(-4.287894608382,12.254098758219,15.));
#3308 = CARTESIAN_POINT('',(-4.573141384813,12.146705536721,15.));
#3309 = VECTOR('',#3310,1.);
#3310 = DIRECTION('',(-0.,-0.,-1.));
#3311 = ADVANCED_FACE('',(#3312),#3323,.F.);
#3312 = FACE_BOUND('',#3313,.F.);
#3313 = EDGE_LOOP('',(#3314,#3315,#3316,#3322));
#3314 = ORIENTED_EDGE('',*,*,#3298,.T.);
#3315 = ORIENTED_EDGE('',*,*,#3111,.T.);
#3316 = ORIENTED_EDGE('',*,*,#3317,.F.);
#3317 = EDGE_CURVE('',#2082,#3102,#3318,.T.);
#3318 = LINE('',#3319,#3320);
#3319 = CARTESIAN_POINT('',(-4.694583518297,11.799643858896,15.));
#3320 = VECTOR('',#3321,1.);
#3321 = DIRECTION('',(0.,0.,1.));
#3322 = ORIENTED_EDGE('',*,*,#2091,.F.);
#3323 = SURFACE_OF_LINEAR_EXTRUSION('',#3324,#3328);
#3324 = ( BOUNDED_CURVE() B_SPLINE_CURVE(2,(#3325,#3326,#3327),
.UNSPECIFIED.,.F.,.F.) B_SPLINE_CURVE_WITH_KNOTS((3,3),(0.,
1.570796326795),.PIECEWISE_BEZIER_KNOTS.) CURVE() 
GEOMETRIC_REPRESENTATION_ITEM() RATIONAL_B_SPLINE_CURVE((1.,
0.707106781187,1.)) REPRESENTATION_ITEM('') );
#3325 = CARTESIAN_POINT('',(-4.573141384813,12.146705536721,15.));
#3326 = CARTESIAN_POINT('',(-4.807393290467,12.03389576455,15.));
#3327 = CARTESIAN_POINT('',(-4.694583518297,11.799643858896,15.));
#3328 = VECTOR('',#3329,1.);
#3329 = DIRECTION('',(-0.,-0.,-1.));
#3330 = ADVANCED_FACE('',(#3331),#3342,.F.);
#3331 = FACE_BOUND('',#3332,.F.);
#3332 = EDGE_LOOP('',(#3333,#3334,#3335,#3341));
#3333 = ORIENTED_EDGE('',*,*,#3317,.T.);
#3334 = ORIENTED_EDGE('',*,*,#3101,.T.);
#3335 = ORIENTED_EDGE('',*,*,#3336,.F.);
#3336 = EDGE_CURVE('',#2074,#3094,#3337,.T.);
#3337 = LINE('',#3338,#3339);
#3338 = CARTESIAN_POINT('',(-6.298308103163,11.027330803266,15.));
#3339 = VECTOR('',#3340,1.);
#3340 = DIRECTION('',(0.,0.,1.));
#3341 = ORIENTED_EDGE('',*,*,#2081,.F.);
#3342 = SURFACE_OF_LINEAR_EXTRUSION('',#3343,#3349);
#3343 = ( BOUNDED_CURVE() B_SPLINE_CURVE(2,(#3344,#3345,#3346,#3347,
#3348),.UNSPECIFIED.,.F.,.F.) B_SPLINE_CURVE_WITH_KNOTS((3,2,3),(0.,
1.570796326795,3.14159265359),.PIECEWISE_BEZIER_KNOTS.) CURVE() 
GEOMETRIC_REPRESENTATION_ITEM() RATIONAL_B_SPLINE_CURVE((1.,
0.707106781187,1.,0.707106781187,1.)) REPRESENTATION_ITEM('') );
#3344 = CARTESIAN_POINT('',(-4.694583518297,11.799643858896,15.));
#3345 = CARTESIAN_POINT('',(-4.308426990482,10.997781566463,15.));
#3346 = CARTESIAN_POINT('',(-5.110289282915,10.611625038648,15.));
#3347 = CARTESIAN_POINT('',(-5.912151575348,10.225468510833,15.));
#3348 = CARTESIAN_POINT('',(-6.298308103163,11.027330803266,15.));
#3349 = VECTOR('',#3350,1.);
#3350 = DIRECTION('',(-0.,-0.,-1.));
#3351 = ADVANCED_FACE('',(#3352),#3363,.F.);
#3352 = FACE_BOUND('',#3353,.F.);
#3353 = EDGE_LOOP('',(#3354,#3355,#3356,#3362));
#3354 = ORIENTED_EDGE('',*,*,#3336,.T.);
#3355 = ORIENTED_EDGE('',*,*,#3093,.T.);
#3356 = ORIENTED_EDGE('',*,*,#3357,.F.);
#3357 = EDGE_CURVE('',#2066,#3086,#3358,.T.);
#3358 = LINE('',#3359,#3360);
#3359 = CARTESIAN_POINT('',(-6.645369780988,11.14877293675,15.));
#3360 = VECTOR('',#3361,1.);
#3361 = DIRECTION('',(0.,0.,1.));
#3362 = ORIENTED_EDGE('',*,*,#2073,.F.);
#3363 = SURFACE_OF_LINEAR_EXTRUSION('',#3364,#3368);
#3364 = ( BOUNDED_CURVE() B_SPLINE_CURVE(2,(#3365,#3366,#3367),
.UNSPECIFIED.,.F.,.F.) B_SPLINE_CURVE_WITH_KNOTS((3,3),(0.,
1.570796326795),.PIECEWISE_BEZIER_KNOTS.) CURVE() 
GEOMETRIC_REPRESENTATION_ITEM() RATIONAL_B_SPLINE_CURVE((1.,
0.707106781187,1.)) REPRESENTATION_ITEM('') );
#3365 = CARTESIAN_POINT('',(-6.298308103163,11.027330803266,15.));
#3366 = CARTESIAN_POINT('',(-6.411117875334,11.261582708921,15.));
#3367 = CARTESIAN_POINT('',(-6.645369780988,11.14877293675,15.));
#3368 = VECTOR('',#3369,1.);
#3369 = DIRECTION('',(-0.,-0.,-1.));
#3370 = ADVANCED_FACE('',(#3371),#3382,.F.);
#3371 = FACE_BOUND('',#3372,.F.);
#3372 = EDGE_LOOP('',(#3373,#3374,#3375,#3381));
#3373 = ORIENTED_EDGE('',*,*,#3357,.T.);
#3374 = ORIENTED_EDGE('',*,*,#3085,.T.);
#3375 = ORIENTED_EDGE('',*,*,#3376,.F.);
#3376 = EDGE_CURVE('',#2058,#3078,#3377,.T.);
#3377 = LINE('',#3378,#3379);
#3378 = CARTESIAN_POINT('',(-7.161379442931,10.82454257674,15.));
#3379 = VECTOR('',#3380,1.);
#3380 = DIRECTION('',(0.,0.,1.));
#3381 = ORIENTED_EDGE('',*,*,#2065,.F.);
#3382 = SURFACE_OF_LINEAR_EXTRUSION('',#3383,#3387);
#3383 = ( BOUNDED_CURVE() B_SPLINE_CURVE(2,(#3384,#3385,#3386),
.UNSPECIFIED.,.F.,.F.) B_SPLINE_CURVE_WITH_KNOTS((3,3),(0.,
4.695830611611E-02),.PIECEWISE_BEZIER_KNOTS.) CURVE() 
GEOMETRIC_REPRESENTATION_ITEM() RATIONAL_B_SPLINE_CURVE((1.,
0.999724377348,1.)) REPRESENTATION_ITEM('') );
#3384 = CARTESIAN_POINT('',(-6.645369780988,11.14877293675,15.));
#3385 = CARTESIAN_POINT('',(-6.907181638677,10.992716605057,15.));
#3386 = CARTESIAN_POINT('',(-7.161379442931,10.82454257674,15.));
#3387 = VECTOR('',#3388,1.);
#3388 = DIRECTION('',(-0.,-0.,-1.));
#3389 = ADVANCED_FACE('',(#3390),#3401,.F.);
#3390 = FACE_BOUND('',#3391,.F.);
#3391 = EDGE_LOOP('',(#3392,#3393,#3394,#3400));
#3392 = ORIENTED_EDGE('',*,*,#3376,.T.);
#3393 = ORIENTED_EDGE('',*,*,#3077,.T.);
#3394 = ORIENTED_EDGE('',*,*,#3395,.F.);
#3395 = EDGE_CURVE('',#2048,#3068,#3396,.T.);
#3396 = LINE('',#3397,#3398);
#3397 = CARTESIAN_POINT('',(-7.20254827989,10.459159042815,15.));
#3398 = VECTOR('',#3399,1.);
#3399 = DIRECTION('',(0.,0.,1.));
#3400 = ORIENTED_EDGE('',*,*,#2057,.F.);
#3401 = SURFACE_OF_LINEAR_EXTRUSION('',#3402,#3406);
#3402 = ( BOUNDED_CURVE() B_SPLINE_CURVE(2,(#3403,#3404,#3405),
.UNSPECIFIED.,.F.,.F.) B_SPLINE_CURVE_WITH_KNOTS((3,3),(0.,
1.570796326795),.PIECEWISE_BEZIER_KNOTS.) CURVE() 
GEOMETRIC_REPRESENTATION_ITEM() RATIONAL_B_SPLINE_CURVE((1.,
0.707106781187,1.)) REPRESENTATION_ITEM('') );
#3403 = CARTESIAN_POINT('',(-7.161379442931,10.82454257674,15.));
#3404 = CARTESIAN_POINT('',(-7.364655628373,10.662435228257,15.));
#3405 = CARTESIAN_POINT('',(-7.20254827989,10.459159042815,15.));
#3406 = VECTOR('',#3407,1.);
#3407 = DIRECTION('',(-0.,-0.,-1.));
#3408 = ADVANCED_FACE('',(#3409),#3420,.F.);
#3409 = FACE_BOUND('',#3410,.F.);
#3410 = EDGE_LOOP('',(#3411,#3412,#3413,#3419));
#3411 = ORIENTED_EDGE('',*,*,#3395,.T.);
#3412 = ORIENTED_EDGE('',*,*,#3067,.T.);
#3413 = ORIENTED_EDGE('',*,*,#3414,.F.);
#3414 = EDGE_CURVE('',#2040,#3060,#3415,.T.);
#3415 = LINE('',#3416,#3417);
#3416 = CARTESIAN_POINT('',(-8.594208318683,9.349347195506,15.));
#3417 = VECTOR('',#3418,1.);
#3418 = DIRECTION('',(0.,0.,1.));
#3419 = ORIENTED_EDGE('',*,*,#2047,.F.);
#3420 = SURFACE_OF_LINEAR_EXTRUSION('',#3421,#3427);
#3421 = ( BOUNDED_CURVE() B_SPLINE_CURVE(2,(#3422,#3423,#3424,#3425,
#3426),.UNSPECIFIED.,.F.,.F.) B_SPLINE_CURVE_WITH_KNOTS((3,2,3),(0.,
1.570796326795,3.14159265359),.PIECEWISE_BEZIER_KNOTS.) CURVE() 
GEOMETRIC_REPRESENTATION_ITEM() RATIONAL_B_SPLINE_CURVE((1.,
0.707106781187,1.,0.707106781187,1.)) REPRESENTATION_ITEM('') );
#3422 = CARTESIAN_POINT('',(-7.20254827989,10.459159042815,15.));
#3423 = CARTESIAN_POINT('',(-6.647642356235,9.763329023418,15.));
#3424 = CARTESIAN_POINT('',(-7.343472375632,9.208423099764,15.));
#3425 = CARTESIAN_POINT('',(-8.039302395028,8.65351717611,15.));
#3426 = CARTESIAN_POINT('',(-8.594208318683,9.349347195506,15.));
#3427 = VECTOR('',#3428,1.);
#3428 = DIRECTION('',(-0.,-0.,-1.));
#3429 = ADVANCED_FACE('',(#3430),#3441,.F.);
#3430 = FACE_BOUND('',#3431,.F.);
#3431 = EDGE_LOOP('',(#3432,#3433,#3434,#3440));
#3432 = ORIENTED_EDGE('',*,*,#3414,.T.);
#3433 = ORIENTED_EDGE('',*,*,#3059,.T.);
#3434 = ORIENTED_EDGE('',*,*,#3435,.F.);
#3435 = EDGE_CURVE('',#2032,#3052,#3436,.T.);
#3436 = LINE('',#3437,#3438);
#3437 = CARTESIAN_POINT('',(-8.959591852608,9.390516032465,15.));
#3438 = VECTOR('',#3439,1.);
#3439 = DIRECTION('',(0.,0.,1.));
#3440 = ORIENTED_EDGE('',*,*,#2039,.F.);
#3441 = SURFACE_OF_LINEAR_EXTRUSION('',#3442,#3446);
#3442 = ( BOUNDED_CURVE() B_SPLINE_CURVE(2,(#3443,#3444,#3445),
.UNSPECIFIED.,.F.,.F.) B_SPLINE_CURVE_WITH_KNOTS((3,3),(0.,
1.570796326795),.PIECEWISE_BEZIER_KNOTS.) CURVE() 
GEOMETRIC_REPRESENTATION_ITEM() RATIONAL_B_SPLINE_CURVE((1.,
0.707106781187,1.)) REPRESENTATION_ITEM('') );
#3443 = CARTESIAN_POINT('',(-8.594208318683,9.349347195506,15.));
#3444 = CARTESIAN_POINT('',(-8.756315667166,9.552623380948,15.));
#3445 = CARTESIAN_POINT('',(-8.959591852608,9.390516032465,15.));
#3446 = VECTOR('',#3447,1.);
#3447 = DIRECTION('',(-0.,-0.,-1.));
#3448 = ADVANCED_FACE('',(#3449),#3460,.F.);
#3449 = FACE_BOUND('',#3450,.F.);
#3450 = EDGE_LOOP('',(#3451,#3452,#3453,#3459));
#3451 = ORIENTED_EDGE('',*,*,#3435,.T.);
#3452 = ORIENTED_EDGE('',*,*,#3051,.T.);
#3453 = ORIENTED_EDGE('',*,*,#3454,.F.);
#3454 = EDGE_CURVE('',#2024,#3044,#3455,.T.);
#3455 = LINE('',#3456,#3457);
#3456 = CARTESIAN_POINT('',(-9.390516032465,8.959591852608,15.));
#3457 = VECTOR('',#3458,1.);
#3458 = DIRECTION('',(0.,0.,1.));
#3459 = ORIENTED_EDGE('',*,*,#2031,.F.);
#3460 = SURFACE_OF_LINEAR_EXTRUSION('',#3461,#3465);
#3461 = ( BOUNDED_CURVE() B_SPLINE_CURVE(2,(#3462,#3463,#3464),
.UNSPECIFIED.,.F.,.F.) B_SPLINE_CURVE_WITH_KNOTS((3,3),(0.,
4.695830611611E-02),.PIECEWISE_BEZIER_KNOTS.) CURVE() 
GEOMETRIC_REPRESENTATION_ITEM() RATIONAL_B_SPLINE_CURVE((1.,
0.999724377348,1.)) REPRESENTATION_ITEM('') );
#3462 = CARTESIAN_POINT('',(-8.959591852608,9.390516032465,15.));
#3463 = CARTESIAN_POINT('',(-9.180113739731,9.180113739731,15.));
#3464 = CARTESIAN_POINT('',(-9.390516032465,8.959591852608,15.));
#3465 = VECTOR('',#3466,1.);
#3466 = DIRECTION('',(-0.,-0.,-1.));
#3467 = ADVANCED_FACE('',(#3468),#3479,.F.);
#3468 = FACE_BOUND('',#3469,.F.);
#3469 = EDGE_LOOP('',(#3470,#3471,#3472,#3478));
#3470 = ORIENTED_EDGE('',*,*,#3454,.T.);
#3471 = ORIENTED_EDGE('',*,*,#3043,.T.);
#3472 = ORIENTED_EDGE('',*,*,#3473,.F.);
#3473 = EDGE_CURVE('',#2014,#3034,#3474,.T.);
#3474 = LINE('',#3475,#3476);
#3475 = CARTESIAN_POINT('',(-9.349347195506,8.594208318683,15.));
#3476 = VECTOR('',#3477,1.);
#3477 = DIRECTION('',(0.,0.,1.));
#3478 = ORIENTED_EDGE('',*,*,#2023,.F.);
#3479 = SURFACE_OF_LINEAR_EXTRUSION('',#3480,#3484);
#3480 = ( BOUNDED_CURVE() B_SPLINE_CURVE(2,(#3481,#3482,#3483),
.UNSPECIFIED.,.F.,.F.) B_SPLINE_CURVE_WITH_KNOTS((3,3),(0.,
1.570796326795),.PIECEWISE_BEZIER_KNOTS.) CURVE() 
GEOMETRIC_REPRESENTATION_ITEM() RATIONAL_B_SPLINE_CURVE((1.,
0.707106781187,1.)) REPRESENTATION_ITEM('') );
#3481 = CARTESIAN_POINT('',(-9.390516032465,8.959591852608,15.));
#3482 = CARTESIAN_POINT('',(-9.552623380948,8.756315667166,15.));
#3483 = CARTESIAN_POINT('',(-9.349347195506,8.594208318683,15.));
#3484 = VECTOR('',#3485,1.);
#3485 = DIRECTION('',(-0.,-0.,-1.));
#3486 = ADVANCED_FACE('',(#3487),#3498,.F.);
#3487 = FACE_BOUND('',#3488,.F.);
#3488 = EDGE_LOOP('',(#3489,#3490,#3491,#3497));
#3489 = ORIENTED_EDGE('',*,*,#3473,.T.);
#3490 = ORIENTED_EDGE('',*,*,#3033,.T.);
#3491 = ORIENTED_EDGE('',*,*,#3492,.F.);
#3492 = EDGE_CURVE('',#2006,#3026,#3493,.T.);
#3493 = LINE('',#3494,#3495);
#3494 = CARTESIAN_POINT('',(-10.45915904281,7.20254827989,15.));
#3495 = VECTOR('',#3496,1.);
#3496 = DIRECTION('',(0.,0.,1.));
#3497 = ORIENTED_EDGE('',*,*,#2013,.F.);
#3498 = SURFACE_OF_LINEAR_EXTRUSION('',#3499,#3505);
#3499 = ( BOUNDED_CURVE() B_SPLINE_CURVE(2,(#3500,#3501,#3502,#3503,
#3504),.UNSPECIFIED.,.F.,.F.) B_SPLINE_CURVE_WITH_KNOTS((3,2,3),(0.,
1.570796326795,3.14159265359),.PIECEWISE_BEZIER_KNOTS.) CURVE() 
GEOMETRIC_REPRESENTATION_ITEM() RATIONAL_B_SPLINE_CURVE((1.,
0.707106781187,1.,0.707106781187,1.)) REPRESENTATION_ITEM('') );
#3500 = CARTESIAN_POINT('',(-9.349347195506,8.594208318683,15.));
#3501 = CARTESIAN_POINT('',(-8.65351717611,8.039302395028,15.));
#3502 = CARTESIAN_POINT('',(-9.208423099764,7.343472375632,15.));
#3503 = CARTESIAN_POINT('',(-9.763329023418,6.647642356235,15.));
#3504 = CARTESIAN_POINT('',(-10.45915904281,7.20254827989,15.));
#3505 = VECTOR('',#3506,1.);
#3506 = DIRECTION('',(-0.,-0.,-1.));
#3507 = ADVANCED_FACE('',(#3508),#3519,.F.);
#3508 = FACE_BOUND('',#3509,.F.);
#3509 = EDGE_LOOP('',(#3510,#3511,#3512,#3518));
#3510 = ORIENTED_EDGE('',*,*,#3492,.T.);
#3511 = ORIENTED_EDGE('',*,*,#3025,.T.);
#3512 = ORIENTED_EDGE('',*,*,#3513,.F.);
#3513 = EDGE_CURVE('',#1998,#3018,#3514,.T.);
#3514 = LINE('',#3515,#3516);
#3515 = CARTESIAN_POINT('',(-10.82454257674,7.161379442931,15.));
#3516 = VECTOR('',#3517,1.);
#3517 = DIRECTION('',(0.,0.,1.));
#3518 = ORIENTED_EDGE('',*,*,#2005,.F.);
#3519 = SURFACE_OF_LINEAR_EXTRUSION('',#3520,#3524);
#3520 = ( BOUNDED_CURVE() B_SPLINE_CURVE(2,(#3521,#3522,#3523),
.UNSPECIFIED.,.F.,.F.) B_SPLINE_CURVE_WITH_KNOTS((3,3),(0.,
1.570796326795),.PIECEWISE_BEZIER_KNOTS.) CURVE() 
GEOMETRIC_REPRESENTATION_ITEM() RATIONAL_B_SPLINE_CURVE((1.,
0.707106781187,1.)) REPRESENTATION_ITEM('') );
#3521 = CARTESIAN_POINT('',(-10.45915904281,7.20254827989,15.));
#3522 = CARTESIAN_POINT('',(-10.66243522825,7.364655628373,15.));
#3523 = CARTESIAN_POINT('',(-10.82454257674,7.161379442931,15.));
#3524 = VECTOR('',#3525,1.);
#3525 = DIRECTION('',(-0.,-0.,-1.));
#3526 = ADVANCED_FACE('',(#3527),#3538,.F.);
#3527 = FACE_BOUND('',#3528,.F.);
#3528 = EDGE_LOOP('',(#3529,#3530,#3531,#3537));
#3529 = ORIENTED_EDGE('',*,*,#3513,.T.);
#3530 = ORIENTED_EDGE('',*,*,#3017,.T.);
#3531 = ORIENTED_EDGE('',*,*,#3532,.F.);
#3532 = EDGE_CURVE('',#1990,#3010,#3533,.T.);
#3533 = LINE('',#3534,#3535);
#3534 = CARTESIAN_POINT('',(-11.14877293675,6.645369780988,15.));
#3535 = VECTOR('',#3536,1.);
#3536 = DIRECTION('',(0.,0.,1.));
#3537 = ORIENTED_EDGE('',*,*,#1997,.F.);
#3538 = SURFACE_OF_LINEAR_EXTRUSION('',#3539,#3543);
#3539 = ( BOUNDED_CURVE() B_SPLINE_CURVE(2,(#3540,#3541,#3542),
.UNSPECIFIED.,.F.,.F.) B_SPLINE_CURVE_WITH_KNOTS((3,3),(0.,
4.695830611611E-02),.PIECEWISE_BEZIER_KNOTS.) CURVE() 
GEOMETRIC_REPRESENTATION_ITEM() RATIONAL_B_SPLINE_CURVE((1.,
0.999724377348,1.)) REPRESENTATION_ITEM('') );
#3540 = CARTESIAN_POINT('',(-10.82454257674,7.161379442931,15.));
#3541 = CARTESIAN_POINT('',(-10.99271660505,6.907181638677,15.));
#3542 = CARTESIAN_POINT('',(-11.14877293675,6.645369780988,15.));
#3543 = VECTOR('',#3544,1.);
#3544 = DIRECTION('',(-0.,-0.,-1.));
#3545 = ADVANCED_FACE('',(#3546),#3557,.F.);
#3546 = FACE_BOUND('',#3547,.F.);
#3547 = EDGE_LOOP('',(#3548,#3549,#3550,#3556));
#3548 = ORIENTED_EDGE('',*,*,#3532,.T.);
#3549 = ORIENTED_EDGE('',*,*,#3009,.T.);
#3550 = ORIENTED_EDGE('',*,*,#3551,.F.);
#3551 = EDGE_CURVE('',#1980,#3000,#3552,.T.);
#3552 = LINE('',#3553,#3554);
#3553 = CARTESIAN_POINT('',(-11.02733080326,6.298308103163,15.));
#3554 = VECTOR('',#3555,1.);
#3555 = DIRECTION('',(0.,0.,1.));
#3556 = ORIENTED_EDGE('',*,*,#1989,.F.);
#3557 = SURFACE_OF_LINEAR_EXTRUSION('',#3558,#3562);
#3558 = ( BOUNDED_CURVE() B_SPLINE_CURVE(2,(#3559,#3560,#3561),
.UNSPECIFIED.,.F.,.F.) B_SPLINE_CURVE_WITH_KNOTS((3,3),(0.,
1.570796326795),.PIECEWISE_BEZIER_KNOTS.) CURVE() 
GEOMETRIC_REPRESENTATION_ITEM() RATIONAL_B_SPLINE_CURVE((1.,
0.707106781187,1.)) REPRESENTATION_ITEM('') );
#3559 = CARTESIAN_POINT('',(-11.14877293675,6.645369780988,15.));
#3560 = CARTESIAN_POINT('',(-11.26158270892,6.411117875334,15.));
#3561 = CARTESIAN_POINT('',(-11.02733080326,6.298308103163,15.));
#3562 = VECTOR('',#3563,1.);
#3563 = DIRECTION('',(-0.,-0.,-1.));
#3564 = ADVANCED_FACE('',(#3565),#3576,.F.);
#3565 = FACE_BOUND('',#3566,.F.);
#3566 = EDGE_LOOP('',(#3567,#3568,#3569,#3575));
#3567 = ORIENTED_EDGE('',*,*,#3551,.T.);
#3568 = ORIENTED_EDGE('',*,*,#2999,.T.);
#3569 = ORIENTED_EDGE('',*,*,#3570,.F.);
#3570 = EDGE_CURVE('',#1972,#2992,#3571,.T.);
#3571 = LINE('',#3572,#3573);
#3572 = CARTESIAN_POINT('',(-11.79964385889,4.694583518297,15.));
#3573 = VECTOR('',#3574,1.);
#3574 = DIRECTION('',(0.,0.,1.));
#3575 = ORIENTED_EDGE('',*,*,#1979,.F.);
#3576 = SURFACE_OF_LINEAR_EXTRUSION('',#3577,#3583);
#3577 = ( BOUNDED_CURVE() B_SPLINE_CURVE(2,(#3578,#3579,#3580,#3581,
#3582),.UNSPECIFIED.,.F.,.F.) B_SPLINE_CURVE_WITH_KNOTS((3,2,3),(0.,
1.570796326795,3.14159265359),.PIECEWISE_BEZIER_KNOTS.) CURVE() 
GEOMETRIC_REPRESENTATION_ITEM() RATIONAL_B_SPLINE_CURVE((1.,
0.707106781187,1.,0.707106781187,1.)) REPRESENTATION_ITEM('') );
#3578 = CARTESIAN_POINT('',(-11.02733080326,6.298308103163,15.));
#3579 = CARTESIAN_POINT('',(-10.22546851083,5.912151575348,15.));
#3580 = CARTESIAN_POINT('',(-10.61162503864,5.110289282915,15.));
#3581 = CARTESIAN_POINT('',(-10.99778156646,4.308426990482,15.));
#3582 = CARTESIAN_POINT('',(-11.79964385889,4.694583518297,15.));
#3583 = VECTOR('',#3584,1.);
#3584 = DIRECTION('',(-0.,-0.,-1.));
#3585 = ADVANCED_FACE('',(#3586),#3597,.F.);
#3586 = FACE_BOUND('',#3587,.F.);
#3587 = EDGE_LOOP('',(#3588,#3589,#3590,#3596));
#3588 = ORIENTED_EDGE('',*,*,#3570,.T.);
#3589 = ORIENTED_EDGE('',*,*,#2991,.T.);
#3590 = ORIENTED_EDGE('',*,*,#3591,.F.);
#3591 = EDGE_CURVE('',#1964,#2984,#3592,.T.);
#3592 = LINE('',#3593,#3594);
#3593 = CARTESIAN_POINT('',(-12.14670553672,4.573141384813,15.));
#3594 = VECTOR('',#3595,1.);
#3595 = DIRECTION('',(0.,0.,1.));
#3596 = ORIENTED_EDGE('',*,*,#1971,.F.);
#3597 = SURFACE_OF_LINEAR_EXTRUSION('',#3598,#3602);
#3598 = ( BOUNDED_CURVE() B_SPLINE_CURVE(2,(#3599,#3600,#3601),
.UNSPECIFIED.,.F.,.F.) B_SPLINE_CURVE_WITH_KNOTS((3,3),(0.,
1.570796326795),.PIECEWISE_BEZIER_KNOTS.) CURVE() 
GEOMETRIC_REPRESENTATION_ITEM() RATIONAL_B_SPLINE_CURVE((1.,
0.707106781187,1.)) REPRESENTATION_ITEM('') );
#3599 = CARTESIAN_POINT('',(-11.79964385889,4.694583518297,15.));
#3600 = CARTESIAN_POINT('',(-12.03389576455,4.807393290467,15.));
#3601 = CARTESIAN_POINT('',(-12.14670553672,4.573141384813,15.));
#3602 = VECTOR('',#3603,1.);
#3603 = DIRECTION('',(-0.,-0.,-1.));
#3604 = ADVANCED_FACE('',(#3605),#3616,.F.);
#3605 = FACE_BOUND('',#3606,.F.);
#3606 = EDGE_LOOP('',(#3607,#3608,#3609,#3615));
#3607 = ORIENTED_EDGE('',*,*,#3591,.T.);
#3608 = ORIENTED_EDGE('',*,*,#2983,.T.);
#3609 = ORIENTED_EDGE('',*,*,#3610,.F.);
#3610 = EDGE_CURVE('',#1956,#2976,#3611,.T.);
#3611 = LINE('',#3612,#3613);
#3612 = CARTESIAN_POINT('',(-12.34798381276,3.997921119902,15.));
#3613 = VECTOR('',#3614,1.);
#3614 = DIRECTION('',(0.,0.,1.));
#3615 = ORIENTED_EDGE('',*,*,#1963,.F.);
#3616 = SURFACE_OF_LINEAR_EXTRUSION('',#3617,#3621);
#3617 = ( BOUNDED_CURVE() B_SPLINE_CURVE(2,(#3618,#3619,#3620),
.UNSPECIFIED.,.F.,.F.) B_SPLINE_CURVE_WITH_KNOTS((3,3),(0.,
4.695830611611E-02),.PIECEWISE_BEZIER_KNOTS.) CURVE() 
GEOMETRIC_REPRESENTATION_ITEM() RATIONAL_B_SPLINE_CURVE((1.,
0.999724377348,1.)) REPRESENTATION_ITEM('') );
#3618 = CARTESIAN_POINT('',(-12.14670553672,4.573141384813,15.));
#3619 = CARTESIAN_POINT('',(-12.25409875821,4.287894608382,15.));
#3620 = CARTESIAN_POINT('',(-12.34798381276,3.997921119902,15.));
#3621 = VECTOR('',#3622,1.);
#3622 = DIRECTION('',(-0.,-0.,-1.));
#3623 = ADVANCED_FACE('',(#3624),#3635,.F.);
#3624 = FACE_BOUND('',#3625,.F.);
#3625 = EDGE_LOOP('',(#3626,#3627,#3628,#3634));
#3626 = ORIENTED_EDGE('',*,*,#3610,.T.);
#3627 = ORIENTED_EDGE('',*,*,#2975,.T.);
#3628 = ORIENTED_EDGE('',*,*,#3629,.F.);
#3629 = EDGE_CURVE('',#1946,#2966,#3630,.T.);
#3630 = LINE('',#3631,#3632);
#3631 = CARTESIAN_POINT('',(-12.15235799842,3.686584419907,15.));
#3632 = VECTOR('',#3633,1.);
#3633 = DIRECTION('',(0.,0.,1.));
#3634 = ORIENTED_EDGE('',*,*,#1955,.F.);
#3635 = SURFACE_OF_LINEAR_EXTRUSION('',#3636,#3640);
#3636 = ( BOUNDED_CURVE() B_SPLINE_CURVE(2,(#3637,#3638,#3639),
.UNSPECIFIED.,.F.,.F.) B_SPLINE_CURVE_WITH_KNOTS((3,3),(0.,
1.570796326795),.PIECEWISE_BEZIER_KNOTS.) CURVE() 
GEOMETRIC_REPRESENTATION_ITEM() RATIONAL_B_SPLINE_CURVE((1.,
0.707106781187,1.)) REPRESENTATION_ITEM('') );
#3637 = CARTESIAN_POINT('',(-12.34798381276,3.997921119902,15.));
#3638 = CARTESIAN_POINT('',(-12.40583925559,3.744439862735,15.));
#3639 = CARTESIAN_POINT('',(-12.15235799842,3.686584419907,15.));
#3640 = VECTOR('',#3641,1.);
#3641 = DIRECTION('',(-0.,-0.,-1.));
#3642 = ADVANCED_FACE('',(#3643),#3654,.F.);
#3643 = FACE_BOUND('',#3644,.F.);
#3644 = EDGE_LOOP('',(#3645,#3646,#3647,#3653));
#3645 = ORIENTED_EDGE('',*,*,#3629,.T.);
#3646 = ORIENTED_EDGE('',*,*,#2965,.T.);
#3647 = ORIENTED_EDGE('',*,*,#3648,.F.);
#3648 = EDGE_CURVE('',#1938,#2958,#3649,.T.);
#3649 = LINE('',#3650,#3651);
#3650 = CARTESIAN_POINT('',(-12.54844526087,1.951212736223,15.));
#3651 = VECTOR('',#3652,1.);
#3652 = DIRECTION('',(0.,0.,1.));
#3653 = ORIENTED_EDGE('',*,*,#1945,.F.);
#3654 = SURFACE_OF_LINEAR_EXTRUSION('',#3655,#3661);
#3655 = ( BOUNDED_CURVE() B_SPLINE_CURVE(2,(#3656,#3657,#3658,#3659,
#3660),.UNSPECIFIED.,.F.,.F.) B_SPLINE_CURVE_WITH_KNOTS((3,2,3),(0.,
1.570796326795,3.14159265359),.PIECEWISE_BEZIER_KNOTS.) CURVE() 
GEOMETRIC_REPRESENTATION_ITEM() RATIONAL_B_SPLINE_CURVE((1.,
0.707106781187,1.,0.707106781187,1.)) REPRESENTATION_ITEM('') );
#3656 = CARTESIAN_POINT('',(-12.15235799842,3.686584419907,15.));
#3657 = CARTESIAN_POINT('',(-11.28467215658,3.488540788685,15.));
#3658 = CARTESIAN_POINT('',(-11.4827157878,2.620854946844,15.));
#3659 = CARTESIAN_POINT('',(-11.68075941902,1.753169105002,15.));
#3660 = CARTESIAN_POINT('',(-12.54844526087,1.951212736223,15.));
#3661 = VECTOR('',#3662,1.);
#3662 = DIRECTION('',(-0.,-0.,-1.));
#3663 = ADVANCED_FACE('',(#3664),#3675,.F.);
#3664 = FACE_BOUND('',#3665,.F.);
#3665 = EDGE_LOOP('',(#3666,#3667,#3668,#3674));
#3666 = ORIENTED_EDGE('',*,*,#3648,.T.);
#3667 = ORIENTED_EDGE('',*,*,#2957,.T.);
#3668 = ORIENTED_EDGE('',*,*,#3669,.F.);
#3669 = EDGE_CURVE('',#1930,#2950,#3670,.T.);
#3670 = LINE('',#3671,#3672);
#3671 = CARTESIAN_POINT('',(-12.85978196086,1.755586921884,15.));
#3672 = VECTOR('',#3673,1.);
#3673 = DIRECTION('',(0.,0.,1.));
#3674 = ORIENTED_EDGE('',*,*,#1937,.F.);
#3675 = SURFACE_OF_LINEAR_EXTRUSION('',#3676,#3680);
#3676 = ( BOUNDED_CURVE() B_SPLINE_CURVE(2,(#3677,#3678,#3679),
.UNSPECIFIED.,.F.,.F.) B_SPLINE_CURVE_WITH_KNOTS((3,3),(0.,
1.570796326795),.PIECEWISE_BEZIER_KNOTS.) CURVE() 
GEOMETRIC_REPRESENTATION_ITEM() RATIONAL_B_SPLINE_CURVE((1.,
0.707106781187,1.)) REPRESENTATION_ITEM('') );
#3677 = CARTESIAN_POINT('',(-12.54844526087,1.951212736223,15.));
#3678 = CARTESIAN_POINT('',(-12.80192651803,2.009068179052,15.));
#3679 = CARTESIAN_POINT('',(-12.85978196086,1.755586921884,15.));
#3680 = VECTOR('',#3681,1.);
#3681 = DIRECTION('',(-0.,-0.,-1.));
#3682 = ADVANCED_FACE('',(#3683),#3694,.F.);
#3683 = FACE_BOUND('',#3684,.F.);
#3684 = EDGE_LOOP('',(#3685,#3686,#3687,#3693));
#3685 = ORIENTED_EDGE('',*,*,#3669,.T.);
#3686 = ORIENTED_EDGE('',*,*,#2949,.T.);
#3687 = ORIENTED_EDGE('',*,*,#3688,.F.);
#3688 = EDGE_CURVE('',#1922,#2942,#3689,.T.);
#3689 = LINE('',#3690,#3691);
#3690 = CARTESIAN_POINT('',(-12.92801521971,1.15,15.));
#3691 = VECTOR('',#3692,1.);
#3692 = DIRECTION('',(0.,0.,1.));
#3693 = ORIENTED_EDGE('',*,*,#1929,.F.);
#3694 = SURFACE_OF_LINEAR_EXTRUSION('',#3695,#3699);
#3695 = ( BOUNDED_CURVE() B_SPLINE_CURVE(2,(#3696,#3697,#3698),
.UNSPECIFIED.,.F.,.F.) B_SPLINE_CURVE_WITH_KNOTS((3,3),(0.,
4.695830611611E-02),.PIECEWISE_BEZIER_KNOTS.) CURVE() 
GEOMETRIC_REPRESENTATION_ITEM() RATIONAL_B_SPLINE_CURVE((1.,
0.999724377348,1.)) REPRESENTATION_ITEM('') );
#3696 = CARTESIAN_POINT('',(-12.85978196086,1.755586921884,15.));
#3697 = CARTESIAN_POINT('',(-12.90100923098,1.453594637733,15.));
#3698 = CARTESIAN_POINT('',(-12.92801521971,1.15,15.));
#3699 = VECTOR('',#3700,1.);
#3700 = DIRECTION('',(-0.,-0.,-1.));
#3701 = ADVANCED_FACE('',(#3702),#3713,.F.);
#3702 = FACE_BOUND('',#3703,.F.);
#3703 = EDGE_LOOP('',(#3704,#3705,#3706,#3712));
#3704 = ORIENTED_EDGE('',*,*,#3688,.T.);
#3705 = ORIENTED_EDGE('',*,*,#2941,.T.);
#3706 = ORIENTED_EDGE('',*,*,#3707,.F.);
#3707 = EDGE_CURVE('',#1912,#2932,#3708,.T.);
#3708 = LINE('',#3709,#3710);
#3709 = CARTESIAN_POINT('',(-12.66801521971,0.89,15.));
#3710 = VECTOR('',#3711,1.);
#3711 = DIRECTION('',(0.,0.,1.));
#3712 = ORIENTED_EDGE('',*,*,#1921,.F.);
#3713 = SURFACE_OF_LINEAR_EXTRUSION('',#3714,#3718);
#3714 = ( BOUNDED_CURVE() B_SPLINE_CURVE(2,(#3715,#3716,#3717),
.UNSPECIFIED.,.F.,.F.) B_SPLINE_CURVE_WITH_KNOTS((3,3),(0.,
1.570796326795),.PIECEWISE_BEZIER_KNOTS.) CURVE() 
GEOMETRIC_REPRESENTATION_ITEM() RATIONAL_B_SPLINE_CURVE((1.,
0.707106781187,1.)) REPRESENTATION_ITEM('') );
#3715 = CARTESIAN_POINT('',(-12.92801521971,1.15,15.));
#3716 = CARTESIAN_POINT('',(-12.92801521971,0.89,15.));
#3717 = CARTESIAN_POINT('',(-12.66801521971,0.89,15.));
#3718 = VECTOR('',#3719,1.);
#3719 = DIRECTION('',(-0.,-0.,-1.));
#3720 = ADVANCED_FACE('',(#3721),#3732,.F.);
#3721 = FACE_BOUND('',#3722,.F.);
#3722 = EDGE_LOOP('',(#3723,#3724,#3725,#3731));
#3723 = ORIENTED_EDGE('',*,*,#3707,.T.);
#3724 = ORIENTED_EDGE('',*,*,#2931,.T.);
#3725 = ORIENTED_EDGE('',*,*,#3726,.F.);
#3726 = EDGE_CURVE('',#1904,#2924,#3727,.T.);
#3727 = LINE('',#3728,#3729);
#3728 = CARTESIAN_POINT('',(-12.66801521971,-0.89,15.));
#3729 = VECTOR('',#3730,1.);
#3730 = DIRECTION('',(0.,0.,1.));
#3731 = ORIENTED_EDGE('',*,*,#1911,.F.);
#3732 = SURFACE_OF_LINEAR_EXTRUSION('',#3733,#3739);
#3733 = ( BOUNDED_CURVE() B_SPLINE_CURVE(2,(#3734,#3735,#3736,#3737,
#3738),.UNSPECIFIED.,.F.,.F.) B_SPLINE_CURVE_WITH_KNOTS((3,2,3),(0.,
1.570796326795,3.14159265359),.PIECEWISE_BEZIER_KNOTS.) CURVE() 
GEOMETRIC_REPRESENTATION_ITEM() RATIONAL_B_SPLINE_CURVE((1.,
0.707106781187,1.,0.707106781187,1.)) REPRESENTATION_ITEM('') );
#3734 = CARTESIAN_POINT('',(-12.66801521971,0.89,15.));
#3735 = CARTESIAN_POINT('',(-11.77801521971,0.89,15.));
#3736 = CARTESIAN_POINT('',(-11.77801521971,1.78E-15,15.));
#3737 = CARTESIAN_POINT('',(-11.77801521971,-0.89,15.));
#3738 = CARTESIAN_POINT('',(-12.66801521971,-0.89,15.));
#3739 = VECTOR('',#3740,1.);
#3740 = DIRECTION('',(-0.,-0.,-1.));
#3741 = ADVANCED_FACE('',(#3742),#3753,.F.);
#3742 = FACE_BOUND('',#3743,.F.);
#3743 = EDGE_LOOP('',(#3744,#3745,#3746,#3752));
#3744 = ORIENTED_EDGE('',*,*,#3726,.T.);
#3745 = ORIENTED_EDGE('',*,*,#2923,.T.);
#3746 = ORIENTED_EDGE('',*,*,#3747,.F.);
#3747 = EDGE_CURVE('',#1896,#2916,#3748,.T.);
#3748 = LINE('',#3749,#3750);
#3749 = CARTESIAN_POINT('',(-12.92801521971,-1.15,15.));
#3750 = VECTOR('',#3751,1.);
#3751 = DIRECTION('',(0.,0.,1.));
#3752 = ORIENTED_EDGE('',*,*,#1903,.F.);
#3753 = SURFACE_OF_LINEAR_EXTRUSION('',#3754,#3758);
#3754 = ( BOUNDED_CURVE() B_SPLINE_CURVE(2,(#3755,#3756,#3757),
.UNSPECIFIED.,.F.,.F.) B_SPLINE_CURVE_WITH_KNOTS((3,3),(0.,
1.570796326795),.PIECEWISE_BEZIER_KNOTS.) CURVE() 
GEOMETRIC_REPRESENTATION_ITEM() RATIONAL_B_SPLINE_CURVE((1.,
0.707106781187,1.)) REPRESENTATION_ITEM('') );
#3755 = CARTESIAN_POINT('',(-12.66801521971,-0.89,15.));
#3756 = CARTESIAN_POINT('',(-12.92801521971,-0.89,15.));
#3757 = CARTESIAN_POINT('',(-12.92801521971,-1.15,15.));
#3758 = VECTOR('',#3759,1.);
#3759 = DIRECTION('',(-0.,-0.,-1.));
#3760 = ADVANCED_FACE('',(#3761),#3772,.F.);
#3761 = FACE_BOUND('',#3762,.F.);
#3762 = EDGE_LOOP('',(#3763,#3764,#3765,#3771));
#3763 = ORIENTED_EDGE('',*,*,#3747,.T.);
#3764 = ORIENTED_EDGE('',*,*,#2915,.T.);
#3765 = ORIENTED_EDGE('',*,*,#3766,.F.);
#3766 = EDGE_CURVE('',#1888,#2908,#3767,.T.);
#3767 = LINE('',#3768,#3769);
#3768 = CARTESIAN_POINT('',(-12.85978196086,-1.755586921884,15.));
#3769 = VECTOR('',#3770,1.);
#3770 = DIRECTION('',(0.,0.,1.));
#3771 = ORIENTED_EDGE('',*,*,#1895,.F.);
#3772 = SURFACE_OF_LINEAR_EXTRUSION('',#3773,#3777);
#3773 = ( BOUNDED_CURVE() B_SPLINE_CURVE(2,(#3774,#3775,#3776),
.UNSPECIFIED.,.F.,.F.) B_SPLINE_CURVE_WITH_KNOTS((3,3),(0.,
4.695830611611E-02),.PIECEWISE_BEZIER_KNOTS.) CURVE() 
GEOMETRIC_REPRESENTATION_ITEM() RATIONAL_B_SPLINE_CURVE((1.,
0.999724377348,1.)) REPRESENTATION_ITEM('') );
#3774 = CARTESIAN_POINT('',(-12.92801521971,-1.15,15.));
#3775 = CARTESIAN_POINT('',(-12.90100923098,-1.453594637733,15.));
#3776 = CARTESIAN_POINT('',(-12.85978196086,-1.755586921884,15.));
#3777 = VECTOR('',#3778,1.);
#3778 = DIRECTION('',(-0.,-0.,-1.));
#3779 = ADVANCED_FACE('',(#3780),#3791,.F.);
#3780 = FACE_BOUND('',#3781,.F.);
#3781 = EDGE_LOOP('',(#3782,#3783,#3784,#3790));
#3782 = ORIENTED_EDGE('',*,*,#3766,.T.);
#3783 = ORIENTED_EDGE('',*,*,#2907,.T.);
#3784 = ORIENTED_EDGE('',*,*,#3785,.F.);
#3785 = EDGE_CURVE('',#1878,#2898,#3786,.T.);
#3786 = LINE('',#3787,#3788);
#3787 = CARTESIAN_POINT('',(-12.54844526087,-1.951212736223,15.));
#3788 = VECTOR('',#3789,1.);
#3789 = DIRECTION('',(0.,0.,1.));
#3790 = ORIENTED_EDGE('',*,*,#1887,.F.);
#3791 = SURFACE_OF_LINEAR_EXTRUSION('',#3792,#3796);
#3792 = ( BOUNDED_CURVE() B_SPLINE_CURVE(2,(#3793,#3794,#3795),
.UNSPECIFIED.,.F.,.F.) B_SPLINE_CURVE_WITH_KNOTS((3,3),(0.,
1.570796326795),.PIECEWISE_BEZIER_KNOTS.) CURVE() 
GEOMETRIC_REPRESENTATION_ITEM() RATIONAL_B_SPLINE_CURVE((1.,
0.707106781187,1.)) REPRESENTATION_ITEM('') );
#3793 = CARTESIAN_POINT('',(-12.85978196086,-1.755586921884,15.));
#3794 = CARTESIAN_POINT('',(-12.80192651803,-2.009068179052,15.));
#3795 = CARTESIAN_POINT('',(-12.54844526087,-1.951212736223,15.));
#3796 = VECTOR('',#3797,1.);
#3797 = DIRECTION('',(-0.,-0.,-1.));
#3798 = ADVANCED_FACE('',(#3799),#3810,.F.);
#3799 = FACE_BOUND('',#3800,.F.);
#3800 = EDGE_LOOP('',(#3801,#3802,#3803,#3809));
#3801 = ORIENTED_EDGE('',*,*,#3785,.T.);
#3802 = ORIENTED_EDGE('',*,*,#2897,.T.);
#3803 = ORIENTED_EDGE('',*,*,#3804,.F.);
#3804 = EDGE_CURVE('',#1870,#2890,#3805,.T.);
#3805 = LINE('',#3806,#3807);
#3806 = CARTESIAN_POINT('',(-12.15235799842,-3.686584419907,15.));
#3807 = VECTOR('',#3808,1.);
#3808 = DIRECTION('',(0.,0.,1.));
#3809 = ORIENTED_EDGE('',*,*,#1877,.F.);
#3810 = SURFACE_OF_LINEAR_EXTRUSION('',#3811,#3817);
#3811 = ( BOUNDED_CURVE() B_SPLINE_CURVE(2,(#3812,#3813,#3814,#3815,
#3816),.UNSPECIFIED.,.F.,.F.) B_SPLINE_CURVE_WITH_KNOTS((3,2,3),(0.,
1.570796326795,3.14159265359),.PIECEWISE_BEZIER_KNOTS.) CURVE() 
GEOMETRIC_REPRESENTATION_ITEM() RATIONAL_B_SPLINE_CURVE((1.,
0.707106781187,1.,0.707106781187,1.)) REPRESENTATION_ITEM('') );
#3812 = CARTESIAN_POINT('',(-12.54844526087,-1.951212736223,15.));
#3813 = CARTESIAN_POINT('',(-11.68075941902,-1.753169105002,15.));
#3814 = CARTESIAN_POINT('',(-11.4827157878,-2.620854946844,15.));
#3815 = CARTESIAN_POINT('',(-11.28467215658,-3.488540788685,15.));
#3816 = CARTESIAN_POINT('',(-12.15235799842,-3.686584419907,15.));
#3817 = VECTOR('',#3818,1.);
#3818 = DIRECTION('',(-0.,-0.,-1.));
#3819 = ADVANCED_FACE('',(#3820),#3831,.F.);
#3820 = FACE_BOUND('',#3821,.F.);
#3821 = EDGE_LOOP('',(#3822,#3823,#3824,#3830));
#3822 = ORIENTED_EDGE('',*,*,#3804,.T.);
#3823 = ORIENTED_EDGE('',*,*,#2889,.T.);
#3824 = ORIENTED_EDGE('',*,*,#3825,.F.);
#3825 = EDGE_CURVE('',#1862,#2882,#3826,.T.);
#3826 = LINE('',#3827,#3828);
#3827 = CARTESIAN_POINT('',(-12.34798381276,-3.997921119902,15.));
#3828 = VECTOR('',#3829,1.);
#3829 = DIRECTION('',(0.,0.,1.));
#3830 = ORIENTED_EDGE('',*,*,#1869,.F.);
#3831 = SURFACE_OF_LINEAR_EXTRUSION('',#3832,#3836);
#3832 = ( BOUNDED_CURVE() B_SPLINE_CURVE(2,(#3833,#3834,#3835),
.UNSPECIFIED.,.F.,.F.) B_SPLINE_CURVE_WITH_KNOTS((3,3),(0.,
1.570796326795),.PIECEWISE_BEZIER_KNOTS.) CURVE() 
GEOMETRIC_REPRESENTATION_ITEM() RATIONAL_B_SPLINE_CURVE((1.,
0.707106781187,1.)) REPRESENTATION_ITEM('') );
#3833 = CARTESIAN_POINT('',(-12.15235799842,-3.686584419907,15.));
#3834 = CARTESIAN_POINT('',(-12.40583925559,-3.744439862735,15.));
#3835 = CARTESIAN_POINT('',(-12.34798381276,-3.997921119902,15.));
#3836 = VECTOR('',#3837,1.);
#3837 = DIRECTION('',(-0.,-0.,-1.));
#3838 = ADVANCED_FACE('',(#3839),#3850,.F.);
#3839 = FACE_BOUND('',#3840,.F.);
#3840 = EDGE_LOOP('',(#3841,#3842,#3843,#3849));
#3841 = ORIENTED_EDGE('',*,*,#3825,.T.);
#3842 = ORIENTED_EDGE('',*,*,#2881,.T.);
#3843 = ORIENTED_EDGE('',*,*,#3844,.F.);
#3844 = EDGE_CURVE('',#1854,#2874,#3845,.T.);
#3845 = LINE('',#3846,#3847);
#3846 = CARTESIAN_POINT('',(-12.14670553672,-4.573141384813,15.));
#3847 = VECTOR('',#3848,1.);
#3848 = DIRECTION('',(0.,0.,1.));
#3849 = ORIENTED_EDGE('',*,*,#1861,.F.);
#3850 = SURFACE_OF_LINEAR_EXTRUSION('',#3851,#3855);
#3851 = ( BOUNDED_CURVE() B_SPLINE_CURVE(2,(#3852,#3853,#3854),
.UNSPECIFIED.,.F.,.F.) B_SPLINE_CURVE_WITH_KNOTS((3,3),(0.,
4.695830611611E-02),.PIECEWISE_BEZIER_KNOTS.) CURVE() 
GEOMETRIC_REPRESENTATION_ITEM() RATIONAL_B_SPLINE_CURVE((1.,
0.999724377348,1.)) REPRESENTATION_ITEM('') );
#3852 = CARTESIAN_POINT('',(-12.34798381276,-3.997921119902,15.));
#3853 = CARTESIAN_POINT('',(-12.25409875821,-4.287894608382,15.));
#3854 = CARTESIAN_POINT('',(-12.14670553672,-4.573141384813,15.));
#3855 = VECTOR('',#3856,1.);
#3856 = DIRECTION('',(-0.,-0.,-1.));
#3857 = ADVANCED_FACE('',(#3858),#3869,.F.);
#3858 = FACE_BOUND('',#3859,.F.);
#3859 = EDGE_LOOP('',(#3860,#3861,#3862,#3868));
#3860 = ORIENTED_EDGE('',*,*,#3844,.T.);
#3861 = ORIENTED_EDGE('',*,*,#2873,.T.);
#3862 = ORIENTED_EDGE('',*,*,#3863,.F.);
#3863 = EDGE_CURVE('',#1844,#2864,#3864,.T.);
#3864 = LINE('',#3865,#3866);
#3865 = CARTESIAN_POINT('',(-11.79964385889,-4.694583518297,15.));
#3866 = VECTOR('',#3867,1.);
#3867 = DIRECTION('',(0.,0.,1.));
#3868 = ORIENTED_EDGE('',*,*,#1853,.F.);
#3869 = SURFACE_OF_LINEAR_EXTRUSION('',#3870,#3874);
#3870 = ( BOUNDED_CURVE() B_SPLINE_CURVE(2,(#3871,#3872,#3873),
.UNSPECIFIED.,.F.,.F.) B_SPLINE_CURVE_WITH_KNOTS((3,3),(0.,
1.570796326795),.PIECEWISE_BEZIER_KNOTS.) CURVE() 
GEOMETRIC_REPRESENTATION_ITEM() RATIONAL_B_SPLINE_CURVE((1.,
0.707106781187,1.)) REPRESENTATION_ITEM('') );
#3871 = CARTESIAN_POINT('',(-12.14670553672,-4.573141384813,15.));
#3872 = CARTESIAN_POINT('',(-12.03389576455,-4.807393290467,15.));
#3873 = CARTESIAN_POINT('',(-11.79964385889,-4.694583518297,15.));
#3874 = VECTOR('',#3875,1.);
#3875 = DIRECTION('',(-0.,-0.,-1.));
#3876 = ADVANCED_FACE('',(#3877),#3888,.F.);
#3877 = FACE_BOUND('',#3878,.F.);
#3878 = EDGE_LOOP('',(#3879,#3880,#3881,#3887));
#3879 = ORIENTED_EDGE('',*,*,#3863,.T.);
#3880 = ORIENTED_EDGE('',*,*,#2863,.T.);
#3881 = ORIENTED_EDGE('',*,*,#3882,.F.);
#3882 = EDGE_CURVE('',#1836,#2856,#3883,.T.);
#3883 = LINE('',#3884,#3885);
#3884 = CARTESIAN_POINT('',(-11.02733080326,-6.298308103163,15.));
#3885 = VECTOR('',#3886,1.);
#3886 = DIRECTION('',(0.,0.,1.));
#3887 = ORIENTED_EDGE('',*,*,#1843,.F.);
#3888 = SURFACE_OF_LINEAR_EXTRUSION('',#3889,#3895);
#3889 = ( BOUNDED_CURVE() B_SPLINE_CURVE(2,(#3890,#3891,#3892,#3893,
#3894),.UNSPECIFIED.,.F.,.F.) B_SPLINE_CURVE_WITH_KNOTS((3,2,3),(0.,
1.570796326795,3.14159265359),.PIECEWISE_BEZIER_KNOTS.) CURVE() 
GEOMETRIC_REPRESENTATION_ITEM() RATIONAL_B_SPLINE_CURVE((1.,
0.707106781187,1.,0.707106781187,1.)) REPRESENTATION_ITEM('') );
#3890 = CARTESIAN_POINT('',(-11.79964385889,-4.694583518297,15.));
#3891 = CARTESIAN_POINT('',(-10.99778156646,-4.308426990482,15.));
#3892 = CARTESIAN_POINT('',(-10.61162503864,-5.110289282915,15.));
#3893 = CARTESIAN_POINT('',(-10.22546851083,-5.912151575348,15.));
#3894 = CARTESIAN_POINT('',(-11.02733080326,-6.298308103163,15.));
#3895 = VECTOR('',#3896,1.);
#3896 = DIRECTION('',(-0.,-0.,-1.));
#3897 = ADVANCED_FACE('',(#3898),#3909,.F.);
#3898 = FACE_BOUND('',#3899,.F.);
#3899 = EDGE_LOOP('',(#3900,#3901,#3902,#3908));
#3900 = ORIENTED_EDGE('',*,*,#3882,.T.);
#3901 = ORIENTED_EDGE('',*,*,#2855,.T.);
#3902 = ORIENTED_EDGE('',*,*,#3903,.F.);
#3903 = EDGE_CURVE('',#1828,#2848,#3904,.T.);
#3904 = LINE('',#3905,#3906);
#3905 = CARTESIAN_POINT('',(-11.14877293675,-6.645369780988,15.));
#3906 = VECTOR('',#3907,1.);
#3907 = DIRECTION('',(0.,0.,1.));
#3908 = ORIENTED_EDGE('',*,*,#1835,.F.);
#3909 = SURFACE_OF_LINEAR_EXTRUSION('',#3910,#3914);
#3910 = ( BOUNDED_CURVE() B_SPLINE_CURVE(2,(#3911,#3912,#3913),
.UNSPECIFIED.,.F.,.F.) B_SPLINE_CURVE_WITH_KNOTS((3,3),(0.,
1.570796326795),.PIECEWISE_BEZIER_KNOTS.) CURVE() 
GEOMETRIC_REPRESENTATION_ITEM() RATIONAL_B_SPLINE_CURVE((1.,
0.707106781187,1.)) REPRESENTATION_ITEM('') );
#3911 = CARTESIAN_POINT('',(-11.02733080326,-6.298308103163,15.));
#3912 = CARTESIAN_POINT('',(-11.26158270892,-6.411117875334,15.));
#3913 = CARTESIAN_POINT('',(-11.14877293675,-6.645369780988,15.));
#3914 = VECTOR('',#3915,1.);
#3915 = DIRECTION('',(-0.,-0.,-1.));
#3916 = ADVANCED_FACE('',(#3917),#3928,.F.);
#3917 = FACE_BOUND('',#3918,.F.);
#3918 = EDGE_LOOP('',(#3919,#3920,#3921,#3927));
#3919 = ORIENTED_EDGE('',*,*,#3903,.T.);
#3920 = ORIENTED_EDGE('',*,*,#2847,.T.);
#3921 = ORIENTED_EDGE('',*,*,#3922,.F.);
#3922 = EDGE_CURVE('',#1820,#2840,#3923,.T.);
#3923 = LINE('',#3924,#3925);
#3924 = CARTESIAN_POINT('',(-10.82454257674,-7.161379442931,15.));
#3925 = VECTOR('',#3926,1.);
#3926 = DIRECTION('',(0.,0.,1.));
#3927 = ORIENTED_EDGE('',*,*,#1827,.F.);
#3928 = SURFACE_OF_LINEAR_EXTRUSION('',#3929,#3933);
#3929 = ( BOUNDED_CURVE() B_SPLINE_CURVE(2,(#3930,#3931,#3932),
.UNSPECIFIED.,.F.,.F.) B_SPLINE_CURVE_WITH_KNOTS((3,3),(0.,
4.695830611611E-02),.PIECEWISE_BEZIER_KNOTS.) CURVE() 
GEOMETRIC_REPRESENTATION_ITEM() RATIONAL_B_SPLINE_CURVE((1.,
0.999724377348,1.)) REPRESENTATION_ITEM('') );
#3930 = CARTESIAN_POINT('',(-11.14877293675,-6.645369780988,15.));
#3931 = CARTESIAN_POINT('',(-10.99271660505,-6.907181638677,15.));
#3932 = CARTESIAN_POINT('',(-10.82454257674,-7.161379442931,15.));
#3933 = VECTOR('',#3934,1.);
#3934 = DIRECTION('',(-0.,-0.,-1.));
#3935 = ADVANCED_FACE('',(#3936),#3947,.F.);
#3936 = FACE_BOUND('',#3937,.F.);
#3937 = EDGE_LOOP('',(#3938,#3939,#3940,#3946));
#3938 = ORIENTED_EDGE('',*,*,#3922,.T.);
#3939 = ORIENTED_EDGE('',*,*,#2839,.T.);
#3940 = ORIENTED_EDGE('',*,*,#3941,.F.);
#3941 = EDGE_CURVE('',#1810,#2830,#3942,.T.);
#3942 = LINE('',#3943,#3944);
#3943 = CARTESIAN_POINT('',(-10.45915904281,-7.20254827989,15.));
#3944 = VECTOR('',#3945,1.);
#3945 = DIRECTION('',(0.,0.,1.));
#3946 = ORIENTED_EDGE('',*,*,#1819,.F.);
#3947 = SURFACE_OF_LINEAR_EXTRUSION('',#3948,#3952);
#3948 = ( BOUNDED_CURVE() B_SPLINE_CURVE(2,(#3949,#3950,#3951),
.UNSPECIFIED.,.F.,.F.) B_SPLINE_CURVE_WITH_KNOTS((3,3),(0.,
1.570796326795),.PIECEWISE_BEZIER_KNOTS.) CURVE() 
GEOMETRIC_REPRESENTATION_ITEM() RATIONAL_B_SPLINE_CURVE((1.,
0.707106781187,1.)) REPRESENTATION_ITEM('') );
#3949 = CARTESIAN_POINT('',(-10.82454257674,-7.161379442931,15.));
#3950 = CARTESIAN_POINT('',(-10.66243522825,-7.364655628373,15.));
#3951 = CARTESIAN_POINT('',(-10.45915904281,-7.20254827989,15.));
#3952 = VECTOR('',#3953,1.);
#3953 = DIRECTION('',(-0.,-0.,-1.));
#3954 = ADVANCED_FACE('',(#3955),#3966,.F.);
#3955 = FACE_BOUND('',#3956,.F.);
#3956 = EDGE_LOOP('',(#3957,#3958,#3959,#3965));
#3957 = ORIENTED_EDGE('',*,*,#3941,.T.);
#3958 = ORIENTED_EDGE('',*,*,#2829,.T.);
#3959 = ORIENTED_EDGE('',*,*,#3960,.F.);
#3960 = EDGE_CURVE('',#1802,#2822,#3961,.T.);
#3961 = LINE('',#3962,#3963);
#3962 = CARTESIAN_POINT('',(-9.349347195506,-8.594208318683,15.));
#3963 = VECTOR('',#3964,1.);
#3964 = DIRECTION('',(0.,0.,1.));
#3965 = ORIENTED_EDGE('',*,*,#1809,.F.);
#3966 = SURFACE_OF_LINEAR_EXTRUSION('',#3967,#3973);
#3967 = ( BOUNDED_CURVE() B_SPLINE_CURVE(2,(#3968,#3969,#3970,#3971,
#3972),.UNSPECIFIED.,.F.,.F.) B_SPLINE_CURVE_WITH_KNOTS((3,2,3),(0.,
1.570796326795,3.14159265359),.PIECEWISE_BEZIER_KNOTS.) CURVE() 
GEOMETRIC_REPRESENTATION_ITEM() RATIONAL_B_SPLINE_CURVE((1.,
0.707106781187,1.,0.707106781187,1.)) REPRESENTATION_ITEM('') );
#3968 = CARTESIAN_POINT('',(-10.45915904281,-7.20254827989,15.));
#3969 = CARTESIAN_POINT('',(-9.763329023418,-6.647642356235,15.));
#3970 = CARTESIAN_POINT('',(-9.208423099764,-7.343472375632,15.));
#3971 = CARTESIAN_POINT('',(-8.65351717611,-8.039302395028,15.));
#3972 = CARTESIAN_POINT('',(-9.349347195506,-8.594208318683,15.));
#3973 = VECTOR('',#3974,1.);
#3974 = DIRECTION('',(-0.,-0.,-1.));
#3975 = ADVANCED_FACE('',(#3976),#3987,.F.);
#3976 = FACE_BOUND('',#3977,.F.);
#3977 = EDGE_LOOP('',(#3978,#3979,#3980,#3986));
#3978 = ORIENTED_EDGE('',*,*,#3960,.T.);
#3979 = ORIENTED_EDGE('',*,*,#2821,.T.);
#3980 = ORIENTED_EDGE('',*,*,#3981,.F.);
#3981 = EDGE_CURVE('',#1794,#2814,#3982,.T.);
#3982 = LINE('',#3983,#3984);
#3983 = CARTESIAN_POINT('',(-9.390516032465,-8.959591852608,15.));
#3984 = VECTOR('',#3985,1.);
#3985 = DIRECTION('',(0.,0.,1.));
#3986 = ORIENTED_EDGE('',*,*,#1801,.F.);
#3987 = SURFACE_OF_LINEAR_EXTRUSION('',#3988,#3992);
#3988 = ( BOUNDED_CURVE() B_SPLINE_CURVE(2,(#3989,#3990,#3991),
.UNSPECIFIED.,.F.,.F.) B_SPLINE_CURVE_WITH_KNOTS((3,3),(0.,
1.570796326795),.PIECEWISE_BEZIER_KNOTS.) CURVE() 
GEOMETRIC_REPRESENTATION_ITEM() RATIONAL_B_SPLINE_CURVE((1.,
0.707106781187,1.)) REPRESENTATION_ITEM('') );
#3989 = CARTESIAN_POINT('',(-9.349347195506,-8.594208318683,15.));
#3990 = CARTESIAN_POINT('',(-9.552623380948,-8.756315667166,15.));
#3991 = CARTESIAN_POINT('',(-9.390516032465,-8.959591852608,15.));
#3992 = VECTOR('',#3993,1.);
#3993 = DIRECTION('',(-0.,-0.,-1.));
#3994 = ADVANCED_FACE('',(#3995),#4006,.F.);
#3995 = FACE_BOUND('',#3996,.F.);
#3996 = EDGE_LOOP('',(#3997,#3998,#3999,#4005));
#3997 = ORIENTED_EDGE('',*,*,#3981,.T.);
#3998 = ORIENTED_EDGE('',*,*,#2813,.T.);
#3999 = ORIENTED_EDGE('',*,*,#4000,.F.);
#4000 = EDGE_CURVE('',#1786,#2806,#4001,.T.);
#4001 = LINE('',#4002,#4003);
#4002 = CARTESIAN_POINT('',(-8.959591852608,-9.390516032465,15.));
#4003 = VECTOR('',#4004,1.);
#4004 = DIRECTION('',(0.,0.,1.));
#4005 = ORIENTED_EDGE('',*,*,#1793,.F.);
#4006 = SURFACE_OF_LINEAR_EXTRUSION('',#4007,#4011);
#4007 = ( BOUNDED_CURVE() B_SPLINE_CURVE(2,(#4008,#4009,#4010),
.UNSPECIFIED.,.F.,.F.) B_SPLINE_CURVE_WITH_KNOTS((3,3),(0.,
4.695830611611E-02),.PIECEWISE_BEZIER_KNOTS.) CURVE() 
GEOMETRIC_REPRESENTATION_ITEM() RATIONAL_B_SPLINE_CURVE((1.,
0.999724377348,1.)) REPRESENTATION_ITEM('') );
#4008 = CARTESIAN_POINT('',(-9.390516032465,-8.959591852608,15.));
#4009 = CARTESIAN_POINT('',(-9.180113739731,-9.180113739731,15.));
#4010 = CARTESIAN_POINT('',(-8.959591852608,-9.390516032465,15.));
#4011 = VECTOR('',#4012,1.);
#4012 = DIRECTION('',(-0.,-0.,-1.));
#4013 = ADVANCED_FACE('',(#4014),#4025,.F.);
#4014 = FACE_BOUND('',#4015,.F.);
#4015 = EDGE_LOOP('',(#4016,#4017,#4018,#4024));
#4016 = ORIENTED_EDGE('',*,*,#4000,.T.);
#4017 = ORIENTED_EDGE('',*,*,#2805,.T.);
#4018 = ORIENTED_EDGE('',*,*,#4019,.F.);
#4019 = EDGE_CURVE('',#1776,#2796,#4020,.T.);
#4020 = LINE('',#4021,#4022);
#4021 = CARTESIAN_POINT('',(-8.594208318683,-9.349347195506,15.));
#4022 = VECTOR('',#4023,1.);
#4023 = DIRECTION('',(0.,0.,1.));
#4024 = ORIENTED_EDGE('',*,*,#1785,.F.);
#4025 = SURFACE_OF_LINEAR_EXTRUSION('',#4026,#4030);
#4026 = ( BOUNDED_CURVE() B_SPLINE_CURVE(2,(#4027,#4028,#4029),
.UNSPECIFIED.,.F.,.F.) B_SPLINE_CURVE_WITH_KNOTS((3,3),(0.,
1.570796326795),.PIECEWISE_BEZIER_KNOTS.) CURVE() 
GEOMETRIC_REPRESENTATION_ITEM() RATIONAL_B_SPLINE_CURVE((1.,
0.707106781187,1.)) REPRESENTATION_ITEM('') );
#4027 = CARTESIAN_POINT('',(-8.959591852608,-9.390516032465,15.));
#4028 = CARTESIAN_POINT('',(-8.756315667166,-9.552623380948,15.));
#4029 = CARTESIAN_POINT('',(-8.594208318683,-9.349347195506,15.));
#4030 = VECTOR('',#4031,1.);
#4031 = DIRECTION('',(-0.,-0.,-1.));
#4032 = ADVANCED_FACE('',(#4033),#4044,.F.);
#4033 = FACE_BOUND('',#4034,.F.);
#4034 = EDGE_LOOP('',(#4035,#4036,#4037,#4043));
#4035 = ORIENTED_EDGE('',*,*,#4019,.T.);
#4036 = ORIENTED_EDGE('',*,*,#2795,.T.);
#4037 = ORIENTED_EDGE('',*,*,#4038,.F.);
#4038 = EDGE_CURVE('',#1768,#2788,#4039,.T.);
#4039 = LINE('',#4040,#4041);
#4040 = CARTESIAN_POINT('',(-7.20254827989,-10.45915904281,15.));
#4041 = VECTOR('',#4042,1.);
#4042 = DIRECTION('',(0.,0.,1.));
#4043 = ORIENTED_EDGE('',*,*,#1775,.F.);
#4044 = SURFACE_OF_LINEAR_EXTRUSION('',#4045,#4051);
#4045 = ( BOUNDED_CURVE() B_SPLINE_CURVE(2,(#4046,#4047,#4048,#4049,
#4050),.UNSPECIFIED.,.F.,.F.) B_SPLINE_CURVE_WITH_KNOTS((3,2,3),(0.,
1.570796326795,3.14159265359),.PIECEWISE_BEZIER_KNOTS.) CURVE() 
GEOMETRIC_REPRESENTATION_ITEM() RATIONAL_B_SPLINE_CURVE((1.,
0.707106781187,1.,0.707106781187,1.)) REPRESENTATION_ITEM('') );
#4046 = CARTESIAN_POINT('',(-8.594208318683,-9.349347195506,15.));
#4047 = CARTESIAN_POINT('',(-8.039302395028,-8.65351717611,15.));
#4048 = CARTESIAN_POINT('',(-7.343472375632,-9.208423099764,15.));
#4049 = CARTESIAN_POINT('',(-6.647642356235,-9.763329023418,15.));
#4050 = CARTESIAN_POINT('',(-7.20254827989,-10.45915904281,15.));
#4051 = VECTOR('',#4052,1.);
#4052 = DIRECTION('',(-0.,-0.,-1.));
#4053 = ADVANCED_FACE('',(#4054),#4065,.F.);
#4054 = FACE_BOUND('',#4055,.F.);
#4055 = EDGE_LOOP('',(#4056,#4057,#4058,#4064));
#4056 = ORIENTED_EDGE('',*,*,#4038,.T.);
#4057 = ORIENTED_EDGE('',*,*,#2787,.T.);
#4058 = ORIENTED_EDGE('',*,*,#4059,.F.);
#4059 = EDGE_CURVE('',#1760,#2780,#4060,.T.);
#4060 = LINE('',#4061,#4062);
#4061 = CARTESIAN_POINT('',(-7.161379442931,-10.82454257674,15.));
#4062 = VECTOR('',#4063,1.);
#4063 = DIRECTION('',(0.,0.,1.));
#4064 = ORIENTED_EDGE('',*,*,#1767,.F.);
#4065 = SURFACE_OF_LINEAR_EXTRUSION('',#4066,#4070);
#4066 = ( BOUNDED_CURVE() B_SPLINE_CURVE(2,(#4067,#4068,#4069),
.UNSPECIFIED.,.F.,.F.) B_SPLINE_CURVE_WITH_KNOTS((3,3),(0.,
1.570796326795),.PIECEWISE_BEZIER_KNOTS.) CURVE() 
GEOMETRIC_REPRESENTATION_ITEM() RATIONAL_B_SPLINE_CURVE((1.,
0.707106781187,1.)) REPRESENTATION_ITEM('') );
#4067 = CARTESIAN_POINT('',(-7.20254827989,-10.45915904281,15.));
#4068 = CARTESIAN_POINT('',(-7.364655628373,-10.66243522825,15.));
#4069 = CARTESIAN_POINT('',(-7.161379442931,-10.82454257674,15.));
#4070 = VECTOR('',#4071,1.);
#4071 = DIRECTION('',(-0.,-0.,-1.));
#4072 = ADVANCED_FACE('',(#4073),#4084,.F.);
#4073 = FACE_BOUND('',#4074,.F.);
#4074 = EDGE_LOOP('',(#4075,#4076,#4077,#4083));
#4075 = ORIENTED_EDGE('',*,*,#4059,.T.);
#4076 = ORIENTED_EDGE('',*,*,#2779,.T.);
#4077 = ORIENTED_EDGE('',*,*,#4078,.F.);
#4078 = EDGE_CURVE('',#1752,#2772,#4079,.T.);
#4079 = LINE('',#4080,#4081);
#4080 = CARTESIAN_POINT('',(-6.645369780988,-11.14877293675,15.));
#4081 = VECTOR('',#4082,1.);
#4082 = DIRECTION('',(0.,0.,1.));
#4083 = ORIENTED_EDGE('',*,*,#1759,.F.);
#4084 = SURFACE_OF_LINEAR_EXTRUSION('',#4085,#4089);
#4085 = ( BOUNDED_CURVE() B_SPLINE_CURVE(2,(#4086,#4087,#4088),
.UNSPECIFIED.,.F.,.F.) B_SPLINE_CURVE_WITH_KNOTS((3,3),(0.,
4.695830611611E-02),.PIECEWISE_BEZIER_KNOTS.) CURVE() 
GEOMETRIC_REPRESENTATION_ITEM() RATIONAL_B_SPLINE_CURVE((1.,
0.999724377348,1.)) REPRESENTATION_ITEM('') );
#4086 = CARTESIAN_POINT('',(-7.161379442931,-10.82454257674,15.));
#4087 = CARTESIAN_POINT('',(-6.907181638677,-10.99271660505,15.));
#4088 = CARTESIAN_POINT('',(-6.645369780988,-11.14877293675,15.));
#4089 = VECTOR('',#4090,1.);
#4090 = DIRECTION('',(-0.,-0.,-1.));
#4091 = ADVANCED_FACE('',(#4092),#4103,.F.);
#4092 = FACE_BOUND('',#4093,.F.);
#4093 = EDGE_LOOP('',(#4094,#4095,#4096,#4102));
#4094 = ORIENTED_EDGE('',*,*,#4078,.T.);
#4095 = ORIENTED_EDGE('',*,*,#2771,.T.);
#4096 = ORIENTED_EDGE('',*,*,#4097,.F.);
#4097 = EDGE_CURVE('',#1742,#2762,#4098,.T.);
#4098 = LINE('',#4099,#4100);
#4099 = CARTESIAN_POINT('',(-6.298308103163,-11.02733080326,15.));
#4100 = VECTOR('',#4101,1.);
#4101 = DIRECTION('',(0.,0.,1.));
#4102 = ORIENTED_EDGE('',*,*,#1751,.F.);
#4103 = SURFACE_OF_LINEAR_EXTRUSION('',#4104,#4108);
#4104 = ( BOUNDED_CURVE() B_SPLINE_CURVE(2,(#4105,#4106,#4107),
.UNSPECIFIED.,.F.,.F.) B_SPLINE_CURVE_WITH_KNOTS((3,3),(0.,
1.570796326795),.PIECEWISE_BEZIER_KNOTS.) CURVE() 
GEOMETRIC_REPRESENTATION_ITEM() RATIONAL_B_SPLINE_CURVE((1.,
0.707106781187,1.)) REPRESENTATION_ITEM('') );
#4105 = CARTESIAN_POINT('',(-6.645369780988,-11.14877293675,15.));
#4106 = CARTESIAN_POINT('',(-6.411117875334,-11.26158270892,15.));
#4107 = CARTESIAN_POINT('',(-6.298308103163,-11.02733080326,15.));
#4108 = VECTOR('',#4109,1.);
#4109 = DIRECTION('',(-0.,-0.,-1.));
#4110 = ADVANCED_FACE('',(#4111),#4122,.F.);
#4111 = FACE_BOUND('',#4112,.F.);
#4112 = EDGE_LOOP('',(#4113,#4114,#4115,#4121));
#4113 = ORIENTED_EDGE('',*,*,#4097,.T.);
#4114 = ORIENTED_EDGE('',*,*,#2761,.T.);
#4115 = ORIENTED_EDGE('',*,*,#4116,.F.);
#4116 = EDGE_CURVE('',#1734,#2754,#4117,.T.);
#4117 = LINE('',#4118,#4119);
#4118 = CARTESIAN_POINT('',(-4.694583518297,-11.79964385889,15.));
#4119 = VECTOR('',#4120,1.);
#4120 = DIRECTION('',(0.,0.,1.));
#4121 = ORIENTED_EDGE('',*,*,#1741,.F.);
#4122 = SURFACE_OF_LINEAR_EXTRUSION('',#4123,#4129);
#4123 = ( BOUNDED_CURVE() B_SPLINE_CURVE(2,(#4124,#4125,#4126,#4127,
#4128),.UNSPECIFIED.,.F.,.F.) B_SPLINE_CURVE_WITH_KNOTS((3,2,3),(0.,
1.570796326795,3.14159265359),.PIECEWISE_BEZIER_KNOTS.) CURVE() 
GEOMETRIC_REPRESENTATION_ITEM() RATIONAL_B_SPLINE_CURVE((1.,
0.707106781187,1.,0.707106781187,1.)) REPRESENTATION_ITEM('') );
#4124 = CARTESIAN_POINT('',(-6.298308103163,-11.02733080326,15.));
#4125 = CARTESIAN_POINT('',(-5.912151575348,-10.22546851083,15.));
#4126 = CARTESIAN_POINT('',(-5.110289282915,-10.61162503864,15.));
#4127 = CARTESIAN_POINT('',(-4.308426990482,-10.99778156646,15.));
#4128 = CARTESIAN_POINT('',(-4.694583518297,-11.79964385889,15.));
#4129 = VECTOR('',#4130,1.);
#4130 = DIRECTION('',(-0.,-0.,-1.));
#4131 = ADVANCED_FACE('',(#4132),#4143,.F.);
#4132 = FACE_BOUND('',#4133,.F.);
#4133 = EDGE_LOOP('',(#4134,#4135,#4136,#4142));
#4134 = ORIENTED_EDGE('',*,*,#4116,.T.);
#4135 = ORIENTED_EDGE('',*,*,#2753,.T.);
#4136 = ORIENTED_EDGE('',*,*,#4137,.F.);
#4137 = EDGE_CURVE('',#1726,#2746,#4138,.T.);
#4138 = LINE('',#4139,#4140);
#4139 = CARTESIAN_POINT('',(-4.573141384813,-12.14670553672,15.));
#4140 = VECTOR('',#4141,1.);
#4141 = DIRECTION('',(0.,0.,1.));
#4142 = ORIENTED_EDGE('',*,*,#1733,.F.);
#4143 = SURFACE_OF_LINEAR_EXTRUSION('',#4144,#4148);
#4144 = ( BOUNDED_CURVE() B_SPLINE_CURVE(2,(#4145,#4146,#4147),
.UNSPECIFIED.,.F.,.F.) B_SPLINE_CURVE_WITH_KNOTS((3,3),(0.,
1.570796326795),.PIECEWISE_BEZIER_KNOTS.) CURVE() 
GEOMETRIC_REPRESENTATION_ITEM() RATIONAL_B_SPLINE_CURVE((1.,
0.707106781187,1.)) REPRESENTATION_ITEM('') );
#4145 = CARTESIAN_POINT('',(-4.694583518297,-11.79964385889,15.));
#4146 = CARTESIAN_POINT('',(-4.807393290467,-12.03389576455,15.));
#4147 = CARTESIAN_POINT('',(-4.573141384813,-12.14670553672,15.));
#4148 = VECTOR('',#4149,1.);
#4149 = DIRECTION('',(-0.,-0.,-1.));
#4150 = ADVANCED_FACE('',(#4151),#4162,.F.);
#4151 = FACE_BOUND('',#4152,.F.);
#4152 = EDGE_LOOP('',(#4153,#4154,#4155,#4161));
#4153 = ORIENTED_EDGE('',*,*,#4137,.T.);
#4154 = ORIENTED_EDGE('',*,*,#2745,.T.);
#4155 = ORIENTED_EDGE('',*,*,#4156,.F.);
#4156 = EDGE_CURVE('',#1718,#2738,#4157,.T.);
#4157 = LINE('',#4158,#4159);
#4158 = CARTESIAN_POINT('',(-3.997921119902,-12.34798381276,15.));
#4159 = VECTOR('',#4160,1.);
#4160 = DIRECTION('',(0.,0.,1.));
#4161 = ORIENTED_EDGE('',*,*,#1725,.F.);
#4162 = SURFACE_OF_LINEAR_EXTRUSION('',#4163,#4167);
#4163 = ( BOUNDED_CURVE() B_SPLINE_CURVE(2,(#4164,#4165,#4166),
.UNSPECIFIED.,.F.,.F.) B_SPLINE_CURVE_WITH_KNOTS((3,3),(0.,
4.695830611611E-02),.PIECEWISE_BEZIER_KNOTS.) CURVE() 
GEOMETRIC_REPRESENTATION_ITEM() RATIONAL_B_SPLINE_CURVE((1.,
0.999724377348,1.)) REPRESENTATION_ITEM('') );
#4164 = CARTESIAN_POINT('',(-4.573141384813,-12.14670553672,15.));
#4165 = CARTESIAN_POINT('',(-4.287894608382,-12.25409875821,15.));
#4166 = CARTESIAN_POINT('',(-3.997921119902,-12.34798381276,15.));
#4167 = VECTOR('',#4168,1.);
#4168 = DIRECTION('',(-0.,-0.,-1.));
#4169 = ADVANCED_FACE('',(#4170),#4181,.F.);
#4170 = FACE_BOUND('',#4171,.F.);
#4171 = EDGE_LOOP('',(#4172,#4173,#4174,#4180));
#4172 = ORIENTED_EDGE('',*,*,#4156,.T.);
#4173 = ORIENTED_EDGE('',*,*,#2737,.T.);
#4174 = ORIENTED_EDGE('',*,*,#4175,.F.);
#4175 = EDGE_CURVE('',#1708,#2728,#4176,.T.);
#4176 = LINE('',#4177,#4178);
#4177 = CARTESIAN_POINT('',(-3.686584419907,-12.15235799842,15.));
#4178 = VECTOR('',#4179,1.);
#4179 = DIRECTION('',(0.,0.,1.));
#4180 = ORIENTED_EDGE('',*,*,#1717,.F.);
#4181 = SURFACE_OF_LINEAR_EXTRUSION('',#4182,#4186);
#4182 = ( BOUNDED_CURVE() B_SPLINE_CURVE(2,(#4183,#4184,#4185),
.UNSPECIFIED.,.F.,.F.) B_SPLINE_CURVE_WITH_KNOTS((3,3),(0.,
1.570796326795),.PIECEWISE_BEZIER_KNOTS.) CURVE() 
GEOMETRIC_REPRESENTATION_ITEM() RATIONAL_B_SPLINE_CURVE((1.,
0.707106781187,1.)) REPRESENTATION_ITEM('') );
#4183 = CARTESIAN_POINT('',(-3.997921119902,-12.34798381276,15.));
#4184 = CARTESIAN_POINT('',(-3.744439862735,-12.40583925559,15.));
#4185 = CARTESIAN_POINT('',(-3.686584419907,-12.15235799842,15.));
#4186 = VECTOR('',#4187,1.);
#4187 = DIRECTION('',(-0.,-0.,-1.));
#4188 = ADVANCED_FACE('',(#4189),#4200,.F.);
#4189 = FACE_BOUND('',#4190,.F.);
#4190 = EDGE_LOOP('',(#4191,#4192,#4193,#4199));
#4191 = ORIENTED_EDGE('',*,*,#4175,.T.);
#4192 = ORIENTED_EDGE('',*,*,#2727,.T.);
#4193 = ORIENTED_EDGE('',*,*,#4194,.F.);
#4194 = EDGE_CURVE('',#1700,#2720,#4195,.T.);
#4195 = LINE('',#4196,#4197);
#4196 = CARTESIAN_POINT('',(-1.951212736223,-12.54844526087,15.));
#4197 = VECTOR('',#4198,1.);
#4198 = DIRECTION('',(0.,0.,1.));
#4199 = ORIENTED_EDGE('',*,*,#1707,.F.);
#4200 = SURFACE_OF_LINEAR_EXTRUSION('',#4201,#4207);
#4201 = ( BOUNDED_CURVE() B_SPLINE_CURVE(2,(#4202,#4203,#4204,#4205,
#4206),.UNSPECIFIED.,.F.,.F.) B_SPLINE_CURVE_WITH_KNOTS((3,2,3),(0.,
1.570796326795,3.14159265359),.PIECEWISE_BEZIER_KNOTS.) CURVE() 
GEOMETRIC_REPRESENTATION_ITEM() RATIONAL_B_SPLINE_CURVE((1.,
0.707106781187,1.,0.707106781187,1.)) REPRESENTATION_ITEM('') );
#4202 = CARTESIAN_POINT('',(-3.686584419907,-12.15235799842,15.));
#4203 = CARTESIAN_POINT('',(-3.488540788685,-11.28467215658,15.));
#4204 = CARTESIAN_POINT('',(-2.620854946844,-11.4827157878,15.));
#4205 = CARTESIAN_POINT('',(-1.753169105002,-11.68075941902,15.));
#4206 = CARTESIAN_POINT('',(-1.951212736223,-12.54844526087,15.));
#4207 = VECTOR('',#4208,1.);
#4208 = DIRECTION('',(-0.,-0.,-1.));
#4209 = ADVANCED_FACE('',(#4210),#4221,.F.);
#4210 = FACE_BOUND('',#4211,.F.);
#4211 = EDGE_LOOP('',(#4212,#4213,#4214,#4220));
#4212 = ORIENTED_EDGE('',*,*,#4194,.T.);
#4213 = ORIENTED_EDGE('',*,*,#2719,.T.);
#4214 = ORIENTED_EDGE('',*,*,#4215,.F.);
#4215 = EDGE_CURVE('',#1692,#2712,#4216,.T.);
#4216 = LINE('',#4217,#4218);
#4217 = CARTESIAN_POINT('',(-1.755586921884,-12.85978196086,15.));
#4218 = VECTOR('',#4219,1.);
#4219 = DIRECTION('',(0.,0.,1.));
#4220 = ORIENTED_EDGE('',*,*,#1699,.F.);
#4221 = SURFACE_OF_LINEAR_EXTRUSION('',#4222,#4226);
#4222 = ( BOUNDED_CURVE() B_SPLINE_CURVE(2,(#4223,#4224,#4225),
.UNSPECIFIED.,.F.,.F.) B_SPLINE_CURVE_WITH_KNOTS((3,3),(0.,
1.570796326795),.PIECEWISE_BEZIER_KNOTS.) CURVE() 
GEOMETRIC_REPRESENTATION_ITEM() RATIONAL_B_SPLINE_CURVE((1.,
0.707106781187,1.)) REPRESENTATION_ITEM('') );
#4223 = CARTESIAN_POINT('',(-1.951212736223,-12.54844526087,15.));
#4224 = CARTESIAN_POINT('',(-2.009068179052,-12.80192651803,15.));
#4225 = CARTESIAN_POINT('',(-1.755586921884,-12.85978196086,15.));
#4226 = VECTOR('',#4227,1.);
#4227 = DIRECTION('',(-0.,-0.,-1.));
#4228 = ADVANCED_FACE('',(#4229),#4240,.F.);
#4229 = FACE_BOUND('',#4230,.F.);
#4230 = EDGE_LOOP('',(#4231,#4232,#4233,#4239));
#4231 = ORIENTED_EDGE('',*,*,#4215,.T.);
#4232 = ORIENTED_EDGE('',*,*,#2711,.T.);
#4233 = ORIENTED_EDGE('',*,*,#4234,.F.);
#4234 = EDGE_CURVE('',#1684,#2704,#4235,.T.);
#4235 = LINE('',#4236,#4237);
#4236 = CARTESIAN_POINT('',(-1.15,-12.92801521971,15.));
#4237 = VECTOR('',#4238,1.);
#4238 = DIRECTION('',(0.,0.,1.));
#4239 = ORIENTED_EDGE('',*,*,#1691,.F.);
#4240 = SURFACE_OF_LINEAR_EXTRUSION('',#4241,#4245);
#4241 = ( BOUNDED_CURVE() B_SPLINE_CURVE(2,(#4242,#4243,#4244),
.UNSPECIFIED.,.F.,.F.) B_SPLINE_CURVE_WITH_KNOTS((3,3),(0.,
4.695830611611E-02),.PIECEWISE_BEZIER_KNOTS.) CURVE() 
GEOMETRIC_REPRESENTATION_ITEM() RATIONAL_B_SPLINE_CURVE((1.,
0.999724377348,1.)) REPRESENTATION_ITEM('') );
#4242 = CARTESIAN_POINT('',(-1.755586921884,-12.85978196086,15.));
#4243 = CARTESIAN_POINT('',(-1.453594637733,-12.90100923098,15.));
#4244 = CARTESIAN_POINT('',(-1.15,-12.92801521971,15.));
#4245 = VECTOR('',#4246,1.);
#4246 = DIRECTION('',(-0.,-0.,-1.));
#4247 = ADVANCED_FACE('',(#4248),#4259,.F.);
#4248 = FACE_BOUND('',#4249,.F.);
#4249 = EDGE_LOOP('',(#4250,#4251,#4252,#4258));
#4250 = ORIENTED_EDGE('',*,*,#4234,.T.);
#4251 = ORIENTED_EDGE('',*,*,#2703,.T.);
#4252 = ORIENTED_EDGE('',*,*,#4253,.F.);
#4253 = EDGE_CURVE('',#1674,#2694,#4254,.T.);
#4254 = LINE('',#4255,#4256);
#4255 = CARTESIAN_POINT('',(-0.89,-12.66801521971,15.));
#4256 = VECTOR('',#4257,1.);
#4257 = DIRECTION('',(0.,0.,1.));
#4258 = ORIENTED_EDGE('',*,*,#1683,.F.);
#4259 = SURFACE_OF_LINEAR_EXTRUSION('',#4260,#4264);
#4260 = ( BOUNDED_CURVE() B_SPLINE_CURVE(2,(#4261,#4262,#4263),
.UNSPECIFIED.,.F.,.F.) B_SPLINE_CURVE_WITH_KNOTS((3,3),(0.,
1.570796326795),.PIECEWISE_BEZIER_KNOTS.) CURVE() 
GEOMETRIC_REPRESENTATION_ITEM() RATIONAL_B_SPLINE_CURVE((1.,
0.707106781187,1.)) REPRESENTATION_ITEM('') );
#4261 = CARTESIAN_POINT('',(-1.15,-12.92801521971,15.));
#4262 = CARTESIAN_POINT('',(-0.89,-12.92801521971,15.));
#4263 = CARTESIAN_POINT('',(-0.89,-12.66801521971,15.));
#4264 = VECTOR('',#4265,1.);
#4265 = DIRECTION('',(-0.,-0.,-1.));
#4266 = ADVANCED_FACE('',(#4267),#4278,.F.);
#4267 = FACE_BOUND('',#4268,.F.);
#4268 = EDGE_LOOP('',(#4269,#4270,#4271,#4277));
#4269 = ORIENTED_EDGE('',*,*,#4253,.T.);
#4270 = ORIENTED_EDGE('',*,*,#2693,.T.);
#4271 = ORIENTED_EDGE('',*,*,#4272,.F.);
#4272 = EDGE_CURVE('',#1666,#2686,#4273,.T.);
#4273 = LINE('',#4274,#4275);
#4274 = CARTESIAN_POINT('',(0.89,-12.66801521971,15.));
#4275 = VECTOR('',#4276,1.);
#4276 = DIRECTION('',(0.,0.,1.));
#4277 = ORIENTED_EDGE('',*,*,#1673,.F.);
#4278 = SURFACE_OF_LINEAR_EXTRUSION('',#4279,#4285);
#4279 = ( BOUNDED_CURVE() B_SPLINE_CURVE(2,(#4280,#4281,#4282,#4283,
#4284),.UNSPECIFIED.,.F.,.F.) B_SPLINE_CURVE_WITH_KNOTS((3,2,3),(0.,
1.570796326795,3.14159265359),.PIECEWISE_BEZIER_KNOTS.) CURVE() 
GEOMETRIC_REPRESENTATION_ITEM() RATIONAL_B_SPLINE_CURVE((1.,
0.707106781187,1.,0.707106781187,1.)) REPRESENTATION_ITEM('') );
#4280 = CARTESIAN_POINT('',(-0.89,-12.66801521971,15.));
#4281 = CARTESIAN_POINT('',(-0.89,-11.77801521971,15.));
#4282 = CARTESIAN_POINT('',(-2.66E-15,-11.77801521971,15.));
#4283 = CARTESIAN_POINT('',(0.89,-11.77801521971,15.));
#4284 = CARTESIAN_POINT('',(0.89,-12.66801521971,15.));
#4285 = VECTOR('',#4286,1.);
#4286 = DIRECTION('',(-0.,-0.,-1.));
#4287 = ADVANCED_FACE('',(#4288),#4299,.F.);
#4288 = FACE_BOUND('',#4289,.F.);
#4289 = EDGE_LOOP('',(#4290,#4291,#4292,#4298));
#4290 = ORIENTED_EDGE('',*,*,#4272,.T.);
#4291 = ORIENTED_EDGE('',*,*,#2685,.T.);
#4292 = ORIENTED_EDGE('',*,*,#4293,.F.);
#4293 = EDGE_CURVE('',#1658,#2678,#4294,.T.);
#4294 = LINE('',#4295,#4296);
#4295 = CARTESIAN_POINT('',(1.15,-12.92801521971,15.));
#4296 = VECTOR('',#4297,1.);
#4297 = DIRECTION('',(0.,0.,1.));
#4298 = ORIENTED_EDGE('',*,*,#1665,.F.);
#4299 = SURFACE_OF_LINEAR_EXTRUSION('',#4300,#4304);
#4300 = ( BOUNDED_CURVE() B_SPLINE_CURVE(2,(#4301,#4302,#4303),
.UNSPECIFIED.,.F.,.F.) B_SPLINE_CURVE_WITH_KNOTS((3,3),(0.,
1.570796326795),.PIECEWISE_BEZIER_KNOTS.) CURVE() 
GEOMETRIC_REPRESENTATION_ITEM() RATIONAL_B_SPLINE_CURVE((1.,
0.707106781187,1.)) REPRESENTATION_ITEM('') );
#4301 = CARTESIAN_POINT('',(0.89,-12.66801521971,15.));
#4302 = CARTESIAN_POINT('',(0.89,-12.92801521971,15.));
#4303 = CARTESIAN_POINT('',(1.15,-12.92801521971,15.));
#4304 = VECTOR('',#4305,1.);
#4305 = DIRECTION('',(-0.,-0.,-1.));
#4306 = ADVANCED_FACE('',(#4307),#4318,.F.);
#4307 = FACE_BOUND('',#4308,.F.);
#4308 = EDGE_LOOP('',(#4309,#4310,#4311,#4317));
#4309 = ORIENTED_EDGE('',*,*,#4293,.T.);
#4310 = ORIENTED_EDGE('',*,*,#2677,.T.);
#4311 = ORIENTED_EDGE('',*,*,#4312,.F.);
#4312 = EDGE_CURVE('',#1650,#2670,#4313,.T.);
#4313 = LINE('',#4314,#4315);
#4314 = CARTESIAN_POINT('',(1.755586921884,-12.85978196086,15.));
#4315 = VECTOR('',#4316,1.);
#4316 = DIRECTION('',(0.,0.,1.));
#4317 = ORIENTED_EDGE('',*,*,#1657,.F.);
#4318 = SURFACE_OF_LINEAR_EXTRUSION('',#4319,#4323);
#4319 = ( BOUNDED_CURVE() B_SPLINE_CURVE(2,(#4320,#4321,#4322),
.UNSPECIFIED.,.F.,.F.) B_SPLINE_CURVE_WITH_KNOTS((3,3),(0.,
4.695830611611E-02),.PIECEWISE_BEZIER_KNOTS.) CURVE() 
GEOMETRIC_REPRESENTATION_ITEM() RATIONAL_B_SPLINE_CURVE((1.,
0.999724377348,1.)) REPRESENTATION_ITEM('') );
#4320 = CARTESIAN_POINT('',(1.15,-12.92801521971,15.));
#4321 = CARTESIAN_POINT('',(1.453594637733,-12.90100923098,15.));
#4322 = CARTESIAN_POINT('',(1.755586921884,-12.85978196086,15.));
#4323 = VECTOR('',#4324,1.);
#4324 = DIRECTION('',(-0.,-0.,-1.));
#4325 = ADVANCED_FACE('',(#4326),#4337,.F.);
#4326 = FACE_BOUND('',#4327,.F.);
#4327 = EDGE_LOOP('',(#4328,#4329,#4330,#4336));
#4328 = ORIENTED_EDGE('',*,*,#4312,.T.);
#4329 = ORIENTED_EDGE('',*,*,#2669,.T.);
#4330 = ORIENTED_EDGE('',*,*,#4331,.F.);
#4331 = EDGE_CURVE('',#1640,#2660,#4332,.T.);
#4332 = LINE('',#4333,#4334);
#4333 = CARTESIAN_POINT('',(1.951212736223,-12.54844526087,15.));
#4334 = VECTOR('',#4335,1.);
#4335 = DIRECTION('',(0.,0.,1.));
#4336 = ORIENTED_EDGE('',*,*,#1649,.F.);
#4337 = SURFACE_OF_LINEAR_EXTRUSION('',#4338,#4342);
#4338 = ( BOUNDED_CURVE() B_SPLINE_CURVE(2,(#4339,#4340,#4341),
.UNSPECIFIED.,.F.,.F.) B_SPLINE_CURVE_WITH_KNOTS((3,3),(0.,
1.570796326795),.PIECEWISE_BEZIER_KNOTS.) CURVE() 
GEOMETRIC_REPRESENTATION_ITEM() RATIONAL_B_SPLINE_CURVE((1.,
0.707106781187,1.)) REPRESENTATION_ITEM('') );
#4339 = CARTESIAN_POINT('',(1.755586921884,-12.85978196086,15.));
#4340 = CARTESIAN_POINT('',(2.009068179052,-12.80192651803,15.));
#4341 = CARTESIAN_POINT('',(1.951212736223,-12.54844526087,15.));
#4342 = VECTOR('',#4343,1.);
#4343 = DIRECTION('',(-0.,-0.,-1.));
#4344 = ADVANCED_FACE('',(#4345),#4356,.F.);
#4345 = FACE_BOUND('',#4346,.F.);
#4346 = EDGE_LOOP('',(#4347,#4348,#4349,#4355));
#4347 = ORIENTED_EDGE('',*,*,#4331,.T.);
#4348 = ORIENTED_EDGE('',*,*,#2659,.T.);
#4349 = ORIENTED_EDGE('',*,*,#4350,.F.);
#4350 = EDGE_CURVE('',#1632,#2652,#4351,.T.);
#4351 = LINE('',#4352,#4353);
#4352 = CARTESIAN_POINT('',(3.686584419907,-12.15235799842,15.));
#4353 = VECTOR('',#4354,1.);
#4354 = DIRECTION('',(0.,0.,1.));
#4355 = ORIENTED_EDGE('',*,*,#1639,.F.);
#4356 = SURFACE_OF_LINEAR_EXTRUSION('',#4357,#4363);
#4357 = ( BOUNDED_CURVE() B_SPLINE_CURVE(2,(#4358,#4359,#4360,#4361,
#4362),.UNSPECIFIED.,.F.,.F.) B_SPLINE_CURVE_WITH_KNOTS((3,2,3),(0.,
1.570796326795,3.14159265359),.PIECEWISE_BEZIER_KNOTS.) CURVE() 
GEOMETRIC_REPRESENTATION_ITEM() RATIONAL_B_SPLINE_CURVE((1.,
0.707106781187,1.,0.707106781187,1.)) REPRESENTATION_ITEM('') );
#4358 = CARTESIAN_POINT('',(1.951212736223,-12.54844526087,15.));
#4359 = CARTESIAN_POINT('',(1.753169105002,-11.68075941902,15.));
#4360 = CARTESIAN_POINT('',(2.620854946844,-11.4827157878,15.));
#4361 = CARTESIAN_POINT('',(3.488540788685,-11.28467215658,15.));
#4362 = CARTESIAN_POINT('',(3.686584419907,-12.15235799842,15.));
#4363 = VECTOR('',#4364,1.);
#4364 = DIRECTION('',(-0.,-0.,-1.));
#4365 = ADVANCED_FACE('',(#4366),#4377,.F.);
#4366 = FACE_BOUND('',#4367,.F.);
#4367 = EDGE_LOOP('',(#4368,#4369,#4370,#4376));
#4368 = ORIENTED_EDGE('',*,*,#4350,.T.);
#4369 = ORIENTED_EDGE('',*,*,#2651,.T.);
#4370 = ORIENTED_EDGE('',*,*,#4371,.F.);
#4371 = EDGE_CURVE('',#1624,#2644,#4372,.T.);
#4372 = LINE('',#4373,#4374);
#4373 = CARTESIAN_POINT('',(3.997921119902,-12.34798381276,15.));
#4374 = VECTOR('',#4375,1.);
#4375 = DIRECTION('',(0.,0.,1.));
#4376 = ORIENTED_EDGE('',*,*,#1631,.F.);
#4377 = SURFACE_OF_LINEAR_EXTRUSION('',#4378,#4382);
#4378 = ( BOUNDED_CURVE() B_SPLINE_CURVE(2,(#4379,#4380,#4381),
.UNSPECIFIED.,.F.,.F.) B_SPLINE_CURVE_WITH_KNOTS((3,3),(0.,
1.570796326795),.PIECEWISE_BEZIER_KNOTS.) CURVE() 
GEOMETRIC_REPRESENTATION_ITEM() RATIONAL_B_SPLINE_CURVE((1.,
0.707106781187,1.)) REPRESENTATION_ITEM('') );
#4379 = CARTESIAN_POINT('',(3.686584419907,-12.15235799842,15.));
#4380 = CARTESIAN_POINT('',(3.744439862735,-12.40583925559,15.));
#4381 = CARTESIAN_POINT('',(3.997921119902,-12.34798381276,15.));
#4382 = VECTOR('',#4383,1.);
#4383 = DIRECTION('',(-0.,-0.,-1.));
#4384 = ADVANCED_FACE('',(#4385),#4396,.F.);
#4385 = FACE_BOUND('',#4386,.F.);
#4386 = EDGE_LOOP('',(#4387,#4388,#4389,#4395));
#4387 = ORIENTED_EDGE('',*,*,#4371,.T.);
#4388 = ORIENTED_EDGE('',*,*,#2643,.T.);
#4389 = ORIENTED_EDGE('',*,*,#4390,.F.);
#4390 = EDGE_CURVE('',#1616,#2636,#4391,.T.);
#4391 = LINE('',#4392,#4393);
#4392 = CARTESIAN_POINT('',(4.573141384813,-12.14670553672,15.));
#4393 = VECTOR('',#4394,1.);
#4394 = DIRECTION('',(0.,0.,1.));
#4395 = ORIENTED_EDGE('',*,*,#1623,.F.);
#4396 = SURFACE_OF_LINEAR_EXTRUSION('',#4397,#4401);
#4397 = ( BOUNDED_CURVE() B_SPLINE_CURVE(2,(#4398,#4399,#4400),
.UNSPECIFIED.,.F.,.F.) B_SPLINE_CURVE_WITH_KNOTS((3,3),(0.,
4.695830611611E-02),.PIECEWISE_BEZIER_KNOTS.) CURVE() 
GEOMETRIC_REPRESENTATION_ITEM() RATIONAL_B_SPLINE_CURVE((1.,
0.999724377348,1.)) REPRESENTATION_ITEM('') );
#4398 = CARTESIAN_POINT('',(3.997921119902,-12.34798381276,15.));
#4399 = CARTESIAN_POINT('',(4.287894608382,-12.25409875821,15.));
#4400 = CARTESIAN_POINT('',(4.573141384813,-12.14670553672,15.));
#4401 = VECTOR('',#4402,1.);
#4402 = DIRECTION('',(-0.,-0.,-1.));
#4403 = ADVANCED_FACE('',(#4404),#4415,.F.);
#4404 = FACE_BOUND('',#4405,.F.);
#4405 = EDGE_LOOP('',(#4406,#4407,#4408,#4414));
#4406 = ORIENTED_EDGE('',*,*,#4390,.T.);
#4407 = ORIENTED_EDGE('',*,*,#2635,.T.);
#4408 = ORIENTED_EDGE('',*,*,#4409,.F.);
#4409 = EDGE_CURVE('',#1606,#2626,#4410,.T.);
#4410 = LINE('',#4411,#4412);
#4411 = CARTESIAN_POINT('',(4.694583518297,-11.79964385889,15.));
#4412 = VECTOR('',#4413,1.);
#4413 = DIRECTION('',(0.,0.,1.));
#4414 = ORIENTED_EDGE('',*,*,#1615,.F.);
#4415 = SURFACE_OF_LINEAR_EXTRUSION('',#4416,#4420);
#4416 = ( BOUNDED_CURVE() B_SPLINE_CURVE(2,(#4417,#4418,#4419),
.UNSPECIFIED.,.F.,.F.) B_SPLINE_CURVE_WITH_KNOTS((3,3),(0.,
1.570796326795),.PIECEWISE_BEZIER_KNOTS.) CURVE() 
GEOMETRIC_REPRESENTATION_ITEM() RATIONAL_B_SPLINE_CURVE((1.,
0.707106781187,1.)) REPRESENTATION_ITEM('') );
#4417 = CARTESIAN_POINT('',(4.573141384813,-12.14670553672,15.));
#4418 = CARTESIAN_POINT('',(4.807393290467,-12.03389576455,15.));
#4419 = CARTESIAN_POINT('',(4.694583518297,-11.79964385889,15.));
#4420 = VECTOR('',#4421,1.);
#4421 = DIRECTION('',(-0.,-0.,-1.));
#4422 = ADVANCED_FACE('',(#4423),#4434,.F.);
#4423 = FACE_BOUND('',#4424,.F.);
#4424 = EDGE_LOOP('',(#4425,#4426,#4427,#4433));
#4425 = ORIENTED_EDGE('',*,*,#4409,.T.);
#4426 = ORIENTED_EDGE('',*,*,#2625,.T.);
#4427 = ORIENTED_EDGE('',*,*,#4428,.F.);
#4428 = EDGE_CURVE('',#1598,#2618,#4429,.T.);
#4429 = LINE('',#4430,#4431);
#4430 = CARTESIAN_POINT('',(6.298308103163,-11.02733080326,15.));
#4431 = VECTOR('',#4432,1.);
#4432 = DIRECTION('',(0.,0.,1.));
#4433 = ORIENTED_EDGE('',*,*,#1605,.F.);
#4434 = SURFACE_OF_LINEAR_EXTRUSION('',#4435,#4441);
#4435 = ( BOUNDED_CURVE() B_SPLINE_CURVE(2,(#4436,#4437,#4438,#4439,
#4440),.UNSPECIFIED.,.F.,.F.) B_SPLINE_CURVE_WITH_KNOTS((3,2,3),(0.,
1.570796326795,3.14159265359),.PIECEWISE_BEZIER_KNOTS.) CURVE() 
GEOMETRIC_REPRESENTATION_ITEM() RATIONAL_B_SPLINE_CURVE((1.,
0.707106781187,1.,0.707106781187,1.)) REPRESENTATION_ITEM('') );
#4436 = CARTESIAN_POINT('',(4.694583518297,-11.79964385889,15.));
#4437 = CARTESIAN_POINT('',(4.308426990482,-10.99778156646,15.));
#4438 = CARTESIAN_POINT('',(5.110289282915,-10.61162503864,15.));
#4439 = CARTESIAN_POINT('',(5.912151575348,-10.22546851083,15.));
#4440 = CARTESIAN_POINT('',(6.298308103163,-11.02733080326,15.));
#4441 = VECTOR('',#4442,1.);
#4442 = DIRECTION('',(-0.,-0.,-1.));
#4443 = ADVANCED_FACE('',(#4444),#4455,.F.);
#4444 = FACE_BOUND('',#4445,.F.);
#4445 = EDGE_LOOP('',(#4446,#4447,#4448,#4454));
#4446 = ORIENTED_EDGE('',*,*,#4428,.T.);
#4447 = ORIENTED_EDGE('',*,*,#2617,.T.);
#4448 = ORIENTED_EDGE('',*,*,#4449,.F.);
#4449 = EDGE_CURVE('',#1590,#2610,#4450,.T.);
#4450 = LINE('',#4451,#4452);
#4451 = CARTESIAN_POINT('',(6.645369780988,-11.14877293675,15.));
#4452 = VECTOR('',#4453,1.);
#4453 = DIRECTION('',(0.,0.,1.));
#4454 = ORIENTED_EDGE('',*,*,#1597,.F.);
#4455 = SURFACE_OF_LINEAR_EXTRUSION('',#4456,#4460);
#4456 = ( BOUNDED_CURVE() B_SPLINE_CURVE(2,(#4457,#4458,#4459),
.UNSPECIFIED.,.F.,.F.) B_SPLINE_CURVE_WITH_KNOTS((3,3),(0.,
1.570796326795),.PIECEWISE_BEZIER_KNOTS.) CURVE() 
GEOMETRIC_REPRESENTATION_ITEM() RATIONAL_B_SPLINE_CURVE((1.,
0.707106781187,1.)) REPRESENTATION_ITEM('') );
#4457 = CARTESIAN_POINT('',(6.298308103163,-11.02733080326,15.));
#4458 = CARTESIAN_POINT('',(6.411117875334,-11.26158270892,15.));
#4459 = CARTESIAN_POINT('',(6.645369780988,-11.14877293675,15.));
#4460 = VECTOR('',#4461,1.);
#4461 = DIRECTION('',(-0.,-0.,-1.));
#4462 = ADVANCED_FACE('',(#4463),#4474,.F.);
#4463 = FACE_BOUND('',#4464,.F.);
#4464 = EDGE_LOOP('',(#4465,#4466,#4467,#4473));
#4465 = ORIENTED_EDGE('',*,*,#4449,.T.);
#4466 = ORIENTED_EDGE('',*,*,#2609,.T.);
#4467 = ORIENTED_EDGE('',*,*,#4468,.F.);
#4468 = EDGE_CURVE('',#1582,#2602,#4469,.T.);
#4469 = LINE('',#4470,#4471);
#4470 = CARTESIAN_POINT('',(7.161379442931,-10.82454257674,15.));
#4471 = VECTOR('',#4472,1.);
#4472 = DIRECTION('',(0.,0.,1.));
#4473 = ORIENTED_EDGE('',*,*,#1589,.F.);
#4474 = SURFACE_OF_LINEAR_EXTRUSION('',#4475,#4479);
#4475 = ( BOUNDED_CURVE() B_SPLINE_CURVE(2,(#4476,#4477,#4478),
.UNSPECIFIED.,.F.,.F.) B_SPLINE_CURVE_WITH_KNOTS((3,3),(0.,
4.695830611611E-02),.PIECEWISE_BEZIER_KNOTS.) CURVE() 
GEOMETRIC_REPRESENTATION_ITEM() RATIONAL_B_SPLINE_CURVE((1.,
0.999724377348,1.)) REPRESENTATION_ITEM('') );
#4476 = CARTESIAN_POINT('',(6.645369780988,-11.14877293675,15.));
#4477 = CARTESIAN_POINT('',(6.907181638677,-10.99271660505,15.));
#4478 = CARTESIAN_POINT('',(7.161379442931,-10.82454257674,15.));
#4479 = VECTOR('',#4480,1.);
#4480 = DIRECTION('',(-0.,-0.,-1.));
#4481 = ADVANCED_FACE('',(#4482),#4493,.F.);
#4482 = FACE_BOUND('',#4483,.F.);
#4483 = EDGE_LOOP('',(#4484,#4485,#4486,#4492));
#4484 = ORIENTED_EDGE('',*,*,#4468,.T.);
#4485 = ORIENTED_EDGE('',*,*,#2601,.T.);
#4486 = ORIENTED_EDGE('',*,*,#4487,.F.);
#4487 = EDGE_CURVE('',#1572,#2592,#4488,.T.);
#4488 = LINE('',#4489,#4490);
#4489 = CARTESIAN_POINT('',(7.20254827989,-10.45915904281,15.));
#4490 = VECTOR('',#4491,1.);
#4491 = DIRECTION('',(0.,0.,1.));
#4492 = ORIENTED_EDGE('',*,*,#1581,.F.);
#4493 = SURFACE_OF_LINEAR_EXTRUSION('',#4494,#4498);
#4494 = ( BOUNDED_CURVE() B_SPLINE_CURVE(2,(#4495,#4496,#4497),
.UNSPECIFIED.,.F.,.F.) B_SPLINE_CURVE_WITH_KNOTS((3,3),(0.,
1.570796326795),.PIECEWISE_BEZIER_KNOTS.) CURVE() 
GEOMETRIC_REPRESENTATION_ITEM() RATIONAL_B_SPLINE_CURVE((1.,
0.707106781187,1.)) REPRESENTATION_ITEM('') );
#4495 = CARTESIAN_POINT('',(7.161379442931,-10.82454257674,15.));
#4496 = CARTESIAN_POINT('',(7.364655628373,-10.66243522825,15.));
#4497 = CARTESIAN_POINT('',(7.20254827989,-10.45915904281,15.));
#4498 = VECTOR('',#4499,1.);
#4499 = DIRECTION('',(-0.,-0.,-1.));
#4500 = ADVANCED_FACE('',(#4501),#4512,.F.);
#4501 = FACE_BOUND('',#4502,.F.);
#4502 = EDGE_LOOP('',(#4503,#4504,#4505,#4511));
#4503 = ORIENTED_EDGE('',*,*,#4487,.T.);
#4504 = ORIENTED_EDGE('',*,*,#2591,.T.);
#4505 = ORIENTED_EDGE('',*,*,#4506,.F.);
#4506 = EDGE_CURVE('',#1564,#2584,#4507,.T.);
#4507 = LINE('',#4508,#4509);
#4508 = CARTESIAN_POINT('',(8.594208318683,-9.349347195506,15.));
#4509 = VECTOR('',#4510,1.);
#4510 = DIRECTION('',(0.,0.,1.));
#4511 = ORIENTED_EDGE('',*,*,#1571,.F.);
#4512 = SURFACE_OF_LINEAR_EXTRUSION('',#4513,#4519);
#4513 = ( BOUNDED_CURVE() B_SPLINE_CURVE(2,(#4514,#4515,#4516,#4517,
#4518),.UNSPECIFIED.,.F.,.F.) B_SPLINE_CURVE_WITH_KNOTS((3,2,3),(0.,
1.570796326795,3.14159265359),.PIECEWISE_BEZIER_KNOTS.) CURVE() 
GEOMETRIC_REPRESENTATION_ITEM() RATIONAL_B_SPLINE_CURVE((1.,
0.707106781187,1.,0.707106781187,1.)) REPRESENTATION_ITEM('') );
#4514 = CARTESIAN_POINT('',(7.20254827989,-10.45915904281,15.));
#4515 = CARTESIAN_POINT('',(6.647642356235,-9.763329023418,15.));
#4516 = CARTESIAN_POINT('',(7.343472375632,-9.208423099764,15.));
#4517 = CARTESIAN_POINT('',(8.039302395028,-8.65351717611,15.));
#4518 = CARTESIAN_POINT('',(8.594208318683,-9.349347195506,15.));
#4519 = VECTOR('',#4520,1.);
#4520 = DIRECTION('',(-0.,-0.,-1.));
#4521 = ADVANCED_FACE('',(#4522),#4533,.F.);
#4522 = FACE_BOUND('',#4523,.F.);
#4523 = EDGE_LOOP('',(#4524,#4525,#4526,#4532));
#4524 = ORIENTED_EDGE('',*,*,#4506,.T.);
#4525 = ORIENTED_EDGE('',*,*,#2583,.T.);
#4526 = ORIENTED_EDGE('',*,*,#4527,.F.);
#4527 = EDGE_CURVE('',#1556,#2576,#4528,.T.);
#4528 = LINE('',#4529,#4530);
#4529 = CARTESIAN_POINT('',(8.959591852608,-9.390516032465,15.));
#4530 = VECTOR('',#4531,1.);
#4531 = DIRECTION('',(0.,0.,1.));
#4532 = ORIENTED_EDGE('',*,*,#1563,.F.);
#4533 = SURFACE_OF_LINEAR_EXTRUSION('',#4534,#4538);
#4534 = ( BOUNDED_CURVE() B_SPLINE_CURVE(2,(#4535,#4536,#4537),
.UNSPECIFIED.,.F.,.F.) B_SPLINE_CURVE_WITH_KNOTS((3,3),(0.,
1.570796326795),.PIECEWISE_BEZIER_KNOTS.) CURVE() 
GEOMETRIC_REPRESENTATION_ITEM() RATIONAL_B_SPLINE_CURVE((1.,
0.707106781187,1.)) REPRESENTATION_ITEM('') );
#4535 = CARTESIAN_POINT('',(8.594208318683,-9.349347195506,15.));
#4536 = CARTESIAN_POINT('',(8.756315667166,-9.552623380948,15.));
#4537 = CARTESIAN_POINT('',(8.959591852608,-9.390516032465,15.));
#4538 = VECTOR('',#4539,1.);
#4539 = DIRECTION('',(-0.,-0.,-1.));
#4540 = ADVANCED_FACE('',(#4541),#4552,.F.);
#4541 = FACE_BOUND('',#4542,.F.);
#4542 = EDGE_LOOP('',(#4543,#4544,#4545,#4551));
#4543 = ORIENTED_EDGE('',*,*,#4527,.T.);
#4544 = ORIENTED_EDGE('',*,*,#2575,.T.);
#4545 = ORIENTED_EDGE('',*,*,#4546,.F.);
#4546 = EDGE_CURVE('',#1548,#2568,#4547,.T.);
#4547 = LINE('',#4548,#4549);
#4548 = CARTESIAN_POINT('',(9.390516032465,-8.959591852608,15.));
#4549 = VECTOR('',#4550,1.);
#4550 = DIRECTION('',(0.,0.,1.));
#4551 = ORIENTED_EDGE('',*,*,#1555,.F.);
#4552 = SURFACE_OF_LINEAR_EXTRUSION('',#4553,#4557);
#4553 = ( BOUNDED_CURVE() B_SPLINE_CURVE(2,(#4554,#4555,#4556),
.UNSPECIFIED.,.F.,.F.) B_SPLINE_CURVE_WITH_KNOTS((3,3),(0.,
4.695830611611E-02),.PIECEWISE_BEZIER_KNOTS.) CURVE() 
GEOMETRIC_REPRESENTATION_ITEM() RATIONAL_B_SPLINE_CURVE((1.,
0.999724377348,1.)) REPRESENTATION_ITEM('') );
#4554 = CARTESIAN_POINT('',(8.959591852608,-9.390516032465,15.));
#4555 = CARTESIAN_POINT('',(9.180113739731,-9.180113739731,15.));
#4556 = CARTESIAN_POINT('',(9.390516032465,-8.959591852608,15.));
#4557 = VECTOR('',#4558,1.);
#4558 = DIRECTION('',(-0.,-0.,-1.));
#4559 = ADVANCED_FACE('',(#4560),#4571,.F.);
#4560 = FACE_BOUND('',#4561,.F.);
#4561 = EDGE_LOOP('',(#4562,#4563,#4564,#4570));
#4562 = ORIENTED_EDGE('',*,*,#4546,.T.);
#4563 = ORIENTED_EDGE('',*,*,#2567,.T.);
#4564 = ORIENTED_EDGE('',*,*,#4565,.F.);
#4565 = EDGE_CURVE('',#1538,#2558,#4566,.T.);
#4566 = LINE('',#4567,#4568);
#4567 = CARTESIAN_POINT('',(9.349347195506,-8.594208318683,15.));
#4568 = VECTOR('',#4569,1.);
#4569 = DIRECTION('',(0.,0.,1.));
#4570 = ORIENTED_EDGE('',*,*,#1547,.F.);
#4571 = SURFACE_OF_LINEAR_EXTRUSION('',#4572,#4576);
#4572 = ( BOUNDED_CURVE() B_SPLINE_CURVE(2,(#4573,#4574,#4575),
.UNSPECIFIED.,.F.,.F.) B_SPLINE_CURVE_WITH_KNOTS((3,3),(0.,
1.570796326795),.PIECEWISE_BEZIER_KNOTS.) CURVE() 
GEOMETRIC_REPRESENTATION_ITEM() RATIONAL_B_SPLINE_CURVE((1.,
0.707106781187,1.)) REPRESENTATION_ITEM('') );
#4573 = CARTESIAN_POINT('',(9.390516032465,-8.959591852608,15.));
#4574 = CARTESIAN_POINT('',(9.552623380948,-8.756315667166,15.));
#4575 = CARTESIAN_POINT('',(9.349347195506,-8.594208318683,15.));
#4576 = VECTOR('',#4577,1.);
#4577 = DIRECTION('',(-0.,-0.,-1.));
#4578 = ADVANCED_FACE('',(#4579),#4590,.F.);
#4579 = FACE_BOUND('',#4580,.F.);
#4580 = EDGE_LOOP('',(#4581,#4582,#4583,#4589));
#4581 = ORIENTED_EDGE('',*,*,#4565,.T.);
#4582 = ORIENTED_EDGE('',*,*,#2557,.T.);
#4583 = ORIENTED_EDGE('',*,*,#4584,.F.);
#4584 = EDGE_CURVE('',#1530,#2550,#4585,.T.);
#4585 = LINE('',#4586,#4587);
#4586 = CARTESIAN_POINT('',(10.459159042815,-7.20254827989,15.));
#4587 = VECTOR('',#4588,1.);
#4588 = DIRECTION('',(0.,0.,1.));
#4589 = ORIENTED_EDGE('',*,*,#1537,.F.);
#4590 = SURFACE_OF_LINEAR_EXTRUSION('',#4591,#4597);
#4591 = ( BOUNDED_CURVE() B_SPLINE_CURVE(2,(#4592,#4593,#4594,#4595,
#4596),.UNSPECIFIED.,.F.,.F.) B_SPLINE_CURVE_WITH_KNOTS((3,2,3),(0.,
1.570796326795,3.14159265359),.PIECEWISE_BEZIER_KNOTS.) CURVE() 
GEOMETRIC_REPRESENTATION_ITEM() RATIONAL_B_SPLINE_CURVE((1.,
0.707106781187,1.,0.707106781187,1.)) REPRESENTATION_ITEM('') );
#4592 = CARTESIAN_POINT('',(9.349347195506,-8.594208318683,15.));
#4593 = CARTESIAN_POINT('',(8.65351717611,-8.039302395028,15.));
#4594 = CARTESIAN_POINT('',(9.208423099764,-7.343472375632,15.));
#4595 = CARTESIAN_POINT('',(9.763329023418,-6.647642356235,15.));
#4596 = CARTESIAN_POINT('',(10.459159042815,-7.20254827989,15.));
#4597 = VECTOR('',#4598,1.);
#4598 = DIRECTION('',(-0.,-0.,-1.));
#4599 = ADVANCED_FACE('',(#4600),#4611,.F.);
#4600 = FACE_BOUND('',#4601,.F.);
#4601 = EDGE_LOOP('',(#4602,#4603,#4604,#4610));
#4602 = ORIENTED_EDGE('',*,*,#4584,.T.);
#4603 = ORIENTED_EDGE('',*,*,#2549,.T.);
#4604 = ORIENTED_EDGE('',*,*,#4605,.F.);
#4605 = EDGE_CURVE('',#1522,#2542,#4606,.T.);
#4606 = LINE('',#4607,#4608);
#4607 = CARTESIAN_POINT('',(10.82454257674,-7.161379442931,15.));
#4608 = VECTOR('',#4609,1.);
#4609 = DIRECTION('',(0.,0.,1.));
#4610 = ORIENTED_EDGE('',*,*,#1529,.F.);
#4611 = SURFACE_OF_LINEAR_EXTRUSION('',#4612,#4616);
#4612 = ( BOUNDED_CURVE() B_SPLINE_CURVE(2,(#4613,#4614,#4615),
.UNSPECIFIED.,.F.,.F.) B_SPLINE_CURVE_WITH_KNOTS((3,3),(0.,
1.570796326795),.PIECEWISE_BEZIER_KNOTS.) CURVE() 
GEOMETRIC_REPRESENTATION_ITEM() RATIONAL_B_SPLINE_CURVE((1.,
0.707106781187,1.)) REPRESENTATION_ITEM('') );
#4613 = CARTESIAN_POINT('',(10.459159042815,-7.20254827989,15.));
#4614 = CARTESIAN_POINT('',(10.662435228257,-7.364655628373,15.));
#4615 = CARTESIAN_POINT('',(10.82454257674,-7.161379442931,15.));
#4616 = VECTOR('',#4617,1.);
#4617 = DIRECTION('',(-0.,-0.,-1.));
#4618 = ADVANCED_FACE('',(#4619),#4630,.F.);
#4619 = FACE_BOUND('',#4620,.F.);
#4620 = EDGE_LOOP('',(#4621,#4622,#4623,#4629));
#4621 = ORIENTED_EDGE('',*,*,#4605,.T.);
#4622 = ORIENTED_EDGE('',*,*,#2541,.T.);
#4623 = ORIENTED_EDGE('',*,*,#4624,.F.);
#4624 = EDGE_CURVE('',#1514,#2534,#4625,.T.);
#4625 = LINE('',#4626,#4627);
#4626 = CARTESIAN_POINT('',(11.14877293675,-6.645369780988,15.));
#4627 = VECTOR('',#4628,1.);
#4628 = DIRECTION('',(0.,0.,1.));
#4629 = ORIENTED_EDGE('',*,*,#1521,.F.);
#4630 = SURFACE_OF_LINEAR_EXTRUSION('',#4631,#4635);
#4631 = ( BOUNDED_CURVE() B_SPLINE_CURVE(2,(#4632,#4633,#4634),
.UNSPECIFIED.,.F.,.F.) B_SPLINE_CURVE_WITH_KNOTS((3,3),(0.,
4.695830611611E-02),.PIECEWISE_BEZIER_KNOTS.) CURVE() 
GEOMETRIC_REPRESENTATION_ITEM() RATIONAL_B_SPLINE_CURVE((1.,
0.999724377348,1.)) REPRESENTATION_ITEM('') );
#4632 = CARTESIAN_POINT('',(10.82454257674,-7.161379442931,15.));
#4633 = CARTESIAN_POINT('',(10.992716605057,-6.907181638677,15.));
#4634 = CARTESIAN_POINT('',(11.14877293675,-6.645369780988,15.));
#4635 = VECTOR('',#4636,1.);
#4636 = DIRECTION('',(-0.,-0.,-1.));
#4637 = ADVANCED_FACE('',(#4638),#4649,.F.);
#4638 = FACE_BOUND('',#4639,.F.);
#4639 = EDGE_LOOP('',(#4640,#4641,#4642,#4648));
#4640 = ORIENTED_EDGE('',*,*,#4624,.T.);
#4641 = ORIENTED_EDGE('',*,*,#2533,.T.);
#4642 = ORIENTED_EDGE('',*,*,#4643,.F.);
#4643 = EDGE_CURVE('',#1504,#2524,#4644,.T.);
#4644 = LINE('',#4645,#4646);
#4645 = CARTESIAN_POINT('',(11.027330803266,-6.298308103163,15.));
#4646 = VECTOR('',#4647,1.);
#4647 = DIRECTION('',(0.,0.,1.));
#4648 = ORIENTED_EDGE('',*,*,#1513,.F.);
#4649 = SURFACE_OF_LINEAR_EXTRUSION('',#4650,#4654);
#4650 = ( BOUNDED_CURVE() B_SPLINE_CURVE(2,(#4651,#4652,#4653),
.UNSPECIFIED.,.F.,.F.) B_SPLINE_CURVE_WITH_KNOTS((3,3),(0.,
1.570796326795),.PIECEWISE_BEZIER_KNOTS.) CURVE() 
GEOMETRIC_REPRESENTATION_ITEM() RATIONAL_B_SPLINE_CURVE((1.,
0.707106781187,1.)) REPRESENTATION_ITEM('') );
#4651 = CARTESIAN_POINT('',(11.14877293675,-6.645369780988,15.));
#4652 = CARTESIAN_POINT('',(11.261582708921,-6.411117875334,15.));
#4653 = CARTESIAN_POINT('',(11.027330803266,-6.298308103163,15.));
#4654 = VECTOR('',#4655,1.);
#4655 = DIRECTION('',(-0.,-0.,-1.));
#4656 = ADVANCED_FACE('',(#4657),#4668,.F.);
#4657 = FACE_BOUND('',#4658,.F.);
#4658 = EDGE_LOOP('',(#4659,#4660,#4661,#4667));
#4659 = ORIENTED_EDGE('',*,*,#4643,.T.);
#4660 = ORIENTED_EDGE('',*,*,#2523,.T.);
#4661 = ORIENTED_EDGE('',*,*,#4662,.F.);
#4662 = EDGE_CURVE('',#1496,#2516,#4663,.T.);
#4663 = LINE('',#4664,#4665);
#4664 = CARTESIAN_POINT('',(11.799643858896,-4.694583518297,15.));
#4665 = VECTOR('',#4666,1.);
#4666 = DIRECTION('',(0.,0.,1.));
#4667 = ORIENTED_EDGE('',*,*,#1503,.F.);
#4668 = SURFACE_OF_LINEAR_EXTRUSION('',#4669,#4675);
#4669 = ( BOUNDED_CURVE() B_SPLINE_CURVE(2,(#4670,#4671,#4672,#4673,
#4674),.UNSPECIFIED.,.F.,.F.) B_SPLINE_CURVE_WITH_KNOTS((3,2,3),(0.,
1.570796326795,3.14159265359),.PIECEWISE_BEZIER_KNOTS.) CURVE() 
GEOMETRIC_REPRESENTATION_ITEM() RATIONAL_B_SPLINE_CURVE((1.,
0.707106781187,1.,0.707106781187,1.)) REPRESENTATION_ITEM('') );
#4670 = CARTESIAN_POINT('',(11.027330803266,-6.298308103163,15.));
#4671 = CARTESIAN_POINT('',(10.225468510833,-5.912151575348,15.));
#4672 = CARTESIAN_POINT('',(10.611625038648,-5.110289282915,15.));
#4673 = CARTESIAN_POINT('',(10.997781566463,-4.308426990482,15.));
#4674 = CARTESIAN_POINT('',(11.799643858896,-4.694583518297,15.));
#4675 = VECTOR('',#4676,1.);
#4676 = DIRECTION('',(-0.,-0.,-1.));
#4677 = ADVANCED_FACE('',(#4678),#4689,.F.);
#4678 = FACE_BOUND('',#4679,.F.);
#4679 = EDGE_LOOP('',(#4680,#4681,#4682,#4688));
#4680 = ORIENTED_EDGE('',*,*,#4662,.T.);
#4681 = ORIENTED_EDGE('',*,*,#2515,.T.);
#4682 = ORIENTED_EDGE('',*,*,#4683,.F.);
#4683 = EDGE_CURVE('',#1488,#2508,#4684,.T.);
#4684 = LINE('',#4685,#4686);
#4685 = CARTESIAN_POINT('',(12.146705536721,-4.573141384813,15.));
#4686 = VECTOR('',#4687,1.);
#4687 = DIRECTION('',(0.,0.,1.));
#4688 = ORIENTED_EDGE('',*,*,#1495,.F.);
#4689 = SURFACE_OF_LINEAR_EXTRUSION('',#4690,#4694);
#4690 = ( BOUNDED_CURVE() B_SPLINE_CURVE(2,(#4691,#4692,#4693),
.UNSPECIFIED.,.F.,.F.) B_SPLINE_CURVE_WITH_KNOTS((3,3),(0.,
1.570796326795),.PIECEWISE_BEZIER_KNOTS.) CURVE() 
GEOMETRIC_REPRESENTATION_ITEM() RATIONAL_B_SPLINE_CURVE((1.,
0.707106781187,1.)) REPRESENTATION_ITEM('') );
#4691 = CARTESIAN_POINT('',(11.799643858896,-4.694583518297,15.));
#4692 = CARTESIAN_POINT('',(12.03389576455,-4.807393290467,15.));
#4693 = CARTESIAN_POINT('',(12.146705536721,-4.573141384813,15.));
#4694 = VECTOR('',#4695,1.);
#4695 = DIRECTION('',(-0.,-0.,-1.));
#4696 = ADVANCED_FACE('',(#4697),#4708,.F.);
#4697 = FACE_BOUND('',#4698,.F.);
#4698 = EDGE_LOOP('',(#4699,#4700,#4701,#4707));
#4699 = ORIENTED_EDGE('',*,*,#4683,.T.);
#4700 = ORIENTED_EDGE('',*,*,#2507,.T.);
#4701 = ORIENTED_EDGE('',*,*,#4702,.F.);
#4702 = EDGE_CURVE('',#1480,#2500,#4703,.T.);
#4703 = LINE('',#4704,#4705);
#4704 = CARTESIAN_POINT('',(12.347983812766,-3.997921119902,15.));
#4705 = VECTOR('',#4706,1.);
#4706 = DIRECTION('',(0.,0.,1.));
#4707 = ORIENTED_EDGE('',*,*,#1487,.F.);
#4708 = SURFACE_OF_LINEAR_EXTRUSION('',#4709,#4713);
#4709 = ( BOUNDED_CURVE() B_SPLINE_CURVE(2,(#4710,#4711,#4712),
.UNSPECIFIED.,.F.,.F.) B_SPLINE_CURVE_WITH_KNOTS((3,3),(0.,
4.695830611611E-02),.PIECEWISE_BEZIER_KNOTS.) CURVE() 
GEOMETRIC_REPRESENTATION_ITEM() RATIONAL_B_SPLINE_CURVE((1.,
0.999724377348,1.)) REPRESENTATION_ITEM('') );
#4710 = CARTESIAN_POINT('',(12.146705536721,-4.573141384813,15.));
#4711 = CARTESIAN_POINT('',(12.254098758219,-4.287894608382,15.));
#4712 = CARTESIAN_POINT('',(12.347983812766,-3.997921119902,15.));
#4713 = VECTOR('',#4714,1.);
#4714 = DIRECTION('',(-0.,-0.,-1.));
#4715 = ADVANCED_FACE('',(#4716),#4727,.F.);
#4716 = FACE_BOUND('',#4717,.F.);
#4717 = EDGE_LOOP('',(#4718,#4719,#4720,#4726));
#4718 = ORIENTED_EDGE('',*,*,#4702,.T.);
#4719 = ORIENTED_EDGE('',*,*,#2499,.T.);
#4720 = ORIENTED_EDGE('',*,*,#4721,.F.);
#4721 = EDGE_CURVE('',#1470,#2490,#4722,.T.);
#4722 = LINE('',#4723,#4724);
#4723 = CARTESIAN_POINT('',(12.152357998427,-3.686584419907,15.));
#4724 = VECTOR('',#4725,1.);
#4725 = DIRECTION('',(0.,0.,1.));
#4726 = ORIENTED_EDGE('',*,*,#1479,.F.);
#4727 = SURFACE_OF_LINEAR_EXTRUSION('',#4728,#4732);
#4728 = ( BOUNDED_CURVE() B_SPLINE_CURVE(2,(#4729,#4730,#4731),
.UNSPECIFIED.,.F.,.F.) B_SPLINE_CURVE_WITH_KNOTS((3,3),(0.,
1.570796326795),.PIECEWISE_BEZIER_KNOTS.) CURVE() 
GEOMETRIC_REPRESENTATION_ITEM() RATIONAL_B_SPLINE_CURVE((1.,
0.707106781187,1.)) REPRESENTATION_ITEM('') );
#4729 = CARTESIAN_POINT('',(12.347983812766,-3.997921119902,15.));
#4730 = CARTESIAN_POINT('',(12.405839255595,-3.744439862735,15.));
#4731 = CARTESIAN_POINT('',(12.152357998427,-3.686584419907,15.));
#4732 = VECTOR('',#4733,1.);
#4733 = DIRECTION('',(-0.,-0.,-1.));
#4734 = ADVANCED_FACE('',(#4735),#4746,.F.);
#4735 = FACE_BOUND('',#4736,.F.);
#4736 = EDGE_LOOP('',(#4737,#4738,#4739,#4745));
#4737 = ORIENTED_EDGE('',*,*,#4721,.T.);
#4738 = ORIENTED_EDGE('',*,*,#2489,.T.);
#4739 = ORIENTED_EDGE('',*,*,#4740,.F.);
#4740 = EDGE_CURVE('',#1462,#2482,#4741,.T.);
#4741 = LINE('',#4742,#4743);
#4742 = CARTESIAN_POINT('',(12.54844526087,-1.951212736223,15.));
#4743 = VECTOR('',#4744,1.);
#4744 = DIRECTION('',(0.,0.,1.));
#4745 = ORIENTED_EDGE('',*,*,#1469,.F.);
#4746 = SURFACE_OF_LINEAR_EXTRUSION('',#4747,#4753);
#4747 = ( BOUNDED_CURVE() B_SPLINE_CURVE(2,(#4748,#4749,#4750,#4751,
#4752),.UNSPECIFIED.,.F.,.F.) B_SPLINE_CURVE_WITH_KNOTS((3,2,3),(0.,
1.570796326795,3.14159265359),.PIECEWISE_BEZIER_KNOTS.) CURVE() 
GEOMETRIC_REPRESENTATION_ITEM() RATIONAL_B_SPLINE_CURVE((1.,
0.707106781187,1.,0.707106781187,1.)) REPRESENTATION_ITEM('') );
#4748 = CARTESIAN_POINT('',(12.152357998427,-3.686584419907,15.));
#4749 = CARTESIAN_POINT('',(11.284672156585,-3.488540788685,15.));
#4750 = CARTESIAN_POINT('',(11.482715787807,-2.620854946844,15.));
#4751 = CARTESIAN_POINT('',(11.680759419028,-1.753169105002,15.));
#4752 = CARTESIAN_POINT('',(12.54844526087,-1.951212736223,15.));
#4753 = VECTOR('',#4754,1.);
#4754 = DIRECTION('',(-0.,-0.,-1.));
#4755 = ADVANCED_FACE('',(#4756),#4767,.F.);
#4756 = FACE_BOUND('',#4757,.F.);
#4757 = EDGE_LOOP('',(#4758,#4759,#4760,#4766));
#4758 = ORIENTED_EDGE('',*,*,#4740,.T.);
#4759 = ORIENTED_EDGE('',*,*,#2481,.T.);
#4760 = ORIENTED_EDGE('',*,*,#4761,.F.);
#4761 = EDGE_CURVE('',#1454,#2474,#4762,.T.);
#4762 = LINE('',#4763,#4764);
#4763 = CARTESIAN_POINT('',(12.859781960865,-1.755586921884,15.));
#4764 = VECTOR('',#4765,1.);
#4765 = DIRECTION('',(0.,0.,1.));
#4766 = ORIENTED_EDGE('',*,*,#1461,.F.);
#4767 = SURFACE_OF_LINEAR_EXTRUSION('',#4768,#4772);
#4768 = ( BOUNDED_CURVE() B_SPLINE_CURVE(2,(#4769,#4770,#4771),
.UNSPECIFIED.,.F.,.F.) B_SPLINE_CURVE_WITH_KNOTS((3,3),(0.,
1.570796326795),.PIECEWISE_BEZIER_KNOTS.) CURVE() 
GEOMETRIC_REPRESENTATION_ITEM() RATIONAL_B_SPLINE_CURVE((1.,
0.707106781187,1.)) REPRESENTATION_ITEM('') );
#4769 = CARTESIAN_POINT('',(12.54844526087,-1.951212736223,15.));
#4770 = CARTESIAN_POINT('',(12.801926518037,-2.009068179052,15.));
#4771 = CARTESIAN_POINT('',(12.859781960865,-1.755586921884,15.));
#4772 = VECTOR('',#4773,1.);
#4773 = DIRECTION('',(-0.,-0.,-1.));
#4774 = ADVANCED_FACE('',(#4775),#4786,.F.);
#4775 = FACE_BOUND('',#4776,.F.);
#4776 = EDGE_LOOP('',(#4777,#4778,#4779,#4785));
#4777 = ORIENTED_EDGE('',*,*,#4761,.T.);
#4778 = ORIENTED_EDGE('',*,*,#2473,.T.);
#4779 = ORIENTED_EDGE('',*,*,#4780,.F.);
#4780 = EDGE_CURVE('',#1446,#2466,#4781,.T.);
#4781 = LINE('',#4782,#4783);
#4782 = CARTESIAN_POINT('',(12.928015219719,-1.15,15.));
#4783 = VECTOR('',#4784,1.);
#4784 = DIRECTION('',(0.,0.,1.));
#4785 = ORIENTED_EDGE('',*,*,#1453,.F.);
#4786 = SURFACE_OF_LINEAR_EXTRUSION('',#4787,#4791);
#4787 = ( BOUNDED_CURVE() B_SPLINE_CURVE(2,(#4788,#4789,#4790),
.UNSPECIFIED.,.F.,.F.) B_SPLINE_CURVE_WITH_KNOTS((3,3),(0.,
4.695830611611E-02),.PIECEWISE_BEZIER_KNOTS.) CURVE() 
GEOMETRIC_REPRESENTATION_ITEM() RATIONAL_B_SPLINE_CURVE((1.,
0.999724377348,1.)) REPRESENTATION_ITEM('') );
#4788 = CARTESIAN_POINT('',(12.859781960865,-1.755586921884,15.));
#4789 = CARTESIAN_POINT('',(12.901009230984,-1.453594637733,15.));
#4790 = CARTESIAN_POINT('',(12.928015219719,-1.15,15.));
#4791 = VECTOR('',#4792,1.);
#4792 = DIRECTION('',(-0.,-0.,-1.));
#4793 = ADVANCED_FACE('',(#4794),#4805,.F.);
#4794 = FACE_BOUND('',#4795,.F.);
#4795 = EDGE_LOOP('',(#4796,#4797,#4798,#4804));
#4796 = ORIENTED_EDGE('',*,*,#4780,.T.);
#4797 = ORIENTED_EDGE('',*,*,#2465,.T.);
#4798 = ORIENTED_EDGE('',*,*,#4799,.F.);
#4799 = EDGE_CURVE('',#1436,#2456,#4800,.T.);
#4800 = LINE('',#4801,#4802);
#4801 = CARTESIAN_POINT('',(12.668015219719,-0.89,15.));
#4802 = VECTOR('',#4803,1.);
#4803 = DIRECTION('',(0.,0.,1.));
#4804 = ORIENTED_EDGE('',*,*,#1445,.F.);
#4805 = SURFACE_OF_LINEAR_EXTRUSION('',#4806,#4810);
#4806 = ( BOUNDED_CURVE() B_SPLINE_CURVE(2,(#4807,#4808,#4809),
.UNSPECIFIED.,.F.,.F.) B_SPLINE_CURVE_WITH_KNOTS((3,3),(0.,
1.570796326795),.PIECEWISE_BEZIER_KNOTS.) CURVE() 
GEOMETRIC_REPRESENTATION_ITEM() RATIONAL_B_SPLINE_CURVE((1.,
0.707106781187,1.)) REPRESENTATION_ITEM('') );
#4807 = CARTESIAN_POINT('',(12.928015219719,-1.15,15.));
#4808 = CARTESIAN_POINT('',(12.928015219719,-0.89,15.));
#4809 = CARTESIAN_POINT('',(12.668015219719,-0.89,15.));
#4810 = VECTOR('',#4811,1.);
#4811 = DIRECTION('',(-0.,-0.,-1.));
#4812 = ADVANCED_FACE('',(#4813),#4824,.F.);
#4813 = FACE_BOUND('',#4814,.F.);
#4814 = EDGE_LOOP('',(#4815,#4816,#4817,#4823));
#4815 = ORIENTED_EDGE('',*,*,#4799,.T.);
#4816 = ORIENTED_EDGE('',*,*,#2455,.T.);
#4817 = ORIENTED_EDGE('',*,*,#4818,.F.);
#4818 = EDGE_CURVE('',#1428,#2448,#4819,.T.);
#4819 = LINE('',#4820,#4821);
#4820 = CARTESIAN_POINT('',(12.668015219719,0.89,15.));
#4821 = VECTOR('',#4822,1.);
#4822 = DIRECTION('',(0.,0.,1.));
#4823 = ORIENTED_EDGE('',*,*,#1435,.F.);
#4824 = SURFACE_OF_LINEAR_EXTRUSION('',#4825,#4831);
#4825 = ( BOUNDED_CURVE() B_SPLINE_CURVE(2,(#4826,#4827,#4828,#4829,
#4830),.UNSPECIFIED.,.F.,.F.) B_SPLINE_CURVE_WITH_KNOTS((3,2,3),(0.,
1.570796326795,3.14159265359),.PIECEWISE_BEZIER_KNOTS.) CURVE() 
GEOMETRIC_REPRESENTATION_ITEM() RATIONAL_B_SPLINE_CURVE((1.,
0.707106781187,1.,0.707106781187,1.)) REPRESENTATION_ITEM('') );
#4826 = CARTESIAN_POINT('',(12.668015219719,-0.89,15.));
#4827 = CARTESIAN_POINT('',(11.778015219719,-0.89,15.));
#4828 = CARTESIAN_POINT('',(11.778015219719,-2.66E-15,15.));
#4829 = CARTESIAN_POINT('',(11.778015219719,0.89,15.));
#4830 = CARTESIAN_POINT('',(12.668015219719,0.89,15.));
#4831 = VECTOR('',#4832,1.);
#4832 = DIRECTION('',(-0.,-0.,-1.));
#4833 = ADVANCED_FACE('',(#4834),#4845,.F.);
#4834 = FACE_BOUND('',#4835,.F.);
#4835 = EDGE_LOOP('',(#4836,#4837,#4838,#4844));
#4836 = ORIENTED_EDGE('',*,*,#4818,.T.);
#4837 = ORIENTED_EDGE('',*,*,#2447,.T.);
#4838 = ORIENTED_EDGE('',*,*,#4839,.F.);
#4839 = EDGE_CURVE('',#1420,#2440,#4840,.T.);
#4840 = LINE('',#4841,#4842);
#4841 = CARTESIAN_POINT('',(12.928015219719,1.15,15.));
#4842 = VECTOR('',#4843,1.);
#4843 = DIRECTION('',(0.,0.,1.));
#4844 = ORIENTED_EDGE('',*,*,#1427,.F.);
#4845 = SURFACE_OF_LINEAR_EXTRUSION('',#4846,#4850);
#4846 = ( BOUNDED_CURVE() B_SPLINE_CURVE(2,(#4847,#4848,#4849),
.UNSPECIFIED.,.F.,.F.) B_SPLINE_CURVE_WITH_KNOTS((3,3),(0.,
1.570796326795),.PIECEWISE_BEZIER_KNOTS.) CURVE() 
GEOMETRIC_REPRESENTATION_ITEM() RATIONAL_B_SPLINE_CURVE((1.,
0.707106781187,1.)) REPRESENTATION_ITEM('') );
#4847 = CARTESIAN_POINT('',(12.668015219719,0.89,15.));
#4848 = CARTESIAN_POINT('',(12.928015219719,0.89,15.));
#4849 = CARTESIAN_POINT('',(12.928015219719,1.15,15.));
#4850 = VECTOR('',#4851,1.);
#4851 = DIRECTION('',(-0.,-0.,-1.));
#4852 = ADVANCED_FACE('',(#4853),#4864,.F.);
#4853 = FACE_BOUND('',#4854,.F.);
#4854 = EDGE_LOOP('',(#4855,#4856,#4857,#4863));
#4855 = ORIENTED_EDGE('',*,*,#4839,.T.);
#4856 = ORIENTED_EDGE('',*,*,#2439,.T.);
#4857 = ORIENTED_EDGE('',*,*,#4858,.F.);
#4858 = EDGE_CURVE('',#1412,#2432,#4859,.T.);
#4859 = LINE('',#4860,#4861);
#4860 = CARTESIAN_POINT('',(12.859781960865,1.755586921884,15.));
#4861 = VECTOR('',#4862,1.);
#4862 = DIRECTION('',(0.,0.,1.));
#4863 = ORIENTED_EDGE('',*,*,#1419,.F.);
#4864 = SURFACE_OF_LINEAR_EXTRUSION('',#4865,#4869);
#4865 = ( BOUNDED_CURVE() B_SPLINE_CURVE(2,(#4866,#4867,#4868),
.UNSPECIFIED.,.F.,.F.) B_SPLINE_CURVE_WITH_KNOTS((3,3),(0.,
4.695830611611E-02),.PIECEWISE_BEZIER_KNOTS.) CURVE() 
GEOMETRIC_REPRESENTATION_ITEM() RATIONAL_B_SPLINE_CURVE((1.,
0.999724377348,1.)) REPRESENTATION_ITEM('') );
#4866 = CARTESIAN_POINT('',(12.928015219719,1.15,15.));
#4867 = CARTESIAN_POINT('',(12.901009230984,1.453594637733,15.));
#4868 = CARTESIAN_POINT('',(12.859781960865,1.755586921884,15.));
#4869 = VECTOR('',#4870,1.);
#4870 = DIRECTION('',(-0.,-0.,-1.));
#4871 = ADVANCED_FACE('',(#4872),#4883,.F.);
#4872 = FACE_BOUND('',#4873,.F.);
#4873 = EDGE_LOOP('',(#4874,#4875,#4876,#4882));
#4874 = ORIENTED_EDGE('',*,*,#4858,.T.);
#4875 = ORIENTED_EDGE('',*,*,#2431,.T.);
#4876 = ORIENTED_EDGE('',*,*,#4877,.F.);
#4877 = EDGE_CURVE('',#1402,#2422,#4878,.T.);
#4878 = LINE('',#4879,#4880);
#4879 = CARTESIAN_POINT('',(12.54844526087,1.951212736223,15.));
#4880 = VECTOR('',#4881,1.);
#4881 = DIRECTION('',(0.,0.,1.));
#4882 = ORIENTED_EDGE('',*,*,#1411,.F.);
#4883 = SURFACE_OF_LINEAR_EXTRUSION('',#4884,#4888);
#4884 = ( BOUNDED_CURVE() B_SPLINE_CURVE(2,(#4885,#4886,#4887),
.UNSPECIFIED.,.F.,.F.) B_SPLINE_CURVE_WITH_KNOTS((3,3),(0.,
1.570796326795),.PIECEWISE_BEZIER_KNOTS.) CURVE() 
GEOMETRIC_REPRESENTATION_ITEM() RATIONAL_B_SPLINE_CURVE((1.,
0.707106781187,1.)) REPRESENTATION_ITEM('') );
#4885 = CARTESIAN_POINT('',(12.859781960865,1.755586921884,15.));
#4886 = CARTESIAN_POINT('',(12.801926518037,2.009068179052,15.));
#4887 = CARTESIAN_POINT('',(12.54844526087,1.951212736223,15.));
#4888 = VECTOR('',#4889,1.);
#4889 = DIRECTION('',(-0.,-0.,-1.));
#4890 = ADVANCED_FACE('',(#4891),#4902,.F.);
#4891 = FACE_BOUND('',#4892,.F.);
#4892 = EDGE_LOOP('',(#4893,#4894,#4895,#4901));
#4893 = ORIENTED_EDGE('',*,*,#4877,.T.);
#4894 = ORIENTED_EDGE('',*,*,#2421,.T.);
#4895 = ORIENTED_EDGE('',*,*,#4896,.F.);
#4896 = EDGE_CURVE('',#1394,#2414,#4897,.T.);
#4897 = LINE('',#4898,#4899);
#4898 = CARTESIAN_POINT('',(12.152357998427,3.686584419907,15.));
#4899 = VECTOR('',#4900,1.);
#4900 = DIRECTION('',(0.,0.,1.));
#4901 = ORIENTED_EDGE('',*,*,#1401,.F.);
#4902 = SURFACE_OF_LINEAR_EXTRUSION('',#4903,#4909);
#4903 = ( BOUNDED_CURVE() B_SPLINE_CURVE(2,(#4904,#4905,#4906,#4907,
#4908),.UNSPECIFIED.,.F.,.F.) B_SPLINE_CURVE_WITH_KNOTS((3,2,3),(0.,
1.570796326795,3.14159265359),.PIECEWISE_BEZIER_KNOTS.) CURVE() 
GEOMETRIC_REPRESENTATION_ITEM() RATIONAL_B_SPLINE_CURVE((1.,
0.707106781187,1.,0.707106781187,1.)) REPRESENTATION_ITEM('') );
#4904 = CARTESIAN_POINT('',(12.54844526087,1.951212736223,15.));
#4905 = CARTESIAN_POINT('',(11.680759419028,1.753169105002,15.));
#4906 = CARTESIAN_POINT('',(11.482715787807,2.620854946844,15.));
#4907 = CARTESIAN_POINT('',(11.284672156585,3.488540788685,15.));
#4908 = CARTESIAN_POINT('',(12.152357998427,3.686584419907,15.));
#4909 = VECTOR('',#4910,1.);
#4910 = DIRECTION('',(-0.,-0.,-1.));
#4911 = ADVANCED_FACE('',(#4912),#4923,.F.);
#4912 = FACE_BOUND('',#4913,.F.);
#4913 = EDGE_LOOP('',(#4914,#4915,#4916,#4922));
#4914 = ORIENTED_EDGE('',*,*,#4896,.T.);
#4915 = ORIENTED_EDGE('',*,*,#2413,.T.);
#4916 = ORIENTED_EDGE('',*,*,#4917,.F.);
#4917 = EDGE_CURVE('',#1386,#2406,#4918,.T.);
#4918 = LINE('',#4919,#4920);
#4919 = CARTESIAN_POINT('',(12.347983812766,3.997921119902,15.));
#4920 = VECTOR('',#4921,1.);
#4921 = DIRECTION('',(0.,0.,1.));
#4922 = ORIENTED_EDGE('',*,*,#1393,.F.);
#4923 = SURFACE_OF_LINEAR_EXTRUSION('',#4924,#4928);
#4924 = ( BOUNDED_CURVE() B_SPLINE_CURVE(2,(#4925,#4926,#4927),
.UNSPECIFIED.,.F.,.F.) B_SPLINE_CURVE_WITH_KNOTS((3,3),(0.,
1.570796326795),.PIECEWISE_BEZIER_KNOTS.) CURVE() 
GEOMETRIC_REPRESENTATION_ITEM() RATIONAL_B_SPLINE_CURVE((1.,
0.707106781187,1.)) REPRESENTATION_ITEM('') );
#4925 = CARTESIAN_POINT('',(12.152357998427,3.686584419907,15.));
#4926 = CARTESIAN_POINT('',(12.405839255595,3.744439862735,15.));
#4927 = CARTESIAN_POINT('',(12.347983812766,3.997921119902,15.));
#4928 = VECTOR('',#4929,1.);
#4929 = DIRECTION('',(-0.,-0.,-1.));
#4930 = ADVANCED_FACE('',(#4931),#4942,.F.);
#4931 = FACE_BOUND('',#4932,.F.);
#4932 = EDGE_LOOP('',(#4933,#4934,#4935,#4941));
#4933 = ORIENTED_EDGE('',*,*,#4917,.T.);
#4934 = ORIENTED_EDGE('',*,*,#2405,.T.);
#4935 = ORIENTED_EDGE('',*,*,#4936,.F.);
#4936 = EDGE_CURVE('',#1378,#2398,#4937,.T.);
#4937 = LINE('',#4938,#4939);
#4938 = CARTESIAN_POINT('',(12.146705536721,4.573141384813,15.));
#4939 = VECTOR('',#4940,1.);
#4940 = DIRECTION('',(0.,0.,1.));
#4941 = ORIENTED_EDGE('',*,*,#1385,.F.);
#4942 = SURFACE_OF_LINEAR_EXTRUSION('',#4943,#4947);
#4943 = ( BOUNDED_CURVE() B_SPLINE_CURVE(2,(#4944,#4945,#4946),
.UNSPECIFIED.,.F.,.F.) B_SPLINE_CURVE_WITH_KNOTS((3,3),(0.,
4.695830611611E-02),.PIECEWISE_BEZIER_KNOTS.) CURVE() 
GEOMETRIC_REPRESENTATION_ITEM() RATIONAL_B_SPLINE_CURVE((1.,
0.999724377348,1.)) REPRESENTATION_ITEM('') );
#4944 = CARTESIAN_POINT('',(12.347983812766,3.997921119902,15.));
#4945 = CARTESIAN_POINT('',(12.254098758219,4.287894608382,15.));
#4946 = CARTESIAN_POINT('',(12.146705536721,4.573141384813,15.));
#4947 = VECTOR('',#4948,1.);
#4948 = DIRECTION('',(-0.,-0.,-1.));
#4949 = ADVANCED_FACE('',(#4950),#4961,.F.);
#4950 = FACE_BOUND('',#4951,.F.);
#4951 = EDGE_LOOP('',(#4952,#4953,#4954,#4960));
#4952 = ORIENTED_EDGE('',*,*,#4936,.T.);
#4953 = ORIENTED_EDGE('',*,*,#2397,.T.);
#4954 = ORIENTED_EDGE('',*,*,#4955,.F.);
#4955 = EDGE_CURVE('',#1368,#2388,#4956,.T.);
#4956 = LINE('',#4957,#4958);
#4957 = CARTESIAN_POINT('',(11.799643858896,4.694583518297,15.));
#4958 = VECTOR('',#4959,1.);
#4959 = DIRECTION('',(0.,0.,1.));
#4960 = ORIENTED_EDGE('',*,*,#1377,.F.);
#4961 = SURFACE_OF_LINEAR_EXTRUSION('',#4962,#4966);
#4962 = ( BOUNDED_CURVE() B_SPLINE_CURVE(2,(#4963,#4964,#4965),
.UNSPECIFIED.,.F.,.F.) B_SPLINE_CURVE_WITH_KNOTS((3,3),(0.,
1.570796326795),.PIECEWISE_BEZIER_KNOTS.) CURVE() 
GEOMETRIC_REPRESENTATION_ITEM() RATIONAL_B_SPLINE_CURVE((1.,
0.707106781187,1.)) REPRESENTATION_ITEM('') );
#4963 = CARTESIAN_POINT('',(12.146705536721,4.573141384813,15.));
#4964 = CARTESIAN_POINT('',(12.03389576455,4.807393290467,15.));
#4965 = CARTESIAN_POINT('',(11.799643858896,4.694583518297,15.));
#4966 = VECTOR('',#4967,1.);
#4967 = DIRECTION('',(-0.,-0.,-1.));
#4968 = ADVANCED_FACE('',(#4969),#4980,.F.);
#4969 = FACE_BOUND('',#4970,.F.);
#4970 = EDGE_LOOP('',(#4971,#4972,#4973,#4979));
#4971 = ORIENTED_EDGE('',*,*,#4955,.T.);
#4972 = ORIENTED_EDGE('',*,*,#2387,.T.);
#4973 = ORIENTED_EDGE('',*,*,#4974,.F.);
#4974 = EDGE_CURVE('',#1360,#2380,#4975,.T.);
#4975 = LINE('',#4976,#4977);
#4976 = CARTESIAN_POINT('',(11.027330803266,6.298308103163,15.));
#4977 = VECTOR('',#4978,1.);
#4978 = DIRECTION('',(0.,0.,1.));
#4979 = ORIENTED_EDGE('',*,*,#1367,.F.);
#4980 = SURFACE_OF_LINEAR_EXTRUSION('',#4981,#4987);
#4981 = ( BOUNDED_CURVE() B_SPLINE_CURVE(2,(#4982,#4983,#4984,#4985,
#4986),.UNSPECIFIED.,.F.,.F.) B_SPLINE_CURVE_WITH_KNOTS((3,2,3),(0.,
1.570796326795,3.14159265359),.PIECEWISE_BEZIER_KNOTS.) CURVE() 
GEOMETRIC_REPRESENTATION_ITEM() RATIONAL_B_SPLINE_CURVE((1.,
0.707106781187,1.,0.707106781187,1.)) REPRESENTATION_ITEM('') );
#4982 = CARTESIAN_POINT('',(11.799643858896,4.694583518297,15.));
#4983 = CARTESIAN_POINT('',(10.997781566463,4.308426990482,15.));
#4984 = CARTESIAN_POINT('',(10.611625038648,5.110289282915,15.));
#4985 = CARTESIAN_POINT('',(10.225468510833,5.912151575348,15.));
#4986 = CARTESIAN_POINT('',(11.027330803266,6.298308103163,15.));
#4987 = VECTOR('',#4988,1.);
#4988 = DIRECTION('',(-0.,-0.,-1.));
#4989 = ADVANCED_FACE('',(#4990),#5001,.F.);
#4990 = FACE_BOUND('',#4991,.F.);
#4991 = EDGE_LOOP('',(#4992,#4993,#4994,#5000));
#4992 = ORIENTED_EDGE('',*,*,#4974,.T.);
#4993 = ORIENTED_EDGE('',*,*,#2379,.T.);
#4994 = ORIENTED_EDGE('',*,*,#4995,.F.);
#4995 = EDGE_CURVE('',#1352,#2372,#4996,.T.);
#4996 = LINE('',#4997,#4998);
#4997 = CARTESIAN_POINT('',(11.14877293675,6.645369780988,15.));
#4998 = VECTOR('',#4999,1.);
#4999 = DIRECTION('',(0.,0.,1.));
#5000 = ORIENTED_EDGE('',*,*,#1359,.F.);
#5001 = SURFACE_OF_LINEAR_EXTRUSION('',#5002,#5006);
#5002 = ( BOUNDED_CURVE() B_SPLINE_CURVE(2,(#5003,#5004,#5005),
.UNSPECIFIED.,.F.,.F.) B_SPLINE_CURVE_WITH_KNOTS((3,3),(0.,
1.570796326795),.PIECEWISE_BEZIER_KNOTS.) CURVE() 
GEOMETRIC_REPRESENTATION_ITEM() RATIONAL_B_SPLINE_CURVE((1.,
0.707106781187,1.)) REPRESENTATION_ITEM('') );
#5003 = CARTESIAN_POINT('',(11.027330803266,6.298308103163,15.));
#5004 = CARTESIAN_POINT('',(11.261582708921,6.411117875334,15.));
#5005 = CARTESIAN_POINT('',(11.14877293675,6.645369780988,15.));
#5006 = VECTOR('',#5007,1.);
#5007 = DIRECTION('',(-0.,-0.,-1.));
#5008 = ADVANCED_FACE('',(#5009),#5020,.F.);
#5009 = FACE_BOUND('',#5010,.F.);
#5010 = EDGE_LOOP('',(#5011,#5012,#5013,#5019));
#5011 = ORIENTED_EDGE('',*,*,#4995,.T.);
#5012 = ORIENTED_EDGE('',*,*,#2371,.T.);
#5013 = ORIENTED_EDGE('',*,*,#5014,.F.);
#5014 = EDGE_CURVE('',#1344,#2364,#5015,.T.);
#5015 = LINE('',#5016,#5017);
#5016 = CARTESIAN_POINT('',(10.82454257674,7.161379442931,15.));
#5017 = VECTOR('',#5018,1.);
#5018 = DIRECTION('',(0.,0.,1.));
#5019 = ORIENTED_EDGE('',*,*,#1351,.F.);
#5020 = SURFACE_OF_LINEAR_EXTRUSION('',#5021,#5025);
#5021 = ( BOUNDED_CURVE() B_SPLINE_CURVE(2,(#5022,#5023,#5024),
.UNSPECIFIED.,.F.,.F.) B_SPLINE_CURVE_WITH_KNOTS((3,3),(0.,
4.695830611611E-02),.PIECEWISE_BEZIER_KNOTS.) CURVE() 
GEOMETRIC_REPRESENTATION_ITEM() RATIONAL_B_SPLINE_CURVE((1.,
0.999724377348,1.)) REPRESENTATION_ITEM('') );
#5022 = CARTESIAN_POINT('',(11.14877293675,6.645369780988,15.));
#5023 = CARTESIAN_POINT('',(10.992716605057,6.907181638677,15.));
#5024 = CARTESIAN_POINT('',(10.82454257674,7.161379442931,15.));
#5025 = VECTOR('',#5026,1.);
#5026 = DIRECTION('',(-0.,-0.,-1.));
#5027 = ADVANCED_FACE('',(#5028),#5039,.F.);
#5028 = FACE_BOUND('',#5029,.F.);
#5029 = EDGE_LOOP('',(#5030,#5031,#5032,#5038));
#5030 = ORIENTED_EDGE('',*,*,#5014,.T.);
#5031 = ORIENTED_EDGE('',*,*,#2363,.T.);
#5032 = ORIENTED_EDGE('',*,*,#5033,.F.);
#5033 = EDGE_CURVE('',#1334,#2354,#5034,.T.);
#5034 = LINE('',#5035,#5036);
#5035 = CARTESIAN_POINT('',(10.459159042815,7.20254827989,15.));
#5036 = VECTOR('',#5037,1.);
#5037 = DIRECTION('',(0.,0.,1.));
#5038 = ORIENTED_EDGE('',*,*,#1343,.F.);
#5039 = SURFACE_OF_LINEAR_EXTRUSION('',#5040,#5044);
#5040 = ( BOUNDED_CURVE() B_SPLINE_CURVE(2,(#5041,#5042,#5043),
.UNSPECIFIED.,.F.,.F.) B_SPLINE_CURVE_WITH_KNOTS((3,3),(0.,
1.570796326795),.PIECEWISE_BEZIER_KNOTS.) CURVE() 
GEOMETRIC_REPRESENTATION_ITEM() RATIONAL_B_SPLINE_CURVE((1.,
0.707106781187,1.)) REPRESENTATION_ITEM('') );
#5041 = CARTESIAN_POINT('',(10.82454257674,7.161379442931,15.));
#5042 = CARTESIAN_POINT('',(10.662435228257,7.364655628373,15.));
#5043 = CARTESIAN_POINT('',(10.459159042815,7.20254827989,15.));
#5044 = VECTOR('',#5045,1.);
#5045 = DIRECTION('',(-0.,-0.,-1.));
#5046 = ADVANCED_FACE('',(#5047),#5058,.F.);
#5047 = FACE_BOUND('',#5048,.F.);
#5048 = EDGE_LOOP('',(#5049,#5050,#5051,#5057));
#5049 = ORIENTED_EDGE('',*,*,#5033,.T.);
#5050 = ORIENTED_EDGE('',*,*,#2353,.T.);
#5051 = ORIENTED_EDGE('',*,*,#5052,.F.);
#5052 = EDGE_CURVE('',#1326,#2346,#5053,.T.);
#5053 = LINE('',#5054,#5055);
#5054 = CARTESIAN_POINT('',(9.349347195506,8.594208318683,15.));
#5055 = VECTOR('',#5056,1.);
#5056 = DIRECTION('',(0.,0.,1.));
#5057 = ORIENTED_EDGE('',*,*,#1333,.F.);
#5058 = SURFACE_OF_LINEAR_EXTRUSION('',#5059,#5065);
#5059 = ( BOUNDED_CURVE() B_SPLINE_CURVE(2,(#5060,#5061,#5062,#5063,
#5064),.UNSPECIFIED.,.F.,.F.) B_SPLINE_CURVE_WITH_KNOTS((3,2,3),(0.,
1.570796326795,3.14159265359),.PIECEWISE_BEZIER_KNOTS.) CURVE() 
GEOMETRIC_REPRESENTATION_ITEM() RATIONAL_B_SPLINE_CURVE((1.,
0.707106781187,1.,0.707106781187,1.)) REPRESENTATION_ITEM('') );
#5060 = CARTESIAN_POINT('',(10.459159042815,7.20254827989,15.));
#5061 = CARTESIAN_POINT('',(9.763329023418,6.647642356235,15.));
#5062 = CARTESIAN_POINT('',(9.208423099764,7.343472375632,15.));
#5063 = CARTESIAN_POINT('',(8.65351717611,8.039302395028,15.));
#5064 = CARTESIAN_POINT('',(9.349347195506,8.594208318683,15.));
#5065 = VECTOR('',#5066,1.);
#5066 = DIRECTION('',(-0.,-0.,-1.));
#5067 = ADVANCED_FACE('',(#5068),#5079,.F.);
#5068 = FACE_BOUND('',#5069,.F.);
#5069 = EDGE_LOOP('',(#5070,#5071,#5072,#5078));
#5070 = ORIENTED_EDGE('',*,*,#5052,.T.);
#5071 = ORIENTED_EDGE('',*,*,#2345,.T.);
#5072 = ORIENTED_EDGE('',*,*,#5073,.F.);
#5073 = EDGE_CURVE('',#1318,#2338,#5074,.T.);
#5074 = LINE('',#5075,#5076);
#5075 = CARTESIAN_POINT('',(9.390516032465,8.959591852608,15.));
#5076 = VECTOR('',#5077,1.);
#5077 = DIRECTION('',(0.,0.,1.));
#5078 = ORIENTED_EDGE('',*,*,#1325,.F.);
#5079 = SURFACE_OF_LINEAR_EXTRUSION('',#5080,#5084);
#5080 = ( BOUNDED_CURVE() B_SPLINE_CURVE(2,(#5081,#5082,#5083),
.UNSPECIFIED.,.F.,.F.) B_SPLINE_CURVE_WITH_KNOTS((3,3),(0.,
1.570796326795),.PIECEWISE_BEZIER_KNOTS.) CURVE() 
GEOMETRIC_REPRESENTATION_ITEM() RATIONAL_B_SPLINE_CURVE((1.,
0.707106781187,1.)) REPRESENTATION_ITEM('') );
#5081 = CARTESIAN_POINT('',(9.349347195506,8.594208318683,15.));
#5082 = CARTESIAN_POINT('',(9.552623380948,8.756315667166,15.));
#5083 = CARTESIAN_POINT('',(9.390516032465,8.959591852608,15.));
#5084 = VECTOR('',#5085,1.);
#5085 = DIRECTION('',(-0.,-0.,-1.));
#5086 = ADVANCED_FACE('',(#5087),#5098,.F.);
#5087 = FACE_BOUND('',#5088,.F.);
#5088 = EDGE_LOOP('',(#5089,#5090,#5091,#5097));
#5089 = ORIENTED_EDGE('',*,*,#5073,.T.);
#5090 = ORIENTED_EDGE('',*,*,#2337,.T.);
#5091 = ORIENTED_EDGE('',*,*,#5092,.F.);
#5092 = EDGE_CURVE('',#1310,#2330,#5093,.T.);
#5093 = LINE('',#5094,#5095);
#5094 = CARTESIAN_POINT('',(8.959591852608,9.390516032465,15.));
#5095 = VECTOR('',#5096,1.);
#5096 = DIRECTION('',(0.,0.,1.));
#5097 = ORIENTED_EDGE('',*,*,#1317,.F.);
#5098 = SURFACE_OF_LINEAR_EXTRUSION('',#5099,#5103);
#5099 = ( BOUNDED_CURVE() B_SPLINE_CURVE(2,(#5100,#5101,#5102),
.UNSPECIFIED.,.F.,.F.) B_SPLINE_CURVE_WITH_KNOTS((3,3),(0.,
4.695830611611E-02),.PIECEWISE_BEZIER_KNOTS.) CURVE() 
GEOMETRIC_REPRESENTATION_ITEM() RATIONAL_B_SPLINE_CURVE((1.,
0.999724377348,1.)) REPRESENTATION_ITEM('') );
#5100 = CARTESIAN_POINT('',(9.390516032465,8.959591852608,15.));
#5101 = CARTESIAN_POINT('',(9.180113739731,9.180113739731,15.));
#5102 = CARTESIAN_POINT('',(8.959591852608,9.390516032465,15.));
#5103 = VECTOR('',#5104,1.);
#5104 = DIRECTION('',(-0.,-0.,-1.));
#5105 = ADVANCED_FACE('',(#5106),#5117,.F.);
#5106 = FACE_BOUND('',#5107,.F.);
#5107 = EDGE_LOOP('',(#5108,#5109,#5110,#5116));
#5108 = ORIENTED_EDGE('',*,*,#5092,.T.);
#5109 = ORIENTED_EDGE('',*,*,#2329,.T.);
#5110 = ORIENTED_EDGE('',*,*,#5111,.F.);
#5111 = EDGE_CURVE('',#1300,#2320,#5112,.T.);
#5112 = LINE('',#5113,#5114);
#5113 = CARTESIAN_POINT('',(8.594208318683,9.349347195506,15.));
#5114 = VECTOR('',#5115,1.);
#5115 = DIRECTION('',(0.,0.,1.));
#5116 = ORIENTED_EDGE('',*,*,#1309,.F.);
#5117 = SURFACE_OF_LINEAR_EXTRUSION('',#5118,#5122);
#5118 = ( BOUNDED_CURVE() B_SPLINE_CURVE(2,(#5119,#5120,#5121),
.UNSPECIFIED.,.F.,.F.) B_SPLINE_CURVE_WITH_KNOTS((3,3),(0.,
1.570796326795),.PIECEWISE_BEZIER_KNOTS.) CURVE() 
GEOMETRIC_REPRESENTATION_ITEM() RATIONAL_B_SPLINE_CURVE((1.,
0.707106781187,1.)) REPRESENTATION_ITEM('') );
#5119 = CARTESIAN_POINT('',(8.959591852608,9.390516032465,15.));
#5120 = CARTESIAN_POINT('',(8.756315667166,9.552623380948,15.));
#5121 = CARTESIAN_POINT('',(8.594208318683,9.349347195506,15.));
#5122 = VECTOR('',#5123,1.);
#5123 = DIRECTION('',(-0.,-0.,-1.));
#5124 = ADVANCED_FACE('',(#5125),#5136,.F.);
#5125 = FACE_BOUND('',#5126,.F.);
#5126 = EDGE_LOOP('',(#5127,#5128,#5129,#5135));
#5127 = ORIENTED_EDGE('',*,*,#5111,.T.);
#5128 = ORIENTED_EDGE('',*,*,#2319,.T.);
#5129 = ORIENTED_EDGE('',*,*,#5130,.F.);
#5130 = EDGE_CURVE('',#1292,#2312,#5131,.T.);
#5131 = LINE('',#5132,#5133);
#5132 = CARTESIAN_POINT('',(7.20254827989,10.459159042815,15.));
#5133 = VECTOR('',#5134,1.);
#5134 = DIRECTION('',(0.,0.,1.));
#5135 = ORIENTED_EDGE('',*,*,#1299,.F.);
#5136 = SURFACE_OF_LINEAR_EXTRUSION('',#5137,#5143);
#5137 = ( BOUNDED_CURVE() B_SPLINE_CURVE(2,(#5138,#5139,#5140,#5141,
#5142),.UNSPECIFIED.,.F.,.F.) B_SPLINE_CURVE_WITH_KNOTS((3,2,3),(0.,
1.570796326795,3.14159265359),.PIECEWISE_BEZIER_KNOTS.) CURVE() 
GEOMETRIC_REPRESENTATION_ITEM() RATIONAL_B_SPLINE_CURVE((1.,
0.707106781187,1.,0.707106781187,1.)) REPRESENTATION_ITEM('') );
#5138 = CARTESIAN_POINT('',(8.594208318683,9.349347195506,15.));
#5139 = CARTESIAN_POINT('',(8.039302395028,8.65351717611,15.));
#5140 = CARTESIAN_POINT('',(7.343472375632,9.208423099764,15.));
#5141 = CARTESIAN_POINT('',(6.647642356235,9.763329023418,15.));
#5142 = CARTESIAN_POINT('',(7.20254827989,10.459159042815,15.));
#5143 = VECTOR('',#5144,1.);
#5144 = DIRECTION('',(-0.,-0.,-1.));
#5145 = ADVANCED_FACE('',(#5146),#5157,.F.);
#5146 = FACE_BOUND('',#5147,.F.);
#5147 = EDGE_LOOP('',(#5148,#5149,#5150,#5156));
#5148 = ORIENTED_EDGE('',*,*,#5130,.T.);
#5149 = ORIENTED_EDGE('',*,*,#2311,.T.);
#5150 = ORIENTED_EDGE('',*,*,#5151,.F.);
#5151 = EDGE_CURVE('',#1284,#2304,#5152,.T.);
#5152 = LINE('',#5153,#5154);
#5153 = CARTESIAN_POINT('',(7.161379442931,10.82454257674,15.));
#5154 = VECTOR('',#5155,1.);
#5155 = DIRECTION('',(0.,0.,1.));
#5156 = ORIENTED_EDGE('',*,*,#1291,.F.);
#5157 = SURFACE_OF_LINEAR_EXTRUSION('',#5158,#5162);
#5158 = ( BOUNDED_CURVE() B_SPLINE_CURVE(2,(#5159,#5160,#5161),
.UNSPECIFIED.,.F.,.F.) B_SPLINE_CURVE_WITH_KNOTS((3,3),(0.,
1.570796326795),.PIECEWISE_BEZIER_KNOTS.) CURVE() 
GEOMETRIC_REPRESENTATION_ITEM() RATIONAL_B_SPLINE_CURVE((1.,
0.707106781187,1.)) REPRESENTATION_ITEM('') );
#5159 = CARTESIAN_POINT('',(7.20254827989,10.459159042815,15.));
#5160 = CARTESIAN_POINT('',(7.364655628373,10.662435228257,15.));
#5161 = CARTESIAN_POINT('',(7.161379442931,10.82454257674,15.));
#5162 = VECTOR('',#5163,1.);
#5163 = DIRECTION('',(-0.,-0.,-1.));
#5164 = ADVANCED_FACE('',(#5165),#5176,.F.);
#5165 = FACE_BOUND('',#5166,.F.);
#5166 = EDGE_LOOP('',(#5167,#5168,#5169,#5175));
#5167 = ORIENTED_EDGE('',*,*,#5151,.T.);
#5168 = ORIENTED_EDGE('',*,*,#2303,.T.);
#5169 = ORIENTED_EDGE('',*,*,#5170,.F.);
#5170 = EDGE_CURVE('',#1276,#2296,#5171,.T.);
#5171 = LINE('',#5172,#5173);
#5172 = CARTESIAN_POINT('',(6.645369780988,11.14877293675,15.));
#5173 = VECTOR('',#5174,1.);
#5174 = DIRECTION('',(0.,0.,1.));
#5175 = ORIENTED_EDGE('',*,*,#1283,.F.);
#5176 = SURFACE_OF_LINEAR_EXTRUSION('',#5177,#5181);
#5177 = ( BOUNDED_CURVE() B_SPLINE_CURVE(2,(#5178,#5179,#5180),
.UNSPECIFIED.,.F.,.F.) B_SPLINE_CURVE_WITH_KNOTS((3,3),(0.,
4.695830611611E-02),.PIECEWISE_BEZIER_KNOTS.) CURVE() 
GEOMETRIC_REPRESENTATION_ITEM() RATIONAL_B_SPLINE_CURVE((1.,
0.999724377348,1.)) REPRESENTATION_ITEM('') );
#5178 = CARTESIAN_POINT('',(7.161379442931,10.82454257674,15.));
#5179 = CARTESIAN_POINT('',(6.907181638677,10.992716605057,15.));
#5180 = CARTESIAN_POINT('',(6.645369780988,11.14877293675,15.));
#5181 = VECTOR('',#5182,1.);
#5182 = DIRECTION('',(-0.,-0.,-1.));
#5183 = ADVANCED_FACE('',(#5184),#5195,.F.);
#5184 = FACE_BOUND('',#5185,.F.);
#5185 = EDGE_LOOP('',(#5186,#5187,#5188,#5194));
#5186 = ORIENTED_EDGE('',*,*,#5170,.T.);
#5187 = ORIENTED_EDGE('',*,*,#2295,.T.);
#5188 = ORIENTED_EDGE('',*,*,#5189,.F.);
#5189 = EDGE_CURVE('',#1266,#2286,#5190,.T.);
#5190 = LINE('',#5191,#5192);
#5191 = CARTESIAN_POINT('',(6.298308103163,11.027330803266,15.));
#5192 = VECTOR('',#5193,1.);
#5193 = DIRECTION('',(0.,0.,1.));
#5194 = ORIENTED_EDGE('',*,*,#1275,.F.);
#5195 = SURFACE_OF_LINEAR_EXTRUSION('',#5196,#5200);
#5196 = ( BOUNDED_CURVE() B_SPLINE_CURVE(2,(#5197,#5198,#5199),
.UNSPECIFIED.,.F.,.F.) B_SPLINE_CURVE_WITH_KNOTS((3,3),(0.,
1.570796326795),.PIECEWISE_BEZIER_KNOTS.) CURVE() 
GEOMETRIC_REPRESENTATION_ITEM() RATIONAL_B_SPLINE_CURVE((1.,
0.707106781187,1.)) REPRESENTATION_ITEM('') );
#5197 = CARTESIAN_POINT('',(6.645369780988,11.14877293675,15.));
#5198 = CARTESIAN_POINT('',(6.411117875334,11.261582708921,15.));
#5199 = CARTESIAN_POINT('',(6.298308103163,11.027330803266,15.));
#5200 = VECTOR('',#5201,1.);
#5201 = DIRECTION('',(-0.,-0.,-1.));
#5202 = ADVANCED_FACE('',(#5203),#5214,.F.);
#5203 = FACE_BOUND('',#5204,.F.);
#5204 = EDGE_LOOP('',(#5205,#5206,#5207,#5213));
#5205 = ORIENTED_EDGE('',*,*,#5189,.T.);
#5206 = ORIENTED_EDGE('',*,*,#2285,.T.);
#5207 = ORIENTED_EDGE('',*,*,#5208,.F.);
#5208 = EDGE_CURVE('',#1258,#2278,#5209,.T.);
#5209 = LINE('',#5210,#5211);
#5210 = CARTESIAN_POINT('',(4.694583518297,11.799643858896,15.));
#5211 = VECTOR('',#5212,1.);
#5212 = DIRECTION('',(0.,0.,1.));
#5213 = ORIENTED_EDGE('',*,*,#1265,.F.);
#5214 = SURFACE_OF_LINEAR_EXTRUSION('',#5215,#5221);
#5215 = ( BOUNDED_CURVE() B_SPLINE_CURVE(2,(#5216,#5217,#5218,#5219,
#5220),.UNSPECIFIED.,.F.,.F.) B_SPLINE_CURVE_WITH_KNOTS((3,2,3),(0.,
1.570796326795,3.14159265359),.PIECEWISE_BEZIER_KNOTS.) CURVE() 
GEOMETRIC_REPRESENTATION_ITEM() RATIONAL_B_SPLINE_CURVE((1.,
0.707106781187,1.,0.707106781187,1.)) REPRESENTATION_ITEM('') );
#5216 = CARTESIAN_POINT('',(6.298308103163,11.027330803266,15.));
#5217 = CARTESIAN_POINT('',(5.912151575348,10.225468510833,15.));
#5218 = CARTESIAN_POINT('',(5.110289282915,10.611625038648,15.));
#5219 = CARTESIAN_POINT('',(4.308426990482,10.997781566463,15.));
#5220 = CARTESIAN_POINT('',(4.694583518297,11.799643858896,15.));
#5221 = VECTOR('',#5222,1.);
#5222 = DIRECTION('',(-0.,-0.,-1.));
#5223 = ADVANCED_FACE('',(#5224),#5235,.F.);
#5224 = FACE_BOUND('',#5225,.F.);
#5225 = EDGE_LOOP('',(#5226,#5227,#5228,#5234));
#5226 = ORIENTED_EDGE('',*,*,#5208,.T.);
#5227 = ORIENTED_EDGE('',*,*,#2277,.T.);
#5228 = ORIENTED_EDGE('',*,*,#5229,.F.);
#5229 = EDGE_CURVE('',#1250,#2270,#5230,.T.);
#5230 = LINE('',#5231,#5232);
#5231 = CARTESIAN_POINT('',(4.573141384813,12.146705536721,15.));
#5232 = VECTOR('',#5233,1.);
#5233 = DIRECTION('',(0.,0.,1.));
#5234 = ORIENTED_EDGE('',*,*,#1257,.F.);
#5235 = SURFACE_OF_LINEAR_EXTRUSION('',#5236,#5240);
#5236 = ( BOUNDED_CURVE() B_SPLINE_CURVE(2,(#5237,#5238,#5239),
.UNSPECIFIED.,.F.,.F.) B_SPLINE_CURVE_WITH_KNOTS((3,3),(0.,
1.570796326795),.PIECEWISE_BEZIER_KNOTS.) CURVE() 
GEOMETRIC_REPRESENTATION_ITEM() RATIONAL_B_SPLINE_CURVE((1.,
0.707106781187,1.)) REPRESENTATION_ITEM('') );
#5237 = CARTESIAN_POINT('',(4.694583518297,11.799643858896,15.));
#5238 = CARTESIAN_POINT('',(4.807393290467,12.03389576455,15.));
#5239 = CARTESIAN_POINT('',(4.573141384813,12.146705536721,15.));
#5240 = VECTOR('',#5241,1.);
#5241 = DIRECTION('',(-0.,-0.,-1.));
#5242 = ADVANCED_FACE('',(#5243),#5254,.F.);
#5243 = FACE_BOUND('',#5244,.F.);
#5244 = EDGE_LOOP('',(#5245,#5246,#5247,#5253));
#5245 = ORIENTED_EDGE('',*,*,#5229,.T.);
#5246 = ORIENTED_EDGE('',*,*,#2269,.T.);
#5247 = ORIENTED_EDGE('',*,*,#5248,.F.);
#5248 = EDGE_CURVE('',#1242,#2262,#5249,.T.);
#5249 = LINE('',#5250,#5251);
#5250 = CARTESIAN_POINT('',(3.997921119902,12.347983812766,15.));
#5251 = VECTOR('',#5252,1.);
#5252 = DIRECTION('',(0.,0.,1.));
#5253 = ORIENTED_EDGE('',*,*,#1249,.F.);
#5254 = SURFACE_OF_LINEAR_EXTRUSION('',#5255,#5259);
#5255 = ( BOUNDED_CURVE() B_SPLINE_CURVE(2,(#5256,#5257,#5258),
.UNSPECIFIED.,.F.,.F.) B_SPLINE_CURVE_WITH_KNOTS((3,3),(0.,
4.695830611611E-02),.PIECEWISE_BEZIER_KNOTS.) CURVE() 
GEOMETRIC_REPRESENTATION_ITEM() RATIONAL_B_SPLINE_CURVE((1.,
0.999724377348,1.)) REPRESENTATION_ITEM('') );
#5256 = CARTESIAN_POINT('',(4.573141384813,12.146705536721,15.));
#5257 = CARTESIAN_POINT('',(4.287894608382,12.254098758219,15.));
#5258 = CARTESIAN_POINT('',(3.997921119902,12.347983812766,15.));
#5259 = VECTOR('',#5260,1.);
#5260 = DIRECTION('',(-0.,-0.,-1.));
#5261 = ADVANCED_FACE('',(#5262),#5273,.F.);
#5262 = FACE_BOUND('',#5263,.F.);
#5263 = EDGE_LOOP('',(#5264,#5265,#5266,#5272));
#5264 = ORIENTED_EDGE('',*,*,#5248,.T.);
#5265 = ORIENTED_EDGE('',*,*,#2261,.T.);
#5266 = ORIENTED_EDGE('',*,*,#5267,.F.);
#5267 = EDGE_CURVE('',#1232,#2252,#5268,.T.);
#5268 = LINE('',#5269,#5270);
#5269 = CARTESIAN_POINT('',(3.686584419907,12.152357998427,15.));
#5270 = VECTOR('',#5271,1.);
#5271 = DIRECTION('',(0.,0.,1.));
#5272 = ORIENTED_EDGE('',*,*,#1241,.F.);
#5273 = SURFACE_OF_LINEAR_EXTRUSION('',#5274,#5278);
#5274 = ( BOUNDED_CURVE() B_SPLINE_CURVE(2,(#5275,#5276,#5277),
.UNSPECIFIED.,.F.,.F.) B_SPLINE_CURVE_WITH_KNOTS((3,3),(0.,
1.570796326795),.PIECEWISE_BEZIER_KNOTS.) CURVE() 
GEOMETRIC_REPRESENTATION_ITEM() RATIONAL_B_SPLINE_CURVE((1.,
0.707106781187,1.)) REPRESENTATION_ITEM('') );
#5275 = CARTESIAN_POINT('',(3.997921119902,12.347983812766,15.));
#5276 = CARTESIAN_POINT('',(3.744439862735,12.405839255595,15.));
#5277 = CARTESIAN_POINT('',(3.686584419907,12.152357998427,15.));
#5278 = VECTOR('',#5279,1.);
#5279 = DIRECTION('',(-0.,-0.,-1.));
#5280 = ADVANCED_FACE('',(#5281),#5292,.F.);
#5281 = FACE_BOUND('',#5282,.F.);
#5282 = EDGE_LOOP('',(#5283,#5284,#5285,#5291));
#5283 = ORIENTED_EDGE('',*,*,#5267,.T.);
#5284 = ORIENTED_EDGE('',*,*,#2251,.T.);
#5285 = ORIENTED_EDGE('',*,*,#5286,.F.);
#5286 = EDGE_CURVE('',#1224,#2244,#5287,.T.);
#5287 = LINE('',#5288,#5289);
#5288 = CARTESIAN_POINT('',(1.951212736223,12.54844526087,15.));
#5289 = VECTOR('',#5290,1.);
#5290 = DIRECTION('',(0.,0.,1.));
#5291 = ORIENTED_EDGE('',*,*,#1231,.F.);
#5292 = SURFACE_OF_LINEAR_EXTRUSION('',#5293,#5299);
#5293 = ( BOUNDED_CURVE() B_SPLINE_CURVE(2,(#5294,#5295,#5296,#5297,
#5298),.UNSPECIFIED.,.F.,.F.) B_SPLINE_CURVE_WITH_KNOTS((3,2,3),(0.,
1.570796326795,3.14159265359),.PIECEWISE_BEZIER_KNOTS.) CURVE() 
GEOMETRIC_REPRESENTATION_ITEM() RATIONAL_B_SPLINE_CURVE((1.,
0.707106781187,1.,0.707106781187,1.)) REPRESENTATION_ITEM('') );
#5294 = CARTESIAN_POINT('',(3.686584419907,12.152357998427,15.));
#5295 = CARTESIAN_POINT('',(3.488540788685,11.284672156585,15.));
#5296 = CARTESIAN_POINT('',(2.620854946844,11.482715787807,15.));
#5297 = CARTESIAN_POINT('',(1.753169105002,11.680759419028,15.));
#5298 = CARTESIAN_POINT('',(1.951212736223,12.54844526087,15.));
#5299 = VECTOR('',#5300,1.);
#5300 = DIRECTION('',(-0.,-0.,-1.));
#5301 = ADVANCED_FACE('',(#5302),#5313,.F.);
#5302 = FACE_BOUND('',#5303,.F.);
#5303 = EDGE_LOOP('',(#5304,#5305,#5306,#5312));
#5304 = ORIENTED_EDGE('',*,*,#5286,.T.);
#5305 = ORIENTED_EDGE('',*,*,#2243,.T.);
#5306 = ORIENTED_EDGE('',*,*,#5307,.F.);
#5307 = EDGE_CURVE('',#1216,#2236,#5308,.T.);
#5308 = LINE('',#5309,#5310);
#5309 = CARTESIAN_POINT('',(1.755586921884,12.859781960865,15.));
#5310 = VECTOR('',#5311,1.);
#5311 = DIRECTION('',(0.,0.,1.));
#5312 = ORIENTED_EDGE('',*,*,#1223,.F.);
#5313 = SURFACE_OF_LINEAR_EXTRUSION('',#5314,#5318);
#5314 = ( BOUNDED_CURVE() B_SPLINE_CURVE(2,(#5315,#5316,#5317),
.UNSPECIFIED.,.F.,.F.) B_SPLINE_CURVE_WITH_KNOTS((3,3),(0.,
1.570796326795),.PIECEWISE_BEZIER_KNOTS.) CURVE() 
GEOMETRIC_REPRESENTATION_ITEM() RATIONAL_B_SPLINE_CURVE((1.,
0.707106781187,1.)) REPRESENTATION_ITEM('') );
#5315 = CARTESIAN_POINT('',(1.951212736223,12.54844526087,15.));
#5316 = CARTESIAN_POINT('',(2.009068179052,12.801926518037,15.));
#5317 = CARTESIAN_POINT('',(1.755586921884,12.859781960865,15.));
#5318 = VECTOR('',#5319,1.);
#5319 = DIRECTION('',(-0.,-0.,-1.));
#5320 = ADVANCED_FACE('',(#5321),#5327,.F.);
#5321 = FACE_BOUND('',#5322,.F.);
#5322 = EDGE_LOOP('',(#5323,#5324,#5325,#5326));
#5323 = ORIENTED_EDGE('',*,*,#5307,.T.);
#5324 = ORIENTED_EDGE('',*,*,#2235,.T.);
#5325 = ORIENTED_EDGE('',*,*,#2166,.F.);
#5326 = ORIENTED_EDGE('',*,*,#1215,.F.);
#5327 = SURFACE_OF_LINEAR_EXTRUSION('',#5328,#5332);
#5328 = ( BOUNDED_CURVE() B_SPLINE_CURVE(2,(#5329,#5330,#5331),
.UNSPECIFIED.,.F.,.F.) B_SPLINE_CURVE_WITH_KNOTS((3,3),(0.,
4.695830611611E-02),.PIECEWISE_BEZIER_KNOTS.) CURVE() 
GEOMETRIC_REPRESENTATION_ITEM() RATIONAL_B_SPLINE_CURVE((1.,
0.999724377348,1.)) REPRESENTATION_ITEM('') );
#5329 = CARTESIAN_POINT('',(1.755586921884,12.859781960865,15.));
#5330 = CARTESIAN_POINT('',(1.453594637733,12.901009230984,15.));
#5331 = CARTESIAN_POINT('',(1.15,12.928015219719,15.));
#5332 = VECTOR('',#5333,1.);
#5333 = DIRECTION('',(-0.,-0.,-1.));
#5334 = ADVANCED_FACE('',(#5335,#5338),#5348,.T.);
#5335 = FACE_BOUND('',#5336,.T.);
#5336 = EDGE_LOOP('',(#5337));
#5337 = ORIENTED_EDGE('',*,*,#2208,.T.);
#5338 = FACE_BOUND('',#5339,.T.);
#5339 = EDGE_LOOP('',(#5340,#5341,#5342,#5343,#5344,#5345,#5346,#5347));
#5340 = ORIENTED_EDGE('',*,*,#96,.F.);
#5341 = ORIENTED_EDGE('',*,*,#482,.F.);
#5342 = ORIENTED_EDGE('',*,*,#1018,.F.);
#5343 = ORIENTED_EDGE('',*,*,#1145,.F.);
#5344 = ORIENTED_EDGE('',*,*,#905,.F.);
#5345 = ORIENTED_EDGE('',*,*,#862,.F.);
#5346 = ORIENTED_EDGE('',*,*,#153,.F.);
#5347 = ORIENTED_EDGE('',*,*,#128,.F.);
#5348 = PLANE('',#5349);
#5349 = AXIS2_PLACEMENT_3D('',#5350,#5351,#5352);
#5350 = CARTESIAN_POINT('',(-7.3E-16,1.2E-16,24.));
#5351 = DIRECTION('',(0.,0.,1.));
#5352 = DIRECTION('',(1.,0.,0.));
#5353 = ( GEOMETRIC_REPRESENTATION_CONTEXT(3) 
GLOBAL_UNCERTAINTY_ASSIGNED_CONTEXT((#5357)) 
GLOBAL_UNIT_ASSIGNED_CONTEXT((#5354,#5355,#5356)) REPRESENTATION_CONTEXT
('Context #1','3D Context with UNIT and UNCERTAINTY') );
#5354 = ( LENGTH_UNIT() NAMED_UNIT(*) SI_UNIT(.MILLI.,.METRE.) );
#5355 = ( NAMED_UNIT(*) PLANE_ANGLE_UNIT() SI_UNIT($,.RADIAN.) );
#5356 = ( NAMED_UNIT(*) SI_UNIT($,.STERADIAN.) SOLID_ANGLE_UNIT() );
#5357 = UNCERTAINTY_MEASURE_WITH_UNIT(LENGTH_MEASURE(1.E-06),#5354,
  'distance_accuracy_value','confusion accuracy');
#5358 = PRODUCT_RELATED_PRODUCT_CATEGORY('part',$,(#7));
ENDSEC;
END-ISO-10303-21;
