ISO-10303-21;
HEADER;
FILE_DESCRIPTION(('FreeCAD Model'),'2;1');
FILE_NAME('Open CASCADE Shape Model','2026-08-28T13:04:05',('FreeCAD'),(
    'FreeCAD'),'Open CASCADE STEP processor 7.8','FreeCAD','Unknown');
FILE_SCHEMA(('AUTOMOTIVE_DESIGN { 1 0 10303 214 1 1 1 1 }'));
ENDSEC;
DATA;
#1 = APPLICATION_PROTOCOL_DEFINITION('international standard',
  'automotive_design',2000,#2);
#2 = APPLICATION_CONTEXT(
  'core data for automotive mechanical design processes');
#3 = SHAPE_DEFINITION_REPRESENTATION(#4,#10);
#4 = PRODUCT_DEFINITION_SHAPE('','',#5);
#5 = PRODUCT_DEFINITION('design','',#6,#9);
#6 = PRODUCT_DEFINITION_FORMATION('','',#7);
#7 = PRODUCT('Open CASCADE STEP translator 7.8 61',
  'Open CASCADE STEP translator 7.8 61','',(#8));
#8 = PRODUCT_CONTEXT('',#2,'mechanical');
#9 = PRODUCT_DEFINITION_CONTEXT('part definition',#2,'design');
#10 = ADVANCED_BREP_SHAPE_REPRESENTATION('',(#11,#15),#9919);
#11 = AXIS2_PLACEMENT_3D('',#12,#13,#14);
#12 = CARTESIAN_POINT('',(0.,0.,0.));
#13 = DIRECTION('',(0.,0.,1.));
#14 = DIRECTION('',(1.,0.,-0.));
#15 = MANIFOLD_SOLID_BREP('',#16);
#16 = CLOSED_SHELL('',(#17,#105,#145,#178,#574,#712,#758,#770,#795,#895,
    #912,#936,#953,#978,#1033,#1096,#1152,#1198,#1223,#1240,#1264,#1319,
    #1344,#1393,#1430,#1538,#1645,#1795,#1903,#1928,#1965,#2073,#2180,
    #2330,#2438,#2469,#2493,#2517,#2539,#2551,#2576,#2593,#2610,#2627,
    #2644,#2658,#2689,#2729,#2753,#2786,#2798,#2810,#2843,#2860,#2877,
    #2902,#2926,#2938,#2963,#2989,#3097,#3204,#3368,#3482,#3502,#3610,
    #3717,#3881,#3995,#4047,#4067,#4085,#4101,#4128,#4144,#4252,#4359,
    #4523,#4637,#4654,#4762,#4869,#5033,#5147,#5194,#5218,#5258,#5275,
    #5546,#5654,#5761,#5932,#6039,#6147,#6254,#6425,#6532,#6550,#6566,
    #6593,#6609,#6820,#6921,#6944,#7023,#7132,#7240,#7347,#7518,#7625,
    #7733,#7840,#8009,#8116,#8399,#8507,#8610,#8660,#8732,#8840,#8947,
    #9116,#9223,#9325,#9393,#9494,#9517,#9596,#9699,#9801,#9873));
#17 = ADVANCED_FACE('',(#18),#100,.F.);
#18 = FACE_BOUND('',#19,.F.);
#19 = EDGE_LOOP('',(#20,#30,#38,#46,#54,#62,#70,#78,#86,#94));
#20 = ORIENTED_EDGE('',*,*,#21,.F.);
#21 = EDGE_CURVE('',#22,#24,#26,.T.);
#22 = VERTEX_POINT('',#23);
#23 = CARTESIAN_POINT('',(96.,12.,67.5));
#24 = VERTEX_POINT('',#25);
#25 = CARTESIAN_POINT('',(96.,12.,64.5));
#26 = LINE('',#27,#28);
#27 = CARTESIAN_POINT('',(96.,12.,77.5));
#28 = VECTOR('',#29,1.);
#29 = DIRECTION('',(0.,2.2E-16,-1.));
#30 = ORIENTED_EDGE('',*,*,#31,.F.);
#31 = EDGE_CURVE('',#32,#22,#34,.T.);
#32 = VERTEX_POINT('',#33);
#33 = CARTESIAN_POINT('',(96.,-3.,67.5));
#34 = LINE('',#35,#36);
#35 = CARTESIAN_POINT('',(96.,-3.,67.5));
#36 = VECTOR('',#37,1.);
#37 = DIRECTION('',(0.,1.,-4.4E-16));
#38 = ORIENTED_EDGE('',*,*,#39,.T.);
#39 = EDGE_CURVE('',#32,#40,#42,.T.);
#40 = VERTEX_POINT('',#41);
#41 = CARTESIAN_POINT('',(96.,-3.,57.));
#42 = LINE('',#43,#44);
#43 = CARTESIAN_POINT('',(96.,-3.,77.5));
#44 = VECTOR('',#45,1.);
#45 = DIRECTION('',(0.,2.2E-16,-1.));
#46 = ORIENTED_EDGE('',*,*,#47,.F.);
#47 = EDGE_CURVE('',#48,#40,#50,.T.);
#48 = VERTEX_POINT('',#49);
#49 = CARTESIAN_POINT('',(96.,1.,57.));
#50 = LINE('',#51,#52);
#51 = CARTESIAN_POINT('',(96.,4.5,57.));
#52 = VECTOR('',#53,1.);
#53 = DIRECTION('',(0.,-1.,2.2E-16));
#54 = ORIENTED_EDGE('',*,*,#55,.F.);
#55 = EDGE_CURVE('',#56,#48,#58,.T.);
#56 = VERTEX_POINT('',#57);
#57 = CARTESIAN_POINT('',(96.,1.,63.099999999936));
#58 = LINE('',#59,#60);
#59 = CARTESIAN_POINT('',(96.,1.,63.099999999936));
#60 = VECTOR('',#61,1.);
#61 = DIRECTION('',(-2.2E-16,2.2E-16,-1.));
#62 = ORIENTED_EDGE('',*,*,#63,.F.);
#63 = EDGE_CURVE('',#64,#56,#66,.T.);
#64 = VERTEX_POINT('',#65);
#65 = CARTESIAN_POINT('',(96.,2.,63.099999999936));
#66 = LINE('',#67,#68);
#67 = CARTESIAN_POINT('',(96.,2.,63.099999999936));
#68 = VECTOR('',#69,1.);
#69 = DIRECTION('',(2.2E-16,-1.,-2.2E-16));
#70 = ORIENTED_EDGE('',*,*,#71,.F.);
#71 = EDGE_CURVE('',#72,#64,#74,.T.);
#72 = VERTEX_POINT('',#73);
#73 = CARTESIAN_POINT('',(96.,2.,57.));
#74 = LINE('',#75,#76);
#75 = CARTESIAN_POINT('',(96.,2.,44.899999999936));
#76 = VECTOR('',#77,1.);
#77 = DIRECTION('',(2.2E-16,-2.2E-16,1.));
#78 = ORIENTED_EDGE('',*,*,#79,.F.);
#79 = EDGE_CURVE('',#80,#72,#82,.T.);
#80 = VERTEX_POINT('',#81);
#81 = CARTESIAN_POINT('',(96.,12.,57.));
#82 = LINE('',#83,#84);
#83 = CARTESIAN_POINT('',(96.,4.5,57.));
#84 = VECTOR('',#85,1.);
#85 = DIRECTION('',(0.,-1.,2.2E-16));
#86 = ORIENTED_EDGE('',*,*,#87,.F.);
#87 = EDGE_CURVE('',#88,#80,#90,.T.);
#88 = VERTEX_POINT('',#89);
#89 = CARTESIAN_POINT('',(95.999999999986,12.,60.499999999993));
#90 = LINE('',#91,#92);
#91 = CARTESIAN_POINT('',(96.,12.,77.5));
#92 = VECTOR('',#93,1.);
#93 = DIRECTION('',(0.,2.2E-16,-1.));
#94 = ORIENTED_EDGE('',*,*,#95,.F.);
#95 = EDGE_CURVE('',#24,#88,#96,.T.);
#96 = LINE('',#97,#98);
#97 = CARTESIAN_POINT('',(96.,12.,77.5));
#98 = VECTOR('',#99,1.);
#99 = DIRECTION('',(0.,2.2E-16,-1.));
#100 = PLANE('',#101);
#101 = AXIS2_PLACEMENT_3D('',#102,#103,#104);
#102 = CARTESIAN_POINT('',(96.,12.,77.5));
#103 = DIRECTION('',(1.,0.,0.));
#104 = DIRECTION('',(0.,-2.2E-16,-1.));
#105 = ADVANCED_FACE('',(#106),#140,.T.);
#106 = FACE_BOUND('',#107,.T.);
#107 = EDGE_LOOP('',(#108,#109,#117,#125,#133,#139));
#108 = ORIENTED_EDGE('',*,*,#21,.F.);
#109 = ORIENTED_EDGE('',*,*,#110,.T.);
#110 = EDGE_CURVE('',#22,#111,#113,.T.);
#111 = VERTEX_POINT('',#112);
#112 = CARTESIAN_POINT('',(95.999999999997,14.5,67.500000000004));
#113 = LINE('',#114,#115);
#114 = CARTESIAN_POINT('',(95.999999999997,12.,67.500000000004));
#115 = VECTOR('',#116,1.);
#116 = DIRECTION('',(0.,1.,2.2E-16));
#117 = ORIENTED_EDGE('',*,*,#118,.F.);
#118 = EDGE_CURVE('',#119,#111,#121,.T.);
#119 = VERTEX_POINT('',#120);
#120 = CARTESIAN_POINT('',(96.,14.5,64.5));
#121 = LINE('',#122,#123);
#122 = CARTESIAN_POINT('',(96.,14.5,64.5));
#123 = VECTOR('',#124,1.);
#124 = DIRECTION('',(0.,-2.2E-16,1.));
#125 = ORIENTED_EDGE('',*,*,#126,.F.);
#126 = EDGE_CURVE('',#127,#119,#129,.T.);
#127 = VERTEX_POINT('',#128);
#128 = CARTESIAN_POINT('',(95.999999999986,14.5,60.499999999993));
#129 = LINE('',#130,#131);
#130 = CARTESIAN_POINT('',(95.999999999986,14.5,60.499999999993));
#131 = VECTOR('',#132,1.);
#132 = DIRECTION('',(3.52163E-12,-2.2E-16,1.));
#133 = ORIENTED_EDGE('',*,*,#134,.F.);
#134 = EDGE_CURVE('',#88,#127,#135,.T.);
#135 = LINE('',#136,#137);
#136 = CARTESIAN_POINT('',(95.999999999986,12.,60.499999999993));
#137 = VECTOR('',#138,1.);
#138 = DIRECTION('',(0.,1.,2.2E-16));
#139 = ORIENTED_EDGE('',*,*,#95,.F.);
#140 = PLANE('',#141);
#141 = AXIS2_PLACEMENT_3D('',#142,#143,#144);
#142 = CARTESIAN_POINT('',(95.999999999998,13.25,68.999999999996));
#143 = DIRECTION('',(-1.,0.,4.0247E-13));
#144 = DIRECTION('',(-4.0247E-13,2.2E-16,-1.));
#145 = ADVANCED_FACE('',(#146),#173,.T.);
#146 = FACE_BOUND('',#147,.T.);
#147 = EDGE_LOOP('',(#148,#157,#165,#172));
#148 = ORIENTED_EDGE('',*,*,#149,.T.);
#149 = EDGE_CURVE('',#32,#150,#152,.T.);
#150 = VERTEX_POINT('',#151);
#151 = CARTESIAN_POINT('',(106.,-3.,77.5));
#152 = CIRCLE('',#153,10.);
#153 = AXIS2_PLACEMENT_3D('',#154,#155,#156);
#154 = CARTESIAN_POINT('',(106.,-3.,67.5));
#155 = DIRECTION('',(0.,1.,-4.4E-16));
#156 = DIRECTION('',(0.,4.4E-16,1.));
#157 = ORIENTED_EDGE('',*,*,#158,.T.);
#158 = EDGE_CURVE('',#150,#159,#161,.T.);
#159 = VERTEX_POINT('',#160);
#160 = CARTESIAN_POINT('',(106.,12.,77.5));
#161 = LINE('',#162,#163);
#162 = CARTESIAN_POINT('',(106.,-3.,77.5));
#163 = VECTOR('',#164,1.);
#164 = DIRECTION('',(0.,1.,-4.4E-16));
#165 = ORIENTED_EDGE('',*,*,#166,.F.);
#166 = EDGE_CURVE('',#22,#159,#167,.T.);
#167 = CIRCLE('',#168,10.);
#168 = AXIS2_PLACEMENT_3D('',#169,#170,#171);
#169 = CARTESIAN_POINT('',(106.,12.,67.5));
#170 = DIRECTION('',(0.,1.,-4.4E-16));
#171 = DIRECTION('',(-1.,0.,0.));
#172 = ORIENTED_EDGE('',*,*,#31,.F.);
#173 = CYLINDRICAL_SURFACE('',#174,10.);
#174 = AXIS2_PLACEMENT_3D('',#175,#176,#177);
#175 = CARTESIAN_POINT('',(106.,-3.,67.5));
#176 = DIRECTION('',(0.,1.,-4.4E-16));
#177 = DIRECTION('',(-1.,0.,0.));
#178 = ADVANCED_FACE('',(#179,#296,#427,#438),#569,.T.);
#179 = FACE_BOUND('',#180,.T.);
#180 = EDGE_LOOP('',(#181,#182,#190,#198,#206,#214,#223,#231,#240,#248,
    #256,#264,#272,#280,#289,#295));
#181 = ORIENTED_EDGE('',*,*,#39,.T.);
#182 = ORIENTED_EDGE('',*,*,#183,.T.);
#183 = EDGE_CURVE('',#40,#184,#186,.T.);
#184 = VERTEX_POINT('',#185);
#185 = CARTESIAN_POINT('',(86.,-3.,57.));
#186 = LINE('',#187,#188);
#187 = CARTESIAN_POINT('',(130.,-3.,57.));
#188 = VECTOR('',#189,1.);
#189 = DIRECTION('',(-1.,0.,0.));
#190 = ORIENTED_EDGE('',*,*,#191,.T.);
#191 = EDGE_CURVE('',#184,#192,#194,.T.);
#192 = VERTEX_POINT('',#193);
#193 = CARTESIAN_POINT('',(86.,-3.,51.));
#194 = LINE('',#195,#196);
#195 = CARTESIAN_POINT('',(86.,-3.,57.));
#196 = VECTOR('',#197,1.);
#197 = DIRECTION('',(0.,2.2E-16,-1.));
#198 = ORIENTED_EDGE('',*,*,#199,.T.);
#199 = EDGE_CURVE('',#192,#200,#202,.T.);
#200 = VERTEX_POINT('',#201);
#201 = CARTESIAN_POINT('',(96.,-3.,51.));
#202 = LINE('',#203,#204);
#203 = CARTESIAN_POINT('',(86.,-3.,51.));
#204 = VECTOR('',#205,1.);
#205 = DIRECTION('',(1.,0.,0.));
#206 = ORIENTED_EDGE('',*,*,#207,.T.);
#207 = EDGE_CURVE('',#200,#208,#210,.T.);
#208 = VERTEX_POINT('',#209);
#209 = CARTESIAN_POINT('',(96.,-3.,40.5));
#210 = LINE('',#211,#212);
#211 = CARTESIAN_POINT('',(96.,-3.,77.5));
#212 = VECTOR('',#213,1.);
#213 = DIRECTION('',(0.,2.2E-16,-1.));
#214 = ORIENTED_EDGE('',*,*,#215,.T.);
#215 = EDGE_CURVE('',#208,#216,#218,.T.);
#216 = VERTEX_POINT('',#217);
#217 = CARTESIAN_POINT('',(106.,-3.,30.5));
#218 = CIRCLE('',#219,10.);
#219 = AXIS2_PLACEMENT_3D('',#220,#221,#222);
#220 = CARTESIAN_POINT('',(106.,-3.,40.5));
#221 = DIRECTION('',(0.,-1.,4.4E-16));
#222 = DIRECTION('',(0.,4.4E-16,1.));
#223 = ORIENTED_EDGE('',*,*,#224,.T.);
#224 = EDGE_CURVE('',#216,#225,#227,.T.);
#225 = VERTEX_POINT('',#226);
#226 = CARTESIAN_POINT('',(110.,-3.,30.5));
#227 = LINE('',#228,#229);
#228 = CARTESIAN_POINT('',(96.,-3.,30.5));
#229 = VECTOR('',#230,1.);
#230 = DIRECTION('',(1.,0.,0.));
#231 = ORIENTED_EDGE('',*,*,#232,.F.);
#232 = EDGE_CURVE('',#233,#225,#235,.T.);
#233 = VERTEX_POINT('',#234);
#234 = CARTESIAN_POINT('',(120.,-3.,40.5));
#235 = CIRCLE('',#236,10.);
#236 = AXIS2_PLACEMENT_3D('',#237,#238,#239);
#237 = CARTESIAN_POINT('',(110.,-3.,40.5));
#238 = DIRECTION('',(0.,1.,-4.4E-16));
#239 = DIRECTION('',(0.,4.4E-16,1.));
#240 = ORIENTED_EDGE('',*,*,#241,.T.);
#241 = EDGE_CURVE('',#233,#242,#244,.T.);
#242 = VERTEX_POINT('',#243);
#243 = CARTESIAN_POINT('',(120.,-3.,51.));
#244 = LINE('',#245,#246);
#245 = CARTESIAN_POINT('',(120.,-3.,30.5));
#246 = VECTOR('',#247,1.);
#247 = DIRECTION('',(0.,-2.2E-16,1.));
#248 = ORIENTED_EDGE('',*,*,#249,.T.);
#249 = EDGE_CURVE('',#242,#250,#252,.T.);
#250 = VERTEX_POINT('',#251);
#251 = CARTESIAN_POINT('',(130.,-3.,51.));
#252 = LINE('',#253,#254);
#253 = CARTESIAN_POINT('',(86.,-3.,51.));
#254 = VECTOR('',#255,1.);
#255 = DIRECTION('',(1.,0.,0.));
#256 = ORIENTED_EDGE('',*,*,#257,.T.);
#257 = EDGE_CURVE('',#250,#258,#260,.T.);
#258 = VERTEX_POINT('',#259);
#259 = CARTESIAN_POINT('',(130.,-3.,57.));
#260 = LINE('',#261,#262);
#261 = CARTESIAN_POINT('',(130.,-3.,51.));
#262 = VECTOR('',#263,1.);
#263 = DIRECTION('',(0.,-2.2E-16,1.));
#264 = ORIENTED_EDGE('',*,*,#265,.T.);
#265 = EDGE_CURVE('',#258,#266,#268,.T.);
#266 = VERTEX_POINT('',#267);
#267 = CARTESIAN_POINT('',(120.,-3.,57.));
#268 = LINE('',#269,#270);
#269 = CARTESIAN_POINT('',(130.,-3.,57.));
#270 = VECTOR('',#271,1.);
#271 = DIRECTION('',(-1.,0.,0.));
#272 = ORIENTED_EDGE('',*,*,#273,.T.);
#273 = EDGE_CURVE('',#266,#274,#276,.T.);
#274 = VERTEX_POINT('',#275);
#275 = CARTESIAN_POINT('',(120.,-3.,67.5));
#276 = LINE('',#277,#278);
#277 = CARTESIAN_POINT('',(120.,-3.,30.5));
#278 = VECTOR('',#279,1.);
#279 = DIRECTION('',(0.,-2.2E-16,1.));
#280 = ORIENTED_EDGE('',*,*,#281,.F.);
#281 = EDGE_CURVE('',#282,#274,#284,.T.);
#282 = VERTEX_POINT('',#283);
#283 = CARTESIAN_POINT('',(110.,-3.,77.5));
#284 = CIRCLE('',#285,10.);
#285 = AXIS2_PLACEMENT_3D('',#286,#287,#288);
#286 = CARTESIAN_POINT('',(110.,-3.,67.5));
#287 = DIRECTION('',(0.,1.,-4.4E-16));
#288 = DIRECTION('',(0.,-4.4E-16,-1.));
#289 = ORIENTED_EDGE('',*,*,#290,.T.);
#290 = EDGE_CURVE('',#282,#150,#291,.T.);
#291 = LINE('',#292,#293);
#292 = CARTESIAN_POINT('',(120.,-3.,77.5));
#293 = VECTOR('',#294,1.);
#294 = DIRECTION('',(-1.,0.,0.));
#295 = ORIENTED_EDGE('',*,*,#149,.F.);
#296 = FACE_BOUND('',#297,.T.);
#297 = EDGE_LOOP('',(#298,#309,#318,#361,#386));
#298 = ORIENTED_EDGE('',*,*,#299,.F.);
#299 = EDGE_CURVE('',#300,#302,#304,.T.);
#300 = VERTEX_POINT('',#301);
#301 = CARTESIAN_POINT('',(112.5,-3.,37.410207612377));
#302 = VERTEX_POINT('',#303);
#303 = CARTESIAN_POINT('',(109.21307383732,-3.,41.74361872433));
#304 = CIRCLE('',#305,4.5);
#305 = AXIS2_PLACEMENT_3D('',#306,#307,#308);
#306 = CARTESIAN_POINT('',(108.,-3.,37.410207612377));
#307 = DIRECTION('',(0.,-1.,-2.2E-16));
#308 = DIRECTION('',(1.,0.,0.));
#309 = ORIENTED_EDGE('',*,*,#310,.F.);
#310 = EDGE_CURVE('',#311,#300,#313,.T.);
#311 = VERTEX_POINT('',#312);
#312 = CARTESIAN_POINT('',(109.2130360317,-3.,33.076785917483));
#313 = CIRCLE('',#314,4.5);
#314 = AXIS2_PLACEMENT_3D('',#315,#316,#317);
#315 = CARTESIAN_POINT('',(108.,-3.,37.410207612377));
#316 = DIRECTION('',(0.,-1.,-2.2E-16));
#317 = DIRECTION('',(1.,0.,0.));
#318 = ORIENTED_EDGE('',*,*,#319,.F.);
#319 = EDGE_CURVE('',#320,#311,#322,.T.);
#320 = VERTEX_POINT('',#321);
#321 = CARTESIAN_POINT('',(103.2882150371,-3.,35.458519057316));
#322 = B_SPLINE_CURVE_WITH_KNOTS('',7,(#323,#324,#325,#326,#327,#328,
    #329,#330,#331,#332,#333,#334,#335,#336,#337,#338,#339,#340,#341,
    #342,#343,#344,#345,#346,#347,#348,#349,#350,#351,#352,#353,#354,
    #355,#356,#357,#358,#359,#360),.UNSPECIFIED.,.F.,.F.,(8,6,6,6,6,6,8)
  ,(0.,0.164939641859,0.315161153124,0.453601993101,0.579942954116,
    0.804713941837,1.),.UNSPECIFIED.);
#323 = CARTESIAN_POINT('',(103.2882150371,-3.,35.458519057316));
#324 = CARTESIAN_POINT('',(103.42329995551,-3.,35.19493869568));
#325 = CARTESIAN_POINT('',(103.57627521848,-3.,34.940591217889));
#326 = CARTESIAN_POINT('',(103.74648355908,-3.,34.69702071551));
#327 = CARTESIAN_POINT('',(103.93310793184,-3.,34.465694026867));
#328 = CARTESIAN_POINT('',(104.13518158845,-3.,34.248007031099));
#329 = CARTESIAN_POINT('',(104.35158157003,-3.,34.045276814918));
#330 = CARTESIAN_POINT('',(104.78995736658,-3.,33.68880974011));
#331 = CARTESIAN_POINT('',(105.00973087348,-3.,33.532300293084));
#332 = CARTESIAN_POINT('',(105.23934435536,-3.,33.390115387777));
#333 = CARTESIAN_POINT('',(105.47772755101,-3.,33.263079270703));
#334 = CARTESIAN_POINT('',(105.72372599246,-3.,33.15192229455));
#335 = CARTESIAN_POINT('',(105.97609878595,-3.,33.05727377741));
#336 = CARTESIAN_POINT('',(106.47073432091,-3.,32.908097963519));
#337 = CARTESIAN_POINT('',(106.71225452261,-3.,32.851001287298));
#338 = CARTESIAN_POINT('',(106.95702445256,-3.,32.808753486908));
#339 = CARTESIAN_POINT('',(107.20396182182,-3.,32.781657791581));
#340 = CARTESIAN_POINT('',(107.4519493693,-3.,32.76992348763));
#341 = CARTESIAN_POINT('',(107.69983527496,-3.,32.773660109517));
#342 = CARTESIAN_POINT('',(108.17147728639,-3.,32.810384330347));
#343 = CARTESIAN_POINT('',(108.39546129759,-3.,32.840787767697));
#344 = CARTESIAN_POINT('',(108.61748172936,-3.,32.88406923896));
#345 = CARTESIAN_POINT('',(108.8366355408,-3.,32.940147139597));
#346 = CARTESIAN_POINT('',(109.05201954822,-3.,33.008863377328));
#347 = CARTESIAN_POINT('',(109.26273219629,-3.,33.089979429962));
#348 = CARTESIAN_POINT('',(109.83284715717,-3.,33.348951871603));
#349 = CARTESIAN_POINT('',(110.18034662195,-3.,33.553011288807));
#350 = CARTESIAN_POINT('',(110.5051334293,-3.,33.793465223133));
#351 = CARTESIAN_POINT('',(110.80241041663,-3.,34.067582493609));
#352 = CARTESIAN_POINT('',(111.06776575453,-3.,34.371910606498));
#353 = CARTESIAN_POINT('',(111.29719277076,-3.,34.702246922749));
#354 = CARTESIAN_POINT('',(111.65263211867,-3.,35.358502192141));
#355 = CARTESIAN_POINT('',(111.7883396941,-3.,35.679458249462));
#356 = CARTESIAN_POINT('',(111.89228171957,-3.,36.012876695045));
#357 = CARTESIAN_POINT('',(111.96280347372,-3.,36.35507275113));
#358 = CARTESIAN_POINT('',(111.99873223777,-3.,36.702102404529));
#359 = CARTESIAN_POINT('',(111.99943695912,-3.,37.049767320963));
#360 = CARTESIAN_POINT('',(111.96503892597,-3.,37.393597323653));
#361 = ORIENTED_EDGE('',*,*,#362,.F.);
#362 = EDGE_CURVE('',#363,#320,#365,.T.);
#363 = VERTEX_POINT('',#364);
#364 = CARTESIAN_POINT('',(103.28821217359,-3.,39.361889509174));
#365 = B_SPLINE_CURVE_WITH_KNOTS('',4,(#366,#367,#368,#369,#370,#371,
    #372,#373,#374,#375,#376,#377,#378,#379,#380,#381,#382,#383,#384,
    #385),.UNSPECIFIED.,.F.,.F.,(5,3,3,3,3,3,5),(0.,0.235999885275,
    0.470999963204,0.706000065503,0.940000002819,0.968000003004,1.),
  .UNSPECIFIED.);
#366 = CARTESIAN_POINT('',(103.28821217359,-3.,39.361889509174));
#367 = CARTESIAN_POINT('',(103.19777522293,-3.,39.143552474203));
#368 = CARTESIAN_POINT('',(103.12082772192,-3.,38.919626760091));
#369 = CARTESIAN_POINT('',(103.05788916025,-3.,38.691367306618));
#370 = CARTESIAN_POINT('',(102.96079551005,-3.,38.2298188064));
#371 = CARTESIAN_POINT('',(102.92651914475,-3.,37.99655295295));
#372 = CARTESIAN_POINT('',(102.90668600048,-3.,37.761617913437));
#373 = CARTESIAN_POINT('',(102.89596761669,-3.,37.291090633871));
#374 = CARTESIAN_POINT('',(102.9050823264,-3.,37.055496150256));
#375 = CARTESIAN_POINT('',(102.92870126104,-3.,36.820911443907));
#376 = CARTESIAN_POINT('',(103.00435476523,-3.,36.357397021134));
#377 = CARTESIAN_POINT('',(103.05626832149,-3.,36.128445305025));
#378 = CARTESIAN_POINT('',(103.12213596228,-3.,35.903111414115));
#379 = CARTESIAN_POINT('',(103.21100717754,-3.,35.656259993427));
#380 = CARTESIAN_POINT('',(103.22069824988,-3.,35.62994854061));
#381 = CARTESIAN_POINT('',(103.23058193964,-3.,35.603708835801));
#382 = CARTESIAN_POINT('',(103.25217228525,-3.,35.547639165291));
#383 = CARTESIAN_POINT('',(103.263937657,-3.,35.517831808826));
#384 = CARTESIAN_POINT('',(103.27595233792,-3.,35.488124067178));
#385 = CARTESIAN_POINT('',(103.2882150371,-3.,35.458519057316));
#386 = ORIENTED_EDGE('',*,*,#387,.F.);
#387 = EDGE_CURVE('',#302,#363,#388,.T.);
#388 = B_SPLINE_CURVE_WITH_KNOTS('',7,(#389,#390,#391,#392,#393,#394,
    #395,#396,#397,#398,#399,#400,#401,#402,#403,#404,#405,#406,#407,
    #408,#409,#410,#411,#412,#413,#414,#415,#416,#417,#418,#419,#420,
    #421,#422,#423,#424,#425,#426),.UNSPECIFIED.,.F.,.F.,(8,6,6,6,6,6,8)
  ,(0.,0.194353395921,0.419069632152,0.545381066287,0.683790418846,
    0.833978714882,1.),.UNSPECIFIED.);
#389 = CARTESIAN_POINT('',(111.96504427642,-3.,37.426758656341));
#390 = CARTESIAN_POINT('',(111.99928192798,-3.,37.768947702068));
#391 = CARTESIAN_POINT('',(111.99874885877,-3.,38.114934978724));
#392 = CARTESIAN_POINT('',(111.96332984987,-3.,38.460314968686));
#393 = CARTESIAN_POINT('',(111.89364270476,-3.,38.800948061163));
#394 = CARTESIAN_POINT('',(111.79083703495,-3.,39.132943751681));
#395 = CARTESIAN_POINT('',(111.65653714713,-3.,39.452665505248));
#396 = CARTESIAN_POINT('',(111.3037612547,-3.,40.10835576952));
#397 = CARTESIAN_POINT('',(111.07531191969,-3.,40.439245074138));
#398 = CARTESIAN_POINT('',(110.81087001389,-3.,40.744232019193));
#399 = CARTESIAN_POINT('',(110.5144298309,-3.,41.019103855569));
#400 = CARTESIAN_POINT('',(110.19039296602,-3.,41.260396923408));
#401 = CARTESIAN_POINT('',(109.84354811113,-3.,41.465367600711));
#402 = CARTESIAN_POINT('',(109.27429489323,-3.,41.725855427027));
#403 = CARTESIAN_POINT('',(109.06385883811,-3.,41.807535665012));
#404 = CARTESIAN_POINT('',(108.8487181232,-3.,41.876832023335));
#405 = CARTESIAN_POINT('',(108.62977343954,-3.,41.933503555405));
#406 = CARTESIAN_POINT('',(108.40792732317,-3.,41.977389715197));
#407 = CARTESIAN_POINT('',(108.18408237353,-3.,42.00840642038));
#408 = CARTESIAN_POINT('',(107.7126558931,-3.,42.046428751713));
#409 = CARTESIAN_POINT('',(107.46483932689,-3.,42.050851281995));
#410 = CARTESIAN_POINT('',(107.21687822648,-3.,42.039806728457));
#411 = CARTESIAN_POINT('',(106.96992446374,-3.,42.013401391484));
#412 = CARTESIAN_POINT('',(106.72509563633,-3.,41.971841400273));
#413 = CARTESIAN_POINT('',(106.48347463782,-3.,41.915426913413));
#414 = CARTESIAN_POINT('',(105.98854178058,-3.,41.767655100792));
#415 = CARTESIAN_POINT('',(105.73596523421,-3.,41.673726708616));
#416 = CARTESIAN_POINT('',(105.48971594234,-3.,41.563275765574));
#417 = CARTESIAN_POINT('',(105.25103628633,-3.,41.436928039807));
#418 = CARTESIAN_POINT('',(105.02108250921,-3.,41.295410558919));
#419 = CARTESIAN_POINT('',(104.80092691609,-3.,41.139544460353));
#420 = CARTESIAN_POINT('',(104.36010799581,-3.,40.783110204752));
#421 = CARTESIAN_POINT('',(104.14181519765,-3.,40.57954331954));
#422 = CARTESIAN_POINT('',(103.93800757035,-3.,40.360787723961));
#423 = CARTESIAN_POINT('',(103.74983330222,-3.,40.128184854603));
#424 = CARTESIAN_POINT('',(103.57828035435,-3.,39.883157248532));
#425 = CARTESIAN_POINT('',(103.42418316488,-3.,39.627200431264));
#426 = CARTESIAN_POINT('',(103.28821212755,-3.,39.361889524892));
#427 = FACE_BOUND('',#428,.T.);
#428 = EDGE_LOOP('',(#429));
#429 = ORIENTED_EDGE('',*,*,#430,.F.);
#430 = EDGE_CURVE('',#431,#431,#433,.T.);
#431 = VERTEX_POINT('',#432);
#432 = CARTESIAN_POINT('',(117.,-3.,54.));
#433 = CIRCLE('',#434,9.);
#434 = AXIS2_PLACEMENT_3D('',#435,#436,#437);
#435 = CARTESIAN_POINT('',(108.,-3.,54.));
#436 = DIRECTION('',(0.,-1.,-2.2E-16));
#437 = DIRECTION('',(1.,0.,0.));
#438 = FACE_BOUND('',#439,.T.);
#439 = EDGE_LOOP('',(#440,#451,#460,#503,#528));
#440 = ORIENTED_EDGE('',*,*,#441,.F.);
#441 = EDGE_CURVE('',#442,#444,#446,.T.);
#442 = VERTEX_POINT('',#443);
#443 = CARTESIAN_POINT('',(112.5,-3.,69.910207612377));
#444 = VERTEX_POINT('',#445);
#445 = CARTESIAN_POINT('',(109.21307383732,-3.,74.24361872433));
#446 = CIRCLE('',#447,4.5);
#447 = AXIS2_PLACEMENT_3D('',#448,#449,#450);
#448 = CARTESIAN_POINT('',(108.,-3.,69.910207612377));
#449 = DIRECTION('',(0.,-1.,-2.2E-16));
#450 = DIRECTION('',(1.,0.,0.));
#451 = ORIENTED_EDGE('',*,*,#452,.F.);
#452 = EDGE_CURVE('',#453,#442,#455,.T.);
#453 = VERTEX_POINT('',#454);
#454 = CARTESIAN_POINT('',(109.2130360317,-3.,65.576785917483));
#455 = CIRCLE('',#456,4.5);
#456 = AXIS2_PLACEMENT_3D('',#457,#458,#459);
#457 = CARTESIAN_POINT('',(108.,-3.,69.910207612377));
#458 = DIRECTION('',(0.,-1.,-2.2E-16));
#459 = DIRECTION('',(1.,0.,0.));
#460 = ORIENTED_EDGE('',*,*,#461,.F.);
#461 = EDGE_CURVE('',#462,#453,#464,.T.);
#462 = VERTEX_POINT('',#463);
#463 = CARTESIAN_POINT('',(103.2882150371,-3.,67.958519057316));
#464 = B_SPLINE_CURVE_WITH_KNOTS('',7,(#465,#466,#467,#468,#469,#470,
    #471,#472,#473,#474,#475,#476,#477,#478,#479,#480,#481,#482,#483,
    #484,#485,#486,#487,#488,#489,#490,#491,#492,#493,#494,#495,#496,
    #497,#498,#499,#500,#501,#502),.UNSPECIFIED.,.F.,.F.,(8,6,6,6,6,6,8)
  ,(0.,0.164939641859,0.315161153124,0.453601993101,0.579942954117,
    0.804713941837,1.),.UNSPECIFIED.);
#465 = CARTESIAN_POINT('',(103.2882150371,-3.,67.958519057316));
#466 = CARTESIAN_POINT('',(103.42329995551,-3.,67.69493869568));
#467 = CARTESIAN_POINT('',(103.57627521848,-3.,67.440591217889));
#468 = CARTESIAN_POINT('',(103.74648355908,-3.,67.19702071551));
#469 = CARTESIAN_POINT('',(103.93310793184,-3.,66.965694026868));
#470 = CARTESIAN_POINT('',(104.13518158845,-3.,66.748007031099));
#471 = CARTESIAN_POINT('',(104.35158157003,-3.,66.545276814918));
#472 = CARTESIAN_POINT('',(104.78995736658,-3.,66.18880974011));
#473 = CARTESIAN_POINT('',(105.00973087348,-3.,66.032300293084));
#474 = CARTESIAN_POINT('',(105.23934435536,-3.,65.890115387778));
#475 = CARTESIAN_POINT('',(105.47772755101,-3.,65.763079270703));
#476 = CARTESIAN_POINT('',(105.72372599246,-3.,65.65192229455));
#477 = CARTESIAN_POINT('',(105.97609878595,-3.,65.55727377741));
#478 = CARTESIAN_POINT('',(106.47073432091,-3.,65.408097963519));
#479 = CARTESIAN_POINT('',(106.71225452261,-3.,65.351001287298));
#480 = CARTESIAN_POINT('',(106.95702445256,-3.,65.308753486908));
#481 = CARTESIAN_POINT('',(107.20396182182,-3.,65.281657791581));
#482 = CARTESIAN_POINT('',(107.4519493693,-3.,65.26992348763));
#483 = CARTESIAN_POINT('',(107.69983527496,-3.,65.273660109517));
#484 = CARTESIAN_POINT('',(108.17147728639,-3.,65.310384330347));
#485 = CARTESIAN_POINT('',(108.39546129759,-3.,65.340787767697));
#486 = CARTESIAN_POINT('',(108.61748172936,-3.,65.38406923896));
#487 = CARTESIAN_POINT('',(108.83663554079,-3.,65.440147139597));
#488 = CARTESIAN_POINT('',(109.05201954822,-3.,65.508863377328));
#489 = CARTESIAN_POINT('',(109.26273219629,-3.,65.589979429961));
#490 = CARTESIAN_POINT('',(109.83284715717,-3.,65.848951871603));
#491 = CARTESIAN_POINT('',(110.18034662195,-3.,66.053011288807));
#492 = CARTESIAN_POINT('',(110.5051334293,-3.,66.293465223133));
#493 = CARTESIAN_POINT('',(110.80241041663,-3.,66.567582493609));
#494 = CARTESIAN_POINT('',(111.06776575453,-3.,66.871910606498));
#495 = CARTESIAN_POINT('',(111.29719277076,-3.,67.202246922749));
#496 = CARTESIAN_POINT('',(111.65263211867,-3.,67.858502192141));
#497 = CARTESIAN_POINT('',(111.7883396941,-3.,68.179458249462));
#498 = CARTESIAN_POINT('',(111.89228171957,-3.,68.512876695044));
#499 = CARTESIAN_POINT('',(111.96280347372,-3.,68.85507275113));
#500 = CARTESIAN_POINT('',(111.99873223777,-3.,69.202102404529));
#501 = CARTESIAN_POINT('',(111.99943695912,-3.,69.549767320962));
#502 = CARTESIAN_POINT('',(111.96503892597,-3.,69.893597323653));
#503 = ORIENTED_EDGE('',*,*,#504,.F.);
#504 = EDGE_CURVE('',#505,#462,#507,.T.);
#505 = VERTEX_POINT('',#506);
#506 = CARTESIAN_POINT('',(103.28821217359,-3.,71.861889509174));
#507 = B_SPLINE_CURVE_WITH_KNOTS('',4,(#508,#509,#510,#511,#512,#513,
    #514,#515,#516,#517,#518,#519,#520,#521,#522,#523,#524,#525,#526,
    #527),.UNSPECIFIED.,.F.,.F.,(5,3,3,3,3,3,5),(0.,0.235999885275,
    0.470999963204,0.706000065503,0.940000002819,0.968000003004,1.),
  .UNSPECIFIED.);
#508 = CARTESIAN_POINT('',(103.28821217359,-3.,71.861889509174));
#509 = CARTESIAN_POINT('',(103.19777522293,-3.,71.643552474204));
#510 = CARTESIAN_POINT('',(103.12082772192,-3.,71.419626760091));
#511 = CARTESIAN_POINT('',(103.05788916025,-3.,71.191367306619));
#512 = CARTESIAN_POINT('',(102.96079551005,-3.,70.7298188064));
#513 = CARTESIAN_POINT('',(102.92651914475,-3.,70.49655295295));
#514 = CARTESIAN_POINT('',(102.90668600048,-3.,70.261617913437));
#515 = CARTESIAN_POINT('',(102.89596761669,-3.,69.791090633871));
#516 = CARTESIAN_POINT('',(102.9050823264,-3.,69.555496150256));
#517 = CARTESIAN_POINT('',(102.92870126104,-3.,69.320911443907));
#518 = CARTESIAN_POINT('',(103.00435476523,-3.,68.857397021134));
#519 = CARTESIAN_POINT('',(103.05626832149,-3.,68.628445305025));
#520 = CARTESIAN_POINT('',(103.12213596228,-3.,68.403111414115));
#521 = CARTESIAN_POINT('',(103.21100717754,-3.,68.156259993427));
#522 = CARTESIAN_POINT('',(103.22069824988,-3.,68.12994854061));
#523 = CARTESIAN_POINT('',(103.23058193964,-3.,68.103708835801));
#524 = CARTESIAN_POINT('',(103.25217228525,-3.,68.047639165291));
#525 = CARTESIAN_POINT('',(103.263937657,-3.,68.017831808826));
#526 = CARTESIAN_POINT('',(103.27595233792,-3.,67.988124067179));
#527 = CARTESIAN_POINT('',(103.2882150371,-3.,67.958519057316));
#528 = ORIENTED_EDGE('',*,*,#529,.F.);
#529 = EDGE_CURVE('',#444,#505,#530,.T.);
#530 = B_SPLINE_CURVE_WITH_KNOTS('',7,(#531,#532,#533,#534,#535,#536,
    #537,#538,#539,#540,#541,#542,#543,#544,#545,#546,#547,#548,#549,
    #550,#551,#552,#553,#554,#555,#556,#557,#558,#559,#560,#561,#562,
    #563,#564,#565,#566,#567,#568),.UNSPECIFIED.,.F.,.F.,(8,6,6,6,6,6,8)
  ,(0.,0.194353395921,0.419069632152,0.545381066287,0.683790418846,
    0.833978714882,1.),.UNSPECIFIED.);
#531 = CARTESIAN_POINT('',(111.96504427642,-3.,69.926758656341));
#532 = CARTESIAN_POINT('',(111.99928192798,-3.,70.268947702068));
#533 = CARTESIAN_POINT('',(111.99874885877,-3.,70.614934978723));
#534 = CARTESIAN_POINT('',(111.96332984987,-3.,70.960314968685));
#535 = CARTESIAN_POINT('',(111.89364270476,-3.,71.300948061163));
#536 = CARTESIAN_POINT('',(111.79083703495,-3.,71.632943751681));
#537 = CARTESIAN_POINT('',(111.65653714713,-3.,71.952665505248));
#538 = CARTESIAN_POINT('',(111.3037612547,-3.,72.60835576952));
#539 = CARTESIAN_POINT('',(111.07531191969,-3.,72.939245074137));
#540 = CARTESIAN_POINT('',(110.81087001389,-3.,73.244232019193));
#541 = CARTESIAN_POINT('',(110.5144298309,-3.,73.519103855568));
#542 = CARTESIAN_POINT('',(110.19039296602,-3.,73.760396923408));
#543 = CARTESIAN_POINT('',(109.84354811113,-3.,73.965367600711));
#544 = CARTESIAN_POINT('',(109.27429489323,-3.,74.225855427027));
#545 = CARTESIAN_POINT('',(109.06385883811,-3.,74.307535665012));
#546 = CARTESIAN_POINT('',(108.8487181232,-3.,74.376832023335));
#547 = CARTESIAN_POINT('',(108.62977343954,-3.,74.433503555405));
#548 = CARTESIAN_POINT('',(108.40792732317,-3.,74.477389715197));
#549 = CARTESIAN_POINT('',(108.18408237353,-3.,74.50840642038));
#550 = CARTESIAN_POINT('',(107.7126558931,-3.,74.546428751713));
#551 = CARTESIAN_POINT('',(107.46483932689,-3.,74.550851281995));
#552 = CARTESIAN_POINT('',(107.21687822648,-3.,74.539806728457));
#553 = CARTESIAN_POINT('',(106.96992446374,-3.,74.513401391484));
#554 = CARTESIAN_POINT('',(106.72509563633,-3.,74.471841400273));
#555 = CARTESIAN_POINT('',(106.48347463782,-3.,74.415426913413));
#556 = CARTESIAN_POINT('',(105.98854178058,-3.,74.267655100792));
#557 = CARTESIAN_POINT('',(105.73596523421,-3.,74.173726708617));
#558 = CARTESIAN_POINT('',(105.48971594234,-3.,74.063275765574));
#559 = CARTESIAN_POINT('',(105.25103628633,-3.,73.936928039807));
#560 = CARTESIAN_POINT('',(105.02108250921,-3.,73.795410558919));
#561 = CARTESIAN_POINT('',(104.80092691609,-3.,73.639544460353));
#562 = CARTESIAN_POINT('',(104.36010799581,-3.,73.283110204753));
#563 = CARTESIAN_POINT('',(104.14181519765,-3.,73.07954331954));
#564 = CARTESIAN_POINT('',(103.93800757035,-3.,72.860787723961));
#565 = CARTESIAN_POINT('',(103.74983330222,-3.,72.628184854603));
#566 = CARTESIAN_POINT('',(103.57828035436,-3.,72.383157248532));
#567 = CARTESIAN_POINT('',(103.42418316488,-3.,72.127200431264));
#568 = CARTESIAN_POINT('',(103.28821212755,-3.,71.861889524892));
#569 = PLANE('',#570);
#570 = AXIS2_PLACEMENT_3D('',#571,#572,#573);
#571 = CARTESIAN_POINT('',(108.,-3.,54.));
#572 = DIRECTION('',(0.,-1.,2.4E-16));
#573 = DIRECTION('',(0.,2.4E-16,1.));
#574 = ADVANCED_FACE('',(#575,#696),#707,.T.);
#575 = FACE_BOUND('',#576,.T.);
#576 = EDGE_LOOP('',(#577,#578,#586,#594,#602,#610,#618,#626,#634,#642,
    #650,#658,#666,#674,#682,#690));
#577 = ORIENTED_EDGE('',*,*,#87,.F.);
#578 = ORIENTED_EDGE('',*,*,#579,.T.);
#579 = EDGE_CURVE('',#88,#580,#582,.T.);
#580 = VERTEX_POINT('',#581);
#581 = CARTESIAN_POINT('',(103.99999999999,12.,64.5));
#582 = LINE('',#583,#584);
#583 = CARTESIAN_POINT('',(95.999999999986,12.,60.499999999993));
#584 = VECTOR('',#585,1.);
#585 = DIRECTION('',(0.894427191,-1.E-16,0.4472135955));
#586 = ORIENTED_EDGE('',*,*,#587,.T.);
#587 = EDGE_CURVE('',#580,#588,#590,.T.);
#588 = VERTEX_POINT('',#589);
#589 = CARTESIAN_POINT('',(112.,12.,64.5));
#590 = LINE('',#591,#592);
#591 = CARTESIAN_POINT('',(103.99999999999,12.,64.5));
#592 = VECTOR('',#593,1.);
#593 = DIRECTION('',(1.,0.,0.));
#594 = ORIENTED_EDGE('',*,*,#595,.T.);
#595 = EDGE_CURVE('',#588,#596,#598,.T.);
#596 = VERTEX_POINT('',#597);
#597 = CARTESIAN_POINT('',(119.99999999998,12.,60.5));
#598 = LINE('',#599,#600);
#599 = CARTESIAN_POINT('',(112.,12.,64.5));
#600 = VECTOR('',#601,1.);
#601 = DIRECTION('',(0.894427191,1.E-16,-0.4472135955));
#602 = ORIENTED_EDGE('',*,*,#603,.F.);
#603 = EDGE_CURVE('',#604,#596,#606,.T.);
#604 = VERTEX_POINT('',#605);
#605 = CARTESIAN_POINT('',(120.,12.,57.));
#606 = LINE('',#607,#608);
#607 = CARTESIAN_POINT('',(120.,12.,30.5));
#608 = VECTOR('',#609,1.);
#609 = DIRECTION('',(0.,-2.2E-16,1.));
#610 = ORIENTED_EDGE('',*,*,#611,.F.);
#611 = EDGE_CURVE('',#612,#604,#614,.T.);
#612 = VERTEX_POINT('',#613);
#613 = CARTESIAN_POINT('',(130.,12.,57.));
#614 = LINE('',#615,#616);
#615 = CARTESIAN_POINT('',(130.,12.,57.));
#616 = VECTOR('',#617,1.);
#617 = DIRECTION('',(-1.,0.,0.));
#618 = ORIENTED_EDGE('',*,*,#619,.F.);
#619 = EDGE_CURVE('',#620,#612,#622,.T.);
#620 = VERTEX_POINT('',#621);
#621 = CARTESIAN_POINT('',(130.,12.,51.));
#622 = LINE('',#623,#624);
#623 = CARTESIAN_POINT('',(130.,12.,51.));
#624 = VECTOR('',#625,1.);
#625 = DIRECTION('',(0.,-2.2E-16,1.));
#626 = ORIENTED_EDGE('',*,*,#627,.F.);
#627 = EDGE_CURVE('',#628,#620,#630,.T.);
#628 = VERTEX_POINT('',#629);
#629 = CARTESIAN_POINT('',(120.,12.,51.));
#630 = LINE('',#631,#632);
#631 = CARTESIAN_POINT('',(86.,12.,51.));
#632 = VECTOR('',#633,1.);
#633 = DIRECTION('',(1.,0.,0.));
#634 = ORIENTED_EDGE('',*,*,#635,.F.);
#635 = EDGE_CURVE('',#636,#628,#638,.T.);
#636 = VERTEX_POINT('',#637);
#637 = CARTESIAN_POINT('',(120.00000000001,12.,47.500000000007));
#638 = LINE('',#639,#640);
#639 = CARTESIAN_POINT('',(120.,12.,30.5));
#640 = VECTOR('',#641,1.);
#641 = DIRECTION('',(0.,-2.2E-16,1.));
#642 = ORIENTED_EDGE('',*,*,#643,.F.);
#643 = EDGE_CURVE('',#644,#636,#646,.T.);
#644 = VERTEX_POINT('',#645);
#645 = CARTESIAN_POINT('',(112.,12.,43.5));
#646 = LINE('',#647,#648);
#647 = CARTESIAN_POINT('',(112.,12.,43.5));
#648 = VECTOR('',#649,1.);
#649 = DIRECTION('',(0.894427191,-1.E-16,0.4472135955));
#650 = ORIENTED_EDGE('',*,*,#651,.F.);
#651 = EDGE_CURVE('',#652,#644,#654,.T.);
#652 = VERTEX_POINT('',#653);
#653 = CARTESIAN_POINT('',(103.99999999999,12.,43.5));
#654 = LINE('',#655,#656);
#655 = CARTESIAN_POINT('',(103.99999999999,12.,43.5));
#656 = VECTOR('',#657,1.);
#657 = DIRECTION('',(1.,0.,0.));
#658 = ORIENTED_EDGE('',*,*,#659,.F.);
#659 = EDGE_CURVE('',#660,#652,#662,.T.);
#660 = VERTEX_POINT('',#661);
#661 = CARTESIAN_POINT('',(96.00000000001,12.,47.500000000007));
#662 = LINE('',#663,#664);
#663 = CARTESIAN_POINT('',(96.00000000001,12.,47.500000000007));
#664 = VECTOR('',#665,1.);
#665 = DIRECTION('',(0.894427190999,1.E-16,-0.447213595501));
#666 = ORIENTED_EDGE('',*,*,#667,.F.);
#667 = EDGE_CURVE('',#668,#660,#670,.T.);
#668 = VERTEX_POINT('',#669);
#669 = CARTESIAN_POINT('',(96.,12.,51.));
#670 = LINE('',#671,#672);
#671 = CARTESIAN_POINT('',(96.,12.,77.5));
#672 = VECTOR('',#673,1.);
#673 = DIRECTION('',(0.,2.2E-16,-1.));
#674 = ORIENTED_EDGE('',*,*,#675,.F.);
#675 = EDGE_CURVE('',#676,#668,#678,.T.);
#676 = VERTEX_POINT('',#677);
#677 = CARTESIAN_POINT('',(86.,12.,51.));
#678 = LINE('',#679,#680);
#679 = CARTESIAN_POINT('',(86.,12.,51.));
#680 = VECTOR('',#681,1.);
#681 = DIRECTION('',(1.,0.,0.));
#682 = ORIENTED_EDGE('',*,*,#683,.F.);
#683 = EDGE_CURVE('',#684,#676,#686,.T.);
#684 = VERTEX_POINT('',#685);
#685 = CARTESIAN_POINT('',(86.,12.,57.));
#686 = LINE('',#687,#688);
#687 = CARTESIAN_POINT('',(86.,12.,57.));
#688 = VECTOR('',#689,1.);
#689 = DIRECTION('',(0.,2.2E-16,-1.));
#690 = ORIENTED_EDGE('',*,*,#691,.F.);
#691 = EDGE_CURVE('',#80,#684,#692,.T.);
#692 = LINE('',#693,#694);
#693 = CARTESIAN_POINT('',(130.,12.,57.));
#694 = VECTOR('',#695,1.);
#695 = DIRECTION('',(-1.,0.,0.));
#696 = FACE_BOUND('',#697,.T.);
#697 = EDGE_LOOP('',(#698));
#698 = ORIENTED_EDGE('',*,*,#699,.T.);
#699 = EDGE_CURVE('',#700,#700,#702,.T.);
#700 = VERTEX_POINT('',#701);
#701 = CARTESIAN_POINT('',(117.,12.,54.));
#702 = CIRCLE('',#703,9.);
#703 = AXIS2_PLACEMENT_3D('',#704,#705,#706);
#704 = CARTESIAN_POINT('',(108.,12.,54.));
#705 = DIRECTION('',(0.,-1.,2.2E-16));
#706 = DIRECTION('',(1.,0.,0.));
#707 = PLANE('',#708);
#708 = AXIS2_PLACEMENT_3D('',#709,#710,#711);
#709 = CARTESIAN_POINT('',(108.,12.,54.));
#710 = DIRECTION('',(0.,1.,-2.2E-16));
#711 = DIRECTION('',(0.,-2.2E-16,-1.));
#712 = ADVANCED_FACE('',(#713,#731,#742),#753,.T.);
#713 = FACE_BOUND('',#714,.T.);
#714 = EDGE_LOOP('',(#715,#716,#717,#723,#724,#725));
#715 = ORIENTED_EDGE('',*,*,#183,.F.);
#716 = ORIENTED_EDGE('',*,*,#47,.F.);
#717 = ORIENTED_EDGE('',*,*,#718,.F.);
#718 = EDGE_CURVE('',#72,#48,#719,.T.);
#719 = LINE('',#720,#721);
#720 = CARTESIAN_POINT('',(96.,4.5,57.));
#721 = VECTOR('',#722,1.);
#722 = DIRECTION('',(0.,-1.,2.2E-16));
#723 = ORIENTED_EDGE('',*,*,#79,.F.);
#724 = ORIENTED_EDGE('',*,*,#691,.T.);
#725 = ORIENTED_EDGE('',*,*,#726,.F.);
#726 = EDGE_CURVE('',#184,#684,#727,.T.);
#727 = LINE('',#728,#729);
#728 = CARTESIAN_POINT('',(86.,-3.,57.));
#729 = VECTOR('',#730,1.);
#730 = DIRECTION('',(0.,1.,-2.2E-16));
#731 = FACE_BOUND('',#732,.T.);
#732 = EDGE_LOOP('',(#733));
#733 = ORIENTED_EDGE('',*,*,#734,.F.);
#734 = EDGE_CURVE('',#735,#735,#737,.T.);
#735 = VERTEX_POINT('',#736);
#736 = CARTESIAN_POINT('',(89.4,8.5,57.));
#737 = CIRCLE('',#738,1.6);
#738 = AXIS2_PLACEMENT_3D('',#739,#740,#741);
#739 = CARTESIAN_POINT('',(91.,8.5,57.));
#740 = DIRECTION('',(1.2E-16,-2.2E-16,1.));
#741 = DIRECTION('',(-1.,1.2E-16,1.2E-16));
#742 = FACE_BOUND('',#743,.T.);
#743 = EDGE_LOOP('',(#744));
#744 = ORIENTED_EDGE('',*,*,#745,.F.);
#745 = EDGE_CURVE('',#746,#746,#748,.T.);
#746 = VERTEX_POINT('',#747);
#747 = CARTESIAN_POINT('',(89.4,0.5,57.));
#748 = CIRCLE('',#749,1.6);
#749 = AXIS2_PLACEMENT_3D('',#750,#751,#752);
#750 = CARTESIAN_POINT('',(91.,0.5,57.));
#751 = DIRECTION('',(1.2E-16,-2.2E-16,1.));
#752 = DIRECTION('',(-1.,1.2E-16,1.2E-16));
#753 = PLANE('',#754);
#754 = AXIS2_PLACEMENT_3D('',#755,#756,#757);
#755 = CARTESIAN_POINT('',(130.,-3.,57.));
#756 = DIRECTION('',(0.,2.2E-16,1.));
#757 = DIRECTION('',(-1.,0.,0.));
#758 = ADVANCED_FACE('',(#759),#765,.F.);
#759 = FACE_BOUND('',#760,.F.);
#760 = EDGE_LOOP('',(#761,#762,#763,#764));
#761 = ORIENTED_EDGE('',*,*,#718,.F.);
#762 = ORIENTED_EDGE('',*,*,#71,.T.);
#763 = ORIENTED_EDGE('',*,*,#63,.T.);
#764 = ORIENTED_EDGE('',*,*,#55,.T.);
#765 = PLANE('',#766);
#766 = AXIS2_PLACEMENT_3D('',#767,#768,#769);
#767 = CARTESIAN_POINT('',(96.,12.,77.5));
#768 = DIRECTION('',(1.,0.,0.));
#769 = DIRECTION('',(0.,-2.2E-16,-1.));
#770 = ADVANCED_FACE('',(#771),#790,.T.);
#771 = FACE_BOUND('',#772,.T.);
#772 = EDGE_LOOP('',(#773,#774,#782,#789));
#773 = ORIENTED_EDGE('',*,*,#166,.T.);
#774 = ORIENTED_EDGE('',*,*,#775,.T.);
#775 = EDGE_CURVE('',#159,#776,#778,.T.);
#776 = VERTEX_POINT('',#777);
#777 = CARTESIAN_POINT('',(105.99999999999,14.5,77.5));
#778 = LINE('',#779,#780);
#779 = CARTESIAN_POINT('',(105.99999999999,12.,77.5));
#780 = VECTOR('',#781,1.);
#781 = DIRECTION('',(0.,1.,2.2E-16));
#782 = ORIENTED_EDGE('',*,*,#783,.F.);
#783 = EDGE_CURVE('',#111,#776,#784,.T.);
#784 = CIRCLE('',#785,10.);
#785 = AXIS2_PLACEMENT_3D('',#786,#787,#788);
#786 = CARTESIAN_POINT('',(105.99999999999,14.5,67.5));
#787 = DIRECTION('',(-0.,1.,2.2E-16));
#788 = DIRECTION('',(0.,-2.2E-16,1.));
#789 = ORIENTED_EDGE('',*,*,#110,.F.);
#790 = CYLINDRICAL_SURFACE('',#791,10.);
#791 = AXIS2_PLACEMENT_3D('',#792,#793,#794);
#792 = CARTESIAN_POINT('',(105.99999999999,12.,67.5));
#793 = DIRECTION('',(0.,1.,2.2E-16));
#794 = DIRECTION('',(-1.,-8.85434E-29,4.0247E-13));
#795 = ADVANCED_FACE('',(#796,#856),#890,.T.);
#796 = FACE_BOUND('',#797,.T.);
#797 = EDGE_LOOP('',(#798,#799,#800,#808,#817,#825,#833,#841,#849,#855)
  );
#798 = ORIENTED_EDGE('',*,*,#118,.T.);
#799 = ORIENTED_EDGE('',*,*,#783,.T.);
#800 = ORIENTED_EDGE('',*,*,#801,.T.);
#801 = EDGE_CURVE('',#776,#802,#804,.T.);
#802 = VERTEX_POINT('',#803);
#803 = CARTESIAN_POINT('',(109.99999999999,14.5,77.5));
#804 = LINE('',#805,#806);
#805 = CARTESIAN_POINT('',(96.,14.5,77.5));
#806 = VECTOR('',#807,1.);
#807 = DIRECTION('',(1.,0.,0.));
#808 = ORIENTED_EDGE('',*,*,#809,.T.);
#809 = EDGE_CURVE('',#802,#810,#812,.T.);
#810 = VERTEX_POINT('',#811);
#811 = CARTESIAN_POINT('',(119.99999999999,14.5,67.499999999997));
#812 = CIRCLE('',#813,10.);
#813 = AXIS2_PLACEMENT_3D('',#814,#815,#816);
#814 = CARTESIAN_POINT('',(109.99999999999,14.5,67.5));
#815 = DIRECTION('',(0.,1.,2.2E-16));
#816 = DIRECTION('',(0.,2.2E-16,-1.));
#817 = ORIENTED_EDGE('',*,*,#818,.T.);
#818 = EDGE_CURVE('',#810,#819,#821,.T.);
#819 = VERTEX_POINT('',#820);
#820 = CARTESIAN_POINT('',(120.,14.5,64.5));
#821 = LINE('',#822,#823);
#822 = CARTESIAN_POINT('',(120.,14.5,77.5));
#823 = VECTOR('',#824,1.);
#824 = DIRECTION('',(0.,2.2E-16,-1.));
#825 = ORIENTED_EDGE('',*,*,#826,.F.);
#826 = EDGE_CURVE('',#827,#819,#829,.T.);
#827 = VERTEX_POINT('',#828);
#828 = CARTESIAN_POINT('',(119.99999999998,14.5,60.5));
#829 = LINE('',#830,#831);
#830 = CARTESIAN_POINT('',(119.99999999998,14.5,60.5));
#831 = VECTOR('',#832,1.);
#832 = DIRECTION('',(2.81375E-12,-2.2E-16,1.));
#833 = ORIENTED_EDGE('',*,*,#834,.F.);
#834 = EDGE_CURVE('',#835,#827,#837,.T.);
#835 = VERTEX_POINT('',#836);
#836 = CARTESIAN_POINT('',(112.,14.5,64.5));
#837 = LINE('',#838,#839);
#838 = CARTESIAN_POINT('',(112.,14.5,64.5));
#839 = VECTOR('',#840,1.);
#840 = DIRECTION('',(0.894427191,1.E-16,-0.4472135955));
#841 = ORIENTED_EDGE('',*,*,#842,.F.);
#842 = EDGE_CURVE('',#843,#835,#845,.T.);
#843 = VERTEX_POINT('',#844);
#844 = CARTESIAN_POINT('',(103.99999999999,14.5,64.5));
#845 = LINE('',#846,#847);
#846 = CARTESIAN_POINT('',(108.,14.5,64.5));
#847 = VECTOR('',#848,1.);
#848 = DIRECTION('',(1.,0.,0.));
#849 = ORIENTED_EDGE('',*,*,#850,.F.);
#850 = EDGE_CURVE('',#127,#843,#851,.T.);
#851 = LINE('',#852,#853);
#852 = CARTESIAN_POINT('',(95.999999999986,14.5,60.499999999993));
#853 = VECTOR('',#854,1.);
#854 = DIRECTION('',(0.894427191,-1.E-16,0.4472135955));
#855 = ORIENTED_EDGE('',*,*,#126,.T.);
#856 = FACE_BOUND('',#857,.F.);
#857 = EDGE_LOOP('',(#858,#868,#876,#884));
#858 = ORIENTED_EDGE('',*,*,#859,.T.);
#859 = EDGE_CURVE('',#860,#862,#864,.T.);
#860 = VERTEX_POINT('',#861);
#861 = CARTESIAN_POINT('',(99.,14.5,67.160207612377));
#862 = VERTEX_POINT('',#863);
#863 = CARTESIAN_POINT('',(99.,14.5,72.660207612377));
#864 = LINE('',#865,#866);
#865 = CARTESIAN_POINT('',(99.,14.5,67.160207612377));
#866 = VECTOR('',#867,1.);
#867 = DIRECTION('',(0.,-2.2E-16,1.));
#868 = ORIENTED_EDGE('',*,*,#869,.T.);
#869 = EDGE_CURVE('',#862,#870,#872,.T.);
#870 = VERTEX_POINT('',#871);
#871 = CARTESIAN_POINT('',(117.,14.5,72.660207612377));
#872 = LINE('',#873,#874);
#873 = CARTESIAN_POINT('',(99.,14.5,72.660207612377));
#874 = VECTOR('',#875,1.);
#875 = DIRECTION('',(1.,0.,0.));
#876 = ORIENTED_EDGE('',*,*,#877,.T.);
#877 = EDGE_CURVE('',#870,#878,#880,.T.);
#878 = VERTEX_POINT('',#879);
#879 = CARTESIAN_POINT('',(117.,14.5,67.160207612377));
#880 = LINE('',#881,#882);
#881 = CARTESIAN_POINT('',(117.,14.5,72.660207612377));
#882 = VECTOR('',#883,1.);
#883 = DIRECTION('',(0.,2.2E-16,-1.));
#884 = ORIENTED_EDGE('',*,*,#885,.T.);
#885 = EDGE_CURVE('',#878,#860,#886,.T.);
#886 = LINE('',#887,#888);
#887 = CARTESIAN_POINT('',(117.,14.5,67.160207612377));
#888 = VECTOR('',#889,1.);
#889 = DIRECTION('',(-1.,0.,-0.));
#890 = PLANE('',#891);
#891 = AXIS2_PLACEMENT_3D('',#892,#893,#894);
#892 = CARTESIAN_POINT('',(107.99999999999,14.5,53.877985943214));
#893 = DIRECTION('',(0.,1.,2.2E-16));
#894 = DIRECTION('',(0.,-2.2E-16,1.));
#895 = ADVANCED_FACE('',(#896),#907,.T.);
#896 = FACE_BOUND('',#897,.T.);
#897 = EDGE_LOOP('',(#898,#899,#900,#906));
#898 = ORIENTED_EDGE('',*,*,#134,.T.);
#899 = ORIENTED_EDGE('',*,*,#850,.T.);
#900 = ORIENTED_EDGE('',*,*,#901,.F.);
#901 = EDGE_CURVE('',#580,#843,#902,.T.);
#902 = LINE('',#903,#904);
#903 = CARTESIAN_POINT('',(103.99999999999,12.,64.5));
#904 = VECTOR('',#905,1.);
#905 = DIRECTION('',(0.,1.,2.2E-16));
#906 = ORIENTED_EDGE('',*,*,#579,.F.);
#907 = PLANE('',#908);
#908 = AXIS2_PLACEMENT_3D('',#909,#910,#911);
#909 = CARTESIAN_POINT('',(95.999999999986,12.,60.499999999993));
#910 = DIRECTION('',(0.4472135955,2.E-16,-0.894427191));
#911 = DIRECTION('',(0.894427191,-1.E-16,0.4472135955));
#912 = ADVANCED_FACE('',(#913),#931,.F.);
#913 = FACE_BOUND('',#914,.F.);
#914 = EDGE_LOOP('',(#915,#923,#929,#930));
#915 = ORIENTED_EDGE('',*,*,#916,.F.);
#916 = EDGE_CURVE('',#917,#159,#919,.T.);
#917 = VERTEX_POINT('',#918);
#918 = CARTESIAN_POINT('',(109.99999999999,12.,77.5));
#919 = LINE('',#920,#921);
#920 = CARTESIAN_POINT('',(120.,12.,77.5));
#921 = VECTOR('',#922,1.);
#922 = DIRECTION('',(-1.,0.,0.));
#923 = ORIENTED_EDGE('',*,*,#924,.T.);
#924 = EDGE_CURVE('',#917,#282,#925,.T.);
#925 = LINE('',#926,#927);
#926 = CARTESIAN_POINT('',(110.,12.,77.5));
#927 = VECTOR('',#928,1.);
#928 = DIRECTION('',(0.,-1.,4.4E-16));
#929 = ORIENTED_EDGE('',*,*,#290,.T.);
#930 = ORIENTED_EDGE('',*,*,#158,.T.);
#931 = PLANE('',#932);
#932 = AXIS2_PLACEMENT_3D('',#933,#934,#935);
#933 = CARTESIAN_POINT('',(120.,12.,77.5));
#934 = DIRECTION('',(0.,-2.2E-16,-1.));
#935 = DIRECTION('',(-1.,0.,0.));
#936 = ADVANCED_FACE('',(#937),#948,.T.);
#937 = FACE_BOUND('',#938,.T.);
#938 = EDGE_LOOP('',(#939,#940,#941,#947));
#939 = ORIENTED_EDGE('',*,*,#726,.T.);
#940 = ORIENTED_EDGE('',*,*,#683,.T.);
#941 = ORIENTED_EDGE('',*,*,#942,.F.);
#942 = EDGE_CURVE('',#192,#676,#943,.T.);
#943 = LINE('',#944,#945);
#944 = CARTESIAN_POINT('',(86.,-3.,51.));
#945 = VECTOR('',#946,1.);
#946 = DIRECTION('',(0.,1.,-2.2E-16));
#947 = ORIENTED_EDGE('',*,*,#191,.F.);
#948 = PLANE('',#949);
#949 = AXIS2_PLACEMENT_3D('',#950,#951,#952);
#950 = CARTESIAN_POINT('',(86.,-3.,57.));
#951 = DIRECTION('',(-1.,0.,0.));
#952 = DIRECTION('',(0.,-2.2E-16,-1.));
#953 = ADVANCED_FACE('',(#954),#973,.T.);
#954 = FACE_BOUND('',#955,.F.);
#955 = EDGE_LOOP('',(#956,#965,#971,#972));
#956 = ORIENTED_EDGE('',*,*,#957,.T.);
#957 = EDGE_CURVE('',#917,#958,#960,.T.);
#958 = VERTEX_POINT('',#959);
#959 = CARTESIAN_POINT('',(119.99999999999,12.,67.499999999997));
#960 = CIRCLE('',#961,10.);
#961 = AXIS2_PLACEMENT_3D('',#962,#963,#964);
#962 = CARTESIAN_POINT('',(109.99999999999,12.,67.5));
#963 = DIRECTION('',(-0.,1.,2.2E-16));
#964 = DIRECTION('',(0.,-2.2E-16,1.));
#965 = ORIENTED_EDGE('',*,*,#966,.T.);
#966 = EDGE_CURVE('',#958,#274,#967,.T.);
#967 = LINE('',#968,#969);
#968 = CARTESIAN_POINT('',(120.,12.,67.5));
#969 = VECTOR('',#970,1.);
#970 = DIRECTION('',(0.,-1.,4.4E-16));
#971 = ORIENTED_EDGE('',*,*,#281,.F.);
#972 = ORIENTED_EDGE('',*,*,#924,.F.);
#973 = CYLINDRICAL_SURFACE('',#974,10.);
#974 = AXIS2_PLACEMENT_3D('',#975,#976,#977);
#975 = CARTESIAN_POINT('',(110.,12.,67.5));
#976 = DIRECTION('',(0.,-1.,4.4E-16));
#977 = DIRECTION('',(0.,4.4E-16,1.));
#978 = ADVANCED_FACE('',(#979,#1006,#1017),#1028,.T.);
#979 = FACE_BOUND('',#980,.T.);
#980 = EDGE_LOOP('',(#981,#982,#983,#984,#992,#1000));
#981 = ORIENTED_EDGE('',*,*,#199,.F.);
#982 = ORIENTED_EDGE('',*,*,#942,.T.);
#983 = ORIENTED_EDGE('',*,*,#675,.T.);
#984 = ORIENTED_EDGE('',*,*,#985,.F.);
#985 = EDGE_CURVE('',#986,#668,#988,.T.);
#986 = VERTEX_POINT('',#987);
#987 = CARTESIAN_POINT('',(96.,2.,51.));
#988 = LINE('',#989,#990);
#989 = CARTESIAN_POINT('',(96.,4.5,51.));
#990 = VECTOR('',#991,1.);
#991 = DIRECTION('',(0.,1.,-2.2E-16));
#992 = ORIENTED_EDGE('',*,*,#993,.F.);
#993 = EDGE_CURVE('',#994,#986,#996,.T.);
#994 = VERTEX_POINT('',#995);
#995 = CARTESIAN_POINT('',(96.,1.,51.));
#996 = LINE('',#997,#998);
#997 = CARTESIAN_POINT('',(96.,4.5,51.));
#998 = VECTOR('',#999,1.);
#999 = DIRECTION('',(0.,1.,-2.2E-16));
#1000 = ORIENTED_EDGE('',*,*,#1001,.F.);
#1001 = EDGE_CURVE('',#200,#994,#1002,.T.);
#1002 = LINE('',#1003,#1004);
#1003 = CARTESIAN_POINT('',(96.,4.5,51.));
#1004 = VECTOR('',#1005,1.);
#1005 = DIRECTION('',(0.,1.,-2.2E-16));
#1006 = FACE_BOUND('',#1007,.T.);
#1007 = EDGE_LOOP('',(#1008));
#1008 = ORIENTED_EDGE('',*,*,#1009,.T.);
#1009 = EDGE_CURVE('',#1010,#1010,#1012,.T.);
#1010 = VERTEX_POINT('',#1011);
#1011 = CARTESIAN_POINT('',(89.4,8.5,51.));
#1012 = CIRCLE('',#1013,1.6);
#1013 = AXIS2_PLACEMENT_3D('',#1014,#1015,#1016);
#1014 = CARTESIAN_POINT('',(91.,8.5,51.));
#1015 = DIRECTION('',(1.2E-16,-2.2E-16,1.));
#1016 = DIRECTION('',(-1.,1.2E-16,1.2E-16));
#1017 = FACE_BOUND('',#1018,.T.);
#1018 = EDGE_LOOP('',(#1019));
#1019 = ORIENTED_EDGE('',*,*,#1020,.T.);
#1020 = EDGE_CURVE('',#1021,#1021,#1023,.T.);
#1021 = VERTEX_POINT('',#1022);
#1022 = CARTESIAN_POINT('',(89.4,0.5,51.));
#1023 = CIRCLE('',#1024,1.6);
#1024 = AXIS2_PLACEMENT_3D('',#1025,#1026,#1027);
#1025 = CARTESIAN_POINT('',(91.,0.5,51.));
#1026 = DIRECTION('',(1.2E-16,-2.2E-16,1.));
#1027 = DIRECTION('',(-1.,1.2E-16,1.2E-16));
#1028 = PLANE('',#1029);
#1029 = AXIS2_PLACEMENT_3D('',#1030,#1031,#1032);
#1030 = CARTESIAN_POINT('',(86.,-3.,51.));
#1031 = DIRECTION('',(0.,-2.2E-16,-1.));
#1032 = DIRECTION('',(1.,0.,0.));
#1033 = ADVANCED_FACE('',(#1034),#1091,.F.);
#1034 = FACE_BOUND('',#1035,.F.);
#1035 = EDGE_LOOP('',(#1036,#1044,#1050,#1051,#1059,#1067,#1075,#1083,
    #1089,#1090));
#1036 = ORIENTED_EDGE('',*,*,#1037,.F.);
#1037 = EDGE_CURVE('',#1038,#958,#1040,.T.);
#1038 = VERTEX_POINT('',#1039);
#1039 = CARTESIAN_POINT('',(120.,12.,64.5));
#1040 = LINE('',#1041,#1042);
#1041 = CARTESIAN_POINT('',(120.,12.,30.5));
#1042 = VECTOR('',#1043,1.);
#1043 = DIRECTION('',(0.,-2.2E-16,1.));
#1044 = ORIENTED_EDGE('',*,*,#1045,.F.);
#1045 = EDGE_CURVE('',#596,#1038,#1046,.T.);
#1046 = LINE('',#1047,#1048);
#1047 = CARTESIAN_POINT('',(120.,12.,30.5));
#1048 = VECTOR('',#1049,1.);
#1049 = DIRECTION('',(0.,-2.2E-16,1.));
#1050 = ORIENTED_EDGE('',*,*,#603,.F.);
#1051 = ORIENTED_EDGE('',*,*,#1052,.F.);
#1052 = EDGE_CURVE('',#1053,#604,#1055,.T.);
#1053 = VERTEX_POINT('',#1054);
#1054 = CARTESIAN_POINT('',(120.,2.,57.));
#1055 = LINE('',#1056,#1057);
#1056 = CARTESIAN_POINT('',(120.,4.5,57.));
#1057 = VECTOR('',#1058,1.);
#1058 = DIRECTION('',(0.,1.,-2.2E-16));
#1059 = ORIENTED_EDGE('',*,*,#1060,.T.);
#1060 = EDGE_CURVE('',#1053,#1061,#1063,.T.);
#1061 = VERTEX_POINT('',#1062);
#1062 = CARTESIAN_POINT('',(120.,2.,63.099999999936));
#1063 = LINE('',#1064,#1065);
#1064 = CARTESIAN_POINT('',(120.,2.,44.899999999936));
#1065 = VECTOR('',#1066,1.);
#1066 = DIRECTION('',(2.2E-16,-2.2E-16,1.));
#1067 = ORIENTED_EDGE('',*,*,#1068,.T.);
#1068 = EDGE_CURVE('',#1061,#1069,#1071,.T.);
#1069 = VERTEX_POINT('',#1070);
#1070 = CARTESIAN_POINT('',(120.,1.,63.099999999936));
#1071 = LINE('',#1072,#1073);
#1072 = CARTESIAN_POINT('',(120.,2.,63.099999999936));
#1073 = VECTOR('',#1074,1.);
#1074 = DIRECTION('',(2.2E-16,-1.,-2.2E-16));
#1075 = ORIENTED_EDGE('',*,*,#1076,.T.);
#1076 = EDGE_CURVE('',#1069,#1077,#1079,.T.);
#1077 = VERTEX_POINT('',#1078);
#1078 = CARTESIAN_POINT('',(120.,1.,57.));
#1079 = LINE('',#1080,#1081);
#1080 = CARTESIAN_POINT('',(120.,1.,63.099999999936));
#1081 = VECTOR('',#1082,1.);
#1082 = DIRECTION('',(-2.2E-16,2.2E-16,-1.));
#1083 = ORIENTED_EDGE('',*,*,#1084,.F.);
#1084 = EDGE_CURVE('',#266,#1077,#1085,.T.);
#1085 = LINE('',#1086,#1087);
#1086 = CARTESIAN_POINT('',(120.,4.5,57.));
#1087 = VECTOR('',#1088,1.);
#1088 = DIRECTION('',(0.,1.,-2.2E-16));
#1089 = ORIENTED_EDGE('',*,*,#273,.T.);
#1090 = ORIENTED_EDGE('',*,*,#966,.F.);
#1091 = PLANE('',#1092);
#1092 = AXIS2_PLACEMENT_3D('',#1093,#1094,#1095);
#1093 = CARTESIAN_POINT('',(120.,12.,30.5));
#1094 = DIRECTION('',(-1.,0.,0.));
#1095 = DIRECTION('',(0.,2.2E-16,1.));
#1096 = ADVANCED_FACE('',(#1097),#1147,.F.);
#1097 = FACE_BOUND('',#1098,.F.);
#1098 = EDGE_LOOP('',(#1099,#1109,#1115,#1116,#1117,#1125,#1133,#1139,
    #1140,#1141));
#1099 = ORIENTED_EDGE('',*,*,#1100,.F.);
#1100 = EDGE_CURVE('',#1101,#1103,#1105,.T.);
#1101 = VERTEX_POINT('',#1102);
#1102 = CARTESIAN_POINT('',(96.,12.,43.5));
#1103 = VERTEX_POINT('',#1104);
#1104 = CARTESIAN_POINT('',(96.,12.,40.5));
#1105 = LINE('',#1106,#1107);
#1106 = CARTESIAN_POINT('',(96.,12.,77.5));
#1107 = VECTOR('',#1108,1.);
#1108 = DIRECTION('',(0.,2.2E-16,-1.));
#1109 = ORIENTED_EDGE('',*,*,#1110,.F.);
#1110 = EDGE_CURVE('',#660,#1101,#1111,.T.);
#1111 = LINE('',#1112,#1113);
#1112 = CARTESIAN_POINT('',(96.,12.,77.5));
#1113 = VECTOR('',#1114,1.);
#1114 = DIRECTION('',(0.,2.2E-16,-1.));
#1115 = ORIENTED_EDGE('',*,*,#667,.F.);
#1116 = ORIENTED_EDGE('',*,*,#985,.F.);
#1117 = ORIENTED_EDGE('',*,*,#1118,.F.);
#1118 = EDGE_CURVE('',#1119,#986,#1121,.T.);
#1119 = VERTEX_POINT('',#1120);
#1120 = CARTESIAN_POINT('',(96.,2.,44.899999999936));
#1121 = LINE('',#1122,#1123);
#1122 = CARTESIAN_POINT('',(96.,2.,44.899999999936));
#1123 = VECTOR('',#1124,1.);
#1124 = DIRECTION('',(2.2E-16,-2.2E-16,1.));
#1125 = ORIENTED_EDGE('',*,*,#1126,.F.);
#1126 = EDGE_CURVE('',#1127,#1119,#1129,.T.);
#1127 = VERTEX_POINT('',#1128);
#1128 = CARTESIAN_POINT('',(96.,1.,44.899999999936));
#1129 = LINE('',#1130,#1131);
#1130 = CARTESIAN_POINT('',(96.,1.,44.899999999936));
#1131 = VECTOR('',#1132,1.);
#1132 = DIRECTION('',(-2.2E-16,1.,2.2E-16));
#1133 = ORIENTED_EDGE('',*,*,#1134,.F.);
#1134 = EDGE_CURVE('',#994,#1127,#1135,.T.);
#1135 = LINE('',#1136,#1137);
#1136 = CARTESIAN_POINT('',(96.,1.,63.099999999936));
#1137 = VECTOR('',#1138,1.);
#1138 = DIRECTION('',(-2.2E-16,2.2E-16,-1.));
#1139 = ORIENTED_EDGE('',*,*,#1001,.F.);
#1140 = ORIENTED_EDGE('',*,*,#207,.T.);
#1141 = ORIENTED_EDGE('',*,*,#1142,.T.);
#1142 = EDGE_CURVE('',#208,#1103,#1143,.T.);
#1143 = LINE('',#1144,#1145);
#1144 = CARTESIAN_POINT('',(96.,-3.,40.5));
#1145 = VECTOR('',#1146,1.);
#1146 = DIRECTION('',(0.,1.,-4.4E-16));
#1147 = PLANE('',#1148);
#1148 = AXIS2_PLACEMENT_3D('',#1149,#1150,#1151);
#1149 = CARTESIAN_POINT('',(96.,12.,77.5));
#1150 = DIRECTION('',(1.,0.,0.));
#1151 = DIRECTION('',(0.,-2.2E-16,-1.));
#1152 = ADVANCED_FACE('',(#1153,#1171,#1182),#1193,.T.);
#1153 = FACE_BOUND('',#1154,.T.);
#1154 = EDGE_LOOP('',(#1155,#1156,#1162,#1163,#1164,#1170));
#1155 = ORIENTED_EDGE('',*,*,#265,.F.);
#1156 = ORIENTED_EDGE('',*,*,#1157,.T.);
#1157 = EDGE_CURVE('',#258,#612,#1158,.T.);
#1158 = LINE('',#1159,#1160);
#1159 = CARTESIAN_POINT('',(130.,-3.,57.));
#1160 = VECTOR('',#1161,1.);
#1161 = DIRECTION('',(0.,1.,-2.2E-16));
#1162 = ORIENTED_EDGE('',*,*,#611,.T.);
#1163 = ORIENTED_EDGE('',*,*,#1052,.F.);
#1164 = ORIENTED_EDGE('',*,*,#1165,.F.);
#1165 = EDGE_CURVE('',#1077,#1053,#1166,.T.);
#1166 = LINE('',#1167,#1168);
#1167 = CARTESIAN_POINT('',(120.,4.5,57.));
#1168 = VECTOR('',#1169,1.);
#1169 = DIRECTION('',(0.,1.,-2.2E-16));
#1170 = ORIENTED_EDGE('',*,*,#1084,.F.);
#1171 = FACE_BOUND('',#1172,.T.);
#1172 = EDGE_LOOP('',(#1173));
#1173 = ORIENTED_EDGE('',*,*,#1174,.F.);
#1174 = EDGE_CURVE('',#1175,#1175,#1177,.T.);
#1175 = VERTEX_POINT('',#1176);
#1176 = CARTESIAN_POINT('',(123.4,8.5,57.));
#1177 = CIRCLE('',#1178,1.6);
#1178 = AXIS2_PLACEMENT_3D('',#1179,#1180,#1181);
#1179 = CARTESIAN_POINT('',(125.,8.5,57.));
#1180 = DIRECTION('',(1.2E-16,-2.2E-16,1.));
#1181 = DIRECTION('',(-1.,1.2E-16,1.2E-16));
#1182 = FACE_BOUND('',#1183,.T.);
#1183 = EDGE_LOOP('',(#1184));
#1184 = ORIENTED_EDGE('',*,*,#1185,.F.);
#1185 = EDGE_CURVE('',#1186,#1186,#1188,.T.);
#1186 = VERTEX_POINT('',#1187);
#1187 = CARTESIAN_POINT('',(123.4,0.5,57.));
#1188 = CIRCLE('',#1189,1.6);
#1189 = AXIS2_PLACEMENT_3D('',#1190,#1191,#1192);
#1190 = CARTESIAN_POINT('',(125.,0.5,57.));
#1191 = DIRECTION('',(1.2E-16,-2.2E-16,1.));
#1192 = DIRECTION('',(-1.,1.2E-16,1.2E-16));
#1193 = PLANE('',#1194);
#1194 = AXIS2_PLACEMENT_3D('',#1195,#1196,#1197);
#1195 = CARTESIAN_POINT('',(130.,-3.,57.));
#1196 = DIRECTION('',(0.,2.2E-16,1.));
#1197 = DIRECTION('',(-1.,0.,0.));
#1198 = ADVANCED_FACE('',(#1199),#1218,.T.);
#1199 = FACE_BOUND('',#1200,.F.);
#1200 = EDGE_LOOP('',(#1201,#1202,#1210,#1217));
#1201 = ORIENTED_EDGE('',*,*,#215,.T.);
#1202 = ORIENTED_EDGE('',*,*,#1203,.T.);
#1203 = EDGE_CURVE('',#216,#1204,#1206,.T.);
#1204 = VERTEX_POINT('',#1205);
#1205 = CARTESIAN_POINT('',(106.,12.,30.5));
#1206 = LINE('',#1207,#1208);
#1207 = CARTESIAN_POINT('',(106.,-3.,30.5));
#1208 = VECTOR('',#1209,1.);
#1209 = DIRECTION('',(0.,1.,-4.4E-16));
#1210 = ORIENTED_EDGE('',*,*,#1211,.F.);
#1211 = EDGE_CURVE('',#1103,#1204,#1212,.T.);
#1212 = CIRCLE('',#1213,10.);
#1213 = AXIS2_PLACEMENT_3D('',#1214,#1215,#1216);
#1214 = CARTESIAN_POINT('',(106.,12.,40.5));
#1215 = DIRECTION('',(0.,-1.,4.4E-16));
#1216 = DIRECTION('',(-1.,0.,0.));
#1217 = ORIENTED_EDGE('',*,*,#1142,.F.);
#1218 = CYLINDRICAL_SURFACE('',#1219,10.);
#1219 = AXIS2_PLACEMENT_3D('',#1220,#1221,#1222);
#1220 = CARTESIAN_POINT('',(106.,-3.,40.5));
#1221 = DIRECTION('',(0.,1.,-4.4E-16));
#1222 = DIRECTION('',(-1.,0.,0.));
#1223 = ADVANCED_FACE('',(#1224),#1235,.T.);
#1224 = FACE_BOUND('',#1225,.T.);
#1225 = EDGE_LOOP('',(#1226,#1232,#1233,#1234));
#1226 = ORIENTED_EDGE('',*,*,#1227,.T.);
#1227 = EDGE_CURVE('',#250,#620,#1228,.T.);
#1228 = LINE('',#1229,#1230);
#1229 = CARTESIAN_POINT('',(130.,-3.,51.));
#1230 = VECTOR('',#1231,1.);
#1231 = DIRECTION('',(0.,1.,-2.2E-16));
#1232 = ORIENTED_EDGE('',*,*,#619,.T.);
#1233 = ORIENTED_EDGE('',*,*,#1157,.F.);
#1234 = ORIENTED_EDGE('',*,*,#257,.F.);
#1235 = PLANE('',#1236);
#1236 = AXIS2_PLACEMENT_3D('',#1237,#1238,#1239);
#1237 = CARTESIAN_POINT('',(130.,-3.,51.));
#1238 = DIRECTION('',(1.,0.,0.));
#1239 = DIRECTION('',(0.,2.2E-16,1.));
#1240 = ADVANCED_FACE('',(#1241),#1259,.F.);
#1241 = FACE_BOUND('',#1242,.F.);
#1242 = EDGE_LOOP('',(#1243,#1251,#1252,#1253));
#1243 = ORIENTED_EDGE('',*,*,#1244,.F.);
#1244 = EDGE_CURVE('',#1204,#1245,#1247,.T.);
#1245 = VERTEX_POINT('',#1246);
#1246 = CARTESIAN_POINT('',(110.,12.,30.5));
#1247 = LINE('',#1248,#1249);
#1248 = CARTESIAN_POINT('',(96.,12.,30.5));
#1249 = VECTOR('',#1250,1.);
#1250 = DIRECTION('',(1.,0.,0.));
#1251 = ORIENTED_EDGE('',*,*,#1203,.F.);
#1252 = ORIENTED_EDGE('',*,*,#224,.T.);
#1253 = ORIENTED_EDGE('',*,*,#1254,.T.);
#1254 = EDGE_CURVE('',#225,#1245,#1255,.T.);
#1255 = LINE('',#1256,#1257);
#1256 = CARTESIAN_POINT('',(110.,-3.,30.5));
#1257 = VECTOR('',#1258,1.);
#1258 = DIRECTION('',(0.,1.,-4.4E-16));
#1259 = PLANE('',#1260);
#1260 = AXIS2_PLACEMENT_3D('',#1261,#1262,#1263);
#1261 = CARTESIAN_POINT('',(96.,12.,30.5));
#1262 = DIRECTION('',(0.,2.2E-16,1.));
#1263 = DIRECTION('',(1.,0.,0.));
#1264 = ADVANCED_FACE('',(#1265,#1292,#1303),#1314,.T.);
#1265 = FACE_BOUND('',#1266,.T.);
#1266 = EDGE_LOOP('',(#1267,#1268,#1276,#1284,#1290,#1291));
#1267 = ORIENTED_EDGE('',*,*,#249,.F.);
#1268 = ORIENTED_EDGE('',*,*,#1269,.F.);
#1269 = EDGE_CURVE('',#1270,#242,#1272,.T.);
#1270 = VERTEX_POINT('',#1271);
#1271 = CARTESIAN_POINT('',(120.,1.,51.));
#1272 = LINE('',#1273,#1274);
#1273 = CARTESIAN_POINT('',(120.,4.5,51.));
#1274 = VECTOR('',#1275,1.);
#1275 = DIRECTION('',(0.,-1.,2.2E-16));
#1276 = ORIENTED_EDGE('',*,*,#1277,.F.);
#1277 = EDGE_CURVE('',#1278,#1270,#1280,.T.);
#1278 = VERTEX_POINT('',#1279);
#1279 = CARTESIAN_POINT('',(120.,2.,51.));
#1280 = LINE('',#1281,#1282);
#1281 = CARTESIAN_POINT('',(120.,4.5,51.));
#1282 = VECTOR('',#1283,1.);
#1283 = DIRECTION('',(0.,-1.,2.2E-16));
#1284 = ORIENTED_EDGE('',*,*,#1285,.F.);
#1285 = EDGE_CURVE('',#628,#1278,#1286,.T.);
#1286 = LINE('',#1287,#1288);
#1287 = CARTESIAN_POINT('',(120.,4.5,51.));
#1288 = VECTOR('',#1289,1.);
#1289 = DIRECTION('',(0.,-1.,2.2E-16));
#1290 = ORIENTED_EDGE('',*,*,#627,.T.);
#1291 = ORIENTED_EDGE('',*,*,#1227,.F.);
#1292 = FACE_BOUND('',#1293,.T.);
#1293 = EDGE_LOOP('',(#1294));
#1294 = ORIENTED_EDGE('',*,*,#1295,.T.);
#1295 = EDGE_CURVE('',#1296,#1296,#1298,.T.);
#1296 = VERTEX_POINT('',#1297);
#1297 = CARTESIAN_POINT('',(123.4,8.5,51.));
#1298 = CIRCLE('',#1299,1.6);
#1299 = AXIS2_PLACEMENT_3D('',#1300,#1301,#1302);
#1300 = CARTESIAN_POINT('',(125.,8.5,51.));
#1301 = DIRECTION('',(1.2E-16,-2.2E-16,1.));
#1302 = DIRECTION('',(-1.,1.2E-16,1.2E-16));
#1303 = FACE_BOUND('',#1304,.T.);
#1304 = EDGE_LOOP('',(#1305));
#1305 = ORIENTED_EDGE('',*,*,#1306,.T.);
#1306 = EDGE_CURVE('',#1307,#1307,#1309,.T.);
#1307 = VERTEX_POINT('',#1308);
#1308 = CARTESIAN_POINT('',(123.4,0.5,51.));
#1309 = CIRCLE('',#1310,1.6);
#1310 = AXIS2_PLACEMENT_3D('',#1311,#1312,#1313);
#1311 = CARTESIAN_POINT('',(125.,0.5,51.));
#1312 = DIRECTION('',(1.2E-16,-2.2E-16,1.));
#1313 = DIRECTION('',(-1.,1.2E-16,1.2E-16));
#1314 = PLANE('',#1315);
#1315 = AXIS2_PLACEMENT_3D('',#1316,#1317,#1318);
#1316 = CARTESIAN_POINT('',(86.,-3.,51.));
#1317 = DIRECTION('',(0.,-2.2E-16,-1.));
#1318 = DIRECTION('',(1.,0.,0.));
#1319 = ADVANCED_FACE('',(#1320),#1339,.T.);
#1320 = FACE_BOUND('',#1321,.T.);
#1321 = EDGE_LOOP('',(#1322,#1323,#1324,#1333));
#1322 = ORIENTED_EDGE('',*,*,#232,.T.);
#1323 = ORIENTED_EDGE('',*,*,#1254,.T.);
#1324 = ORIENTED_EDGE('',*,*,#1325,.F.);
#1325 = EDGE_CURVE('',#1326,#1245,#1328,.T.);
#1326 = VERTEX_POINT('',#1327);
#1327 = CARTESIAN_POINT('',(120.,12.,40.5));
#1328 = CIRCLE('',#1329,10.);
#1329 = AXIS2_PLACEMENT_3D('',#1330,#1331,#1332);
#1330 = CARTESIAN_POINT('',(110.,12.,40.5));
#1331 = DIRECTION('',(0.,1.,-4.4E-16));
#1332 = DIRECTION('',(1.,0.,0.));
#1333 = ORIENTED_EDGE('',*,*,#1334,.F.);
#1334 = EDGE_CURVE('',#233,#1326,#1335,.T.);
#1335 = LINE('',#1336,#1337);
#1336 = CARTESIAN_POINT('',(120.,-3.,40.5));
#1337 = VECTOR('',#1338,1.);
#1338 = DIRECTION('',(0.,1.,-4.4E-16));
#1339 = CYLINDRICAL_SURFACE('',#1340,10.);
#1340 = AXIS2_PLACEMENT_3D('',#1341,#1342,#1343);
#1341 = CARTESIAN_POINT('',(110.,-3.,40.5));
#1342 = DIRECTION('',(0.,1.,-4.4E-16));
#1343 = DIRECTION('',(1.,0.,0.));
#1344 = ADVANCED_FACE('',(#1345),#1388,.F.);
#1345 = FACE_BOUND('',#1346,.F.);
#1346 = EDGE_LOOP('',(#1347,#1355,#1356,#1357,#1358,#1366,#1374,#1380,
    #1381,#1382));
#1347 = ORIENTED_EDGE('',*,*,#1348,.F.);
#1348 = EDGE_CURVE('',#1326,#1349,#1351,.T.);
#1349 = VERTEX_POINT('',#1350);
#1350 = CARTESIAN_POINT('',(119.99999999999,12.,43.500000000004));
#1351 = LINE('',#1352,#1353);
#1352 = CARTESIAN_POINT('',(120.,12.,30.5));
#1353 = VECTOR('',#1354,1.);
#1354 = DIRECTION('',(0.,-2.2E-16,1.));
#1355 = ORIENTED_EDGE('',*,*,#1334,.F.);
#1356 = ORIENTED_EDGE('',*,*,#241,.T.);
#1357 = ORIENTED_EDGE('',*,*,#1269,.F.);
#1358 = ORIENTED_EDGE('',*,*,#1359,.T.);
#1359 = EDGE_CURVE('',#1270,#1360,#1362,.T.);
#1360 = VERTEX_POINT('',#1361);
#1361 = CARTESIAN_POINT('',(120.,1.,44.899999999936));
#1362 = LINE('',#1363,#1364);
#1363 = CARTESIAN_POINT('',(120.,1.,63.099999999936));
#1364 = VECTOR('',#1365,1.);
#1365 = DIRECTION('',(-2.2E-16,2.2E-16,-1.));
#1366 = ORIENTED_EDGE('',*,*,#1367,.T.);
#1367 = EDGE_CURVE('',#1360,#1368,#1370,.T.);
#1368 = VERTEX_POINT('',#1369);
#1369 = CARTESIAN_POINT('',(120.,2.,44.899999999936));
#1370 = LINE('',#1371,#1372);
#1371 = CARTESIAN_POINT('',(120.,1.,44.899999999936));
#1372 = VECTOR('',#1373,1.);
#1373 = DIRECTION('',(-2.2E-16,1.,2.2E-16));
#1374 = ORIENTED_EDGE('',*,*,#1375,.T.);
#1375 = EDGE_CURVE('',#1368,#1278,#1376,.T.);
#1376 = LINE('',#1377,#1378);
#1377 = CARTESIAN_POINT('',(120.,2.,44.899999999936));
#1378 = VECTOR('',#1379,1.);
#1379 = DIRECTION('',(2.2E-16,-2.2E-16,1.));
#1380 = ORIENTED_EDGE('',*,*,#1285,.F.);
#1381 = ORIENTED_EDGE('',*,*,#635,.F.);
#1382 = ORIENTED_EDGE('',*,*,#1383,.F.);
#1383 = EDGE_CURVE('',#1349,#636,#1384,.T.);
#1384 = LINE('',#1385,#1386);
#1385 = CARTESIAN_POINT('',(120.,12.,30.5));
#1386 = VECTOR('',#1387,1.);
#1387 = DIRECTION('',(0.,-2.2E-16,1.));
#1388 = PLANE('',#1389);
#1389 = AXIS2_PLACEMENT_3D('',#1390,#1391,#1392);
#1390 = CARTESIAN_POINT('',(120.,12.,30.5));
#1391 = DIRECTION('',(-1.,0.,0.));
#1392 = DIRECTION('',(0.,2.2E-16,1.));
#1393 = ADVANCED_FACE('',(#1394),#1425,.F.);
#1394 = FACE_BOUND('',#1395,.F.);
#1395 = EDGE_LOOP('',(#1396,#1397,#1405));
#1396 = ORIENTED_EDGE('',*,*,#299,.F.);
#1397 = ORIENTED_EDGE('',*,*,#1398,.T.);
#1398 = EDGE_CURVE('',#300,#1399,#1401,.T.);
#1399 = VERTEX_POINT('',#1400);
#1400 = CARTESIAN_POINT('',(112.5,-2.690164241902,37.410207571349));
#1401 = LINE('',#1402,#1403);
#1402 = CARTESIAN_POINT('',(112.5,-3.,37.410207612377));
#1403 = VECTOR('',#1404,1.);
#1404 = DIRECTION('',(0.,1.,-2.2E-16));
#1405 = ORIENTED_EDGE('',*,*,#1406,.F.);
#1406 = EDGE_CURVE('',#302,#1399,#1407,.T.);
#1407 = B_SPLINE_CURVE_WITH_KNOTS('',6,(#1408,#1409,#1410,#1411,#1412,
    #1413,#1414,#1415,#1416,#1417,#1418,#1419,#1420,#1421,#1422,#1423,
    #1424),.UNSPECIFIED.,.F.,.F.,(7,5,5,7),(0.,0.359867464823,
    0.801962344884,1.),.UNSPECIFIED.);
#1408 = CARTESIAN_POINT('',(109.21065355925,-3.000133324509,
    41.74429551636));
#1409 = CARTESIAN_POINT('',(109.54816045258,-2.981542721831,
    41.650018720275));
#1410 = CARTESIAN_POINT('',(109.87689272268,-2.962950110186,
    41.524192941416));
#1411 = CARTESIAN_POINT('',(110.19308392033,-2.944359607246,
    41.367857515724));
#1412 = CARTESIAN_POINT('',(110.49326843975,-2.925768961545,
    41.182635840261));
#1413 = CARTESIAN_POINT('',(110.77423213558,-2.907176116737,
    40.970605763922));
#1414 = CARTESIAN_POINT('',(111.3511097955,-2.865746934648,
    40.444246319079));
#1415 = CARTESIAN_POINT('',(111.63588828394,-2.842903430877,
    40.117504744616));
#1416 = CARTESIAN_POINT('',(111.88199344436,-2.820066663958,
    39.759091946566));
#1417 = CARTESIAN_POINT('',(112.08529138684,-2.797231048199,
    39.374777751293));
#1418 = CARTESIAN_POINT('',(112.24258918789,-2.774388159507,
    38.970901166749));
#1419 = CARTESIAN_POINT('',(112.40110416496,-2.741318777132,
    38.368054283718));
#1420 = CARTESIAN_POINT('',(112.44055342394,-2.731087777006,
    38.179028102296));
#1421 = CARTESIAN_POINT('',(112.47024930662,-2.720856657007,
    37.988098669287));
#1422 = CARTESIAN_POINT('',(112.49008302267,-2.71062539133,
    37.795894253483));
#1423 = CARTESIAN_POINT('',(112.5,-2.700394235452,37.60305012437));
#1424 = CARTESIAN_POINT('',(112.5,-2.690164246255,37.410207612377));
#1425 = CYLINDRICAL_SURFACE('',#1426,4.5);
#1426 = AXIS2_PLACEMENT_3D('',#1427,#1428,#1429);
#1427 = CARTESIAN_POINT('',(108.,-3.,37.410207612377));
#1428 = DIRECTION('',(0.,-1.,2.2E-16));
#1429 = DIRECTION('',(1.,0.,0.));
#1430 = ADVANCED_FACE('',(#1431),#1475,.F.);
#1431 = FACE_BOUND('',#1432,.F.);
#1432 = EDGE_LOOP('',(#1433,#1468,#1469,#1470));
#1433 = ORIENTED_EDGE('',*,*,#1434,.F.);
#1434 = EDGE_CURVE('',#363,#1435,#1437,.T.);
#1435 = VERTEX_POINT('',#1436);
#1436 = CARTESIAN_POINT('',(113.10000290009,-2.34374965628,
    37.410207628788));
#1437 = B_SPLINE_CURVE_WITH_KNOTS('',11,(#1438,#1439,#1440,#1441,#1442,
    #1443,#1444,#1445,#1446,#1447,#1448,#1449,#1450,#1451,#1452,#1453,
    #1454,#1455,#1456,#1457,#1458,#1459,#1460,#1461,#1462,#1463,#1464,
    #1465,#1466,#1467),.UNSPECIFIED.,.F.,.F.,(12,9,9,12),(0.,
    1.614938419963,3.229876839926,6.459753679852),.UNSPECIFIED.);
#1438 = CARTESIAN_POINT('',(113.1,-3.84375,37.410207612377));
#1439 = CARTESIAN_POINT('',(113.10000090842,-3.809658983244,
    36.681932184937));
#1440 = CARTESIAN_POINT('',(112.98563265584,-3.775567551414,
    35.953653853777));
#1441 = CARTESIAN_POINT('',(112.7568239937,-3.741476816494,
    35.245334847224));
#1442 = CARTESIAN_POINT('',(112.41752878877,-3.707386312501,
    34.576954972204));
#1443 = CARTESIAN_POINT('',(111.97560945848,-3.673295603351,
    33.967597394989));
#1444 = CARTESIAN_POINT('',(111.44259644914,-3.63920463841,
    33.434583101865));
#1445 = CARTESIAN_POINT('',(110.83324228964,-3.60511357411,
    32.992672955006));
#1446 = CARTESIAN_POINT('',(110.1648690462,-3.571022535521,
    32.653400214114));
#1447 = CARTESIAN_POINT('',(109.45656147233,-3.536931547567,
    32.424604046098));
#1448 = CARTESIAN_POINT('',(108.00000810963,-3.468749693968,
    32.195807746791));
#1449 = CARTESIAN_POINT('',(106.54344576488,-3.400567991958,
    32.424603035996));
#1450 = CARTESIAN_POINT('',(105.83512949769,-3.366477160027,
    32.653398315436));
#1451 = CARTESIAN_POINT('',(105.16674444856,-3.332386297573,
    32.992671956979));
#1452 = CARTESIAN_POINT('',(104.55738087106,-3.298295380769,
    33.434581948463));
#1453 = CARTESIAN_POINT('',(104.02436673019,-3.264204423203,
    33.967597231823));
#1454 = CARTESIAN_POINT('',(103.58246027233,-3.230113460252,
    34.576959037813));
#1455 = CARTESIAN_POINT('',(103.24319112874,-3.196022522906,
    35.245340072382));
#1456 = CARTESIAN_POINT('',(103.01439961391,-3.161931616964,
    35.95365175481));
#1457 = CARTESIAN_POINT('',(102.67121219351,-3.05965893373,
    38.138485589512));
#1458 = CARTESIAN_POINT('',(103.35758816509,-2.957386250496,
    40.323319246592));
#1459 = CARTESIAN_POINT('',(104.27275820475,-2.889204264236,
    41.620147759546));
#1460 = CARTESIAN_POINT('',(105.58277553389,-2.821022727502,
    42.597521131302));
#1461 = CARTESIAN_POINT('',(107.1623217401,-2.752838976668,
    43.123876919463));
#1462 = CARTESIAN_POINT('',(108.83773596752,-2.684661540457,
    43.12382342147));
#1463 = CARTESIAN_POINT('',(110.41725230824,-2.616477814118,
    42.597513047254));
#1464 = CARTESIAN_POINT('',(111.72706796463,-2.548291755603,
    41.620172136944));
#1465 = CARTESIAN_POINT('',(112.64249485569,-2.480115383651,
    40.32331981064));
#1466 = CARTESIAN_POINT('',(113.10000107855,-2.411931689799,
    38.866758483667));
#1467 = CARTESIAN_POINT('',(113.10000290009,-2.34374965628,
    37.410207628788));
#1468 = ORIENTED_EDGE('',*,*,#387,.F.);
#1469 = ORIENTED_EDGE('',*,*,#1406,.T.);
#1470 = ORIENTED_EDGE('',*,*,#1471,.F.);
#1471 = EDGE_CURVE('',#1435,#1399,#1472,.T.);
#1472 = B_SPLINE_CURVE_WITH_KNOTS('',1,(#1473,#1474),.UNSPECIFIED.,.F.,
  .F.,(2,2),(0.,1.3105),.PIECEWISE_BEZIER_KNOTS.);
#1473 = CARTESIAN_POINT('',(113.10000290009,-2.34374965628,
    37.410207628788));
#1474 = CARTESIAN_POINT('',(111.96507886063,-2.999003557187,
    37.410207442534));
#1475 = B_SPLINE_SURFACE_WITH_KNOTS('',1,9,(
    (#1476,#1477,#1478,#1479,#1480,#1481,#1482,#1483,#1484,#1485,#1486
      ,#1487,#1488,#1489,#1490,#1491,#1492,#1493,#1494,#1495,#1496,#1497
      ,#1498,#1499,#1500,#1501,#1502,#1503,#1504,#1505,#1506)
    ,(#1507,#1508,#1509,#1510,#1511,#1512,#1513,#1514,#1515,#1516,#1517
      ,#1518,#1519,#1520,#1521,#1522,#1523,#1524,#1525,#1526,#1527,#1528
      ,#1529,#1530,#1531,#1532,#1533,#1534,#1535,#1536,#1537
  )),.UNSPECIFIED.,.F.,.F.,.F.,(2,2),(10,7,7,7,10),(0.,1.3105),(0.,
    1.614938419963,3.229876839926,4.844815259889,6.459753679852),
  .UNSPECIFIED.);
#1476 = CARTESIAN_POINT('',(113.1,-3.84375,37.410207612377));
#1477 = CARTESIAN_POINT('',(113.1000011103,-3.802083201742,
    36.520093201062));
#1478 = CARTESIAN_POINT('',(112.92527155794,-3.760415769344,
    35.629974353506));
#1479 = CARTESIAN_POINT('',(112.57567139043,-3.718749887059,
    34.779062589646));
#1480 = CARTESIAN_POINT('',(112.06160262394,-3.677083606376,
    34.006615468568));
#1481 = CARTESIAN_POINT('',(111.40358183959,-3.635416741492,
    33.34858445141));
#1482 = CARTESIAN_POINT('',(110.63113101563,-3.59374987722,
    32.834530503153));
#1483 = CARTESIAN_POINT('',(109.78023981025,-3.552083073747,
    32.48498082626));
#1484 = CARTESIAN_POINT('',(108.00000929476,-3.468749673967,
    32.135431078862));
#1485 = CARTESIAN_POINT('',(106.21976505669,-3.38541650578,
    32.48497959169));
#1486 = CARTESIAN_POINT('',(105.3688606959,-3.343749942612,
    32.834527897954));
#1487 = CARTESIAN_POINT('',(104.59639308788,-3.302083282795,
    33.348585663846));
#1488 = CARTESIAN_POINT('',(103.93836988754,-3.260416535487,
    34.006610551391));
#1489 = CARTESIAN_POINT('',(103.42431772162,-3.218749796966,
    34.779074625054));
#1490 = CARTESIAN_POINT('',(103.07477518908,-3.177083125591,
    35.629972666543));
#1491 = CARTESIAN_POINT('',(102.7252323693,-3.093749828141,
    37.410207655027));
#1492 = CARTESIAN_POINT('',(103.07477580333,-3.010416530691,
    39.190442522905));
#1493 = CARTESIAN_POINT('',(103.42431832912,-2.968749859317,
    40.041340372982));
#1494 = CARTESIAN_POINT('',(103.93836901122,-2.927083120796,
    40.813804764694));
#1495 = CARTESIAN_POINT('',(104.59639147809,-2.885416373487,
    41.471830892929));
#1496 = CARTESIAN_POINT('',(105.36885991658,-2.84374971367,
    41.98588913552));
#1497 = CARTESIAN_POINT('',(106.21976491063,-2.802083150503,
    42.335435739289));
#1498 = CARTESIAN_POINT('',(108.00000930764,-2.718749982314,
    42.68498159993));
#1499 = CARTESIAN_POINT('',(109.78023966418,-2.635416582534,
    42.335432885695));
#1500 = CARTESIAN_POINT('',(110.63113148069,-2.593749779091,
    41.985885473171));
#1501 = CARTESIAN_POINT('',(111.40358203942,-2.552082914706,
    41.471834159757));
#1502 = CARTESIAN_POINT('',(112.06161031344,-2.510416050011,
    40.813807368737));
#1503 = CARTESIAN_POINT('',(112.57567303809,-2.468749769151,
    40.041346543053));
#1504 = CARTESIAN_POINT('',(112.92525940937,-2.427083886958,
    39.190440451176));
#1505 = CARTESIAN_POINT('',(113.10000178693,-2.385416454542,
    38.300322040103));
#1506 = CARTESIAN_POINT('',(113.10000290009,-2.34374965628,
    37.410207628788));
#1507 = CARTESIAN_POINT('',(111.96507370834,-4.499,37.410207612377));
#1508 = CARTESIAN_POINT('',(111.96507568089,-4.457334695205,
    36.718132334311));
#1509 = CARTESIAN_POINT('',(111.82922762272,-4.415675953269,
    36.026170463551));
#1510 = CARTESIAN_POINT('',(111.55745635054,-4.374001168414,
    35.364609367837));
#1511 = CARTESIAN_POINT('',(111.15775105146,-4.332330508242,
    34.764012580292));
#1512 = CARTESIAN_POINT('',(110.64615653569,-4.290665891795,
    34.25243994542));
#1513 = CARTESIAN_POINT('',(110.04561000728,-4.249001270846,
    33.852773728872));
#1514 = CARTESIAN_POINT('',(109.38407505513,-4.207336019821,
    33.581011976662));
#1515 = CARTESIAN_POINT('',(108.00000951336,-4.124003374147,
    33.309248403552));
#1516 = CARTESIAN_POINT('',(106.61592626919,-4.040668331716,
    33.581011930804));
#1517 = CARTESIAN_POINT('',(105.95437398115,-3.999000593921,
    33.852775746361));
#1518 = CARTESIAN_POINT('',(105.35381034488,-3.957333856368,
    34.252439609468));
#1519 = CARTESIAN_POINT('',(104.84222442228,-3.915668024271,
    34.76402700201));
#1520 = CARTESIAN_POINT('',(104.44256672334,-3.874002101231,
    35.364585354033));
#1521 = CARTESIAN_POINT('',(104.17080795898,-3.83233548329,
    36.026130510888));
#1522 = CARTESIAN_POINT('',(103.89904965728,-3.749001778596,
    37.410207791058));
#1523 = CARTESIAN_POINT('',(104.17080911972,-3.665668073901,
    38.794284843322));
#1524 = CARTESIAN_POINT('',(104.44256790529,-3.624001455961,
    39.455829646476));
#1525 = CARTESIAN_POINT('',(104.84222299823,-3.58233553292,
    40.056388543483));
#1526 = CARTESIAN_POINT('',(105.35380764342,-3.540669700822,
    40.567978114558));
#1527 = CARTESIAN_POINT('',(105.95437277517,-3.49900296327,
    40.967642794421));
#1528 = CARTESIAN_POINT('',(106.61592620187,-3.457335225477,
    41.239403552133));
#1529 = CARTESIAN_POINT('',(108.00000974206,-3.374000183041,
    41.511162298059));
#1530 = CARTESIAN_POINT('',(109.38407498781,-3.290667537369,
    41.239400490998));
#1531 = CARTESIAN_POINT('',(110.04561101205,-3.249002286397,
    40.967642728452));
#1532 = CARTESIAN_POINT('',(110.6461570492,-3.207337665247,
    40.56798116281));
#1533 = CARTESIAN_POINT('',(111.15776484541,-3.165673049136,
    40.056416010401));
#1534 = CARTESIAN_POINT('',(111.55745938043,-3.12400238865,
    39.455794855267));
#1535 = CARTESIAN_POINT('',(111.8292061091,-3.082327603958,
    38.794243822722));
#1536 = CARTESIAN_POINT('',(111.96507691771,-3.040668861989,
    38.102282720599));
#1537 = CARTESIAN_POINT('',(111.96507886063,-2.999003557187,
    37.410207442534));
#1538 = ADVANCED_FACE('',(#1539),#1584,.F.);
#1539 = FACE_BOUND('',#1540,.F.);
#1540 = EDGE_LOOP('',(#1541,#1577,#1578,#1579));
#1541 = ORIENTED_EDGE('',*,*,#1542,.F.);
#1542 = EDGE_CURVE('',#320,#1543,#1545,.T.);
#1543 = VERTEX_POINT('',#1544);
#1544 = CARTESIAN_POINT('',(113.10000225562,-2.156249656281,
    37.410207628788));
#1545 = B_SPLINE_CURVE_WITH_KNOTS('',9,(#1546,#1547,#1548,#1549,#1550,
    #1551,#1552,#1553,#1554,#1555,#1556,#1557,#1558,#1559,#1560,#1561,
    #1562,#1563,#1564,#1565,#1566,#1567,#1568,#1569,#1570,#1571,#1572,
    #1573,#1574,#1575,#1576),.UNSPECIFIED.,.F.,.F.,(10,7,7,7,10),(0.,
    1.614938419963,3.229876839926,4.844815259889,6.459753679852),
  .UNSPECIFIED.);
#1546 = CARTESIAN_POINT('',(113.1,-3.65625,37.410207612377));
#1547 = CARTESIAN_POINT('',(113.10000086356,-3.614583201742,
    36.52009325729));
#1548 = CARTESIAN_POINT('',(112.92526989754,-3.572915769345,
    35.629974514431));
#1549 = CARTESIAN_POINT('',(112.57567128535,-3.531249887067,
    34.779063434429));
#1550 = CARTESIAN_POINT('',(112.06160322292,-3.489583606363,
    34.006614839223));
#1551 = CARTESIAN_POINT('',(111.40358164819,-3.447916741501,
    33.348584332985));
#1552 = CARTESIAN_POINT('',(110.63113090269,-3.406249877217,
    32.83453070969));
#1553 = CARTESIAN_POINT('',(109.7802396833,-3.364583073748,
    32.484981306175));
#1554 = CARTESIAN_POINT('',(108.00000929807,-3.281249673968,
    32.135431695023));
#1555 = CARTESIAN_POINT('',(106.21976515471,-3.19791650578,
    32.484979890441));
#1556 = CARTESIAN_POINT('',(105.36886077718,-3.156249942612,
    32.834527985149));
#1557 = CARTESIAN_POINT('',(104.59639312551,-3.114583282795,
    33.348585771253));
#1558 = CARTESIAN_POINT('',(103.93837004801,-3.072916535487,
    34.006610754839));
#1559 = CARTESIAN_POINT('',(103.42431807917,-3.031249796967,
    34.77907481485));
#1560 = CARTESIAN_POINT('',(103.07477556916,-2.989583125592,
    35.629972781184));
#1561 = CARTESIAN_POINT('',(102.72523270257,-2.906249828142,
    37.410207643663));
#1562 = CARTESIAN_POINT('',(103.07477604564,-2.822916530692,
    39.190442412588));
#1563 = CARTESIAN_POINT('',(103.42431854979,-2.781249859317,
    40.041340230296));
#1564 = CARTESIAN_POINT('',(103.938369364,-2.739583120796,
    40.813804538045));
#1565 = CARTESIAN_POINT('',(104.59639187055,-2.697916373487,
    41.471830487084));
#1566 = CARTESIAN_POINT('',(105.36886016778,-2.65624971367,
    41.985888644505));
#1567 = CARTESIAN_POINT('',(106.21976503758,-2.614583150504,
    42.335435415659));
#1568 = CARTESIAN_POINT('',(108.00000930432,-2.531249982314,
    42.684981549539));
#1569 = CARTESIAN_POINT('',(109.78023956617,-2.447916582534,
    42.335432743231));
#1570 = CARTESIAN_POINT('',(110.63113126113,-2.406249779088,
    41.9858851015));
#1571 = CARTESIAN_POINT('',(111.40358180072,-2.364582914717,
    41.471833528079));
#1572 = CARTESIAN_POINT('',(112.06160920121,-2.322916050002,
    40.813806309308));
#1573 = CARTESIAN_POINT('',(112.57567256498,-2.28124976916,
    40.041347055333));
#1574 = CARTESIAN_POINT('',(112.92526044738,-2.239583886954,
    39.190440387122));
#1575 = CARTESIAN_POINT('',(113.10000138919,-2.197916454542,
    38.300321983875));
#1576 = CARTESIAN_POINT('',(113.10000225562,-2.156249656281,
    37.410207628788));
#1577 = ORIENTED_EDGE('',*,*,#362,.F.);
#1578 = ORIENTED_EDGE('',*,*,#1434,.T.);
#1579 = ORIENTED_EDGE('',*,*,#1580,.F.);
#1580 = EDGE_CURVE('',#1543,#1435,#1581,.T.);
#1581 = B_SPLINE_CURVE_WITH_KNOTS('',1,(#1582,#1583),.UNSPECIFIED.,.F.,
  .F.,(2,2),(0.,0.1875),.PIECEWISE_BEZIER_KNOTS.);
#1582 = CARTESIAN_POINT('',(113.10000225562,-2.156249656281,
    37.410207628788));
#1583 = CARTESIAN_POINT('',(113.10000290009,-2.34374965628,
    37.410207628788));
#1584 = B_SPLINE_SURFACE_WITH_KNOTS('',1,11,(
    (#1585,#1586,#1587,#1588,#1589,#1590,#1591,#1592,#1593,#1594,#1595
      ,#1596,#1597,#1598,#1599,#1600,#1601,#1602,#1603,#1604,#1605,#1606
      ,#1607,#1608,#1609,#1610,#1611,#1612,#1613,#1614)
    ,(#1615,#1616,#1617,#1618,#1619,#1620,#1621,#1622,#1623,#1624,#1625
      ,#1626,#1627,#1628,#1629,#1630,#1631,#1632,#1633,#1634,#1635,#1636
      ,#1637,#1638,#1639,#1640,#1641,#1642,#1643,#1644
  )),.UNSPECIFIED.,.F.,.F.,.F.,(2,2),(12,9,9,12),(0.,0.1875),(0.,
    1.614938419963,3.229876839926,6.459753679852),.UNSPECIFIED.);
#1585 = CARTESIAN_POINT('',(113.1,-3.65625,37.410207612377));
#1586 = CARTESIAN_POINT('',(113.10000070655,-3.622158983244,
    36.681932230942));
#1587 = CARTESIAN_POINT('',(112.98563148829,-3.588067551414,
    35.953653977512));
#1588 = CARTESIAN_POINT('',(112.75682320221,-3.553976816498,
    35.245335350585));
#1589 = CARTESIAN_POINT('',(112.41752878284,-3.519886312501,
    34.576955179534));
#1590 = CARTESIAN_POINT('',(111.97560971389,-3.485795603347,
    33.967597173012));
#1591 = CARTESIAN_POINT('',(111.44259648757,-3.451704638412,
    33.43458290318));
#1592 = CARTESIAN_POINT('',(110.83324214522,-3.417613574111,
    32.992673067291));
#1593 = CARTESIAN_POINT('',(110.16486892994,-3.38352253552,
    32.65340055857));
#1594 = CARTESIAN_POINT('',(109.4565613689,-3.349431547568,
    32.424604548723));
#1595 = CARTESIAN_POINT('',(108.00000810987,-3.281249693969,
    32.195808323772));
#1596 = CARTESIAN_POINT('',(106.54344584551,-3.213067991958,
    32.424603390395));
#1597 = CARTESIAN_POINT('',(105.8351295846,-3.178977160027,
    32.653398515143));
#1598 = CARTESIAN_POINT('',(105.166744515,-3.144886297573,
    32.992672074969));
#1599 = CARTESIAN_POINT('',(104.55738095013,-3.110795380769,
    33.43458207839));
#1600 = CARTESIAN_POINT('',(104.024366893,-3.076704423204,
    33.967597406595));
#1601 = CARTESIAN_POINT('',(103.58246055709,-3.042613460252,
    34.576959224624));
#1602 = CARTESIAN_POINT('',(103.24319149607,-3.008522522907,
    35.245340221847));
#1603 = CARTESIAN_POINT('',(103.01439998528,-2.974431616964,
    35.953651846664));
#1604 = CARTESIAN_POINT('',(102.67121250202,-2.87215893373,
    38.138485530044));
#1605 = CARTESIAN_POINT('',(103.35758834569,-2.769886250496,
    40.323319075641));
#1606 = CARTESIAN_POINT('',(104.27275792142,-2.701704264232,
    41.620146959716));
#1607 = CARTESIAN_POINT('',(105.58277878359,-2.633522727522,
    42.597523992509));
#1608 = CARTESIAN_POINT('',(107.16231768092,-2.565338976628,
    43.123866077002));
#1609 = CARTESIAN_POINT('',(108.83773650594,-2.497161540509,
    43.123839246032));
#1610 = CARTESIAN_POINT('',(110.41725755321,-2.428977814066,
    42.597501679221));
#1611 = CARTESIAN_POINT('',(111.72706014229,-2.36079175564,
    41.620174388109));
#1612 = CARTESIAN_POINT('',(112.64249813176,-2.292615383639,
    40.323319753347));
#1613 = CARTESIAN_POINT('',(113.10000083783,-2.224431689799,
    38.866758391658));
#1614 = CARTESIAN_POINT('',(113.10000225562,-2.156249656281,
    37.410207628788));
#1615 = CARTESIAN_POINT('',(113.1,-3.84375,37.410207612377));
#1616 = CARTESIAN_POINT('',(113.10000090842,-3.809658983244,
    36.681932184937));
#1617 = CARTESIAN_POINT('',(112.98563265584,-3.775567551414,
    35.953653853777));
#1618 = CARTESIAN_POINT('',(112.7568239937,-3.741476816494,
    35.245334847224));
#1619 = CARTESIAN_POINT('',(112.41752878877,-3.707386312501,
    34.576954972204));
#1620 = CARTESIAN_POINT('',(111.97560945848,-3.673295603351,
    33.967597394989));
#1621 = CARTESIAN_POINT('',(111.44259644914,-3.63920463841,
    33.434583101865));
#1622 = CARTESIAN_POINT('',(110.83324228964,-3.60511357411,
    32.992672955006));
#1623 = CARTESIAN_POINT('',(110.1648690462,-3.571022535521,
    32.653400214114));
#1624 = CARTESIAN_POINT('',(109.45656147233,-3.536931547567,
    32.424604046098));
#1625 = CARTESIAN_POINT('',(108.00000810963,-3.468749693968,
    32.195807746791));
#1626 = CARTESIAN_POINT('',(106.54344576488,-3.400567991958,
    32.424603035996));
#1627 = CARTESIAN_POINT('',(105.83512949769,-3.366477160027,
    32.653398315436));
#1628 = CARTESIAN_POINT('',(105.16674444856,-3.332386297573,
    32.992671956979));
#1629 = CARTESIAN_POINT('',(104.55738087106,-3.298295380769,
    33.434581948463));
#1630 = CARTESIAN_POINT('',(104.02436673019,-3.264204423203,
    33.967597231823));
#1631 = CARTESIAN_POINT('',(103.58246027233,-3.230113460252,
    34.576959037813));
#1632 = CARTESIAN_POINT('',(103.24319112874,-3.196022522906,
    35.245340072382));
#1633 = CARTESIAN_POINT('',(103.01439961391,-3.161931616964,
    35.95365175481));
#1634 = CARTESIAN_POINT('',(102.67121219351,-3.05965893373,
    38.138485589512));
#1635 = CARTESIAN_POINT('',(103.35758816509,-2.957386250496,
    40.323319246592));
#1636 = CARTESIAN_POINT('',(104.27275820475,-2.889204264236,
    41.620147759546));
#1637 = CARTESIAN_POINT('',(105.58277553389,-2.821022727502,
    42.597521131302));
#1638 = CARTESIAN_POINT('',(107.1623217401,-2.752838976668,
    43.123876919463));
#1639 = CARTESIAN_POINT('',(108.83773596752,-2.684661540457,
    43.12382342147));
#1640 = CARTESIAN_POINT('',(110.41725230824,-2.616477814118,
    42.597513047254));
#1641 = CARTESIAN_POINT('',(111.72706796463,-2.548291755603,
    41.620172136944));
#1642 = CARTESIAN_POINT('',(112.64249485569,-2.480115383651,
    40.32331981064));
#1643 = CARTESIAN_POINT('',(113.10000107855,-2.411931689799,
    38.866758483667));
#1644 = CARTESIAN_POINT('',(113.10000290009,-2.34374965628,
    37.410207628788));
#1645 = ADVANCED_FACE('',(#1646),#1732,.F.);
#1646 = FACE_BOUND('',#1647,.F.);
#1647 = EDGE_LOOP('',(#1648,#1649,#1650,#1657));
#1648 = ORIENTED_EDGE('',*,*,#319,.F.);
#1649 = ORIENTED_EDGE('',*,*,#1542,.T.);
#1650 = ORIENTED_EDGE('',*,*,#1651,.F.);
#1651 = EDGE_CURVE('',#1652,#1543,#1654,.T.);
#1652 = VERTEX_POINT('',#1653);
#1653 = CARTESIAN_POINT('',(112.5,-1.809840942204,37.410207571349));
#1654 = B_SPLINE_CURVE_WITH_KNOTS('',1,(#1655,#1656),.UNSPECIFIED.,.F.,
  .F.,(2,2),(0.,1.3105),.PIECEWISE_BEZIER_KNOTS.);
#1655 = CARTESIAN_POINT('',(111.96507371178,-1.501003557196,
    37.410207442533));
#1656 = CARTESIAN_POINT('',(113.10000225562,-2.156249656281,
    37.410207628788));
#1657 = ORIENTED_EDGE('',*,*,#1658,.F.);
#1658 = EDGE_CURVE('',#311,#1652,#1659,.T.);
#1659 = B_SPLINE_CURVE_WITH_KNOTS('',8,(#1660,#1661,#1662,#1663,#1664,
    #1665,#1666,#1667,#1668,#1669,#1670,#1671,#1672,#1673,#1674,#1675,
    #1676,#1677,#1678,#1679,#1680,#1681,#1682,#1683,#1684,#1685,#1686,
    #1687,#1688,#1689,#1690,#1691,#1692,#1693,#1694,#1695,#1696,#1697,
    #1698,#1699,#1700,#1701,#1702,#1703,#1704,#1705,#1706,#1707,#1708,
    #1709,#1710,#1711,#1712,#1713,#1714,#1715,#1716,#1717,#1718,#1719,
    #1720,#1721,#1722,#1723,#1724,#1725,#1726,#1727,#1728,#1729,#1730,
    #1731),.UNSPECIFIED.,.F.,.F.,(9,7,7,7,7,7,7,7,7,7,9),(0.,
    2.091526663613E-02,0.214371550215,0.372351979518,0.399418593375,
    0.529227352004,0.668398445558,0.731897707719,0.83296922632,
    0.943742358499,1.),.UNSPECIFIED.);
#1660 = CARTESIAN_POINT('',(109.21545590188,-3.000133324509,
    33.077464030006));
#1661 = CARTESIAN_POINT('',(109.15898773238,-2.997021925973,
    33.06162312723));
#1662 = CARTESIAN_POINT('',(109.10228360351,-2.993910532321,
    33.046623298475));
#1663 = CARTESIAN_POINT('',(109.04535814076,-2.990799143136,
    33.032468647794));
#1664 = CARTESIAN_POINT('',(108.98822604472,-2.987687758226,
    33.019162971043));
#1665 = CARTESIAN_POINT('',(108.93090209109,-2.984576377625,
    33.006709755881));
#1666 = CARTESIAN_POINT('',(108.87340113069,-2.981465001595,
    32.995112181771));
#1667 = CARTESIAN_POINT('',(108.81573808946,-2.978353630623,
    32.984373119978));
#1668 = CARTESIAN_POINT('',(108.2232118035,-2.946463614934,
    32.883128450421));
#1669 = CARTESIAN_POINT('',(107.67519155455,-2.917646795707,
    32.865307121531));
#1670 = CARTESIAN_POINT('',(107.12680043258,-2.888852652063,
    32.923592535172));
#1671 = CARTESIAN_POINT('',(106.59026224854,-2.860071124552,
    33.057186191429));
#1672 = CARTESIAN_POINT('',(106.07727008825,-2.831289119513,
    33.263485780098));
#1673 = CARTESIAN_POINT('',(105.59882263279,-2.802493582431,
    33.537744803408));
#1674 = CARTESIAN_POINT('',(105.16529108306,-2.773675867238,
    33.873444319678));
#1675 = CARTESIAN_POINT('',(104.47563035805,-2.721395967445,
    34.577354311828));
#1676 = CARTESIAN_POINT('',(104.20102346221,-2.697881100853,
    34.928849186318));
#1677 = CARTESIAN_POINT('',(103.96677067805,-2.67437433686,
    35.310518519784));
#1678 = CARTESIAN_POINT('',(103.77659717522,-2.650873708579,
    35.716871197506));
#1679 = CARTESIAN_POINT('',(103.63337580385,-2.627373034006,
    36.142048965145));
#1680 = CARTESIAN_POINT('',(103.539076534,-2.603866345607,
    36.579831549586));
#1681 = CARTESIAN_POINT('',(103.4947994468,-2.580351480732,
    37.023675268602));
#1682 = CARTESIAN_POINT('',(103.50130533684,-2.552823691245,
    37.542520331613));
#1683 = CARTESIAN_POINT('',(103.50371977496,-2.548797216699,
    37.618392924399));
#1684 = CARTESIAN_POINT('',(103.50759662647,-2.544770726481,
    37.69421426908));
#1685 = CARTESIAN_POINT('',(103.51293459058,-2.540744221778,
    37.769951461717));
#1686 = CARTESIAN_POINT('',(103.5197314815,-2.536717703563,
    37.845571676806));
#1687 = CARTESIAN_POINT('',(103.52798422847,-2.532691172589,
    37.921042167274));
#1688 = CARTESIAN_POINT('',(103.53768887574,-2.528664629391,
    37.996330264482));
#1689 = CARTESIAN_POINT('',(103.60232304735,-2.50532712085,
    38.431446483468));
#1690 = CARTESIAN_POINT('',(103.68910404131,-2.486010716657,
    38.786644377433));
#1691 = CARTESIAN_POINT('',(103.808657381,-2.466696438107,
    39.133252345638));
#1692 = CARTESIAN_POINT('',(103.95994625446,-2.447385009157,
    39.467755633076));
#1693 = CARTESIAN_POINT('',(104.14151906991,-2.428073709016,
    39.786835683705));
#1694 = CARTESIAN_POINT('',(104.35154546306,-2.408759784788,
    40.087366851648));
#1695 = CARTESIAN_POINT('',(104.58779246277,-2.389443869083,
    40.366443584096));
#1696 = CARTESIAN_POINT('',(105.12602327442,-2.349430186809,
    40.894823806212));
#1697 = CARTESIAN_POINT('',(105.43170130079,-2.328719853735,
    41.140706810907));
#1698 = CARTESIAN_POINT('',(105.76126371072,-2.308013656462,
    41.355772756709));
#1699 = CARTESIAN_POINT('',(106.11103907432,-2.287310897035,
    41.537372351493));
#1700 = CARTESIAN_POINT('',(106.47709478984,-2.266608027432,
    41.683401296169));
#1701 = CARTESIAN_POINT('',(106.85526800193,-2.24590156578,
    41.792258743083));
#1702 = CARTESIAN_POINT('',(107.24115421703,-2.225190983809,
    41.862897255275));
#1703 = CARTESIAN_POINT('',(107.80753346382,-2.195041493653,
    41.909614328435));
#1704 = CARTESIAN_POINT('',(107.98565207485,-2.185595088285,
    41.916226809761));
#1705 = CARTESIAN_POINT('',(108.16400801262,-2.176148723767,
    41.914779703577));
#1706 = CARTESIAN_POINT('',(108.34217539559,-2.166702430119,
    41.905264912364));
#1707 = CARTESIAN_POINT('',(108.51973006761,-2.157256143564,
    41.8877012189));
#1708 = CARTESIAN_POINT('',(108.69624991546,-2.147809800965,
    41.86213426275));
#1709 = CARTESIAN_POINT('',(108.87131518632,-2.138363434277,
    41.828636516743));
#1710 = CARTESIAN_POINT('',(109.32018038785,-2.113881835542,
    41.721523658276));
#1711 = CARTESIAN_POINT('',(109.59114511259,-2.098845024215,
    41.635891103195));
#1712 = CARTESIAN_POINT('',(109.85569323076,-2.083809046909,
    41.530810483818));
#1713 = CARTESIAN_POINT('',(110.11219951225,-2.068774069863,
    41.406856462879));
#1714 = CARTESIAN_POINT('',(110.35911534896,-2.05373918689,
    41.264755605079));
#1715 = CARTESIAN_POINT('',(110.59496802832,-2.038703429178,
    41.105378078155));
#1716 = CARTESIAN_POINT('',(110.81836717721,-2.023666807609,
    40.929742930171));
#1717 = CARTESIAN_POINT('',(111.25779349308,-1.992152753624,
    40.530025543872));
#1718 = CARTESIAN_POINT('',(111.47111396819,-1.975671369524,
    40.302857267023));
#1719 = CARTESIAN_POINT('',(111.66625305785,-1.959190574147,
    40.059086832565));
#1720 = CARTESIAN_POINT('',(111.84171964232,-1.942710451471,
    39.800428439362));
#1721 = CARTESIAN_POINT('',(111.99622754919,-1.926229813102,
    39.528730174008));
#1722 = CARTESIAN_POINT('',(112.12868723889,-1.909747874563,
    39.245962402739));
#1723 = CARTESIAN_POINT('',(112.23821985238,-1.893265625408,
    38.954220146331));
#1724 = CARTESIAN_POINT('',(112.3678565684,-1.868417944901,
    38.504151951421));
#1725 = CARTESIAN_POINT('',(112.40544669933,-1.860049209446,
    38.35081366017));
#1726 = CARTESIAN_POINT('',(112.43688175944,-1.851680833649,
    38.196010549765));
#1727 = CARTESIAN_POINT('',(112.46209587507,-1.843312843402,
    38.04003123492));
#1728 = CARTESIAN_POINT('',(112.48103957571,-1.834945142284,
    37.883166805345));
#1729 = CARTESIAN_POINT('',(112.49367981636,-1.826577510217,
    37.725710671558));
#1730 = CARTESIAN_POINT('',(112.5,-1.818209602119,37.567958410706));
#1731 = CARTESIAN_POINT('',(112.5,-1.809840946557,37.410207612377));
#1732 = B_SPLINE_SURFACE_WITH_KNOTS('',1,9,(
    (#1733,#1734,#1735,#1736,#1737,#1738,#1739,#1740,#1741,#1742,#1743
      ,#1744,#1745,#1746,#1747,#1748,#1749,#1750,#1751,#1752,#1753,#1754
      ,#1755,#1756,#1757,#1758,#1759,#1760,#1761,#1762,#1763)
    ,(#1764,#1765,#1766,#1767,#1768,#1769,#1770,#1771,#1772,#1773,#1774
      ,#1775,#1776,#1777,#1778,#1779,#1780,#1781,#1782,#1783,#1784,#1785
      ,#1786,#1787,#1788,#1789,#1790,#1791,#1792,#1793,#1794
  )),.UNSPECIFIED.,.F.,.F.,.F.,(2,2),(10,7,7,7,10),(0.,1.3105),(0.,
    1.614938419963,3.229876839926,4.844815259889,6.459753679852),
  .UNSPECIFIED.);
#1733 = CARTESIAN_POINT('',(111.96507370834,-3.001,37.410207612377));
#1734 = CARTESIAN_POINT('',(111.96507370965,-2.959334695205,
    36.718132783536));
#1735 = CARTESIAN_POINT('',(111.82921435724,-2.917675953272,
    36.026171749237));
#1736 = CARTESIAN_POINT('',(111.55745551101,-2.876001168478,
    35.364616117087));
#1737 = CARTESIAN_POINT('',(111.15775583693,-2.834330508139,
    34.764007552249));
#1738 = CARTESIAN_POINT('',(110.64615500656,-2.792665891865,
    34.252438999282));
#1739 = CARTESIAN_POINT('',(110.04560910502,-2.751001270821,
    33.852775378962));
#1740 = CARTESIAN_POINT('',(109.38407404089,-2.709336019826,
    33.581015810864));
#1741 = CARTESIAN_POINT('',(108.00000953986,-2.626003374155,
    33.30925332626));
#1742 = CARTESIAN_POINT('',(106.61592705224,-2.542668331717,
    33.581014317624));
#1743 = CARTESIAN_POINT('',(105.95437463058,-2.501000593921,
    33.852776442994));
#1744 = CARTESIAN_POINT('',(105.35381064556,-2.459333856368,
    34.252440467572));
#1745 = CARTESIAN_POINT('',(104.84222570436,-2.417668024273,
    34.764028627431));
#1746 = CARTESIAN_POINT('',(104.4425695799,-2.376002101234,
    35.364586870373));
#1747 = CARTESIAN_POINT('',(104.17081099554,-2.334335483294,
    36.02613142679));
#1748 = CARTESIAN_POINT('',(103.89905231993,-2.251001778598,
    37.41020770027));
#1749 = CARTESIAN_POINT('',(104.17081105556,-2.167668073902,
    38.794283961964));
#1750 = CARTESIAN_POINT('',(104.44256966825,-2.126001455962,
    39.455828506512));
#1751 = CARTESIAN_POINT('',(104.84222581668,-2.084335532923,
    40.056386732711));
#1752 = CARTESIAN_POINT('',(105.35381077893,-2.042669700828,
    40.567974872124));
#1753 = CARTESIAN_POINT('',(105.95437478206,-2.001002963275,
    40.967638871541));
#1754 = CARTESIAN_POINT('',(106.6159272161,-1.959335225479,
    41.239400966549));
#1755 = CARTESIAN_POINT('',(108.00000971556,-1.876000183041,
    41.511161895471));
#1756 = CARTESIAN_POINT('',(109.38407420476,-1.79266753737,41.2393993528
    ));
#1757 = CARTESIAN_POINT('',(110.04560925797,-1.751002286375,
    40.967639759049));
#1758 = CARTESIAN_POINT('',(110.64615514208,-1.70933766533,
    40.567976116129));
#1759 = CARTESIAN_POINT('',(111.15775595942,-1.667673049057,
    40.056407546266));
#1760 = CARTESIAN_POINT('',(111.55745560061,-1.626002388718,
    39.455798948038));
#1761 = CARTESIAN_POINT('',(111.82921440211,-1.584327603924,
    38.794243310973));
#1762 = CARTESIAN_POINT('',(111.9650737401,-1.542668861991,
    38.102282271374));
#1763 = CARTESIAN_POINT('',(111.96507371178,-1.501003557196,
    37.410207442533));
#1764 = CARTESIAN_POINT('',(113.1,-3.65625,37.410207612377));
#1765 = CARTESIAN_POINT('',(113.10000086356,-3.614583201742,
    36.52009325729));
#1766 = CARTESIAN_POINT('',(112.92526989754,-3.572915769345,
    35.629974514431));
#1767 = CARTESIAN_POINT('',(112.57567128535,-3.531249887067,
    34.779063434429));
#1768 = CARTESIAN_POINT('',(112.06160322292,-3.489583606363,
    34.006614839223));
#1769 = CARTESIAN_POINT('',(111.40358164819,-3.447916741501,
    33.348584332985));
#1770 = CARTESIAN_POINT('',(110.63113090269,-3.406249877217,
    32.83453070969));
#1771 = CARTESIAN_POINT('',(109.7802396833,-3.364583073748,
    32.484981306175));
#1772 = CARTESIAN_POINT('',(108.00000929807,-3.281249673968,
    32.135431695023));
#1773 = CARTESIAN_POINT('',(106.21976515471,-3.19791650578,
    32.484979890441));
#1774 = CARTESIAN_POINT('',(105.36886077718,-3.156249942612,
    32.834527985149));
#1775 = CARTESIAN_POINT('',(104.59639312551,-3.114583282795,
    33.348585771253));
#1776 = CARTESIAN_POINT('',(103.93837004801,-3.072916535487,
    34.006610754839));
#1777 = CARTESIAN_POINT('',(103.42431807917,-3.031249796967,
    34.77907481485));
#1778 = CARTESIAN_POINT('',(103.07477556916,-2.989583125592,
    35.629972781184));
#1779 = CARTESIAN_POINT('',(102.72523270257,-2.906249828142,
    37.410207643663));
#1780 = CARTESIAN_POINT('',(103.07477604564,-2.822916530692,
    39.190442412588));
#1781 = CARTESIAN_POINT('',(103.42431854979,-2.781249859317,
    40.041340230296));
#1782 = CARTESIAN_POINT('',(103.938369364,-2.739583120796,
    40.813804538045));
#1783 = CARTESIAN_POINT('',(104.59639187055,-2.697916373487,
    41.471830487084));
#1784 = CARTESIAN_POINT('',(105.36886016778,-2.65624971367,
    41.985888644505));
#1785 = CARTESIAN_POINT('',(106.21976503758,-2.614583150504,
    42.335435415659));
#1786 = CARTESIAN_POINT('',(108.00000930432,-2.531249982314,
    42.684981549539));
#1787 = CARTESIAN_POINT('',(109.78023956617,-2.447916582534,
    42.335432743231));
#1788 = CARTESIAN_POINT('',(110.63113126113,-2.406249779088,
    41.9858851015));
#1789 = CARTESIAN_POINT('',(111.40358180072,-2.364582914717,
    41.471833528079));
#1790 = CARTESIAN_POINT('',(112.06160920121,-2.322916050002,
    40.813806309308));
#1791 = CARTESIAN_POINT('',(112.57567256498,-2.28124976916,
    40.041347055333));
#1792 = CARTESIAN_POINT('',(112.92526044738,-2.239583886954,
    39.190440387122));
#1793 = CARTESIAN_POINT('',(113.10000138919,-2.197916454542,
    38.300321983875));
#1794 = CARTESIAN_POINT('',(113.10000225562,-2.156249656281,
    37.410207628788));
#1795 = ADVANCED_FACE('',(#1796),#1898,.F.);
#1796 = FACE_BOUND('',#1797,.F.);
#1797 = EDGE_LOOP('',(#1798,#1799,#1800,#1801,#1809));
#1798 = ORIENTED_EDGE('',*,*,#1398,.F.);
#1799 = ORIENTED_EDGE('',*,*,#310,.F.);
#1800 = ORIENTED_EDGE('',*,*,#1658,.T.);
#1801 = ORIENTED_EDGE('',*,*,#1802,.T.);
#1802 = EDGE_CURVE('',#1652,#1803,#1805,.T.);
#1803 = VERTEX_POINT('',#1804);
#1804 = CARTESIAN_POINT('',(112.49999999999,-1.190168322321,
    37.41020753032));
#1805 = LINE('',#1806,#1807);
#1806 = CARTESIAN_POINT('',(112.5,-3.,37.410207612377));
#1807 = VECTOR('',#1808,1.);
#1808 = DIRECTION('',(0.,1.,-2.2E-16));
#1809 = ORIENTED_EDGE('',*,*,#1810,.F.);
#1810 = EDGE_CURVE('',#1399,#1803,#1811,.T.);
#1811 = B_SPLINE_CURVE_WITH_KNOTS('',7,(#1812,#1813,#1814,#1815,#1816,
    #1817,#1818,#1819,#1820,#1821,#1822,#1823,#1824,#1825,#1826,#1827,
    #1828,#1829,#1830,#1831,#1832,#1833,#1834,#1835,#1836,#1837,#1838,
    #1839,#1840,#1841,#1842,#1843,#1844,#1845,#1846,#1847,#1848,#1849,
    #1850,#1851,#1852,#1853,#1854,#1855,#1856,#1857,#1858,#1859,#1860,
    #1861,#1862,#1863,#1864,#1865,#1866,#1867,#1868,#1869,#1870,#1871,
    #1872,#1873,#1874,#1875,#1876,#1877,#1878,#1879,#1880,#1881,#1882,
    #1883,#1884,#1885,#1886,#1887,#1888,#1889,#1890,#1891,#1892,#1893,
    #1894,#1895,#1896,#1897),.UNSPECIFIED.,.F.,.F.,(8,6,6,6,6,6,6,6,6,6,
    6,6,6,6,8),(0.,4.749883793078E-02,8.481381031592E-02,0.204725311011,
    0.227036935232,0.285430161584,0.379639213556,0.484344435524,
    0.504639685689,0.625505980343,0.746054001554,0.802319151908,
    0.867810074611,0.958505723231,1.),.UNSPECIFIED.);
#1812 = CARTESIAN_POINT('',(112.5,-2.690164241902,37.410207530321));
#1813 = CARTESIAN_POINT('',(112.4999999965,-2.679987508489,
    37.218368753076));
#1814 = CARTESIAN_POINT('',(112.49045850396,-2.669812212512,
    37.026527293407));
#1815 = CARTESIAN_POINT('',(112.47137580739,-2.659637173488,
    36.835257365747));
#1816 = CARTESIAN_POINT('',(112.44279439864,-2.649461664726,
    36.645127716274));
#1817 = CARTESIAN_POINT('',(112.40479888298,-2.639285364194,
    36.456701043384));
#1818 = CARTESIAN_POINT('',(112.35751588556,-2.629108305387,
    36.270533418157));
#1819 = CARTESIAN_POINT('',(112.25680473985,-2.610935426687,
    35.943126756796));
#1820 = CARTESIAN_POINT('',(112.20686692656,-2.602939654211,
    35.80081018105));
#1821 = CARTESIAN_POINT('',(112.15138226497,-2.594943605009,
    35.660489429628));
#1822 = CARTESIAN_POINT('',(112.09044731362,-2.586947369913,
    35.522423401716));
#1823 = CARTESIAN_POINT('',(112.02417344268,-2.578951036344,
    35.386864443653));
#1824 = CARTESIAN_POINT('',(111.95268683395,-2.570954688315,
    35.254058348927));
#1825 = CARTESIAN_POINT('',(111.63010854792,-2.537262389508,
    34.707087666207));
#1826 = CARTESIAN_POINT('',(111.33156690144,-2.511551891074,
    34.320579324291));
#1827 = CARTESIAN_POINT('',(110.98531803025,-2.485856430632,
    33.973115377641));
#1828 = CARTESIAN_POINT('',(110.59763676356,-2.460166444721,
    33.671489966941));
#1829 = CARTESIAN_POINT('',(110.17571050632,-2.434472908325,
    33.421294876715));
#1830 = CARTESIAN_POINT('',(109.72766721902,-2.408766360702,
    33.226941957741));
#1831 = CARTESIAN_POINT('',(109.17633781495,-2.378293620647,
    33.065745670179));
#1832 = CARTESIAN_POINT('',(109.08925572533,-2.373513107741,
    33.042478213042));
#1833 = CARTESIAN_POINT('',(109.00163954422,-2.36873257236,
    33.021247979077));
#1834 = CARTESIAN_POINT('',(108.91354647635,-2.363952015225,
    33.002069539517));
#1835 = CARTESIAN_POINT('',(108.82503417342,-2.359171438046,
    32.984955445186));
#1836 = CARTESIAN_POINT('',(108.73616073412,-2.354390843521,
    32.969916226503));
#1837 = CARTESIAN_POINT('',(108.41359622226,-2.337098589691,
    32.923052826604));
#1838 = CARTESIAN_POINT('',(108.17812657315,-2.324586412296,
    32.903414271229));
#1839 = CARTESIAN_POINT('',(107.94163645542,-2.312074471129,
    32.898200568634));
#1840 = CARTESIAN_POINT('',(107.70518475418,-2.299562708565,
    32.9074642449));
#1841 = CARTESIAN_POINT('',(107.46982739935,-2.287050782594,
    32.931163927788));
#1842 = CARTESIAN_POINT('',(107.23661587318,-2.274538612875,
    32.969164417008));
#1843 = CARTESIAN_POINT('',(106.63549044353,-2.241841137844,
    33.105223537555));
#1844 = CARTESIAN_POINT('',(106.27258793407,-2.221651081262,
    33.225846899965));
#1845 = CARTESIAN_POINT('',(105.92237899106,-2.201464547748,
    33.382110047375));
#1846 = CARTESIAN_POINT('',(105.58900438142,-2.181280255051,
    33.572346334791));
#1847 = CARTESIAN_POINT('',(105.2763144619,-2.161093842306,33.7943586053
    ));
#1848 = CARTESIAN_POINT('',(104.98785052515,-2.140903920326,
    34.045429815521));
#1849 = CARTESIAN_POINT('',(104.43655408139,-2.098283479331,
    34.62979686038));
#1850 = CARTESIAN_POINT('',(104.1799861558,-2.075840950435,
    34.969319644767));
#1851 = CARTESIAN_POINT('',(103.96144948486,-2.053403508995,
    35.336170227979));
#1852 = CARTESIAN_POINT('',(103.78428146319,-2.030969276581,
    35.725203584329));
#1853 = CARTESIAN_POINT('',(103.6510041058,-2.008531506277,
    36.13088177126));
#1854 = CARTESIAN_POINT('',(103.56330776336,-1.986088471887,
    36.547309690327));
#1855 = CARTESIAN_POINT('',(103.51371336736,-1.959304667849,
    37.049720312681));
#1856 = CARTESIAN_POINT('',(103.50739464685,-1.954956027748,
    37.131463539728));
#1857 = CARTESIAN_POINT('',(103.50281378992,-1.950607402996,
    37.213333651909));
#1858 = CARTESIAN_POINT('',(103.49997374995,-1.946258794048,
    37.295286327143));
#1859 = CARTESIAN_POINT('',(103.49887606461,-1.941910201967,
    37.377277177159));
#1860 = CARTESIAN_POINT('',(103.4995208558,-1.93756162842,
    37.459261747497));
#1861 = CARTESIAN_POINT('',(103.51611625415,-1.907315712875,
    38.029143737275));
#1862 = CARTESIAN_POINT('',(103.59208958648,-1.881403446454,
    38.51558591969));
#1863 = CARTESIAN_POINT('',(103.72966168403,-1.85550479321,
    38.990603161257));
#1864 = CARTESIAN_POINT('',(103.92654387038,-1.82960999327,
    39.445003533939));
#1865 = CARTESIAN_POINT('',(104.17902905349,-1.803711369479,
    39.87023123218));
#1866 = CARTESIAN_POINT('',(104.48197608349,-1.777799099217,
    40.258330327289));
#1867 = CARTESIAN_POINT('',(105.17363449838,-1.726072660613,
    40.945557664201));
#1868 = CARTESIAN_POINT('',(105.56252893451,-1.700227654785,
    41.245325883951));
#1869 = CARTESIAN_POINT('',(105.98805123979,-1.674394930149,
    41.494680985595));
#1870 = CARTESIAN_POINT('',(106.44227955003,-1.648565608938,
    41.688568006588));
#1871 = CARTESIAN_POINT('',(106.91670529586,-1.622733056748,
    41.823355061404));
#1872 = CARTESIAN_POINT('',(107.40219810485,-1.596888136984,
    41.896818228741));
#1873 = CARTESIAN_POINT('',(108.11609379473,-1.559003207993,
    41.914445834477));
#1874 = CARTESIAN_POINT('',(108.34360540622,-1.546947256998,
    41.906671417193));
#1875 = CARTESIAN_POINT('',(108.5704962765,-1.534891623507,
    41.885488141091));
#1876 = CARTESIAN_POINT('',(108.7958201913,-1.522836177765,
    41.850958901943));
#1877 = CARTESIAN_POINT('',(109.01864262976,-1.510780555569,
    41.803226912437));
#1878 = CARTESIAN_POINT('',(109.23804197513,-1.498724639299,
    41.742515514888));
#1879 = CARTESIAN_POINT('',(109.70344665228,-1.472636659157,
    41.583723187961));
#1880 = CARTESIAN_POINT('',(109.94793760352,-1.458603489705,
    41.48113962493));
#1881 = CARTESIAN_POINT('',(110.18514736985,-1.444570788305,
    41.361871572378));
#1882 = CARTESIAN_POINT('',(110.41371952441,-1.430538373555,
    41.226550777188));
#1883 = CARTESIAN_POINT('',(110.63237153932,-1.416505606917,
    41.075936528637));
#1884 = CARTESIAN_POINT('',(110.83989718636,-1.402472364204,
    40.910914229013));
#1885 = CARTESIAN_POINT('',(111.3056150981,-1.369007124908,
    40.485445138794));
#1886 = CARTESIAN_POINT('',(111.55264106582,-1.349570832708,
    40.212649770775));
#1887 = CARTESIAN_POINT('',(111.77321954915,-1.330137575745,
    39.916867246585));
#1888 = CARTESIAN_POINT('',(111.96485548981,-1.310706657335,
    39.601200366391));
#1889 = CARTESIAN_POINT('',(112.12549605633,-1.291274220673,
    39.269030581456));
#1890 = CARTESIAN_POINT('',(112.25353967936,-1.271838363467,
    38.924003172605));
#1891 = CARTESIAN_POINT('',(112.39114894571,-1.243514545734,
    38.4081536817));
#1892 = CARTESIAN_POINT('',(112.42730923921,-1.234623480071,
    38.244350936227));
#1893 = CARTESIAN_POINT('',(112.45633606896,-1.225732294594,
    38.079039232334));
#1894 = CARTESIAN_POINT('',(112.47815558625,-1.216841005973,
    37.912591387035));
#1895 = CARTESIAN_POINT('',(112.49271847867,-1.207949676841,
    37.74538356275));
#1896 = CARTESIAN_POINT('',(112.5,-1.199058574735,37.577794977047));
#1897 = CARTESIAN_POINT('',(112.5,-1.190168331022,37.410207612377));
#1898 = CYLINDRICAL_SURFACE('',#1899,4.5);
#1899 = AXIS2_PLACEMENT_3D('',#1900,#1901,#1902);
#1900 = CARTESIAN_POINT('',(108.,-3.,37.410207612377));
#1901 = DIRECTION('',(0.,-1.,2.2E-16));
#1902 = DIRECTION('',(1.,0.,0.));
#1903 = ADVANCED_FACE('',(#1904),#1923,.F.);
#1904 = FACE_BOUND('',#1905,.F.);
#1905 = EDGE_LOOP('',(#1906,#1914,#1915,#1916));
#1906 = ORIENTED_EDGE('',*,*,#1907,.F.);
#1907 = EDGE_CURVE('',#431,#1908,#1910,.T.);
#1908 = VERTEX_POINT('',#1909);
#1909 = CARTESIAN_POINT('',(117.,1.,54.));
#1910 = LINE('',#1911,#1912);
#1911 = CARTESIAN_POINT('',(117.,-3.,54.));
#1912 = VECTOR('',#1913,1.);
#1913 = DIRECTION('',(0.,1.,-2.2E-16));
#1914 = ORIENTED_EDGE('',*,*,#430,.F.);
#1915 = ORIENTED_EDGE('',*,*,#1907,.T.);
#1916 = ORIENTED_EDGE('',*,*,#1917,.T.);
#1917 = EDGE_CURVE('',#1908,#1908,#1918,.T.);
#1918 = CIRCLE('',#1919,9.);
#1919 = AXIS2_PLACEMENT_3D('',#1920,#1921,#1922);
#1920 = CARTESIAN_POINT('',(108.,1.,54.));
#1921 = DIRECTION('',(0.,-1.,2.2E-16));
#1922 = DIRECTION('',(1.,0.,0.));
#1923 = CYLINDRICAL_SURFACE('',#1924,9.);
#1924 = AXIS2_PLACEMENT_3D('',#1925,#1926,#1927);
#1925 = CARTESIAN_POINT('',(108.,-3.,54.));
#1926 = DIRECTION('',(0.,-1.,2.2E-16));
#1927 = DIRECTION('',(1.,0.,0.));
#1928 = ADVANCED_FACE('',(#1929),#1960,.F.);
#1929 = FACE_BOUND('',#1930,.F.);
#1930 = EDGE_LOOP('',(#1931,#1932,#1940));
#1931 = ORIENTED_EDGE('',*,*,#441,.F.);
#1932 = ORIENTED_EDGE('',*,*,#1933,.T.);
#1933 = EDGE_CURVE('',#442,#1934,#1936,.T.);
#1934 = VERTEX_POINT('',#1935);
#1935 = CARTESIAN_POINT('',(112.5,-2.690164241902,69.910207571349));
#1936 = LINE('',#1937,#1938);
#1937 = CARTESIAN_POINT('',(112.5,-3.,69.910207612377));
#1938 = VECTOR('',#1939,1.);
#1939 = DIRECTION('',(0.,1.,-2.2E-16));
#1940 = ORIENTED_EDGE('',*,*,#1941,.F.);
#1941 = EDGE_CURVE('',#444,#1934,#1942,.T.);
#1942 = B_SPLINE_CURVE_WITH_KNOTS('',6,(#1943,#1944,#1945,#1946,#1947,
    #1948,#1949,#1950,#1951,#1952,#1953,#1954,#1955,#1956,#1957,#1958,
    #1959),.UNSPECIFIED.,.F.,.F.,(7,5,5,7),(0.,0.361092262795,
    0.795218446271,1.),.UNSPECIFIED.);
#1943 = CARTESIAN_POINT('',(109.21065355925,-3.000133324509,
    74.24429551636));
#1944 = CARTESIAN_POINT('',(109.5493099795,-2.981479403423,
    74.149697619526));
#1945 = CARTESIAN_POINT('',(109.87913202552,-2.962823453093,
    74.023335431266));
#1946 = CARTESIAN_POINT('',(110.196314335,-2.944169647933,
    73.866258987594));
#1947 = CARTESIAN_POINT('',(110.49735688837,-2.925515691497,
    73.680110429343));
#1948 = CARTESIAN_POINT('',(110.77901449205,-2.906859496421,
    73.466991999072));
#1949 = CARTESIAN_POINT('',(111.35021079531,-2.865778632504,
    72.944148160117));
#1950 = CARTESIAN_POINT('',(111.62993123428,-2.843347192682,
    72.623500689378));
#1951 = CARTESIAN_POINT('',(111.87240900945,-2.820921948215,
    72.272286902725));
#1952 = CARTESIAN_POINT('',(112.07371466463,-2.798497767839,
    71.895959065804));
#1953 = CARTESIAN_POINT('',(112.23079865423,-2.776067003037,
    71.500506367105));
#1954 = CARTESIAN_POINT('',(112.39427348307,-2.743060952203,
    70.900220112993));
#1955 = CARTESIAN_POINT('',(112.43643941355,-2.732481537256,
    70.705028991783));
#1956 = CARTESIAN_POINT('',(112.46818837373,-2.721901997203,
    70.507734156144));
#1957 = CARTESIAN_POINT('',(112.48939602289,-2.711322278265,
    70.309029654257));
#1958 = CARTESIAN_POINT('',(112.5,-2.700742635631,70.109617713479));
#1959 = CARTESIAN_POINT('',(112.5,-2.690164246255,69.910207612377));
#1960 = CYLINDRICAL_SURFACE('',#1961,4.5);
#1961 = AXIS2_PLACEMENT_3D('',#1962,#1963,#1964);
#1962 = CARTESIAN_POINT('',(108.,-3.,69.910207612377));
#1963 = DIRECTION('',(0.,-1.,2.2E-16));
#1964 = DIRECTION('',(1.,0.,0.));
#1965 = ADVANCED_FACE('',(#1966),#2010,.F.);
#1966 = FACE_BOUND('',#1967,.F.);
#1967 = EDGE_LOOP('',(#1968,#2003,#2004,#2005));
#1968 = ORIENTED_EDGE('',*,*,#1969,.F.);
#1969 = EDGE_CURVE('',#505,#1970,#1972,.T.);
#1970 = VERTEX_POINT('',#1971);
#1971 = CARTESIAN_POINT('',(113.10000290009,-2.34374965628,
    69.910207628788));
#1972 = B_SPLINE_CURVE_WITH_KNOTS('',11,(#1973,#1974,#1975,#1976,#1977,
    #1978,#1979,#1980,#1981,#1982,#1983,#1984,#1985,#1986,#1987,#1988,
    #1989,#1990,#1991,#1992,#1993,#1994,#1995,#1996,#1997,#1998,#1999,
    #2000,#2001,#2002),.UNSPECIFIED.,.F.,.F.,(12,9,9,12),(0.,
    1.614938419963,3.229876839926,6.459753679852),.UNSPECIFIED.);
#1973 = CARTESIAN_POINT('',(113.1,-3.84375,69.910207612377));
#1974 = CARTESIAN_POINT('',(113.10000090842,-3.809658983244,
    69.181932184937));
#1975 = CARTESIAN_POINT('',(112.98563265584,-3.775567551414,
    68.453653853777));
#1976 = CARTESIAN_POINT('',(112.7568239937,-3.741476816494,
    67.745334847224));
#1977 = CARTESIAN_POINT('',(112.41752878877,-3.707386312501,
    67.076954972204));
#1978 = CARTESIAN_POINT('',(111.97560945848,-3.673295603351,
    66.467597394989));
#1979 = CARTESIAN_POINT('',(111.44259644914,-3.63920463841,
    65.934583101865));
#1980 = CARTESIAN_POINT('',(110.83324228964,-3.60511357411,
    65.492672955006));
#1981 = CARTESIAN_POINT('',(110.1648690462,-3.571022535521,
    65.153400214114));
#1982 = CARTESIAN_POINT('',(109.45656147233,-3.536931547567,
    64.924604046098));
#1983 = CARTESIAN_POINT('',(108.00000810963,-3.468749693968,
    64.695807746791));
#1984 = CARTESIAN_POINT('',(106.54344576488,-3.400567991958,
    64.924603035996));
#1985 = CARTESIAN_POINT('',(105.83512949769,-3.366477160027,
    65.153398315436));
#1986 = CARTESIAN_POINT('',(105.16674444856,-3.332386297573,
    65.492671956979));
#1987 = CARTESIAN_POINT('',(104.55738087106,-3.298295380769,
    65.934581948463));
#1988 = CARTESIAN_POINT('',(104.02436673019,-3.264204423203,
    66.467597231823));
#1989 = CARTESIAN_POINT('',(103.58246027233,-3.230113460252,
    67.076959037813));
#1990 = CARTESIAN_POINT('',(103.24319112874,-3.196022522906,
    67.745340072382));
#1991 = CARTESIAN_POINT('',(103.01439961391,-3.161931616964,
    68.45365175481));
#1992 = CARTESIAN_POINT('',(102.67121219351,-3.05965893373,
    70.638485589512));
#1993 = CARTESIAN_POINT('',(103.35758816509,-2.957386250496,
    72.823319246592));
#1994 = CARTESIAN_POINT('',(104.27275820475,-2.889204264236,
    74.120147759546));
#1995 = CARTESIAN_POINT('',(105.58277553389,-2.821022727502,
    75.097521131302));
#1996 = CARTESIAN_POINT('',(107.1623217401,-2.752838976668,
    75.623876919463));
#1997 = CARTESIAN_POINT('',(108.83773596752,-2.684661540457,
    75.62382342147));
#1998 = CARTESIAN_POINT('',(110.41725230824,-2.616477814118,
    75.097513047254));
#1999 = CARTESIAN_POINT('',(111.72706796463,-2.548291755603,
    74.120172136944));
#2000 = CARTESIAN_POINT('',(112.64249485569,-2.480115383651,
    72.82331981064));
#2001 = CARTESIAN_POINT('',(113.10000107855,-2.411931689799,
    71.366758483667));
#2002 = CARTESIAN_POINT('',(113.10000290009,-2.34374965628,
    69.910207628788));
#2003 = ORIENTED_EDGE('',*,*,#529,.F.);
#2004 = ORIENTED_EDGE('',*,*,#1941,.T.);
#2005 = ORIENTED_EDGE('',*,*,#2006,.F.);
#2006 = EDGE_CURVE('',#1970,#1934,#2007,.T.);
#2007 = B_SPLINE_CURVE_WITH_KNOTS('',1,(#2008,#2009),.UNSPECIFIED.,.F.,
  .F.,(2,2),(0.,1.3105),.PIECEWISE_BEZIER_KNOTS.);
#2008 = CARTESIAN_POINT('',(113.10000290009,-2.34374965628,
    69.910207628788));
#2009 = CARTESIAN_POINT('',(111.96507886063,-2.999003557187,
    69.910207442534));
#2010 = B_SPLINE_SURFACE_WITH_KNOTS('',1,9,(
    (#2011,#2012,#2013,#2014,#2015,#2016,#2017,#2018,#2019,#2020,#2021
      ,#2022,#2023,#2024,#2025,#2026,#2027,#2028,#2029,#2030,#2031,#2032
      ,#2033,#2034,#2035,#2036,#2037,#2038,#2039,#2040,#2041)
    ,(#2042,#2043,#2044,#2045,#2046,#2047,#2048,#2049,#2050,#2051,#2052
      ,#2053,#2054,#2055,#2056,#2057,#2058,#2059,#2060,#2061,#2062,#2063
      ,#2064,#2065,#2066,#2067,#2068,#2069,#2070,#2071,#2072
  )),.UNSPECIFIED.,.F.,.F.,.F.,(2,2),(10,7,7,7,10),(0.,1.3105),(0.,
    1.614938419963,3.229876839926,4.844815259889,6.459753679852),
  .UNSPECIFIED.);
#2011 = CARTESIAN_POINT('',(113.1,-3.84375,69.910207612377));
#2012 = CARTESIAN_POINT('',(113.1000011103,-3.802083201742,
    69.020093201062));
#2013 = CARTESIAN_POINT('',(112.92527155794,-3.760415769344,
    68.129974353506));
#2014 = CARTESIAN_POINT('',(112.57567139043,-3.718749887059,
    67.279062589646));
#2015 = CARTESIAN_POINT('',(112.06160262394,-3.677083606376,
    66.506615468568));
#2016 = CARTESIAN_POINT('',(111.40358183959,-3.635416741492,
    65.84858445141));
#2017 = CARTESIAN_POINT('',(110.63113101563,-3.59374987722,
    65.334530503153));
#2018 = CARTESIAN_POINT('',(109.78023981025,-3.552083073747,
    64.98498082626));
#2019 = CARTESIAN_POINT('',(108.00000929476,-3.468749673967,
    64.635431078862));
#2020 = CARTESIAN_POINT('',(106.21976505669,-3.38541650578,
    64.98497959169));
#2021 = CARTESIAN_POINT('',(105.3688606959,-3.343749942612,
    65.334527897954));
#2022 = CARTESIAN_POINT('',(104.59639308788,-3.302083282795,
    65.848585663846));
#2023 = CARTESIAN_POINT('',(103.93836988754,-3.260416535487,
    66.506610551391));
#2024 = CARTESIAN_POINT('',(103.42431772162,-3.218749796966,
    67.279074625054));
#2025 = CARTESIAN_POINT('',(103.07477518908,-3.177083125591,
    68.129972666543));
#2026 = CARTESIAN_POINT('',(102.7252323693,-3.093749828141,
    69.910207655027));
#2027 = CARTESIAN_POINT('',(103.07477580333,-3.010416530691,
    71.690442522905));
#2028 = CARTESIAN_POINT('',(103.42431832912,-2.968749859317,
    72.541340372982));
#2029 = CARTESIAN_POINT('',(103.93836901122,-2.927083120796,
    73.313804764694));
#2030 = CARTESIAN_POINT('',(104.59639147809,-2.885416373487,
    73.97183089293));
#2031 = CARTESIAN_POINT('',(105.36885991658,-2.84374971367,
    74.48588913552));
#2032 = CARTESIAN_POINT('',(106.21976491063,-2.802083150503,
    74.835435739289));
#2033 = CARTESIAN_POINT('',(108.00000930764,-2.718749982314,
    75.18498159993));
#2034 = CARTESIAN_POINT('',(109.78023966418,-2.635416582534,
    74.835432885695));
#2035 = CARTESIAN_POINT('',(110.63113148069,-2.593749779091,
    74.485885473171));
#2036 = CARTESIAN_POINT('',(111.40358203942,-2.552082914706,
    73.971834159757));
#2037 = CARTESIAN_POINT('',(112.06161031344,-2.510416050011,
    73.313807368737));
#2038 = CARTESIAN_POINT('',(112.57567303809,-2.468749769151,
    72.541346543053));
#2039 = CARTESIAN_POINT('',(112.92525940937,-2.427083886958,
    71.690440451176));
#2040 = CARTESIAN_POINT('',(113.10000178693,-2.385416454542,
    70.800322040103));
#2041 = CARTESIAN_POINT('',(113.10000290009,-2.34374965628,
    69.910207628788));
#2042 = CARTESIAN_POINT('',(111.96507370834,-4.499,69.910207612377));
#2043 = CARTESIAN_POINT('',(111.96507568089,-4.457334695205,
    69.218132334311));
#2044 = CARTESIAN_POINT('',(111.82922762272,-4.415675953269,
    68.526170463551));
#2045 = CARTESIAN_POINT('',(111.55745635054,-4.374001168413,
    67.864609367837));
#2046 = CARTESIAN_POINT('',(111.15775105146,-4.332330508242,
    67.264012580292));
#2047 = CARTESIAN_POINT('',(110.64615653569,-4.290665891795,
    66.75243994542));
#2048 = CARTESIAN_POINT('',(110.04561000728,-4.249001270846,
    66.352773728872));
#2049 = CARTESIAN_POINT('',(109.38407505513,-4.207336019821,
    66.081011976662));
#2050 = CARTESIAN_POINT('',(108.00000951336,-4.124003374147,
    65.809248403552));
#2051 = CARTESIAN_POINT('',(106.61592626919,-4.040668331716,
    66.081011930804));
#2052 = CARTESIAN_POINT('',(105.95437398115,-3.999000593921,
    66.352775746361));
#2053 = CARTESIAN_POINT('',(105.35381034488,-3.957333856368,
    66.752439609468));
#2054 = CARTESIAN_POINT('',(104.84222442228,-3.915668024271,
    67.26402700201));
#2055 = CARTESIAN_POINT('',(104.44256672334,-3.874002101231,
    67.864585354033));
#2056 = CARTESIAN_POINT('',(104.17080795898,-3.83233548329,
    68.526130510888));
#2057 = CARTESIAN_POINT('',(103.89904965728,-3.749001778596,
    69.910207791058));
#2058 = CARTESIAN_POINT('',(104.17080911972,-3.665668073901,
    71.294284843322));
#2059 = CARTESIAN_POINT('',(104.44256790529,-3.624001455961,
    71.955829646477));
#2060 = CARTESIAN_POINT('',(104.84222299823,-3.58233553292,
    72.556388543483));
#2061 = CARTESIAN_POINT('',(105.35380764342,-3.540669700822,
    73.067978114558));
#2062 = CARTESIAN_POINT('',(105.95437277517,-3.49900296327,
    73.467642794421));
#2063 = CARTESIAN_POINT('',(106.61592620187,-3.457335225477,
    73.739403552133));
#2064 = CARTESIAN_POINT('',(108.00000974206,-3.374000183041,
    74.011162298059));
#2065 = CARTESIAN_POINT('',(109.38407498781,-3.290667537369,
    73.739400490998));
#2066 = CARTESIAN_POINT('',(110.04561101205,-3.249002286397,
    73.467642728452));
#2067 = CARTESIAN_POINT('',(110.6461570492,-3.207337665247,
    73.06798116281));
#2068 = CARTESIAN_POINT('',(111.15776484541,-3.165673049136,
    72.556416010401));
#2069 = CARTESIAN_POINT('',(111.55745938043,-3.12400238865,
    71.955794855267));
#2070 = CARTESIAN_POINT('',(111.8292061091,-3.082327603958,
    71.294243822722));
#2071 = CARTESIAN_POINT('',(111.96507691771,-3.040668861989,
    70.602282720599));
#2072 = CARTESIAN_POINT('',(111.96507886063,-2.999003557187,
    69.910207442534));
#2073 = ADVANCED_FACE('',(#2074),#2119,.F.);
#2074 = FACE_BOUND('',#2075,.F.);
#2075 = EDGE_LOOP('',(#2076,#2112,#2113,#2114));
#2076 = ORIENTED_EDGE('',*,*,#2077,.F.);
#2077 = EDGE_CURVE('',#462,#2078,#2080,.T.);
#2078 = VERTEX_POINT('',#2079);
#2079 = CARTESIAN_POINT('',(113.10000225562,-2.156249656281,
    69.910207628788));
#2080 = B_SPLINE_CURVE_WITH_KNOTS('',9,(#2081,#2082,#2083,#2084,#2085,
    #2086,#2087,#2088,#2089,#2090,#2091,#2092,#2093,#2094,#2095,#2096,
    #2097,#2098,#2099,#2100,#2101,#2102,#2103,#2104,#2105,#2106,#2107,
    #2108,#2109,#2110,#2111),.UNSPECIFIED.,.F.,.F.,(10,7,7,7,10),(0.,
    1.614938419963,3.229876839926,4.844815259889,6.459753679852),
  .UNSPECIFIED.);
#2081 = CARTESIAN_POINT('',(113.1,-3.65625,69.910207612377));
#2082 = CARTESIAN_POINT('',(113.10000086356,-3.614583201742,
    69.02009325729));
#2083 = CARTESIAN_POINT('',(112.92526989754,-3.572915769345,
    68.129974514431));
#2084 = CARTESIAN_POINT('',(112.57567128535,-3.531249887067,
    67.279063434429));
#2085 = CARTESIAN_POINT('',(112.06160322292,-3.489583606363,
    66.506614839223));
#2086 = CARTESIAN_POINT('',(111.40358164819,-3.447916741501,
    65.848584332985));
#2087 = CARTESIAN_POINT('',(110.63113090269,-3.406249877217,
    65.33453070969));
#2088 = CARTESIAN_POINT('',(109.7802396833,-3.364583073748,
    64.984981306175));
#2089 = CARTESIAN_POINT('',(108.00000929807,-3.281249673968,
    64.635431695023));
#2090 = CARTESIAN_POINT('',(106.21976515471,-3.19791650578,
    64.984979890441));
#2091 = CARTESIAN_POINT('',(105.36886077718,-3.156249942612,
    65.334527985149));
#2092 = CARTESIAN_POINT('',(104.59639312551,-3.114583282795,
    65.848585771253));
#2093 = CARTESIAN_POINT('',(103.93837004801,-3.072916535487,
    66.506610754839));
#2094 = CARTESIAN_POINT('',(103.42431807917,-3.031249796967,
    67.27907481485));
#2095 = CARTESIAN_POINT('',(103.07477556916,-2.989583125591,
    68.129972781184));
#2096 = CARTESIAN_POINT('',(102.72523270257,-2.906249828142,
    69.910207643663));
#2097 = CARTESIAN_POINT('',(103.07477604564,-2.822916530692,
    71.690442412588));
#2098 = CARTESIAN_POINT('',(103.42431854979,-2.781249859317,
    72.541340230296));
#2099 = CARTESIAN_POINT('',(103.938369364,-2.739583120796,
    73.313804538045));
#2100 = CARTESIAN_POINT('',(104.59639187055,-2.697916373487,
    73.971830487084));
#2101 = CARTESIAN_POINT('',(105.36886016778,-2.65624971367,
    74.485888644505));
#2102 = CARTESIAN_POINT('',(106.21976503758,-2.614583150504,
    74.835435415659));
#2103 = CARTESIAN_POINT('',(108.00000930432,-2.531249982314,
    75.184981549539));
#2104 = CARTESIAN_POINT('',(109.78023956617,-2.447916582534,
    74.835432743231));
#2105 = CARTESIAN_POINT('',(110.63113126113,-2.406249779088,
    74.4858851015));
#2106 = CARTESIAN_POINT('',(111.40358180072,-2.364582914717,
    73.971833528079));
#2107 = CARTESIAN_POINT('',(112.06160920121,-2.322916050002,
    73.313806309308));
#2108 = CARTESIAN_POINT('',(112.57567256498,-2.28124976916,
    72.541347055333));
#2109 = CARTESIAN_POINT('',(112.92526044738,-2.239583886954,
    71.690440387122));
#2110 = CARTESIAN_POINT('',(113.10000138919,-2.197916454542,
    70.800321983875));
#2111 = CARTESIAN_POINT('',(113.10000225562,-2.156249656281,
    69.910207628788));
#2112 = ORIENTED_EDGE('',*,*,#504,.F.);
#2113 = ORIENTED_EDGE('',*,*,#1969,.T.);
#2114 = ORIENTED_EDGE('',*,*,#2115,.F.);
#2115 = EDGE_CURVE('',#2078,#1970,#2116,.T.);
#2116 = B_SPLINE_CURVE_WITH_KNOTS('',1,(#2117,#2118),.UNSPECIFIED.,.F.,
  .F.,(2,2),(0.,0.1875),.PIECEWISE_BEZIER_KNOTS.);
#2117 = CARTESIAN_POINT('',(113.10000225562,-2.156249656281,
    69.910207628788));
#2118 = CARTESIAN_POINT('',(113.10000290009,-2.34374965628,
    69.910207628788));
#2119 = B_SPLINE_SURFACE_WITH_KNOTS('',1,11,(
    (#2120,#2121,#2122,#2123,#2124,#2125,#2126,#2127,#2128,#2129,#2130
      ,#2131,#2132,#2133,#2134,#2135,#2136,#2137,#2138,#2139,#2140,#2141
      ,#2142,#2143,#2144,#2145,#2146,#2147,#2148,#2149)
    ,(#2150,#2151,#2152,#2153,#2154,#2155,#2156,#2157,#2158,#2159,#2160
      ,#2161,#2162,#2163,#2164,#2165,#2166,#2167,#2168,#2169,#2170,#2171
      ,#2172,#2173,#2174,#2175,#2176,#2177,#2178,#2179
  )),.UNSPECIFIED.,.F.,.F.,.F.,(2,2),(12,9,9,12),(0.,0.1875),(0.,
    1.614938419963,3.229876839926,6.459753679852),.UNSPECIFIED.);
#2120 = CARTESIAN_POINT('',(113.1,-3.65625,69.910207612377));
#2121 = CARTESIAN_POINT('',(113.10000070655,-3.622158983244,
    69.181932230942));
#2122 = CARTESIAN_POINT('',(112.98563148829,-3.588067551414,
    68.453653977512));
#2123 = CARTESIAN_POINT('',(112.75682320221,-3.553976816498,
    67.745335350585));
#2124 = CARTESIAN_POINT('',(112.41752878284,-3.519886312501,
    67.076955179534));
#2125 = CARTESIAN_POINT('',(111.97560971389,-3.485795603347,
    66.467597173012));
#2126 = CARTESIAN_POINT('',(111.44259648757,-3.451704638412,
    65.93458290318));
#2127 = CARTESIAN_POINT('',(110.83324214522,-3.417613574111,
    65.492673067291));
#2128 = CARTESIAN_POINT('',(110.16486892994,-3.38352253552,
    65.15340055857));
#2129 = CARTESIAN_POINT('',(109.4565613689,-3.349431547568,
    64.924604548723));
#2130 = CARTESIAN_POINT('',(108.00000810987,-3.281249693969,
    64.695808323772));
#2131 = CARTESIAN_POINT('',(106.54344584551,-3.213067991958,
    64.924603390395));
#2132 = CARTESIAN_POINT('',(105.8351295846,-3.178977160027,
    65.153398515143));
#2133 = CARTESIAN_POINT('',(105.166744515,-3.144886297573,
    65.492672074969));
#2134 = CARTESIAN_POINT('',(104.55738095013,-3.110795380769,
    65.93458207839));
#2135 = CARTESIAN_POINT('',(104.024366893,-3.076704423204,
    66.467597406595));
#2136 = CARTESIAN_POINT('',(103.58246055709,-3.042613460252,
    67.076959224624));
#2137 = CARTESIAN_POINT('',(103.24319149607,-3.008522522907,
    67.745340221847));
#2138 = CARTESIAN_POINT('',(103.01439998528,-2.974431616964,
    68.453651846664));
#2139 = CARTESIAN_POINT('',(102.67121250202,-2.87215893373,
    70.638485530044));
#2140 = CARTESIAN_POINT('',(103.35758834569,-2.769886250496,
    72.823319075641));
#2141 = CARTESIAN_POINT('',(104.27275792142,-2.701704264232,
    74.120146959716));
#2142 = CARTESIAN_POINT('',(105.58277878359,-2.633522727522,
    75.097523992509));
#2143 = CARTESIAN_POINT('',(107.16231768092,-2.565338976628,
    75.623866077002));
#2144 = CARTESIAN_POINT('',(108.83773650594,-2.497161540509,
    75.623839246032));
#2145 = CARTESIAN_POINT('',(110.41725755321,-2.428977814066,
    75.097501679221));
#2146 = CARTESIAN_POINT('',(111.72706014229,-2.36079175564,
    74.120174388109));
#2147 = CARTESIAN_POINT('',(112.64249813176,-2.292615383639,
    72.823319753347));
#2148 = CARTESIAN_POINT('',(113.10000083783,-2.224431689799,
    71.366758391658));
#2149 = CARTESIAN_POINT('',(113.10000225562,-2.156249656281,
    69.910207628788));
#2150 = CARTESIAN_POINT('',(113.1,-3.84375,69.910207612377));
#2151 = CARTESIAN_POINT('',(113.10000090842,-3.809658983244,
    69.181932184937));
#2152 = CARTESIAN_POINT('',(112.98563265584,-3.775567551414,
    68.453653853777));
#2153 = CARTESIAN_POINT('',(112.7568239937,-3.741476816494,
    67.745334847224));
#2154 = CARTESIAN_POINT('',(112.41752878877,-3.707386312501,
    67.076954972204));
#2155 = CARTESIAN_POINT('',(111.97560945848,-3.673295603351,
    66.467597394989));
#2156 = CARTESIAN_POINT('',(111.44259644914,-3.63920463841,
    65.934583101865));
#2157 = CARTESIAN_POINT('',(110.83324228964,-3.60511357411,
    65.492672955006));
#2158 = CARTESIAN_POINT('',(110.1648690462,-3.571022535521,
    65.153400214114));
#2159 = CARTESIAN_POINT('',(109.45656147233,-3.536931547567,
    64.924604046098));
#2160 = CARTESIAN_POINT('',(108.00000810963,-3.468749693968,
    64.695807746791));
#2161 = CARTESIAN_POINT('',(106.54344576488,-3.400567991958,
    64.924603035996));
#2162 = CARTESIAN_POINT('',(105.83512949769,-3.366477160027,
    65.153398315436));
#2163 = CARTESIAN_POINT('',(105.16674444856,-3.332386297573,
    65.492671956979));
#2164 = CARTESIAN_POINT('',(104.55738087106,-3.298295380769,
    65.934581948463));
#2165 = CARTESIAN_POINT('',(104.02436673019,-3.264204423203,
    66.467597231823));
#2166 = CARTESIAN_POINT('',(103.58246027233,-3.230113460252,
    67.076959037813));
#2167 = CARTESIAN_POINT('',(103.24319112874,-3.196022522906,
    67.745340072382));
#2168 = CARTESIAN_POINT('',(103.01439961391,-3.161931616964,
    68.45365175481));
#2169 = CARTESIAN_POINT('',(102.67121219351,-3.05965893373,
    70.638485589512));
#2170 = CARTESIAN_POINT('',(103.35758816509,-2.957386250496,
    72.823319246592));
#2171 = CARTESIAN_POINT('',(104.27275820475,-2.889204264236,
    74.120147759546));
#2172 = CARTESIAN_POINT('',(105.58277553389,-2.821022727502,
    75.097521131302));
#2173 = CARTESIAN_POINT('',(107.1623217401,-2.752838976668,
    75.623876919463));
#2174 = CARTESIAN_POINT('',(108.83773596752,-2.684661540457,
    75.62382342147));
#2175 = CARTESIAN_POINT('',(110.41725230824,-2.616477814118,
    75.097513047254));
#2176 = CARTESIAN_POINT('',(111.72706796463,-2.548291755603,
    74.120172136944));
#2177 = CARTESIAN_POINT('',(112.64249485569,-2.480115383651,
    72.82331981064));
#2178 = CARTESIAN_POINT('',(113.10000107855,-2.411931689799,
    71.366758483667));
#2179 = CARTESIAN_POINT('',(113.10000290009,-2.34374965628,
    69.910207628788));
#2180 = ADVANCED_FACE('',(#2181),#2267,.F.);
#2181 = FACE_BOUND('',#2182,.F.);
#2182 = EDGE_LOOP('',(#2183,#2184,#2185,#2192));
#2183 = ORIENTED_EDGE('',*,*,#461,.F.);
#2184 = ORIENTED_EDGE('',*,*,#2077,.T.);
#2185 = ORIENTED_EDGE('',*,*,#2186,.F.);
#2186 = EDGE_CURVE('',#2187,#2078,#2189,.T.);
#2187 = VERTEX_POINT('',#2188);
#2188 = CARTESIAN_POINT('',(112.5,-1.809840942204,69.910207571349));
#2189 = B_SPLINE_CURVE_WITH_KNOTS('',1,(#2190,#2191),.UNSPECIFIED.,.F.,
  .F.,(2,2),(0.,1.3105),.PIECEWISE_BEZIER_KNOTS.);
#2190 = CARTESIAN_POINT('',(111.96507371178,-1.501003557196,
    69.910207442533));
#2191 = CARTESIAN_POINT('',(113.10000225562,-2.156249656281,
    69.910207628788));
#2192 = ORIENTED_EDGE('',*,*,#2193,.F.);
#2193 = EDGE_CURVE('',#453,#2187,#2194,.T.);
#2194 = B_SPLINE_CURVE_WITH_KNOTS('',8,(#2195,#2196,#2197,#2198,#2199,
    #2200,#2201,#2202,#2203,#2204,#2205,#2206,#2207,#2208,#2209,#2210,
    #2211,#2212,#2213,#2214,#2215,#2216,#2217,#2218,#2219,#2220,#2221,
    #2222,#2223,#2224,#2225,#2226,#2227,#2228,#2229,#2230,#2231,#2232,
    #2233,#2234,#2235,#2236,#2237,#2238,#2239,#2240,#2241,#2242,#2243,
    #2244,#2245,#2246,#2247,#2248,#2249,#2250,#2251,#2252,#2253,#2254,
    #2255,#2256,#2257,#2258,#2259,#2260,#2261,#2262,#2263,#2264,#2265,
    #2266),.UNSPECIFIED.,.F.,.F.,(9,7,7,7,7,7,7,7,7,7,9),(0.,
    2.09158680052E-02,0.214376139639,0.372361534598,0.399433025653,
    0.529243977259,0.667620793566,0.811278771372,0.834164019434,
    0.943594288128,1.),.UNSPECIFIED.);
#2195 = CARTESIAN_POINT('',(109.21545590188,-3.000133324509,
    65.577464030006));
#2196 = CARTESIAN_POINT('',(109.15898706262,-2.99702188907,
    65.561622939346));
#2197 = CARTESIAN_POINT('',(109.10228225841,-2.993910458515,
    65.546622942657));
#2198 = CARTESIAN_POINT('',(109.04535611523,-2.990799032426,
    65.532468144141));
#2199 = CARTESIAN_POINT('',(108.98822333421,-2.987687610613,
    65.519162339784));
#2200 = CARTESIAN_POINT('',(108.93089869157,-2.984576193109,
    65.506709017362));
#2201 = CARTESIAN_POINT('',(108.87339703867,-2.981464780176,
    65.49511135644));
#2202 = CARTESIAN_POINT('',(108.81573330198,-2.978353372301,
    65.48437222837));
#2203 = CARTESIAN_POINT('',(108.22320421437,-2.946463212567,
    65.383127834232));
#2204 = CARTESIAN_POINT('',(107.67518184577,-2.917646285496,
    65.365307389193));
#2205 = CARTESIAN_POINT('',(107.12678874434,-2.888852034455,
    65.42359426728));
#2206 = CARTESIAN_POINT('',(106.59024885705,-2.860070399736,
    65.557189929575));
#2207 = CARTESIAN_POINT('',(106.07725539357,-2.831288287485,
    65.763492006527));
#2208 = CARTESIAN_POINT('',(105.59880714145,-2.802492643016,
    66.037753908897));
#2209 = CARTESIAN_POINT('',(105.1652753948,-2.773674819994,
    66.373456584072));
#2210 = CARTESIAN_POINT('',(104.47561215233,-2.721394471383,
    67.077375954565));
#2211 = CARTESIAN_POINT('',(104.20100347026,-2.697879262096,
    67.428877785781));
#2212 = CARTESIAN_POINT('',(103.96675029513,-2.674372156015,
    67.810554689427));
#2213 = CARTESIAN_POINT('',(103.77657791572,-2.650871185997,
    68.216915279142));
#2214 = CARTESIAN_POINT('',(103.63335925222,-2.627370169669,
    68.642101018092));
#2215 = CARTESIAN_POINT('',(103.53906428769,-2.603863139111,
    69.079891338981));
#2216 = CARTESIAN_POINT('',(103.49479306651,-2.580347931451,
    69.523742257536));
#2217 = CARTESIAN_POINT('',(103.50130764958,-2.552819142656,
    70.042606047868));
#2218 = CARTESIAN_POINT('',(103.50372395771,-2.548792010588,
    70.118490988007));
#2219 = CARTESIAN_POINT('',(103.50760315599,-2.544764862844,
    70.19432463402));
#2220 = CARTESIAN_POINT('',(103.5129439423,-2.540737700612,
    70.270074065933));
#2221 = CARTESIAN_POINT('',(103.51974412895,-2.536710524861,
    70.345706442247));
#2222 = CARTESIAN_POINT('',(103.52800064271,-2.532683336347,
    70.421188999935));
#2223 = CARTESIAN_POINT('',(103.53770952479,-2.528656135605,
    70.496489054443));
#2224 = CARTESIAN_POINT('',(103.60236219672,-2.505317969413,
    70.931615054486));
#2225 = CARTESIAN_POINT('',(103.68915680604,-2.486001565144,
    71.286809621606));
#2226 = CARTESIAN_POINT('',(103.80872343178,-2.466687286563,
    71.633413006751));
#2227 = CARTESIAN_POINT('',(103.96002512725,-2.44737585764,
    71.967910494663));
#2228 = CARTESIAN_POINT('',(104.14161017349,-2.428064557582,
    72.286983584951));
#2229 = CARTESIAN_POINT('',(104.35164808637,-2.408750633475,
    72.587506701901));
#2230 = CARTESIAN_POINT('',(104.5879057834,-2.389434717903,72.8665743783
    ));
#2231 = CARTESIAN_POINT('',(105.12456275562,-2.349539541017,
    73.393369170524));
#2232 = CARTESIAN_POINT('',(105.42834402263,-2.32894791727,
    73.637988013815));
#2233 = CARTESIAN_POINT('',(105.75575415471,-2.308360312306,
    73.852160026035));
#2234 = CARTESIAN_POINT('',(106.10318740029,-2.287776060547,
    74.033278052657));
#2235 = CARTESIAN_POINT('',(106.4667816645,-2.267191703117,
    74.179267210256));
#2236 = CARTESIAN_POINT('',(106.8424485671,-2.246603845247,
    74.288544830463));
#2237 = CARTESIAN_POINT('',(107.22586243775,-2.226011985302,
    74.360068798781));
#2238 = CARTESIAN_POINT('',(108.01375701604,-2.184056864038,
    74.428180095103));
#2239 = CARTESIAN_POINT('',(108.41879373111,-2.162677623171,
    74.421830006878));
#2240 = CARTESIAN_POINT('',(108.82239882936,-2.141302847618,
    74.373936732866));
#2241 = CARTESIAN_POINT('',(109.21960135167,-2.119932105464,
    74.284851518196));
#2242 = CARTESIAN_POINT('',(109.60560269072,-2.098561823275,
    74.155588326667));
#2243 = CARTESIAN_POINT('',(109.97577186242,-2.077188138861,
    73.987762104841));
#2244 = CARTESIAN_POINT('',(110.32567321119,-2.055809961132,
    73.783643900519));
#2245 = CARTESIAN_POINT('',(110.70301441209,-2.031035938787,
    73.508517074418));
#2246 = CARTESIAN_POINT('',(110.75424997145,-2.027631652168,
    73.469865944472));
#2247 = CARTESIAN_POINT('',(110.80485331805,-2.024227356474,
    73.43038148885));
#2248 = CARTESIAN_POINT('',(110.85480865175,-2.020823050154,
    73.390075789092));
#2249 = CARTESIAN_POINT('',(110.90410045878,-2.017418731806,
    73.348961278861));
#2250 = CARTESIAN_POINT('',(110.9527135118,-2.014014400177,
    73.307050743945));
#2251 = CARTESIAN_POINT('',(111.00063286985,-2.010610054164,
    73.264357322255));
#2252 = CARTESIAN_POINT('',(111.27359250606,-1.990927076269,
    73.01306857658));
#2253 = CARTESIAN_POINT('',(111.48317692687,-1.974645846039,
    72.787621185152));
#2254 = CARTESIAN_POINT('',(111.67494292525,-1.958365146827,
    72.546060230591));
#2255 = CARTESIAN_POINT('',(111.84746054598,-1.942085065734,
    72.290044315957));
#2256 = CARTESIAN_POINT('',(111.99949549123,-1.925804496963,
    72.021358995486));
#2257 = CARTESIAN_POINT('',(112.13000135794,-1.909522717264,
    71.741905976865));
#2258 = CARTESIAN_POINT('',(112.23813271568,-1.89324067209,
    71.453705276626));
#2259 = CARTESIAN_POINT('',(112.36716759637,-1.86857113463,
    71.006958596349));
#2260 = CARTESIAN_POINT('',(112.40495284465,-1.860180509381,
    70.853242401974));
#2261 = CARTESIAN_POINT('',(112.43655165551,-1.851790245572,
    70.698049928005));
#2262 = CARTESIAN_POINT('',(112.46189746517,-1.843400370057,
    70.541672022535));
#2263 = CARTESIAN_POINT('',(112.48094028381,-1.835010786416,
    70.384402043353));
#2264 = CARTESIAN_POINT('',(112.49364671913,-1.826621273678,
    70.226535702017));
#2265 = CARTESIAN_POINT('',(112.5,-1.818231485033,70.068370907924));
#2266 = CARTESIAN_POINT('',(112.5,-1.809840946557,69.910207612377));
#2267 = B_SPLINE_SURFACE_WITH_KNOTS('',1,9,(
    (#2268,#2269,#2270,#2271,#2272,#2273,#2274,#2275,#2276,#2277,#2278
      ,#2279,#2280,#2281,#2282,#2283,#2284,#2285,#2286,#2287,#2288,#2289
      ,#2290,#2291,#2292,#2293,#2294,#2295,#2296,#2297,#2298)
    ,(#2299,#2300,#2301,#2302,#2303,#2304,#2305,#2306,#2307,#2308,#2309
      ,#2310,#2311,#2312,#2313,#2314,#2315,#2316,#2317,#2318,#2319,#2320
      ,#2321,#2322,#2323,#2324,#2325,#2326,#2327,#2328,#2329
  )),.UNSPECIFIED.,.F.,.F.,.F.,(2,2),(10,7,7,7,10),(0.,1.3105),(0.,
    1.614938419963,3.229876839926,4.844815259889,6.459753679852),
  .UNSPECIFIED.);
#2268 = CARTESIAN_POINT('',(111.96507370834,-3.001,69.910207612377));
#2269 = CARTESIAN_POINT('',(111.96507370965,-2.959334695205,
    69.218132783536));
#2270 = CARTESIAN_POINT('',(111.82921435724,-2.917675953272,
    68.526171749237));
#2271 = CARTESIAN_POINT('',(111.55745551101,-2.876001168478,
    67.864616117087));
#2272 = CARTESIAN_POINT('',(111.15775583693,-2.834330508139,
    67.264007552249));
#2273 = CARTESIAN_POINT('',(110.64615500656,-2.792665891865,
    66.752438999282));
#2274 = CARTESIAN_POINT('',(110.04560910502,-2.751001270821,
    66.352775378962));
#2275 = CARTESIAN_POINT('',(109.38407404089,-2.709336019826,
    66.081015810864));
#2276 = CARTESIAN_POINT('',(108.00000953986,-2.626003374155,
    65.80925332626));
#2277 = CARTESIAN_POINT('',(106.61592705224,-2.542668331717,
    66.081014317624));
#2278 = CARTESIAN_POINT('',(105.95437463058,-2.501000593921,
    66.352776442994));
#2279 = CARTESIAN_POINT('',(105.35381064556,-2.459333856368,
    66.752440467572));
#2280 = CARTESIAN_POINT('',(104.84222570436,-2.417668024273,
    67.264028627431));
#2281 = CARTESIAN_POINT('',(104.4425695799,-2.376002101234,
    67.864586870373));
#2282 = CARTESIAN_POINT('',(104.17081099554,-2.334335483294,
    68.52613142679));
#2283 = CARTESIAN_POINT('',(103.89905231993,-2.251001778598,
    69.91020770027));
#2284 = CARTESIAN_POINT('',(104.17081105556,-2.167668073902,
    71.294283961964));
#2285 = CARTESIAN_POINT('',(104.44256966825,-2.126001455962,
    71.955828506512));
#2286 = CARTESIAN_POINT('',(104.84222581668,-2.084335532923,
    72.556386732711));
#2287 = CARTESIAN_POINT('',(105.35381077893,-2.042669700828,
    73.067974872124));
#2288 = CARTESIAN_POINT('',(105.95437478206,-2.001002963275,
    73.467638871541));
#2289 = CARTESIAN_POINT('',(106.6159272161,-1.959335225479,
    73.739400966549));
#2290 = CARTESIAN_POINT('',(108.00000971556,-1.876000183041,
    74.011161895471));
#2291 = CARTESIAN_POINT('',(109.38407420476,-1.79266753737,73.7393993528
    ));
#2292 = CARTESIAN_POINT('',(110.04560925797,-1.751002286375,
    73.46763975905));
#2293 = CARTESIAN_POINT('',(110.64615514208,-1.70933766533,
    73.067976116129));
#2294 = CARTESIAN_POINT('',(111.15775595942,-1.667673049057,
    72.556407546266));
#2295 = CARTESIAN_POINT('',(111.55745560061,-1.626002388718,
    71.955798948038));
#2296 = CARTESIAN_POINT('',(111.82921440211,-1.584327603924,
    71.294243310973));
#2297 = CARTESIAN_POINT('',(111.9650737401,-1.542668861991,
    70.602282271374));
#2298 = CARTESIAN_POINT('',(111.96507371178,-1.501003557196,
    69.910207442533));
#2299 = CARTESIAN_POINT('',(113.1,-3.65625,69.910207612377));
#2300 = CARTESIAN_POINT('',(113.10000086356,-3.614583201742,
    69.02009325729));
#2301 = CARTESIAN_POINT('',(112.92526989754,-3.572915769345,
    68.129974514431));
#2302 = CARTESIAN_POINT('',(112.57567128535,-3.531249887067,
    67.279063434429));
#2303 = CARTESIAN_POINT('',(112.06160322292,-3.489583606363,
    66.506614839223));
#2304 = CARTESIAN_POINT('',(111.40358164819,-3.447916741501,
    65.848584332985));
#2305 = CARTESIAN_POINT('',(110.63113090269,-3.406249877217,
    65.33453070969));
#2306 = CARTESIAN_POINT('',(109.7802396833,-3.364583073748,
    64.984981306175));
#2307 = CARTESIAN_POINT('',(108.00000929807,-3.281249673968,
    64.635431695023));
#2308 = CARTESIAN_POINT('',(106.21976515471,-3.19791650578,
    64.984979890441));
#2309 = CARTESIAN_POINT('',(105.36886077718,-3.156249942612,
    65.334527985149));
#2310 = CARTESIAN_POINT('',(104.59639312551,-3.114583282795,
    65.848585771253));
#2311 = CARTESIAN_POINT('',(103.93837004801,-3.072916535487,
    66.506610754839));
#2312 = CARTESIAN_POINT('',(103.42431807917,-3.031249796967,
    67.27907481485));
#2313 = CARTESIAN_POINT('',(103.07477556916,-2.989583125591,
    68.129972781184));
#2314 = CARTESIAN_POINT('',(102.72523270257,-2.906249828142,
    69.910207643663));
#2315 = CARTESIAN_POINT('',(103.07477604564,-2.822916530692,
    71.690442412588));
#2316 = CARTESIAN_POINT('',(103.42431854979,-2.781249859317,
    72.541340230296));
#2317 = CARTESIAN_POINT('',(103.938369364,-2.739583120796,
    73.313804538045));
#2318 = CARTESIAN_POINT('',(104.59639187055,-2.697916373487,
    73.971830487084));
#2319 = CARTESIAN_POINT('',(105.36886016778,-2.65624971367,
    74.485888644505));
#2320 = CARTESIAN_POINT('',(106.21976503758,-2.614583150504,
    74.835435415659));
#2321 = CARTESIAN_POINT('',(108.00000930432,-2.531249982314,
    75.184981549539));
#2322 = CARTESIAN_POINT('',(109.78023956617,-2.447916582534,
    74.835432743231));
#2323 = CARTESIAN_POINT('',(110.63113126113,-2.406249779088,
    74.4858851015));
#2324 = CARTESIAN_POINT('',(111.40358180072,-2.364582914717,
    73.971833528079));
#2325 = CARTESIAN_POINT('',(112.06160920121,-2.322916050002,
    73.313806309308));
#2326 = CARTESIAN_POINT('',(112.57567256498,-2.28124976916,
    72.541347055333));
#2327 = CARTESIAN_POINT('',(112.92526044738,-2.239583886954,
    71.690440387122));
#2328 = CARTESIAN_POINT('',(113.10000138919,-2.197916454542,
    70.800321983875));
#2329 = CARTESIAN_POINT('',(113.10000225562,-2.156249656281,
    69.910207628788));
#2330 = ADVANCED_FACE('',(#2331),#2433,.F.);
#2331 = FACE_BOUND('',#2332,.F.);
#2332 = EDGE_LOOP('',(#2333,#2334,#2335,#2336,#2344));
#2333 = ORIENTED_EDGE('',*,*,#1933,.F.);
#2334 = ORIENTED_EDGE('',*,*,#452,.F.);
#2335 = ORIENTED_EDGE('',*,*,#2193,.T.);
#2336 = ORIENTED_EDGE('',*,*,#2337,.T.);
#2337 = EDGE_CURVE('',#2187,#2338,#2340,.T.);
#2338 = VERTEX_POINT('',#2339);
#2339 = CARTESIAN_POINT('',(112.5,-1.190168322309,69.91020753032));
#2340 = LINE('',#2341,#2342);
#2341 = CARTESIAN_POINT('',(112.5,-3.,69.910207612377));
#2342 = VECTOR('',#2343,1.);
#2343 = DIRECTION('',(0.,1.,-2.2E-16));
#2344 = ORIENTED_EDGE('',*,*,#2345,.F.);
#2345 = EDGE_CURVE('',#1934,#2338,#2346,.T.);
#2346 = B_SPLINE_CURVE_WITH_KNOTS('',7,(#2347,#2348,#2349,#2350,#2351,
    #2352,#2353,#2354,#2355,#2356,#2357,#2358,#2359,#2360,#2361,#2362,
    #2363,#2364,#2365,#2366,#2367,#2368,#2369,#2370,#2371,#2372,#2373,
    #2374,#2375,#2376,#2377,#2378,#2379,#2380,#2381,#2382,#2383,#2384,
    #2385,#2386,#2387,#2388,#2389,#2390,#2391,#2392,#2393,#2394,#2395,
    #2396,#2397,#2398,#2399,#2400,#2401,#2402,#2403,#2404,#2405,#2406,
    #2407,#2408,#2409,#2410,#2411,#2412,#2413,#2414,#2415,#2416,#2417,
    #2418,#2419,#2420,#2421,#2422,#2423,#2424,#2425,#2426,#2427,#2428,
    #2429,#2430,#2431,#2432),.UNSPECIFIED.,.F.,.F.,(8,6,6,6,6,6,6,6,6,6,
    6,6,6,6,8),(0.,4.749884594424E-02,8.481382477748E-02,0.204725345929,
    0.22703697257,0.285430203376,0.379639483712,0.484344981659,
    0.504641321761,0.62550833961,0.746060669,0.802351671704,
    0.867885751462,0.959117570723,1.),.UNSPECIFIED.);
#2347 = CARTESIAN_POINT('',(112.5,-2.690164241902,69.910207530321));
#2348 = CARTESIAN_POINT('',(112.4999999965,-2.679987508467,
    69.718368752647));
#2349 = CARTESIAN_POINT('',(112.49045850392,-2.669812212466,
    69.526527292549));
#2350 = CARTESIAN_POINT('',(112.47137580726,-2.659637173419,
    69.335257364463));
#2351 = CARTESIAN_POINT('',(112.44279439838,-2.649461664635,
    69.145127714572));
#2352 = CARTESIAN_POINT('',(112.40479888255,-2.63928536408,
    68.956701041276));
#2353 = CARTESIAN_POINT('',(112.35751588492,-2.62910830525,
    68.770533415658));
#2354 = CARTESIAN_POINT('',(112.25680473859,-2.610935426477,
    68.443126753042));
#2355 = CARTESIAN_POINT('',(112.20686692485,-2.60293965395,
    68.300810176439));
#2356 = CARTESIAN_POINT('',(112.15138226275,-2.594943604697,
    68.160489424191));
#2357 = CARTESIAN_POINT('',(112.09044731082,-2.586947369551,
    68.022423395489));
#2358 = CARTESIAN_POINT('',(112.02417343923,-2.578951035932,
    67.886864436675));
#2359 = CARTESIAN_POINT('',(111.9526868298,-2.570954687851,
    67.754058341244));
#2360 = CARTESIAN_POINT('',(111.63010854109,-2.537262388888,
    67.207087656673));
#2361 = CARTESIAN_POINT('',(111.33156689232,-2.511551890347,
    66.820579313925));
#2362 = CARTESIAN_POINT('',(110.98531801856,-2.4858564298,
    66.473115366911));
#2363 = CARTESIAN_POINT('',(110.5976367491,-2.460166443782,
    66.171489956363));
#2364 = CARTESIAN_POINT('',(110.17571048902,-2.434472907281,
    65.921294866865));
#2365 = CARTESIAN_POINT('',(109.72766719891,-2.408766359551,
    65.726941949206));
#2366 = CARTESIAN_POINT('',(109.17633779709,-2.378293619667,
    65.565745665452));
#2367 = CARTESIAN_POINT('',(109.08925571243,-2.373513107039,
    65.542478210006));
#2368 = CARTESIAN_POINT('',(109.00163953636,-2.368732571935,
    65.521247977497));
#2369 = CARTESIAN_POINT('',(108.91354647358,-2.363952015077,
    65.502069539156));
#2370 = CARTESIAN_POINT('',(108.82503417579,-2.359171438175,
    65.484955445805));
#2371 = CARTESIAN_POINT('',(108.73616074167,-2.354390843928,
    65.469916227861));
#2372 = CARTESIAN_POINT('',(108.41359625617,-2.337098591504,
    65.423052830847));
#2373 = CARTESIAN_POINT('',(108.17812662854,-2.324586415238,
    65.403414275283));
#2374 = CARTESIAN_POINT('',(107.94163653234,-2.312074475199,
    65.398200569878));
#2375 = CARTESIAN_POINT('',(107.7051848524,-2.299562713764,
    65.407464240713));
#2376 = CARTESIAN_POINT('',(107.46982751833,-2.287050788921,
    65.43116391558));
#2377 = CARTESIAN_POINT('',(107.23661601213,-2.274538620331,
    65.469164394254));
#2378 = CARTESIAN_POINT('',(106.63548976055,-2.241841100858,
    65.605223678115));
#2379 = CARTESIAN_POINT('',(106.27258644543,-2.221650998656,
    65.725847382609));
#2380 = CARTESIAN_POINT('',(105.92237676312,-2.201464419561,
    65.882111031395));
#2381 = CARTESIAN_POINT('',(105.58900150802,-2.181280081306,
    66.072347966606));
#2382 = CARTESIAN_POINT('',(105.27631106155,-2.161093622979,
    66.294361014019));
#2383 = CARTESIAN_POINT('',(104.98784673799,-2.140903655377,
    66.545433108654));
#2384 = CARTESIAN_POINT('',(104.43654974829,-2.098283113405,
    67.129802254978));
#2385 = CARTESIAN_POINT('',(104.17998171309,-2.075840529014,
    67.469326291074));
#2386 = CARTESIAN_POINT('',(103.96144516727,-2.053403032145,
    67.836178200176));
#2387 = CARTESIAN_POINT('',(103.78427752084,-2.030968744345,
    68.225212912312));
#2388 = CARTESIAN_POINT('',(103.65100079578,-2.008530918616,
    68.630892438584));
#2389 = CARTESIAN_POINT('',(103.56330534117,-1.986087828742,
    69.047321632689));
#2390 = CARTESIAN_POINT('',(103.51371188153,-1.959303736502,
    69.549737806501));
#2391 = CARTESIAN_POINT('',(103.50739315473,-1.954954863586,
    69.631485437563));
#2392 = CARTESIAN_POINT('',(103.5028124782,-1.950606006022,
    69.713359959884));
#2393 = CARTESIAN_POINT('',(103.4999728056,-1.946257164265,
    69.79531704424));
#2394 = CARTESIAN_POINT('',(103.49887567455,-1.941908339377,
    69.877312295226));
#2395 = CARTESIAN_POINT('',(103.49952120662,-1.937559533024,
    69.959301251255));
#2396 = CARTESIAN_POINT('',(103.51612237315,-1.907313234066,
    70.529190304335));
#2397 = CARTESIAN_POINT('',(103.59210125093,-1.881400816601,
    71.015634571814));
#2398 = CARTESIAN_POINT('',(103.72967950025,-1.855502012693,
    71.490653105645));
#2399 = CARTESIAN_POINT('',(103.92656830077,-1.82960706213,
    71.94505384199));
#2400 = CARTESIAN_POINT('',(104.17906039381,-1.803708287595,
    72.370280871199));
#2401 = CARTESIAN_POINT('',(104.48201443845,-1.777795866173,
    72.758378189695));
#2402 = CARTESIAN_POINT('',(105.17369689428,-1.726068357992,
    73.445609931308));
#2403 = CARTESIAN_POINT('',(105.56261098368,-1.700222430522,
    73.745381780238));
#2404 = CARTESIAN_POINT('',(105.98815459147,-1.674388786587,
    73.994736140345));
#2405 = CARTESIAN_POINT('',(106.44240488295,-1.648558546572,
    74.188617691924));
#2406 = CARTESIAN_POINT('',(106.91685228529,-1.622725075235,
    74.32339439868));
#2407 = CARTESIAN_POINT('',(107.4023653725,-1.596879234126,
    74.396842392059));
#2408 = CARTESIAN_POINT('',(108.11638344535,-1.558987849146,
    74.414443626663));
#2409 = CARTESIAN_POINT('',(108.34399939789,-1.546926360209,
    74.406650124288));
#2410 = CARTESIAN_POINT('',(108.57099304448,-1.534865189421,
    74.385435454976));
#2411 = CARTESIAN_POINT('',(108.79641687069,-1.522804206706,
    74.350862682161));
#2412 = CARTESIAN_POINT('',(109.01933508577,-1.510743047058,
    74.303075330222));
#2413 = CARTESIAN_POINT('',(109.23882483648,-1.498681592671,
    74.242297196701));
#2414 = CARTESIAN_POINT('',(109.70446087596,-1.472578830305,
    74.083320131089));
#2415 = CARTESIAN_POINT('',(109.94908817402,-1.458536413591,
    73.98060787065));
#2416 = CARTESIAN_POINT('',(110.1864203346,-1.444494466658,
    73.861190931422));
#2417 = CARTESIAN_POINT('',(110.41509842205,-1.430452807511,
    73.725702690747));
#2418 = CARTESIAN_POINT('',(110.63383763194,-1.416410795553,
    73.574904373787));
#2419 = CARTESIAN_POINT('',(110.8414297002,-1.402368306204,
    73.409683618498));
#2420 = CARTESIAN_POINT('',(111.30867224384,-1.368778945534,
    72.98241465117));
#2421 = CARTESIAN_POINT('',(111.55688992385,-1.349227669819,
    72.707734912894));
#2422 = CARTESIAN_POINT('',(111.77831679823,-1.329679512879,
    72.409824482611));
#2423 = CARTESIAN_POINT('',(111.97041794295,-1.310133757768,
    72.091845450364));
#2424 = CARTESIAN_POINT('',(112.13111137036,-1.29058642761,
    71.757244068219));
#2425 = CARTESIAN_POINT('',(112.25877733141,-1.27103556046,
    71.409735386132));
#2426 = CARTESIAN_POINT('',(112.39432494812,-1.242727911688,
    70.893656397485));
#2427 = CARTESIAN_POINT('',(112.4294336809,-1.233967942203,
    70.732160222251));
#2428 = CARTESIAN_POINT('',(112.45761358461,-1.225207856948,
    70.569220602393));
#2429 = CARTESIAN_POINT('',(112.47879506331,-1.216447675633,
    70.405194277831));
#2430 = CARTESIAN_POINT('',(112.49293164229,-1.207687464075,
    70.240441104471));
#2431 = CARTESIAN_POINT('',(112.5,-1.198927482031,70.075323787113));
#2432 = CARTESIAN_POINT('',(112.5,-1.190168331022,69.910207612377));
#2433 = CYLINDRICAL_SURFACE('',#2434,4.5);
#2434 = AXIS2_PLACEMENT_3D('',#2435,#2436,#2437);
#2435 = CARTESIAN_POINT('',(108.,-3.,69.910207612377));
#2436 = DIRECTION('',(0.,-1.,2.2E-16));
#2437 = DIRECTION('',(1.,0.,0.));
#2438 = ADVANCED_FACE('',(#2439),#2464,.F.);
#2439 = FACE_BOUND('',#2440,.F.);
#2440 = EDGE_LOOP('',(#2441,#2449,#2457,#2463));
#2441 = ORIENTED_EDGE('',*,*,#2442,.T.);
#2442 = EDGE_CURVE('',#660,#2443,#2445,.T.);
#2443 = VERTEX_POINT('',#2444);
#2444 = CARTESIAN_POINT('',(96.00000000001,14.5,47.500000000007));
#2445 = LINE('',#2446,#2447);
#2446 = CARTESIAN_POINT('',(96.00000000001,12.,47.500000000007));
#2447 = VECTOR('',#2448,1.);
#2448 = DIRECTION('',(0.,1.,2.2E-16));
#2449 = ORIENTED_EDGE('',*,*,#2450,.T.);
#2450 = EDGE_CURVE('',#2443,#2451,#2453,.T.);
#2451 = VERTEX_POINT('',#2452);
#2452 = CARTESIAN_POINT('',(103.99999999999,14.5,43.5));
#2453 = LINE('',#2454,#2455);
#2454 = CARTESIAN_POINT('',(96.00000000001,14.5,47.500000000007));
#2455 = VECTOR('',#2456,1.);
#2456 = DIRECTION('',(0.894427190999,1.E-16,-0.447213595501));
#2457 = ORIENTED_EDGE('',*,*,#2458,.F.);
#2458 = EDGE_CURVE('',#652,#2451,#2459,.T.);
#2459 = LINE('',#2460,#2461);
#2460 = CARTESIAN_POINT('',(103.99999999999,12.,43.5));
#2461 = VECTOR('',#2462,1.);
#2462 = DIRECTION('',(0.,1.,2.2E-16));
#2463 = ORIENTED_EDGE('',*,*,#659,.F.);
#2464 = PLANE('',#2465);
#2465 = AXIS2_PLACEMENT_3D('',#2466,#2467,#2468);
#2466 = CARTESIAN_POINT('',(96.00000000001,12.,47.500000000007));
#2467 = DIRECTION('',(-0.447213595501,2.E-16,-0.894427190999));
#2468 = DIRECTION('',(0.894427190999,1.E-16,-0.447213595501));
#2469 = ADVANCED_FACE('',(#2470),#2488,.F.);
#2470 = FACE_BOUND('',#2471,.F.);
#2471 = EDGE_LOOP('',(#2472,#2473,#2481,#2487));
#2472 = ORIENTED_EDGE('',*,*,#2458,.T.);
#2473 = ORIENTED_EDGE('',*,*,#2474,.T.);
#2474 = EDGE_CURVE('',#2451,#2475,#2477,.T.);
#2475 = VERTEX_POINT('',#2476);
#2476 = CARTESIAN_POINT('',(112.,14.5,43.5));
#2477 = LINE('',#2478,#2479);
#2478 = CARTESIAN_POINT('',(103.99999999999,14.5,43.5));
#2479 = VECTOR('',#2480,1.);
#2480 = DIRECTION('',(1.,0.,0.));
#2481 = ORIENTED_EDGE('',*,*,#2482,.F.);
#2482 = EDGE_CURVE('',#644,#2475,#2483,.T.);
#2483 = LINE('',#2484,#2485);
#2484 = CARTESIAN_POINT('',(112.,12.,43.5));
#2485 = VECTOR('',#2486,1.);
#2486 = DIRECTION('',(0.,1.,2.2E-16));
#2487 = ORIENTED_EDGE('',*,*,#651,.F.);
#2488 = PLANE('',#2489);
#2489 = AXIS2_PLACEMENT_3D('',#2490,#2491,#2492);
#2490 = CARTESIAN_POINT('',(103.99999999999,12.,43.5));
#2491 = DIRECTION('',(0.,2.2E-16,-1.));
#2492 = DIRECTION('',(1.,0.,0.));
#2493 = ADVANCED_FACE('',(#2494),#2512,.F.);
#2494 = FACE_BOUND('',#2495,.F.);
#2495 = EDGE_LOOP('',(#2496,#2497,#2505,#2511));
#2496 = ORIENTED_EDGE('',*,*,#2482,.T.);
#2497 = ORIENTED_EDGE('',*,*,#2498,.T.);
#2498 = EDGE_CURVE('',#2475,#2499,#2501,.T.);
#2499 = VERTEX_POINT('',#2500);
#2500 = CARTESIAN_POINT('',(120.00000000001,14.5,47.500000000007));
#2501 = LINE('',#2502,#2503);
#2502 = CARTESIAN_POINT('',(112.,14.5,43.5));
#2503 = VECTOR('',#2504,1.);
#2504 = DIRECTION('',(0.894427191,-1.E-16,0.4472135955));
#2505 = ORIENTED_EDGE('',*,*,#2506,.F.);
#2506 = EDGE_CURVE('',#636,#2499,#2507,.T.);
#2507 = LINE('',#2508,#2509);
#2508 = CARTESIAN_POINT('',(120.00000000001,12.,47.500000000007));
#2509 = VECTOR('',#2510,1.);
#2510 = DIRECTION('',(0.,1.,2.2E-16));
#2511 = ORIENTED_EDGE('',*,*,#643,.F.);
#2512 = PLANE('',#2513);
#2513 = AXIS2_PLACEMENT_3D('',#2514,#2515,#2516);
#2514 = CARTESIAN_POINT('',(112.,12.,43.5));
#2515 = DIRECTION('',(0.4472135955,2.E-16,-0.894427191));
#2516 = DIRECTION('',(0.894427191,-1.E-16,0.4472135955));
#2517 = ADVANCED_FACE('',(#2518),#2534,.T.);
#2518 = FACE_BOUND('',#2519,.T.);
#2519 = EDGE_LOOP('',(#2520,#2526,#2527,#2533));
#2520 = ORIENTED_EDGE('',*,*,#2521,.T.);
#2521 = EDGE_CURVE('',#588,#835,#2522,.T.);
#2522 = LINE('',#2523,#2524);
#2523 = CARTESIAN_POINT('',(112.,12.,64.5));
#2524 = VECTOR('',#2525,1.);
#2525 = DIRECTION('',(0.,1.,2.2E-16));
#2526 = ORIENTED_EDGE('',*,*,#834,.T.);
#2527 = ORIENTED_EDGE('',*,*,#2528,.F.);
#2528 = EDGE_CURVE('',#596,#827,#2529,.T.);
#2529 = LINE('',#2530,#2531);
#2530 = CARTESIAN_POINT('',(119.99999999998,12.,60.5));
#2531 = VECTOR('',#2532,1.);
#2532 = DIRECTION('',(0.,1.,2.2E-16));
#2533 = ORIENTED_EDGE('',*,*,#595,.F.);
#2534 = PLANE('',#2535);
#2535 = AXIS2_PLACEMENT_3D('',#2536,#2537,#2538);
#2536 = CARTESIAN_POINT('',(112.,12.,64.5));
#2537 = DIRECTION('',(-0.4472135955,2.E-16,-0.894427191));
#2538 = DIRECTION('',(0.894427191,1.E-16,-0.4472135955));
#2539 = ADVANCED_FACE('',(#2540),#2546,.T.);
#2540 = FACE_BOUND('',#2541,.T.);
#2541 = EDGE_LOOP('',(#2542,#2543,#2544,#2545));
#2542 = ORIENTED_EDGE('',*,*,#2521,.F.);
#2543 = ORIENTED_EDGE('',*,*,#587,.F.);
#2544 = ORIENTED_EDGE('',*,*,#901,.T.);
#2545 = ORIENTED_EDGE('',*,*,#842,.T.);
#2546 = PLANE('',#2547);
#2547 = AXIS2_PLACEMENT_3D('',#2548,#2549,#2550);
#2548 = CARTESIAN_POINT('',(107.99999999999,13.25,64.5));
#2549 = DIRECTION('',(0.,2.2E-16,-1.));
#2550 = DIRECTION('',(0.,1.,2.2E-16));
#2551 = ADVANCED_FACE('',(#2552),#2571,.F.);
#2552 = FACE_BOUND('',#2553,.F.);
#2553 = EDGE_LOOP('',(#2554,#2563,#2569,#2570));
#2554 = ORIENTED_EDGE('',*,*,#2555,.F.);
#2555 = EDGE_CURVE('',#2556,#2556,#2558,.T.);
#2556 = VERTEX_POINT('',#2557);
#2557 = CARTESIAN_POINT('',(117.,2.,54.));
#2558 = CIRCLE('',#2559,9.);
#2559 = AXIS2_PLACEMENT_3D('',#2560,#2561,#2562);
#2560 = CARTESIAN_POINT('',(108.,2.,54.));
#2561 = DIRECTION('',(0.,-1.,2.2E-16));
#2562 = DIRECTION('',(1.,0.,0.));
#2563 = ORIENTED_EDGE('',*,*,#2564,.T.);
#2564 = EDGE_CURVE('',#2556,#700,#2565,.T.);
#2565 = LINE('',#2566,#2567);
#2566 = CARTESIAN_POINT('',(117.,-3.,54.));
#2567 = VECTOR('',#2568,1.);
#2568 = DIRECTION('',(0.,1.,-2.2E-16));
#2569 = ORIENTED_EDGE('',*,*,#699,.T.);
#2570 = ORIENTED_EDGE('',*,*,#2564,.F.);
#2571 = CYLINDRICAL_SURFACE('',#2572,9.);
#2572 = AXIS2_PLACEMENT_3D('',#2573,#2574,#2575);
#2573 = CARTESIAN_POINT('',(108.,-3.,54.));
#2574 = DIRECTION('',(0.,-1.,2.2E-16));
#2575 = DIRECTION('',(1.,0.,0.));
#2576 = ADVANCED_FACE('',(#2577),#2588,.F.);
#2577 = FACE_BOUND('',#2578,.F.);
#2578 = EDGE_LOOP('',(#2579,#2585,#2586,#2587));
#2579 = ORIENTED_EDGE('',*,*,#2580,.T.);
#2580 = EDGE_CURVE('',#735,#1010,#2581,.T.);
#2581 = LINE('',#2582,#2583);
#2582 = CARTESIAN_POINT('',(89.4,8.5,57.));
#2583 = VECTOR('',#2584,1.);
#2584 = DIRECTION('',(0.,0.,-1.));
#2585 = ORIENTED_EDGE('',*,*,#1009,.T.);
#2586 = ORIENTED_EDGE('',*,*,#2580,.F.);
#2587 = ORIENTED_EDGE('',*,*,#734,.F.);
#2588 = CYLINDRICAL_SURFACE('',#2589,1.6);
#2589 = AXIS2_PLACEMENT_3D('',#2590,#2591,#2592);
#2590 = CARTESIAN_POINT('',(91.,8.5,57.));
#2591 = DIRECTION('',(0.,0.,1.));
#2592 = DIRECTION('',(-1.,1.2E-16,0.));
#2593 = ADVANCED_FACE('',(#2594),#2605,.F.);
#2594 = FACE_BOUND('',#2595,.F.);
#2595 = EDGE_LOOP('',(#2596,#2602,#2603,#2604));
#2596 = ORIENTED_EDGE('',*,*,#2597,.T.);
#2597 = EDGE_CURVE('',#746,#1021,#2598,.T.);
#2598 = LINE('',#2599,#2600);
#2599 = CARTESIAN_POINT('',(89.4,0.5,57.));
#2600 = VECTOR('',#2601,1.);
#2601 = DIRECTION('',(0.,0.,-1.));
#2602 = ORIENTED_EDGE('',*,*,#1020,.T.);
#2603 = ORIENTED_EDGE('',*,*,#2597,.F.);
#2604 = ORIENTED_EDGE('',*,*,#745,.F.);
#2605 = CYLINDRICAL_SURFACE('',#2606,1.6);
#2606 = AXIS2_PLACEMENT_3D('',#2607,#2608,#2609);
#2607 = CARTESIAN_POINT('',(91.,0.5,57.));
#2608 = DIRECTION('',(0.,0.,1.));
#2609 = DIRECTION('',(-1.,1.2E-16,0.));
#2610 = ADVANCED_FACE('',(#2611),#2622,.F.);
#2611 = FACE_BOUND('',#2612,.F.);
#2612 = EDGE_LOOP('',(#2613,#2614,#2615,#2616));
#2613 = ORIENTED_EDGE('',*,*,#916,.T.);
#2614 = ORIENTED_EDGE('',*,*,#775,.T.);
#2615 = ORIENTED_EDGE('',*,*,#801,.T.);
#2616 = ORIENTED_EDGE('',*,*,#2617,.T.);
#2617 = EDGE_CURVE('',#802,#917,#2618,.T.);
#2618 = LINE('',#2619,#2620);
#2619 = CARTESIAN_POINT('',(109.99999999999,14.5,77.5));
#2620 = VECTOR('',#2621,1.);
#2621 = DIRECTION('',(0.,-1.,-2.2E-16));
#2622 = PLANE('',#2623);
#2623 = AXIS2_PLACEMENT_3D('',#2624,#2625,#2626);
#2624 = CARTESIAN_POINT('',(96.,12.,77.5));
#2625 = DIRECTION('',(0.,2.2E-16,-1.));
#2626 = DIRECTION('',(1.,0.,0.));
#2627 = ADVANCED_FACE('',(#2628),#2639,.T.);
#2628 = FACE_BOUND('',#2629,.F.);
#2629 = EDGE_LOOP('',(#2630,#2631,#2637,#2638));
#2630 = ORIENTED_EDGE('',*,*,#809,.T.);
#2631 = ORIENTED_EDGE('',*,*,#2632,.T.);
#2632 = EDGE_CURVE('',#810,#958,#2633,.T.);
#2633 = LINE('',#2634,#2635);
#2634 = CARTESIAN_POINT('',(119.99999999999,14.5,67.499999999997));
#2635 = VECTOR('',#2636,1.);
#2636 = DIRECTION('',(0.,-1.,-2.2E-16));
#2637 = ORIENTED_EDGE('',*,*,#957,.F.);
#2638 = ORIENTED_EDGE('',*,*,#2617,.F.);
#2639 = CYLINDRICAL_SURFACE('',#2640,10.);
#2640 = AXIS2_PLACEMENT_3D('',#2641,#2642,#2643);
#2641 = CARTESIAN_POINT('',(109.99999999999,14.5,67.5));
#2642 = DIRECTION('',(0.,-1.,-2.2E-16));
#2643 = DIRECTION('',(0.,-2.2E-16,1.));
#2644 = ADVANCED_FACE('',(#2645),#2653,.T.);
#2645 = FACE_BOUND('',#2646,.T.);
#2646 = EDGE_LOOP('',(#2647,#2648,#2649,#2650,#2651,#2652));
#2647 = ORIENTED_EDGE('',*,*,#1037,.F.);
#2648 = ORIENTED_EDGE('',*,*,#1045,.F.);
#2649 = ORIENTED_EDGE('',*,*,#2528,.T.);
#2650 = ORIENTED_EDGE('',*,*,#826,.T.);
#2651 = ORIENTED_EDGE('',*,*,#818,.F.);
#2652 = ORIENTED_EDGE('',*,*,#2632,.T.);
#2653 = PLANE('',#2654);
#2654 = AXIS2_PLACEMENT_3D('',#2655,#2656,#2657);
#2655 = CARTESIAN_POINT('',(119.99999999999,13.25,69.));
#2656 = DIRECTION('',(1.,0.,-3.2157E-13));
#2657 = DIRECTION('',(3.2157E-13,-2.2E-16,1.));
#2658 = ADVANCED_FACE('',(#2659),#2684,.T.);
#2659 = FACE_BOUND('',#2660,.T.);
#2660 = EDGE_LOOP('',(#2661,#2669,#2670,#2678));
#2661 = ORIENTED_EDGE('',*,*,#2662,.T.);
#2662 = EDGE_CURVE('',#2663,#860,#2665,.T.);
#2663 = VERTEX_POINT('',#2664);
#2664 = CARTESIAN_POINT('',(99.,12.,67.160207612377));
#2665 = LINE('',#2666,#2667);
#2666 = CARTESIAN_POINT('',(99.,12.,67.160207612377));
#2667 = VECTOR('',#2668,1.);
#2668 = DIRECTION('',(0.,1.,2.2E-16));
#2669 = ORIENTED_EDGE('',*,*,#859,.T.);
#2670 = ORIENTED_EDGE('',*,*,#2671,.F.);
#2671 = EDGE_CURVE('',#2672,#862,#2674,.T.);
#2672 = VERTEX_POINT('',#2673);
#2673 = CARTESIAN_POINT('',(99.,12.,72.660207612377));
#2674 = LINE('',#2675,#2676);
#2675 = CARTESIAN_POINT('',(99.,12.,72.660207612377));
#2676 = VECTOR('',#2677,1.);
#2677 = DIRECTION('',(0.,1.,2.2E-16));
#2678 = ORIENTED_EDGE('',*,*,#2679,.F.);
#2679 = EDGE_CURVE('',#2663,#2672,#2680,.T.);
#2680 = LINE('',#2681,#2682);
#2681 = CARTESIAN_POINT('',(99.,12.,67.160207612377));
#2682 = VECTOR('',#2683,1.);
#2683 = DIRECTION('',(0.,-2.2E-16,1.));
#2684 = PLANE('',#2685);
#2685 = AXIS2_PLACEMENT_3D('',#2686,#2687,#2688);
#2686 = CARTESIAN_POINT('',(99.,12.,67.160207612377));
#2687 = DIRECTION('',(1.,0.,0.));
#2688 = DIRECTION('',(0.,-2.2E-16,1.));
#2689 = ADVANCED_FACE('',(#2690),#2724,.T.);
#2690 = FACE_BOUND('',#2691,.T.);
#2691 = EDGE_LOOP('',(#2692,#2693,#2694,#2702,#2710,#2718));
#2692 = ORIENTED_EDGE('',*,*,#2671,.T.);
#2693 = ORIENTED_EDGE('',*,*,#869,.T.);
#2694 = ORIENTED_EDGE('',*,*,#2695,.F.);
#2695 = EDGE_CURVE('',#2696,#870,#2698,.T.);
#2696 = VERTEX_POINT('',#2697);
#2697 = CARTESIAN_POINT('',(117.,12.,72.660207612377));
#2698 = LINE('',#2699,#2700);
#2699 = CARTESIAN_POINT('',(117.,12.,72.660207612377));
#2700 = VECTOR('',#2701,1.);
#2701 = DIRECTION('',(0.,1.,2.2E-16));
#2702 = ORIENTED_EDGE('',*,*,#2703,.F.);
#2703 = EDGE_CURVE('',#2704,#2696,#2706,.T.);
#2704 = VERTEX_POINT('',#2705);
#2705 = CARTESIAN_POINT('',(111.56195171219,12.,72.660207612377));
#2706 = LINE('',#2707,#2708);
#2707 = CARTESIAN_POINT('',(99.,12.,72.660207612377));
#2708 = VECTOR('',#2709,1.);
#2709 = DIRECTION('',(1.,0.,0.));
#2710 = ORIENTED_EDGE('',*,*,#2711,.F.);
#2711 = EDGE_CURVE('',#2712,#2704,#2714,.T.);
#2712 = VERTEX_POINT('',#2713);
#2713 = CARTESIAN_POINT('',(104.4380482878,12.,72.660207612377));
#2714 = LINE('',#2715,#2716);
#2715 = CARTESIAN_POINT('',(99.,12.,72.660207612377));
#2716 = VECTOR('',#2717,1.);
#2717 = DIRECTION('',(1.,0.,0.));
#2718 = ORIENTED_EDGE('',*,*,#2719,.F.);
#2719 = EDGE_CURVE('',#2672,#2712,#2720,.T.);
#2720 = LINE('',#2721,#2722);
#2721 = CARTESIAN_POINT('',(99.,12.,72.660207612377));
#2722 = VECTOR('',#2723,1.);
#2723 = DIRECTION('',(1.,0.,0.));
#2724 = PLANE('',#2725);
#2725 = AXIS2_PLACEMENT_3D('',#2726,#2727,#2728);
#2726 = CARTESIAN_POINT('',(99.,12.,72.660207612377));
#2727 = DIRECTION('',(0.,2.2E-16,-1.));
#2728 = DIRECTION('',(1.,0.,0.));
#2729 = ADVANCED_FACE('',(#2730),#2748,.T.);
#2730 = FACE_BOUND('',#2731,.T.);
#2731 = EDGE_LOOP('',(#2732,#2733,#2734,#2742));
#2732 = ORIENTED_EDGE('',*,*,#2695,.T.);
#2733 = ORIENTED_EDGE('',*,*,#877,.T.);
#2734 = ORIENTED_EDGE('',*,*,#2735,.F.);
#2735 = EDGE_CURVE('',#2736,#878,#2738,.T.);
#2736 = VERTEX_POINT('',#2737);
#2737 = CARTESIAN_POINT('',(117.,12.,67.160207612377));
#2738 = LINE('',#2739,#2740);
#2739 = CARTESIAN_POINT('',(117.,12.,67.160207612377));
#2740 = VECTOR('',#2741,1.);
#2741 = DIRECTION('',(0.,1.,2.2E-16));
#2742 = ORIENTED_EDGE('',*,*,#2743,.F.);
#2743 = EDGE_CURVE('',#2696,#2736,#2744,.T.);
#2744 = LINE('',#2745,#2746);
#2745 = CARTESIAN_POINT('',(117.,12.,72.660207612377));
#2746 = VECTOR('',#2747,1.);
#2747 = DIRECTION('',(0.,2.2E-16,-1.));
#2748 = PLANE('',#2749);
#2749 = AXIS2_PLACEMENT_3D('',#2750,#2751,#2752);
#2750 = CARTESIAN_POINT('',(117.,12.,72.660207612377));
#2751 = DIRECTION('',(-1.,0.,0.));
#2752 = DIRECTION('',(0.,2.2E-16,-1.));
#2753 = ADVANCED_FACE('',(#2754),#2781,.T.);
#2754 = FACE_BOUND('',#2755,.T.);
#2755 = EDGE_LOOP('',(#2756,#2757,#2758,#2759,#2767,#2775));
#2756 = ORIENTED_EDGE('',*,*,#2735,.T.);
#2757 = ORIENTED_EDGE('',*,*,#885,.T.);
#2758 = ORIENTED_EDGE('',*,*,#2662,.F.);
#2759 = ORIENTED_EDGE('',*,*,#2760,.F.);
#2760 = EDGE_CURVE('',#2761,#2663,#2763,.T.);
#2761 = VERTEX_POINT('',#2762);
#2762 = CARTESIAN_POINT('',(104.4380482878,12.,67.160207612377));
#2763 = LINE('',#2764,#2765);
#2764 = CARTESIAN_POINT('',(117.,12.,67.160207612377));
#2765 = VECTOR('',#2766,1.);
#2766 = DIRECTION('',(-1.,0.,-0.));
#2767 = ORIENTED_EDGE('',*,*,#2768,.F.);
#2768 = EDGE_CURVE('',#2769,#2761,#2771,.T.);
#2769 = VERTEX_POINT('',#2770);
#2770 = CARTESIAN_POINT('',(111.56195171219,12.,67.160207612377));
#2771 = LINE('',#2772,#2773);
#2772 = CARTESIAN_POINT('',(117.,12.,67.160207612377));
#2773 = VECTOR('',#2774,1.);
#2774 = DIRECTION('',(-1.,0.,-0.));
#2775 = ORIENTED_EDGE('',*,*,#2776,.F.);
#2776 = EDGE_CURVE('',#2736,#2769,#2777,.T.);
#2777 = LINE('',#2778,#2779);
#2778 = CARTESIAN_POINT('',(117.,12.,67.160207612377));
#2779 = VECTOR('',#2780,1.);
#2780 = DIRECTION('',(-1.,0.,-0.));
#2781 = PLANE('',#2782);
#2782 = AXIS2_PLACEMENT_3D('',#2783,#2784,#2785);
#2783 = CARTESIAN_POINT('',(117.,12.,67.160207612377));
#2784 = DIRECTION('',(0.,-2.2E-16,1.));
#2785 = DIRECTION('',(-1.,0.,0.));
#2786 = ADVANCED_FACE('',(#2787),#2793,.F.);
#2787 = FACE_BOUND('',#2788,.F.);
#2788 = EDGE_LOOP('',(#2789,#2790,#2791,#2792));
#2789 = ORIENTED_EDGE('',*,*,#1118,.T.);
#2790 = ORIENTED_EDGE('',*,*,#993,.F.);
#2791 = ORIENTED_EDGE('',*,*,#1134,.T.);
#2792 = ORIENTED_EDGE('',*,*,#1126,.T.);
#2793 = PLANE('',#2794);
#2794 = AXIS2_PLACEMENT_3D('',#2795,#2796,#2797);
#2795 = CARTESIAN_POINT('',(96.,12.,77.5));
#2796 = DIRECTION('',(1.,0.,0.));
#2797 = DIRECTION('',(0.,-2.2E-16,-1.));
#2798 = ADVANCED_FACE('',(#2799),#2805,.F.);
#2799 = FACE_BOUND('',#2800,.F.);
#2800 = EDGE_LOOP('',(#2801,#2802,#2803,#2804));
#2801 = ORIENTED_EDGE('',*,*,#1060,.F.);
#2802 = ORIENTED_EDGE('',*,*,#1165,.F.);
#2803 = ORIENTED_EDGE('',*,*,#1076,.F.);
#2804 = ORIENTED_EDGE('',*,*,#1068,.F.);
#2805 = PLANE('',#2806);
#2806 = AXIS2_PLACEMENT_3D('',#2807,#2808,#2809);
#2807 = CARTESIAN_POINT('',(120.,12.,30.5));
#2808 = DIRECTION('',(-1.,0.,0.));
#2809 = DIRECTION('',(0.,2.2E-16,1.));
#2810 = ADVANCED_FACE('',(#2811),#2838,.T.);
#2811 = FACE_BOUND('',#2812,.T.);
#2812 = EDGE_LOOP('',(#2813,#2814,#2815,#2816,#2824,#2832));
#2813 = ORIENTED_EDGE('',*,*,#1100,.F.);
#2814 = ORIENTED_EDGE('',*,*,#1110,.F.);
#2815 = ORIENTED_EDGE('',*,*,#2442,.T.);
#2816 = ORIENTED_EDGE('',*,*,#2817,.F.);
#2817 = EDGE_CURVE('',#2818,#2443,#2820,.T.);
#2818 = VERTEX_POINT('',#2819);
#2819 = CARTESIAN_POINT('',(96.,14.5,43.5));
#2820 = LINE('',#2821,#2822);
#2821 = CARTESIAN_POINT('',(96.,14.5,43.5));
#2822 = VECTOR('',#2823,1.);
#2823 = DIRECTION('',(2.41274E-12,-2.2E-16,1.));
#2824 = ORIENTED_EDGE('',*,*,#2825,.F.);
#2825 = EDGE_CURVE('',#2826,#2818,#2828,.T.);
#2826 = VERTEX_POINT('',#2827);
#2827 = CARTESIAN_POINT('',(96.000000000002,14.5,40.500000000003));
#2828 = LINE('',#2829,#2830);
#2829 = CARTESIAN_POINT('',(96.,14.5,30.5));
#2830 = VECTOR('',#2831,1.);
#2831 = DIRECTION('',(0.,-2.2E-16,1.));
#2832 = ORIENTED_EDGE('',*,*,#2833,.F.);
#2833 = EDGE_CURVE('',#1103,#2826,#2834,.T.);
#2834 = LINE('',#2835,#2836);
#2835 = CARTESIAN_POINT('',(96.000000000002,12.,40.500000000003));
#2836 = VECTOR('',#2837,1.);
#2837 = DIRECTION('',(0.,1.,2.2E-16));
#2838 = PLANE('',#2839);
#2839 = AXIS2_PLACEMENT_3D('',#2840,#2841,#2842);
#2840 = CARTESIAN_POINT('',(96.000000000002,13.25,39.000000000004));
#2841 = DIRECTION('',(-1.,0.,2.7574E-13));
#2842 = DIRECTION('',(-2.7574E-13,2.2E-16,-1.));
#2843 = ADVANCED_FACE('',(#2844),#2855,.F.);
#2844 = FACE_BOUND('',#2845,.F.);
#2845 = EDGE_LOOP('',(#2846,#2852,#2853,#2854));
#2846 = ORIENTED_EDGE('',*,*,#2847,.T.);
#2847 = EDGE_CURVE('',#1175,#1296,#2848,.T.);
#2848 = LINE('',#2849,#2850);
#2849 = CARTESIAN_POINT('',(123.4,8.5,57.));
#2850 = VECTOR('',#2851,1.);
#2851 = DIRECTION('',(0.,0.,-1.));
#2852 = ORIENTED_EDGE('',*,*,#1295,.T.);
#2853 = ORIENTED_EDGE('',*,*,#2847,.F.);
#2854 = ORIENTED_EDGE('',*,*,#1174,.F.);
#2855 = CYLINDRICAL_SURFACE('',#2856,1.6);
#2856 = AXIS2_PLACEMENT_3D('',#2857,#2858,#2859);
#2857 = CARTESIAN_POINT('',(125.,8.5,57.));
#2858 = DIRECTION('',(0.,0.,1.));
#2859 = DIRECTION('',(-1.,1.2E-16,0.));
#2860 = ADVANCED_FACE('',(#2861),#2872,.F.);
#2861 = FACE_BOUND('',#2862,.F.);
#2862 = EDGE_LOOP('',(#2863,#2869,#2870,#2871));
#2863 = ORIENTED_EDGE('',*,*,#2864,.T.);
#2864 = EDGE_CURVE('',#1186,#1307,#2865,.T.);
#2865 = LINE('',#2866,#2867);
#2866 = CARTESIAN_POINT('',(123.4,0.5,57.));
#2867 = VECTOR('',#2868,1.);
#2868 = DIRECTION('',(0.,0.,-1.));
#2869 = ORIENTED_EDGE('',*,*,#1306,.T.);
#2870 = ORIENTED_EDGE('',*,*,#2864,.F.);
#2871 = ORIENTED_EDGE('',*,*,#1185,.F.);
#2872 = CYLINDRICAL_SURFACE('',#2873,1.6);
#2873 = AXIS2_PLACEMENT_3D('',#2874,#2875,#2876);
#2874 = CARTESIAN_POINT('',(125.,0.5,57.));
#2875 = DIRECTION('',(0.,0.,1.));
#2876 = DIRECTION('',(-1.,1.2E-16,0.));
#2877 = ADVANCED_FACE('',(#2878),#2897,.T.);
#2878 = FACE_BOUND('',#2879,.F.);
#2879 = EDGE_LOOP('',(#2880,#2881,#2889,#2896));
#2880 = ORIENTED_EDGE('',*,*,#1211,.T.);
#2881 = ORIENTED_EDGE('',*,*,#2882,.T.);
#2882 = EDGE_CURVE('',#1204,#2883,#2885,.T.);
#2883 = VERTEX_POINT('',#2884);
#2884 = CARTESIAN_POINT('',(106.,14.5,30.5));
#2885 = LINE('',#2886,#2887);
#2886 = CARTESIAN_POINT('',(106.,12.,30.5));
#2887 = VECTOR('',#2888,1.);
#2888 = DIRECTION('',(0.,1.,2.2E-16));
#2889 = ORIENTED_EDGE('',*,*,#2890,.F.);
#2890 = EDGE_CURVE('',#2826,#2883,#2891,.T.);
#2891 = CIRCLE('',#2892,10.);
#2892 = AXIS2_PLACEMENT_3D('',#2893,#2894,#2895);
#2893 = CARTESIAN_POINT('',(106.,14.5,40.5));
#2894 = DIRECTION('',(-0.,-1.,-2.2E-16));
#2895 = DIRECTION('',(0.,-2.2E-16,1.));
#2896 = ORIENTED_EDGE('',*,*,#2833,.F.);
#2897 = CYLINDRICAL_SURFACE('',#2898,10.);
#2898 = AXIS2_PLACEMENT_3D('',#2899,#2900,#2901);
#2899 = CARTESIAN_POINT('',(106.,12.,40.5));
#2900 = DIRECTION('',(0.,1.,2.2E-16));
#2901 = DIRECTION('',(-1.,-6.06628E-29,2.7574E-13));
#2902 = ADVANCED_FACE('',(#2903),#2921,.T.);
#2903 = FACE_BOUND('',#2904,.T.);
#2904 = EDGE_LOOP('',(#2905,#2906,#2907,#2915));
#2905 = ORIENTED_EDGE('',*,*,#1244,.F.);
#2906 = ORIENTED_EDGE('',*,*,#2882,.T.);
#2907 = ORIENTED_EDGE('',*,*,#2908,.T.);
#2908 = EDGE_CURVE('',#2883,#2909,#2911,.T.);
#2909 = VERTEX_POINT('',#2910);
#2910 = CARTESIAN_POINT('',(110.,14.5,30.5));
#2911 = LINE('',#2912,#2913);
#2912 = CARTESIAN_POINT('',(96.,14.5,30.5));
#2913 = VECTOR('',#2914,1.);
#2914 = DIRECTION('',(1.,0.,0.));
#2915 = ORIENTED_EDGE('',*,*,#2916,.F.);
#2916 = EDGE_CURVE('',#1245,#2909,#2917,.T.);
#2917 = LINE('',#2918,#2919);
#2918 = CARTESIAN_POINT('',(110.,12.,30.5));
#2919 = VECTOR('',#2920,1.);
#2920 = DIRECTION('',(0.,1.,2.2E-16));
#2921 = PLANE('',#2922);
#2922 = AXIS2_PLACEMENT_3D('',#2923,#2924,#2925);
#2923 = CARTESIAN_POINT('',(96.,12.,30.5));
#2924 = DIRECTION('',(0.,2.2E-16,-1.));
#2925 = DIRECTION('',(1.,0.,0.));
#2926 = ADVANCED_FACE('',(#2927),#2933,.F.);
#2927 = FACE_BOUND('',#2928,.F.);
#2928 = EDGE_LOOP('',(#2929,#2930,#2931,#2932));
#2929 = ORIENTED_EDGE('',*,*,#1277,.F.);
#2930 = ORIENTED_EDGE('',*,*,#1375,.F.);
#2931 = ORIENTED_EDGE('',*,*,#1367,.F.);
#2932 = ORIENTED_EDGE('',*,*,#1359,.F.);
#2933 = PLANE('',#2934);
#2934 = AXIS2_PLACEMENT_3D('',#2935,#2936,#2937);
#2935 = CARTESIAN_POINT('',(120.,12.,30.5));
#2936 = DIRECTION('',(-1.,0.,0.));
#2937 = DIRECTION('',(0.,2.2E-16,1.));
#2938 = ADVANCED_FACE('',(#2939),#2958,.T.);
#2939 = FACE_BOUND('',#2940,.T.);
#2940 = EDGE_LOOP('',(#2941,#2942,#2943,#2952));
#2941 = ORIENTED_EDGE('',*,*,#1325,.T.);
#2942 = ORIENTED_EDGE('',*,*,#2916,.T.);
#2943 = ORIENTED_EDGE('',*,*,#2944,.F.);
#2944 = EDGE_CURVE('',#2945,#2909,#2947,.T.);
#2945 = VERTEX_POINT('',#2946);
#2946 = CARTESIAN_POINT('',(120.,14.5,40.499999999998));
#2947 = CIRCLE('',#2948,10.);
#2948 = AXIS2_PLACEMENT_3D('',#2949,#2950,#2951);
#2949 = CARTESIAN_POINT('',(110.,14.5,40.5));
#2950 = DIRECTION('',(-0.,1.,2.2E-16));
#2951 = DIRECTION('',(0.,-2.2E-16,1.));
#2952 = ORIENTED_EDGE('',*,*,#2953,.F.);
#2953 = EDGE_CURVE('',#1326,#2945,#2954,.T.);
#2954 = LINE('',#2955,#2956);
#2955 = CARTESIAN_POINT('',(120.,12.,40.499999999998));
#2956 = VECTOR('',#2957,1.);
#2957 = DIRECTION('',(0.,1.,2.2E-16));
#2958 = CYLINDRICAL_SURFACE('',#2959,10.);
#2959 = AXIS2_PLACEMENT_3D('',#2960,#2961,#2962);
#2960 = CARTESIAN_POINT('',(110.,12.,40.5));
#2961 = DIRECTION('',(0.,1.,2.2E-16));
#2962 = DIRECTION('',(1.,5.44918E-29,-2.4769E-13));
#2963 = ADVANCED_FACE('',(#2964),#2984,.T.);
#2964 = FACE_BOUND('',#2965,.T.);
#2965 = EDGE_LOOP('',(#2966,#2967,#2968,#2976,#2982,#2983));
#2966 = ORIENTED_EDGE('',*,*,#1348,.F.);
#2967 = ORIENTED_EDGE('',*,*,#2953,.T.);
#2968 = ORIENTED_EDGE('',*,*,#2969,.F.);
#2969 = EDGE_CURVE('',#2970,#2945,#2972,.T.);
#2970 = VERTEX_POINT('',#2971);
#2971 = CARTESIAN_POINT('',(119.99999999999,14.5,43.500000000004));
#2972 = LINE('',#2973,#2974);
#2973 = CARTESIAN_POINT('',(120.,14.5,43.5));
#2974 = VECTOR('',#2975,1.);
#2975 = DIRECTION('',(0.,2.2E-16,-1.));
#2976 = ORIENTED_EDGE('',*,*,#2977,.T.);
#2977 = EDGE_CURVE('',#2970,#2499,#2978,.T.);
#2978 = LINE('',#2979,#2980);
#2979 = CARTESIAN_POINT('',(119.99999999999,14.5,43.500000000007));
#2980 = VECTOR('',#2981,1.);
#2981 = DIRECTION('',(3.46967E-12,-2.2E-16,1.));
#2982 = ORIENTED_EDGE('',*,*,#2506,.F.);
#2983 = ORIENTED_EDGE('',*,*,#1383,.F.);
#2984 = PLANE('',#2985);
#2985 = AXIS2_PLACEMENT_3D('',#2986,#2987,#2988);
#2986 = CARTESIAN_POINT('',(120.,13.25,39.000000000002));
#2987 = DIRECTION('',(1.,0.,-2.4769E-13));
#2988 = DIRECTION('',(2.4769E-13,-2.2E-16,1.));
#2989 = ADVANCED_FACE('',(#2990),#3034,.F.);
#2990 = FACE_BOUND('',#2991,.F.);
#2991 = EDGE_LOOP('',(#2992,#3027,#3028,#3029));
#2992 = ORIENTED_EDGE('',*,*,#2993,.F.);
#2993 = EDGE_CURVE('',#1435,#2994,#2996,.T.);
#2994 = VERTEX_POINT('',#2995);
#2995 = CARTESIAN_POINT('',(113.10000580018,-0.84374931255,37.4102076452
    ));
#2996 = B_SPLINE_CURVE_WITH_KNOTS('',11,(#2997,#2998,#2999,#3000,#3001,
    #3002,#3003,#3004,#3005,#3006,#3007,#3008,#3009,#3010,#3011,#3012,
    #3013,#3014,#3015,#3016,#3017,#3018,#3019,#3020,#3021,#3022,#3023,
    #3024,#3025,#3026),.UNSPECIFIED.,.F.,.F.,(12,9,9,12),(0.,
    1.614938419963,3.229876839926,6.459753679852),.UNSPECIFIED.);
#2997 = CARTESIAN_POINT('',(113.10000290009,-2.34374965628,
    37.410207628788));
#2998 = CARTESIAN_POINT('',(113.10000381086,-2.309658639521,
    36.681931787305));
#2999 = CARTESIAN_POINT('',(112.9856354956,-2.275567207676,
    35.953653041537));
#3000 = CARTESIAN_POINT('',(112.75682670558,-2.24147647276,
    35.245333631418));
#3001 = CARTESIAN_POINT('',(112.41753130986,-2.207385968781,
    34.576953375275));
#3002 = CARTESIAN_POINT('',(111.97561173027,-2.173295259634,
    33.967595450173));
#3003 = CARTESIAN_POINT('',(111.44259841957,-2.139204294694,
    33.43458085223));
#3004 = CARTESIAN_POINT('',(110.83324391499,-2.105113230387,
    32.992670452112));
#3005 = CARTESIAN_POINT('',(110.16487029255,-2.071022191796,
    32.653397516145));
#3006 = CARTESIAN_POINT('',(109.45656231664,-2.03693120384,
    32.424601215744));
#3007 = CARTESIAN_POINT('',(108.00000812641,-1.96874935024,
    32.195804781646));
#3008 = CARTESIAN_POINT('',(106.54344495266,-1.900567648232,
    32.424600196266));
#3009 = CARTESIAN_POINT('',(105.83512828196,-1.866476816303,
    32.653395603529));
#3010 = CARTESIAN_POINT('',(105.16674285167,-1.832385953853,
    32.992669435844));
#3011 = CARTESIAN_POINT('',(104.55737892622,-1.798295037045,
    33.434579676659));
#3012 = CARTESIAN_POINT('',(104.02436448054,-1.764204079482,
    33.967595261405));
#3013 = CARTESIAN_POINT('',(103.58245776942,-1.730113116526,
    34.576957412495));
#3014 = CARTESIAN_POINT('',(103.24318843077,-1.696022179181,
    35.245338826047));
#3015 = CARTESIAN_POINT('',(103.01439678356,-1.661931273238,
    35.953650910514));
#3016 = CARTESIAN_POINT('',(102.67120916097,-1.559658590006,
    38.13848598649));
#3017 = CARTESIAN_POINT('',(103.35758551582,-1.457385906773,
    40.323320888157));
#3018 = CARTESIAN_POINT('',(104.27275607173,-1.389203920508,
    41.620150141427));
#3019 = CARTESIAN_POINT('',(105.58277414251,-1.321022383783,
    42.597524073696));
#3020 = CARTESIAN_POINT('',(107.162321246,-1.25283863289,43.123880165022
    ));
#3021 = CARTESIAN_POINT('',(108.83773642439,-1.18466119681,43.123826674)
  );
#3022 = CARTESIAN_POINT('',(110.41725366714,-1.116477470413,
    42.597516004458));
#3023 = CARTESIAN_POINT('',(111.72707006998,-1.048291411776,
    41.620174542629));
#3024 = CARTESIAN_POINT('',(112.64249748632,-0.980115039981,
    40.323321482543));
#3025 = CARTESIAN_POINT('',(113.10000397396,-0.911931346076,
    38.866759328165));
#3026 = CARTESIAN_POINT('',(113.10000580018,-0.84374931255,37.4102076452
    ));
#3027 = ORIENTED_EDGE('',*,*,#1471,.T.);
#3028 = ORIENTED_EDGE('',*,*,#1810,.T.);
#3029 = ORIENTED_EDGE('',*,*,#3030,.F.);
#3030 = EDGE_CURVE('',#2994,#1803,#3031,.T.);
#3031 = B_SPLINE_CURVE_WITH_KNOTS('',1,(#3032,#3033),.UNSPECIFIED.,.F.,
  .F.,(2,2),(0.,1.3105),.PIECEWISE_BEZIER_KNOTS.);
#3032 = CARTESIAN_POINT('',(113.10000580018,-0.84374931255,37.4102076452
    ));
#3033 = CARTESIAN_POINT('',(111.96508401293,-1.499007114356,
    37.410207272692));
#3034 = B_SPLINE_SURFACE_WITH_KNOTS('',1,9,(
    (#3035,#3036,#3037,#3038,#3039,#3040,#3041,#3042,#3043,#3044,#3045
      ,#3046,#3047,#3048,#3049,#3050,#3051,#3052,#3053,#3054,#3055,#3056
      ,#3057,#3058,#3059,#3060,#3061,#3062,#3063,#3064,#3065)
    ,(#3066,#3067,#3068,#3069,#3070,#3071,#3072,#3073,#3074,#3075,#3076
      ,#3077,#3078,#3079,#3080,#3081,#3082,#3083,#3084,#3085,#3086,#3087
      ,#3088,#3089,#3090,#3091,#3092,#3093,#3094,#3095,#3096
  )),.UNSPECIFIED.,.F.,.F.,.F.,(2,2),(10,7,7,7,10),(0.,1.3105),(0.,
    1.614938419963,3.229876839926,4.844815259889,6.459753679852),
  .UNSPECIFIED.);
#3035 = CARTESIAN_POINT('',(113.10000290009,-2.34374965628,
    37.410207628788));
#3036 = CARTESIAN_POINT('',(113.10000401325,-2.302082858018,
    36.52009271142));
#3037 = CARTESIAN_POINT('',(112.92527436442,-2.260415425599,
    35.629973356948));
#3038 = CARTESIAN_POINT('',(112.57567400076,-2.218749543336,
    34.779061108108));
#3039 = CARTESIAN_POINT('',(112.06160494451,-2.177083262664,
    34.006613546254));
#3040 = CARTESIAN_POINT('',(111.40358378812,-2.135416397775,
    33.348582152728));
#3041 = CARTESIAN_POINT('',(110.63113252654,-2.093749533497,
    32.834527909687));
#3042 = CARTESIAN_POINT('',(109.78024083842,-2.05208273002,
    32.484978031281));
#3043 = CARTESIAN_POINT('',(108.00000931173,-1.968749330238,
    32.135428079385));
#3044 = CARTESIAN_POINT('',(106.21976406023,-1.885416162055,
    32.484976785252));
#3045 = CARTESIAN_POINT('',(105.36885921445,-1.843749598891,
    32.834525287543));
#3046 = CARTESIAN_POINT('',(104.59639116551,-1.802082939074,
    33.348583343262));
#3047 = CARTESIAN_POINT('',(103.93836758886,-1.760416191763,
    34.006608602882));
#3048 = CARTESIAN_POINT('',(103.42431512814,-1.71874945324,
    34.779073114164));
#3049 = CARTESIAN_POINT('',(103.0747723941,-1.677082781865,
    35.629971638385));
#3050 = CARTESIAN_POINT('',(102.72522936982,-1.593749484416,
    37.410207638053));
#3051 = CARTESIAN_POINT('',(103.07477299689,-1.510416186968,
    39.190443519364));
#3052 = CARTESIAN_POINT('',(103.42431571871,-1.468749515593,
    40.041341854423));
#3053 = CARTESIAN_POINT('',(103.93836669064,-1.427082777069,
    40.813806687062));
#3054 = CARTESIAN_POINT('',(104.59638952958,-1.385416029758,
    41.471833191608));
#3055 = CARTESIAN_POINT('',(105.36885840569,-1.343749369941,
    41.985891728997));
#3056 = CARTESIAN_POINT('',(106.21976388246,-1.302082806778,
    42.33543853427));
#3057 = CARTESIAN_POINT('',(108.00000929066,-1.218749638593,
    42.684984599408));
#3058 = CARTESIAN_POINT('',(109.78024066066,-1.135416238812,
    42.335435692133));
#3059 = CARTESIAN_POINT('',(110.63113296215,-1.093749435365,
    41.985888083572));
#3060 = CARTESIAN_POINT('',(111.40358396181,-1.052082570974,
    41.471836480342));
#3061 = CARTESIAN_POINT('',(112.06161261211,-1.010415706274,
    40.81380931719));
#3062 = CARTESIAN_POINT('',(112.57567563148,-0.968749425425,
    40.041348054041));
#3063 = CARTESIAN_POINT('',(112.9252622044,-0.927083543254,
    39.190441479433));
#3064 = CARTESIAN_POINT('',(113.10000468415,-0.885416110816,
    38.300322562568));
#3065 = CARTESIAN_POINT('',(113.10000580018,-0.84374931255,37.4102076452
    ));
#3066 = CARTESIAN_POINT('',(111.96507886063,-2.999003557187,
    37.410207442534));
#3067 = CARTESIAN_POINT('',(111.96508080355,-2.957338252385,
    36.718131265416));
#3068 = CARTESIAN_POINT('',(111.82923253927,-2.91567951041,
    36.026168500885));
#3069 = CARTESIAN_POINT('',(111.55746088537,-2.874004725595,
    35.364606557189));
#3070 = CARTESIAN_POINT('',(111.15775504136,-2.832334065443,
    34.764009006651));
#3071 = CARTESIAN_POINT('',(110.64615983896,-2.790669448986,
    34.252435728788));
#3072 = CARTESIAN_POINT('',(110.04561251303,-2.749004828026,
    33.852769018661));
#3073 = CARTESIAN_POINT('',(109.38407668961,-2.707339576994,
    33.581006941641));
#3074 = CARTESIAN_POINT('',(108.00000933769,-2.624006931318,
    33.309243074682));
#3075 = CARTESIAN_POINT('',(106.61592430669,-2.540671888895,
    33.581007014357));
#3076 = CARTESIAN_POINT('',(105.95437117068,-2.499004151105,
    33.85277121138));
#3077 = CARTESIAN_POINT('',(105.35380677112,-2.457337413552,
    34.252435619533));
#3078 = CARTESIAN_POINT('',(104.84222020564,-2.415671581452,
    34.764023698778));
#3079 = CARTESIAN_POINT('',(104.4425620131,-2.374005658408,
    35.364582848331));
#3080 = CARTESIAN_POINT('',(104.17080292396,-2.332339040467,
    36.026128876445));
#3081 = CARTESIAN_POINT('',(103.89904432842,-2.249005335774,
    37.410207966721));
#3082 = CARTESIAN_POINT('',(104.17080420327,-2.165671631081,
    38.794286805809));
#3083 = CARTESIAN_POINT('',(104.44256337029,-2.124005013141,
    39.455832456942));
#3084 = CARTESIAN_POINT('',(104.84221900828,-2.082339090096,
    40.056392117242));
#3085 = CARTESIAN_POINT('',(105.35380434018,-2.040673257994,
    40.567982331195));
#3086 = CARTESIAN_POINT('',(105.95437026946,-1.999006520442,
    40.967647504654));
#3087 = CARTESIAN_POINT('',(106.61592456741,-1.957338782654,
    41.239408587152));
#3088 = CARTESIAN_POINT('',(108.00000991772,-1.874003740227,
    41.511167626918));
#3089 = CARTESIAN_POINT('',(109.38407695033,-1.790671094552,
    41.239405407439));
#3090 = CARTESIAN_POINT('',(110.04561382256,-1.749005843572,
    40.967647263419));
#3091 = CARTESIAN_POINT('',(110.64616062299,-1.707341222413,
    40.567985152756));
#3092 = CARTESIAN_POINT('',(111.15776906204,-1.665676606291,
    40.056419313552));
#3093 = CARTESIAN_POINT('',(111.55746409052,-1.624005945825,
    39.455797361135));
#3094 = CARTESIAN_POINT('',(111.82921114417,-1.582331161173,
    38.794245457337));
#3095 = CARTESIAN_POINT('',(111.96508209965,-1.540672419165,
    38.102283449809));
#3096 = CARTESIAN_POINT('',(111.96508401293,-1.499007114356,
    37.410207272692));
#3097 = ADVANCED_FACE('',(#3098),#3143,.F.);
#3098 = FACE_BOUND('',#3099,.F.);
#3099 = EDGE_LOOP('',(#3100,#3136,#3137,#3138));
#3100 = ORIENTED_EDGE('',*,*,#3101,.F.);
#3101 = EDGE_CURVE('',#1543,#3102,#3104,.T.);
#3102 = VERTEX_POINT('',#3103);
#3103 = CARTESIAN_POINT('',(113.10000451125,-0.656249312555,
    37.4102076452));
#3104 = B_SPLINE_CURVE_WITH_KNOTS('',9,(#3105,#3106,#3107,#3108,#3109,
    #3110,#3111,#3112,#3113,#3114,#3115,#3116,#3117,#3118,#3119,#3120,
    #3121,#3122,#3123,#3124,#3125,#3126,#3127,#3128,#3129,#3130,#3131,
    #3132,#3133,#3134,#3135),.UNSPECIFIED.,.F.,.F.,(10,7,7,7,10),(0.,
    1.614938419963,3.229876839926,4.844815259889,6.459753679852),
  .UNSPECIFIED.);
#3105 = CARTESIAN_POINT('',(113.10000225562,-2.156249656281,
    37.410207628788));
#3106 = CARTESIAN_POINT('',(113.10000312205,-2.11458285802,
    36.520092880105));
#3107 = CARTESIAN_POINT('',(112.92527208163,-2.072915425606,
    35.629973742853));
#3108 = CARTESIAN_POINT('',(112.57567331748,-2.031249543346,
    34.779062285394));
#3109 = CARTESIAN_POINT('',(112.06160503024,-1.989583262651,
    34.006613346994));
#3110 = CARTESIAN_POINT('',(111.40358316662,-1.947916397784,
    33.348582547555));
#3111 = CARTESIAN_POINT('',(110.63113208112,-1.906249533496,
    32.834528694431));
#3112 = CARTESIAN_POINT('',(109.78024048651,-1.864582730023,
    32.484979133576));
#3113 = CARTESIAN_POINT('',(108.00000931505,-1.781249330242,
    32.135429362096));
#3114 = CARTESIAN_POINT('',(106.2197643832,-1.697916162058,
    32.484977706383));
#3115 = CARTESIAN_POINT('',(105.36885962822,-1.656249598892,
    32.834525952948));
#3116 = CARTESIAN_POINT('',(104.59639163324,-1.614582939075,
    33.34858396392));
#3117 = CARTESIAN_POINT('',(103.93836826258,-1.572916191765,
    34.006609236428));
#3118 = CARTESIAN_POINT('',(103.42431606389,-1.531249453243,
    34.779073636441));
#3119 = CARTESIAN_POINT('',(103.07477339656,-1.489582781868,
    35.629971977984));
#3120 = CARTESIAN_POINT('',(102.72523036965,-1.406249484419,
    37.410207626689));
#3121 = CARTESIAN_POINT('',(103.07477386158,-1.32291618697,
    39.19044318409));
#3122 = CARTESIAN_POINT('',(103.42431651758,-1.281249515595,
    40.041341379255));
#3123 = CARTESIAN_POINT('',(103.93836755667,-1.239582777072,
    40.813806030316));
#3124 = CARTESIAN_POINT('',(104.59639035214,-1.197916029762,
    41.471832272511));
#3125 = CARTESIAN_POINT('',(105.36885898937,-1.156249369945,
    41.985890659772));
#3126 = CARTESIAN_POINT('',(106.21976423437,-1.114582806781,
    42.33543758826));
#3127 = CARTESIAN_POINT('',(108.00000928735,-1.031249638595,
    42.684983882466));
#3128 = CARTESIAN_POINT('',(109.78024033768,-0.947916238814,
    42.335434927288));
#3129 = CARTESIAN_POINT('',(110.63113241011,-0.906249435364,
    41.985887133693));
#3130 = CARTESIAN_POINT('',(111.403583293,-0.864582570988,
    41.471835335412));
#3131 = CARTESIAN_POINT('',(112.06161098663,-0.822915706269,
    40.813807827675));
#3132 = CARTESIAN_POINT('',(112.57567458018,-0.781249425436,
    40.041348233817));
#3133 = CARTESIAN_POINT('',(112.92526262002,-0.739583543248,
    39.190441190399));
#3134 = CARTESIAN_POINT('',(113.10000364196,-0.697916110819,
    38.300322393884));
#3135 = CARTESIAN_POINT('',(113.10000451125,-0.656249312555,
    37.4102076452));
#3136 = ORIENTED_EDGE('',*,*,#1580,.T.);
#3137 = ORIENTED_EDGE('',*,*,#2993,.T.);
#3138 = ORIENTED_EDGE('',*,*,#3139,.F.);
#3139 = EDGE_CURVE('',#3102,#2994,#3140,.T.);
#3140 = B_SPLINE_CURVE_WITH_KNOTS('',1,(#3141,#3142),.UNSPECIFIED.,.F.,
  .F.,(2,2),(0.,0.1875),.PIECEWISE_BEZIER_KNOTS.);
#3141 = CARTESIAN_POINT('',(113.10000451125,-0.656249312555,
    37.4102076452));
#3142 = CARTESIAN_POINT('',(113.10000580018,-0.84374931255,37.4102076452
    ));
#3143 = B_SPLINE_SURFACE_WITH_KNOTS('',1,11,(
    (#3144,#3145,#3146,#3147,#3148,#3149,#3150,#3151,#3152,#3153,#3154
      ,#3155,#3156,#3157,#3158,#3159,#3160,#3161,#3162,#3163,#3164,#3165
      ,#3166,#3167,#3168,#3169,#3170,#3171,#3172,#3173)
    ,(#3174,#3175,#3176,#3177,#3178,#3179,#3180,#3181,#3182,#3183,#3184
      ,#3185,#3186,#3187,#3188,#3189,#3190,#3191,#3192,#3193,#3194,#3195
      ,#3196,#3197,#3198,#3199,#3200,#3201,#3202,#3203
  )),.UNSPECIFIED.,.F.,.F.,.F.,(2,2),(12,9,9,12),(0.,0.1875),(0.,
    1.614938419963,3.229876839926,6.459753679852),.UNSPECIFIED.);
#3144 = CARTESIAN_POINT('',(113.10000225562,-2.156249656281,
    37.410207628788));
#3145 = CARTESIAN_POINT('',(113.10000296452,-2.122158639522,
    36.68193192532));
#3146 = CARTESIAN_POINT('',(112.98563369803,-2.088067207681,
    35.953653349335));
#3147 = CARTESIAN_POINT('',(112.756825313,-2.053976472768,
    35.245334408359));
#3148 = CARTESIAN_POINT('',(112.41753074572,-2.019885968782,
    34.576953940639));
#3149 = CARTESIAN_POINT('',(111.9756114833,-1.985795259631,
    33.967595663218));
#3150 = CARTESIAN_POINT('',(111.44259802297,-1.951704294696,
    33.434581155928));
#3151 = CARTESIAN_POINT('',(110.83324341254,-1.91761323039,
    32.99267112262));
#3152 = CARTESIAN_POINT('',(110.16486990272,-1.883522191797,
    32.653398461699));
#3153 = CARTESIAN_POINT('',(109.45656202915,-1.849431203843,
    32.424602348379));
#3154 = CARTESIAN_POINT('',(108.00000812665,-1.781249350244,
    32.195806017549));
#3155 = CARTESIAN_POINT('',(106.54344521735,-1.713067648235,
    32.424601180675));
#3156 = CARTESIAN_POINT('',(105.83512864244,-1.678976816305,
    32.653396404334));
#3157 = CARTESIAN_POINT('',(105.16674327614,-1.644885953854,
    32.99267011206));
#3158 = CARTESIAN_POINT('',(104.55737944033,-1.610795037047,
    33.434580308969));
#3159 = CARTESIAN_POINT('',(104.02436514573,-1.576704079484,
    33.967595871205));
#3160 = CARTESIAN_POINT('',(103.58245861241,-1.542613116528,
    34.576957957329));
#3161 = CARTESIAN_POINT('',(103.2431893992,-1.508522179184,
    35.245339249074));
#3162 = CARTESIAN_POINT('',(103.01439778493,-1.474431273241,
    35.953651186424));
#3163 = CARTESIAN_POINT('',(102.67121014286,-1.372158590008,
    38.138485834994));
#3164 = CARTESIAN_POINT('',(103.35758628307,-1.269885906775,
    40.323320349095));
#3165 = CARTESIAN_POINT('',(104.2727562594,-1.201703920507,
    41.620148809624));
#3166 = CARTESIAN_POINT('',(105.5827776977,-1.133522383804,
    42.597526279311));
#3167 = CARTESIAN_POINT('',(107.16231729254,-1.065338632865,
    43.123868600723));
#3168 = CARTESIAN_POINT('',(108.8377368572,-0.997161196847,
    43.123841776383));
#3169 = CARTESIAN_POINT('',(110.41725860643,-0.928977470359,
    42.597503980993));
#3170 = CARTESIAN_POINT('',(111.72706177677,-0.860791411838,
    41.620176261864));
#3171 = CARTESIAN_POINT('',(112.64250017572,-0.79261503996,
    40.323321057035));
#3172 = CARTESIAN_POINT('',(113.10000308877,-0.724431346077,
    38.866759052137));
#3173 = CARTESIAN_POINT('',(113.10000451125,-0.656249312555,
    37.4102076452));
#3174 = CARTESIAN_POINT('',(113.10000290009,-2.34374965628,
    37.410207628788));
#3175 = CARTESIAN_POINT('',(113.10000381086,-2.309658639521,
    36.681931787305));
#3176 = CARTESIAN_POINT('',(112.9856354956,-2.275567207676,
    35.953653041537));
#3177 = CARTESIAN_POINT('',(112.75682670558,-2.24147647276,
    35.245333631418));
#3178 = CARTESIAN_POINT('',(112.41753130986,-2.207385968781,
    34.576953375275));
#3179 = CARTESIAN_POINT('',(111.97561173027,-2.173295259634,
    33.967595450173));
#3180 = CARTESIAN_POINT('',(111.44259841957,-2.139204294694,
    33.43458085223));
#3181 = CARTESIAN_POINT('',(110.83324391499,-2.105113230387,
    32.992670452112));
#3182 = CARTESIAN_POINT('',(110.16487029255,-2.071022191796,
    32.653397516145));
#3183 = CARTESIAN_POINT('',(109.45656231664,-2.03693120384,
    32.424601215744));
#3184 = CARTESIAN_POINT('',(108.00000812641,-1.96874935024,
    32.195804781646));
#3185 = CARTESIAN_POINT('',(106.54344495266,-1.900567648232,
    32.424600196266));
#3186 = CARTESIAN_POINT('',(105.83512828196,-1.866476816303,
    32.653395603529));
#3187 = CARTESIAN_POINT('',(105.16674285167,-1.832385953853,
    32.992669435844));
#3188 = CARTESIAN_POINT('',(104.55737892622,-1.798295037045,
    33.434579676659));
#3189 = CARTESIAN_POINT('',(104.02436448054,-1.764204079482,
    33.967595261405));
#3190 = CARTESIAN_POINT('',(103.58245776942,-1.730113116526,
    34.576957412495));
#3191 = CARTESIAN_POINT('',(103.24318843077,-1.696022179181,
    35.245338826047));
#3192 = CARTESIAN_POINT('',(103.01439678356,-1.661931273238,
    35.953650910514));
#3193 = CARTESIAN_POINT('',(102.67120916097,-1.559658590006,
    38.13848598649));
#3194 = CARTESIAN_POINT('',(103.35758551582,-1.457385906773,
    40.323320888157));
#3195 = CARTESIAN_POINT('',(104.27275607173,-1.389203920508,
    41.620150141427));
#3196 = CARTESIAN_POINT('',(105.58277414251,-1.321022383783,
    42.597524073696));
#3197 = CARTESIAN_POINT('',(107.162321246,-1.25283863289,43.123880165022
    ));
#3198 = CARTESIAN_POINT('',(108.83773642439,-1.18466119681,43.123826674)
  );
#3199 = CARTESIAN_POINT('',(110.41725366714,-1.116477470413,
    42.597516004458));
#3200 = CARTESIAN_POINT('',(111.72707006998,-1.048291411776,
    41.620174542629));
#3201 = CARTESIAN_POINT('',(112.64249748632,-0.980115039981,
    40.323321482543));
#3202 = CARTESIAN_POINT('',(113.10000397396,-0.911931346076,
    38.866759328165));
#3203 = CARTESIAN_POINT('',(113.10000580018,-0.84374931255,37.4102076452
    ));
#3204 = ADVANCED_FACE('',(#3205),#3305,.F.);
#3205 = FACE_BOUND('',#3206,.F.);
#3206 = EDGE_LOOP('',(#3207,#3298,#3299,#3300));
#3207 = ORIENTED_EDGE('',*,*,#3208,.F.);
#3208 = EDGE_CURVE('',#1652,#3209,#3211,.T.);
#3209 = VERTEX_POINT('',#3210);
#3210 = CARTESIAN_POINT('',(112.5,-0.309842045924,37.410207530321));
#3211 = B_SPLINE_CURVE_WITH_KNOTS('',8,(#3212,#3213,#3214,#3215,#3216,
    #3217,#3218,#3219,#3220,#3221,#3222,#3223,#3224,#3225,#3226,#3227,
    #3228,#3229,#3230,#3231,#3232,#3233,#3234,#3235,#3236,#3237,#3238,
    #3239,#3240,#3241,#3242,#3243,#3244,#3245,#3246,#3247,#3248,#3249,
    #3250,#3251,#3252,#3253,#3254,#3255,#3256,#3257,#3258,#3259,#3260,
    #3261,#3262,#3263,#3264,#3265,#3266,#3267,#3268,#3269,#3270,#3271,
    #3272,#3273,#3274,#3275,#3276,#3277,#3278,#3279,#3280,#3281,#3282,
    #3283,#3284,#3285,#3286,#3287,#3288,#3289,#3290,#3291,#3292,#3293,
    #3294,#3295,#3296,#3297),.UNSPECIFIED.,.F.,.F.,(9,7,7,7,7,7,7,7,7,7,
    7,7,9),(0.,4.495688384333E-02,0.134280734153,0.220232607913,
    0.376616024754,0.502028448265,0.523607096423,0.62661219058,
    0.736997879623,0.786555128956,0.867094195719,0.954930842435,1.),
  .UNSPECIFIED.);
#3212 = CARTESIAN_POINT('',(112.5,-1.809840942204,37.410207530321));
#3213 = CARTESIAN_POINT('',(112.4999999971,-1.80141309737,
    37.251340965032));
#3214 = CARTESIAN_POINT('',(112.49359008788,-1.792984254439,
    37.092473042907));
#3215 = CARTESIAN_POINT('',(112.48077042202,-1.78455509128,
    36.93390764053));
#3216 = CARTESIAN_POINT('',(112.46155807413,-1.776125967551,
    36.775946590364));
#3217 = CARTESIAN_POINT('',(112.43598702504,-1.767697026564,
    36.618889509982));
#3218 = CARTESIAN_POINT('',(112.40410814291,-1.759268297142,
    36.463033631296));
#3219 = CARTESIAN_POINT('',(112.36598916448,-1.750839795484,
    36.308673629784));
#3220 = CARTESIAN_POINT('',(112.23374666283,-1.725665883235,
    35.852959130438));
#3221 = CARTESIAN_POINT('',(112.12146356144,-1.708918580563,
    35.556821561029));
#3222 = CARTESIAN_POINT('',(111.98553298084,-1.692173171821,
    35.270036042885));
#3223 = CARTESIAN_POINT('',(111.8268863885,-1.675429290243,
    34.994797846488));
#3224 = CARTESIAN_POINT('',(111.64667896916,-1.658684988635,
    34.733168091628));
#3225 = CARTESIAN_POINT('',(111.44627417849,-1.64193868503,
    34.48707634274));
#3226 = CARTESIAN_POINT('',(111.22725299183,-1.625190814855,
    34.258307923346));
#3227 = CARTESIAN_POINT('',(110.76454435163,-1.592331711918,
    33.846565135735));
#3228 = CARTESIAN_POINT('',(110.52203536741,-1.576215801886,
    33.662130332985));
#3229 = CARTESIAN_POINT('',(110.26553480335,-1.560100642764,
    33.496621532083));
#3230 = CARTESIAN_POINT('',(109.99677927382,-1.543986636228,
    33.35126090994));
#3231 = CARTESIAN_POINT('',(109.71760851524,-1.527872736995,
    33.227071838884));
#3232 = CARTESIAN_POINT('',(109.4299560021,-1.511757826847,
    33.12488715141));
#3233 = CARTESIAN_POINT('',(109.13584976365,-1.495642128039,
    33.045336660472));
#3234 = CARTESIAN_POINT('',(108.2944575269,-1.450211322021,
    32.885974794068));
#3235 = CARTESIAN_POINT('',(107.73627494031,-1.420852149971,
    32.859191771384));
#3236 = CARTESIAN_POINT('',(107.17654432832,-1.391518127309,
    32.911447516974));
#3237 = CARTESIAN_POINT('',(106.62820520924,-1.362197688286,
    33.042049170492));
#3238 = CARTESIAN_POINT('',(106.10364960236,-1.332876727628,
    33.248383978425));
#3239 = CARTESIAN_POINT('',(105.61453853977,-1.303541206409,
    33.525510595084));
#3240 = CARTESIAN_POINT('',(105.17188400704,-1.274181077693,
    33.866601058904));
#3241 = CARTESIAN_POINT('',(104.47509039375,-1.221352671044,
    34.577997071576));
#3242 = CARTESIAN_POINT('',(104.20043353949,-1.19782789305,
    34.929694471113));
#3243 = CARTESIAN_POINT('',(103.966171306,-1.174311235163,
    35.311583878469));
#3244 = CARTESIAN_POINT('',(103.77603228234,-1.150800723228,
    35.718166300025));
#3245 = CARTESIAN_POINT('',(103.63289131591,-1.127290164343,
    36.143575295119));
#3246 = CARTESIAN_POINT('',(103.53871872214,-1.10377358004,
    36.581582067749));
#3247 = CARTESIAN_POINT('',(103.49461348543,-1.080248801102,
    37.025634192555));
#3248 = CARTESIAN_POINT('',(103.50137348824,-1.052692208987,
    37.545018922633));
#3249 = CARTESIAN_POINT('',(103.50384247089,-1.048646816997,
    37.62124672384));
#3250 = CARTESIAN_POINT('',(103.50778761367,-1.044601409279,
    37.697421933279));
#3251 = CARTESIAN_POINT('',(103.51320757727,-1.040555986934,
    37.773511183803));
#3252 = CARTESIAN_POINT('',(103.52010012067,-1.036510550902,
    37.849481187783));
#3253 = CARTESIAN_POINT('',(103.52846210113,-1.032465101958,
    37.925298737105));
#3254 = CARTESIAN_POINT('',(103.53828947422,-1.028419640712,
    38.000930703177));
#3255 = CARTESIAN_POINT('',(103.60345939561,-1.005063211031,
    38.43632754867));
#3256 = CARTESIAN_POINT('',(103.69063462712,-0.985746804645,
    38.791428888768));
#3257 = CARTESIAN_POINT('',(103.81057264833,-0.966432525226,
    39.137903929295));
#3258 = CARTESIAN_POINT('',(103.96223274639,-0.947121097073,
    39.472239068482));
#3259 = CARTESIAN_POINT('',(104.14415964678,-0.927809799352,
    39.791117363783));
#3260 = CARTESIAN_POINT('',(104.35451951675,-0.908495878654,
    40.091415203089));
#3261 = CARTESIAN_POINT('',(104.59107616133,-0.889179966765,
    40.370229514074));
#3262 = CARTESIAN_POINT('',(105.12977060749,-0.849175393396,
    40.897891886144));
#3263 = CARTESIAN_POINT('',(105.43557498794,-0.828474168374,
    41.143339614418));
#3264 = CARTESIAN_POINT('',(105.76521003592,-0.80777706901,
    41.357972324483));
#3265 = CARTESIAN_POINT('',(106.11500639874,-0.787083400935,
    41.539148092315));
#3266 = CARTESIAN_POINT('',(106.48103463164,-0.766389620897,
    41.6847691901));
#3267 = CARTESIAN_POINT('',(106.8591357783,-0.745692259394,
    41.793240743058));
#3268 = CARTESIAN_POINT('',(107.24491011088,-0.724990798275,
    41.863520714231));
#3269 = CARTESIAN_POINT('',(107.80823181182,-0.695006047017,
    41.909528994375));
#3270 = CARTESIAN_POINT('',(107.98340982323,-0.685715305879,
    41.916021533738));
#3271 = CARTESIAN_POINT('',(108.15881793886,-0.676424600982,
    41.914718274879));
#3272 = CARTESIAN_POINT('',(108.33405100912,-0.667133961076,
    41.905611418232));
#3273 = CARTESIAN_POINT('',(108.50870547059,-0.657843327981,
    41.888718320176));
#3274 = CARTESIAN_POINT('',(108.68237963469,-0.648552643724,
    41.864081468748));
#3275 = CARTESIAN_POINT('',(108.85467397637,-0.639261937677,
    41.831768459346));
#3276 = CARTESIAN_POINT('',(109.30231164599,-0.614872711857,
    41.727033303504));
#3277 = CARTESIAN_POINT('',(109.57477397849,-0.599772597396,
    41.642157481647));
#3278 = CARTESIAN_POINT('',(109.84084488782,-0.584673331461,
    41.537642819711));
#3279 = CARTESIAN_POINT('',(110.09887618678,-0.569575086697,
    41.414064832532));
#3280 = CARTESIAN_POINT('',(110.34729706059,-0.55447694077,
    41.272153748596));
#3281 = CARTESIAN_POINT('',(110.5846133602,-0.539377905963,
    41.112786000013));
#3282 = CARTESIAN_POINT('',(110.80941416172,-0.524277994813,
    40.936989688829));
#3283 = CARTESIAN_POINT('',(111.25047297367,-0.492712570174,
    40.53762968941));
#3284 = CARTESIAN_POINT('',(111.46417086261,-0.476243085215,
    40.311127152318));
#3285 = CARTESIAN_POINT('',(111.65975284619,-0.459774187721,
    40.068003735693));
#3286 = CARTESIAN_POINT('',(111.83572698218,-0.443305958554,
    39.809966367133));
#3287 = CARTESIAN_POINT('',(111.99080534302,-0.426837206868,
    39.538855971658));
#3288 = CARTESIAN_POINT('',(112.12389578005,-0.41036714139,
    39.256635888123));
#3289 = CARTESIAN_POINT('',(112.23411590761,-0.393896744736,
    38.965394314874));
#3290 = CARTESIAN_POINT('',(112.36532212433,-0.368980654833,
    38.514439189479));
#3291 = CARTESIAN_POINT('',(112.40362996639,-0.360531670248,
    38.359716368302));
#3292 = CARTESIAN_POINT('',(112.43566738923,-0.352083052031,
    38.203486427911));
#3293 = CARTESIAN_POINT('',(112.4613659625,-0.34363482986,
    38.046046229351));
#3294 = CARTESIAN_POINT('',(112.48067429404,-0.335186907112,
    37.887695229701));
#3295 = CARTESIAN_POINT('',(112.49355805414,-0.326739059912,
    37.728735323829));
#3296 = CARTESIAN_POINT('',(112.5,-0.318290936172,37.569470686148));
#3297 = CARTESIAN_POINT('',(112.5,-0.30984205463,37.410207612377));
#3298 = ORIENTED_EDGE('',*,*,#1651,.T.);
#3299 = ORIENTED_EDGE('',*,*,#3101,.T.);
#3300 = ORIENTED_EDGE('',*,*,#3301,.F.);
#3301 = EDGE_CURVE('',#3209,#3102,#3302,.T.);
#3302 = B_SPLINE_CURVE_WITH_KNOTS('',1,(#3303,#3304),.UNSPECIFIED.,.F.,
  .F.,(2,2),(0.,1.3105),.PIECEWISE_BEZIER_KNOTS.);
#3303 = CARTESIAN_POINT('',(111.96507371523,-1.00711439142E-03,
    37.41020727269));
#3304 = CARTESIAN_POINT('',(113.10000451125,-0.656249312555,
    37.4102076452));
#3305 = B_SPLINE_SURFACE_WITH_KNOTS('',1,9,(
    (#3306,#3307,#3308,#3309,#3310,#3311,#3312,#3313,#3314,#3315,#3316
      ,#3317,#3318,#3319,#3320,#3321,#3322,#3323,#3324,#3325,#3326,#3327
      ,#3328,#3329,#3330,#3331,#3332,#3333,#3334,#3335,#3336)
    ,(#3337,#3338,#3339,#3340,#3341,#3342,#3343,#3344,#3345,#3346,#3347
      ,#3348,#3349,#3350,#3351,#3352,#3353,#3354,#3355,#3356,#3357,#3358
      ,#3359,#3360,#3361,#3362,#3363,#3364,#3365,#3366,#3367
  )),.UNSPECIFIED.,.F.,.F.,.F.,(2,2),(10,7,7,7,10),(0.,1.3105),(0.,
    1.614938419963,3.229876839926,4.844815259889,6.459753679852),
  .UNSPECIFIED.);
#3306 = CARTESIAN_POINT('',(111.96507371178,-1.501003557196,
    37.410207442533));
#3307 = CARTESIAN_POINT('',(111.96507368346,-1.459338252401,
    36.718132613091));
#3308 = CARTESIAN_POINT('',(111.8292143013,-1.417679510468,
    36.026171584007));
#3309 = CARTESIAN_POINT('',(111.55745542647,-1.376004725674,
    35.364615962917));
#3310 = CARTESIAN_POINT('',(111.15775572632,-1.334334065335,
    34.764007414701));
#3311 = CARTESIAN_POINT('',(110.6461548736,-1.292669449061,
    34.252438883192));
#3312 = CARTESIAN_POINT('',(110.04560895441,-1.251004828017,
    33.852775288245));
#3313 = CARTESIAN_POINT('',(109.38407387807,-1.209339577022,
    33.581015748243));
#3314 = CARTESIAN_POINT('',(108.0000093642,-1.126006931351,
    33.309253322687));
#3315 = CARTESIAN_POINT('',(106.61592688701,-1.042671888913,
    33.581014373579));
#3316 = CARTESIAN_POINT('',(105.95437447642,-1.001004151117,
    33.852776527526));
#3317 = CARTESIAN_POINT('',(105.353810508,-0.959337413564,
    34.252440578177));
#3318 = CARTESIAN_POINT('',(104.84222558827,-0.917671581469,
    34.764028760393));
#3319 = CARTESIAN_POINT('',(104.44256948918,-0.876005658429,
    35.364587020975));
#3320 = CARTESIAN_POINT('',(104.17081093292,-0.834339040489,
    36.02613158961));
#3321 = CARTESIAN_POINT('',(103.89905231636,-0.751005335794,
    37.410207875934));
#3322 = CARTESIAN_POINT('',(104.17081111152,-0.667671631098,
    38.794284127191));
#3323 = CARTESIAN_POINT('',(104.44256975278,-0.626005013158,
    39.455828660674));
#3324 = CARTESIAN_POINT('',(104.84222592728,-0.584339090119,
    40.056386870277));
#3325 = CARTESIAN_POINT('',(105.35381091189,-0.542673258024,
    40.567974988223));
#3326 = CARTESIAN_POINT('',(105.95437493266,-0.501006520471,
    40.967638962263));
#3327 = CARTESIAN_POINT('',(106.61592737892,-0.459338782675,
    41.239401029167));
#3328 = CARTESIAN_POINT('',(108.00000989123,-0.376003740237,
    41.511161899033));
#3329 = CARTESIAN_POINT('',(109.38407436999,-0.292671094565,
    41.239399296841));
#3330 = CARTESIAN_POINT('',(110.04560941213,-0.25100584357,
    40.967639674522));
#3331 = CARTESIAN_POINT('',(110.64615527965,-0.209341222526,
    40.567976005532));
#3332 = CARTESIAN_POINT('',(111.15775607553,-0.167676606253,
    40.056407413322));
#3333 = CARTESIAN_POINT('',(111.55745569133,-0.126005945914,
    39.455798797427));
#3334 = CARTESIAN_POINT('',(111.82921446471,-8.433116111951E-02,
    38.794243148151));
#3335 = CARTESIAN_POINT('',(111.96507377318,-4.267241918634E-02,
    38.102282102132));
#3336 = CARTESIAN_POINT('',(111.96507371523,-1.00711439142E-03,
    37.41020727269));
#3337 = CARTESIAN_POINT('',(113.10000225562,-2.156249656281,
    37.410207628788));
#3338 = CARTESIAN_POINT('',(113.10000312205,-2.11458285802,
    36.520092880105));
#3339 = CARTESIAN_POINT('',(112.92527208163,-2.072915425606,
    35.629973742853));
#3340 = CARTESIAN_POINT('',(112.57567331748,-2.031249543346,
    34.779062285394));
#3341 = CARTESIAN_POINT('',(112.06160503024,-1.989583262651,
    34.006613346994));
#3342 = CARTESIAN_POINT('',(111.40358316662,-1.947916397784,
    33.348582547555));
#3343 = CARTESIAN_POINT('',(110.63113208112,-1.906249533496,
    32.834528694431));
#3344 = CARTESIAN_POINT('',(109.78024048651,-1.864582730023,
    32.484979133576));
#3345 = CARTESIAN_POINT('',(108.00000931505,-1.781249330242,
    32.135429362096));
#3346 = CARTESIAN_POINT('',(106.2197643832,-1.697916162058,
    32.484977706383));
#3347 = CARTESIAN_POINT('',(105.36885962822,-1.656249598892,
    32.834525952948));
#3348 = CARTESIAN_POINT('',(104.59639163324,-1.614582939075,
    33.34858396392));
#3349 = CARTESIAN_POINT('',(103.93836826258,-1.572916191765,
    34.006609236428));
#3350 = CARTESIAN_POINT('',(103.42431606389,-1.531249453243,
    34.779073636441));
#3351 = CARTESIAN_POINT('',(103.07477339656,-1.489582781868,
    35.629971977984));
#3352 = CARTESIAN_POINT('',(102.72523036965,-1.406249484419,
    37.410207626689));
#3353 = CARTESIAN_POINT('',(103.07477386158,-1.32291618697,
    39.19044318409));
#3354 = CARTESIAN_POINT('',(103.42431651758,-1.281249515595,
    40.041341379255));
#3355 = CARTESIAN_POINT('',(103.93836755667,-1.239582777072,
    40.813806030316));
#3356 = CARTESIAN_POINT('',(104.59639035214,-1.197916029762,
    41.471832272511));
#3357 = CARTESIAN_POINT('',(105.36885898937,-1.156249369945,
    41.985890659772));
#3358 = CARTESIAN_POINT('',(106.21976423437,-1.114582806781,
    42.33543758826));
#3359 = CARTESIAN_POINT('',(108.00000928735,-1.031249638595,
    42.684983882466));
#3360 = CARTESIAN_POINT('',(109.78024033768,-0.947916238814,
    42.335434927288));
#3361 = CARTESIAN_POINT('',(110.63113241011,-0.906249435364,
    41.985887133693));
#3362 = CARTESIAN_POINT('',(111.403583293,-0.864582570988,
    41.471835335412));
#3363 = CARTESIAN_POINT('',(112.06161098663,-0.822915706269,
    40.813807827675));
#3364 = CARTESIAN_POINT('',(112.57567458018,-0.781249425436,
    40.041348233817));
#3365 = CARTESIAN_POINT('',(112.92526262002,-0.739583543248,
    39.190441190399));
#3366 = CARTESIAN_POINT('',(113.10000364196,-0.697916110819,
    38.300322393884));
#3367 = CARTESIAN_POINT('',(113.10000451125,-0.656249312555,
    37.4102076452));
#3368 = ADVANCED_FACE('',(#3369),#3477,.F.);
#3369 = FACE_BOUND('',#3370,.F.);
#3370 = EDGE_LOOP('',(#3371,#3372,#3373,#3381));
#3371 = ORIENTED_EDGE('',*,*,#1802,.F.);
#3372 = ORIENTED_EDGE('',*,*,#3208,.T.);
#3373 = ORIENTED_EDGE('',*,*,#3374,.T.);
#3374 = EDGE_CURVE('',#3209,#3375,#3377,.T.);
#3375 = VERTEX_POINT('',#3376);
#3376 = CARTESIAN_POINT('',(112.5,0.309827597243,37.410207489292));
#3377 = LINE('',#3378,#3379);
#3378 = CARTESIAN_POINT('',(112.5,-3.,37.410207612377));
#3379 = VECTOR('',#3380,1.);
#3380 = DIRECTION('',(0.,1.,-2.2E-16));
#3381 = ORIENTED_EDGE('',*,*,#3382,.F.);
#3382 = EDGE_CURVE('',#1803,#3375,#3383,.T.);
#3383 = B_SPLINE_CURVE_WITH_KNOTS('',8,(#3384,#3385,#3386,#3387,#3388,
    #3389,#3390,#3391,#3392,#3393,#3394,#3395,#3396,#3397,#3398,#3399,
    #3400,#3401,#3402,#3403,#3404,#3405,#3406,#3407,#3408,#3409,#3410,
    #3411,#3412,#3413,#3414,#3415,#3416,#3417,#3418,#3419,#3420,#3421,
    #3422,#3423,#3424,#3425,#3426,#3427,#3428,#3429,#3430,#3431,#3432,
    #3433,#3434,#3435,#3436,#3437,#3438,#3439,#3440,#3441,#3442,#3443,
    #3444,#3445,#3446,#3447,#3448,#3449,#3450,#3451,#3452,#3453,#3454,
    #3455,#3456,#3457,#3458,#3459,#3460,#3461,#3462,#3463,#3464,#3465,
    #3466,#3467,#3468,#3469,#3470,#3471,#3472,#3473,#3474,#3475,#3476),
  .UNSPECIFIED.,.F.,.F.,(9,7,7,7,7,7,7,7,7,7,7,7,7,9),(0.,
    4.760691748847E-02,0.132227264507,0.226022595782,0.285718585153,
    0.380830882109,0.483828739395,0.50492966357,0.630786311097,
    0.746411881357,0.801885873433,0.868241382576,0.957855619892,1.),
  .UNSPECIFIED.);
#3384 = CARTESIAN_POINT('',(112.5,-1.190168317963,37.410207366206));
#3385 = CARTESIAN_POINT('',(112.5,-1.181243295746,37.241964349431));
#3386 = CARTESIAN_POINT('',(112.49281109585,-1.172319355786,
    37.073719297992));
#3387 = CARTESIAN_POINT('',(112.47843346806,-1.163395756055,
    36.90583357785));
#3388 = CARTESIAN_POINT('',(112.45688859375,-1.154471983017,
    36.738665790195));
#3389 = CARTESIAN_POINT('',(112.42821921114,-1.145547733084,
    36.572571551308));
#3390 = CARTESIAN_POINT('',(112.39248928396,-1.136622894074,
    36.407903272413));
#3391 = CARTESIAN_POINT('',(112.34978396595,-1.12769752667,
    36.245009939541));
#3392 = CARTESIAN_POINT('',(112.21209205607,-1.10290662615,
    35.798466008096));
#3393 = CARTESIAN_POINT('',(112.10225944092,-1.087038106737,
    35.519351582629));
#3394 = CARTESIAN_POINT('',(111.97131229445,-1.071169630918,
    35.248873404681));
#3395 = CARTESIAN_POINT('',(111.82006038715,-1.055302219576,
    34.988889073487));
#3396 = CARTESIAN_POINT('',(111.64949365808,-1.039435379425,
    34.741147216111));
#3397 = CARTESIAN_POINT('',(111.46077097828,-1.023568203941,
    34.507289415173));
#3398 = CARTESIAN_POINT('',(111.25522670491,-1.007700767018,
    34.288840848028));
#3399 = CARTESIAN_POINT('',(110.78961961197,-0.974250689263,
    33.863674339096));
#3400 = CARTESIAN_POINT('',(110.52598158604,-0.9566629377,
    33.660723069117));
#3401 = CARTESIAN_POINT('',(110.24556298396,-0.939077045198,
    33.480260384782));
#3402 = CARTESIAN_POINT('',(109.95062167517,-0.92149302301,
    33.323879614792));
#3403 = CARTESIAN_POINT('',(109.64355896102,-0.903908766221,
    33.192891773889));
#3404 = CARTESIAN_POINT('',(109.32690411192,-0.886322329341,
    33.08833958794));
#3405 = CARTESIAN_POINT('',(109.00331584334,-0.868734114372,
    33.010976629454));
#3406 = CARTESIAN_POINT('',(108.46702661959,-0.839956916293,
    32.929538613411));
#3407 = CARTESIAN_POINT('',(108.25674892688,-0.828764422358,
    32.909039750763));
#3408 = CARTESIAN_POINT('',(108.04547567915,-0.817572021693,
    32.899823722574));
#3409 = CARTESIAN_POINT('',(107.8339140861,-0.806379786723,
    32.90194270653));
#3410 = CARTESIAN_POINT('',(107.62277005309,-0.795187556542,
    32.915396330816));
#3411 = CARTESIAN_POINT('',(107.41274759751,-0.78399516467,
    32.94013302979));
#3412 = CARTESIAN_POINT('',(107.20454816909,-0.772802668182,
    32.976048735526));
#3413 = CARTESIAN_POINT('',(106.6711672046,-0.743778469244,
    33.097762077731));
#3414 = CARTESIAN_POINT('',(106.34978247589,-0.72594300668,
    33.200530937522));
#3415 = CARTESIAN_POINT('',(106.03760517791,-0.708109289525,
    33.330649353084));
#3416 = CARTESIAN_POINT('',(105.73734091029,-0.690277664584,
    33.487124188443));
#3417 = CARTESIAN_POINT('',(105.45153544377,-0.67244608144,
    33.668668186429));
#3418 = CARTESIAN_POINT('',(105.18257783083,-0.654612463241,
    33.873722422188));
#3419 = CARTESIAN_POINT('',(104.93268256523,-0.636777093303,
    34.100442326923));
#3420 = CARTESIAN_POINT('',(104.45604705546,-0.599634521847,
    34.613264571434));
#3421 = CARTESIAN_POINT('',(104.23282241462,-0.580318599986,
    34.90286309818));
#3422 = CARTESIAN_POINT('',(104.03677298684,-0.561004698153,
    35.212693337503));
#3423 = CARTESIAN_POINT('',(103.86999640582,-0.541693443019,
    35.539750564567));
#3424 = CARTESIAN_POINT('',(103.7341780449,-0.522382072507,
    35.88082861958));
#3425 = CARTESIAN_POINT('',(103.63061606929,-0.503067859413,
    36.232545972314));
#3426 = CARTESIAN_POINT('',(103.5601853159,-0.483751527837,
    36.591344085897));
#3427 = CARTESIAN_POINT('',(103.51567110277,-0.460484491696,
    37.027643505964));
#3428 = CARTESIAN_POINT('',(103.50950716644,-0.456528333244,
    37.101972300859));
#3429 = CARTESIAN_POINT('',(103.50475136349,-0.452572187109,
    37.176413380511));
#3430 = CARTESIAN_POINT('',(103.50140603823,-0.448616053635,
    37.250935622722));
#3431 = CARTESIAN_POINT('',(103.49947270775,-0.444659933464,
    37.325507867149));
#3432 = CARTESIAN_POINT('',(103.49895206185,-0.440703827531,
    37.400098915294));
#3433 = CARTESIAN_POINT('',(103.4998439631,-0.436747737067,
    37.474677530512));
#3434 = CARTESIAN_POINT('',(103.51588659576,-0.409195628647,
    37.993776548267));
#3435 = CARTESIAN_POINT('',(103.57985169527,-0.385585792118,
    38.437058540356));
#3436 = CARTESIAN_POINT('',(103.69393136616,-0.361984266076,
    38.872017969158));
#3437 = CARTESIAN_POINT('',(103.85671948966,-0.338388898689,
    39.292086896368));
#3438 = CARTESIAN_POINT('',(104.0659427988,-0.314793539593,
    39.691064899066));
#3439 = CARTESIAN_POINT('',(104.31842778356,-0.291191878938,
    40.063160472281));
#3440 = CARTESIAN_POINT('',(104.61015365786,-0.267581889885,
    40.402993305821));
#3441 = CARTESIAN_POINT('',(105.23515047192,-0.222307775894,
    40.984081615766));
#3442 = CARTESIAN_POINT('',(105.5634126479,-0.200620069746,
    41.231379486699));
#3443 = CARTESIAN_POINT('',(105.91676252604,-0.17893693062,
    41.444018494385));
#3444 = CARTESIAN_POINT('',(106.29087504242,-0.157257780439,
    41.619105299301));
#3445 = CARTESIAN_POINT('',(106.68114092012,-0.135578713452,
    41.754412870249));
#3446 = CARTESIAN_POINT('',(107.08270314972,-0.113895765525,
    41.848324190151));
#3447 = CARTESIAN_POINT('',(107.49044389387,-9.220821709895E-02,
    41.899898079854));
#3448 = CARTESIAN_POINT('',(108.09495585937,-6.012974397647E-02,
    41.913474721924));
#3449 = CARTESIAN_POINT('',(108.29117481723,-4.972904984518E-02,
    41.908118222118));
#3450 = CARTESIAN_POINT('',(108.48704395046,-3.932850953703E-02,
    41.892989731317));
#3451 = CARTESIAN_POINT('',(108.68199515088,-2.892813128294E-02,
    41.86811705467));
#3452 = CARTESIAN_POINT('',(108.87546582167,-1.852775665339E-02,
    41.833566849842));
#3453 = CARTESIAN_POINT('',(109.06689916851,-8.127230474146E-03,
    41.789443712219));
#3454 = CARTESIAN_POINT('',(109.25574475028,2.273432605833E-03,
    41.735890962912));
#3455 = CARTESIAN_POINT('',(109.66360271807,2.51144409296E-02,
    41.597977190951));
#3456 = CARTESIAN_POINT('',(109.88128325945,3.755563763716E-02,
    41.50962775908));
#3457 = CARTESIAN_POINT('',(110.09356519102,4.999662772845E-02,
    41.408358853909));
#3458 = CARTESIAN_POINT('',(110.29955547429,6.2437338974E-02,
    41.294561003488));
#3459 = CARTESIAN_POINT('',(110.49840090636,7.487807596414E-02,
    41.168694224328));
#3460 = CARTESIAN_POINT('',(110.68928781547,8.731912816837E-02,
    41.031285293999));
#3461 = CARTESIAN_POINT('',(110.87144430047,9.976038429344E-02,
    40.882929325995));
#3462 = CARTESIAN_POINT('',(111.27738024904,0.129002151294,
    40.510058180351));
#3463 = CARTESIAN_POINT('',(111.49342105362,0.14580576966,
    40.277027392526));
#3464 = CARTESIAN_POINT('',(111.69044266222,0.162607993864,
    40.026861422965));
#3465 = CARTESIAN_POINT('',(111.8668776981,0.179408392282,
    39.761389155889));
#3466 = CARTESIAN_POINT('',(112.02138145865,0.196208494571,
    39.482582001714));
#3467 = CARTESIAN_POINT('',(112.15282245551,0.213010113974,
    39.192541028252));
#3468 = CARTESIAN_POINT('',(112.2602982099,0.229813413173,
    38.893499441532));
#3469 = CARTESIAN_POINT('',(112.38215276444,0.254516141164,
    38.444093055014));
#3470 = CARTESIAN_POINT('',(112.4156921485,0.262417766309,
    38.298870245438));
#3471 = CARTESIAN_POINT('',(112.4437290367,0.270319501853,38.15241355934
    ));
#3472 = CARTESIAN_POINT('',(112.46621105465,0.278221323629,
    38.004966525818));
#3473 = CARTESIAN_POINT('',(112.48309888142,0.286123206273,
    37.856774512717));
#3474 = CARTESIAN_POINT('',(112.49436625868,0.294025058908,
    37.708084608087));
#3475 = CARTESIAN_POINT('',(112.5,0.301926660841,37.559145501641));
#3476 = CARTESIAN_POINT('',(112.5,0.309827597243,37.410207366206));
#3477 = CYLINDRICAL_SURFACE('',#3478,4.5);
#3478 = AXIS2_PLACEMENT_3D('',#3479,#3480,#3481);
#3479 = CARTESIAN_POINT('',(108.,-3.,37.410207612377));
#3480 = DIRECTION('',(0.,-1.,2.2E-16));
#3481 = DIRECTION('',(1.,0.,0.));
#3482 = ADVANCED_FACE('',(#3483,#3486),#3497,.T.);
#3483 = FACE_BOUND('',#3484,.T.);
#3484 = EDGE_LOOP('',(#3485));
#3485 = ORIENTED_EDGE('',*,*,#1917,.T.);
#3486 = FACE_BOUND('',#3487,.T.);
#3487 = EDGE_LOOP('',(#3488));
#3488 = ORIENTED_EDGE('',*,*,#3489,.T.);
#3489 = EDGE_CURVE('',#3490,#3490,#3492,.T.);
#3490 = VERTEX_POINT('',#3491);
#3491 = CARTESIAN_POINT('',(115.5,1.,54.));
#3492 = CIRCLE('',#3493,7.5);
#3493 = AXIS2_PLACEMENT_3D('',#3494,#3495,#3496);
#3494 = CARTESIAN_POINT('',(108.,1.,54.));
#3495 = DIRECTION('',(-0.,1.,2.2E-16));
#3496 = DIRECTION('',(1.,0.,0.));
#3497 = PLANE('',#3498);
#3498 = AXIS2_PLACEMENT_3D('',#3499,#3500,#3501);
#3499 = CARTESIAN_POINT('',(120.,1.,63.099999999936));
#3500 = DIRECTION('',(0.,-1.,0.));
#3501 = DIRECTION('',(-2.2E-16,-0.,-1.));
#3502 = ADVANCED_FACE('',(#3503),#3547,.F.);
#3503 = FACE_BOUND('',#3504,.F.);
#3504 = EDGE_LOOP('',(#3505,#3540,#3541,#3542));
#3505 = ORIENTED_EDGE('',*,*,#3506,.F.);
#3506 = EDGE_CURVE('',#1970,#3507,#3509,.T.);
#3507 = VERTEX_POINT('',#3508);
#3508 = CARTESIAN_POINT('',(113.10000580018,-0.84374931255,69.9102076452
    ));
#3509 = B_SPLINE_CURVE_WITH_KNOTS('',11,(#3510,#3511,#3512,#3513,#3514,
    #3515,#3516,#3517,#3518,#3519,#3520,#3521,#3522,#3523,#3524,#3525,
    #3526,#3527,#3528,#3529,#3530,#3531,#3532,#3533,#3534,#3535,#3536,
    #3537,#3538,#3539),.UNSPECIFIED.,.F.,.F.,(12,9,9,12),(0.,
    1.614938419963,3.229876839926,6.459753679852),.UNSPECIFIED.);
#3510 = CARTESIAN_POINT('',(113.10000290009,-2.34374965628,
    69.910207628788));
#3511 = CARTESIAN_POINT('',(113.10000381086,-2.309658639521,
    69.181931787305));
#3512 = CARTESIAN_POINT('',(112.9856354956,-2.275567207676,
    68.453653041537));
#3513 = CARTESIAN_POINT('',(112.75682670558,-2.24147647276,
    67.745333631418));
#3514 = CARTESIAN_POINT('',(112.41753130986,-2.207385968781,
    67.076953375275));
#3515 = CARTESIAN_POINT('',(111.97561173027,-2.173295259634,
    66.467595450173));
#3516 = CARTESIAN_POINT('',(111.44259841957,-2.139204294694,
    65.93458085223));
#3517 = CARTESIAN_POINT('',(110.83324391499,-2.105113230387,
    65.492670452112));
#3518 = CARTESIAN_POINT('',(110.16487029255,-2.071022191796,
    65.153397516145));
#3519 = CARTESIAN_POINT('',(109.45656231664,-2.03693120384,
    64.924601215744));
#3520 = CARTESIAN_POINT('',(108.00000812641,-1.96874935024,
    64.695804781646));
#3521 = CARTESIAN_POINT('',(106.54344495266,-1.900567648232,
    64.924600196266));
#3522 = CARTESIAN_POINT('',(105.83512828196,-1.866476816303,
    65.153395603529));
#3523 = CARTESIAN_POINT('',(105.16674285167,-1.832385953853,
    65.492669435844));
#3524 = CARTESIAN_POINT('',(104.55737892622,-1.798295037045,
    65.934579676659));
#3525 = CARTESIAN_POINT('',(104.02436448054,-1.764204079482,
    66.467595261405));
#3526 = CARTESIAN_POINT('',(103.58245776942,-1.730113116526,
    67.076957412495));
#3527 = CARTESIAN_POINT('',(103.24318843077,-1.696022179181,
    67.745338826047));
#3528 = CARTESIAN_POINT('',(103.01439678356,-1.661931273238,
    68.453650910514));
#3529 = CARTESIAN_POINT('',(102.67120916097,-1.559658590006,
    70.63848598649));
#3530 = CARTESIAN_POINT('',(103.35758551582,-1.457385906773,
    72.823320888157));
#3531 = CARTESIAN_POINT('',(104.27275607173,-1.389203920508,
    74.120150141427));
#3532 = CARTESIAN_POINT('',(105.58277414251,-1.321022383783,
    75.097524073696));
#3533 = CARTESIAN_POINT('',(107.162321246,-1.25283863289,75.623880165022
    ));
#3534 = CARTESIAN_POINT('',(108.83773642439,-1.18466119681,75.623826674)
  );
#3535 = CARTESIAN_POINT('',(110.41725366714,-1.116477470413,
    75.097516004458));
#3536 = CARTESIAN_POINT('',(111.72707006998,-1.048291411776,
    74.120174542629));
#3537 = CARTESIAN_POINT('',(112.64249748632,-0.980115039981,
    72.823321482543));
#3538 = CARTESIAN_POINT('',(113.10000397396,-0.911931346076,
    71.366759328165));
#3539 = CARTESIAN_POINT('',(113.10000580018,-0.84374931255,69.9102076452
    ));
#3540 = ORIENTED_EDGE('',*,*,#2006,.T.);
#3541 = ORIENTED_EDGE('',*,*,#2345,.T.);
#3542 = ORIENTED_EDGE('',*,*,#3543,.F.);
#3543 = EDGE_CURVE('',#3507,#2338,#3544,.T.);
#3544 = B_SPLINE_CURVE_WITH_KNOTS('',1,(#3545,#3546),.UNSPECIFIED.,.F.,
  .F.,(2,2),(0.,1.3105),.PIECEWISE_BEZIER_KNOTS.);
#3545 = CARTESIAN_POINT('',(113.10000580018,-0.84374931255,69.9102076452
    ));
#3546 = CARTESIAN_POINT('',(111.96508401293,-1.499007114356,
    69.910207272692));
#3547 = B_SPLINE_SURFACE_WITH_KNOTS('',1,9,(
    (#3548,#3549,#3550,#3551,#3552,#3553,#3554,#3555,#3556,#3557,#3558
      ,#3559,#3560,#3561,#3562,#3563,#3564,#3565,#3566,#3567,#3568,#3569
      ,#3570,#3571,#3572,#3573,#3574,#3575,#3576,#3577,#3578)
    ,(#3579,#3580,#3581,#3582,#3583,#3584,#3585,#3586,#3587,#3588,#3589
      ,#3590,#3591,#3592,#3593,#3594,#3595,#3596,#3597,#3598,#3599,#3600
      ,#3601,#3602,#3603,#3604,#3605,#3606,#3607,#3608,#3609
  )),.UNSPECIFIED.,.F.,.F.,.F.,(2,2),(10,7,7,7,10),(0.,1.3105),(0.,
    1.614938419963,3.229876839926,4.844815259889,6.459753679852),
  .UNSPECIFIED.);
#3548 = CARTESIAN_POINT('',(113.10000290009,-2.34374965628,
    69.910207628788));
#3549 = CARTESIAN_POINT('',(113.10000401325,-2.302082858018,
    69.02009271142));
#3550 = CARTESIAN_POINT('',(112.92527436442,-2.260415425599,
    68.129973356948));
#3551 = CARTESIAN_POINT('',(112.57567400076,-2.218749543336,
    67.279061108108));
#3552 = CARTESIAN_POINT('',(112.06160494451,-2.177083262664,
    66.506613546254));
#3553 = CARTESIAN_POINT('',(111.40358378812,-2.135416397775,
    65.848582152728));
#3554 = CARTESIAN_POINT('',(110.63113252654,-2.093749533497,
    65.334527909687));
#3555 = CARTESIAN_POINT('',(109.78024083842,-2.05208273002,
    64.984978031281));
#3556 = CARTESIAN_POINT('',(108.00000931173,-1.968749330238,
    64.635428079385));
#3557 = CARTESIAN_POINT('',(106.21976406023,-1.885416162055,
    64.984976785252));
#3558 = CARTESIAN_POINT('',(105.36885921445,-1.843749598891,
    65.334525287543));
#3559 = CARTESIAN_POINT('',(104.59639116551,-1.802082939074,
    65.848583343262));
#3560 = CARTESIAN_POINT('',(103.93836758886,-1.760416191763,
    66.506608602882));
#3561 = CARTESIAN_POINT('',(103.42431512814,-1.71874945324,
    67.279073114164));
#3562 = CARTESIAN_POINT('',(103.0747723941,-1.677082781865,
    68.129971638385));
#3563 = CARTESIAN_POINT('',(102.72522936982,-1.593749484416,
    69.910207638053));
#3564 = CARTESIAN_POINT('',(103.07477299689,-1.510416186968,
    71.690443519364));
#3565 = CARTESIAN_POINT('',(103.42431571871,-1.468749515593,
    72.541341854423));
#3566 = CARTESIAN_POINT('',(103.93836669064,-1.427082777069,
    73.313806687062));
#3567 = CARTESIAN_POINT('',(104.59638952958,-1.385416029758,
    73.971833191608));
#3568 = CARTESIAN_POINT('',(105.36885840569,-1.343749369941,
    74.485891728997));
#3569 = CARTESIAN_POINT('',(106.21976388246,-1.302082806778,
    74.83543853427));
#3570 = CARTESIAN_POINT('',(108.00000929066,-1.218749638593,
    75.184984599408));
#3571 = CARTESIAN_POINT('',(109.78024066066,-1.135416238812,
    74.835435692133));
#3572 = CARTESIAN_POINT('',(110.63113296215,-1.093749435365,
    74.485888083572));
#3573 = CARTESIAN_POINT('',(111.40358396181,-1.052082570974,
    73.971836480342));
#3574 = CARTESIAN_POINT('',(112.06161261211,-1.010415706274,
    73.31380931719));
#3575 = CARTESIAN_POINT('',(112.57567563148,-0.968749425425,
    72.541348054041));
#3576 = CARTESIAN_POINT('',(112.9252622044,-0.927083543254,
    71.690441479433));
#3577 = CARTESIAN_POINT('',(113.10000468415,-0.885416110816,
    70.800322562568));
#3578 = CARTESIAN_POINT('',(113.10000580018,-0.84374931255,69.9102076452
    ));
#3579 = CARTESIAN_POINT('',(111.96507886063,-2.999003557187,
    69.910207442534));
#3580 = CARTESIAN_POINT('',(111.96508080355,-2.957338252385,
    69.218131265416));
#3581 = CARTESIAN_POINT('',(111.82923253927,-2.91567951041,
    68.526168500885));
#3582 = CARTESIAN_POINT('',(111.55746088537,-2.874004725595,
    67.864606557189));
#3583 = CARTESIAN_POINT('',(111.15775504136,-2.832334065443,
    67.264009006651));
#3584 = CARTESIAN_POINT('',(110.64615983896,-2.790669448986,
    66.752435728788));
#3585 = CARTESIAN_POINT('',(110.04561251303,-2.749004828026,
    66.352769018662));
#3586 = CARTESIAN_POINT('',(109.38407668961,-2.707339576994,
    66.081006941641));
#3587 = CARTESIAN_POINT('',(108.00000933769,-2.624006931318,
    65.809243074682));
#3588 = CARTESIAN_POINT('',(106.61592430669,-2.540671888895,
    66.081007014357));
#3589 = CARTESIAN_POINT('',(105.95437117068,-2.499004151105,
    66.35277121138));
#3590 = CARTESIAN_POINT('',(105.35380677112,-2.457337413552,
    66.752435619533));
#3591 = CARTESIAN_POINT('',(104.84222020564,-2.415671581452,
    67.264023698778));
#3592 = CARTESIAN_POINT('',(104.4425620131,-2.374005658408,
    67.864582848331));
#3593 = CARTESIAN_POINT('',(104.17080292396,-2.332339040467,
    68.526128876445));
#3594 = CARTESIAN_POINT('',(103.89904432842,-2.249005335774,
    69.910207966722));
#3595 = CARTESIAN_POINT('',(104.17080420327,-2.165671631081,
    71.294286805809));
#3596 = CARTESIAN_POINT('',(104.44256337029,-2.124005013141,
    71.955832456942));
#3597 = CARTESIAN_POINT('',(104.84221900828,-2.082339090096,
    72.556392117242));
#3598 = CARTESIAN_POINT('',(105.35380434018,-2.040673257994,
    73.067982331195));
#3599 = CARTESIAN_POINT('',(105.95437026946,-1.999006520442,
    73.467647504654));
#3600 = CARTESIAN_POINT('',(106.61592456741,-1.957338782654,
    73.739408587152));
#3601 = CARTESIAN_POINT('',(108.00000991772,-1.874003740227,
    74.011167626918));
#3602 = CARTESIAN_POINT('',(109.38407695033,-1.790671094552,
    73.739405407439));
#3603 = CARTESIAN_POINT('',(110.04561382256,-1.749005843572,
    73.467647263419));
#3604 = CARTESIAN_POINT('',(110.64616062299,-1.707341222413,
    73.067985152756));
#3605 = CARTESIAN_POINT('',(111.15776906204,-1.665676606291,
    72.556419313552));
#3606 = CARTESIAN_POINT('',(111.55746409052,-1.624005945825,
    71.955797361135));
#3607 = CARTESIAN_POINT('',(111.82921114417,-1.582331161173,
    71.294245457337));
#3608 = CARTESIAN_POINT('',(111.96508209965,-1.540672419165,
    70.602283449809));
#3609 = CARTESIAN_POINT('',(111.96508401293,-1.499007114356,
    69.910207272692));
#3610 = ADVANCED_FACE('',(#3611),#3656,.F.);
#3611 = FACE_BOUND('',#3612,.F.);
#3612 = EDGE_LOOP('',(#3613,#3649,#3650,#3651));
#3613 = ORIENTED_EDGE('',*,*,#3614,.F.);
#3614 = EDGE_CURVE('',#2078,#3615,#3617,.T.);
#3615 = VERTEX_POINT('',#3616);
#3616 = CARTESIAN_POINT('',(113.10000451125,-0.656249312555,
    69.9102076452));
#3617 = B_SPLINE_CURVE_WITH_KNOTS('',9,(#3618,#3619,#3620,#3621,#3622,
    #3623,#3624,#3625,#3626,#3627,#3628,#3629,#3630,#3631,#3632,#3633,
    #3634,#3635,#3636,#3637,#3638,#3639,#3640,#3641,#3642,#3643,#3644,
    #3645,#3646,#3647,#3648),.UNSPECIFIED.,.F.,.F.,(10,7,7,7,10),(0.,
    1.614938419963,3.229876839926,4.844815259889,6.459753679852),
  .UNSPECIFIED.);
#3618 = CARTESIAN_POINT('',(113.10000225562,-2.156249656281,
    69.910207628788));
#3619 = CARTESIAN_POINT('',(113.10000312205,-2.11458285802,
    69.020092880105));
#3620 = CARTESIAN_POINT('',(112.92527208163,-2.072915425606,
    68.129973742853));
#3621 = CARTESIAN_POINT('',(112.57567331748,-2.031249543346,
    67.279062285394));
#3622 = CARTESIAN_POINT('',(112.06160503024,-1.989583262651,
    66.506613346994));
#3623 = CARTESIAN_POINT('',(111.40358316662,-1.947916397784,
    65.848582547555));
#3624 = CARTESIAN_POINT('',(110.63113208112,-1.906249533496,
    65.334528694431));
#3625 = CARTESIAN_POINT('',(109.78024048651,-1.864582730023,
    64.984979133576));
#3626 = CARTESIAN_POINT('',(108.00000931505,-1.781249330242,
    64.635429362096));
#3627 = CARTESIAN_POINT('',(106.2197643832,-1.697916162058,
    64.984977706383));
#3628 = CARTESIAN_POINT('',(105.36885962822,-1.656249598892,
    65.334525952948));
#3629 = CARTESIAN_POINT('',(104.59639163324,-1.614582939075,
    65.84858396392));
#3630 = CARTESIAN_POINT('',(103.93836826258,-1.572916191765,
    66.506609236428));
#3631 = CARTESIAN_POINT('',(103.42431606389,-1.531249453243,
    67.279073636441));
#3632 = CARTESIAN_POINT('',(103.07477339656,-1.489582781868,
    68.129971977984));
#3633 = CARTESIAN_POINT('',(102.72523036965,-1.406249484419,
    69.910207626689));
#3634 = CARTESIAN_POINT('',(103.07477386158,-1.32291618697,
    71.69044318409));
#3635 = CARTESIAN_POINT('',(103.42431651758,-1.281249515595,
    72.541341379255));
#3636 = CARTESIAN_POINT('',(103.93836755667,-1.239582777072,
    73.313806030316));
#3637 = CARTESIAN_POINT('',(104.59639035214,-1.197916029762,
    73.971832272511));
#3638 = CARTESIAN_POINT('',(105.36885898937,-1.156249369945,
    74.485890659772));
#3639 = CARTESIAN_POINT('',(106.21976423437,-1.114582806781,
    74.83543758826));
#3640 = CARTESIAN_POINT('',(108.00000928735,-1.031249638595,
    75.184983882466));
#3641 = CARTESIAN_POINT('',(109.78024033768,-0.947916238814,
    74.835434927288));
#3642 = CARTESIAN_POINT('',(110.63113241011,-0.906249435364,
    74.485887133693));
#3643 = CARTESIAN_POINT('',(111.403583293,-0.864582570988,
    73.971835335412));
#3644 = CARTESIAN_POINT('',(112.06161098663,-0.822915706269,
    73.313807827675));
#3645 = CARTESIAN_POINT('',(112.57567458018,-0.781249425436,
    72.541348233817));
#3646 = CARTESIAN_POINT('',(112.92526262002,-0.739583543248,
    71.690441190399));
#3647 = CARTESIAN_POINT('',(113.10000364196,-0.697916110819,
    70.800322393884));
#3648 = CARTESIAN_POINT('',(113.10000451125,-0.656249312555,
    69.9102076452));
#3649 = ORIENTED_EDGE('',*,*,#2115,.T.);
#3650 = ORIENTED_EDGE('',*,*,#3506,.T.);
#3651 = ORIENTED_EDGE('',*,*,#3652,.F.);
#3652 = EDGE_CURVE('',#3615,#3507,#3653,.T.);
#3653 = B_SPLINE_CURVE_WITH_KNOTS('',1,(#3654,#3655),.UNSPECIFIED.,.F.,
  .F.,(2,2),(0.,0.1875),.PIECEWISE_BEZIER_KNOTS.);
#3654 = CARTESIAN_POINT('',(113.10000451125,-0.656249312555,
    69.9102076452));
#3655 = CARTESIAN_POINT('',(113.10000580018,-0.84374931255,69.9102076452
    ));
#3656 = B_SPLINE_SURFACE_WITH_KNOTS('',1,11,(
    (#3657,#3658,#3659,#3660,#3661,#3662,#3663,#3664,#3665,#3666,#3667
      ,#3668,#3669,#3670,#3671,#3672,#3673,#3674,#3675,#3676,#3677,#3678
      ,#3679,#3680,#3681,#3682,#3683,#3684,#3685,#3686)
    ,(#3687,#3688,#3689,#3690,#3691,#3692,#3693,#3694,#3695,#3696,#3697
      ,#3698,#3699,#3700,#3701,#3702,#3703,#3704,#3705,#3706,#3707,#3708
      ,#3709,#3710,#3711,#3712,#3713,#3714,#3715,#3716
  )),.UNSPECIFIED.,.F.,.F.,.F.,(2,2),(12,9,9,12),(0.,0.1875),(0.,
    1.614938419963,3.229876839926,6.459753679852),.UNSPECIFIED.);
#3657 = CARTESIAN_POINT('',(113.10000225562,-2.156249656281,
    69.910207628788));
#3658 = CARTESIAN_POINT('',(113.10000296452,-2.122158639522,
    69.18193192532));
#3659 = CARTESIAN_POINT('',(112.98563369803,-2.088067207681,
    68.453653349335));
#3660 = CARTESIAN_POINT('',(112.756825313,-2.053976472768,
    67.745334408359));
#3661 = CARTESIAN_POINT('',(112.41753074572,-2.019885968782,
    67.076953940639));
#3662 = CARTESIAN_POINT('',(111.9756114833,-1.985795259631,
    66.467595663218));
#3663 = CARTESIAN_POINT('',(111.44259802297,-1.951704294696,
    65.934581155928));
#3664 = CARTESIAN_POINT('',(110.83324341254,-1.91761323039,
    65.49267112262));
#3665 = CARTESIAN_POINT('',(110.16486990272,-1.883522191797,
    65.153398461699));
#3666 = CARTESIAN_POINT('',(109.45656202915,-1.849431203843,
    64.924602348379));
#3667 = CARTESIAN_POINT('',(108.00000812665,-1.781249350244,
    64.695806017549));
#3668 = CARTESIAN_POINT('',(106.54344521735,-1.713067648235,
    64.924601180675));
#3669 = CARTESIAN_POINT('',(105.83512864244,-1.678976816305,
    65.153396404334));
#3670 = CARTESIAN_POINT('',(105.16674327614,-1.644885953854,
    65.49267011206));
#3671 = CARTESIAN_POINT('',(104.55737944033,-1.610795037047,
    65.934580308969));
#3672 = CARTESIAN_POINT('',(104.02436514573,-1.576704079484,
    66.467595871205));
#3673 = CARTESIAN_POINT('',(103.58245861241,-1.542613116528,
    67.076957957329));
#3674 = CARTESIAN_POINT('',(103.2431893992,-1.508522179184,
    67.745339249074));
#3675 = CARTESIAN_POINT('',(103.01439778493,-1.474431273241,
    68.453651186424));
#3676 = CARTESIAN_POINT('',(102.67121014286,-1.372158590008,
    70.638485834994));
#3677 = CARTESIAN_POINT('',(103.35758628307,-1.269885906775,
    72.823320349095));
#3678 = CARTESIAN_POINT('',(104.2727562594,-1.201703920507,
    74.120148809624));
#3679 = CARTESIAN_POINT('',(105.5827776977,-1.133522383804,
    75.097526279311));
#3680 = CARTESIAN_POINT('',(107.16231729254,-1.065338632865,
    75.623868600723));
#3681 = CARTESIAN_POINT('',(108.8377368572,-0.997161196847,
    75.623841776383));
#3682 = CARTESIAN_POINT('',(110.41725860643,-0.928977470359,
    75.097503980993));
#3683 = CARTESIAN_POINT('',(111.72706177677,-0.860791411838,
    74.120176261864));
#3684 = CARTESIAN_POINT('',(112.64250017572,-0.79261503996,
    72.823321057035));
#3685 = CARTESIAN_POINT('',(113.10000308877,-0.724431346077,
    71.366759052137));
#3686 = CARTESIAN_POINT('',(113.10000451125,-0.656249312555,
    69.9102076452));
#3687 = CARTESIAN_POINT('',(113.10000290009,-2.34374965628,
    69.910207628788));
#3688 = CARTESIAN_POINT('',(113.10000381086,-2.309658639521,
    69.181931787305));
#3689 = CARTESIAN_POINT('',(112.9856354956,-2.275567207676,
    68.453653041537));
#3690 = CARTESIAN_POINT('',(112.75682670558,-2.24147647276,
    67.745333631418));
#3691 = CARTESIAN_POINT('',(112.41753130986,-2.207385968781,
    67.076953375275));
#3692 = CARTESIAN_POINT('',(111.97561173027,-2.173295259634,
    66.467595450173));
#3693 = CARTESIAN_POINT('',(111.44259841957,-2.139204294694,
    65.93458085223));
#3694 = CARTESIAN_POINT('',(110.83324391499,-2.105113230387,
    65.492670452112));
#3695 = CARTESIAN_POINT('',(110.16487029255,-2.071022191796,
    65.153397516145));
#3696 = CARTESIAN_POINT('',(109.45656231664,-2.03693120384,
    64.924601215744));
#3697 = CARTESIAN_POINT('',(108.00000812641,-1.96874935024,
    64.695804781646));
#3698 = CARTESIAN_POINT('',(106.54344495266,-1.900567648232,
    64.924600196266));
#3699 = CARTESIAN_POINT('',(105.83512828196,-1.866476816303,
    65.153395603529));
#3700 = CARTESIAN_POINT('',(105.16674285167,-1.832385953853,
    65.492669435844));
#3701 = CARTESIAN_POINT('',(104.55737892622,-1.798295037045,
    65.934579676659));
#3702 = CARTESIAN_POINT('',(104.02436448054,-1.764204079482,
    66.467595261405));
#3703 = CARTESIAN_POINT('',(103.58245776942,-1.730113116526,
    67.076957412495));
#3704 = CARTESIAN_POINT('',(103.24318843077,-1.696022179181,
    67.745338826047));
#3705 = CARTESIAN_POINT('',(103.01439678356,-1.661931273238,
    68.453650910514));
#3706 = CARTESIAN_POINT('',(102.67120916097,-1.559658590006,
    70.63848598649));
#3707 = CARTESIAN_POINT('',(103.35758551582,-1.457385906773,
    72.823320888157));
#3708 = CARTESIAN_POINT('',(104.27275607173,-1.389203920508,
    74.120150141427));
#3709 = CARTESIAN_POINT('',(105.58277414251,-1.321022383783,
    75.097524073696));
#3710 = CARTESIAN_POINT('',(107.162321246,-1.25283863289,75.623880165022
    ));
#3711 = CARTESIAN_POINT('',(108.83773642439,-1.18466119681,75.623826674)
  );
#3712 = CARTESIAN_POINT('',(110.41725366714,-1.116477470413,
    75.097516004458));
#3713 = CARTESIAN_POINT('',(111.72707006998,-1.048291411776,
    74.120174542629));
#3714 = CARTESIAN_POINT('',(112.64249748632,-0.980115039981,
    72.823321482543));
#3715 = CARTESIAN_POINT('',(113.10000397396,-0.911931346076,
    71.366759328165));
#3716 = CARTESIAN_POINT('',(113.10000580018,-0.84374931255,69.9102076452
    ));
#3717 = ADVANCED_FACE('',(#3718),#3818,.F.);
#3718 = FACE_BOUND('',#3719,.F.);
#3719 = EDGE_LOOP('',(#3720,#3811,#3812,#3813));
#3720 = ORIENTED_EDGE('',*,*,#3721,.F.);
#3721 = EDGE_CURVE('',#2187,#3722,#3724,.T.);
#3722 = VERTEX_POINT('',#3723);
#3723 = CARTESIAN_POINT('',(112.5,-0.309842045924,69.910207530321));
#3724 = B_SPLINE_CURVE_WITH_KNOTS('',8,(#3725,#3726,#3727,#3728,#3729,
    #3730,#3731,#3732,#3733,#3734,#3735,#3736,#3737,#3738,#3739,#3740,
    #3741,#3742,#3743,#3744,#3745,#3746,#3747,#3748,#3749,#3750,#3751,
    #3752,#3753,#3754,#3755,#3756,#3757,#3758,#3759,#3760,#3761,#3762,
    #3763,#3764,#3765,#3766,#3767,#3768,#3769,#3770,#3771,#3772,#3773,
    #3774,#3775,#3776,#3777,#3778,#3779,#3780,#3781,#3782,#3783,#3784,
    #3785,#3786,#3787,#3788,#3789,#3790,#3791,#3792,#3793,#3794,#3795,
    #3796,#3797,#3798,#3799,#3800,#3801,#3802,#3803,#3804,#3805,#3806,
    #3807,#3808,#3809,#3810),.UNSPECIFIED.,.F.,.F.,(9,7,7,7,7,7,7,7,7,7,
    7,7,9),(0.,4.495688455831E-02,0.134280737982,0.220232614117,
    0.37661613228,0.502028780499,0.523607854674,0.6266129505,
    0.737010698642,0.786669479531,0.867091386329,0.95500483422,1.),
  .UNSPECIFIED.);
#3725 = CARTESIAN_POINT('',(112.5,-1.809840942204,69.910207530321));
#3726 = CARTESIAN_POINT('',(112.4999999971,-1.80141309737,69.75134096503
    ));
#3727 = CARTESIAN_POINT('',(112.49359008788,-1.792984254439,
    69.592473042904));
#3728 = CARTESIAN_POINT('',(112.48077042202,-1.78455509128,
    69.433907640526));
#3729 = CARTESIAN_POINT('',(112.46155807413,-1.776125967551,
    69.275946590359));
#3730 = CARTESIAN_POINT('',(112.43598702504,-1.767697026564,
    69.118889509976));
#3731 = CARTESIAN_POINT('',(112.40410814291,-1.759268297142,
    68.963033631288));
#3732 = CARTESIAN_POINT('',(112.36598916448,-1.750839795484,
    68.808673629775));
#3733 = CARTESIAN_POINT('',(112.23374666116,-1.725665882917,
    68.352959124681));
#3734 = CARTESIAN_POINT('',(112.12146355717,-1.708918579927,
    68.056821549788));
#3735 = CARTESIAN_POINT('',(111.9855329731,-1.692173170867,
    67.770036026559));
#3736 = CARTESIAN_POINT('',(111.82688637646,-1.675429288972,
    67.4947978256));
#3737 = CARTESIAN_POINT('',(111.64667895206,-1.658684987047,
    67.233168066813));
#3738 = CARTESIAN_POINT('',(111.44627415568,-1.641938683125,
    66.987076314733));
#3739 = CARTESIAN_POINT('',(111.22725296275,-1.625190812631,
    66.758307892972));
#3740 = CARTESIAN_POINT('',(110.76454431103,-1.592331709188,
    66.346565103939));
#3741 = CARTESIAN_POINT('',(110.52203532182,-1.576215798967,
    66.16213030181));
#3742 = CARTESIAN_POINT('',(110.26553475266,-1.560100639655,
    65.996621502139));
#3743 = CARTESIAN_POINT('',(109.996779218,-1.54398663293,65.85126088186)
  );
#3744 = CARTESIAN_POINT('',(109.71760845433,-1.527872733508,
    65.727071813313));
#3745 = CARTESIAN_POINT('',(109.42995593623,-1.511757823171,
    65.624887128992));
#3746 = CARTESIAN_POINT('',(109.13584969303,-1.495642124174,
    65.545336641846));
#3747 = CARTESIAN_POINT('',(108.2944571069,-1.450211299438,
    65.385974724071));
#3748 = CARTESIAN_POINT('',(107.73627415598,-1.420852108726,
    65.359191741733));
#3749 = CARTESIAN_POINT('',(107.17654318785,-1.391518067489,
    65.411447630241));
#3750 = CARTESIAN_POINT('',(106.62820374537,-1.362197609926,
    65.542049524926));
#3751 = CARTESIAN_POINT('',(106.10364787076,-1.332876630726,
    65.748384664219));
#3752 = CARTESIAN_POINT('',(105.61453661618,-1.303541090932,
    66.025511688319));
#3753 = CARTESIAN_POINT('',(105.17188198541,-1.274180943558,
    66.366602617875));
#3754 = CARTESIAN_POINT('',(104.47508803192,-1.221352476631,
    67.077999887908));
#3755 = CARTESIAN_POINT('',(104.20043097677,-1.197827656763,
    67.42969815098));
#3756 = CARTESIAN_POINT('',(103.96616871446,-1.174310957079,
    67.811588494835));
#3757 = CARTESIAN_POINT('',(103.77602984831,-1.150800403385,
    68.218171892492));
#3758 = CARTESIAN_POINT('',(103.63288923401,-1.127289802745,
    68.643581868527));
#3759 = CARTESIAN_POINT('',(103.53871718825,-1.103773176632,
    69.081589590941));
#3760 = CARTESIAN_POINT('',(103.49461269061,-1.08024835581,
    69.525642597332));
#3761 = CARTESIAN_POINT('',(103.50137378287,-1.052691642129,
    70.045029604676));
#3762 = CARTESIAN_POINT('',(103.50384299887,-1.048646170337,
    70.121258904165));
#3763 = CARTESIAN_POINT('',(103.50778843313,-1.044600682815,
    70.197435606132));
#3764 = CARTESIAN_POINT('',(103.51320874616,-1.040555180667,
    70.273526341467));
#3765 = CARTESIAN_POINT('',(103.52010169672,-1.036509664831,
    70.349497820582));
#3766 = CARTESIAN_POINT('',(103.52846414175,-1.032464136082,
    70.425316833413));
#3767 = CARTESIAN_POINT('',(103.53829203645,-1.028418595031,
    70.500950249414));
#3768 = CARTESIAN_POINT('',(103.6034642331,-1.005062085532,
    70.936348275281));
#3769 = CARTESIAN_POINT('',(103.69064113866,-0.985745679136,
    71.291449204393));
#3770 = CARTESIAN_POINT('',(103.81058079325,-0.966431399714,
    71.637923679481));
#3771 = CARTESIAN_POINT('',(103.96224246746,-0.947119971564,
    71.972258103684));
#3772 = CARTESIAN_POINT('',(104.14417087113,-0.927808673854,
    72.291135541317));
#3773 = CARTESIAN_POINT('',(104.35453215679,-0.90849475317,
    72.591432388914));
#3774 = CARTESIAN_POINT('',(104.59109011577,-0.889178841298,
    72.870245584693));
#3775 = CARTESIAN_POINT('',(105.12981748768,-0.849172007563,
    73.397935231773));
#3776 = CARTESIAN_POINT('',(105.43565942585,-0.828468518173,
    73.643405354953));
#3777 = CARTESIAN_POINT('',(105.76533673955,-0.807769156692,
    73.858053242157));
#3778 = CARTESIAN_POINT('',(106.11517880092,-0.787073228125,
    74.039236183962));
#3779 = CARTESIAN_POINT('',(106.4812548012,-0.766377187496,
    74.184855912704));
#3780 = CARTESIAN_POINT('',(106.85940434651,-0.745677563657,
    74.293317231001));
#3781 = CARTESIAN_POINT('',(107.24522619102,-0.724973837979,
    74.363578028553));
#3782 = CARTESIAN_POINT('',(107.80895165715,-0.694967791944,
    74.409573596416));
#3783 = CARTESIAN_POINT('',(107.98449040675,-0.685658015303,
    74.416049367214));
#3784 = CARTESIAN_POINT('',(108.16025873862,-0.67634827545,
    74.414697277558));
#3785 = CARTESIAN_POINT('',(108.33584900339,-0.66703860131,
    74.405509564464));
#3786 = CARTESIAN_POINT('',(108.51085515876,-0.657728934062,
    74.388503826952));
#3787 = CARTESIAN_POINT('',(108.68487306162,-0.648419215149,
    74.363723001842));
#3788 = CARTESIAN_POINT('',(108.85750076008,-0.639109474275,
    74.331235339544));
#3789 = CARTESIAN_POINT('',(109.3050092861,-0.614723181705,
    74.226191270423));
#3790 = CARTESIAN_POINT('',(109.57702098535,-0.599645043186,
    74.141272626949));
#3791 = CARTESIAN_POINT('',(109.84264830043,-0.584567747894,
    74.036776270833));
#3792 = CARTESIAN_POINT('',(110.10025056621,-0.569491466926,
    73.91327610096));
#3793 = CARTESIAN_POINT('',(110.34826410754,-0.554415284189,
    73.771499812333));
#3794 = CARTESIAN_POINT('',(110.58520153223,-0.539338218953,
    73.61232045782));
#3795 = CARTESIAN_POINT('',(110.80965824456,-0.524260283197,
    73.436761853009));
#3796 = CARTESIAN_POINT('',(111.2506184626,-0.492702423745,
    73.037505418698));
#3797 = CARTESIAN_POINT('',(111.46449299284,-0.476218529275,
    72.810792655026));
#3798 = CARTESIAN_POINT('',(111.66021868358,-0.459735226132,
    72.567430944757));
#3799 = CARTESIAN_POINT('',(111.83629981949,-0.443252595503,
    72.30913185822));
#3800 = CARTESIAN_POINT('',(111.99144543522,-0.426769441592,
    72.037741390101));
#3801 = CARTESIAN_POINT('',(112.12456103294,-0.41028497009,
    71.755228318997));
#3802 = CARTESIAN_POINT('',(112.23476263866,-0.393800167493,
    71.463686660896));
#3803 = CARTESIAN_POINT('',(112.36576200121,-0.368883559652,
    71.01266104019));
#3804 = CARTESIAN_POINT('',(112.40394528735,-0.360448449228,
    70.858177414605));
#3805 = CARTESIAN_POINT('',(112.4358781666,-0.352013703875,
    70.702194037357));
#3806 = CARTESIAN_POINT('',(112.461492655,-0.34357935285,70.545006337483
    ));
#3807 = CARTESIAN_POINT('',(112.48073769696,-0.335145299699,
    70.386912316907));
#3808 = CARTESIAN_POINT('',(112.49357918844,-0.326711321179,
    70.228212391813));
#3809 = CARTESIAN_POINT('',(112.5,-0.318277066177,70.069209234026));
#3810 = CARTESIAN_POINT('',(112.5,-0.30984205463,69.910207612377));
#3811 = ORIENTED_EDGE('',*,*,#2186,.T.);
#3812 = ORIENTED_EDGE('',*,*,#3614,.T.);
#3813 = ORIENTED_EDGE('',*,*,#3814,.F.);
#3814 = EDGE_CURVE('',#3722,#3615,#3815,.T.);
#3815 = B_SPLINE_CURVE_WITH_KNOTS('',1,(#3816,#3817),.UNSPECIFIED.,.F.,
  .F.,(2,2),(0.,1.3105),.PIECEWISE_BEZIER_KNOTS.);
#3816 = CARTESIAN_POINT('',(111.96507371523,-1.007114391413E-03,
    69.91020727269));
#3817 = CARTESIAN_POINT('',(113.10000451125,-0.656249312555,
    69.9102076452));
#3818 = B_SPLINE_SURFACE_WITH_KNOTS('',1,9,(
    (#3819,#3820,#3821,#3822,#3823,#3824,#3825,#3826,#3827,#3828,#3829
      ,#3830,#3831,#3832,#3833,#3834,#3835,#3836,#3837,#3838,#3839,#3840
      ,#3841,#3842,#3843,#3844,#3845,#3846,#3847,#3848,#3849)
    ,(#3850,#3851,#3852,#3853,#3854,#3855,#3856,#3857,#3858,#3859,#3860
      ,#3861,#3862,#3863,#3864,#3865,#3866,#3867,#3868,#3869,#3870,#3871
      ,#3872,#3873,#3874,#3875,#3876,#3877,#3878,#3879,#3880
  )),.UNSPECIFIED.,.F.,.F.,.F.,(2,2),(10,7,7,7,10),(0.,1.3105),(0.,
    1.614938419963,3.229876839926,4.844815259889,6.459753679852),
  .UNSPECIFIED.);
#3819 = CARTESIAN_POINT('',(111.96507371178,-1.501003557196,
    69.910207442533));
#3820 = CARTESIAN_POINT('',(111.96507368346,-1.459338252401,
    69.218132613091));
#3821 = CARTESIAN_POINT('',(111.8292143013,-1.417679510468,
    68.526171584007));
#3822 = CARTESIAN_POINT('',(111.55745542647,-1.376004725674,
    67.864615962917));
#3823 = CARTESIAN_POINT('',(111.15775572632,-1.334334065335,
    67.264007414701));
#3824 = CARTESIAN_POINT('',(110.6461548736,-1.292669449061,
    66.752438883192));
#3825 = CARTESIAN_POINT('',(110.04560895441,-1.251004828017,
    66.352775288245));
#3826 = CARTESIAN_POINT('',(109.38407387807,-1.209339577022,
    66.081015748243));
#3827 = CARTESIAN_POINT('',(108.0000093642,-1.126006931351,
    65.809253322687));
#3828 = CARTESIAN_POINT('',(106.61592688701,-1.042671888913,
    66.081014373579));
#3829 = CARTESIAN_POINT('',(105.95437447642,-1.001004151117,
    66.352776527526));
#3830 = CARTESIAN_POINT('',(105.353810508,-0.959337413564,
    66.752440578177));
#3831 = CARTESIAN_POINT('',(104.84222558827,-0.917671581469,
    67.264028760393));
#3832 = CARTESIAN_POINT('',(104.44256948918,-0.876005658429,
    67.864587020976));
#3833 = CARTESIAN_POINT('',(104.17081093292,-0.834339040489,
    68.52613158961));
#3834 = CARTESIAN_POINT('',(103.89905231636,-0.751005335794,
    69.910207875934));
#3835 = CARTESIAN_POINT('',(104.17081111152,-0.667671631098,
    71.294284127191));
#3836 = CARTESIAN_POINT('',(104.44256975278,-0.626005013158,
    71.955828660674));
#3837 = CARTESIAN_POINT('',(104.84222592728,-0.584339090119,
    72.556386870277));
#3838 = CARTESIAN_POINT('',(105.35381091189,-0.542673258024,
    73.067974988223));
#3839 = CARTESIAN_POINT('',(105.95437493266,-0.501006520471,
    73.467638962263));
#3840 = CARTESIAN_POINT('',(106.61592737892,-0.459338782675,
    73.739401029167));
#3841 = CARTESIAN_POINT('',(108.00000989123,-0.376003740237,
    74.011161899033));
#3842 = CARTESIAN_POINT('',(109.38407436999,-0.292671094565,
    73.739399296841));
#3843 = CARTESIAN_POINT('',(110.04560941213,-0.25100584357,
    73.467639674522));
#3844 = CARTESIAN_POINT('',(110.64615527965,-0.209341222526,
    73.067976005533));
#3845 = CARTESIAN_POINT('',(111.15775607553,-0.167676606253,
    72.556407413322));
#3846 = CARTESIAN_POINT('',(111.55745569133,-0.126005945914,
    71.955798797427));
#3847 = CARTESIAN_POINT('',(111.82921446471,-8.43311611195E-02,
    71.294243148151));
#3848 = CARTESIAN_POINT('',(111.96507377318,-4.267241918633E-02,
    70.602282102132));
#3849 = CARTESIAN_POINT('',(111.96507371523,-1.007114391413E-03,
    69.91020727269));
#3850 = CARTESIAN_POINT('',(113.10000225562,-2.156249656281,
    69.910207628788));
#3851 = CARTESIAN_POINT('',(113.10000312205,-2.11458285802,
    69.020092880105));
#3852 = CARTESIAN_POINT('',(112.92527208163,-2.072915425606,
    68.129973742853));
#3853 = CARTESIAN_POINT('',(112.57567331748,-2.031249543346,
    67.279062285394));
#3854 = CARTESIAN_POINT('',(112.06160503024,-1.989583262651,
    66.506613346994));
#3855 = CARTESIAN_POINT('',(111.40358316662,-1.947916397784,
    65.848582547555));
#3856 = CARTESIAN_POINT('',(110.63113208112,-1.906249533496,
    65.334528694431));
#3857 = CARTESIAN_POINT('',(109.78024048651,-1.864582730023,
    64.984979133576));
#3858 = CARTESIAN_POINT('',(108.00000931505,-1.781249330242,
    64.635429362096));
#3859 = CARTESIAN_POINT('',(106.2197643832,-1.697916162058,
    64.984977706383));
#3860 = CARTESIAN_POINT('',(105.36885962822,-1.656249598892,
    65.334525952948));
#3861 = CARTESIAN_POINT('',(104.59639163324,-1.614582939075,
    65.84858396392));
#3862 = CARTESIAN_POINT('',(103.93836826258,-1.572916191765,
    66.506609236428));
#3863 = CARTESIAN_POINT('',(103.42431606389,-1.531249453243,
    67.279073636441));
#3864 = CARTESIAN_POINT('',(103.07477339656,-1.489582781868,
    68.129971977984));
#3865 = CARTESIAN_POINT('',(102.72523036965,-1.406249484419,
    69.910207626689));
#3866 = CARTESIAN_POINT('',(103.07477386158,-1.32291618697,
    71.69044318409));
#3867 = CARTESIAN_POINT('',(103.42431651758,-1.281249515595,
    72.541341379255));
#3868 = CARTESIAN_POINT('',(103.93836755667,-1.239582777072,
    73.313806030316));
#3869 = CARTESIAN_POINT('',(104.59639035214,-1.197916029762,
    73.971832272511));
#3870 = CARTESIAN_POINT('',(105.36885898937,-1.156249369945,
    74.485890659772));
#3871 = CARTESIAN_POINT('',(106.21976423437,-1.114582806781,
    74.83543758826));
#3872 = CARTESIAN_POINT('',(108.00000928735,-1.031249638595,
    75.184983882466));
#3873 = CARTESIAN_POINT('',(109.78024033768,-0.947916238814,
    74.835434927288));
#3874 = CARTESIAN_POINT('',(110.63113241011,-0.906249435364,
    74.485887133693));
#3875 = CARTESIAN_POINT('',(111.403583293,-0.864582570988,
    73.971835335412));
#3876 = CARTESIAN_POINT('',(112.06161098663,-0.822915706269,
    73.313807827675));
#3877 = CARTESIAN_POINT('',(112.57567458018,-0.781249425436,
    72.541348233817));
#3878 = CARTESIAN_POINT('',(112.92526262002,-0.739583543248,
    71.690441190399));
#3879 = CARTESIAN_POINT('',(113.10000364196,-0.697916110819,
    70.800322393884));
#3880 = CARTESIAN_POINT('',(113.10000451125,-0.656249312555,
    69.9102076452));
#3881 = ADVANCED_FACE('',(#3882),#3990,.F.);
#3882 = FACE_BOUND('',#3883,.F.);
#3883 = EDGE_LOOP('',(#3884,#3885,#3886,#3894));
#3884 = ORIENTED_EDGE('',*,*,#2337,.F.);
#3885 = ORIENTED_EDGE('',*,*,#3721,.T.);
#3886 = ORIENTED_EDGE('',*,*,#3887,.T.);
#3887 = EDGE_CURVE('',#3722,#3888,#3890,.T.);
#3888 = VERTEX_POINT('',#3889);
#3889 = CARTESIAN_POINT('',(112.5,0.309827597242,69.910207489292));
#3890 = LINE('',#3891,#3892);
#3891 = CARTESIAN_POINT('',(112.5,-3.,69.910207612377));
#3892 = VECTOR('',#3893,1.);
#3893 = DIRECTION('',(0.,1.,-2.2E-16));
#3894 = ORIENTED_EDGE('',*,*,#3895,.F.);
#3895 = EDGE_CURVE('',#2338,#3888,#3896,.T.);
#3896 = B_SPLINE_CURVE_WITH_KNOTS('',8,(#3897,#3898,#3899,#3900,#3901,
    #3902,#3903,#3904,#3905,#3906,#3907,#3908,#3909,#3910,#3911,#3912,
    #3913,#3914,#3915,#3916,#3917,#3918,#3919,#3920,#3921,#3922,#3923,
    #3924,#3925,#3926,#3927,#3928,#3929,#3930,#3931,#3932,#3933,#3934,
    #3935,#3936,#3937,#3938,#3939,#3940,#3941,#3942,#3943,#3944,#3945,
    #3946,#3947,#3948,#3949,#3950,#3951,#3952,#3953,#3954,#3955,#3956,
    #3957,#3958,#3959,#3960,#3961,#3962,#3963,#3964,#3965,#3966,#3967,
    #3968,#3969,#3970,#3971,#3972,#3973,#3974,#3975,#3976,#3977,#3978,
    #3979,#3980,#3981,#3982,#3983,#3984,#3985,#3986,#3987,#3988,#3989),
  .UNSPECIFIED.,.F.,.F.,(9,7,7,7,7,7,7,7,7,7,7,7,7,9),(0.,
    4.76068899604E-02,0.13222718806,0.226022453751,0.285718396867,
    0.380830482068,0.483828279373,0.504928477473,0.630791781789,
    0.745617798764,0.80197672945,0.868477413825,0.957988381302,1.),
  .UNSPECIFIED.);
#3897 = CARTESIAN_POINT('',(112.5,-1.190168317963,69.910207366206));
#3898 = CARTESIAN_POINT('',(112.5,-1.181243295709,69.741964348733));
#3899 = CARTESIAN_POINT('',(112.49281109579,-1.172319355712,
    69.573719296597));
#3900 = CARTESIAN_POINT('',(112.47843346788,-1.163395755944,
    69.405833575762));
#3901 = CARTESIAN_POINT('',(112.45688859339,-1.154471982869,
    69.238665787423));
#3902 = CARTESIAN_POINT('',(112.42821921054,-1.145547732899,
    69.072571547865));
#3903 = CARTESIAN_POINT('',(112.39248928307,-1.136622893853,
    68.907903268317));
#3904 = CARTESIAN_POINT('',(112.34978396471,-1.127697526411,
    68.745009934814));
#3905 = CARTESIAN_POINT('',(112.2120920537,-1.102906625787,
    68.298466001647));
#3906 = CARTESIAN_POINT('',(112.10225943764,-1.087038106306,
    68.019351575148));
#3907 = CARTESIAN_POINT('',(111.97131229008,-1.071169630418,
    67.748873396275));
#3908 = CARTESIAN_POINT('',(111.82006038155,-1.055302219008,
    67.488889064288));
#3909 = CARTESIAN_POINT('',(111.64949365111,-1.039435378789,
    67.241147206272));
#3910 = CARTESIAN_POINT('',(111.46077096982,-1.023568203237,
    67.007289404864));
#3911 = CARTESIAN_POINT('',(111.25522669486,-1.007700766246,
    66.788840837432));
#3912 = CARTESIAN_POINT('',(110.78961962808,-0.974250690477,
    66.363674355393));
#3913 = CARTESIAN_POINT('',(110.52598163447,-0.956662940972,
    66.160723107669));
#3914 = CARTESIAN_POINT('',(110.24556306846,-0.939077050525,
    65.980260440162));
#3915 = CARTESIAN_POINT('',(109.95062179869,-0.921493030392,
    65.823879681043));
#3916 = CARTESIAN_POINT('',(109.64355912563,-0.903908775657,
    65.692891844653));
#3917 = CARTESIAN_POINT('',(109.32690431876,-0.886322340833,
    65.588339656587));
#3918 = CARTESIAN_POINT('',(109.00331609259,-0.868734127921,
    65.510976689218));
#3919 = CARTESIAN_POINT('',(108.4670269526,-0.839956934052,
    65.429538650033));
#3920 = CARTESIAN_POINT('',(108.25674930203,-0.828764442271,
    65.409039775436));
#3921 = CARTESIAN_POINT('',(108.04547609595,-0.81757204376,
    65.399823730867));
#3922 = CARTESIAN_POINT('',(107.83391454364,-0.806379810944,
    65.401942694043));
#3923 = CARTESIAN_POINT('',(107.62277055007,-0.795187582917,
    65.415396293213));
#3924 = CARTESIAN_POINT('',(107.41274813222,-0.783995193199,
    65.44013296284));
#3925 = CARTESIAN_POINT('',(107.20454873941,-0.772802698865,
    65.476048635147));
#3926 = CARTESIAN_POINT('',(106.6711683365,-0.743778531397,
    65.597761772018));
#3927 = CARTESIAN_POINT('',(106.34978411195,-0.725943098176,
    65.700530372562));
#3928 = CARTESIAN_POINT('',(106.03760727931,-0.708109410351,
    65.830648441186));
#3929 = CARTESIAN_POINT('',(105.73734342515,-0.690277814725,
    65.987122847843));
#3930 = CARTESIAN_POINT('',(105.45153830841,-0.672446260895,
    66.16866634312));
#3931 = CARTESIAN_POINT('',(105.18258097086,-0.654612672027,
    66.373720011529));
#3932 = CARTESIAN_POINT('',(104.93268589695,-0.636777331436,
    66.600439295381));
#3933 = CARTESIAN_POINT('',(104.45605018888,-0.599634789302,
    67.11326060115));
#3934 = CARTESIAN_POINT('',(104.2328252236,-0.580318867444,
    67.402858877816));
#3935 = CARTESIAN_POINT('',(104.03677544871,-0.561004965614,
    67.712688897503));
#3936 = CARTESIAN_POINT('',(103.86999850129,-0.541693710482,
    68.039745937724));
#3937 = CARTESIAN_POINT('',(103.73417975827,-0.522382339971,
    68.380823840577));
#3938 = CARTESIAN_POINT('',(103.63061738863,-0.503068126877,
    68.732541077287));
#3939 = CARTESIAN_POINT('',(103.56018623328,-0.483751795298,
    69.091339111963));
#3940 = CARTESIAN_POINT('',(103.5156717874,-0.460484892979,
    69.527635972667));
#3941 = CARTESIAN_POINT('',(103.50950792878,-0.456528868353,
    69.601962241445));
#3942 = CARTESIAN_POINT('',(103.50475210805,-0.452572856043,
    69.676400790012));
#3943 = CARTESIAN_POINT('',(103.50140666934,-0.448616856393,
    69.750920499345));
#3944 = CARTESIAN_POINT('',(103.49947312967,-0.444660870044,
    69.825490212266));
#3945 = CARTESIAN_POINT('',(103.49895217889,-0.440704897932,
    69.90007873344));
#3946 = CARTESIAN_POINT('',(103.49984367974,-0.436748941288,
    69.974654829376));
#3947 = CARTESIAN_POINT('',(103.51588405958,-0.409195704898,
    70.49377518816));
#3948 = CARTESIAN_POINT('',(103.57985278216,-0.385584602828,
    70.937081217113));
#3949 = CARTESIAN_POINT('',(103.69394149327,-0.36198181352,
    71.372063692139));
#3950 = CARTESIAN_POINT('',(103.85674380345,-0.338385184257,
    71.792153621983));
#3951 = CARTESIAN_POINT('',(104.06598601106,-0.314788563244,
    72.191149615536));
#3952 = CARTESIAN_POINT('',(104.31849398253,-0.291185639204,
    72.563259302066));
#3953 = CARTESIAN_POINT('',(104.6102461498,-0.267574384456,
    72.90310160033));
#3954 = CARTESIAN_POINT('',(105.23321244658,-0.222448899485,
    73.482259391558));
#3955 = CARTESIAN_POINT('',(105.55901215285,-0.200911404837,
    73.728045428734));
#3956 = CARTESIAN_POINT('',(105.90957860896,-0.179378307671,
    73.939675681572));
#3957 = CARTESIAN_POINT('',(106.28068016208,-0.157849071075,
    74.114311650971));
#3958 = CARTESIAN_POINT('',(106.66780700064,-0.136319912723,
    74.249762463156));
#3959 = CARTESIAN_POINT('',(107.06620648418,-0.11478699347,
    74.344430968973));
#3960 = CARTESIAN_POINT('',(107.47087057918,-9.324963981423E-02,
    74.397376983193));
#3961 = CARTESIAN_POINT('',(108.07560928514,-6.115512244603E-02,
    74.413978315613));
#3962 = CARTESIAN_POINT('',(108.27498784717,-5.058848648565E-02,
    74.409373070812));
#3963 = CARTESIAN_POINT('',(108.47404623239,-4.002201508357E-02,
    74.394679573976));
#3964 = CARTESIAN_POINT('',(108.67218853775,-2.945571883326E-02,
    74.369924721232));
#3965 = CARTESIAN_POINT('',(108.8688246318,-1.888942766358E-02,
    74.335176806636));
#3966 = CARTESIAN_POINT('',(109.06337047261,-8.322973945543E-03,
    74.290544517035));
#3967 = CARTESIAN_POINT('',(109.25524870675,2.243626902827E-03,
    74.236177798645));
#3968 = CARTESIAN_POINT('',(109.66647619146,2.527778153143E-02,
    74.096863331528));
#3969 = CARTESIAN_POINT('',(109.88457287809,3.774621187647E-02,
    74.008167132528));
#3970 = CARTESIAN_POINT('',(110.0972378384,5.021443284801E-02,
    73.906498621544));
#3971 = CARTESIAN_POINT('',(110.30357244679,6.268237144464E-02,
    73.792251595141));
#3972 = CARTESIAN_POINT('',(110.50271832867,7.515033554953E-02,
    73.665889906317));
#3973 = CARTESIAN_POINT('',(110.69385704842,8.761861774762E-02,
    73.527944702922));
#3974 = CARTESIAN_POINT('',(110.87621237947,0.100087105575,
    73.379016021451));
#3975 = CARTESIAN_POINT('',(111.28170425361,0.129336743234,
    73.005442844899));
#3976 = CARTESIAN_POINT('',(111.49717060875,0.146120993333,
    72.772382455605));
#3977 = CARTESIAN_POINT('',(111.69363834956,0.162903854902,
    72.522252608134));
#3978 = CARTESIAN_POINT('',(111.86954795887,0.179684900112,
    72.256877918475));
#3979 = CARTESIAN_POINT('',(112.02356175192,0.196465652453,
    71.978224618523));
#3980 = CARTESIAN_POINT('',(112.15455446197,0.213247917342,
    71.688387788297));
#3981 = CARTESIAN_POINT('',(112.26162893413,0.230031857791,
    71.389593780687));
#3982 = CARTESIAN_POINT('',(112.38289111485,0.254690360472,
    70.940890847674));
#3983 = CARTESIAN_POINT('',(112.41622118435,0.262567099435,
    70.796102246514));
#3984 = CARTESIAN_POINT('',(112.44408254843,0.270443947345,
    70.650091347858));
#3985 = CARTESIAN_POINT('',(112.46642349202,0.278320880741,
    70.503099400707));
#3986 = CARTESIAN_POINT('',(112.48320518509,0.286197874075,
    70.355369474118));
#3987 = CARTESIAN_POINT('',(112.49440169517,0.29407483639,
    70.207146340873));
#3988 = CARTESIAN_POINT('',(112.5,0.301951548014,70.058676361152));
#3989 = CARTESIAN_POINT('',(112.5,0.309827597242,69.910207366206));
#3990 = CYLINDRICAL_SURFACE('',#3991,4.5);
#3991 = AXIS2_PLACEMENT_3D('',#3992,#3993,#3994);
#3992 = CARTESIAN_POINT('',(108.,-3.,69.910207612377));
#3993 = DIRECTION('',(0.,-1.,2.2E-16));
#3994 = DIRECTION('',(1.,0.,0.));
#3995 = ADVANCED_FACE('',(#3996,#4008),#4042,.T.);
#3996 = FACE_BOUND('',#3997,.T.);
#3997 = EDGE_LOOP('',(#3998,#3999,#4000,#4001,#4002,#4003,#4004,#4005,
    #4006,#4007));
#3998 = ORIENTED_EDGE('',*,*,#2825,.T.);
#3999 = ORIENTED_EDGE('',*,*,#2817,.T.);
#4000 = ORIENTED_EDGE('',*,*,#2450,.T.);
#4001 = ORIENTED_EDGE('',*,*,#2474,.T.);
#4002 = ORIENTED_EDGE('',*,*,#2498,.T.);
#4003 = ORIENTED_EDGE('',*,*,#2977,.F.);
#4004 = ORIENTED_EDGE('',*,*,#2969,.T.);
#4005 = ORIENTED_EDGE('',*,*,#2944,.T.);
#4006 = ORIENTED_EDGE('',*,*,#2908,.F.);
#4007 = ORIENTED_EDGE('',*,*,#2890,.F.);
#4008 = FACE_BOUND('',#4009,.T.);
#4009 = EDGE_LOOP('',(#4010,#4020,#4028,#4036));
#4010 = ORIENTED_EDGE('',*,*,#4011,.T.);
#4011 = EDGE_CURVE('',#4012,#4014,#4016,.T.);
#4012 = VERTEX_POINT('',#4013);
#4013 = CARTESIAN_POINT('',(99.,14.5,34.660207612377));
#4014 = VERTEX_POINT('',#4015);
#4015 = CARTESIAN_POINT('',(117.,14.5,34.660207612377));
#4016 = LINE('',#4017,#4018);
#4017 = CARTESIAN_POINT('',(99.,14.5,34.660207612377));
#4018 = VECTOR('',#4019,1.);
#4019 = DIRECTION('',(1.,0.,0.));
#4020 = ORIENTED_EDGE('',*,*,#4021,.T.);
#4021 = EDGE_CURVE('',#4014,#4022,#4024,.T.);
#4022 = VERTEX_POINT('',#4023);
#4023 = CARTESIAN_POINT('',(117.,14.5,40.160207612377));
#4024 = LINE('',#4025,#4026);
#4025 = CARTESIAN_POINT('',(117.,14.5,34.660207612377));
#4026 = VECTOR('',#4027,1.);
#4027 = DIRECTION('',(0.,-2.2E-16,1.));
#4028 = ORIENTED_EDGE('',*,*,#4029,.T.);
#4029 = EDGE_CURVE('',#4022,#4030,#4032,.T.);
#4030 = VERTEX_POINT('',#4031);
#4031 = CARTESIAN_POINT('',(99.,14.5,40.160207612377));
#4032 = LINE('',#4033,#4034);
#4033 = CARTESIAN_POINT('',(117.,14.5,40.160207612377));
#4034 = VECTOR('',#4035,1.);
#4035 = DIRECTION('',(-1.,0.,-0.));
#4036 = ORIENTED_EDGE('',*,*,#4037,.F.);
#4037 = EDGE_CURVE('',#4012,#4030,#4038,.T.);
#4038 = LINE('',#4039,#4040);
#4039 = CARTESIAN_POINT('',(99.,14.5,34.660207612377));
#4040 = VECTOR('',#4041,1.);
#4041 = DIRECTION('',(0.,-2.2E-16,1.));
#4042 = PLANE('',#4043);
#4043 = AXIS2_PLACEMENT_3D('',#4044,#4045,#4046);
#4044 = CARTESIAN_POINT('',(107.99999999999,14.5,53.877985943214));
#4045 = DIRECTION('',(0.,1.,2.2E-16));
#4046 = DIRECTION('',(0.,-2.2E-16,1.));
#4047 = ADVANCED_FACE('',(#4048,#4051),#4062,.T.);
#4048 = FACE_BOUND('',#4049,.T.);
#4049 = EDGE_LOOP('',(#4050));
#4050 = ORIENTED_EDGE('',*,*,#2555,.F.);
#4051 = FACE_BOUND('',#4052,.T.);
#4052 = EDGE_LOOP('',(#4053));
#4053 = ORIENTED_EDGE('',*,*,#4054,.F.);
#4054 = EDGE_CURVE('',#4055,#4055,#4057,.T.);
#4055 = VERTEX_POINT('',#4056);
#4056 = CARTESIAN_POINT('',(115.5,2.,54.));
#4057 = CIRCLE('',#4058,7.5);
#4058 = AXIS2_PLACEMENT_3D('',#4059,#4060,#4061);
#4059 = CARTESIAN_POINT('',(108.,2.,54.));
#4060 = DIRECTION('',(-0.,1.,2.2E-16));
#4061 = DIRECTION('',(1.,0.,0.));
#4062 = PLANE('',#4063);
#4063 = AXIS2_PLACEMENT_3D('',#4064,#4065,#4066);
#4064 = CARTESIAN_POINT('',(120.,2.,44.899999999936));
#4065 = DIRECTION('',(0.,1.,0.));
#4066 = DIRECTION('',(2.2E-16,0.,1.));
#4067 = ADVANCED_FACE('',(#4068),#4080,.T.);
#4068 = FACE_BOUND('',#4069,.T.);
#4069 = EDGE_LOOP('',(#4070,#4071,#4078,#4079));
#4070 = ORIENTED_EDGE('',*,*,#2719,.T.);
#4071 = ORIENTED_EDGE('',*,*,#4072,.T.);
#4072 = EDGE_CURVE('',#2712,#2761,#4073,.T.);
#4073 = CIRCLE('',#4074,4.5);
#4074 = AXIS2_PLACEMENT_3D('',#4075,#4076,#4077);
#4075 = CARTESIAN_POINT('',(108.,12.,69.910207612377));
#4076 = DIRECTION('',(0.,-1.,2.2E-16));
#4077 = DIRECTION('',(1.,0.,0.));
#4078 = ORIENTED_EDGE('',*,*,#2760,.T.);
#4079 = ORIENTED_EDGE('',*,*,#2679,.T.);
#4080 = PLANE('',#4081);
#4081 = AXIS2_PLACEMENT_3D('',#4082,#4083,#4084);
#4082 = CARTESIAN_POINT('',(108.,12.,54.));
#4083 = DIRECTION('',(0.,1.,-2.2E-16));
#4084 = DIRECTION('',(0.,-2.2E-16,-1.));
#4085 = ADVANCED_FACE('',(#4086),#4096,.F.);
#4086 = FACE_BOUND('',#4087,.F.);
#4087 = EDGE_LOOP('',(#4088,#4089));
#4088 = ORIENTED_EDGE('',*,*,#2711,.F.);
#4089 = ORIENTED_EDGE('',*,*,#4090,.F.);
#4090 = EDGE_CURVE('',#2704,#2712,#4091,.T.);
#4091 = CIRCLE('',#4092,4.5);
#4092 = AXIS2_PLACEMENT_3D('',#4093,#4094,#4095);
#4093 = CARTESIAN_POINT('',(108.,12.,69.910207612377));
#4094 = DIRECTION('',(0.,-1.,2.2E-16));
#4095 = DIRECTION('',(1.,0.,0.));
#4096 = PLANE('',#4097);
#4097 = AXIS2_PLACEMENT_3D('',#4098,#4099,#4100);
#4098 = CARTESIAN_POINT('',(107.99999999999,12.,53.877985943214));
#4099 = DIRECTION('',(0.,1.,2.2E-16));
#4100 = DIRECTION('',(0.,-2.2E-16,1.));
#4101 = ADVANCED_FACE('',(#4102),#4123,.T.);
#4102 = FACE_BOUND('',#4103,.T.);
#4103 = EDGE_LOOP('',(#4104,#4113,#4120,#4121,#4122));
#4104 = ORIENTED_EDGE('',*,*,#4105,.T.);
#4105 = EDGE_CURVE('',#2769,#4106,#4108,.T.);
#4106 = VERTEX_POINT('',#4107);
#4107 = CARTESIAN_POINT('',(112.5,12.,69.910207612377));
#4108 = CIRCLE('',#4109,4.5);
#4109 = AXIS2_PLACEMENT_3D('',#4110,#4111,#4112);
#4110 = CARTESIAN_POINT('',(108.,12.,69.910207612377));
#4111 = DIRECTION('',(0.,-1.,2.2E-16));
#4112 = DIRECTION('',(1.,0.,0.));
#4113 = ORIENTED_EDGE('',*,*,#4114,.T.);
#4114 = EDGE_CURVE('',#4106,#2704,#4115,.T.);
#4115 = CIRCLE('',#4116,4.5);
#4116 = AXIS2_PLACEMENT_3D('',#4117,#4118,#4119);
#4117 = CARTESIAN_POINT('',(108.,12.,69.910207612377));
#4118 = DIRECTION('',(0.,-1.,2.2E-16));
#4119 = DIRECTION('',(1.,0.,0.));
#4120 = ORIENTED_EDGE('',*,*,#2703,.T.);
#4121 = ORIENTED_EDGE('',*,*,#2743,.T.);
#4122 = ORIENTED_EDGE('',*,*,#2776,.T.);
#4123 = PLANE('',#4124);
#4124 = AXIS2_PLACEMENT_3D('',#4125,#4126,#4127);
#4125 = CARTESIAN_POINT('',(108.,12.,54.));
#4126 = DIRECTION('',(0.,1.,-2.2E-16));
#4127 = DIRECTION('',(0.,-2.2E-16,-1.));
#4128 = ADVANCED_FACE('',(#4129),#4139,.F.);
#4129 = FACE_BOUND('',#4130,.F.);
#4130 = EDGE_LOOP('',(#4131,#4138));
#4131 = ORIENTED_EDGE('',*,*,#4132,.F.);
#4132 = EDGE_CURVE('',#2761,#2769,#4133,.T.);
#4133 = CIRCLE('',#4134,4.5);
#4134 = AXIS2_PLACEMENT_3D('',#4135,#4136,#4137);
#4135 = CARTESIAN_POINT('',(108.,12.,69.910207612377));
#4136 = DIRECTION('',(0.,-1.,2.2E-16));
#4137 = DIRECTION('',(1.,0.,0.));
#4138 = ORIENTED_EDGE('',*,*,#2768,.F.);
#4139 = PLANE('',#4140);
#4140 = AXIS2_PLACEMENT_3D('',#4141,#4142,#4143);
#4141 = CARTESIAN_POINT('',(107.99999999999,12.,53.877985943214));
#4142 = DIRECTION('',(0.,1.,2.2E-16));
#4143 = DIRECTION('',(0.,-2.2E-16,1.));
#4144 = ADVANCED_FACE('',(#4145),#4189,.F.);
#4145 = FACE_BOUND('',#4146,.F.);
#4146 = EDGE_LOOP('',(#4147,#4182,#4183,#4184));
#4147 = ORIENTED_EDGE('',*,*,#4148,.F.);
#4148 = EDGE_CURVE('',#2994,#4149,#4151,.T.);
#4149 = VERTEX_POINT('',#4150);
#4150 = CARTESIAN_POINT('',(113.10000870027,0.65625103119,
    37.410207661613));
#4151 = B_SPLINE_CURVE_WITH_KNOTS('',11,(#4152,#4153,#4154,#4155,#4156,
    #4157,#4158,#4159,#4160,#4161,#4162,#4163,#4164,#4165,#4166,#4167,
    #4168,#4169,#4170,#4171,#4172,#4173,#4174,#4175,#4176,#4177,#4178,
    #4179,#4180,#4181),.UNSPECIFIED.,.F.,.F.,(12,9,9,12),(0.,
    1.614938419963,3.229876839926,6.459753679852),.UNSPECIFIED.);
#4152 = CARTESIAN_POINT('',(113.10000580018,-0.84374931255,37.4102076452
    ));
#4153 = CARTESIAN_POINT('',(113.10000671329,-0.809658295788,
    36.681931389674));
#4154 = CARTESIAN_POINT('',(112.98563833535,-0.775566863927,
    35.953652229298));
#4155 = CARTESIAN_POINT('',(112.75682941746,-0.741476129018,
    35.245332415611));
#4156 = CARTESIAN_POINT('',(112.41753383095,-0.707385625049,
    34.57695177835));
#4157 = CARTESIAN_POINT('',(111.97561400206,-0.673294915909,
    33.967593505354));
#4158 = CARTESIAN_POINT('',(111.44260039,-0.639203950967,33.4345786026)
  );
#4159 = CARTESIAN_POINT('',(110.83324554033,-0.605112886656,
    32.992667949216));
#4160 = CARTESIAN_POINT('',(110.16487153891,-0.571021848061,
    32.653394818179));
#4161 = CARTESIAN_POINT('',(109.45656316095,-0.536930860102,
    32.424598385392));
#4162 = CARTESIAN_POINT('',(108.00000814319,-0.468749006501,
    32.195801816504));
#4163 = CARTESIAN_POINT('',(106.54344414044,-0.400567304497,
    32.424597356538));
#4164 = CARTESIAN_POINT('',(105.83512706624,-0.36647647257,
    32.653392891623));
#4165 = CARTESIAN_POINT('',(105.16674125477,-0.332385610122,
    32.992666914709));
#4166 = CARTESIAN_POINT('',(104.55737698139,-0.298294693312,
    33.434577404856));
#4167 = CARTESIAN_POINT('',(104.02436223089,-0.264203735749,
    33.967593290987));
#4168 = CARTESIAN_POINT('',(103.58245526652,-0.23011277279,
    34.576955787178));
#4169 = CARTESIAN_POINT('',(103.24318573279,-0.196021835445,
    35.245337579712));
#4170 = CARTESIAN_POINT('',(103.0143939532,-0.161930929503,
    35.953650066218));
#4171 = CARTESIAN_POINT('',(102.67120612844,-5.965824627093E-02,
    38.138486383468));
#4172 = CARTESIAN_POINT('',(103.35758286656,4.261443695958E-02,
    40.323322529722));
#4173 = CARTESIAN_POINT('',(104.27275393871,0.110796423232,
    41.620152523305));
#4174 = CARTESIAN_POINT('',(105.58277275113,0.178977959944,
    42.597527016095));
#4175 = CARTESIAN_POINT('',(107.16232075191,0.2471617109,43.123883410568
    ));
#4176 = CARTESIAN_POINT('',(108.83773688127,0.315339146845,
    43.123829926543));
#4177 = CARTESIAN_POINT('',(110.41725502604,0.383522873305,
    42.597518961649));
#4178 = CARTESIAN_POINT('',(111.72707217533,0.451708932059,
    41.620176948319));
#4179 = CARTESIAN_POINT('',(112.64250011695,0.519885303699,
    40.323323154444));
#4180 = CARTESIAN_POINT('',(113.10000686936,0.588068997658,
    38.866760172664));
#4181 = CARTESIAN_POINT('',(113.10000870027,0.65625103119,
    37.410207661613));
#4182 = ORIENTED_EDGE('',*,*,#3030,.T.);
#4183 = ORIENTED_EDGE('',*,*,#3382,.T.);
#4184 = ORIENTED_EDGE('',*,*,#4185,.F.);
#4185 = EDGE_CURVE('',#4149,#3375,#4186,.T.);
#4186 = B_SPLINE_CURVE_WITH_KNOTS('',1,(#4187,#4188),.UNSPECIFIED.,.F.,
  .F.,(2,2),(0.,1.3105),.PIECEWISE_BEZIER_KNOTS.);
#4187 = CARTESIAN_POINT('',(113.10000870027,0.65625103119,
    37.410207661613));
#4188 = CARTESIAN_POINT('',(111.96508916525,9.893284925653E-04,
    37.41020710285));
#4189 = B_SPLINE_SURFACE_WITH_KNOTS('',1,9,(
    (#4190,#4191,#4192,#4193,#4194,#4195,#4196,#4197,#4198,#4199,#4200
      ,#4201,#4202,#4203,#4204,#4205,#4206,#4207,#4208,#4209,#4210,#4211
      ,#4212,#4213,#4214,#4215,#4216,#4217,#4218,#4219,#4220)
    ,(#4221,#4222,#4223,#4224,#4225,#4226,#4227,#4228,#4229,#4230,#4231
      ,#4232,#4233,#4234,#4235,#4236,#4237,#4238,#4239,#4240,#4241,#4242
      ,#4243,#4244,#4245,#4246,#4247,#4248,#4249,#4250,#4251
  )),.UNSPECIFIED.,.F.,.F.,.F.,(2,2),(10,7,7,7,10),(0.,1.3105),(0.,
    1.614938419963,3.229876839926,4.844815259889,6.459753679852),
  .UNSPECIFIED.);
#4190 = CARTESIAN_POINT('',(113.10000580018,-0.84374931255,37.4102076452
    ));
#4191 = CARTESIAN_POINT('',(113.10000691621,-0.802082514285,
    36.52009222178));
#4192 = CARTESIAN_POINT('',(112.9252771709,-0.760415081843,
    35.629972360392));
#4193 = CARTESIAN_POINT('',(112.57567661108,-0.718749199603,
    34.77905962657));
#4194 = CARTESIAN_POINT('',(112.06160726508,-0.677082918942,
    34.006611623942));
#4195 = CARTESIAN_POINT('',(111.40358573665,-0.635416054047,
    33.348579854048));
#4196 = CARTESIAN_POINT('',(110.63113403746,-0.593749189764,
    32.834525316222));
#4197 = CARTESIAN_POINT('',(109.7802418666,-0.552082386283,
    32.484975236303));
#4198 = CARTESIAN_POINT('',(108.0000093287,-0.468748986499,
    32.13542507991));
#4199 = CARTESIAN_POINT('',(106.21976306376,-0.385415818321,
    32.484973978815));
#4200 = CARTESIAN_POINT('',(105.368857733,-0.34374925516,32.834522677133
    ));
#4201 = CARTESIAN_POINT('',(104.59638924314,-0.302082595342,
    33.348581022678));
#4202 = CARTESIAN_POINT('',(103.93836529018,-0.26041584803,
    34.006606654373));
#4203 = CARTESIAN_POINT('',(103.42431253466,-0.218749109505,
    34.779071603275));
#4204 = CARTESIAN_POINT('',(103.07476959912,-0.177082438129,
    35.629970610228));
#4205 = CARTESIAN_POINT('',(102.72522637035,-9.374914068167E-02,
    37.410207621078));
#4206 = CARTESIAN_POINT('',(103.07477019045,-1.041584323382E-02,
    39.190444515822));
#4207 = CARTESIAN_POINT('',(103.42431310829,3.125082814089E-02,
    40.041343335862));
#4208 = CARTESIAN_POINT('',(103.93836437005,7.291756666685E-02,
    40.813808609429));
#4209 = CARTESIAN_POINT('',(104.59638758107,0.11458431398,
    41.471835490286));
#4210 = CARTESIAN_POINT('',(105.36885689479,0.156250973797,
    41.985894322472));
#4211 = CARTESIAN_POINT('',(106.2197628543,0.197917536957,
    42.335441329249));
#4212 = CARTESIAN_POINT('',(108.00000927369,0.281250705137,
    42.684987598884));
#4213 = CARTESIAN_POINT('',(109.78024165713,0.36458410492,
    42.335438498569));
#4214 = CARTESIAN_POINT('',(110.63113444362,0.406250908371,
    41.98589069397));
#4215 = CARTESIAN_POINT('',(111.4035858842,0.447917772768,
    41.471838800929));
#4216 = CARTESIAN_POINT('',(112.06161491078,0.489584637474,
    40.813811265638));
#4217 = CARTESIAN_POINT('',(112.57567822487,0.531250918312,
    40.041349565031));
#4218 = CARTESIAN_POINT('',(112.92526499942,0.572916800459,
    39.190442507689));
#4219 = CARTESIAN_POINT('',(113.10000758138,0.61458423292,
    38.300323085033));
#4220 = CARTESIAN_POINT('',(113.10000870027,0.65625103119,
    37.410207661613));
#4221 = CARTESIAN_POINT('',(111.96508401293,-1.499007114356,
    37.410207272692));
#4222 = CARTESIAN_POINT('',(111.96508592622,-1.457341809547,
    36.71813019652));
#4223 = CARTESIAN_POINT('',(111.82923745582,-1.415683067533,
    36.026166538215));
#4224 = CARTESIAN_POINT('',(111.55746542021,-1.374008282758,
    35.364603746535));
#4225 = CARTESIAN_POINT('',(111.15775903128,-1.332337622626,
    34.764005433002));
#4226 = CARTESIAN_POINT('',(110.64616314224,-1.290673006158,
    34.252431512147));
#4227 = CARTESIAN_POINT('',(110.04561501878,-1.249008385189,
    33.852764308441));
#4228 = CARTESIAN_POINT('',(109.38407832409,-1.20734313415,
    33.581001906609));
#4229 = CARTESIAN_POINT('',(108.00000916203,-1.12401048847,33.3092377458
    ));
#4230 = CARTESIAN_POINT('',(106.61592234418,-1.040675446055,
    33.581002097897));
#4231 = CARTESIAN_POINT('',(105.9543683602,-0.999007708272,
    33.852766676388));
#4232 = CARTESIAN_POINT('',(105.35380319736,-0.957340970719,
    34.252431629588));
#4233 = CARTESIAN_POINT('',(104.842215989,-0.915675138614,
    34.764020395536));
#4234 = CARTESIAN_POINT('',(104.44255730284,-0.874009215566,
    35.364580342622));
#4235 = CARTESIAN_POINT('',(104.17079788892,-0.832342597625,
    36.026127241998));
#4236 = CARTESIAN_POINT('',(103.89903899955,-0.749008892934,
    37.410208142384));
#4237 = CARTESIAN_POINT('',(104.1707992868,-0.665675188243,38.7942887683
    ));
#4238 = CARTESIAN_POINT('',(104.44255883529,-0.624008570303,
    39.455835267412));
#4239 = CARTESIAN_POINT('',(104.84221501833,-0.582342647253,
    40.056395691008));
#4240 = CARTESIAN_POINT('',(105.35380103693,-0.540676815148,
    40.567986547841));
#4241 = CARTESIAN_POINT('',(105.95436776374,-0.499010077596,
    40.967652214898));
#4242 = CARTESIAN_POINT('',(106.61592293295,-0.457342339814,
    41.239413622184));
#4243 = CARTESIAN_POINT('',(108.00001009338,-0.374007297395,
    41.51117295579));
#4244 = CARTESIAN_POINT('',(109.38407891285,-0.290674651716,
    41.239410323893));
#4245 = CARTESIAN_POINT('',(110.04561663308,-0.24900940073,
    40.967651798396));
#4246 = CARTESIAN_POINT('',(110.6461641968,-0.20734477956,
    40.567989142716));
#4247 = CARTESIAN_POINT('',(111.15777327867,-0.165680163429,
    40.056422616708));
#4248 = CARTESIAN_POINT('',(111.55746880062,-0.124009502982,
    39.455799867012));
#4249 = CARTESIAN_POINT('',(111.82921617926,-8.233471837098E-02,
    38.794247091956));
#4250 = CARTESIAN_POINT('',(111.96508728159,-4.067597632257E-02,
    38.102284179021));
#4251 = CARTESIAN_POINT('',(111.96508916525,9.893284925653E-04,
    37.41020710285));
#4252 = ADVANCED_FACE('',(#4253),#4298,.F.);
#4253 = FACE_BOUND('',#4254,.F.);
#4254 = EDGE_LOOP('',(#4255,#4291,#4292,#4293));
#4255 = ORIENTED_EDGE('',*,*,#4256,.F.);
#4256 = EDGE_CURVE('',#3102,#4257,#4259,.T.);
#4257 = VERTEX_POINT('',#4258);
#4258 = CARTESIAN_POINT('',(113.10000676688,0.84375103118,
    37.410207661612));
#4259 = B_SPLINE_CURVE_WITH_KNOTS('',9,(#4260,#4261,#4262,#4263,#4264,
    #4265,#4266,#4267,#4268,#4269,#4270,#4271,#4272,#4273,#4274,#4275,
    #4276,#4277,#4278,#4279,#4280,#4281,#4282,#4283,#4284,#4285,#4286,
    #4287,#4288,#4289,#4290),.UNSPECIFIED.,.F.,.F.,(10,7,7,7,10),(0.,
    1.614938419963,3.229876839926,4.844815259889,6.459753679852),
  .UNSPECIFIED.);
#4260 = CARTESIAN_POINT('',(113.10000451125,-0.656249312555,
    37.4102076452));
#4261 = CARTESIAN_POINT('',(113.10000538054,-0.614582514291,
    36.52009250292));
#4262 = CARTESIAN_POINT('',(112.92527426572,-0.572915081859,
    35.629972971276));
#4263 = CARTESIAN_POINT('',(112.57567534962,-0.531249199617,
    34.779061136359));
#4264 = CARTESIAN_POINT('',(112.06160683757,-0.48958291893,
    34.006611854767));
#4265 = CARTESIAN_POINT('',(111.40358468505,-0.447916054059,
    33.348580762127));
#4266 = CARTESIAN_POINT('',(110.63113325955,-0.406249189767,
    32.834526679173));
#4267 = CARTESIAN_POINT('',(109.78024128972,-0.364582386291,
    32.484976960978));
#4268 = CARTESIAN_POINT('',(108.00000933202,-0.281248986508,
    32.135427029172));
#4269 = CARTESIAN_POINT('',(106.21976361169,-0.197915818328,
    32.484975522326));
#4270 = CARTESIAN_POINT('',(105.36885847925,-0.156249255165,
    32.834523920748));
#4271 = CARTESIAN_POINT('',(104.59639014097,-0.114582595347,
    33.348582156588));
#4272 = CARTESIAN_POINT('',(103.93836647716,-7.291584803624E-02,
    34.006607718018));
#4273 = CARTESIAN_POINT('',(103.42431404862,-3.124910951201E-02,
    34.779072458033));
#4274 = CARTESIAN_POINT('',(103.07477122396,1.041756186309E-02,
    35.629971174784));
#4275 = CARTESIAN_POINT('',(102.72522803673,9.375085931143E-02,
    37.410207609715));
#4276 = CARTESIAN_POINT('',(103.07477167752,0.17708415676,
    39.190443955591));
#4277 = CARTESIAN_POINT('',(103.42431448538,0.218750828135,
    40.041342528214));
#4278 = CARTESIAN_POINT('',(103.93836574933,0.260417566659,
    40.813807522586));
#4279 = CARTESIAN_POINT('',(104.59638883373,0.302084313971,
    41.471834057937));
#4280 = CARTESIAN_POINT('',(105.36885781095,0.343750973788,
    41.985892675037));
#4281 = CARTESIAN_POINT('',(106.21976343116,0.38541753695,
    42.335439760859));
#4282 = CARTESIAN_POINT('',(108.00000927037,0.468750705132,
    42.684986215392));
#4283 = CARTESIAN_POINT('',(109.7802411092,0.552084104915,
    42.335437111344));
#4284 = CARTESIAN_POINT('',(110.63113355909,0.593750908367,
    41.985889165884));
#4285 = CARTESIAN_POINT('',(111.40358478529,0.635417772748,
    41.471837142746));
#4286 = CARTESIAN_POINT('',(112.06161277205,0.677084637471,
    40.813809346038));
#4287 = CARTESIAN_POINT('',(112.57567659538,0.718750918296,
    40.041349412303));
#4288 = CARTESIAN_POINT('',(112.92526479265,0.760416800466,
    39.190441993676));
#4289 = CARTESIAN_POINT('',(113.10000589472,0.802084232913,
    38.300322803892));
#4290 = CARTESIAN_POINT('',(113.10000676688,0.84375103118,
    37.410207661612));
#4291 = ORIENTED_EDGE('',*,*,#3139,.T.);
#4292 = ORIENTED_EDGE('',*,*,#4148,.T.);
#4293 = ORIENTED_EDGE('',*,*,#4294,.F.);
#4294 = EDGE_CURVE('',#4257,#4149,#4295,.T.);
#4295 = B_SPLINE_CURVE_WITH_KNOTS('',1,(#4296,#4297),.UNSPECIFIED.,.F.,
  .F.,(2,2),(0.,0.1875),.PIECEWISE_BEZIER_KNOTS.);
#4296 = CARTESIAN_POINT('',(113.10000676688,0.84375103118,
    37.410207661612));
#4297 = CARTESIAN_POINT('',(113.10000870027,0.65625103119,
    37.410207661613));
#4298 = B_SPLINE_SURFACE_WITH_KNOTS('',1,11,(
    (#4299,#4300,#4301,#4302,#4303,#4304,#4305,#4306,#4307,#4308,#4309
      ,#4310,#4311,#4312,#4313,#4314,#4315,#4316,#4317,#4318,#4319,#4320
      ,#4321,#4322,#4323,#4324,#4325,#4326,#4327,#4328)
    ,(#4329,#4330,#4331,#4332,#4333,#4334,#4335,#4336,#4337,#4338,#4339
      ,#4340,#4341,#4342,#4343,#4344,#4345,#4346,#4347,#4348,#4349,#4350
      ,#4351,#4352,#4353,#4354,#4355,#4356,#4357,#4358
  )),.UNSPECIFIED.,.F.,.F.,.F.,(2,2),(12,9,9,12),(0.,0.1875),(0.,
    1.614938419963,3.229876839926,6.459753679852),.UNSPECIFIED.);
#4299 = CARTESIAN_POINT('',(113.10000451125,-0.656249312555,
    37.4102076452));
#4300 = CARTESIAN_POINT('',(113.10000522249,-0.622158295793,
    36.681931619698));
#4301 = CARTESIAN_POINT('',(112.98563590776,-0.588066863941,
    35.953652721158));
#4302 = CARTESIAN_POINT('',(112.75682742379,-0.553976129031,
    35.245333466134));
#4303 = CARTESIAN_POINT('',(112.41753270859,-0.519885625055,
    34.576952701744));
#4304 = CARTESIAN_POINT('',(111.97561325271,-0.485794915907,
    33.967594153425));
#4305 = CARTESIAN_POINT('',(111.44259955837,-0.451703950972,
    33.434579408676));
#4306 = CARTESIAN_POINT('',(110.83324467985,-0.417612886662,
    32.992669177951));
#4307 = CARTESIAN_POINT('',(110.16487087551,-0.383521848067,
    32.653396364829));
#4308 = CARTESIAN_POINT('',(109.4565626894,-0.349430860111,
    32.424600148036));
#4309 = CARTESIAN_POINT('',(108.00000814343,-0.28124900651,
    32.195803711327));
#4310 = CARTESIAN_POINT('',(106.54344458919,-0.213067304504,
    32.424598970957));
#4311 = CARTESIAN_POINT('',(105.83512770028,-0.178976472576,
    32.653394293526));
#4312 = CARTESIAN_POINT('',(105.16674203727,-0.144885610127,
    32.992668149154));
#4313 = CARTESIAN_POINT('',(104.55737793052,-0.110794693318,
    33.434578539547));
#4314 = CARTESIAN_POINT('',(104.02436339847,-7.670373575526E-02,
    33.967594335818));
#4315 = CARTESIAN_POINT('',(103.58245666773,-4.261277279698E-02,
    34.576956690033));
#4316 = CARTESIAN_POINT('',(103.24318730232,-8.52183545265E-03,
    35.245338276302));
#4317 = CARTESIAN_POINT('',(103.01439558459,2.556907049011E-02,
    35.953650526184));
#4318 = CARTESIAN_POINT('',(102.6712077837,0.127841753722,
    38.138486139944));
#4319 = CARTESIAN_POINT('',(103.35758422044,0.230114436954,
    40.323321622547));
#4320 = CARTESIAN_POINT('',(104.27275459737,0.298296423227,
    41.620150659531));
#4321 = CARTESIAN_POINT('',(105.58277661181,0.366477959921,
    42.597528566114));
#4322 = CARTESIAN_POINT('',(107.16231690416,0.434661710908,
    43.123871124435));
#4323 = CARTESIAN_POINT('',(108.83773720846,0.502839146822,
    43.12384430674));
#4324 = CARTESIAN_POINT('',(110.41725965965,0.571022873358,
    42.597506282757));
#4325 = CARTESIAN_POINT('',(111.72706341126,0.639208931971,
    41.62017813562));
#4326 = CARTESIAN_POINT('',(112.64250221968,0.707385303728,
    40.323322360723));
#4327 = CARTESIAN_POINT('',(113.10000533971,0.775568997652,
    38.866759712615));
#4328 = CARTESIAN_POINT('',(113.10000676688,0.84375103118,
    37.410207661612));
#4329 = CARTESIAN_POINT('',(113.10000580018,-0.84374931255,37.4102076452
    ));
#4330 = CARTESIAN_POINT('',(113.10000671329,-0.809658295788,
    36.681931389674));
#4331 = CARTESIAN_POINT('',(112.98563833535,-0.775566863927,
    35.953652229298));
#4332 = CARTESIAN_POINT('',(112.75682941746,-0.741476129018,
    35.245332415611));
#4333 = CARTESIAN_POINT('',(112.41753383095,-0.707385625049,
    34.57695177835));
#4334 = CARTESIAN_POINT('',(111.97561400206,-0.673294915909,
    33.967593505354));
#4335 = CARTESIAN_POINT('',(111.44260039,-0.639203950967,33.4345786026)
  );
#4336 = CARTESIAN_POINT('',(110.83324554033,-0.605112886656,
    32.992667949216));
#4337 = CARTESIAN_POINT('',(110.16487153891,-0.571021848061,
    32.653394818179));
#4338 = CARTESIAN_POINT('',(109.45656316095,-0.536930860102,
    32.424598385392));
#4339 = CARTESIAN_POINT('',(108.00000814319,-0.468749006501,
    32.195801816504));
#4340 = CARTESIAN_POINT('',(106.54344414044,-0.400567304497,
    32.424597356538));
#4341 = CARTESIAN_POINT('',(105.83512706624,-0.36647647257,
    32.653392891623));
#4342 = CARTESIAN_POINT('',(105.16674125477,-0.332385610122,
    32.992666914709));
#4343 = CARTESIAN_POINT('',(104.55737698139,-0.298294693312,
    33.434577404856));
#4344 = CARTESIAN_POINT('',(104.02436223089,-0.264203735749,
    33.967593290987));
#4345 = CARTESIAN_POINT('',(103.58245526652,-0.23011277279,
    34.576955787178));
#4346 = CARTESIAN_POINT('',(103.24318573279,-0.196021835445,
    35.245337579712));
#4347 = CARTESIAN_POINT('',(103.0143939532,-0.161930929503,
    35.953650066218));
#4348 = CARTESIAN_POINT('',(102.67120612844,-5.965824627093E-02,
    38.138486383468));
#4349 = CARTESIAN_POINT('',(103.35758286656,4.261443695958E-02,
    40.323322529722));
#4350 = CARTESIAN_POINT('',(104.27275393871,0.110796423232,
    41.620152523305));
#4351 = CARTESIAN_POINT('',(105.58277275113,0.178977959944,
    42.597527016095));
#4352 = CARTESIAN_POINT('',(107.16232075191,0.2471617109,43.123883410568
    ));
#4353 = CARTESIAN_POINT('',(108.83773688127,0.315339146845,
    43.123829926543));
#4354 = CARTESIAN_POINT('',(110.41725502604,0.383522873305,
    42.597518961649));
#4355 = CARTESIAN_POINT('',(111.72707217533,0.451708932059,
    41.620176948319));
#4356 = CARTESIAN_POINT('',(112.64250011695,0.519885303699,
    40.323323154444));
#4357 = CARTESIAN_POINT('',(113.10000686936,0.588068997658,
    38.866760172664));
#4358 = CARTESIAN_POINT('',(113.10000870027,0.65625103119,
    37.410207661613));
#4359 = ADVANCED_FACE('',(#4360),#4460,.F.);
#4360 = FACE_BOUND('',#4361,.F.);
#4361 = EDGE_LOOP('',(#4362,#4453,#4454,#4455));
#4362 = ORIENTED_EDGE('',*,*,#4363,.F.);
#4363 = EDGE_CURVE('',#3209,#4364,#4366,.T.);
#4364 = VERTEX_POINT('',#4365);
#4365 = CARTESIAN_POINT('',(112.5,1.19015685035,37.410207489293));
#4366 = B_SPLINE_CURVE_WITH_KNOTS('',8,(#4367,#4368,#4369,#4370,#4371,
    #4372,#4373,#4374,#4375,#4376,#4377,#4378,#4379,#4380,#4381,#4382,
    #4383,#4384,#4385,#4386,#4387,#4388,#4389,#4390,#4391,#4392,#4393,
    #4394,#4395,#4396,#4397,#4398,#4399,#4400,#4401,#4402,#4403,#4404,
    #4405,#4406,#4407,#4408,#4409,#4410,#4411,#4412,#4413,#4414,#4415,
    #4416,#4417,#4418,#4419,#4420,#4421,#4422,#4423,#4424,#4425,#4426,
    #4427,#4428,#4429,#4430,#4431,#4432,#4433,#4434,#4435,#4436,#4437,
    #4438,#4439,#4440,#4441,#4442,#4443,#4444,#4445,#4446,#4447,#4448,
    #4449,#4450,#4451,#4452),.UNSPECIFIED.,.F.,.F.,(9,7,7,7,7,7,7,7,7,7,
    7,7,9),(0.,4.49416278805E-02,0.133837761966,0.22006913607,
    0.376282051341,0.50124041307,0.523070980424,0.62707556357,
    0.736319695968,0.787829150455,0.869479580579,0.955196390575,1.),
  .UNSPECIFIED.);
#4367 = CARTESIAN_POINT('',(112.5,-0.309842041573,37.410207366209));
#4368 = CARTESIAN_POINT('',(112.5,-0.301417055251,37.251394589912));
#4369 = CARTESIAN_POINT('',(112.49359443361,-0.292991071549,
    37.092580457894));
#4370 = CARTESIAN_POINT('',(112.48078345007,-0.284564767602,
    36.934068537503));
#4371 = CARTESIAN_POINT('',(112.46158410087,-0.276138502779,
    36.776160355077));
#4372 = CARTESIAN_POINT('',(112.43603032095,-0.267712420379,
    36.619155225524));
#4373 = CARTESIAN_POINT('',(112.40417290987,-0.259286549329,
    36.463350081902));
#4374 = CARTESIAN_POINT('',(112.36607951291,-0.250860905877,36.309039305
    ));
#4375 = CARTESIAN_POINT('',(112.23431659977,-0.2257700321,
    35.854815183044));
#4376 = CARTESIAN_POINT('',(112.12271525087,-0.209102950596,
    35.560051844586));
#4377 = CARTESIAN_POINT('',(111.98768839346,-0.192437731232,
    35.27453777917));
#4378 = CARTESIAN_POINT('',(111.83015254652,-0.175774011492,
    35.000437443471));
#4379 = CARTESIAN_POINT('',(111.65124393163,-0.159109883884,
    34.739783919947));
#4380 = CARTESIAN_POINT('',(111.45230344253,-0.142443800113,
    34.494481442112));
#4381 = CARTESIAN_POINT('',(111.23488556264,-0.125776181451,
    34.266293034319));
#4382 = CARTESIAN_POINT('',(110.77371413506,-9.294485429388E-02,
    33.853612885695));
#4383 = CARTESIAN_POINT('',(110.53088064202,-7.677649915248E-02,
    33.667958349956));
#4384 = CARTESIAN_POINT('',(110.27391662759,-6.060890306924E-02,
    33.501318740372));
#4385 = CARTESIAN_POINT('',(110.00457285818,-4.444247442838E-02,
    33.354932423439));
#4386 = CARTESIAN_POINT('',(109.72470496189,-2.82761517652E-02,
    33.22983658626));
#4387 = CARTESIAN_POINT('',(109.43626384642,-1.210879937164E-02,
    33.126875647485));
#4388 = CARTESIAN_POINT('',(109.14129656324,4.059356474764E-03,
    33.046688543588));
#4389 = CARTESIAN_POINT('',(108.29968852257,4.951066428805E-02,
    32.886391496726));
#4390 = CARTESIAN_POINT('',(107.74216058125,7.883768686646E-02,
    32.858983579508));
#4391 = CARTESIAN_POINT('',(107.18299199862,0.10813970629,32.91043621375
    ));
#4392 = CARTESIAN_POINT('',(106.6350806118,0.137428204119,33.04007686753
    ));
#4393 = CARTESIAN_POINT('',(106.11078170671,0.166717223365,
    33.245318906112));
#4394 = CARTESIAN_POINT('',(105.6217266188,0.196020751915,
    33.521256868141));
#4395 = CARTESIAN_POINT('',(105.17890276631,0.225348746532,
    33.861104199423));
#4396 = CARTESIAN_POINT('',(104.482164741,0.278060186771,34.56946443854)
  );
#4397 = CARTESIAN_POINT('',(104.207641696,0.301499649497,34.919185326202
    ));
#4398 = CARTESIAN_POINT('',(103.97313965005,0.32493114393,
    35.298981186076));
#4399 = CARTESIAN_POINT('',(103.78236243292,0.348356578231,
    35.703423722322));
#4400 = CARTESIAN_POINT('',(103.63817258509,0.371782052701,
    36.126719165918));
#4401 = CARTESIAN_POINT('',(103.54254256623,0.395213451742,
    36.562713521249));
#4402 = CARTESIAN_POINT('',(103.49658618616,0.418652891522,
    37.004930405529));
#4403 = CARTESIAN_POINT('',(103.50076820598,0.446171623861,
    37.52362880023));
#4404 = CARTESIAN_POINT('',(103.50290151816,0.450264248371,
    37.600757917154));
#4405 = CARTESIAN_POINT('',(103.50654590764,0.454356888706,
    37.677840284272));
#4406 = CARTESIAN_POINT('',(103.51170014786,0.458449544119,
    37.754841352272));
#4407 = CARTESIAN_POINT('',(103.51836206726,0.462542213841,
    37.831726647663));
#4408 = CARTESIAN_POINT('',(103.52652854928,0.46663489708,
    37.908461772777));
#4409 = CARTESIAN_POINT('',(103.53619553233,0.470727593022,
    37.985012405769));
#4410 = CARTESIAN_POINT('',(103.60053797533,0.494318665777,
    38.425002595674));
#4411 = CARTESIAN_POINT('',(103.68767743861,0.513822740649,
    38.783800828639));
#4412 = CARTESIAN_POINT('',(103.80824383121,0.533324582748,
    39.133879731829));
#4413 = CARTESIAN_POINT('',(103.961172317,0.552823435305,39.471619878968
    ));
#4414 = CARTESIAN_POINT('',(104.14496720255,0.572322154283,
    39.793605844765));
#4415 = CARTESIAN_POINT('',(104.35774003703,0.591823629555,
    40.096622673121));
#4416 = CARTESIAN_POINT('',(104.59718440152,0.61132720047,
    40.377684653947));
#4417 = CARTESIAN_POINT('',(105.13705506796,0.651305195766,
    40.903425690311));
#4418 = CARTESIAN_POINT('',(105.44012396747,0.671792076124,
    41.145732084816));
#4419 = CARTESIAN_POINT('',(105.76647805393,0.69227504177,
    41.357823986821));
#4420 = CARTESIAN_POINT('',(106.11255865023,0.712754731623,
    41.537145186309));
#4421 = CARTESIAN_POINT('',(106.47455711835,0.733234528121,
    41.681661608556));
#4422 = CARTESIAN_POINT('',(106.84844381072,0.753717742876,
    41.789822521383));
#4423 = CARTESIAN_POINT('',(107.22995761743,0.774204846352,
    41.86060764817));
#4424 = CARTESIAN_POINT('',(107.79593307659,0.804341609082,
    41.909261546362));
#4425 = CARTESIAN_POINT('',(107.97800949798,0.813998378158,
    41.916467981501));
#4426 = CARTESIAN_POINT('',(108.16035313512,0.823655101774,
    41.915251947996));
#4427 = CARTESIAN_POINT('',(108.34250895386,0.833311745719,
    41.905603859908));
#4428 = CARTESIAN_POINT('',(108.52402380999,0.842968381158,
    41.887543495728));
#4429 = CARTESIAN_POINT('',(108.70444680638,0.852625079329,
    41.861119966183));
#4430 = CARTESIAN_POINT('',(108.88332965011,0.862281806249,
    41.826411682037));
#4431 = CARTESIAN_POINT('',(109.34063660881,0.887245376995,
    41.715546411471));
#4432 = CARTESIAN_POINT('',(109.61609540661,0.902553948646,
    41.62701114682));
#4433 = CARTESIAN_POINT('',(109.88479913652,0.917861616124,
    41.518350044338));
#4434 = CARTESIAN_POINT('',(110.14503601689,0.933168201589,
    41.390179313706));
#4435 = CARTESIAN_POINT('',(110.39517775293,0.94847469777,
    41.243277634687));
#4436 = CARTESIAN_POINT('',(110.6336786391,0.963782163561,
    41.078576955277));
#4437 = CARTESIAN_POINT('',(110.8590827616,0.979090583033,
    40.897168311171));
#4438 = CARTESIAN_POINT('',(111.29150196318,1.010467121835,
    40.493673654536));
#4439 = CARTESIAN_POINT('',(111.49709695369,1.026539030188,
    40.269960597357));
#4440 = CARTESIAN_POINT('',(111.68524424364,1.042610461773,
    40.030643872205));
#4441 = CARTESIAN_POINT('',(111.85457669144,1.058681327887,
    39.777325666781));
#4442 = CARTESIAN_POINT('',(112.0039134646,1.074752652191,
    39.511728092265));
#4443 = CARTESIAN_POINT('',(112.13225281874,1.09082509546,
    39.235683198394));
#4444 = CARTESIAN_POINT('',(112.23878423401,1.106897755161,
    38.951134890669));
#4445 = CARTESIAN_POINT('',(112.36689706939,1.131366653191,
    38.508058309926));
#4446 = CARTESIAN_POINT('',(112.40475892937,1.139765853677,38.3541940405
    ));
#4447 = CARTESIAN_POINT('',(112.43642203652,1.148164691748,
    38.198848987397));
#4448 = CARTESIAN_POINT('',(112.46181955598,1.156563140223,
    38.042314876474));
#4449 = CARTESIAN_POINT('',(112.48090129411,1.1649612956,37.884885956299
    ));
#4450 = CARTESIAN_POINT('',(112.49363372214,1.173359379345,
    37.726858840989));
#4451 = CARTESIAN_POINT('',(112.5,1.181757739176,37.568532353049));
#4452 = CARTESIAN_POINT('',(112.5,1.190156850351,37.410207366208));
#4453 = ORIENTED_EDGE('',*,*,#3301,.T.);
#4454 = ORIENTED_EDGE('',*,*,#4256,.T.);
#4455 = ORIENTED_EDGE('',*,*,#4456,.F.);
#4456 = EDGE_CURVE('',#4364,#4257,#4457,.T.);
#4457 = B_SPLINE_CURVE_WITH_KNOTS('',1,(#4458,#4459),.UNSPECIFIED.,.F.,
  .F.,(2,2),(0.,1.3105),.PIECEWISE_BEZIER_KNOTS.);
#4458 = CARTESIAN_POINT('',(111.9650737187,1.498989328413,
    37.410207102846));
#4459 = CARTESIAN_POINT('',(113.10000676688,0.84375103118,
    37.410207661612));
#4460 = B_SPLINE_SURFACE_WITH_KNOTS('',1,9,(
    (#4461,#4462,#4463,#4464,#4465,#4466,#4467,#4468,#4469,#4470,#4471
      ,#4472,#4473,#4474,#4475,#4476,#4477,#4478,#4479,#4480,#4481,#4482
      ,#4483,#4484,#4485,#4486,#4487,#4488,#4489,#4490,#4491)
    ,(#4492,#4493,#4494,#4495,#4496,#4497,#4498,#4499,#4500,#4501,#4502
      ,#4503,#4504,#4505,#4506,#4507,#4508,#4509,#4510,#4511,#4512,#4513
      ,#4514,#4515,#4516,#4517,#4518,#4519,#4520,#4521,#4522
  )),.UNSPECIFIED.,.F.,.F.,.F.,(2,2),(10,7,7,7,10),(0.,1.3105),(0.,
    1.614938419963,3.229876839926,4.844815259889,6.459753679852),
  .UNSPECIFIED.);
#4461 = CARTESIAN_POINT('',(111.96507371523,-1.007114391419E-03,
    37.41020727269));
#4462 = CARTESIAN_POINT('',(111.96507365729,4.065819040361E-02,
    36.718132442643));
#4463 = CARTESIAN_POINT('',(111.82921424538,8.231693233657E-02,
    36.026171418772));
#4464 = CARTESIAN_POINT('',(111.55745534194,0.12399171713,
    35.364615808741));
#4465 = CARTESIAN_POINT('',(111.15775561571,0.165662377469,
    34.764007277144));
#4466 = CARTESIAN_POINT('',(110.64615474065,0.207326993744,
    34.252438767092));
#4467 = CARTESIAN_POINT('',(110.04560880381,0.248991614788,
    33.852775197517));
#4468 = CARTESIAN_POINT('',(109.38407371526,0.290656865783,
    33.58101568561));
#4469 = CARTESIAN_POINT('',(108.00000918853,0.373989511454,
    33.309253319102));
#4470 = CARTESIAN_POINT('',(106.61592672178,0.457324553891,
    33.581014429522));
#4471 = CARTESIAN_POINT('',(105.95437432225,0.498992291688,
    33.852776612047));
#4472 = CARTESIAN_POINT('',(105.35381037043,0.540659029241,
    34.252440688772));
#4473 = CARTESIAN_POINT('',(104.84222547217,0.582324861336,
    34.764028893346));
#4474 = CARTESIAN_POINT('',(104.44256939845,0.623990784375,
    35.364587171572));
#4475 = CARTESIAN_POINT('',(104.17081087029,0.665657402315,
    36.026131752425));
#4476 = CARTESIAN_POINT('',(103.89905231278,0.748991107011,
    37.410208051598));
#4477 = CARTESIAN_POINT('',(104.17081116746,0.832324811707,
    38.794284292423));
#4478 = CARTESIAN_POINT('',(104.4425698373,0.873991429646,
    39.455828814842));
#4479 = CARTESIAN_POINT('',(104.84222603787,0.915657352686,
    40.05638700785));
#4480 = CARTESIAN_POINT('',(105.35381104484,0.95732318478,
    40.567975104331));
#4481 = CARTESIAN_POINT('',(105.95437508325,0.998989922334,
    40.967639052996));
#4482 = CARTESIAN_POINT('',(106.61592754174,1.04065766013,
    41.239401091797));
#4483 = CARTESIAN_POINT('',(108.00001006689,1.123992702568,
    41.511161902608));
#4484 = CARTESIAN_POINT('',(109.38407453522,1.207325348239,
    41.239399240894));
#4485 = CARTESIAN_POINT('',(110.0456095663,1.248990599234,
    40.967639590004));
#4486 = CARTESIAN_POINT('',(110.64615541722,1.290655220278,
    40.567975894948));
#4487 = CARTESIAN_POINT('',(111.15775619165,1.332319836552,
    40.056407280384));
#4488 = CARTESIAN_POINT('',(111.55745578207,1.373990496891,
    39.455798646823));
#4489 = CARTESIAN_POINT('',(111.82921452732,1.415665281685,
    38.794242985333));
#4490 = CARTESIAN_POINT('',(111.96507380628,1.457324023618,
    38.102281932893));
#4491 = CARTESIAN_POINT('',(111.9650737187,1.498989328413,
    37.410207102846));
#4492 = CARTESIAN_POINT('',(113.10000451125,-0.656249312555,
    37.4102076452));
#4493 = CARTESIAN_POINT('',(113.10000538054,-0.614582514291,
    36.52009250292));
#4494 = CARTESIAN_POINT('',(112.92527426572,-0.572915081859,
    35.629972971276));
#4495 = CARTESIAN_POINT('',(112.57567534962,-0.531249199617,
    34.779061136359));
#4496 = CARTESIAN_POINT('',(112.06160683757,-0.48958291893,
    34.006611854767));
#4497 = CARTESIAN_POINT('',(111.40358468505,-0.447916054059,
    33.348580762127));
#4498 = CARTESIAN_POINT('',(110.63113325955,-0.406249189767,
    32.834526679173));
#4499 = CARTESIAN_POINT('',(109.78024128972,-0.364582386291,
    32.484976960978));
#4500 = CARTESIAN_POINT('',(108.00000933202,-0.281248986508,
    32.135427029172));
#4501 = CARTESIAN_POINT('',(106.21976361169,-0.197915818328,
    32.484975522326));
#4502 = CARTESIAN_POINT('',(105.36885847925,-0.156249255165,
    32.834523920748));
#4503 = CARTESIAN_POINT('',(104.59639014097,-0.114582595347,
    33.348582156588));
#4504 = CARTESIAN_POINT('',(103.93836647716,-7.291584803624E-02,
    34.006607718018));
#4505 = CARTESIAN_POINT('',(103.42431404862,-3.124910951201E-02,
    34.779072458033));
#4506 = CARTESIAN_POINT('',(103.07477122396,1.041756186309E-02,
    35.629971174784));
#4507 = CARTESIAN_POINT('',(102.72522803673,9.375085931143E-02,
    37.410207609715));
#4508 = CARTESIAN_POINT('',(103.07477167752,0.17708415676,
    39.190443955591));
#4509 = CARTESIAN_POINT('',(103.42431448538,0.218750828135,
    40.041342528214));
#4510 = CARTESIAN_POINT('',(103.93836574933,0.260417566659,
    40.813807522586));
#4511 = CARTESIAN_POINT('',(104.59638883373,0.302084313971,
    41.471834057937));
#4512 = CARTESIAN_POINT('',(105.36885781095,0.343750973788,
    41.985892675037));
#4513 = CARTESIAN_POINT('',(106.21976343116,0.38541753695,
    42.335439760859));
#4514 = CARTESIAN_POINT('',(108.00000927037,0.468750705132,
    42.684986215392));
#4515 = CARTESIAN_POINT('',(109.7802411092,0.552084104915,
    42.335437111344));
#4516 = CARTESIAN_POINT('',(110.63113355909,0.593750908367,
    41.985889165884));
#4517 = CARTESIAN_POINT('',(111.40358478529,0.635417772748,
    41.471837142746));
#4518 = CARTESIAN_POINT('',(112.06161277205,0.677084637471,
    40.813809346038));
#4519 = CARTESIAN_POINT('',(112.57567659538,0.718750918296,
    40.041349412303));
#4520 = CARTESIAN_POINT('',(112.92526479265,0.760416800466,
    39.190441993676));
#4521 = CARTESIAN_POINT('',(113.10000589472,0.802084232913,
    38.300322803892));
#4522 = CARTESIAN_POINT('',(113.10000676688,0.84375103118,
    37.410207661612));
#4523 = ADVANCED_FACE('',(#4524),#4632,.F.);
#4524 = FACE_BOUND('',#4525,.F.);
#4525 = EDGE_LOOP('',(#4526,#4527,#4528,#4536));
#4526 = ORIENTED_EDGE('',*,*,#3374,.F.);
#4527 = ORIENTED_EDGE('',*,*,#4363,.T.);
#4528 = ORIENTED_EDGE('',*,*,#4529,.T.);
#4529 = EDGE_CURVE('',#4364,#4530,#4532,.T.);
#4530 = VERTEX_POINT('',#4531);
#4531 = CARTESIAN_POINT('',(112.49999999998,1.809823516755,
    37.410207448263));
#4532 = LINE('',#4533,#4534);
#4533 = CARTESIAN_POINT('',(112.5,-3.,37.410207612377));
#4534 = VECTOR('',#4535,1.);
#4535 = DIRECTION('',(0.,1.,-2.2E-16));
#4536 = ORIENTED_EDGE('',*,*,#4537,.F.);
#4537 = EDGE_CURVE('',#3375,#4530,#4538,.T.);
#4538 = B_SPLINE_CURVE_WITH_KNOTS('',8,(#4539,#4540,#4541,#4542,#4543,
    #4544,#4545,#4546,#4547,#4548,#4549,#4550,#4551,#4552,#4553,#4554,
    #4555,#4556,#4557,#4558,#4559,#4560,#4561,#4562,#4563,#4564,#4565,
    #4566,#4567,#4568,#4569,#4570,#4571,#4572,#4573,#4574,#4575,#4576,
    #4577,#4578,#4579,#4580,#4581,#4582,#4583,#4584,#4585,#4586,#4587,
    #4588,#4589,#4590,#4591,#4592,#4593,#4594,#4595,#4596,#4597,#4598,
    #4599,#4600,#4601,#4602,#4603,#4604,#4605,#4606,#4607,#4608,#4609,
    #4610,#4611,#4612,#4613,#4614,#4615,#4616,#4617,#4618,#4619,#4620,
    #4621,#4622,#4623,#4624,#4625,#4626,#4627,#4628,#4629,#4630,#4631),
  .UNSPECIFIED.,.F.,.F.,(9,7,7,7,7,7,7,7,7,7,7,7,7,9),(0.,
    4.763818756123E-02,0.132337823933,0.226240286247,0.285165555849,
    0.380080336514,0.483995288893,0.503839671202,0.630815711638,
    0.745585494984,0.801977051087,0.868630648106,0.957651604019,1.),
  .UNSPECIFIED.);
#4539 = CARTESIAN_POINT('',(112.49999999997,0.309827601582,
    37.410207284148));
#4540 = CARTESIAN_POINT('',(112.49999999997,0.318758474425,
    37.241854012284));
#4541 = CARTESIAN_POINT('',(112.49280167011,0.327688263812,
    37.073498699015));
#4542 = CARTESIAN_POINT('',(112.47840519155,0.336617712982,
    36.905503425072));
#4543 = CARTESIAN_POINT('',(112.45683209782,0.345547336222,
    36.738227497478));
#4544 = CARTESIAN_POINT('',(112.42812523911,0.354477437454,
    36.572027228591));
#4545 = CARTESIAN_POINT('',(112.39234874654,0.363408128803,
    36.407255715153));
#4546 = CARTESIAN_POINT('',(112.34958799643,0.372339349176,
    36.244262617338));
#4547 = CARTESIAN_POINT('',(112.21169356613,0.39715095076,
    35.797373008837));
#4548 = CARTESIAN_POINT('',(112.10168308109,0.41303432877,35.51802516708
    ));
#4549 = CARTESIAN_POINT('',(111.97052077834,0.428917658048,
    35.247335752138));
#4550 = CARTESIAN_POINT('',(111.8190192907,0.444799914792,
    34.987167348855));
#4551 = CARTESIAN_POINT('',(111.64817204449,0.460681596866,
    34.739273091194));
#4552 = CARTESIAN_POINT('',(111.45914196267,0.476563616867,
    34.505298606529));
#4553 = CARTESIAN_POINT('',(111.25326805155,0.492445901605,
    34.286772600328));
#4554 = CARTESIAN_POINT('',(110.78688013159,0.525930873754,
    33.861485820743));
#4555 = CARTESIAN_POINT('',(110.52277876252,0.543538706249,
    33.658509406464));
#4556 = CARTESIAN_POINT('',(110.24187648321,0.56114467283,
    33.478086829842));
#4557 = CARTESIAN_POINT('',(109.94644030382,0.578748760939,
    33.32181499887));
#4558 = CARTESIAN_POINT('',(109.63888105341,0.596353085325,
    33.191007054193));
#4559 = CARTESIAN_POINT('',(109.3217378389,0.613959598623,
    33.086706530354));
#4560 = CARTESIAN_POINT('',(108.99767943481,0.631567895304,
    33.00966636218));
#4561 = CARTESIAN_POINT('',(108.46359903961,0.660220657068,
    32.929310010827));
#4562 = CARTESIAN_POINT('',(108.25603072892,0.671268618734,
    32.909216975857));
#4563 = CARTESIAN_POINT('',(108.04749852924,0.682316494465,
    32.900117208188));
#4564 = CARTESIAN_POINT('',(107.83868256011,0.693364215927,
    32.902060667248));
#4565 = CARTESIAN_POINT('',(107.630261746,0.704411933364,32.91504741446)
  );
#4566 = CARTESIAN_POINT('',(107.42291327126,0.715459801983,
    32.939028866903));
#4567 = CARTESIAN_POINT('',(107.21731194703,0.726507767361,
    32.973906585326));
#4568 = CARTESIAN_POINT('',(106.68685023588,0.755350412641,
    33.093014949816));
#4569 = CARTESIAN_POINT('',(106.36576617421,0.773148793271,
    33.194396404933));
#4570 = CARTESIAN_POINT('',(106.05375054212,0.790945444743,
    33.323046793273));
#4571 = CARTESIAN_POINT('',(105.75349572846,0.808740021265,
    33.477989331186));
#4572 = CARTESIAN_POINT('',(105.46753677683,0.826534551102,
    33.657954904486));
#4573 = CARTESIAN_POINT('',(105.19825435791,0.844331091148,
    33.861404262579));
#4574 = CARTESIAN_POINT('',(104.94785721162,0.862129363245,
    34.086514122162));
#4575 = CARTESIAN_POINT('',(104.46706761745,0.899406770033,
    34.598935356741));
#4576 = CARTESIAN_POINT('',(104.24069735621,0.918894827618,
    34.89025558873));
#4577 = CARTESIAN_POINT('',(104.04191519243,0.938380768821,
    35.20227528407));
#4578 = CARTESIAN_POINT('',(103.87288580799,0.957863942035,
    35.531915450415));
#4579 = CARTESIAN_POINT('',(103.7353473923,0.977347235549,
    35.875887490192));
#4580 = CARTESIAN_POINT('',(103.63063799305,0.996833500825,
    36.230720693104));
#4581 = CARTESIAN_POINT('',(103.55965747483,1.016321983721,
    36.592760426434));
#4582 = CARTESIAN_POINT('',(103.51571983689,1.03952534214,
    37.027912091152));
#4583 = CARTESIAN_POINT('',(103.50991733291,1.043245910091,
    37.097812664942));
#4584 = CARTESIAN_POINT('',(103.50536018417,1.04696646705,
    37.167812884055));
#4585 = CARTESIAN_POINT('',(103.50205035432,1.050687012529,
    37.237886860279));
#4586 = CARTESIAN_POINT('',(103.49998916012,1.054407546023,
    37.308008677626));
#4587 = CARTESIAN_POINT('',(103.49917727146,1.058128067021,
    37.378152392333));
#4588 = CARTESIAN_POINT('',(103.49961471131,1.061848574994,
    37.448292032862));
#4589 = CARTESIAN_POINT('',(103.51208980066,1.089374982911,
    37.967003883443));
#4590 = CARTESIAN_POINT('',(103.57400996266,1.113195332887,
    38.414658664925));
#4591 = CARTESIAN_POINT('',(103.68699917901,1.137006976982,
    38.854127162098));
#4592 = CARTESIAN_POINT('',(103.84964568145,1.160812220976,
    39.278656336815));
#4593 = CARTESIAN_POINT('',(104.0596407688,1.184617443199,
    39.681869592164));
#4594 = CARTESIAN_POINT('',(104.31374116076,1.208429203507,
    40.057811097041));
#4595 = CARTESIAN_POINT('',(104.60782716295,1.232249678865,
    40.400946951203));
#4596 = CARTESIAN_POINT('',(105.23361682095,1.277573183451,
    40.982549863918));
#4597 = CARTESIAN_POINT('',(105.55928021657,1.299100085699,
    41.22817988427));
#4598 = CARTESIAN_POINT('',(105.90968263042,1.320622602509,
    41.439685691099));
#4599 = CARTESIAN_POINT('',(106.28059851226,1.342141267813,
    41.614233266975));
#4600 = CARTESIAN_POINT('',(106.66752467434,1.363659855377,
    41.749634961833));
#4601 = CARTESIAN_POINT('',(107.06571553608,1.3851821958,41.8442957506)
  );
#4602 = CARTESIAN_POINT('',(107.47017060632,1.406708959522,
    41.897276293379));
#4603 = CARTESIAN_POINT('',(108.07482186008,1.438799013862,
    41.913996473902));
#4604 = CARTESIAN_POINT('',(108.27431669792,1.449371755312,
    41.909422721209));
#4605 = CARTESIAN_POINT('',(108.47349266558,1.459944331933,
    41.894748981075));
#4606 = CARTESIAN_POINT('',(108.67175281937,1.470516732998,
    41.870002102929));
#4607 = CARTESIAN_POINT('',(108.86850599657,1.481089129002,
    41.835250430327));
#4608 = CARTESIAN_POINT('',(109.06316713437,1.49166168805,
    41.790602792198));
#4609 = CARTESIAN_POINT('',(109.2551578706,1.502234394718,
    41.736209372308));
#4610 = CARTESIAN_POINT('',(109.66700530994,1.525303309622,
    41.59668295301));
#4611 = CARTESIAN_POINT('',(109.88559258803,1.537800401837,
    41.507751357042));
#4612 = CARTESIAN_POINT('',(110.09872090785,1.550297281897,
    41.405788494932));
#4613 = CARTESIAN_POINT('',(110.3054855047,1.56279387612,41.291191085826
    ));
#4614 = CARTESIAN_POINT('',(110.50502226335,1.575290496006,
    41.164426530685));
#4615 = CARTESIAN_POINT('',(110.6965073996,1.587787437535,41.0260301143)
  );
#4616 = CARTESIAN_POINT('',(110.87915976194,1.600284587014,
    40.87660662077));
#4617 = CARTESIAN_POINT('',(111.28341527892,1.629470989585,
    40.503451012524));
#4618 = CARTESIAN_POINT('',(111.49757128094,1.646163283167,
    40.271562597927));
#4619 = CARTESIAN_POINT('',(111.69292986194,1.662854220635,
    40.022800432815));
#4620 = CARTESIAN_POINT('',(111.86795753235,1.679543386383,
    39.758959568776));
#4621 = CARTESIAN_POINT('',(112.02133780731,1.696232263751,
    39.481973700939));
#4622 = CARTESIAN_POINT('',(112.15196210273,1.712922610237,
    39.193902795237));
#4623 = CARTESIAN_POINT('',(112.25894493086,1.729614586969,
    38.896935436827));
#4624 = CARTESIAN_POINT('',(112.38101361593,1.754244313156,
    38.449013055304));
#4625 = CARTESIAN_POINT('',(112.41487591513,1.762184184611,
    38.303123386763));
#4626 = CARTESIAN_POINT('',(112.44318360099,1.770124167779,
    38.155981923495));
#4627 = CARTESIAN_POINT('',(112.46588327961,1.778064238803,
    38.007835700172));
#4628 = CARTESIAN_POINT('',(112.48293486441,1.786004373128,
    37.858933635283));
#4629 = CARTESIAN_POINT('',(112.49431158564,1.793944479637,
    37.709526409744));
#4630 = CARTESIAN_POINT('',(112.49999999997,1.801884334789,
    37.559866345504));
#4631 = CARTESIAN_POINT('',(112.49999999997,1.809823516763,
    37.410207284148));
#4632 = CYLINDRICAL_SURFACE('',#4633,4.5);
#4633 = AXIS2_PLACEMENT_3D('',#4634,#4635,#4636);
#4634 = CARTESIAN_POINT('',(108.,-3.,37.410207612377));
#4635 = DIRECTION('',(0.,-1.,2.2E-16));
#4636 = DIRECTION('',(1.,0.,0.));
#4637 = ADVANCED_FACE('',(#4638),#4649,.F.);
#4638 = FACE_BOUND('',#4639,.F.);
#4639 = EDGE_LOOP('',(#4640,#4641,#4647,#4648));
#4640 = ORIENTED_EDGE('',*,*,#4054,.F.);
#4641 = ORIENTED_EDGE('',*,*,#4642,.T.);
#4642 = EDGE_CURVE('',#4055,#3490,#4643,.T.);
#4643 = LINE('',#4644,#4645);
#4644 = CARTESIAN_POINT('',(115.5,2.,54.));
#4645 = VECTOR('',#4646,1.);
#4646 = DIRECTION('',(0.,-1.,-2.2E-16));
#4647 = ORIENTED_EDGE('',*,*,#3489,.T.);
#4648 = ORIENTED_EDGE('',*,*,#4642,.F.);
#4649 = CYLINDRICAL_SURFACE('',#4650,7.5);
#4650 = AXIS2_PLACEMENT_3D('',#4651,#4652,#4653);
#4651 = CARTESIAN_POINT('',(108.,2.,54.));
#4652 = DIRECTION('',(0.,1.,2.2E-16));
#4653 = DIRECTION('',(1.,0.,0.));
#4654 = ADVANCED_FACE('',(#4655),#4699,.F.);
#4655 = FACE_BOUND('',#4656,.F.);
#4656 = EDGE_LOOP('',(#4657,#4692,#4693,#4694));
#4657 = ORIENTED_EDGE('',*,*,#4658,.F.);
#4658 = EDGE_CURVE('',#3507,#4659,#4661,.T.);
#4659 = VERTEX_POINT('',#4660);
#4660 = CARTESIAN_POINT('',(113.10000870027,0.65625103119,
    69.910207661613));
#4661 = B_SPLINE_CURVE_WITH_KNOTS('',11,(#4662,#4663,#4664,#4665,#4666,
    #4667,#4668,#4669,#4670,#4671,#4672,#4673,#4674,#4675,#4676,#4677,
    #4678,#4679,#4680,#4681,#4682,#4683,#4684,#4685,#4686,#4687,#4688,
    #4689,#4690,#4691),.UNSPECIFIED.,.F.,.F.,(12,9,9,12),(0.,
    1.614938419963,3.229876839926,6.459753679852),.UNSPECIFIED.);
#4662 = CARTESIAN_POINT('',(113.10000580018,-0.84374931255,69.9102076452
    ));
#4663 = CARTESIAN_POINT('',(113.10000671329,-0.809658295788,
    69.181931389674));
#4664 = CARTESIAN_POINT('',(112.98563833535,-0.775566863927,
    68.453652229298));
#4665 = CARTESIAN_POINT('',(112.75682941746,-0.741476129018,
    67.745332415611));
#4666 = CARTESIAN_POINT('',(112.41753383095,-0.707385625049,
    67.07695177835));
#4667 = CARTESIAN_POINT('',(111.97561400206,-0.673294915909,
    66.467593505354));
#4668 = CARTESIAN_POINT('',(111.44260039,-0.639203950967,65.9345786026)
  );
#4669 = CARTESIAN_POINT('',(110.83324554033,-0.605112886656,
    65.492667949216));
#4670 = CARTESIAN_POINT('',(110.16487153891,-0.571021848061,
    65.153394818179));
#4671 = CARTESIAN_POINT('',(109.45656316095,-0.536930860102,
    64.924598385392));
#4672 = CARTESIAN_POINT('',(108.00000814319,-0.468749006501,
    64.695801816504));
#4673 = CARTESIAN_POINT('',(106.54344414044,-0.400567304497,
    64.924597356538));
#4674 = CARTESIAN_POINT('',(105.83512706624,-0.36647647257,
    65.153392891623));
#4675 = CARTESIAN_POINT('',(105.16674125477,-0.332385610122,
    65.492666914709));
#4676 = CARTESIAN_POINT('',(104.55737698139,-0.298294693312,
    65.934577404856));
#4677 = CARTESIAN_POINT('',(104.02436223089,-0.264203735749,
    66.467593290987));
#4678 = CARTESIAN_POINT('',(103.58245526652,-0.23011277279,
    67.076955787178));
#4679 = CARTESIAN_POINT('',(103.24318573279,-0.196021835445,
    67.745337579712));
#4680 = CARTESIAN_POINT('',(103.0143939532,-0.161930929503,
    68.453650066218));
#4681 = CARTESIAN_POINT('',(102.67120612844,-5.965824627092E-02,
    70.638486383468));
#4682 = CARTESIAN_POINT('',(103.35758286656,4.261443695958E-02,
    72.823322529722));
#4683 = CARTESIAN_POINT('',(104.27275393871,0.110796423232,
    74.120152523305));
#4684 = CARTESIAN_POINT('',(105.58277275113,0.178977959944,
    75.097527016095));
#4685 = CARTESIAN_POINT('',(107.16232075191,0.2471617109,75.623883410568
    ));
#4686 = CARTESIAN_POINT('',(108.83773688127,0.315339146845,
    75.623829926544));
#4687 = CARTESIAN_POINT('',(110.41725502604,0.383522873305,
    75.097518961649));
#4688 = CARTESIAN_POINT('',(111.72707217533,0.451708932059,
    74.120176948319));
#4689 = CARTESIAN_POINT('',(112.64250011695,0.519885303699,
    72.823323154444));
#4690 = CARTESIAN_POINT('',(113.10000686936,0.588068997658,
    71.366760172664));
#4691 = CARTESIAN_POINT('',(113.10000870027,0.65625103119,
    69.910207661613));
#4692 = ORIENTED_EDGE('',*,*,#3543,.T.);
#4693 = ORIENTED_EDGE('',*,*,#3895,.T.);
#4694 = ORIENTED_EDGE('',*,*,#4695,.F.);
#4695 = EDGE_CURVE('',#4659,#3888,#4696,.T.);
#4696 = B_SPLINE_CURVE_WITH_KNOTS('',1,(#4697,#4698),.UNSPECIFIED.,.F.,
  .F.,(2,2),(0.,1.3105),.PIECEWISE_BEZIER_KNOTS.);
#4697 = CARTESIAN_POINT('',(113.10000870027,0.65625103119,
    69.910207661613));
#4698 = CARTESIAN_POINT('',(111.96508916525,9.893284925724E-04,
    69.91020710285));
#4699 = B_SPLINE_SURFACE_WITH_KNOTS('',1,9,(
    (#4700,#4701,#4702,#4703,#4704,#4705,#4706,#4707,#4708,#4709,#4710
      ,#4711,#4712,#4713,#4714,#4715,#4716,#4717,#4718,#4719,#4720,#4721
      ,#4722,#4723,#4724,#4725,#4726,#4727,#4728,#4729,#4730)
    ,(#4731,#4732,#4733,#4734,#4735,#4736,#4737,#4738,#4739,#4740,#4741
      ,#4742,#4743,#4744,#4745,#4746,#4747,#4748,#4749,#4750,#4751,#4752
      ,#4753,#4754,#4755,#4756,#4757,#4758,#4759,#4760,#4761
  )),.UNSPECIFIED.,.F.,.F.,.F.,(2,2),(10,7,7,7,10),(0.,1.3105),(0.,
    1.614938419963,3.229876839926,4.844815259889,6.459753679852),
  .UNSPECIFIED.);
#4700 = CARTESIAN_POINT('',(113.10000580018,-0.84374931255,69.9102076452
    ));
#4701 = CARTESIAN_POINT('',(113.10000691621,-0.802082514285,
    69.02009222178));
#4702 = CARTESIAN_POINT('',(112.9252771709,-0.760415081843,
    68.129972360392));
#4703 = CARTESIAN_POINT('',(112.57567661108,-0.718749199603,
    67.27905962657));
#4704 = CARTESIAN_POINT('',(112.06160726508,-0.677082918942,
    66.506611623942));
#4705 = CARTESIAN_POINT('',(111.40358573665,-0.635416054047,
    65.848579854048));
#4706 = CARTESIAN_POINT('',(110.63113403746,-0.593749189764,
    65.334525316222));
#4707 = CARTESIAN_POINT('',(109.7802418666,-0.552082386283,
    64.984975236303));
#4708 = CARTESIAN_POINT('',(108.0000093287,-0.468748986499,
    64.63542507991));
#4709 = CARTESIAN_POINT('',(106.21976306376,-0.385415818321,
    64.984973978815));
#4710 = CARTESIAN_POINT('',(105.368857733,-0.34374925516,65.334522677133
    ));
#4711 = CARTESIAN_POINT('',(104.59638924314,-0.302082595342,
    65.848581022678));
#4712 = CARTESIAN_POINT('',(103.93836529018,-0.26041584803,
    66.506606654373));
#4713 = CARTESIAN_POINT('',(103.42431253466,-0.218749109505,
    67.279071603275));
#4714 = CARTESIAN_POINT('',(103.07476959912,-0.177082438129,
    68.129970610228));
#4715 = CARTESIAN_POINT('',(102.72522637035,-9.374914068166E-02,
    69.910207621078));
#4716 = CARTESIAN_POINT('',(103.07477019045,-1.041584323381E-02,
    71.690444515823));
#4717 = CARTESIAN_POINT('',(103.42431310829,3.12508281409E-02,
    72.541343335862));
#4718 = CARTESIAN_POINT('',(103.93836437005,7.291756666685E-02,
    73.313808609429));
#4719 = CARTESIAN_POINT('',(104.59638758107,0.11458431398,
    73.971835490286));
#4720 = CARTESIAN_POINT('',(105.36885689479,0.156250973797,
    74.485894322472));
#4721 = CARTESIAN_POINT('',(106.2197628543,0.197917536957,
    74.835441329249));
#4722 = CARTESIAN_POINT('',(108.00000927369,0.281250705137,
    75.184987598884));
#4723 = CARTESIAN_POINT('',(109.78024165713,0.36458410492,
    74.835438498569));
#4724 = CARTESIAN_POINT('',(110.63113444362,0.406250908371,
    74.48589069397));
#4725 = CARTESIAN_POINT('',(111.4035858842,0.447917772768,
    73.971838800929));
#4726 = CARTESIAN_POINT('',(112.06161491078,0.489584637474,
    73.313811265638));
#4727 = CARTESIAN_POINT('',(112.57567822487,0.531250918312,
    72.541349565031));
#4728 = CARTESIAN_POINT('',(112.92526499942,0.572916800459,
    71.690442507689));
#4729 = CARTESIAN_POINT('',(113.10000758138,0.61458423292,
    70.800323085033));
#4730 = CARTESIAN_POINT('',(113.10000870027,0.65625103119,
    69.910207661613));
#4731 = CARTESIAN_POINT('',(111.96508401293,-1.499007114356,
    69.910207272692));
#4732 = CARTESIAN_POINT('',(111.96508592622,-1.457341809547,
    69.21813019652));
#4733 = CARTESIAN_POINT('',(111.82923745582,-1.415683067533,
    68.526166538215));
#4734 = CARTESIAN_POINT('',(111.55746542021,-1.374008282758,
    67.864603746535));
#4735 = CARTESIAN_POINT('',(111.15775903128,-1.332337622626,
    67.264005433002));
#4736 = CARTESIAN_POINT('',(110.64616314224,-1.290673006158,
    66.752431512147));
#4737 = CARTESIAN_POINT('',(110.04561501878,-1.249008385189,
    66.352764308441));
#4738 = CARTESIAN_POINT('',(109.38407832409,-1.20734313415,
    66.081001906609));
#4739 = CARTESIAN_POINT('',(108.00000916203,-1.12401048847,65.8092377458
    ));
#4740 = CARTESIAN_POINT('',(106.61592234418,-1.040675446055,
    66.081002097897));
#4741 = CARTESIAN_POINT('',(105.9543683602,-0.999007708271,
    66.352766676388));
#4742 = CARTESIAN_POINT('',(105.35380319736,-0.957340970718,
    66.752431629588));
#4743 = CARTESIAN_POINT('',(104.842215989,-0.915675138614,
    67.264020395536));
#4744 = CARTESIAN_POINT('',(104.44255730284,-0.874009215566,
    67.864580342622));
#4745 = CARTESIAN_POINT('',(104.17079788892,-0.832342597625,
    68.526127241998));
#4746 = CARTESIAN_POINT('',(103.89903899955,-0.749008892934,
    69.910208142384));
#4747 = CARTESIAN_POINT('',(104.1707992868,-0.665675188243,71.2942887683
    ));
#4748 = CARTESIAN_POINT('',(104.44255883529,-0.624008570303,
    71.955835267412));
#4749 = CARTESIAN_POINT('',(104.84221501833,-0.582342647253,
    72.556395691008));
#4750 = CARTESIAN_POINT('',(105.35380103693,-0.540676815148,
    73.067986547841));
#4751 = CARTESIAN_POINT('',(105.95436776374,-0.499010077596,
    73.467652214898));
#4752 = CARTESIAN_POINT('',(106.61592293295,-0.457342339814,
    73.739413622184));
#4753 = CARTESIAN_POINT('',(108.00001009338,-0.374007297395,
    74.01117295579));
#4754 = CARTESIAN_POINT('',(109.38407891285,-0.290674651716,
    73.739410323893));
#4755 = CARTESIAN_POINT('',(110.04561663308,-0.24900940073,
    73.467651798396));
#4756 = CARTESIAN_POINT('',(110.6461641968,-0.20734477956,
    73.067989142716));
#4757 = CARTESIAN_POINT('',(111.15777327867,-0.165680163429,
    72.556422616708));
#4758 = CARTESIAN_POINT('',(111.55746880062,-0.124009502982,
    71.955799867012));
#4759 = CARTESIAN_POINT('',(111.82921617926,-8.233471837097E-02,
    71.294247091956));
#4760 = CARTESIAN_POINT('',(111.96508728159,-4.067597632257E-02,
    70.602284179021));
#4761 = CARTESIAN_POINT('',(111.96508916525,9.893284925724E-04,
    69.91020710285));
#4762 = ADVANCED_FACE('',(#4763),#4808,.F.);
#4763 = FACE_BOUND('',#4764,.F.);
#4764 = EDGE_LOOP('',(#4765,#4801,#4802,#4803));
#4765 = ORIENTED_EDGE('',*,*,#4766,.F.);
#4766 = EDGE_CURVE('',#3615,#4767,#4769,.T.);
#4767 = VERTEX_POINT('',#4768);
#4768 = CARTESIAN_POINT('',(113.10000676688,0.84375103118,
    69.910207661612));
#4769 = B_SPLINE_CURVE_WITH_KNOTS('',9,(#4770,#4771,#4772,#4773,#4774,
    #4775,#4776,#4777,#4778,#4779,#4780,#4781,#4782,#4783,#4784,#4785,
    #4786,#4787,#4788,#4789,#4790,#4791,#4792,#4793,#4794,#4795,#4796,
    #4797,#4798,#4799,#4800),.UNSPECIFIED.,.F.,.F.,(10,7,7,7,10),(0.,
    1.614938419963,3.229876839926,4.844815259889,6.459753679852),
  .UNSPECIFIED.);
#4770 = CARTESIAN_POINT('',(113.10000451125,-0.656249312555,
    69.9102076452));
#4771 = CARTESIAN_POINT('',(113.10000538054,-0.614582514291,
    69.02009250292));
#4772 = CARTESIAN_POINT('',(112.92527426572,-0.572915081859,
    68.129972971276));
#4773 = CARTESIAN_POINT('',(112.57567534962,-0.531249199617,
    67.279061136359));
#4774 = CARTESIAN_POINT('',(112.06160683757,-0.48958291893,
    66.506611854767));
#4775 = CARTESIAN_POINT('',(111.40358468505,-0.447916054059,
    65.848580762127));
#4776 = CARTESIAN_POINT('',(110.63113325955,-0.406249189767,
    65.334526679173));
#4777 = CARTESIAN_POINT('',(109.78024128972,-0.364582386291,
    64.984976960978));
#4778 = CARTESIAN_POINT('',(108.00000933202,-0.281248986508,
    64.635427029172));
#4779 = CARTESIAN_POINT('',(106.21976361169,-0.197915818328,
    64.984975522326));
#4780 = CARTESIAN_POINT('',(105.36885847925,-0.156249255165,
    65.334523920748));
#4781 = CARTESIAN_POINT('',(104.59639014097,-0.114582595347,
    65.848582156588));
#4782 = CARTESIAN_POINT('',(103.93836647716,-7.291584803624E-02,
    66.506607718018));
#4783 = CARTESIAN_POINT('',(103.42431404862,-3.124910951201E-02,
    67.279072458033));
#4784 = CARTESIAN_POINT('',(103.07477122396,1.04175618631E-02,
    68.129971174784));
#4785 = CARTESIAN_POINT('',(102.72522803673,9.375085931144E-02,
    69.910207609715));
#4786 = CARTESIAN_POINT('',(103.07477167752,0.17708415676,
    71.690443955591));
#4787 = CARTESIAN_POINT('',(103.42431448538,0.218750828135,
    72.541342528214));
#4788 = CARTESIAN_POINT('',(103.93836574933,0.260417566659,
    73.313807522586));
#4789 = CARTESIAN_POINT('',(104.59638883373,0.302084313971,
    73.971834057937));
#4790 = CARTESIAN_POINT('',(105.36885781095,0.343750973788,
    74.485892675038));
#4791 = CARTESIAN_POINT('',(106.21976343116,0.38541753695,
    74.835439760859));
#4792 = CARTESIAN_POINT('',(108.00000927037,0.468750705132,
    75.184986215392));
#4793 = CARTESIAN_POINT('',(109.7802411092,0.552084104915,
    74.835437111344));
#4794 = CARTESIAN_POINT('',(110.63113355909,0.593750908367,
    74.485889165884));
#4795 = CARTESIAN_POINT('',(111.40358478529,0.635417772748,
    73.971837142746));
#4796 = CARTESIAN_POINT('',(112.06161277205,0.677084637471,
    73.313809346038));
#4797 = CARTESIAN_POINT('',(112.57567659538,0.718750918296,
    72.541349412303));
#4798 = CARTESIAN_POINT('',(112.92526479265,0.760416800466,
    71.690441993676));
#4799 = CARTESIAN_POINT('',(113.10000589472,0.802084232913,
    70.800322803892));
#4800 = CARTESIAN_POINT('',(113.10000676688,0.84375103118,
    69.910207661612));
#4801 = ORIENTED_EDGE('',*,*,#3652,.T.);
#4802 = ORIENTED_EDGE('',*,*,#4658,.T.);
#4803 = ORIENTED_EDGE('',*,*,#4804,.F.);
#4804 = EDGE_CURVE('',#4767,#4659,#4805,.T.);
#4805 = B_SPLINE_CURVE_WITH_KNOTS('',1,(#4806,#4807),.UNSPECIFIED.,.F.,
  .F.,(2,2),(0.,0.1875),.PIECEWISE_BEZIER_KNOTS.);
#4806 = CARTESIAN_POINT('',(113.10000676688,0.84375103118,
    69.910207661612));
#4807 = CARTESIAN_POINT('',(113.10000870027,0.65625103119,
    69.910207661613));
#4808 = B_SPLINE_SURFACE_WITH_KNOTS('',1,11,(
    (#4809,#4810,#4811,#4812,#4813,#4814,#4815,#4816,#4817,#4818,#4819
      ,#4820,#4821,#4822,#4823,#4824,#4825,#4826,#4827,#4828,#4829,#4830
      ,#4831,#4832,#4833,#4834,#4835,#4836,#4837,#4838)
    ,(#4839,#4840,#4841,#4842,#4843,#4844,#4845,#4846,#4847,#4848,#4849
      ,#4850,#4851,#4852,#4853,#4854,#4855,#4856,#4857,#4858,#4859,#4860
      ,#4861,#4862,#4863,#4864,#4865,#4866,#4867,#4868
  )),.UNSPECIFIED.,.F.,.F.,.F.,(2,2),(12,9,9,12),(0.,0.1875),(0.,
    1.614938419963,3.229876839926,6.459753679852),.UNSPECIFIED.);
#4809 = CARTESIAN_POINT('',(113.10000451125,-0.656249312555,
    69.9102076452));
#4810 = CARTESIAN_POINT('',(113.10000522249,-0.622158295793,
    69.181931619698));
#4811 = CARTESIAN_POINT('',(112.98563590776,-0.588066863941,
    68.453652721158));
#4812 = CARTESIAN_POINT('',(112.75682742379,-0.553976129031,
    67.745333466134));
#4813 = CARTESIAN_POINT('',(112.41753270859,-0.519885625055,
    67.076952701744));
#4814 = CARTESIAN_POINT('',(111.97561325271,-0.485794915907,
    66.467594153425));
#4815 = CARTESIAN_POINT('',(111.44259955837,-0.451703950972,
    65.934579408676));
#4816 = CARTESIAN_POINT('',(110.83324467985,-0.417612886662,
    65.492669177951));
#4817 = CARTESIAN_POINT('',(110.16487087551,-0.383521848067,
    65.153396364829));
#4818 = CARTESIAN_POINT('',(109.4565626894,-0.349430860111,
    64.924600148036));
#4819 = CARTESIAN_POINT('',(108.00000814343,-0.28124900651,
    64.695803711327));
#4820 = CARTESIAN_POINT('',(106.54344458919,-0.213067304504,
    64.924598970957));
#4821 = CARTESIAN_POINT('',(105.83512770028,-0.178976472576,
    65.153394293526));
#4822 = CARTESIAN_POINT('',(105.16674203727,-0.144885610127,
    65.492668149154));
#4823 = CARTESIAN_POINT('',(104.55737793052,-0.110794693318,
    65.934578539547));
#4824 = CARTESIAN_POINT('',(104.02436339847,-7.670373575526E-02,
    66.467594335818));
#4825 = CARTESIAN_POINT('',(103.58245666773,-4.261277279697E-02,
    67.076956690033));
#4826 = CARTESIAN_POINT('',(103.24318730232,-8.521835452644E-03,
    67.745338276302));
#4827 = CARTESIAN_POINT('',(103.01439558459,2.556907049012E-02,
    68.453650526184));
#4828 = CARTESIAN_POINT('',(102.6712077837,0.127841753722,
    70.638486139944));
#4829 = CARTESIAN_POINT('',(103.35758422044,0.230114436954,
    72.823321622547));
#4830 = CARTESIAN_POINT('',(104.27275459737,0.298296423227,
    74.120150659531));
#4831 = CARTESIAN_POINT('',(105.58277661181,0.366477959921,
    75.097528566114));
#4832 = CARTESIAN_POINT('',(107.16231690416,0.434661710908,
    75.623871124435));
#4833 = CARTESIAN_POINT('',(108.83773720846,0.502839146822,
    75.62384430674));
#4834 = CARTESIAN_POINT('',(110.41725965965,0.571022873358,
    75.097506282757));
#4835 = CARTESIAN_POINT('',(111.72706341126,0.639208931971,
    74.12017813562));
#4836 = CARTESIAN_POINT('',(112.64250221968,0.707385303728,
    72.823322360723));
#4837 = CARTESIAN_POINT('',(113.10000533971,0.775568997652,
    71.366759712615));
#4838 = CARTESIAN_POINT('',(113.10000676688,0.84375103118,
    69.910207661612));
#4839 = CARTESIAN_POINT('',(113.10000580018,-0.84374931255,69.9102076452
    ));
#4840 = CARTESIAN_POINT('',(113.10000671329,-0.809658295788,
    69.181931389674));
#4841 = CARTESIAN_POINT('',(112.98563833535,-0.775566863927,
    68.453652229298));
#4842 = CARTESIAN_POINT('',(112.75682941746,-0.741476129018,
    67.745332415611));
#4843 = CARTESIAN_POINT('',(112.41753383095,-0.707385625049,
    67.07695177835));
#4844 = CARTESIAN_POINT('',(111.97561400206,-0.673294915909,
    66.467593505354));
#4845 = CARTESIAN_POINT('',(111.44260039,-0.639203950967,65.9345786026)
  );
#4846 = CARTESIAN_POINT('',(110.83324554033,-0.605112886656,
    65.492667949216));
#4847 = CARTESIAN_POINT('',(110.16487153891,-0.571021848061,
    65.153394818179));
#4848 = CARTESIAN_POINT('',(109.45656316095,-0.536930860102,
    64.924598385392));
#4849 = CARTESIAN_POINT('',(108.00000814319,-0.468749006501,
    64.695801816504));
#4850 = CARTESIAN_POINT('',(106.54344414044,-0.400567304497,
    64.924597356538));
#4851 = CARTESIAN_POINT('',(105.83512706624,-0.36647647257,
    65.153392891623));
#4852 = CARTESIAN_POINT('',(105.16674125477,-0.332385610122,
    65.492666914709));
#4853 = CARTESIAN_POINT('',(104.55737698139,-0.298294693312,
    65.934577404856));
#4854 = CARTESIAN_POINT('',(104.02436223089,-0.264203735749,
    66.467593290987));
#4855 = CARTESIAN_POINT('',(103.58245526652,-0.23011277279,
    67.076955787178));
#4856 = CARTESIAN_POINT('',(103.24318573279,-0.196021835445,
    67.745337579712));
#4857 = CARTESIAN_POINT('',(103.0143939532,-0.161930929503,
    68.453650066218));
#4858 = CARTESIAN_POINT('',(102.67120612844,-5.965824627092E-02,
    70.638486383468));
#4859 = CARTESIAN_POINT('',(103.35758286656,4.261443695958E-02,
    72.823322529722));
#4860 = CARTESIAN_POINT('',(104.27275393871,0.110796423232,
    74.120152523305));
#4861 = CARTESIAN_POINT('',(105.58277275113,0.178977959944,
    75.097527016095));
#4862 = CARTESIAN_POINT('',(107.16232075191,0.2471617109,75.623883410568
    ));
#4863 = CARTESIAN_POINT('',(108.83773688127,0.315339146845,
    75.623829926544));
#4864 = CARTESIAN_POINT('',(110.41725502604,0.383522873305,
    75.097518961649));
#4865 = CARTESIAN_POINT('',(111.72707217533,0.451708932059,
    74.120176948319));
#4866 = CARTESIAN_POINT('',(112.64250011695,0.519885303699,
    72.823323154444));
#4867 = CARTESIAN_POINT('',(113.10000686936,0.588068997658,
    71.366760172664));
#4868 = CARTESIAN_POINT('',(113.10000870027,0.65625103119,
    69.910207661613));
#4869 = ADVANCED_FACE('',(#4870),#4970,.F.);
#4870 = FACE_BOUND('',#4871,.F.);
#4871 = EDGE_LOOP('',(#4872,#4963,#4964,#4965));
#4872 = ORIENTED_EDGE('',*,*,#4873,.F.);
#4873 = EDGE_CURVE('',#3722,#4874,#4876,.T.);
#4874 = VERTEX_POINT('',#4875);
#4875 = CARTESIAN_POINT('',(112.5,1.190156850349,69.910207489293));
#4876 = B_SPLINE_CURVE_WITH_KNOTS('',8,(#4877,#4878,#4879,#4880,#4881,
    #4882,#4883,#4884,#4885,#4886,#4887,#4888,#4889,#4890,#4891,#4892,
    #4893,#4894,#4895,#4896,#4897,#4898,#4899,#4900,#4901,#4902,#4903,
    #4904,#4905,#4906,#4907,#4908,#4909,#4910,#4911,#4912,#4913,#4914,
    #4915,#4916,#4917,#4918,#4919,#4920,#4921,#4922,#4923,#4924,#4925,
    #4926,#4927,#4928,#4929,#4930,#4931,#4932,#4933,#4934,#4935,#4936,
    #4937,#4938,#4939,#4940,#4941,#4942,#4943,#4944,#4945,#4946,#4947,
    #4948,#4949,#4950,#4951,#4952,#4953,#4954,#4955,#4956,#4957,#4958,
    #4959,#4960,#4961,#4962),.UNSPECIFIED.,.F.,.F.,(9,7,7,7,7,7,7,7,7,7,
    7,7,9),(0.,4.494164231609E-02,0.13383779655,0.220069179858,
    0.37628375066,0.501247981259,0.523088143045,0.627092760877,
    0.736574436556,0.786450622703,0.869816207047,0.95475855803,1.),
  .UNSPECIFIED.);
#4877 = CARTESIAN_POINT('',(112.5,-0.309842041574,69.910207366209));
#4878 = CARTESIAN_POINT('',(112.5,-0.301417055253,69.751394589921));
#4879 = CARTESIAN_POINT('',(112.49359443361,-0.292991071551,
    69.592580457912));
#4880 = CARTESIAN_POINT('',(112.48078345007,-0.284564767604,
    69.43406853753));
#4881 = CARTESIAN_POINT('',(112.46158410087,-0.276138502782,
    69.276160355113));
#4882 = CARTESIAN_POINT('',(112.43603032096,-0.267712420382,
    69.119155225569));
#4883 = CARTESIAN_POINT('',(112.40417290988,-0.259286549332,
    68.963350081956));
#4884 = CARTESIAN_POINT('',(112.36607951293,-0.250860905881,
    68.809039305061));
#4885 = CARTESIAN_POINT('',(112.23431660808,-0.225770033681,
    68.354815211656));
#4886 = CARTESIAN_POINT('',(112.12271527202,-0.209102953755,
    68.060051900441));
#4887 = CARTESIAN_POINT('',(111.98768843184,-0.192437735968,
    67.774537860297));
#4888 = CARTESIAN_POINT('',(111.8301526062,-0.175774017805,
    67.500437547293));
#4889 = CARTESIAN_POINT('',(111.65124401633,-0.159109891773,
    67.239784043338));
#4890 = CARTESIAN_POINT('',(111.45230355553,-0.14244380958,
    66.994481581442));
#4891 = CARTESIAN_POINT('',(111.2348857067,-0.125776192496,
    66.766293185524));
#4892 = CARTESIAN_POINT('',(110.77371437181,-9.294487038403E-02,
    66.353613075929));
#4893 = CARTESIAN_POINT('',(110.53088094407,-7.677651871319E-02,
    66.167958563433));
#4894 = CARTESIAN_POINT('',(110.27391699967,-6.060892609944E-02,
    66.001318967866));
#4895 = CARTESIAN_POINT('',(110.00457330376,-4.444250092667E-02,
    65.854932655064));
#4896 = CARTESIAN_POINT('',(109.72470548316,-2.827618173139E-02,
    65.729836811649));
#4897 = CARTESIAN_POINT('',(109.4362644442,-1.210883280683E-02,
    65.626875855966));
#4898 = CARTESIAN_POINT('',(109.14129723696,4.059319569627E-03,
    65.546688724365));
#4899 = CARTESIAN_POINT('',(108.2996837149,4.951092487148E-02,
    65.386390485999));
#4900 = CARTESIAN_POINT('',(107.74214986761,7.883825056333E-02,
    65.358982968003));
#4901 = CARTESIAN_POINT('',(107.1829754743,0.108140571701,
    65.410437665223));
#4902 = CARTESIAN_POINT('',(106.63505877139,0.13742937069,
    65.540081981587));
#4903 = CARTESIAN_POINT('',(106.11075541649,0.16671869112,
    65.745329158241));
#4904 = CARTESIAN_POINT('',(105.62169707333,0.196022521404,
    66.021273510668));
#4905 = CARTESIAN_POINT('',(105.17887145874,0.22535081913,
    66.361128202948));
#4906 = CARTESIAN_POINT('',(104.4821220549,0.27806365295,67.06951409791)
  );
#4907 = CARTESIAN_POINT('',(104.20759129491,0.301504211511,
    67.419255682052));
#4908 = CARTESIAN_POINT('',(103.97308580785,0.32493679987,
    67.799074427801));
#4909 = CARTESIAN_POINT('',(103.78230983475,0.348363326947,
    68.203541198036));
#4910 = CARTESIAN_POINT('',(103.63812617379,0.371789894275,
    68.626861343063));
#4911 = CARTESIAN_POINT('',(103.54250736409,0.395222387408,
    69.062879943574));
#4912 = CARTESIAN_POINT('',(103.49656713862,0.418662923256,
    69.505119663057));
#4913 = CARTESIAN_POINT('',(103.50077377089,0.446184545915,
    70.023872337187));
#4914 = CARTESIAN_POINT('',(103.50291227968,0.450278967802,
    70.101035221597));
#4915 = CARTESIAN_POINT('',(103.50656319096,0.454373405512,
    70.178151229146));
#4916 = CARTESIAN_POINT('',(103.51172527456,0.458467858315,
    70.255185765355));
#4917 = CARTESIAN_POINT('',(103.5183963536,0.462562325447,
    70.332104311611));
#4918 = CARTESIAN_POINT('',(103.52657330456,0.466656806115,
    70.40887242517));
#4919 = CARTESIAN_POINT('',(103.53625205722,0.470751299492,
    70.485455739158));
#4920 = CARTESIAN_POINT('',(103.60064640867,0.494344169981,
    70.925472574189));
#4921 = CARTESIAN_POINT('',(103.68782420097,0.51384824507,
    71.284261495935));
#4922 = CARTESIAN_POINT('',(103.80842799089,0.533350087255,
    71.634327517058));
#4923 = CARTESIAN_POINT('',(103.96139255564,0.552848939736,
    71.97205132507));
#4924 = CARTESIAN_POINT('',(104.14522183698,0.572347658476,
    72.294017654492));
#4925 = CARTESIAN_POINT('',(104.35802704063,0.591849133403,
    72.597011750982));
#4926 = CARTESIAN_POINT('',(104.59750142875,0.611352703945,
    72.878048150855));
#4927 = CARTESIAN_POINT('',(105.13802960144,0.651375224248,
    73.404316993368));
#4928 = CARTESIAN_POINT('',(105.44184169619,0.671906705165,
    73.647059449403));
#4929 = CARTESIAN_POINT('',(105.76903023339,0.692434228796,
    73.859446200802));
#4930 = CARTESIAN_POINT('',(106.11601185376,0.712958445758,
    74.038905921294));
#4931 = CARTESIAN_POINT('',(106.47895153289,0.733482771352,
    74.18339412792));
#4932 = CARTESIAN_POINT('',(106.85379182614,0.7540105487,74.291353854089
    ));
#4933 = CARTESIAN_POINT('',(107.23624228778,0.774542257047,
    74.361763364044));
#4934 = CARTESIAN_POINT('',(107.79737998458,0.804417354363,
    74.409097134613));
#4935 = CARTESIAN_POINT('',(107.9736719075,0.813767903004,
    74.416050434115));
#4936 = CARTESIAN_POINT('',(108.15021528495,0.823118414541,
    74.415107674132));
#4937 = CARTESIAN_POINT('',(108.32659708918,0.832468859112,
    74.406259968425));
#4938 = CARTESIAN_POINT('',(108.50240587884,0.841819296815,
    74.389524245976));
#4939 = CARTESIAN_POINT('',(108.67723209766,0.851169787718,
    74.364943224663));
#4940 = CARTESIAN_POINT('',(108.85066837317,0.86052030187,
    74.332585384937));
#4941 = CARTESIAN_POINT('',(109.30920001762,0.885499240276,
    74.225619321157));
#4942 = CARTESIAN_POINT('',(109.59111709829,0.901129541704,
    74.137221328552));
#4943 = CARTESIAN_POINT('',(109.86613455834,0.916758853215,
    74.027791464262));
#4944 = CARTESIAN_POINT('',(110.13242596309,0.93238697123,73.8979744719)
  );
#4945 = CARTESIAN_POINT('',(110.38825486445,0.948014989149,
    73.748591898287));
#4946 = CARTESIAN_POINT('',(110.63197380394,0.963644074828,
    73.580631687274));
#4947 = CARTESIAN_POINT('',(110.86203239653,0.979274205377,
    73.395254809226));
#4948 = CARTESIAN_POINT('',(111.29602236113,1.010827111607,
    72.988573109011));
#4949 = CARTESIAN_POINT('',(111.49943180192,1.026753741542,
    72.766603950575));
#4950 = CARTESIAN_POINT('',(111.68568920763,1.042679929412,
    72.529335298183));
#4951 = CARTESIAN_POINT('',(111.85346586093,1.058605588,72.278327438564)
  );
#4952 = CARTESIAN_POINT('',(112.00161275874,1.074531692776,
    72.015256339239));
#4953 = CARTESIAN_POINT('',(112.12915377781,1.090458871794,
    71.741904174907));
#4954 = CARTESIAN_POINT('',(112.23529718419,1.106386255236,
    71.460161138815));
#4955 = CARTESIAN_POINT('',(112.36429466006,1.130792097194,
    71.018580555888));
#4956 = CARTESIAN_POINT('',(112.40289342697,1.139273397817,
    70.863300794372));
#4957 = CARTESIAN_POINT('',(112.43517504027,1.147754328846,
    70.706496660457));
#4958 = CARTESIAN_POINT('',(112.46107002198,1.156234859576,
    70.548468369756));
#4959 = CARTESIAN_POINT('',(112.48052619018,1.164715086971,
    70.389518788225));
#4960 = CARTESIAN_POINT('',(112.4935086859,1.173195236454,
    70.229953272777));
#4961 = CARTESIAN_POINT('',(112.5,1.181675662686,70.070079511888));
#4962 = CARTESIAN_POINT('',(112.5,1.19015685035,69.910207366208));
#4963 = ORIENTED_EDGE('',*,*,#3814,.T.);
#4964 = ORIENTED_EDGE('',*,*,#4766,.T.);
#4965 = ORIENTED_EDGE('',*,*,#4966,.F.);
#4966 = EDGE_CURVE('',#4874,#4767,#4967,.T.);
#4967 = B_SPLINE_CURVE_WITH_KNOTS('',1,(#4968,#4969),.UNSPECIFIED.,.F.,
  .F.,(2,2),(0.,1.3105),.PIECEWISE_BEZIER_KNOTS.);
#4968 = CARTESIAN_POINT('',(111.9650737187,1.498989328413,
    69.910207102846));
#4969 = CARTESIAN_POINT('',(113.10000676688,0.84375103118,
    69.910207661612));
#4970 = B_SPLINE_SURFACE_WITH_KNOTS('',1,9,(
    (#4971,#4972,#4973,#4974,#4975,#4976,#4977,#4978,#4979,#4980,#4981
      ,#4982,#4983,#4984,#4985,#4986,#4987,#4988,#4989,#4990,#4991,#4992
      ,#4993,#4994,#4995,#4996,#4997,#4998,#4999,#5000,#5001)
    ,(#5002,#5003,#5004,#5005,#5006,#5007,#5008,#5009,#5010,#5011,#5012
      ,#5013,#5014,#5015,#5016,#5017,#5018,#5019,#5020,#5021,#5022,#5023
      ,#5024,#5025,#5026,#5027,#5028,#5029,#5030,#5031,#5032
  )),.UNSPECIFIED.,.F.,.F.,.F.,(2,2),(10,7,7,7,10),(0.,1.3105),(0.,
    1.614938419963,3.229876839926,4.844815259889,6.459753679852),
  .UNSPECIFIED.);
#4971 = CARTESIAN_POINT('',(111.96507371523,-1.007114391413E-03,
    69.91020727269));
#4972 = CARTESIAN_POINT('',(111.96507365729,4.065819040362E-02,
    69.218132442643));
#4973 = CARTESIAN_POINT('',(111.82921424538,8.231693233657E-02,
    68.526171418772));
#4974 = CARTESIAN_POINT('',(111.55745534194,0.12399171713,
    67.864615808741));
#4975 = CARTESIAN_POINT('',(111.15775561571,0.165662377469,
    67.264007277144));
#4976 = CARTESIAN_POINT('',(110.64615474065,0.207326993744,
    66.752438767092));
#4977 = CARTESIAN_POINT('',(110.04560880381,0.248991614788,
    66.352775197517));
#4978 = CARTESIAN_POINT('',(109.38407371526,0.290656865783,
    66.08101568561));
#4979 = CARTESIAN_POINT('',(108.00000918853,0.373989511454,
    65.809253319102));
#4980 = CARTESIAN_POINT('',(106.61592672178,0.457324553891,
    66.081014429522));
#4981 = CARTESIAN_POINT('',(105.95437432225,0.498992291688,
    66.352776612047));
#4982 = CARTESIAN_POINT('',(105.35381037043,0.540659029241,
    66.752440688772));
#4983 = CARTESIAN_POINT('',(104.84222547217,0.582324861336,
    67.264028893346));
#4984 = CARTESIAN_POINT('',(104.44256939845,0.623990784375,
    67.864587171572));
#4985 = CARTESIAN_POINT('',(104.17081087029,0.665657402315,
    68.526131752425));
#4986 = CARTESIAN_POINT('',(103.89905231278,0.748991107011,
    69.910208051598));
#4987 = CARTESIAN_POINT('',(104.17081116746,0.832324811707,
    71.294284292423));
#4988 = CARTESIAN_POINT('',(104.4425698373,0.873991429646,
    71.955828814842));
#4989 = CARTESIAN_POINT('',(104.84222603787,0.915657352686,
    72.55638700785));
#4990 = CARTESIAN_POINT('',(105.35381104484,0.95732318478,
    73.067975104331));
#4991 = CARTESIAN_POINT('',(105.95437508325,0.998989922334,
    73.467639052996));
#4992 = CARTESIAN_POINT('',(106.61592754174,1.04065766013,
    73.739401091797));
#4993 = CARTESIAN_POINT('',(108.00001006689,1.123992702568,
    74.011161902608));
#4994 = CARTESIAN_POINT('',(109.38407453522,1.207325348239,
    73.739399240894));
#4995 = CARTESIAN_POINT('',(110.0456095663,1.248990599234,
    73.467639590004));
#4996 = CARTESIAN_POINT('',(110.64615541722,1.290655220278,
    73.067975894948));
#4997 = CARTESIAN_POINT('',(111.15775619165,1.332319836552,
    72.556407280384));
#4998 = CARTESIAN_POINT('',(111.55745578207,1.373990496891,
    71.955798646823));
#4999 = CARTESIAN_POINT('',(111.82921452732,1.415665281685,
    71.294242985333));
#5000 = CARTESIAN_POINT('',(111.96507380628,1.457324023618,
    70.602281932893));
#5001 = CARTESIAN_POINT('',(111.9650737187,1.498989328413,
    69.910207102846));
#5002 = CARTESIAN_POINT('',(113.10000451125,-0.656249312555,
    69.9102076452));
#5003 = CARTESIAN_POINT('',(113.10000538054,-0.614582514291,
    69.02009250292));
#5004 = CARTESIAN_POINT('',(112.92527426572,-0.572915081859,
    68.129972971276));
#5005 = CARTESIAN_POINT('',(112.57567534962,-0.531249199617,
    67.279061136359));
#5006 = CARTESIAN_POINT('',(112.06160683757,-0.48958291893,
    66.506611854767));
#5007 = CARTESIAN_POINT('',(111.40358468505,-0.447916054059,
    65.848580762127));
#5008 = CARTESIAN_POINT('',(110.63113325955,-0.406249189767,
    65.334526679173));
#5009 = CARTESIAN_POINT('',(109.78024128972,-0.364582386291,
    64.984976960978));
#5010 = CARTESIAN_POINT('',(108.00000933202,-0.281248986508,
    64.635427029172));
#5011 = CARTESIAN_POINT('',(106.21976361169,-0.197915818328,
    64.984975522326));
#5012 = CARTESIAN_POINT('',(105.36885847925,-0.156249255165,
    65.334523920748));
#5013 = CARTESIAN_POINT('',(104.59639014097,-0.114582595347,
    65.848582156588));
#5014 = CARTESIAN_POINT('',(103.93836647716,-7.291584803624E-02,
    66.506607718018));
#5015 = CARTESIAN_POINT('',(103.42431404862,-3.124910951201E-02,
    67.279072458033));
#5016 = CARTESIAN_POINT('',(103.07477122396,1.04175618631E-02,
    68.129971174784));
#5017 = CARTESIAN_POINT('',(102.72522803673,9.375085931144E-02,
    69.910207609715));
#5018 = CARTESIAN_POINT('',(103.07477167752,0.17708415676,
    71.690443955591));
#5019 = CARTESIAN_POINT('',(103.42431448538,0.218750828135,
    72.541342528214));
#5020 = CARTESIAN_POINT('',(103.93836574933,0.260417566659,
    73.313807522586));
#5021 = CARTESIAN_POINT('',(104.59638883373,0.302084313971,
    73.971834057937));
#5022 = CARTESIAN_POINT('',(105.36885781095,0.343750973788,
    74.485892675038));
#5023 = CARTESIAN_POINT('',(106.21976343116,0.38541753695,
    74.835439760859));
#5024 = CARTESIAN_POINT('',(108.00000927037,0.468750705132,
    75.184986215392));
#5025 = CARTESIAN_POINT('',(109.7802411092,0.552084104915,
    74.835437111344));
#5026 = CARTESIAN_POINT('',(110.63113355909,0.593750908367,
    74.485889165884));
#5027 = CARTESIAN_POINT('',(111.40358478529,0.635417772748,
    73.971837142746));
#5028 = CARTESIAN_POINT('',(112.06161277205,0.677084637471,
    73.313809346038));
#5029 = CARTESIAN_POINT('',(112.57567659538,0.718750918296,
    72.541349412303));
#5030 = CARTESIAN_POINT('',(112.92526479265,0.760416800466,
    71.690441993676));
#5031 = CARTESIAN_POINT('',(113.10000589472,0.802084232913,
    70.800322803892));
#5032 = CARTESIAN_POINT('',(113.10000676688,0.84375103118,
    69.910207661612));
#5033 = ADVANCED_FACE('',(#5034),#5142,.F.);
#5034 = FACE_BOUND('',#5035,.F.);
#5035 = EDGE_LOOP('',(#5036,#5037,#5038,#5046));
#5036 = ORIENTED_EDGE('',*,*,#3887,.F.);
#5037 = ORIENTED_EDGE('',*,*,#4873,.T.);
#5038 = ORIENTED_EDGE('',*,*,#5039,.T.);
#5039 = EDGE_CURVE('',#4874,#5040,#5042,.T.);
#5040 = VERTEX_POINT('',#5041);
#5041 = CARTESIAN_POINT('',(112.5,1.809823516784,69.910207448263));
#5042 = LINE('',#5043,#5044);
#5043 = CARTESIAN_POINT('',(112.5,-3.,69.910207612377));
#5044 = VECTOR('',#5045,1.);
#5045 = DIRECTION('',(0.,1.,-2.2E-16));
#5046 = ORIENTED_EDGE('',*,*,#5047,.F.);
#5047 = EDGE_CURVE('',#3888,#5040,#5048,.T.);
#5048 = B_SPLINE_CURVE_WITH_KNOTS('',8,(#5049,#5050,#5051,#5052,#5053,
    #5054,#5055,#5056,#5057,#5058,#5059,#5060,#5061,#5062,#5063,#5064,
    #5065,#5066,#5067,#5068,#5069,#5070,#5071,#5072,#5073,#5074,#5075,
    #5076,#5077,#5078,#5079,#5080,#5081,#5082,#5083,#5084,#5085,#5086,
    #5087,#5088,#5089,#5090,#5091,#5092,#5093,#5094,#5095,#5096,#5097,
    #5098,#5099,#5100,#5101,#5102,#5103,#5104,#5105,#5106,#5107,#5108,
    #5109,#5110,#5111,#5112,#5113,#5114,#5115,#5116,#5117,#5118,#5119,
    #5120,#5121,#5122,#5123,#5124,#5125,#5126,#5127,#5128,#5129,#5130,
    #5131,#5132,#5133,#5134,#5135,#5136,#5137,#5138,#5139,#5140,#5141),
  .UNSPECIFIED.,.F.,.F.,(9,7,7,7,7,7,7,7,7,7,7,7,7,9),(0.,
    4.763818363521E-02,0.132337810351,0.226240514521,0.285165848208,
    0.380993163298,0.483991147425,0.503833062541,0.63080607336,
    0.745562181726,0.801854916214,0.868349132027,0.95807542109,1.),
  .UNSPECIFIED.);
#5049 = CARTESIAN_POINT('',(112.5,0.3098276016,69.910207284148));
#5050 = CARTESIAN_POINT('',(112.5,0.318758473759,69.741854025183));
#5051 = CARTESIAN_POINT('',(112.49280167125,0.327688262462,
    69.573498724813));
#5052 = CARTESIAN_POINT('',(112.47840519489,0.336617710946,
    69.405503463687));
#5053 = CARTESIAN_POINT('',(112.45683210446,0.345547333503,
    69.238227548745));
#5054 = CARTESIAN_POINT('',(112.42812525014,0.35447743405,
    69.072027292262));
#5055 = CARTESIAN_POINT('',(112.39234876302,0.363408124714,68.9072557909
    ));
#5056 = CARTESIAN_POINT('',(112.34958801939,0.372339344403,
    68.744262704756));
#5057 = CARTESIAN_POINT('',(112.2116936127,0.397150943583,68.29737313637
    ));
#5058 = CARTESIAN_POINT('',(112.10168314833,0.413034319872,
    68.018025321609));
#5059 = CARTESIAN_POINT('',(111.97052087056,0.42891764743,
    67.747335931088));
#5060 = CARTESIAN_POINT('',(111.81901941189,0.444799902455,
    67.487167549072));
#5061 = CARTESIAN_POINT('',(111.64817219823,0.46068158281,
    67.239273309005));
#5062 = CARTESIAN_POINT('',(111.45914215207,0.476563601091,
    67.005298837791));
#5063 = CARTESIAN_POINT('',(111.25326827918,0.492445884109,
    66.786772840487));
#5064 = CARTESIAN_POINT('',(110.78687978441,0.525930899985,
    66.361485467966));
#5065 = CARTESIAN_POINT('',(110.5227777008,0.543538777965,
    66.158508561358));
#5066 = CARTESIAN_POINT('',(110.2418746237,0.56114479001,65.97808561259)
  );
#5067 = CARTESIAN_POINT('',(109.94643758139,0.578748923561,
    65.821813541448));
#5068 = CARTESIAN_POINT('',(109.63887742231,0.596353293393,
    65.691005497382));
#5069 = CARTESIAN_POINT('',(109.32173327388,0.613959852162,
    65.586705020979));
#5070 = CARTESIAN_POINT('',(108.99767393221,0.631568194334,
    65.509665050038));
#5071 = CARTESIAN_POINT('',(108.46359234877,0.660221013629,
    65.429309308005));
#5072 = CARTESIAN_POINT('',(108.25602378032,0.671268987377,
    65.409216562481));
#5073 = CARTESIAN_POINT('',(108.04749133738,0.682316875189,
    65.400117109805));
#5074 = CARTESIAN_POINT('',(107.83867514179,0.693364608729,
    65.402060908529));
#5075 = CARTESIAN_POINT('',(107.63025412027,0.704412338244,
    65.415048018983));
#5076 = CARTESIAN_POINT('',(107.42290545929,0.715460218942,
    65.439029856949));
#5077 = CARTESIAN_POINT('',(107.21730397204,0.726508196399,
    65.473907981664));
#5078 = CARTESIAN_POINT('',(106.68369571364,0.755521940036,
    65.593723898613));
#5079 = CARTESIAN_POINT('',(106.35958308958,0.773491571185,
    65.696351869676));
#5080 = CARTESIAN_POINT('',(106.04474253124,0.791459394197,
    65.826769980712));
#5081 = CARTESIAN_POINT('',(105.74194384272,0.809425047158,
    65.983969072681));
#5082 = CARTESIAN_POINT('',(105.45379266347,0.827390655811,
    66.166636761917));
#5083 = CARTESIAN_POINT('',(105.18273369411,0.845358374393,
    66.373180903412));
#5084 = CARTESIAN_POINT('',(104.93103209091,0.863327907988,
    66.601714933571));
#5085 = CARTESIAN_POINT('',(104.45320090211,0.900604512017,
    67.116874573408));
#5086 = CARTESIAN_POINT('',(104.23027125807,0.91992043401,
    67.406700252693));
#5087 = CARTESIAN_POINT('',(104.0345374146,0.939234335479,
    67.716729963552));
#5088 = CARTESIAN_POINT('',(103.86809394487,0.958545589157,
    68.043956846708));
#5089 = CARTESIAN_POINT('',(103.73262295682,0.977856956735,
    68.38517302776));
#5090 = CARTESIAN_POINT('',(103.62941917183,0.997171165325,
    68.736995656196));
#5091 = CARTESIAN_POINT('',(103.55935380294,1.016487491042,
    69.095865305959));
#5092 = CARTESIAN_POINT('',(103.51573098583,1.039518465441,
    69.527782937662));
#5093 = CARTESIAN_POINT('',(103.50992717131,1.043238570638,
    69.597674645556));
#5094 = CARTESIAN_POINT('',(103.50536839924,1.046958664847,
    69.667666010654));
#5095 = CARTESIAN_POINT('',(103.50205663332,1.050678747581,
    69.737731154501));
#5096 = CARTESIAN_POINT('',(103.49999319069,1.054398818336,
    69.807844170824));
#5097 = CARTESIAN_POINT('',(103.49917874191,1.058118876598,
    69.87797912553));
#5098 = CARTESIAN_POINT('',(103.49961331096,1.061838921837,
    69.948110056705));
#5099 = CARTESIAN_POINT('',(103.51206595377,1.089364297845,
    70.466802985826));
#5100 = CARTESIAN_POINT('',(103.57396444324,1.113184076922,
    70.914449687039));
#5101 = CARTESIAN_POINT('',(103.68692988484,1.136995151122,
    71.353912834937));
#5102 = CARTESIAN_POINT('',(103.84955093593,1.160799825797,
    71.778439812015));
#5103 = CARTESIAN_POINT('',(104.05951937958,1.184604478524,
    72.181654363065));
#5104 = CARTESIAN_POINT('',(104.31359248875,1.208415668561,
    72.557600909474));
#5105 = CARTESIAN_POINT('',(104.60765117655,1.23223557254,
    72.900745720785));
#5106 = CARTESIAN_POINT('',(105.23336180516,1.277555942261,
    73.482346878356));
#5107 = CARTESIAN_POINT('',(105.55896783166,1.299080273885,
    73.727971228656));
#5108 = CARTESIAN_POINT('',(105.90930952123,1.320600223014,
    73.939481471259));
#5109 = CARTESIAN_POINT('',(106.28016308396,1.342116322939,
    74.114044258206));
#5110 = CARTESIAN_POINT('',(106.66702715508,1.363632345288,
    74.249472276342));
#5111 = CARTESIAN_POINT('',(107.0651580241,1.38515211851,74.344170546863
    ));
#5112 = CARTESIAN_POINT('',(107.46955712205,1.406676312307,
    74.397199440926));
#5113 = CARTESIAN_POINT('',(108.07380846183,1.438745274028,
    74.413997755425));
#5114 = CARTESIAN_POINT('',(108.27295383868,1.449299485534,
    74.409479028684));
#5115 = CARTESIAN_POINT('',(108.47178399954,1.459853533432,
    74.394895671474));
#5116 = CARTESIAN_POINT('',(108.66970513164,1.470407407027,
    74.370274225365));
#5117 = CARTESIAN_POINT('',(108.86612914564,1.480961275345,
    74.335682439635));
#5118 = CARTESIAN_POINT('',(109.06047399217,1.491515305152,
    74.291228272881));
#5119 = CARTESIAN_POINT('',(109.25216425622,1.50206948133,74.23706075351
    ));
#5120 = CARTESIAN_POINT('',(109.66325430781,1.525089985413,
    74.098142968784));
#5121 = CARTESIAN_POINT('',(109.8813976666,1.537557188089,
    74.009623494839));
#5122 = CARTESIAN_POINT('',(110.09412037495,1.550024181697,
    73.908130086911));
#5123 = CARTESIAN_POINT('',(110.3005237692,1.562490893405,
    73.794055730208));
#5124 = CARTESIAN_POINT('',(110.49974936619,1.574957631082,
    73.667863470377));
#5125 = CARTESIAN_POINT('',(110.69097855361,1.587424687278,
    73.530083653235));
#5126 = CARTESIAN_POINT('',(110.87343485748,1.599891949621,
    73.381315519368));
#5127 = CARTESIAN_POINT('',(111.27977020295,1.629180715891,
    73.007569815408));
#5128 = CARTESIAN_POINT('',(111.4959015591,1.646005349031,72.77407770318
    ));
#5129 = CARTESIAN_POINT('',(111.69295219568,1.662828580131,
    72.523422515235));
#5130 = CARTESIAN_POINT('',(111.86935037237,1.679649975304,
    72.257441356435));
#5131 = CARTESIAN_POINT('',(112.02374826784,1.696471075143,
    71.978114346123));
#5132 = CARTESIAN_POINT('',(112.15501243665,1.713293706126,
    71.687551665367));
#5133 = CARTESIAN_POINT('',(112.26223972352,1.730118031943,
    71.387996043501));
#5134 = CARTESIAN_POINT('',(112.38337425873,1.754800564842,
    70.938789693407));
#5135 = CARTESIAN_POINT('',(112.41656735725,1.762660978696,
    70.794286075357));
#5136 = CARTESIAN_POINT('',(112.44431386736,1.770521501335,
    70.648567702457));
#5137 = CARTESIAN_POINT('',(112.4665624982,1.778382108566,
    70.501874357169));
#5138 = CARTESIAN_POINT('',(112.48327474115,1.786242774291,
    70.354447616399));
#5139 = CARTESIAN_POINT('',(112.49442487979,1.794103407838,
    70.206530736129));
#5140 = CARTESIAN_POINT('',(112.5,1.801963791285,70.058368536041));
#5141 = CARTESIAN_POINT('',(112.5,1.809823516781,69.910207284148));
#5142 = CYLINDRICAL_SURFACE('',#5143,4.5);
#5143 = AXIS2_PLACEMENT_3D('',#5144,#5145,#5146);
#5144 = CARTESIAN_POINT('',(108.,-3.,69.910207612377));
#5145 = DIRECTION('',(0.,-1.,2.2E-16));
#5146 = DIRECTION('',(1.,0.,0.));
#5147 = ADVANCED_FACE('',(#5148),#5189,.F.);
#5148 = FACE_BOUND('',#5149,.F.);
#5149 = EDGE_LOOP('',(#5150,#5158,#5159,#5167,#5175,#5183));
#5150 = ORIENTED_EDGE('',*,*,#5151,.T.);
#5151 = EDGE_CURVE('',#5152,#4012,#5154,.T.);
#5152 = VERTEX_POINT('',#5153);
#5153 = CARTESIAN_POINT('',(99.,12.,34.660207612377));
#5154 = LINE('',#5155,#5156);
#5155 = CARTESIAN_POINT('',(99.,12.,34.660207612377));
#5156 = VECTOR('',#5157,1.);
#5157 = DIRECTION('',(0.,1.,2.2E-16));
#5158 = ORIENTED_EDGE('',*,*,#4011,.T.);
#5159 = ORIENTED_EDGE('',*,*,#5160,.F.);
#5160 = EDGE_CURVE('',#5161,#4014,#5163,.T.);
#5161 = VERTEX_POINT('',#5162);
#5162 = CARTESIAN_POINT('',(117.,12.,34.660207612377));
#5163 = LINE('',#5164,#5165);
#5164 = CARTESIAN_POINT('',(117.,12.,34.660207612377));
#5165 = VECTOR('',#5166,1.);
#5166 = DIRECTION('',(0.,1.,2.2E-16));
#5167 = ORIENTED_EDGE('',*,*,#5168,.F.);
#5168 = EDGE_CURVE('',#5169,#5161,#5171,.T.);
#5169 = VERTEX_POINT('',#5170);
#5170 = CARTESIAN_POINT('',(111.56195171219,12.,34.660207612377));
#5171 = LINE('',#5172,#5173);
#5172 = CARTESIAN_POINT('',(99.,12.,34.660207612377));
#5173 = VECTOR('',#5174,1.);
#5174 = DIRECTION('',(1.,0.,0.));
#5175 = ORIENTED_EDGE('',*,*,#5176,.F.);
#5176 = EDGE_CURVE('',#5177,#5169,#5179,.T.);
#5177 = VERTEX_POINT('',#5178);
#5178 = CARTESIAN_POINT('',(104.4380482878,12.,34.660207612377));
#5179 = LINE('',#5180,#5181);
#5180 = CARTESIAN_POINT('',(99.,12.,34.660207612377));
#5181 = VECTOR('',#5182,1.);
#5182 = DIRECTION('',(1.,0.,0.));
#5183 = ORIENTED_EDGE('',*,*,#5184,.F.);
#5184 = EDGE_CURVE('',#5152,#5177,#5185,.T.);
#5185 = LINE('',#5186,#5187);
#5186 = CARTESIAN_POINT('',(99.,12.,34.660207612377));
#5187 = VECTOR('',#5188,1.);
#5188 = DIRECTION('',(1.,0.,0.));
#5189 = PLANE('',#5190);
#5190 = AXIS2_PLACEMENT_3D('',#5191,#5192,#5193);
#5191 = CARTESIAN_POINT('',(99.,12.,34.660207612377));
#5192 = DIRECTION('',(0.,2.2E-16,-1.));
#5193 = DIRECTION('',(1.,0.,0.));
#5194 = ADVANCED_FACE('',(#5195),#5213,.F.);
#5195 = FACE_BOUND('',#5196,.F.);
#5196 = EDGE_LOOP('',(#5197,#5198,#5199,#5207));
#5197 = ORIENTED_EDGE('',*,*,#5160,.T.);
#5198 = ORIENTED_EDGE('',*,*,#4021,.T.);
#5199 = ORIENTED_EDGE('',*,*,#5200,.F.);
#5200 = EDGE_CURVE('',#5201,#4022,#5203,.T.);
#5201 = VERTEX_POINT('',#5202);
#5202 = CARTESIAN_POINT('',(117.,12.,40.160207612377));
#5203 = LINE('',#5204,#5205);
#5204 = CARTESIAN_POINT('',(117.,12.,40.160207612377));
#5205 = VECTOR('',#5206,1.);
#5206 = DIRECTION('',(0.,1.,2.2E-16));
#5207 = ORIENTED_EDGE('',*,*,#5208,.F.);
#5208 = EDGE_CURVE('',#5161,#5201,#5209,.T.);
#5209 = LINE('',#5210,#5211);
#5210 = CARTESIAN_POINT('',(117.,12.,34.660207612377));
#5211 = VECTOR('',#5212,1.);
#5212 = DIRECTION('',(0.,-2.2E-16,1.));
#5213 = PLANE('',#5214);
#5214 = AXIS2_PLACEMENT_3D('',#5215,#5216,#5217);
#5215 = CARTESIAN_POINT('',(117.,12.,34.660207612377));
#5216 = DIRECTION('',(1.,0.,0.));
#5217 = DIRECTION('',(0.,-2.2E-16,1.));
#5218 = ADVANCED_FACE('',(#5219),#5253,.F.);
#5219 = FACE_BOUND('',#5220,.F.);
#5220 = EDGE_LOOP('',(#5221,#5222,#5223,#5231,#5239,#5247));
#5221 = ORIENTED_EDGE('',*,*,#5200,.T.);
#5222 = ORIENTED_EDGE('',*,*,#4029,.T.);
#5223 = ORIENTED_EDGE('',*,*,#5224,.F.);
#5224 = EDGE_CURVE('',#5225,#4030,#5227,.T.);
#5225 = VERTEX_POINT('',#5226);
#5226 = CARTESIAN_POINT('',(99.,12.,40.160207612377));
#5227 = LINE('',#5228,#5229);
#5228 = CARTESIAN_POINT('',(99.,12.,40.160207612377));
#5229 = VECTOR('',#5230,1.);
#5230 = DIRECTION('',(0.,1.,2.2E-16));
#5231 = ORIENTED_EDGE('',*,*,#5232,.F.);
#5232 = EDGE_CURVE('',#5233,#5225,#5235,.T.);
#5233 = VERTEX_POINT('',#5234);
#5234 = CARTESIAN_POINT('',(104.4380482878,12.,40.160207612377));
#5235 = LINE('',#5236,#5237);
#5236 = CARTESIAN_POINT('',(117.,12.,40.160207612377));
#5237 = VECTOR('',#5238,1.);
#5238 = DIRECTION('',(-1.,0.,-0.));
#5239 = ORIENTED_EDGE('',*,*,#5240,.F.);
#5240 = EDGE_CURVE('',#5241,#5233,#5243,.T.);
#5241 = VERTEX_POINT('',#5242);
#5242 = CARTESIAN_POINT('',(111.56195171219,12.,40.160207612377));
#5243 = LINE('',#5244,#5245);
#5244 = CARTESIAN_POINT('',(117.,12.,40.160207612377));
#5245 = VECTOR('',#5246,1.);
#5246 = DIRECTION('',(-1.,0.,-0.));
#5247 = ORIENTED_EDGE('',*,*,#5248,.F.);
#5248 = EDGE_CURVE('',#5201,#5241,#5249,.T.);
#5249 = LINE('',#5250,#5251);
#5250 = CARTESIAN_POINT('',(117.,12.,40.160207612377));
#5251 = VECTOR('',#5252,1.);
#5252 = DIRECTION('',(-1.,0.,-0.));
#5253 = PLANE('',#5254);
#5254 = AXIS2_PLACEMENT_3D('',#5255,#5256,#5257);
#5255 = CARTESIAN_POINT('',(117.,12.,40.160207612377));
#5256 = DIRECTION('',(0.,-2.2E-16,1.));
#5257 = DIRECTION('',(-1.,0.,0.));
#5258 = ADVANCED_FACE('',(#5259),#5270,.T.);
#5259 = FACE_BOUND('',#5260,.T.);
#5260 = EDGE_LOOP('',(#5261,#5262,#5263,#5264));
#5261 = ORIENTED_EDGE('',*,*,#5151,.T.);
#5262 = ORIENTED_EDGE('',*,*,#4037,.T.);
#5263 = ORIENTED_EDGE('',*,*,#5224,.F.);
#5264 = ORIENTED_EDGE('',*,*,#5265,.F.);
#5265 = EDGE_CURVE('',#5152,#5225,#5266,.T.);
#5266 = LINE('',#5267,#5268);
#5267 = CARTESIAN_POINT('',(99.,12.,34.660207612377));
#5268 = VECTOR('',#5269,1.);
#5269 = DIRECTION('',(0.,-2.2E-16,1.));
#5270 = PLANE('',#5271);
#5271 = AXIS2_PLACEMENT_3D('',#5272,#5273,#5274);
#5272 = CARTESIAN_POINT('',(99.,12.,34.660207612377));
#5273 = DIRECTION('',(1.,0.,0.));
#5274 = DIRECTION('',(0.,-2.2E-16,1.));
#5275 = ADVANCED_FACE('',(#5276),#5541,.F.);
#5276 = FACE_BOUND('',#5277,.F.);
#5277 = EDGE_LOOP('',(#5278,#5288,#5373,#5379,#5380,#5381,#5382,#5383,
    #5384,#5385,#5458,#5466));
#5278 = ORIENTED_EDGE('',*,*,#5279,.F.);
#5279 = EDGE_CURVE('',#5280,#5282,#5284,.T.);
#5280 = VERTEX_POINT('',#5281);
#5281 = CARTESIAN_POINT('',(112.5,5.69015353917,69.910207366208));
#5282 = VERTEX_POINT('',#5283);
#5283 = CARTESIAN_POINT('',(112.5,6.309811275217,69.910207325173));
#5284 = LINE('',#5285,#5286);
#5285 = CARTESIAN_POINT('',(112.5,-3.,69.910207612377));
#5286 = VECTOR('',#5287,1.);
#5287 = DIRECTION('',(0.,1.,-2.2E-16));
#5288 = ORIENTED_EDGE('',*,*,#5289,.T.);
#5289 = EDGE_CURVE('',#5280,#5290,#5292,.T.);
#5290 = VERTEX_POINT('',#5291);
#5291 = CARTESIAN_POINT('',(112.49999999999,7.190152435442,
    69.910207325179));
#5292 = B_SPLINE_CURVE_WITH_KNOTS('',7,(#5293,#5294,#5295,#5296,#5297,
    #5298,#5299,#5300,#5301,#5302,#5303,#5304,#5305,#5306,#5307,#5308,
    #5309,#5310,#5311,#5312,#5313,#5314,#5315,#5316,#5317,#5318,#5319,
    #5320,#5321,#5322,#5323,#5324,#5325,#5326,#5327,#5328,#5329,#5330,
    #5331,#5332,#5333,#5334,#5335,#5336,#5337,#5338,#5339,#5340,#5341,
    #5342,#5343,#5344,#5345,#5346,#5347,#5348,#5349,#5350,#5351,#5352,
    #5353,#5354,#5355,#5356,#5357,#5358,#5359,#5360,#5361,#5362,#5363,
    #5364,#5365,#5366,#5367,#5368,#5369,#5370,#5371,#5372),
  .UNSPECIFIED.,.F.,.F.,(8,6,6,6,6,6,6,6,6,6,6,6,6,8),(0.,
    4.491670348132E-02,0.134075792508,0.220210012762,0.27205899414,
    0.385223622854,0.500712367578,0.523026838494,0.62802329477,
    0.735863945684,0.785639537905,0.870220001805,0.955179698308,1.),
  .UNSPECIFIED.);
#5293 = CARTESIAN_POINT('',(112.49999999999,5.690153543526,
    69.910207037982));
#5294 = CARTESIAN_POINT('',(112.49999999999,5.699777453841,
    69.728794146532));
#5295 = CARTESIAN_POINT('',(112.49146747084,5.70940269261,
    69.547379449925));
#5296 = CARTESIAN_POINT('',(112.47440265034,5.719028178104,
    69.366447952748));
#5297 = CARTESIAN_POINT('',(112.44883951636,5.728653462858,
    69.186480586443));
#5298 = CARTESIAN_POINT('',(112.41484573643,5.73827846311,
    69.007953756178));
#5299 = CARTESIAN_POINT('',(112.37252261748,5.747903188226,
    68.831338887723));
#5300 = CARTESIAN_POINT('',(112.22172833297,5.776631548161,
    68.311243902174));
#5301 = CARTESIAN_POINT('',(112.08914405319,5.795737698278,
    67.974684968924));
#5302 = CARTESIAN_POINT('',(111.92531390531,5.814840421069,
    67.651161138203));
#5303 = CARTESIAN_POINT('',(111.73182342224,5.833941820786,
    67.344106543023));
#5304 = CARTESIAN_POINT('',(111.51067631138,5.853045647403,
    67.056700979675));
#5305 = CARTESIAN_POINT('',(111.26428608981,5.872152544575,
    66.791856568273));
#5306 = CARTESIAN_POINT('',(110.73596076199,5.909712329215,
    66.320563249083));
#5307 = CARTESIAN_POINT('',(110.45542872154,5.928171436415,
    66.112360846165));
#5308 = CARTESIAN_POINT('',(110.15656561158,5.946628677165,
    65.929875260857));
#5309 = CARTESIAN_POINT('',(109.84221620305,5.965084525785,
    65.774985676153));
#5310 = CARTESIAN_POINT('',(109.51542034231,5.983541483311,65.6491899063
    ));
#5311 = CARTESIAN_POINT('',(109.17940138977,6.002000320498,
    65.553598708864));
#5312 = CARTESIAN_POINT('',(108.63184444478,6.031565756014,
    65.449867854042));
#5313 = CARTESIAN_POINT('',(108.4239724164,6.042675525746,
    65.422059803755));
#5314 = CARTESIAN_POINT('',(108.21471496274,6.053785104211,
    65.405560697918));
#5315 = CARTESIAN_POINT('',(108.00481001545,6.064894577597,
    65.400448947065));
#5316 = CARTESIAN_POINT('',(107.79499747428,6.076004179898,
    65.406742571519));
#5317 = CARTESIAN_POINT('',(107.58601820816,6.087113990191,
    65.424399178502));
#5318 = CARTESIAN_POINT('',(106.92593440372,6.122471324269,
    65.51642912692));
#5319 = CARTESIAN_POINT('',(106.4805256503,6.146730461568,
    65.633212970268));
#5320 = CARTESIAN_POINT('',(106.05040726844,6.170980633403,
    65.802634124851));
#5321 = CARTESIAN_POINT('',(105.64290731201,6.195228226027,
    66.022125243422));
#5322 = CARTESIAN_POINT('',(105.26477032742,6.219478448326,
    66.288052986023));
#5323 = CARTESIAN_POINT('',(104.92217206589,6.243737518337,
    66.595712194367));
#5324 = CARTESIAN_POINT('',(104.31240864868,6.292730270032,
    67.28928361458));
#5325 = CARTESIAN_POINT('',(104.04663751601,6.317487568508,
    67.677014192195));
#5326 = CARTESIAN_POINT('',(103.82883362828,6.342234090319,
    68.095759282762));
#5327 = CARTESIAN_POINT('',(103.66308353701,6.366977422683,
    68.538345067019));
#5328 = CARTESIAN_POINT('',(103.55224226048,6.391724033265,
    68.997148161936));
#5329 = CARTESIAN_POINT('',(103.49794092333,6.416481505978,
    69.464075109226));
#5330 = CARTESIAN_POINT('',(103.50045252238,6.446008435477,
    70.020638201349));
#5331 = CARTESIAN_POINT('',(103.50296505437,6.450789755305,
    70.110753068322));
#5332 = CARTESIAN_POINT('',(103.50758314352,6.455571097524,
    70.200799344236));
#5333 = CARTESIAN_POINT('',(103.51430445419,6.460352460083,
    70.290717989282));
#5334 = CARTESIAN_POINT('',(103.52312458673,6.465133841444,
    70.380450135686));
#5335 = CARTESIAN_POINT('',(103.5340370775,6.469915240574,
    70.469937087702));
#5336 = CARTESIAN_POINT('',(103.6081850927,6.49719469318,70.978754896691
    ));
#5337 = CARTESIAN_POINT('',(103.71549459837,6.519700699103,
    71.391811338132));
#5338 = CARTESIAN_POINT('',(103.8680888033,6.542201356935,
    71.791929202704));
#5339 = CARTESIAN_POINT('',(104.06398622233,6.564698413332,
    72.173250114103));
#5340 = CARTESIAN_POINT('',(104.30038278015,6.587198694323,
    72.530315856631));
#5341 = CARTESIAN_POINT('',(104.57367006131,6.609704093078,
    72.85810388854));
#5342 = CARTESIAN_POINT('',(105.19297795761,6.655308389356,
    73.454263286371));
#5343 = CARTESIAN_POINT('',(105.54099957416,6.678423685751,
    73.721007488255));
#5344 = CARTESIAN_POINT('',(105.9182756298,6.701531426941,
    73.947555363704));
#5345 = CARTESIAN_POINT('',(106.31918625927,6.724636766431,
    74.130233466913));
#5346 = CARTESIAN_POINT('',(106.737694923,6.74774478403,74.266291199567)
  );
#5347 = CARTESIAN_POINT('',(107.16734208324,6.77086035191,
    74.353897882336));
#5348 = CARTESIAN_POINT('',(107.80142844993,6.804632672895,
    74.410316509546));
#5349 = CARTESIAN_POINT('',(108.00260663756,6.815298285289,
    74.417696732147));
#5350 = CARTESIAN_POINT('',(108.20405819667,6.825963794866,
    74.414581763435));
#5351 = CARTESIAN_POINT('',(108.40512665455,6.83662922522,
    74.400964631486));
#5352 = CARTESIAN_POINT('',(108.60515864847,6.847294719324,
    74.376889596694));
#5353 = CARTESIAN_POINT('',(108.80350470596,6.857960301061,
    74.342452081555));
#5354 = CARTESIAN_POINT('',(109.33259625612,6.886748556029,
    74.221921810658));
#5355 = CARTESIAN_POINT('',(109.65900127258,6.90487390526,74.1165347299)
  );
#5356 = CARTESIAN_POINT('',(109.9755087581,6.922997075443,
    73.982356843341));
#5357 = CARTESIAN_POINT('',(110.27910430159,6.941118777919,
    73.820542390708));
#5358 = CARTESIAN_POINT('',(110.5669561211,6.959241662805,
    73.632600667905));
#5359 = CARTESIAN_POINT('',(110.83642534197,6.977366756591,
    73.420390570916));
#5360 = CARTESIAN_POINT('',(111.33492136826,7.013693938958,
    72.950938107447));
#5361 = CARTESIAN_POINT('',(111.56383558408,7.031901336615,
    72.693428254978));
#5362 = CARTESIAN_POINT('',(111.76940825895,7.050107391219,
    72.415945984978));
#5363 = CARTESIAN_POINT('',(111.94960013299,7.068313052604,
    72.121049616655));
#5364 = CARTESIAN_POINT('',(112.10271551045,7.086520276086,
    71.811514352295));
#5365 = CARTESIAN_POINT('',(112.22740847697,7.104728613828,
    71.490322029474));
#5366 = CARTESIAN_POINT('',(112.37306665419,7.132536474089,
    70.986802359694));
#5367 = CARTESIAN_POINT('',(112.41520985557,7.142139801363,
    70.810545914758));
#5368 = CARTESIAN_POINT('',(112.44905857229,7.151742604638,
    70.632389644186));
#5369 = CARTESIAN_POINT('',(112.47451233818,7.161344889303,
    70.452801997747));
#5370 = CARTESIAN_POINT('',(112.4915040439,7.170946909353,
    70.272256376125));
#5371 = CARTESIAN_POINT('',(112.49999999999,7.18054917086,
    70.091230709806));
#5372 = CARTESIAN_POINT('',(112.49999999999,7.19015243544,
    69.910207037982));
#5373 = ORIENTED_EDGE('',*,*,#5374,.T.);
#5374 = EDGE_CURVE('',#5290,#4106,#5375,.T.);
#5375 = LINE('',#5376,#5377);
#5376 = CARTESIAN_POINT('',(112.5,-3.,69.910207612377));
#5377 = VECTOR('',#5378,1.);
#5378 = DIRECTION('',(0.,1.,-2.2E-16));
#5379 = ORIENTED_EDGE('',*,*,#4114,.T.);
#5380 = ORIENTED_EDGE('',*,*,#4090,.T.);
#5381 = ORIENTED_EDGE('',*,*,#4072,.T.);
#5382 = ORIENTED_EDGE('',*,*,#4132,.T.);
#5383 = ORIENTED_EDGE('',*,*,#4105,.T.);
#5384 = ORIENTED_EDGE('',*,*,#5374,.F.);
#5385 = ORIENTED_EDGE('',*,*,#5386,.T.);
#5386 = EDGE_CURVE('',#5290,#5387,#5389,.T.);
#5387 = VERTEX_POINT('',#5388);
#5388 = CARTESIAN_POINT('',(109.16468601856,8.377655766648,
    74.256873746112));
#5389 = B_SPLINE_CURVE_WITH_KNOTS('',7,(#5390,#5391,#5392,#5393,#5394,
    #5395,#5396,#5397,#5398,#5399,#5400,#5401,#5402,#5403,#5404,#5405,
    #5406,#5407,#5408,#5409,#5410,#5411,#5412,#5413,#5414,#5415,#5416,
    #5417,#5418,#5419,#5420,#5421,#5422,#5423,#5424,#5425,#5426,#5427,
    #5428,#5429,#5430,#5431,#5432,#5433,#5434,#5435,#5436,#5437,#5438,
    #5439,#5440,#5441,#5442,#5443,#5444,#5445,#5446,#5447,#5448,#5449,
    #5450,#5451,#5452,#5453,#5454,#5455,#5456,#5457),.UNSPECIFIED.,.F.,
  .F.,(8,6,6,6,6,6,6,6,6,6,6,8),(0.,1.31222137681E-02,5.812497757858E-02
    ,0.164020745725,0.283882342892,0.416386071947,0.511938784993,
    0.583578264212,0.720045638399,0.83992274046,0.944277914126,1.),
  .UNSPECIFIED.);
#5390 = CARTESIAN_POINT('',(112.49999999999,7.19015243544,
    69.910207037982));
#5391 = CARTESIAN_POINT('',(112.49999999999,7.192378608252,
    69.868248891828));
#5392 = CARTESIAN_POINT('',(112.49954357684,7.194604790801,
    69.826290718432));
#5393 = CARTESIAN_POINT('',(112.49863073147,7.196830978821,
    69.784338507503));
#5394 = CARTESIAN_POINT('',(112.49726156157,7.199057168973,
    69.74239823144));
#5395 = CARTESIAN_POINT('',(112.49543626153,7.201283358846,
    69.700475845337));
#5396 = CARTESIAN_POINT('',(112.49315512246,7.203509546959,
    69.658577286981));
#5397 = CARTESIAN_POINT('',(112.48103336853,7.213370459282,
    69.473118972316));
#5398 = CARTESIAN_POINT('',(112.46629131649,7.221005153988,
    69.329878887449));
#5399 = CARTESIAN_POINT('',(112.44620820238,7.228639737453,
    69.187229313193));
#5400 = CARTESIAN_POINT('',(112.4208131003,7.236274156216,
    69.045408968962));
#5401 = CARTESIAN_POINT('',(112.39014833212,7.243908382773,
    68.904654202638));
#5402 = CARTESIAN_POINT('',(112.35426946755,7.251542415577,
    68.765198990574));
#5403 = CARTESIAN_POINT('',(112.21671162665,7.277139483226,
    68.302726569899));
#5404 = CARTESIAN_POINT('',(112.09167355581,7.295104295994,
    67.986606497273));
#5405 = CARTESIAN_POINT('',(111.93903457888,7.313066652309,
    67.682002572616));
#5406 = CARTESIAN_POINT('',(111.76010331409,7.331027921275,
    67.391772644108));
#5407 = CARTESIAN_POINT('',(111.55651968914,7.348990901285,
    67.118576783384));
#5408 = CARTESIAN_POINT('',(111.33024916248,7.366956293968,
    66.864867820825));
#5409 = CARTESIAN_POINT('',(110.80451800867,7.405252078259,
    66.370212104275));
#5410 = CARTESIAN_POINT('',(110.49923073544,7.425589724009,
    66.135258261909));
#5411 = CARTESIAN_POINT('',(110.17118720767,7.445924454454,
    65.931222050854));
#5412 = CARTESIAN_POINT('',(109.82416893063,7.466257031446,
    65.760654883236));
#5413 = CARTESIAN_POINT('',(109.46224165663,7.486591413258,
    65.625555154172));
#5414 = CARTESIAN_POINT('',(109.08973532616,7.506928759281,
    65.527358391873));
#5415 = CARTESIAN_POINT('',(108.29294414037,7.549738042392,
    65.399809284786));
#5416 = CARTESIAN_POINT('',(107.8670905841,7.572222071855,
    65.378770587378));
#5417 = CARTESIAN_POINT('',(107.44004938505,7.594700200479,
    65.404726720667));
#5418 = CARTESIAN_POINT('',(107.01798651002,7.617174828509,
    65.47753885641));
#5419 = CARTESIAN_POINT('',(106.60693252875,7.639653273611,
    65.596166658749));
#5420 = CARTESIAN_POINT('',(106.21274344445,7.662137550782,
    65.758675009056));
#5421 = CARTESIAN_POINT('',(105.57294249056,7.70082326265,66.10853112905
    ));
#5422 = CARTESIAN_POINT('',(105.31646007979,7.717033679464,
    66.276364206358));
#5423 = CARTESIAN_POINT('',(105.07363085628,7.733243057444,
    66.46432368875));
#5424 = CARTESIAN_POINT('',(104.84632551031,7.749451740488,
    66.671058136455));
#5425 = CARTESIAN_POINT('',(104.63624282007,7.765661070405,
    66.89502249922));
#5426 = CARTESIAN_POINT('',(104.44490505626,7.781871409875,
    67.134482305382));
#5427 = CARTESIAN_POINT('',(104.14520839731,7.810232498304,
    67.577171856951));
#5428 = CARTESIAN_POINT('',(104.02805379378,7.822385142416,
    67.774490043836));
#5429 = CARTESIAN_POINT('',(103.92271180976,7.834537491915,
    67.978628211903));
#5430 = CARTESIAN_POINT('',(103.82965092047,7.846689670517,
    68.18873548283));
#5431 = CARTESIAN_POINT('',(103.74926328333,7.858842040597,
    68.403926474067));
#5432 = CARTESIAN_POINT('',(103.68186421908,7.870994715145,
    68.62328246636));
#5433 = CARTESIAN_POINT('',(103.52447656094,7.906296351202,
    69.269821245422));
#5434 = CARTESIAN_POINT('',(103.46919278481,7.929454728824,
    69.705632125695));
#5435 = CARTESIAN_POINT('',(103.46355280017,7.952606080525,
    70.14648945555));
#5436 = CARTESIAN_POINT('',(103.50790047774,7.975755366499,
    70.58565084063));
#5437 = CARTESIAN_POINT('',(103.60156562954,7.998907081147,
    71.01647998856));
#5438 = CARTESIAN_POINT('',(103.74286335532,8.022065702572,
    71.432439453384));
#5439 = CARTESIAN_POINT('',(104.09203992231,8.065549910571,
    72.174002821408));
#5440 = CARTESIAN_POINT('',(104.28982919713,8.085889136405,
    72.504641338794));
#5441 = CARTESIAN_POINT('',(104.52014164636,8.106224517013,
    72.81486517337));
#5442 = CARTESIAN_POINT('',(104.78039492287,8.12655739005,
    73.100911706849));
#5443 = CARTESIAN_POINT('',(105.06753902138,8.146892473818,
    73.359428620522));
#5444 = CARTESIAN_POINT('',(105.37807133934,8.167231505187,
    73.587490478225));
#5445 = CARTESIAN_POINT('',(105.99507611539,8.205268589919,
    73.952683877841));
#5446 = CARTESIAN_POINT('',(106.29696427061,8.222973441115,
    74.097822802119));
#5447 = CARTESIAN_POINT('',(106.61095259021,8.240677116572,
    74.216565353071));
#5448 = CARTESIAN_POINT('',(106.93426656865,8.258380171559,
    74.307750304743));
#5449 = CARTESIAN_POINT('',(107.26402791988,8.276084233637,
    74.370565918239));
#5450 = CARTESIAN_POINT('',(107.59726439461,8.293789194958,
    74.404552679315));
#5451 = CARTESIAN_POINT('',(108.10904938278,8.32094327415,
    74.412412392934));
#5452 = CARTESIAN_POINT('',(108.28732747346,8.330395361632,
    74.40691905046));
#5453 = CARTESIAN_POINT('',(108.46527445003,8.339847172889,
    74.393189556054));
#5454 = CARTESIAN_POINT('',(108.64243417051,8.34929881607,
    74.371248502037));
#5455 = CARTESIAN_POINT('',(108.81835417164,8.358750585616,
    74.341151916713));
#5456 = CARTESIAN_POINT('',(108.9925860553,8.368202874585,
    74.302987225187));
#5457 = CARTESIAN_POINT('',(109.16468587496,8.377656086966,
    74.256873210193));
#5458 = ORIENTED_EDGE('',*,*,#5459,.T.);
#5459 = EDGE_CURVE('',#5387,#5460,#5462,.T.);
#5460 = VERTEX_POINT('',#5461);
#5461 = CARTESIAN_POINT('',(109.16468601856,7.497323590788,
    74.256873746111));
#5462 = LINE('',#5463,#5464);
#5463 = CARTESIAN_POINT('',(109.16468601862,-3.,74.256873746097));
#5464 = VECTOR('',#5465,1.);
#5465 = DIRECTION('',(0.,-1.,2.2E-16));
#5466 = ORIENTED_EDGE('',*,*,#5467,.F.);
#5467 = EDGE_CURVE('',#5282,#5460,#5468,.T.);
#5468 = B_SPLINE_CURVE_WITH_KNOTS('',8,(#5469,#5470,#5471,#5472,#5473,
    #5474,#5475,#5476,#5477,#5478,#5479,#5480,#5481,#5482,#5483,#5484,
    #5485,#5486,#5487,#5488,#5489,#5490,#5491,#5492,#5493,#5494,#5495,
    #5496,#5497,#5498,#5499,#5500,#5501,#5502,#5503,#5504,#5505,#5506,
    #5507,#5508,#5509,#5510,#5511,#5512,#5513,#5514,#5515,#5516,#5517,
    #5518,#5519,#5520,#5521,#5522,#5523,#5524,#5525,#5526,#5527,#5528,
    #5529,#5530,#5531,#5532,#5533,#5534,#5535,#5536,#5537,#5538,#5539,
    #5540),.UNSPECIFIED.,.F.,.F.,(9,7,7,7,7,7,7,7,7,7,9),(0.,
    2.400274846052E-02,6.682868195378E-02,0.164835742598,0.286649896519,
    0.41974752903,0.58910155063,0.722879532475,0.840883765463,
    0.949755221985,1.),.UNSPECIFIED.);
#5469 = CARTESIAN_POINT('',(112.5,6.309811275217,69.910207037969));
#5470 = CARTESIAN_POINT('',(112.5,6.313375262355,69.843055064611));
#5471 = CARTESIAN_POINT('',(112.49885475786,6.316938936034,
    69.775903038379));
#5472 = CARTESIAN_POINT('',(112.49656427303,6.320502345232,
    69.708773787016));
#5473 = CARTESIAN_POINT('',(112.4931290885,6.324065534037,
    69.641690105047));
#5474 = CARTESIAN_POINT('',(112.48855029084,6.327628541648,
    69.574674753775));
#5475 = CARTESIAN_POINT('',(112.48282951022,6.331191402378,
    69.507750461286));
#5476 = CARTESIAN_POINT('',(112.47596892035,6.334754145647,
    69.440939922447));
#5477 = CARTESIAN_POINT('',(112.45370169807,6.344673310826,
    69.255305189653));
#5478 = CARTESIAN_POINT('',(112.43581225265,6.3510295466,69.136778350687
    ));
#5479 = CARTESIAN_POINT('',(112.41431842333,6.357385630232,
    69.018814420501));
#5480 = CARTESIAN_POINT('',(112.38924110901,6.363741661234,
    68.90154129922));
#5481 = CARTESIAN_POINT('',(112.36060658634,6.370097711713,
    68.785085648598));
#5482 = CARTESIAN_POINT('',(112.32844650982,6.376453826364,
    68.669572892019));
#5483 = CARTESIAN_POINT('',(112.29279791173,6.382810022478,
    68.555127214496));
#5484 = CARTESIAN_POINT('',(112.16423503973,6.40371259493,
    68.182686236602));
#5485 = CARTESIAN_POINT('',(112.05671017225,6.41826063205,
    67.929708045277));
#5486 = CARTESIAN_POINT('',(111.9316412863,6.432808613338,
    67.684439616425));
#5487 = CARTESIAN_POINT('',(111.78968493981,6.447356105164,
    67.448296511622));
#5488 = CARTESIAN_POINT('',(111.63162423572,6.461903488155,
    67.222615304162));
#5489 = CARTESIAN_POINT('',(111.4583620743,6.476451274907,
    67.008654767648));
#5490 = CARTESIAN_POINT('',(111.27092498425,6.490999285448,
    66.807590175325));
#5491 = CARTESIAN_POINT('',(110.82133898459,6.523625569754,
    66.38796496467));
#5492 = CARTESIAN_POINT('',(110.55202122864,6.541708687078,
    66.176943613983));
#5493 = CARTESIAN_POINT('',(110.26476754982,6.559789658223,
    65.98955822962));
#5494 = CARTESIAN_POINT('',(109.9620206589,6.577868355747,
    65.827558254089));
#5495 = CARTESIAN_POINT('',(109.64638462088,6.595947180491,
    65.692378572104));
#5496 = CARTESIAN_POINT('',(109.32060665914,6.614028426876,
    65.585156034657));
#5497 = CARTESIAN_POINT('',(108.98757883483,6.632111731985,
    65.506704935925));
#5498 = CARTESIAN_POINT('',(108.28190421199,6.669946199144,
    65.40363566637));
#5499 = CARTESIAN_POINT('',(107.90824862446,6.689706972484,
    65.384648604849));
#5500 = CARTESIAN_POINT('',(107.53340149713,6.709465498589,
    65.401110071677));
#5501 = CARTESIAN_POINT('',(107.16128748539,6.729220900202,
    65.453027942299));
#5502 = CARTESIAN_POINT('',(106.7957534771,6.748976171106,65.53991413338
    ));
#5503 = CARTESIAN_POINT('',(106.44056065839,6.768734410045,
    65.660825138321));
#5504 = CARTESIAN_POINT('',(106.09936241013,6.788494970128,
    65.814327119267));
#5505 = CARTESIAN_POINT('',(105.3637978676,6.833385305896,
    66.232582331479));
#5506 = CARTESIAN_POINT('',(104.97978718809,6.858540346133,
    66.516522231621));
#5507 = CARTESIAN_POINT('',(104.6311740193,6.883684135747,
    66.846096899941));
#5508 = CARTESIAN_POINT('',(104.32411327358,6.90882040373,
    67.215991715296));
#5509 = CARTESIAN_POINT('',(104.06382438877,6.933957069046,
    67.620167572639));
#5510 = CARTESIAN_POINT('',(103.8544948193,6.959101633312,
    68.051829060138));
#5511 = CARTESIAN_POINT('',(103.69933959352,6.98425718306,
    68.503506915383));
#5512 = CARTESIAN_POINT('',(103.5215412293,7.029248574871,
    69.332726528419));
#5513 = CARTESIAN_POINT('',(103.47783624798,7.049110113229,
    69.706247075637));
#5514 = CARTESIAN_POINT('',(103.46979031257,7.06896839025,
    70.083319012699));
#5515 = CARTESIAN_POINT('',(103.49767128846,7.08882371331,
    70.459961353028));
#5516 = CARTESIAN_POINT('',(103.5612376657,7.10867891108,70.832246337345
    ));
#5517 = CARTESIAN_POINT('',(103.6597787483,7.128536914576,
    71.196303499457));
#5518 = CARTESIAN_POINT('',(103.7920766327,7.148398260028,
    71.548333272484));
#5519 = CARTESIAN_POINT('',(104.10114573659,7.185768240812,
    72.18131396302));
#5520 = CARTESIAN_POINT('',(104.27089971706,7.20328606233,
    72.465886774627));
#5521 = CARTESIAN_POINT('',(104.46434078997,7.220802739161,
    72.73584560157));
#5522 = CARTESIAN_POINT('',(104.67997477923,7.238317899925,
    72.988905584454));
#5523 = CARTESIAN_POINT('',(104.91607379601,7.255833185689,
    73.222988131013));
#5524 = CARTESIAN_POINT('',(105.17069530801,7.273350141165,
    73.436213686085));
#5525 = CARTESIAN_POINT('',(105.44167349047,7.290868173547,
    73.626920204683));
#5526 = CARTESIAN_POINT('',(105.9894420564,7.324541480924,
    73.947586189984));
#5527 = CARTESIAN_POINT('',(106.26424022077,7.340702153789,
    74.081152131009));
#5528 = CARTESIAN_POINT('',(106.54909428845,7.356861422515,
    74.193290589723));
#5529 = CARTESIAN_POINT('',(106.84204467075,7.37301900198,
    74.283137400151));
#5530 = CARTESIAN_POINT('',(107.14106912003,7.389176222911,
    74.350046005679));
#5531 = CARTESIAN_POINT('',(107.44409046413,7.405334650257,
    74.393577380661));
#5532 = CARTESIAN_POINT('',(107.74897820944,7.421494593999,
    74.41351265982));
#5533 = CARTESIAN_POINT('',(108.19410281146,7.445110942453,
    74.408215894349));
#5534 = CARTESIAN_POINT('',(108.33460273748,7.452568658996,
    74.40152530166));
#5535 = CARTESIAN_POINT('',(108.47483356177,7.460026658826,
    74.389819261964));
#5536 = CARTESIAN_POINT('',(108.61458631443,7.467484993874,
    74.373110720705));
#5537 = CARTESIAN_POINT('',(108.75365336667,7.474943746499,
    74.35142299403));
#5538 = CARTESIAN_POINT('',(108.89182851295,7.482403004754,
    74.32478975863));
#5539 = CARTESIAN_POINT('',(109.0289070532,7.489862837653,
    74.293255041579));
#5540 = CARTESIAN_POINT('',(109.16468587496,7.497323270444,
    74.256873210181));
#5541 = CYLINDRICAL_SURFACE('',#5542,4.5);
#5542 = AXIS2_PLACEMENT_3D('',#5543,#5544,#5545);
#5543 = CARTESIAN_POINT('',(108.,-3.,69.910207612377));
#5544 = DIRECTION('',(0.,-1.,2.2E-16));
#5545 = DIRECTION('',(1.,0.,0.));
#5546 = ADVANCED_FACE('',(#5547),#5591,.F.);
#5547 = FACE_BOUND('',#5548,.F.);
#5548 = EDGE_LOOP('',(#5549,#5584,#5585,#5586));
#5549 = ORIENTED_EDGE('',*,*,#5550,.F.);
#5550 = EDGE_CURVE('',#4149,#5551,#5553,.T.);
#5551 = VERTEX_POINT('',#5552);
#5552 = CARTESIAN_POINT('',(113.10001160036,2.156251374939,
    37.410207678025));
#5553 = B_SPLINE_CURVE_WITH_KNOTS('',11,(#5554,#5555,#5556,#5557,#5558,
    #5559,#5560,#5561,#5562,#5563,#5564,#5565,#5566,#5567,#5568,#5569,
    #5570,#5571,#5572,#5573,#5574,#5575,#5576,#5577,#5578,#5579,#5580,
    #5581,#5582,#5583),.UNSPECIFIED.,.F.,.F.,(12,9,9,12),(0.,
    1.614938419963,3.229876839926,6.459753679852),.UNSPECIFIED.);
#5554 = CARTESIAN_POINT('',(113.10000870027,0.65625103119,
    37.410207661613));
#5555 = CARTESIAN_POINT('',(113.10000961573,0.690342047955,
    36.681930992044));
#5556 = CARTESIAN_POINT('',(112.9856411751,0.72443347983,35.95365141706)
  );
#5557 = CARTESIAN_POINT('',(112.75683212935,0.758524214737,
    35.245331199806));
#5558 = CARTESIAN_POINT('',(112.41753635204,0.792614718689,
    34.576950181427));
#5559 = CARTESIAN_POINT('',(111.97561627385,0.82670542783,
    33.967591560537));
#5560 = CARTESIAN_POINT('',(111.44260236043,0.860796392766,
    33.434576352972));
#5561 = CARTESIAN_POINT('',(110.83324716567,0.894887457088,
    32.992665446323));
#5562 = CARTESIAN_POINT('',(110.16487278526,0.928978495684,
    32.653392120215));
#5563 = CARTESIAN_POINT('',(109.45656400526,0.963069483646,
    32.424595555042));
#5564 = CARTESIAN_POINT('',(108.00000815997,1.031251337248,
    32.195798851363));
#5565 = CARTESIAN_POINT('',(106.54344332823,1.099433039248,
    32.424594516812));
#5566 = CARTESIAN_POINT('',(105.83512585051,1.133523871173,
    32.653390179718));
#5567 = CARTESIAN_POINT('',(105.16673965789,1.167614733619,
    32.992664393577));
#5568 = CARTESIAN_POINT('',(104.55737503656,1.201705650431,
    33.434575133051));
#5569 = CARTESIAN_POINT('',(104.02435998124,1.235796607993,
    33.967591320573));
#5570 = CARTESIAN_POINT('',(103.58245276362,1.269887570955,
    34.576954161858));
#5571 = CARTESIAN_POINT('',(103.24318303481,1.3039785083,35.245336333379
    ));
#5572 = CARTESIAN_POINT('',(103.01439112285,1.338069414243,
    35.953649221922));
#5573 = CARTESIAN_POINT('',(102.67120309591,1.440342097473,
    38.138486780445));
#5574 = CARTESIAN_POINT('',(103.35758021729,1.542614780703,
    40.323324171285));
#5575 = CARTESIAN_POINT('',(104.27275180568,1.61079676698,
    41.620154905183));
#5576 = CARTESIAN_POINT('',(105.58277135976,1.678978303684,
    42.597529958486));
#5577 = CARTESIAN_POINT('',(107.1623202578,1.747162054696,
    43.123886656121));
#5578 = CARTESIAN_POINT('',(108.83773733815,1.815339490514,
    43.123833179074));
#5579 = CARTESIAN_POINT('',(110.41725638493,1.883523217028,
    42.597521918847));
#5580 = CARTESIAN_POINT('',(111.72707428069,1.951709275906,
    41.620179354003));
#5581 = CARTESIAN_POINT('',(112.64250274757,2.019885647388,
    40.323324826347));
#5582 = CARTESIAN_POINT('',(113.10000976477,2.088069341401,
    38.866761017162));
#5583 = CARTESIAN_POINT('',(113.10001160036,2.156251374939,
    37.410207678026));
#5584 = ORIENTED_EDGE('',*,*,#4185,.T.);
#5585 = ORIENTED_EDGE('',*,*,#4537,.T.);
#5586 = ORIENTED_EDGE('',*,*,#5587,.F.);
#5587 = EDGE_CURVE('',#5551,#4530,#5588,.T.);
#5588 = B_SPLINE_CURVE_WITH_KNOTS('',1,(#5589,#5590),.UNSPECIFIED.,.F.,
  .F.,(2,2),(0.,1.3105),.PIECEWISE_BEZIER_KNOTS.);
#5589 = CARTESIAN_POINT('',(113.10001160036,2.156251374939,
    37.410207678026));
#5590 = CARTESIAN_POINT('',(111.96509431758,1.500985771361,
    37.41020693301));
#5591 = B_SPLINE_SURFACE_WITH_KNOTS('',1,9,(
    (#5592,#5593,#5594,#5595,#5596,#5597,#5598,#5599,#5600,#5601,#5602
      ,#5603,#5604,#5605,#5606,#5607,#5608,#5609,#5610,#5611,#5612,#5613
      ,#5614,#5615,#5616,#5617,#5618,#5619,#5620,#5621,#5622)
    ,(#5623,#5624,#5625,#5626,#5627,#5628,#5629,#5630,#5631,#5632,#5633
      ,#5634,#5635,#5636,#5637,#5638,#5639,#5640,#5641,#5642,#5643,#5644
      ,#5645,#5646,#5647,#5648,#5649,#5650,#5651,#5652,#5653
  )),.UNSPECIFIED.,.F.,.F.,.F.,(2,2),(10,7,7,7,10),(0.,1.3105),(0.,
    1.614938419963,3.229876839926,4.844815259889,6.459753679852),
  .UNSPECIFIED.);
#5592 = CARTESIAN_POINT('',(113.10000870027,0.65625103119,
    37.410207661613));
#5593 = CARTESIAN_POINT('',(113.10000981916,0.697917829459,
    36.52009173214));
#5594 = CARTESIAN_POINT('',(112.92527997737,0.739585261923,
    35.629971363836));
#5595 = CARTESIAN_POINT('',(112.57567922141,0.78125114414,
    34.779058145034));
#5596 = CARTESIAN_POINT('',(112.06160958565,0.82291742479,
    34.006609701631));
#5597 = CARTESIAN_POINT('',(111.40358768518,0.864584289691,
    33.34857755537));
#5598 = CARTESIAN_POINT('',(110.63113554837,0.90625115398,
    32.834522722759));
#5599 = CARTESIAN_POINT('',(109.78024289477,0.947917957465,
    32.484972441327));
#5600 = CARTESIAN_POINT('',(108.00000934568,1.031251357251,
    32.135422080436));
#5601 = CARTESIAN_POINT('',(106.21976206729,1.114584525423,
    32.484971172379));
#5602 = CARTESIAN_POINT('',(105.36885625156,1.156251088582,
    32.834520066724));
#5603 = CARTESIAN_POINT('',(104.59638732077,1.197917748399,
    33.348578702096));
#5604 = CARTESIAN_POINT('',(103.9383629915,1.239584495713,
    34.006604705866));
#5605 = CARTESIAN_POINT('',(103.42430994118,1.281251234241,
    34.779070092386));
#5606 = CARTESIAN_POINT('',(103.07476680414,1.322917905616,
    35.62996958207));
#5607 = CARTESIAN_POINT('',(102.72522337088,1.406251203063,
    37.410207604103));
#5608 = CARTESIAN_POINT('',(103.07476738402,1.48958450051,39.19044551228
    ));
#5609 = CARTESIAN_POINT('',(103.42431049788,1.531251171885,
    40.041344817301));
#5610 = CARTESIAN_POINT('',(103.93836204947,1.572917910413,
    40.813810531795));
#5611 = CARTESIAN_POINT('',(104.59638563256,1.614584657728,
    41.471837788961));
#5612 = CARTESIAN_POINT('',(105.3688553839,1.656251317545,
    41.985896915945));
#5613 = CARTESIAN_POINT('',(106.21976182613,1.697917880702,
    42.335444124226));
#5614 = CARTESIAN_POINT('',(108.00000925671,1.781251048877,
    42.684990598359));
#5615 = CARTESIAN_POINT('',(109.78024265361,1.864584448662,
    42.335441305004));
#5616 = CARTESIAN_POINT('',(110.63113592508,1.906251252118,
    41.985893304368));
#5617 = CARTESIAN_POINT('',(111.40358780659,1.94791811652,
    41.471841121512));
#5618 = CARTESIAN_POINT('',(112.06161720944,1.989584981232,
    40.813813214088));
#5619 = CARTESIAN_POINT('',(112.57568081826,2.031251262058,
    40.041351076019));
#5620 = CARTESIAN_POINT('',(112.92526779444,2.072917144183,
    39.190443535946));
#5621 = CARTESIAN_POINT('',(113.10001047861,2.114584576666,
    38.300323607498));
#5622 = CARTESIAN_POINT('',(113.10001160036,2.156251374939,
    37.410207678026));
#5623 = CARTESIAN_POINT('',(111.96508916525,9.893284925653E-04,
    37.41020710285));
#5624 = CARTESIAN_POINT('',(111.9650910489,4.265463330914E-02,
    36.718129127622));
#5625 = CARTESIAN_POINT('',(111.82924237239,8.431337536354E-02,
    36.026164575544));
#5626 = CARTESIAN_POINT('',(111.55746995506,0.125988160097,
    35.364600935877));
#5627 = CARTESIAN_POINT('',(111.1577630212,0.167658820209,
    34.764001859348));
#5628 = CARTESIAN_POINT('',(110.64616644553,0.209323436687,
    34.252427295497));
#5629 = CARTESIAN_POINT('',(110.04561752454,0.250988057667,
    33.85275959821));
#5630 = CARTESIAN_POINT('',(109.38407995857,0.292653308713,
    33.580996871566));
#5631 = CARTESIAN_POINT('',(108.00000898637,0.375985954396,
    33.309232416906));
#5632 = CARTESIAN_POINT('',(106.61592038167,0.459320996802,
    33.580997181427));
#5633 = CARTESIAN_POINT('',(105.95436554971,0.500988734581,
    33.852762141386));
#5634 = CARTESIAN_POINT('',(105.35379962359,0.542655472134,
    34.252427639634));
#5635 = CARTESIAN_POINT('',(104.84221177234,0.584321304242,
    34.764017092287));
#5636 = CARTESIAN_POINT('',(104.44255259258,0.625987227294,
    35.364577836907));
#5637 = CARTESIAN_POINT('',(104.17079285387,0.667653845235,
    36.026125607546));
#5638 = CARTESIAN_POINT('',(103.89903367067,0.750987549924,
    37.410208318045));
#5639 = CARTESIAN_POINT('',(104.17079437033,0.834321254614,
    38.794290730794));
#5640 = CARTESIAN_POINT('',(104.44255430027,0.875987872554,
    39.455838077888));
#5641 = CARTESIAN_POINT('',(104.84221102837,0.917653795607,
    40.05639926478));
#5642 = CARTESIAN_POINT('',(105.35379773368,0.959319627717,
    40.567990764495));
#5643 = CARTESIAN_POINT('',(105.95436525801,1.000986365268,
    40.967656925151));
#5644 = CARTESIAN_POINT('',(106.61592129848,1.042654103045,
    41.239418657225));
#5645 = CARTESIAN_POINT('',(108.00001026904,1.125989145455,
    41.511178284673));
#5646 = CARTESIAN_POINT('',(109.38408087538,1.209321791138,
    41.239415240358));
#5647 = CARTESIAN_POINT('',(110.0456194436,1.250987042131,
    40.967656333384));
#5648 = CARTESIAN_POINT('',(110.64616777061,1.292651663311,
    40.567993132682));
#5649 = CARTESIAN_POINT('',(111.15777749531,1.334316279452,
    40.056425919875));
#5650 = CARTESIAN_POINT('',(111.55747351073,1.375986939879,
    39.455802372894));
#5651 = CARTESIAN_POINT('',(111.82922121435,1.41766172445,
    38.794248726581));
#5652 = CARTESIAN_POINT('',(111.96509246355,1.459320466538,
    38.102284908237));
#5653 = CARTESIAN_POINT('',(111.96509431758,1.500985771361,
    37.41020693301));
#5654 = ADVANCED_FACE('',(#5655),#5700,.F.);
#5655 = FACE_BOUND('',#5656,.F.);
#5656 = EDGE_LOOP('',(#5657,#5693,#5694,#5695));
#5657 = ORIENTED_EDGE('',*,*,#5658,.F.);
#5658 = EDGE_CURVE('',#4257,#5659,#5661,.T.);
#5659 = VERTEX_POINT('',#5660);
#5660 = CARTESIAN_POINT('',(113.1000090225,2.343751374921,
    37.410207678025));
#5661 = B_SPLINE_CURVE_WITH_KNOTS('',9,(#5662,#5663,#5664,#5665,#5666,
    #5667,#5668,#5669,#5670,#5671,#5672,#5673,#5674,#5675,#5676,#5677,
    #5678,#5679,#5680,#5681,#5682,#5683,#5684,#5685,#5686,#5687,#5688,
    #5689,#5690,#5691,#5692),.UNSPECIFIED.,.F.,.F.,(10,7,7,7,10),(0.,
    1.614938419963,3.229876839926,4.844815259889,6.459753679852),
  .UNSPECIFIED.);
#5662 = CARTESIAN_POINT('',(113.10000676688,0.84375103118,
    37.410207661612));
#5663 = CARTESIAN_POINT('',(113.10000763903,0.885417829446,
    36.520092125736));
#5664 = CARTESIAN_POINT('',(112.92527644981,0.927085261895,
    35.629972199699));
#5665 = CARTESIAN_POINT('',(112.57567738175,0.96875114412,
    34.779059987326));
#5666 = CARTESIAN_POINT('',(112.06160864489,1.010417424798,
    34.006610362542));
#5667 = CARTESIAN_POINT('',(111.40358620348,1.052084289673,33.3485789767
    ));
#5668 = CARTESIAN_POINT('',(110.63113443798,1.09375115397,
    32.834524663918));
#5669 = CARTESIAN_POINT('',(109.78024209294,1.135417957449,
    32.484974788382));
#5670 = CARTESIAN_POINT('',(108.000009349,1.218751357233,32.135424696249
    ));
#5671 = CARTESIAN_POINT('',(106.21976284018,1.30208452541,
    32.484973338271));
#5672 = CARTESIAN_POINT('',(105.36885733029,1.343751088571,
    32.83452188855));
#5673 = CARTESIAN_POINT('',(104.5963886487,1.385417748388,
    33.348580349257));
#5674 = CARTESIAN_POINT('',(103.93836469173,1.427084495701,
    34.006606199608));
#5675 = CARTESIAN_POINT('',(103.42431203336,1.468751234227,
    34.779071279626));
#5676 = CARTESIAN_POINT('',(103.07476905136,1.510417905602,
    35.629970371584));
#5677 = CARTESIAN_POINT('',(102.72522570381,1.593751203049,
    37.41020759274));
#5678 = CARTESIAN_POINT('',(103.07476949346,1.677084500497,
    39.190444727091));
#5679 = CARTESIAN_POINT('',(103.42431245317,1.718751171872,
    40.041343677172));
#5680 = CARTESIAN_POINT('',(103.938363942,1.760417910398,40.813809014854
    ));
#5681 = CARTESIAN_POINT('',(104.59638731532,1.802084657711,
    41.471835843361));
#5682 = CARTESIAN_POINT('',(105.36885663254,1.843751317529,
    41.985894690301));
#5683 = CARTESIAN_POINT('',(106.21976262796,1.885417880688,
    42.335441933457));
#5684 = CARTESIAN_POINT('',(108.0000092534,1.968751048867,
    42.684988548316));
#5685 = CARTESIAN_POINT('',(109.78024188071,2.052084448651,
    42.335439295399));
#5686 = CARTESIAN_POINT('',(110.63113470807,2.093751252106,
    41.985891198074));
#5687 = CARTESIAN_POINT('',(111.40358627758,2.135418116491,
    41.471838950078));
#5688 = CARTESIAN_POINT('',(112.06161455746,2.17708498122,
    40.813810864403));
#5689 = CARTESIAN_POINT('',(112.57567861058,2.218751262035,
    40.041350590788));
#5690 = CARTESIAN_POINT('',(112.92526696528,2.260417144188,
    39.190442796953));
#5691 = CARTESIAN_POINT('',(113.10000814748,2.302084576652,38.3003232139
    ));
#5692 = CARTESIAN_POINT('',(113.1000090225,2.343751374921,
    37.410207678025));
#5693 = ORIENTED_EDGE('',*,*,#4294,.T.);
#5694 = ORIENTED_EDGE('',*,*,#5550,.T.);
#5695 = ORIENTED_EDGE('',*,*,#5696,.F.);
#5696 = EDGE_CURVE('',#5659,#5551,#5697,.T.);
#5697 = B_SPLINE_CURVE_WITH_KNOTS('',1,(#5698,#5699),.UNSPECIFIED.,.F.,
  .F.,(2,2),(0.,0.1875),.PIECEWISE_BEZIER_KNOTS.);
#5698 = CARTESIAN_POINT('',(113.1000090225,2.343751374921,
    37.410207678025));
#5699 = CARTESIAN_POINT('',(113.10001160036,2.156251374939,
    37.410207678026));
#5700 = B_SPLINE_SURFACE_WITH_KNOTS('',1,11,(
    (#5701,#5702,#5703,#5704,#5705,#5706,#5707,#5708,#5709,#5710,#5711
      ,#5712,#5713,#5714,#5715,#5716,#5717,#5718,#5719,#5720,#5721,#5722
      ,#5723,#5724,#5725,#5726,#5727,#5728,#5729,#5730)
    ,(#5731,#5732,#5733,#5734,#5735,#5736,#5737,#5738,#5739,#5740,#5741
      ,#5742,#5743,#5744,#5745,#5746,#5747,#5748,#5749,#5750,#5751,#5752
      ,#5753,#5754,#5755,#5756,#5757,#5758,#5759,#5760
  )),.UNSPECIFIED.,.F.,.F.,.F.,(2,2),(12,9,9,12),(0.,0.1875),(0.,
    1.614938419963,3.229876839926,6.459753679852),.UNSPECIFIED.);
#5701 = CARTESIAN_POINT('',(113.10000676688,0.84375103118,
    37.410207661612));
#5702 = CARTESIAN_POINT('',(113.10000748046,0.877842047943,
    36.681931314077));
#5703 = CARTESIAN_POINT('',(112.9856381175,0.911933479808,
    35.953652092983));
#5704 = CARTESIAN_POINT('',(112.75682953457,0.946024214713,
    35.24533252391));
#5705 = CARTESIAN_POINT('',(112.41753467146,0.98011471868,
    34.576951462851));
#5706 = CARTESIAN_POINT('',(111.97561502212,1.014205427825,
    33.967592643634));
#5707 = CARTESIAN_POINT('',(111.44260109377,1.048296392759,
    33.434577661426));
#5708 = CARTESIAN_POINT('',(110.83324594716,1.082387457074,
    32.992667233284));
#5709 = CARTESIAN_POINT('',(110.1648718483,1.116478495672,
    32.653394267961));
#5710 = CARTESIAN_POINT('',(109.45656334965,1.15056948363,
    32.424597947695));
#5711 = CARTESIAN_POINT('',(108.00000816021,1.218751337231,
    32.195801405107));
#5712 = CARTESIAN_POINT('',(106.54344396104,1.286933039234,
    32.42459676124));
#5713 = CARTESIAN_POINT('',(105.83512675811,1.321023871162,
    32.653392182719));
#5714 = CARTESIAN_POINT('',(105.1667407984,1.355114733606,
    32.992666186247));
#5715 = CARTESIAN_POINT('',(104.55737642072,1.389205650422,
    33.434576770129));
#5716 = CARTESIAN_POINT('',(104.0243616512,1.423296607978,
    33.967592800429));
#5717 = CARTESIAN_POINT('',(103.58245472306,1.457387570943,
    34.576955422738));
#5718 = CARTESIAN_POINT('',(103.24318520544,1.491478508285,
    35.245337303529));
#5719 = CARTESIAN_POINT('',(103.01439338424,1.525569414229,
    35.953649865945));
#5720 = CARTESIAN_POINT('',(102.67120542454,1.62784209746,
    38.138486444893));
#5721 = CARTESIAN_POINT('',(103.35758215782,1.73011478069,
    40.323322895998));
#5722 = CARTESIAN_POINT('',(104.27275293534,1.798296766969,
    41.620152509437));
#5723 = CARTESIAN_POINT('',(105.58277552592,1.866478303653,
    42.597530852911));
#5724 = CARTESIAN_POINT('',(107.16231651576,1.934662054689,
    43.123873648152));
#5725 = CARTESIAN_POINT('',(108.83773755973,2.002839490498,
    43.123846837088));
#5726 = CARTESIAN_POINT('',(110.41726071285,2.071023217082,
    42.597508584525));
#5727 = CARTESIAN_POINT('',(111.72706504574,2.139209275787,
    41.620180009372));
#5728 = CARTESIAN_POINT('',(112.64250426364,2.207385647423,
    40.323323664411));
#5729 = CARTESIAN_POINT('',(113.10000759065,2.275569341389,
    38.866760373094));
#5730 = CARTESIAN_POINT('',(113.1000090225,2.343751374921,
    37.410207678025));
#5731 = CARTESIAN_POINT('',(113.10000870027,0.65625103119,
    37.410207661613));
#5732 = CARTESIAN_POINT('',(113.10000961573,0.690342047955,
    36.681930992044));
#5733 = CARTESIAN_POINT('',(112.9856411751,0.72443347983,35.95365141706)
  );
#5734 = CARTESIAN_POINT('',(112.75683212935,0.758524214737,
    35.245331199806));
#5735 = CARTESIAN_POINT('',(112.41753635204,0.792614718689,
    34.576950181427));
#5736 = CARTESIAN_POINT('',(111.97561627385,0.82670542783,
    33.967591560537));
#5737 = CARTESIAN_POINT('',(111.44260236043,0.860796392766,
    33.434576352972));
#5738 = CARTESIAN_POINT('',(110.83324716567,0.894887457088,
    32.992665446323));
#5739 = CARTESIAN_POINT('',(110.16487278526,0.928978495684,
    32.653392120215));
#5740 = CARTESIAN_POINT('',(109.45656400526,0.963069483646,
    32.424595555042));
#5741 = CARTESIAN_POINT('',(108.00000815997,1.031251337248,
    32.195798851363));
#5742 = CARTESIAN_POINT('',(106.54344332823,1.099433039248,
    32.424594516812));
#5743 = CARTESIAN_POINT('',(105.83512585051,1.133523871173,
    32.653390179718));
#5744 = CARTESIAN_POINT('',(105.16673965789,1.167614733619,
    32.992664393577));
#5745 = CARTESIAN_POINT('',(104.55737503656,1.201705650431,
    33.434575133051));
#5746 = CARTESIAN_POINT('',(104.02435998124,1.235796607993,
    33.967591320573));
#5747 = CARTESIAN_POINT('',(103.58245276362,1.269887570955,
    34.576954161858));
#5748 = CARTESIAN_POINT('',(103.24318303481,1.3039785083,35.245336333379
    ));
#5749 = CARTESIAN_POINT('',(103.01439112285,1.338069414243,
    35.953649221922));
#5750 = CARTESIAN_POINT('',(102.67120309591,1.440342097473,
    38.138486780445));
#5751 = CARTESIAN_POINT('',(103.35758021729,1.542614780703,
    40.323324171285));
#5752 = CARTESIAN_POINT('',(104.27275180568,1.61079676698,
    41.620154905183));
#5753 = CARTESIAN_POINT('',(105.58277135976,1.678978303684,
    42.597529958486));
#5754 = CARTESIAN_POINT('',(107.1623202578,1.747162054696,
    43.123886656121));
#5755 = CARTESIAN_POINT('',(108.83773733815,1.815339490514,
    43.123833179074));
#5756 = CARTESIAN_POINT('',(110.41725638493,1.883523217028,
    42.597521918847));
#5757 = CARTESIAN_POINT('',(111.72707428069,1.951709275906,
    41.620179354003));
#5758 = CARTESIAN_POINT('',(112.64250274757,2.019885647388,
    40.323324826347));
#5759 = CARTESIAN_POINT('',(113.10000976477,2.088069341401,
    38.866761017162));
#5760 = CARTESIAN_POINT('',(113.10001160036,2.156251374939,
    37.410207678026));
#5761 = ADVANCED_FACE('',(#5762),#5869,.F.);
#5762 = FACE_BOUND('',#5763,.F.);
#5763 = EDGE_LOOP('',(#5764,#5862,#5863,#5864));
#5764 = ORIENTED_EDGE('',*,*,#5765,.F.);
#5765 = EDGE_CURVE('',#4364,#5766,#5768,.T.);
#5766 = VERTEX_POINT('',#5767);
#5767 = CARTESIAN_POINT('',(112.5,2.690155746628,37.410207448265));
#5768 = B_SPLINE_CURVE_WITH_KNOTS('',8,(#5769,#5770,#5771,#5772,#5773,
    #5774,#5775,#5776,#5777,#5778,#5779,#5780,#5781,#5782,#5783,#5784,
    #5785,#5786,#5787,#5788,#5789,#5790,#5791,#5792,#5793,#5794,#5795,
    #5796,#5797,#5798,#5799,#5800,#5801,#5802,#5803,#5804,#5805,#5806,
    #5807,#5808,#5809,#5810,#5811,#5812,#5813,#5814,#5815,#5816,#5817,
    #5818,#5819,#5820,#5821,#5822,#5823,#5824,#5825,#5826,#5827,#5828,
    #5829,#5830,#5831,#5832,#5833,#5834,#5835,#5836,#5837,#5838,#5839,
    #5840,#5841,#5842,#5843,#5844,#5845,#5846,#5847,#5848,#5849,#5850,
    #5851,#5852,#5853,#5854,#5855,#5856,#5857,#5858,#5859,#5860,#5861),
  .UNSPECIFIED.,.F.,.F.,(9,7,7,7,7,7,7,7,7,7,7,7,7,9),(0.,
    4.493318891499E-02,0.134600066944,0.2195677335,0.272153442246,
    0.376963469177,0.500437403011,0.522592705438,0.627589396997,
    0.737103029889,0.787765019423,0.868762236141,0.955302850156,1.),
  .UNSPECIFIED.);
#5769 = CARTESIAN_POINT('',(112.5,1.190156854706,37.410207284152));
#5770 = CARTESIAN_POINT('',(112.5,1.198580853159,37.251413097886));
#5771 = CARTESIAN_POINT('',(112.49359593319,1.20700584874,
    37.092617556337));
#5772 = CARTESIAN_POINT('',(112.48078794867,1.215431164569,
    36.93412412002));
#5773 = CARTESIAN_POINT('',(112.46159308993,1.22385644138,
    36.776234209515));
#5774 = CARTESIAN_POINT('',(112.43604527609,1.232281535879,
    36.619247035171));
#5775 = CARTESIAN_POINT('',(112.40419528299,1.240706419106,
    36.463459426803));
#5776 = CARTESIAN_POINT('',(112.36611072435,1.249131074792,
    36.309165663399));
#5777 = CARTESIAN_POINT('',(112.2336030487,1.274366640261,
    35.852317706701));
#5778 = CARTESIAN_POINT('',(112.12082322264,1.291179494566,
    35.555033870402));
#5779 = CARTESIAN_POINT('',(111.98421178113,1.307990427958,
    35.267181653411));
#5780 = CARTESIAN_POINT('',(111.82471206224,1.324799809129,
    34.990981991764));
#5781 = CARTESIAN_POINT('',(111.6434945463,1.341609617281,
    34.728519356207));
#5782 = CARTESIAN_POINT('',(111.4419410447,1.358421457957,
    34.481744466362));
#5783 = CARTESIAN_POINT('',(111.22165404721,1.375234885566,
    34.252461260913));
#5784 = CARTESIAN_POINT('',(110.75975750406,1.407976150477,
    33.843149098548));
#5785 = CARTESIAN_POINT('',(110.51980777482,1.423908575138,
    33.661112995304));
#5786 = CARTESIAN_POINT('',(110.26620356436,1.439840294931,
    33.497586494674));
#5787 = CARTESIAN_POINT('',(110.0006233971,1.455770927602,
    33.353749270906));
#5788 = CARTESIAN_POINT('',(109.72484445417,1.471701458538,
    33.230591080967));
#5789 = CARTESIAN_POINT('',(109.4407337835,1.487632942196,
    33.128919474452));
#5790 = CARTESIAN_POINT('',(109.15024906329,1.503565166738,
    33.049348124324));
#5791 = CARTESIAN_POINT('',(108.67299981572,1.529354283831,
    32.95693803871));
#5792 = CARTESIAN_POINT('',(108.48887997338,1.539213425906,
    32.930220956663));
#5793 = CARTESIAN_POINT('',(108.30356836575,1.549072462979,
    32.912206968141));
#5794 = CARTESIAN_POINT('',(108.11754560723,1.558931391744,
    32.902956573444));
#5795 = CARTESIAN_POINT('',(107.9312935478,1.568790328908,
    32.902498327958));
#5796 = CARTESIAN_POINT('',(107.7452948683,1.578649389427,
    32.910828832744));
#5797 = CARTESIAN_POINT('',(107.56003267571,1.588508564737,
    32.927912725131));
#5798 = CARTESIAN_POINT('',(107.00916976001,1.618017918149,
    33.005045456015));
#5799 = CARTESIAN_POINT('',(106.64707350453,1.637674012036,
    33.090930403242));
#5800 = CARTESIAN_POINT('',(106.29365736382,1.657327783416,
    33.210816815162));
#5801 = CARTESIAN_POINT('',(105.95263201011,1.67697857197,
    33.363632403514));
#5802 = CARTESIAN_POINT('',(105.62749951289,1.696629410027,
    33.547859851388));
#5803 = CARTESIAN_POINT('',(105.32155679305,1.716283290034,
    33.761576703647));
#5804 = CARTESIAN_POINT('',(105.03786577441,1.735939445759,
    34.002428584018));
#5805 = CARTESIAN_POINT('',(104.47445138572,1.778739032329,
    34.579851499535));
#5806 = CARTESIAN_POINT('',(104.20415215818,1.801901037944,
    34.926114379576));
#5807 = CARTESIAN_POINT('',(103.97299232287,1.82505554752,
    35.301643417282));
#5808 = CARTESIAN_POINT('',(103.78453789275,1.848204298004,
    35.701196990129));
#5809 = CARTESIAN_POINT('',(103.64154964374,1.87135308422,36.11918325851
    ));
#5810 = CARTESIAN_POINT('',(103.5459402539,1.894507500382,
    36.549666534525));
#5811 = CARTESIAN_POINT('',(103.49880061971,1.917669475798,
    36.986401729558));
#5812 = CARTESIAN_POINT('',(103.50023584647,1.944972692519,
    37.501053017579));
#5813 = CARTESIAN_POINT('',(103.5020111173,1.949126488355,
    37.579345287937));
#5814 = CARTESIAN_POINT('',(103.50534320709,1.953280302192,
    37.657597108211));
#5815 = CARTESIAN_POINT('',(103.51023100924,1.957434131604,
    37.735772318428));
#5816 = CARTESIAN_POINT('',(103.51667241425,1.961587974964,
    37.813834850443));
#5817 = CARTESIAN_POINT('',(103.5246643097,1.965741831449,37.89174872794
    ));
#5818 = CARTESIAN_POINT('',(103.53420258026,1.969895701033,
    37.969478066428));
#5819 = CARTESIAN_POINT('',(103.597789345,1.993735346933,38.414311749082
    ));
#5820 = CARTESIAN_POINT('',(103.6849282562,2.013427089081,
    38.776797152419));
#5821 = CARTESIAN_POINT('',(103.80616397755,2.03311648844,
    39.130466533632));
#5822 = CARTESIAN_POINT('',(103.96040677702,2.052802754642,
    39.47159266594));
#5823 = CARTESIAN_POINT('',(104.14611932644,2.072488884117,
    39.796659922733));
#5824 = CARTESIAN_POINT('',(104.36135699726,2.092177908654,
    40.102360527425));
#5825 = CARTESIAN_POINT('',(104.60374117985,2.111869137874,
    40.385624975835));
#5826 = CARTESIAN_POINT('',(105.14846021498,2.152086510071,
    40.912850058605));
#5827 = CARTESIAN_POINT('',(105.45310829446,2.172625466979,
    41.154772595324));
#5828 = CARTESIAN_POINT('',(105.78105887607,2.193160461815,
    41.366247167489));
#5829 = CARTESIAN_POINT('',(106.12871689585,2.213692149094,41.5447104766
    ));
#5830 = CARTESIAN_POINT('',(106.49223692373,2.234223949611,
    41.68812755721));
#5831 = CARTESIAN_POINT('',(106.86755226177,2.254759207693,
    41.794952315412));
#5832 = CARTESIAN_POINT('',(107.25036449347,2.275298399813,
    41.864175425845));
#5833 = CARTESIAN_POINT('',(107.81457183317,2.305328974184,
    41.909948562432));
#5834 = CARTESIAN_POINT('',(107.99368622337,2.314827534043,
    41.916311831788));
#5835 = CARTESIAN_POINT('',(108.17302721467,2.324326050996,
    41.914525772201));
#5836 = CARTESIAN_POINT('',(108.35216180261,2.333824494002,
    41.904582885262));
#5837 = CARTESIAN_POINT('',(108.53065880765,2.343322928564,
    41.886503148938));
#5838 = CARTESIAN_POINT('',(108.70808920253,2.352821419769,
    41.860333991412));
#5839 = CARTESIAN_POINT('',(108.88402643965,2.362319935335,
    41.826150264917));
#5840 = CARTESIAN_POINT('',(109.33626647002,2.38700393223,
    41.716752036238));
#5841 = CARTESIAN_POINT('',(109.60962295165,2.402191066899,
    41.629216936636));
#5842 = CARTESIAN_POINT('',(109.87635507952,2.417377328403,
    41.521867412618));
#5843 = CARTESIAN_POINT('',(110.13479076308,2.432562545117,
    41.395302690275));
#5844 = CARTESIAN_POINT('',(110.3833384461,2.447747671218,
    41.250279592632));
#5845 = CARTESIAN_POINT('',(110.62048627852,2.4629337252,41.087703752767
    ));
#5846 = CARTESIAN_POINT('',(110.84480897915,2.478120693717,
    40.908635177341));
#5847 = CARTESIAN_POINT('',(111.27953993198,2.509531407821,
    40.506681528044));
#5848 = CARTESIAN_POINT('',(111.48800152181,2.52575899299,
    40.281584282262));
#5849 = CARTESIAN_POINT('',(111.6787328298,2.541986061062,
    40.040512805862));
#5850 = CARTESIAN_POINT('',(111.85032090395,2.558212524072,
    39.785111757351));
#5851 = CARTESIAN_POINT('',(112.00154608042,2.57443946523,39.51715083366
    ));
#5852 = CARTESIAN_POINT('',(112.13137435528,2.590667589787,
    39.238514190435));
#5853 = CARTESIAN_POINT('',(112.23897021656,2.606895962822,
    38.951202520067));
#5854 = CARTESIAN_POINT('',(112.36750727693,2.631501081243,
    38.505575476089));
#5855 = CARTESIAN_POINT('',(112.40519632893,2.639880915135,
    38.352045450803));
#5856 = CARTESIAN_POINT('',(112.43671440607,2.648260388138,
    38.197044804453));
#5857 = CARTESIAN_POINT('',(112.46199528664,2.656639474096,
    38.040863279628));
#5858 = CARTESIAN_POINT('',(112.48098923737,2.665018269541,
    37.883793113224));
#5859 = CARTESIAN_POINT('',(112.49366303702,2.673396995037,
    37.726128881016));
#5860 = CARTESIAN_POINT('',(112.5,2.681775996519,37.568167342238));
#5861 = CARTESIAN_POINT('',(112.5,2.690155746628,37.410207284152));
#5862 = ORIENTED_EDGE('',*,*,#4456,.T.);
#5863 = ORIENTED_EDGE('',*,*,#5658,.T.);
#5864 = ORIENTED_EDGE('',*,*,#5865,.F.);
#5865 = EDGE_CURVE('',#5766,#5659,#5866,.T.);
#5866 = B_SPLINE_CURVE_WITH_KNOTS('',1,(#5867,#5868),.UNSPECIFIED.,.F.,
  .F.,(2,2),(0.,1.3105),.PIECEWISE_BEZIER_KNOTS.);
#5867 = CARTESIAN_POINT('',(111.96507372218,2.998985771219,
    37.410206933003));
#5868 = CARTESIAN_POINT('',(113.1000090225,2.343751374921,
    37.410207678025));
#5869 = B_SPLINE_SURFACE_WITH_KNOTS('',1,9,(
    (#5870,#5871,#5872,#5873,#5874,#5875,#5876,#5877,#5878,#5879,#5880
      ,#5881,#5882,#5883,#5884,#5885,#5886,#5887,#5888,#5889,#5890,#5891
      ,#5892,#5893,#5894,#5895,#5896,#5897,#5898,#5899,#5900)
    ,(#5901,#5902,#5903,#5904,#5905,#5906,#5907,#5908,#5909,#5910,#5911
      ,#5912,#5913,#5914,#5915,#5916,#5917,#5918,#5919,#5920,#5921,#5922
      ,#5923,#5924,#5925,#5926,#5927,#5928,#5929,#5930,#5931
  )),.UNSPECIFIED.,.F.,.F.,.F.,(2,2),(10,7,7,7,10),(0.,1.3105),(0.,
    1.614938419963,3.229876839926,4.844815259889,6.459753679852),
  .UNSPECIFIED.);
#5870 = CARTESIAN_POINT('',(111.9650737187,1.498989328413,
    37.410207102846));
#5871 = CARTESIAN_POINT('',(111.96507363112,1.540654633209,
    36.718132272194));
#5872 = CARTESIAN_POINT('',(111.82921418947,1.582313375142,
    36.026171253532));
#5873 = CARTESIAN_POINT('',(111.55745525743,1.623988159935,
    35.364615654558));
#5874 = CARTESIAN_POINT('',(111.15775550512,1.665658820274,
    34.764007139579));
#5875 = CARTESIAN_POINT('',(110.6461546077,1.707323436549,
    34.252438650983));
#5876 = CARTESIAN_POINT('',(110.04560865322,1.748988057593,
    33.852775106777));
#5877 = CARTESIAN_POINT('',(109.38407355245,1.790653308588,
    33.581015622966));
#5878 = CARTESIAN_POINT('',(108.00000901287,1.873985954259,
    33.309253315503));
#5879 = CARTESIAN_POINT('',(106.61592655654,1.957320996697,
    33.581014485454));
#5880 = CARTESIAN_POINT('',(105.95437416808,1.998988734493,
    33.852776696557));
#5881 = CARTESIAN_POINT('',(105.35381023285,2.040655472047,
    34.252440799357));
#5882 = CARTESIAN_POINT('',(104.84222535605,2.082321304141,
    34.764029026291));
#5883 = CARTESIAN_POINT('',(104.44256930771,2.12398722718,
    35.364587322162));
#5884 = CARTESIAN_POINT('',(104.17081080765,2.16565384512,
    36.026131915235));
#5885 = CARTESIAN_POINT('',(103.89905230919,2.248987549816,
    37.410208227262));
#5886 = CARTESIAN_POINT('',(104.17081122339,2.332321254512,
    38.794284457659));
#5887 = CARTESIAN_POINT('',(104.4425699218,2.373987872452,
    39.455828969017));
#5888 = CARTESIAN_POINT('',(104.84222614845,2.415653795491,
    40.056387145433));
#5889 = CARTESIAN_POINT('',(105.35381117778,2.457319627586,
    40.567975220449));
#5890 = CARTESIAN_POINT('',(105.95437523384,2.498986365139,
    40.96763914374));
#5891 = CARTESIAN_POINT('',(106.61592770455,2.540654102935,
    41.239401154438));
#5892 = CARTESIAN_POINT('',(108.00001024255,2.623989145373,
    41.511161906196));
#5893 = CARTESIAN_POINT('',(109.38407470045,2.707321791044,
    41.239399184959));
#5894 = CARTESIAN_POINT('',(110.04560972047,2.74898704204,
    40.967639505499));
#5895 = CARTESIAN_POINT('',(110.6461555548,2.790651663084,
    40.567975784371));
#5896 = CARTESIAN_POINT('',(111.15775630778,2.832316279357,
    40.056407147457));
#5897 = CARTESIAN_POINT('',(111.55745587282,2.873986939696,
    39.455798496225));
#5898 = CARTESIAN_POINT('',(111.82921458994,2.91566172449,
    38.794242822519));
#5899 = CARTESIAN_POINT('',(111.9650738394,2.957320466423,
    38.102281763655));
#5900 = CARTESIAN_POINT('',(111.96507372218,2.998985771219,
    37.410206933003));
#5901 = CARTESIAN_POINT('',(113.10000676688,0.84375103118,
    37.410207661612));
#5902 = CARTESIAN_POINT('',(113.10000763903,0.885417829446,
    36.520092125736));
#5903 = CARTESIAN_POINT('',(112.92527644981,0.927085261895,
    35.629972199699));
#5904 = CARTESIAN_POINT('',(112.57567738175,0.96875114412,
    34.779059987326));
#5905 = CARTESIAN_POINT('',(112.06160864489,1.010417424798,
    34.006610362542));
#5906 = CARTESIAN_POINT('',(111.40358620348,1.052084289673,33.3485789767
    ));
#5907 = CARTESIAN_POINT('',(110.63113443798,1.09375115397,
    32.834524663918));
#5908 = CARTESIAN_POINT('',(109.78024209294,1.135417957449,
    32.484974788382));
#5909 = CARTESIAN_POINT('',(108.000009349,1.218751357233,32.135424696249
    ));
#5910 = CARTESIAN_POINT('',(106.21976284018,1.30208452541,
    32.484973338271));
#5911 = CARTESIAN_POINT('',(105.36885733029,1.343751088571,
    32.83452188855));
#5912 = CARTESIAN_POINT('',(104.5963886487,1.385417748388,
    33.348580349257));
#5913 = CARTESIAN_POINT('',(103.93836469173,1.427084495701,
    34.006606199608));
#5914 = CARTESIAN_POINT('',(103.42431203336,1.468751234227,
    34.779071279626));
#5915 = CARTESIAN_POINT('',(103.07476905136,1.510417905602,
    35.629970371584));
#5916 = CARTESIAN_POINT('',(102.72522570381,1.593751203049,
    37.41020759274));
#5917 = CARTESIAN_POINT('',(103.07476949346,1.677084500497,
    39.190444727091));
#5918 = CARTESIAN_POINT('',(103.42431245317,1.718751171872,
    40.041343677172));
#5919 = CARTESIAN_POINT('',(103.938363942,1.760417910398,40.813809014854
    ));
#5920 = CARTESIAN_POINT('',(104.59638731532,1.802084657711,
    41.471835843361));
#5921 = CARTESIAN_POINT('',(105.36885663254,1.843751317529,
    41.985894690301));
#5922 = CARTESIAN_POINT('',(106.21976262796,1.885417880688,
    42.335441933457));
#5923 = CARTESIAN_POINT('',(108.0000092534,1.968751048867,
    42.684988548316));
#5924 = CARTESIAN_POINT('',(109.78024188071,2.052084448651,
    42.335439295399));
#5925 = CARTESIAN_POINT('',(110.63113470807,2.093751252106,
    41.985891198074));
#5926 = CARTESIAN_POINT('',(111.40358627758,2.135418116491,
    41.471838950078));
#5927 = CARTESIAN_POINT('',(112.06161455746,2.17708498122,
    40.813810864403));
#5928 = CARTESIAN_POINT('',(112.57567861058,2.218751262035,
    40.041350590788));
#5929 = CARTESIAN_POINT('',(112.92526696528,2.260417144188,
    39.190442796953));
#5930 = CARTESIAN_POINT('',(113.10000814748,2.302084576652,38.3003232139
    ));
#5931 = CARTESIAN_POINT('',(113.1000090225,2.343751374921,
    37.410207678025));
#5932 = ADVANCED_FACE('',(#5933),#6034,.F.);
#5933 = FACE_BOUND('',#5934,.F.);
#5934 = EDGE_LOOP('',(#5935,#5936,#5937,#5945));
#5935 = ORIENTED_EDGE('',*,*,#4529,.F.);
#5936 = ORIENTED_EDGE('',*,*,#5765,.T.);
#5937 = ORIENTED_EDGE('',*,*,#5938,.T.);
#5938 = EDGE_CURVE('',#5766,#5939,#5941,.T.);
#5939 = VERTEX_POINT('',#5940);
#5940 = CARTESIAN_POINT('',(112.5,3.309819436282,37.410207407233));
#5941 = LINE('',#5942,#5943);
#5942 = CARTESIAN_POINT('',(112.5,-3.,37.410207612377));
#5943 = VECTOR('',#5944,1.);
#5944 = DIRECTION('',(0.,1.,-2.2E-16));
#5945 = ORIENTED_EDGE('',*,*,#5946,.F.);
#5946 = EDGE_CURVE('',#4530,#5939,#5947,.T.);
#5947 = B_SPLINE_CURVE_WITH_KNOTS('',7,(#5948,#5949,#5950,#5951,#5952,
    #5953,#5954,#5955,#5956,#5957,#5958,#5959,#5960,#5961,#5962,#5963,
    #5964,#5965,#5966,#5967,#5968,#5969,#5970,#5971,#5972,#5973,#5974,
    #5975,#5976,#5977,#5978,#5979,#5980,#5981,#5982,#5983,#5984,#5985,
    #5986,#5987,#5988,#5989,#5990,#5991,#5992,#5993,#5994,#5995,#5996,
    #5997,#5998,#5999,#6000,#6001,#6002,#6003,#6004,#6005,#6006,#6007,
    #6008,#6009,#6010,#6011,#6012,#6013,#6014,#6015,#6016,#6017,#6018,
    #6019,#6020,#6021,#6022,#6023,#6024,#6025,#6026,#6027,#6028,#6029,
    #6030,#6031,#6032,#6033),.UNSPECIFIED.,.F.,.F.,(8,6,6,6,6,6,6,6,6,6,
    6,6,6,6,8),(0.,4.766617340064E-02,0.132438374917,0.226201024794,
    0.285126320346,0.380770951172,0.483688004704,0.505344283571,
    0.597343823177,0.629345694809,0.745517540752,0.801830595003,
    0.868438749044,0.958030974894,1.),.UNSPECIFIED.);
#5948 = CARTESIAN_POINT('',(112.5,1.809823521129,37.410207202089));
#5949 = CARTESIAN_POINT('',(112.5,1.820036469357,37.217685940278));
#5950 = CARTESIAN_POINT('',(112.49039049792,1.83024797149,
    37.025161948081));
#5951 = CARTESIAN_POINT('',(112.47117178457,1.84045921851,
    36.833215622811));
#5952 = CARTESIAN_POINT('',(112.44238695977,1.850670942652,
    36.642421797556));
#5953 = CARTESIAN_POINT('',(112.40412183654,1.860883467033,
    36.453349149956));
#5954 = CARTESIAN_POINT('',(112.3565048454,1.871096755276,
    36.266559610977));
#5955 = CARTESIAN_POINT('',(112.19869434918,1.899475089615,
    35.75545748857));
#5956 = CARTESIAN_POINT('',(112.06862630448,1.917644144623,
    35.437225511568));
#5957 = CARTESIAN_POINT('',(111.91047020142,1.935812228572,
    35.131096767268));
#5958 = CARTESIAN_POINT('',(111.72561485402,1.953978637771,
    34.84000960111));
#5959 = CARTESIAN_POINT('',(111.51579229342,1.972145180532,
    34.566691477746));
#5960 = CARTESIAN_POINT('',(111.28307145277,1.990312817703,
    34.313648971714));
#5961 = CARTESIAN_POINT('',(110.74992864159,2.028567834763,
    33.828125719407));
#5962 = CARTESIAN_POINT('',(110.44483655589,2.048662063214,
    33.600573844825));
#5963 = CARTESIAN_POINT('',(110.1179797518,2.06875262355,33.403528368266
    ));
#5964 = CARTESIAN_POINT('',(109.77304060167,2.088841288694,
    33.239399042651));
#5965 = CARTESIAN_POINT('',(109.41396588248,2.108932475555,
    33.11006387276));
#5966 = CARTESIAN_POINT('',(109.04494801874,2.12902730942,
    33.016860108659));
#5967 = CARTESIAN_POINT('',(108.43513397286,2.161744140907,
    32.924975835003));
#5968 = CARTESIAN_POINT('',(108.19759847851,2.174370764232,
    32.904035693036));
#5969 = CARTESIAN_POINT('',(107.95895619663,2.186997139708,
    32.897781333802));
#5970 = CARTESIAN_POINT('',(107.72029508931,2.199623330521,
    32.906271479448));
#5971 = CARTESIAN_POINT('',(107.48270044388,2.212249695242,
    32.929467525922));
#5972 = CARTESIAN_POINT('',(107.2472533019,2.224876316821,
    32.967233598204));
#5973 = CARTESIAN_POINT('',(106.63809276659,2.2579965077,33.103881759801
    ));
#5974 = CARTESIAN_POINT('',(106.26953552032,2.278495180199,
    33.226208381361));
#5975 = CARTESIAN_POINT('',(105.91406395095,2.298990066659,
    33.385282430932));
#5976 = CARTESIAN_POINT('',(105.57601042334,2.31948254408,
    33.579355677535));
#5977 = CARTESIAN_POINT('',(105.25939829766,2.339977311243,
    33.806118420778));
#5978 = CARTESIAN_POINT('',(104.96792164252,2.360475864899,
    34.062711018498));
#5979 = CARTESIAN_POINT('',(104.42175238999,2.403022187728,
    34.649966213115));
#5980 = CARTESIAN_POINT('',(104.17137839567,2.425081697808,
    34.984953343043));
#5981 = CARTESIAN_POINT('',(103.95786227922,2.447136547084,
    35.346158107399));
#5982 = CARTESIAN_POINT('',(103.78435597943,2.469188454417,
    35.728683626111));
#5983 = CARTESIAN_POINT('',(103.65324681364,2.491243611974,
    36.127266646782));
#5984 = CARTESIAN_POINT('',(103.56614276908,2.513303599255,
    36.536309966109));
#5985 = CARTESIAN_POINT('',(103.51466522002,2.539996761809,
    37.036813800691));
#5986 = CARTESIAN_POINT('',(103.5076892837,2.544637181612,
    37.124026193168));
#5987 = CARTESIAN_POINT('',(103.50269198501,2.549277583944,
    37.211387787725));
#5988 = CARTESIAN_POINT('',(103.49967701875,2.553917967593,
    37.298844722873));
#5989 = CARTESIAN_POINT('',(103.49864624389,2.558558331437,
    37.386343068378));
#5990 = CARTESIAN_POINT('',(103.49959968365,2.563198674448,
    37.473828825261));
#5991 = CARTESIAN_POINT('',(103.51500747855,2.587551866053,
    37.932619067228));
#5992 = CARTESIAN_POINT('',(103.56325851765,2.607268338775,
    38.302864830966));
#5993 = CARTESIAN_POINT('',(103.64716981069,2.626981549966,
    38.667710861795));
#5994 = CARTESIAN_POINT('',(103.76595893443,2.646692666958,
    39.023074940351));
#5995 = CARTESIAN_POINT('',(103.91831683966,2.666405583713,
    39.36504099299));
#5996 = CARTESIAN_POINT('',(104.10241380661,2.686121566372,
    39.689876894759));
#5997 = CARTESIAN_POINT('',(104.38999147946,2.712690730422,
    40.099918147727));
#5998 = CARTESIAN_POINT('',(104.4677549475,2.719547650381,
    40.203253534159));
#5999 = CARTESIAN_POINT('',(104.54896432222,2.726404610792,
    40.303959028058));
#6000 = CARTESIAN_POINT('',(104.63351249995,2.733261612044,
    40.401897157641));
#6001 = CARTESIAN_POINT('',(104.72128574563,2.740118652965,
    40.496936176035));
#6002 = CARTESIAN_POINT('',(104.81216369292,2.746975730823,
    40.588950061284));
#6003 = CARTESIAN_POINT('',(105.24673017429,2.77872523494,
    41.000425037263));
#6004 = CARTESIAN_POINT('',(105.62685979104,2.803630864012,
    41.281748990941));
#6005 = CARTESIAN_POINT('',(106.04010667415,2.828526368643,
    41.515689176232));
#6006 = CARTESIAN_POINT('',(106.47932013622,2.853418831516,
    41.697828338871));
#6007 = CARTESIAN_POINT('',(106.93684615584,2.878314135587,
    41.824993411627));
#6008 = CARTESIAN_POINT('',(107.40450852776,2.903219686299,
    41.895243202922));
#6009 = CARTESIAN_POINT('',(108.10088786137,2.940178411899,
    41.914821796325));
#6010 = CARTESIAN_POINT('',(108.32862612825,2.952245020651,
    41.907807575412));
#6011 = CARTESIAN_POINT('',(108.55578766567,2.964311311548,
    41.887358709429));
#6012 = CARTESIAN_POINT('',(108.78142352096,2.976377412126,
    41.85353509872));
#6013 = CARTESIAN_POINT('',(109.00459622785,2.988443687879,
    41.806477281117));
#6014 = CARTESIAN_POINT('',(109.22438102126,3.000510259112,
    41.746406240807));
#6015 = CARTESIAN_POINT('',(109.69475044727,3.026848737975,
    41.587550344176));
#6016 = CARTESIAN_POINT('',(109.94364336087,3.04112181869,
    41.483687723418));
#6017 = CARTESIAN_POINT('',(110.1850320898,3.055394387741,
    41.362550482044));
#6018 = CARTESIAN_POINT('',(110.41748860006,3.069666643765,
    41.22480174438));
#6019 = CARTESIAN_POINT('',(110.63966384721,3.08393928267,
    41.071240922631));
#6020 = CARTESIAN_POINT('',(110.85029041236,3.098212441148,
    40.902802148297));
#6021 = CARTESIAN_POINT('',(111.31439063177,3.131681721249,
    40.475456813274));
#6022 = CARTESIAN_POINT('',(111.55763945125,3.150881997394,
    40.205324913546));
#6023 = CARTESIAN_POINT('',(111.77502766902,3.170079400302,
    39.91282936139));
#6024 = CARTESIAN_POINT('',(111.96415560904,3.189274592779,
    39.600965494051));
#6025 = CARTESIAN_POINT('',(112.12304574254,3.208471213199,
    39.272994156274));
#6026 = CARTESIAN_POINT('',(112.2501511123,3.227671060505,
    38.932427866739));
#6027 = CARTESIAN_POINT('',(112.38864543081,3.255861070063,
    38.419427145159));
#6028 = CARTESIAN_POINT('',(112.42563447843,3.264854153503,
    38.25383298905));
#6029 = CARTESIAN_POINT('',(112.45532890474,3.273847359565,
    38.086677560173));
#6030 = CARTESIAN_POINT('',(112.47765142078,3.282840674168,
    37.918346507337));
#6031 = CARTESIAN_POINT('',(112.49255041895,3.291834037629,
    37.749229010421));
#6032 = CARTESIAN_POINT('',(112.5,3.300827176644,37.579717470852));
#6033 = CARTESIAN_POINT('',(112.5,3.309819436282,37.410207202089));
#6034 = CYLINDRICAL_SURFACE('',#6035,4.5);
#6035 = AXIS2_PLACEMENT_3D('',#6036,#6037,#6038);
#6036 = CARTESIAN_POINT('',(108.,-3.,37.410207612377));
#6037 = DIRECTION('',(0.,-1.,2.2E-16));
#6038 = DIRECTION('',(1.,0.,0.));
#6039 = ADVANCED_FACE('',(#6040),#6084,.F.);
#6040 = FACE_BOUND('',#6041,.F.);
#6041 = EDGE_LOOP('',(#6042,#6077,#6078,#6079));
#6042 = ORIENTED_EDGE('',*,*,#6043,.F.);
#6043 = EDGE_CURVE('',#4659,#6044,#6046,.T.);
#6044 = VERTEX_POINT('',#6045);
#6045 = CARTESIAN_POINT('',(113.10001160036,2.156251374939,
    69.910207678025));
#6046 = B_SPLINE_CURVE_WITH_KNOTS('',11,(#6047,#6048,#6049,#6050,#6051,
    #6052,#6053,#6054,#6055,#6056,#6057,#6058,#6059,#6060,#6061,#6062,
    #6063,#6064,#6065,#6066,#6067,#6068,#6069,#6070,#6071,#6072,#6073,
    #6074,#6075,#6076),.UNSPECIFIED.,.F.,.F.,(12,9,9,12),(0.,
    1.614938419963,3.229876839926,6.459753679852),.UNSPECIFIED.);
#6047 = CARTESIAN_POINT('',(113.10000870027,0.65625103119,
    69.910207661613));
#6048 = CARTESIAN_POINT('',(113.10000961573,0.690342047955,
    69.181930992044));
#6049 = CARTESIAN_POINT('',(112.9856411751,0.72443347983,68.45365141706)
  );
#6050 = CARTESIAN_POINT('',(112.75683212935,0.758524214737,
    67.745331199806));
#6051 = CARTESIAN_POINT('',(112.41753635204,0.792614718689,
    67.076950181427));
#6052 = CARTESIAN_POINT('',(111.97561627385,0.82670542783,
    66.467591560537));
#6053 = CARTESIAN_POINT('',(111.44260236043,0.860796392766,
    65.934576352972));
#6054 = CARTESIAN_POINT('',(110.83324716567,0.894887457088,
    65.492665446323));
#6055 = CARTESIAN_POINT('',(110.16487278526,0.928978495684,
    65.153392120215));
#6056 = CARTESIAN_POINT('',(109.45656400526,0.963069483646,
    64.924595555042));
#6057 = CARTESIAN_POINT('',(108.00000815997,1.031251337248,
    64.695798851363));
#6058 = CARTESIAN_POINT('',(106.54344332823,1.099433039248,
    64.924594516812));
#6059 = CARTESIAN_POINT('',(105.83512585051,1.133523871173,
    65.153390179718));
#6060 = CARTESIAN_POINT('',(105.16673965789,1.167614733619,
    65.492664393577));
#6061 = CARTESIAN_POINT('',(104.55737503656,1.201705650431,
    65.934575133052));
#6062 = CARTESIAN_POINT('',(104.02435998124,1.235796607993,
    66.467591320573));
#6063 = CARTESIAN_POINT('',(103.58245276362,1.269887570955,
    67.076954161858));
#6064 = CARTESIAN_POINT('',(103.24318303481,1.3039785083,67.745336333379
    ));
#6065 = CARTESIAN_POINT('',(103.01439112285,1.338069414243,
    68.453649221922));
#6066 = CARTESIAN_POINT('',(102.67120309591,1.440342097473,
    70.638486780445));
#6067 = CARTESIAN_POINT('',(103.35758021729,1.542614780703,
    72.823324171285));
#6068 = CARTESIAN_POINT('',(104.27275180568,1.61079676698,
    74.120154905183));
#6069 = CARTESIAN_POINT('',(105.58277135976,1.678978303684,
    75.097529958486));
#6070 = CARTESIAN_POINT('',(107.1623202578,1.747162054696,
    75.623886656121));
#6071 = CARTESIAN_POINT('',(108.83773733815,1.815339490514,
    75.623833179074));
#6072 = CARTESIAN_POINT('',(110.41725638493,1.883523217028,
    75.097521918847));
#6073 = CARTESIAN_POINT('',(111.72707428069,1.951709275906,
    74.120179354003));
#6074 = CARTESIAN_POINT('',(112.64250274757,2.019885647388,
    72.823324826347));
#6075 = CARTESIAN_POINT('',(113.10000976477,2.088069341401,
    71.366761017162));
#6076 = CARTESIAN_POINT('',(113.10001160036,2.156251374939,
    69.910207678026));
#6077 = ORIENTED_EDGE('',*,*,#4695,.T.);
#6078 = ORIENTED_EDGE('',*,*,#5047,.T.);
#6079 = ORIENTED_EDGE('',*,*,#6080,.F.);
#6080 = EDGE_CURVE('',#6044,#5040,#6081,.T.);
#6081 = B_SPLINE_CURVE_WITH_KNOTS('',1,(#6082,#6083),.UNSPECIFIED.,.F.,
  .F.,(2,2),(0.,1.3105),.PIECEWISE_BEZIER_KNOTS.);
#6082 = CARTESIAN_POINT('',(113.10001160036,2.156251374939,
    69.910207678026));
#6083 = CARTESIAN_POINT('',(111.96509431758,1.500985771361,
    69.91020693301));
#6084 = B_SPLINE_SURFACE_WITH_KNOTS('',1,9,(
    (#6085,#6086,#6087,#6088,#6089,#6090,#6091,#6092,#6093,#6094,#6095
      ,#6096,#6097,#6098,#6099,#6100,#6101,#6102,#6103,#6104,#6105,#6106
      ,#6107,#6108,#6109,#6110,#6111,#6112,#6113,#6114,#6115)
    ,(#6116,#6117,#6118,#6119,#6120,#6121,#6122,#6123,#6124,#6125,#6126
      ,#6127,#6128,#6129,#6130,#6131,#6132,#6133,#6134,#6135,#6136,#6137
      ,#6138,#6139,#6140,#6141,#6142,#6143,#6144,#6145,#6146
  )),.UNSPECIFIED.,.F.,.F.,.F.,(2,2),(10,7,7,7,10),(0.,1.3105),(0.,
    1.614938419963,3.229876839926,4.844815259889,6.459753679852),
  .UNSPECIFIED.);
#6085 = CARTESIAN_POINT('',(113.10000870027,0.65625103119,
    69.910207661613));
#6086 = CARTESIAN_POINT('',(113.10000981916,0.697917829459,
    69.02009173214));
#6087 = CARTESIAN_POINT('',(112.92527997737,0.739585261923,
    68.129971363836));
#6088 = CARTESIAN_POINT('',(112.57567922141,0.78125114414,
    67.279058145035));
#6089 = CARTESIAN_POINT('',(112.06160958565,0.82291742479,
    66.506609701631));
#6090 = CARTESIAN_POINT('',(111.40358768518,0.864584289691,
    65.84857755537));
#6091 = CARTESIAN_POINT('',(110.63113554837,0.90625115398,
    65.334522722759));
#6092 = CARTESIAN_POINT('',(109.78024289477,0.947917957465,
    64.984972441327));
#6093 = CARTESIAN_POINT('',(108.00000934568,1.031251357251,
    64.635422080436));
#6094 = CARTESIAN_POINT('',(106.21976206729,1.114584525423,
    64.984971172379));
#6095 = CARTESIAN_POINT('',(105.36885625156,1.156251088582,
    65.334520066724));
#6096 = CARTESIAN_POINT('',(104.59638732077,1.197917748399,
    65.848578702096));
#6097 = CARTESIAN_POINT('',(103.9383629915,1.239584495713,
    66.506604705866));
#6098 = CARTESIAN_POINT('',(103.42430994118,1.281251234241,
    67.279070092386));
#6099 = CARTESIAN_POINT('',(103.07476680414,1.322917905616,
    68.12996958207));
#6100 = CARTESIAN_POINT('',(102.72522337088,1.406251203063,
    69.910207604103));
#6101 = CARTESIAN_POINT('',(103.07476738402,1.48958450051,71.69044551228
    ));
#6102 = CARTESIAN_POINT('',(103.42431049788,1.531251171885,
    72.541344817301));
#6103 = CARTESIAN_POINT('',(103.93836204947,1.572917910413,
    73.313810531795));
#6104 = CARTESIAN_POINT('',(104.59638563256,1.614584657728,
    73.971837788961));
#6105 = CARTESIAN_POINT('',(105.3688553839,1.656251317545,
    74.485896915945));
#6106 = CARTESIAN_POINT('',(106.21976182613,1.697917880702,
    74.835444124226));
#6107 = CARTESIAN_POINT('',(108.00000925671,1.781251048877,
    75.184990598359));
#6108 = CARTESIAN_POINT('',(109.78024265361,1.864584448662,
    74.835441305004));
#6109 = CARTESIAN_POINT('',(110.63113592508,1.906251252118,
    74.485893304368));
#6110 = CARTESIAN_POINT('',(111.40358780659,1.94791811652,
    73.971841121512));
#6111 = CARTESIAN_POINT('',(112.06161720944,1.989584981232,
    73.313813214088));
#6112 = CARTESIAN_POINT('',(112.57568081826,2.031251262058,
    72.541351076019));
#6113 = CARTESIAN_POINT('',(112.92526779444,2.072917144183,
    71.690443535946));
#6114 = CARTESIAN_POINT('',(113.10001047861,2.114584576666,
    70.800323607498));
#6115 = CARTESIAN_POINT('',(113.10001160036,2.156251374939,
    69.910207678026));
#6116 = CARTESIAN_POINT('',(111.96508916525,9.893284925724E-04,
    69.91020710285));
#6117 = CARTESIAN_POINT('',(111.9650910489,4.265463330915E-02,
    69.218129127622));
#6118 = CARTESIAN_POINT('',(111.82924237239,8.431337536354E-02,
    68.526164575544));
#6119 = CARTESIAN_POINT('',(111.55746995506,0.125988160097,
    67.864600935877));
#6120 = CARTESIAN_POINT('',(111.1577630212,0.167658820209,
    67.264001859348));
#6121 = CARTESIAN_POINT('',(110.64616644553,0.209323436687,
    66.752427295497));
#6122 = CARTESIAN_POINT('',(110.04561752454,0.250988057667,
    66.35275959821));
#6123 = CARTESIAN_POINT('',(109.38407995857,0.292653308713,
    66.080996871566));
#6124 = CARTESIAN_POINT('',(108.00000898637,0.375985954396,
    65.809232416906));
#6125 = CARTESIAN_POINT('',(106.61592038167,0.459320996802,
    66.080997181427));
#6126 = CARTESIAN_POINT('',(105.95436554971,0.500988734581,
    66.352762141386));
#6127 = CARTESIAN_POINT('',(105.35379962359,0.542655472134,
    66.752427639634));
#6128 = CARTESIAN_POINT('',(104.84221177234,0.584321304242,
    67.264017092287));
#6129 = CARTESIAN_POINT('',(104.44255259258,0.625987227294,
    67.864577836907));
#6130 = CARTESIAN_POINT('',(104.17079285387,0.667653845235,
    68.526125607546));
#6131 = CARTESIAN_POINT('',(103.89903367067,0.750987549924,
    69.910208318045));
#6132 = CARTESIAN_POINT('',(104.17079437033,0.834321254614,
    71.294290730794));
#6133 = CARTESIAN_POINT('',(104.44255430027,0.875987872554,
    71.955838077888));
#6134 = CARTESIAN_POINT('',(104.84221102837,0.917653795607,
    72.55639926478));
#6135 = CARTESIAN_POINT('',(105.35379773368,0.959319627717,
    73.067990764495));
#6136 = CARTESIAN_POINT('',(105.95436525801,1.000986365268,
    73.467656925151));
#6137 = CARTESIAN_POINT('',(106.61592129848,1.042654103045,
    73.739418657225));
#6138 = CARTESIAN_POINT('',(108.00001026904,1.125989145455,
    74.011178284673));
#6139 = CARTESIAN_POINT('',(109.38408087538,1.209321791138,
    73.739415240358));
#6140 = CARTESIAN_POINT('',(110.0456194436,1.250987042131,
    73.467656333384));
#6141 = CARTESIAN_POINT('',(110.64616777061,1.292651663311,
    73.067993132682));
#6142 = CARTESIAN_POINT('',(111.15777749531,1.334316279452,
    72.556425919875));
#6143 = CARTESIAN_POINT('',(111.55747351073,1.375986939879,
    71.955802372894));
#6144 = CARTESIAN_POINT('',(111.82922121435,1.41766172445,
    71.294248726581));
#6145 = CARTESIAN_POINT('',(111.96509246355,1.459320466538,
    70.602284908237));
#6146 = CARTESIAN_POINT('',(111.96509431758,1.500985771361,
    69.91020693301));
#6147 = ADVANCED_FACE('',(#6148),#6193,.F.);
#6148 = FACE_BOUND('',#6149,.F.);
#6149 = EDGE_LOOP('',(#6150,#6186,#6187,#6188));
#6150 = ORIENTED_EDGE('',*,*,#6151,.F.);
#6151 = EDGE_CURVE('',#4767,#6152,#6154,.T.);
#6152 = VERTEX_POINT('',#6153);
#6153 = CARTESIAN_POINT('',(113.1000090225,2.343751374921,
    69.910207678025));
#6154 = B_SPLINE_CURVE_WITH_KNOTS('',9,(#6155,#6156,#6157,#6158,#6159,
    #6160,#6161,#6162,#6163,#6164,#6165,#6166,#6167,#6168,#6169,#6170,
    #6171,#6172,#6173,#6174,#6175,#6176,#6177,#6178,#6179,#6180,#6181,
    #6182,#6183,#6184,#6185),.UNSPECIFIED.,.F.,.F.,(10,7,7,7,10),(0.,
    1.614938419963,3.229876839926,4.844815259889,6.459753679852),
  .UNSPECIFIED.);
#6155 = CARTESIAN_POINT('',(113.10000676688,0.84375103118,
    69.910207661612));
#6156 = CARTESIAN_POINT('',(113.10000763903,0.885417829446,
    69.020092125736));
#6157 = CARTESIAN_POINT('',(112.92527644981,0.927085261895,
    68.129972199699));
#6158 = CARTESIAN_POINT('',(112.57567738175,0.96875114412,
    67.279059987326));
#6159 = CARTESIAN_POINT('',(112.06160864489,1.010417424798,
    66.506610362542));
#6160 = CARTESIAN_POINT('',(111.40358620348,1.052084289673,65.8485789767
    ));
#6161 = CARTESIAN_POINT('',(110.63113443798,1.09375115397,
    65.334524663918));
#6162 = CARTESIAN_POINT('',(109.78024209294,1.135417957449,
    64.984974788382));
#6163 = CARTESIAN_POINT('',(108.000009349,1.218751357233,64.635424696249
    ));
#6164 = CARTESIAN_POINT('',(106.21976284018,1.30208452541,
    64.984973338271));
#6165 = CARTESIAN_POINT('',(105.36885733029,1.343751088571,
    65.33452188855));
#6166 = CARTESIAN_POINT('',(104.5963886487,1.385417748388,
    65.848580349257));
#6167 = CARTESIAN_POINT('',(103.93836469173,1.427084495701,
    66.506606199608));
#6168 = CARTESIAN_POINT('',(103.42431203336,1.468751234227,
    67.279071279626));
#6169 = CARTESIAN_POINT('',(103.07476905136,1.510417905602,
    68.129970371584));
#6170 = CARTESIAN_POINT('',(102.72522570381,1.593751203049,
    69.91020759274));
#6171 = CARTESIAN_POINT('',(103.07476949346,1.677084500497,
    71.690444727091));
#6172 = CARTESIAN_POINT('',(103.42431245317,1.718751171872,
    72.541343677172));
#6173 = CARTESIAN_POINT('',(103.938363942,1.760417910398,73.313809014854
    ));
#6174 = CARTESIAN_POINT('',(104.59638731532,1.802084657711,
    73.971835843361));
#6175 = CARTESIAN_POINT('',(105.36885663254,1.843751317529,
    74.485894690301));
#6176 = CARTESIAN_POINT('',(106.21976262796,1.885417880688,
    74.835441933457));
#6177 = CARTESIAN_POINT('',(108.0000092534,1.968751048867,
    75.184988548316));
#6178 = CARTESIAN_POINT('',(109.78024188071,2.052084448651,
    74.835439295399));
#6179 = CARTESIAN_POINT('',(110.63113470807,2.093751252106,
    74.485891198074));
#6180 = CARTESIAN_POINT('',(111.40358627758,2.135418116491,
    73.971838950078));
#6181 = CARTESIAN_POINT('',(112.06161455746,2.17708498122,
    73.313810864403));
#6182 = CARTESIAN_POINT('',(112.57567861058,2.218751262035,
    72.541350590788));
#6183 = CARTESIAN_POINT('',(112.92526696528,2.260417144188,
    71.690442796953));
#6184 = CARTESIAN_POINT('',(113.10000814748,2.302084576652,70.8003232139
    ));
#6185 = CARTESIAN_POINT('',(113.1000090225,2.343751374921,
    69.910207678025));
#6186 = ORIENTED_EDGE('',*,*,#4804,.T.);
#6187 = ORIENTED_EDGE('',*,*,#6043,.T.);
#6188 = ORIENTED_EDGE('',*,*,#6189,.F.);
#6189 = EDGE_CURVE('',#6152,#6044,#6190,.T.);
#6190 = B_SPLINE_CURVE_WITH_KNOTS('',1,(#6191,#6192),.UNSPECIFIED.,.F.,
  .F.,(2,2),(0.,0.1875),.PIECEWISE_BEZIER_KNOTS.);
#6191 = CARTESIAN_POINT('',(113.1000090225,2.343751374921,
    69.910207678025));
#6192 = CARTESIAN_POINT('',(113.10001160036,2.156251374939,
    69.910207678026));
#6193 = B_SPLINE_SURFACE_WITH_KNOTS('',1,11,(
    (#6194,#6195,#6196,#6197,#6198,#6199,#6200,#6201,#6202,#6203,#6204
      ,#6205,#6206,#6207,#6208,#6209,#6210,#6211,#6212,#6213,#6214,#6215
      ,#6216,#6217,#6218,#6219,#6220,#6221,#6222,#6223)
    ,(#6224,#6225,#6226,#6227,#6228,#6229,#6230,#6231,#6232,#6233,#6234
      ,#6235,#6236,#6237,#6238,#6239,#6240,#6241,#6242,#6243,#6244,#6245
      ,#6246,#6247,#6248,#6249,#6250,#6251,#6252,#6253
  )),.UNSPECIFIED.,.F.,.F.,.F.,(2,2),(12,9,9,12),(0.,0.1875),(0.,
    1.614938419963,3.229876839926,6.459753679852),.UNSPECIFIED.);
#6194 = CARTESIAN_POINT('',(113.10000676688,0.84375103118,
    69.910207661612));
#6195 = CARTESIAN_POINT('',(113.10000748046,0.877842047943,
    69.181931314077));
#6196 = CARTESIAN_POINT('',(112.9856381175,0.911933479808,
    68.453652092983));
#6197 = CARTESIAN_POINT('',(112.75682953457,0.946024214713,
    67.74533252391));
#6198 = CARTESIAN_POINT('',(112.41753467146,0.98011471868,
    67.076951462851));
#6199 = CARTESIAN_POINT('',(111.97561502212,1.014205427825,
    66.467592643634));
#6200 = CARTESIAN_POINT('',(111.44260109377,1.048296392759,
    65.934577661426));
#6201 = CARTESIAN_POINT('',(110.83324594716,1.082387457074,
    65.492667233284));
#6202 = CARTESIAN_POINT('',(110.1648718483,1.116478495672,
    65.153394267961));
#6203 = CARTESIAN_POINT('',(109.45656334965,1.15056948363,
    64.924597947695));
#6204 = CARTESIAN_POINT('',(108.00000816021,1.218751337231,
    64.695801405107));
#6205 = CARTESIAN_POINT('',(106.54344396104,1.286933039234,
    64.92459676124));
#6206 = CARTESIAN_POINT('',(105.83512675811,1.321023871162,
    65.153392182719));
#6207 = CARTESIAN_POINT('',(105.1667407984,1.355114733606,
    65.492666186247));
#6208 = CARTESIAN_POINT('',(104.55737642072,1.389205650422,
    65.934576770129));
#6209 = CARTESIAN_POINT('',(104.0243616512,1.423296607978,
    66.467592800429));
#6210 = CARTESIAN_POINT('',(103.58245472306,1.457387570943,
    67.076955422738));
#6211 = CARTESIAN_POINT('',(103.24318520544,1.491478508285,
    67.745337303529));
#6212 = CARTESIAN_POINT('',(103.01439338424,1.525569414229,
    68.453649865945));
#6213 = CARTESIAN_POINT('',(102.67120542454,1.62784209746,
    70.638486444893));
#6214 = CARTESIAN_POINT('',(103.35758215782,1.73011478069,
    72.823322895998));
#6215 = CARTESIAN_POINT('',(104.27275293534,1.798296766969,
    74.120152509437));
#6216 = CARTESIAN_POINT('',(105.58277552592,1.866478303653,
    75.097530852911));
#6217 = CARTESIAN_POINT('',(107.16231651576,1.934662054689,
    75.623873648152));
#6218 = CARTESIAN_POINT('',(108.83773755973,2.002839490498,
    75.623846837088));
#6219 = CARTESIAN_POINT('',(110.41726071285,2.071023217082,
    75.097508584525));
#6220 = CARTESIAN_POINT('',(111.72706504574,2.139209275787,
    74.120180009372));
#6221 = CARTESIAN_POINT('',(112.64250426364,2.207385647423,
    72.823323664411));
#6222 = CARTESIAN_POINT('',(113.10000759065,2.275569341389,
    71.366760373094));
#6223 = CARTESIAN_POINT('',(113.1000090225,2.343751374921,
    69.910207678025));
#6224 = CARTESIAN_POINT('',(113.10000870027,0.65625103119,
    69.910207661613));
#6225 = CARTESIAN_POINT('',(113.10000961573,0.690342047955,
    69.181930992044));
#6226 = CARTESIAN_POINT('',(112.9856411751,0.72443347983,68.45365141706)
  );
#6227 = CARTESIAN_POINT('',(112.75683212935,0.758524214737,
    67.745331199806));
#6228 = CARTESIAN_POINT('',(112.41753635204,0.792614718689,
    67.076950181427));
#6229 = CARTESIAN_POINT('',(111.97561627385,0.82670542783,
    66.467591560537));
#6230 = CARTESIAN_POINT('',(111.44260236043,0.860796392766,
    65.934576352972));
#6231 = CARTESIAN_POINT('',(110.83324716567,0.894887457088,
    65.492665446323));
#6232 = CARTESIAN_POINT('',(110.16487278526,0.928978495684,
    65.153392120215));
#6233 = CARTESIAN_POINT('',(109.45656400526,0.963069483646,
    64.924595555042));
#6234 = CARTESIAN_POINT('',(108.00000815997,1.031251337248,
    64.695798851363));
#6235 = CARTESIAN_POINT('',(106.54344332823,1.099433039248,
    64.924594516812));
#6236 = CARTESIAN_POINT('',(105.83512585051,1.133523871173,
    65.153390179718));
#6237 = CARTESIAN_POINT('',(105.16673965789,1.167614733619,
    65.492664393577));
#6238 = CARTESIAN_POINT('',(104.55737503656,1.201705650431,
    65.934575133052));
#6239 = CARTESIAN_POINT('',(104.02435998124,1.235796607993,
    66.467591320573));
#6240 = CARTESIAN_POINT('',(103.58245276362,1.269887570955,
    67.076954161858));
#6241 = CARTESIAN_POINT('',(103.24318303481,1.3039785083,67.745336333379
    ));
#6242 = CARTESIAN_POINT('',(103.01439112285,1.338069414243,
    68.453649221922));
#6243 = CARTESIAN_POINT('',(102.67120309591,1.440342097473,
    70.638486780445));
#6244 = CARTESIAN_POINT('',(103.35758021729,1.542614780703,
    72.823324171285));
#6245 = CARTESIAN_POINT('',(104.27275180568,1.61079676698,
    74.120154905183));
#6246 = CARTESIAN_POINT('',(105.58277135976,1.678978303684,
    75.097529958486));
#6247 = CARTESIAN_POINT('',(107.1623202578,1.747162054696,
    75.623886656121));
#6248 = CARTESIAN_POINT('',(108.83773733815,1.815339490514,
    75.623833179074));
#6249 = CARTESIAN_POINT('',(110.41725638493,1.883523217028,
    75.097521918847));
#6250 = CARTESIAN_POINT('',(111.72707428069,1.951709275906,
    74.120179354003));
#6251 = CARTESIAN_POINT('',(112.64250274757,2.019885647388,
    72.823324826347));
#6252 = CARTESIAN_POINT('',(113.10000976477,2.088069341401,
    71.366761017162));
#6253 = CARTESIAN_POINT('',(113.10001160036,2.156251374939,
    69.910207678026));
#6254 = ADVANCED_FACE('',(#6255),#6362,.F.);
#6255 = FACE_BOUND('',#6256,.F.);
#6256 = EDGE_LOOP('',(#6257,#6355,#6356,#6357));
#6257 = ORIENTED_EDGE('',*,*,#6258,.F.);
#6258 = EDGE_CURVE('',#4874,#6259,#6261,.T.);
#6259 = VERTEX_POINT('',#6260);
#6260 = CARTESIAN_POINT('',(112.49999999999,2.690155746629,
    69.910207448265));
#6261 = B_SPLINE_CURVE_WITH_KNOTS('',8,(#6262,#6263,#6264,#6265,#6266,
    #6267,#6268,#6269,#6270,#6271,#6272,#6273,#6274,#6275,#6276,#6277,
    #6278,#6279,#6280,#6281,#6282,#6283,#6284,#6285,#6286,#6287,#6288,
    #6289,#6290,#6291,#6292,#6293,#6294,#6295,#6296,#6297,#6298,#6299,
    #6300,#6301,#6302,#6303,#6304,#6305,#6306,#6307,#6308,#6309,#6310,
    #6311,#6312,#6313,#6314,#6315,#6316,#6317,#6318,#6319,#6320,#6321,
    #6322,#6323,#6324,#6325,#6326,#6327,#6328,#6329,#6330,#6331,#6332,
    #6333,#6334,#6335,#6336,#6337,#6338,#6339,#6340,#6341,#6342,#6343,
    #6344,#6345,#6346,#6347,#6348,#6349,#6350,#6351,#6352,#6353,#6354),
  .UNSPECIFIED.,.F.,.F.,(9,7,7,7,7,7,7,7,7,7,7,7,7,9),(0.,
    4.493315952316E-02,0.13459998273,0.219567595012,0.27215310443,
    0.376942720301,0.500692543959,0.523791697468,0.626789264376,
    0.736609926065,0.786613520074,0.869403895058,0.954895983117,1.),
  .UNSPECIFIED.);
#6262 = CARTESIAN_POINT('',(112.49999999999,1.190156854707,
    69.910207284152));
#6263 = CARTESIAN_POINT('',(112.49999999999,1.19858085316,
    69.751413097884));
#6264 = CARTESIAN_POINT('',(112.49359593319,1.207005848741,
    69.592617556333));
#6265 = CARTESIAN_POINT('',(112.48078794866,1.21543116457,
    69.434124120014));
#6266 = CARTESIAN_POINT('',(112.46159308993,1.223856441381,
    69.276234209508));
#6267 = CARTESIAN_POINT('',(112.43604527609,1.232281535881,
    69.119247035161));
#6268 = CARTESIAN_POINT('',(112.40419528299,1.240706419107,
    68.963459426792));
#6269 = CARTESIAN_POINT('',(112.36611072435,1.249131074793,
    68.809165663386));
#6270 = CARTESIAN_POINT('',(112.23360304492,1.274366640981,
    68.352317693679));
#6271 = CARTESIAN_POINT('',(112.12082321299,1.291179496005,
    68.055033844971));
#6272 = CARTESIAN_POINT('',(111.9842117636,1.307990430115,
    67.767181616479));
#6273 = CARTESIAN_POINT('',(111.82471203496,1.324799812004,
    67.490981944521));
#6274 = CARTESIAN_POINT('',(111.64349450755,1.341609620875,
    67.228519300096));
#6275 = CARTESIAN_POINT('',(111.44194099299,1.358421462271,
    66.981744403059));
#6276 = CARTESIAN_POINT('',(111.22165398128,1.375234890599,
    66.752461192296));
#6277 = CARTESIAN_POINT('',(110.75975741469,1.407976156472,
    66.343149029013));
#6278 = CARTESIAN_POINT('',(110.51980767713,1.423908581378,
    66.161112929012));
#6279 = CARTESIAN_POINT('',(110.26620345842,1.439840301417,
    65.997586432545));
#6280 = CARTESIAN_POINT('',(110.00062328306,1.455770934333,
    65.853749213871));
#6281 = CARTESIAN_POINT('',(109.72484433229,1.471701465513,
    65.730591029953));
#6282 = CARTESIAN_POINT('',(109.44073365417,1.487632949417,
    65.628919430371));
#6283 = CARTESIAN_POINT('',(109.15024892699,1.503565174203,
    65.549348088054));
#6284 = CARTESIAN_POINT('',(108.67300024414,1.529354260619,
    65.456938127778));
#6285 = CARTESIAN_POINT('',(108.48888098367,1.53921337177,
    65.430221108467));
#6286 = CARTESIAN_POINT('',(108.30356996417,1.549072377921,
    65.412207127838));
#6287 = CARTESIAN_POINT('',(108.11754779549,1.558931275765,
    65.402956685704));
#6288 = CARTESIAN_POINT('',(107.93129632308,1.568790182008,
    65.402498337367));
#6289 = CARTESIAN_POINT('',(107.74529822323,1.578649211603,
    65.410828684203));
#6290 = CARTESIAN_POINT('',(107.5600365984,1.588508355988,65.42791236426
    ));
#6291 = CARTESIAN_POINT('',(107.0092453784,1.618013864559,
    65.505034492396));
#6292 = CARTESIAN_POINT('',(106.64721846191,1.637666139052,
    65.590895698336));
#6293 = CARTESIAN_POINT('',(106.29386748277,1.657316093359,
    65.710745263556));
#6294 = CARTESIAN_POINT('',(105.95290097556,1.676963067803,
    65.863511647416));
#6295 = CARTESIAN_POINT('',(105.62781905654,1.696610091811,
    66.04767861101));
#6296 = CARTESIAN_POINT('',(105.32191687066,1.716260154944,
    66.26132506245));
#6297 = CARTESIAN_POINT('',(105.03825477885,1.735912491623,
    66.502098302171));
#6298 = CARTESIAN_POINT('',(104.47413499331,1.778760005153,
    67.080095105601));
#6299 = CARTESIAN_POINT('',(104.20326290476,1.801973894333,
    67.427174207686));
#6300 = CARTESIAN_POINT('',(103.97171268744,1.825180201361,
    67.803645319362));
#6301 = CARTESIAN_POINT('',(103.78307258047,1.848380695325,
    68.204230014407));
#6302 = CARTESIAN_POINT('',(103.64011870796,1.871581227586,
    68.623297324994));
#6303 = CARTESIAN_POINT('',(103.54477115208,1.894787445094,
    69.054869947232));
#6304 = CARTESIAN_POINT('',(103.49812119831,1.918001310686,
    69.492659277644));
#6305 = CARTESIAN_POINT('',(103.50040228171,1.94553323489,
    70.011618430726));
#6306 = CARTESIAN_POINT('',(103.50245348818,1.949863992506,
    70.093242727296));
#6307 = CARTESIAN_POINT('',(103.50619690572,1.954194769121,
    70.174818646475));
#6308 = CARTESIAN_POINT('',(103.51163116567,1.958525562628,
    70.256305222172));
#6309 = CARTESIAN_POINT('',(103.51875371466,1.962856371487,
    70.337661594962));
#6310 = CARTESIAN_POINT('',(103.52756081464,1.967187194727,
    70.418847012086));
#6311 = CARTESIAN_POINT('',(103.53804754284,1.971518031944,
    70.499820827445));
#6312 = CARTESIAN_POINT('',(103.60442952133,1.995159857291,
    70.940475000106));
#6313 = CARTESIAN_POINT('',(103.69193975671,2.014476280187,
    71.295493916472));
#6314 = CARTESIAN_POINT('',(103.81220462553,2.033790574744,
    71.641855625373));
#6315 = CARTESIAN_POINT('',(103.96418010042,2.053102016225,
    71.976047509034));
#6316 = CARTESIAN_POINT('',(104.14640777812,2.07241332536,
    72.294753999891));
#6317 = CARTESIAN_POINT('',(104.35705087986,2.091727255861,
    72.594853217816));
#6318 = CARTESIAN_POINT('',(104.59387047285,2.111043176514,
    72.873444201923));
#6319 = CARTESIAN_POINT('',(105.13165508806,2.150943345252,
    73.399222061879));
#6320 = CARTESIAN_POINT('',(105.43600907868,2.171539978372,
    73.643280924721));
#6321 = CARTESIAN_POINT('',(105.76394121758,2.192132588389,
    73.856829736927));
#6322 = CARTESIAN_POINT('',(106.11183767748,2.212721841594,
    74.037266931669));
#6323 = CARTESIAN_POINT('',(106.47582928212,2.233311202798,
    74.182524145739));
#6324 = CARTESIAN_POINT('',(106.85182126151,2.253904063437,
    74.291026171743));
#6325 = CARTESIAN_POINT('',(107.23548237257,2.274500916751,
    74.361739543694));
#6326 = CARTESIAN_POINT('',(107.79830781573,2.30446560941,
    74.409156904668));
#6327 = CARTESIAN_POINT('',(107.97506529533,2.313840720817,
    74.41608943554));
#6328 = CARTESIAN_POINT('',(108.15207363528,2.323215794282,
    74.415084253597));
#6329 = CARTESIAN_POINT('',(108.32891653757,2.332590799669,
    74.406132514017));
#6330 = CARTESIAN_POINT('',(108.50517931875,2.341965797933,
    74.389251458686));
#6331 = CARTESIAN_POINT('',(108.68044921318,2.351340849984,
    74.36448438958));
#6332 = CARTESIAN_POINT('',(108.85431567622,2.360715925556,
    74.331900642135));
#6333 = CARTESIAN_POINT('',(109.3112401892,2.385612703752,
    74.224862895839));
#6334 = CARTESIAN_POINT('',(109.59118394864,2.40113622621,
    74.136954818452));
#6335 = CARTESIAN_POINT('',(109.86431578584,2.416658787605,
    74.028304617145));
#6336 = CARTESIAN_POINT('',(110.12884664712,2.432180192049,
    73.89954404848));
#6337 = CARTESIAN_POINT('',(110.38307493691,2.447701497343,
    73.751476987246));
#6338 = CARTESIAN_POINT('',(110.62538557108,2.463223832911,
    73.585069432172));
#6339 = CARTESIAN_POINT('',(110.85425775164,2.478747177929,
    73.401455864984));
#6340 = CARTESIAN_POINT('',(111.28928944804,2.510297550995,
    72.995957940588));
#6341 = CARTESIAN_POINT('',(111.49451944317,2.526328447889,
    72.772968561824));
#6342 = CARTESIAN_POINT('',(111.68240297387,2.54235887729,
    72.534442065618));
#6343 = CARTESIAN_POINT('',(111.85158201701,2.558388751945,
    72.281967209867));
#6344 = CARTESIAN_POINT('',(112.00088284812,2.574419084462,
    72.017251674136));
#6345 = CARTESIAN_POINT('',(112.12930894146,2.590450529906,
    71.742112211691));
#6346 = CARTESIAN_POINT('',(112.2360529228,2.60648219691,71.458476550724
    ));
#6347 = CARTESIAN_POINT('',(112.36509481185,2.630967078326,
    71.015356556095));
#6348 = CARTESIAN_POINT('',(112.40346702113,2.639423217944,
    70.860510297632));
#6349 = CARTESIAN_POINT('',(112.43555846904,2.647878990453,
    70.704153107615));
#6350 = CARTESIAN_POINT('',(112.46130049388,2.656334365711,
    70.546582592934));
#6351 = CARTESIAN_POINT('',(112.48064153014,2.664789440222,
    70.388098967631));
#6352 = CARTESIAN_POINT('',(112.49354713251,2.673244438213,
    70.229004891399));
#6353 = CARTESIAN_POINT('',(112.49999999999,2.681699712713,
    70.069605308078));
#6354 = CARTESIAN_POINT('',(112.49999999999,2.690155746629,
    69.910207284152));
#6355 = ORIENTED_EDGE('',*,*,#4966,.T.);
#6356 = ORIENTED_EDGE('',*,*,#6151,.T.);
#6357 = ORIENTED_EDGE('',*,*,#6358,.F.);
#6358 = EDGE_CURVE('',#6259,#6152,#6359,.T.);
#6359 = B_SPLINE_CURVE_WITH_KNOTS('',1,(#6360,#6361),.UNSPECIFIED.,.F.,
  .F.,(2,2),(0.,1.3105),.PIECEWISE_BEZIER_KNOTS.);
#6360 = CARTESIAN_POINT('',(111.96507372218,2.998985771219,
    69.910206933003));
#6361 = CARTESIAN_POINT('',(113.1000090225,2.343751374921,
    69.910207678025));
#6362 = B_SPLINE_SURFACE_WITH_KNOTS('',1,9,(
    (#6363,#6364,#6365,#6366,#6367,#6368,#6369,#6370,#6371,#6372,#6373
      ,#6374,#6375,#6376,#6377,#6378,#6379,#6380,#6381,#6382,#6383,#6384
      ,#6385,#6386,#6387,#6388,#6389,#6390,#6391,#6392,#6393)
    ,(#6394,#6395,#6396,#6397,#6398,#6399,#6400,#6401,#6402,#6403,#6404
      ,#6405,#6406,#6407,#6408,#6409,#6410,#6411,#6412,#6413,#6414,#6415
      ,#6416,#6417,#6418,#6419,#6420,#6421,#6422,#6423,#6424
  )),.UNSPECIFIED.,.F.,.F.,.F.,(2,2),(10,7,7,7,10),(0.,1.3105),(0.,
    1.614938419963,3.229876839926,4.844815259889,6.459753679852),
  .UNSPECIFIED.);
#6363 = CARTESIAN_POINT('',(111.9650737187,1.498989328413,
    69.910207102846));
#6364 = CARTESIAN_POINT('',(111.96507363112,1.540654633209,
    69.218132272194));
#6365 = CARTESIAN_POINT('',(111.82921418947,1.582313375142,
    68.526171253532));
#6366 = CARTESIAN_POINT('',(111.55745525743,1.623988159935,
    67.864615654558));
#6367 = CARTESIAN_POINT('',(111.15775550512,1.665658820274,
    67.264007139579));
#6368 = CARTESIAN_POINT('',(110.6461546077,1.707323436549,
    66.752438650983));
#6369 = CARTESIAN_POINT('',(110.04560865322,1.748988057593,
    66.352775106777));
#6370 = CARTESIAN_POINT('',(109.38407355245,1.790653308588,
    66.081015622966));
#6371 = CARTESIAN_POINT('',(108.00000901287,1.873985954259,
    65.809253315503));
#6372 = CARTESIAN_POINT('',(106.61592655654,1.957320996697,
    66.081014485454));
#6373 = CARTESIAN_POINT('',(105.95437416808,1.998988734493,
    66.352776696557));
#6374 = CARTESIAN_POINT('',(105.35381023285,2.040655472047,
    66.752440799357));
#6375 = CARTESIAN_POINT('',(104.84222535605,2.082321304141,
    67.264029026291));
#6376 = CARTESIAN_POINT('',(104.44256930771,2.12398722718,
    67.864587322162));
#6377 = CARTESIAN_POINT('',(104.17081080765,2.16565384512,
    68.526131915235));
#6378 = CARTESIAN_POINT('',(103.89905230919,2.248987549816,
    69.910208227262));
#6379 = CARTESIAN_POINT('',(104.17081122339,2.332321254512,
    71.294284457659));
#6380 = CARTESIAN_POINT('',(104.4425699218,2.373987872452,
    71.955828969017));
#6381 = CARTESIAN_POINT('',(104.84222614845,2.415653795491,
    72.556387145433));
#6382 = CARTESIAN_POINT('',(105.35381117778,2.457319627586,
    73.067975220449));
#6383 = CARTESIAN_POINT('',(105.95437523384,2.498986365139,
    73.46763914374));
#6384 = CARTESIAN_POINT('',(106.61592770455,2.540654102935,
    73.739401154438));
#6385 = CARTESIAN_POINT('',(108.00001024255,2.623989145373,
    74.011161906196));
#6386 = CARTESIAN_POINT('',(109.38407470045,2.707321791044,
    73.739399184959));
#6387 = CARTESIAN_POINT('',(110.04560972047,2.74898704204,
    73.467639505499));
#6388 = CARTESIAN_POINT('',(110.6461555548,2.790651663084,
    73.067975784371));
#6389 = CARTESIAN_POINT('',(111.15775630778,2.832316279357,
    72.556407147457));
#6390 = CARTESIAN_POINT('',(111.55745587282,2.873986939696,
    71.955798496225));
#6391 = CARTESIAN_POINT('',(111.82921458994,2.91566172449,
    71.294242822519));
#6392 = CARTESIAN_POINT('',(111.9650738394,2.957320466423,
    70.602281763655));
#6393 = CARTESIAN_POINT('',(111.96507372218,2.998985771219,
    69.910206933003));
#6394 = CARTESIAN_POINT('',(113.10000676688,0.84375103118,
    69.910207661612));
#6395 = CARTESIAN_POINT('',(113.10000763903,0.885417829446,
    69.020092125736));
#6396 = CARTESIAN_POINT('',(112.92527644981,0.927085261895,
    68.129972199699));
#6397 = CARTESIAN_POINT('',(112.57567738175,0.96875114412,
    67.279059987326));
#6398 = CARTESIAN_POINT('',(112.06160864489,1.010417424798,
    66.506610362542));
#6399 = CARTESIAN_POINT('',(111.40358620348,1.052084289673,65.8485789767
    ));
#6400 = CARTESIAN_POINT('',(110.63113443798,1.09375115397,
    65.334524663918));
#6401 = CARTESIAN_POINT('',(109.78024209294,1.135417957449,
    64.984974788382));
#6402 = CARTESIAN_POINT('',(108.000009349,1.218751357233,64.635424696249
    ));
#6403 = CARTESIAN_POINT('',(106.21976284018,1.30208452541,
    64.984973338271));
#6404 = CARTESIAN_POINT('',(105.36885733029,1.343751088571,
    65.33452188855));
#6405 = CARTESIAN_POINT('',(104.5963886487,1.385417748388,
    65.848580349257));
#6406 = CARTESIAN_POINT('',(103.93836469173,1.427084495701,
    66.506606199608));
#6407 = CARTESIAN_POINT('',(103.42431203336,1.468751234227,
    67.279071279626));
#6408 = CARTESIAN_POINT('',(103.07476905136,1.510417905602,
    68.129970371584));
#6409 = CARTESIAN_POINT('',(102.72522570381,1.593751203049,
    69.91020759274));
#6410 = CARTESIAN_POINT('',(103.07476949346,1.677084500497,
    71.690444727091));
#6411 = CARTESIAN_POINT('',(103.42431245317,1.718751171872,
    72.541343677172));
#6412 = CARTESIAN_POINT('',(103.938363942,1.760417910398,73.313809014854
    ));
#6413 = CARTESIAN_POINT('',(104.59638731532,1.802084657711,
    73.971835843361));
#6414 = CARTESIAN_POINT('',(105.36885663254,1.843751317529,
    74.485894690301));
#6415 = CARTESIAN_POINT('',(106.21976262796,1.885417880688,
    74.835441933457));
#6416 = CARTESIAN_POINT('',(108.0000092534,1.968751048867,
    75.184988548316));
#6417 = CARTESIAN_POINT('',(109.78024188071,2.052084448651,
    74.835439295399));
#6418 = CARTESIAN_POINT('',(110.63113470807,2.093751252106,
    74.485891198074));
#6419 = CARTESIAN_POINT('',(111.40358627758,2.135418116491,
    73.971838950078));
#6420 = CARTESIAN_POINT('',(112.06161455746,2.17708498122,
    73.313810864403));
#6421 = CARTESIAN_POINT('',(112.57567861058,2.218751262035,
    72.541350590788));
#6422 = CARTESIAN_POINT('',(112.92526696528,2.260417144188,
    71.690442796953));
#6423 = CARTESIAN_POINT('',(113.10000814748,2.302084576652,70.8003232139
    ));
#6424 = CARTESIAN_POINT('',(113.1000090225,2.343751374921,
    69.910207678025));
#6425 = ADVANCED_FACE('',(#6426),#6527,.F.);
#6426 = FACE_BOUND('',#6427,.F.);
#6427 = EDGE_LOOP('',(#6428,#6429,#6430,#6438));
#6428 = ORIENTED_EDGE('',*,*,#5039,.F.);
#6429 = ORIENTED_EDGE('',*,*,#6258,.T.);
#6430 = ORIENTED_EDGE('',*,*,#6431,.T.);
#6431 = EDGE_CURVE('',#6259,#6432,#6434,.T.);
#6432 = VERTEX_POINT('',#6433);
#6433 = CARTESIAN_POINT('',(112.5,3.309819436282,69.910207407233));
#6434 = LINE('',#6435,#6436);
#6435 = CARTESIAN_POINT('',(112.5,-3.,69.910207612377));
#6436 = VECTOR('',#6437,1.);
#6437 = DIRECTION('',(0.,1.,-2.2E-16));
#6438 = ORIENTED_EDGE('',*,*,#6439,.F.);
#6439 = EDGE_CURVE('',#5040,#6432,#6440,.T.);
#6440 = B_SPLINE_CURVE_WITH_KNOTS('',7,(#6441,#6442,#6443,#6444,#6445,
    #6446,#6447,#6448,#6449,#6450,#6451,#6452,#6453,#6454,#6455,#6456,
    #6457,#6458,#6459,#6460,#6461,#6462,#6463,#6464,#6465,#6466,#6467,
    #6468,#6469,#6470,#6471,#6472,#6473,#6474,#6475,#6476,#6477,#6478,
    #6479,#6480,#6481,#6482,#6483,#6484,#6485,#6486,#6487,#6488,#6489,
    #6490,#6491,#6492,#6493,#6494,#6495,#6496,#6497,#6498,#6499,#6500,
    #6501,#6502,#6503,#6504,#6505,#6506,#6507,#6508,#6509,#6510,#6511,
    #6512,#6513,#6514,#6515,#6516,#6517,#6518,#6519,#6520,#6521,#6522,
    #6523,#6524,#6525,#6526),.UNSPECIFIED.,.F.,.F.,(8,6,6,6,6,6,6,6,6,6,
    6,6,6,6,8),(0.,4.76661728479E-02,0.13243837332,0.226201019001,
    0.285126310258,0.3807712899,0.483688507458,0.505345593697,
    0.597345132338,0.629347003639,0.74527892022,0.801143983874,
    0.868488358121,0.958504330444,1.),.UNSPECIFIED.);
#6441 = CARTESIAN_POINT('',(112.5,1.809823521129,69.910207202089));
#6442 = CARTESIAN_POINT('',(112.5,1.820036469338,69.717685940639));
#6443 = CARTESIAN_POINT('',(112.49039049795,1.830247971452,
    69.525161948803));
#6444 = CARTESIAN_POINT('',(112.47117178468,1.840459218452,
    69.333215623891));
#6445 = CARTESIAN_POINT('',(112.44238695998,1.850670942575,
    69.142421798987));
#6446 = CARTESIAN_POINT('',(112.4041218369,1.860883466938,
    68.953349151728));
#6447 = CARTESIAN_POINT('',(112.35650484593,1.871096755161,
    68.766559613079));
#6448 = CARTESIAN_POINT('',(112.19869435037,1.899475089433,
    68.255457491777));
#6449 = CARTESIAN_POINT('',(112.06862630627,1.917644144395,
    67.937225515507));
#6450 = CARTESIAN_POINT('',(111.91047020394,1.935812228296,
    67.63109677185));
#6451 = CARTESIAN_POINT('',(111.72561485738,1.953978637448,
    67.340009606226));
#6452 = CARTESIAN_POINT('',(111.51579229774,1.972145180162,
    67.066691483271));
#6453 = CARTESIAN_POINT('',(111.28307145813,1.990312817286,
    66.813648977501));
#6454 = CARTESIAN_POINT('',(110.74992865836,2.028567833595,
    66.328125733689));
#6455 = CARTESIAN_POINT('',(110.44483658468,2.048662061341,
    66.100573865529));
#6456 = CARTESIAN_POINT('',(110.11797979396,2.068752620973,
    65.903528393103));
#6457 = CARTESIAN_POINT('',(109.77304065814,2.088841285413,
    65.739399069107));
#6458 = CARTESIAN_POINT('',(109.41396595375,2.108932471571,
    65.61006389817));
#6459 = CARTESIAN_POINT('',(109.04494810487,2.129027304731,
    65.516860130288));
#6460 = CARTESIAN_POINT('',(108.43513408905,2.161744134716,
    65.424975847072));
#6461 = CARTESIAN_POINT('',(108.19759861031,2.174370757244,
    65.404035700145));
#6462 = CARTESIAN_POINT('',(107.95895634379,2.186997131922,
    65.39778133406));
#6463 = CARTESIAN_POINT('',(107.72029525135,2.199623321938,
    65.406271470984));
#6464 = CARTESIAN_POINT('',(107.48270062013,2.212249685861,
    65.429467506911));
#6465 = CARTESIAN_POINT('',(107.2472534915,2.224876306643,
    65.467233566887));
#6466 = CARTESIAN_POINT('',(106.63809158623,2.257996571666,
    65.603882006382));
#6467 = CARTESIAN_POINT('',(106.26953301626,2.278495319192,
    65.726209196665));
#6468 = CARTESIAN_POINT('',(105.91406023475,2.298990280613,
    65.88528408083));
#6469 = CARTESIAN_POINT('',(105.57600565308,2.319482832954,
    66.07935840592));
#6470 = CARTESIAN_POINT('',(105.25939267311,2.33997767508,
    66.306122441969));
#6471 = CARTESIAN_POINT('',(104.96791539986,2.360476303767,
    66.562716509934));
#6472 = CARTESIAN_POINT('',(104.42174599527,2.403022736913,
    67.14997440256));
#6473 = CARTESIAN_POINT('',(104.17137237249,2.425082282418,
    67.484962658066));
#6474 = CARTESIAN_POINT('',(103.95785680913,2.447137167078,
    67.846168545735));
#6475 = CARTESIAN_POINT('',(103.78435124703,2.469189109768,
    68.228695154057));
#6476 = CARTESIAN_POINT('',(103.65324300095,2.491244302701,
    68.627279198951));
#6477 = CARTESIAN_POINT('',(103.56614004987,2.513304325392,
    69.036323445517));
#6478 = CARTESIAN_POINT('',(103.51466369534,2.539997696341,
    69.536831352006));
#6479 = CARTESIAN_POINT('',(103.50768785065,2.544638289187,
    69.62404702656));
#6480 = CARTESIAN_POINT('',(103.50269079185,2.549278864562,
    69.711411905997));
#6481 = CARTESIAN_POINT('',(103.4996762139,2.55391942125,69.798872122777
    ));
#6482 = CARTESIAN_POINT('',(103.49864597568,2.558559958132,
    69.88637374063));
#6483 = CARTESIAN_POINT('',(103.49960010003,2.563200474179,
    69.973862754556));
#6484 = CARTESIAN_POINT('',(103.51501179568,2.58755383879,
    70.432656129155));
#6485 = CARTESIAN_POINT('',(103.56326589432,2.60727031148,
    70.802901494128));
#6486 = CARTESIAN_POINT('',(103.64718020227,2.626983522646,
    71.167746831512));
#6487 = CARTESIAN_POINT('',(103.76597226255,2.646694639624,
    71.523109928409));
#6488 = CARTESIAN_POINT('',(103.91833299361,2.666407556378,
    71.865074721994));
#6489 = CARTESIAN_POINT('',(104.10243264482,2.686123539051,
    72.189909102436));
#6490 = CARTESIAN_POINT('',(104.39001370604,2.71269270313,72.59994797897
    ));
#6491 = CARTESIAN_POINT('',(104.46777802798,2.719549623098,
    72.703282722804));
#6492 = CARTESIAN_POINT('',(104.54898823489,2.726406583519,
    72.80398754563));
#6493 = CARTESIAN_POINT('',(104.63353722193,2.733263584781,
    72.901924976549));
#6494 = CARTESIAN_POINT('',(104.72131125297,2.740120625712,
    72.99696326963));
#6495 = CARTESIAN_POINT('',(104.81218996062,2.746977703581,
    73.088976403909));
#6496 = CARTESIAN_POINT('',(105.24605617119,2.778675797817,
    73.499781519724));
#6497 = CARTESIAN_POINT('',(105.6253207036,2.803529883581,
    73.780605395932));
#6498 = CARTESIAN_POINT('',(106.0375782967,2.828373955429,
    74.014254001943));
#6499 = CARTESIAN_POINT('',(106.47572497935,2.853215009374,
    74.196333994463));
#6500 = CARTESIAN_POINT('',(106.9321561763,2.878058884919,
    74.323686178731));
#6501 = CARTESIAN_POINT('',(107.39874852784,2.902912900334,
    74.394373369886));
#6502 = CARTESIAN_POINT('',(108.0923204197,2.939724227206,
    74.414914532649));
#6503 = CARTESIAN_POINT('',(108.31825379027,2.951694832624,
    74.408400895083));
#6504 = CARTESIAN_POINT('',(108.54364695748,2.963665131142,
    74.388664945277));
#6505 = CARTESIAN_POINT('',(108.76757332722,2.975635244398,
    74.355763064271));
#6506 = CARTESIAN_POINT('',(108.98911722038,2.987605524192,
    74.309829803538));
#6507 = CARTESIAN_POINT('',(109.207375036,2.999576088054,74.251077703321
    ));
#6508 = CARTESIAN_POINT('',(109.6795301073,3.025976318977,
    74.093885271081));
#6509 = CARTESIAN_POINT('',(109.93155928202,3.040407194077,
    73.989762331057));
#6510 = CARTESIAN_POINT('',(110.17597646467,3.054837527704,
    73.867953413325));
#6511 = CARTESIAN_POINT('',(110.41130359047,3.069267530022,
    73.729139468208));
#6512 = CARTESIAN_POINT('',(110.63614476684,3.083697937463,
    73.574143900298));
#6513 = CARTESIAN_POINT('',(110.84918907115,3.098128896586,
    73.403930905317));
#6514 = CARTESIAN_POINT('',(111.31660199141,3.131846728164,
    72.973266663343));
#6515 = CARTESIAN_POINT('',(111.56080859127,3.151137882522,
    72.70166159929));
#6516 = CARTESIAN_POINT('',(111.77888807055,3.170426100784,
    72.407501569668));
#6517 = CARTESIAN_POINT('',(111.96840986794,3.18971206113,
    72.093827433632));
#6518 = CARTESIAN_POINT('',(112.12737371737,3.208999492021,
    71.76394979159));
#6519 = CARTESIAN_POINT('',(112.25421827378,3.228290237048,
    71.421434751617));
#6520 = CARTESIAN_POINT('',(112.39113467481,3.256469659515,
    70.908217917847));
#6521 = CARTESIAN_POINT('',(112.42729969257,3.265361318822,
    70.744404893075));
#6522 = CARTESIAN_POINT('',(112.4563303267,3.274253097658,70.57908261996
    ));
#6523 = CARTESIAN_POINT('',(112.47815271094,3.283144979681,
    70.412623982213));
#6524 = CARTESIAN_POINT('',(112.49271751992,3.292036902454,
    70.245405212012));
#6525 = CARTESIAN_POINT('',(112.5,3.300928598487,70.077805599469));
#6526 = CARTESIAN_POINT('',(112.5,3.309819436282,69.910207202089));
#6527 = CYLINDRICAL_SURFACE('',#6528,4.5);
#6528 = AXIS2_PLACEMENT_3D('',#6529,#6530,#6531);
#6529 = CARTESIAN_POINT('',(108.,-3.,69.910207612377));
#6530 = DIRECTION('',(0.,-1.,2.2E-16));
#6531 = DIRECTION('',(1.,0.,0.));
#6532 = ADVANCED_FACE('',(#6533),#6545,.T.);
#6533 = FACE_BOUND('',#6534,.T.);
#6534 = EDGE_LOOP('',(#6535,#6536,#6543,#6544));
#6535 = ORIENTED_EDGE('',*,*,#5232,.F.);
#6536 = ORIENTED_EDGE('',*,*,#6537,.T.);
#6537 = EDGE_CURVE('',#5233,#5177,#6538,.T.);
#6538 = CIRCLE('',#6539,4.5);
#6539 = AXIS2_PLACEMENT_3D('',#6540,#6541,#6542);
#6540 = CARTESIAN_POINT('',(108.,12.,37.410207612377));
#6541 = DIRECTION('',(0.,-1.,2.2E-16));
#6542 = DIRECTION('',(1.,0.,0.));
#6543 = ORIENTED_EDGE('',*,*,#5184,.F.);
#6544 = ORIENTED_EDGE('',*,*,#5265,.T.);
#6545 = PLANE('',#6546);
#6546 = AXIS2_PLACEMENT_3D('',#6547,#6548,#6549);
#6547 = CARTESIAN_POINT('',(108.,12.,54.));
#6548 = DIRECTION('',(0.,1.,-2.2E-16));
#6549 = DIRECTION('',(0.,-2.2E-16,-1.));
#6550 = ADVANCED_FACE('',(#6551),#6561,.F.);
#6551 = FACE_BOUND('',#6552,.F.);
#6552 = EDGE_LOOP('',(#6553,#6560));
#6553 = ORIENTED_EDGE('',*,*,#6554,.F.);
#6554 = EDGE_CURVE('',#5177,#5169,#6555,.T.);
#6555 = CIRCLE('',#6556,4.5);
#6556 = AXIS2_PLACEMENT_3D('',#6557,#6558,#6559);
#6557 = CARTESIAN_POINT('',(108.,12.,37.410207612377));
#6558 = DIRECTION('',(0.,-1.,2.2E-16));
#6559 = DIRECTION('',(1.,0.,0.));
#6560 = ORIENTED_EDGE('',*,*,#5176,.T.);
#6561 = PLANE('',#6562);
#6562 = AXIS2_PLACEMENT_3D('',#6563,#6564,#6565);
#6563 = CARTESIAN_POINT('',(107.99999999999,12.,53.877985943214));
#6564 = DIRECTION('',(0.,1.,2.2E-16));
#6565 = DIRECTION('',(0.,-2.2E-16,1.));
#6566 = ADVANCED_FACE('',(#6567),#6588,.T.);
#6567 = FACE_BOUND('',#6568,.T.);
#6568 = EDGE_LOOP('',(#6569,#6578,#6585,#6586,#6587));
#6569 = ORIENTED_EDGE('',*,*,#6570,.T.);
#6570 = EDGE_CURVE('',#5169,#6571,#6573,.T.);
#6571 = VERTEX_POINT('',#6572);
#6572 = CARTESIAN_POINT('',(112.5,12.,37.410207612377));
#6573 = CIRCLE('',#6574,4.5);
#6574 = AXIS2_PLACEMENT_3D('',#6575,#6576,#6577);
#6575 = CARTESIAN_POINT('',(108.,12.,37.410207612377));
#6576 = DIRECTION('',(0.,-1.,2.2E-16));
#6577 = DIRECTION('',(1.,0.,0.));
#6578 = ORIENTED_EDGE('',*,*,#6579,.T.);
#6579 = EDGE_CURVE('',#6571,#5241,#6580,.T.);
#6580 = CIRCLE('',#6581,4.5);
#6581 = AXIS2_PLACEMENT_3D('',#6582,#6583,#6584);
#6582 = CARTESIAN_POINT('',(108.,12.,37.410207612377));
#6583 = DIRECTION('',(0.,-1.,2.2E-16));
#6584 = DIRECTION('',(1.,0.,0.));
#6585 = ORIENTED_EDGE('',*,*,#5248,.F.);
#6586 = ORIENTED_EDGE('',*,*,#5208,.F.);
#6587 = ORIENTED_EDGE('',*,*,#5168,.F.);
#6588 = PLANE('',#6589);
#6589 = AXIS2_PLACEMENT_3D('',#6590,#6591,#6592);
#6590 = CARTESIAN_POINT('',(108.,12.,54.));
#6591 = DIRECTION('',(0.,1.,-2.2E-16));
#6592 = DIRECTION('',(0.,-2.2E-16,-1.));
#6593 = ADVANCED_FACE('',(#6594),#6604,.F.);
#6594 = FACE_BOUND('',#6595,.F.);
#6595 = EDGE_LOOP('',(#6596,#6597));
#6596 = ORIENTED_EDGE('',*,*,#5240,.T.);
#6597 = ORIENTED_EDGE('',*,*,#6598,.F.);
#6598 = EDGE_CURVE('',#5241,#5233,#6599,.T.);
#6599 = CIRCLE('',#6600,4.5);
#6600 = AXIS2_PLACEMENT_3D('',#6601,#6602,#6603);
#6601 = CARTESIAN_POINT('',(108.,12.,37.410207612377));
#6602 = DIRECTION('',(0.,-1.,2.2E-16));
#6603 = DIRECTION('',(1.,0.,0.));
#6604 = PLANE('',#6605);
#6605 = AXIS2_PLACEMENT_3D('',#6606,#6607,#6608);
#6606 = CARTESIAN_POINT('',(107.99999999999,12.,53.877985943214));
#6607 = DIRECTION('',(0.,1.,2.2E-16));
#6608 = DIRECTION('',(0.,-2.2E-16,1.));
#6609 = ADVANCED_FACE('',(#6610),#6815,.F.);
#6610 = FACE_BOUND('',#6611,.F.);
#6611 = EDGE_LOOP('',(#6612,#6622,#6718,#6719));
#6612 = ORIENTED_EDGE('',*,*,#6613,.F.);
#6613 = EDGE_CURVE('',#6614,#6616,#6618,.T.);
#6614 = VERTEX_POINT('',#6615);
#6615 = CARTESIAN_POINT('',(112.5,4.1901546429,69.910207407236));
#6616 = VERTEX_POINT('',#6617);
#6617 = CARTESIAN_POINT('',(112.5,4.809815355763,69.910207366203));
#6618 = LINE('',#6619,#6620);
#6619 = CARTESIAN_POINT('',(112.5,-3.,69.910207612377));
#6620 = VECTOR('',#6621,1.);
#6621 = DIRECTION('',(0.,1.,-2.2E-16));
#6622 = ORIENTED_EDGE('',*,*,#6623,.T.);
#6623 = EDGE_CURVE('',#6614,#5280,#6624,.T.);
#6624 = B_SPLINE_CURVE_WITH_KNOTS('',8,(#6625,#6626,#6627,#6628,#6629,
    #6630,#6631,#6632,#6633,#6634,#6635,#6636,#6637,#6638,#6639,#6640,
    #6641,#6642,#6643,#6644,#6645,#6646,#6647,#6648,#6649,#6650,#6651,
    #6652,#6653,#6654,#6655,#6656,#6657,#6658,#6659,#6660,#6661,#6662,
    #6663,#6664,#6665,#6666,#6667,#6668,#6669,#6670,#6671,#6672,#6673,
    #6674,#6675,#6676,#6677,#6678,#6679,#6680,#6681,#6682,#6683,#6684,
    #6685,#6686,#6687,#6688,#6689,#6690,#6691,#6692,#6693,#6694,#6695,
    #6696,#6697,#6698,#6699,#6700,#6701,#6702,#6703,#6704,#6705,#6706,
    #6707,#6708,#6709,#6710,#6711,#6712,#6713,#6714,#6715,#6716,#6717),
  .UNSPECIFIED.,.F.,.F.,(9,7,7,7,7,7,7,7,7,7,7,7,7,9),(0.,
    4.492238005878E-02,0.133571861744,0.219615366396,0.27341387693,
    0.375531308774,0.500745529908,0.522416864582,0.627413664189,
    0.736660989509,0.786561028895,0.869724432726,0.955408092542,1.),
  .UNSPECIFIED.);
#6625 = CARTESIAN_POINT('',(112.5,4.190154647253,69.910207120039));
#6626 = CARTESIAN_POINT('',(112.5,4.198576613845,69.751451171781));
#6627 = CARTESIAN_POINT('',(112.49359901715,4.206999577046,
    69.592693869166));
#6628 = CARTESIAN_POINT('',(112.48079720023,4.215422860502,
    69.434238453025));
#6629 = CARTESIAN_POINT('',(112.46161157634,4.223846105158,
    69.276386126474));
#6630 = CARTESIAN_POINT('',(112.43607603202,4.23226916773,69.11943588486
    ));
#6631 = CARTESIAN_POINT('',(112.40424129437,4.240692019187,
    68.963684345717));
#6632 = CARTESIAN_POINT('',(112.36617491222,4.249114643222,
    68.809425578712));
#6633 = CARTESIAN_POINT('',(112.23471030872,4.27415742048,
    68.356058639497));
#6634 = CARTESIAN_POINT('',(112.12350550587,4.290779400469,
    68.062062792941));
#6635 = CARTESIAN_POINT('',(111.98899910569,4.307399535545,
    67.777257647777));
#6636 = CARTESIAN_POINT('',(111.83209920107,4.324018186113,
    67.503790497627));
#6637 = CARTESIAN_POINT('',(111.65393135298,4.340637238023,
    67.24367881733));
#6638 = CARTESIAN_POINT('',(111.45582379071,4.35725822152,
    66.998812745299));
#6639 = CARTESIAN_POINT('',(111.23931616043,4.373880723299,
    66.770942908782));
#6640 = CARTESIAN_POINT('',(110.77992050339,4.40663288072,
    66.358516631088));
#6641 = CARTESIAN_POINT('',(110.53793120625,4.422767122441,
    66.172826482102));
#6642 = CARTESIAN_POINT('',(110.28183701885,4.438900618688,
    66.006045325602));
#6643 = CARTESIAN_POINT('',(110.01337531157,4.455032963895,
    65.859406945124));
#6644 = CARTESIAN_POINT('',(109.73438785372,4.471165206785,
    65.73394584276));
#6645 = CARTESIAN_POINT('',(109.44681132277,4.487298470179,
    65.630505520307));
#6646 = CARTESIAN_POINT('',(109.15267820592,4.503432528883,
    65.549725926032));
#6647 = CARTESIAN_POINT('',(108.66746029839,4.529650728316,
    65.455923354175));
#6648 = CARTESIAN_POINT('',(108.47904616643,4.539737276002,
    65.428849232571));
#6649 = CARTESIAN_POINT('',(108.28939898308,4.549823706037,
    65.410887597041));
#6650 = CARTESIAN_POINT('',(108.09903359283,4.55991001333,
    65.402101499693));
#6651 = CARTESIAN_POINT('',(107.90846597371,4.569996331964,
    65.40251929216));
#6652 = CARTESIAN_POINT('',(107.71821285951,4.580082794392,
    65.412135328573));
#6653 = CARTESIAN_POINT('',(107.52879141047,4.590169388262,
    65.430909229293));
#6654 = CARTESIAN_POINT('',(106.98372989522,4.619401314316,
    65.511635570001));
#6655 = CARTESIAN_POINT('',(106.6314918982,4.638551935179,
    65.597240945381));
#6656 = CARTESIAN_POINT('',(106.28765204578,4.657700522966,
    65.715068319468));
#6657 = CARTESIAN_POINT('',(105.95563711654,4.676846494109,
    65.864113452441));
#6658 = CARTESIAN_POINT('',(105.63868532509,4.695992510716,
    66.042970643129));
#6659 = CARTESIAN_POINT('',(105.33984931654,4.715141191371,
    66.249866994126));
#6660 = CARTESIAN_POINT('',(105.06197039342,4.734291853937,
    66.482639675621));
#6661 = CARTESIAN_POINT('',(104.495749811,4.776913016999,67.052578185486
    ));
#6662 = CARTESIAN_POINT('',(104.21896989616,4.800402272579,
    67.401735919558));
#6663 = CARTESIAN_POINT('',(103.98224013466,4.823883479844,
    67.781286853372));
#6664 = CARTESIAN_POINT('',(103.78931301739,4.847358556834,
    68.185784672133));
#6665 = CARTESIAN_POINT('',(103.64309443729,4.870833672174,
    68.609411358229));
#6666 = CARTESIAN_POINT('',(103.54559407154,4.894314757393,
    69.045981720126));
#6667 = CARTESIAN_POINT('',(103.49795801601,4.917803987366,
    69.488982496991));
#6668 = CARTESIAN_POINT('',(103.50041242273,4.945342768257,
    70.008069867811));
#6669 = CARTESIAN_POINT('',(103.50226417591,4.949405826801,
    70.084648478569));
#6670 = CARTESIAN_POINT('',(103.50560539925,4.953468901166,
    70.161186228916));
#6671 = CARTESIAN_POINT('',(103.51043501199,4.957531990416,
    70.237649304594));
#6672 = CARTESIAN_POINT('',(103.51675101517,4.96159509371,
    70.314003963811));
#6673 = CARTESIAN_POINT('',(103.52455049159,4.965658210307,
    70.390216537246));
#6674 = CARTESIAN_POINT('',(103.53382960586,4.969721339557,
    70.466253428043));
#6675 = CARTESIAN_POINT('',(103.59668632172,4.993470247617,
    70.909463381399));
#6676 = CARTESIAN_POINT('',(103.68342602023,5.01316199494,71.27204451685
    ));
#6677 = CARTESIAN_POINT('',(103.80427221559,5.032851400702,
    71.625847182024));
#6678 = CARTESIAN_POINT('',(103.95813928067,5.052537674835,
    71.967142952453));
#6679 = CARTESIAN_POINT('',(104.14349375952,5.072223813655,
    72.292414510875));
#6680 = CARTESIAN_POINT('',(104.35839466717,5.091912848333,
    72.598351941479));
#6681 = CARTESIAN_POINT('',(104.60046677553,5.111604087548,
    72.881883122881));
#6682 = CARTESIAN_POINT('',(105.14392909003,5.151771528561,
    73.409052159142));
#6683 = CARTESIAN_POINT('',(105.4475047907,5.172260452825,
    73.650785942485));
#6684 = CARTESIAN_POINT('',(105.77431076467,5.192745461848,
    73.862253357168));
#6685 = CARTESIAN_POINT('',(106.12078223864,5.213227196924,
    74.040904439455));
#6686 = CARTESIAN_POINT('',(106.48310538666,5.233709040229,
    74.184712099019));
#6687 = CARTESIAN_POINT('',(106.85724629657,5.25419430463,
    74.292133205157));
#6688 = CARTESIAN_POINT('',(107.23894059072,5.274683462573,
    74.362155699822));
#6689 = CARTESIAN_POINT('',(107.79939674001,5.304521206625,
    74.409191056245));
#6690 = CARTESIAN_POINT('',(107.97578869422,5.313876886046,
    74.416068559292));
#6691 = CARTESIAN_POINT('',(108.15242876142,5.323232527026,
    74.415041212876));
#6692 = CARTESIAN_POINT('',(108.32890324629,5.332588100557,
    74.406100308564));
#6693 = CARTESIAN_POINT('',(108.50480004652,5.341943667317,
    74.389263005159));
#6694 = CARTESIAN_POINT('',(108.67970895351,5.351299287497,
    74.364572305566));
#6695 = CARTESIAN_POINT('',(108.8532219529,5.360654930634,
    74.332097033666));
#6696 = CARTESIAN_POINT('',(109.31110802535,5.385602186079,
    74.224992452831));
#6697 = CARTESIAN_POINT('',(109.59231976057,5.401195655209,
    74.13668477187));
#6698 = CARTESIAN_POINT('',(109.86665632531,5.416788143173,
    74.027447316123));
#6699 = CARTESIAN_POINT('',(110.1323044255,5.432379449888,
    73.897920830269));
#6700 = CARTESIAN_POINT('',(110.38753991853,5.447970656808,
    73.748921214638));
#6701 = CARTESIAN_POINT('',(110.63072682734,5.463562918179,
    73.581429266545));
#6702 = CARTESIAN_POINT('',(110.86032532839,5.479156211577,
    73.396597204147));
#6703 = CARTESIAN_POINT('',(111.29599502035,5.510812392421,
    72.988860759376));
#6704 = CARTESIAN_POINT('',(111.50119844114,5.526879209609,
    72.764919839855));
#6705 = CARTESIAN_POINT('',(111.68894264465,5.542945551739,
    72.525410520671));
#6706 = CARTESIAN_POINT('',(111.85786410209,5.559011328482,
    72.271935428903));
#6707 = CARTESIAN_POINT('',(112.00678552842,5.575077558226,
    72.006216702035));
#6708 = CARTESIAN_POINT('',(112.13470866097,5.591144896168,
    71.730086031165));
#6709 = CARTESIAN_POINT('',(112.24082637569,5.607212438993,
    71.445486557683));
#6710 = CARTESIAN_POINT('',(112.36812815214,5.631637102332,
    71.003043020686));
#6711 = CARTESIAN_POINT('',(112.40564136703,5.639997184225,
    70.849854009919));
#6712 = CARTESIAN_POINT('',(112.43701187754,5.648356906803,
    70.695204693929));
#6713 = CARTESIAN_POINT('',(112.46217408319,5.656716245151,
    70.53938279802));
#6714 = CARTESIAN_POINT('',(112.48107871584,5.665075295843,
    70.382678516627));
#6715 = CARTESIAN_POINT('',(112.49369286448,5.673434278332,
    70.225384359943));
#6716 = CARTESIAN_POINT('',(112.5,5.681793536325,70.067795000546));
#6717 = CARTESIAN_POINT('',(112.5,5.69015353917,69.910207120039));
#6718 = ORIENTED_EDGE('',*,*,#5279,.T.);
#6719 = ORIENTED_EDGE('',*,*,#6720,.F.);
#6720 = EDGE_CURVE('',#6616,#5282,#6721,.T.);
#6721 = B_SPLINE_CURVE_WITH_KNOTS('',8,(#6722,#6723,#6724,#6725,#6726,
    #6727,#6728,#6729,#6730,#6731,#6732,#6733,#6734,#6735,#6736,#6737,
    #6738,#6739,#6740,#6741,#6742,#6743,#6744,#6745,#6746,#6747,#6748,
    #6749,#6750,#6751,#6752,#6753,#6754,#6755,#6756,#6757,#6758,#6759,
    #6760,#6761,#6762,#6763,#6764,#6765,#6766,#6767,#6768,#6769,#6770,
    #6771,#6772,#6773,#6774,#6775,#6776,#6777,#6778,#6779,#6780,#6781,
    #6782,#6783,#6784,#6785,#6786,#6787,#6788,#6789,#6790,#6791,#6792,
    #6793,#6794,#6795,#6796,#6797,#6798,#6799,#6800,#6801,#6802,#6803,
    #6804,#6805,#6806,#6807,#6808,#6809,#6810,#6811,#6812,#6813,#6814),
  .UNSPECIFIED.,.F.,.F.,(9,7,7,7,7,7,7,7,7,7,7,7,7,9),(0.,
    4.771991210406E-02,0.132570043861,0.225548257471,0.285039652955,
    0.380419485088,0.483139835635,0.504176277379,0.631157067201,
    0.744867216641,0.801495539663,0.868974107197,0.958534393089,1.),
  .UNSPECIFIED.);
#6722 = CARTESIAN_POINT('',(112.5,4.809815360116,69.910207037969));
#6723 = CARTESIAN_POINT('',(112.5,4.818761575067,69.741564656778));
#6724 = CARTESIAN_POINT('',(112.49277692483,4.827706703435,
    69.572920215988));
#6725 = CARTESIAN_POINT('',(112.47833095732,4.836651491613,
    69.404637675549));
#6726 = CARTESIAN_POINT('',(112.45668377948,4.845596455856,
    69.237078197922));
#6727 = CARTESIAN_POINT('',(112.42787853625,4.85454190095,
    69.070599924997));
#6728 = CARTESIAN_POINT('',(112.39197979918,4.86348793888,
    68.905557755018));
#6729 = CARTESIAN_POINT('',(112.3490735302,4.872434507496,
    68.742303119501));
#6730 = CARTESIAN_POINT('',(112.21070680668,4.897289718787,
    68.294699601541));
#6731 = CARTESIAN_POINT('',(112.10031802542,4.913201377493,
    68.01492332436));
#6732 = CARTESIAN_POINT('',(111.96870762302,4.92911297617,
    67.743850775648));
#6733 = CARTESIAN_POINT('',(111.81669396392,4.945023485706,
    67.483353934931));
#6734 = CARTESIAN_POINT('',(111.64527738378,4.960933413249,
    67.235194389966));
#6735 = CARTESIAN_POINT('',(111.45562877759,4.976843683436,
    67.001025314275));
#6736 = CARTESIAN_POINT('',(111.24909624757,4.992754224619,
    66.782381946497));
#6737 = CARTESIAN_POINT('',(110.78411003586,5.02609418021,
    66.359615622035));
#6738 = CARTESIAN_POINT('',(110.5224994509,5.043528619852,
    66.158818778715));
#6739 = CARTESIAN_POINT('',(110.24442938002,5.060961272968,
    65.980139108243));
#6740 = CARTESIAN_POINT('',(109.95210038458,5.078392132397,
    65.825126445404));
#6741 = CARTESIAN_POINT('',(109.64785160612,5.095823216929,
    65.69505788658));
#6742 = CARTESIAN_POINT('',(109.33414607879,5.113256389741,
    65.590951135406));
#6743 = CARTESIAN_POINT('',(109.01357201123,5.130691268165,
    65.513544700594));
#6744 = CARTESIAN_POINT('',(108.48109557724,5.159276928327,
    65.431061034446));
#6745 = CARTESIAN_POINT('',(108.27160617649,5.17043106528,
    65.409969686602));
#6746 = CARTESIAN_POINT('',(108.06109221715,5.181585112654,
    65.400080603585));
#6747 = CARTESIAN_POINT('',(107.85025347973,5.192738999061,
    65.401447708178));
#6748 = CARTESIAN_POINT('',(107.63978864102,5.203892882323,
    65.414073083996));
#6749 = CARTESIAN_POINT('',(107.43039469498,5.215046925555,
    65.437908301585));
#6750 = CARTESIAN_POINT('',(107.22276629719,5.226201071745,
    65.472853131387));
#6751 = CARTESIAN_POINT('',(106.68865333369,5.255237105974,
    65.592338627904));
#6752 = CARTESIAN_POINT('',(106.36594475534,5.273122782282,
    65.694099944249));
#6753 = CARTESIAN_POINT('',(106.05238631233,5.291006689237,
    65.823402531401));
#6754 = CARTESIAN_POINT('',(105.75071042556,5.308888472656,
    65.979255329699));
#6755 = CARTESIAN_POINT('',(105.46348899007,5.326770210438,
    66.160369367826));
#6756 = CARTESIAN_POINT('',(105.19313640554,5.344654012908,
    66.365180589609));
#6757 = CARTESIAN_POINT('',(104.94189156962,5.36253959376,
    66.591835420804));
#6758 = CARTESIAN_POINT('',(104.46395641357,5.399680261131,
    67.103398483678));
#6759 = CARTESIAN_POINT('',(104.2405221956,5.418944066297,
    67.391577990313));
#6760 = CARTESIAN_POINT('',(104.04405768668,5.43820588073,
    67.699957358528));
#6761 = CARTESIAN_POINT('',(103.87665248529,5.457465087289,
    68.025562482378));
#6762 = CARTESIAN_POINT('',(103.73998896491,5.476724412331,
    68.365218610848));
#6763 = CARTESIAN_POINT('',(103.63536684298,5.495986547061,
    68.715576094343));
#6764 = CARTESIAN_POINT('',(103.56366763587,5.515250775983,
    69.073108654033));
#6765 = CARTESIAN_POINT('',(103.51739316771,5.538453693486,
    69.508009549679));
#6766 = CARTESIAN_POINT('',(103.51092309415,5.54239776245,
    69.582083460359));
#6767 = CARTESIAN_POINT('',(103.50585205499,5.54634181929,
    69.656275121913));
#6768 = CARTESIAN_POINT('',(103.50218250903,5.550285863671,
    69.730553708032));
#6769 = CARTESIAN_POINT('',(103.49991609811,5.554229894935,
    69.804888350278));
#6770 = CARTESIAN_POINT('',(103.49905364701,5.558173912101,
    69.879248138087));
#6771 = CARTESIAN_POINT('',(103.49959516356,5.562117913867,
    69.953602118767));
#6772 = CARTESIAN_POINT('',(103.51327834315,5.589868695571,
    70.47651484266));
#6773 = CARTESIAN_POINT('',(103.57614984306,5.61368993172,
    70.924054656705));
#6774 = CARTESIAN_POINT('',(103.69007686244,5.637502463903,
    71.363299242145));
#6775 = CARTESIAN_POINT('',(103.85363312434,5.6613085988,71.787497798209
    ));
#6776 = CARTESIAN_POINT('',(104.06449609836,5.685114719923,
    72.190277927252));
#6777 = CARTESIAN_POINT('',(104.31940942983,5.708927385666,
    72.565690054247));
#6778 = CARTESIAN_POINT('',(104.61424112993,5.732748770675,
    72.908208460398));
#6779 = CARTESIAN_POINT('',(105.23854186852,5.777874532551,
    73.485935347504));
#6780 = CARTESIAN_POINT('',(105.56145628146,5.799202374281,
    73.728881070055));
#6781 = CARTESIAN_POINT('',(105.90861700921,5.820526045751,
    73.938311799615));
#6782 = CARTESIAN_POINT('',(106.27591420595,5.841846028095,
    74.111473797602));
#6783 = CARTESIAN_POINT('',(106.65896961077,5.863165937487,
    74.246236142787));
#6784 = CARTESIAN_POINT('',(107.05317020096,5.884489445057,
    74.341039951978));
#6785 = CARTESIAN_POINT('',(107.45365647294,5.905817163253,
    74.394958177801));
#6786 = CARTESIAN_POINT('',(108.05531998102,5.937752980941,
    74.414315088652));
#6787 = CARTESIAN_POINT('',(108.25567275984,5.94837013201,
    74.410584300911));
#6788 = CARTESIAN_POINT('',(108.45574744928,5.958987116273,
    74.396667068315));
#6789 = CARTESIAN_POINT('',(108.65493940837,5.969603920561,
    74.372588043138));
#6790 = CARTESIAN_POINT('',(108.85264972314,5.980220717679,
    74.338414096376));
#6791 = CARTESIAN_POINT('',(109.04828553699,5.990837679675,
    74.294253280714));
#6792 = CARTESIAN_POINT('',(109.2412606582,6.001454792179,
    74.240255721932));
#6793 = CARTESIAN_POINT('',(109.657086472,6.024722789517,74.100783579123
    ));
#6794 = CARTESIAN_POINT('',(109.87859540882,6.037374602792,
    74.011254010042));
#6795 = CARTESIAN_POINT('',(110.09453779865,6.05002618924,
    73.908355620867));
#6796 = CARTESIAN_POINT('',(110.30397398628,6.062677471022,
    73.792498316632));
#6797 = CARTESIAN_POINT('',(110.50600695505,6.075328779906,
    73.664166261256));
#6798 = CARTESIAN_POINT('',(110.69978197991,6.087980431324,
    73.523914870142));
#6799 = CARTESIAN_POINT('',(110.88448909656,6.100632305461,
    73.372372552124));
#6800 = CARTESIAN_POINT('',(111.29147525786,6.13007452698,
    72.995067872731));
#6801 = CARTESIAN_POINT('',(111.50632209907,6.146868028119,
    72.761197129312));
#6802 = CARTESIAN_POINT('',(111.70209514079,6.163660136067,
    72.510298458008));
#6803 = CARTESIAN_POINT('',(111.8772381192,6.180450423845,
    72.244204484683));
#6804 = CARTESIAN_POINT('',(112.03041754942,6.197240424789,
    71.964889036734));
#6805 = CARTESIAN_POINT('',(112.16051323814,6.214031956551,
    71.674454364777));
#6806 = CARTESIAN_POINT('',(112.26663403545,6.230825184509,
    71.37513352286));
#6807 = CARTESIAN_POINT('',(112.38590407064,6.255390617743,
    70.927713397547));
#6808 = CARTESIAN_POINT('',(112.4183798932,6.263164996789,
    70.784713146813));
#6809 = CARTESIAN_POINT('',(112.44552499232,6.270939481379,
    70.640537424112));
#6810 = CARTESIAN_POINT('',(112.4672902845,6.278714047243,70.49541831231
    ));
#6811 = CARTESIAN_POINT('',(112.48363891586,6.28648866681,70.34958959954
    ));
#6812 = CARTESIAN_POINT('',(112.49454627403,6.294263249813,
    70.203286670733));
#6813 = CARTESIAN_POINT('',(112.5,6.302037583895,70.056746399162));
#6814 = CARTESIAN_POINT('',(112.5,6.309811275217,69.910207037969));
#6815 = CYLINDRICAL_SURFACE('',#6816,4.5);
#6816 = AXIS2_PLACEMENT_3D('',#6817,#6818,#6819);
#6817 = CARTESIAN_POINT('',(108.,-3.,69.910207612377));
#6818 = DIRECTION('',(0.,-1.,2.2E-16));
#6819 = DIRECTION('',(1.,0.,0.));
#6820 = ADVANCED_FACE('',(#6821),#6860,.F.);
#6821 = FACE_BOUND('',#6822,.F.);
#6822 = EDGE_LOOP('',(#6823,#6849,#6854,#6855));
#6823 = ORIENTED_EDGE('',*,*,#6824,.F.);
#6824 = EDGE_CURVE('',#6825,#6827,#6829,.T.);
#6825 = VERTEX_POINT('',#6826);
#6826 = CARTESIAN_POINT('',(113.10002030062,6.656252406248,
    69.910207727267));
#6827 = VERTEX_POINT('',#6828);
#6828 = CARTESIAN_POINT('',(109.31998005568,7.843751368704,
    74.836440497649));
#6829 = B_SPLINE_CURVE_WITH_KNOTS('',10,(#6830,#6831,#6832,#6833,#6834,
    #6835,#6836,#6837,#6838,#6839,#6840,#6841,#6842,#6843,#6844,#6845,
    #6846,#6847,#6848),.UNSPECIFIED.,.F.,.F.,(11,8,11),(0.,
    2.556985831608,5.113971663216),.UNSPECIFIED.);
#6830 = CARTESIAN_POINT('',(113.10002030062,6.656252406248,
    69.910207727267));
#6831 = CARTESIAN_POINT('',(113.1000025942,6.71562530389,68.641788420239
    ));
#6832 = CARTESIAN_POINT('',(112.74954961147,6.775003533648,
    67.373326736757));
#6833 = CARTESIAN_POINT('',(112.04838190172,6.834376810827,
    66.213948095151));
#6834 = CARTESIAN_POINT('',(111.03562445393,6.893750460267,
    65.27244201996));
#6835 = CARTESIAN_POINT('',(109.78842521438,6.953128020852,
    64.641722974567));
#6836 = CARTESIAN_POINT('',(108.41499273557,7.012501848591,
    64.382828963831));
#6837 = CARTESIAN_POINT('',(107.03830469258,7.0718768537,64.513201288709
    ));
#6838 = CARTESIAN_POINT('',(105.77630074687,7.13125175183,
    65.006291151911));
#6839 = CARTESIAN_POINT('',(103.67579945026,7.250001887464,
    66.592131676039));
#6840 = CARTESIAN_POINT('',(102.68764270369,7.368752023101,
    69.031504978588));
#6841 = CARTESIAN_POINT('',(102.5379844186,7.428126920833,
    70.378125915242));
#6842 = CARTESIAN_POINT('',(102.76837617252,7.48750192799,
    71.741668922776));
#6843 = CARTESIAN_POINT('',(103.37392413412,7.546875750868,
    73.001238107135));
#6844 = CARTESIAN_POINT('',(104.30591005971,7.606253318288,
    74.04277571528));
#6845 = CARTESIAN_POINT('',(105.47751517267,7.665626961626,
    74.777300786992));
#6846 = CARTESIAN_POINT('',(106.77881814464,7.725000242236,
    75.154488422982));
#6847 = CARTESIAN_POINT('',(108.09478567442,7.784378470878,
    75.164748686491));
#6848 = CARTESIAN_POINT('',(109.31998005568,7.843751368704,
    74.836440497649));
#6849 = ORIENTED_EDGE('',*,*,#6850,.T.);
#6850 = EDGE_CURVE('',#6825,#5282,#6851,.T.);
#6851 = B_SPLINE_CURVE_WITH_KNOTS('',1,(#6852,#6853),.UNSPECIFIED.,.F.,
  .F.,(2,2),(0.,1.3105),.PIECEWISE_BEZIER_KNOTS.);
#6852 = CARTESIAN_POINT('',(113.10002030062,6.656252406248,
    69.910207727267));
#6853 = CARTESIAN_POINT('',(111.96510977463,6.000975100073,
    69.910206423493));
#6854 = ORIENTED_EDGE('',*,*,#5467,.T.);
#6855 = ORIENTED_EDGE('',*,*,#6856,.F.);
#6856 = EDGE_CURVE('',#6827,#5460,#6857,.T.);
#6857 = B_SPLINE_CURVE_WITH_KNOTS('',1,(#6858,#6859),.UNSPECIFIED.,.F.,
  .F.,(2,2),(0.,1.3105),.PIECEWISE_BEZIER_KNOTS.);
#6858 = CARTESIAN_POINT('',(109.31998005568,7.843751368704,
    74.836440497649));
#6859 = CARTESIAN_POINT('',(109.02624255407,7.188485835881,
    73.740194352094));
#6860 = B_SPLINE_SURFACE_WITH_KNOTS('',1,11,(
    (#6861,#6862,#6863,#6864,#6865,#6866,#6867,#6868,#6869,#6870,#6871
      ,#6872,#6873,#6874,#6875,#6876,#6877,#6878,#6879,#6880,#6881,#6882
      ,#6883,#6884,#6885,#6886,#6887,#6888,#6889,#6890)
    ,(#6891,#6892,#6893,#6894,#6895,#6896,#6897,#6898,#6899,#6900,#6901
      ,#6902,#6903,#6904,#6905,#6906,#6907,#6908,#6909,#6910,#6911,#6912
      ,#6913,#6914,#6915,#6916,#6917,#6918,#6919,#6920
  )),.UNSPECIFIED.,.F.,.F.,.F.,(2,2),(12,9,9,12),(0.,1.3105),(0.,
    2.556985831608,3.835478747412,5.113971663216),.UNSPECIFIED.);
#6861 = CARTESIAN_POINT('',(113.10002030062,6.656252406248,
    69.910207727267));
#6862 = CARTESIAN_POINT('',(113.10000420388,6.710227767741,
    68.757099266332));
#6863 = CARTESIAN_POINT('',(112.8132683356,6.764207491873,
    67.603956133754));
#6864 = CARTESIAN_POINT('',(112.23961183566,6.818184133652,
    66.530142127663));
#6865 = CARTESIAN_POINT('',(111.4038905523,6.872159905644,
    65.614808425192));
#6866 = CARTESIAN_POINT('',(110.35535063318,6.926138464592,
    64.928412450271));
#6867 = CARTESIAN_POINT('',(109.16412105047,6.980115880365,
    64.524044878253));
#6868 = CARTESIAN_POINT('',(107.91438823894,7.034092896181,
    64.430236522262));
#6869 = CARTESIAN_POINT('',(106.69411942155,7.088069972955,
    64.64768048478));
#6870 = CARTESIAN_POINT('',(105.58534608354,7.142047218705,
    65.150458472286));
#6871 = CARTESIAN_POINT('',(104.19110694552,7.223013220274,
    66.260811083456));
#6872 = CARTESIAN_POINT('',(103.30879910609,7.303979221845,
    67.763982757422));
#6873 = CARTESIAN_POINT('',(103.07760823072,7.330967878388,
    68.300827553873));
#6874 = CARTESIAN_POINT('',(102.91413794188,7.357956512391,
    68.864663788077));
#6875 = CARTESIAN_POINT('',(102.82180901564,7.384945120007,
    69.44597414396));
#6876 = CARTESIAN_POINT('',(102.80253257383,7.411933710582,
    70.034772314598));
#6877 = CARTESIAN_POINT('',(102.85664224467,7.438922303528,
    70.620877930323));
#6878 = CARTESIAN_POINT('',(102.98288475001,7.465910917758,
    71.194200517962));
#6879 = CARTESIAN_POINT('',(103.17846940426,7.492899558877,
    71.745018572627));
#6880 = CARTESIAN_POINT('',(103.69987621555,7.546876869842,
    72.783460648825));
#6881 = CARTESIAN_POINT('',(104.45974150423,7.600854186838,
    73.66256756982));
#6882 = CARTESIAN_POINT('',(104.89378456207,7.627842831418,
    74.054050414933));
#6883 = CARTESIAN_POINT('',(105.37515350822,7.654831454044,
    74.390082383792));
#6884 = CARTESIAN_POINT('',(105.89593456523,7.681820038521,
    74.664365687051));
#6885 = CARTESIAN_POINT('',(106.4472850457,7.708808601029,
    74.871882239182));
#6886 = CARTESIAN_POINT('',(107.01967300502,7.735797217261,
    75.009045508874));
#6887 = CARTESIAN_POINT('',(107.60314391532,7.762785988215,
    75.073797639142));
#6888 = CARTESIAN_POINT('',(108.18759974688,7.789774916649,
    75.065649849525));
#6889 = CARTESIAN_POINT('',(108.76307351874,7.816763687874,
    74.985671492577));
#6890 = CARTESIAN_POINT('',(109.31998005568,7.843751368704,
    74.836440497649));
#6891 = CARTESIAN_POINT('',(111.96510977463,6.000975100073,
    69.910206423493));
#6892 = CARTESIAN_POINT('',(111.9650808618,6.054972147955,
    69.013673678748));
#6893 = CARTESIAN_POINT('',(111.74216685134,6.10892406062,
    68.117200957893));
#6894 = CARTESIAN_POINT('',(111.29619805301,6.162907844834,
    67.282363955576));
#6895 = CARTESIAN_POINT('',(110.6464213,6.216900680034,66.570563257211)
  );
#6896 = CARTESIAN_POINT('',(109.83111201119,6.270864599127,
    66.037085392508));
#6897 = CARTESIAN_POINT('',(108.90514993994,6.324840431838,
    65.722619846949));
#6898 = CARTESIAN_POINT('',(107.93341961206,6.378820338919,
    65.64969485717));
#6899 = CARTESIAN_POINT('',(106.98472217036,6.432799648023,
    65.818759544731));
#6900 = CARTESIAN_POINT('',(106.12268068526,6.486777198381,
    66.209655272763));
#6901 = CARTESIAN_POINT('',(105.03870469575,6.567742150561,
    67.072918099598));
#6902 = CARTESIAN_POINT('',(104.35273861699,6.648707102742,
    68.241585140235));
#6903 = CARTESIAN_POINT('',(104.17299494233,6.6756955303,68.658964827597
    ));
#6904 = CARTESIAN_POINT('',(104.04590151568,6.702684191104,
    69.097330505146));
#6905 = CARTESIAN_POINT('',(103.97411848911,6.729673124901,
    69.549282771611));
#6906 = CARTESIAN_POINT('',(103.95913224223,6.756662235079,
    70.007056749256));
#6907 = CARTESIAN_POINT('',(104.00120187888,6.783651320676,
    70.462736341866));
#6908 = CARTESIAN_POINT('',(104.09935204816,6.810640186085,
    70.908475825525));
#6909 = CARTESIAN_POINT('',(104.25141241516,6.837628773234,
    71.336717456804));
#6910 = CARTESIAN_POINT('',(104.6567875178,6.891605650297,
    72.144069513375));
#6911 = CARTESIAN_POINT('',(105.24755732713,6.945582464967,
    72.827546147389));
#6912 = CARTESIAN_POINT('',(105.58501255259,6.972571016024,
    73.131911914945));
#6913 = CARTESIAN_POINT('',(105.95926356482,6.999559794957,
    73.393169214048));
#6914 = CARTESIAN_POINT('',(106.36415965959,7.026548968455,
    73.606419325024));
#6915 = CARTESIAN_POINT('',(106.79282466543,7.053538368699,
    73.767757375417));
#6916 = CARTESIAN_POINT('',(107.23784146835,7.080527212738,
    73.874394875152));
#6917 = CARTESIAN_POINT('',(107.69146464599,7.107514456916,
    73.924735986185));
#6918 = CARTESIAN_POINT('',(108.14584665984,7.134500071974,
    73.918404556827));
#6919 = CARTESIAN_POINT('',(108.59325421452,7.161487311787,
    73.856228134303));
#6920 = CARTESIAN_POINT('',(109.02624255407,7.188485835881,
    73.740194352094));
#6921 = ADVANCED_FACE('',(#6922),#6939,.F.);
#6922 = FACE_BOUND('',#6923,.F.);
#6923 = EDGE_LOOP('',(#6924,#6925,#6926,#6933));
#6924 = ORIENTED_EDGE('',*,*,#6856,.T.);
#6925 = ORIENTED_EDGE('',*,*,#5459,.F.);
#6926 = ORIENTED_EDGE('',*,*,#6927,.T.);
#6927 = EDGE_CURVE('',#5387,#6928,#6930,.T.);
#6928 = VERTEX_POINT('',#6929);
#6929 = CARTESIAN_POINT('',(109.3199793915,8.031251368686,
    74.836438018917));
#6930 = B_SPLINE_CURVE_WITH_KNOTS('',1,(#6931,#6932),.UNSPECIFIED.,.F.,
  .F.,(2,2),(0.,1.3105),.PIECEWISE_BEZIER_KNOTS.);
#6931 = CARTESIAN_POINT('',(109.02623724777,8.68648583574,
    73.740174548679));
#6932 = CARTESIAN_POINT('',(109.3199793915,8.031251368686,
    74.836438018917));
#6933 = ORIENTED_EDGE('',*,*,#6934,.T.);
#6934 = EDGE_CURVE('',#6928,#6827,#6935,.T.);
#6935 = LINE('',#6936,#6937);
#6936 = CARTESIAN_POINT('',(109.3199793915,8.031251368686,
    74.836438018917));
#6937 = VECTOR('',#6938,1.);
#6938 = DIRECTION('',(3.54225832974E-06,-0.999999999906,
    1.321990319314E-05));
#6939 = PLANE('',#6940);
#6940 = AXIS2_PLACEMENT_3D('',#6941,#6942,#6943);
#6941 = CARTESIAN_POINT('',(109.12841620519,7.937491238867,
    74.121512606018));
#6942 = DIRECTION('',(0.965925995419,5.02674E-12,-0.258818413899));
#6943 = DIRECTION('',(0.258818413899,-2.100000000001E-16,0.965925995419)
  );
#6944 = ADVANCED_FACE('',(#6945),#6980,.F.);
#6945 = FACE_BOUND('',#6946,.F.);
#6946 = EDGE_LOOP('',(#6947,#6948,#6955,#6979));
#6947 = ORIENTED_EDGE('',*,*,#5386,.F.);
#6948 = ORIENTED_EDGE('',*,*,#6949,.T.);
#6949 = EDGE_CURVE('',#5290,#6950,#6952,.T.);
#6950 = VERTEX_POINT('',#6951);
#6951 = CARTESIAN_POINT('',(113.10001578936,6.843752406193,
    69.910207727264));
#6952 = B_SPLINE_CURVE_WITH_KNOTS('',1,(#6953,#6954),.UNSPECIFIED.,.F.,
  .F.,(2,2),(0.,1.3105),.PIECEWISE_BEZIER_KNOTS.);
#6953 = CARTESIAN_POINT('',(111.9650737327,7.498975099639,
    69.910206423472));
#6954 = CARTESIAN_POINT('',(113.10001578936,6.843752406193,
    69.910207727264));
#6955 = ORIENTED_EDGE('',*,*,#6956,.T.);
#6956 = EDGE_CURVE('',#6950,#6928,#6957,.T.);
#6957 = B_SPLINE_CURVE_WITH_KNOTS('',11,(#6958,#6959,#6960,#6961,#6962,
    #6963,#6964,#6965,#6966,#6967,#6968,#6969,#6970,#6971,#6972,#6973,
    #6974,#6975,#6976,#6977,#6978),.UNSPECIFIED.,.F.,.F.,(12,9,12),(0.,
    2.556985831608,5.113971663216),.UNSPECIFIED.);
#6958 = CARTESIAN_POINT('',(113.10001578936,6.843752406193,
    69.910207727264));
#6959 = CARTESIAN_POINT('',(113.10000327546,6.897727767773,
    68.757100066345));
#6960 = CARTESIAN_POINT('',(112.81326295664,6.951707491717,
    67.603956843078));
#6961 = CARTESIAN_POINT('',(112.23960788981,7.005684133838,
    66.53014648015));
#6962 = CARTESIAN_POINT('',(111.40389157429,7.059659905253,
    65.614810371014));
#6963 = CARTESIAN_POINT('',(110.35534611482,7.113638464987,
    64.928414384214));
#6964 = CARTESIAN_POINT('',(109.16412128726,7.167615880006,
    64.524050789288));
#6965 = CARTESIAN_POINT('',(107.91438827576,7.221592896282,
    64.430239848815));
#6966 = CARTESIAN_POINT('',(106.694120295,7.275569972894,64.64768405948)
  );
#6967 = CARTESIAN_POINT('',(105.58534761888,7.329547218677,
    65.150461598292));
#6968 = CARTESIAN_POINT('',(103.72636353177,7.43750188743,
    66.630930895526));
#6969 = CARTESIAN_POINT('',(102.77747896578,7.545456556188,
    68.809744622439));
#6970 = CARTESIAN_POINT('',(102.57880546866,7.599433802152,
    70.010865726685));
#6971 = CARTESIAN_POINT('',(102.68459636029,7.653410877667,
    71.24583358247));
#6972 = CARTESIAN_POINT('',(103.09868528108,7.707387896976,
    72.42870534359));
#6973 = CARTESIAN_POINT('',(103.7975500442,7.7613653069,73.474663333151)
  );
#6974 = CARTESIAN_POINT('',(104.73195581923,7.815343872319,
    74.309869643803));
#6975 = CARTESIAN_POINT('',(105.83241449881,7.869319639423,
    74.880168058254));
#6976 = CARTESIAN_POINT('',(107.01808703804,7.923296283725,
    75.156352024386));
#6977 = CARTESIAN_POINT('',(108.20616616308,7.977276006978,
    75.13489634096));
#6978 = CARTESIAN_POINT('',(109.3199793915,8.031251368686,
    74.836438018917));
#6979 = ORIENTED_EDGE('',*,*,#6927,.F.);
#6980 = B_SPLINE_SURFACE_WITH_KNOTS('',1,11,(
    (#6981,#6982,#6983,#6984,#6985,#6986,#6987,#6988,#6989,#6990,#6991
      ,#6992,#6993,#6994,#6995,#6996,#6997,#6998,#6999,#7000,#7001)
    ,(#7002,#7003,#7004,#7005,#7006,#7007,#7008,#7009,#7010,#7011,#7012
      ,#7013,#7014,#7015,#7016,#7017,#7018,#7019,#7020,#7021,#7022
  )),.UNSPECIFIED.,.F.,.F.,.F.,(2,2),(12,9,12),(0.,1.3105),(0.,
    2.556985831608,5.113971663216),.UNSPECIFIED.);
#6981 = CARTESIAN_POINT('',(111.9650737327,7.498975099639,
    69.910206423472));
#6982 = CARTESIAN_POINT('',(111.96507344433,7.55297214821,
    69.013680070321));
#6983 = CARTESIAN_POINT('',(111.74212387703,7.606924059388,
    68.117206624918));
#6984 = CARTESIAN_POINT('',(111.29616652826,7.660907846287,
    67.282398729046));
#6985 = CARTESIAN_POINT('',(110.64642946502,7.714900676958,
    66.570578803048));
#6986 = CARTESIAN_POINT('',(109.83107591251,7.768864602223,
    66.037100843411));
#6987 = CARTESIAN_POINT('',(108.90515183175,7.822840429024,
    65.722667072189));
#6988 = CARTESIAN_POINT('',(107.93341990619,7.876820339688,
    65.649721434096));
#6989 = CARTESIAN_POINT('',(106.98472914859,7.930799647562,
    65.818788104202));
#6990 = CARTESIAN_POINT('',(106.12269295163,7.984777198149,
    66.209680247465));
#6991 = CARTESIAN_POINT('',(104.67740305907,8.092730467687,
    67.360690551046));
#6992 = CARTESIAN_POINT('',(103.939681825,8.200683737228,69.054637118476
    ));
#6993 = CARTESIAN_POINT('',(103.78522083449,8.254661287808,
    69.988470549079));
#6994 = CARTESIAN_POINT('',(103.86745465498,8.308640595697,
    70.94859308964));
#6995 = CARTESIAN_POINT('',(104.18941792308,8.36262050634,
    71.868334184735));
#6996 = CARTESIAN_POINT('',(104.73278474276,8.416596333165,
    72.681326432679));
#6997 = CARTESIAN_POINT('',(105.45911423756,8.470560258411,
    73.330822953015));
#6998 = CARTESIAN_POINT('',(106.31484404225,8.524553089088,
    73.774187752322));
#6999 = CARTESIAN_POINT('',(107.23662887173,8.578536875991,
    73.988884854059));
#7000 = CARTESIAN_POINT('',(108.1602593339,8.632488787162,
    73.972212809713));
#7001 = CARTESIAN_POINT('',(109.02623724777,8.68648583574,
    73.740174548679));
#7002 = CARTESIAN_POINT('',(113.10001578936,6.843752406193,
    69.910207727264));
#7003 = CARTESIAN_POINT('',(113.10000327546,6.897727767773,
    68.757100066345));
#7004 = CARTESIAN_POINT('',(112.81326295664,6.951707491717,
    67.603956843078));
#7005 = CARTESIAN_POINT('',(112.23960788981,7.005684133838,
    66.53014648015));
#7006 = CARTESIAN_POINT('',(111.40389157429,7.059659905253,
    65.614810371014));
#7007 = CARTESIAN_POINT('',(110.35534611482,7.113638464987,
    64.928414384214));
#7008 = CARTESIAN_POINT('',(109.16412128726,7.167615880006,
    64.524050789288));
#7009 = CARTESIAN_POINT('',(107.91438827576,7.221592896282,
    64.430239848815));
#7010 = CARTESIAN_POINT('',(106.694120295,7.275569972894,64.64768405948)
  );
#7011 = CARTESIAN_POINT('',(105.58534761888,7.329547218677,
    65.150461598292));
#7012 = CARTESIAN_POINT('',(103.72636353177,7.43750188743,
    66.630930895526));
#7013 = CARTESIAN_POINT('',(102.77747896578,7.545456556188,
    68.809744622439));
#7014 = CARTESIAN_POINT('',(102.57880546866,7.599433802152,
    70.010865726685));
#7015 = CARTESIAN_POINT('',(102.68459636029,7.653410877667,
    71.24583358247));
#7016 = CARTESIAN_POINT('',(103.09868528108,7.707387896976,
    72.42870534359));
#7017 = CARTESIAN_POINT('',(103.7975500442,7.7613653069,73.474663333151)
  );
#7018 = CARTESIAN_POINT('',(104.73195581923,7.815343872319,
    74.309869643803));
#7019 = CARTESIAN_POINT('',(105.83241449881,7.869319639423,
    74.880168058254));
#7020 = CARTESIAN_POINT('',(107.01808703804,7.923296283725,
    75.156352024386));
#7021 = CARTESIAN_POINT('',(108.20616616308,7.977276006978,
    75.13489634096));
#7022 = CARTESIAN_POINT('',(109.3199793915,8.031251368686,
    74.836438018917));
#7023 = ADVANCED_FACE('',(#7024),#7069,.F.);
#7024 = FACE_BOUND('',#7025,.F.);
#7025 = EDGE_LOOP('',(#7026,#7027,#7034,#7068));
#7026 = ORIENTED_EDGE('',*,*,#5289,.F.);
#7027 = ORIENTED_EDGE('',*,*,#7028,.T.);
#7028 = EDGE_CURVE('',#5280,#7029,#7031,.T.);
#7029 = VERTEX_POINT('',#7030);
#7030 = CARTESIAN_POINT('',(113.10001353374,5.343752062428,
    69.910207710851));
#7031 = B_SPLINE_CURVE_WITH_KNOTS('',1,(#7032,#7033),.UNSPECIFIED.,.F.,
  .F.,(2,2),(0.,1.3105),.PIECEWISE_BEZIER_KNOTS.);
#7032 = CARTESIAN_POINT('',(111.96507372918,5.998978656832,
    69.910206593316));
#7033 = CARTESIAN_POINT('',(113.10001353374,5.343752062428,
    69.910207710851));
#7034 = ORIENTED_EDGE('',*,*,#7035,.T.);
#7035 = EDGE_CURVE('',#7029,#6950,#7036,.T.);
#7036 = B_SPLINE_CURVE_WITH_KNOTS('',9,(#7037,#7038,#7039,#7040,#7041,
    #7042,#7043,#7044,#7045,#7046,#7047,#7048,#7049,#7050,#7051,#7052,
    #7053,#7054,#7055,#7056,#7057,#7058,#7059,#7060,#7061,#7062,#7063,
    #7064,#7065,#7066,#7067),.UNSPECIFIED.,.F.,.F.,(10,7,7,7,10),(0.,
    1.614938419963,3.229876839926,4.844815259889,6.459753679852),
  .UNSPECIFIED.);
#7037 = CARTESIAN_POINT('',(113.10001353374,5.343752062428,
    69.910207710851));
#7038 = CARTESIAN_POINT('',(113.10001441449,5.385418860704,
    69.020090994188));
#7039 = CARTESIAN_POINT('',(112.92528300206,5.427086293205,
    68.129969884975));
#7040 = CARTESIAN_POINT('',(112.57568347815,5.468752175377,
    67.279056540233));
#7041 = CARTESIAN_POINT('',(112.06161406685,5.510418456028,
    66.506605885872));
#7042 = CARTESIAN_POINT('',(111.40359075875,5.552085320917,
    65.848573620428));
#7043 = CARTESIAN_POINT('',(110.63113797325,5.593752185227,
    65.33451861816));
#7044 = CARTESIAN_POINT('',(109.78024450258,5.635418988715,
    64.984968270603));
#7045 = CARTESIAN_POINT('',(108.00000939992,5.718752388504,
    64.635417697489));
#7046 = CARTESIAN_POINT('',(106.21976052567,5.80208555667,
    64.984966786112));
#7047 = CARTESIAN_POINT('',(105.36885388341,5.843752119823,
    65.33451579196));
#7048 = CARTESIAN_POINT('',(104.5963841719,5.885418779641,65.84857492727
    ));
#7049 = CARTESIAN_POINT('',(103.93835933546,5.927085526958,
    66.506601644383));
#7050 = CARTESIAN_POINT('',(103.42430598756,5.96875226549,
    67.279067744406));
#7051 = CARTESIAN_POINT('',(103.07476253357,6.010418936865,
    68.129967961986));
#7052 = CARTESIAN_POINT('',(102.72521870505,6.09375223431,
    69.910207541814));
#7053 = CARTESIAN_POINT('',(103.0747629413,6.177085531755,
    71.690447041586));
#7054 = CARTESIAN_POINT('',(103.42430635657,6.21875220313,
    72.541347124037));
#7055 = CARTESIAN_POINT('',(103.93835852001,6.260418941662,
    73.313813491651));
#7056 = CARTESIAN_POINT('',(104.59638276009,6.302085688979,
    73.971841199625));
#7057 = CARTESIAN_POINT('',(105.36885309731,6.343752348797,
    74.485900736083));
#7058 = CARTESIAN_POINT('',(106.21976021834,6.385418911949,
    74.83544845124));
#7059 = CARTESIAN_POINT('',(108.00000920247,6.468752080117,
    75.184995547079));
#7060 = CARTESIAN_POINT('',(109.78024419525,6.552085479905,
    74.835445847556));
#7061 = CARTESIAN_POINT('',(110.63113815499,6.59375228337,
    74.485897294638));
#7062 = CARTESIAN_POINT('',(111.40359075443,6.635419147768,
    73.971844372067));
#7063 = CARTESIAN_POINT('',(112.06161991369,6.67708601251,
    73.313815419491));
#7064 = CARTESIAN_POINT('',(112.57568465616,6.7187522933,72.54135412624)
  );
#7065 = CARTESIAN_POINT('',(112.92527348317,6.760418175399,
    71.690445206783));
#7066 = CARTESIAN_POINT('',(113.10001490575,6.802085607915,
    70.800324443926));
#7067 = CARTESIAN_POINT('',(113.10001578936,6.843752406193,
    69.910207727264));
#7068 = ORIENTED_EDGE('',*,*,#6949,.F.);
#7069 = B_SPLINE_SURFACE_WITH_KNOTS('',1,9,(
    (#7070,#7071,#7072,#7073,#7074,#7075,#7076,#7077,#7078,#7079,#7080
      ,#7081,#7082,#7083,#7084,#7085,#7086,#7087,#7088,#7089,#7090,#7091
      ,#7092,#7093,#7094,#7095,#7096,#7097,#7098,#7099,#7100)
    ,(#7101,#7102,#7103,#7104,#7105,#7106,#7107,#7108,#7109,#7110,#7111
      ,#7112,#7113,#7114,#7115,#7116,#7117,#7118,#7119,#7120,#7121,#7122
      ,#7123,#7124,#7125,#7126,#7127,#7128,#7129,#7130,#7131
  )),.UNSPECIFIED.,.F.,.F.,.F.,(2,2),(10,7,7,7,10),(0.,1.3105),(0.,
    1.614938419963,3.229876839926,4.844815259889,6.459753679852),
  .UNSPECIFIED.);
#7070 = CARTESIAN_POINT('',(111.96507372918,5.998978656832,
    69.910206593316));
#7071 = CARTESIAN_POINT('',(111.9650735527,6.040643961628,
    69.218131760832));
#7072 = CARTESIAN_POINT('',(111.82921402181,6.082302703561,
    68.526170757789));
#7073 = CARTESIAN_POINT('',(111.55745500395,6.123977488354,
    67.864615191972));
#7074 = CARTESIAN_POINT('',(111.15775517339,6.165648148692,
    67.264006726836));
#7075 = CARTESIAN_POINT('',(110.64615420892,6.207312764969,
    66.752438302595));
#7076 = CARTESIAN_POINT('',(110.04560820149,6.248977386012,
    66.352774834493));
#7077 = CARTESIAN_POINT('',(109.38407306404,6.290642637007,
    66.08101543496));
#7078 = CARTESIAN_POINT('',(108.00000848588,6.373975282677,
    65.809253304633));
#7079 = CARTESIAN_POINT('',(106.61592606081,6.457310325116,
    66.081014653178));
#7080 = CARTESIAN_POINT('',(105.95437370552,6.498978062911,
    66.352776950021));
#7081 = CARTESIAN_POINT('',(105.35380982007,6.540644800466,
    66.752441131053));
#7082 = CARTESIAN_POINT('',(104.84222500765,6.582310632559,
    67.264029425078));
#7083 = CARTESIAN_POINT('',(104.44256903542,6.6239765556,67.864587773895
    ));
#7084 = CARTESIAN_POINT('',(104.17081061965,6.665643173539,
    68.526132403641));
#7085 = CARTESIAN_POINT('',(103.89905229833,6.748976878235,
    69.910208754254));
#7086 = CARTESIAN_POINT('',(104.17081139112,6.832310582931,
    71.294284953392));
#7087 = CARTESIAN_POINT('',(104.44257017526,6.87397720087,
    71.955829431578));
#7088 = CARTESIAN_POINT('',(104.84222648014,6.915643123911,
    72.556387558227));
#7089 = CARTESIAN_POINT('',(105.35381157655,6.957308956004,
    73.067975568863));
#7090 = CARTESIAN_POINT('',(105.95437568557,6.998975693558,
    73.467639416036));
#7091 = CARTESIAN_POINT('',(106.61592819295,7.040643431354,
    73.739401342433));
#7092 = CARTESIAN_POINT('',(108.00001076955,7.123978473792,
    74.011161917035));
#7093 = CARTESIAN_POINT('',(109.38407519619,7.207311119463,
    73.739399017225));
#7094 = CARTESIAN_POINT('',(110.04561018304,7.248976370458,
    73.467639252047));
#7095 = CARTESIAN_POINT('',(110.6461559676,7.290640991503,
    73.067975452701));
#7096 = CARTESIAN_POINT('',(111.15775665622,7.332305607775,
    72.556406748721));
#7097 = CARTESIAN_POINT('',(111.55745614513,7.373976268114,
    71.955798044468));
#7098 = CARTESIAN_POINT('',(111.82921477787,7.415651052908,
    71.294242334103));
#7099 = CARTESIAN_POINT('',(111.96507393881,7.457309794842,
    70.602281255956));
#7100 = CARTESIAN_POINT('',(111.9650737327,7.498975099639,
    69.910206423472));
#7101 = CARTESIAN_POINT('',(113.10001353374,5.343752062428,
    69.910207710851));
#7102 = CARTESIAN_POINT('',(113.10001441449,5.385418860704,
    69.020090994188));
#7103 = CARTESIAN_POINT('',(112.92528300206,5.427086293205,
    68.129969884975));
#7104 = CARTESIAN_POINT('',(112.57568347815,5.468752175377,
    67.279056540233));
#7105 = CARTESIAN_POINT('',(112.06161406685,5.510418456028,
    66.506605885872));
#7106 = CARTESIAN_POINT('',(111.40359075875,5.552085320917,
    65.848573620428));
#7107 = CARTESIAN_POINT('',(110.63113797325,5.593752185227,
    65.33451861816));
#7108 = CARTESIAN_POINT('',(109.78024450258,5.635418988715,
    64.984968270603));
#7109 = CARTESIAN_POINT('',(108.00000939992,5.718752388504,
    64.635417697489));
#7110 = CARTESIAN_POINT('',(106.21976052567,5.80208555667,
    64.984966786112));
#7111 = CARTESIAN_POINT('',(105.36885388341,5.843752119823,
    65.33451579196));
#7112 = CARTESIAN_POINT('',(104.5963841719,5.885418779641,65.84857492727
    ));
#7113 = CARTESIAN_POINT('',(103.93835933546,5.927085526958,
    66.506601644383));
#7114 = CARTESIAN_POINT('',(103.42430598756,5.96875226549,
    67.279067744406));
#7115 = CARTESIAN_POINT('',(103.07476253357,6.010418936865,
    68.129967961986));
#7116 = CARTESIAN_POINT('',(102.72521870505,6.09375223431,
    69.910207541814));
#7117 = CARTESIAN_POINT('',(103.0747629413,6.177085531755,
    71.690447041586));
#7118 = CARTESIAN_POINT('',(103.42430635657,6.21875220313,
    72.541347124037));
#7119 = CARTESIAN_POINT('',(103.93835852001,6.260418941662,
    73.313813491651));
#7120 = CARTESIAN_POINT('',(104.59638276009,6.302085688979,
    73.971841199625));
#7121 = CARTESIAN_POINT('',(105.36885309731,6.343752348797,
    74.485900736083));
#7122 = CARTESIAN_POINT('',(106.21976021834,6.385418911949,
    74.83544845124));
#7123 = CARTESIAN_POINT('',(108.00000920247,6.468752080117,
    75.184995547079));
#7124 = CARTESIAN_POINT('',(109.78024419525,6.552085479905,
    74.835445847556));
#7125 = CARTESIAN_POINT('',(110.63113815499,6.59375228337,
    74.485897294638));
#7126 = CARTESIAN_POINT('',(111.40359075443,6.635419147768,
    73.971844372067));
#7127 = CARTESIAN_POINT('',(112.06161991369,6.67708601251,
    73.313815419491));
#7128 = CARTESIAN_POINT('',(112.57568465616,6.7187522933,72.54135412624)
  );
#7129 = CARTESIAN_POINT('',(112.92527348317,6.760418175399,
    71.690445206783));
#7130 = CARTESIAN_POINT('',(113.10001490575,6.802085607915,
    70.800324443926));
#7131 = CARTESIAN_POINT('',(113.10001578936,6.843752406193,
    69.910207727264));
#7132 = ADVANCED_FACE('',(#7133),#7177,.F.);
#7133 = FACE_BOUND('',#7134,.F.);
#7134 = EDGE_LOOP('',(#7135,#7170,#7171,#7172));
#7135 = ORIENTED_EDGE('',*,*,#7136,.F.);
#7136 = EDGE_CURVE('',#5551,#7137,#7139,.T.);
#7137 = VERTEX_POINT('',#7138);
#7138 = CARTESIAN_POINT('',(113.10001450045,3.656251718699,
    37.410207694439));
#7139 = B_SPLINE_CURVE_WITH_KNOTS('',11,(#7140,#7141,#7142,#7143,#7144,
    #7145,#7146,#7147,#7148,#7149,#7150,#7151,#7152,#7153,#7154,#7155,
    #7156,#7157,#7158,#7159,#7160,#7161,#7162,#7163,#7164,#7165,#7166,
    #7167,#7168,#7169),.UNSPECIFIED.,.F.,.F.,(12,9,9,12),(0.,
    1.614938419963,3.229876839926,6.459753679852),.UNSPECIFIED.);
#7140 = CARTESIAN_POINT('',(113.10001160036,2.156251374939,
    37.410207678025));
#7141 = CARTESIAN_POINT('',(113.10001251816,2.190342391708,
    36.681930594415));
#7142 = CARTESIAN_POINT('',(112.98564401485,2.224433823598,
    35.953650604821));
#7143 = CARTESIAN_POINT('',(112.75683484122,2.258524558499,
    35.245329984005));
#7144 = CARTESIAN_POINT('',(112.41753887313,2.292615062442,
    34.576948584498));
#7145 = CARTESIAN_POINT('',(111.97561854563,2.326705771573,
    33.967589615728));
#7146 = CARTESIAN_POINT('',(111.44260433086,2.360796736516,
    33.434574103338));
#7147 = CARTESIAN_POINT('',(110.83324879101,2.394887800838,
    32.992662943436));
#7148 = CARTESIAN_POINT('',(110.16487403162,2.428978839439,
    32.653389422251));
#7149 = CARTESIAN_POINT('',(109.45656484957,2.463069827403,
    32.424592724693));
#7150 = CARTESIAN_POINT('',(108.00000817675,2.531251681006,
    32.195795886223));
#7151 = CARTESIAN_POINT('',(106.54344251602,2.599433383004,
    32.424591677086));
#7152 = CARTESIAN_POINT('',(105.83512463479,2.633524214923,
    32.653387467817));
#7153 = CARTESIAN_POINT('',(105.16673806099,2.667615077378,
    32.992661872441));
#7154 = CARTESIAN_POINT('',(104.55737309174,2.701705994173,
    33.434572861257));
#7155 = CARTESIAN_POINT('',(104.02435773159,2.735796951755,
    33.967589350151));
#7156 = CARTESIAN_POINT('',(103.58245026073,2.769887914704,
    34.576952536546));
#7157 = CARTESIAN_POINT('',(103.24318033684,2.803978852058,
    35.245335087043));
#7158 = CARTESIAN_POINT('',(103.0143882925,2.838069757998,
    35.953648377626));
#7159 = CARTESIAN_POINT('',(102.67120006337,2.940342441227,
    38.13848717742));
#7160 = CARTESIAN_POINT('',(103.35757756803,3.042615124456,
    40.323325812848));
#7161 = CARTESIAN_POINT('',(104.27274967267,3.110797110735,
    41.620157287055));
#7162 = CARTESIAN_POINT('',(105.58276996838,3.17897864744,
    42.597532900886));
#7163 = CARTESIAN_POINT('',(107.1623197637,3.247162398492,
    43.123889901656));
#7164 = CARTESIAN_POINT('',(108.83773779503,3.315339834202,
    43.12383643162));
#7165 = CARTESIAN_POINT('',(110.41725774382,3.383523560755,
    42.597524876031));
#7166 = CARTESIAN_POINT('',(111.72707638604,3.451709619767,
    41.620181759693));
#7167 = CARTESIAN_POINT('',(112.6425053782,3.519885991085,
    40.323326498245));
#7168 = CARTESIAN_POINT('',(113.10001266017,3.588069685155,
    38.86676186166));
#7169 = CARTESIAN_POINT('',(113.10001450045,3.656251718699,
    37.410207694439));
#7170 = ORIENTED_EDGE('',*,*,#5587,.T.);
#7171 = ORIENTED_EDGE('',*,*,#5946,.T.);
#7172 = ORIENTED_EDGE('',*,*,#7173,.F.);
#7173 = EDGE_CURVE('',#7137,#5939,#7174,.T.);
#7174 = B_SPLINE_CURVE_WITH_KNOTS('',1,(#7175,#7176),.UNSPECIFIED.,.F.,
  .F.,(2,2),(0.,1.3105),.PIECEWISE_BEZIER_KNOTS.);
#7175 = CARTESIAN_POINT('',(113.10001450045,3.656251718699,
    37.410207694439));
#7176 = CARTESIAN_POINT('',(111.96509946992,3.000982214246,
    37.41020676317));
#7177 = B_SPLINE_SURFACE_WITH_KNOTS('',1,9,(
    (#7178,#7179,#7180,#7181,#7182,#7183,#7184,#7185,#7186,#7187,#7188
      ,#7189,#7190,#7191,#7192,#7193,#7194,#7195,#7196,#7197,#7198,#7199
      ,#7200,#7201,#7202,#7203,#7204,#7205,#7206,#7207,#7208)
    ,(#7209,#7210,#7211,#7212,#7213,#7214,#7215,#7216,#7217,#7218,#7219
      ,#7220,#7221,#7222,#7223,#7224,#7225,#7226,#7227,#7228,#7229,#7230
      ,#7231,#7232,#7233,#7234,#7235,#7236,#7237,#7238,#7239
  )),.UNSPECIFIED.,.F.,.F.,.F.,(2,2),(10,7,7,7,10),(0.,1.3105),(0.,
    1.614938419963,3.229876839926,4.844815259889,6.459753679852),
  .UNSPECIFIED.);
#7178 = CARTESIAN_POINT('',(113.10001160036,2.156251374939,
    37.410207678025));
#7179 = CARTESIAN_POINT('',(113.10001272212,2.197918173212,
    36.520091242501));
#7180 = CARTESIAN_POINT('',(112.92528278385,2.239585605699,
    35.629970367281));
#7181 = CARTESIAN_POINT('',(112.57568183173,2.281251487893,
    34.779056663499));
#7182 = CARTESIAN_POINT('',(112.06161190622,2.322917768531,
    34.006607779322));
#7183 = CARTESIAN_POINT('',(111.40358963371,2.364584633438,
    33.348575256692));
#7184 = CARTESIAN_POINT('',(110.63113705928,2.406251497733,
    32.834520129297));
#7185 = CARTESIAN_POINT('',(109.78024392295,2.447918301222,
    32.484969646353));
#7186 = CARTESIAN_POINT('',(108.00000936265,2.53125170101,
    32.135419080964));
#7187 = CARTESIAN_POINT('',(106.21976107083,2.614584869178,
    32.484968365945));
#7188 = CARTESIAN_POINT('',(105.36885477011,2.656251432333,
    32.834517456316));
#7189 = CARTESIAN_POINT('',(104.59638539841,2.69791809215,
    33.348576381514));
#7190 = CARTESIAN_POINT('',(103.93836069282,2.739584839467,
    34.006602757359));
#7191 = CARTESIAN_POINT('',(103.4243073477,2.781251577996,
    34.779068581498));
#7192 = CARTESIAN_POINT('',(103.07476400916,2.822918249372,
    35.629968553913));
#7193 = CARTESIAN_POINT('',(102.72522037141,2.906251546818,
    37.410207587128));
#7194 = CARTESIAN_POINT('',(103.07476457758,2.989584844263,
    39.190446508736));
#7195 = CARTESIAN_POINT('',(103.42430788746,3.031251515639,
    40.041346298739));
#7196 = CARTESIAN_POINT('',(103.93835972888,3.072918254168,
    40.813812454158));
#7197 = CARTESIAN_POINT('',(104.59638368405,3.114585001487,
    41.471840087636));
#7198 = CARTESIAN_POINT('',(105.368853873,3.156251661302,41.985899509416
    ));
#7199 = CARTESIAN_POINT('',(106.21976079796,3.197918224457,
    42.335446919202));
#7200 = CARTESIAN_POINT('',(108.00000923974,3.281251392627,
    42.684993597832));
#7201 = CARTESIAN_POINT('',(109.78024365008,3.364584792415,
    42.335444111437));
#7202 = CARTESIAN_POINT('',(110.63113740655,3.406251595873,
    41.985895914764));
#7203 = CARTESIAN_POINT('',(111.40358972898,3.447918460282,
    41.471843442097));
#7204 = CARTESIAN_POINT('',(112.0616195081,3.489585324999,
    40.813815162535));
#7205 = CARTESIAN_POINT('',(112.57568341165,3.531251605815,
    40.041352587008));
#7206 = CARTESIAN_POINT('',(112.92527058946,3.572917487917,
    39.190444564202));
#7207 = CARTESIAN_POINT('',(113.10001337583,3.614584920422,
    38.300324129963));
#7208 = CARTESIAN_POINT('',(113.10001450045,3.656251718699,
    37.410207694439));
#7209 = CARTESIAN_POINT('',(111.96509431758,1.500985771361,
    37.410206933009));
#7210 = CARTESIAN_POINT('',(111.9650961716,1.542651076183,
    36.718128058724));
#7211 = CARTESIAN_POINT('',(111.82924728896,1.584309818277,
    36.026162612868));
#7212 = CARTESIAN_POINT('',(111.55747448991,1.62598460297,
    35.364598125213));
#7213 = CARTESIAN_POINT('',(111.15776701113,1.667655263063,
    34.763998285686));
#7214 = CARTESIAN_POINT('',(110.64616974883,1.709319879551,
    34.252423078839));
#7215 = CARTESIAN_POINT('',(110.04562003031,1.750984500541,
    33.85275488797));
#7216 = CARTESIAN_POINT('',(109.38408159306,1.792649751594,
    33.580991836512));
#7217 = CARTESIAN_POINT('',(108.00000881071,1.875982397281,
    33.309227088001));
#7218 = CARTESIAN_POINT('',(106.61591841916,1.959317439678,
    33.580992264945));
#7219 = CARTESIAN_POINT('',(105.95436273922,2.000985177452,
    33.852757606373));
#7220 = CARTESIAN_POINT('',(105.35379604981,2.042651915004,
    34.25242364967));
#7221 = CARTESIAN_POINT('',(104.84220755568,2.084317747117,
    34.764013789029));
#7222 = CARTESIAN_POINT('',(104.44254788231,2.125983670172,
    35.364575331185));
#7223 = CARTESIAN_POINT('',(104.17078781882,2.167650288114,
    36.026123973089));
#7224 = CARTESIAN_POINT('',(103.89902834177,2.250983992801,
    37.410208493706));
#7225 = CARTESIAN_POINT('',(104.17078945385,2.334317697488,
    38.79429269329));
#7226 = CARTESIAN_POINT('',(104.44254976525,2.37598431543,
    39.455840888369));
#7227 = CARTESIAN_POINT('',(104.84220703839,2.417650238485,
    40.056402838559));
#7228 = CARTESIAN_POINT('',(105.35379443041,2.459316070601,
    40.567994981158));
#7229 = CARTESIAN_POINT('',(105.95436275228,2.50098280815,
    40.967661635414));
#7230 = CARTESIAN_POINT('',(106.61591966401,2.542650545922,
    41.239423692278));
#7231 = CARTESIAN_POINT('',(108.0000104447,2.625985588323,
    41.511183613568));
#7232 = CARTESIAN_POINT('',(109.38408283791,2.70931823401,
    41.239420156834));
#7233 = CARTESIAN_POINT('',(110.04562225413,2.750983485009,
    40.967660868381));
#7234 = CARTESIAN_POINT('',(110.64617134443,2.792648106201,
    40.567997122661));
#7235 = CARTESIAN_POINT('',(111.15778171196,2.834312722351,
    40.056429223047));
#7236 = CARTESIAN_POINT('',(111.55747822085,2.875983382759,
    39.455804878784));
#7237 = CARTESIAN_POINT('',(111.82922624946,2.917658167289,
    38.794250361209));
#7238 = CARTESIAN_POINT('',(111.96509764552,2.959316909417,
    38.102285637455));
#7239 = CARTESIAN_POINT('',(111.96509946992,3.000982214246,
    37.41020676317));
#7240 = ADVANCED_FACE('',(#7241),#7286,.F.);
#7241 = FACE_BOUND('',#7242,.F.);
#7242 = EDGE_LOOP('',(#7243,#7279,#7280,#7281));
#7243 = ORIENTED_EDGE('',*,*,#7244,.F.);
#7244 = EDGE_CURVE('',#5659,#7245,#7247,.T.);
#7245 = VERTEX_POINT('',#7246);
#7246 = CARTESIAN_POINT('',(113.10001127812,3.843751718671,
    37.410207694437));
#7247 = B_SPLINE_CURVE_WITH_KNOTS('',9,(#7248,#7249,#7250,#7251,#7252,
    #7253,#7254,#7255,#7256,#7257,#7258,#7259,#7260,#7261,#7262,#7263,
    #7264,#7265,#7266,#7267,#7268,#7269,#7270,#7271,#7272,#7273,#7274,
    #7275,#7276,#7277,#7278),.UNSPECIFIED.,.F.,.F.,(10,7,7,7,10),(0.,
    1.614938419963,3.229876839926,4.844815259889,6.459753679852),
  .UNSPECIFIED.);
#7248 = CARTESIAN_POINT('',(113.1000090225,2.343751374921,
    37.410207678025));
#7249 = CARTESIAN_POINT('',(113.10000989752,2.385418173191,
    36.520091748553));
#7250 = CARTESIAN_POINT('',(112.92527863389,2.427085605657,
    35.629971428124));
#7251 = CARTESIAN_POINT('',(112.57567941389,2.468751487865,
    34.779058838294));
#7252 = CARTESIAN_POINT('',(112.06161045221,2.510417768533,
    34.006608870317));
#7253 = CARTESIAN_POINT('',(111.4035877219,2.552084633414,
    33.348577191275));
#7254 = CARTESIAN_POINT('',(110.6311356164,2.593751497715,
    32.834522648663));
#7255 = CARTESIAN_POINT('',(109.78024289615,2.635418301197,
    32.484972615787));
#7256 = CARTESIAN_POINT('',(108.00000936597,2.718751700983,
    32.135422363327));
#7257 = CARTESIAN_POINT('',(106.21976206868,2.802084869156,
    32.484971154216));
#7258 = CARTESIAN_POINT('',(105.36885618133,2.843751432314,
    32.834519856352));
#7259 = CARTESIAN_POINT('',(104.59638715643,2.885418092131,
    33.348578541928));
#7260 = CARTESIAN_POINT('',(103.9383629063,2.927084839446,
    34.006604681199));
#7261 = CARTESIAN_POINT('',(103.42431001809,2.968751577973,
    34.779070101219));
#7262 = CARTESIAN_POINT('',(103.07476687876,3.010418249349,
    35.629969568384));
#7263 = CARTESIAN_POINT('',(102.72522337089,3.093751546795,
    37.410207575765));
#7264 = CARTESIAN_POINT('',(103.07476730941,3.177084844242,
    39.19044549859));
#7265 = CARTESIAN_POINT('',(103.42431042097,3.218751515617,
    40.041344826129));
#7266 = CARTESIAN_POINT('',(103.93836213467,3.260418254145,
    40.81381050712));
#7267 = CARTESIAN_POINT('',(104.59638579691,3.30208500146,
    41.471837628785));
#7268 = CARTESIAN_POINT('',(105.36885545413,3.343751661277,
    41.985896705563));
#7269 = CARTESIAN_POINT('',(106.21976182475,3.385418224434,
    42.335444106053));
#7270 = CARTESIAN_POINT('',(108.00000923642,3.468751392609,
    42.684990881239));
#7271 = CARTESIAN_POINT('',(109.78024265223,3.552084792395,
    42.335441479453));
#7272 = CARTESIAN_POINT('',(110.63113585705,3.593751595852,
    41.985893230262));
#7273 = CARTESIAN_POINT('',(111.40358776986,3.635418460243,
    41.471840757411));
#7274 = CARTESIAN_POINT('',(112.06161634287,3.677085324975,
    40.813812382764));
#7275 = CARTESIAN_POINT('',(112.57568062577,3.718751605783,
    40.041351769274));
#7276 = CARTESIAN_POINT('',(112.92526913791,3.760417487917,
    39.190443600229));
#7277 = CARTESIAN_POINT('',(113.10001040024,3.802084920398,
    38.300323623909));
#7278 = CARTESIAN_POINT('',(113.10001127812,3.843751718671,
    37.410207694437));
#7279 = ORIENTED_EDGE('',*,*,#5696,.T.);
#7280 = ORIENTED_EDGE('',*,*,#7136,.T.);
#7281 = ORIENTED_EDGE('',*,*,#7282,.F.);
#7282 = EDGE_CURVE('',#7245,#7137,#7283,.T.);
#7283 = B_SPLINE_CURVE_WITH_KNOTS('',1,(#7284,#7285),.UNSPECIFIED.,.F.,
  .F.,(2,2),(0.,0.1875),.PIECEWISE_BEZIER_KNOTS.);
#7284 = CARTESIAN_POINT('',(113.10001127812,3.843751718671,
    37.410207694437));
#7285 = CARTESIAN_POINT('',(113.10001450045,3.656251718699,
    37.410207694439));
#7286 = B_SPLINE_SURFACE_WITH_KNOTS('',1,11,(
    (#7287,#7288,#7289,#7290,#7291,#7292,#7293,#7294,#7295,#7296,#7297
      ,#7298,#7299,#7300,#7301,#7302,#7303,#7304,#7305,#7306,#7307,#7308
      ,#7309,#7310,#7311,#7312,#7313,#7314,#7315,#7316)
    ,(#7317,#7318,#7319,#7320,#7321,#7322,#7323,#7324,#7325,#7326,#7327
      ,#7328,#7329,#7330,#7331,#7332,#7333,#7334,#7335,#7336,#7337,#7338
      ,#7339,#7340,#7341,#7342,#7343,#7344,#7345,#7346
  )),.UNSPECIFIED.,.F.,.F.,.F.,(2,2),(12,9,9,12),(0.,0.1875),(0.,
    1.614938419963,3.229876839926,6.459753679852),.UNSPECIFIED.);
#7287 = CARTESIAN_POINT('',(113.1000090225,2.343751374921,
    37.410207678025));
#7288 = CARTESIAN_POINT('',(113.10000973843,2.377842391687,
    36.681931008457));
#7289 = CARTESIAN_POINT('',(112.98564032724,2.411933823565,
    35.953651464808));
#7290 = CARTESIAN_POINT('',(112.75683164536,2.446024558463,
    35.245331581688));
#7291 = CARTESIAN_POINT('',(112.41753663434,2.480115062427,
    34.576950223957));
#7292 = CARTESIAN_POINT('',(111.97561679152,2.514205771558,
    33.967591133847));
#7293 = CARTESIAN_POINT('',(111.44260262917,2.548296736503,
    33.434575914175));
#7294 = CARTESIAN_POINT('',(110.83324721447,2.582387800814,
    32.992665288619));
#7295 = CARTESIAN_POINT('',(110.16487282109,2.616478839419,
    32.653392171094));
#7296 = CARTESIAN_POINT('',(109.4565640099,2.650569827378,
    32.424595747355));
#7297 = CARTESIAN_POINT('',(108.00000817699,2.71875168098,
    32.195799098889));
#7298 = CARTESIAN_POINT('',(106.54344333288,2.786933382981,
    32.424594551524));
#7299 = CARTESIAN_POINT('',(105.83512581595,2.821024214903,
    32.653390071916));
#7300 = CARTESIAN_POINT('',(105.16673955953,2.855115077358,
    32.992664223337));
#7301 = CARTESIAN_POINT('',(104.55737491093,2.889205994154,
    33.434575000718));
#7302 = CARTESIAN_POINT('',(104.02435990393,2.923296951734,
    33.967591265035));
#7303 = CARTESIAN_POINT('',(103.58245277839,2.957387914682,
    34.576954155449));
#7304 = CARTESIAN_POINT('',(103.24318310857,2.991478852035,
    35.245336330755));
#7305 = CARTESIAN_POINT('',(103.0143911839,3.025569757975,
    35.953649205706));
#7306 = CARTESIAN_POINT('',(102.67120306539,3.127842441206,
    38.138486749841));
#7307 = CARTESIAN_POINT('',(103.3575800952,3.230115124435,
    40.323324169449));
#7308 = CARTESIAN_POINT('',(104.27275127332,3.298297110715,
    41.620154359336));
#7309 = CARTESIAN_POINT('',(105.58277444003,3.3664786474,42.59753313972)
  );
#7310 = CARTESIAN_POINT('',(107.16231612738,3.434662398467,
    43.123876171848));
#7311 = CARTESIAN_POINT('',(108.83773791099,3.502839834192,
    43.123849367455));
#7312 = CARTESIAN_POINT('',(110.41726176606,3.571023560805,
    42.597510886277));
#7313 = CARTESIAN_POINT('',(111.72706668022,3.639209619616,
    41.620181883131));
#7314 = CARTESIAN_POINT('',(112.6425063076,3.707385991124,
    40.323324968095));
#7315 = CARTESIAN_POINT('',(113.10000984159,3.775569685134,
    38.866761033573));
#7316 = CARTESIAN_POINT('',(113.10001127812,3.843751718671,
    37.410207694437));
#7317 = CARTESIAN_POINT('',(113.10001160036,2.156251374939,
    37.410207678025));
#7318 = CARTESIAN_POINT('',(113.10001251816,2.190342391708,
    36.681930594415));
#7319 = CARTESIAN_POINT('',(112.98564401485,2.224433823598,
    35.953650604821));
#7320 = CARTESIAN_POINT('',(112.75683484122,2.258524558499,
    35.245329984005));
#7321 = CARTESIAN_POINT('',(112.41753887313,2.292615062442,
    34.576948584498));
#7322 = CARTESIAN_POINT('',(111.97561854563,2.326705771573,
    33.967589615728));
#7323 = CARTESIAN_POINT('',(111.44260433086,2.360796736516,
    33.434574103338));
#7324 = CARTESIAN_POINT('',(110.83324879101,2.394887800838,
    32.992662943436));
#7325 = CARTESIAN_POINT('',(110.16487403162,2.428978839439,
    32.653389422251));
#7326 = CARTESIAN_POINT('',(109.45656484957,2.463069827403,
    32.424592724693));
#7327 = CARTESIAN_POINT('',(108.00000817675,2.531251681006,
    32.195795886223));
#7328 = CARTESIAN_POINT('',(106.54344251602,2.599433383004,
    32.424591677086));
#7329 = CARTESIAN_POINT('',(105.83512463479,2.633524214923,
    32.653387467817));
#7330 = CARTESIAN_POINT('',(105.16673806099,2.667615077378,
    32.992661872441));
#7331 = CARTESIAN_POINT('',(104.55737309174,2.701705994173,
    33.434572861257));
#7332 = CARTESIAN_POINT('',(104.02435773159,2.735796951755,
    33.967589350151));
#7333 = CARTESIAN_POINT('',(103.58245026073,2.769887914704,
    34.576952536546));
#7334 = CARTESIAN_POINT('',(103.24318033684,2.803978852058,
    35.245335087043));
#7335 = CARTESIAN_POINT('',(103.0143882925,2.838069757998,
    35.953648377626));
#7336 = CARTESIAN_POINT('',(102.67120006337,2.940342441227,
    38.13848717742));
#7337 = CARTESIAN_POINT('',(103.35757756803,3.042615124456,
    40.323325812848));
#7338 = CARTESIAN_POINT('',(104.27274967267,3.110797110735,
    41.620157287055));
#7339 = CARTESIAN_POINT('',(105.58276996838,3.17897864744,
    42.597532900886));
#7340 = CARTESIAN_POINT('',(107.1623197637,3.247162398492,
    43.123889901656));
#7341 = CARTESIAN_POINT('',(108.83773779503,3.315339834202,
    43.12383643162));
#7342 = CARTESIAN_POINT('',(110.41725774382,3.383523560755,
    42.597524876031));
#7343 = CARTESIAN_POINT('',(111.72707638604,3.451709619767,
    41.620181759693));
#7344 = CARTESIAN_POINT('',(112.6425053782,3.519885991085,
    40.323326498245));
#7345 = CARTESIAN_POINT('',(113.10001266017,3.588069685155,
    38.86676186166));
#7346 = CARTESIAN_POINT('',(113.10001450045,3.656251718699,
    37.410207694439));
#7347 = ADVANCED_FACE('',(#7348),#7455,.F.);
#7348 = FACE_BOUND('',#7349,.F.);
#7349 = EDGE_LOOP('',(#7350,#7448,#7449,#7450));
#7350 = ORIENTED_EDGE('',*,*,#7351,.F.);
#7351 = EDGE_CURVE('',#5766,#7352,#7354,.T.);
#7352 = VERTEX_POINT('',#7353);
#7353 = CARTESIAN_POINT('',(112.5,4.1901546429,37.410207407236));
#7354 = B_SPLINE_CURVE_WITH_KNOTS('',8,(#7355,#7356,#7357,#7358,#7359,
    #7360,#7361,#7362,#7363,#7364,#7365,#7366,#7367,#7368,#7369,#7370,
    #7371,#7372,#7373,#7374,#7375,#7376,#7377,#7378,#7379,#7380,#7381,
    #7382,#7383,#7384,#7385,#7386,#7387,#7388,#7389,#7390,#7391,#7392,
    #7393,#7394,#7395,#7396,#7397,#7398,#7399,#7400,#7401,#7402,#7403,
    #7404,#7405,#7406,#7407,#7408,#7409,#7410,#7411,#7412,#7413,#7414,
    #7415,#7416,#7417,#7418,#7419,#7420,#7421,#7422,#7423,#7424,#7425,
    #7426,#7427,#7428,#7429,#7430,#7431,#7432,#7433,#7434,#7435,#7436,
    #7437,#7438,#7439,#7440,#7441,#7442,#7443,#7444,#7445,#7446,#7447),
  .UNSPECIFIED.,.F.,.F.,(9,7,7,7,7,7,7,7,7,7,7,7,7,9),(0.,
    4.492787826741E-02,0.133579226875,0.220298995248,0.272118863567,
    0.37517075636,0.501623124914,0.522543488822,0.62754050491,
    0.736076624369,0.786563149632,0.869385487662,0.954695196688,1.),
  .UNSPECIFIED.);
#7355 = CARTESIAN_POINT('',(112.5,2.690155750981,37.410207202095));
#7356 = CARTESIAN_POINT('',(112.5,2.698578743068,37.251431954542));
#7357 = CARTESIAN_POINT('',(112.49359746072,2.707002732025,
    37.092655352161));
#7358 = CARTESIAN_POINT('',(112.48079253111,2.715427041235,
    36.93418074665));
#7359 = CARTESIAN_POINT('',(112.46160224653,2.723851311534,
    36.776309450871));
#7360 = CARTESIAN_POINT('',(112.43606050996,2.732275399634,
    36.619340568672));
#7361 = CARTESIAN_POINT('',(112.4042180731,2.74069927654,36.463570824718
    ));
#7362 = CARTESIAN_POINT('',(112.36614251753,2.749122925964,
    36.30929439431));
#7363 = CARTESIAN_POINT('',(112.23465521868,2.774167067538,
    35.85590734422));
#7364 = CARTESIAN_POINT('',(112.12343759916,2.790789385871,
    35.561909519172));
#7365 = CARTESIAN_POINT('',(111.98891776999,2.807409859367,
    35.277103612306));
#7366 = CARTESIAN_POINT('',(111.83200395873,2.824028848506,
    35.00363701063));
#7367 = CARTESIAN_POINT('',(111.65382187039,2.840648239218,
    34.743527267377));
#7368 = CARTESIAN_POINT('',(111.45569988741,2.857269561914,
    34.498664581861));
#7369 = CARTESIAN_POINT('',(111.23917782748,2.873892402971,
    34.270799625718));
#7370 = CARTESIAN_POINT('',(110.77798043062,2.906771674045,
    33.856793766834));
#7371 = CARTESIAN_POINT('',(110.53395567936,2.923032781397,
    33.669792997014));
#7372 = CARTESIAN_POINT('',(110.27561709776,2.939293107306,
    33.502012119583));
#7373 = CARTESIAN_POINT('',(110.00474481062,2.955552232869,
    33.354712524863));
#7374 = CARTESIAN_POINT('',(109.72322625346,2.971811250954,
    33.228949830065));
#7375 = CARTESIAN_POINT('',(109.43304626528,2.988071330924,
    33.125582581313));
#7376 = CARTESIAN_POINT('',(109.13628799535,3.004332240829,
    33.045259107655));
#7377 = CARTESIAN_POINT('',(108.65519476777,3.030306233507,
    32.954395617541));
#7378 = CARTESIAN_POINT('',(108.47366105859,3.0400217694,32.928777750328
    ));
#7379 = CARTESIAN_POINT('',(108.29100211544,3.049737207631,
    32.911615260383));
#7380 = CARTESIAN_POINT('',(108.10767802249,3.059452545746,
    32.902964366232));
#7381 = CARTESIAN_POINT('',(107.92414995567,3.069167892731,
    32.90285116167));
#7382 = CARTESIAN_POINT('',(107.7408798094,3.078883355801,
    32.911271607495));
#7383 = CARTESIAN_POINT('',(107.5583298232,3.088598927184,
    32.928191523242));
#7384 = CARTESIAN_POINT('',(107.0162844103,3.117635046528,
    33.003969062878));
#7385 = CARTESIAN_POINT('',(106.66017128688,3.136961048147,
    33.087765427828));
#7386 = CARTESIAN_POINT('',(106.31237768618,3.156284921111,
    33.204440882388));
#7387 = CARTESIAN_POINT('',(105.97643263814,3.175606059037,
    33.352986800462));
#7388 = CARTESIAN_POINT('',(105.6556720842,3.194927251247,33.53197737311
    ));
#7389 = CARTESIAN_POINT('',(105.35324178023,3.214251246565,
    33.739605756198));
#7390 = CARTESIAN_POINT('',(105.07207037287,3.233577333491,
    33.97365971381));
#7391 = CARTESIAN_POINT('',(104.49913820961,3.27660575985,
    34.547748441227));
#7392 = CARTESIAN_POINT('',(104.21916828595,3.300327803293,
    34.900082603389));
#7393 = CARTESIAN_POINT('',(103.98002697107,3.324041378932,
    35.283459171333));
#7394 = CARTESIAN_POINT('',(103.78558017651,3.347748564687,
    35.692267478176));
#7395 = CARTESIAN_POINT('',(103.63881569409,3.371455794295,
    36.120512804572));
#7396 = CARTESIAN_POINT('',(103.54178800712,3.395169253478,
    36.561819841085));
#7397 = CARTESIAN_POINT('',(103.49565579817,3.418891284891,
    37.009474832512));
#7398 = CARTESIAN_POINT('',(103.50099422254,3.446521378004,
    37.530261403703));
#7399 = CARTESIAN_POINT('',(103.50314015986,3.450443635375,
    37.604175716147));
#7400 = CARTESIAN_POINT('',(103.50667390185,3.454365907102,
    37.678045374604));
#7401 = CARTESIAN_POINT('',(103.5115943371,3.458288192654,
    37.751839971936));
#7402 = CARTESIAN_POINT('',(103.51789955692,3.462210491425,
    37.825529163439));
#7403 = CARTESIAN_POINT('',(103.52558685538,3.466132802738,
    37.899082666852));
#7404 = CARTESIAN_POINT('',(103.5346527293,3.470055125845,
    37.972470262351));
#7405 = CARTESIAN_POINT('',(103.59749084276,3.493663225244,
    38.413002069592));
#7406 = CARTESIAN_POINT('',(103.68452191876,3.513354970509,
    38.775513376449));
#7407 = CARTESIAN_POINT('',(103.80565242555,3.533044373288,
    39.129218804629));
#7408 = CARTESIAN_POINT('',(103.95979373989,3.552730643276,
    39.470390803399));
#7409 = CARTESIAN_POINT('',(104.1454095795,3.572416776855,
    39.795513289048));
#7410 = CARTESIAN_POINT('',(104.36055629993,3.59210580563,
    40.101277906735));
#7411 = CARTESIAN_POINT('',(104.60285620479,3.611797038953,
    40.384614444921));
#7412 = CARTESIAN_POINT('',(105.14493597737,3.651831087181,
    40.909597440788));
#7413 = CARTESIAN_POINT('',(105.44655495694,3.672186410452,
    41.149688253417));
#7414 = CARTESIAN_POINT('',(105.77109890188,3.692537944687,
    41.359908245168));
#7415 = CARTESIAN_POINT('',(106.11507351506,3.71288629715,
    41.537756267366));
#7416 = CARTESIAN_POINT('',(106.47474113178,3.733234754513,
    41.681240318675));
#7417 = CARTESIAN_POINT('',(106.84614862643,3.753586532576,
    41.788840245049));
#7418 = CARTESIAN_POINT('',(107.22511748178,3.773942072522,
    41.859553193542));
#7419 = CARTESIAN_POINT('',(107.78495730311,3.803756374802,
    41.908605801772));
#7420 = CARTESIAN_POINT('',(107.96340379375,3.813222006126,
    41.916125264566));
#7421 = CARTESIAN_POINT('',(108.14212898536,3.822687598046,
    41.915553540548));
#7422 = CARTESIAN_POINT('',(108.32070440093,3.832153118922,
    41.906880350829));
#7423 = CARTESIAN_POINT('',(108.49870319192,3.84161863286,
    41.890122531361));
#7424 = CARTESIAN_POINT('',(108.67570045693,3.851084204068,
    41.865324004056));
#7425 = CARTESIAN_POINT('',(108.85127356037,3.860549801206,
    41.832555747912));
#7426 = CARTESIAN_POINT('',(109.31000192055,3.885543040076,
    41.725246535926));
#7427 = CARTESIAN_POINT('',(109.59007852639,3.90107251226,
    41.637384112297));
#7428 = CARTESIAN_POINT('',(109.86334374472,3.916601021463,
    41.528761699088));
#7429 = CARTESIAN_POINT('',(110.12800628935,3.932128371312,
    41.400011304258));
#7430 = CARTESIAN_POINT('',(110.38236242585,3.947655621436,
    41.251937335859));
#7431 = CARTESIAN_POINT('',(110.62479502433,3.963183903192,
    41.085506585414));
#7432 = CARTESIAN_POINT('',(110.85378135076,3.978713195572,40.9018546027
    ));
#7433 = CARTESIAN_POINT('',(111.28846867327,4.010235269375,
    40.496769429695));
#7434 = CARTESIAN_POINT('',(111.49331883119,4.02623189941,
    40.274315926959));
#7435 = CARTESIAN_POINT('',(111.68090169124,4.042228069789,
    40.036386624288));
#7436 = CARTESIAN_POINT('',(111.84986735192,4.058223694111,
    39.784559568809));
#7437 = CARTESIAN_POINT('',(111.99904858189,4.074219775009,
    39.52053083491));
#7438 = CARTESIAN_POINT('',(112.12745381704,4.090216961772,
    39.246104791943));
#7439 = CARTESIAN_POINT('',(112.23427896239,4.106214371798,
    38.963195988953));
#7440 = CARTESIAN_POINT('',(112.36389725435,4.130702653957,
    38.520177898121));
#7441 = CARTESIAN_POINT('',(112.40260854188,4.139196420318,
    38.364683382484));
#7442 = CARTESIAN_POINT('',(112.43498460396,4.147689815998,
    38.207657800526));
#7443 = CARTESIAN_POINT('',(112.46095555421,4.156182809591,
    38.049402674065));
#7444 = CARTESIAN_POINT('',(112.48046890416,4.164675498017,
    37.890222194373));
#7445 = CARTESIAN_POINT('',(112.49348959013,4.173168107309,
    37.730423060824));
#7446 = CARTESIAN_POINT('',(112.5,4.181660993397,37.570314319551));
#7447 = CARTESIAN_POINT('',(112.5,4.1901546429,37.410207202095));
#7448 = ORIENTED_EDGE('',*,*,#5865,.T.);
#7449 = ORIENTED_EDGE('',*,*,#7244,.T.);
#7450 = ORIENTED_EDGE('',*,*,#7451,.F.);
#7451 = EDGE_CURVE('',#7352,#7245,#7452,.T.);
#7452 = B_SPLINE_CURVE_WITH_KNOTS('',1,(#7453,#7454),.UNSPECIFIED.,.F.,
  .F.,(2,2),(0.,1.3105),.PIECEWISE_BEZIER_KNOTS.);
#7453 = CARTESIAN_POINT('',(111.96507372567,4.498982214024,
    37.410206763159));
#7454 = CARTESIAN_POINT('',(113.10001127812,3.843751718671,
    37.410207694437));
#7455 = B_SPLINE_SURFACE_WITH_KNOTS('',1,9,(
    (#7456,#7457,#7458,#7459,#7460,#7461,#7462,#7463,#7464,#7465,#7466
      ,#7467,#7468,#7469,#7470,#7471,#7472,#7473,#7474,#7475,#7476,#7477
      ,#7478,#7479,#7480,#7481,#7482,#7483,#7484,#7485,#7486)
    ,(#7487,#7488,#7489,#7490,#7491,#7492,#7493,#7494,#7495,#7496,#7497
      ,#7498,#7499,#7500,#7501,#7502,#7503,#7504,#7505,#7506,#7507,#7508
      ,#7509,#7510,#7511,#7512,#7513,#7514,#7515,#7516,#7517
  )),.UNSPECIFIED.,.F.,.F.,.F.,(2,2),(10,7,7,7,10),(0.,1.3105),(0.,
    1.614938419963,3.229876839926,4.844815259889,6.459753679852),
  .UNSPECIFIED.);
#7456 = CARTESIAN_POINT('',(111.96507372218,2.998985771219,
    37.410206933003));
#7457 = CARTESIAN_POINT('',(111.96507360497,3.040651076015,
    36.718132101742));
#7458 = CARTESIAN_POINT('',(111.82921413357,3.082309817948,
    36.026171088289));
#7459 = CARTESIAN_POINT('',(111.55745517293,3.123984602741,
    35.364615500369));
#7460 = CARTESIAN_POINT('',(111.15775539453,3.16565526308,
    34.764007002006));
#7461 = CARTESIAN_POINT('',(110.64615447477,3.207319879355,
    34.252438534863));
#7462 = CARTESIAN_POINT('',(110.04560850264,3.248984500399,
    33.852775016027));
#7463 = CARTESIAN_POINT('',(109.38407338964,3.290649751394,
    33.581015560309));
#7464 = CARTESIAN_POINT('',(108.00000883721,3.373982397065,
    33.309253311892));
#7465 = CARTESIAN_POINT('',(106.6159263913,3.457317439502,
    33.581014541374));
#7466 = CARTESIAN_POINT('',(105.9543740139,3.498985177299,
    33.852776781056));
#7467 = CARTESIAN_POINT('',(105.35381009526,3.540651914852,
    34.252440909932));
#7468 = CARTESIAN_POINT('',(104.84222523993,3.582317746947,
    34.764029159228));
#7469 = CARTESIAN_POINT('',(104.44256921695,3.623983669986,
    35.364587472746));
#7470 = CARTESIAN_POINT('',(104.170810745,3.665650287926,36.026132078041
    ));
#7471 = CARTESIAN_POINT('',(103.89905230558,3.748983992622,
    37.410208402926));
#7472 = CARTESIAN_POINT('',(104.17081127931,3.832317697317,
    38.794284622899));
#7473 = CARTESIAN_POINT('',(104.4425700063,3.873984315258,
    39.455829123198));
#7474 = CARTESIAN_POINT('',(104.84222625902,3.915650238296,
    40.056387283022));
#7475 = CARTESIAN_POINT('',(105.35381131071,3.957316070392,
    40.567975336578));
#7476 = CARTESIAN_POINT('',(105.95437538442,3.998982807944,
    40.967639234494));
#7477 = CARTESIAN_POINT('',(106.61592786735,4.040650545741,
    41.239401217091));
#7478 = CARTESIAN_POINT('',(108.00001041822,4.123985588179,
    41.511161909796));
#7479 = CARTESIAN_POINT('',(109.38407486569,4.20731823385,
    41.239399129036));
#7480 = CARTESIAN_POINT('',(110.04560987465,4.248983484845,
    40.967639421003));
#7481 = CARTESIAN_POINT('',(110.64615569239,4.290648105891,
    40.567975673807));
#7482 = CARTESIAN_POINT('',(111.15775642391,4.332312722162,
    40.056407014534));
#7483 = CARTESIAN_POINT('',(111.55745596358,4.373983382502,
    39.455798345635));
#7484 = CARTESIAN_POINT('',(111.82921465257,4.415658167296,
    38.794242659709));
#7485 = CARTESIAN_POINT('',(111.96507387252,4.457316909229,
    38.10228159442));
#7486 = CARTESIAN_POINT('',(111.96507372567,4.498982214024,
    37.410206763159));
#7487 = CARTESIAN_POINT('',(113.1000090225,2.343751374921,
    37.410207678025));
#7488 = CARTESIAN_POINT('',(113.10000989752,2.385418173191,
    36.520091748553));
#7489 = CARTESIAN_POINT('',(112.92527863389,2.427085605657,
    35.629971428124));
#7490 = CARTESIAN_POINT('',(112.57567941389,2.468751487865,
    34.779058838294));
#7491 = CARTESIAN_POINT('',(112.06161045221,2.510417768533,
    34.006608870317));
#7492 = CARTESIAN_POINT('',(111.4035877219,2.552084633414,
    33.348577191275));
#7493 = CARTESIAN_POINT('',(110.6311356164,2.593751497715,
    32.834522648663));
#7494 = CARTESIAN_POINT('',(109.78024289615,2.635418301197,
    32.484972615787));
#7495 = CARTESIAN_POINT('',(108.00000936597,2.718751700983,
    32.135422363327));
#7496 = CARTESIAN_POINT('',(106.21976206868,2.802084869156,
    32.484971154216));
#7497 = CARTESIAN_POINT('',(105.36885618133,2.843751432314,
    32.834519856352));
#7498 = CARTESIAN_POINT('',(104.59638715643,2.885418092131,
    33.348578541928));
#7499 = CARTESIAN_POINT('',(103.9383629063,2.927084839446,
    34.006604681199));
#7500 = CARTESIAN_POINT('',(103.42431001809,2.968751577973,
    34.779070101219));
#7501 = CARTESIAN_POINT('',(103.07476687876,3.010418249349,
    35.629969568384));
#7502 = CARTESIAN_POINT('',(102.72522337089,3.093751546795,
    37.410207575765));
#7503 = CARTESIAN_POINT('',(103.07476730941,3.177084844242,
    39.19044549859));
#7504 = CARTESIAN_POINT('',(103.42431042097,3.218751515617,
    40.041344826129));
#7505 = CARTESIAN_POINT('',(103.93836213467,3.260418254145,
    40.81381050712));
#7506 = CARTESIAN_POINT('',(104.59638579691,3.30208500146,
    41.471837628785));
#7507 = CARTESIAN_POINT('',(105.36885545413,3.343751661277,
    41.985896705563));
#7508 = CARTESIAN_POINT('',(106.21976182475,3.385418224434,
    42.335444106053));
#7509 = CARTESIAN_POINT('',(108.00000923642,3.468751392609,
    42.684990881239));
#7510 = CARTESIAN_POINT('',(109.78024265223,3.552084792395,
    42.335441479453));
#7511 = CARTESIAN_POINT('',(110.63113585705,3.593751595852,
    41.985893230262));
#7512 = CARTESIAN_POINT('',(111.40358776986,3.635418460243,
    41.471840757411));
#7513 = CARTESIAN_POINT('',(112.06161634287,3.677085324975,
    40.813812382764));
#7514 = CARTESIAN_POINT('',(112.57568062577,3.718751605783,
    40.041351769274));
#7515 = CARTESIAN_POINT('',(112.92526913791,3.760417487917,
    39.190443600229));
#7516 = CARTESIAN_POINT('',(113.10001040024,3.802084920398,
    38.300323623909));
#7517 = CARTESIAN_POINT('',(113.10001127812,3.843751718671,
    37.410207694437));
#7518 = ADVANCED_FACE('',(#7519),#7620,.F.);
#7519 = FACE_BOUND('',#7520,.F.);
#7520 = EDGE_LOOP('',(#7521,#7522,#7523,#7531));
#7521 = ORIENTED_EDGE('',*,*,#5938,.F.);
#7522 = ORIENTED_EDGE('',*,*,#7351,.T.);
#7523 = ORIENTED_EDGE('',*,*,#7524,.T.);
#7524 = EDGE_CURVE('',#7352,#7525,#7527,.T.);
#7525 = VERTEX_POINT('',#7526);
#7526 = CARTESIAN_POINT('',(112.50000000001,4.809815355783,
    37.410207366203));
#7527 = LINE('',#7528,#7529);
#7528 = CARTESIAN_POINT('',(112.5,-3.,37.410207612377));
#7529 = VECTOR('',#7530,1.);
#7530 = DIRECTION('',(0.,1.,-2.2E-16));
#7531 = ORIENTED_EDGE('',*,*,#7532,.F.);
#7532 = EDGE_CURVE('',#5939,#7525,#7533,.T.);
#7533 = B_SPLINE_CURVE_WITH_KNOTS('',7,(#7534,#7535,#7536,#7537,#7538,
    #7539,#7540,#7541,#7542,#7543,#7544,#7545,#7546,#7547,#7548,#7549,
    #7550,#7551,#7552,#7553,#7554,#7555,#7556,#7557,#7558,#7559,#7560,
    #7561,#7562,#7563,#7564,#7565,#7566,#7567,#7568,#7569,#7570,#7571,
    #7572,#7573,#7574,#7575,#7576,#7577,#7578,#7579,#7580,#7581,#7582,
    #7583,#7584,#7585,#7586,#7587,#7588,#7589,#7590,#7591,#7592,#7593,
    #7594,#7595,#7596,#7597,#7598,#7599,#7600,#7601,#7602,#7603,#7604,
    #7605,#7606,#7607,#7608,#7609,#7610,#7611,#7612,#7613,#7614,#7615,
    #7616,#7617,#7618,#7619),.UNSPECIFIED.,.F.,.F.,(8,6,6,6,6,6,6,6,6,6,
    6,6,6,6,8),(0.,4.769337347702E-02,0.1325119963,0.225507232707,
    0.285179827405,0.379728806812,0.482659523418,0.504509983062,
    0.598508994221,0.629510822966,0.746095558488,0.801236556525,
    0.868693448943,0.957342292638,1.),.UNSPECIFIED.);
#7534 = CARTESIAN_POINT('',(112.50000000002,3.309819440648,
    37.41020712003));
#7535 = CARTESIAN_POINT('',(112.50000000002,3.320038220604,
    37.217575964213));
#7536 = CARTESIAN_POINT('',(112.49037952386,3.330255553079,
    37.024942069935));
#7537 = CARTESIAN_POINT('',(112.47113886325,3.340472630732,
    36.832886834633));
#7538 = CARTESIAN_POINT('',(112.44232121656,3.350690186688,
    36.64198607569));
#7539 = CARTESIAN_POINT('',(112.40401259254,3.36090854424,
    36.452809437333));
#7540 = CARTESIAN_POINT('',(112.35634171415,3.371127666557,
    36.265919797524));
#7541 = CARTESIAN_POINT('',(112.19835604428,3.399521791898,
    35.754560464747));
#7542 = CARTESIAN_POINT('',(112.06814637296,3.41770081166,
    35.436181232607));
#7543 = CARTESIAN_POINT('',(111.90982044876,3.43587885304,
    35.129925076093));
#7544 = CARTESIAN_POINT('',(111.72477013263,3.454055212876,
    34.838734821811));
#7545 = CARTESIAN_POINT('',(111.5147311666,3.472231706888,
    34.565341866026));
#7546 = CARTESIAN_POINT('',(111.28177683649,3.490409299825,
    34.312256135739));
#7547 = CARTESIAN_POINT('',(110.75056324759,3.528509832312,
    33.828939306145));
#7548 = CARTESIAN_POINT('',(110.44806884539,3.548439470927,
    33.603168394096));
#7549 = CARTESIAN_POINT('',(110.1241516451,3.568365574669,
    33.407390960155));
#7550 = CARTESIAN_POINT('',(109.78240172128,3.588289853574,
    33.243961609004));
#7551 = CARTESIAN_POINT('',(109.42666622502,3.608216557143,
    33.11472013422));
#7552 = CARTESIAN_POINT('',(109.06103149014,3.628146772517,
    33.020982894977));
#7553 = CARTESIAN_POINT('',(108.45170401269,3.660859281503,
    32.926452967749));
#7554 = CARTESIAN_POINT('',(108.21122140492,3.673646059189,
    32.904384906233));
#7555 = CARTESIAN_POINT('',(107.96955229282,3.686432573694,
    32.897374699977));
#7556 = CARTESIAN_POINT('',(107.72782643374,3.699218892819,
    32.905486805203));
#7557 = CARTESIAN_POINT('',(107.48717098054,3.712005399403,
    32.928683406713));
#7558 = CARTESIAN_POINT('',(107.24870881214,3.724792182746,
    32.966824465172));
#7559 = CARTESIAN_POINT('',(106.64096669274,3.757837737935,
    33.103368456453));
#7560 = CARTESIAN_POINT('',(106.27658009923,3.778101369509,
    33.223987492851));
#7561 = CARTESIAN_POINT('',(105.92493943636,3.798361420478,
    33.380523251504));
#7562 = CARTESIAN_POINT('',(105.59023256983,3.818619187264,
    33.571294515668));
#7563 = CARTESIAN_POINT('',(105.27635313102,3.838879116072,
    33.794082226848));
#7564 = CARTESIAN_POINT('',(104.98688150588,3.859142634279,
    34.046140047195));
#7565 = CARTESIAN_POINT('',(104.43987409204,3.901457052589,
    34.626623903803));
#7566 = CARTESIAN_POINT('',(104.18728179251,3.923519456474,
    34.960011819846));
#7567 = CARTESIAN_POINT('',(103.9713850878,3.945577203166,
    35.319864749987));
#7568 = CARTESIAN_POINT('',(103.79536908272,3.967632014059,
    35.701304453502));
#7569 = CARTESIAN_POINT('',(103.66165627045,3.989690090068,
    36.099081277644));
#7570 = CARTESIAN_POINT('',(103.57189159278,4.011753016235,
    36.507606452394));
#7571 = CARTESIAN_POINT('',(103.51708786116,4.038490723844,
    37.008601239288));
#7572 = CARTESIAN_POINT('',(103.5094984368,4.043172753751,37.09655018423
    ));
#7573 = CARTESIAN_POINT('',(103.50392231945,4.047854766067,
    37.184663546776));
#7574 = CARTESIAN_POINT('',(103.50036364489,4.052536759452,
    37.272886027849));
#7575 = CARTESIAN_POINT('',(103.49882464695,4.057218732767,
    37.361162247602));
#7576 = CARTESIAN_POINT('',(103.49930565756,4.061900685078,
    37.449436745412));
#7577 = CARTESIAN_POINT('',(103.5125575465,4.086723923971,
    37.917157795496));
#7578 = CARTESIAN_POINT('',(103.56066698378,4.106869261616,
    38.295687964769));
#7579 = CARTESIAN_POINT('',(103.64603205078,4.12701099217,
    38.668678078504));
#7580 = CARTESIAN_POINT('',(103.76782408449,4.147150408314,
    39.031772119964));
#7581 = CARTESIAN_POINT('',(103.92464253931,4.167291833198,
    39.380794714176));
#7582 = CARTESIAN_POINT('',(104.11452173864,4.187436666609,39.711771242)
  );
#7583 = CARTESIAN_POINT('',(104.40743533466,4.214219986474,
    40.122983885235));
#7584 = CARTESIAN_POINT('',(104.48339270147,4.220862633346,
    40.222611914945));
#7585 = CARTESIAN_POINT('',(104.562568798,4.227505318295,40.319752425908
    ));
#7586 = CARTESIAN_POINT('',(104.64486553707,4.234148041679,
    40.414281002249));
#7587 = CARTESIAN_POINT('',(104.73017901238,4.240790802477,
    40.506078294389));
#7588 = CARTESIAN_POINT('',(104.81839949853,4.247433598286,
    40.595030019053));
#7589 = CARTESIAN_POINT('',(105.25166882221,4.279057281762,
    41.004424995308));
#7590 = CARTESIAN_POINT('',(105.63358437786,4.30405160501,
    41.286207118614));
#7591 = CARTESIAN_POINT('',(106.04878109951,4.329035609987,
    41.520210466474));
#7592 = CARTESIAN_POINT('',(106.49002273019,4.354016529201,
    41.701984089892));
#7593 = CARTESIAN_POINT('',(106.94956629494,4.379000323317,
    41.828339183809));
#7594 = CARTESIAN_POINT('',(107.41914209369,4.403994549822,
    41.89733645883));
#7595 = CARTESIAN_POINT('',(108.11252246037,4.440790583425,
    41.914309550143));
#7596 = CARTESIAN_POINT('',(108.33548700568,4.452606012032,
    41.906904328958));
#7597 = CARTESIAN_POINT('',(108.55787099567,4.464421150681,
    41.886620567434));
#7598 = CARTESIAN_POINT('',(108.77878368499,4.476236117388,
    41.853515949536));
#7599 = CARTESIAN_POINT('',(108.99734489816,4.488051243128,
    41.807722376646));
#7600 = CARTESIAN_POINT('',(109.21268611622,4.499866636312,
    41.749445803577));
#7601 = CARTESIAN_POINT('',(109.68240591441,4.526135819543,
    41.592759122785));
#7602 = CARTESIAN_POINT('',(109.93478499101,4.540590805633,
    41.488284269296));
#7603 = CARTESIAN_POINT('',(110.1795136057,4.555045245402,
    41.366069632353));
#7604 = CARTESIAN_POINT('',(110.41510680158,4.569499350672,
    41.226800748102));
#7605 = CARTESIAN_POINT('',(110.64016246175,4.583953863833,
    41.071306466206));
#7606 = CARTESIAN_POINT('',(110.85336413192,4.598408932604,
    40.900557268448));
#7607 = CARTESIAN_POINT('',(111.31649816097,4.631857918397,
    40.472728511537));
#7608 = CARTESIAN_POINT('',(111.5569950718,4.650855875478,
    40.205317522443));
#7609 = CARTESIAN_POINT('',(111.77216885848,4.669851092385,
    39.916024693138));
#7610 = CARTESIAN_POINT('',(111.9596944576,4.688844202596,
    39.607751060579));
#7611 = CARTESIAN_POINT('',(112.11765181963,4.707838658117,
    39.283653006335));
#7612 = CARTESIAN_POINT('',(112.24453385161,4.726836166916,
    38.947129219027));
#7613 = CARTESIAN_POINT('',(112.384974128,4.754971545297,38.435724661365
    ));
#7614 = CARTESIAN_POINT('',(112.42317827118,4.764112191583,
    38.267544455475));
#7615 = CARTESIAN_POINT('',(112.45385170191,4.773252964733,
    38.097725186609));
#7616 = CARTESIAN_POINT('',(112.47691194138,4.782393854538,
    37.926671575114));
#7617 = CARTESIAN_POINT('',(112.49230391988,4.791534805869,
    37.754792157983));
#7618 = CARTESIAN_POINT('',(112.50000000002,4.800675536639,
    37.582498952523));
#7619 = CARTESIAN_POINT('',(112.50000000002,4.809815355776,
    37.41020712003));
#7620 = CYLINDRICAL_SURFACE('',#7621,4.5);
#7621 = AXIS2_PLACEMENT_3D('',#7622,#7623,#7624);
#7622 = CARTESIAN_POINT('',(108.,-3.,37.410207612377));
#7623 = DIRECTION('',(0.,-1.,2.2E-16));
#7624 = DIRECTION('',(1.,0.,0.));
#7625 = ADVANCED_FACE('',(#7626),#7670,.F.);
#7626 = FACE_BOUND('',#7627,.F.);
#7627 = EDGE_LOOP('',(#7628,#7663,#7664,#7665));
#7628 = ORIENTED_EDGE('',*,*,#7629,.F.);
#7629 = EDGE_CURVE('',#6044,#7630,#7632,.T.);
#7630 = VERTEX_POINT('',#7631);
#7631 = CARTESIAN_POINT('',(113.10001450045,3.656251718699,
    69.910207694439));
#7632 = B_SPLINE_CURVE_WITH_KNOTS('',11,(#7633,#7634,#7635,#7636,#7637,
    #7638,#7639,#7640,#7641,#7642,#7643,#7644,#7645,#7646,#7647,#7648,
    #7649,#7650,#7651,#7652,#7653,#7654,#7655,#7656,#7657,#7658,#7659,
    #7660,#7661,#7662),.UNSPECIFIED.,.F.,.F.,(12,9,9,12),(0.,
    1.614938419963,3.229876839926,6.459753679852),.UNSPECIFIED.);
#7633 = CARTESIAN_POINT('',(113.10001160036,2.156251374939,
    69.910207678025));
#7634 = CARTESIAN_POINT('',(113.10001251816,2.190342391708,
    69.181930594415));
#7635 = CARTESIAN_POINT('',(112.98564401485,2.224433823598,
    68.453650604821));
#7636 = CARTESIAN_POINT('',(112.75683484122,2.258524558499,
    67.745329984005));
#7637 = CARTESIAN_POINT('',(112.41753887313,2.292615062442,
    67.076948584498));
#7638 = CARTESIAN_POINT('',(111.97561854563,2.326705771573,
    66.467589615728));
#7639 = CARTESIAN_POINT('',(111.44260433086,2.360796736516,
    65.934574103338));
#7640 = CARTESIAN_POINT('',(110.83324879101,2.394887800838,
    65.492662943436));
#7641 = CARTESIAN_POINT('',(110.16487403162,2.428978839439,
    65.153389422251));
#7642 = CARTESIAN_POINT('',(109.45656484957,2.463069827403,
    64.924592724693));
#7643 = CARTESIAN_POINT('',(108.00000817675,2.531251681006,
    64.695795886223));
#7644 = CARTESIAN_POINT('',(106.54344251602,2.599433383004,
    64.924591677087));
#7645 = CARTESIAN_POINT('',(105.83512463479,2.633524214923,
    65.153387467817));
#7646 = CARTESIAN_POINT('',(105.16673806099,2.667615077378,
    65.492661872441));
#7647 = CARTESIAN_POINT('',(104.55737309174,2.701705994173,
    65.934572861257));
#7648 = CARTESIAN_POINT('',(104.02435773159,2.735796951755,
    66.467589350151));
#7649 = CARTESIAN_POINT('',(103.58245026073,2.769887914704,
    67.076952536546));
#7650 = CARTESIAN_POINT('',(103.24318033684,2.803978852058,
    67.745335087043));
#7651 = CARTESIAN_POINT('',(103.0143882925,2.838069757998,
    68.453648377626));
#7652 = CARTESIAN_POINT('',(102.67120006337,2.940342441227,
    70.63848717742));
#7653 = CARTESIAN_POINT('',(103.35757756803,3.042615124456,
    72.823325812848));
#7654 = CARTESIAN_POINT('',(104.27274967267,3.110797110735,
    74.120157287055));
#7655 = CARTESIAN_POINT('',(105.58276996838,3.17897864744,
    75.097532900886));
#7656 = CARTESIAN_POINT('',(107.1623197637,3.247162398492,
    75.623889901656));
#7657 = CARTESIAN_POINT('',(108.83773779503,3.315339834202,
    75.62383643162));
#7658 = CARTESIAN_POINT('',(110.41725774382,3.383523560755,
    75.097524876031));
#7659 = CARTESIAN_POINT('',(111.72707638604,3.451709619767,
    74.120181759693));
#7660 = CARTESIAN_POINT('',(112.6425053782,3.519885991085,
    72.823326498245));
#7661 = CARTESIAN_POINT('',(113.10001266017,3.588069685155,
    71.36676186166));
#7662 = CARTESIAN_POINT('',(113.10001450045,3.656251718699,
    69.910207694439));
#7663 = ORIENTED_EDGE('',*,*,#6080,.T.);
#7664 = ORIENTED_EDGE('',*,*,#6439,.T.);
#7665 = ORIENTED_EDGE('',*,*,#7666,.F.);
#7666 = EDGE_CURVE('',#7630,#6432,#7667,.T.);
#7667 = B_SPLINE_CURVE_WITH_KNOTS('',1,(#7668,#7669),.UNSPECIFIED.,.F.,
  .F.,(2,2),(0.,1.3105),.PIECEWISE_BEZIER_KNOTS.);
#7668 = CARTESIAN_POINT('',(113.10001450045,3.656251718699,
    69.910207694439));
#7669 = CARTESIAN_POINT('',(111.96509946992,3.000982214246,
    69.91020676317));
#7670 = B_SPLINE_SURFACE_WITH_KNOTS('',1,9,(
    (#7671,#7672,#7673,#7674,#7675,#7676,#7677,#7678,#7679,#7680,#7681
      ,#7682,#7683,#7684,#7685,#7686,#7687,#7688,#7689,#7690,#7691,#7692
      ,#7693,#7694,#7695,#7696,#7697,#7698,#7699,#7700,#7701)
    ,(#7702,#7703,#7704,#7705,#7706,#7707,#7708,#7709,#7710,#7711,#7712
      ,#7713,#7714,#7715,#7716,#7717,#7718,#7719,#7720,#7721,#7722,#7723
      ,#7724,#7725,#7726,#7727,#7728,#7729,#7730,#7731,#7732
  )),.UNSPECIFIED.,.F.,.F.,.F.,(2,2),(10,7,7,7,10),(0.,1.3105),(0.,
    1.614938419963,3.229876839926,4.844815259889,6.459753679852),
  .UNSPECIFIED.);
#7671 = CARTESIAN_POINT('',(113.10001160036,2.156251374939,
    69.910207678025));
#7672 = CARTESIAN_POINT('',(113.10001272212,2.197918173212,
    69.020091242501));
#7673 = CARTESIAN_POINT('',(112.92528278385,2.239585605699,
    68.129970367282));
#7674 = CARTESIAN_POINT('',(112.57568183173,2.281251487893,
    67.279056663499));
#7675 = CARTESIAN_POINT('',(112.06161190622,2.322917768531,
    66.506607779322));
#7676 = CARTESIAN_POINT('',(111.40358963371,2.364584633438,
    65.848575256692));
#7677 = CARTESIAN_POINT('',(110.63113705928,2.406251497733,
    65.334520129297));
#7678 = CARTESIAN_POINT('',(109.78024392295,2.447918301222,
    64.984969646353));
#7679 = CARTESIAN_POINT('',(108.00000936265,2.53125170101,
    64.635419080964));
#7680 = CARTESIAN_POINT('',(106.21976107083,2.614584869178,
    64.984968365945));
#7681 = CARTESIAN_POINT('',(105.36885477011,2.656251432333,
    65.334517456316));
#7682 = CARTESIAN_POINT('',(104.59638539841,2.69791809215,
    65.848576381514));
#7683 = CARTESIAN_POINT('',(103.93836069282,2.739584839467,
    66.506602757359));
#7684 = CARTESIAN_POINT('',(103.4243073477,2.781251577996,
    67.279068581498));
#7685 = CARTESIAN_POINT('',(103.07476400916,2.822918249372,
    68.129968553913));
#7686 = CARTESIAN_POINT('',(102.72522037141,2.906251546818,
    69.910207587128));
#7687 = CARTESIAN_POINT('',(103.07476457758,2.989584844263,
    71.690446508736));
#7688 = CARTESIAN_POINT('',(103.42430788746,3.031251515639,
    72.541346298739));
#7689 = CARTESIAN_POINT('',(103.93835972888,3.072918254168,
    73.313812454158));
#7690 = CARTESIAN_POINT('',(104.59638368405,3.114585001487,
    73.971840087636));
#7691 = CARTESIAN_POINT('',(105.368853873,3.156251661302,74.485899509416
    ));
#7692 = CARTESIAN_POINT('',(106.21976079796,3.197918224457,
    74.835446919202));
#7693 = CARTESIAN_POINT('',(108.00000923974,3.281251392627,
    75.184993597832));
#7694 = CARTESIAN_POINT('',(109.78024365008,3.364584792415,
    74.835444111437));
#7695 = CARTESIAN_POINT('',(110.63113740655,3.406251595873,
    74.485895914764));
#7696 = CARTESIAN_POINT('',(111.40358972898,3.447918460282,
    73.971843442097));
#7697 = CARTESIAN_POINT('',(112.0616195081,3.489585324999,
    73.313815162535));
#7698 = CARTESIAN_POINT('',(112.57568341165,3.531251605815,
    72.541352587008));
#7699 = CARTESIAN_POINT('',(112.92527058946,3.572917487917,
    71.690444564202));
#7700 = CARTESIAN_POINT('',(113.10001337583,3.614584920422,
    70.800324129963));
#7701 = CARTESIAN_POINT('',(113.10001450045,3.656251718699,
    69.910207694439));
#7702 = CARTESIAN_POINT('',(111.96509431758,1.500985771361,
    69.910206933009));
#7703 = CARTESIAN_POINT('',(111.9650961716,1.542651076183,
    69.218128058724));
#7704 = CARTESIAN_POINT('',(111.82924728896,1.584309818277,
    68.526162612868));
#7705 = CARTESIAN_POINT('',(111.55747448991,1.62598460297,
    67.864598125213));
#7706 = CARTESIAN_POINT('',(111.15776701113,1.667655263063,
    67.263998285686));
#7707 = CARTESIAN_POINT('',(110.64616974883,1.709319879551,
    66.752423078839));
#7708 = CARTESIAN_POINT('',(110.04562003031,1.750984500541,
    66.35275488797));
#7709 = CARTESIAN_POINT('',(109.38408159306,1.792649751594,
    66.080991836512));
#7710 = CARTESIAN_POINT('',(108.00000881071,1.875982397281,
    65.809227088001));
#7711 = CARTESIAN_POINT('',(106.61591841916,1.959317439678,
    66.080992264945));
#7712 = CARTESIAN_POINT('',(105.95436273922,2.000985177452,
    66.352757606373));
#7713 = CARTESIAN_POINT('',(105.35379604981,2.042651915004,
    66.75242364967));
#7714 = CARTESIAN_POINT('',(104.84220755568,2.084317747117,
    67.264013789029));
#7715 = CARTESIAN_POINT('',(104.44254788231,2.125983670172,
    67.864575331185));
#7716 = CARTESIAN_POINT('',(104.17078781882,2.167650288114,
    68.526123973089));
#7717 = CARTESIAN_POINT('',(103.89902834177,2.250983992801,
    69.910208493706));
#7718 = CARTESIAN_POINT('',(104.17078945385,2.334317697488,
    71.29429269329));
#7719 = CARTESIAN_POINT('',(104.44254976525,2.37598431543,
    71.955840888369));
#7720 = CARTESIAN_POINT('',(104.84220703839,2.417650238485,
    72.556402838559));
#7721 = CARTESIAN_POINT('',(105.35379443041,2.459316070601,
    73.067994981158));
#7722 = CARTESIAN_POINT('',(105.95436275228,2.50098280815,
    73.467661635414));
#7723 = CARTESIAN_POINT('',(106.61591966401,2.542650545922,
    73.739423692278));
#7724 = CARTESIAN_POINT('',(108.0000104447,2.625985588323,
    74.011183613568));
#7725 = CARTESIAN_POINT('',(109.38408283791,2.70931823401,
    73.739420156834));
#7726 = CARTESIAN_POINT('',(110.04562225413,2.750983485009,
    73.467660868381));
#7727 = CARTESIAN_POINT('',(110.64617134443,2.792648106201,
    73.067997122661));
#7728 = CARTESIAN_POINT('',(111.15778171196,2.834312722351,
    72.556429223047));
#7729 = CARTESIAN_POINT('',(111.55747822085,2.875983382759,
    71.955804878784));
#7730 = CARTESIAN_POINT('',(111.82922624946,2.917658167289,
    71.294250361209));
#7731 = CARTESIAN_POINT('',(111.96509764552,2.959316909417,
    70.602285637455));
#7732 = CARTESIAN_POINT('',(111.96509946992,3.000982214246,
    69.91020676317));
#7733 = ADVANCED_FACE('',(#7734),#7779,.F.);
#7734 = FACE_BOUND('',#7735,.F.);
#7735 = EDGE_LOOP('',(#7736,#7772,#7773,#7774));
#7736 = ORIENTED_EDGE('',*,*,#7737,.F.);
#7737 = EDGE_CURVE('',#6152,#7738,#7740,.T.);
#7738 = VERTEX_POINT('',#7739);
#7739 = CARTESIAN_POINT('',(113.10001127812,3.843751718671,
    69.910207694437));
#7740 = B_SPLINE_CURVE_WITH_KNOTS('',9,(#7741,#7742,#7743,#7744,#7745,
    #7746,#7747,#7748,#7749,#7750,#7751,#7752,#7753,#7754,#7755,#7756,
    #7757,#7758,#7759,#7760,#7761,#7762,#7763,#7764,#7765,#7766,#7767,
    #7768,#7769,#7770,#7771),.UNSPECIFIED.,.F.,.F.,(10,7,7,7,10),(0.,
    1.614938419963,3.229876839926,4.844815259889,6.459753679852),
  .UNSPECIFIED.);
#7741 = CARTESIAN_POINT('',(113.1000090225,2.343751374921,
    69.910207678025));
#7742 = CARTESIAN_POINT('',(113.10000989752,2.385418173191,
    69.020091748553));
#7743 = CARTESIAN_POINT('',(112.92527863389,2.427085605657,
    68.129971428124));
#7744 = CARTESIAN_POINT('',(112.57567941389,2.468751487865,
    67.279058838294));
#7745 = CARTESIAN_POINT('',(112.06161045221,2.510417768533,
    66.506608870317));
#7746 = CARTESIAN_POINT('',(111.4035877219,2.552084633414,
    65.848577191275));
#7747 = CARTESIAN_POINT('',(110.6311356164,2.593751497715,
    65.334522648663));
#7748 = CARTESIAN_POINT('',(109.78024289615,2.635418301197,
    64.984972615787));
#7749 = CARTESIAN_POINT('',(108.00000936597,2.718751700983,
    64.635422363327));
#7750 = CARTESIAN_POINT('',(106.21976206868,2.802084869156,
    64.984971154216));
#7751 = CARTESIAN_POINT('',(105.36885618133,2.843751432314,
    65.334519856352));
#7752 = CARTESIAN_POINT('',(104.59638715643,2.885418092131,
    65.848578541928));
#7753 = CARTESIAN_POINT('',(103.9383629063,2.927084839446,
    66.506604681199));
#7754 = CARTESIAN_POINT('',(103.42431001809,2.968751577973,
    67.279070101219));
#7755 = CARTESIAN_POINT('',(103.07476687876,3.010418249349,
    68.129969568384));
#7756 = CARTESIAN_POINT('',(102.72522337089,3.093751546795,
    69.910207575765));
#7757 = CARTESIAN_POINT('',(103.07476730941,3.177084844242,
    71.69044549859));
#7758 = CARTESIAN_POINT('',(103.42431042097,3.218751515617,
    72.541344826129));
#7759 = CARTESIAN_POINT('',(103.93836213467,3.260418254145,
    73.31381050712));
#7760 = CARTESIAN_POINT('',(104.59638579691,3.30208500146,
    73.971837628785));
#7761 = CARTESIAN_POINT('',(105.36885545413,3.343751661277,
    74.485896705563));
#7762 = CARTESIAN_POINT('',(106.21976182475,3.385418224434,
    74.835444106053));
#7763 = CARTESIAN_POINT('',(108.00000923642,3.468751392609,
    75.184990881239));
#7764 = CARTESIAN_POINT('',(109.78024265223,3.552084792395,
    74.835441479453));
#7765 = CARTESIAN_POINT('',(110.63113585705,3.593751595852,
    74.485893230262));
#7766 = CARTESIAN_POINT('',(111.40358776986,3.635418460243,
    73.971840757411));
#7767 = CARTESIAN_POINT('',(112.06161634287,3.677085324975,
    73.313812382764));
#7768 = CARTESIAN_POINT('',(112.57568062577,3.718751605783,
    72.541351769274));
#7769 = CARTESIAN_POINT('',(112.92526913791,3.760417487917,
    71.690443600229));
#7770 = CARTESIAN_POINT('',(113.10001040024,3.802084920398,
    70.800323623909));
#7771 = CARTESIAN_POINT('',(113.10001127812,3.843751718671,
    69.910207694437));
#7772 = ORIENTED_EDGE('',*,*,#6189,.T.);
#7773 = ORIENTED_EDGE('',*,*,#7629,.T.);
#7774 = ORIENTED_EDGE('',*,*,#7775,.F.);
#7775 = EDGE_CURVE('',#7738,#7630,#7776,.T.);
#7776 = B_SPLINE_CURVE_WITH_KNOTS('',1,(#7777,#7778),.UNSPECIFIED.,.F.,
  .F.,(2,2),(0.,0.1875),.PIECEWISE_BEZIER_KNOTS.);
#7777 = CARTESIAN_POINT('',(113.10001127812,3.843751718671,
    69.910207694437));
#7778 = CARTESIAN_POINT('',(113.10001450045,3.656251718699,
    69.910207694439));
#7779 = B_SPLINE_SURFACE_WITH_KNOTS('',1,11,(
    (#7780,#7781,#7782,#7783,#7784,#7785,#7786,#7787,#7788,#7789,#7790
      ,#7791,#7792,#7793,#7794,#7795,#7796,#7797,#7798,#7799,#7800,#7801
      ,#7802,#7803,#7804,#7805,#7806,#7807,#7808,#7809)
    ,(#7810,#7811,#7812,#7813,#7814,#7815,#7816,#7817,#7818,#7819,#7820
      ,#7821,#7822,#7823,#7824,#7825,#7826,#7827,#7828,#7829,#7830,#7831
      ,#7832,#7833,#7834,#7835,#7836,#7837,#7838,#7839
  )),.UNSPECIFIED.,.F.,.F.,.F.,(2,2),(12,9,9,12),(0.,0.1875),(0.,
    1.614938419963,3.229876839926,6.459753679852),.UNSPECIFIED.);
#7780 = CARTESIAN_POINT('',(113.1000090225,2.343751374921,
    69.910207678025));
#7781 = CARTESIAN_POINT('',(113.10000973843,2.377842391687,
    69.181931008457));
#7782 = CARTESIAN_POINT('',(112.98564032724,2.411933823565,
    68.453651464808));
#7783 = CARTESIAN_POINT('',(112.75683164536,2.446024558463,
    67.745331581688));
#7784 = CARTESIAN_POINT('',(112.41753663434,2.480115062427,
    67.076950223957));
#7785 = CARTESIAN_POINT('',(111.97561679152,2.514205771558,
    66.467591133847));
#7786 = CARTESIAN_POINT('',(111.44260262917,2.548296736503,
    65.934575914175));
#7787 = CARTESIAN_POINT('',(110.83324721447,2.582387800814,
    65.492665288619));
#7788 = CARTESIAN_POINT('',(110.16487282109,2.616478839419,
    65.153392171094));
#7789 = CARTESIAN_POINT('',(109.4565640099,2.650569827378,
    64.924595747355));
#7790 = CARTESIAN_POINT('',(108.00000817699,2.71875168098,
    64.695799098889));
#7791 = CARTESIAN_POINT('',(106.54344333288,2.786933382981,
    64.924594551524));
#7792 = CARTESIAN_POINT('',(105.83512581595,2.821024214903,
    65.153390071916));
#7793 = CARTESIAN_POINT('',(105.16673955953,2.855115077358,
    65.492664223337));
#7794 = CARTESIAN_POINT('',(104.55737491093,2.889205994154,
    65.934575000718));
#7795 = CARTESIAN_POINT('',(104.02435990393,2.923296951734,
    66.467591265035));
#7796 = CARTESIAN_POINT('',(103.58245277839,2.957387914682,
    67.076954155449));
#7797 = CARTESIAN_POINT('',(103.24318310857,2.991478852035,
    67.745336330755));
#7798 = CARTESIAN_POINT('',(103.0143911839,3.025569757975,
    68.453649205706));
#7799 = CARTESIAN_POINT('',(102.67120306539,3.127842441206,
    70.638486749841));
#7800 = CARTESIAN_POINT('',(103.3575800952,3.230115124435,
    72.823324169449));
#7801 = CARTESIAN_POINT('',(104.27275127332,3.298297110715,
    74.120154359336));
#7802 = CARTESIAN_POINT('',(105.58277444003,3.3664786474,75.09753313972)
  );
#7803 = CARTESIAN_POINT('',(107.16231612738,3.434662398467,
    75.623876171848));
#7804 = CARTESIAN_POINT('',(108.83773791099,3.502839834192,
    75.623849367455));
#7805 = CARTESIAN_POINT('',(110.41726176606,3.571023560805,
    75.097510886277));
#7806 = CARTESIAN_POINT('',(111.72706668022,3.639209619616,
    74.120181883131));
#7807 = CARTESIAN_POINT('',(112.6425063076,3.707385991124,
    72.823324968095));
#7808 = CARTESIAN_POINT('',(113.10000984159,3.775569685134,
    71.366761033573));
#7809 = CARTESIAN_POINT('',(113.10001127812,3.843751718671,
    69.910207694437));
#7810 = CARTESIAN_POINT('',(113.10001160036,2.156251374939,
    69.910207678025));
#7811 = CARTESIAN_POINT('',(113.10001251816,2.190342391708,
    69.181930594415));
#7812 = CARTESIAN_POINT('',(112.98564401485,2.224433823598,
    68.453650604821));
#7813 = CARTESIAN_POINT('',(112.75683484122,2.258524558499,
    67.745329984005));
#7814 = CARTESIAN_POINT('',(112.41753887313,2.292615062442,
    67.076948584498));
#7815 = CARTESIAN_POINT('',(111.97561854563,2.326705771573,
    66.467589615728));
#7816 = CARTESIAN_POINT('',(111.44260433086,2.360796736516,
    65.934574103338));
#7817 = CARTESIAN_POINT('',(110.83324879101,2.394887800838,
    65.492662943436));
#7818 = CARTESIAN_POINT('',(110.16487403162,2.428978839439,
    65.153389422251));
#7819 = CARTESIAN_POINT('',(109.45656484957,2.463069827403,
    64.924592724693));
#7820 = CARTESIAN_POINT('',(108.00000817675,2.531251681006,
    64.695795886223));
#7821 = CARTESIAN_POINT('',(106.54344251602,2.599433383004,
    64.924591677087));
#7822 = CARTESIAN_POINT('',(105.83512463479,2.633524214923,
    65.153387467817));
#7823 = CARTESIAN_POINT('',(105.16673806099,2.667615077378,
    65.492661872441));
#7824 = CARTESIAN_POINT('',(104.55737309174,2.701705994173,
    65.934572861257));
#7825 = CARTESIAN_POINT('',(104.02435773159,2.735796951755,
    66.467589350151));
#7826 = CARTESIAN_POINT('',(103.58245026073,2.769887914704,
    67.076952536546));
#7827 = CARTESIAN_POINT('',(103.24318033684,2.803978852058,
    67.745335087043));
#7828 = CARTESIAN_POINT('',(103.0143882925,2.838069757998,
    68.453648377626));
#7829 = CARTESIAN_POINT('',(102.67120006337,2.940342441227,
    70.63848717742));
#7830 = CARTESIAN_POINT('',(103.35757756803,3.042615124456,
    72.823325812848));
#7831 = CARTESIAN_POINT('',(104.27274967267,3.110797110735,
    74.120157287055));
#7832 = CARTESIAN_POINT('',(105.58276996838,3.17897864744,
    75.097532900886));
#7833 = CARTESIAN_POINT('',(107.1623197637,3.247162398492,
    75.623889901656));
#7834 = CARTESIAN_POINT('',(108.83773779503,3.315339834202,
    75.62383643162));
#7835 = CARTESIAN_POINT('',(110.41725774382,3.383523560755,
    75.097524876031));
#7836 = CARTESIAN_POINT('',(111.72707638604,3.451709619767,
    74.120181759693));
#7837 = CARTESIAN_POINT('',(112.6425053782,3.519885991085,
    72.823326498245));
#7838 = CARTESIAN_POINT('',(113.10001266017,3.588069685155,
    71.36676186166));
#7839 = CARTESIAN_POINT('',(113.10001450045,3.656251718699,
    69.910207694439));
#7840 = ADVANCED_FACE('',(#7841),#7946,.F.);
#7841 = FACE_BOUND('',#7842,.F.);
#7842 = EDGE_LOOP('',(#7843,#7939,#7940,#7941));
#7843 = ORIENTED_EDGE('',*,*,#7844,.F.);
#7844 = EDGE_CURVE('',#6259,#6614,#7845,.T.);
#7845 = B_SPLINE_CURVE_WITH_KNOTS('',8,(#7846,#7847,#7848,#7849,#7850,
    #7851,#7852,#7853,#7854,#7855,#7856,#7857,#7858,#7859,#7860,#7861,
    #7862,#7863,#7864,#7865,#7866,#7867,#7868,#7869,#7870,#7871,#7872,
    #7873,#7874,#7875,#7876,#7877,#7878,#7879,#7880,#7881,#7882,#7883,
    #7884,#7885,#7886,#7887,#7888,#7889,#7890,#7891,#7892,#7893,#7894,
    #7895,#7896,#7897,#7898,#7899,#7900,#7901,#7902,#7903,#7904,#7905,
    #7906,#7907,#7908,#7909,#7910,#7911,#7912,#7913,#7914,#7915,#7916,
    #7917,#7918,#7919,#7920,#7921,#7922,#7923,#7924,#7925,#7926,#7927,
    #7928,#7929,#7930,#7931,#7932,#7933,#7934,#7935,#7936,#7937,#7938),
  .UNSPECIFIED.,.F.,.F.,(9,7,7,7,7,7,7,7,7,7,7,7,7,9),(0.,
    4.492788295372E-02,0.133579240542,0.220299017071,0.272118892456,
    0.375170834767,0.501621520959,0.522541078603,0.627538105566,
    0.736069726395,0.78644140314,0.869235067024,0.955010522409,1.),
  .UNSPECIFIED.);
#7846 = CARTESIAN_POINT('',(112.5,2.690155750981,69.910207202095));
#7847 = CARTESIAN_POINT('',(112.5,2.698578743068,69.751431954543));
#7848 = CARTESIAN_POINT('',(112.49359746072,2.707002732025,
    69.592655352163));
#7849 = CARTESIAN_POINT('',(112.48079253111,2.715427041234,
    69.434180746652));
#7850 = CARTESIAN_POINT('',(112.46160224653,2.723851311534,
    69.276309450873));
#7851 = CARTESIAN_POINT('',(112.43606050996,2.732275399634,
    69.119340568676));
#7852 = CARTESIAN_POINT('',(112.4042180731,2.740699276539,
    68.963570824722));
#7853 = CARTESIAN_POINT('',(112.36614251753,2.749122925963,
    68.809294394314));
#7854 = CARTESIAN_POINT('',(112.23465521894,2.774167067488,
    68.355907345131));
#7855 = CARTESIAN_POINT('',(112.12343759983,2.790789385771,
    68.061909520946));
#7856 = CARTESIAN_POINT('',(111.9889177712,2.807409859217,
    67.777103614882));
#7857 = CARTESIAN_POINT('',(111.83200396063,2.824028848306,
    67.503637013927));
#7858 = CARTESIAN_POINT('',(111.65382187307,2.840648238968,
    67.243527271296));
#7859 = CARTESIAN_POINT('',(111.45569989099,2.857269561614,
    66.998664586286));
#7860 = CARTESIAN_POINT('',(111.23917783205,2.873892402621,
    66.770799630522));
#7861 = CARTESIAN_POINT('',(110.77798043892,2.906771673477,
    66.356793773595));
#7862 = CARTESIAN_POINT('',(110.53395569065,2.923032780663,
    66.169793005105));
#7863 = CARTESIAN_POINT('',(110.27561711228,2.939293106405,
    66.002012128568));
#7864 = CARTESIAN_POINT('',(110.00474482855,2.955552231801,
    65.854712534276));
#7865 = CARTESIAN_POINT('',(109.72322627493,2.971811249719,
    65.728949839411));
#7866 = CARTESIAN_POINT('',(109.43304629034,2.988071329522,
    65.625582590084));
#7867 = CARTESIAN_POINT('',(109.136288024,3.00433223926,65.545259115333)
  );
#7868 = CARTESIAN_POINT('',(108.6551947944,3.030306232083,
    65.454395621216));
#7869 = CARTESIAN_POINT('',(108.47366107953,3.040021768287,
    65.42877775213));
#7870 = CARTESIAN_POINT('',(108.29100213058,3.049737206829,
    65.411615260848));
#7871 = CARTESIAN_POINT('',(108.10767803175,3.059452545256,
    65.402964365905));
#7872 = CARTESIAN_POINT('',(107.92414995903,3.069167892553,65.4028511611
    ));
#7873 = CARTESIAN_POINT('',(107.74087980686,3.078883355934,
    65.411271607231));
#7874 = CARTESIAN_POINT('',(107.55832981482,3.088598927629,
    65.428191523827));
#7875 = CARTESIAN_POINT('',(107.01628426066,3.117635054552,
    65.503969084962));
#7876 = CARTESIAN_POINT('',(106.66017100514,3.13696106345,
    65.587765495136));
#7877 = CARTESIAN_POINT('',(106.31237728013,3.156284943688,
    65.704441019477));
#7878 = CARTESIAN_POINT('',(105.97643211951,3.175606088882,
    65.852987030524));
#7879 = CARTESIAN_POINT('',(105.65567146832,3.194927288361,
    66.031977717372));
#7880 = CARTESIAN_POINT('',(105.35324108574,3.214251290953,
    66.239606233396));
#7881 = CARTESIAN_POINT('',(105.0720696213,3.233577385157,
    66.473660339622));
#7882 = CARTESIAN_POINT('',(104.49914173574,3.276605500894,
    67.047745064148));
#7883 = CARTESIAN_POINT('',(104.2191751822,3.300327225475,
    67.400074080201));
#7884 = CARTESIAN_POINT('',(103.98003607753,3.324040482839,
    67.783444724042));
#7885 = CARTESIAN_POINT('',(103.78559019252,3.347747350674,
    68.192246567188));
#7886 = CARTESIAN_POINT('',(103.63882522288,3.371454262346,
    68.620485143331));
#7887 = CARTESIAN_POINT('',(103.54179560859,3.395167403227,
    69.061785411952));
#7888 = CARTESIAN_POINT('',(103.49566003456,3.418889115742,
    69.509433898678));
#7889 = CARTESIAN_POINT('',(103.50099294281,3.44651873933,
    70.030211676614));
#7890 = CARTESIAN_POINT('',(103.50313797357,3.450440845123,
    70.104123155649));
#7891 = CARTESIAN_POINT('',(103.50667070222,3.454362965273,
    70.177989999809));
#7892 = CARTESIAN_POINT('',(103.51159001781,3.458285099245,
    70.251781805438));
#7893 = CARTESIAN_POINT('',(103.51789401227,3.462207246436,
    70.325468231312));
#7894 = CARTESIAN_POINT('',(103.5255799804,3.466129406168,
    70.399018998646));
#7895 = CARTESIAN_POINT('',(103.53464441984,3.470051577692,
    70.472403891083));
#7896 = CARTESIAN_POINT('',(103.59747530297,3.493659525465,
    70.912933843754));
#7897 = CARTESIAN_POINT('',(103.68450076113,3.513351270697,
    71.275446499328));
#7898 = CARTESIAN_POINT('',(103.80562578655,3.533040673462,
    71.629153804661));
#7899 = CARTESIAN_POINT('',(103.95976181374,3.552726943462,
    71.970328192149));
#7900 = CARTESIAN_POINT('',(104.14537261493,3.572413077076,
    72.295453554273));
#7901 = CARTESIAN_POINT('',(104.36051459693,3.592102105902,
    72.601221506069));
#7902 = CARTESIAN_POINT('',(104.60281011092,3.61179333928,
    72.884561799153));
#7903 = CARTESIAN_POINT('',(105.14487029914,3.651826542076,
    73.409542107635));
#7904 = CARTESIAN_POINT('',(105.44647192986,3.672181018467,
    73.649628718443));
#7905 = CARTESIAN_POINT('',(105.7709972121,3.692531706592,
    73.859847479733));
#7906 = CARTESIAN_POINT('',(106.11495234421,3.712879213496,
    74.037697478009));
#7907 = CARTESIAN_POINT('',(106.4746001817,3.733226825243,
    74.181186856533));
#7908 = CARTESIAN_POINT('',(106.84598813927,3.753577757065,
    74.288795525299));
#7909 = CARTESIAN_POINT('',(107.22493826174,3.773932450002,
    74.359520603528));
#7910 = CARTESIAN_POINT('',(107.78435571285,3.803724373318,
    74.408560922234));
#7911 = CARTESIAN_POINT('',(107.9623942934,3.81316846956,74.416089365969
    ));
#7912 = CARTESIAN_POINT('',(108.14071163393,3.82261252704,
    74.415563492009));
#7913 = CARTESIAN_POINT('',(108.31888218184,3.8320565144,74.406973011514
    ));
#7914 = CARTESIAN_POINT('',(108.49648198887,3.841500494981,
    74.390334505073));
#7915 = CARTESIAN_POINT('',(108.67308902553,3.850944532219,
    74.365691394226));
#7916 = CARTESIAN_POINT('',(108.84828349573,3.860388595039,
    74.333113913005));
#7917 = CARTESIAN_POINT('',(109.30659985311,3.885354925505,
    74.226271031763));
#7918 = CARTESIAN_POINT('',(109.58664829319,3.900879019805,
    74.13866071673));
#7919 = CARTESIAN_POINT('',(109.85990660478,3.916402152922,
    74.030299437121));
#7920 = CARTESIAN_POINT('',(110.12458485184,3.931924127845,
    73.90181710253));
#7921 = CARTESIAN_POINT('',(110.37898039175,3.947446001756,
    73.754015858006));
#7922 = CARTESIAN_POINT('',(110.62147693906,3.962968904008,
    73.587860082893));
#7923 = CARTESIAN_POINT('',(110.85055233027,3.978492814133,
    73.404482759909));
#7924 = CARTESIAN_POINT('',(111.28675354068,4.010096823717,
    72.998756849922));
#7925 = CARTESIAN_POINT('',(111.49284781614,4.026180827448,
    72.77519037997));
#7926 = CARTESIAN_POINT('',(111.68149180461,4.042264349982,
    72.535970005592));
#7927 = CARTESIAN_POINT('',(111.85131285606,4.058347304291,
    72.282699495247));
#7928 = CARTESIAN_POINT('',(112.00112501536,4.074430721821,
    72.017103164893));
#7929 = CARTESIAN_POINT('',(112.12992178317,4.090515270705,
    71.741015839712));
#7930 = CARTESIAN_POINT('',(112.23688830372,4.106600047748,
    71.456384797519));
#7931 = CARTESIAN_POINT('',(112.3657769102,4.131116488614,71.01260031232
    ));
#7932 = CARTESIAN_POINT('',(112.40395597583,4.139551120832,
    70.858124794946));
#7933 = CARTESIAN_POINT('',(112.43588531124,4.147985387608,
    70.702149781119));
#7934 = CARTESIAN_POINT('',(112.46149694951,4.156419259992,
    70.544970646531));
#7935 = CARTESIAN_POINT('',(112.48073984657,4.164852834499,
    70.386885342766));
#7936 = CARTESIAN_POINT('',(112.49357990535,4.1732863343,70.228194236895
    ));
#7937 = CARTESIAN_POINT('',(112.5,4.181720110415,70.069199951066));
#7938 = CARTESIAN_POINT('',(112.5,4.1901546429,69.910207202095));
#7939 = ORIENTED_EDGE('',*,*,#6358,.T.);
#7940 = ORIENTED_EDGE('',*,*,#7737,.T.);
#7941 = ORIENTED_EDGE('',*,*,#7942,.F.);
#7942 = EDGE_CURVE('',#6614,#7738,#7943,.T.);
#7943 = B_SPLINE_CURVE_WITH_KNOTS('',1,(#7944,#7945),.UNSPECIFIED.,.F.,
  .F.,(2,2),(0.,1.3105),.PIECEWISE_BEZIER_KNOTS.);
#7944 = CARTESIAN_POINT('',(111.96507372567,4.498982214024,
    69.910206763159));
#7945 = CARTESIAN_POINT('',(113.10001127812,3.843751718671,
    69.910207694437));
#7946 = B_SPLINE_SURFACE_WITH_KNOTS('',1,9,(
    (#7947,#7948,#7949,#7950,#7951,#7952,#7953,#7954,#7955,#7956,#7957
      ,#7958,#7959,#7960,#7961,#7962,#7963,#7964,#7965,#7966,#7967,#7968
      ,#7969,#7970,#7971,#7972,#7973,#7974,#7975,#7976,#7977)
    ,(#7978,#7979,#7980,#7981,#7982,#7983,#7984,#7985,#7986,#7987,#7988
      ,#7989,#7990,#7991,#7992,#7993,#7994,#7995,#7996,#7997,#7998,#7999
      ,#8000,#8001,#8002,#8003,#8004,#8005,#8006,#8007,#8008
  )),.UNSPECIFIED.,.F.,.F.,.F.,(2,2),(10,7,7,7,10),(0.,1.3105),(0.,
    1.614938419963,3.229876839926,4.844815259889,6.459753679852),
  .UNSPECIFIED.);
#7947 = CARTESIAN_POINT('',(111.96507372218,2.998985771219,
    69.910206933003));
#7948 = CARTESIAN_POINT('',(111.96507360497,3.040651076015,
    69.218132101742));
#7949 = CARTESIAN_POINT('',(111.82921413357,3.082309817948,
    68.526171088289));
#7950 = CARTESIAN_POINT('',(111.55745517293,3.123984602741,
    67.864615500369));
#7951 = CARTESIAN_POINT('',(111.15775539453,3.16565526308,
    67.264007002006));
#7952 = CARTESIAN_POINT('',(110.64615447477,3.207319879355,
    66.752438534863));
#7953 = CARTESIAN_POINT('',(110.04560850264,3.248984500399,
    66.352775016027));
#7954 = CARTESIAN_POINT('',(109.38407338964,3.290649751394,
    66.081015560309));
#7955 = CARTESIAN_POINT('',(108.00000883721,3.373982397065,
    65.809253311892));
#7956 = CARTESIAN_POINT('',(106.6159263913,3.457317439502,
    66.081014541374));
#7957 = CARTESIAN_POINT('',(105.9543740139,3.498985177299,
    66.352776781056));
#7958 = CARTESIAN_POINT('',(105.35381009526,3.540651914852,
    66.752440909932));
#7959 = CARTESIAN_POINT('',(104.84222523993,3.582317746947,
    67.264029159228));
#7960 = CARTESIAN_POINT('',(104.44256921695,3.623983669986,
    67.864587472746));
#7961 = CARTESIAN_POINT('',(104.170810745,3.665650287926,68.526132078041
    ));
#7962 = CARTESIAN_POINT('',(103.89905230558,3.748983992622,
    69.910208402926));
#7963 = CARTESIAN_POINT('',(104.17081127931,3.832317697317,
    71.294284622899));
#7964 = CARTESIAN_POINT('',(104.4425700063,3.873984315258,
    71.955829123198));
#7965 = CARTESIAN_POINT('',(104.84222625902,3.915650238296,
    72.556387283022));
#7966 = CARTESIAN_POINT('',(105.35381131071,3.957316070392,
    73.067975336578));
#7967 = CARTESIAN_POINT('',(105.95437538442,3.998982807944,
    73.467639234494));
#7968 = CARTESIAN_POINT('',(106.61592786735,4.040650545741,
    73.739401217091));
#7969 = CARTESIAN_POINT('',(108.00001041822,4.123985588179,
    74.011161909796));
#7970 = CARTESIAN_POINT('',(109.38407486569,4.20731823385,
    73.739399129036));
#7971 = CARTESIAN_POINT('',(110.04560987465,4.248983484845,
    73.467639421003));
#7972 = CARTESIAN_POINT('',(110.64615569239,4.290648105891,
    73.067975673807));
#7973 = CARTESIAN_POINT('',(111.15775642391,4.332312722162,
    72.556407014534));
#7974 = CARTESIAN_POINT('',(111.55745596358,4.373983382502,
    71.955798345635));
#7975 = CARTESIAN_POINT('',(111.82921465257,4.415658167296,
    71.294242659709));
#7976 = CARTESIAN_POINT('',(111.96507387252,4.457316909229,
    70.60228159442));
#7977 = CARTESIAN_POINT('',(111.96507372567,4.498982214024,
    69.910206763159));
#7978 = CARTESIAN_POINT('',(113.1000090225,2.343751374921,
    69.910207678025));
#7979 = CARTESIAN_POINT('',(113.10000989752,2.385418173191,
    69.020091748553));
#7980 = CARTESIAN_POINT('',(112.92527863389,2.427085605657,
    68.129971428124));
#7981 = CARTESIAN_POINT('',(112.57567941389,2.468751487865,
    67.279058838294));
#7982 = CARTESIAN_POINT('',(112.06161045221,2.510417768533,
    66.506608870317));
#7983 = CARTESIAN_POINT('',(111.4035877219,2.552084633414,
    65.848577191275));
#7984 = CARTESIAN_POINT('',(110.6311356164,2.593751497715,
    65.334522648663));
#7985 = CARTESIAN_POINT('',(109.78024289615,2.635418301197,
    64.984972615787));
#7986 = CARTESIAN_POINT('',(108.00000936597,2.718751700983,
    64.635422363327));
#7987 = CARTESIAN_POINT('',(106.21976206868,2.802084869156,
    64.984971154216));
#7988 = CARTESIAN_POINT('',(105.36885618133,2.843751432314,
    65.334519856352));
#7989 = CARTESIAN_POINT('',(104.59638715643,2.885418092131,
    65.848578541928));
#7990 = CARTESIAN_POINT('',(103.9383629063,2.927084839446,
    66.506604681199));
#7991 = CARTESIAN_POINT('',(103.42431001809,2.968751577973,
    67.279070101219));
#7992 = CARTESIAN_POINT('',(103.07476687876,3.010418249349,
    68.129969568384));
#7993 = CARTESIAN_POINT('',(102.72522337089,3.093751546795,
    69.910207575765));
#7994 = CARTESIAN_POINT('',(103.07476730941,3.177084844242,
    71.69044549859));
#7995 = CARTESIAN_POINT('',(103.42431042097,3.218751515617,
    72.541344826129));
#7996 = CARTESIAN_POINT('',(103.93836213467,3.260418254145,
    73.31381050712));
#7997 = CARTESIAN_POINT('',(104.59638579691,3.30208500146,
    73.971837628785));
#7998 = CARTESIAN_POINT('',(105.36885545413,3.343751661277,
    74.485896705563));
#7999 = CARTESIAN_POINT('',(106.21976182475,3.385418224434,
    74.835444106053));
#8000 = CARTESIAN_POINT('',(108.00000923642,3.468751392609,
    75.184990881239));
#8001 = CARTESIAN_POINT('',(109.78024265223,3.552084792395,
    74.835441479453));
#8002 = CARTESIAN_POINT('',(110.63113585705,3.593751595852,
    74.485893230262));
#8003 = CARTESIAN_POINT('',(111.40358776986,3.635418460243,
    73.971840757411));
#8004 = CARTESIAN_POINT('',(112.06161634287,3.677085324975,
    73.313812382764));
#8005 = CARTESIAN_POINT('',(112.57568062577,3.718751605783,
    72.541351769274));
#8006 = CARTESIAN_POINT('',(112.92526913791,3.760417487917,
    71.690443600229));
#8007 = CARTESIAN_POINT('',(113.10001040024,3.802084920398,
    70.800323623909));
#8008 = CARTESIAN_POINT('',(113.10001127812,3.843751718671,
    69.910207694437));
#8009 = ADVANCED_FACE('',(#8010),#8111,.F.);
#8010 = FACE_BOUND('',#8011,.F.);
#8011 = EDGE_LOOP('',(#8012,#8013,#8014,#8015));
#8012 = ORIENTED_EDGE('',*,*,#6431,.F.);
#8013 = ORIENTED_EDGE('',*,*,#7844,.T.);
#8014 = ORIENTED_EDGE('',*,*,#6613,.T.);
#8015 = ORIENTED_EDGE('',*,*,#8016,.F.);
#8016 = EDGE_CURVE('',#6432,#6616,#8017,.T.);
#8017 = B_SPLINE_CURVE_WITH_KNOTS('',8,(#8018,#8019,#8020,#8021,#8022,
    #8023,#8024,#8025,#8026,#8027,#8028,#8029,#8030,#8031,#8032,#8033,
    #8034,#8035,#8036,#8037,#8038,#8039,#8040,#8041,#8042,#8043,#8044,
    #8045,#8046,#8047,#8048,#8049,#8050,#8051,#8052,#8053,#8054,#8055,
    #8056,#8057,#8058,#8059,#8060,#8061,#8062,#8063,#8064,#8065,#8066,
    #8067,#8068,#8069,#8070,#8071,#8072,#8073,#8074,#8075,#8076,#8077,
    #8078,#8079,#8080,#8081,#8082,#8083,#8084,#8085,#8086,#8087,#8088,
    #8089,#8090,#8091,#8092,#8093,#8094,#8095,#8096,#8097,#8098,#8099,
    #8100,#8101,#8102,#8103,#8104,#8105,#8106,#8107,#8108,#8109,#8110),
  .UNSPECIFIED.,.F.,.F.,(9,7,7,7,7,7,7,7,7,7,7,7,7,9),(0.,
    4.769445675285E-02,0.132515004922,0.225512184611,0.285184767376,
    0.38036844077,0.483249419499,0.504020182972,0.631634501894,
    0.746201882956,0.801651758749,0.868185040855,0.958124911042,1.),
  .UNSPECIFIED.);
#8018 = CARTESIAN_POINT('',(112.5,3.309819440635,69.91020712003));
#8019 = CARTESIAN_POINT('',(112.5,3.318760873456,69.74165485192));
#8020 = CARTESIAN_POINT('',(112.4927846423,3.327701220665,
    69.573100529964));
#8021 = CARTESIAN_POINT('',(112.47835410922,3.336641227677,
    69.404907527604));
#8022 = CARTESIAN_POINT('',(112.45673003641,3.345581410134,
    69.237436428254));
#8023 = CARTESIAN_POINT('',(112.42795547675,3.354522072553,
    69.071044802889));
#8024 = CARTESIAN_POINT('',(112.39209486428,3.363463326962,
    68.906086987627));
#8025 = CARTESIAN_POINT('',(112.34923397809,3.372405111538,
    68.742913861311));
#8026 = CARTESIAN_POINT('',(112.21099650724,3.397249971991,
    68.295474432766));
#8027 = CARTESIAN_POINT('',(112.10069876214,3.413156060422,
    68.015775976516));
#8028 = CARTESIAN_POINT('',(111.96919263383,3.429062091645,
    67.744771065544));
#8029 = CARTESIAN_POINT('',(111.81729524543,3.444967037501,
    67.484329875498));
#8030 = CARTESIAN_POINT('',(111.64600546555,3.460871403094,
    67.236212386751));
#8031 = CARTESIAN_POINT('',(111.45649251903,3.476776110506,
    67.002070354758));
#8032 = CARTESIAN_POINT('',(111.25010262317,3.492681087697,
    66.783437810511));
#8033 = CARTESIAN_POINT('',(110.78529114786,3.52601902307,
    66.360535984356));
#8034 = CARTESIAN_POINT('',(110.52369327774,3.543457005523,
    66.15961177035));
#8035 = CARTESIAN_POINT('',(110.24562197518,3.560893199029,
    65.98080839259));
#8036 = CARTESIAN_POINT('',(109.95327865474,3.578327596412,
    65.825677336358));
#8037 = CARTESIAN_POINT('',(109.64900350375,3.595762218728,
    65.695497169572));
#8038 = CARTESIAN_POINT('',(109.33526077359,3.61319893131,
    65.591286900606));
#8039 = CARTESIAN_POINT('',(109.01464006817,3.630637351386,
    65.513786153049));
#8040 = CARTESIAN_POINT('',(108.48148395265,3.659260509873,
    65.431072756019));
#8041 = CARTESIAN_POINT('',(108.27135622535,3.670448611267,
    65.40990316478));
#8042 = CARTESIAN_POINT('',(108.06019726591,3.681636621327,
    65.400004267542));
#8043 = CARTESIAN_POINT('',(107.84871327777,3.692824467924,
    65.401430468877));
#8044 = CARTESIAN_POINT('',(107.63760933423,3.704012311555,
    65.414183705201));
#8045 = CARTESIAN_POINT('',(107.42758878939,3.715200318087,
    65.438214793632));
#8046 = CARTESIAN_POINT('',(107.2193526153,3.726388429632,
    65.473422118579));
#8047 = CARTESIAN_POINT('',(106.68540075776,3.755421628125,
    65.593381961818));
#8048 = CARTESIAN_POINT('',(106.3634363557,3.773270470818,
    65.695169003962));
#8049 = CARTESIAN_POINT('',(106.05060341263,3.791117561527,
    65.824376978234));
#8050 = CARTESIAN_POINT('',(105.7496168145,3.808962550271,
    65.980019278448));
#8051 = CARTESIAN_POINT('',(105.46303212141,3.826807494695,
    66.160813888174));
#8052 = CARTESIAN_POINT('',(105.19324855043,3.844654485463,
    66.365205930541));
#8053 = CARTESIAN_POINT('',(104.94249119936,3.862503239536,
    66.591353376194));
#8054 = CARTESIAN_POINT('',(104.46447695169,3.899637205211,
    67.102669511818));
#8055 = CARTESIAN_POINT('',(104.24063812677,3.918931144576,
    67.391263140026));
#8056 = CARTESIAN_POINT('',(104.04385096952,3.938223076596,
    67.700124356125));
#8057 = CARTESIAN_POINT('',(103.87621517134,3.957512379792,
    68.026265182048));
#8058 = CARTESIAN_POINT('',(103.73942065724,3.976801801928,
    68.366495790683));
#8059 = CARTESIAN_POINT('',(103.63477238671,3.996094055241,
    68.717450481052));
#8060 = CARTESIAN_POINT('',(103.56315448034,4.015388419003,
    69.075585937521));
#8061 = CARTESIAN_POINT('',(103.5172172276,4.038571614584,
    69.510148730736));
#8062 = CARTESIAN_POINT('',(103.51086160488,4.042465867626,
    69.583289555677));
#8063 = CARTESIAN_POINT('',(103.5058699367,4.046360108811,
    69.656544619857));
#8064 = CARTESIAN_POINT('',(103.50224457929,4.050254337969,
    69.729884252632));
#8065 = CARTESIAN_POINT('',(103.49998711243,4.054148554493,
    69.803278740733));
#8066 = CARTESIAN_POINT('',(103.49909833943,4.058042757342,
    69.876698328271));
#8067 = CARTESIAN_POINT('',(103.49957828712,4.061936945037,
    69.950113216737));
#8068 = CARTESIAN_POINT('',(103.51277970717,4.089756665283,
    70.474338002087));
#8069 = CARTESIAN_POINT('',(103.5757786916,4.113697023287,
    70.924171208396));
#8070 = CARTESIAN_POINT('',(103.69035330996,4.137628451122,
    71.365639987874));
#8071 = CARTESIAN_POINT('',(103.85505448266,4.161553346694,
    71.791891454247));
#8072 = CARTESIAN_POINT('',(104.06752085751,4.185478230257,
    72.196458864632));
#8073 = CARTESIAN_POINT('',(104.32443862461,4.209409800701,
    72.57330789271));
#8074 = CARTESIAN_POINT('',(104.62160281947,4.233350316672,
    72.916836792258));
#8075 = CARTESIAN_POINT('',(105.251510438,4.278755538023,73.496254048719
    ));
#8076 = CARTESIAN_POINT('',(105.57780609493,4.300244409893,
    73.739827887341));
#8077 = CARTESIAN_POINT('',(105.92858483862,4.321728932825,
    73.949278005534));
#8078 = CARTESIAN_POINT('',(106.29963010054,4.343209626705,
    74.12180578984));
#8079 = CARTESIAN_POINT('',(106.68645249379,4.364690237836,
    74.255255736428));
#8080 = CARTESIAN_POINT('',(107.08432449307,4.386174569258,
    74.348062125805));
#8081 = CARTESIAN_POINT('',(107.48826836947,4.407663279047,
    74.399311512342));
#8082 = CARTESIAN_POINT('',(108.08893735312,4.439538800275,
    74.413593637859));
#8083 = CARTESIAN_POINT('',(108.28507753162,4.449934960971,
    74.408502133311));
#8084 = CARTESIAN_POINT('',(108.48088130645,4.460330968392,
    74.393646712154));
#8085 = CARTESIAN_POINT('',(108.67578127377,4.470726813891,
    74.369054377066));
#8086 = CARTESIAN_POINT('',(108.86921547929,4.481122655339,
    74.334790923975));
#8087 = CARTESIAN_POINT('',(109.06062770994,4.491518647757,
    74.290960029376));
#8088 = CARTESIAN_POINT('',(109.24946804201,4.501914776939,
    74.237704036438));
#8089 = CARTESIAN_POINT('',(109.65804236884,4.52478456751,
    74.100216727812));
#8090 = CARTESIAN_POINT('',(109.87642390529,4.537259087652,
    74.011915958055));
#8091 = CARTESIAN_POINT('',(110.08939444372,4.549733398336,
    73.910619295751));
#8092 = CARTESIAN_POINT('',(110.29605325368,4.562207426786,
    73.796719320006));
#8093 = CARTESIAN_POINT('',(110.49553979697,4.574681482019,
    73.670678881011));
#8094 = CARTESIAN_POINT('',(110.68703341981,4.587155857638,
    73.533028330084));
#8095 = CARTESIAN_POINT('',(110.86975562631,4.599630441027,
    73.384367122664));
#8096 = CARTESIAN_POINT('',(111.27713325915,4.628966564272,73.0104367769
    ));
#8097 = CARTESIAN_POINT('',(111.49397895997,4.64583125559,
    72.776567313035));
#8098 = CARTESIAN_POINT('',(111.69166636651,4.662694531579,
    72.525437190043));
#8099 = CARTESIAN_POINT('',(111.86861115608,4.679555952928,
    72.258895580146));
#8100 = CARTESIAN_POINT('',(112.02345493392,4.696417077717,
    71.97893609809));
#8101 = CARTESIAN_POINT('',(112.15505559464,4.713279755451,
    71.687683654282));
#8102 = CARTESIAN_POINT('',(112.2625034636,4.730144149743,
    71.387397103368));
#8103 = CARTESIAN_POINT('',(112.38364875917,4.754857423638,
    70.937593785552));
#8104 = CARTESIAN_POINT('',(112.41676403415,4.76270854972,
    70.793252382031));
#8105 = CARTESIAN_POINT('',(112.44444528798,4.770559784098,
    70.647700509708));
#8106 = CARTESIAN_POINT('',(112.46664147295,4.77841110295,70.50117710465
    ));
#8107 = CARTESIAN_POINT('',(112.48331426068,4.786262480104,
    70.353922892687));
#8108 = CARTESIAN_POINT('',(112.49443805421,4.794113824725,
    70.206180275123));
#8109 = CARTESIAN_POINT('',(112.5,4.801964918989,70.058193214444));
#8110 = CARTESIAN_POINT('',(112.5,4.809815355763,69.91020712003));
#8111 = CYLINDRICAL_SURFACE('',#8112,4.5);
#8112 = AXIS2_PLACEMENT_3D('',#8113,#8114,#8115);
#8113 = CARTESIAN_POINT('',(108.,-3.,69.910207612377));
#8114 = DIRECTION('',(0.,-1.,2.2E-16));
#8115 = DIRECTION('',(1.,0.,0.));
#8116 = ADVANCED_FACE('',(#8117),#8394,.F.);
#8117 = FACE_BOUND('',#8118,.F.);
#8118 = EDGE_LOOP('',(#8119,#8129,#8226,#8232,#8233,#8234,#8235,#8236,
    #8237,#8238,#8311,#8319));
#8119 = ORIENTED_EDGE('',*,*,#8120,.F.);
#8120 = EDGE_CURVE('',#8121,#8123,#8125,.T.);
#8121 = VERTEX_POINT('',#8122);
#8122 = CARTESIAN_POINT('',(112.5,5.69015353917,37.410207366208));
#8123 = VERTEX_POINT('',#8124);
#8124 = CARTESIAN_POINT('',(112.5,6.309811275217,37.410207325173));
#8125 = LINE('',#8126,#8127);
#8126 = CARTESIAN_POINT('',(112.5,-3.,37.410207612377));
#8127 = VECTOR('',#8128,1.);
#8128 = DIRECTION('',(0.,1.,-2.2E-16));
#8129 = ORIENTED_EDGE('',*,*,#8130,.T.);
#8130 = EDGE_CURVE('',#8121,#8131,#8133,.T.);
#8131 = VERTEX_POINT('',#8132);
#8132 = CARTESIAN_POINT('',(112.5,7.190152435437,37.410207325179));
#8133 = B_SPLINE_CURVE_WITH_KNOTS('',7,(#8134,#8135,#8136,#8137,#8138,
    #8139,#8140,#8141,#8142,#8143,#8144,#8145,#8146,#8147,#8148,#8149,
    #8150,#8151,#8152,#8153,#8154,#8155,#8156,#8157,#8158,#8159,#8160,
    #8161,#8162,#8163,#8164,#8165,#8166,#8167,#8168,#8169,#8170,#8171,
    #8172,#8173,#8174,#8175,#8176,#8177,#8178,#8179,#8180,#8181,#8182,
    #8183,#8184,#8185,#8186,#8187,#8188,#8189,#8190,#8191,#8192,#8193,
    #8194,#8195,#8196,#8197,#8198,#8199,#8200,#8201,#8202,#8203,#8204,
    #8205,#8206,#8207,#8208,#8209,#8210,#8211,#8212,#8213,#8214,#8215,
    #8216,#8217,#8218,#8219,#8220,#8221,#8222,#8223,#8224,#8225),
  .UNSPECIFIED.,.F.,.F.,(8,6,6,6,6,6,6,6,6,6,6,6,6,6,6,8),(0.,
    4.491649100595E-02,0.134075153096,0.22020896314,0.272057685546,
    0.385221739322,0.500709855406,0.523023879886,0.628019839396,
    0.735859542956,0.772703100457,0.788554960752,0.869557421413,
    0.919458562196,0.954461058376,1.),.UNSPECIFIED.);
#8134 = CARTESIAN_POINT('',(112.5,5.690153543523,37.410207037982));
#8135 = CARTESIAN_POINT('',(112.5,5.699777453844,37.228794146437));
#8136 = CARTESIAN_POINT('',(112.49146747083,5.709402692618,
    37.047379449734));
#8137 = CARTESIAN_POINT('',(112.47440265032,5.719028178116,
    36.866447952463));
#8138 = CARTESIAN_POINT('',(112.44883951631,5.728653462876,
    36.686480586064));
#8139 = CARTESIAN_POINT('',(112.41484573634,5.738278463133,
    36.507953755708));
#8140 = CARTESIAN_POINT('',(112.37252261735,5.747903188253,
    36.331338887165));
#8141 = CARTESIAN_POINT('',(112.22172833851,5.776631547095,
    35.811243921444));
#8142 = CARTESIAN_POINT('',(112.08914406817,5.795737696112,
    35.474685007053));
#8143 = CARTESIAN_POINT('',(111.92531393326,5.814840417804,
    35.151161193475));
#8144 = CARTESIAN_POINT('',(111.7318234664,5.833941816422,
    34.844106613147));
#8145 = CARTESIAN_POINT('',(111.51067637459,5.853045641939,
    34.556701061842));
#8146 = CARTESIAN_POINT('',(111.26428617441,5.872152538012,
    34.291856659224));
#8147 = CARTESIAN_POINT('',(110.73596088535,5.909712320972,
    33.820563344166));
#8148 = CARTESIAN_POINT('',(110.45542886108,5.92817142759,
    33.612360938072));
#8149 = CARTESIAN_POINT('',(110.15656576755,5.946628667759,
    33.429875347303));
#8150 = CARTESIAN_POINT('',(109.84221637536,5.965084515797,
    33.274985754782));
#8151 = CARTESIAN_POINT('',(109.51542053052,5.983541472743,
    33.149189974739));
#8152 = CARTESIAN_POINT('',(109.17940159307,6.002000309348,
    33.053598764775));
#8153 = CARTESIAN_POINT('',(108.63184471822,6.031565741353,
    32.949867895369));
#8154 = CARTESIAN_POINT('',(108.42397274659,6.042675508155,
    32.922059839257));
#8155 = CARTESIAN_POINT('',(108.21471534968,6.053785083689,
    32.905560721524));
#8156 = CARTESIAN_POINT('',(108.00481045851,6.064894554145,
    32.900448952695));
#8157 = CARTESIAN_POINT('',(107.79499797228,6.076004153516,
    32.906742553146));
#8158 = CARTESIAN_POINT('',(107.58601875931,6.087113960878,
    32.924399130217));
#8159 = CARTESIAN_POINT('',(106.9259351554,6.12247128355,33.016428959793
    ));
#8160 = CARTESIAN_POINT('',(106.48052653956,6.146730412353,
    33.133212683368));
#8161 = CARTESIAN_POINT('',(106.05040827463,6.17098057571,
    33.302633683735));
#8162 = CARTESIAN_POINT('',(105.64290840729,6.195228159857,
    33.522124617937));
#8163 = CARTESIAN_POINT('',(105.26477147785,6.219478373678,
    33.788052151565));
#8164 = CARTESIAN_POINT('',(104.92217323243,6.243737435194,
    34.095711133158));
#8165 = CARTESIAN_POINT('',(104.3124098739,6.292730160792,
    34.789281949854));
#8166 = CARTESIAN_POINT('',(104.04663875199,6.3174874416,35.177012122271
    ));
#8167 = CARTESIAN_POINT('',(103.82883479045,6.342233945781,
    35.595756786392));
#8168 = CARTESIAN_POINT('',(103.66308453602,6.366977260521,
    36.038342140679));
#8169 = CARTESIAN_POINT('',(103.5522430058,6.391723853471,
    36.497144820131));
#8170 = CARTESIAN_POINT('',(103.49794132681,6.416481308511,
    36.964071385069));
#8171 = CARTESIAN_POINT('',(103.50045241667,6.446008147341,
    37.520632770509));
#8172 = CARTESIAN_POINT('',(103.50296479692,6.450789394132,
    37.610746263344));
#8173 = CARTESIAN_POINT('',(103.50758267008,6.455570663312,
    37.700791170024));
#8174 = CARTESIAN_POINT('',(103.51430370068,6.460351952833,
    37.790708453433));
#8175 = CARTESIAN_POINT('',(103.52312348939,6.465133261154,
    37.88043924848));
#8176 = CARTESIAN_POINT('',(103.53403557304,6.469914587243,
    37.969924862099));
#8177 = CARTESIAN_POINT('',(103.60818184162,6.497193966799,
    38.478741534385));
#8178 = CARTESIAN_POINT('',(103.71549009055,6.519699972715,
    38.891798302326));
#8179 = CARTESIAN_POINT('',(103.86808307811,6.542200630546,
    39.291916631178));
#8180 = CARTESIAN_POINT('',(104.06397933695,6.564697686948,
    39.673238138609));
#8181 = CARTESIAN_POINT('',(104.30037480839,6.58719796795,
    40.030304600386));
#8182 = CARTESIAN_POINT('',(104.57366109224,6.609703366718,
    40.358093463785));
#8183 = CARTESIAN_POINT('',(105.19296590275,6.655307569353,
    40.954253521464));
#8184 = CARTESIAN_POINT('',(105.5409851568,6.678422771917,41.22099784274
    ));
#8185 = CARTESIAN_POINT('',(105.9182587551,6.701530419426,
    41.447546273136));
#8186 = CARTESIAN_POINT('',(106.31916691556,6.724635665259,
    41.63022538958));
#8187 = CARTESIAN_POINT('',(106.73767318387,6.747743589156,
    41.766284600454));
#8188 = CARTESIAN_POINT('',(107.16731811031,6.770859063184,
    41.853893217174));
#8189 = CARTESIAN_POINT('',(107.7493778542,6.801860389903,
    41.905686107724));
#8190 = CARTESIAN_POINT('',(107.89810903684,6.809754915259,
    41.913156861109));
#8191 = CARTESIAN_POINT('',(108.04708367129,6.817649468305,
    41.914885702447));
#8192 = CARTESIAN_POINT('',(108.19603585394,6.825544032649,
    41.910864404649));
#8193 = CARTESIAN_POINT('',(108.34470013518,6.833438592811,
    41.901100131896));
#8194 = CARTESIAN_POINT('',(108.49281151934,6.841333134221,
    41.88561543964));
#8195 = CARTESIAN_POINT('',(108.70347836363,6.852624238504,
    41.855341147991));
#8196 = CARTESIAN_POINT('',(108.7667001039,6.856020830075,
    41.845182106103));
#8197 = CARTESIAN_POINT('',(108.82974971478,6.859417417239,
    41.833974162769));
#8198 = CARTESIAN_POINT('',(108.8926063236,6.862813999251,41.82172084989
    ));
#8199 = CARTESIAN_POINT('',(108.95524915585,6.866210575313,
    41.808426217435));
#8200 = CARTESIAN_POINT('',(109.0176575351,6.869607144572,
    41.794094833444));
#8201 = CARTESIAN_POINT('',(109.39741235261,6.890360018783,
    41.700227130115));
#8202 = CARTESIAN_POINT('',(109.70839435363,6.9077182633,41.594773966186
    ));
#8203 = CARTESIAN_POINT('',(110.00994180237,6.925074723082,
    41.463056049367));
#8204 = CARTESIAN_POINT('',(110.29941957882,6.942429989743,
    41.306117821047));
#8205 = CARTESIAN_POINT('',(110.57434949139,6.959786222599,
    41.125302796126));
#8206 = CARTESIAN_POINT('',(110.832418305,6.977144268049,40.922249223515
    ));
#8207 = CARTESIAN_POINT('',(111.21881222615,7.005192939991,
    40.561376401803));
#8208 = CARTESIAN_POINT('',(111.3589217819,7.015885591592,
    40.416110669517));
#8209 = CARTESIAN_POINT('',(111.49135875499,7.026578316812,
    40.263600909651));
#8210 = CARTESIAN_POINT('',(111.6156765242,7.037271187167,
    40.104335058896));
#8211 = CARTESIAN_POINT('',(111.73146908655,7.047964362154,
    39.938833263388));
#8212 = CARTESIAN_POINT('',(111.83837155174,7.05865782887,
    39.767647240103));
#8213 = CARTESIAN_POINT('',(112.00458335488,7.076851824652,
    39.467705028096));
#8214 = CARTESIAN_POINT('',(112.06857419167,7.084352539451,
    39.341538346228));
#8215 = CARTESIAN_POINT('',(112.12792216692,7.091853229428,
    39.213059992721));
#8216 = CARTESIAN_POINT('',(112.18252786909,7.099353837954,
    39.082475202948));
#8217 = CARTESIAN_POINT('',(112.23230345505,7.106854308383,
    38.949994047596));
#8218 = CARTESIAN_POINT('',(112.27717265013,7.114354584046,
    38.815831432656));
#8219 = CARTESIAN_POINT('',(112.36897896467,7.13161228848,38.5037571525)
  );
#8220 = CARTESIAN_POINT('',(112.41247371306,7.141369688337,
    38.324829736863));
#8221 = CARTESIAN_POINT('',(112.44741246491,7.151126545122,
    38.143910071189));
#8222 = CARTESIAN_POINT('',(112.47368816832,7.160882856047,
    37.961489182964));
#8223 = CARTESIAN_POINT('',(112.49122931377,7.170638880663,
    37.778063453626));
#8224 = CARTESIAN_POINT('',(112.5,7.180395143288,37.59413416371));
#8225 = CARTESIAN_POINT('',(112.5,7.190152435437,37.410207037982));
#8226 = ORIENTED_EDGE('',*,*,#8227,.T.);
#8227 = EDGE_CURVE('',#8131,#6571,#8228,.T.);
#8228 = LINE('',#8229,#8230);
#8229 = CARTESIAN_POINT('',(112.5,-3.,37.410207612377));
#8230 = VECTOR('',#8231,1.);
#8231 = DIRECTION('',(0.,1.,-2.2E-16));
#8232 = ORIENTED_EDGE('',*,*,#6579,.T.);
#8233 = ORIENTED_EDGE('',*,*,#6598,.T.);
#8234 = ORIENTED_EDGE('',*,*,#6537,.T.);
#8235 = ORIENTED_EDGE('',*,*,#6554,.T.);
#8236 = ORIENTED_EDGE('',*,*,#6570,.T.);
#8237 = ORIENTED_EDGE('',*,*,#8227,.F.);
#8238 = ORIENTED_EDGE('',*,*,#8239,.T.);
#8239 = EDGE_CURVE('',#8131,#8240,#8242,.T.);
#8240 = VERTEX_POINT('',#8241);
#8241 = CARTESIAN_POINT('',(109.16468601856,8.377655766648,
    41.756873746112));
#8242 = B_SPLINE_CURVE_WITH_KNOTS('',7,(#8243,#8244,#8245,#8246,#8247,
    #8248,#8249,#8250,#8251,#8252,#8253,#8254,#8255,#8256,#8257,#8258,
    #8259,#8260,#8261,#8262,#8263,#8264,#8265,#8266,#8267,#8268,#8269,
    #8270,#8271,#8272,#8273,#8274,#8275,#8276,#8277,#8278,#8279,#8280,
    #8281,#8282,#8283,#8284,#8285,#8286,#8287,#8288,#8289,#8290,#8291,
    #8292,#8293,#8294,#8295,#8296,#8297,#8298,#8299,#8300,#8301,#8302,
    #8303,#8304,#8305,#8306,#8307,#8308,#8309,#8310),.UNSPECIFIED.,.F.,
  .F.,(8,6,6,6,6,6,6,6,6,6,6,8),(0.,1.312221773006E-02,
    5.812497880778E-02,0.16402088351,0.283882874748,0.416375930094,
    0.512706898268,0.583363840685,0.719096697947,0.840191052722,
    0.94403499916,1.),.UNSPECIFIED.);
#8243 = CARTESIAN_POINT('',(112.5,7.190152435437,37.410207037982));
#8244 = CARTESIAN_POINT('',(112.5,7.192378609057,37.368248876612));
#8245 = CARTESIAN_POINT('',(112.49954357651,7.194604792413,37.326290688)
  );
#8246 = CARTESIAN_POINT('',(112.49863073048,7.19683098124,
    37.284338461861));
#8247 = CARTESIAN_POINT('',(112.49726155959,7.199057172199,
    37.242398170602));
#8248 = CARTESIAN_POINT('',(112.49543625822,7.20128336288,
    37.200475769322));
#8249 = CARTESIAN_POINT('',(112.4931551175,7.2035095518,37.158577195814)
  );
#8250 = CARTESIAN_POINT('',(112.48103335819,7.21337046493,
    36.973118866252));
#8251 = CARTESIAN_POINT('',(112.46629130276,7.221005159636,
    36.829878781735));
#8252 = CARTESIAN_POINT('',(112.44620818528,7.228639743101,
    36.687229207954));
#8253 = CARTESIAN_POINT('',(112.42081307983,7.236274161864,
    36.545408864324));
#8254 = CARTESIAN_POINT('',(112.39014830833,7.243908388421,
    36.404654098725));
#8255 = CARTESIAN_POINT('',(112.35426944045,7.251542421225,
    36.26519888751));
#8256 = CARTESIAN_POINT('',(112.21671145827,7.277139513128,
    35.802726031869));
#8257 = CARTESIAN_POINT('',(112.09167317256,7.295104350165,
    35.486605546556));
#8258 = CARTESIAN_POINT('',(111.93903390769,7.313066730737,
    35.182001245193));
#8259 = CARTESIAN_POINT('',(111.76010228785,7.331028023953,
    34.891770987253));
#8260 = CARTESIAN_POINT('',(111.55651824841,7.348991028223,
    34.618574854518));
#8261 = CARTESIAN_POINT('',(111.33024725705,7.366956445182,
    34.364865686296));
#8262 = CARTESIAN_POINT('',(110.80451447203,7.405252321819,
    33.870209163482));
#8263 = CARTESIAN_POINT('',(110.49922591563,7.425590035735,
    33.635254850848));
#8264 = CARTESIAN_POINT('',(110.17118098638,7.44592483429,
    33.431218404528));
#8265 = CARTESIAN_POINT('',(109.82416123109,7.466257479351,
    33.260651257218));
#8266 = CARTESIAN_POINT('',(109.46223244634,7.48659192926,
    33.125551817052));
#8267 = CARTESIAN_POINT('',(109.08972461927,7.506929343433,
    33.027355617545));
#8268 = CARTESIAN_POINT('',(108.29296549248,7.549736885365,
    32.89981387496));
#8269 = CARTESIAN_POINT('',(107.86714679511,7.572219102666,
    32.878774342753));
#8270 = CARTESIAN_POINT('',(107.44014025889,7.594695421385,
    32.904721980049));
#8271 = CARTESIAN_POINT('',(107.01811035986,7.617168240849,
    32.977518080619));
#8272 = CARTESIAN_POINT('',(106.60708623679,7.63964487588,
    33.096122703186));
#8273 = CARTESIAN_POINT('',(106.21292253957,7.662127340728,
    33.258601392371));
#8274 = CARTESIAN_POINT('',(105.57095046225,7.700943261355,
    33.609602742301));
#8275 = CARTESIAN_POINT('',(105.31246503019,7.717285759057,
    33.778964591291));
#8276 = CARTESIAN_POINT('',(105.06787241133,7.733627174239,
    33.968773540841));
#8277 = CARTESIAN_POINT('',(104.83908798012,7.749967864355,
    34.177642747837));
#8278 = CARTESIAN_POINT('',(104.62784934375,7.76630922737,
    34.403985852281));
#8279 = CARTESIAN_POINT('',(104.4357115405,7.782651643424,
    34.646021367629));
#8280 = CARTESIAN_POINT('',(104.13807278225,7.810978074011,
    35.089310616329));
#8281 = CARTESIAN_POINT('',(104.02311688224,7.822964023864,
    35.284259814447));
#8282 = CARTESIAN_POINT('',(103.91966968137,7.83494969864,
    35.485810117107));
#8283 = CARTESIAN_POINT('',(103.82817858583,7.846935214456,
    35.693144103218));
#8284 = CARTESIAN_POINT('',(103.74901867785,7.858920910126,
    35.90541178325));
#8285 = CARTESIAN_POINT('',(103.68249223413,7.870906891628,
    36.121731682669));
#8286 = CARTESIAN_POINT('',(103.52571970627,7.90591725678,
    36.762769215206));
#8287 = CARTESIAN_POINT('',(103.47001555019,7.928950797275,
    37.196109342384));
#8288 = CARTESIAN_POINT('',(103.46340657408,7.951977508239,
    37.63453064908));
#8289 = CARTESIAN_POINT('',(103.50624608836,7.975002196224,
    38.071400381214));
#8290 = CARTESIAN_POINT('',(103.59789352496,7.998029274194,
    38.500186555644));
#8291 = CARTESIAN_POINT('',(103.73671388792,8.021063074604,
    38.91445148147));
#8292 = CARTESIAN_POINT('',(104.08303615333,8.06462920958,
    39.659054847188));
#8293 = CARTESIAN_POINT('',(104.28161041466,8.085175167998,
    39.993828893358));
#8294 = CARTESIAN_POINT('',(104.51344993804,8.105717097172,
    40.307883158795));
#8295 = CARTESIAN_POINT('',(104.77590371739,8.126256391362,
    40.597331379625));
#8296 = CARTESIAN_POINT('',(105.06583382312,8.146798002366,
    40.858712817893));
#8297 = CARTESIAN_POINT('',(105.37963129142,8.167343752991,
    41.089009851306));
#8298 = CARTESIAN_POINT('',(105.99906732976,8.205500617212,
    41.454526389465));
#8299 = CARTESIAN_POINT('',(106.2995968428,8.223118693639,41.59867381835
    ));
#8300 = CARTESIAN_POINT('',(106.6120861842,8.240735628503,
    41.716674768859));
#8301 = CARTESIAN_POINT('',(106.93380086073,8.258351960776,
    41.807386629201));
#8302 = CARTESIAN_POINT('',(107.26190459989,8.275969275259,
    41.870009703064));
#8303 = CARTESIAN_POINT('',(107.59346890385,8.293587462348,
    41.904089874702));
#8304 = CARTESIAN_POINT('',(108.10438615995,8.320696040666,
    41.912553729327));
#8305 = CARTESIAN_POINT('',(108.28344859142,8.330189339264,
    41.907216753744));
#8306 = CARTESIAN_POINT('',(108.46218503244,8.339682356982,
    41.893571231197));
#8307 = CARTESIAN_POINT('',(108.64013332136,8.349175202029,
    41.871641657339));
#8308 = CARTESIAN_POINT('',(108.81683502095,8.3586681721,41.841484518587
    ));
#8309 = CARTESIAN_POINT('',(108.99183581002,8.368161664617,
    41.803188252839));
#8310 = CARTESIAN_POINT('',(109.16468587496,8.377656086965,
    41.756873210194));
#8311 = ORIENTED_EDGE('',*,*,#8312,.T.);
#8312 = EDGE_CURVE('',#8240,#8313,#8315,.T.);
#8313 = VERTEX_POINT('',#8314);
#8314 = CARTESIAN_POINT('',(109.16468601856,7.497323590788,
    41.756873746111));
#8315 = LINE('',#8316,#8317);
#8316 = CARTESIAN_POINT('',(109.16468601862,-3.,41.756873746097));
#8317 = VECTOR('',#8318,1.);
#8318 = DIRECTION('',(0.,-1.,2.2E-16));
#8319 = ORIENTED_EDGE('',*,*,#8320,.F.);
#8320 = EDGE_CURVE('',#8123,#8313,#8321,.T.);
#8321 = B_SPLINE_CURVE_WITH_KNOTS('',8,(#8322,#8323,#8324,#8325,#8326,
    #8327,#8328,#8329,#8330,#8331,#8332,#8333,#8334,#8335,#8336,#8337,
    #8338,#8339,#8340,#8341,#8342,#8343,#8344,#8345,#8346,#8347,#8348,
    #8349,#8350,#8351,#8352,#8353,#8354,#8355,#8356,#8357,#8358,#8359,
    #8360,#8361,#8362,#8363,#8364,#8365,#8366,#8367,#8368,#8369,#8370,
    #8371,#8372,#8373,#8374,#8375,#8376,#8377,#8378,#8379,#8380,#8381,
    #8382,#8383,#8384,#8385,#8386,#8387,#8388,#8389,#8390,#8391,#8392,
    #8393),.UNSPECIFIED.,.F.,.F.,(9,7,7,7,7,7,7,7,7,7,9),(0.,
    2.400274362493E-02,6.682866857732E-02,0.164835709477,0.286649778883,
    0.419749841914,0.5891119092,0.722902464662,0.840906673611,
    0.948703380767,1.),.UNSPECIFIED.);
#8322 = CARTESIAN_POINT('',(112.5,6.309811275217,37.410207037969));
#8323 = CARTESIAN_POINT('',(112.5,6.313375262355,37.343055064611));
#8324 = CARTESIAN_POINT('',(112.49885475786,6.316938936034,
    37.275903038379));
#8325 = CARTESIAN_POINT('',(112.49656427303,6.320502345232,
    37.208773787016));
#8326 = CARTESIAN_POINT('',(112.4931290885,6.324065534037,
    37.141690105047));
#8327 = CARTESIAN_POINT('',(112.48855029084,6.327628541648,
    37.074674753775));
#8328 = CARTESIAN_POINT('',(112.48282951022,6.331191402378,
    37.007750461286));
#8329 = CARTESIAN_POINT('',(112.47596892035,6.334754145647,
    36.940939922447));
#8330 = CARTESIAN_POINT('',(112.45370169804,6.344673310839,
    36.755305189412));
#8331 = CARTESIAN_POINT('',(112.43581225257,6.351029546626,
    36.636778350207));
#8332 = CARTESIAN_POINT('',(112.4143184232,6.35738563027,36.518814419784
    ));
#8333 = CARTESIAN_POINT('',(112.3892411088,6.363741661286,
    36.401541298269));
#8334 = CARTESIAN_POINT('',(112.36060658605,6.370097711777,
    36.285085647417));
#8335 = CARTESIAN_POINT('',(112.32844650943,6.376453826442,
    36.169572890614));
#8336 = CARTESIAN_POINT('',(112.29279791123,6.382810022569,
    36.055127212872));
#8337 = CARTESIAN_POINT('',(112.16423503899,6.403712595033,
    35.682686234803));
#8338 = CARTESIAN_POINT('',(112.0567101714,6.418260632153,
    35.429708043524));
#8339 = CARTESIAN_POINT('',(111.93164128534,6.432808613442,
    35.184439614726));
#8340 = CARTESIAN_POINT('',(111.78968493875,6.447356105267,
    34.948296509985));
#8341 = CARTESIAN_POINT('',(111.63162423456,6.461903488258,
    34.722615302593));
#8342 = CARTESIAN_POINT('',(111.45836207305,6.47645127501,
    34.508654766153));
#8343 = CARTESIAN_POINT('',(111.27092498291,6.490999285551,
    34.307590173912));
#8344 = CARTESIAN_POINT('',(110.82133910573,6.523625560956,
    33.887965077937));
#8345 = CARTESIAN_POINT('',(110.5520214923,6.541708669369,
    33.676943820738));
#8346 = CARTESIAN_POINT('',(110.26476797257,6.559789631609,
    33.489558505529));
#8347 = CARTESIAN_POINT('',(109.96202125358,6.577868320232,
    33.327558572393));
#8348 = CARTESIAN_POINT('',(109.64638539631,6.595947136075,
    33.192378904255));
#8349 = CARTESIAN_POINT('',(109.32060761986,6.614028373554,
    33.085156350898));
#8350 = CARTESIAN_POINT('',(108.98757998093,6.632111669751,
    33.006705205948));
#8351 = CARTESIAN_POINT('',(108.28189875217,6.669946492729,
    32.903634756787));
#8352 = CARTESIAN_POINT('',(107.90823616951,6.689707631331,
    32.884647875581));
#8353 = CARTESIAN_POINT('',(107.53338206666,6.709466522475,
    32.901110844623));
#8354 = CARTESIAN_POINT('',(107.16126131761,6.729222288827,
    32.953031529174));
#8355 = CARTESIAN_POINT('',(106.79572102077,6.748977924454,
    33.039921799881));
#8356 = CARTESIAN_POINT('',(106.44052256419,6.76873652839,
    33.160838072725));
#8357 = CARTESIAN_POINT('',(106.09931951941,6.788497453696,
    33.314346397379));
#8358 = CARTESIAN_POINT('',(105.36373434077,6.833389353346,
    33.732624957395));
#8359 = CARTESIAN_POINT('',(104.97971001424,6.858545597242,
    34.016585383827));
#8360 = CARTESIAN_POINT('',(104.63108749611,6.88369058768,
    34.346184329246));
#8361 = CARTESIAN_POINT('',(104.32402245847,6.908828055176,
    34.716106258511));
#8362 = CARTESIAN_POINT('',(104.06373491876,6.933965919981,
    35.120311057592));
#8363 = CARTESIAN_POINT('',(103.85441268442,6.95911168536,35.55200218983
    ));
#8364 = CARTESIAN_POINT('',(103.6992709481,6.984268438865,
    36.003709185249));
#8365 = CARTESIAN_POINT('',(103.5215037186,7.029262900003,
    36.832994645273));
#8366 = CARTESIAN_POINT('',(103.47781737747,7.049126311333,
    37.206553399082));
#8367 = CARTESIAN_POINT('',(103.46979708002,7.068986459754,
    37.583661973265));
#8368 = CARTESIAN_POINT('',(103.49771049813,7.08884365298,
    37.960338229637));
#8369 = CARTESIAN_POINT('',(103.56131574338,7.108700720963,
    38.332653319605));
#8370 = CARTESIAN_POINT('',(103.65990157827,7.128560596008,
    38.696735747183));
#8371 = CARTESIAN_POINT('',(103.79224937442,7.148423814707,
    39.048784984859));
#8372 = CARTESIAN_POINT('',(104.10140666402,7.185795666429,
    39.681761843209));
#8373 = CARTESIAN_POINT('',(104.27119333488,7.203313488296,
    39.966315152103));
#8374 = CARTESIAN_POINT('',(104.46466541924,7.22083016555,40.23625175527
    ));
#8375 = CARTESIAN_POINT('',(104.68032847855,7.238345326616,
    40.489286964983));
#8376 = CARTESIAN_POINT('',(104.91645438521,7.255860612402,
    40.723342387484));
#8377 = CARTESIAN_POINT('',(105.17110039101,7.273377567616,
    40.936538690754));
#8378 = CARTESIAN_POINT('',(105.44210048024,7.290895599565,
    41.127214078595));
#8379 = CARTESIAN_POINT('',(105.98731088524,7.324409392818,
    41.446298413863));
#8380 = CARTESIAN_POINT('',(106.25929391518,7.340410459047,
    41.578712583349));
#8381 = CARTESIAN_POINT('',(106.54115098987,7.356410176291,
    41.690130140212));
#8382 = CARTESIAN_POINT('',(106.83098115743,7.372408272053,
    41.779710220684));
#8383 = CARTESIAN_POINT('',(107.12682276402,7.388406012596,
    41.846821046593));
#8384 = CARTESIAN_POINT('',(107.42666078022,7.404404887685,
    41.891030435829));
#8385 = CARTESIAN_POINT('',(107.72842831164,7.420405195653,
    41.912117713187));
#8386 = CARTESIAN_POINT('',(108.17351062656,7.444018042407,
    41.909150204932));
#8387 = CARTESIAN_POINT('',(108.3169850547,7.451631852078,
    41.902962820999));
#8388 = CARTESIAN_POINT('',(108.46020177824,7.459245950129,
    41.891546428218));
#8389 = CARTESIAN_POINT('',(108.60293833925,7.466860390646,
    41.874913871988));
#8390 = CARTESIAN_POINT('',(108.74497371296,7.474475261785,
    41.853089271199));
#8391 = CARTESIAN_POINT('',(108.88608839895,7.482090658101,
    41.826108004777));
#8392 = CARTESIAN_POINT('',(109.02606451235,7.489706652876,
    41.794016698227));
#8393 = CARTESIAN_POINT('',(109.16468587496,7.497323270444,
    41.756873210181));
#8394 = CYLINDRICAL_SURFACE('',#8395,4.5);
#8395 = AXIS2_PLACEMENT_3D('',#8396,#8397,#8398);
#8396 = CARTESIAN_POINT('',(108.,-3.,37.410207612377));
#8397 = DIRECTION('',(0.,-1.,2.2E-16));
#8398 = DIRECTION('',(1.,0.,0.));
#8399 = ADVANCED_FACE('',(#8400),#8444,.F.);
#8400 = FACE_BOUND('',#8401,.F.);
#8401 = EDGE_LOOP('',(#8402,#8437,#8442,#8443));
#8402 = ORIENTED_EDGE('',*,*,#8403,.F.);
#8403 = EDGE_CURVE('',#8404,#6825,#8406,.T.);
#8404 = VERTEX_POINT('',#8405);
#8405 = CARTESIAN_POINT('',(113.10001740054,5.156252062468,
    69.910207710852));
#8406 = B_SPLINE_CURVE_WITH_KNOTS('',11,(#8407,#8408,#8409,#8410,#8411,
    #8412,#8413,#8414,#8415,#8416,#8417,#8418,#8419,#8420,#8421,#8422,
    #8423,#8424,#8425,#8426,#8427,#8428,#8429,#8430,#8431,#8432,#8433,
    #8434,#8435,#8436),.UNSPECIFIED.,.F.,.F.,(12,9,9,12),(0.,
    1.614938419963,3.229876839926,6.459753679852),.UNSPECIFIED.);
#8407 = CARTESIAN_POINT('',(113.10001740054,5.156252062468,
    69.910207710852));
#8408 = CARTESIAN_POINT('',(113.10001832302,5.190343079243,
    69.181929799157));
#8409 = CARTESIAN_POINT('',(112.98564969435,5.224434511164,
    68.45364898035));
#8410 = CARTESIAN_POINT('',(112.75684026498,5.258525246054,
    67.745327552398));
#8411 = CARTESIAN_POINT('',(112.41754391531,5.292615749974,
    67.07694539066));
#8412 = CARTESIAN_POINT('',(111.9756230892,5.326706459094,
    66.467585726099));
#8413 = CARTESIAN_POINT('',(111.44260827172,5.360797424038,
    65.934569604091));
#8414 = CARTESIAN_POINT('',(110.83325204169,5.394888488371,
    65.492657937656));
#8415 = CARTESIAN_POINT('',(110.16487652433,5.428979526979,
    65.153384026331));
#8416 = CARTESIAN_POINT('',(109.45656653819,5.463070514948,
    64.924587064001));
#8417 = CARTESIAN_POINT('',(108.00000821031,5.531252368553,
    64.695789955949));
#8418 = CARTESIAN_POINT('',(106.54344089159,5.599434070543,
    64.924585997641));
#8419 = CARTESIAN_POINT('',(105.83512220334,5.633524902464,
    65.153382044012));
#8420 = CARTESIAN_POINT('',(105.16673486722,5.6676157649,65.492656830186
    ));
#8421 = CARTESIAN_POINT('',(104.55736920208,5.701706681721,
    65.934568317647));
#8422 = CARTESIAN_POINT('',(104.02435323231,5.735797639277,
    66.467585409331));
#8423 = CARTESIAN_POINT('',(103.58244525493,5.769888602253,
    67.076949285907));
#8424 = CARTESIAN_POINT('',(103.2431749409,5.803979539595,
    67.745332594378));
#8425 = CARTESIAN_POINT('',(103.0143826318,5.838070445539,
    68.453646689034));
#8426 = CARTESIAN_POINT('',(102.67119399832,5.940343128766,
    70.638487971371));
#8427 = CARTESIAN_POINT('',(103.3575722695,6.042615811991,
    72.823329095966));
#8428 = CARTESIAN_POINT('',(104.27274540663,6.110797798285,
    74.120162050805));
#8429 = CARTESIAN_POINT('',(105.58276718563,6.178979334957,
    75.097538785655));
#8430 = CARTESIAN_POINT('',(107.16231877549,6.247163086151,
    75.623896392761));
#8431 = CARTESIAN_POINT('',(108.83773870879,6.31534052157,
    75.623842936662));
#8432 = CARTESIAN_POINT('',(110.4172604616,6.383524248267,
    75.097530790427));
#8433 = CARTESIAN_POINT('',(111.72708059674,6.451710307502,
    74.120186571054));
#8434 = CARTESIAN_POINT('',(112.64251063944,6.519886678517,
    72.823329842047));
#8435 = CARTESIAN_POINT('',(113.10001845097,6.58807037269,
    71.366763550656));
#8436 = CARTESIAN_POINT('',(113.10002030062,6.656252406248,
    69.910207727267));
#8437 = ORIENTED_EDGE('',*,*,#8438,.T.);
#8438 = EDGE_CURVE('',#8404,#6616,#8439,.T.);
#8439 = B_SPLINE_CURVE_WITH_KNOTS('',1,(#8440,#8441),.UNSPECIFIED.,.F.,
  .F.,(2,2),(0.,1.3105),.PIECEWISE_BEZIER_KNOTS.);
#8440 = CARTESIAN_POINT('',(113.10001740054,5.156252062468,
    69.910207710853));
#8441 = CARTESIAN_POINT('',(111.96510462226,4.50097865715,
    69.910206593331));
#8442 = ORIENTED_EDGE('',*,*,#6720,.T.);
#8443 = ORIENTED_EDGE('',*,*,#6850,.F.);
#8444 = B_SPLINE_SURFACE_WITH_KNOTS('',1,9,(
    (#8445,#8446,#8447,#8448,#8449,#8450,#8451,#8452,#8453,#8454,#8455
      ,#8456,#8457,#8458,#8459,#8460,#8461,#8462,#8463,#8464,#8465,#8466
      ,#8467,#8468,#8469,#8470,#8471,#8472,#8473,#8474,#8475)
    ,(#8476,#8477,#8478,#8479,#8480,#8481,#8482,#8483,#8484,#8485,#8486
      ,#8487,#8488,#8489,#8490,#8491,#8492,#8493,#8494,#8495,#8496,#8497
      ,#8498,#8499,#8500,#8501,#8502,#8503,#8504,#8505,#8506
  )),.UNSPECIFIED.,.F.,.F.,.F.,(2,2),(10,7,7,7,10),(0.,1.3105),(0.,
    1.614938419963,3.229876839926,4.844815259889,6.459753679852),
  .UNSPECIFIED.);
#8445 = CARTESIAN_POINT('',(113.10001740054,5.156252062468,
    69.910207710852));
#8446 = CARTESIAN_POINT('',(113.10001852802,5.197918860749,
    69.020090263225));
#8447 = CARTESIAN_POINT('',(112.92528839679,5.23958629328,
    68.129968374175));
#8448 = CARTESIAN_POINT('',(112.57568705238,5.281252175429,
    67.279053700434));
#8449 = CARTESIAN_POINT('',(112.06161654736,5.322918456045,
    66.506603934708));
#8450 = CARTESIAN_POINT('',(111.40359353077,5.364585320962,
    65.848570659343));
#8451 = CARTESIAN_POINT('',(110.63114008111,5.406252185269,
    65.334514942379));
#8452 = CARTESIAN_POINT('',(109.7802459793,5.447918988766,64.98496405641
    ));
#8453 = CARTESIAN_POINT('',(108.0000093966,5.531252388558,
    64.635413082025));
#8454 = CARTESIAN_POINT('',(106.2197590779,5.614585556716,
    64.984962753081));
#8455 = CARTESIAN_POINT('',(105.36885180723,5.656252119865,
    65.334512235505));
#8456 = CARTESIAN_POINT('',(104.59638155368,5.697918779682,
    65.848571740354));
#8457 = CARTESIAN_POINT('',(103.93835609547,5.739585527003,
    66.506598860347));
#8458 = CARTESIAN_POINT('',(103.42430216075,5.781252265537,
    67.279065559721));
#8459 = CARTESIAN_POINT('',(103.07475841921,5.822918936913,
    68.129966497598));
#8460 = CARTESIAN_POINT('',(102.72521437247,5.906252234357,
    69.910207553175));
#8461 = CARTESIAN_POINT('',(103.07475896471,5.9895855318,71.690448501645
    ));
#8462 = CARTESIAN_POINT('',(103.42430266664,6.031252203176,
    72.541349261609));
#8463 = CARTESIAN_POINT('',(103.93835508772,6.07291894171,
    73.313816298883));
#8464 = CARTESIAN_POINT('',(104.59637978704,6.114585689032,
    73.971844684978));
#8465 = CARTESIAN_POINT('',(105.36885085122,6.156252348848,
    74.485904696355));
#8466 = CARTESIAN_POINT('',(106.21975874163,6.197918911997,
    74.835452509148));
#8467 = CARTESIAN_POINT('',(108.00000920578,6.281252080157,
    75.184999596774));
#8468 = CARTESIAN_POINT('',(109.78024564303,6.364585479948,
    74.835449724299));
#8469 = CARTESIAN_POINT('',(110.63114036947,6.406252283415,
    74.485901135555));
#8470 = CARTESIAN_POINT('',(111.40359357375,6.447919147835,
    73.971848083258));
#8471 = CARTESIAN_POINT('',(112.06162410541,6.489586012563,
    73.313819059433));
#8472 = CARTESIAN_POINT('',(112.57568859842,6.531252293358,
    72.54135560898));
#8473 = CARTESIAN_POINT('',(112.92527617949,6.572918175413,
    71.690446620715));
#8474 = CARTESIAN_POINT('',(113.10001917028,6.614585607963,
    70.800325174894));
#8475 = CARTESIAN_POINT('',(113.10002030062,6.656252406248,
    69.910207727267));
#8476 = CARTESIAN_POINT('',(111.96510462226,4.50097865715,
    69.910206593331));
#8477 = CARTESIAN_POINT('',(111.96510641702,4.542643961987,
    69.218125920923));
#8478 = CARTESIAN_POINT('',(111.82925712215,4.58430270416,
    68.526158687507));
#8479 = CARTESIAN_POINT('',(111.55748355966,4.625977488771,
    67.86459250387));
#8480 = CARTESIAN_POINT('',(111.15777499102,4.667648148825,
    67.263991138341));
#8481 = CARTESIAN_POINT('',(110.64617635545,4.709312765334,
    66.752414645497));
#8482 = CARTESIAN_POINT('',(110.04562504187,4.750977386344,
    66.35274546746));
#8483 = CARTESIAN_POINT('',(109.38408486205,4.792642637411,
    66.080981766372));
#8484 = CARTESIAN_POINT('',(108.00000845938,4.875975283104,
    65.809216430154));
#8485 = CARTESIAN_POINT('',(106.61591449413,4.959310325485,
    66.080982431947));
#8486 = CARTESIAN_POINT('',(105.95435711823,5.000978063247,
    66.352748536315));
#8487 = CARTESIAN_POINT('',(105.35378890223,5.0426448008,66.752415669713
    ));
#8488 = CARTESIAN_POINT('',(104.84219912233,5.08431063292,
    67.264007182489));
#8489 = CARTESIAN_POINT('',(104.44253846174,5.125976555984,
    67.86457031972));
#8490 = CARTESIAN_POINT('',(104.17077774867,5.167643173925,
    68.52612070416));
#8491 = CARTESIAN_POINT('',(103.89901768394,5.250976878609,
    69.910208845024));
#8492 = CARTESIAN_POINT('',(104.17077962084,5.334310583293,
    71.294296618294));
#8493 = CARTESIAN_POINT('',(104.44254069516,5.375977201233,
    71.955846509346));
#8494 = CARTESIAN_POINT('',(104.84219905842,5.417643124299,
    72.556409986139));
#8495 = CARTESIAN_POINT('',(105.35378782386,5.459308956419,
    73.068003414508));
#8496 = CARTESIAN_POINT('',(105.95435774079,5.50097569397,73.46767105597
    ));
#8497 = CARTESIAN_POINT('',(106.61591639505,5.54264343173,
    73.739433762415));
#8498 = CARTESIAN_POINT('',(108.00001079602,5.625978474116,
    74.011194271393));
#8499 = CARTESIAN_POINT('',(109.38408676297,5.709311119809,
    73.73942998982));
#8500 = CARTESIAN_POINT('',(110.04562787519,5.750976370823,
    73.467669938411));
#8501 = CARTESIAN_POINT('',(110.64617849209,5.792640992034,
    73.068005102641));
#8502 = CARTESIAN_POINT('',(111.15779014529,5.834305608205,
    72.556435829423));
#8503 = CARTESIAN_POINT('',(111.55748764112,5.875976268572,
    71.95580989058));
#8504 = CARTESIAN_POINT('',(111.8292363197,5.917651053022,
    71.294253630482));
#8505 = CARTESIAN_POINT('',(111.9651080095,5.959309795229,70.6022870959)
  );
#8506 = CARTESIAN_POINT('',(111.96510977463,6.000975100073,
    69.910206423493));
#8507 = ADVANCED_FACE('',(#8508),#8547,.F.);
#8508 = FACE_BOUND('',#8509,.F.);
#8509 = EDGE_LOOP('',(#8510,#8511,#8512,#8546));
#8510 = ORIENTED_EDGE('',*,*,#6623,.F.);
#8511 = ORIENTED_EDGE('',*,*,#7942,.T.);
#8512 = ORIENTED_EDGE('',*,*,#8513,.T.);
#8513 = EDGE_CURVE('',#7738,#7029,#8514,.T.);
#8514 = B_SPLINE_CURVE_WITH_KNOTS('',9,(#8515,#8516,#8517,#8518,#8519,
    #8520,#8521,#8522,#8523,#8524,#8525,#8526,#8527,#8528,#8529,#8530,
    #8531,#8532,#8533,#8534,#8535,#8536,#8537,#8538,#8539,#8540,#8541,
    #8542,#8543,#8544,#8545),.UNSPECIFIED.,.F.,.F.,(10,7,7,7,10),(0.,
    1.614938419963,3.229876839926,4.844815259889,6.459753679852),
  .UNSPECIFIED.);
#8515 = CARTESIAN_POINT('',(113.10001127812,3.843751718671,
    69.910207694437));
#8516 = CARTESIAN_POINT('',(113.10001215601,3.885418516944,
    69.02009137137));
#8517 = CARTESIAN_POINT('',(112.92528081797,3.927085949427,
    68.129970656549));
#8518 = CARTESIAN_POINT('',(112.57568144602,3.968751831616,
    67.279057689263));
#8519 = CARTESIAN_POINT('',(112.06161225953,4.010418112278,
    66.506607378093));
#8520 = CARTESIAN_POINT('',(111.40358924033,4.052084977161,
    65.848575405851));
#8521 = CARTESIAN_POINT('',(110.63113679483,4.093751841468,
    65.33452063341));
#8522 = CARTESIAN_POINT('',(109.78024369936,4.135418644952,
    64.984970443194));
#8523 = CARTESIAN_POINT('',(108.00000938295,4.21875204474,
    64.635420030407));
#8524 = CARTESIAN_POINT('',(106.21976129717,4.302085212909,
    64.984968970163));
#8525 = CARTESIAN_POINT('',(105.36885503237,4.343751776065,
    65.334517824155));
#8526 = CARTESIAN_POINT('',(104.59638566416,4.385418435882,
    65.848576734598));
#8527 = CARTESIAN_POINT('',(103.93836112088,4.427085183198,
    66.50660316279));
#8528 = CARTESIAN_POINT('',(103.42430800282,4.468751921727,
    67.279068922812));
#8529 = CARTESIAN_POINT('',(103.07476470616,4.510418593103,
    68.129968765185));
#8530 = CARTESIAN_POINT('',(102.72522103797,4.593751890549,
    69.910207558789));
#8531 = CARTESIAN_POINT('',(103.07476512535,4.677085187995,
    71.690446270089));
#8532 = CARTESIAN_POINT('',(103.42430838877,4.718751859369,
    72.541345975083));
#8533 = CARTESIAN_POINT('',(103.93836032734,4.7604185979,73.313811999386
    ));
#8534 = CARTESIAN_POINT('',(104.5963842785,4.802085345215,
    73.971839414205));
#8535 = CARTESIAN_POINT('',(105.36885427572,4.843752005033,
    74.485898720824));
#8536 = CARTESIAN_POINT('',(106.21976102154,4.885418568188,
    74.835446278648));
#8537 = CARTESIAN_POINT('',(108.00000921944,4.968751736359,
    75.18499321416));
#8538 = CARTESIAN_POINT('',(109.78024342374,5.052085136146,
    74.835443663505));
#8539 = CARTESIAN_POINT('',(110.63113700602,5.093751939607,
    74.485895262451));
#8540 = CARTESIAN_POINT('',(111.40358926214,5.135418804003,
    73.971842564741));
#8541 = CARTESIAN_POINT('',(112.06161812829,5.177085668738,
    73.313813901127));
#8542 = CARTESIAN_POINT('',(112.57568264097,5.218751949538,
    72.541352947758));
#8543 = CARTESIAN_POINT('',(112.92527131054,5.260417831654,
    71.690444403506));
#8544 = CARTESIAN_POINT('',(113.100012653,5.302085264153,70.800324033918
    ));
#8545 = CARTESIAN_POINT('',(113.10001353374,5.343752062428,
    69.910207710851));
#8546 = ORIENTED_EDGE('',*,*,#7028,.F.);
#8547 = B_SPLINE_SURFACE_WITH_KNOTS('',1,9,(
    (#8548,#8549,#8550,#8551,#8552,#8553,#8554,#8555,#8556,#8557,#8558
      ,#8559,#8560,#8561,#8562,#8563,#8564,#8565,#8566,#8567,#8568,#8569
      ,#8570,#8571,#8572,#8573,#8574,#8575,#8576,#8577,#8578)
    ,(#8579,#8580,#8581,#8582,#8583,#8584,#8585,#8586,#8587,#8588,#8589
      ,#8590,#8591,#8592,#8593,#8594,#8595,#8596,#8597,#8598,#8599,#8600
      ,#8601,#8602,#8603,#8604,#8605,#8606,#8607,#8608,#8609
  )),.UNSPECIFIED.,.F.,.F.,.F.,(2,2),(10,7,7,7,10),(0.,1.3105),(0.,
    1.614938419963,3.229876839926,4.844815259889,6.459753679852),
  .UNSPECIFIED.);
#8548 = CARTESIAN_POINT('',(111.96507372567,4.498982214024,
    69.910206763159));
#8549 = CARTESIAN_POINT('',(111.96507357883,4.540647518821,
    69.218131931288));
#8550 = CARTESIAN_POINT('',(111.82921407768,4.582306260754,
    68.526170923041));
#8551 = CARTESIAN_POINT('',(111.55745508843,4.623981045546,
    67.864615346174));
#8552 = CARTESIAN_POINT('',(111.15775528396,4.665651705886,
    67.264006864425));
#8553 = CARTESIAN_POINT('',(110.64615434184,4.70731632216,
    66.752438418735));
#8554 = CARTESIAN_POINT('',(110.04560835206,4.748980943205,
    66.352774925265));
#8555 = CARTESIAN_POINT('',(109.38407322684,4.7906461942,66.08101549764)
  );
#8556 = CARTESIAN_POINT('',(108.00000866154,4.87397883987,
    65.809253308269));
#8557 = CARTESIAN_POINT('',(106.61592622606,4.957313882308,
    66.081014597282));
#8558 = CARTESIAN_POINT('',(105.95437385972,4.998981620104,
    66.352776865544));
#8559 = CARTESIAN_POINT('',(105.35380995767,5.040648357659,
    66.752441020497));
#8560 = CARTESIAN_POINT('',(104.8422251238,5.082314189752,
    67.264029292157));
#8561 = CARTESIAN_POINT('',(104.44256912619,5.123980112792,
    67.864587623324));
#8562 = CARTESIAN_POINT('',(104.17081068233,5.165646730732,
    68.526132240844));
#8563 = CARTESIAN_POINT('',(103.89905230196,5.248980435427,
    69.91020857859));
#8564 = CARTESIAN_POINT('',(104.17081133522,5.332314140124,
    71.294284788143));
#8565 = CARTESIAN_POINT('',(104.44257009079,5.373980758062,
    71.955829277385));
#8566 = CARTESIAN_POINT('',(104.84222636959,5.415646681105,
    72.556387420621));
#8567 = CARTESIAN_POINT('',(105.35381144364,5.457312513196,
    73.067975452715));
#8568 = CARTESIAN_POINT('',(105.954375535,5.498979250751,73.46763932526)
  );
#8569 = CARTESIAN_POINT('',(106.61592803016,5.540646988546,
    73.739401279756));
#8570 = CARTESIAN_POINT('',(108.00001059388,5.623982030985,
    74.011161913409));
#8571 = CARTESIAN_POINT('',(109.38407503094,5.707314676656,
    73.739399073124));
#8572 = CARTESIAN_POINT('',(110.04561002884,5.74897992765,
    73.467639336519));
#8573 = CARTESIAN_POINT('',(110.64615582999,5.790644548697,
    73.06797556325));
#8574 = CARTESIAN_POINT('',(111.15775654006,5.832309164967,
    72.556406881622));
#8575 = CARTESIAN_POINT('',(111.55745605435,5.873979825308,
    71.955798195049));
#8576 = CARTESIAN_POINT('',(111.82921471521,5.915654610101,
    71.294242496904));
#8577 = CARTESIAN_POINT('',(111.96507390566,5.957313352035,
    70.602281425187));
#8578 = CARTESIAN_POINT('',(111.96507372918,5.998978656832,
    69.910206593316));
#8579 = CARTESIAN_POINT('',(113.10001127812,3.843751718671,
    69.910207694437));
#8580 = CARTESIAN_POINT('',(113.10001215601,3.885418516944,
    69.02009137137));
#8581 = CARTESIAN_POINT('',(112.92528081797,3.927085949427,
    68.129970656549));
#8582 = CARTESIAN_POINT('',(112.57568144602,3.968751831616,
    67.279057689263));
#8583 = CARTESIAN_POINT('',(112.06161225953,4.010418112278,
    66.506607378093));
#8584 = CARTESIAN_POINT('',(111.40358924033,4.052084977161,
    65.848575405851));
#8585 = CARTESIAN_POINT('',(110.63113679483,4.093751841468,
    65.33452063341));
#8586 = CARTESIAN_POINT('',(109.78024369936,4.135418644952,
    64.984970443194));
#8587 = CARTESIAN_POINT('',(108.00000938295,4.21875204474,
    64.635420030407));
#8588 = CARTESIAN_POINT('',(106.21976129717,4.302085212909,
    64.984968970163));
#8589 = CARTESIAN_POINT('',(105.36885503237,4.343751776065,
    65.334517824155));
#8590 = CARTESIAN_POINT('',(104.59638566416,4.385418435882,
    65.848576734598));
#8591 = CARTESIAN_POINT('',(103.93836112088,4.427085183198,
    66.50660316279));
#8592 = CARTESIAN_POINT('',(103.42430800282,4.468751921727,
    67.279068922812));
#8593 = CARTESIAN_POINT('',(103.07476470616,4.510418593103,
    68.129968765185));
#8594 = CARTESIAN_POINT('',(102.72522103797,4.593751890549,
    69.910207558789));
#8595 = CARTESIAN_POINT('',(103.07476512535,4.677085187995,
    71.690446270089));
#8596 = CARTESIAN_POINT('',(103.42430838877,4.718751859369,
    72.541345975083));
#8597 = CARTESIAN_POINT('',(103.93836032734,4.7604185979,73.313811999386
    ));
#8598 = CARTESIAN_POINT('',(104.5963842785,4.802085345215,
    73.971839414205));
#8599 = CARTESIAN_POINT('',(105.36885427572,4.843752005033,
    74.485898720824));
#8600 = CARTESIAN_POINT('',(106.21976102154,4.885418568188,
    74.835446278648));
#8601 = CARTESIAN_POINT('',(108.00000921944,4.968751736359,
    75.18499321416));
#8602 = CARTESIAN_POINT('',(109.78024342374,5.052085136146,
    74.835443663505));
#8603 = CARTESIAN_POINT('',(110.63113700602,5.093751939607,
    74.485895262451));
#8604 = CARTESIAN_POINT('',(111.40358926214,5.135418804003,
    73.971842564741));
#8605 = CARTESIAN_POINT('',(112.06161812829,5.177085668738,
    73.313813901127));
#8606 = CARTESIAN_POINT('',(112.57568264097,5.218751949538,
    72.541352947758));
#8607 = CARTESIAN_POINT('',(112.92527131054,5.260417831654,
    71.690444403506));
#8608 = CARTESIAN_POINT('',(113.100012653,5.302085264153,70.800324033918
    ));
#8609 = CARTESIAN_POINT('',(113.10001353374,5.343752062428,
    69.910207710851));
#8610 = ADVANCED_FACE('',(#8611),#8621,.F.);
#8611 = FACE_BOUND('',#8612,.F.);
#8612 = EDGE_LOOP('',(#8613,#8614,#8619,#8620));
#8613 = ORIENTED_EDGE('',*,*,#6956,.F.);
#8614 = ORIENTED_EDGE('',*,*,#8615,.T.);
#8615 = EDGE_CURVE('',#6950,#6825,#8616,.T.);
#8616 = B_SPLINE_CURVE_WITH_KNOTS('',1,(#8617,#8618),.UNSPECIFIED.,.F.,
  .F.,(2,2),(0.,0.1875),.PIECEWISE_BEZIER_KNOTS.);
#8617 = CARTESIAN_POINT('',(113.10001578936,6.843752406193,
    69.910207727264));
#8618 = CARTESIAN_POINT('',(113.10002030062,6.656252406248,
    69.910207727267));
#8619 = ORIENTED_EDGE('',*,*,#6824,.T.);
#8620 = ORIENTED_EDGE('',*,*,#6934,.F.);
#8621 = B_SPLINE_SURFACE_WITH_KNOTS('',1,10,(
    (#8622,#8623,#8624,#8625,#8626,#8627,#8628,#8629,#8630,#8631,#8632
      ,#8633,#8634,#8635,#8636,#8637,#8638,#8639,#8640)
    ,(#8641,#8642,#8643,#8644,#8645,#8646,#8647,#8648,#8649,#8650,#8651
      ,#8652,#8653,#8654,#8655,#8656,#8657,#8658,#8659
  )),.UNSPECIFIED.,.F.,.F.,.F.,(2,2),(11,8,11),(0.,0.1875),(0.,
    2.556985831608,5.113971663216),.UNSPECIFIED.);
#8622 = CARTESIAN_POINT('',(113.10001578936,6.843752406193,
    69.910207727264));
#8623 = CARTESIAN_POINT('',(113.10000202407,6.90312530393,
    68.641789300254));
#8624 = CARTESIAN_POINT('',(112.74954316388,6.96250353345,67.37332740815
    ));
#8625 = CARTESIAN_POINT('',(112.04837932742,7.021876811071,
    66.213953994613));
#8626 = CARTESIAN_POINT('',(111.03562558502,7.081250459881,
    65.272440958724));
#8627 = CARTESIAN_POINT('',(109.78842004214,7.140628021135,
    64.641728962488));
#8628 = CARTESIAN_POINT('',(108.41499459841,7.200001848376,
    64.382832913009));
#8629 = CARTESIAN_POINT('',(107.03830493921,7.259376853711,
    64.513204834382));
#8630 = CARTESIAN_POINT('',(105.77630213604,7.318751751801,
    65.006294359844));
#8631 = CARTESIAN_POINT('',(103.67580244727,7.437501887431,
    66.592133982766));
#8632 = CARTESIAN_POINT('',(102.68764661763,7.556252023062,
    69.031505686405));
#8633 = CARTESIAN_POINT('',(102.53798850975,7.615626920844,
    70.378125945288));
#8634 = CARTESIAN_POINT('',(102.76837913549,7.67500192777,
    71.741665604337));
#8635 = CARTESIAN_POINT('',(103.3739261095,7.734375751233,
    73.001240363099));
#8636 = CARTESIAN_POINT('',(104.30591591734,7.793753317799,
    74.042768613056));
#8637 = CARTESIAN_POINT('',(105.47751364149,7.853126961867,
    74.777298046521));
#8638 = CARTESIAN_POINT('',(106.77882085977,7.912500242154,
    75.15448754688));
#8639 = CARTESIAN_POINT('',(108.09478484023,7.971878470806,
    75.164742173164));
#8640 = CARTESIAN_POINT('',(109.3199793915,8.031251368686,
    74.836438018917));
#8641 = CARTESIAN_POINT('',(113.10002030062,6.656252406248,
    69.910207727267));
#8642 = CARTESIAN_POINT('',(113.1000025942,6.71562530389,68.641788420239
    ));
#8643 = CARTESIAN_POINT('',(112.74954961147,6.775003533648,
    67.373326736757));
#8644 = CARTESIAN_POINT('',(112.04838190172,6.834376810827,
    66.213948095151));
#8645 = CARTESIAN_POINT('',(111.03562445393,6.893750460267,
    65.27244201996));
#8646 = CARTESIAN_POINT('',(109.78842521438,6.953128020852,
    64.641722974567));
#8647 = CARTESIAN_POINT('',(108.41499273557,7.012501848591,
    64.382828963831));
#8648 = CARTESIAN_POINT('',(107.03830469258,7.0718768537,64.513201288709
    ));
#8649 = CARTESIAN_POINT('',(105.77630074687,7.13125175183,
    65.006291151911));
#8650 = CARTESIAN_POINT('',(103.67579945026,7.250001887464,
    66.592131676039));
#8651 = CARTESIAN_POINT('',(102.68764270369,7.368752023101,
    69.031504978588));
#8652 = CARTESIAN_POINT('',(102.5379844186,7.428126920833,
    70.378125915242));
#8653 = CARTESIAN_POINT('',(102.76837617252,7.48750192799,
    71.741668922776));
#8654 = CARTESIAN_POINT('',(103.37392413412,7.546875750868,
    73.001238107135));
#8655 = CARTESIAN_POINT('',(104.30591005971,7.606253318288,
    74.04277571528));
#8656 = CARTESIAN_POINT('',(105.47751517267,7.665626961626,
    74.777300786992));
#8657 = CARTESIAN_POINT('',(106.77881814464,7.725000242236,
    75.154488422982));
#8658 = CARTESIAN_POINT('',(108.09478567442,7.784378470878,
    75.164748686491));
#8659 = CARTESIAN_POINT('',(109.31998005568,7.843751368704,
    74.836440497649));
#8660 = ADVANCED_FACE('',(#8661),#8671,.F.);
#8661 = FACE_BOUND('',#8662,.F.);
#8662 = EDGE_LOOP('',(#8663,#8664,#8669,#8670));
#8663 = ORIENTED_EDGE('',*,*,#7035,.F.);
#8664 = ORIENTED_EDGE('',*,*,#8665,.T.);
#8665 = EDGE_CURVE('',#7029,#8404,#8666,.T.);
#8666 = B_SPLINE_CURVE_WITH_KNOTS('',1,(#8667,#8668),.UNSPECIFIED.,.F.,
  .F.,(2,2),(0.,0.1875),.PIECEWISE_BEZIER_KNOTS.);
#8667 = CARTESIAN_POINT('',(113.10001353374,5.343752062428,
    69.910207710851));
#8668 = CARTESIAN_POINT('',(113.10001740054,5.156252062468,
    69.910207710853));
#8669 = ORIENTED_EDGE('',*,*,#8403,.T.);
#8670 = ORIENTED_EDGE('',*,*,#8615,.F.);
#8671 = B_SPLINE_SURFACE_WITH_KNOTS('',1,11,(
    (#8672,#8673,#8674,#8675,#8676,#8677,#8678,#8679,#8680,#8681,#8682
      ,#8683,#8684,#8685,#8686,#8687,#8688,#8689,#8690,#8691,#8692,#8693
      ,#8694,#8695,#8696,#8697,#8698,#8699,#8700,#8701)
    ,(#8702,#8703,#8704,#8705,#8706,#8707,#8708,#8709,#8710,#8711,#8712
      ,#8713,#8714,#8715,#8716,#8717,#8718,#8719,#8720,#8721,#8722,#8723
      ,#8724,#8725,#8726,#8727,#8728,#8729,#8730,#8731
  )),.UNSPECIFIED.,.F.,.F.,.F.,(2,2),(12,9,9,12),(0.,0.1875),(0.,
    1.614938419963,3.229876839926,6.459753679852),.UNSPECIFIED.);
#8672 = CARTESIAN_POINT('',(113.10001353374,5.343752062428,
    69.910207710851));
#8673 = CARTESIAN_POINT('',(113.10001425436,5.377843079199,
    69.181930397218));
#8674 = CARTESIAN_POINT('',(112.9856447467,5.411934511099,
    68.453650208461));
#8675 = CARTESIAN_POINT('',(112.75683586693,5.446025245995,
    67.745329697244));
#8676 = CARTESIAN_POINT('',(112.41754056008,5.480115749929,
    67.076947746177));
#8677 = CARTESIAN_POINT('',(111.97562033033,5.514206459068,
    66.467588114269));
#8678 = CARTESIAN_POINT('',(111.44260569996,5.548297423997,
    65.934572419684));
#8679 = CARTESIAN_POINT('',(110.8332497491,5.58238848833,65.492661399291
    ));
#8680 = CARTESIAN_POINT('',(110.16487476667,5.616479526932,
    65.153387977365));
#8681 = CARTESIAN_POINT('',(109.45656533041,5.650570514897,
    64.924591346681));
#8682 = CARTESIAN_POINT('',(108.00000821056,5.718752368501,
    64.695794486457));
#8683 = CARTESIAN_POINT('',(106.54344207657,5.786934070495,
    64.924590132098));
#8684 = CARTESIAN_POINT('',(105.83512393163,5.82102490242,
    65.153385850307));
#8685 = CARTESIAN_POINT('',(105.16673708181,5.855115764857,
    65.492660297535));
#8686 = CARTESIAN_POINT('',(104.55737189133,5.889206681679,
    65.934571461876));
#8687 = CARTESIAN_POINT('',(104.02435640942,5.923297639232,
    66.467588194271));
#8688 = CARTESIAN_POINT('',(103.58244888905,5.957388602206,
    67.076951620857));
#8689 = CARTESIAN_POINT('',(103.24317891482,5.991479539547,
    67.745334385215));
#8690 = CARTESIAN_POINT('',(103.01438678322,6.025570445491,
    68.453647885226));
#8691 = CARTESIAN_POINT('',(102.67119834708,6.12784312872,
    70.638487359737));
#8692 = CARTESIAN_POINT('',(103.35757596996,6.230115811946,
    72.823326716344));
#8693 = CARTESIAN_POINT('',(104.27274794927,6.29829779824,
    74.120158059143));
#8694 = CARTESIAN_POINT('',(105.58277226825,6.366479334894,75.0975377133
    ));
#8695 = CARTESIAN_POINT('',(107.1623153506,6.434663086079,
    75.623881219284));
#8696 = CARTESIAN_POINT('',(108.83773861352,6.50284052157,
    75.623854428131));
#8697 = CARTESIAN_POINT('',(110.41726387248,6.571024248302,
    75.097515489817));
#8698 = CARTESIAN_POINT('',(111.72706994918,6.639210307282,
    74.120185630627));
#8699 = CARTESIAN_POINT('',(112.64251039551,6.707386678556,
    72.823327575469));
#8700 = CARTESIAN_POINT('',(113.10001434346,6.775570372646,
    71.366762354529));
#8701 = CARTESIAN_POINT('',(113.10001578936,6.843752406193,
    69.910207727264));
#8702 = CARTESIAN_POINT('',(113.10001740054,5.156252062468,
    69.910207710852));
#8703 = CARTESIAN_POINT('',(113.10001832302,5.190343079243,
    69.181929799157));
#8704 = CARTESIAN_POINT('',(112.98564969435,5.224434511164,
    68.45364898035));
#8705 = CARTESIAN_POINT('',(112.75684026498,5.258525246054,
    67.745327552398));
#8706 = CARTESIAN_POINT('',(112.41754391531,5.292615749974,
    67.07694539066));
#8707 = CARTESIAN_POINT('',(111.9756230892,5.326706459094,
    66.467585726099));
#8708 = CARTESIAN_POINT('',(111.44260827172,5.360797424038,
    65.934569604091));
#8709 = CARTESIAN_POINT('',(110.83325204169,5.394888488371,
    65.492657937656));
#8710 = CARTESIAN_POINT('',(110.16487652433,5.428979526979,
    65.153384026331));
#8711 = CARTESIAN_POINT('',(109.45656653819,5.463070514948,
    64.924587064001));
#8712 = CARTESIAN_POINT('',(108.00000821031,5.531252368553,
    64.695789955949));
#8713 = CARTESIAN_POINT('',(106.54344089159,5.599434070543,
    64.924585997641));
#8714 = CARTESIAN_POINT('',(105.83512220334,5.633524902464,
    65.153382044012));
#8715 = CARTESIAN_POINT('',(105.16673486722,5.6676157649,65.492656830186
    ));
#8716 = CARTESIAN_POINT('',(104.55736920208,5.701706681721,
    65.934568317647));
#8717 = CARTESIAN_POINT('',(104.02435323231,5.735797639277,
    66.467585409331));
#8718 = CARTESIAN_POINT('',(103.58244525493,5.769888602253,
    67.076949285907));
#8719 = CARTESIAN_POINT('',(103.2431749409,5.803979539595,
    67.745332594378));
#8720 = CARTESIAN_POINT('',(103.0143826318,5.838070445539,
    68.453646689034));
#8721 = CARTESIAN_POINT('',(102.67119399832,5.940343128766,
    70.638487971371));
#8722 = CARTESIAN_POINT('',(103.3575722695,6.042615811991,
    72.823329095966));
#8723 = CARTESIAN_POINT('',(104.27274540663,6.110797798285,
    74.120162050805));
#8724 = CARTESIAN_POINT('',(105.58276718563,6.178979334957,
    75.097538785655));
#8725 = CARTESIAN_POINT('',(107.16231877549,6.247163086151,
    75.623896392761));
#8726 = CARTESIAN_POINT('',(108.83773870879,6.31534052157,
    75.623842936662));
#8727 = CARTESIAN_POINT('',(110.4172604616,6.383524248267,
    75.097530790427));
#8728 = CARTESIAN_POINT('',(111.72708059674,6.451710307502,
    74.120186571054));
#8729 = CARTESIAN_POINT('',(112.64251063944,6.519886678517,
    72.823329842047));
#8730 = CARTESIAN_POINT('',(113.10001845097,6.58807037269,
    71.366763550656));
#8731 = CARTESIAN_POINT('',(113.10002030062,6.656252406248,
    69.910207727267));
#8732 = ADVANCED_FACE('',(#8733),#8777,.F.);
#8733 = FACE_BOUND('',#8734,.F.);
#8734 = EDGE_LOOP('',(#8735,#8770,#8771,#8772));
#8735 = ORIENTED_EDGE('',*,*,#8736,.F.);
#8736 = EDGE_CURVE('',#7137,#8737,#8739,.T.);
#8737 = VERTEX_POINT('',#8738);
#8738 = CARTESIAN_POINT('',(113.10001740054,5.156252062468,
    37.410207710852));
#8739 = B_SPLINE_CURVE_WITH_KNOTS('',11,(#8740,#8741,#8742,#8743,#8744,
    #8745,#8746,#8747,#8748,#8749,#8750,#8751,#8752,#8753,#8754,#8755,
    #8756,#8757,#8758,#8759,#8760,#8761,#8762,#8763,#8764,#8765,#8766,
    #8767,#8768,#8769),.UNSPECIFIED.,.F.,.F.,(12,9,9,12),(0.,
    1.614938419963,3.229876839926,6.459753679852),.UNSPECIFIED.);
#8740 = CARTESIAN_POINT('',(113.10001450045,3.656251718699,
    37.410207694439));
#8741 = CARTESIAN_POINT('',(113.10001542059,3.690342735471,
    36.681930196786));
#8742 = CARTESIAN_POINT('',(112.9856468546,3.724434167376,
    35.953649792585));
#8743 = CARTESIAN_POINT('',(112.7568375531,3.758524902272,
    35.245328768201));
#8744 = CARTESIAN_POINT('',(112.41754139422,3.792615406202,
    34.576946987578));
#8745 = CARTESIAN_POINT('',(111.97562081742,3.82670611533,
    33.967587670913));
#8746 = CARTESIAN_POINT('',(111.44260630129,3.86079708027,
    33.434571853712));
#8747 = CARTESIAN_POINT('',(110.83325041635,3.894888144601,
    32.992660440546));
#8748 = CARTESIAN_POINT('',(110.16487527797,3.928979183204,
    32.653386724289));
#8749 = CARTESIAN_POINT('',(109.45656569388,3.963070171171,
    32.424589894346));
#8750 = CARTESIAN_POINT('',(108.00000819353,4.031252024775,
    32.195792921085));
#8751 = CARTESIAN_POINT('',(106.5434417038,4.099433726768,
    32.424588837363));
#8752 = CARTESIAN_POINT('',(105.83512341906,4.133524558689,
    32.653384755914));
#8753 = CARTESIAN_POINT('',(105.16673646411,4.167615421133,
    32.992659351312));
#8754 = CARTESIAN_POINT('',(104.55737114691,4.201706337943,
    33.434570589451));
#8755 = CARTESIAN_POINT('',(104.02435548195,4.235797295511,
    33.96758737974));
#8756 = CARTESIAN_POINT('',(103.58244775783,4.269888258474,
    34.576950911227));
#8757 = CARTESIAN_POINT('',(103.24317763887,4.303979195822,
    35.24533384071));
#8758 = CARTESIAN_POINT('',(103.01438546215,4.338070101764,
    35.95364753333));
#8759 = CARTESIAN_POINT('',(102.67119703084,4.440342784992,
    38.138487574396));
#8760 = CARTESIAN_POINT('',(103.35757491876,4.542615468218,
    40.323327454408));
#8761 = CARTESIAN_POINT('',(104.27274753965,4.610797454505,
    41.620159668931));
#8762 = CARTESIAN_POINT('',(105.582768577,4.678978991193,42.597535843272
    ));
#8763 = CARTESIAN_POINT('',(107.1623192696,4.747162742317,
    43.123893147209));
#8764 = CARTESIAN_POINT('',(108.8377382519,4.815340177881,
    43.123839684144));
#8765 = CARTESIAN_POINT('',(110.41725910272,4.883523904506,
    42.597527833229));
#8766 = CARTESIAN_POINT('',(111.72707849139,4.95170996363,
    41.620184165375));
#8767 = CARTESIAN_POINT('',(112.64250800882,5.019886334796,
    40.323328170147));
#8768 = CARTESIAN_POINT('',(113.10001555557,5.088070028918,
    38.866762706158));
#8769 = CARTESIAN_POINT('',(113.10001740054,5.156252062468,
    37.410207710853));
#8770 = ORIENTED_EDGE('',*,*,#7173,.T.);
#8771 = ORIENTED_EDGE('',*,*,#7532,.T.);
#8772 = ORIENTED_EDGE('',*,*,#8773,.F.);
#8773 = EDGE_CURVE('',#8737,#7525,#8774,.T.);
#8774 = B_SPLINE_CURVE_WITH_KNOTS('',1,(#8775,#8776),.UNSPECIFIED.,.F.,
  .F.,(2,2),(0.,1.3105),.PIECEWISE_BEZIER_KNOTS.);
#8775 = CARTESIAN_POINT('',(113.10001740054,5.156252062468,
    37.410207710853));
#8776 = CARTESIAN_POINT('',(111.96510462226,4.50097865715,
    37.410206593331));
#8777 = B_SPLINE_SURFACE_WITH_KNOTS('',1,9,(
    (#8778,#8779,#8780,#8781,#8782,#8783,#8784,#8785,#8786,#8787,#8788
      ,#8789,#8790,#8791,#8792,#8793,#8794,#8795,#8796,#8797,#8798,#8799
      ,#8800,#8801,#8802,#8803,#8804,#8805,#8806,#8807,#8808)
    ,(#8809,#8810,#8811,#8812,#8813,#8814,#8815,#8816,#8817,#8818,#8819
      ,#8820,#8821,#8822,#8823,#8824,#8825,#8826,#8827,#8828,#8829,#8830
      ,#8831,#8832,#8833,#8834,#8835,#8836,#8837,#8838,#8839
  )),.UNSPECIFIED.,.F.,.F.,.F.,(2,2),(10,7,7,7,10),(0.,1.3105),(0.,
    1.614938419963,3.229876839926,4.844815259889,6.459753679852),
  .UNSPECIFIED.);
#8778 = CARTESIAN_POINT('',(113.10001450045,3.656251718699,
    37.410207694439));
#8779 = CARTESIAN_POINT('',(113.10001562507,3.697918516976,
    36.520090752863));
#8780 = CARTESIAN_POINT('',(112.92528559032,3.739585949485,
    35.629969370728));
#8781 = CARTESIAN_POINT('',(112.57568444206,3.781251831655,
    34.779055181966));
#8782 = CARTESIAN_POINT('',(112.06161422679,3.822918112284,
    34.006605857014));
#8783 = CARTESIAN_POINT('',(111.40359158224,3.864584977195,
    33.348572958017));
#8784 = CARTESIAN_POINT('',(110.6311385702,3.906251841496,
    32.834517535837));
#8785 = CARTESIAN_POINT('',(109.78024495112,3.947918644989,
    32.484966851381));
#8786 = CARTESIAN_POINT('',(108.00000937963,4.031252044779,
    32.135416081493));
#8787 = CARTESIAN_POINT('',(106.21976007436,4.114585212942,
    32.484965559512));
#8788 = CARTESIAN_POINT('',(105.36885328867,4.156251776094,
    32.83451484591));
#8789 = CARTESIAN_POINT('',(104.59638347604,4.197918435912,
    33.348574060933));
#8790 = CARTESIAN_POINT('',(103.93835839415,4.23958518323,
    34.006600808853));
#8791 = CARTESIAN_POINT('',(103.42430475422,4.281251921762,
    34.779067070609));
#8792 = CARTESIAN_POINT('',(103.07476121418,4.322918593138,
    35.629967525755));
#8793 = CARTESIAN_POINT('',(102.72521737194,4.406251890582,
    37.410207570151));
#8794 = CARTESIAN_POINT('',(103.07476177114,4.489585188027,
    39.190447505191));
#8795 = CARTESIAN_POINT('',(103.42430527705,4.531251859401,
    40.041347780174));
#8796 = CARTESIAN_POINT('',(103.9383574083,4.572918597935,
    40.813814376522));
#8797 = CARTESIAN_POINT('',(104.59638173555,4.614585345254,
    41.471842386307));
#8798 = CARTESIAN_POINT('',(105.36885236211,4.656252005071,
    41.985902102887));
#8799 = CARTESIAN_POINT('',(106.2197597698,4.697918568222,
    42.335449714176));
#8800 = CARTESIAN_POINT('',(108.00000922276,4.781251736387,
    42.684996597304));
#8801 = CARTESIAN_POINT('',(109.78024464656,4.864585136177,
    42.335446917869));
#8802 = CARTESIAN_POINT('',(110.63113888801,4.906251939639,
    41.98589852516));
#8803 = CARTESIAN_POINT('',(111.40359165136,4.947918804054,
    41.471845762679));
#8804 = CARTESIAN_POINT('',(112.06162180676,4.989585668776,
    40.813817110983));
#8805 = CARTESIAN_POINT('',(112.57568600503,5.031251949581,
    40.041354097995));
#8806 = CARTESIAN_POINT('',(112.92527338448,5.07291783166,
    39.190445592459));
#8807 = CARTESIAN_POINT('',(113.10001627306,5.114585264187,
    38.300324652428));
#8808 = CARTESIAN_POINT('',(113.10001740054,5.156252062468,
    37.410207710853));
#8809 = CARTESIAN_POINT('',(111.96509946992,3.000982214246,
    37.41020676317));
#8810 = CARTESIAN_POINT('',(111.96510129431,3.042647519076,
    36.718126989824));
#8811 = CARTESIAN_POINT('',(111.82925220555,3.08430626121,
    36.026160650189));
#8812 = CARTESIAN_POINT('',(111.55747902478,3.125981045861,
    35.364595314545));
#8813 = CARTESIAN_POINT('',(111.15777100107,3.167651705935,
    34.763994712016));
#8814 = CARTESIAN_POINT('',(110.64617305213,3.209316322433,
    34.252418862173));
#8815 = CARTESIAN_POINT('',(110.04562253609,3.250980943433,
    33.852750177719));
#8816 = CARTESIAN_POINT('',(109.38408322755,3.292646194493,
    33.580986801447));
#8817 = CARTESIAN_POINT('',(108.00000863505,3.375978840183,
    33.309221759083));
#8818 = CARTESIAN_POINT('',(106.61591645664,3.459313882572,
    33.580987348452));
#8819 = CARTESIAN_POINT('',(105.95435992873,3.50098162034,
    33.852753071349));
#8820 = CARTESIAN_POINT('',(105.35379247602,3.542648357893,
    34.252419659696));
#8821 = CARTESIAN_POINT('',(104.84220333901,3.584314190009,
    34.764010485763));
#8822 = CARTESIAN_POINT('',(104.44254317203,3.625980113068,
    35.364572825455));
#8823 = CARTESIAN_POINT('',(104.17078278375,3.66764673101,
    36.026122338627));
#8824 = CARTESIAN_POINT('',(103.89902301286,3.750980435695,
    37.410208669365));
#8825 = CARTESIAN_POINT('',(104.17078453735,3.834314140381,
    38.794294655791));
#8826 = CARTESIAN_POINT('',(104.44254523021,3.875980758321,
    39.455843698855));
#8827 = CARTESIAN_POINT('',(104.84220304841,3.917646681383,
    40.056406412346));
#8828 = CARTESIAN_POINT('',(105.35379112714,3.9593125135,40.567999197829
    ));
#8829 = CARTESIAN_POINT('',(105.95436024653,4.000979251051,
    40.967666345688));
#8830 = CARTESIAN_POINT('',(106.61591802953,4.042646988817,
    41.239428727341));
#8831 = CARTESIAN_POINT('',(108.00001062036,4.12598203121,
    41.511188942475));
#8832 = CARTESIAN_POINT('',(109.38408480044,4.2093146769,41.239425073322
    ));
#8833 = CARTESIAN_POINT('',(110.04562506466,4.250979927907,
    40.967665403391));
#8834 = CARTESIAN_POINT('',(110.64617491826,4.292644549108,
    40.568001112648));
#8835 = CARTESIAN_POINT('',(111.15778592863,4.334309165268,
    40.05643252623));
#8836 = CARTESIAN_POINT('',(111.55748293098,4.375979825656,
    39.45580738468));
#8837 = CARTESIAN_POINT('',(111.82923128458,4.417654610146,
    38.794251995843));
#8838 = CARTESIAN_POINT('',(111.96510282751,4.459313352313,
    38.102286366676));
#8839 = CARTESIAN_POINT('',(111.96510462226,4.50097865715,
    37.410206593331));
#8840 = ADVANCED_FACE('',(#8841),#8886,.F.);
#8841 = FACE_BOUND('',#8842,.F.);
#8842 = EDGE_LOOP('',(#8843,#8879,#8880,#8881));
#8843 = ORIENTED_EDGE('',*,*,#8844,.F.);
#8844 = EDGE_CURVE('',#7245,#8845,#8847,.T.);
#8845 = VERTEX_POINT('',#8846);
#8846 = CARTESIAN_POINT('',(113.10001353374,5.343752062428,
    37.410207710851));
#8847 = B_SPLINE_CURVE_WITH_KNOTS('',9,(#8848,#8849,#8850,#8851,#8852,
    #8853,#8854,#8855,#8856,#8857,#8858,#8859,#8860,#8861,#8862,#8863,
    #8864,#8865,#8866,#8867,#8868,#8869,#8870,#8871,#8872,#8873,#8874,
    #8875,#8876,#8877,#8878),.UNSPECIFIED.,.F.,.F.,(10,7,7,7,10),(0.,
    1.614938419963,3.229876839926,4.844815259889,6.459753679852),
  .UNSPECIFIED.);
#8848 = CARTESIAN_POINT('',(113.10001127812,3.843751718671,
    37.410207694437));
#8849 = CARTESIAN_POINT('',(113.10001215601,3.885418516944,
    36.52009137137));
#8850 = CARTESIAN_POINT('',(112.92528081797,3.927085949427,
    35.629970656549));
#8851 = CARTESIAN_POINT('',(112.57568144602,3.968751831616,
    34.779057689263));
#8852 = CARTESIAN_POINT('',(112.06161225953,4.010418112278,
    34.006607378093));
#8853 = CARTESIAN_POINT('',(111.40358924033,4.052084977161,
    33.348575405851));
#8854 = CARTESIAN_POINT('',(110.63113679483,4.093751841468,
    32.83452063341));
#8855 = CARTESIAN_POINT('',(109.78024369936,4.135418644952,
    32.484970443194));
#8856 = CARTESIAN_POINT('',(108.00000938295,4.21875204474,
    32.135420030407));
#8857 = CARTESIAN_POINT('',(106.21976129717,4.302085212909,
    32.484968970163));
#8858 = CARTESIAN_POINT('',(105.36885503237,4.343751776065,
    32.834517824155));
#8859 = CARTESIAN_POINT('',(104.59638566416,4.385418435882,
    33.348576734598));
#8860 = CARTESIAN_POINT('',(103.93836112088,4.427085183198,
    34.00660316279));
#8861 = CARTESIAN_POINT('',(103.42430800282,4.468751921727,
    34.779068922812));
#8862 = CARTESIAN_POINT('',(103.07476470616,4.510418593103,
    35.629968765185));
#8863 = CARTESIAN_POINT('',(102.72522103797,4.593751890549,
    37.410207558789));
#8864 = CARTESIAN_POINT('',(103.07476512535,4.677085187995,
    39.190446270089));
#8865 = CARTESIAN_POINT('',(103.42430838877,4.718751859369,
    40.041345975083));
#8866 = CARTESIAN_POINT('',(103.93836032734,4.7604185979,40.813811999386
    ));
#8867 = CARTESIAN_POINT('',(104.5963842785,4.802085345215,
    41.471839414205));
#8868 = CARTESIAN_POINT('',(105.36885427572,4.843752005033,
    41.985898720824));
#8869 = CARTESIAN_POINT('',(106.21976102154,4.885418568188,
    42.335446278648));
#8870 = CARTESIAN_POINT('',(108.00000921944,4.968751736359,
    42.68499321416));
#8871 = CARTESIAN_POINT('',(109.78024342374,5.052085136146,
    42.335443663505));
#8872 = CARTESIAN_POINT('',(110.63113700602,5.093751939607,
    41.985895262451));
#8873 = CARTESIAN_POINT('',(111.40358926214,5.135418804003,
    41.471842564741));
#8874 = CARTESIAN_POINT('',(112.06161812829,5.177085668738,
    40.813813901127));
#8875 = CARTESIAN_POINT('',(112.57568264097,5.218751949538,
    40.041352947758));
#8876 = CARTESIAN_POINT('',(112.92527131054,5.260417831654,
    39.190444403506));
#8877 = CARTESIAN_POINT('',(113.100012653,5.302085264153,38.300324033918
    ));
#8878 = CARTESIAN_POINT('',(113.10001353374,5.343752062428,
    37.410207710851));
#8879 = ORIENTED_EDGE('',*,*,#7282,.T.);
#8880 = ORIENTED_EDGE('',*,*,#8736,.T.);
#8881 = ORIENTED_EDGE('',*,*,#8882,.F.);
#8882 = EDGE_CURVE('',#8845,#8737,#8883,.T.);
#8883 = B_SPLINE_CURVE_WITH_KNOTS('',1,(#8884,#8885),.UNSPECIFIED.,.F.,
  .F.,(2,2),(0.,0.1875),.PIECEWISE_BEZIER_KNOTS.);
#8884 = CARTESIAN_POINT('',(113.10001353374,5.343752062428,
    37.410207710851));
#8885 = CARTESIAN_POINT('',(113.10001740054,5.156252062468,
    37.410207710853));
#8886 = B_SPLINE_SURFACE_WITH_KNOTS('',1,11,(
    (#8887,#8888,#8889,#8890,#8891,#8892,#8893,#8894,#8895,#8896,#8897
      ,#8898,#8899,#8900,#8901,#8902,#8903,#8904,#8905,#8906,#8907,#8908
      ,#8909,#8910,#8911,#8912,#8913,#8914,#8915,#8916)
    ,(#8917,#8918,#8919,#8920,#8921,#8922,#8923,#8924,#8925,#8926,#8927
      ,#8928,#8929,#8930,#8931,#8932,#8933,#8934,#8935,#8936,#8937,#8938
      ,#8939,#8940,#8941,#8942,#8943,#8944,#8945,#8946
  )),.UNSPECIFIED.,.F.,.F.,.F.,(2,2),(12,9,9,12),(0.,0.1875),(0.,
    1.614938419963,3.229876839926,6.459753679852),.UNSPECIFIED.);
#8887 = CARTESIAN_POINT('',(113.10001127812,3.843751718671,
    37.410207694437));
#8888 = CARTESIAN_POINT('',(113.10001199639,3.87784273544,
    36.681930702837));
#8889 = CARTESIAN_POINT('',(112.98564253697,3.911934167328,
    35.953650836634));
#8890 = CARTESIAN_POINT('',(112.75683375615,3.946024902225,
    35.245330639465));
#8891 = CARTESIAN_POINT('',(112.41753859721,3.980115406173,
    34.576948985067));
#8892 = CARTESIAN_POINT('',(111.97561856093,4.01420611531,
    33.967589624056));
#8893 = CARTESIAN_POINT('',(111.44260416456,4.048297080246,
    33.43457416693));
#8894 = CARTESIAN_POINT('',(110.83324848179,4.082388144569,
    32.992663343954));
#8895 = CARTESIAN_POINT('',(110.16487379388,4.116479183171,
    32.653390074229));
#8896 = CARTESIAN_POINT('',(109.45656467015,4.150570171134,
    32.424593547017));
#8897 = CARTESIAN_POINT('',(108.00000819377,4.218752024736,
    32.195796792672));
#8898 = CARTESIAN_POINT('',(106.54344270472,4.286933726734,
    32.42459234181));
#8899 = CARTESIAN_POINT('',(105.83512487379,4.321024558657,
    32.653387961111));
#8900 = CARTESIAN_POINT('',(105.16673832067,4.355115421104,
    32.992662260436));
#8901 = CARTESIAN_POINT('',(104.55737340112,4.389206337911,
    33.434573231296));
#8902 = CARTESIAN_POINT('',(104.02435815668,4.423297295481,
    33.967589729653));
#8903 = CARTESIAN_POINT('',(103.58245083372,4.457388258439,
    34.576952888152));
#8904 = CARTESIAN_POINT('',(103.24318101169,4.491479195788,
    35.245335357985));
#8905 = CARTESIAN_POINT('',(103.01438898356,4.525570101729,
    35.953648545466));
#8906 = CARTESIAN_POINT('',(102.67120070623,4.627842784959,
    38.138487054789));
#8907 = CARTESIAN_POINT('',(103.35757803258,4.730115468187,
    40.323325442897));
#8908 = CARTESIAN_POINT('',(104.2727496113,4.798297454473,
    41.620156209241));
#8909 = CARTESIAN_POINT('',(105.58277335414,4.866478991144,
    42.597535426511));
#8910 = CARTESIAN_POINT('',(107.16231573899,4.934662742267,
    43.123878695567));
#8911 = CARTESIAN_POINT('',(108.83773826224,5.00284017788,
    43.123851897794));
#8912 = CARTESIAN_POINT('',(110.41726281928,5.071023904548,
    42.597513188048));
#8913 = CARTESIAN_POINT('',(111.7270683147,5.139209963446,41.62018375688
    ));
#8914 = CARTESIAN_POINT('',(112.64250835155,5.207386334836,
    40.323326271783));
#8915 = CARTESIAN_POINT('',(113.10001209252,5.275570028886,
    38.866761694051));
#8916 = CARTESIAN_POINT('',(113.10001353374,5.343752062428,
    37.410207710851));
#8917 = CARTESIAN_POINT('',(113.10001450045,3.656251718699,
    37.410207694439));
#8918 = CARTESIAN_POINT('',(113.10001542059,3.690342735471,
    36.681930196786));
#8919 = CARTESIAN_POINT('',(112.9856468546,3.724434167376,
    35.953649792585));
#8920 = CARTESIAN_POINT('',(112.7568375531,3.758524902272,
    35.245328768201));
#8921 = CARTESIAN_POINT('',(112.41754139422,3.792615406202,
    34.576946987578));
#8922 = CARTESIAN_POINT('',(111.97562081742,3.82670611533,
    33.967587670913));
#8923 = CARTESIAN_POINT('',(111.44260630129,3.86079708027,
    33.434571853712));
#8924 = CARTESIAN_POINT('',(110.83325041635,3.894888144601,
    32.992660440546));
#8925 = CARTESIAN_POINT('',(110.16487527797,3.928979183204,
    32.653386724289));
#8926 = CARTESIAN_POINT('',(109.45656569388,3.963070171171,
    32.424589894346));
#8927 = CARTESIAN_POINT('',(108.00000819353,4.031252024775,
    32.195792921085));
#8928 = CARTESIAN_POINT('',(106.5434417038,4.099433726768,
    32.424588837363));
#8929 = CARTESIAN_POINT('',(105.83512341906,4.133524558689,
    32.653384755914));
#8930 = CARTESIAN_POINT('',(105.16673646411,4.167615421133,
    32.992659351312));
#8931 = CARTESIAN_POINT('',(104.55737114691,4.201706337943,
    33.434570589451));
#8932 = CARTESIAN_POINT('',(104.02435548195,4.235797295511,
    33.96758737974));
#8933 = CARTESIAN_POINT('',(103.58244775783,4.269888258474,
    34.576950911227));
#8934 = CARTESIAN_POINT('',(103.24317763887,4.303979195822,
    35.24533384071));
#8935 = CARTESIAN_POINT('',(103.01438546215,4.338070101764,
    35.95364753333));
#8936 = CARTESIAN_POINT('',(102.67119703084,4.440342784992,
    38.138487574396));
#8937 = CARTESIAN_POINT('',(103.35757491876,4.542615468218,
    40.323327454408));
#8938 = CARTESIAN_POINT('',(104.27274753965,4.610797454505,
    41.620159668931));
#8939 = CARTESIAN_POINT('',(105.582768577,4.678978991193,42.597535843272
    ));
#8940 = CARTESIAN_POINT('',(107.1623192696,4.747162742317,
    43.123893147209));
#8941 = CARTESIAN_POINT('',(108.8377382519,4.815340177881,
    43.123839684144));
#8942 = CARTESIAN_POINT('',(110.41725910272,4.883523904506,
    42.597527833229));
#8943 = CARTESIAN_POINT('',(111.72707849139,4.95170996363,
    41.620184165375));
#8944 = CARTESIAN_POINT('',(112.64250800882,5.019886334796,
    40.323328170147));
#8945 = CARTESIAN_POINT('',(113.10001555557,5.088070028918,
    38.866762706158));
#8946 = CARTESIAN_POINT('',(113.10001740054,5.156252062468,
    37.410207710853));
#8947 = ADVANCED_FACE('',(#8948),#9053,.F.);
#8948 = FACE_BOUND('',#8949,.F.);
#8949 = EDGE_LOOP('',(#8950,#9046,#9047,#9048));
#8950 = ORIENTED_EDGE('',*,*,#8951,.F.);
#8951 = EDGE_CURVE('',#7352,#8121,#8952,.T.);
#8952 = B_SPLINE_CURVE_WITH_KNOTS('',8,(#8953,#8954,#8955,#8956,#8957,
    #8958,#8959,#8960,#8961,#8962,#8963,#8964,#8965,#8966,#8967,#8968,
    #8969,#8970,#8971,#8972,#8973,#8974,#8975,#8976,#8977,#8978,#8979,
    #8980,#8981,#8982,#8983,#8984,#8985,#8986,#8987,#8988,#8989,#8990,
    #8991,#8992,#8993,#8994,#8995,#8996,#8997,#8998,#8999,#9000,#9001,
    #9002,#9003,#9004,#9005,#9006,#9007,#9008,#9009,#9010,#9011,#9012,
    #9013,#9014,#9015,#9016,#9017,#9018,#9019,#9020,#9021,#9022,#9023,
    #9024,#9025,#9026,#9027,#9028,#9029,#9030,#9031,#9032,#9033,#9034,
    #9035,#9036,#9037,#9038,#9039,#9040,#9041,#9042,#9043,#9044,#9045),
  .UNSPECIFIED.,.F.,.F.,(9,7,7,7,7,7,7,7,7,7,7,7,7,9),(0.,
    4.49223201029E-02,0.133571680064,0.219615044136,0.273396089561,
    0.375451184316,0.500625773707,0.523212738862,0.627209887061,
    0.736116456727,0.786799904813,0.867594796391,0.955088581867,1.),
  .UNSPECIFIED.);
#8953 = CARTESIAN_POINT('',(112.5,4.190154647253,37.410207120039));
#8954 = CARTESIAN_POINT('',(112.5,4.198576613845,37.251451171781));
#8955 = CARTESIAN_POINT('',(112.49359901715,4.206999577046,
    37.092693869167));
#8956 = CARTESIAN_POINT('',(112.48079720023,4.215422860502,
    36.934238453027));
#8957 = CARTESIAN_POINT('',(112.46161157634,4.223846105158,
    36.776386126476));
#8958 = CARTESIAN_POINT('',(112.43607603202,4.23226916773,
    36.619435884863));
#8959 = CARTESIAN_POINT('',(112.40424129437,4.240692019187,
    36.463684345721));
#8960 = CARTESIAN_POINT('',(112.36617491222,4.249114643222,
    36.309425578717));
#8961 = CARTESIAN_POINT('',(112.23471031207,4.27415741984,
    35.856058651066));
#8962 = CARTESIAN_POINT('',(112.12350551443,4.290779399191,
    35.562062815552));
#8963 = CARTESIAN_POINT('',(111.9889991212,4.307399533627,
    35.277257680632));
#8964 = CARTESIAN_POINT('',(111.8320992252,4.324018183557,
    35.003790539687));
#8965 = CARTESIAN_POINT('',(111.65393138723,4.340637234828,
    34.743678867334));
#8966 = CARTESIAN_POINT('',(111.45582383641,4.357258217686,
    34.498812801783));
#8967 = CARTESIAN_POINT('',(111.23931621869,4.373880718826,
    34.270942970105));
#8968 = CARTESIAN_POINT('',(110.77992064714,4.406632870781,
    33.858516751393));
#8969 = CARTESIAN_POINT('',(110.53793143111,4.422767107673,
    33.672826647585));
#8970 = CARTESIAN_POINT('',(110.28183733237,4.438900599091,33.5060455242
    ));
#8971 = CARTESIAN_POINT('',(110.01337571968,4.455032939471,
    33.359407163767));
#8972 = CARTESIAN_POINT('',(109.73438836058,4.471165177535,
    33.233946067613));
#8973 = CARTESIAN_POINT('',(109.44681193072,4.487298436102,
    33.130505737002));
#8974 = CARTESIAN_POINT('',(109.15267891539,4.503432489977,
    33.04972611992));
#8975 = CARTESIAN_POINT('',(108.667521465,4.529647423605,32.955935143473
    ));
#8976 = CARTESIAN_POINT('',(108.47916894649,4.539730703259,
    32.928867166231));
#8977 = CARTESIAN_POINT('',(108.28958397087,4.549813867472,
    32.910905029697));
#8978 = CARTESIAN_POINT('',(108.09928084025,4.559896913227,
    32.902112538643));
#8979 = CARTESIAN_POINT('',(107.90877509059,4.56997997111,
    32.902518547482));
#8980 = CARTESIAN_POINT('',(107.71858304636,4.580063168524,
    32.912116943038));
#8981 = CARTESIAN_POINT('',(107.52922137523,4.590146492896,
    32.930866627328));
#8982 = CARTESIAN_POINT('',(106.9844292469,4.6193634974,33.011492074));
#8983 = CARTESIAN_POINT('',(106.63239369404,4.638502442241,
    33.096986790069));
#8984 = CARTESIAN_POINT('',(106.28874029621,4.657639360454,
    33.214665449047));
#8985 = CARTESIAN_POINT('',(105.95688974661,4.676773670268,
    33.363526354239));
#8986 = CARTESIAN_POINT('',(105.64007473787,4.695908025818,
    33.542167263026));
#8987 = CARTESIAN_POINT('',(105.34134293394,4.715045037758,
    33.748819531104));
#8988 = CARTESIAN_POINT('',(105.06353129584,4.734184025762,
    33.98132544969));
#8989 = CARTESIAN_POINT('',(104.49727884497,4.776786133489,
    34.550725762676));
#8990 = CARTESIAN_POINT('',(104.22040087119,4.800267951708,
    34.899623388351));
#8991 = CARTESIAN_POINT('',(103.98353077236,4.823741741741,
    35.278916567729));
#8992 = CARTESIAN_POINT('',(103.79042076882,4.847209402608,
    35.683166253958));
#8993 = CARTESIAN_POINT('',(103.64397740156,4.87067710619,
    36.106561754158));
#8994 = CARTESIAN_POINT('',(103.54621236919,4.894150769615,
    36.542925026433));
#8995 = CARTESIAN_POINT('',(103.49827536193,4.917632583474,
    36.985750139293));
#8996 = CARTESIAN_POINT('',(103.50035325531,4.945335608867,
    37.507935183756));
#8997 = CARTESIAN_POINT('',(103.50228906057,4.949570338739,
    37.587750541717));
#8998 = CARTESIAN_POINT('',(103.50584288662,4.953805086598,
    37.667521184536));
#8999 = CARTESIAN_POINT('',(103.51101349444,4.958039850607,
    37.747208812929));
#9000 = CARTESIAN_POINT('',(103.51779856177,4.96227462941,
    37.826775222247));
#9001 = CARTESIAN_POINT('',(103.5261946831,4.966509422128,
    37.906182302472));
#9002 = CARTESIAN_POINT('',(103.53619736969,4.970744228365,
    37.985392038217));
#9003 = CARTESIAN_POINT('',(103.60122786486,4.994477426269,
    38.427988609228));
#9004 = CARTESIAN_POINT('',(103.68861086899,5.013981513607,
    38.786727596096));
#9005 = CARTESIAN_POINT('',(103.80941487383,5.033483367161,
    39.136724564473));
#9006 = CARTESIAN_POINT('',(103.96257258664,5.052982229832,
    39.474360812137));
#9007 = CARTESIAN_POINT('',(104.14658599603,5.0724809575,39.796221930229
    ));
#9008 = CARTESIAN_POINT('',(104.35956446945,5.091982440261,
    40.099094245586));
#9009 = CARTESIAN_POINT('',(104.59919956195,5.111486017889,
    40.379993614664));
#9010 = CARTESIAN_POINT('',(105.13859153978,5.151402202404,
    40.904555581757));
#9011 = CARTESIAN_POINT('',(105.44082861634,5.17182713999,
    41.146005626694));
#9012 = CARTESIAN_POINT('',(105.76619945918,5.192248221486,
    41.357417623673));
#9013 = CARTESIAN_POINT('',(106.11117748923,5.212666073964,
    41.53625910458));
#9014 = CARTESIAN_POINT('',(106.47198878348,5.233084030478,
    41.680513600473));
#9015 = CARTESIAN_POINT('',(106.84464093325,5.25350536546,
    41.788642382769));
#9016 = CARTESIAN_POINT('',(107.22491273387,5.273930547317,
    41.859630551469));
#9017 = CARTESIAN_POINT('',(107.786763012,5.303851270999,41.908719343537
    ));
#9018 = CARTESIAN_POINT('',(107.96591046097,5.313353840007,
    41.91619230701));
#9019 = CARTESIAN_POINT('',(108.14533508497,5.322856368348,
    41.915510600919));
#9020 = CARTESIAN_POINT('',(108.32460336109,5.332358824049,
    41.906664039641));
#9021 = CARTESIAN_POINT('',(108.50328343888,5.341861272559,
    41.889669976292));
#9022 = CARTESIAN_POINT('',(108.68094546636,5.351363779295,
    41.864573274163));
#9023 = CARTESIAN_POINT('',(108.85716191611,5.360866312196,
    41.831446278156));
#9024 = CARTESIAN_POINT('',(109.30943426235,5.385516388133,
    41.724938708655));
#9025 = CARTESIAN_POINT('',(109.58264362915,5.400665567363,
    41.639327794124));
#9026 = CARTESIAN_POINT('',(109.84938577587,5.415813882981,
    41.533960795693));
#9027 = CARTESIAN_POINT('',(110.1079974127,5.430961161623,
    41.409421887153));
#9028 = CARTESIAN_POINT('',(110.35689395732,5.446108341852,
    41.266451805631));
#9029 = CARTESIAN_POINT('',(110.59456877848,5.461256426769,
    41.105939185268));
#9030 = CARTESIAN_POINT('',(110.8195999215,5.476405402935,40.92892608198
    ));
#9031 = CARTESIAN_POINT('',(111.25922855441,5.507956781485,
    40.528385385961));
#9032 = CARTESIAN_POINT('',(111.47147276289,5.524363129311,
    40.302164442942));
#9033 = CARTESIAN_POINT('',(111.66569546736,5.540768907873,
    40.059499481313));
#9034 = CARTESIAN_POINT('',(111.84042625649,5.557174034206,
    39.802081617964));
#9035 = CARTESIAN_POINT('',(111.994395946,5.573579669531,39.531733510434
    ));
#9036 = CARTESIAN_POINT('',(112.1265284993,5.589986580696,
    39.250398046733));
#9037 = CARTESIAN_POINT('',(112.23595470453,5.606393797103,
    38.960140680162));
#9038 = CARTESIAN_POINT('',(112.36623993966,5.631217777093,
    38.510725090056));
#9039 = CARTESIAN_POINT('',(112.40428788811,5.639637778177,
    38.356501873153));
#9040 = CARTESIAN_POINT('',(112.43610717544,5.648057414901,
    38.200786906794));
#9041 = CARTESIAN_POINT('',(112.46163030463,5.656476659185,
    38.043874053884));
#9042 = CARTESIAN_POINT('',(112.480806584,5.664895607594,37.886059732507
    ));
#9043 = CARTESIAN_POINT('',(112.49360215167,5.673314482592,
    37.727642756589));
#9044 = CARTESIAN_POINT('',(112.5,5.681733633783,37.568924176564));
#9045 = CARTESIAN_POINT('',(112.5,5.69015353917,37.410207120039));
#9046 = ORIENTED_EDGE('',*,*,#7451,.T.);
#9047 = ORIENTED_EDGE('',*,*,#8844,.T.);
#9048 = ORIENTED_EDGE('',*,*,#9049,.F.);
#9049 = EDGE_CURVE('',#8121,#8845,#9050,.T.);
#9050 = B_SPLINE_CURVE_WITH_KNOTS('',1,(#9051,#9052),.UNSPECIFIED.,.F.,
  .F.,(2,2),(0.,1.3105),.PIECEWISE_BEZIER_KNOTS.);
#9051 = CARTESIAN_POINT('',(111.96507372918,5.998978656832,
    37.410206593316));
#9052 = CARTESIAN_POINT('',(113.10001353374,5.343752062428,
    37.410207710851));
#9053 = B_SPLINE_SURFACE_WITH_KNOTS('',1,9,(
    (#9054,#9055,#9056,#9057,#9058,#9059,#9060,#9061,#9062,#9063,#9064
      ,#9065,#9066,#9067,#9068,#9069,#9070,#9071,#9072,#9073,#9074,#9075
      ,#9076,#9077,#9078,#9079,#9080,#9081,#9082,#9083,#9084)
    ,(#9085,#9086,#9087,#9088,#9089,#9090,#9091,#9092,#9093,#9094,#9095
      ,#9096,#9097,#9098,#9099,#9100,#9101,#9102,#9103,#9104,#9105,#9106
      ,#9107,#9108,#9109,#9110,#9111,#9112,#9113,#9114,#9115
  )),.UNSPECIFIED.,.F.,.F.,.F.,(2,2),(10,7,7,7,10),(0.,1.3105),(0.,
    1.614938419963,3.229876839926,4.844815259889,6.459753679852),
  .UNSPECIFIED.);
#9054 = CARTESIAN_POINT('',(111.96507372567,4.498982214024,
    37.410206763159));
#9055 = CARTESIAN_POINT('',(111.96507357883,4.540647518821,
    36.718131931288));
#9056 = CARTESIAN_POINT('',(111.82921407768,4.582306260754,
    36.026170923041));
#9057 = CARTESIAN_POINT('',(111.55745508843,4.623981045546,
    35.364615346174));
#9058 = CARTESIAN_POINT('',(111.15775528396,4.665651705886,
    34.764006864425));
#9059 = CARTESIAN_POINT('',(110.64615434184,4.70731632216,
    34.252438418735));
#9060 = CARTESIAN_POINT('',(110.04560835206,4.748980943205,
    33.852774925265));
#9061 = CARTESIAN_POINT('',(109.38407322684,4.7906461942,33.58101549764)
  );
#9062 = CARTESIAN_POINT('',(108.00000866154,4.87397883987,
    33.309253308269));
#9063 = CARTESIAN_POINT('',(106.61592622606,4.957313882308,
    33.581014597282));
#9064 = CARTESIAN_POINT('',(105.95437385972,4.998981620104,
    33.852776865544));
#9065 = CARTESIAN_POINT('',(105.35380995767,5.040648357659,
    34.252441020497));
#9066 = CARTESIAN_POINT('',(104.8422251238,5.082314189752,
    34.764029292157));
#9067 = CARTESIAN_POINT('',(104.44256912619,5.123980112792,
    35.364587623324));
#9068 = CARTESIAN_POINT('',(104.17081068233,5.165646730732,
    36.026132240844));
#9069 = CARTESIAN_POINT('',(103.89905230196,5.248980435427,
    37.41020857859));
#9070 = CARTESIAN_POINT('',(104.17081133522,5.332314140124,
    38.794284788143));
#9071 = CARTESIAN_POINT('',(104.44257009079,5.373980758062,
    39.455829277385));
#9072 = CARTESIAN_POINT('',(104.84222636959,5.415646681105,
    40.056387420621));
#9073 = CARTESIAN_POINT('',(105.35381144364,5.457312513196,
    40.567975452715));
#9074 = CARTESIAN_POINT('',(105.954375535,5.498979250751,40.96763932526)
  );
#9075 = CARTESIAN_POINT('',(106.61592803016,5.540646988546,
    41.239401279756));
#9076 = CARTESIAN_POINT('',(108.00001059388,5.623982030985,
    41.511161913409));
#9077 = CARTESIAN_POINT('',(109.38407503094,5.707314676656,
    41.239399073124));
#9078 = CARTESIAN_POINT('',(110.04561002884,5.74897992765,
    40.967639336519));
#9079 = CARTESIAN_POINT('',(110.64615582999,5.790644548697,
    40.56797556325));
#9080 = CARTESIAN_POINT('',(111.15775654006,5.832309164967,
    40.056406881622));
#9081 = CARTESIAN_POINT('',(111.55745605435,5.873979825308,
    39.455798195049));
#9082 = CARTESIAN_POINT('',(111.82921471521,5.915654610101,
    38.794242496904));
#9083 = CARTESIAN_POINT('',(111.96507390566,5.957313352035,
    38.102281425187));
#9084 = CARTESIAN_POINT('',(111.96507372918,5.998978656832,
    37.410206593316));
#9085 = CARTESIAN_POINT('',(113.10001127812,3.843751718671,
    37.410207694437));
#9086 = CARTESIAN_POINT('',(113.10001215601,3.885418516944,
    36.52009137137));
#9087 = CARTESIAN_POINT('',(112.92528081797,3.927085949427,
    35.629970656549));
#9088 = CARTESIAN_POINT('',(112.57568144602,3.968751831616,
    34.779057689263));
#9089 = CARTESIAN_POINT('',(112.06161225953,4.010418112278,
    34.006607378093));
#9090 = CARTESIAN_POINT('',(111.40358924033,4.052084977161,
    33.348575405851));
#9091 = CARTESIAN_POINT('',(110.63113679483,4.093751841468,
    32.83452063341));
#9092 = CARTESIAN_POINT('',(109.78024369936,4.135418644952,
    32.484970443194));
#9093 = CARTESIAN_POINT('',(108.00000938295,4.21875204474,
    32.135420030407));
#9094 = CARTESIAN_POINT('',(106.21976129717,4.302085212909,
    32.484968970163));
#9095 = CARTESIAN_POINT('',(105.36885503237,4.343751776065,
    32.834517824155));
#9096 = CARTESIAN_POINT('',(104.59638566416,4.385418435882,
    33.348576734598));
#9097 = CARTESIAN_POINT('',(103.93836112088,4.427085183198,
    34.00660316279));
#9098 = CARTESIAN_POINT('',(103.42430800282,4.468751921727,
    34.779068922812));
#9099 = CARTESIAN_POINT('',(103.07476470616,4.510418593103,
    35.629968765185));
#9100 = CARTESIAN_POINT('',(102.72522103797,4.593751890549,
    37.410207558789));
#9101 = CARTESIAN_POINT('',(103.07476512535,4.677085187995,
    39.190446270089));
#9102 = CARTESIAN_POINT('',(103.42430838877,4.718751859369,
    40.041345975083));
#9103 = CARTESIAN_POINT('',(103.93836032734,4.7604185979,40.813811999386
    ));
#9104 = CARTESIAN_POINT('',(104.5963842785,4.802085345215,
    41.471839414205));
#9105 = CARTESIAN_POINT('',(105.36885427572,4.843752005033,
    41.985898720824));
#9106 = CARTESIAN_POINT('',(106.21976102154,4.885418568188,
    42.335446278648));
#9107 = CARTESIAN_POINT('',(108.00000921944,4.968751736359,
    42.68499321416));
#9108 = CARTESIAN_POINT('',(109.78024342374,5.052085136146,
    42.335443663505));
#9109 = CARTESIAN_POINT('',(110.63113700602,5.093751939607,
    41.985895262451));
#9110 = CARTESIAN_POINT('',(111.40358926214,5.135418804003,
    41.471842564741));
#9111 = CARTESIAN_POINT('',(112.06161812829,5.177085668738,
    40.813813901127));
#9112 = CARTESIAN_POINT('',(112.57568264097,5.218751949538,
    40.041352947758));
#9113 = CARTESIAN_POINT('',(112.92527131054,5.260417831654,
    39.190444403506));
#9114 = CARTESIAN_POINT('',(113.100012653,5.302085264153,38.300324033918
    ));
#9115 = CARTESIAN_POINT('',(113.10001353374,5.343752062428,
    37.410207710851));
#9116 = ADVANCED_FACE('',(#9117),#9218,.F.);
#9117 = FACE_BOUND('',#9118,.F.);
#9118 = EDGE_LOOP('',(#9119,#9120,#9121,#9122));
#9119 = ORIENTED_EDGE('',*,*,#7524,.F.);
#9120 = ORIENTED_EDGE('',*,*,#8951,.T.);
#9121 = ORIENTED_EDGE('',*,*,#8120,.T.);
#9122 = ORIENTED_EDGE('',*,*,#9123,.F.);
#9123 = EDGE_CURVE('',#7525,#8123,#9124,.T.);
#9124 = B_SPLINE_CURVE_WITH_KNOTS('',8,(#9125,#9126,#9127,#9128,#9129,
    #9130,#9131,#9132,#9133,#9134,#9135,#9136,#9137,#9138,#9139,#9140,
    #9141,#9142,#9143,#9144,#9145,#9146,#9147,#9148,#9149,#9150,#9151,
    #9152,#9153,#9154,#9155,#9156,#9157,#9158,#9159,#9160,#9161,#9162,
    #9163,#9164,#9165,#9166,#9167,#9168,#9169,#9170,#9171,#9172,#9173,
    #9174,#9175,#9176,#9177,#9178,#9179,#9180,#9181,#9182,#9183,#9184,
    #9185,#9186,#9187,#9188,#9189,#9190,#9191,#9192,#9193,#9194,#9195,
    #9196,#9197,#9198,#9199,#9200,#9201,#9202,#9203,#9204,#9205,#9206,
    #9207,#9208,#9209,#9210,#9211,#9212,#9213,#9214,#9215,#9216,#9217),
  .UNSPECIFIED.,.F.,.F.,(9,7,7,7,7,7,7,7,7,7,7,7,7,9),(0.,
    4.77199451823E-02,0.132570135751,0.225548413587,0.285039837619,
    0.380413991489,0.483123548889,0.504089500462,0.631070384392,
    0.745638913278,0.801147843777,0.868567093626,0.958913531517,1.),
  .UNSPECIFIED.);
#9125 = CARTESIAN_POINT('',(112.5,4.809815360116,37.410207037969));
#9126 = CARTESIAN_POINT('',(112.5,4.818761575067,37.241564656782));
#9127 = CARTESIAN_POINT('',(112.49277692483,4.827706703435,
    37.072920215995));
#9128 = CARTESIAN_POINT('',(112.47833095732,4.836651491612,
    36.904637675561));
#9129 = CARTESIAN_POINT('',(112.45668377949,4.845596455855,
    36.737078197937));
#9130 = CARTESIAN_POINT('',(112.42787853625,4.854541900949,
    36.570599925015));
#9131 = CARTESIAN_POINT('',(112.39197979919,4.863487938878,
    36.405557755039));
#9132 = CARTESIAN_POINT('',(112.34907353021,4.872434507495,
    36.242303119527));
#9133 = CARTESIAN_POINT('',(112.2107068067,4.897289718784,
    35.794699601588));
#9134 = CARTESIAN_POINT('',(112.10031802545,4.913201377489,
    35.514923324424));
#9135 = CARTESIAN_POINT('',(111.96870762306,4.929112976165,
    35.243850775727));
#9136 = CARTESIAN_POINT('',(111.81669396398,4.9450234857,34.983353935025
    ));
#9137 = CARTESIAN_POINT('',(111.64527738385,4.960933413242,
    34.735194390071));
#9138 = CARTESIAN_POINT('',(111.45562877768,4.976843683428,
    34.50102531439));
#9139 = CARTESIAN_POINT('',(111.24909624768,4.992754224611,
    34.282381946619));
#9140 = CARTESIAN_POINT('',(110.7841100366,5.026094180157,
    33.859615622692));
#9141 = CARTESIAN_POINT('',(110.52249945233,5.043528619756,
    33.658818779802));
#9142 = CARTESIAN_POINT('',(110.24442938223,5.06096127283,
    33.480139109649));
#9143 = CARTESIAN_POINT('',(109.95210038761,5.078392132216,
    33.325126447003));
#9144 = CARTESIAN_POINT('',(109.64785161001,5.095823216706,
    33.19505788824));
#9145 = CARTESIAN_POINT('',(109.33414608357,5.113256389475,
    33.09095113699));
#9146 = CARTESIAN_POINT('',(109.01357201691,5.130691267856,
    33.013544701962));
#9147 = CARTESIAN_POINT('',(108.48109562815,5.159276925596,
    32.931061042019));
#9148 = CARTESIAN_POINT('',(108.27160627249,5.17043106017,32.909969696)
  );
#9149 = CARTESIAN_POINT('',(108.06109235851,5.181585105164,
    32.900080610004));
#9150 = CARTESIAN_POINT('',(107.85025366628,5.192738989192,
    32.901447706791));
#9151 = CARTESIAN_POINT('',(107.63978887213,5.203892870074,
    32.914073069999));
#9152 = CARTESIAN_POINT('',(107.43039496958,5.215046910927,
    32.937908270238));
#9153 = CARTESIAN_POINT('',(107.22276661377,5.226201054737,
    32.972853078061));
#9154 = CARTESIAN_POINT('',(106.68867349529,5.255236009603,
    33.092334089541));
#9155 = CARTESIAN_POINT('',(106.36598398077,5.27312060789,
    33.194087551489));
#9156 = CARTESIAN_POINT('',(106.05244332026,5.291003437324,
    33.323379002658));
#9157 = CARTESIAN_POINT('',(105.75078344712,5.308884143823,
    33.479217587082));
#9158 = CARTESIAN_POINT('',(105.46357581185,5.326764804675,
    33.660314605719));
#9159 = CARTESIAN_POINT('',(105.19323441097,5.344647529585,33.8651063352
    ));
#9160 = CARTESIAN_POINT('',(104.94199778684,5.362532032345,
    34.091739599437));
#9161 = CARTESIAN_POINT('',(104.46408419232,5.399669585623,
    34.60324247953));
#9162 = CARTESIAN_POINT('',(104.24066062139,5.418931351079,
    34.891380975444));
#9163 = CARTESIAN_POINT('',(104.04420004319,5.43819112695,
    35.199716319097));
#9164 = CARTESIAN_POINT('',(103.87679154683,5.457448296424,
    35.525275463313));
#9165 = CARTESIAN_POINT('',(103.7401171797,5.476705584434,
    35.864884773519));
#9166 = CARTESIAN_POINT('',(103.6354764993,5.495965680775,
    36.215195760238));
#9167 = CARTESIAN_POINT('',(103.56375105041,5.515227870288,
    36.572683347032));
#9168 = CARTESIAN_POINT('',(103.51746160075,5.538415532465,
    37.007293465447));
#9169 = CARTESIAN_POINT('',(103.51100083685,5.542346382707,
    37.081117941017));
#9170 = CARTESIAN_POINT('',(103.50592972207,5.546277220905,
    37.155059627171));
#9171 = CARTESIAN_POINT('',(103.50225069643,5.550208046769,
    37.229088007906));
#9172 = CARTESIAN_POINT('',(103.49996539387,5.554138859655,
    37.30317252464));
#9173 = CARTESIAN_POINT('',(103.49907464225,5.558069658558,
    37.377282576214));
#9174 = CARTESIAN_POINT('',(103.49957846335,5.562000442119,
    37.451387518889));
#9175 = CARTESIAN_POINT('',(103.5129689989,5.589738008096,
    37.974058571361));
#9176 = CARTESIAN_POINT('',(103.57559549079,5.613559246806,
    38.421632737524));
#9177 = CARTESIAN_POINT('',(103.68928203588,5.637371780711,
    38.860939625967));
#9178 = CARTESIAN_POINT('',(103.85260605309,5.661177916492,
    39.285227656048));
#9179 = CARTESIAN_POINT('',(104.06324850087,5.684984036645,
    39.688123159595));
#9180 = CARTESIAN_POINT('',(104.31795628199,5.708796700274,
    40.063674779606));
#9181 = CARTESIAN_POINT('',(104.61260043307,5.732618082826,
    40.406354536051));
#9182 = CARTESIAN_POINT('',(105.23880991752,5.777904757304,
    40.986484470769));
#9183 = CARTESIAN_POINT('',(105.56424326949,5.799393846065,
    41.231216563762));
#9184 = CARTESIAN_POINT('',(105.91428109566,5.820878590628,
    41.441911235187));
#9185 = CARTESIAN_POINT('',(106.28471663383,5.842359513517,
    41.615754840661));
#9186 = CARTESIAN_POINT('',(106.67106801436,5.863840358761,
    41.750575913112));
#9187 = CARTESIAN_POINT('',(107.06861314249,5.885324927273,
    41.844791948175));
#9188 = CARTESIAN_POINT('',(107.47237741065,5.906813878381,
    41.897471843576));
#9189 = CARTESIAN_POINT('',(108.07320519494,5.938700721535,
    41.913885853567));
#9190 = CARTESIAN_POINT('',(108.26957152535,5.949107966055,
    41.909473559964));
#9191 = CARTESIAN_POINT('',(108.46563476003,5.959515056338,
    41.895275374743));
#9192 = CARTESIAN_POINT('',(108.66082558467,5.969921982843,
    41.871316417377));
#9193 = CARTESIAN_POINT('',(108.85458002663,5.980328903789,
    41.837660783988));
#9194 = CARTESIAN_POINT('',(109.04633975114,5.990735975402,
    41.794410629764));
#9195 = CARTESIAN_POINT('',(109.23555261022,6.001143184235,
    41.741706961828));
#9196 = CARTESIAN_POINT('',(109.64772944775,6.024190164822,
    41.604459645131));
#9197 = CARTESIAN_POINT('',(109.86924227083,6.036830838604,
    41.515504590152));
#9198 = CARTESIAN_POINT('',(110.08522837529,6.04947128689,
    41.413191850052));
#9199 = CARTESIAN_POINT('',(110.29474966645,6.062111432553,
    41.297928120749));
#9200 = CARTESIAN_POINT('',(110.4969103656,6.074751606304,
    41.170194196912));
#9201 = CARTESIAN_POINT('',(110.6908566724,6.087392122543,
    41.030541978856));
#9202 = CARTESIAN_POINT('',(110.87577921692,6.100032862088,
    40.879596211044));
#9203 = CARTESIAN_POINT('',(111.28561673633,6.129611331891,
    40.501592580599));
#9204 = CARTESIAN_POINT('',(111.50280047098,6.146552321225,
    40.266057526781));
#9205 = CARTESIAN_POINT('',(111.70060199998,6.163491865502,
    40.013159338797));
#9206 = CARTESIAN_POINT('',(111.87742090987,6.180429516231,
    39.744777313436));
#9207 = CARTESIAN_POINT('',(112.03188734433,6.197366871381,
    39.462937010272));
#9208 = CARTESIAN_POINT('',(112.16285202472,6.214305827367,39.1697967971
    ));
#9209 = CARTESIAN_POINT('',(112.26940282578,6.23124655236,
    38.867650426744));
#9210 = CARTESIAN_POINT('',(112.38797362848,6.255888289581,
    38.418557273902));
#9211 = CARTESIAN_POINT('',(112.41986257934,6.263591578399,
    38.276801127856));
#9212 = CARTESIAN_POINT('',(112.44651566963,6.271294970456,
    38.133901317376));
#9213 = CARTESIAN_POINT('',(112.46788558354,6.278998441269,
    37.990083689974));
#9214 = CARTESIAN_POINT('',(112.48393679257,6.286701961961,
    37.845575728149));
#9215 = CARTESIAN_POINT('',(112.49464556912,6.294405442431,
    37.700606447106));
#9216 = CARTESIAN_POINT('',(112.5,6.302108674527,37.555406292461));
#9217 = CARTESIAN_POINT('',(112.5,6.309811275217,37.410207037969));
#9218 = CYLINDRICAL_SURFACE('',#9219,4.5);
#9219 = AXIS2_PLACEMENT_3D('',#9220,#9221,#9222);
#9220 = CARTESIAN_POINT('',(108.,-3.,37.410207612377));
#9221 = DIRECTION('',(0.,-1.,2.2E-16));
#9222 = DIRECTION('',(1.,0.,0.));
#9223 = ADVANCED_FACE('',(#9224),#9262,.F.);
#9224 = FACE_BOUND('',#9225,.F.);
#9225 = EDGE_LOOP('',(#9226,#9259,#9260,#9261));
#9226 = ORIENTED_EDGE('',*,*,#9227,.F.);
#9227 = EDGE_CURVE('',#7630,#8404,#9228,.T.);
#9228 = B_SPLINE_CURVE_WITH_KNOTS('',11,(#9229,#9230,#9231,#9232,#9233,
    #9234,#9235,#9236,#9237,#9238,#9239,#9240,#9241,#9242,#9243,#9244,
    #9245,#9246,#9247,#9248,#9249,#9250,#9251,#9252,#9253,#9254,#9255,
    #9256,#9257,#9258),.UNSPECIFIED.,.F.,.F.,(12,9,9,12),(0.,
    1.614938419963,3.229876839926,6.459753679852),.UNSPECIFIED.);
#9229 = CARTESIAN_POINT('',(113.10001450045,3.656251718699,
    69.910207694439));
#9230 = CARTESIAN_POINT('',(113.10001542059,3.690342735471,
    69.181930196786));
#9231 = CARTESIAN_POINT('',(112.9856468546,3.724434167376,
    68.453649792585));
#9232 = CARTESIAN_POINT('',(112.7568375531,3.758524902272,
    67.745328768201));
#9233 = CARTESIAN_POINT('',(112.41754139422,3.792615406202,
    67.076946987578));
#9234 = CARTESIAN_POINT('',(111.97562081742,3.82670611533,
    66.467587670913));
#9235 = CARTESIAN_POINT('',(111.44260630129,3.86079708027,
    65.934571853712));
#9236 = CARTESIAN_POINT('',(110.83325041635,3.894888144601,
    65.492660440546));
#9237 = CARTESIAN_POINT('',(110.16487527797,3.928979183204,
    65.153386724289));
#9238 = CARTESIAN_POINT('',(109.45656569388,3.963070171171,
    64.924589894346));
#9239 = CARTESIAN_POINT('',(108.00000819353,4.031252024775,
    64.695792921085));
#9240 = CARTESIAN_POINT('',(106.5434417038,4.099433726768,
    64.924588837363));
#9241 = CARTESIAN_POINT('',(105.83512341906,4.133524558689,
    65.153384755914));
#9242 = CARTESIAN_POINT('',(105.16673646411,4.167615421133,
    65.492659351313));
#9243 = CARTESIAN_POINT('',(104.55737114691,4.201706337943,
    65.934570589452));
#9244 = CARTESIAN_POINT('',(104.02435548195,4.235797295511,
    66.46758737974));
#9245 = CARTESIAN_POINT('',(103.58244775783,4.269888258474,
    67.076950911227));
#9246 = CARTESIAN_POINT('',(103.24317763887,4.303979195822,
    67.74533384071));
#9247 = CARTESIAN_POINT('',(103.01438546215,4.338070101764,
    68.45364753333));
#9248 = CARTESIAN_POINT('',(102.67119703084,4.440342784992,
    70.638487574396));
#9249 = CARTESIAN_POINT('',(103.35757491876,4.542615468218,
    72.823327454408));
#9250 = CARTESIAN_POINT('',(104.27274753965,4.610797454505,
    74.120159668931));
#9251 = CARTESIAN_POINT('',(105.582768577,4.678978991193,75.097535843272
    ));
#9252 = CARTESIAN_POINT('',(107.1623192696,4.747162742317,
    75.623893147209));
#9253 = CARTESIAN_POINT('',(108.8377382519,4.815340177881,
    75.623839684144));
#9254 = CARTESIAN_POINT('',(110.41725910272,4.883523904506,
    75.097527833229));
#9255 = CARTESIAN_POINT('',(111.72707849139,4.95170996363,
    74.120184165375));
#9256 = CARTESIAN_POINT('',(112.64250800882,5.019886334796,
    72.823328170147));
#9257 = CARTESIAN_POINT('',(113.10001555557,5.088070028918,
    71.366762706158));
#9258 = CARTESIAN_POINT('',(113.10001740054,5.156252062468,
    69.910207710853));
#9259 = ORIENTED_EDGE('',*,*,#7666,.T.);
#9260 = ORIENTED_EDGE('',*,*,#8016,.T.);
#9261 = ORIENTED_EDGE('',*,*,#8438,.F.);
#9262 = B_SPLINE_SURFACE_WITH_KNOTS('',1,9,(
    (#9263,#9264,#9265,#9266,#9267,#9268,#9269,#9270,#9271,#9272,#9273
      ,#9274,#9275,#9276,#9277,#9278,#9279,#9280,#9281,#9282,#9283,#9284
      ,#9285,#9286,#9287,#9288,#9289,#9290,#9291,#9292,#9293)
    ,(#9294,#9295,#9296,#9297,#9298,#9299,#9300,#9301,#9302,#9303,#9304
      ,#9305,#9306,#9307,#9308,#9309,#9310,#9311,#9312,#9313,#9314,#9315
      ,#9316,#9317,#9318,#9319,#9320,#9321,#9322,#9323,#9324
  )),.UNSPECIFIED.,.F.,.F.,.F.,(2,2),(10,7,7,7,10),(0.,1.3105),(0.,
    1.614938419963,3.229876839926,4.844815259889,6.459753679852),
  .UNSPECIFIED.);
#9263 = CARTESIAN_POINT('',(113.10001450045,3.656251718699,
    69.910207694439));
#9264 = CARTESIAN_POINT('',(113.10001562507,3.697918516976,
    69.020090752863));
#9265 = CARTESIAN_POINT('',(112.92528559032,3.739585949485,
    68.129969370728));
#9266 = CARTESIAN_POINT('',(112.57568444206,3.781251831655,
    67.279055181966));
#9267 = CARTESIAN_POINT('',(112.06161422679,3.822918112284,
    66.506605857014));
#9268 = CARTESIAN_POINT('',(111.40359158224,3.864584977195,
    65.848572958017));
#9269 = CARTESIAN_POINT('',(110.6311385702,3.906251841496,
    65.334517535837));
#9270 = CARTESIAN_POINT('',(109.78024495112,3.947918644989,
    64.984966851381));
#9271 = CARTESIAN_POINT('',(108.00000937963,4.031252044779,
    64.635416081493));
#9272 = CARTESIAN_POINT('',(106.21976007436,4.114585212942,
    64.984965559512));
#9273 = CARTESIAN_POINT('',(105.36885328867,4.156251776094,
    65.33451484591));
#9274 = CARTESIAN_POINT('',(104.59638347604,4.197918435912,
    65.848574060933));
#9275 = CARTESIAN_POINT('',(103.93835839415,4.23958518323,
    66.506600808853));
#9276 = CARTESIAN_POINT('',(103.42430475422,4.281251921762,
    67.279067070609));
#9277 = CARTESIAN_POINT('',(103.07476121418,4.322918593138,
    68.129967525755));
#9278 = CARTESIAN_POINT('',(102.72521737194,4.406251890582,
    69.910207570151));
#9279 = CARTESIAN_POINT('',(103.07476177114,4.489585188027,
    71.690447505191));
#9280 = CARTESIAN_POINT('',(103.42430527705,4.531251859401,
    72.541347780174));
#9281 = CARTESIAN_POINT('',(103.9383574083,4.572918597935,
    73.313814376522));
#9282 = CARTESIAN_POINT('',(104.59638173555,4.614585345254,
    73.971842386307));
#9283 = CARTESIAN_POINT('',(105.36885236211,4.656252005071,
    74.485902102887));
#9284 = CARTESIAN_POINT('',(106.2197597698,4.697918568222,
    74.835449714176));
#9285 = CARTESIAN_POINT('',(108.00000922276,4.781251736387,
    75.184996597304));
#9286 = CARTESIAN_POINT('',(109.78024464656,4.864585136177,
    74.835446917869));
#9287 = CARTESIAN_POINT('',(110.63113888801,4.906251939639,
    74.48589852516));
#9288 = CARTESIAN_POINT('',(111.40359165136,4.947918804054,
    73.971845762679));
#9289 = CARTESIAN_POINT('',(112.06162180676,4.989585668776,
    73.313817110983));
#9290 = CARTESIAN_POINT('',(112.57568600503,5.031251949581,
    72.541354097995));
#9291 = CARTESIAN_POINT('',(112.92527338448,5.07291783166,
    71.690445592459));
#9292 = CARTESIAN_POINT('',(113.10001627306,5.114585264187,
    70.800324652429));
#9293 = CARTESIAN_POINT('',(113.10001740054,5.156252062468,
    69.910207710853));
#9294 = CARTESIAN_POINT('',(111.96509946992,3.000982214246,
    69.91020676317));
#9295 = CARTESIAN_POINT('',(111.96510129431,3.042647519076,
    69.218126989824));
#9296 = CARTESIAN_POINT('',(111.82925220555,3.08430626121,
    68.526160650189));
#9297 = CARTESIAN_POINT('',(111.55747902478,3.125981045861,
    67.864595314545));
#9298 = CARTESIAN_POINT('',(111.15777100107,3.167651705935,
    67.263994712016));
#9299 = CARTESIAN_POINT('',(110.64617305213,3.209316322433,
    66.752418862173));
#9300 = CARTESIAN_POINT('',(110.04562253609,3.250980943433,
    66.352750177719));
#9301 = CARTESIAN_POINT('',(109.38408322755,3.292646194493,
    66.080986801447));
#9302 = CARTESIAN_POINT('',(108.00000863505,3.375978840183,
    65.809221759083));
#9303 = CARTESIAN_POINT('',(106.61591645664,3.459313882572,
    66.080987348452));
#9304 = CARTESIAN_POINT('',(105.95435992873,3.50098162034,
    66.352753071349));
#9305 = CARTESIAN_POINT('',(105.35379247602,3.542648357893,
    66.752419659696));
#9306 = CARTESIAN_POINT('',(104.84220333901,3.584314190009,
    67.264010485763));
#9307 = CARTESIAN_POINT('',(104.44254317203,3.625980113068,
    67.864572825455));
#9308 = CARTESIAN_POINT('',(104.17078278375,3.66764673101,
    68.526122338627));
#9309 = CARTESIAN_POINT('',(103.89902301286,3.750980435695,
    69.910208669365));
#9310 = CARTESIAN_POINT('',(104.17078453735,3.834314140381,
    71.294294655791));
#9311 = CARTESIAN_POINT('',(104.44254523021,3.875980758321,
    71.955843698855));
#9312 = CARTESIAN_POINT('',(104.84220304841,3.917646681383,
    72.556406412346));
#9313 = CARTESIAN_POINT('',(105.35379112714,3.9593125135,73.067999197829
    ));
#9314 = CARTESIAN_POINT('',(105.95436024653,4.000979251051,
    73.467666345688));
#9315 = CARTESIAN_POINT('',(106.61591802953,4.042646988817,
    73.739428727341));
#9316 = CARTESIAN_POINT('',(108.00001062036,4.12598203121,
    74.011188942475));
#9317 = CARTESIAN_POINT('',(109.38408480044,4.2093146769,73.739425073322
    ));
#9318 = CARTESIAN_POINT('',(110.04562506466,4.250979927907,
    73.467665403391));
#9319 = CARTESIAN_POINT('',(110.64617491826,4.292644549108,
    73.068001112648));
#9320 = CARTESIAN_POINT('',(111.15778592863,4.334309165268,
    72.55643252623));
#9321 = CARTESIAN_POINT('',(111.55748293098,4.375979825656,
    71.95580738468));
#9322 = CARTESIAN_POINT('',(111.82923128458,4.417654610146,
    71.294251995843));
#9323 = CARTESIAN_POINT('',(111.96510282751,4.459313352313,
    70.602286366676));
#9324 = CARTESIAN_POINT('',(111.96510462226,4.50097865715,
    69.910206593331));
#9325 = ADVANCED_FACE('',(#9326),#9332,.F.);
#9326 = FACE_BOUND('',#9327,.F.);
#9327 = EDGE_LOOP('',(#9328,#9329,#9330,#9331));
#9328 = ORIENTED_EDGE('',*,*,#8513,.F.);
#9329 = ORIENTED_EDGE('',*,*,#7775,.T.);
#9330 = ORIENTED_EDGE('',*,*,#9227,.T.);
#9331 = ORIENTED_EDGE('',*,*,#8665,.F.);
#9332 = B_SPLINE_SURFACE_WITH_KNOTS('',1,11,(
    (#9333,#9334,#9335,#9336,#9337,#9338,#9339,#9340,#9341,#9342,#9343
      ,#9344,#9345,#9346,#9347,#9348,#9349,#9350,#9351,#9352,#9353,#9354
      ,#9355,#9356,#9357,#9358,#9359,#9360,#9361,#9362)
    ,(#9363,#9364,#9365,#9366,#9367,#9368,#9369,#9370,#9371,#9372,#9373
      ,#9374,#9375,#9376,#9377,#9378,#9379,#9380,#9381,#9382,#9383,#9384
      ,#9385,#9386,#9387,#9388,#9389,#9390,#9391,#9392
  )),.UNSPECIFIED.,.F.,.F.,.F.,(2,2),(12,9,9,12),(0.,0.1875),(0.,
    1.614938419963,3.229876839926,6.459753679852),.UNSPECIFIED.);
#9333 = CARTESIAN_POINT('',(113.10001127812,3.843751718671,
    69.910207694437));
#9334 = CARTESIAN_POINT('',(113.10001199639,3.87784273544,
    69.181930702837));
#9335 = CARTESIAN_POINT('',(112.98564253697,3.911934167328,
    68.453650836634));
#9336 = CARTESIAN_POINT('',(112.75683375615,3.946024902225,
    67.745330639465));
#9337 = CARTESIAN_POINT('',(112.41753859721,3.980115406173,
    67.076948985067));
#9338 = CARTESIAN_POINT('',(111.97561856093,4.01420611531,
    66.467589624056));
#9339 = CARTESIAN_POINT('',(111.44260416456,4.048297080246,
    65.93457416693));
#9340 = CARTESIAN_POINT('',(110.83324848179,4.082388144569,
    65.492663343954));
#9341 = CARTESIAN_POINT('',(110.16487379388,4.116479183172,
    65.153390074229));
#9342 = CARTESIAN_POINT('',(109.45656467015,4.150570171134,
    64.924593547017));
#9343 = CARTESIAN_POINT('',(108.00000819377,4.218752024736,
    64.695796792672));
#9344 = CARTESIAN_POINT('',(106.54344270472,4.286933726734,
    64.92459234181));
#9345 = CARTESIAN_POINT('',(105.83512487379,4.321024558657,
    65.153387961111));
#9346 = CARTESIAN_POINT('',(105.16673832067,4.355115421104,
    65.492662260436));
#9347 = CARTESIAN_POINT('',(104.55737340112,4.389206337911,
    65.934573231296));
#9348 = CARTESIAN_POINT('',(104.02435815668,4.423297295481,
    66.467589729653));
#9349 = CARTESIAN_POINT('',(103.58245083372,4.457388258439,
    67.076952888152));
#9350 = CARTESIAN_POINT('',(103.24318101169,4.491479195788,
    67.745335357985));
#9351 = CARTESIAN_POINT('',(103.01438898356,4.525570101729,
    68.453648545466));
#9352 = CARTESIAN_POINT('',(102.67120070623,4.627842784959,
    70.638487054789));
#9353 = CARTESIAN_POINT('',(103.35757803258,4.730115468187,
    72.823325442897));
#9354 = CARTESIAN_POINT('',(104.2727496113,4.798297454473,
    74.120156209241));
#9355 = CARTESIAN_POINT('',(105.58277335414,4.866478991144,
    75.097535426511));
#9356 = CARTESIAN_POINT('',(107.16231573899,4.934662742267,
    75.623878695567));
#9357 = CARTESIAN_POINT('',(108.83773826224,5.00284017788,
    75.623851897794));
#9358 = CARTESIAN_POINT('',(110.41726281928,5.071023904548,
    75.097513188048));
#9359 = CARTESIAN_POINT('',(111.7270683147,5.139209963446,74.12018375688
    ));
#9360 = CARTESIAN_POINT('',(112.64250835155,5.207386334836,
    72.823326271783));
#9361 = CARTESIAN_POINT('',(113.10001209252,5.275570028886,
    71.366761694051));
#9362 = CARTESIAN_POINT('',(113.10001353374,5.343752062428,
    69.910207710851));
#9363 = CARTESIAN_POINT('',(113.10001450045,3.656251718699,
    69.910207694439));
#9364 = CARTESIAN_POINT('',(113.10001542059,3.690342735471,
    69.181930196786));
#9365 = CARTESIAN_POINT('',(112.9856468546,3.724434167376,
    68.453649792585));
#9366 = CARTESIAN_POINT('',(112.7568375531,3.758524902272,
    67.745328768201));
#9367 = CARTESIAN_POINT('',(112.41754139422,3.792615406202,
    67.076946987578));
#9368 = CARTESIAN_POINT('',(111.97562081742,3.82670611533,
    66.467587670913));
#9369 = CARTESIAN_POINT('',(111.44260630129,3.86079708027,
    65.934571853712));
#9370 = CARTESIAN_POINT('',(110.83325041635,3.894888144601,
    65.492660440546));
#9371 = CARTESIAN_POINT('',(110.16487527797,3.928979183204,
    65.153386724289));
#9372 = CARTESIAN_POINT('',(109.45656569388,3.963070171171,
    64.924589894346));
#9373 = CARTESIAN_POINT('',(108.00000819353,4.031252024775,
    64.695792921085));
#9374 = CARTESIAN_POINT('',(106.5434417038,4.099433726768,
    64.924588837363));
#9375 = CARTESIAN_POINT('',(105.83512341906,4.133524558689,
    65.153384755914));
#9376 = CARTESIAN_POINT('',(105.16673646411,4.167615421133,
    65.492659351313));
#9377 = CARTESIAN_POINT('',(104.55737114691,4.201706337943,
    65.934570589452));
#9378 = CARTESIAN_POINT('',(104.02435548195,4.235797295511,
    66.46758737974));
#9379 = CARTESIAN_POINT('',(103.58244775783,4.269888258474,
    67.076950911227));
#9380 = CARTESIAN_POINT('',(103.24317763887,4.303979195822,
    67.74533384071));
#9381 = CARTESIAN_POINT('',(103.01438546215,4.338070101764,
    68.45364753333));
#9382 = CARTESIAN_POINT('',(102.67119703084,4.440342784992,
    70.638487574396));
#9383 = CARTESIAN_POINT('',(103.35757491876,4.542615468218,
    72.823327454408));
#9384 = CARTESIAN_POINT('',(104.27274753965,4.610797454505,
    74.120159668931));
#9385 = CARTESIAN_POINT('',(105.582768577,4.678978991193,75.097535843272
    ));
#9386 = CARTESIAN_POINT('',(107.1623192696,4.747162742317,
    75.623893147209));
#9387 = CARTESIAN_POINT('',(108.8377382519,4.815340177881,
    75.623839684144));
#9388 = CARTESIAN_POINT('',(110.41725910272,4.883523904506,
    75.097527833229));
#9389 = CARTESIAN_POINT('',(111.72707849139,4.95170996363,
    74.120184165375));
#9390 = CARTESIAN_POINT('',(112.64250800882,5.019886334796,
    72.823328170147));
#9391 = CARTESIAN_POINT('',(113.10001555557,5.088070028918,
    71.366762706158));
#9392 = CARTESIAN_POINT('',(113.10001740054,5.156252062468,
    69.910207710853));
#9393 = ADVANCED_FACE('',(#9394),#9433,.F.);
#9394 = FACE_BOUND('',#9395,.F.);
#9395 = EDGE_LOOP('',(#9396,#9422,#9427,#9428));
#9396 = ORIENTED_EDGE('',*,*,#9397,.F.);
#9397 = EDGE_CURVE('',#9398,#9400,#9402,.T.);
#9398 = VERTEX_POINT('',#9399);
#9399 = CARTESIAN_POINT('',(113.10002030062,6.656252406248,
    37.410207727267));
#9400 = VERTEX_POINT('',#9401);
#9401 = CARTESIAN_POINT('',(109.31998005568,7.843751368704,
    42.336440497649));
#9402 = B_SPLINE_CURVE_WITH_KNOTS('',10,(#9403,#9404,#9405,#9406,#9407,
    #9408,#9409,#9410,#9411,#9412,#9413,#9414,#9415,#9416,#9417,#9418,
    #9419,#9420,#9421),.UNSPECIFIED.,.F.,.F.,(11,8,11),(0.,
    2.556985831608,5.113971663216),.UNSPECIFIED.);
#9403 = CARTESIAN_POINT('',(113.10002030062,6.656252406248,
    37.410207727267));
#9404 = CARTESIAN_POINT('',(113.1000025942,6.71562530389,36.141788420239
    ));
#9405 = CARTESIAN_POINT('',(112.74954961147,6.775003533648,
    34.873326736757));
#9406 = CARTESIAN_POINT('',(112.04838190172,6.834376810827,
    33.713948095151));
#9407 = CARTESIAN_POINT('',(111.03562445393,6.893750460266,
    32.77244201996));
#9408 = CARTESIAN_POINT('',(109.78842521438,6.953128020852,
    32.141722974567));
#9409 = CARTESIAN_POINT('',(108.41499273557,7.012501848591,
    31.882828963831));
#9410 = CARTESIAN_POINT('',(107.03830469258,7.0718768537,32.013201288709
    ));
#9411 = CARTESIAN_POINT('',(105.77630074687,7.13125175183,
    32.506291151911));
#9412 = CARTESIAN_POINT('',(103.67579945026,7.250001887464,
    34.092131676039));
#9413 = CARTESIAN_POINT('',(102.68764270369,7.368752023101,
    36.531504978588));
#9414 = CARTESIAN_POINT('',(102.5379844186,7.428126920833,
    37.878125915242));
#9415 = CARTESIAN_POINT('',(102.76837617252,7.48750192799,
    39.241668922776));
#9416 = CARTESIAN_POINT('',(103.37392413412,7.546875750868,
    40.501238107135));
#9417 = CARTESIAN_POINT('',(104.30591005971,7.606253318288,
    41.54277571528));
#9418 = CARTESIAN_POINT('',(105.47751517267,7.665626961626,
    42.277300786992));
#9419 = CARTESIAN_POINT('',(106.77881814464,7.725000242236,
    42.654488422982));
#9420 = CARTESIAN_POINT('',(108.09478567442,7.784378470878,
    42.664748686491));
#9421 = CARTESIAN_POINT('',(109.31998005568,7.843751368704,
    42.336440497648));
#9422 = ORIENTED_EDGE('',*,*,#9423,.T.);
#9423 = EDGE_CURVE('',#9398,#8123,#9424,.T.);
#9424 = B_SPLINE_CURVE_WITH_KNOTS('',1,(#9425,#9426),.UNSPECIFIED.,.F.,
  .F.,(2,2),(0.,1.3105),.PIECEWISE_BEZIER_KNOTS.);
#9425 = CARTESIAN_POINT('',(113.10002030062,6.656252406248,
    37.410207727267));
#9426 = CARTESIAN_POINT('',(111.96510977463,6.000975100073,
    37.410206423493));
#9427 = ORIENTED_EDGE('',*,*,#8320,.T.);
#9428 = ORIENTED_EDGE('',*,*,#9429,.F.);
#9429 = EDGE_CURVE('',#9400,#8313,#9430,.T.);
#9430 = B_SPLINE_CURVE_WITH_KNOTS('',1,(#9431,#9432),.UNSPECIFIED.,.F.,
  .F.,(2,2),(0.,1.3105),.PIECEWISE_BEZIER_KNOTS.);
#9431 = CARTESIAN_POINT('',(109.31998005568,7.843751368704,
    42.336440497648));
#9432 = CARTESIAN_POINT('',(109.02624255407,7.188485835881,
    41.240194352094));
#9433 = B_SPLINE_SURFACE_WITH_KNOTS('',1,11,(
    (#9434,#9435,#9436,#9437,#9438,#9439,#9440,#9441,#9442,#9443,#9444
      ,#9445,#9446,#9447,#9448,#9449,#9450,#9451,#9452,#9453,#9454,#9455
      ,#9456,#9457,#9458,#9459,#9460,#9461,#9462,#9463)
    ,(#9464,#9465,#9466,#9467,#9468,#9469,#9470,#9471,#9472,#9473,#9474
      ,#9475,#9476,#9477,#9478,#9479,#9480,#9481,#9482,#9483,#9484,#9485
      ,#9486,#9487,#9488,#9489,#9490,#9491,#9492,#9493
  )),.UNSPECIFIED.,.F.,.F.,.F.,(2,2),(12,9,9,12),(0.,1.3105),(0.,
    2.556985831608,3.835478747412,5.113971663216),.UNSPECIFIED.);
#9434 = CARTESIAN_POINT('',(113.10002030062,6.656252406248,
    37.410207727267));
#9435 = CARTESIAN_POINT('',(113.10000420388,6.710227767741,
    36.257099266332));
#9436 = CARTESIAN_POINT('',(112.8132683356,6.764207491873,
    35.103956133754));
#9437 = CARTESIAN_POINT('',(112.23961183566,6.818184133652,
    34.030142127663));
#9438 = CARTESIAN_POINT('',(111.4038905523,6.872159905644,
    33.114808425192));
#9439 = CARTESIAN_POINT('',(110.35535063318,6.926138464592,
    32.428412450271));
#9440 = CARTESIAN_POINT('',(109.16412105047,6.980115880365,
    32.024044878253));
#9441 = CARTESIAN_POINT('',(107.91438823894,7.034092896181,
    31.930236522262));
#9442 = CARTESIAN_POINT('',(106.69411942155,7.088069972955,
    32.14768048478));
#9443 = CARTESIAN_POINT('',(105.58534608354,7.142047218705,
    32.650458472286));
#9444 = CARTESIAN_POINT('',(104.19110694552,7.223013220274,
    33.760811083456));
#9445 = CARTESIAN_POINT('',(103.30879910609,7.303979221845,
    35.263982757422));
#9446 = CARTESIAN_POINT('',(103.07760823072,7.330967878388,
    35.800827553873));
#9447 = CARTESIAN_POINT('',(102.91413794188,7.357956512391,
    36.364663788077));
#9448 = CARTESIAN_POINT('',(102.82180901564,7.384945120007,
    36.94597414396));
#9449 = CARTESIAN_POINT('',(102.80253257383,7.411933710582,
    37.534772314598));
#9450 = CARTESIAN_POINT('',(102.85664224467,7.438922303528,
    38.120877930323));
#9451 = CARTESIAN_POINT('',(102.98288475001,7.465910917758,
    38.694200517962));
#9452 = CARTESIAN_POINT('',(103.17846940426,7.492899558877,
    39.245018572627));
#9453 = CARTESIAN_POINT('',(103.69987621555,7.546876869842,
    40.283460648825));
#9454 = CARTESIAN_POINT('',(104.45974150423,7.600854186838,
    41.16256756982));
#9455 = CARTESIAN_POINT('',(104.89378456207,7.627842831418,
    41.554050414933));
#9456 = CARTESIAN_POINT('',(105.37515350822,7.654831454044,
    41.890082383792));
#9457 = CARTESIAN_POINT('',(105.89593456523,7.681820038521,
    42.164365687051));
#9458 = CARTESIAN_POINT('',(106.4472850457,7.708808601029,
    42.371882239182));
#9459 = CARTESIAN_POINT('',(107.01967300502,7.735797217261,
    42.509045508874));
#9460 = CARTESIAN_POINT('',(107.60314391532,7.762785988215,
    42.573797639142));
#9461 = CARTESIAN_POINT('',(108.18759974688,7.789774916649,
    42.565649849525));
#9462 = CARTESIAN_POINT('',(108.76307351874,7.816763687874,
    42.485671492577));
#9463 = CARTESIAN_POINT('',(109.31998005568,7.843751368704,
    42.336440497648));
#9464 = CARTESIAN_POINT('',(111.96510977463,6.000975100073,
    37.410206423493));
#9465 = CARTESIAN_POINT('',(111.9650808618,6.054972147955,
    36.513673678748));
#9466 = CARTESIAN_POINT('',(111.74216685134,6.10892406062,
    35.617200957893));
#9467 = CARTESIAN_POINT('',(111.29619805301,6.162907844834,
    34.782363955576));
#9468 = CARTESIAN_POINT('',(110.6464213,6.216900680034,34.070563257211)
  );
#9469 = CARTESIAN_POINT('',(109.83111201119,6.270864599127,
    33.537085392508));
#9470 = CARTESIAN_POINT('',(108.90514993994,6.324840431838,
    33.222619846949));
#9471 = CARTESIAN_POINT('',(107.93341961206,6.378820338919,
    33.14969485717));
#9472 = CARTESIAN_POINT('',(106.98472217036,6.432799648023,
    33.318759544731));
#9473 = CARTESIAN_POINT('',(106.12268068526,6.486777198381,
    33.709655272763));
#9474 = CARTESIAN_POINT('',(105.03870469575,6.567742150561,
    34.572918099598));
#9475 = CARTESIAN_POINT('',(104.35273861699,6.648707102742,
    35.741585140235));
#9476 = CARTESIAN_POINT('',(104.17299494233,6.6756955303,36.158964827597
    ));
#9477 = CARTESIAN_POINT('',(104.04590151568,6.702684191104,
    36.597330505146));
#9478 = CARTESIAN_POINT('',(103.97411848911,6.729673124901,
    37.049282771611));
#9479 = CARTESIAN_POINT('',(103.95913224223,6.756662235079,
    37.507056749256));
#9480 = CARTESIAN_POINT('',(104.00120187888,6.783651320676,
    37.962736341866));
#9481 = CARTESIAN_POINT('',(104.09935204816,6.810640186085,
    38.408475825525));
#9482 = CARTESIAN_POINT('',(104.25141241516,6.837628773234,
    38.836717456804));
#9483 = CARTESIAN_POINT('',(104.6567875178,6.891605650297,
    39.644069513375));
#9484 = CARTESIAN_POINT('',(105.24755732713,6.945582464967,
    40.327546147389));
#9485 = CARTESIAN_POINT('',(105.58501255259,6.972571016024,
    40.631911914945));
#9486 = CARTESIAN_POINT('',(105.95926356482,6.999559794957,
    40.893169214048));
#9487 = CARTESIAN_POINT('',(106.36415965959,7.026548968455,
    41.106419325024));
#9488 = CARTESIAN_POINT('',(106.79282466543,7.053538368699,
    41.267757375417));
#9489 = CARTESIAN_POINT('',(107.23784146835,7.080527212738,
    41.374394875152));
#9490 = CARTESIAN_POINT('',(107.69146464599,7.107514456916,
    41.424735986185));
#9491 = CARTESIAN_POINT('',(108.14584665984,7.134500071974,
    41.418404556827));
#9492 = CARTESIAN_POINT('',(108.59325421452,7.161487311787,
    41.356228134303));
#9493 = CARTESIAN_POINT('',(109.02624255407,7.188485835881,
    41.240194352094));
#9494 = ADVANCED_FACE('',(#9495),#9512,.F.);
#9495 = FACE_BOUND('',#9496,.F.);
#9496 = EDGE_LOOP('',(#9497,#9498,#9499,#9506));
#9497 = ORIENTED_EDGE('',*,*,#9429,.T.);
#9498 = ORIENTED_EDGE('',*,*,#8312,.F.);
#9499 = ORIENTED_EDGE('',*,*,#9500,.T.);
#9500 = EDGE_CURVE('',#8240,#9501,#9503,.T.);
#9501 = VERTEX_POINT('',#9502);
#9502 = CARTESIAN_POINT('',(109.3199793915,8.031251368686,
    42.336438018917));
#9503 = B_SPLINE_CURVE_WITH_KNOTS('',1,(#9504,#9505),.UNSPECIFIED.,.F.,
  .F.,(2,2),(0.,1.3105),.PIECEWISE_BEZIER_KNOTS.);
#9504 = CARTESIAN_POINT('',(109.02623724777,8.68648583574,
    41.240174548679));
#9505 = CARTESIAN_POINT('',(109.3199793915,8.031251368686,
    42.336438018917));
#9506 = ORIENTED_EDGE('',*,*,#9507,.T.);
#9507 = EDGE_CURVE('',#9501,#9400,#9508,.T.);
#9508 = LINE('',#9509,#9510);
#9509 = CARTESIAN_POINT('',(109.3199793915,8.031251368686,
    42.336438018917));
#9510 = VECTOR('',#9511,1.);
#9511 = DIRECTION('',(3.54225832974E-06,-0.999999999906,
    1.321990319314E-05));
#9512 = PLANE('',#9513);
#9513 = AXIS2_PLACEMENT_3D('',#9514,#9515,#9516);
#9514 = CARTESIAN_POINT('',(109.12841620519,7.937491238867,
    41.621512606018));
#9515 = DIRECTION('',(0.965925995419,5.02674E-12,-0.258818413899));
#9516 = DIRECTION('',(0.258818413899,-2.100000000001E-16,0.965925995419)
  );
#9517 = ADVANCED_FACE('',(#9518),#9553,.F.);
#9518 = FACE_BOUND('',#9519,.F.);
#9519 = EDGE_LOOP('',(#9520,#9521,#9528,#9552));
#9520 = ORIENTED_EDGE('',*,*,#8239,.F.);
#9521 = ORIENTED_EDGE('',*,*,#9522,.T.);
#9522 = EDGE_CURVE('',#8131,#9523,#9525,.T.);
#9523 = VERTEX_POINT('',#9524);
#9524 = CARTESIAN_POINT('',(113.10001578936,6.843752406193,
    37.410207727264));
#9525 = B_SPLINE_CURVE_WITH_KNOTS('',1,(#9526,#9527),.UNSPECIFIED.,.F.,
  .F.,(2,2),(0.,1.3105),.PIECEWISE_BEZIER_KNOTS.);
#9526 = CARTESIAN_POINT('',(111.9650737327,7.498975099639,
    37.410206423472));
#9527 = CARTESIAN_POINT('',(113.10001578936,6.843752406193,
    37.410207727264));
#9528 = ORIENTED_EDGE('',*,*,#9529,.T.);
#9529 = EDGE_CURVE('',#9523,#9501,#9530,.T.);
#9530 = B_SPLINE_CURVE_WITH_KNOTS('',11,(#9531,#9532,#9533,#9534,#9535,
    #9536,#9537,#9538,#9539,#9540,#9541,#9542,#9543,#9544,#9545,#9546,
    #9547,#9548,#9549,#9550,#9551),.UNSPECIFIED.,.F.,.F.,(12,9,12),(0.,
    2.556985831608,5.113971663216),.UNSPECIFIED.);
#9531 = CARTESIAN_POINT('',(113.10001578936,6.843752406193,
    37.410207727264));
#9532 = CARTESIAN_POINT('',(113.10000327546,6.897727767773,
    36.257100066345));
#9533 = CARTESIAN_POINT('',(112.81326295664,6.951707491717,
    35.103956843078));
#9534 = CARTESIAN_POINT('',(112.23960788981,7.005684133838,
    34.03014648015));
#9535 = CARTESIAN_POINT('',(111.40389157429,7.059659905253,
    33.114810371014));
#9536 = CARTESIAN_POINT('',(110.35534611482,7.113638464987,
    32.428414384214));
#9537 = CARTESIAN_POINT('',(109.16412128726,7.167615880006,
    32.024050789287));
#9538 = CARTESIAN_POINT('',(107.91438827576,7.221592896282,
    31.930239848815));
#9539 = CARTESIAN_POINT('',(106.694120295,7.275569972894,32.14768405948)
  );
#9540 = CARTESIAN_POINT('',(105.58534761888,7.329547218677,
    32.650461598292));
#9541 = CARTESIAN_POINT('',(103.72636353177,7.43750188743,
    34.130930895525));
#9542 = CARTESIAN_POINT('',(102.77747896578,7.545456556188,
    36.309744622439));
#9543 = CARTESIAN_POINT('',(102.57880546866,7.599433802152,
    37.510865726685));
#9544 = CARTESIAN_POINT('',(102.68459636029,7.653410877667,
    38.74583358247));
#9545 = CARTESIAN_POINT('',(103.09868528108,7.707387896976,
    39.92870534359));
#9546 = CARTESIAN_POINT('',(103.7975500442,7.7613653069,40.974663333151)
  );
#9547 = CARTESIAN_POINT('',(104.73195581923,7.815343872319,
    41.809869643803));
#9548 = CARTESIAN_POINT('',(105.83241449881,7.869319639423,
    42.380168058254));
#9549 = CARTESIAN_POINT('',(107.01808703804,7.923296283725,
    42.656352024386));
#9550 = CARTESIAN_POINT('',(108.20616616308,7.977276006978,
    42.63489634096));
#9551 = CARTESIAN_POINT('',(109.3199793915,8.031251368686,
    42.336438018917));
#9552 = ORIENTED_EDGE('',*,*,#9500,.F.);
#9553 = B_SPLINE_SURFACE_WITH_KNOTS('',1,11,(
    (#9554,#9555,#9556,#9557,#9558,#9559,#9560,#9561,#9562,#9563,#9564
      ,#9565,#9566,#9567,#9568,#9569,#9570,#9571,#9572,#9573,#9574)
    ,(#9575,#9576,#9577,#9578,#9579,#9580,#9581,#9582,#9583,#9584,#9585
      ,#9586,#9587,#9588,#9589,#9590,#9591,#9592,#9593,#9594,#9595
  )),.UNSPECIFIED.,.F.,.F.,.F.,(2,2),(12,9,12),(0.,1.3105),(0.,
    2.556985831608,5.113971663216),.UNSPECIFIED.);
#9554 = CARTESIAN_POINT('',(111.9650737327,7.498975099639,
    37.410206423472));
#9555 = CARTESIAN_POINT('',(111.96507344433,7.55297214821,
    36.513680070321));
#9556 = CARTESIAN_POINT('',(111.74212387703,7.606924059388,
    35.617206624918));
#9557 = CARTESIAN_POINT('',(111.29616652826,7.660907846287,
    34.782398729046));
#9558 = CARTESIAN_POINT('',(110.64642946502,7.714900676958,
    34.070578803048));
#9559 = CARTESIAN_POINT('',(109.83107591251,7.768864602223,
    33.537100843411));
#9560 = CARTESIAN_POINT('',(108.90515183175,7.822840429024,
    33.222667072189));
#9561 = CARTESIAN_POINT('',(107.93341990619,7.876820339688,
    33.149721434096));
#9562 = CARTESIAN_POINT('',(106.98472914859,7.930799647562,
    33.318788104202));
#9563 = CARTESIAN_POINT('',(106.12269295163,7.984777198149,
    33.709680247465));
#9564 = CARTESIAN_POINT('',(104.67740305907,8.092730467687,
    34.860690551046));
#9565 = CARTESIAN_POINT('',(103.939681825,8.200683737228,36.554637118476
    ));
#9566 = CARTESIAN_POINT('',(103.78522083449,8.254661287808,
    37.488470549079));
#9567 = CARTESIAN_POINT('',(103.86745465498,8.308640595697,
    38.44859308964));
#9568 = CARTESIAN_POINT('',(104.18941792308,8.36262050634,
    39.368334184735));
#9569 = CARTESIAN_POINT('',(104.73278474276,8.416596333165,
    40.181326432679));
#9570 = CARTESIAN_POINT('',(105.45911423756,8.470560258411,
    40.830822953015));
#9571 = CARTESIAN_POINT('',(106.31484404225,8.524553089088,
    41.274187752322));
#9572 = CARTESIAN_POINT('',(107.23662887173,8.578536875991,
    41.488884854059));
#9573 = CARTESIAN_POINT('',(108.1602593339,8.632488787162,
    41.472212809713));
#9574 = CARTESIAN_POINT('',(109.02623724777,8.68648583574,
    41.240174548679));
#9575 = CARTESIAN_POINT('',(113.10001578936,6.843752406193,
    37.410207727264));
#9576 = CARTESIAN_POINT('',(113.10000327546,6.897727767773,
    36.257100066345));
#9577 = CARTESIAN_POINT('',(112.81326295664,6.951707491717,
    35.103956843078));
#9578 = CARTESIAN_POINT('',(112.23960788981,7.005684133838,
    34.03014648015));
#9579 = CARTESIAN_POINT('',(111.40389157429,7.059659905253,
    33.114810371014));
#9580 = CARTESIAN_POINT('',(110.35534611482,7.113638464987,
    32.428414384214));
#9581 = CARTESIAN_POINT('',(109.16412128726,7.167615880006,
    32.024050789287));
#9582 = CARTESIAN_POINT('',(107.91438827576,7.221592896282,
    31.930239848815));
#9583 = CARTESIAN_POINT('',(106.694120295,7.275569972894,32.14768405948)
  );
#9584 = CARTESIAN_POINT('',(105.58534761888,7.329547218677,
    32.650461598292));
#9585 = CARTESIAN_POINT('',(103.72636353177,7.43750188743,
    34.130930895525));
#9586 = CARTESIAN_POINT('',(102.77747896578,7.545456556188,
    36.309744622439));
#9587 = CARTESIAN_POINT('',(102.57880546866,7.599433802152,
    37.510865726685));
#9588 = CARTESIAN_POINT('',(102.68459636029,7.653410877667,
    38.74583358247));
#9589 = CARTESIAN_POINT('',(103.09868528108,7.707387896976,
    39.92870534359));
#9590 = CARTESIAN_POINT('',(103.7975500442,7.7613653069,40.974663333151)
  );
#9591 = CARTESIAN_POINT('',(104.73195581923,7.815343872319,
    41.809869643803));
#9592 = CARTESIAN_POINT('',(105.83241449881,7.869319639423,
    42.380168058254));
#9593 = CARTESIAN_POINT('',(107.01808703804,7.923296283725,
    42.656352024386));
#9594 = CARTESIAN_POINT('',(108.20616616308,7.977276006978,
    42.63489634096));
#9595 = CARTESIAN_POINT('',(109.3199793915,8.031251368686,
    42.336438018917));
#9596 = ADVANCED_FACE('',(#9597),#9636,.F.);
#9597 = FACE_BOUND('',#9598,.F.);
#9598 = EDGE_LOOP('',(#9599,#9600,#9601,#9635));
#9599 = ORIENTED_EDGE('',*,*,#8130,.F.);
#9600 = ORIENTED_EDGE('',*,*,#9049,.T.);
#9601 = ORIENTED_EDGE('',*,*,#9602,.T.);
#9602 = EDGE_CURVE('',#8845,#9523,#9603,.T.);
#9603 = B_SPLINE_CURVE_WITH_KNOTS('',9,(#9604,#9605,#9606,#9607,#9608,
    #9609,#9610,#9611,#9612,#9613,#9614,#9615,#9616,#9617,#9618,#9619,
    #9620,#9621,#9622,#9623,#9624,#9625,#9626,#9627,#9628,#9629,#9630,
    #9631,#9632,#9633,#9634),.UNSPECIFIED.,.F.,.F.,(10,7,7,7,10),(0.,
    1.614938419963,3.229876839926,4.844815259889,6.459753679852),
  .UNSPECIFIED.);
#9604 = CARTESIAN_POINT('',(113.10001353374,5.343752062428,
    37.410207710851));
#9605 = CARTESIAN_POINT('',(113.10001441449,5.385418860704,
    36.520090994188));
#9606 = CARTESIAN_POINT('',(112.92528300206,5.427086293205,
    35.629969884975));
#9607 = CARTESIAN_POINT('',(112.57568347815,5.468752175377,
    34.779056540233));
#9608 = CARTESIAN_POINT('',(112.06161406685,5.510418456028,
    34.006605885871));
#9609 = CARTESIAN_POINT('',(111.40359075875,5.552085320917,
    33.348573620428));
#9610 = CARTESIAN_POINT('',(110.63113797325,5.593752185227,
    32.834518618159));
#9611 = CARTESIAN_POINT('',(109.78024450258,5.635418988715,
    32.484968270603));
#9612 = CARTESIAN_POINT('',(108.00000939992,5.718752388504,
    32.135417697489));
#9613 = CARTESIAN_POINT('',(106.21976052567,5.80208555667,
    32.484966786112));
#9614 = CARTESIAN_POINT('',(105.36885388341,5.843752119823,
    32.83451579196));
#9615 = CARTESIAN_POINT('',(104.5963841719,5.885418779641,33.34857492727
    ));
#9616 = CARTESIAN_POINT('',(103.93835933546,5.927085526958,
    34.006601644383));
#9617 = CARTESIAN_POINT('',(103.42430598756,5.96875226549,
    34.779067744406));
#9618 = CARTESIAN_POINT('',(103.07476253357,6.010418936865,
    35.629967961986));
#9619 = CARTESIAN_POINT('',(102.72521870505,6.09375223431,
    37.410207541814));
#9620 = CARTESIAN_POINT('',(103.0747629413,6.177085531755,
    39.190447041586));
#9621 = CARTESIAN_POINT('',(103.42430635657,6.21875220313,
    40.041347124037));
#9622 = CARTESIAN_POINT('',(103.93835852001,6.260418941662,
    40.813813491651));
#9623 = CARTESIAN_POINT('',(104.59638276009,6.302085688979,
    41.471841199625));
#9624 = CARTESIAN_POINT('',(105.36885309731,6.343752348797,
    41.985900736083));
#9625 = CARTESIAN_POINT('',(106.21976021834,6.385418911949,
    42.33544845124));
#9626 = CARTESIAN_POINT('',(108.00000920247,6.468752080117,
    42.684995547079));
#9627 = CARTESIAN_POINT('',(109.78024419525,6.552085479905,
    42.335445847556));
#9628 = CARTESIAN_POINT('',(110.63113815499,6.59375228337,
    41.985897294638));
#9629 = CARTESIAN_POINT('',(111.40359075443,6.635419147768,
    41.471844372067));
#9630 = CARTESIAN_POINT('',(112.06161991369,6.67708601251,
    40.813815419491));
#9631 = CARTESIAN_POINT('',(112.57568465616,6.7187522933,40.04135412624)
  );
#9632 = CARTESIAN_POINT('',(112.92527348317,6.760418175399,
    39.190445206783));
#9633 = CARTESIAN_POINT('',(113.10001490575,6.802085607915,
    38.300324443926));
#9634 = CARTESIAN_POINT('',(113.10001578936,6.843752406193,
    37.410207727264));
#9635 = ORIENTED_EDGE('',*,*,#9522,.F.);
#9636 = B_SPLINE_SURFACE_WITH_KNOTS('',1,9,(
    (#9637,#9638,#9639,#9640,#9641,#9642,#9643,#9644,#9645,#9646,#9647
      ,#9648,#9649,#9650,#9651,#9652,#9653,#9654,#9655,#9656,#9657,#9658
      ,#9659,#9660,#9661,#9662,#9663,#9664,#9665,#9666,#9667)
    ,(#9668,#9669,#9670,#9671,#9672,#9673,#9674,#9675,#9676,#9677,#9678
      ,#9679,#9680,#9681,#9682,#9683,#9684,#9685,#9686,#9687,#9688,#9689
      ,#9690,#9691,#9692,#9693,#9694,#9695,#9696,#9697,#9698
  )),.UNSPECIFIED.,.F.,.F.,.F.,(2,2),(10,7,7,7,10),(0.,1.3105),(0.,
    1.614938419963,3.229876839926,4.844815259889,6.459753679852),
  .UNSPECIFIED.);
#9637 = CARTESIAN_POINT('',(111.96507372918,5.998978656832,
    37.410206593316));
#9638 = CARTESIAN_POINT('',(111.9650735527,6.040643961628,
    36.718131760832));
#9639 = CARTESIAN_POINT('',(111.82921402181,6.082302703561,
    36.026170757789));
#9640 = CARTESIAN_POINT('',(111.55745500395,6.123977488354,
    35.364615191972));
#9641 = CARTESIAN_POINT('',(111.15775517339,6.165648148692,
    34.764006726836));
#9642 = CARTESIAN_POINT('',(110.64615420892,6.207312764969,
    34.252438302595));
#9643 = CARTESIAN_POINT('',(110.04560820149,6.248977386012,
    33.852774834493));
#9644 = CARTESIAN_POINT('',(109.38407306404,6.290642637007,
    33.58101543496));
#9645 = CARTESIAN_POINT('',(108.00000848588,6.373975282677,
    33.309253304632));
#9646 = CARTESIAN_POINT('',(106.61592606081,6.457310325116,
    33.581014653178));
#9647 = CARTESIAN_POINT('',(105.95437370552,6.498978062911,
    33.852776950021));
#9648 = CARTESIAN_POINT('',(105.35380982007,6.540644800466,
    34.252441131053));
#9649 = CARTESIAN_POINT('',(104.84222500765,6.582310632559,
    34.764029425078));
#9650 = CARTESIAN_POINT('',(104.44256903542,6.6239765556,35.364587773895
    ));
#9651 = CARTESIAN_POINT('',(104.17081061965,6.665643173539,
    36.026132403641));
#9652 = CARTESIAN_POINT('',(103.89905229833,6.748976878235,
    37.410208754254));
#9653 = CARTESIAN_POINT('',(104.17081139112,6.832310582931,
    38.794284953392));
#9654 = CARTESIAN_POINT('',(104.44257017526,6.87397720087,
    39.455829431578));
#9655 = CARTESIAN_POINT('',(104.84222648014,6.915643123911,
    40.056387558227));
#9656 = CARTESIAN_POINT('',(105.35381157655,6.957308956004,
    40.567975568862));
#9657 = CARTESIAN_POINT('',(105.95437568557,6.998975693558,
    40.967639416036));
#9658 = CARTESIAN_POINT('',(106.61592819295,7.040643431354,
    41.239401342433));
#9659 = CARTESIAN_POINT('',(108.00001076955,7.123978473792,
    41.511161917035));
#9660 = CARTESIAN_POINT('',(109.38407519619,7.207311119463,
    41.239399017225));
#9661 = CARTESIAN_POINT('',(110.04561018304,7.248976370458,
    40.967639252047));
#9662 = CARTESIAN_POINT('',(110.6461559676,7.290640991503,
    40.567975452701));
#9663 = CARTESIAN_POINT('',(111.15775665622,7.332305607775,
    40.056406748721));
#9664 = CARTESIAN_POINT('',(111.55745614513,7.373976268114,
    39.455798044468));
#9665 = CARTESIAN_POINT('',(111.82921477787,7.415651052908,
    38.794242334103));
#9666 = CARTESIAN_POINT('',(111.96507393881,7.457309794842,
    38.102281255956));
#9667 = CARTESIAN_POINT('',(111.9650737327,7.498975099639,
    37.410206423472));
#9668 = CARTESIAN_POINT('',(113.10001353374,5.343752062428,
    37.410207710851));
#9669 = CARTESIAN_POINT('',(113.10001441449,5.385418860704,
    36.520090994188));
#9670 = CARTESIAN_POINT('',(112.92528300206,5.427086293205,
    35.629969884975));
#9671 = CARTESIAN_POINT('',(112.57568347815,5.468752175377,
    34.779056540233));
#9672 = CARTESIAN_POINT('',(112.06161406685,5.510418456028,
    34.006605885871));
#9673 = CARTESIAN_POINT('',(111.40359075875,5.552085320917,
    33.348573620428));
#9674 = CARTESIAN_POINT('',(110.63113797325,5.593752185227,
    32.834518618159));
#9675 = CARTESIAN_POINT('',(109.78024450258,5.635418988715,
    32.484968270603));
#9676 = CARTESIAN_POINT('',(108.00000939992,5.718752388504,
    32.135417697489));
#9677 = CARTESIAN_POINT('',(106.21976052567,5.80208555667,
    32.484966786112));
#9678 = CARTESIAN_POINT('',(105.36885388341,5.843752119823,
    32.83451579196));
#9679 = CARTESIAN_POINT('',(104.5963841719,5.885418779641,33.34857492727
    ));
#9680 = CARTESIAN_POINT('',(103.93835933546,5.927085526958,
    34.006601644383));
#9681 = CARTESIAN_POINT('',(103.42430598756,5.96875226549,
    34.779067744406));
#9682 = CARTESIAN_POINT('',(103.07476253357,6.010418936865,
    35.629967961986));
#9683 = CARTESIAN_POINT('',(102.72521870505,6.09375223431,
    37.410207541814));
#9684 = CARTESIAN_POINT('',(103.0747629413,6.177085531755,
    39.190447041586));
#9685 = CARTESIAN_POINT('',(103.42430635657,6.21875220313,
    40.041347124037));
#9686 = CARTESIAN_POINT('',(103.93835852001,6.260418941662,
    40.813813491651));
#9687 = CARTESIAN_POINT('',(104.59638276009,6.302085688979,
    41.471841199625));
#9688 = CARTESIAN_POINT('',(105.36885309731,6.343752348797,
    41.985900736083));
#9689 = CARTESIAN_POINT('',(106.21976021834,6.385418911949,
    42.33544845124));
#9690 = CARTESIAN_POINT('',(108.00000920247,6.468752080117,
    42.684995547079));
#9691 = CARTESIAN_POINT('',(109.78024419525,6.552085479905,
    42.335445847556));
#9692 = CARTESIAN_POINT('',(110.63113815499,6.59375228337,
    41.985897294638));
#9693 = CARTESIAN_POINT('',(111.40359075443,6.635419147768,
    41.471844372067));
#9694 = CARTESIAN_POINT('',(112.06161991369,6.67708601251,
    40.813815419491));
#9695 = CARTESIAN_POINT('',(112.57568465616,6.7187522933,40.04135412624)
  );
#9696 = CARTESIAN_POINT('',(112.92527348317,6.760418175399,
    39.190445206783));
#9697 = CARTESIAN_POINT('',(113.10001490575,6.802085607915,
    38.300324443926));
#9698 = CARTESIAN_POINT('',(113.10001578936,6.843752406193,
    37.410207727264));
#9699 = ADVANCED_FACE('',(#9700),#9738,.F.);
#9700 = FACE_BOUND('',#9701,.F.);
#9701 = EDGE_LOOP('',(#9702,#9735,#9736,#9737));
#9702 = ORIENTED_EDGE('',*,*,#9703,.F.);
#9703 = EDGE_CURVE('',#8737,#9398,#9704,.T.);
#9704 = B_SPLINE_CURVE_WITH_KNOTS('',11,(#9705,#9706,#9707,#9708,#9709,
    #9710,#9711,#9712,#9713,#9714,#9715,#9716,#9717,#9718,#9719,#9720,
    #9721,#9722,#9723,#9724,#9725,#9726,#9727,#9728,#9729,#9730,#9731,
    #9732,#9733,#9734),.UNSPECIFIED.,.F.,.F.,(12,9,9,12),(0.,
    1.614938419963,3.229876839926,6.459753679852),.UNSPECIFIED.);
#9705 = CARTESIAN_POINT('',(113.10001740054,5.156252062468,
    37.410207710852));
#9706 = CARTESIAN_POINT('',(113.10001832302,5.190343079243,
    36.681929799157));
#9707 = CARTESIAN_POINT('',(112.98564969435,5.224434511164,
    35.95364898035));
#9708 = CARTESIAN_POINT('',(112.75684026498,5.258525246054,
    35.245327552398));
#9709 = CARTESIAN_POINT('',(112.41754391531,5.292615749974,
    34.57694539066));
#9710 = CARTESIAN_POINT('',(111.9756230892,5.326706459094,
    33.967585726099));
#9711 = CARTESIAN_POINT('',(111.44260827172,5.360797424038,
    33.434569604091));
#9712 = CARTESIAN_POINT('',(110.83325204169,5.394888488371,
    32.992657937656));
#9713 = CARTESIAN_POINT('',(110.16487652433,5.428979526979,
    32.653384026331));
#9714 = CARTESIAN_POINT('',(109.45656653819,5.463070514948,
    32.424587064001));
#9715 = CARTESIAN_POINT('',(108.00000821031,5.531252368553,
    32.195789955949));
#9716 = CARTESIAN_POINT('',(106.54344089159,5.599434070543,
    32.424585997641));
#9717 = CARTESIAN_POINT('',(105.83512220334,5.633524902464,
    32.653382044012));
#9718 = CARTESIAN_POINT('',(105.16673486722,5.6676157649,32.992656830186
    ));
#9719 = CARTESIAN_POINT('',(104.55736920208,5.701706681721,
    33.434568317647));
#9720 = CARTESIAN_POINT('',(104.02435323231,5.735797639277,
    33.967585409331));
#9721 = CARTESIAN_POINT('',(103.58244525493,5.769888602253,
    34.576949285907));
#9722 = CARTESIAN_POINT('',(103.2431749409,5.803979539595,
    35.245332594378));
#9723 = CARTESIAN_POINT('',(103.0143826318,5.838070445539,
    35.953646689034));
#9724 = CARTESIAN_POINT('',(102.67119399832,5.940343128766,
    38.138487971371));
#9725 = CARTESIAN_POINT('',(103.3575722695,6.042615811991,
    40.323329095966));
#9726 = CARTESIAN_POINT('',(104.27274540663,6.110797798285,
    41.620162050805));
#9727 = CARTESIAN_POINT('',(105.58276718563,6.178979334957,
    42.597538785655));
#9728 = CARTESIAN_POINT('',(107.16231877549,6.247163086151,
    43.123896392761));
#9729 = CARTESIAN_POINT('',(108.83773870879,6.31534052157,
    43.123842936662));
#9730 = CARTESIAN_POINT('',(110.4172604616,6.383524248267,
    42.597530790427));
#9731 = CARTESIAN_POINT('',(111.72708059674,6.451710307502,
    41.620186571054));
#9732 = CARTESIAN_POINT('',(112.64251063944,6.519886678517,
    40.323329842047));
#9733 = CARTESIAN_POINT('',(113.10001845097,6.58807037269,
    38.866763550656));
#9734 = CARTESIAN_POINT('',(113.10002030062,6.656252406248,
    37.410207727267));
#9735 = ORIENTED_EDGE('',*,*,#8773,.T.);
#9736 = ORIENTED_EDGE('',*,*,#9123,.T.);
#9737 = ORIENTED_EDGE('',*,*,#9423,.F.);
#9738 = B_SPLINE_SURFACE_WITH_KNOTS('',1,9,(
    (#9739,#9740,#9741,#9742,#9743,#9744,#9745,#9746,#9747,#9748,#9749
      ,#9750,#9751,#9752,#9753,#9754,#9755,#9756,#9757,#9758,#9759,#9760
      ,#9761,#9762,#9763,#9764,#9765,#9766,#9767,#9768,#9769)
    ,(#9770,#9771,#9772,#9773,#9774,#9775,#9776,#9777,#9778,#9779,#9780
      ,#9781,#9782,#9783,#9784,#9785,#9786,#9787,#9788,#9789,#9790,#9791
      ,#9792,#9793,#9794,#9795,#9796,#9797,#9798,#9799,#9800
  )),.UNSPECIFIED.,.F.,.F.,.F.,(2,2),(10,7,7,7,10),(0.,1.3105),(0.,
    1.614938419963,3.229876839926,4.844815259889,6.459753679852),
  .UNSPECIFIED.);
#9739 = CARTESIAN_POINT('',(113.10001740054,5.156252062468,
    37.410207710852));
#9740 = CARTESIAN_POINT('',(113.10001852802,5.197918860749,
    36.520090263225));
#9741 = CARTESIAN_POINT('',(112.92528839679,5.23958629328,
    35.629968374175));
#9742 = CARTESIAN_POINT('',(112.57568705238,5.281252175429,
    34.779053700434));
#9743 = CARTESIAN_POINT('',(112.06161654736,5.322918456045,
    34.006603934708));
#9744 = CARTESIAN_POINT('',(111.40359353077,5.364585320962,
    33.348570659343));
#9745 = CARTESIAN_POINT('',(110.63114008111,5.406252185269,
    32.834514942379));
#9746 = CARTESIAN_POINT('',(109.7802459793,5.447918988766,32.48496405641
    ));
#9747 = CARTESIAN_POINT('',(108.0000093966,5.531252388558,
    32.135413082025));
#9748 = CARTESIAN_POINT('',(106.2197590779,5.614585556716,
    32.484962753081));
#9749 = CARTESIAN_POINT('',(105.36885180723,5.656252119865,
    32.834512235505));
#9750 = CARTESIAN_POINT('',(104.59638155368,5.697918779682,
    33.348571740354));
#9751 = CARTESIAN_POINT('',(103.93835609547,5.739585527003,
    34.006598860347));
#9752 = CARTESIAN_POINT('',(103.42430216075,5.781252265537,
    34.779065559721));
#9753 = CARTESIAN_POINT('',(103.07475841921,5.822918936913,
    35.629966497598));
#9754 = CARTESIAN_POINT('',(102.72521437247,5.906252234357,
    37.410207553175));
#9755 = CARTESIAN_POINT('',(103.07475896471,5.9895855318,39.190448501645
    ));
#9756 = CARTESIAN_POINT('',(103.42430266664,6.031252203176,
    40.041349261609));
#9757 = CARTESIAN_POINT('',(103.93835508772,6.07291894171,
    40.813816298883));
#9758 = CARTESIAN_POINT('',(104.59637978704,6.114585689032,
    41.471844684978));
#9759 = CARTESIAN_POINT('',(105.36885085122,6.156252348848,
    41.985904696355));
#9760 = CARTESIAN_POINT('',(106.21975874163,6.197918911997,
    42.335452509148));
#9761 = CARTESIAN_POINT('',(108.00000920578,6.281252080157,
    42.684999596774));
#9762 = CARTESIAN_POINT('',(109.78024564303,6.364585479948,
    42.335449724299));
#9763 = CARTESIAN_POINT('',(110.63114036947,6.406252283415,
    41.985901135554));
#9764 = CARTESIAN_POINT('',(111.40359357375,6.447919147835,
    41.471848083258));
#9765 = CARTESIAN_POINT('',(112.06162410541,6.489586012563,
    40.813819059433));
#9766 = CARTESIAN_POINT('',(112.57568859842,6.531252293358,
    40.04135560898));
#9767 = CARTESIAN_POINT('',(112.92527617949,6.572918175413,
    39.190446620715));
#9768 = CARTESIAN_POINT('',(113.10001917028,6.614585607963,
    38.300325174894));
#9769 = CARTESIAN_POINT('',(113.10002030062,6.656252406248,
    37.410207727267));
#9770 = CARTESIAN_POINT('',(111.96510462226,4.50097865715,
    37.410206593331));
#9771 = CARTESIAN_POINT('',(111.96510641702,4.542643961987,
    36.718125920923));
#9772 = CARTESIAN_POINT('',(111.82925712215,4.58430270416,
    36.026158687507));
#9773 = CARTESIAN_POINT('',(111.55748355966,4.625977488771,
    35.36459250387));
#9774 = CARTESIAN_POINT('',(111.15777499102,4.667648148825,
    34.76399113834));
#9775 = CARTESIAN_POINT('',(110.64617635545,4.709312765334,
    34.252414645497));
#9776 = CARTESIAN_POINT('',(110.04562504187,4.750977386344,
    33.85274546746));
#9777 = CARTESIAN_POINT('',(109.38408486205,4.792642637411,
    33.580981766372));
#9778 = CARTESIAN_POINT('',(108.00000845938,4.875975283104,
    33.309216430154));
#9779 = CARTESIAN_POINT('',(106.61591449413,4.959310325485,
    33.580982431947));
#9780 = CARTESIAN_POINT('',(105.95435711823,5.000978063247,
    33.852748536315));
#9781 = CARTESIAN_POINT('',(105.35378890223,5.0426448008,34.252415669713
    ));
#9782 = CARTESIAN_POINT('',(104.84219912233,5.08431063292,
    34.764007182489));
#9783 = CARTESIAN_POINT('',(104.44253846174,5.125976555984,
    35.36457031972));
#9784 = CARTESIAN_POINT('',(104.17077774867,5.167643173925,
    36.02612070416));
#9785 = CARTESIAN_POINT('',(103.89901768394,5.250976878609,
    37.410208845024));
#9786 = CARTESIAN_POINT('',(104.17077962084,5.334310583293,
    38.794296618294));
#9787 = CARTESIAN_POINT('',(104.44254069516,5.375977201233,
    39.455846509346));
#9788 = CARTESIAN_POINT('',(104.84219905842,5.417643124299,
    40.056409986139));
#9789 = CARTESIAN_POINT('',(105.35378782386,5.459308956419,
    40.568003414508));
#9790 = CARTESIAN_POINT('',(105.95435774079,5.50097569397,40.96767105597
    ));
#9791 = CARTESIAN_POINT('',(106.61591639505,5.54264343173,
    41.239433762415));
#9792 = CARTESIAN_POINT('',(108.00001079602,5.625978474116,
    41.511194271393));
#9793 = CARTESIAN_POINT('',(109.38408676297,5.709311119809,
    41.23942998982));
#9794 = CARTESIAN_POINT('',(110.04562787519,5.750976370823,
    40.967669938411));
#9795 = CARTESIAN_POINT('',(110.64617849209,5.792640992034,
    40.568005102641));
#9796 = CARTESIAN_POINT('',(111.15779014529,5.834305608205,
    40.056435829423));
#9797 = CARTESIAN_POINT('',(111.55748764112,5.875976268572,
    39.45580989058));
#9798 = CARTESIAN_POINT('',(111.8292363197,5.917651053022,
    38.794253630482));
#9799 = CARTESIAN_POINT('',(111.9651080095,5.959309795229,38.1022870959)
  );
#9800 = CARTESIAN_POINT('',(111.96510977463,6.000975100073,
    37.410206423493));
#9801 = ADVANCED_FACE('',(#9802),#9812,.F.);
#9802 = FACE_BOUND('',#9803,.F.);
#9803 = EDGE_LOOP('',(#9804,#9805,#9806,#9807));
#9804 = ORIENTED_EDGE('',*,*,#9602,.F.);
#9805 = ORIENTED_EDGE('',*,*,#8882,.T.);
#9806 = ORIENTED_EDGE('',*,*,#9703,.T.);
#9807 = ORIENTED_EDGE('',*,*,#9808,.F.);
#9808 = EDGE_CURVE('',#9523,#9398,#9809,.T.);
#9809 = B_SPLINE_CURVE_WITH_KNOTS('',1,(#9810,#9811),.UNSPECIFIED.,.F.,
  .F.,(2,2),(0.,0.1875),.PIECEWISE_BEZIER_KNOTS.);
#9810 = CARTESIAN_POINT('',(113.10001578936,6.843752406193,
    37.410207727264));
#9811 = CARTESIAN_POINT('',(113.10002030062,6.656252406248,
    37.410207727267));
#9812 = B_SPLINE_SURFACE_WITH_KNOTS('',1,11,(
    (#9813,#9814,#9815,#9816,#9817,#9818,#9819,#9820,#9821,#9822,#9823
      ,#9824,#9825,#9826,#9827,#9828,#9829,#9830,#9831,#9832,#9833,#9834
      ,#9835,#9836,#9837,#9838,#9839,#9840,#9841,#9842)
    ,(#9843,#9844,#9845,#9846,#9847,#9848,#9849,#9850,#9851,#9852,#9853
      ,#9854,#9855,#9856,#9857,#9858,#9859,#9860,#9861,#9862,#9863,#9864
      ,#9865,#9866,#9867,#9868,#9869,#9870,#9871,#9872
  )),.UNSPECIFIED.,.F.,.F.,.F.,(2,2),(12,9,9,12),(0.,0.1875),(0.,
    1.614938419963,3.229876839926,6.459753679852),.UNSPECIFIED.);
#9813 = CARTESIAN_POINT('',(113.10001353374,5.343752062428,
    37.410207710851));
#9814 = CARTESIAN_POINT('',(113.10001425436,5.377843079199,
    36.681930397218));
#9815 = CARTESIAN_POINT('',(112.9856447467,5.411934511099,
    35.953650208461));
#9816 = CARTESIAN_POINT('',(112.75683586693,5.446025245995,
    35.245329697244));
#9817 = CARTESIAN_POINT('',(112.41754056008,5.480115749929,
    34.576947746177));
#9818 = CARTESIAN_POINT('',(111.97562033033,5.514206459068,
    33.967588114269));
#9819 = CARTESIAN_POINT('',(111.44260569996,5.548297423997,
    33.434572419684));
#9820 = CARTESIAN_POINT('',(110.8332497491,5.58238848833,32.992661399291
    ));
#9821 = CARTESIAN_POINT('',(110.16487476667,5.616479526932,
    32.653387977365));
#9822 = CARTESIAN_POINT('',(109.45656533041,5.650570514897,
    32.424591346681));
#9823 = CARTESIAN_POINT('',(108.00000821056,5.718752368501,
    32.195794486457));
#9824 = CARTESIAN_POINT('',(106.54344207657,5.786934070495,
    32.424590132098));
#9825 = CARTESIAN_POINT('',(105.83512393163,5.82102490242,
    32.653385850307));
#9826 = CARTESIAN_POINT('',(105.16673708181,5.855115764857,
    32.992660297535));
#9827 = CARTESIAN_POINT('',(104.55737189133,5.889206681679,
    33.434571461876));
#9828 = CARTESIAN_POINT('',(104.02435640942,5.923297639232,
    33.967588194271));
#9829 = CARTESIAN_POINT('',(103.58244888905,5.957388602206,
    34.576951620857));
#9830 = CARTESIAN_POINT('',(103.24317891482,5.991479539547,
    35.245334385215));
#9831 = CARTESIAN_POINT('',(103.01438678322,6.025570445491,
    35.953647885226));
#9832 = CARTESIAN_POINT('',(102.67119834708,6.12784312872,
    38.138487359737));
#9833 = CARTESIAN_POINT('',(103.35757596996,6.230115811946,
    40.323326716344));
#9834 = CARTESIAN_POINT('',(104.27274794927,6.29829779824,
    41.620158059143));
#9835 = CARTESIAN_POINT('',(105.58277226825,6.366479334894,42.5975377133
    ));
#9836 = CARTESIAN_POINT('',(107.1623153506,6.434663086079,
    43.123881219284));
#9837 = CARTESIAN_POINT('',(108.83773861352,6.50284052157,
    43.123854428131));
#9838 = CARTESIAN_POINT('',(110.41726387248,6.571024248302,
    42.597515489817));
#9839 = CARTESIAN_POINT('',(111.72706994918,6.639210307282,
    41.620185630627));
#9840 = CARTESIAN_POINT('',(112.64251039551,6.707386678556,
    40.323327575469));
#9841 = CARTESIAN_POINT('',(113.10001434346,6.775570372646,
    38.866762354529));
#9842 = CARTESIAN_POINT('',(113.10001578936,6.843752406193,
    37.410207727264));
#9843 = CARTESIAN_POINT('',(113.10001740054,5.156252062468,
    37.410207710852));
#9844 = CARTESIAN_POINT('',(113.10001832302,5.190343079243,
    36.681929799157));
#9845 = CARTESIAN_POINT('',(112.98564969435,5.224434511164,
    35.95364898035));
#9846 = CARTESIAN_POINT('',(112.75684026498,5.258525246054,
    35.245327552398));
#9847 = CARTESIAN_POINT('',(112.41754391531,5.292615749974,
    34.57694539066));
#9848 = CARTESIAN_POINT('',(111.9756230892,5.326706459094,
    33.967585726099));
#9849 = CARTESIAN_POINT('',(111.44260827172,5.360797424038,
    33.434569604091));
#9850 = CARTESIAN_POINT('',(110.83325204169,5.394888488371,
    32.992657937656));
#9851 = CARTESIAN_POINT('',(110.16487652433,5.428979526979,
    32.653384026331));
#9852 = CARTESIAN_POINT('',(109.45656653819,5.463070514948,
    32.424587064001));
#9853 = CARTESIAN_POINT('',(108.00000821031,5.531252368553,
    32.195789955949));
#9854 = CARTESIAN_POINT('',(106.54344089159,5.599434070543,
    32.424585997641));
#9855 = CARTESIAN_POINT('',(105.83512220334,5.633524902464,
    32.653382044012));
#9856 = CARTESIAN_POINT('',(105.16673486722,5.6676157649,32.992656830186
    ));
#9857 = CARTESIAN_POINT('',(104.55736920208,5.701706681721,
    33.434568317647));
#9858 = CARTESIAN_POINT('',(104.02435323231,5.735797639277,
    33.967585409331));
#9859 = CARTESIAN_POINT('',(103.58244525493,5.769888602253,
    34.576949285907));
#9860 = CARTESIAN_POINT('',(103.2431749409,5.803979539595,
    35.245332594378));
#9861 = CARTESIAN_POINT('',(103.0143826318,5.838070445539,
    35.953646689034));
#9862 = CARTESIAN_POINT('',(102.67119399832,5.940343128766,
    38.138487971371));
#9863 = CARTESIAN_POINT('',(103.3575722695,6.042615811991,
    40.323329095966));
#9864 = CARTESIAN_POINT('',(104.27274540663,6.110797798285,
    41.620162050805));
#9865 = CARTESIAN_POINT('',(105.58276718563,6.178979334957,
    42.597538785655));
#9866 = CARTESIAN_POINT('',(107.16231877549,6.247163086151,
    43.123896392761));
#9867 = CARTESIAN_POINT('',(108.83773870879,6.31534052157,
    43.123842936662));
#9868 = CARTESIAN_POINT('',(110.4172604616,6.383524248267,
    42.597530790427));
#9869 = CARTESIAN_POINT('',(111.72708059674,6.451710307502,
    41.620186571054));
#9870 = CARTESIAN_POINT('',(112.64251063944,6.519886678517,
    40.323329842047));
#9871 = CARTESIAN_POINT('',(113.10001845097,6.58807037269,
    38.866763550656));
#9872 = CARTESIAN_POINT('',(113.10002030062,6.656252406248,
    37.410207727267));
#9873 = ADVANCED_FACE('',(#9874),#9880,.F.);
#9874 = FACE_BOUND('',#9875,.F.);
#9875 = EDGE_LOOP('',(#9876,#9877,#9878,#9879));
#9876 = ORIENTED_EDGE('',*,*,#9529,.F.);
#9877 = ORIENTED_EDGE('',*,*,#9808,.T.);
#9878 = ORIENTED_EDGE('',*,*,#9397,.T.);
#9879 = ORIENTED_EDGE('',*,*,#9507,.F.);
#9880 = B_SPLINE_SURFACE_WITH_KNOTS('',1,10,(
    (#9881,#9882,#9883,#9884,#9885,#9886,#9887,#9888,#9889,#9890,#9891
      ,#9892,#9893,#9894,#9895,#9896,#9897,#9898,#9899)
    ,(#9900,#9901,#9902,#9903,#9904,#9905,#9906,#9907,#9908,#9909,#9910
      ,#9911,#9912,#9913,#9914,#9915,#9916,#9917,#9918
  )),.UNSPECIFIED.,.F.,.F.,.F.,(2,2),(11,8,11),(0.,0.1875),(0.,
    2.556985831608,5.113971663216),.UNSPECIFIED.);
#9881 = CARTESIAN_POINT('',(113.10001578936,6.843752406193,
    37.410207727264));
#9882 = CARTESIAN_POINT('',(113.10000202407,6.90312530393,
    36.141789300254));
#9883 = CARTESIAN_POINT('',(112.74954316388,6.96250353345,34.87332740815
    ));
#9884 = CARTESIAN_POINT('',(112.04837932742,7.021876811071,
    33.713953994613));
#9885 = CARTESIAN_POINT('',(111.03562558502,7.081250459881,
    32.772440958724));
#9886 = CARTESIAN_POINT('',(109.78842004214,7.140628021135,
    32.141728962488));
#9887 = CARTESIAN_POINT('',(108.41499459841,7.200001848376,
    31.882832913009));
#9888 = CARTESIAN_POINT('',(107.03830493921,7.259376853711,
    32.013204834382));
#9889 = CARTESIAN_POINT('',(105.77630213604,7.318751751801,
    32.506294359844));
#9890 = CARTESIAN_POINT('',(103.67580244727,7.437501887431,
    34.092133982766));
#9891 = CARTESIAN_POINT('',(102.68764661763,7.556252023062,
    36.531505686405));
#9892 = CARTESIAN_POINT('',(102.53798850975,7.615626920844,
    37.878125945288));
#9893 = CARTESIAN_POINT('',(102.76837913549,7.67500192777,
    39.241665604337));
#9894 = CARTESIAN_POINT('',(103.3739261095,7.734375751233,
    40.501240363099));
#9895 = CARTESIAN_POINT('',(104.30591591734,7.793753317799,
    41.542768613056));
#9896 = CARTESIAN_POINT('',(105.47751364149,7.853126961867,
    42.277298046521));
#9897 = CARTESIAN_POINT('',(106.77882085977,7.912500242154,
    42.65448754688));
#9898 = CARTESIAN_POINT('',(108.09478484023,7.971878470806,
    42.664742173164));
#9899 = CARTESIAN_POINT('',(109.3199793915,8.031251368686,
    42.336438018917));
#9900 = CARTESIAN_POINT('',(113.10002030062,6.656252406248,
    37.410207727267));
#9901 = CARTESIAN_POINT('',(113.1000025942,6.71562530389,36.141788420239
    ));
#9902 = CARTESIAN_POINT('',(112.74954961147,6.775003533648,
    34.873326736757));
#9903 = CARTESIAN_POINT('',(112.04838190172,6.834376810827,
    33.713948095151));
#9904 = CARTESIAN_POINT('',(111.03562445393,6.893750460266,
    32.77244201996));
#9905 = CARTESIAN_POINT('',(109.78842521438,6.953128020852,
    32.141722974567));
#9906 = CARTESIAN_POINT('',(108.41499273557,7.012501848591,
    31.882828963831));
#9907 = CARTESIAN_POINT('',(107.03830469258,7.0718768537,32.013201288709
    ));
#9908 = CARTESIAN_POINT('',(105.77630074687,7.13125175183,
    32.506291151911));
#9909 = CARTESIAN_POINT('',(103.67579945026,7.250001887464,
    34.092131676039));
#9910 = CARTESIAN_POINT('',(102.68764270369,7.368752023101,
    36.531504978588));
#9911 = CARTESIAN_POINT('',(102.5379844186,7.428126920833,
    37.878125915242));
#9912 = CARTESIAN_POINT('',(102.76837617252,7.48750192799,
    39.241668922776));
#9913 = CARTESIAN_POINT('',(103.37392413412,7.546875750868,
    40.501238107135));
#9914 = CARTESIAN_POINT('',(104.30591005971,7.606253318288,
    41.54277571528));
#9915 = CARTESIAN_POINT('',(105.47751517267,7.665626961626,
    42.277300786992));
#9916 = CARTESIAN_POINT('',(106.77881814464,7.725000242236,
    42.654488422982));
#9917 = CARTESIAN_POINT('',(108.09478567442,7.784378470878,
    42.664748686491));
#9918 = CARTESIAN_POINT('',(109.31998005568,7.843751368704,
    42.336440497648));
#9919 = ( GEOMETRIC_REPRESENTATION_CONTEXT(3) 
GLOBAL_UNCERTAINTY_ASSIGNED_CONTEXT((#9923)) 
GLOBAL_UNIT_ASSIGNED_CONTEXT((#9920,#9921,#9922)) REPRESENTATION_CONTEXT
('Context #1','3D Context with UNIT and UNCERTAINTY') );
#9920 = ( LENGTH_UNIT() NAMED_UNIT(*) SI_UNIT(.MILLI.,.METRE.) );
#9921 = ( NAMED_UNIT(*) PLANE_ANGLE_UNIT() SI_UNIT($,.RADIAN.) );
#9922 = ( NAMED_UNIT(*) SI_UNIT($,.STERADIAN.) SOLID_ANGLE_UNIT() );
#9923 = UNCERTAINTY_MEASURE_WITH_UNIT(LENGTH_MEASURE(1.E-05),#9920,
  'distance_accuracy_value','confusion accuracy');
#9924 = PRODUCT_RELATED_PRODUCT_CATEGORY('part',$,(#7));
ENDSEC;
END-ISO-10303-21;
