ISO-10303-21;
HEADER;
FILE_DESCRIPTION(('FreeCAD Model'),'2;1');
FILE_NAME('Open CASCADE Shape Model','2026-08-28T13:04:04',('FreeCAD'),(
    'FreeCAD'),'Open CASCADE STEP processor 7.8','FreeCAD','Unknown');
FILE_SCHEMA(('AUTOMOTIVE_DESIGN { 1 0 10303 214 1 1 1 1 }'));
ENDSEC;
DATA;
#1 = APPLICATION_PROTOCOL_DEFINITION('international standard',
  'automotive_design',2000,#2);
#2 = APPLICATION_CONTEXT(
  'core data for automotive mechanical design processes');
#3 = SHAPE_DEFINITION_REPRESENTATION(#4,#10);
#4 = PRODUCT_DEFINITION_SHAPE('','',#5);
#5 = PRODUCT_DEFINITION('design','',#6,#9);
#6 = PRODUCT_DEFINITION_FORMATION('','',#7);
#7 = PRODUCT('Open CASCADE STEP translator 7.8 40',
  'Open CASCADE STEP translator 7.8 40','',(#8));
#8 = PRODUCT_CONTEXT('',#2,'mechanical');
#9 = PRODUCT_DEFINITION_CONTEXT('part definition',#2,'design');
#10 = ADVANCED_BREP_SHAPE_REPRESENTATION('',(#11,#15),#4553);
#11 = AXIS2_PLACEMENT_3D('',#12,#13,#14);
#12 = CARTESIAN_POINT('',(0.,0.,0.));
#13 = DIRECTION('',(0.,0.,1.));
#14 = DIRECTION('',(1.,0.,-0.));
#15 = MANIFOLD_SOLID_BREP('',#16);
#16 = CLOSED_SHELL('',(#17,#841,#872,#897,#921,#945,#970,#1001,#1025,
    #1049,#1073,#1097,#1121,#1152,#1176,#1200,#1232,#1256,#1280,#1304,
    #1328,#1352,#1377,#1409,#1433,#1457,#1482,#1506,#1530,#1554,#1579,
    #1604,#1628,#1652,#1677,#1702,#1726,#1750,#1774,#1799,#1823,#1847,
    #1865,#1899,#1933,#1958,#1992,#2026,#2060,#2094,#2128,#2153,#2187,
    #2221,#2255,#2289,#2323,#2357,#2391,#2425,#2459,#2493,#2527,#2561,
    #2595,#2629,#2663,#2697,#2731,#2765,#2790,#2824,#2858,#2892,#2926,
    #2960,#2994,#3019,#3053,#3078,#3112,#3146,#3180,#3214,#3248,#3313,
    #3343,#3360,#3803,#3821,#3839,#3856,#3874,#3892,#3910,#3928,#3946,
    #3963,#3981,#3999,#4017,#4035,#4053,#4071,#4089,#4107,#4125,#4143,
    #4161,#4179,#4197,#4215,#4233,#4251,#4269,#4287,#4304,#4322,#4340,
    #4358,#4376,#4394,#4412,#4430,#4447,#4465,#4483,#4501,#4519,#4537));
#17 = ADVANCED_FACE('',(#18,#374,#385,#396,#407,#418,#429,#440,#451,#462
    ,#473,#484,#495,#506,#517,#528,#539,#550,#561,#572,#583,#594,#605,
    #616,#627,#638,#649,#660,#671,#682,#693,#704,#715,#726,#737,#748,
    #759,#770,#781,#792,#803,#814,#825),#836,.F.);
#18 = FACE_BOUND('',#19,.F.);
#19 = EDGE_LOOP('',(#20,#30,#39,#47,#56,#64,#72,#80,#88,#96,#104,#112,
    #120,#128,#136,#144,#152,#161,#169,#178,#186,#195,#203,#212,#220,
    #228,#236,#245,#253,#262,#270,#279,#287,#296,#304,#312,#320,#328,
    #336,#344,#352,#360,#368));
#20 = ORIENTED_EDGE('',*,*,#21,.T.);
#21 = EDGE_CURVE('',#22,#24,#26,.T.);
#22 = VERTEX_POINT('',#23);
#23 = CARTESIAN_POINT('',(-168.7534627841,33.408942475508,0.));
#24 = VERTEX_POINT('',#25);
#25 = CARTESIAN_POINT('',(-184.7534627841,33.408942475508,0.));
#26 = LINE('',#27,#28);
#27 = CARTESIAN_POINT('',(-168.7534627841,33.408942475508,0.));
#28 = VECTOR('',#29,1.);
#29 = DIRECTION('',(-1.,0.,0.));
#30 = ORIENTED_EDGE('',*,*,#31,.T.);
#31 = EDGE_CURVE('',#24,#32,#34,.T.);
#32 = VERTEX_POINT('',#33);
#33 = CARTESIAN_POINT('',(-188.7534627841,29.408942475508,0.));
#34 = CIRCLE('',#35,4.);
#35 = AXIS2_PLACEMENT_3D('',#36,#37,#38);
#36 = CARTESIAN_POINT('',(-184.7534627841,29.408942475508,0.));
#37 = DIRECTION('',(-0.,0.,1.));
#38 = DIRECTION('',(0.,-1.,0.));
#39 = ORIENTED_EDGE('',*,*,#40,.T.);
#40 = EDGE_CURVE('',#32,#41,#43,.T.);
#41 = VERTEX_POINT('',#42);
#42 = CARTESIAN_POINT('',(-188.7534627841,-29.4089424755,0.));
#43 = LINE('',#44,#45);
#44 = CARTESIAN_POINT('',(-188.7534627841,33.408942475508,0.));
#45 = VECTOR('',#46,1.);
#46 = DIRECTION('',(0.,-1.,0.));
#47 = ORIENTED_EDGE('',*,*,#48,.T.);
#48 = EDGE_CURVE('',#41,#49,#51,.T.);
#49 = VERTEX_POINT('',#50);
#50 = CARTESIAN_POINT('',(-184.7534627841,-33.4089424755,0.));
#51 = CIRCLE('',#52,4.);
#52 = AXIS2_PLACEMENT_3D('',#53,#54,#55);
#53 = CARTESIAN_POINT('',(-184.7534627841,-29.4089424755,0.));
#54 = DIRECTION('',(-0.,0.,1.));
#55 = DIRECTION('',(0.,-1.,0.));
#56 = ORIENTED_EDGE('',*,*,#57,.F.);
#57 = EDGE_CURVE('',#58,#49,#60,.T.);
#58 = VERTEX_POINT('',#59);
#59 = CARTESIAN_POINT('',(-168.7534627841,-33.4089424755,0.));
#60 = LINE('',#61,#62);
#61 = CARTESIAN_POINT('',(-168.7534627841,-33.4089424755,0.));
#62 = VECTOR('',#63,1.);
#63 = DIRECTION('',(-1.,0.,0.));
#64 = ORIENTED_EDGE('',*,*,#65,.T.);
#65 = EDGE_CURVE('',#58,#66,#68,.T.);
#66 = VERTEX_POINT('',#67);
#67 = CARTESIAN_POINT('',(-165.7804511631,-33.8119213836,0.));
#68 = LINE('',#69,#70);
#69 = CARTESIAN_POINT('',(-168.7534627841,-33.4089424755,0.));
#70 = VECTOR('',#71,1.);
#71 = DIRECTION('',(0.990938358348,-0.134317422379,0.));
#72 = ORIENTED_EDGE('',*,*,#73,.T.);
#73 = EDGE_CURVE('',#66,#74,#76,.T.);
#74 = VERTEX_POINT('',#75);
#75 = CARTESIAN_POINT('',(-165.7804511631,-24.,0.));
#76 = LINE('',#77,#78);
#77 = CARTESIAN_POINT('',(-165.7804511631,-33.8119213836,0.));
#78 = VECTOR('',#79,1.);
#79 = DIRECTION('',(0.,1.,0.));
#80 = ORIENTED_EDGE('',*,*,#81,.T.);
#81 = EDGE_CURVE('',#74,#82,#84,.T.);
#82 = VERTEX_POINT('',#83);
#83 = CARTESIAN_POINT('',(-158.4062303326,-24.,0.));
#84 = LINE('',#85,#86);
#85 = CARTESIAN_POINT('',(-165.7804511631,-24.,0.));
#86 = VECTOR('',#87,1.);
#87 = DIRECTION('',(1.,0.,0.));
#88 = ORIENTED_EDGE('',*,*,#89,.T.);
#89 = EDGE_CURVE('',#82,#90,#92,.T.);
#90 = VERTEX_POINT('',#91);
#91 = CARTESIAN_POINT('',(-158.4062303326,-20.,0.));
#92 = LINE('',#93,#94);
#93 = CARTESIAN_POINT('',(-158.4062303326,-24.,0.));
#94 = VECTOR('',#95,1.);
#95 = DIRECTION('',(0.,1.,0.));
#96 = ORIENTED_EDGE('',*,*,#97,.T.);
#97 = EDGE_CURVE('',#90,#98,#100,.T.);
#98 = VERTEX_POINT('',#99);
#99 = CARTESIAN_POINT('',(-132.2528574806,-20.,0.));
#100 = LINE('',#101,#102);
#101 = CARTESIAN_POINT('',(-142.8295439066,-20.,0.));
#102 = VECTOR('',#103,1.);
#103 = DIRECTION('',(1.,0.,0.));
#104 = ORIENTED_EDGE('',*,*,#105,.T.);
#105 = EDGE_CURVE('',#98,#106,#108,.T.);
#106 = VERTEX_POINT('',#107);
#107 = CARTESIAN_POINT('',(-132.2528574806,-24.,0.));
#108 = LINE('',#109,#110);
#109 = CARTESIAN_POINT('',(-132.2528574806,-20.,0.));
#110 = VECTOR('',#111,1.);
#111 = DIRECTION('',(0.,-1.,0.));
#112 = ORIENTED_EDGE('',*,*,#113,.T.);
#113 = EDGE_CURVE('',#106,#114,#116,.T.);
#114 = VERTEX_POINT('',#115);
#115 = CARTESIAN_POINT('',(-124.7701933415,-24.,0.));
#116 = LINE('',#117,#118);
#117 = CARTESIAN_POINT('',(-132.2528574806,-24.,0.));
#118 = VECTOR('',#119,1.);
#119 = DIRECTION('',(1.,0.,0.));
#120 = ORIENTED_EDGE('',*,*,#121,.F.);
#121 = EDGE_CURVE('',#122,#114,#124,.T.);
#122 = VERTEX_POINT('',#123);
#123 = CARTESIAN_POINT('',(-124.8266644074,-30.,0.));
#124 = LINE('',#125,#126);
#125 = CARTESIAN_POINT('',(-124.8266644074,-30.,0.));
#126 = VECTOR('',#127,1.);
#127 = DIRECTION('',(9.411427477004E-03,0.999955711536,0.));
#128 = ORIENTED_EDGE('',*,*,#129,.F.);
#129 = EDGE_CURVE('',#130,#122,#132,.T.);
#130 = VERTEX_POINT('',#131);
#131 = CARTESIAN_POINT('',(-124.8266644074,-39.52657495999,0.));
#132 = LINE('',#133,#134);
#133 = CARTESIAN_POINT('',(-124.8266644074,-39.52657495999,0.));
#134 = VECTOR('',#135,1.);
#135 = DIRECTION('',(0.,1.,0.));
#136 = ORIENTED_EDGE('',*,*,#137,.T.);
#137 = EDGE_CURVE('',#130,#138,#140,.T.);
#138 = VERTEX_POINT('',#139);
#139 = CARTESIAN_POINT('',(-83.20934407049,-45.00407902825,0.));
#140 = LINE('',#141,#142);
#141 = CARTESIAN_POINT('',(-124.8266644074,-39.52657495999,0.));
#142 = VECTOR('',#143,1.);
#143 = DIRECTION('',(0.991449547077,-0.130490595829,0.));
#144 = ORIENTED_EDGE('',*,*,#145,.T.);
#145 = EDGE_CURVE('',#138,#146,#148,.T.);
#146 = VERTEX_POINT('',#147);
#147 = CARTESIAN_POINT('',(-62.15645185049,-45.00407902825,0.));
#148 = LINE('',#149,#150);
#149 = CARTESIAN_POINT('',(-83.20934407049,-45.00407902825,0.));
#150 = VECTOR('',#151,1.);
#151 = DIRECTION('',(1.,0.,0.));
#152 = ORIENTED_EDGE('',*,*,#153,.T.);
#153 = EDGE_CURVE('',#146,#154,#156,.T.);
#154 = VERTEX_POINT('',#155);
#155 = CARTESIAN_POINT('',(-55.69682929689,-38.54445647464,0.));
#156 = CIRCLE('',#157,6.459622553608);
#157 = AXIS2_PLACEMENT_3D('',#158,#159,#160);
#158 = CARTESIAN_POINT('',(-62.15645185049,-38.54445647464,0.));
#159 = DIRECTION('',(0.,0.,1.));
#160 = DIRECTION('',(1.,0.,0.));
#161 = ORIENTED_EDGE('',*,*,#162,.F.);
#162 = EDGE_CURVE('',#163,#154,#165,.T.);
#163 = VERTEX_POINT('',#164);
#164 = CARTESIAN_POINT('',(-55.69682929689,-25.98941353486,0.));
#165 = LINE('',#166,#167);
#166 = CARTESIAN_POINT('',(-55.69682929689,-25.98941353486,0.));
#167 = VECTOR('',#168,1.);
#168 = DIRECTION('',(0.,-1.,0.));
#169 = ORIENTED_EDGE('',*,*,#170,.F.);
#170 = EDGE_CURVE('',#171,#163,#173,.T.);
#171 = VERTEX_POINT('',#172);
#172 = CARTESIAN_POINT('',(-49.70598188521,-19.99856612318,0.));
#173 = CIRCLE('',#174,5.990847411675);
#174 = AXIS2_PLACEMENT_3D('',#175,#176,#177);
#175 = CARTESIAN_POINT('',(-49.70598188521,-25.98941353486,0.));
#176 = DIRECTION('',(0.,0.,1.));
#177 = DIRECTION('',(1.,0.,0.));
#178 = ORIENTED_EDGE('',*,*,#179,.F.);
#179 = EDGE_CURVE('',#180,#171,#182,.T.);
#180 = VERTEX_POINT('',#181);
#181 = CARTESIAN_POINT('',(50.033365172597,-19.99856612318,0.));
#182 = LINE('',#183,#184);
#183 = CARTESIAN_POINT('',(50.033365172597,-19.99856612318,0.));
#184 = VECTOR('',#185,1.);
#185 = DIRECTION('',(-1.,0.,0.));
#186 = ORIENTED_EDGE('',*,*,#187,.F.);
#187 = EDGE_CURVE('',#188,#180,#190,.T.);
#188 = VERTEX_POINT('',#189);
#189 = CARTESIAN_POINT('',(56.014021432854,-25.6401236744,0.));
#190 = CIRCLE('',#191,5.990847411675);
#191 = AXIS2_PLACEMENT_3D('',#192,#193,#194);
#192 = CARTESIAN_POINT('',(50.033365172597,-25.98941353486,0.));
#193 = DIRECTION('',(0.,0.,1.));
#194 = DIRECTION('',(1.,0.,0.));
#195 = ORIENTED_EDGE('',*,*,#196,.T.);
#196 = EDGE_CURVE('',#188,#197,#199,.T.);
#197 = VERTEX_POINT('',#198);
#198 = CARTESIAN_POINT('',(56.014021432854,-39.3143616744,0.));
#199 = LINE('',#200,#201);
#200 = CARTESIAN_POINT('',(56.014021432854,-25.6401236744,0.));
#201 = VECTOR('',#202,1.);
#202 = DIRECTION('',(0.,-1.,0.));
#203 = ORIENTED_EDGE('',*,*,#204,.T.);
#204 = EDGE_CURVE('',#197,#205,#207,.T.);
#205 = VERTEX_POINT('',#206);
#206 = CARTESIAN_POINT('',(61.708236999688,-45.,0.));
#207 = CIRCLE('',#208,5.685644785582);
#208 = AXIS2_PLACEMENT_3D('',#209,#210,#211);
#209 = CARTESIAN_POINT('',(61.699666218435,-39.3143616744,0.));
#210 = DIRECTION('',(0.,0.,1.));
#211 = DIRECTION('',(1.,0.,0.));
#212 = ORIENTED_EDGE('',*,*,#213,.T.);
#213 = EDGE_CURVE('',#205,#214,#216,.T.);
#214 = VERTEX_POINT('',#215);
#215 = CARTESIAN_POINT('',(172.71954883688,-45.,0.));
#216 = LINE('',#217,#218);
#217 = CARTESIAN_POINT('',(61.708236999688,-45.,0.));
#218 = VECTOR('',#219,1.);
#219 = DIRECTION('',(1.,0.,0.));
#220 = ORIENTED_EDGE('',*,*,#221,.F.);
#221 = EDGE_CURVE('',#222,#214,#224,.T.);
#222 = VERTEX_POINT('',#223);
#223 = CARTESIAN_POINT('',(172.71954883688,45.,0.));
#224 = LINE('',#225,#226);
#225 = CARTESIAN_POINT('',(172.71954883688,45.,0.));
#226 = VECTOR('',#227,1.);
#227 = DIRECTION('',(0.,-1.,0.));
#228 = ORIENTED_EDGE('',*,*,#229,.F.);
#229 = EDGE_CURVE('',#230,#222,#232,.T.);
#230 = VERTEX_POINT('',#231);
#231 = CARTESIAN_POINT('',(61.634873999688,45.,0.));
#232 = LINE('',#233,#234);
#233 = CARTESIAN_POINT('',(61.634873999688,45.,0.));
#234 = VECTOR('',#235,1.);
#235 = DIRECTION('',(1.,0.,0.));
#236 = ORIENTED_EDGE('',*,*,#237,.T.);
#237 = EDGE_CURVE('',#230,#238,#240,.T.);
#238 = VERTEX_POINT('',#239);
#239 = CARTESIAN_POINT('',(56.022555822026,39.315126,0.));
#240 = CIRCLE('',#241,5.685644785582);
#241 = AXIS2_PLACEMENT_3D('',#242,#243,#244);
#242 = CARTESIAN_POINT('',(61.708200599802,39.314828073178,0.));
#243 = DIRECTION('',(0.,0.,1.));
#244 = DIRECTION('',(1.,0.,0.));
#245 = ORIENTED_EDGE('',*,*,#246,.T.);
#246 = EDGE_CURVE('',#238,#247,#249,.T.);
#247 = VERTEX_POINT('',#248);
#248 = CARTESIAN_POINT('',(56.022555822026,25.640888,0.));
#249 = LINE('',#250,#251);
#250 = CARTESIAN_POINT('',(56.022555822026,39.315126,0.));
#251 = VECTOR('',#252,1.);
#252 = DIRECTION('',(0.,-1.,0.));
#253 = ORIENTED_EDGE('',*,*,#254,.F.);
#254 = EDGE_CURVE('',#255,#247,#257,.T.);
#255 = VERTEX_POINT('',#256);
#256 = CARTESIAN_POINT('',(50.031903464425,19.601697643119,0.));
#257 = CIRCLE('',#258,5.990847411675);
#258 = AXIS2_PLACEMENT_3D('',#259,#260,#261);
#259 = CARTESIAN_POINT('',(50.031903464425,25.592545054794,0.));
#260 = DIRECTION('',(0.,0.,1.));
#261 = DIRECTION('',(1.,0.,0.));
#262 = ORIENTED_EDGE('',*,*,#263,.F.);
#263 = EDGE_CURVE('',#264,#255,#266,.T.);
#264 = VERTEX_POINT('',#265);
#265 = CARTESIAN_POINT('',(-49.70598188521,19.601697643119,0.));
#266 = LINE('',#267,#268);
#267 = CARTESIAN_POINT('',(-49.70598188521,19.601697643119,0.));
#268 = VECTOR('',#269,1.);
#269 = DIRECTION('',(1.,0.,0.));
#270 = ORIENTED_EDGE('',*,*,#271,.F.);
#271 = EDGE_CURVE('',#272,#264,#274,.T.);
#272 = VERTEX_POINT('',#273);
#273 = CARTESIAN_POINT('',(-55.69682929689,25.592545054794,0.));
#274 = CIRCLE('',#275,5.990847411675);
#275 = AXIS2_PLACEMENT_3D('',#276,#277,#278);
#276 = CARTESIAN_POINT('',(-49.70598188521,25.592545054794,0.));
#277 = DIRECTION('',(0.,0.,1.));
#278 = DIRECTION('',(1.,0.,0.));
#279 = ORIENTED_EDGE('',*,*,#280,.F.);
#280 = EDGE_CURVE('',#281,#272,#283,.T.);
#281 = VERTEX_POINT('',#282);
#282 = CARTESIAN_POINT('',(-55.69682929689,38.544456474644,0.));
#283 = LINE('',#284,#285);
#284 = CARTESIAN_POINT('',(-55.69682929689,38.544456474644,0.));
#285 = VECTOR('',#286,1.);
#286 = DIRECTION('',(0.,-1.,0.));
#287 = ORIENTED_EDGE('',*,*,#288,.T.);
#288 = EDGE_CURVE('',#281,#289,#291,.T.);
#289 = VERTEX_POINT('',#290);
#290 = CARTESIAN_POINT('',(-62.15645185049,45.004079028252,0.));
#291 = CIRCLE('',#292,6.459622553608);
#292 = AXIS2_PLACEMENT_3D('',#293,#294,#295);
#293 = CARTESIAN_POINT('',(-62.15645185049,38.544456474644,0.));
#294 = DIRECTION('',(0.,0.,1.));
#295 = DIRECTION('',(1.,0.,0.));
#296 = ORIENTED_EDGE('',*,*,#297,.F.);
#297 = EDGE_CURVE('',#298,#289,#300,.T.);
#298 = VERTEX_POINT('',#299);
#299 = CARTESIAN_POINT('',(-83.20934407049,45.004079028252,0.));
#300 = LINE('',#301,#302);
#301 = CARTESIAN_POINT('',(-83.20934407049,45.004079028252,0.));
#302 = VECTOR('',#303,1.);
#303 = DIRECTION('',(1.,3.4E-16,0.));
#304 = ORIENTED_EDGE('',*,*,#305,.F.);
#305 = EDGE_CURVE('',#306,#298,#308,.T.);
#306 = VERTEX_POINT('',#307);
#307 = CARTESIAN_POINT('',(-124.7831288176,39.205387396585,0.));
#308 = LINE('',#309,#310);
#309 = CARTESIAN_POINT('',(-124.7831288176,39.205387396585,0.));
#310 = VECTOR('',#311,1.);
#311 = DIRECTION('',(0.990412398593,0.138142248115,0.));
#312 = ORIENTED_EDGE('',*,*,#313,.F.);
#313 = EDGE_CURVE('',#314,#306,#316,.T.);
#314 = VERTEX_POINT('',#315);
#315 = CARTESIAN_POINT('',(-124.7701933415,24.,0.));
#316 = LINE('',#317,#318);
#317 = CARTESIAN_POINT('',(-124.7701933415,24.,0.));
#318 = VECTOR('',#319,1.);
#319 = DIRECTION('',(-8.507163359578E-04,0.999999638141,0.));
#320 = ORIENTED_EDGE('',*,*,#321,.F.);
#321 = EDGE_CURVE('',#322,#314,#324,.T.);
#322 = VERTEX_POINT('',#323);
#323 = CARTESIAN_POINT('',(-132.2701933415,24.,0.));
#324 = LINE('',#325,#326);
#325 = CARTESIAN_POINT('',(-132.2701933415,24.,0.));
#326 = VECTOR('',#327,1.);
#327 = DIRECTION('',(1.,0.,0.));
#328 = ORIENTED_EDGE('',*,*,#329,.T.);
#329 = EDGE_CURVE('',#322,#330,#332,.T.);
#330 = VERTEX_POINT('',#331);
#331 = CARTESIAN_POINT('',(-132.2701933415,20.,0.));
#332 = LINE('',#333,#334);
#333 = CARTESIAN_POINT('',(-132.2701933415,24.,0.));
#334 = VECTOR('',#335,1.);
#335 = DIRECTION('',(0.,-1.,0.));
#336 = ORIENTED_EDGE('',*,*,#337,.T.);
#337 = EDGE_CURVE('',#330,#338,#340,.T.);
#338 = VERTEX_POINT('',#339);
#339 = CARTESIAN_POINT('',(-158.4062303326,20.,0.));
#340 = LINE('',#341,#342);
#341 = CARTESIAN_POINT('',(-147.8295435252,20.,0.));
#342 = VECTOR('',#343,1.);
#343 = DIRECTION('',(-1.,0.,0.));
#344 = ORIENTED_EDGE('',*,*,#345,.T.);
#345 = EDGE_CURVE('',#338,#346,#348,.T.);
#346 = VERTEX_POINT('',#347);
#347 = CARTESIAN_POINT('',(-158.4062303326,24.,0.));
#348 = LINE('',#349,#350);
#349 = CARTESIAN_POINT('',(-158.4062303326,20.,0.));
#350 = VECTOR('',#351,1.);
#351 = DIRECTION('',(0.,1.,0.));
#352 = ORIENTED_EDGE('',*,*,#353,.F.);
#353 = EDGE_CURVE('',#354,#346,#356,.T.);
#354 = VERTEX_POINT('',#355);
#355 = CARTESIAN_POINT('',(-165.7804511631,24.,0.));
#356 = LINE('',#357,#358);
#357 = CARTESIAN_POINT('',(-165.7804511631,24.,0.));
#358 = VECTOR('',#359,1.);
#359 = DIRECTION('',(1.,0.,0.));
#360 = ORIENTED_EDGE('',*,*,#361,.T.);
#361 = EDGE_CURVE('',#354,#362,#364,.T.);
#362 = VERTEX_POINT('',#363);
#363 = CARTESIAN_POINT('',(-165.7804511631,33.811921383603,0.));
#364 = LINE('',#365,#366);
#365 = CARTESIAN_POINT('',(-165.7804511631,24.,0.));
#366 = VECTOR('',#367,1.);
#367 = DIRECTION('',(1.738E-14,1.,0.));
#368 = ORIENTED_EDGE('',*,*,#369,.F.);
#369 = EDGE_CURVE('',#22,#362,#370,.T.);
#370 = LINE('',#371,#372);
#371 = CARTESIAN_POINT('',(-168.7534627841,33.408942475508,0.));
#372 = VECTOR('',#373,1.);
#373 = DIRECTION('',(0.990938358348,0.134317422379,0.));
#374 = FACE_BOUND('',#375,.F.);
#375 = EDGE_LOOP('',(#376));
#376 = ORIENTED_EDGE('',*,*,#377,.T.);
#377 = EDGE_CURVE('',#378,#378,#380,.T.);
#378 = VERTEX_POINT('',#379);
#379 = CARTESIAN_POINT('',(-103.8592129136,-36.,0.));
#380 = CIRCLE('',#381,3.05);
#381 = AXIS2_PLACEMENT_3D('',#382,#383,#384);
#382 = CARTESIAN_POINT('',(-100.8092129136,-36.,0.));
#383 = DIRECTION('',(0.,0.,-1.));
#384 = DIRECTION('',(-1.,0.,0.));
#385 = FACE_BOUND('',#386,.F.);
#386 = EDGE_LOOP('',(#387));
#387 = ORIENTED_EDGE('',*,*,#388,.T.);
#388 = EDGE_CURVE('',#389,#389,#391,.T.);
#389 = VERTEX_POINT('',#390);
#390 = CARTESIAN_POINT('',(-77.05,-41.,0.));
#391 = CIRCLE('',#392,3.05);
#392 = AXIS2_PLACEMENT_3D('',#393,#394,#395);
#393 = CARTESIAN_POINT('',(-74.,-41.,0.));
#394 = DIRECTION('',(0.,0.,-1.));
#395 = DIRECTION('',(-1.,0.,0.));
#396 = FACE_BOUND('',#397,.F.);
#397 = EDGE_LOOP('',(#398));
#398 = ORIENTED_EDGE('',*,*,#399,.T.);
#399 = EDGE_CURVE('',#400,#400,#402,.T.);
#400 = VERTEX_POINT('',#401);
#401 = CARTESIAN_POINT('',(-65.20645185049,-38.54445647464,0.));
#402 = CIRCLE('',#403,3.05);
#403 = AXIS2_PLACEMENT_3D('',#404,#405,#406);
#404 = CARTESIAN_POINT('',(-62.15645185049,-38.54445647464,0.));
#405 = DIRECTION('',(0.,0.,-1.));
#406 = DIRECTION('',(-1.,0.,0.));
#407 = FACE_BOUND('',#408,.F.);
#408 = EDGE_LOOP('',(#409));
#409 = ORIENTED_EDGE('',*,*,#410,.T.);
#410 = EDGE_CURVE('',#411,#411,#413,.T.);
#411 = VERTEX_POINT('',#412);
#412 = CARTESIAN_POINT('',(-94.35921291367,-36.,0.));
#413 = CIRCLE('',#414,3.05);
#414 = AXIS2_PLACEMENT_3D('',#415,#416,#417);
#415 = CARTESIAN_POINT('',(-91.30921291367,-36.,0.));
#416 = DIRECTION('',(0.,0.,-1.));
#417 = DIRECTION('',(-1.,0.,0.));
#418 = FACE_BOUND('',#419,.F.);
#419 = EDGE_LOOP('',(#420));
#420 = ORIENTED_EDGE('',*,*,#421,.T.);
#421 = EDGE_CURVE('',#422,#422,#424,.T.);
#422 = VERTEX_POINT('',#423);
#423 = CARTESIAN_POINT('',(-173.3304511631,-20.,0.));
#424 = CIRCLE('',#425,3.05);
#425 = AXIS2_PLACEMENT_3D('',#426,#427,#428);
#426 = CARTESIAN_POINT('',(-170.2804511631,-20.,0.));
#427 = DIRECTION('',(0.,0.,-1.));
#428 = DIRECTION('',(-1.,0.,0.));
#429 = FACE_BOUND('',#430,.F.);
#430 = EDGE_LOOP('',(#431));
#431 = ORIENTED_EDGE('',*,*,#432,.T.);
#432 = EDGE_CURVE('',#433,#433,#435,.T.);
#433 = VERTEX_POINT('',#434);
#434 = CARTESIAN_POINT('',(-185.0804511631,-8.,0.));
#435 = CIRCLE('',#436,3.05);
#436 = AXIS2_PLACEMENT_3D('',#437,#438,#439);
#437 = CARTESIAN_POINT('',(-182.0304511631,-8.,0.));
#438 = DIRECTION('',(0.,0.,-1.));
#439 = DIRECTION('',(-1.,0.,0.));
#440 = FACE_BOUND('',#441,.F.);
#441 = EDGE_LOOP('',(#442));
#442 = ORIENTED_EDGE('',*,*,#443,.T.);
#443 = EDGE_CURVE('',#444,#444,#446,.T.);
#444 = VERTEX_POINT('',#445);
#445 = CARTESIAN_POINT('',(-113.5701933415,-8.,0.));
#446 = CIRCLE('',#447,3.05);
#447 = AXIS2_PLACEMENT_3D('',#448,#449,#450);
#448 = CARTESIAN_POINT('',(-110.5201933415,-8.,0.));
#449 = DIRECTION('',(0.,0.,-1.));
#450 = DIRECTION('',(-1.,0.,0.));
#451 = FACE_BOUND('',#452,.F.);
#452 = EDGE_LOOP('',(#453));
#453 = ORIENTED_EDGE('',*,*,#454,.T.);
#454 = EDGE_CURVE('',#455,#455,#457,.T.);
#455 = VERTEX_POINT('',#456);
#456 = CARTESIAN_POINT('',(-77.05,-21.,0.));
#457 = CIRCLE('',#458,3.05);
#458 = AXIS2_PLACEMENT_3D('',#459,#460,#461);
#459 = CARTESIAN_POINT('',(-74.,-21.,0.));
#460 = DIRECTION('',(0.,0.,-1.));
#461 = DIRECTION('',(-1.,0.,0.));
#462 = FACE_BOUND('',#463,.F.);
#463 = EDGE_LOOP('',(#464));
#464 = ORIENTED_EDGE('',*,*,#465,.T.);
#465 = EDGE_CURVE('',#466,#466,#468,.T.);
#466 = VERTEX_POINT('',#467);
#467 = CARTESIAN_POINT('',(58.649666218435,-39.3143616744,0.));
#468 = CIRCLE('',#469,3.05);
#469 = AXIS2_PLACEMENT_3D('',#470,#471,#472);
#470 = CARTESIAN_POINT('',(61.699666218435,-39.3143616744,0.));
#471 = DIRECTION('',(0.,0.,-1.));
#472 = DIRECTION('',(-1.,0.,0.));
#473 = FACE_BOUND('',#474,.F.);
#474 = EDGE_LOOP('',(#475));
#475 = ORIENTED_EDGE('',*,*,#476,.T.);
#476 = EDGE_CURVE('',#477,#477,#479,.T.);
#477 = VERTEX_POINT('',#478);
#478 = CARTESIAN_POINT('',(70.95,-41.,0.));
#479 = CIRCLE('',#480,3.05);
#480 = AXIS2_PLACEMENT_3D('',#481,#482,#483);
#481 = CARTESIAN_POINT('',(74.,-41.,0.));
#482 = DIRECTION('',(0.,0.,-1.));
#483 = DIRECTION('',(-1.,0.,0.));
#484 = FACE_BOUND('',#485,.F.);
#485 = EDGE_LOOP('',(#486));
#486 = ORIENTED_EDGE('',*,*,#487,.T.);
#487 = EDGE_CURVE('',#488,#488,#490,.T.);
#488 = VERTEX_POINT('',#489);
#489 = CARTESIAN_POINT('',(81.669548836887,-40.,0.));
#490 = CIRCLE('',#491,3.05);
#491 = AXIS2_PLACEMENT_3D('',#492,#493,#494);
#492 = CARTESIAN_POINT('',(84.719548836887,-40.,0.));
#493 = DIRECTION('',(0.,0.,-1.));
#494 = DIRECTION('',(-1.,0.,0.));
#495 = FACE_BOUND('',#496,.F.);
#496 = EDGE_LOOP('',(#497));
#497 = ORIENTED_EDGE('',*,*,#498,.T.);
#498 = EDGE_CURVE('',#499,#499,#501,.T.);
#499 = VERTEX_POINT('',#500);
#500 = CARTESIAN_POINT('',(91.669548836887,-40.,0.));
#501 = CIRCLE('',#502,3.05);
#502 = AXIS2_PLACEMENT_3D('',#503,#504,#505);
#503 = CARTESIAN_POINT('',(94.719548836887,-40.,0.));
#504 = DIRECTION('',(0.,0.,-1.));
#505 = DIRECTION('',(-1.,0.,0.));
#506 = FACE_BOUND('',#507,.F.);
#507 = EDGE_LOOP('',(#508));
#508 = ORIENTED_EDGE('',*,*,#509,.T.);
#509 = EDGE_CURVE('',#510,#510,#512,.T.);
#510 = VERTEX_POINT('',#511);
#511 = CARTESIAN_POINT('',(101.66954883688,-40.,0.));
#512 = CIRCLE('',#513,3.05);
#513 = AXIS2_PLACEMENT_3D('',#514,#515,#516);
#514 = CARTESIAN_POINT('',(104.71954883688,-40.,0.));
#515 = DIRECTION('',(0.,0.,-1.));
#516 = DIRECTION('',(-1.,0.,0.));
#517 = FACE_BOUND('',#518,.F.);
#518 = EDGE_LOOP('',(#519));
#519 = ORIENTED_EDGE('',*,*,#520,.T.);
#520 = EDGE_CURVE('',#521,#521,#523,.T.);
#521 = VERTEX_POINT('',#522);
#522 = CARTESIAN_POINT('',(133.66954883688,-40.,0.));
#523 = CIRCLE('',#524,3.05);
#524 = AXIS2_PLACEMENT_3D('',#525,#526,#527);
#525 = CARTESIAN_POINT('',(136.71954883688,-40.,0.));
#526 = DIRECTION('',(0.,0.,-1.));
#527 = DIRECTION('',(-1.,0.,0.));
#528 = FACE_BOUND('',#529,.F.);
#529 = EDGE_LOOP('',(#530));
#530 = ORIENTED_EDGE('',*,*,#531,.T.);
#531 = EDGE_CURVE('',#532,#532,#534,.T.);
#532 = VERTEX_POINT('',#533);
#533 = CARTESIAN_POINT('',(163.66954883688,-40.,0.));
#534 = CIRCLE('',#535,3.05);
#535 = AXIS2_PLACEMENT_3D('',#536,#537,#538);
#536 = CARTESIAN_POINT('',(166.71954883688,-40.,0.));
#537 = DIRECTION('',(0.,0.,-1.));
#538 = DIRECTION('',(-1.,0.,0.));
#539 = FACE_BOUND('',#540,.F.);
#540 = EDGE_LOOP('',(#541));
#541 = ORIENTED_EDGE('',*,*,#542,.T.);
#542 = EDGE_CURVE('',#543,#543,#545,.T.);
#543 = VERTEX_POINT('',#544);
#544 = CARTESIAN_POINT('',(70.95,-21.,0.));
#545 = CIRCLE('',#546,3.05);
#546 = AXIS2_PLACEMENT_3D('',#547,#548,#549);
#547 = CARTESIAN_POINT('',(74.,-21.,0.));
#548 = DIRECTION('',(0.,0.,-1.));
#549 = DIRECTION('',(-1.,0.,0.));
#550 = FACE_BOUND('',#551,.F.);
#551 = EDGE_LOOP('',(#552));
#552 = ORIENTED_EDGE('',*,*,#553,.T.);
#553 = EDGE_CURVE('',#554,#554,#556,.T.);
#554 = VERTEX_POINT('',#555);
#555 = CARTESIAN_POINT('',(-185.0804511631,8.,0.));
#556 = CIRCLE('',#557,3.05);
#557 = AXIS2_PLACEMENT_3D('',#558,#559,#560);
#558 = CARTESIAN_POINT('',(-182.0304511631,8.,0.));
#559 = DIRECTION('',(0.,0.,-1.));
#560 = DIRECTION('',(-1.,0.,0.));
#561 = FACE_BOUND('',#562,.F.);
#562 = EDGE_LOOP('',(#563));
#563 = ORIENTED_EDGE('',*,*,#564,.T.);
#564 = EDGE_CURVE('',#565,#565,#567,.T.);
#565 = VERTEX_POINT('',#566);
#566 = CARTESIAN_POINT('',(-113.5701933415,8.,0.));
#567 = CIRCLE('',#568,3.05);
#568 = AXIS2_PLACEMENT_3D('',#569,#570,#571);
#569 = CARTESIAN_POINT('',(-110.5201933415,8.,0.));
#570 = DIRECTION('',(0.,0.,-1.));
#571 = DIRECTION('',(-1.,0.,0.));
#572 = FACE_BOUND('',#573,.F.);
#573 = EDGE_LOOP('',(#574));
#574 = ORIENTED_EDGE('',*,*,#575,.T.);
#575 = EDGE_CURVE('',#576,#576,#578,.T.);
#576 = VERTEX_POINT('',#577);
#577 = CARTESIAN_POINT('',(-173.3304511631,20.,0.));
#578 = CIRCLE('',#579,3.05);
#579 = AXIS2_PLACEMENT_3D('',#580,#581,#582);
#580 = CARTESIAN_POINT('',(-170.2804511631,20.,0.));
#581 = DIRECTION('',(0.,0.,-1.));
#582 = DIRECTION('',(-1.,0.,0.));
#583 = FACE_BOUND('',#584,.F.);
#584 = EDGE_LOOP('',(#585));
#585 = ORIENTED_EDGE('',*,*,#586,.T.);
#586 = EDGE_CURVE('',#587,#587,#589,.T.);
#587 = VERTEX_POINT('',#588);
#588 = CARTESIAN_POINT('',(-103.8592129136,13.,0.));
#589 = CIRCLE('',#590,3.05);
#590 = AXIS2_PLACEMENT_3D('',#591,#592,#593);
#591 = CARTESIAN_POINT('',(-100.8092129136,13.,0.));
#592 = DIRECTION('',(0.,0.,-1.));
#593 = DIRECTION('',(-1.,0.,0.));
#594 = FACE_BOUND('',#595,.F.);
#595 = EDGE_LOOP('',(#596));
#596 = ORIENTED_EDGE('',*,*,#597,.T.);
#597 = EDGE_CURVE('',#598,#598,#600,.T.);
#598 = VERTEX_POINT('',#599);
#599 = CARTESIAN_POINT('',(-83.05,0.,0.));
#600 = CIRCLE('',#601,3.05);
#601 = AXIS2_PLACEMENT_3D('',#602,#603,#604);
#602 = CARTESIAN_POINT('',(-80.,0.,0.));
#603 = DIRECTION('',(0.,0.,-1.));
#604 = DIRECTION('',(-1.,0.,0.));
#605 = FACE_BOUND('',#606,.F.);
#606 = EDGE_LOOP('',(#607));
#607 = ORIENTED_EDGE('',*,*,#608,.T.);
#608 = EDGE_CURVE('',#609,#609,#611,.T.);
#609 = VERTEX_POINT('',#610);
#610 = CARTESIAN_POINT('',(-75.05,0.,0.));
#611 = CIRCLE('',#612,3.05);
#612 = AXIS2_PLACEMENT_3D('',#613,#614,#615);
#613 = CARTESIAN_POINT('',(-72.,0.,0.));
#614 = DIRECTION('',(0.,0.,-1.));
#615 = DIRECTION('',(-1.,0.,0.));
#616 = FACE_BOUND('',#617,.F.);
#617 = EDGE_LOOP('',(#618));
#618 = ORIENTED_EDGE('',*,*,#619,.T.);
#619 = EDGE_CURVE('',#620,#620,#622,.T.);
#620 = VERTEX_POINT('',#621);
#621 = CARTESIAN_POINT('',(-63.05,0.,0.));
#622 = CIRCLE('',#623,3.05);
#623 = AXIS2_PLACEMENT_3D('',#624,#625,#626);
#624 = CARTESIAN_POINT('',(-60.,0.,0.));
#625 = DIRECTION('',(0.,0.,-1.));
#626 = DIRECTION('',(-1.,0.,0.));
#627 = FACE_BOUND('',#628,.F.);
#628 = EDGE_LOOP('',(#629));
#629 = ORIENTED_EDGE('',*,*,#630,.T.);
#630 = EDGE_CURVE('',#631,#631,#633,.T.);
#631 = VERTEX_POINT('',#632);
#632 = CARTESIAN_POINT('',(-33.05,0.,0.));
#633 = CIRCLE('',#634,3.05);
#634 = AXIS2_PLACEMENT_3D('',#635,#636,#637);
#635 = CARTESIAN_POINT('',(-30.,0.,0.));
#636 = DIRECTION('',(0.,0.,-1.));
#637 = DIRECTION('',(-1.,0.,0.));
#638 = FACE_BOUND('',#639,.F.);
#639 = EDGE_LOOP('',(#640));
#640 = ORIENTED_EDGE('',*,*,#641,.T.);
#641 = EDGE_CURVE('',#642,#642,#644,.T.);
#642 = VERTEX_POINT('',#643);
#643 = CARTESIAN_POINT('',(-94.35921291367,13.,0.));
#644 = CIRCLE('',#645,3.05);
#645 = AXIS2_PLACEMENT_3D('',#646,#647,#648);
#646 = CARTESIAN_POINT('',(-91.30921291367,13.,0.));
#647 = DIRECTION('',(0.,0.,-1.));
#648 = DIRECTION('',(-1.,0.,0.));
#649 = FACE_BOUND('',#650,.F.);
#650 = EDGE_LOOP('',(#651));
#651 = ORIENTED_EDGE('',*,*,#652,.T.);
#652 = EDGE_CURVE('',#653,#653,#655,.T.);
#653 = VERTEX_POINT('',#654);
#654 = CARTESIAN_POINT('',(-77.05,21.,0.));
#655 = CIRCLE('',#656,3.05);
#656 = AXIS2_PLACEMENT_3D('',#657,#658,#659);
#657 = CARTESIAN_POINT('',(-74.,21.,0.));
#658 = DIRECTION('',(0.,0.,-1.));
#659 = DIRECTION('',(-1.,0.,0.));
#660 = FACE_BOUND('',#661,.F.);
#661 = EDGE_LOOP('',(#662));
#662 = ORIENTED_EDGE('',*,*,#663,.T.);
#663 = EDGE_CURVE('',#664,#664,#666,.T.);
#664 = VERTEX_POINT('',#665);
#665 = CARTESIAN_POINT('',(-77.05,41.,0.));
#666 = CIRCLE('',#667,3.05);
#667 = AXIS2_PLACEMENT_3D('',#668,#669,#670);
#668 = CARTESIAN_POINT('',(-74.,41.,0.));
#669 = DIRECTION('',(0.,0.,-1.));
#670 = DIRECTION('',(-1.,0.,0.));
#671 = FACE_BOUND('',#672,.F.);
#672 = EDGE_LOOP('',(#673));
#673 = ORIENTED_EDGE('',*,*,#674,.T.);
#674 = EDGE_CURVE('',#675,#675,#677,.T.);
#675 = VERTEX_POINT('',#676);
#676 = CARTESIAN_POINT('',(-65.20645185049,38.544456474644,0.));
#677 = CIRCLE('',#678,3.05);
#678 = AXIS2_PLACEMENT_3D('',#679,#680,#681);
#679 = CARTESIAN_POINT('',(-62.15645185049,38.544456474644,0.));
#680 = DIRECTION('',(0.,0.,-1.));
#681 = DIRECTION('',(-1.,0.,0.));
#682 = FACE_BOUND('',#683,.F.);
#683 = EDGE_LOOP('',(#684));
#684 = ORIENTED_EDGE('',*,*,#685,.T.);
#685 = EDGE_CURVE('',#686,#686,#688,.T.);
#686 = VERTEX_POINT('',#687);
#687 = CARTESIAN_POINT('',(-3.05,0.,0.));
#688 = CIRCLE('',#689,3.05);
#689 = AXIS2_PLACEMENT_3D('',#690,#691,#692);
#690 = CARTESIAN_POINT('',(0.,0.,0.));
#691 = DIRECTION('',(0.,0.,-1.));
#692 = DIRECTION('',(-1.,0.,0.));
#693 = FACE_BOUND('',#694,.F.);
#694 = EDGE_LOOP('',(#695));
#695 = ORIENTED_EDGE('',*,*,#696,.T.);
#696 = EDGE_CURVE('',#697,#697,#699,.T.);
#697 = VERTEX_POINT('',#698);
#698 = CARTESIAN_POINT('',(26.95,0.,0.));
#699 = CIRCLE('',#700,3.05);
#700 = AXIS2_PLACEMENT_3D('',#701,#702,#703);
#701 = CARTESIAN_POINT('',(30.,0.,0.));
#702 = DIRECTION('',(0.,0.,-1.));
#703 = DIRECTION('',(-1.,0.,0.));
#704 = FACE_BOUND('',#705,.F.);
#705 = EDGE_LOOP('',(#706));
#706 = ORIENTED_EDGE('',*,*,#707,.T.);
#707 = EDGE_CURVE('',#708,#708,#710,.T.);
#708 = VERTEX_POINT('',#709);
#709 = CARTESIAN_POINT('',(56.95,0.,0.));
#710 = CIRCLE('',#711,3.05);
#711 = AXIS2_PLACEMENT_3D('',#712,#713,#714);
#712 = CARTESIAN_POINT('',(60.,0.,0.));
#713 = DIRECTION('',(0.,0.,-1.));
#714 = DIRECTION('',(-1.,0.,0.));
#715 = FACE_BOUND('',#716,.F.);
#716 = EDGE_LOOP('',(#717));
#717 = ORIENTED_EDGE('',*,*,#718,.T.);
#718 = EDGE_CURVE('',#719,#719,#721,.T.);
#719 = VERTEX_POINT('',#720);
#720 = CARTESIAN_POINT('',(76.95,0.,0.));
#721 = CIRCLE('',#722,3.05);
#722 = AXIS2_PLACEMENT_3D('',#723,#724,#725);
#723 = CARTESIAN_POINT('',(80.,0.,0.));
#724 = DIRECTION('',(0.,0.,-1.));
#725 = DIRECTION('',(-1.,0.,0.));
#726 = FACE_BOUND('',#727,.F.);
#727 = EDGE_LOOP('',(#728));
#728 = ORIENTED_EDGE('',*,*,#729,.T.);
#729 = EDGE_CURVE('',#730,#730,#732,.T.);
#730 = VERTEX_POINT('',#731);
#731 = CARTESIAN_POINT('',(70.95,21.,0.));
#732 = CIRCLE('',#733,3.05);
#733 = AXIS2_PLACEMENT_3D('',#734,#735,#736);
#734 = CARTESIAN_POINT('',(74.,21.,0.));
#735 = DIRECTION('',(0.,0.,-1.));
#736 = DIRECTION('',(-1.,0.,0.));
#737 = FACE_BOUND('',#738,.F.);
#738 = EDGE_LOOP('',(#739));
#739 = ORIENTED_EDGE('',*,*,#740,.T.);
#740 = EDGE_CURVE('',#741,#741,#743,.T.);
#741 = VERTEX_POINT('',#742);
#742 = CARTESIAN_POINT('',(133.66954883688,0.,0.));
#743 = CIRCLE('',#744,3.05);
#744 = AXIS2_PLACEMENT_3D('',#745,#746,#747);
#745 = CARTESIAN_POINT('',(136.71954883688,0.,0.));
#746 = DIRECTION('',(0.,0.,-1.));
#747 = DIRECTION('',(-1.,0.,0.));
#748 = FACE_BOUND('',#749,.F.);
#749 = EDGE_LOOP('',(#750));
#750 = ORIENTED_EDGE('',*,*,#751,.F.);
#751 = EDGE_CURVE('',#752,#752,#754,.T.);
#752 = VERTEX_POINT('',#753);
#753 = CARTESIAN_POINT('',(157.61827702399,0.,0.));
#754 = CIRCLE('',#755,5.898728187107);
#755 = AXIS2_PLACEMENT_3D('',#756,#757,#758);
#756 = CARTESIAN_POINT('',(151.71954883688,0.,0.));
#757 = DIRECTION('',(0.,0.,1.));
#758 = DIRECTION('',(1.,0.,0.));
#759 = FACE_BOUND('',#760,.F.);
#760 = EDGE_LOOP('',(#761));
#761 = ORIENTED_EDGE('',*,*,#762,.T.);
#762 = EDGE_CURVE('',#763,#763,#765,.T.);
#763 = VERTEX_POINT('',#764);
#764 = CARTESIAN_POINT('',(163.66954883688,0.,0.));
#765 = CIRCLE('',#766,3.05);
#766 = AXIS2_PLACEMENT_3D('',#767,#768,#769);
#767 = CARTESIAN_POINT('',(166.71954883688,0.,0.));
#768 = DIRECTION('',(0.,0.,-1.));
#769 = DIRECTION('',(-1.,0.,0.));
#770 = FACE_BOUND('',#771,.F.);
#771 = EDGE_LOOP('',(#772));
#772 = ORIENTED_EDGE('',*,*,#773,.T.);
#773 = EDGE_CURVE('',#774,#774,#776,.T.);
#774 = VERTEX_POINT('',#775);
#775 = CARTESIAN_POINT('',(58.658200599802,39.314828073178,0.));
#776 = CIRCLE('',#777,3.05);
#777 = AXIS2_PLACEMENT_3D('',#778,#779,#780);
#778 = CARTESIAN_POINT('',(61.708200599802,39.314828073178,0.));
#779 = DIRECTION('',(0.,0.,-1.));
#780 = DIRECTION('',(-1.,0.,0.));
#781 = FACE_BOUND('',#782,.F.);
#782 = EDGE_LOOP('',(#783));
#783 = ORIENTED_EDGE('',*,*,#784,.T.);
#784 = EDGE_CURVE('',#785,#785,#787,.T.);
#785 = VERTEX_POINT('',#786);
#786 = CARTESIAN_POINT('',(70.95,41.,0.));
#787 = CIRCLE('',#788,3.05);
#788 = AXIS2_PLACEMENT_3D('',#789,#790,#791);
#789 = CARTESIAN_POINT('',(74.,41.,0.));
#790 = DIRECTION('',(0.,0.,-1.));
#791 = DIRECTION('',(-1.,0.,0.));
#792 = FACE_BOUND('',#793,.F.);
#793 = EDGE_LOOP('',(#794));
#794 = ORIENTED_EDGE('',*,*,#795,.T.);
#795 = EDGE_CURVE('',#796,#796,#798,.T.);
#796 = VERTEX_POINT('',#797);
#797 = CARTESIAN_POINT('',(81.669548836887,40.,0.));
#798 = CIRCLE('',#799,3.05);
#799 = AXIS2_PLACEMENT_3D('',#800,#801,#802);
#800 = CARTESIAN_POINT('',(84.719548836887,40.,0.));
#801 = DIRECTION('',(0.,0.,-1.));
#802 = DIRECTION('',(-1.,0.,0.));
#803 = FACE_BOUND('',#804,.F.);
#804 = EDGE_LOOP('',(#805));
#805 = ORIENTED_EDGE('',*,*,#806,.T.);
#806 = EDGE_CURVE('',#807,#807,#809,.T.);
#807 = VERTEX_POINT('',#808);
#808 = CARTESIAN_POINT('',(93.669548836887,40.,0.));
#809 = CIRCLE('',#810,3.05);
#810 = AXIS2_PLACEMENT_3D('',#811,#812,#813);
#811 = CARTESIAN_POINT('',(96.719548836887,40.,0.));
#812 = DIRECTION('',(0.,0.,-1.));
#813 = DIRECTION('',(-1.,0.,0.));
#814 = FACE_BOUND('',#815,.F.);
#815 = EDGE_LOOP('',(#816));
#816 = ORIENTED_EDGE('',*,*,#817,.T.);
#817 = EDGE_CURVE('',#818,#818,#820,.T.);
#818 = VERTEX_POINT('',#819);
#819 = CARTESIAN_POINT('',(128.66954883688,40.,0.));
#820 = CIRCLE('',#821,3.05);
#821 = AXIS2_PLACEMENT_3D('',#822,#823,#824);
#822 = CARTESIAN_POINT('',(131.71954883688,40.,0.));
#823 = DIRECTION('',(0.,0.,-1.));
#824 = DIRECTION('',(-1.,0.,0.));
#825 = FACE_BOUND('',#826,.F.);
#826 = EDGE_LOOP('',(#827));
#827 = ORIENTED_EDGE('',*,*,#828,.T.);
#828 = EDGE_CURVE('',#829,#829,#831,.T.);
#829 = VERTEX_POINT('',#830);
#830 = CARTESIAN_POINT('',(163.66954883688,40.,0.));
#831 = CIRCLE('',#832,3.05);
#832 = AXIS2_PLACEMENT_3D('',#833,#834,#835);
#833 = CARTESIAN_POINT('',(166.71954883688,40.,0.));
#834 = DIRECTION('',(0.,0.,-1.));
#835 = DIRECTION('',(-1.,0.,0.));
#836 = PLANE('',#837);
#837 = AXIS2_PLACEMENT_3D('',#838,#839,#840);
#838 = CARTESIAN_POINT('',(-5.846511587332,-0.50669419685,0.));
#839 = DIRECTION('',(0.,0.,1.));
#840 = DIRECTION('',(1.,0.,0.));
#841 = ADVANCED_FACE('',(#842),#867,.F.);
#842 = FACE_BOUND('',#843,.F.);
#843 = EDGE_LOOP('',(#844,#845,#853,#861));
#844 = ORIENTED_EDGE('',*,*,#21,.F.);
#845 = ORIENTED_EDGE('',*,*,#846,.T.);
#846 = EDGE_CURVE('',#22,#847,#849,.T.);
#847 = VERTEX_POINT('',#848);
#848 = CARTESIAN_POINT('',(-168.7534627841,33.408942475508,4.));
#849 = LINE('',#850,#851);
#850 = CARTESIAN_POINT('',(-168.7534627841,33.408942475508,0.));
#851 = VECTOR('',#852,1.);
#852 = DIRECTION('',(0.,0.,1.));
#853 = ORIENTED_EDGE('',*,*,#854,.T.);
#854 = EDGE_CURVE('',#847,#855,#857,.T.);
#855 = VERTEX_POINT('',#856);
#856 = CARTESIAN_POINT('',(-184.7534627841,33.408942475508,4.));
#857 = LINE('',#858,#859);
#858 = CARTESIAN_POINT('',(-168.7534627841,33.408942475508,4.));
#859 = VECTOR('',#860,1.);
#860 = DIRECTION('',(-1.,0.,0.));
#861 = ORIENTED_EDGE('',*,*,#862,.F.);
#862 = EDGE_CURVE('',#24,#855,#863,.T.);
#863 = LINE('',#864,#865);
#864 = CARTESIAN_POINT('',(-184.7534627841,33.408942475508,0.));
#865 = VECTOR('',#866,1.);
#866 = DIRECTION('',(0.,0.,1.));
#867 = PLANE('',#868);
#868 = AXIS2_PLACEMENT_3D('',#869,#870,#871);
#869 = CARTESIAN_POINT('',(-168.7534627841,33.408942475508,0.));
#870 = DIRECTION('',(0.,-1.,0.));
#871 = DIRECTION('',(-1.,0.,0.));
#872 = ADVANCED_FACE('',(#873),#892,.T.);
#873 = FACE_BOUND('',#874,.T.);
#874 = EDGE_LOOP('',(#875,#876,#884,#891));
#875 = ORIENTED_EDGE('',*,*,#31,.T.);
#876 = ORIENTED_EDGE('',*,*,#877,.T.);
#877 = EDGE_CURVE('',#32,#878,#880,.T.);
#878 = VERTEX_POINT('',#879);
#879 = CARTESIAN_POINT('',(-188.7534627841,29.408942475508,4.));
#880 = LINE('',#881,#882);
#881 = CARTESIAN_POINT('',(-188.7534627841,29.408942475508,0.));
#882 = VECTOR('',#883,1.);
#883 = DIRECTION('',(0.,0.,1.));
#884 = ORIENTED_EDGE('',*,*,#885,.F.);
#885 = EDGE_CURVE('',#855,#878,#886,.T.);
#886 = CIRCLE('',#887,4.);
#887 = AXIS2_PLACEMENT_3D('',#888,#889,#890);
#888 = CARTESIAN_POINT('',(-184.7534627841,29.408942475508,4.));
#889 = DIRECTION('',(-0.,0.,1.));
#890 = DIRECTION('',(0.,-1.,0.));
#891 = ORIENTED_EDGE('',*,*,#862,.F.);
#892 = CYLINDRICAL_SURFACE('',#893,4.);
#893 = AXIS2_PLACEMENT_3D('',#894,#895,#896);
#894 = CARTESIAN_POINT('',(-184.7534627841,29.408942475508,0.));
#895 = DIRECTION('',(0.,0.,1.));
#896 = DIRECTION('',(0.,1.,0.));
#897 = ADVANCED_FACE('',(#898),#916,.T.);
#898 = FACE_BOUND('',#899,.T.);
#899 = EDGE_LOOP('',(#900,#901,#909,#915));
#900 = ORIENTED_EDGE('',*,*,#846,.T.);
#901 = ORIENTED_EDGE('',*,*,#902,.T.);
#902 = EDGE_CURVE('',#847,#903,#905,.T.);
#903 = VERTEX_POINT('',#904);
#904 = CARTESIAN_POINT('',(-165.7804511631,33.811921383603,4.));
#905 = LINE('',#906,#907);
#906 = CARTESIAN_POINT('',(-168.7534627841,33.408942475508,4.));
#907 = VECTOR('',#908,1.);
#908 = DIRECTION('',(0.990938358348,0.134317422379,0.));
#909 = ORIENTED_EDGE('',*,*,#910,.F.);
#910 = EDGE_CURVE('',#362,#903,#911,.T.);
#911 = LINE('',#912,#913);
#912 = CARTESIAN_POINT('',(-165.7804511631,33.811921383603,0.));
#913 = VECTOR('',#914,1.);
#914 = DIRECTION('',(0.,0.,1.));
#915 = ORIENTED_EDGE('',*,*,#369,.F.);
#916 = PLANE('',#917);
#917 = AXIS2_PLACEMENT_3D('',#918,#919,#920);
#918 = CARTESIAN_POINT('',(-168.7534627841,33.408942475508,0.));
#919 = DIRECTION('',(-0.134317422379,0.990938358348,0.));
#920 = DIRECTION('',(0.990938358348,0.134317422379,0.));
#921 = ADVANCED_FACE('',(#922),#940,.F.);
#922 = FACE_BOUND('',#923,.F.);
#923 = EDGE_LOOP('',(#924,#925,#926,#934));
#924 = ORIENTED_EDGE('',*,*,#40,.F.);
#925 = ORIENTED_EDGE('',*,*,#877,.T.);
#926 = ORIENTED_EDGE('',*,*,#927,.T.);
#927 = EDGE_CURVE('',#878,#928,#930,.T.);
#928 = VERTEX_POINT('',#929);
#929 = CARTESIAN_POINT('',(-188.7534627841,-29.4089424755,4.));
#930 = LINE('',#931,#932);
#931 = CARTESIAN_POINT('',(-188.7534627841,33.408942475508,4.));
#932 = VECTOR('',#933,1.);
#933 = DIRECTION('',(0.,-1.,0.));
#934 = ORIENTED_EDGE('',*,*,#935,.F.);
#935 = EDGE_CURVE('',#41,#928,#936,.T.);
#936 = LINE('',#937,#938);
#937 = CARTESIAN_POINT('',(-188.7534627841,-29.4089424755,0.));
#938 = VECTOR('',#939,1.);
#939 = DIRECTION('',(0.,0.,1.));
#940 = PLANE('',#941);
#941 = AXIS2_PLACEMENT_3D('',#942,#943,#944);
#942 = CARTESIAN_POINT('',(-188.7534627841,33.408942475508,0.));
#943 = DIRECTION('',(1.,0.,0.));
#944 = DIRECTION('',(0.,-1.,0.));
#945 = ADVANCED_FACE('',(#946),#965,.T.);
#946 = FACE_BOUND('',#947,.T.);
#947 = EDGE_LOOP('',(#948,#949,#957,#964));
#948 = ORIENTED_EDGE('',*,*,#48,.T.);
#949 = ORIENTED_EDGE('',*,*,#950,.T.);
#950 = EDGE_CURVE('',#49,#951,#953,.T.);
#951 = VERTEX_POINT('',#952);
#952 = CARTESIAN_POINT('',(-184.7534627841,-33.4089424755,4.));
#953 = LINE('',#954,#955);
#954 = CARTESIAN_POINT('',(-184.7534627841,-33.4089424755,0.));
#955 = VECTOR('',#956,1.);
#956 = DIRECTION('',(0.,0.,1.));
#957 = ORIENTED_EDGE('',*,*,#958,.F.);
#958 = EDGE_CURVE('',#928,#951,#959,.T.);
#959 = CIRCLE('',#960,4.);
#960 = AXIS2_PLACEMENT_3D('',#961,#962,#963);
#961 = CARTESIAN_POINT('',(-184.7534627841,-29.4089424755,4.));
#962 = DIRECTION('',(-0.,0.,1.));
#963 = DIRECTION('',(0.,-1.,0.));
#964 = ORIENTED_EDGE('',*,*,#935,.F.);
#965 = CYLINDRICAL_SURFACE('',#966,4.);
#966 = AXIS2_PLACEMENT_3D('',#967,#968,#969);
#967 = CARTESIAN_POINT('',(-184.7534627841,-29.4089424755,0.));
#968 = DIRECTION('',(0.,0.,1.));
#969 = DIRECTION('',(-1.,0.,0.));
#970 = ADVANCED_FACE('',(#971),#996,.T.);
#971 = FACE_BOUND('',#972,.T.);
#972 = EDGE_LOOP('',(#973,#974,#982,#990));
#973 = ORIENTED_EDGE('',*,*,#353,.F.);
#974 = ORIENTED_EDGE('',*,*,#975,.T.);
#975 = EDGE_CURVE('',#354,#976,#978,.T.);
#976 = VERTEX_POINT('',#977);
#977 = CARTESIAN_POINT('',(-165.7804511631,24.,2.8));
#978 = LINE('',#979,#980);
#979 = CARTESIAN_POINT('',(-165.7804511631,24.,0.));
#980 = VECTOR('',#981,1.);
#981 = DIRECTION('',(0.,0.,1.));
#982 = ORIENTED_EDGE('',*,*,#983,.F.);
#983 = EDGE_CURVE('',#984,#976,#986,.T.);
#984 = VERTEX_POINT('',#985);
#985 = CARTESIAN_POINT('',(-158.4062303326,24.,2.8));
#986 = LINE('',#987,#988);
#987 = CARTESIAN_POINT('',(-124.7701933415,24.,2.8));
#988 = VECTOR('',#989,1.);
#989 = DIRECTION('',(-1.,0.,0.));
#990 = ORIENTED_EDGE('',*,*,#991,.F.);
#991 = EDGE_CURVE('',#346,#984,#992,.T.);
#992 = LINE('',#993,#994);
#993 = CARTESIAN_POINT('',(-158.4062303326,24.,0.));
#994 = VECTOR('',#995,1.);
#995 = DIRECTION('',(0.,0.,1.));
#996 = PLANE('',#997);
#997 = AXIS2_PLACEMENT_3D('',#998,#999,#1000);
#998 = CARTESIAN_POINT('',(-165.7804511631,24.,0.));
#999 = DIRECTION('',(0.,1.,0.));
#1000 = DIRECTION('',(1.,0.,0.));
#1001 = ADVANCED_FACE('',(#1002),#1020,.T.);
#1002 = FACE_BOUND('',#1003,.T.);
#1003 = EDGE_LOOP('',(#1004,#1005,#1013,#1019));
#1004 = ORIENTED_EDGE('',*,*,#57,.F.);
#1005 = ORIENTED_EDGE('',*,*,#1006,.T.);
#1006 = EDGE_CURVE('',#58,#1007,#1009,.T.);
#1007 = VERTEX_POINT('',#1008);
#1008 = CARTESIAN_POINT('',(-168.7534627841,-33.4089424755,4.));
#1009 = LINE('',#1010,#1011);
#1010 = CARTESIAN_POINT('',(-168.7534627841,-33.4089424755,0.));
#1011 = VECTOR('',#1012,1.);
#1012 = DIRECTION('',(0.,0.,1.));
#1013 = ORIENTED_EDGE('',*,*,#1014,.T.);
#1014 = EDGE_CURVE('',#1007,#951,#1015,.T.);
#1015 = LINE('',#1016,#1017);
#1016 = CARTESIAN_POINT('',(-168.7534627841,-33.4089424755,4.));
#1017 = VECTOR('',#1018,1.);
#1018 = DIRECTION('',(-1.,0.,0.));
#1019 = ORIENTED_EDGE('',*,*,#950,.F.);
#1020 = PLANE('',#1021);
#1021 = AXIS2_PLACEMENT_3D('',#1022,#1023,#1024);
#1022 = CARTESIAN_POINT('',(-168.7534627841,-33.4089424755,0.));
#1023 = DIRECTION('',(0.,-1.,0.));
#1024 = DIRECTION('',(-1.,0.,0.));
#1025 = ADVANCED_FACE('',(#1026),#1044,.F.);
#1026 = FACE_BOUND('',#1027,.F.);
#1027 = EDGE_LOOP('',(#1028,#1029,#1037,#1043));
#1028 = ORIENTED_EDGE('',*,*,#345,.F.);
#1029 = ORIENTED_EDGE('',*,*,#1030,.T.);
#1030 = EDGE_CURVE('',#338,#1031,#1033,.T.);
#1031 = VERTEX_POINT('',#1032);
#1032 = CARTESIAN_POINT('',(-158.4062303326,20.,2.8));
#1033 = LINE('',#1034,#1035);
#1034 = CARTESIAN_POINT('',(-158.4062303326,20.,0.));
#1035 = VECTOR('',#1036,1.);
#1036 = DIRECTION('',(0.,0.,1.));
#1037 = ORIENTED_EDGE('',*,*,#1038,.T.);
#1038 = EDGE_CURVE('',#1031,#984,#1039,.T.);
#1039 = LINE('',#1040,#1041);
#1040 = CARTESIAN_POINT('',(-158.4062303326,10.,2.8));
#1041 = VECTOR('',#1042,1.);
#1042 = DIRECTION('',(0.,1.,0.));
#1043 = ORIENTED_EDGE('',*,*,#991,.F.);
#1044 = PLANE('',#1045);
#1045 = AXIS2_PLACEMENT_3D('',#1046,#1047,#1048);
#1046 = CARTESIAN_POINT('',(-158.4062303326,20.,0.));
#1047 = DIRECTION('',(-1.,0.,0.));
#1048 = DIRECTION('',(0.,1.,0.));
#1049 = ADVANCED_FACE('',(#1050),#1068,.F.);
#1050 = FACE_BOUND('',#1051,.F.);
#1051 = EDGE_LOOP('',(#1052,#1053,#1061,#1067));
#1052 = ORIENTED_EDGE('',*,*,#1006,.T.);
#1053 = ORIENTED_EDGE('',*,*,#1054,.T.);
#1054 = EDGE_CURVE('',#1007,#1055,#1057,.T.);
#1055 = VERTEX_POINT('',#1056);
#1056 = CARTESIAN_POINT('',(-165.7804511631,-33.8119213836,4.));
#1057 = LINE('',#1058,#1059);
#1058 = CARTESIAN_POINT('',(-168.7534627841,-33.4089424755,4.));
#1059 = VECTOR('',#1060,1.);
#1060 = DIRECTION('',(0.990938358348,-0.134317422379,0.));
#1061 = ORIENTED_EDGE('',*,*,#1062,.F.);
#1062 = EDGE_CURVE('',#66,#1055,#1063,.T.);
#1063 = LINE('',#1064,#1065);
#1064 = CARTESIAN_POINT('',(-165.7804511631,-33.8119213836,0.));
#1065 = VECTOR('',#1066,1.);
#1066 = DIRECTION('',(0.,0.,1.));
#1067 = ORIENTED_EDGE('',*,*,#65,.F.);
#1068 = PLANE('',#1069);
#1069 = AXIS2_PLACEMENT_3D('',#1070,#1071,#1072);
#1070 = CARTESIAN_POINT('',(-168.7534627841,-33.4089424755,0.));
#1071 = DIRECTION('',(0.134317422379,0.990938358348,0.));
#1072 = DIRECTION('',(0.990938358348,-0.134317422379,0.));
#1073 = ADVANCED_FACE('',(#1074),#1092,.T.);
#1074 = FACE_BOUND('',#1075,.T.);
#1075 = EDGE_LOOP('',(#1076,#1077,#1078,#1086));
#1076 = ORIENTED_EDGE('',*,*,#337,.T.);
#1077 = ORIENTED_EDGE('',*,*,#1030,.T.);
#1078 = ORIENTED_EDGE('',*,*,#1079,.T.);
#1079 = EDGE_CURVE('',#1031,#1080,#1082,.T.);
#1080 = VERTEX_POINT('',#1081);
#1081 = CARTESIAN_POINT('',(-132.2701933415,20.,2.8));
#1082 = LINE('',#1083,#1084);
#1083 = CARTESIAN_POINT('',(-145.3067670446,20.,2.8));
#1084 = VECTOR('',#1085,1.);
#1085 = DIRECTION('',(1.,2.09E-15,0.));
#1086 = ORIENTED_EDGE('',*,*,#1087,.F.);
#1087 = EDGE_CURVE('',#330,#1080,#1088,.T.);
#1088 = LINE('',#1089,#1090);
#1089 = CARTESIAN_POINT('',(-132.2701933415,20.,0.));
#1090 = VECTOR('',#1091,1.);
#1091 = DIRECTION('',(0.,0.,1.));
#1092 = PLANE('',#1093);
#1093 = AXIS2_PLACEMENT_3D('',#1094,#1095,#1096);
#1094 = CARTESIAN_POINT('',(-145.3382118369,20.,2.));
#1095 = DIRECTION('',(-2.09E-15,1.,0.));
#1096 = DIRECTION('',(1.,2.09E-15,0.));
#1097 = ADVANCED_FACE('',(#1098),#1116,.F.);
#1098 = FACE_BOUND('',#1099,.F.);
#1099 = EDGE_LOOP('',(#1100,#1101,#1109,#1115));
#1100 = ORIENTED_EDGE('',*,*,#329,.F.);
#1101 = ORIENTED_EDGE('',*,*,#1102,.T.);
#1102 = EDGE_CURVE('',#322,#1103,#1105,.T.);
#1103 = VERTEX_POINT('',#1104);
#1104 = CARTESIAN_POINT('',(-132.2701933415,24.,2.8));
#1105 = LINE('',#1106,#1107);
#1106 = CARTESIAN_POINT('',(-132.2701933415,24.,0.));
#1107 = VECTOR('',#1108,1.);
#1108 = DIRECTION('',(0.,0.,1.));
#1109 = ORIENTED_EDGE('',*,*,#1110,.T.);
#1110 = EDGE_CURVE('',#1103,#1080,#1111,.T.);
#1111 = LINE('',#1112,#1113);
#1112 = CARTESIAN_POINT('',(-132.2701933415,12.,2.8));
#1113 = VECTOR('',#1114,1.);
#1114 = DIRECTION('',(0.,-1.,0.));
#1115 = ORIENTED_EDGE('',*,*,#1087,.F.);
#1116 = PLANE('',#1117);
#1117 = AXIS2_PLACEMENT_3D('',#1118,#1119,#1120);
#1118 = CARTESIAN_POINT('',(-132.2701933415,24.,0.));
#1119 = DIRECTION('',(1.,0.,0.));
#1120 = DIRECTION('',(0.,-1.,0.));
#1121 = ADVANCED_FACE('',(#1122),#1147,.F.);
#1122 = FACE_BOUND('',#1123,.F.);
#1123 = EDGE_LOOP('',(#1124,#1125,#1133,#1141));
#1124 = ORIENTED_EDGE('',*,*,#81,.F.);
#1125 = ORIENTED_EDGE('',*,*,#1126,.T.);
#1126 = EDGE_CURVE('',#74,#1127,#1129,.T.);
#1127 = VERTEX_POINT('',#1128);
#1128 = CARTESIAN_POINT('',(-165.7804511631,-24.,2.8));
#1129 = LINE('',#1130,#1131);
#1130 = CARTESIAN_POINT('',(-165.7804511631,-24.,0.));
#1131 = VECTOR('',#1132,1.);
#1132 = DIRECTION('',(0.,0.,1.));
#1133 = ORIENTED_EDGE('',*,*,#1134,.T.);
#1134 = EDGE_CURVE('',#1127,#1135,#1137,.T.);
#1135 = VERTEX_POINT('',#1136);
#1136 = CARTESIAN_POINT('',(-158.4062303326,-24.,2.8));
#1137 = LINE('',#1138,#1139);
#1138 = CARTESIAN_POINT('',(-165.7804511631,-24.,2.8));
#1139 = VECTOR('',#1140,1.);
#1140 = DIRECTION('',(1.,0.,0.));
#1141 = ORIENTED_EDGE('',*,*,#1142,.F.);
#1142 = EDGE_CURVE('',#82,#1135,#1143,.T.);
#1143 = LINE('',#1144,#1145);
#1144 = CARTESIAN_POINT('',(-158.4062303326,-24.,0.));
#1145 = VECTOR('',#1146,1.);
#1146 = DIRECTION('',(0.,0.,1.));
#1147 = PLANE('',#1148);
#1148 = AXIS2_PLACEMENT_3D('',#1149,#1150,#1151);
#1149 = CARTESIAN_POINT('',(-165.7804511631,-24.,0.));
#1150 = DIRECTION('',(0.,1.,0.));
#1151 = DIRECTION('',(1.,0.,0.));
#1152 = ADVANCED_FACE('',(#1153),#1171,.T.);
#1153 = FACE_BOUND('',#1154,.T.);
#1154 = EDGE_LOOP('',(#1155,#1156,#1157,#1165));
#1155 = ORIENTED_EDGE('',*,*,#321,.F.);
#1156 = ORIENTED_EDGE('',*,*,#1102,.T.);
#1157 = ORIENTED_EDGE('',*,*,#1158,.F.);
#1158 = EDGE_CURVE('',#1159,#1103,#1161,.T.);
#1159 = VERTEX_POINT('',#1160);
#1160 = CARTESIAN_POINT('',(-124.7701933415,24.,2.8));
#1161 = LINE('',#1162,#1163);
#1162 = CARTESIAN_POINT('',(-124.7701933415,24.,2.8));
#1163 = VECTOR('',#1164,1.);
#1164 = DIRECTION('',(-1.,0.,0.));
#1165 = ORIENTED_EDGE('',*,*,#1166,.F.);
#1166 = EDGE_CURVE('',#314,#1159,#1167,.T.);
#1167 = LINE('',#1168,#1169);
#1168 = CARTESIAN_POINT('',(-124.7701933415,24.,0.));
#1169 = VECTOR('',#1170,1.);
#1170 = DIRECTION('',(0.,0.,1.));
#1171 = PLANE('',#1172);
#1172 = AXIS2_PLACEMENT_3D('',#1173,#1174,#1175);
#1173 = CARTESIAN_POINT('',(-132.2701933415,24.,0.));
#1174 = DIRECTION('',(0.,1.,0.));
#1175 = DIRECTION('',(1.,0.,0.));
#1176 = ADVANCED_FACE('',(#1177),#1195,.F.);
#1177 = FACE_BOUND('',#1178,.F.);
#1178 = EDGE_LOOP('',(#1179,#1180,#1181,#1189));
#1179 = ORIENTED_EDGE('',*,*,#89,.F.);
#1180 = ORIENTED_EDGE('',*,*,#1142,.T.);
#1181 = ORIENTED_EDGE('',*,*,#1182,.T.);
#1182 = EDGE_CURVE('',#1135,#1183,#1185,.T.);
#1183 = VERTEX_POINT('',#1184);
#1184 = CARTESIAN_POINT('',(-158.4062303326,-20.,2.8));
#1185 = LINE('',#1186,#1187);
#1186 = CARTESIAN_POINT('',(-158.4062303326,-12.,2.8));
#1187 = VECTOR('',#1188,1.);
#1188 = DIRECTION('',(0.,1.,0.));
#1189 = ORIENTED_EDGE('',*,*,#1190,.F.);
#1190 = EDGE_CURVE('',#90,#1183,#1191,.T.);
#1191 = LINE('',#1192,#1193);
#1192 = CARTESIAN_POINT('',(-158.4062303326,-20.,0.));
#1193 = VECTOR('',#1194,1.);
#1194 = DIRECTION('',(0.,0.,1.));
#1195 = PLANE('',#1196);
#1196 = AXIS2_PLACEMENT_3D('',#1197,#1198,#1199);
#1197 = CARTESIAN_POINT('',(-158.4062303326,-24.,0.));
#1198 = DIRECTION('',(-1.,0.,0.));
#1199 = DIRECTION('',(0.,1.,0.));
#1200 = ADVANCED_FACE('',(#1201),#1227,.T.);
#1201 = FACE_BOUND('',#1202,.T.);
#1202 = EDGE_LOOP('',(#1203,#1204,#1212,#1220,#1226));
#1203 = ORIENTED_EDGE('',*,*,#1166,.T.);
#1204 = ORIENTED_EDGE('',*,*,#1205,.T.);
#1205 = EDGE_CURVE('',#1159,#1206,#1208,.T.);
#1206 = VERTEX_POINT('',#1207);
#1207 = CARTESIAN_POINT('',(-124.7701933415,24.,4.));
#1208 = LINE('',#1209,#1210);
#1209 = CARTESIAN_POINT('',(-124.7701933415,24.,0.));
#1210 = VECTOR('',#1211,1.);
#1211 = DIRECTION('',(0.,0.,1.));
#1212 = ORIENTED_EDGE('',*,*,#1213,.T.);
#1213 = EDGE_CURVE('',#1206,#1214,#1216,.T.);
#1214 = VERTEX_POINT('',#1215);
#1215 = CARTESIAN_POINT('',(-124.7831288176,39.205387396585,4.));
#1216 = LINE('',#1217,#1218);
#1217 = CARTESIAN_POINT('',(-124.7701933415,24.,4.));
#1218 = VECTOR('',#1219,1.);
#1219 = DIRECTION('',(-8.507163359578E-04,0.999999638141,0.));
#1220 = ORIENTED_EDGE('',*,*,#1221,.F.);
#1221 = EDGE_CURVE('',#306,#1214,#1222,.T.);
#1222 = LINE('',#1223,#1224);
#1223 = CARTESIAN_POINT('',(-124.7831288176,39.205387396585,0.));
#1224 = VECTOR('',#1225,1.);
#1225 = DIRECTION('',(0.,0.,1.));
#1226 = ORIENTED_EDGE('',*,*,#313,.F.);
#1227 = PLANE('',#1228);
#1228 = AXIS2_PLACEMENT_3D('',#1229,#1230,#1231);
#1229 = CARTESIAN_POINT('',(-124.7701933415,24.,0.));
#1230 = DIRECTION('',(-0.999999638141,-8.507163359578E-04,0.));
#1231 = DIRECTION('',(-8.507163359578E-04,0.999999638141,0.));
#1232 = ADVANCED_FACE('',(#1233),#1251,.T.);
#1233 = FACE_BOUND('',#1234,.T.);
#1234 = EDGE_LOOP('',(#1235,#1236,#1244,#1250));
#1235 = ORIENTED_EDGE('',*,*,#97,.T.);
#1236 = ORIENTED_EDGE('',*,*,#1237,.T.);
#1237 = EDGE_CURVE('',#98,#1238,#1240,.T.);
#1238 = VERTEX_POINT('',#1239);
#1239 = CARTESIAN_POINT('',(-132.2528574806,-20.,2.8));
#1240 = LINE('',#1241,#1242);
#1241 = CARTESIAN_POINT('',(-132.2528574806,-20.,0.));
#1242 = VECTOR('',#1243,1.);
#1243 = DIRECTION('',(0.,0.,1.));
#1244 = ORIENTED_EDGE('',*,*,#1245,.T.);
#1245 = EDGE_CURVE('',#1238,#1183,#1246,.T.);
#1246 = LINE('',#1247,#1248);
#1247 = CARTESIAN_POINT('',(-145.3024330795,-20.,2.8));
#1248 = VECTOR('',#1249,1.);
#1249 = DIRECTION('',(-1.,0.,0.));
#1250 = ORIENTED_EDGE('',*,*,#1190,.F.);
#1251 = PLANE('',#1252);
#1252 = AXIS2_PLACEMENT_3D('',#1253,#1254,#1255);
#1253 = CARTESIAN_POINT('',(-145.3295439066,-20.,2.));
#1254 = DIRECTION('',(-0.,-1.,-0.));
#1255 = DIRECTION('',(0.,0.,-1.));
#1256 = ADVANCED_FACE('',(#1257),#1275,.T.);
#1257 = FACE_BOUND('',#1258,.T.);
#1258 = EDGE_LOOP('',(#1259,#1260,#1268,#1274));
#1259 = ORIENTED_EDGE('',*,*,#1221,.T.);
#1260 = ORIENTED_EDGE('',*,*,#1261,.T.);
#1261 = EDGE_CURVE('',#1214,#1262,#1264,.T.);
#1262 = VERTEX_POINT('',#1263);
#1263 = CARTESIAN_POINT('',(-83.20934407049,45.004079028252,4.));
#1264 = LINE('',#1265,#1266);
#1265 = CARTESIAN_POINT('',(-124.7831288176,39.205387396585,4.));
#1266 = VECTOR('',#1267,1.);
#1267 = DIRECTION('',(0.990412398593,0.138142248115,0.));
#1268 = ORIENTED_EDGE('',*,*,#1269,.F.);
#1269 = EDGE_CURVE('',#298,#1262,#1270,.T.);
#1270 = LINE('',#1271,#1272);
#1271 = CARTESIAN_POINT('',(-83.20934407049,45.004079028252,0.));
#1272 = VECTOR('',#1273,1.);
#1273 = DIRECTION('',(0.,0.,1.));
#1274 = ORIENTED_EDGE('',*,*,#305,.F.);
#1275 = PLANE('',#1276);
#1276 = AXIS2_PLACEMENT_3D('',#1277,#1278,#1279);
#1277 = CARTESIAN_POINT('',(-124.7831288176,39.205387396585,0.));
#1278 = DIRECTION('',(-0.138142248115,0.990412398593,0.));
#1279 = DIRECTION('',(0.990412398593,0.138142248115,0.));
#1280 = ADVANCED_FACE('',(#1281),#1299,.F.);
#1281 = FACE_BOUND('',#1282,.F.);
#1282 = EDGE_LOOP('',(#1283,#1284,#1285,#1293));
#1283 = ORIENTED_EDGE('',*,*,#105,.F.);
#1284 = ORIENTED_EDGE('',*,*,#1237,.T.);
#1285 = ORIENTED_EDGE('',*,*,#1286,.T.);
#1286 = EDGE_CURVE('',#1238,#1287,#1289,.T.);
#1287 = VERTEX_POINT('',#1288);
#1288 = CARTESIAN_POINT('',(-132.2528574806,-24.,2.8));
#1289 = LINE('',#1290,#1291);
#1290 = CARTESIAN_POINT('',(-132.2528574806,-10.,2.8));
#1291 = VECTOR('',#1292,1.);
#1292 = DIRECTION('',(0.,-1.,0.));
#1293 = ORIENTED_EDGE('',*,*,#1294,.F.);
#1294 = EDGE_CURVE('',#106,#1287,#1295,.T.);
#1295 = LINE('',#1296,#1297);
#1296 = CARTESIAN_POINT('',(-132.2528574806,-24.,0.));
#1297 = VECTOR('',#1298,1.);
#1298 = DIRECTION('',(0.,0.,1.));
#1299 = PLANE('',#1300);
#1300 = AXIS2_PLACEMENT_3D('',#1301,#1302,#1303);
#1301 = CARTESIAN_POINT('',(-132.2528574806,-20.,0.));
#1302 = DIRECTION('',(1.,0.,0.));
#1303 = DIRECTION('',(0.,-1.,0.));
#1304 = ADVANCED_FACE('',(#1305),#1323,.T.);
#1305 = FACE_BOUND('',#1306,.T.);
#1306 = EDGE_LOOP('',(#1307,#1308,#1316,#1322));
#1307 = ORIENTED_EDGE('',*,*,#1269,.T.);
#1308 = ORIENTED_EDGE('',*,*,#1309,.T.);
#1309 = EDGE_CURVE('',#1262,#1310,#1312,.T.);
#1310 = VERTEX_POINT('',#1311);
#1311 = CARTESIAN_POINT('',(-62.15645185049,45.004079028252,4.));
#1312 = LINE('',#1313,#1314);
#1313 = CARTESIAN_POINT('',(-83.20934407049,45.004079028252,4.));
#1314 = VECTOR('',#1315,1.);
#1315 = DIRECTION('',(1.,3.4E-16,0.));
#1316 = ORIENTED_EDGE('',*,*,#1317,.F.);
#1317 = EDGE_CURVE('',#289,#1310,#1318,.T.);
#1318 = LINE('',#1319,#1320);
#1319 = CARTESIAN_POINT('',(-62.15645185049,45.004079028252,0.));
#1320 = VECTOR('',#1321,1.);
#1321 = DIRECTION('',(0.,0.,1.));
#1322 = ORIENTED_EDGE('',*,*,#297,.F.);
#1323 = PLANE('',#1324);
#1324 = AXIS2_PLACEMENT_3D('',#1325,#1326,#1327);
#1325 = CARTESIAN_POINT('',(-83.20934407049,45.004079028252,0.));
#1326 = DIRECTION('',(-3.4E-16,1.,0.));
#1327 = DIRECTION('',(1.,3.4E-16,0.));
#1328 = ADVANCED_FACE('',(#1329),#1347,.F.);
#1329 = FACE_BOUND('',#1330,.F.);
#1330 = EDGE_LOOP('',(#1331,#1332,#1333,#1341));
#1331 = ORIENTED_EDGE('',*,*,#113,.F.);
#1332 = ORIENTED_EDGE('',*,*,#1294,.T.);
#1333 = ORIENTED_EDGE('',*,*,#1334,.T.);
#1334 = EDGE_CURVE('',#1287,#1335,#1337,.T.);
#1335 = VERTEX_POINT('',#1336);
#1336 = CARTESIAN_POINT('',(-124.7701933415,-24.,2.8));
#1337 = LINE('',#1338,#1339);
#1338 = CARTESIAN_POINT('',(-165.7804511631,-24.,2.8));
#1339 = VECTOR('',#1340,1.);
#1340 = DIRECTION('',(1.,0.,0.));
#1341 = ORIENTED_EDGE('',*,*,#1342,.F.);
#1342 = EDGE_CURVE('',#114,#1335,#1343,.T.);
#1343 = LINE('',#1344,#1345);
#1344 = CARTESIAN_POINT('',(-124.7701933415,-24.,0.));
#1345 = VECTOR('',#1346,1.);
#1346 = DIRECTION('',(0.,0.,1.));
#1347 = PLANE('',#1348);
#1348 = AXIS2_PLACEMENT_3D('',#1349,#1350,#1351);
#1349 = CARTESIAN_POINT('',(-132.2528574806,-24.,0.));
#1350 = DIRECTION('',(0.,1.,0.));
#1351 = DIRECTION('',(1.,0.,0.));
#1352 = ADVANCED_FACE('',(#1353),#1372,.T.);
#1353 = FACE_BOUND('',#1354,.F.);
#1354 = EDGE_LOOP('',(#1355,#1363,#1370,#1371));
#1355 = ORIENTED_EDGE('',*,*,#1356,.T.);
#1356 = EDGE_CURVE('',#281,#1357,#1359,.T.);
#1357 = VERTEX_POINT('',#1358);
#1358 = CARTESIAN_POINT('',(-55.69682929689,38.544456474644,4.));
#1359 = LINE('',#1360,#1361);
#1360 = CARTESIAN_POINT('',(-55.69682929689,38.544456474644,0.));
#1361 = VECTOR('',#1362,1.);
#1362 = DIRECTION('',(0.,0.,1.));
#1363 = ORIENTED_EDGE('',*,*,#1364,.T.);
#1364 = EDGE_CURVE('',#1357,#1310,#1365,.T.);
#1365 = CIRCLE('',#1366,6.459622553608);
#1366 = AXIS2_PLACEMENT_3D('',#1367,#1368,#1369);
#1367 = CARTESIAN_POINT('',(-62.15645185049,38.544456474644,4.));
#1368 = DIRECTION('',(0.,0.,1.));
#1369 = DIRECTION('',(1.,0.,0.));
#1370 = ORIENTED_EDGE('',*,*,#1317,.F.);
#1371 = ORIENTED_EDGE('',*,*,#288,.F.);
#1372 = CYLINDRICAL_SURFACE('',#1373,6.459622553608);
#1373 = AXIS2_PLACEMENT_3D('',#1374,#1375,#1376);
#1374 = CARTESIAN_POINT('',(-62.15645185049,38.544456474644,0.));
#1375 = DIRECTION('',(-0.,-0.,-1.));
#1376 = DIRECTION('',(1.,0.,0.));
#1377 = ADVANCED_FACE('',(#1378),#1404,.T.);
#1378 = FACE_BOUND('',#1379,.T.);
#1379 = EDGE_LOOP('',(#1380,#1388,#1396,#1402,#1403));
#1380 = ORIENTED_EDGE('',*,*,#1381,.T.);
#1381 = EDGE_CURVE('',#122,#1382,#1384,.T.);
#1382 = VERTEX_POINT('',#1383);
#1383 = CARTESIAN_POINT('',(-124.8266644074,-30.,4.));
#1384 = LINE('',#1385,#1386);
#1385 = CARTESIAN_POINT('',(-124.8266644074,-30.,0.));
#1386 = VECTOR('',#1387,1.);
#1387 = DIRECTION('',(0.,0.,1.));
#1388 = ORIENTED_EDGE('',*,*,#1389,.T.);
#1389 = EDGE_CURVE('',#1382,#1390,#1392,.T.);
#1390 = VERTEX_POINT('',#1391);
#1391 = CARTESIAN_POINT('',(-124.7701933415,-24.,4.));
#1392 = LINE('',#1393,#1394);
#1393 = CARTESIAN_POINT('',(-124.8266644074,-30.,4.));
#1394 = VECTOR('',#1395,1.);
#1395 = DIRECTION('',(9.411427477004E-03,0.999955711536,0.));
#1396 = ORIENTED_EDGE('',*,*,#1397,.F.);
#1397 = EDGE_CURVE('',#1335,#1390,#1398,.T.);
#1398 = LINE('',#1399,#1400);
#1399 = CARTESIAN_POINT('',(-124.7701933415,-24.,0.));
#1400 = VECTOR('',#1401,1.);
#1401 = DIRECTION('',(0.,0.,1.));
#1402 = ORIENTED_EDGE('',*,*,#1342,.F.);
#1403 = ORIENTED_EDGE('',*,*,#121,.F.);
#1404 = PLANE('',#1405);
#1405 = AXIS2_PLACEMENT_3D('',#1406,#1407,#1408);
#1406 = CARTESIAN_POINT('',(-124.8266644074,-30.,0.));
#1407 = DIRECTION('',(-0.999955711536,9.411427477004E-03,0.));
#1408 = DIRECTION('',(9.411427477004E-03,0.999955711536,0.));
#1409 = ADVANCED_FACE('',(#1410),#1428,.T.);
#1410 = FACE_BOUND('',#1411,.T.);
#1411 = EDGE_LOOP('',(#1412,#1413,#1421,#1427));
#1412 = ORIENTED_EDGE('',*,*,#1356,.T.);
#1413 = ORIENTED_EDGE('',*,*,#1414,.T.);
#1414 = EDGE_CURVE('',#1357,#1415,#1417,.T.);
#1415 = VERTEX_POINT('',#1416);
#1416 = CARTESIAN_POINT('',(-55.69682929689,25.592545054794,4.));
#1417 = LINE('',#1418,#1419);
#1418 = CARTESIAN_POINT('',(-55.69682929689,38.544456474644,4.));
#1419 = VECTOR('',#1420,1.);
#1420 = DIRECTION('',(0.,-1.,0.));
#1421 = ORIENTED_EDGE('',*,*,#1422,.F.);
#1422 = EDGE_CURVE('',#272,#1415,#1423,.T.);
#1423 = LINE('',#1424,#1425);
#1424 = CARTESIAN_POINT('',(-55.69682929689,25.592545054794,0.));
#1425 = VECTOR('',#1426,1.);
#1426 = DIRECTION('',(0.,0.,1.));
#1427 = ORIENTED_EDGE('',*,*,#280,.F.);
#1428 = PLANE('',#1429);
#1429 = AXIS2_PLACEMENT_3D('',#1430,#1431,#1432);
#1430 = CARTESIAN_POINT('',(-55.69682929689,38.544456474644,0.));
#1431 = DIRECTION('',(1.,0.,0.));
#1432 = DIRECTION('',(0.,-1.,0.));
#1433 = ADVANCED_FACE('',(#1434),#1452,.T.);
#1434 = FACE_BOUND('',#1435,.T.);
#1435 = EDGE_LOOP('',(#1436,#1444,#1450,#1451));
#1436 = ORIENTED_EDGE('',*,*,#1437,.T.);
#1437 = EDGE_CURVE('',#130,#1438,#1440,.T.);
#1438 = VERTEX_POINT('',#1439);
#1439 = CARTESIAN_POINT('',(-124.8266644074,-39.52657495999,4.));
#1440 = LINE('',#1441,#1442);
#1441 = CARTESIAN_POINT('',(-124.8266644074,-39.52657495999,0.));
#1442 = VECTOR('',#1443,1.);
#1443 = DIRECTION('',(0.,0.,1.));
#1444 = ORIENTED_EDGE('',*,*,#1445,.T.);
#1445 = EDGE_CURVE('',#1438,#1382,#1446,.T.);
#1446 = LINE('',#1447,#1448);
#1447 = CARTESIAN_POINT('',(-124.8266644074,-39.52657495999,4.));
#1448 = VECTOR('',#1449,1.);
#1449 = DIRECTION('',(0.,1.,0.));
#1450 = ORIENTED_EDGE('',*,*,#1381,.F.);
#1451 = ORIENTED_EDGE('',*,*,#129,.F.);
#1452 = PLANE('',#1453);
#1453 = AXIS2_PLACEMENT_3D('',#1454,#1455,#1456);
#1454 = CARTESIAN_POINT('',(-124.8266644074,-39.52657495999,0.));
#1455 = DIRECTION('',(-1.,0.,0.));
#1456 = DIRECTION('',(0.,1.,0.));
#1457 = ADVANCED_FACE('',(#1458),#1477,.F.);
#1458 = FACE_BOUND('',#1459,.T.);
#1459 = EDGE_LOOP('',(#1460,#1461,#1470,#1476));
#1460 = ORIENTED_EDGE('',*,*,#1422,.T.);
#1461 = ORIENTED_EDGE('',*,*,#1462,.T.);
#1462 = EDGE_CURVE('',#1415,#1463,#1465,.T.);
#1463 = VERTEX_POINT('',#1464);
#1464 = CARTESIAN_POINT('',(-49.70598188521,19.601697643119,4.));
#1465 = CIRCLE('',#1466,5.990847411675);
#1466 = AXIS2_PLACEMENT_3D('',#1467,#1468,#1469);
#1467 = CARTESIAN_POINT('',(-49.70598188521,25.592545054794,4.));
#1468 = DIRECTION('',(0.,0.,1.));
#1469 = DIRECTION('',(1.,0.,0.));
#1470 = ORIENTED_EDGE('',*,*,#1471,.F.);
#1471 = EDGE_CURVE('',#264,#1463,#1472,.T.);
#1472 = LINE('',#1473,#1474);
#1473 = CARTESIAN_POINT('',(-49.70598188521,19.601697643119,0.));
#1474 = VECTOR('',#1475,1.);
#1475 = DIRECTION('',(0.,0.,1.));
#1476 = ORIENTED_EDGE('',*,*,#271,.F.);
#1477 = CYLINDRICAL_SURFACE('',#1478,5.990847411675);
#1478 = AXIS2_PLACEMENT_3D('',#1479,#1480,#1481);
#1479 = CARTESIAN_POINT('',(-49.70598188521,25.592545054794,0.));
#1480 = DIRECTION('',(-0.,-0.,-1.));
#1481 = DIRECTION('',(1.,0.,0.));
#1482 = ADVANCED_FACE('',(#1483),#1501,.F.);
#1483 = FACE_BOUND('',#1484,.F.);
#1484 = EDGE_LOOP('',(#1485,#1486,#1494,#1500));
#1485 = ORIENTED_EDGE('',*,*,#1437,.T.);
#1486 = ORIENTED_EDGE('',*,*,#1487,.T.);
#1487 = EDGE_CURVE('',#1438,#1488,#1490,.T.);
#1488 = VERTEX_POINT('',#1489);
#1489 = CARTESIAN_POINT('',(-83.20934407049,-45.00407902825,4.));
#1490 = LINE('',#1491,#1492);
#1491 = CARTESIAN_POINT('',(-124.8266644074,-39.52657495999,4.));
#1492 = VECTOR('',#1493,1.);
#1493 = DIRECTION('',(0.991449547077,-0.130490595829,0.));
#1494 = ORIENTED_EDGE('',*,*,#1495,.F.);
#1495 = EDGE_CURVE('',#138,#1488,#1496,.T.);
#1496 = LINE('',#1497,#1498);
#1497 = CARTESIAN_POINT('',(-83.20934407049,-45.00407902825,0.));
#1498 = VECTOR('',#1499,1.);
#1499 = DIRECTION('',(0.,0.,1.));
#1500 = ORIENTED_EDGE('',*,*,#137,.F.);
#1501 = PLANE('',#1502);
#1502 = AXIS2_PLACEMENT_3D('',#1503,#1504,#1505);
#1503 = CARTESIAN_POINT('',(-124.8266644074,-39.52657495999,0.));
#1504 = DIRECTION('',(0.130490595829,0.991449547077,0.));
#1505 = DIRECTION('',(0.991449547077,-0.130490595829,0.));
#1506 = ADVANCED_FACE('',(#1507),#1525,.T.);
#1507 = FACE_BOUND('',#1508,.T.);
#1508 = EDGE_LOOP('',(#1509,#1510,#1518,#1524));
#1509 = ORIENTED_EDGE('',*,*,#1471,.T.);
#1510 = ORIENTED_EDGE('',*,*,#1511,.T.);
#1511 = EDGE_CURVE('',#1463,#1512,#1514,.T.);
#1512 = VERTEX_POINT('',#1513);
#1513 = CARTESIAN_POINT('',(50.031903464425,19.601697643119,4.));
#1514 = LINE('',#1515,#1516);
#1515 = CARTESIAN_POINT('',(-49.70598188521,19.601697643119,4.));
#1516 = VECTOR('',#1517,1.);
#1517 = DIRECTION('',(1.,0.,0.));
#1518 = ORIENTED_EDGE('',*,*,#1519,.F.);
#1519 = EDGE_CURVE('',#255,#1512,#1520,.T.);
#1520 = LINE('',#1521,#1522);
#1521 = CARTESIAN_POINT('',(50.031903464425,19.601697643119,0.));
#1522 = VECTOR('',#1523,1.);
#1523 = DIRECTION('',(0.,0.,1.));
#1524 = ORIENTED_EDGE('',*,*,#263,.F.);
#1525 = PLANE('',#1526);
#1526 = AXIS2_PLACEMENT_3D('',#1527,#1528,#1529);
#1527 = CARTESIAN_POINT('',(-49.70598188521,19.601697643119,0.));
#1528 = DIRECTION('',(0.,1.,0.));
#1529 = DIRECTION('',(1.,0.,0.));
#1530 = ADVANCED_FACE('',(#1531),#1549,.F.);
#1531 = FACE_BOUND('',#1532,.F.);
#1532 = EDGE_LOOP('',(#1533,#1534,#1542,#1548));
#1533 = ORIENTED_EDGE('',*,*,#1495,.T.);
#1534 = ORIENTED_EDGE('',*,*,#1535,.T.);
#1535 = EDGE_CURVE('',#1488,#1536,#1538,.T.);
#1536 = VERTEX_POINT('',#1537);
#1537 = CARTESIAN_POINT('',(-62.15645185049,-45.00407902825,4.));
#1538 = LINE('',#1539,#1540);
#1539 = CARTESIAN_POINT('',(-83.20934407049,-45.00407902825,4.));
#1540 = VECTOR('',#1541,1.);
#1541 = DIRECTION('',(1.,0.,0.));
#1542 = ORIENTED_EDGE('',*,*,#1543,.F.);
#1543 = EDGE_CURVE('',#146,#1536,#1544,.T.);
#1544 = LINE('',#1545,#1546);
#1545 = CARTESIAN_POINT('',(-62.15645185049,-45.00407902825,0.));
#1546 = VECTOR('',#1547,1.);
#1547 = DIRECTION('',(0.,0.,1.));
#1548 = ORIENTED_EDGE('',*,*,#145,.F.);
#1549 = PLANE('',#1550);
#1550 = AXIS2_PLACEMENT_3D('',#1551,#1552,#1553);
#1551 = CARTESIAN_POINT('',(-83.20934407049,-45.00407902825,0.));
#1552 = DIRECTION('',(0.,1.,0.));
#1553 = DIRECTION('',(1.,0.,0.));
#1554 = ADVANCED_FACE('',(#1555),#1574,.F.);
#1555 = FACE_BOUND('',#1556,.T.);
#1556 = EDGE_LOOP('',(#1557,#1558,#1567,#1573));
#1557 = ORIENTED_EDGE('',*,*,#1519,.T.);
#1558 = ORIENTED_EDGE('',*,*,#1559,.T.);
#1559 = EDGE_CURVE('',#1512,#1560,#1562,.T.);
#1560 = VERTEX_POINT('',#1561);
#1561 = CARTESIAN_POINT('',(56.022555822026,25.640888,4.));
#1562 = CIRCLE('',#1563,5.990847411675);
#1563 = AXIS2_PLACEMENT_3D('',#1564,#1565,#1566);
#1564 = CARTESIAN_POINT('',(50.031903464425,25.592545054794,4.));
#1565 = DIRECTION('',(0.,0.,1.));
#1566 = DIRECTION('',(1.,0.,0.));
#1567 = ORIENTED_EDGE('',*,*,#1568,.F.);
#1568 = EDGE_CURVE('',#247,#1560,#1569,.T.);
#1569 = LINE('',#1570,#1571);
#1570 = CARTESIAN_POINT('',(56.022555822026,25.640888,0.));
#1571 = VECTOR('',#1572,1.);
#1572 = DIRECTION('',(0.,0.,1.));
#1573 = ORIENTED_EDGE('',*,*,#254,.F.);
#1574 = CYLINDRICAL_SURFACE('',#1575,5.990847411675);
#1575 = AXIS2_PLACEMENT_3D('',#1576,#1577,#1578);
#1576 = CARTESIAN_POINT('',(50.031903464425,25.592545054794,0.));
#1577 = DIRECTION('',(-0.,-0.,-1.));
#1578 = DIRECTION('',(1.,0.,0.));
#1579 = ADVANCED_FACE('',(#1580),#1599,.T.);
#1580 = FACE_BOUND('',#1581,.F.);
#1581 = EDGE_LOOP('',(#1582,#1583,#1592,#1598));
#1582 = ORIENTED_EDGE('',*,*,#1543,.T.);
#1583 = ORIENTED_EDGE('',*,*,#1584,.T.);
#1584 = EDGE_CURVE('',#1536,#1585,#1587,.T.);
#1585 = VERTEX_POINT('',#1586);
#1586 = CARTESIAN_POINT('',(-55.69682929689,-38.54445647464,4.));
#1587 = CIRCLE('',#1588,6.459622553608);
#1588 = AXIS2_PLACEMENT_3D('',#1589,#1590,#1591);
#1589 = CARTESIAN_POINT('',(-62.15645185049,-38.54445647464,4.));
#1590 = DIRECTION('',(0.,0.,1.));
#1591 = DIRECTION('',(1.,0.,0.));
#1592 = ORIENTED_EDGE('',*,*,#1593,.F.);
#1593 = EDGE_CURVE('',#154,#1585,#1594,.T.);
#1594 = LINE('',#1595,#1596);
#1595 = CARTESIAN_POINT('',(-55.69682929689,-38.54445647464,0.));
#1596 = VECTOR('',#1597,1.);
#1597 = DIRECTION('',(0.,0.,1.));
#1598 = ORIENTED_EDGE('',*,*,#153,.F.);
#1599 = CYLINDRICAL_SURFACE('',#1600,6.459622553608);
#1600 = AXIS2_PLACEMENT_3D('',#1601,#1602,#1603);
#1601 = CARTESIAN_POINT('',(-62.15645185049,-38.54445647464,0.));
#1602 = DIRECTION('',(-0.,-0.,-1.));
#1603 = DIRECTION('',(1.,0.,0.));
#1604 = ADVANCED_FACE('',(#1605),#1623,.F.);
#1605 = FACE_BOUND('',#1606,.F.);
#1606 = EDGE_LOOP('',(#1607,#1615,#1621,#1622));
#1607 = ORIENTED_EDGE('',*,*,#1608,.T.);
#1608 = EDGE_CURVE('',#238,#1609,#1611,.T.);
#1609 = VERTEX_POINT('',#1610);
#1610 = CARTESIAN_POINT('',(56.022555822026,39.315126,4.));
#1611 = LINE('',#1612,#1613);
#1612 = CARTESIAN_POINT('',(56.022555822026,39.315126,0.));
#1613 = VECTOR('',#1614,1.);
#1614 = DIRECTION('',(0.,0.,1.));
#1615 = ORIENTED_EDGE('',*,*,#1616,.T.);
#1616 = EDGE_CURVE('',#1609,#1560,#1617,.T.);
#1617 = LINE('',#1618,#1619);
#1618 = CARTESIAN_POINT('',(56.022555822026,39.315126,4.));
#1619 = VECTOR('',#1620,1.);
#1620 = DIRECTION('',(0.,-1.,0.));
#1621 = ORIENTED_EDGE('',*,*,#1568,.F.);
#1622 = ORIENTED_EDGE('',*,*,#246,.F.);
#1623 = PLANE('',#1624);
#1624 = AXIS2_PLACEMENT_3D('',#1625,#1626,#1627);
#1625 = CARTESIAN_POINT('',(56.022555822026,39.315126,0.));
#1626 = DIRECTION('',(1.,0.,0.));
#1627 = DIRECTION('',(0.,-1.,0.));
#1628 = ADVANCED_FACE('',(#1629),#1647,.T.);
#1629 = FACE_BOUND('',#1630,.T.);
#1630 = EDGE_LOOP('',(#1631,#1639,#1645,#1646));
#1631 = ORIENTED_EDGE('',*,*,#1632,.T.);
#1632 = EDGE_CURVE('',#163,#1633,#1635,.T.);
#1633 = VERTEX_POINT('',#1634);
#1634 = CARTESIAN_POINT('',(-55.69682929689,-25.98941353486,4.));
#1635 = LINE('',#1636,#1637);
#1636 = CARTESIAN_POINT('',(-55.69682929689,-25.98941353486,0.));
#1637 = VECTOR('',#1638,1.);
#1638 = DIRECTION('',(0.,0.,1.));
#1639 = ORIENTED_EDGE('',*,*,#1640,.T.);
#1640 = EDGE_CURVE('',#1633,#1585,#1641,.T.);
#1641 = LINE('',#1642,#1643);
#1642 = CARTESIAN_POINT('',(-55.69682929689,-25.98941353486,4.));
#1643 = VECTOR('',#1644,1.);
#1644 = DIRECTION('',(0.,-1.,0.));
#1645 = ORIENTED_EDGE('',*,*,#1593,.F.);
#1646 = ORIENTED_EDGE('',*,*,#162,.F.);
#1647 = PLANE('',#1648);
#1648 = AXIS2_PLACEMENT_3D('',#1649,#1650,#1651);
#1649 = CARTESIAN_POINT('',(-55.69682929689,-25.98941353486,0.));
#1650 = DIRECTION('',(1.,0.,0.));
#1651 = DIRECTION('',(0.,-1.,0.));
#1652 = ADVANCED_FACE('',(#1653),#1672,.T.);
#1653 = FACE_BOUND('',#1654,.F.);
#1654 = EDGE_LOOP('',(#1655,#1663,#1670,#1671));
#1655 = ORIENTED_EDGE('',*,*,#1656,.T.);
#1656 = EDGE_CURVE('',#230,#1657,#1659,.T.);
#1657 = VERTEX_POINT('',#1658);
#1658 = CARTESIAN_POINT('',(61.634873999688,45.,4.));
#1659 = LINE('',#1660,#1661);
#1660 = CARTESIAN_POINT('',(61.634873999688,45.,0.));
#1661 = VECTOR('',#1662,1.);
#1662 = DIRECTION('',(0.,0.,1.));
#1663 = ORIENTED_EDGE('',*,*,#1664,.T.);
#1664 = EDGE_CURVE('',#1657,#1609,#1665,.T.);
#1665 = CIRCLE('',#1666,5.685644785582);
#1666 = AXIS2_PLACEMENT_3D('',#1667,#1668,#1669);
#1667 = CARTESIAN_POINT('',(61.708200599802,39.314828073178,4.));
#1668 = DIRECTION('',(0.,0.,1.));
#1669 = DIRECTION('',(1.,0.,0.));
#1670 = ORIENTED_EDGE('',*,*,#1608,.F.);
#1671 = ORIENTED_EDGE('',*,*,#237,.F.);
#1672 = CYLINDRICAL_SURFACE('',#1673,5.685644785582);
#1673 = AXIS2_PLACEMENT_3D('',#1674,#1675,#1676);
#1674 = CARTESIAN_POINT('',(61.708200599802,39.314828073178,0.));
#1675 = DIRECTION('',(-0.,-0.,-1.));
#1676 = DIRECTION('',(1.,0.,0.));
#1677 = ADVANCED_FACE('',(#1678),#1697,.F.);
#1678 = FACE_BOUND('',#1679,.T.);
#1679 = EDGE_LOOP('',(#1680,#1688,#1695,#1696));
#1680 = ORIENTED_EDGE('',*,*,#1681,.T.);
#1681 = EDGE_CURVE('',#171,#1682,#1684,.T.);
#1682 = VERTEX_POINT('',#1683);
#1683 = CARTESIAN_POINT('',(-49.70598188521,-19.99856612318,4.));
#1684 = LINE('',#1685,#1686);
#1685 = CARTESIAN_POINT('',(-49.70598188521,-19.99856612318,0.));
#1686 = VECTOR('',#1687,1.);
#1687 = DIRECTION('',(0.,0.,1.));
#1688 = ORIENTED_EDGE('',*,*,#1689,.T.);
#1689 = EDGE_CURVE('',#1682,#1633,#1690,.T.);
#1690 = CIRCLE('',#1691,5.990847411675);
#1691 = AXIS2_PLACEMENT_3D('',#1692,#1693,#1694);
#1692 = CARTESIAN_POINT('',(-49.70598188521,-25.98941353486,4.));
#1693 = DIRECTION('',(0.,0.,1.));
#1694 = DIRECTION('',(1.,0.,0.));
#1695 = ORIENTED_EDGE('',*,*,#1632,.F.);
#1696 = ORIENTED_EDGE('',*,*,#170,.F.);
#1697 = CYLINDRICAL_SURFACE('',#1698,5.990847411675);
#1698 = AXIS2_PLACEMENT_3D('',#1699,#1700,#1701);
#1699 = CARTESIAN_POINT('',(-49.70598188521,-25.98941353486,0.));
#1700 = DIRECTION('',(-0.,-0.,-1.));
#1701 = DIRECTION('',(1.,0.,0.));
#1702 = ADVANCED_FACE('',(#1703),#1721,.T.);
#1703 = FACE_BOUND('',#1704,.T.);
#1704 = EDGE_LOOP('',(#1705,#1706,#1714,#1720));
#1705 = ORIENTED_EDGE('',*,*,#1656,.T.);
#1706 = ORIENTED_EDGE('',*,*,#1707,.T.);
#1707 = EDGE_CURVE('',#1657,#1708,#1710,.T.);
#1708 = VERTEX_POINT('',#1709);
#1709 = CARTESIAN_POINT('',(172.71954883688,45.,4.));
#1710 = LINE('',#1711,#1712);
#1711 = CARTESIAN_POINT('',(61.634873999688,45.,4.));
#1712 = VECTOR('',#1713,1.);
#1713 = DIRECTION('',(1.,0.,0.));
#1714 = ORIENTED_EDGE('',*,*,#1715,.F.);
#1715 = EDGE_CURVE('',#222,#1708,#1716,.T.);
#1716 = LINE('',#1717,#1718);
#1717 = CARTESIAN_POINT('',(172.71954883688,45.,0.));
#1718 = VECTOR('',#1719,1.);
#1719 = DIRECTION('',(0.,0.,1.));
#1720 = ORIENTED_EDGE('',*,*,#229,.F.);
#1721 = PLANE('',#1722);
#1722 = AXIS2_PLACEMENT_3D('',#1723,#1724,#1725);
#1723 = CARTESIAN_POINT('',(61.634873999688,45.,0.));
#1724 = DIRECTION('',(0.,1.,0.));
#1725 = DIRECTION('',(1.,0.,0.));
#1726 = ADVANCED_FACE('',(#1727),#1745,.T.);
#1727 = FACE_BOUND('',#1728,.T.);
#1728 = EDGE_LOOP('',(#1729,#1737,#1743,#1744));
#1729 = ORIENTED_EDGE('',*,*,#1730,.T.);
#1730 = EDGE_CURVE('',#180,#1731,#1733,.T.);
#1731 = VERTEX_POINT('',#1732);
#1732 = CARTESIAN_POINT('',(50.033365172597,-19.99856612318,4.));
#1733 = LINE('',#1734,#1735);
#1734 = CARTESIAN_POINT('',(50.033365172597,-19.99856612318,0.));
#1735 = VECTOR('',#1736,1.);
#1736 = DIRECTION('',(0.,0.,1.));
#1737 = ORIENTED_EDGE('',*,*,#1738,.T.);
#1738 = EDGE_CURVE('',#1731,#1682,#1739,.T.);
#1739 = LINE('',#1740,#1741);
#1740 = CARTESIAN_POINT('',(50.033365172597,-19.99856612318,4.));
#1741 = VECTOR('',#1742,1.);
#1742 = DIRECTION('',(-1.,0.,0.));
#1743 = ORIENTED_EDGE('',*,*,#1681,.F.);
#1744 = ORIENTED_EDGE('',*,*,#179,.F.);
#1745 = PLANE('',#1746);
#1746 = AXIS2_PLACEMENT_3D('',#1747,#1748,#1749);
#1747 = CARTESIAN_POINT('',(50.033365172597,-19.99856612318,0.));
#1748 = DIRECTION('',(0.,-1.,0.));
#1749 = DIRECTION('',(-1.,0.,0.));
#1750 = ADVANCED_FACE('',(#1751),#1769,.T.);
#1751 = FACE_BOUND('',#1752,.T.);
#1752 = EDGE_LOOP('',(#1753,#1754,#1762,#1768));
#1753 = ORIENTED_EDGE('',*,*,#1715,.T.);
#1754 = ORIENTED_EDGE('',*,*,#1755,.T.);
#1755 = EDGE_CURVE('',#1708,#1756,#1758,.T.);
#1756 = VERTEX_POINT('',#1757);
#1757 = CARTESIAN_POINT('',(172.71954883688,-45.,4.));
#1758 = LINE('',#1759,#1760);
#1759 = CARTESIAN_POINT('',(172.71954883688,45.,4.));
#1760 = VECTOR('',#1761,1.);
#1761 = DIRECTION('',(0.,-1.,0.));
#1762 = ORIENTED_EDGE('',*,*,#1763,.F.);
#1763 = EDGE_CURVE('',#214,#1756,#1764,.T.);
#1764 = LINE('',#1765,#1766);
#1765 = CARTESIAN_POINT('',(172.71954883688,-45.,0.));
#1766 = VECTOR('',#1767,1.);
#1767 = DIRECTION('',(0.,0.,1.));
#1768 = ORIENTED_EDGE('',*,*,#221,.F.);
#1769 = PLANE('',#1770);
#1770 = AXIS2_PLACEMENT_3D('',#1771,#1772,#1773);
#1771 = CARTESIAN_POINT('',(172.71954883688,45.,0.));
#1772 = DIRECTION('',(1.,0.,0.));
#1773 = DIRECTION('',(0.,-1.,0.));
#1774 = ADVANCED_FACE('',(#1775),#1794,.F.);
#1775 = FACE_BOUND('',#1776,.T.);
#1776 = EDGE_LOOP('',(#1777,#1785,#1792,#1793));
#1777 = ORIENTED_EDGE('',*,*,#1778,.T.);
#1778 = EDGE_CURVE('',#188,#1779,#1781,.T.);
#1779 = VERTEX_POINT('',#1780);
#1780 = CARTESIAN_POINT('',(56.014021432854,-25.6401236744,4.));
#1781 = LINE('',#1782,#1783);
#1782 = CARTESIAN_POINT('',(56.014021432854,-25.6401236744,0.));
#1783 = VECTOR('',#1784,1.);
#1784 = DIRECTION('',(0.,0.,1.));
#1785 = ORIENTED_EDGE('',*,*,#1786,.T.);
#1786 = EDGE_CURVE('',#1779,#1731,#1787,.T.);
#1787 = CIRCLE('',#1788,5.990847411675);
#1788 = AXIS2_PLACEMENT_3D('',#1789,#1790,#1791);
#1789 = CARTESIAN_POINT('',(50.033365172597,-25.98941353486,4.));
#1790 = DIRECTION('',(0.,0.,1.));
#1791 = DIRECTION('',(1.,0.,0.));
#1792 = ORIENTED_EDGE('',*,*,#1730,.F.);
#1793 = ORIENTED_EDGE('',*,*,#187,.F.);
#1794 = CYLINDRICAL_SURFACE('',#1795,5.990847411675);
#1795 = AXIS2_PLACEMENT_3D('',#1796,#1797,#1798);
#1796 = CARTESIAN_POINT('',(50.033365172597,-25.98941353486,0.));
#1797 = DIRECTION('',(-0.,-0.,-1.));
#1798 = DIRECTION('',(1.,0.,0.));
#1799 = ADVANCED_FACE('',(#1800),#1818,.F.);
#1800 = FACE_BOUND('',#1801,.F.);
#1801 = EDGE_LOOP('',(#1802,#1810,#1816,#1817));
#1802 = ORIENTED_EDGE('',*,*,#1803,.T.);
#1803 = EDGE_CURVE('',#205,#1804,#1806,.T.);
#1804 = VERTEX_POINT('',#1805);
#1805 = CARTESIAN_POINT('',(61.708236999688,-45.,4.));
#1806 = LINE('',#1807,#1808);
#1807 = CARTESIAN_POINT('',(61.708236999688,-45.,0.));
#1808 = VECTOR('',#1809,1.);
#1809 = DIRECTION('',(0.,0.,1.));
#1810 = ORIENTED_EDGE('',*,*,#1811,.T.);
#1811 = EDGE_CURVE('',#1804,#1756,#1812,.T.);
#1812 = LINE('',#1813,#1814);
#1813 = CARTESIAN_POINT('',(61.708236999688,-45.,4.));
#1814 = VECTOR('',#1815,1.);
#1815 = DIRECTION('',(1.,0.,0.));
#1816 = ORIENTED_EDGE('',*,*,#1763,.F.);
#1817 = ORIENTED_EDGE('',*,*,#213,.F.);
#1818 = PLANE('',#1819);
#1819 = AXIS2_PLACEMENT_3D('',#1820,#1821,#1822);
#1820 = CARTESIAN_POINT('',(61.708236999688,-45.,0.));
#1821 = DIRECTION('',(0.,1.,0.));
#1822 = DIRECTION('',(1.,0.,0.));
#1823 = ADVANCED_FACE('',(#1824),#1842,.F.);
#1824 = FACE_BOUND('',#1825,.F.);
#1825 = EDGE_LOOP('',(#1826,#1827,#1835,#1841));
#1826 = ORIENTED_EDGE('',*,*,#1778,.T.);
#1827 = ORIENTED_EDGE('',*,*,#1828,.T.);
#1828 = EDGE_CURVE('',#1779,#1829,#1831,.T.);
#1829 = VERTEX_POINT('',#1830);
#1830 = CARTESIAN_POINT('',(56.014021432854,-39.3143616744,4.));
#1831 = LINE('',#1832,#1833);
#1832 = CARTESIAN_POINT('',(56.014021432854,-25.6401236744,4.));
#1833 = VECTOR('',#1834,1.);
#1834 = DIRECTION('',(0.,-1.,0.));
#1835 = ORIENTED_EDGE('',*,*,#1836,.F.);
#1836 = EDGE_CURVE('',#197,#1829,#1837,.T.);
#1837 = LINE('',#1838,#1839);
#1838 = CARTESIAN_POINT('',(56.014021432854,-39.3143616744,0.));
#1839 = VECTOR('',#1840,1.);
#1840 = DIRECTION('',(0.,0.,1.));
#1841 = ORIENTED_EDGE('',*,*,#196,.F.);
#1842 = PLANE('',#1843);
#1843 = AXIS2_PLACEMENT_3D('',#1844,#1845,#1846);
#1844 = CARTESIAN_POINT('',(56.014021432854,-25.6401236744,0.));
#1845 = DIRECTION('',(1.,0.,0.));
#1846 = DIRECTION('',(0.,-1.,0.));
#1847 = ADVANCED_FACE('',(#1848),#1860,.T.);
#1848 = FACE_BOUND('',#1849,.F.);
#1849 = EDGE_LOOP('',(#1850,#1851,#1858,#1859));
#1850 = ORIENTED_EDGE('',*,*,#1836,.T.);
#1851 = ORIENTED_EDGE('',*,*,#1852,.T.);
#1852 = EDGE_CURVE('',#1829,#1804,#1853,.T.);
#1853 = CIRCLE('',#1854,5.685644785582);
#1854 = AXIS2_PLACEMENT_3D('',#1855,#1856,#1857);
#1855 = CARTESIAN_POINT('',(61.699666218435,-39.3143616744,4.));
#1856 = DIRECTION('',(0.,0.,1.));
#1857 = DIRECTION('',(1.,0.,0.));
#1858 = ORIENTED_EDGE('',*,*,#1803,.F.);
#1859 = ORIENTED_EDGE('',*,*,#204,.F.);
#1860 = CYLINDRICAL_SURFACE('',#1861,5.685644785582);
#1861 = AXIS2_PLACEMENT_3D('',#1862,#1863,#1864);
#1862 = CARTESIAN_POINT('',(61.699666218435,-39.3143616744,0.));
#1863 = DIRECTION('',(-0.,-0.,-1.));
#1864 = DIRECTION('',(1.,0.,0.));
#1865 = ADVANCED_FACE('',(#1866),#1894,.F.);
#1866 = FACE_BOUND('',#1867,.T.);
#1867 = EDGE_LOOP('',(#1868,#1876,#1877,#1878,#1887));
#1868 = ORIENTED_EDGE('',*,*,#1869,.F.);
#1869 = EDGE_CURVE('',#378,#1870,#1872,.T.);
#1870 = VERTEX_POINT('',#1871);
#1871 = CARTESIAN_POINT('',(-102.2092129136,-36.,1.65));
#1872 = LINE('',#1873,#1874);
#1873 = CARTESIAN_POINT('',(-103.8592129136,-36.,0.));
#1874 = VECTOR('',#1875,1.);
#1875 = DIRECTION('',(0.707106781187,0.,0.707106781187));
#1876 = ORIENTED_EDGE('',*,*,#377,.T.);
#1877 = ORIENTED_EDGE('',*,*,#1869,.T.);
#1878 = ORIENTED_EDGE('',*,*,#1879,.F.);
#1879 = EDGE_CURVE('',#1880,#1870,#1882,.T.);
#1880 = VERTEX_POINT('',#1881);
#1881 = CARTESIAN_POINT('',(-99.40921291367,-36.,1.65));
#1882 = CIRCLE('',#1883,1.4);
#1883 = AXIS2_PLACEMENT_3D('',#1884,#1885,#1886);
#1884 = CARTESIAN_POINT('',(-100.8092129136,-36.,1.65));
#1885 = DIRECTION('',(0.,0.,-1.));
#1886 = DIRECTION('',(0.,1.,0.));
#1887 = ORIENTED_EDGE('',*,*,#1888,.F.);
#1888 = EDGE_CURVE('',#1870,#1880,#1889,.T.);
#1889 = CIRCLE('',#1890,1.4);
#1890 = AXIS2_PLACEMENT_3D('',#1891,#1892,#1893);
#1891 = CARTESIAN_POINT('',(-100.8092129136,-36.,1.65));
#1892 = DIRECTION('',(0.,0.,-1.));
#1893 = DIRECTION('',(0.,1.,0.));
#1894 = CONICAL_SURFACE('',#1895,3.05,0.785398163397);
#1895 = AXIS2_PLACEMENT_3D('',#1896,#1897,#1898);
#1896 = CARTESIAN_POINT('',(-100.8092129136,-36.,0.));
#1897 = DIRECTION('',(-0.,-0.,-1.));
#1898 = DIRECTION('',(-1.,0.,0.));
#1899 = ADVANCED_FACE('',(#1900),#1928,.F.);
#1900 = FACE_BOUND('',#1901,.T.);
#1901 = EDGE_LOOP('',(#1902,#1910,#1911,#1912,#1921));
#1902 = ORIENTED_EDGE('',*,*,#1903,.F.);
#1903 = EDGE_CURVE('',#389,#1904,#1906,.T.);
#1904 = VERTEX_POINT('',#1905);
#1905 = CARTESIAN_POINT('',(-75.4,-41.,1.65));
#1906 = LINE('',#1907,#1908);
#1907 = CARTESIAN_POINT('',(-77.05,-41.,0.));
#1908 = VECTOR('',#1909,1.);
#1909 = DIRECTION('',(0.707106781187,0.,0.707106781187));
#1910 = ORIENTED_EDGE('',*,*,#388,.T.);
#1911 = ORIENTED_EDGE('',*,*,#1903,.T.);
#1912 = ORIENTED_EDGE('',*,*,#1913,.F.);
#1913 = EDGE_CURVE('',#1914,#1904,#1916,.T.);
#1914 = VERTEX_POINT('',#1915);
#1915 = CARTESIAN_POINT('',(-72.6,-41.,1.65));
#1916 = CIRCLE('',#1917,1.4);
#1917 = AXIS2_PLACEMENT_3D('',#1918,#1919,#1920);
#1918 = CARTESIAN_POINT('',(-74.,-41.,1.65));
#1919 = DIRECTION('',(0.,0.,-1.));
#1920 = DIRECTION('',(0.,1.,0.));
#1921 = ORIENTED_EDGE('',*,*,#1922,.F.);
#1922 = EDGE_CURVE('',#1904,#1914,#1923,.T.);
#1923 = CIRCLE('',#1924,1.4);
#1924 = AXIS2_PLACEMENT_3D('',#1925,#1926,#1927);
#1925 = CARTESIAN_POINT('',(-74.,-41.,1.65));
#1926 = DIRECTION('',(0.,0.,-1.));
#1927 = DIRECTION('',(0.,1.,0.));
#1928 = CONICAL_SURFACE('',#1929,3.05,0.785398163397);
#1929 = AXIS2_PLACEMENT_3D('',#1930,#1931,#1932);
#1930 = CARTESIAN_POINT('',(-74.,-41.,0.));
#1931 = DIRECTION('',(-0.,-0.,-1.));
#1932 = DIRECTION('',(-1.,0.,0.));
#1933 = ADVANCED_FACE('',(#1934),#1953,.F.);
#1934 = FACE_BOUND('',#1935,.T.);
#1935 = EDGE_LOOP('',(#1936,#1944,#1945,#1946));
#1936 = ORIENTED_EDGE('',*,*,#1937,.F.);
#1937 = EDGE_CURVE('',#400,#1938,#1940,.T.);
#1938 = VERTEX_POINT('',#1939);
#1939 = CARTESIAN_POINT('',(-62.85645185049,-38.54445647464,2.35));
#1940 = LINE('',#1941,#1942);
#1941 = CARTESIAN_POINT('',(-65.20645185049,-38.54445647464,0.));
#1942 = VECTOR('',#1943,1.);
#1943 = DIRECTION('',(0.707106781187,0.,0.707106781187));
#1944 = ORIENTED_EDGE('',*,*,#399,.T.);
#1945 = ORIENTED_EDGE('',*,*,#1937,.T.);
#1946 = ORIENTED_EDGE('',*,*,#1947,.F.);
#1947 = EDGE_CURVE('',#1938,#1938,#1948,.T.);
#1948 = CIRCLE('',#1949,0.7);
#1949 = AXIS2_PLACEMENT_3D('',#1950,#1951,#1952);
#1950 = CARTESIAN_POINT('',(-62.15645185049,-38.54445647464,2.35));
#1951 = DIRECTION('',(0.,0.,-1.));
#1952 = DIRECTION('',(-1.,0.,0.));
#1953 = CONICAL_SURFACE('',#1954,3.05,0.785398163397);
#1954 = AXIS2_PLACEMENT_3D('',#1955,#1956,#1957);
#1955 = CARTESIAN_POINT('',(-62.15645185049,-38.54445647464,0.));
#1956 = DIRECTION('',(-0.,-0.,-1.));
#1957 = DIRECTION('',(-1.,0.,0.));
#1958 = ADVANCED_FACE('',(#1959),#1987,.F.);
#1959 = FACE_BOUND('',#1960,.T.);
#1960 = EDGE_LOOP('',(#1961,#1969,#1970,#1971,#1980));
#1961 = ORIENTED_EDGE('',*,*,#1962,.F.);
#1962 = EDGE_CURVE('',#411,#1963,#1965,.T.);
#1963 = VERTEX_POINT('',#1964);
#1964 = CARTESIAN_POINT('',(-92.70921291367,-36.,1.65));
#1965 = LINE('',#1966,#1967);
#1966 = CARTESIAN_POINT('',(-94.35921291367,-36.,0.));
#1967 = VECTOR('',#1968,1.);
#1968 = DIRECTION('',(0.707106781187,0.,0.707106781187));
#1969 = ORIENTED_EDGE('',*,*,#410,.T.);
#1970 = ORIENTED_EDGE('',*,*,#1962,.T.);
#1971 = ORIENTED_EDGE('',*,*,#1972,.F.);
#1972 = EDGE_CURVE('',#1973,#1963,#1975,.T.);
#1973 = VERTEX_POINT('',#1974);
#1974 = CARTESIAN_POINT('',(-89.90921291367,-36.,1.65));
#1975 = CIRCLE('',#1976,1.4);
#1976 = AXIS2_PLACEMENT_3D('',#1977,#1978,#1979);
#1977 = CARTESIAN_POINT('',(-91.30921291367,-36.,1.65));
#1978 = DIRECTION('',(0.,0.,-1.));
#1979 = DIRECTION('',(0.,1.,0.));
#1980 = ORIENTED_EDGE('',*,*,#1981,.F.);
#1981 = EDGE_CURVE('',#1963,#1973,#1982,.T.);
#1982 = CIRCLE('',#1983,1.4);
#1983 = AXIS2_PLACEMENT_3D('',#1984,#1985,#1986);
#1984 = CARTESIAN_POINT('',(-91.30921291367,-36.,1.65));
#1985 = DIRECTION('',(0.,0.,-1.));
#1986 = DIRECTION('',(0.,1.,0.));
#1987 = CONICAL_SURFACE('',#1988,3.05,0.785398163397);
#1988 = AXIS2_PLACEMENT_3D('',#1989,#1990,#1991);
#1989 = CARTESIAN_POINT('',(-91.30921291367,-36.,0.));
#1990 = DIRECTION('',(-0.,-0.,-1.));
#1991 = DIRECTION('',(-1.,0.,0.));
#1992 = ADVANCED_FACE('',(#1993),#2021,.F.);
#1993 = FACE_BOUND('',#1994,.T.);
#1994 = EDGE_LOOP('',(#1995,#2003,#2004,#2005,#2014));
#1995 = ORIENTED_EDGE('',*,*,#1996,.F.);
#1996 = EDGE_CURVE('',#422,#1997,#1999,.T.);
#1997 = VERTEX_POINT('',#1998);
#1998 = CARTESIAN_POINT('',(-171.6804511631,-20.,1.65));
#1999 = LINE('',#2000,#2001);
#2000 = CARTESIAN_POINT('',(-173.3304511631,-20.,0.));
#2001 = VECTOR('',#2002,1.);
#2002 = DIRECTION('',(0.707106781187,0.,0.707106781187));
#2003 = ORIENTED_EDGE('',*,*,#421,.T.);
#2004 = ORIENTED_EDGE('',*,*,#1996,.T.);
#2005 = ORIENTED_EDGE('',*,*,#2006,.F.);
#2006 = EDGE_CURVE('',#2007,#1997,#2009,.T.);
#2007 = VERTEX_POINT('',#2008);
#2008 = CARTESIAN_POINT('',(-168.8804511631,-20.,1.65));
#2009 = CIRCLE('',#2010,1.4);
#2010 = AXIS2_PLACEMENT_3D('',#2011,#2012,#2013);
#2011 = CARTESIAN_POINT('',(-170.2804511631,-20.,1.65));
#2012 = DIRECTION('',(0.,0.,-1.));
#2013 = DIRECTION('',(0.,1.,0.));
#2014 = ORIENTED_EDGE('',*,*,#2015,.F.);
#2015 = EDGE_CURVE('',#1997,#2007,#2016,.T.);
#2016 = CIRCLE('',#2017,1.4);
#2017 = AXIS2_PLACEMENT_3D('',#2018,#2019,#2020);
#2018 = CARTESIAN_POINT('',(-170.2804511631,-20.,1.65));
#2019 = DIRECTION('',(0.,0.,-1.));
#2020 = DIRECTION('',(0.,1.,0.));
#2021 = CONICAL_SURFACE('',#2022,3.05,0.785398163397);
#2022 = AXIS2_PLACEMENT_3D('',#2023,#2024,#2025);
#2023 = CARTESIAN_POINT('',(-170.2804511631,-20.,0.));
#2024 = DIRECTION('',(-0.,-0.,-1.));
#2025 = DIRECTION('',(-1.,0.,0.));
#2026 = ADVANCED_FACE('',(#2027),#2055,.F.);
#2027 = FACE_BOUND('',#2028,.T.);
#2028 = EDGE_LOOP('',(#2029,#2037,#2038,#2039,#2048));
#2029 = ORIENTED_EDGE('',*,*,#2030,.F.);
#2030 = EDGE_CURVE('',#433,#2031,#2033,.T.);
#2031 = VERTEX_POINT('',#2032);
#2032 = CARTESIAN_POINT('',(-183.4304511631,-8.,1.65));
#2033 = LINE('',#2034,#2035);
#2034 = CARTESIAN_POINT('',(-185.0804511631,-8.,0.));
#2035 = VECTOR('',#2036,1.);
#2036 = DIRECTION('',(0.707106781187,0.,0.707106781187));
#2037 = ORIENTED_EDGE('',*,*,#432,.T.);
#2038 = ORIENTED_EDGE('',*,*,#2030,.T.);
#2039 = ORIENTED_EDGE('',*,*,#2040,.F.);
#2040 = EDGE_CURVE('',#2041,#2031,#2043,.T.);
#2041 = VERTEX_POINT('',#2042);
#2042 = CARTESIAN_POINT('',(-180.6304511631,-8.,1.65));
#2043 = CIRCLE('',#2044,1.4);
#2044 = AXIS2_PLACEMENT_3D('',#2045,#2046,#2047);
#2045 = CARTESIAN_POINT('',(-182.0304511631,-8.,1.65));
#2046 = DIRECTION('',(0.,0.,-1.));
#2047 = DIRECTION('',(0.,1.,0.));
#2048 = ORIENTED_EDGE('',*,*,#2049,.F.);
#2049 = EDGE_CURVE('',#2031,#2041,#2050,.T.);
#2050 = CIRCLE('',#2051,1.4);
#2051 = AXIS2_PLACEMENT_3D('',#2052,#2053,#2054);
#2052 = CARTESIAN_POINT('',(-182.0304511631,-8.,1.65));
#2053 = DIRECTION('',(0.,0.,-1.));
#2054 = DIRECTION('',(0.,1.,0.));
#2055 = CONICAL_SURFACE('',#2056,3.05,0.785398163397);
#2056 = AXIS2_PLACEMENT_3D('',#2057,#2058,#2059);
#2057 = CARTESIAN_POINT('',(-182.0304511631,-8.,0.));
#2058 = DIRECTION('',(-0.,-0.,-1.));
#2059 = DIRECTION('',(-1.,0.,0.));
#2060 = ADVANCED_FACE('',(#2061),#2089,.F.);
#2061 = FACE_BOUND('',#2062,.T.);
#2062 = EDGE_LOOP('',(#2063,#2071,#2072,#2073,#2082));
#2063 = ORIENTED_EDGE('',*,*,#2064,.F.);
#2064 = EDGE_CURVE('',#444,#2065,#2067,.T.);
#2065 = VERTEX_POINT('',#2066);
#2066 = CARTESIAN_POINT('',(-111.9201933415,-8.,1.65));
#2067 = LINE('',#2068,#2069);
#2068 = CARTESIAN_POINT('',(-113.5701933415,-8.,0.));
#2069 = VECTOR('',#2070,1.);
#2070 = DIRECTION('',(0.707106781187,0.,0.707106781187));
#2071 = ORIENTED_EDGE('',*,*,#443,.T.);
#2072 = ORIENTED_EDGE('',*,*,#2064,.T.);
#2073 = ORIENTED_EDGE('',*,*,#2074,.F.);
#2074 = EDGE_CURVE('',#2075,#2065,#2077,.T.);
#2075 = VERTEX_POINT('',#2076);
#2076 = CARTESIAN_POINT('',(-109.1201933415,-8.,1.65));
#2077 = CIRCLE('',#2078,1.4);
#2078 = AXIS2_PLACEMENT_3D('',#2079,#2080,#2081);
#2079 = CARTESIAN_POINT('',(-110.5201933415,-8.,1.65));
#2080 = DIRECTION('',(0.,0.,-1.));
#2081 = DIRECTION('',(0.,1.,0.));
#2082 = ORIENTED_EDGE('',*,*,#2083,.F.);
#2083 = EDGE_CURVE('',#2065,#2075,#2084,.T.);
#2084 = CIRCLE('',#2085,1.4);
#2085 = AXIS2_PLACEMENT_3D('',#2086,#2087,#2088);
#2086 = CARTESIAN_POINT('',(-110.5201933415,-8.,1.65));
#2087 = DIRECTION('',(0.,0.,-1.));
#2088 = DIRECTION('',(0.,1.,0.));
#2089 = CONICAL_SURFACE('',#2090,3.05,0.785398163397);
#2090 = AXIS2_PLACEMENT_3D('',#2091,#2092,#2093);
#2091 = CARTESIAN_POINT('',(-110.5201933415,-8.,0.));
#2092 = DIRECTION('',(-0.,-0.,-1.));
#2093 = DIRECTION('',(-1.,0.,0.));
#2094 = ADVANCED_FACE('',(#2095),#2123,.F.);
#2095 = FACE_BOUND('',#2096,.T.);
#2096 = EDGE_LOOP('',(#2097,#2105,#2106,#2107,#2116));
#2097 = ORIENTED_EDGE('',*,*,#2098,.F.);
#2098 = EDGE_CURVE('',#455,#2099,#2101,.T.);
#2099 = VERTEX_POINT('',#2100);
#2100 = CARTESIAN_POINT('',(-75.4,-21.,1.65));
#2101 = LINE('',#2102,#2103);
#2102 = CARTESIAN_POINT('',(-77.05,-21.,0.));
#2103 = VECTOR('',#2104,1.);
#2104 = DIRECTION('',(0.707106781187,0.,0.707106781187));
#2105 = ORIENTED_EDGE('',*,*,#454,.T.);
#2106 = ORIENTED_EDGE('',*,*,#2098,.T.);
#2107 = ORIENTED_EDGE('',*,*,#2108,.F.);
#2108 = EDGE_CURVE('',#2109,#2099,#2111,.T.);
#2109 = VERTEX_POINT('',#2110);
#2110 = CARTESIAN_POINT('',(-72.6,-21.,1.65));
#2111 = CIRCLE('',#2112,1.4);
#2112 = AXIS2_PLACEMENT_3D('',#2113,#2114,#2115);
#2113 = CARTESIAN_POINT('',(-74.,-21.,1.65));
#2114 = DIRECTION('',(0.,0.,-1.));
#2115 = DIRECTION('',(0.,1.,0.));
#2116 = ORIENTED_EDGE('',*,*,#2117,.F.);
#2117 = EDGE_CURVE('',#2099,#2109,#2118,.T.);
#2118 = CIRCLE('',#2119,1.4);
#2119 = AXIS2_PLACEMENT_3D('',#2120,#2121,#2122);
#2120 = CARTESIAN_POINT('',(-74.,-21.,1.65));
#2121 = DIRECTION('',(0.,0.,-1.));
#2122 = DIRECTION('',(0.,1.,0.));
#2123 = CONICAL_SURFACE('',#2124,3.05,0.785398163397);
#2124 = AXIS2_PLACEMENT_3D('',#2125,#2126,#2127);
#2125 = CARTESIAN_POINT('',(-74.,-21.,0.));
#2126 = DIRECTION('',(-0.,-0.,-1.));
#2127 = DIRECTION('',(-1.,0.,0.));
#2128 = ADVANCED_FACE('',(#2129),#2148,.F.);
#2129 = FACE_BOUND('',#2130,.T.);
#2130 = EDGE_LOOP('',(#2131,#2139,#2140,#2141));
#2131 = ORIENTED_EDGE('',*,*,#2132,.F.);
#2132 = EDGE_CURVE('',#466,#2133,#2135,.T.);
#2133 = VERTEX_POINT('',#2134);
#2134 = CARTESIAN_POINT('',(60.999666218435,-39.3143616744,2.35));
#2135 = LINE('',#2136,#2137);
#2136 = CARTESIAN_POINT('',(58.649666218435,-39.3143616744,0.));
#2137 = VECTOR('',#2138,1.);
#2138 = DIRECTION('',(0.707106781187,0.,0.707106781187));
#2139 = ORIENTED_EDGE('',*,*,#465,.T.);
#2140 = ORIENTED_EDGE('',*,*,#2132,.T.);
#2141 = ORIENTED_EDGE('',*,*,#2142,.F.);
#2142 = EDGE_CURVE('',#2133,#2133,#2143,.T.);
#2143 = CIRCLE('',#2144,0.7);
#2144 = AXIS2_PLACEMENT_3D('',#2145,#2146,#2147);
#2145 = CARTESIAN_POINT('',(61.699666218435,-39.3143616744,2.35));
#2146 = DIRECTION('',(0.,0.,-1.));
#2147 = DIRECTION('',(-1.,0.,0.));
#2148 = CONICAL_SURFACE('',#2149,3.05,0.785398163397);
#2149 = AXIS2_PLACEMENT_3D('',#2150,#2151,#2152);
#2150 = CARTESIAN_POINT('',(61.699666218435,-39.3143616744,0.));
#2151 = DIRECTION('',(-0.,-0.,-1.));
#2152 = DIRECTION('',(-1.,0.,0.));
#2153 = ADVANCED_FACE('',(#2154),#2182,.F.);
#2154 = FACE_BOUND('',#2155,.T.);
#2155 = EDGE_LOOP('',(#2156,#2164,#2165,#2166,#2175));
#2156 = ORIENTED_EDGE('',*,*,#2157,.F.);
#2157 = EDGE_CURVE('',#477,#2158,#2160,.T.);
#2158 = VERTEX_POINT('',#2159);
#2159 = CARTESIAN_POINT('',(72.6,-41.,1.65));
#2160 = LINE('',#2161,#2162);
#2161 = CARTESIAN_POINT('',(70.95,-41.,0.));
#2162 = VECTOR('',#2163,1.);
#2163 = DIRECTION('',(0.707106781187,0.,0.707106781187));
#2164 = ORIENTED_EDGE('',*,*,#476,.T.);
#2165 = ORIENTED_EDGE('',*,*,#2157,.T.);
#2166 = ORIENTED_EDGE('',*,*,#2167,.F.);
#2167 = EDGE_CURVE('',#2168,#2158,#2170,.T.);
#2168 = VERTEX_POINT('',#2169);
#2169 = CARTESIAN_POINT('',(75.4,-41.,1.65));
#2170 = CIRCLE('',#2171,1.4);
#2171 = AXIS2_PLACEMENT_3D('',#2172,#2173,#2174);
#2172 = CARTESIAN_POINT('',(74.,-41.,1.65));
#2173 = DIRECTION('',(0.,0.,-1.));
#2174 = DIRECTION('',(0.,1.,0.));
#2175 = ORIENTED_EDGE('',*,*,#2176,.F.);
#2176 = EDGE_CURVE('',#2158,#2168,#2177,.T.);
#2177 = CIRCLE('',#2178,1.4);
#2178 = AXIS2_PLACEMENT_3D('',#2179,#2180,#2181);
#2179 = CARTESIAN_POINT('',(74.,-41.,1.65));
#2180 = DIRECTION('',(0.,0.,-1.));
#2181 = DIRECTION('',(0.,1.,0.));
#2182 = CONICAL_SURFACE('',#2183,3.05,0.785398163397);
#2183 = AXIS2_PLACEMENT_3D('',#2184,#2185,#2186);
#2184 = CARTESIAN_POINT('',(74.,-41.,0.));
#2185 = DIRECTION('',(-0.,-0.,-1.));
#2186 = DIRECTION('',(-1.,0.,0.));
#2187 = ADVANCED_FACE('',(#2188),#2216,.F.);
#2188 = FACE_BOUND('',#2189,.T.);
#2189 = EDGE_LOOP('',(#2190,#2198,#2199,#2200,#2209));
#2190 = ORIENTED_EDGE('',*,*,#2191,.F.);
#2191 = EDGE_CURVE('',#488,#2192,#2194,.T.);
#2192 = VERTEX_POINT('',#2193);
#2193 = CARTESIAN_POINT('',(83.319548836886,-40.,1.65));
#2194 = LINE('',#2195,#2196);
#2195 = CARTESIAN_POINT('',(81.669548836887,-40.,0.));
#2196 = VECTOR('',#2197,1.);
#2197 = DIRECTION('',(0.707106781187,0.,0.707106781187));
#2198 = ORIENTED_EDGE('',*,*,#487,.T.);
#2199 = ORIENTED_EDGE('',*,*,#2191,.T.);
#2200 = ORIENTED_EDGE('',*,*,#2201,.F.);
#2201 = EDGE_CURVE('',#2202,#2192,#2204,.T.);
#2202 = VERTEX_POINT('',#2203);
#2203 = CARTESIAN_POINT('',(86.119548836887,-40.,1.65));
#2204 = CIRCLE('',#2205,1.4);
#2205 = AXIS2_PLACEMENT_3D('',#2206,#2207,#2208);
#2206 = CARTESIAN_POINT('',(84.719548836887,-40.,1.65));
#2207 = DIRECTION('',(0.,0.,-1.));
#2208 = DIRECTION('',(0.,1.,0.));
#2209 = ORIENTED_EDGE('',*,*,#2210,.F.);
#2210 = EDGE_CURVE('',#2192,#2202,#2211,.T.);
#2211 = CIRCLE('',#2212,1.4);
#2212 = AXIS2_PLACEMENT_3D('',#2213,#2214,#2215);
#2213 = CARTESIAN_POINT('',(84.719548836887,-40.,1.65));
#2214 = DIRECTION('',(0.,0.,-1.));
#2215 = DIRECTION('',(0.,1.,0.));
#2216 = CONICAL_SURFACE('',#2217,3.05,0.785398163397);
#2217 = AXIS2_PLACEMENT_3D('',#2218,#2219,#2220);
#2218 = CARTESIAN_POINT('',(84.719548836887,-40.,0.));
#2219 = DIRECTION('',(-0.,-0.,-1.));
#2220 = DIRECTION('',(-1.,0.,0.));
#2221 = ADVANCED_FACE('',(#2222),#2250,.F.);
#2222 = FACE_BOUND('',#2223,.T.);
#2223 = EDGE_LOOP('',(#2224,#2232,#2233,#2234,#2243));
#2224 = ORIENTED_EDGE('',*,*,#2225,.F.);
#2225 = EDGE_CURVE('',#499,#2226,#2228,.T.);
#2226 = VERTEX_POINT('',#2227);
#2227 = CARTESIAN_POINT('',(93.319548836886,-40.,1.65));
#2228 = LINE('',#2229,#2230);
#2229 = CARTESIAN_POINT('',(91.669548836887,-40.,0.));
#2230 = VECTOR('',#2231,1.);
#2231 = DIRECTION('',(0.707106781187,0.,0.707106781187));
#2232 = ORIENTED_EDGE('',*,*,#498,.T.);
#2233 = ORIENTED_EDGE('',*,*,#2225,.T.);
#2234 = ORIENTED_EDGE('',*,*,#2235,.F.);
#2235 = EDGE_CURVE('',#2236,#2226,#2238,.T.);
#2236 = VERTEX_POINT('',#2237);
#2237 = CARTESIAN_POINT('',(96.119548836887,-40.,1.65));
#2238 = CIRCLE('',#2239,1.4);
#2239 = AXIS2_PLACEMENT_3D('',#2240,#2241,#2242);
#2240 = CARTESIAN_POINT('',(94.719548836887,-40.,1.65));
#2241 = DIRECTION('',(0.,0.,-1.));
#2242 = DIRECTION('',(0.,1.,0.));
#2243 = ORIENTED_EDGE('',*,*,#2244,.F.);
#2244 = EDGE_CURVE('',#2226,#2236,#2245,.T.);
#2245 = CIRCLE('',#2246,1.4);
#2246 = AXIS2_PLACEMENT_3D('',#2247,#2248,#2249);
#2247 = CARTESIAN_POINT('',(94.719548836887,-40.,1.65));
#2248 = DIRECTION('',(0.,0.,-1.));
#2249 = DIRECTION('',(0.,1.,0.));
#2250 = CONICAL_SURFACE('',#2251,3.05,0.785398163397);
#2251 = AXIS2_PLACEMENT_3D('',#2252,#2253,#2254);
#2252 = CARTESIAN_POINT('',(94.719548836887,-40.,0.));
#2253 = DIRECTION('',(-0.,-0.,-1.));
#2254 = DIRECTION('',(-1.,0.,0.));
#2255 = ADVANCED_FACE('',(#2256),#2284,.F.);
#2256 = FACE_BOUND('',#2257,.T.);
#2257 = EDGE_LOOP('',(#2258,#2266,#2267,#2268,#2277));
#2258 = ORIENTED_EDGE('',*,*,#2259,.F.);
#2259 = EDGE_CURVE('',#510,#2260,#2262,.T.);
#2260 = VERTEX_POINT('',#2261);
#2261 = CARTESIAN_POINT('',(103.31954883688,-40.,1.650000000001));
#2262 = LINE('',#2263,#2264);
#2263 = CARTESIAN_POINT('',(101.66954883688,-40.,0.));
#2264 = VECTOR('',#2265,1.);
#2265 = DIRECTION('',(0.707106781187,0.,0.707106781187));
#2266 = ORIENTED_EDGE('',*,*,#509,.T.);
#2267 = ORIENTED_EDGE('',*,*,#2259,.T.);
#2268 = ORIENTED_EDGE('',*,*,#2269,.F.);
#2269 = EDGE_CURVE('',#2270,#2260,#2272,.T.);
#2270 = VERTEX_POINT('',#2271);
#2271 = CARTESIAN_POINT('',(106.11954883688,-40.,1.65));
#2272 = CIRCLE('',#2273,1.4);
#2273 = AXIS2_PLACEMENT_3D('',#2274,#2275,#2276);
#2274 = CARTESIAN_POINT('',(104.71954883688,-40.,1.65));
#2275 = DIRECTION('',(0.,0.,-1.));
#2276 = DIRECTION('',(0.,1.,0.));
#2277 = ORIENTED_EDGE('',*,*,#2278,.F.);
#2278 = EDGE_CURVE('',#2260,#2270,#2279,.T.);
#2279 = CIRCLE('',#2280,1.4);
#2280 = AXIS2_PLACEMENT_3D('',#2281,#2282,#2283);
#2281 = CARTESIAN_POINT('',(104.71954883688,-40.,1.65));
#2282 = DIRECTION('',(0.,0.,-1.));
#2283 = DIRECTION('',(0.,1.,0.));
#2284 = CONICAL_SURFACE('',#2285,3.05,0.785398163397);
#2285 = AXIS2_PLACEMENT_3D('',#2286,#2287,#2288);
#2286 = CARTESIAN_POINT('',(104.71954883688,-40.,0.));
#2287 = DIRECTION('',(-0.,-0.,-1.));
#2288 = DIRECTION('',(-1.,0.,0.));
#2289 = ADVANCED_FACE('',(#2290),#2318,.F.);
#2290 = FACE_BOUND('',#2291,.T.);
#2291 = EDGE_LOOP('',(#2292,#2300,#2301,#2302,#2311));
#2292 = ORIENTED_EDGE('',*,*,#2293,.F.);
#2293 = EDGE_CURVE('',#521,#2294,#2296,.T.);
#2294 = VERTEX_POINT('',#2295);
#2295 = CARTESIAN_POINT('',(135.31954883688,-40.,1.650000000002));
#2296 = LINE('',#2297,#2298);
#2297 = CARTESIAN_POINT('',(133.66954883688,-40.,0.));
#2298 = VECTOR('',#2299,1.);
#2299 = DIRECTION('',(0.707106781187,0.,0.707106781187));
#2300 = ORIENTED_EDGE('',*,*,#520,.T.);
#2301 = ORIENTED_EDGE('',*,*,#2293,.T.);
#2302 = ORIENTED_EDGE('',*,*,#2303,.F.);
#2303 = EDGE_CURVE('',#2304,#2294,#2306,.T.);
#2304 = VERTEX_POINT('',#2305);
#2305 = CARTESIAN_POINT('',(138.11954883688,-40.,1.65));
#2306 = CIRCLE('',#2307,1.4);
#2307 = AXIS2_PLACEMENT_3D('',#2308,#2309,#2310);
#2308 = CARTESIAN_POINT('',(136.71954883688,-40.,1.65));
#2309 = DIRECTION('',(0.,0.,-1.));
#2310 = DIRECTION('',(0.,1.,0.));
#2311 = ORIENTED_EDGE('',*,*,#2312,.F.);
#2312 = EDGE_CURVE('',#2294,#2304,#2313,.T.);
#2313 = CIRCLE('',#2314,1.4);
#2314 = AXIS2_PLACEMENT_3D('',#2315,#2316,#2317);
#2315 = CARTESIAN_POINT('',(136.71954883688,-40.,1.65));
#2316 = DIRECTION('',(0.,0.,-1.));
#2317 = DIRECTION('',(0.,1.,0.));
#2318 = CONICAL_SURFACE('',#2319,3.05,0.785398163397);
#2319 = AXIS2_PLACEMENT_3D('',#2320,#2321,#2322);
#2320 = CARTESIAN_POINT('',(136.71954883688,-40.,0.));
#2321 = DIRECTION('',(-0.,-0.,-1.));
#2322 = DIRECTION('',(-1.,0.,0.));
#2323 = ADVANCED_FACE('',(#2324),#2352,.F.);
#2324 = FACE_BOUND('',#2325,.T.);
#2325 = EDGE_LOOP('',(#2326,#2334,#2335,#2336,#2345));
#2326 = ORIENTED_EDGE('',*,*,#2327,.F.);
#2327 = EDGE_CURVE('',#532,#2328,#2330,.T.);
#2328 = VERTEX_POINT('',#2329);
#2329 = CARTESIAN_POINT('',(165.31954883688,-40.,1.65));
#2330 = LINE('',#2331,#2332);
#2331 = CARTESIAN_POINT('',(163.66954883688,-40.,0.));
#2332 = VECTOR('',#2333,1.);
#2333 = DIRECTION('',(0.707106781187,0.,0.707106781187));
#2334 = ORIENTED_EDGE('',*,*,#531,.T.);
#2335 = ORIENTED_EDGE('',*,*,#2327,.T.);
#2336 = ORIENTED_EDGE('',*,*,#2337,.F.);
#2337 = EDGE_CURVE('',#2338,#2328,#2340,.T.);
#2338 = VERTEX_POINT('',#2339);
#2339 = CARTESIAN_POINT('',(168.11954883688,-40.,1.65));
#2340 = CIRCLE('',#2341,1.4);
#2341 = AXIS2_PLACEMENT_3D('',#2342,#2343,#2344);
#2342 = CARTESIAN_POINT('',(166.71954883688,-40.,1.65));
#2343 = DIRECTION('',(0.,0.,-1.));
#2344 = DIRECTION('',(0.,1.,0.));
#2345 = ORIENTED_EDGE('',*,*,#2346,.F.);
#2346 = EDGE_CURVE('',#2328,#2338,#2347,.T.);
#2347 = CIRCLE('',#2348,1.4);
#2348 = AXIS2_PLACEMENT_3D('',#2349,#2350,#2351);
#2349 = CARTESIAN_POINT('',(166.71954883688,-40.,1.65));
#2350 = DIRECTION('',(0.,0.,-1.));
#2351 = DIRECTION('',(0.,1.,0.));
#2352 = CONICAL_SURFACE('',#2353,3.05,0.785398163397);
#2353 = AXIS2_PLACEMENT_3D('',#2354,#2355,#2356);
#2354 = CARTESIAN_POINT('',(166.71954883688,-40.,0.));
#2355 = DIRECTION('',(-0.,-0.,-1.));
#2356 = DIRECTION('',(-1.,0.,0.));
#2357 = ADVANCED_FACE('',(#2358),#2386,.F.);
#2358 = FACE_BOUND('',#2359,.T.);
#2359 = EDGE_LOOP('',(#2360,#2368,#2369,#2370,#2379));
#2360 = ORIENTED_EDGE('',*,*,#2361,.F.);
#2361 = EDGE_CURVE('',#543,#2362,#2364,.T.);
#2362 = VERTEX_POINT('',#2363);
#2363 = CARTESIAN_POINT('',(72.6,-21.,1.65));
#2364 = LINE('',#2365,#2366);
#2365 = CARTESIAN_POINT('',(70.95,-21.,0.));
#2366 = VECTOR('',#2367,1.);
#2367 = DIRECTION('',(0.707106781187,0.,0.707106781187));
#2368 = ORIENTED_EDGE('',*,*,#542,.T.);
#2369 = ORIENTED_EDGE('',*,*,#2361,.T.);
#2370 = ORIENTED_EDGE('',*,*,#2371,.F.);
#2371 = EDGE_CURVE('',#2372,#2362,#2374,.T.);
#2372 = VERTEX_POINT('',#2373);
#2373 = CARTESIAN_POINT('',(75.4,-21.,1.65));
#2374 = CIRCLE('',#2375,1.4);
#2375 = AXIS2_PLACEMENT_3D('',#2376,#2377,#2378);
#2376 = CARTESIAN_POINT('',(74.,-21.,1.65));
#2377 = DIRECTION('',(0.,0.,-1.));
#2378 = DIRECTION('',(0.,1.,0.));
#2379 = ORIENTED_EDGE('',*,*,#2380,.F.);
#2380 = EDGE_CURVE('',#2362,#2372,#2381,.T.);
#2381 = CIRCLE('',#2382,1.4);
#2382 = AXIS2_PLACEMENT_3D('',#2383,#2384,#2385);
#2383 = CARTESIAN_POINT('',(74.,-21.,1.65));
#2384 = DIRECTION('',(0.,0.,-1.));
#2385 = DIRECTION('',(0.,1.,0.));
#2386 = CONICAL_SURFACE('',#2387,3.05,0.785398163397);
#2387 = AXIS2_PLACEMENT_3D('',#2388,#2389,#2390);
#2388 = CARTESIAN_POINT('',(74.,-21.,0.));
#2389 = DIRECTION('',(-0.,-0.,-1.));
#2390 = DIRECTION('',(-1.,0.,0.));
#2391 = ADVANCED_FACE('',(#2392),#2420,.F.);
#2392 = FACE_BOUND('',#2393,.T.);
#2393 = EDGE_LOOP('',(#2394,#2402,#2403,#2404,#2413));
#2394 = ORIENTED_EDGE('',*,*,#2395,.F.);
#2395 = EDGE_CURVE('',#554,#2396,#2398,.T.);
#2396 = VERTEX_POINT('',#2397);
#2397 = CARTESIAN_POINT('',(-183.4304511631,8.,1.65));
#2398 = LINE('',#2399,#2400);
#2399 = CARTESIAN_POINT('',(-185.0804511631,8.,0.));
#2400 = VECTOR('',#2401,1.);
#2401 = DIRECTION('',(0.707106781187,0.,0.707106781187));
#2402 = ORIENTED_EDGE('',*,*,#553,.T.);
#2403 = ORIENTED_EDGE('',*,*,#2395,.T.);
#2404 = ORIENTED_EDGE('',*,*,#2405,.F.);
#2405 = EDGE_CURVE('',#2406,#2396,#2408,.T.);
#2406 = VERTEX_POINT('',#2407);
#2407 = CARTESIAN_POINT('',(-180.6304511631,8.,1.65));
#2408 = CIRCLE('',#2409,1.4);
#2409 = AXIS2_PLACEMENT_3D('',#2410,#2411,#2412);
#2410 = CARTESIAN_POINT('',(-182.0304511631,8.,1.65));
#2411 = DIRECTION('',(0.,0.,-1.));
#2412 = DIRECTION('',(0.,1.,0.));
#2413 = ORIENTED_EDGE('',*,*,#2414,.F.);
#2414 = EDGE_CURVE('',#2396,#2406,#2415,.T.);
#2415 = CIRCLE('',#2416,1.4);
#2416 = AXIS2_PLACEMENT_3D('',#2417,#2418,#2419);
#2417 = CARTESIAN_POINT('',(-182.0304511631,8.,1.65));
#2418 = DIRECTION('',(0.,0.,-1.));
#2419 = DIRECTION('',(0.,1.,0.));
#2420 = CONICAL_SURFACE('',#2421,3.05,0.785398163397);
#2421 = AXIS2_PLACEMENT_3D('',#2422,#2423,#2424);
#2422 = CARTESIAN_POINT('',(-182.0304511631,8.,0.));
#2423 = DIRECTION('',(-0.,-0.,-1.));
#2424 = DIRECTION('',(-1.,0.,0.));
#2425 = ADVANCED_FACE('',(#2426),#2454,.F.);
#2426 = FACE_BOUND('',#2427,.T.);
#2427 = EDGE_LOOP('',(#2428,#2436,#2437,#2438,#2447));
#2428 = ORIENTED_EDGE('',*,*,#2429,.F.);
#2429 = EDGE_CURVE('',#565,#2430,#2432,.T.);
#2430 = VERTEX_POINT('',#2431);
#2431 = CARTESIAN_POINT('',(-111.9201933415,8.,1.65));
#2432 = LINE('',#2433,#2434);
#2433 = CARTESIAN_POINT('',(-113.5701933415,8.,0.));
#2434 = VECTOR('',#2435,1.);
#2435 = DIRECTION('',(0.707106781187,0.,0.707106781187));
#2436 = ORIENTED_EDGE('',*,*,#564,.T.);
#2437 = ORIENTED_EDGE('',*,*,#2429,.T.);
#2438 = ORIENTED_EDGE('',*,*,#2439,.F.);
#2439 = EDGE_CURVE('',#2440,#2430,#2442,.T.);
#2440 = VERTEX_POINT('',#2441);
#2441 = CARTESIAN_POINT('',(-109.1201933415,8.,1.65));
#2442 = CIRCLE('',#2443,1.4);
#2443 = AXIS2_PLACEMENT_3D('',#2444,#2445,#2446);
#2444 = CARTESIAN_POINT('',(-110.5201933415,8.,1.65));
#2445 = DIRECTION('',(0.,0.,-1.));
#2446 = DIRECTION('',(0.,1.,0.));
#2447 = ORIENTED_EDGE('',*,*,#2448,.F.);
#2448 = EDGE_CURVE('',#2430,#2440,#2449,.T.);
#2449 = CIRCLE('',#2450,1.4);
#2450 = AXIS2_PLACEMENT_3D('',#2451,#2452,#2453);
#2451 = CARTESIAN_POINT('',(-110.5201933415,8.,1.65));
#2452 = DIRECTION('',(0.,0.,-1.));
#2453 = DIRECTION('',(0.,1.,0.));
#2454 = CONICAL_SURFACE('',#2455,3.05,0.785398163397);
#2455 = AXIS2_PLACEMENT_3D('',#2456,#2457,#2458);
#2456 = CARTESIAN_POINT('',(-110.5201933415,8.,0.));
#2457 = DIRECTION('',(-0.,-0.,-1.));
#2458 = DIRECTION('',(-1.,0.,0.));
#2459 = ADVANCED_FACE('',(#2460),#2488,.F.);
#2460 = FACE_BOUND('',#2461,.T.);
#2461 = EDGE_LOOP('',(#2462,#2470,#2471,#2472,#2481));
#2462 = ORIENTED_EDGE('',*,*,#2463,.F.);
#2463 = EDGE_CURVE('',#576,#2464,#2466,.T.);
#2464 = VERTEX_POINT('',#2465);
#2465 = CARTESIAN_POINT('',(-171.6804511631,20.,1.65));
#2466 = LINE('',#2467,#2468);
#2467 = CARTESIAN_POINT('',(-173.3304511631,20.,0.));
#2468 = VECTOR('',#2469,1.);
#2469 = DIRECTION('',(0.707106781187,0.,0.707106781187));
#2470 = ORIENTED_EDGE('',*,*,#575,.T.);
#2471 = ORIENTED_EDGE('',*,*,#2463,.T.);
#2472 = ORIENTED_EDGE('',*,*,#2473,.F.);
#2473 = EDGE_CURVE('',#2474,#2464,#2476,.T.);
#2474 = VERTEX_POINT('',#2475);
#2475 = CARTESIAN_POINT('',(-168.8804511631,20.,1.65));
#2476 = CIRCLE('',#2477,1.4);
#2477 = AXIS2_PLACEMENT_3D('',#2478,#2479,#2480);
#2478 = CARTESIAN_POINT('',(-170.2804511631,20.,1.65));
#2479 = DIRECTION('',(0.,0.,-1.));
#2480 = DIRECTION('',(0.,1.,0.));
#2481 = ORIENTED_EDGE('',*,*,#2482,.F.);
#2482 = EDGE_CURVE('',#2464,#2474,#2483,.T.);
#2483 = CIRCLE('',#2484,1.4);
#2484 = AXIS2_PLACEMENT_3D('',#2485,#2486,#2487);
#2485 = CARTESIAN_POINT('',(-170.2804511631,20.,1.65));
#2486 = DIRECTION('',(0.,0.,-1.));
#2487 = DIRECTION('',(0.,1.,0.));
#2488 = CONICAL_SURFACE('',#2489,3.05,0.785398163397);
#2489 = AXIS2_PLACEMENT_3D('',#2490,#2491,#2492);
#2490 = CARTESIAN_POINT('',(-170.2804511631,20.,0.));
#2491 = DIRECTION('',(-0.,-0.,-1.));
#2492 = DIRECTION('',(-1.,0.,0.));
#2493 = ADVANCED_FACE('',(#2494),#2522,.F.);
#2494 = FACE_BOUND('',#2495,.T.);
#2495 = EDGE_LOOP('',(#2496,#2504,#2505,#2506,#2515));
#2496 = ORIENTED_EDGE('',*,*,#2497,.F.);
#2497 = EDGE_CURVE('',#587,#2498,#2500,.T.);
#2498 = VERTEX_POINT('',#2499);
#2499 = CARTESIAN_POINT('',(-102.2092129136,13.,1.650000000001));
#2500 = LINE('',#2501,#2502);
#2501 = CARTESIAN_POINT('',(-103.8592129136,13.,0.));
#2502 = VECTOR('',#2503,1.);
#2503 = DIRECTION('',(0.707106781187,0.,0.707106781187));
#2504 = ORIENTED_EDGE('',*,*,#586,.T.);
#2505 = ORIENTED_EDGE('',*,*,#2497,.T.);
#2506 = ORIENTED_EDGE('',*,*,#2507,.F.);
#2507 = EDGE_CURVE('',#2508,#2498,#2510,.T.);
#2508 = VERTEX_POINT('',#2509);
#2509 = CARTESIAN_POINT('',(-99.40921291368,13.,1.65));
#2510 = CIRCLE('',#2511,1.4);
#2511 = AXIS2_PLACEMENT_3D('',#2512,#2513,#2514);
#2512 = CARTESIAN_POINT('',(-100.8092129136,13.,1.65));
#2513 = DIRECTION('',(0.,0.,-1.));
#2514 = DIRECTION('',(0.,1.,0.));
#2515 = ORIENTED_EDGE('',*,*,#2516,.F.);
#2516 = EDGE_CURVE('',#2498,#2508,#2517,.T.);
#2517 = CIRCLE('',#2518,1.4);
#2518 = AXIS2_PLACEMENT_3D('',#2519,#2520,#2521);
#2519 = CARTESIAN_POINT('',(-100.8092129136,13.,1.65));
#2520 = DIRECTION('',(0.,0.,-1.));
#2521 = DIRECTION('',(0.,1.,0.));
#2522 = CONICAL_SURFACE('',#2523,3.05,0.785398163397);
#2523 = AXIS2_PLACEMENT_3D('',#2524,#2525,#2526);
#2524 = CARTESIAN_POINT('',(-100.8092129136,13.,0.));
#2525 = DIRECTION('',(-0.,-0.,-1.));
#2526 = DIRECTION('',(-1.,0.,0.));
#2527 = ADVANCED_FACE('',(#2528),#2556,.F.);
#2528 = FACE_BOUND('',#2529,.T.);
#2529 = EDGE_LOOP('',(#2530,#2538,#2539,#2540,#2549));
#2530 = ORIENTED_EDGE('',*,*,#2531,.F.);
#2531 = EDGE_CURVE('',#598,#2532,#2534,.T.);
#2532 = VERTEX_POINT('',#2533);
#2533 = CARTESIAN_POINT('',(-81.4,0.,1.65));
#2534 = LINE('',#2535,#2536);
#2535 = CARTESIAN_POINT('',(-83.05,0.,0.));
#2536 = VECTOR('',#2537,1.);
#2537 = DIRECTION('',(0.707106781187,0.,0.707106781187));
#2538 = ORIENTED_EDGE('',*,*,#597,.T.);
#2539 = ORIENTED_EDGE('',*,*,#2531,.T.);
#2540 = ORIENTED_EDGE('',*,*,#2541,.F.);
#2541 = EDGE_CURVE('',#2542,#2532,#2544,.T.);
#2542 = VERTEX_POINT('',#2543);
#2543 = CARTESIAN_POINT('',(-78.6,0.,1.65));
#2544 = CIRCLE('',#2545,1.4);
#2545 = AXIS2_PLACEMENT_3D('',#2546,#2547,#2548);
#2546 = CARTESIAN_POINT('',(-80.,0.,1.65));
#2547 = DIRECTION('',(0.,0.,-1.));
#2548 = DIRECTION('',(0.,1.,0.));
#2549 = ORIENTED_EDGE('',*,*,#2550,.F.);
#2550 = EDGE_CURVE('',#2532,#2542,#2551,.T.);
#2551 = CIRCLE('',#2552,1.4);
#2552 = AXIS2_PLACEMENT_3D('',#2553,#2554,#2555);
#2553 = CARTESIAN_POINT('',(-80.,0.,1.65));
#2554 = DIRECTION('',(0.,0.,-1.));
#2555 = DIRECTION('',(0.,1.,0.));
#2556 = CONICAL_SURFACE('',#2557,3.05,0.785398163397);
#2557 = AXIS2_PLACEMENT_3D('',#2558,#2559,#2560);
#2558 = CARTESIAN_POINT('',(-80.,0.,0.));
#2559 = DIRECTION('',(-0.,-0.,-1.));
#2560 = DIRECTION('',(-1.,0.,0.));
#2561 = ADVANCED_FACE('',(#2562),#2590,.F.);
#2562 = FACE_BOUND('',#2563,.T.);
#2563 = EDGE_LOOP('',(#2564,#2572,#2573,#2574,#2583));
#2564 = ORIENTED_EDGE('',*,*,#2565,.F.);
#2565 = EDGE_CURVE('',#609,#2566,#2568,.T.);
#2566 = VERTEX_POINT('',#2567);
#2567 = CARTESIAN_POINT('',(-73.4,0.,1.65));
#2568 = LINE('',#2569,#2570);
#2569 = CARTESIAN_POINT('',(-75.05,0.,0.));
#2570 = VECTOR('',#2571,1.);
#2571 = DIRECTION('',(0.707106781187,0.,0.707106781187));
#2572 = ORIENTED_EDGE('',*,*,#608,.T.);
#2573 = ORIENTED_EDGE('',*,*,#2565,.T.);
#2574 = ORIENTED_EDGE('',*,*,#2575,.F.);
#2575 = EDGE_CURVE('',#2576,#2566,#2578,.T.);
#2576 = VERTEX_POINT('',#2577);
#2577 = CARTESIAN_POINT('',(-70.6,0.,1.65));
#2578 = CIRCLE('',#2579,1.4);
#2579 = AXIS2_PLACEMENT_3D('',#2580,#2581,#2582);
#2580 = CARTESIAN_POINT('',(-72.,0.,1.65));
#2581 = DIRECTION('',(0.,0.,-1.));
#2582 = DIRECTION('',(0.,1.,0.));
#2583 = ORIENTED_EDGE('',*,*,#2584,.F.);
#2584 = EDGE_CURVE('',#2566,#2576,#2585,.T.);
#2585 = CIRCLE('',#2586,1.4);
#2586 = AXIS2_PLACEMENT_3D('',#2587,#2588,#2589);
#2587 = CARTESIAN_POINT('',(-72.,0.,1.65));
#2588 = DIRECTION('',(0.,0.,-1.));
#2589 = DIRECTION('',(0.,1.,0.));
#2590 = CONICAL_SURFACE('',#2591,3.05,0.785398163397);
#2591 = AXIS2_PLACEMENT_3D('',#2592,#2593,#2594);
#2592 = CARTESIAN_POINT('',(-72.,0.,0.));
#2593 = DIRECTION('',(-0.,-0.,-1.));
#2594 = DIRECTION('',(-1.,0.,0.));
#2595 = ADVANCED_FACE('',(#2596),#2624,.F.);
#2596 = FACE_BOUND('',#2597,.T.);
#2597 = EDGE_LOOP('',(#2598,#2606,#2607,#2608,#2617));
#2598 = ORIENTED_EDGE('',*,*,#2599,.F.);
#2599 = EDGE_CURVE('',#620,#2600,#2602,.T.);
#2600 = VERTEX_POINT('',#2601);
#2601 = CARTESIAN_POINT('',(-61.4,0.,1.65));
#2602 = LINE('',#2603,#2604);
#2603 = CARTESIAN_POINT('',(-63.05,0.,0.));
#2604 = VECTOR('',#2605,1.);
#2605 = DIRECTION('',(0.707106781187,0.,0.707106781187));
#2606 = ORIENTED_EDGE('',*,*,#619,.T.);
#2607 = ORIENTED_EDGE('',*,*,#2599,.T.);
#2608 = ORIENTED_EDGE('',*,*,#2609,.F.);
#2609 = EDGE_CURVE('',#2610,#2600,#2612,.T.);
#2610 = VERTEX_POINT('',#2611);
#2611 = CARTESIAN_POINT('',(-58.6,0.,1.65));
#2612 = CIRCLE('',#2613,1.4);
#2613 = AXIS2_PLACEMENT_3D('',#2614,#2615,#2616);
#2614 = CARTESIAN_POINT('',(-60.,0.,1.65));
#2615 = DIRECTION('',(0.,0.,-1.));
#2616 = DIRECTION('',(0.,1.,0.));
#2617 = ORIENTED_EDGE('',*,*,#2618,.F.);
#2618 = EDGE_CURVE('',#2600,#2610,#2619,.T.);
#2619 = CIRCLE('',#2620,1.4);
#2620 = AXIS2_PLACEMENT_3D('',#2621,#2622,#2623);
#2621 = CARTESIAN_POINT('',(-60.,0.,1.65));
#2622 = DIRECTION('',(0.,0.,-1.));
#2623 = DIRECTION('',(0.,1.,0.));
#2624 = CONICAL_SURFACE('',#2625,3.05,0.785398163397);
#2625 = AXIS2_PLACEMENT_3D('',#2626,#2627,#2628);
#2626 = CARTESIAN_POINT('',(-60.,0.,0.));
#2627 = DIRECTION('',(-0.,-0.,-1.));
#2628 = DIRECTION('',(-1.,0.,0.));
#2629 = ADVANCED_FACE('',(#2630),#2658,.F.);
#2630 = FACE_BOUND('',#2631,.T.);
#2631 = EDGE_LOOP('',(#2632,#2640,#2641,#2642,#2651));
#2632 = ORIENTED_EDGE('',*,*,#2633,.F.);
#2633 = EDGE_CURVE('',#631,#2634,#2636,.T.);
#2634 = VERTEX_POINT('',#2635);
#2635 = CARTESIAN_POINT('',(-31.4,0.,1.65));
#2636 = LINE('',#2637,#2638);
#2637 = CARTESIAN_POINT('',(-33.05,0.,0.));
#2638 = VECTOR('',#2639,1.);
#2639 = DIRECTION('',(0.707106781187,0.,0.707106781187));
#2640 = ORIENTED_EDGE('',*,*,#630,.T.);
#2641 = ORIENTED_EDGE('',*,*,#2633,.T.);
#2642 = ORIENTED_EDGE('',*,*,#2643,.F.);
#2643 = EDGE_CURVE('',#2644,#2634,#2646,.T.);
#2644 = VERTEX_POINT('',#2645);
#2645 = CARTESIAN_POINT('',(-28.6,0.,1.65));
#2646 = CIRCLE('',#2647,1.4);
#2647 = AXIS2_PLACEMENT_3D('',#2648,#2649,#2650);
#2648 = CARTESIAN_POINT('',(-30.,0.,1.65));
#2649 = DIRECTION('',(0.,0.,-1.));
#2650 = DIRECTION('',(0.,1.,0.));
#2651 = ORIENTED_EDGE('',*,*,#2652,.F.);
#2652 = EDGE_CURVE('',#2634,#2644,#2653,.T.);
#2653 = CIRCLE('',#2654,1.4);
#2654 = AXIS2_PLACEMENT_3D('',#2655,#2656,#2657);
#2655 = CARTESIAN_POINT('',(-30.,0.,1.65));
#2656 = DIRECTION('',(0.,0.,-1.));
#2657 = DIRECTION('',(0.,1.,0.));
#2658 = CONICAL_SURFACE('',#2659,3.05,0.785398163397);
#2659 = AXIS2_PLACEMENT_3D('',#2660,#2661,#2662);
#2660 = CARTESIAN_POINT('',(-30.,0.,0.));
#2661 = DIRECTION('',(-0.,-0.,-1.));
#2662 = DIRECTION('',(-1.,0.,0.));
#2663 = ADVANCED_FACE('',(#2664),#2692,.F.);
#2664 = FACE_BOUND('',#2665,.T.);
#2665 = EDGE_LOOP('',(#2666,#2674,#2675,#2676,#2685));
#2666 = ORIENTED_EDGE('',*,*,#2667,.F.);
#2667 = EDGE_CURVE('',#642,#2668,#2670,.T.);
#2668 = VERTEX_POINT('',#2669);
#2669 = CARTESIAN_POINT('',(-92.70921291367,13.,1.65));
#2670 = LINE('',#2671,#2672);
#2671 = CARTESIAN_POINT('',(-94.35921291367,13.,0.));
#2672 = VECTOR('',#2673,1.);
#2673 = DIRECTION('',(0.707106781187,0.,0.707106781187));
#2674 = ORIENTED_EDGE('',*,*,#641,.T.);
#2675 = ORIENTED_EDGE('',*,*,#2667,.T.);
#2676 = ORIENTED_EDGE('',*,*,#2677,.F.);
#2677 = EDGE_CURVE('',#2678,#2668,#2680,.T.);
#2678 = VERTEX_POINT('',#2679);
#2679 = CARTESIAN_POINT('',(-89.90921291367,13.,1.65));
#2680 = CIRCLE('',#2681,1.4);
#2681 = AXIS2_PLACEMENT_3D('',#2682,#2683,#2684);
#2682 = CARTESIAN_POINT('',(-91.30921291367,13.,1.65));
#2683 = DIRECTION('',(0.,0.,-1.));
#2684 = DIRECTION('',(0.,1.,0.));
#2685 = ORIENTED_EDGE('',*,*,#2686,.F.);
#2686 = EDGE_CURVE('',#2668,#2678,#2687,.T.);
#2687 = CIRCLE('',#2688,1.4);
#2688 = AXIS2_PLACEMENT_3D('',#2689,#2690,#2691);
#2689 = CARTESIAN_POINT('',(-91.30921291367,13.,1.65));
#2690 = DIRECTION('',(0.,0.,-1.));
#2691 = DIRECTION('',(0.,1.,0.));
#2692 = CONICAL_SURFACE('',#2693,3.05,0.785398163397);
#2693 = AXIS2_PLACEMENT_3D('',#2694,#2695,#2696);
#2694 = CARTESIAN_POINT('',(-91.30921291367,13.,0.));
#2695 = DIRECTION('',(-0.,-0.,-1.));
#2696 = DIRECTION('',(-1.,0.,0.));
#2697 = ADVANCED_FACE('',(#2698),#2726,.F.);
#2698 = FACE_BOUND('',#2699,.T.);
#2699 = EDGE_LOOP('',(#2700,#2708,#2709,#2710,#2719));
#2700 = ORIENTED_EDGE('',*,*,#2701,.F.);
#2701 = EDGE_CURVE('',#653,#2702,#2704,.T.);
#2702 = VERTEX_POINT('',#2703);
#2703 = CARTESIAN_POINT('',(-75.4,21.,1.65));
#2704 = LINE('',#2705,#2706);
#2705 = CARTESIAN_POINT('',(-77.05,21.,0.));
#2706 = VECTOR('',#2707,1.);
#2707 = DIRECTION('',(0.707106781187,0.,0.707106781187));
#2708 = ORIENTED_EDGE('',*,*,#652,.T.);
#2709 = ORIENTED_EDGE('',*,*,#2701,.T.);
#2710 = ORIENTED_EDGE('',*,*,#2711,.F.);
#2711 = EDGE_CURVE('',#2712,#2702,#2714,.T.);
#2712 = VERTEX_POINT('',#2713);
#2713 = CARTESIAN_POINT('',(-72.6,21.,1.65));
#2714 = CIRCLE('',#2715,1.4);
#2715 = AXIS2_PLACEMENT_3D('',#2716,#2717,#2718);
#2716 = CARTESIAN_POINT('',(-74.,21.,1.65));
#2717 = DIRECTION('',(0.,0.,-1.));
#2718 = DIRECTION('',(0.,1.,0.));
#2719 = ORIENTED_EDGE('',*,*,#2720,.F.);
#2720 = EDGE_CURVE('',#2702,#2712,#2721,.T.);
#2721 = CIRCLE('',#2722,1.4);
#2722 = AXIS2_PLACEMENT_3D('',#2723,#2724,#2725);
#2723 = CARTESIAN_POINT('',(-74.,21.,1.65));
#2724 = DIRECTION('',(0.,0.,-1.));
#2725 = DIRECTION('',(0.,1.,0.));
#2726 = CONICAL_SURFACE('',#2727,3.05,0.785398163397);
#2727 = AXIS2_PLACEMENT_3D('',#2728,#2729,#2730);
#2728 = CARTESIAN_POINT('',(-74.,21.,0.));
#2729 = DIRECTION('',(-0.,-0.,-1.));
#2730 = DIRECTION('',(-1.,0.,0.));
#2731 = ADVANCED_FACE('',(#2732),#2760,.F.);
#2732 = FACE_BOUND('',#2733,.T.);
#2733 = EDGE_LOOP('',(#2734,#2742,#2743,#2744,#2753));
#2734 = ORIENTED_EDGE('',*,*,#2735,.F.);
#2735 = EDGE_CURVE('',#664,#2736,#2738,.T.);
#2736 = VERTEX_POINT('',#2737);
#2737 = CARTESIAN_POINT('',(-75.4,41.,1.65));
#2738 = LINE('',#2739,#2740);
#2739 = CARTESIAN_POINT('',(-77.05,41.,0.));
#2740 = VECTOR('',#2741,1.);
#2741 = DIRECTION('',(0.707106781187,0.,0.707106781187));
#2742 = ORIENTED_EDGE('',*,*,#663,.T.);
#2743 = ORIENTED_EDGE('',*,*,#2735,.T.);
#2744 = ORIENTED_EDGE('',*,*,#2745,.F.);
#2745 = EDGE_CURVE('',#2746,#2736,#2748,.T.);
#2746 = VERTEX_POINT('',#2747);
#2747 = CARTESIAN_POINT('',(-72.6,41.,1.65));
#2748 = CIRCLE('',#2749,1.4);
#2749 = AXIS2_PLACEMENT_3D('',#2750,#2751,#2752);
#2750 = CARTESIAN_POINT('',(-74.,41.,1.65));
#2751 = DIRECTION('',(0.,0.,-1.));
#2752 = DIRECTION('',(0.,1.,0.));
#2753 = ORIENTED_EDGE('',*,*,#2754,.F.);
#2754 = EDGE_CURVE('',#2736,#2746,#2755,.T.);
#2755 = CIRCLE('',#2756,1.4);
#2756 = AXIS2_PLACEMENT_3D('',#2757,#2758,#2759);
#2757 = CARTESIAN_POINT('',(-74.,41.,1.65));
#2758 = DIRECTION('',(0.,0.,-1.));
#2759 = DIRECTION('',(0.,1.,0.));
#2760 = CONICAL_SURFACE('',#2761,3.05,0.785398163397);
#2761 = AXIS2_PLACEMENT_3D('',#2762,#2763,#2764);
#2762 = CARTESIAN_POINT('',(-74.,41.,0.));
#2763 = DIRECTION('',(-0.,-0.,-1.));
#2764 = DIRECTION('',(-1.,0.,0.));
#2765 = ADVANCED_FACE('',(#2766),#2785,.F.);
#2766 = FACE_BOUND('',#2767,.T.);
#2767 = EDGE_LOOP('',(#2768,#2776,#2777,#2778));
#2768 = ORIENTED_EDGE('',*,*,#2769,.F.);
#2769 = EDGE_CURVE('',#675,#2770,#2772,.T.);
#2770 = VERTEX_POINT('',#2771);
#2771 = CARTESIAN_POINT('',(-62.85645185049,38.544456474644,2.35));
#2772 = LINE('',#2773,#2774);
#2773 = CARTESIAN_POINT('',(-65.20645185049,38.544456474644,0.));
#2774 = VECTOR('',#2775,1.);
#2775 = DIRECTION('',(0.707106781187,0.,0.707106781187));
#2776 = ORIENTED_EDGE('',*,*,#674,.T.);
#2777 = ORIENTED_EDGE('',*,*,#2769,.T.);
#2778 = ORIENTED_EDGE('',*,*,#2779,.F.);
#2779 = EDGE_CURVE('',#2770,#2770,#2780,.T.);
#2780 = CIRCLE('',#2781,0.7);
#2781 = AXIS2_PLACEMENT_3D('',#2782,#2783,#2784);
#2782 = CARTESIAN_POINT('',(-62.15645185049,38.544456474644,2.35));
#2783 = DIRECTION('',(0.,0.,-1.));
#2784 = DIRECTION('',(-1.,0.,0.));
#2785 = CONICAL_SURFACE('',#2786,3.05,0.785398163397);
#2786 = AXIS2_PLACEMENT_3D('',#2787,#2788,#2789);
#2787 = CARTESIAN_POINT('',(-62.15645185049,38.544456474644,0.));
#2788 = DIRECTION('',(-0.,-0.,-1.));
#2789 = DIRECTION('',(-1.,0.,0.));
#2790 = ADVANCED_FACE('',(#2791),#2819,.F.);
#2791 = FACE_BOUND('',#2792,.T.);
#2792 = EDGE_LOOP('',(#2793,#2801,#2802,#2803,#2812));
#2793 = ORIENTED_EDGE('',*,*,#2794,.F.);
#2794 = EDGE_CURVE('',#686,#2795,#2797,.T.);
#2795 = VERTEX_POINT('',#2796);
#2796 = CARTESIAN_POINT('',(-1.4,0.,1.65));
#2797 = LINE('',#2798,#2799);
#2798 = CARTESIAN_POINT('',(-3.05,0.,0.));
#2799 = VECTOR('',#2800,1.);
#2800 = DIRECTION('',(0.707106781187,0.,0.707106781187));
#2801 = ORIENTED_EDGE('',*,*,#685,.T.);
#2802 = ORIENTED_EDGE('',*,*,#2794,.T.);
#2803 = ORIENTED_EDGE('',*,*,#2804,.F.);
#2804 = EDGE_CURVE('',#2805,#2795,#2807,.T.);
#2805 = VERTEX_POINT('',#2806);
#2806 = CARTESIAN_POINT('',(1.4,0.,1.65));
#2807 = CIRCLE('',#2808,1.4);
#2808 = AXIS2_PLACEMENT_3D('',#2809,#2810,#2811);
#2809 = CARTESIAN_POINT('',(0.,0.,1.65));
#2810 = DIRECTION('',(0.,0.,-1.));
#2811 = DIRECTION('',(0.,1.,0.));
#2812 = ORIENTED_EDGE('',*,*,#2813,.F.);
#2813 = EDGE_CURVE('',#2795,#2805,#2814,.T.);
#2814 = CIRCLE('',#2815,1.4);
#2815 = AXIS2_PLACEMENT_3D('',#2816,#2817,#2818);
#2816 = CARTESIAN_POINT('',(0.,0.,1.65));
#2817 = DIRECTION('',(0.,0.,-1.));
#2818 = DIRECTION('',(0.,1.,0.));
#2819 = CONICAL_SURFACE('',#2820,3.05,0.785398163397);
#2820 = AXIS2_PLACEMENT_3D('',#2821,#2822,#2823);
#2821 = CARTESIAN_POINT('',(0.,0.,0.));
#2822 = DIRECTION('',(-0.,-0.,-1.));
#2823 = DIRECTION('',(-1.,0.,0.));
#2824 = ADVANCED_FACE('',(#2825),#2853,.F.);
#2825 = FACE_BOUND('',#2826,.T.);
#2826 = EDGE_LOOP('',(#2827,#2835,#2836,#2837,#2846));
#2827 = ORIENTED_EDGE('',*,*,#2828,.F.);
#2828 = EDGE_CURVE('',#697,#2829,#2831,.T.);
#2829 = VERTEX_POINT('',#2830);
#2830 = CARTESIAN_POINT('',(28.6,0.,1.65));
#2831 = LINE('',#2832,#2833);
#2832 = CARTESIAN_POINT('',(26.95,0.,0.));
#2833 = VECTOR('',#2834,1.);
#2834 = DIRECTION('',(0.707106781187,0.,0.707106781187));
#2835 = ORIENTED_EDGE('',*,*,#696,.T.);
#2836 = ORIENTED_EDGE('',*,*,#2828,.T.);
#2837 = ORIENTED_EDGE('',*,*,#2838,.F.);
#2838 = EDGE_CURVE('',#2839,#2829,#2841,.T.);
#2839 = VERTEX_POINT('',#2840);
#2840 = CARTESIAN_POINT('',(31.4,0.,1.65));
#2841 = CIRCLE('',#2842,1.4);
#2842 = AXIS2_PLACEMENT_3D('',#2843,#2844,#2845);
#2843 = CARTESIAN_POINT('',(30.,0.,1.65));
#2844 = DIRECTION('',(0.,0.,-1.));
#2845 = DIRECTION('',(0.,1.,0.));
#2846 = ORIENTED_EDGE('',*,*,#2847,.F.);
#2847 = EDGE_CURVE('',#2829,#2839,#2848,.T.);
#2848 = CIRCLE('',#2849,1.4);
#2849 = AXIS2_PLACEMENT_3D('',#2850,#2851,#2852);
#2850 = CARTESIAN_POINT('',(30.,0.,1.65));
#2851 = DIRECTION('',(0.,0.,-1.));
#2852 = DIRECTION('',(0.,1.,0.));
#2853 = CONICAL_SURFACE('',#2854,3.05,0.785398163397);
#2854 = AXIS2_PLACEMENT_3D('',#2855,#2856,#2857);
#2855 = CARTESIAN_POINT('',(30.,0.,0.));
#2856 = DIRECTION('',(-0.,-0.,-1.));
#2857 = DIRECTION('',(-1.,0.,0.));
#2858 = ADVANCED_FACE('',(#2859),#2887,.F.);
#2859 = FACE_BOUND('',#2860,.T.);
#2860 = EDGE_LOOP('',(#2861,#2869,#2870,#2871,#2880));
#2861 = ORIENTED_EDGE('',*,*,#2862,.F.);
#2862 = EDGE_CURVE('',#708,#2863,#2865,.T.);
#2863 = VERTEX_POINT('',#2864);
#2864 = CARTESIAN_POINT('',(58.6,0.,1.65));
#2865 = LINE('',#2866,#2867);
#2866 = CARTESIAN_POINT('',(56.95,0.,0.));
#2867 = VECTOR('',#2868,1.);
#2868 = DIRECTION('',(0.707106781187,0.,0.707106781187));
#2869 = ORIENTED_EDGE('',*,*,#707,.T.);
#2870 = ORIENTED_EDGE('',*,*,#2862,.T.);
#2871 = ORIENTED_EDGE('',*,*,#2872,.F.);
#2872 = EDGE_CURVE('',#2873,#2863,#2875,.T.);
#2873 = VERTEX_POINT('',#2874);
#2874 = CARTESIAN_POINT('',(61.4,0.,1.65));
#2875 = CIRCLE('',#2876,1.4);
#2876 = AXIS2_PLACEMENT_3D('',#2877,#2878,#2879);
#2877 = CARTESIAN_POINT('',(60.,0.,1.65));
#2878 = DIRECTION('',(0.,0.,-1.));
#2879 = DIRECTION('',(0.,1.,0.));
#2880 = ORIENTED_EDGE('',*,*,#2881,.F.);
#2881 = EDGE_CURVE('',#2863,#2873,#2882,.T.);
#2882 = CIRCLE('',#2883,1.4);
#2883 = AXIS2_PLACEMENT_3D('',#2884,#2885,#2886);
#2884 = CARTESIAN_POINT('',(60.,0.,1.65));
#2885 = DIRECTION('',(0.,0.,-1.));
#2886 = DIRECTION('',(0.,1.,0.));
#2887 = CONICAL_SURFACE('',#2888,3.05,0.785398163397);
#2888 = AXIS2_PLACEMENT_3D('',#2889,#2890,#2891);
#2889 = CARTESIAN_POINT('',(60.,0.,0.));
#2890 = DIRECTION('',(-0.,-0.,-1.));
#2891 = DIRECTION('',(-1.,0.,0.));
#2892 = ADVANCED_FACE('',(#2893),#2921,.F.);
#2893 = FACE_BOUND('',#2894,.T.);
#2894 = EDGE_LOOP('',(#2895,#2903,#2904,#2905,#2914));
#2895 = ORIENTED_EDGE('',*,*,#2896,.F.);
#2896 = EDGE_CURVE('',#719,#2897,#2899,.T.);
#2897 = VERTEX_POINT('',#2898);
#2898 = CARTESIAN_POINT('',(78.6,0.,1.65));
#2899 = LINE('',#2900,#2901);
#2900 = CARTESIAN_POINT('',(76.95,0.,0.));
#2901 = VECTOR('',#2902,1.);
#2902 = DIRECTION('',(0.707106781187,0.,0.707106781187));
#2903 = ORIENTED_EDGE('',*,*,#718,.T.);
#2904 = ORIENTED_EDGE('',*,*,#2896,.T.);
#2905 = ORIENTED_EDGE('',*,*,#2906,.F.);
#2906 = EDGE_CURVE('',#2907,#2897,#2909,.T.);
#2907 = VERTEX_POINT('',#2908);
#2908 = CARTESIAN_POINT('',(81.4,0.,1.65));
#2909 = CIRCLE('',#2910,1.4);
#2910 = AXIS2_PLACEMENT_3D('',#2911,#2912,#2913);
#2911 = CARTESIAN_POINT('',(80.,0.,1.65));
#2912 = DIRECTION('',(0.,0.,-1.));
#2913 = DIRECTION('',(0.,1.,0.));
#2914 = ORIENTED_EDGE('',*,*,#2915,.F.);
#2915 = EDGE_CURVE('',#2897,#2907,#2916,.T.);
#2916 = CIRCLE('',#2917,1.4);
#2917 = AXIS2_PLACEMENT_3D('',#2918,#2919,#2920);
#2918 = CARTESIAN_POINT('',(80.,0.,1.65));
#2919 = DIRECTION('',(0.,0.,-1.));
#2920 = DIRECTION('',(0.,1.,0.));
#2921 = CONICAL_SURFACE('',#2922,3.05,0.785398163397);
#2922 = AXIS2_PLACEMENT_3D('',#2923,#2924,#2925);
#2923 = CARTESIAN_POINT('',(80.,0.,0.));
#2924 = DIRECTION('',(-0.,-0.,-1.));
#2925 = DIRECTION('',(-1.,0.,0.));
#2926 = ADVANCED_FACE('',(#2927),#2955,.F.);
#2927 = FACE_BOUND('',#2928,.T.);
#2928 = EDGE_LOOP('',(#2929,#2937,#2938,#2939,#2948));
#2929 = ORIENTED_EDGE('',*,*,#2930,.F.);
#2930 = EDGE_CURVE('',#730,#2931,#2933,.T.);
#2931 = VERTEX_POINT('',#2932);
#2932 = CARTESIAN_POINT('',(72.6,21.,1.65));
#2933 = LINE('',#2934,#2935);
#2934 = CARTESIAN_POINT('',(70.95,21.,0.));
#2935 = VECTOR('',#2936,1.);
#2936 = DIRECTION('',(0.707106781187,0.,0.707106781187));
#2937 = ORIENTED_EDGE('',*,*,#729,.T.);
#2938 = ORIENTED_EDGE('',*,*,#2930,.T.);
#2939 = ORIENTED_EDGE('',*,*,#2940,.F.);
#2940 = EDGE_CURVE('',#2941,#2931,#2943,.T.);
#2941 = VERTEX_POINT('',#2942);
#2942 = CARTESIAN_POINT('',(75.4,21.,1.65));
#2943 = CIRCLE('',#2944,1.4);
#2944 = AXIS2_PLACEMENT_3D('',#2945,#2946,#2947);
#2945 = CARTESIAN_POINT('',(74.,21.,1.65));
#2946 = DIRECTION('',(0.,0.,-1.));
#2947 = DIRECTION('',(0.,1.,0.));
#2948 = ORIENTED_EDGE('',*,*,#2949,.F.);
#2949 = EDGE_CURVE('',#2931,#2941,#2950,.T.);
#2950 = CIRCLE('',#2951,1.4);
#2951 = AXIS2_PLACEMENT_3D('',#2952,#2953,#2954);
#2952 = CARTESIAN_POINT('',(74.,21.,1.65));
#2953 = DIRECTION('',(0.,0.,-1.));
#2954 = DIRECTION('',(0.,1.,0.));
#2955 = CONICAL_SURFACE('',#2956,3.05,0.785398163397);
#2956 = AXIS2_PLACEMENT_3D('',#2957,#2958,#2959);
#2957 = CARTESIAN_POINT('',(74.,21.,0.));
#2958 = DIRECTION('',(-0.,-0.,-1.));
#2959 = DIRECTION('',(-1.,0.,0.));
#2960 = ADVANCED_FACE('',(#2961),#2989,.F.);
#2961 = FACE_BOUND('',#2962,.T.);
#2962 = EDGE_LOOP('',(#2963,#2971,#2972,#2973,#2982));
#2963 = ORIENTED_EDGE('',*,*,#2964,.F.);
#2964 = EDGE_CURVE('',#741,#2965,#2967,.T.);
#2965 = VERTEX_POINT('',#2966);
#2966 = CARTESIAN_POINT('',(135.31954883688,0.,1.650000000002));
#2967 = LINE('',#2968,#2969);
#2968 = CARTESIAN_POINT('',(133.66954883688,0.,0.));
#2969 = VECTOR('',#2970,1.);
#2970 = DIRECTION('',(0.707106781187,0.,0.707106781187));
#2971 = ORIENTED_EDGE('',*,*,#740,.T.);
#2972 = ORIENTED_EDGE('',*,*,#2964,.T.);
#2973 = ORIENTED_EDGE('',*,*,#2974,.F.);
#2974 = EDGE_CURVE('',#2975,#2965,#2977,.T.);
#2975 = VERTEX_POINT('',#2976);
#2976 = CARTESIAN_POINT('',(138.11954883688,0.,1.65));
#2977 = CIRCLE('',#2978,1.4);
#2978 = AXIS2_PLACEMENT_3D('',#2979,#2980,#2981);
#2979 = CARTESIAN_POINT('',(136.71954883688,0.,1.65));
#2980 = DIRECTION('',(0.,0.,-1.));
#2981 = DIRECTION('',(0.,1.,0.));
#2982 = ORIENTED_EDGE('',*,*,#2983,.F.);
#2983 = EDGE_CURVE('',#2965,#2975,#2984,.T.);
#2984 = CIRCLE('',#2985,1.4);
#2985 = AXIS2_PLACEMENT_3D('',#2986,#2987,#2988);
#2986 = CARTESIAN_POINT('',(136.71954883688,0.,1.65));
#2987 = DIRECTION('',(0.,0.,-1.));
#2988 = DIRECTION('',(0.,1.,0.));
#2989 = CONICAL_SURFACE('',#2990,3.05,0.785398163397);
#2990 = AXIS2_PLACEMENT_3D('',#2991,#2992,#2993);
#2991 = CARTESIAN_POINT('',(136.71954883688,0.,0.));
#2992 = DIRECTION('',(-0.,-0.,-1.));
#2993 = DIRECTION('',(-1.,0.,0.));
#2994 = ADVANCED_FACE('',(#2995),#3014,.F.);
#2995 = FACE_BOUND('',#2996,.T.);
#2996 = EDGE_LOOP('',(#2997,#3005,#3012,#3013));
#2997 = ORIENTED_EDGE('',*,*,#2998,.T.);
#2998 = EDGE_CURVE('',#752,#2999,#3001,.T.);
#2999 = VERTEX_POINT('',#3000);
#3000 = CARTESIAN_POINT('',(157.61827702399,0.,4.));
#3001 = LINE('',#3002,#3003);
#3002 = CARTESIAN_POINT('',(157.61827702399,0.,0.));
#3003 = VECTOR('',#3004,1.);
#3004 = DIRECTION('',(0.,0.,1.));
#3005 = ORIENTED_EDGE('',*,*,#3006,.T.);
#3006 = EDGE_CURVE('',#2999,#2999,#3007,.T.);
#3007 = CIRCLE('',#3008,5.898728187107);
#3008 = AXIS2_PLACEMENT_3D('',#3009,#3010,#3011);
#3009 = CARTESIAN_POINT('',(151.71954883688,0.,4.));
#3010 = DIRECTION('',(0.,0.,1.));
#3011 = DIRECTION('',(1.,0.,0.));
#3012 = ORIENTED_EDGE('',*,*,#2998,.F.);
#3013 = ORIENTED_EDGE('',*,*,#751,.F.);
#3014 = CYLINDRICAL_SURFACE('',#3015,5.898728187107);
#3015 = AXIS2_PLACEMENT_3D('',#3016,#3017,#3018);
#3016 = CARTESIAN_POINT('',(151.71954883688,0.,0.));
#3017 = DIRECTION('',(-0.,-0.,-1.));
#3018 = DIRECTION('',(1.,0.,0.));
#3019 = ADVANCED_FACE('',(#3020),#3048,.F.);
#3020 = FACE_BOUND('',#3021,.T.);
#3021 = EDGE_LOOP('',(#3022,#3030,#3031,#3032,#3041));
#3022 = ORIENTED_EDGE('',*,*,#3023,.F.);
#3023 = EDGE_CURVE('',#763,#3024,#3026,.T.);
#3024 = VERTEX_POINT('',#3025);
#3025 = CARTESIAN_POINT('',(165.31954883688,0.,1.65));
#3026 = LINE('',#3027,#3028);
#3027 = CARTESIAN_POINT('',(163.66954883688,0.,0.));
#3028 = VECTOR('',#3029,1.);
#3029 = DIRECTION('',(0.707106781187,0.,0.707106781187));
#3030 = ORIENTED_EDGE('',*,*,#762,.T.);
#3031 = ORIENTED_EDGE('',*,*,#3023,.T.);
#3032 = ORIENTED_EDGE('',*,*,#3033,.F.);
#3033 = EDGE_CURVE('',#3034,#3024,#3036,.T.);
#3034 = VERTEX_POINT('',#3035);
#3035 = CARTESIAN_POINT('',(168.11954883688,0.,1.65));
#3036 = CIRCLE('',#3037,1.4);
#3037 = AXIS2_PLACEMENT_3D('',#3038,#3039,#3040);
#3038 = CARTESIAN_POINT('',(166.71954883688,0.,1.65));
#3039 = DIRECTION('',(0.,0.,-1.));
#3040 = DIRECTION('',(0.,1.,0.));
#3041 = ORIENTED_EDGE('',*,*,#3042,.F.);
#3042 = EDGE_CURVE('',#3024,#3034,#3043,.T.);
#3043 = CIRCLE('',#3044,1.4);
#3044 = AXIS2_PLACEMENT_3D('',#3045,#3046,#3047);
#3045 = CARTESIAN_POINT('',(166.71954883688,0.,1.65));
#3046 = DIRECTION('',(0.,0.,-1.));
#3047 = DIRECTION('',(0.,1.,0.));
#3048 = CONICAL_SURFACE('',#3049,3.05,0.785398163397);
#3049 = AXIS2_PLACEMENT_3D('',#3050,#3051,#3052);
#3050 = CARTESIAN_POINT('',(166.71954883688,0.,0.));
#3051 = DIRECTION('',(-0.,-0.,-1.));
#3052 = DIRECTION('',(-1.,0.,0.));
#3053 = ADVANCED_FACE('',(#3054),#3073,.F.);
#3054 = FACE_BOUND('',#3055,.T.);
#3055 = EDGE_LOOP('',(#3056,#3064,#3065,#3066));
#3056 = ORIENTED_EDGE('',*,*,#3057,.F.);
#3057 = EDGE_CURVE('',#774,#3058,#3060,.T.);
#3058 = VERTEX_POINT('',#3059);
#3059 = CARTESIAN_POINT('',(61.008200599802,39.314828073178,2.35));
#3060 = LINE('',#3061,#3062);
#3061 = CARTESIAN_POINT('',(58.658200599802,39.314828073178,0.));
#3062 = VECTOR('',#3063,1.);
#3063 = DIRECTION('',(0.707106781187,0.,0.707106781187));
#3064 = ORIENTED_EDGE('',*,*,#773,.T.);
#3065 = ORIENTED_EDGE('',*,*,#3057,.T.);
#3066 = ORIENTED_EDGE('',*,*,#3067,.F.);
#3067 = EDGE_CURVE('',#3058,#3058,#3068,.T.);
#3068 = CIRCLE('',#3069,0.7);
#3069 = AXIS2_PLACEMENT_3D('',#3070,#3071,#3072);
#3070 = CARTESIAN_POINT('',(61.708200599802,39.314828073178,2.35));
#3071 = DIRECTION('',(0.,0.,-1.));
#3072 = DIRECTION('',(-1.,0.,0.));
#3073 = CONICAL_SURFACE('',#3074,3.05,0.785398163397);
#3074 = AXIS2_PLACEMENT_3D('',#3075,#3076,#3077);
#3075 = CARTESIAN_POINT('',(61.708200599802,39.314828073178,0.));
#3076 = DIRECTION('',(-0.,-0.,-1.));
#3077 = DIRECTION('',(-1.,0.,0.));
#3078 = ADVANCED_FACE('',(#3079),#3107,.F.);
#3079 = FACE_BOUND('',#3080,.T.);
#3080 = EDGE_LOOP('',(#3081,#3089,#3090,#3091,#3100));
#3081 = ORIENTED_EDGE('',*,*,#3082,.F.);
#3082 = EDGE_CURVE('',#785,#3083,#3085,.T.);
#3083 = VERTEX_POINT('',#3084);
#3084 = CARTESIAN_POINT('',(72.6,41.,1.65));
#3085 = LINE('',#3086,#3087);
#3086 = CARTESIAN_POINT('',(70.95,41.,0.));
#3087 = VECTOR('',#3088,1.);
#3088 = DIRECTION('',(0.707106781187,0.,0.707106781187));
#3089 = ORIENTED_EDGE('',*,*,#784,.T.);
#3090 = ORIENTED_EDGE('',*,*,#3082,.T.);
#3091 = ORIENTED_EDGE('',*,*,#3092,.F.);
#3092 = EDGE_CURVE('',#3093,#3083,#3095,.T.);
#3093 = VERTEX_POINT('',#3094);
#3094 = CARTESIAN_POINT('',(75.4,41.,1.65));
#3095 = CIRCLE('',#3096,1.4);
#3096 = AXIS2_PLACEMENT_3D('',#3097,#3098,#3099);
#3097 = CARTESIAN_POINT('',(74.,41.,1.65));
#3098 = DIRECTION('',(0.,0.,-1.));
#3099 = DIRECTION('',(0.,1.,0.));
#3100 = ORIENTED_EDGE('',*,*,#3101,.F.);
#3101 = EDGE_CURVE('',#3083,#3093,#3102,.T.);
#3102 = CIRCLE('',#3103,1.4);
#3103 = AXIS2_PLACEMENT_3D('',#3104,#3105,#3106);
#3104 = CARTESIAN_POINT('',(74.,41.,1.65));
#3105 = DIRECTION('',(0.,0.,-1.));
#3106 = DIRECTION('',(0.,1.,0.));
#3107 = CONICAL_SURFACE('',#3108,3.05,0.785398163397);
#3108 = AXIS2_PLACEMENT_3D('',#3109,#3110,#3111);
#3109 = CARTESIAN_POINT('',(74.,41.,0.));
#3110 = DIRECTION('',(-0.,-0.,-1.));
#3111 = DIRECTION('',(-1.,0.,0.));
#3112 = ADVANCED_FACE('',(#3113),#3141,.F.);
#3113 = FACE_BOUND('',#3114,.T.);
#3114 = EDGE_LOOP('',(#3115,#3123,#3124,#3125,#3134));
#3115 = ORIENTED_EDGE('',*,*,#3116,.F.);
#3116 = EDGE_CURVE('',#796,#3117,#3119,.T.);
#3117 = VERTEX_POINT('',#3118);
#3118 = CARTESIAN_POINT('',(83.319548836886,40.,1.65));
#3119 = LINE('',#3120,#3121);
#3120 = CARTESIAN_POINT('',(81.669548836887,40.,0.));
#3121 = VECTOR('',#3122,1.);
#3122 = DIRECTION('',(0.707106781187,0.,0.707106781187));
#3123 = ORIENTED_EDGE('',*,*,#795,.T.);
#3124 = ORIENTED_EDGE('',*,*,#3116,.T.);
#3125 = ORIENTED_EDGE('',*,*,#3126,.F.);
#3126 = EDGE_CURVE('',#3127,#3117,#3129,.T.);
#3127 = VERTEX_POINT('',#3128);
#3128 = CARTESIAN_POINT('',(86.119548836887,40.,1.65));
#3129 = CIRCLE('',#3130,1.4);
#3130 = AXIS2_PLACEMENT_3D('',#3131,#3132,#3133);
#3131 = CARTESIAN_POINT('',(84.719548836887,40.,1.65));
#3132 = DIRECTION('',(0.,0.,-1.));
#3133 = DIRECTION('',(0.,1.,0.));
#3134 = ORIENTED_EDGE('',*,*,#3135,.F.);
#3135 = EDGE_CURVE('',#3117,#3127,#3136,.T.);
#3136 = CIRCLE('',#3137,1.4);
#3137 = AXIS2_PLACEMENT_3D('',#3138,#3139,#3140);
#3138 = CARTESIAN_POINT('',(84.719548836887,40.,1.65));
#3139 = DIRECTION('',(0.,0.,-1.));
#3140 = DIRECTION('',(0.,1.,0.));
#3141 = CONICAL_SURFACE('',#3142,3.05,0.785398163397);
#3142 = AXIS2_PLACEMENT_3D('',#3143,#3144,#3145);
#3143 = CARTESIAN_POINT('',(84.719548836887,40.,0.));
#3144 = DIRECTION('',(-0.,-0.,-1.));
#3145 = DIRECTION('',(-1.,0.,0.));
#3146 = ADVANCED_FACE('',(#3147),#3175,.F.);
#3147 = FACE_BOUND('',#3148,.T.);
#3148 = EDGE_LOOP('',(#3149,#3157,#3158,#3159,#3168));
#3149 = ORIENTED_EDGE('',*,*,#3150,.F.);
#3150 = EDGE_CURVE('',#807,#3151,#3153,.T.);
#3151 = VERTEX_POINT('',#3152);
#3152 = CARTESIAN_POINT('',(95.319548836886,40.,1.65));
#3153 = LINE('',#3154,#3155);
#3154 = CARTESIAN_POINT('',(93.669548836887,40.,0.));
#3155 = VECTOR('',#3156,1.);
#3156 = DIRECTION('',(0.707106781187,0.,0.707106781187));
#3157 = ORIENTED_EDGE('',*,*,#806,.T.);
#3158 = ORIENTED_EDGE('',*,*,#3150,.T.);
#3159 = ORIENTED_EDGE('',*,*,#3160,.F.);
#3160 = EDGE_CURVE('',#3161,#3151,#3163,.T.);
#3161 = VERTEX_POINT('',#3162);
#3162 = CARTESIAN_POINT('',(98.119548836887,40.,1.65));
#3163 = CIRCLE('',#3164,1.4);
#3164 = AXIS2_PLACEMENT_3D('',#3165,#3166,#3167);
#3165 = CARTESIAN_POINT('',(96.719548836887,40.,1.65));
#3166 = DIRECTION('',(0.,0.,-1.));
#3167 = DIRECTION('',(0.,1.,0.));
#3168 = ORIENTED_EDGE('',*,*,#3169,.F.);
#3169 = EDGE_CURVE('',#3151,#3161,#3170,.T.);
#3170 = CIRCLE('',#3171,1.4);
#3171 = AXIS2_PLACEMENT_3D('',#3172,#3173,#3174);
#3172 = CARTESIAN_POINT('',(96.719548836887,40.,1.65));
#3173 = DIRECTION('',(0.,0.,-1.));
#3174 = DIRECTION('',(0.,1.,0.));
#3175 = CONICAL_SURFACE('',#3176,3.05,0.785398163397);
#3176 = AXIS2_PLACEMENT_3D('',#3177,#3178,#3179);
#3177 = CARTESIAN_POINT('',(96.719548836887,40.,0.));
#3178 = DIRECTION('',(-0.,-0.,-1.));
#3179 = DIRECTION('',(-1.,0.,0.));
#3180 = ADVANCED_FACE('',(#3181),#3209,.F.);
#3181 = FACE_BOUND('',#3182,.T.);
#3182 = EDGE_LOOP('',(#3183,#3191,#3192,#3193,#3202));
#3183 = ORIENTED_EDGE('',*,*,#3184,.F.);
#3184 = EDGE_CURVE('',#818,#3185,#3187,.T.);
#3185 = VERTEX_POINT('',#3186);
#3186 = CARTESIAN_POINT('',(130.31954883688,40.,1.65));
#3187 = LINE('',#3188,#3189);
#3188 = CARTESIAN_POINT('',(128.66954883688,40.,0.));
#3189 = VECTOR('',#3190,1.);
#3190 = DIRECTION('',(0.707106781187,0.,0.707106781187));
#3191 = ORIENTED_EDGE('',*,*,#817,.T.);
#3192 = ORIENTED_EDGE('',*,*,#3184,.T.);
#3193 = ORIENTED_EDGE('',*,*,#3194,.F.);
#3194 = EDGE_CURVE('',#3195,#3185,#3197,.T.);
#3195 = VERTEX_POINT('',#3196);
#3196 = CARTESIAN_POINT('',(133.11954883688,40.,1.65));
#3197 = CIRCLE('',#3198,1.4);
#3198 = AXIS2_PLACEMENT_3D('',#3199,#3200,#3201);
#3199 = CARTESIAN_POINT('',(131.71954883688,40.,1.65));
#3200 = DIRECTION('',(0.,0.,-1.));
#3201 = DIRECTION('',(0.,1.,0.));
#3202 = ORIENTED_EDGE('',*,*,#3203,.F.);
#3203 = EDGE_CURVE('',#3185,#3195,#3204,.T.);
#3204 = CIRCLE('',#3205,1.4);
#3205 = AXIS2_PLACEMENT_3D('',#3206,#3207,#3208);
#3206 = CARTESIAN_POINT('',(131.71954883688,40.,1.65));
#3207 = DIRECTION('',(0.,0.,-1.));
#3208 = DIRECTION('',(0.,1.,0.));
#3209 = CONICAL_SURFACE('',#3210,3.05,0.785398163397);
#3210 = AXIS2_PLACEMENT_3D('',#3211,#3212,#3213);
#3211 = CARTESIAN_POINT('',(131.71954883688,40.,0.));
#3212 = DIRECTION('',(-0.,-0.,-1.));
#3213 = DIRECTION('',(-1.,0.,0.));
#3214 = ADVANCED_FACE('',(#3215),#3243,.F.);
#3215 = FACE_BOUND('',#3216,.T.);
#3216 = EDGE_LOOP('',(#3217,#3225,#3226,#3227,#3236));
#3217 = ORIENTED_EDGE('',*,*,#3218,.F.);
#3218 = EDGE_CURVE('',#829,#3219,#3221,.T.);
#3219 = VERTEX_POINT('',#3220);
#3220 = CARTESIAN_POINT('',(165.31954883688,40.,1.65));
#3221 = LINE('',#3222,#3223);
#3222 = CARTESIAN_POINT('',(163.66954883688,40.,0.));
#3223 = VECTOR('',#3224,1.);
#3224 = DIRECTION('',(0.707106781187,0.,0.707106781187));
#3225 = ORIENTED_EDGE('',*,*,#828,.T.);
#3226 = ORIENTED_EDGE('',*,*,#3218,.T.);
#3227 = ORIENTED_EDGE('',*,*,#3228,.F.);
#3228 = EDGE_CURVE('',#3229,#3219,#3231,.T.);
#3229 = VERTEX_POINT('',#3230);
#3230 = CARTESIAN_POINT('',(168.11954883688,40.,1.65));
#3231 = CIRCLE('',#3232,1.4);
#3232 = AXIS2_PLACEMENT_3D('',#3233,#3234,#3235);
#3233 = CARTESIAN_POINT('',(166.71954883688,40.,1.65));
#3234 = DIRECTION('',(0.,0.,-1.));
#3235 = DIRECTION('',(0.,1.,0.));
#3236 = ORIENTED_EDGE('',*,*,#3237,.F.);
#3237 = EDGE_CURVE('',#3219,#3229,#3238,.T.);
#3238 = CIRCLE('',#3239,1.4);
#3239 = AXIS2_PLACEMENT_3D('',#3240,#3241,#3242);
#3240 = CARTESIAN_POINT('',(166.71954883688,40.,1.65));
#3241 = DIRECTION('',(0.,0.,-1.));
#3242 = DIRECTION('',(0.,1.,0.));
#3243 = CONICAL_SURFACE('',#3244,3.05,0.785398163397);
#3244 = AXIS2_PLACEMENT_3D('',#3245,#3246,#3247);
#3245 = CARTESIAN_POINT('',(166.71954883688,40.,0.));
#3246 = DIRECTION('',(-0.,-0.,-1.));
#3247 = DIRECTION('',(-1.,0.,0.));
#3248 = ADVANCED_FACE('',(#3249,#3264,#3275,#3286,#3297),#3308,.T.);
#3249 = FACE_BOUND('',#3250,.T.);
#3250 = EDGE_LOOP('',(#3251,#3252,#3253,#3259,#3260,#3261,#3262,#3263));
#3251 = ORIENTED_EDGE('',*,*,#1014,.F.);
#3252 = ORIENTED_EDGE('',*,*,#1054,.T.);
#3253 = ORIENTED_EDGE('',*,*,#3254,.T.);
#3254 = EDGE_CURVE('',#1055,#903,#3255,.T.);
#3255 = LINE('',#3256,#3257);
#3256 = CARTESIAN_POINT('',(-165.7804511631,-33.8119213836,4.));
#3257 = VECTOR('',#3258,1.);
#3258 = DIRECTION('',(0.,1.,0.));
#3259 = ORIENTED_EDGE('',*,*,#902,.F.);
#3260 = ORIENTED_EDGE('',*,*,#854,.T.);
#3261 = ORIENTED_EDGE('',*,*,#885,.T.);
#3262 = ORIENTED_EDGE('',*,*,#927,.T.);
#3263 = ORIENTED_EDGE('',*,*,#958,.T.);
#3264 = FACE_BOUND('',#3265,.T.);
#3265 = EDGE_LOOP('',(#3266));
#3266 = ORIENTED_EDGE('',*,*,#3267,.F.);
#3267 = EDGE_CURVE('',#3268,#3268,#3270,.T.);
#3268 = VERTEX_POINT('',#3269);
#3269 = CARTESIAN_POINT('',(-168.8804511631,-20.,4.));
#3270 = CIRCLE('',#3271,1.4);
#3271 = AXIS2_PLACEMENT_3D('',#3272,#3273,#3274);
#3272 = CARTESIAN_POINT('',(-170.2804511631,-20.,4.));
#3273 = DIRECTION('',(0.,0.,1.));
#3274 = DIRECTION('',(1.,0.,0.));
#3275 = FACE_BOUND('',#3276,.T.);
#3276 = EDGE_LOOP('',(#3277));
#3277 = ORIENTED_EDGE('',*,*,#3278,.F.);
#3278 = EDGE_CURVE('',#3279,#3279,#3281,.T.);
#3279 = VERTEX_POINT('',#3280);
#3280 = CARTESIAN_POINT('',(-180.6304511631,-8.,4.));
#3281 = CIRCLE('',#3282,1.4);
#3282 = AXIS2_PLACEMENT_3D('',#3283,#3284,#3285);
#3283 = CARTESIAN_POINT('',(-182.0304511631,-8.,4.));
#3284 = DIRECTION('',(0.,0.,1.));
#3285 = DIRECTION('',(1.,0.,0.));
#3286 = FACE_BOUND('',#3287,.T.);
#3287 = EDGE_LOOP('',(#3288));
#3288 = ORIENTED_EDGE('',*,*,#3289,.F.);
#3289 = EDGE_CURVE('',#3290,#3290,#3292,.T.);
#3290 = VERTEX_POINT('',#3291);
#3291 = CARTESIAN_POINT('',(-180.6304511631,8.,4.));
#3292 = CIRCLE('',#3293,1.4);
#3293 = AXIS2_PLACEMENT_3D('',#3294,#3295,#3296);
#3294 = CARTESIAN_POINT('',(-182.0304511631,8.,4.));
#3295 = DIRECTION('',(0.,0.,1.));
#3296 = DIRECTION('',(1.,0.,0.));
#3297 = FACE_BOUND('',#3298,.T.);
#3298 = EDGE_LOOP('',(#3299));
#3299 = ORIENTED_EDGE('',*,*,#3300,.F.);
#3300 = EDGE_CURVE('',#3301,#3301,#3303,.T.);
#3301 = VERTEX_POINT('',#3302);
#3302 = CARTESIAN_POINT('',(-168.8804511631,20.,4.));
#3303 = CIRCLE('',#3304,1.4);
#3304 = AXIS2_PLACEMENT_3D('',#3305,#3306,#3307);
#3305 = CARTESIAN_POINT('',(-170.2804511631,20.,4.));
#3306 = DIRECTION('',(0.,0.,1.));
#3307 = DIRECTION('',(1.,0.,0.));
#3308 = PLANE('',#3309);
#3309 = AXIS2_PLACEMENT_3D('',#3310,#3311,#3312);
#3310 = CARTESIAN_POINT('',(-5.846511587332,-0.50669419685,4.));
#3311 = DIRECTION('',(0.,0.,1.));
#3312 = DIRECTION('',(1.,0.,0.));
#3313 = ADVANCED_FACE('',(#3314),#3338,.T.);
#3314 = FACE_BOUND('',#3315,.T.);
#3315 = EDGE_LOOP('',(#3316,#3317,#3323,#3324,#3325,#3326,#3327,#3328,
    #3334,#3335,#3336,#3337));
#3316 = ORIENTED_EDGE('',*,*,#983,.T.);
#3317 = ORIENTED_EDGE('',*,*,#3318,.T.);
#3318 = EDGE_CURVE('',#976,#1127,#3319,.T.);
#3319 = LINE('',#3320,#3321);
#3320 = CARTESIAN_POINT('',(-165.7804511631,24.,2.8));
#3321 = VECTOR('',#3322,1.);
#3322 = DIRECTION('',(0.,-1.,0.));
#3323 = ORIENTED_EDGE('',*,*,#1134,.T.);
#3324 = ORIENTED_EDGE('',*,*,#1182,.T.);
#3325 = ORIENTED_EDGE('',*,*,#1245,.F.);
#3326 = ORIENTED_EDGE('',*,*,#1286,.T.);
#3327 = ORIENTED_EDGE('',*,*,#1334,.T.);
#3328 = ORIENTED_EDGE('',*,*,#3329,.T.);
#3329 = EDGE_CURVE('',#1335,#1159,#3330,.T.);
#3330 = LINE('',#3331,#3332);
#3331 = CARTESIAN_POINT('',(-124.7701933415,-24.,2.8));
#3332 = VECTOR('',#3333,1.);
#3333 = DIRECTION('',(0.,1.,0.));
#3334 = ORIENTED_EDGE('',*,*,#1158,.T.);
#3335 = ORIENTED_EDGE('',*,*,#1110,.T.);
#3336 = ORIENTED_EDGE('',*,*,#1079,.F.);
#3337 = ORIENTED_EDGE('',*,*,#1038,.T.);
#3338 = PLANE('',#3339);
#3339 = AXIS2_PLACEMENT_3D('',#3340,#3341,#3342);
#3340 = CARTESIAN_POINT('',(-145.2753222523,0.,2.8));
#3341 = DIRECTION('',(0.,0.,1.));
#3342 = DIRECTION('',(1.,0.,0.));
#3343 = ADVANCED_FACE('',(#3344),#3355,.F.);
#3344 = FACE_BOUND('',#3345,.F.);
#3345 = EDGE_LOOP('',(#3346,#3347,#3348,#3349));
#3346 = ORIENTED_EDGE('',*,*,#1397,.F.);
#3347 = ORIENTED_EDGE('',*,*,#3329,.T.);
#3348 = ORIENTED_EDGE('',*,*,#1205,.T.);
#3349 = ORIENTED_EDGE('',*,*,#3350,.F.);
#3350 = EDGE_CURVE('',#1390,#1206,#3351,.T.);
#3351 = LINE('',#3352,#3353);
#3352 = CARTESIAN_POINT('',(-124.7701933415,-24.,4.));
#3353 = VECTOR('',#3354,1.);
#3354 = DIRECTION('',(0.,1.,0.));
#3355 = PLANE('',#3356);
#3356 = AXIS2_PLACEMENT_3D('',#3357,#3358,#3359);
#3357 = CARTESIAN_POINT('',(-124.7701933415,-24.,4.));
#3358 = DIRECTION('',(1.,0.,0.));
#3359 = DIRECTION('',(0.,1.,0.));
#3360 = ADVANCED_FACE('',(#3361,#3388,#3399,#3410,#3421,#3432,#3443,
    #3454,#3465,#3476,#3487,#3498,#3509,#3520,#3531,#3542,#3553,#3564,
    #3575,#3586,#3597,#3608,#3619,#3630,#3641,#3652,#3663,#3674,#3685,
    #3696,#3707,#3718,#3721,#3732,#3743,#3754,#3765,#3776,#3787),#3798,
  .T.);
#3361 = FACE_BOUND('',#3362,.T.);
#3362 = EDGE_LOOP('',(#3363,#3364,#3365,#3366,#3367,#3368,#3369,#3370,
    #3371,#3372,#3373,#3374,#3375,#3376,#3377,#3378,#3379,#3380,#3381,
    #3382,#3383,#3384,#3385,#3386,#3387));
#3363 = ORIENTED_EDGE('',*,*,#1213,.F.);
#3364 = ORIENTED_EDGE('',*,*,#3350,.F.);
#3365 = ORIENTED_EDGE('',*,*,#1389,.F.);
#3366 = ORIENTED_EDGE('',*,*,#1445,.F.);
#3367 = ORIENTED_EDGE('',*,*,#1487,.T.);
#3368 = ORIENTED_EDGE('',*,*,#1535,.T.);
#3369 = ORIENTED_EDGE('',*,*,#1584,.T.);
#3370 = ORIENTED_EDGE('',*,*,#1640,.F.);
#3371 = ORIENTED_EDGE('',*,*,#1689,.F.);
#3372 = ORIENTED_EDGE('',*,*,#1738,.F.);
#3373 = ORIENTED_EDGE('',*,*,#1786,.F.);
#3374 = ORIENTED_EDGE('',*,*,#1828,.T.);
#3375 = ORIENTED_EDGE('',*,*,#1852,.T.);
#3376 = ORIENTED_EDGE('',*,*,#1811,.T.);
#3377 = ORIENTED_EDGE('',*,*,#1755,.F.);
#3378 = ORIENTED_EDGE('',*,*,#1707,.F.);
#3379 = ORIENTED_EDGE('',*,*,#1664,.T.);
#3380 = ORIENTED_EDGE('',*,*,#1616,.T.);
#3381 = ORIENTED_EDGE('',*,*,#1559,.F.);
#3382 = ORIENTED_EDGE('',*,*,#1511,.F.);
#3383 = ORIENTED_EDGE('',*,*,#1462,.F.);
#3384 = ORIENTED_EDGE('',*,*,#1414,.F.);
#3385 = ORIENTED_EDGE('',*,*,#1364,.T.);
#3386 = ORIENTED_EDGE('',*,*,#1309,.F.);
#3387 = ORIENTED_EDGE('',*,*,#1261,.F.);
#3388 = FACE_BOUND('',#3389,.T.);
#3389 = EDGE_LOOP('',(#3390));
#3390 = ORIENTED_EDGE('',*,*,#3391,.F.);
#3391 = EDGE_CURVE('',#3392,#3392,#3394,.T.);
#3392 = VERTEX_POINT('',#3393);
#3393 = CARTESIAN_POINT('',(-99.40921291367,-36.,4.));
#3394 = CIRCLE('',#3395,1.4);
#3395 = AXIS2_PLACEMENT_3D('',#3396,#3397,#3398);
#3396 = CARTESIAN_POINT('',(-100.8092129136,-36.,4.));
#3397 = DIRECTION('',(0.,0.,1.));
#3398 = DIRECTION('',(1.,0.,0.));
#3399 = FACE_BOUND('',#3400,.T.);
#3400 = EDGE_LOOP('',(#3401));
#3401 = ORIENTED_EDGE('',*,*,#3402,.F.);
#3402 = EDGE_CURVE('',#3403,#3403,#3405,.T.);
#3403 = VERTEX_POINT('',#3404);
#3404 = CARTESIAN_POINT('',(-72.6,-41.,4.));
#3405 = CIRCLE('',#3406,1.4);
#3406 = AXIS2_PLACEMENT_3D('',#3407,#3408,#3409);
#3407 = CARTESIAN_POINT('',(-74.,-41.,4.));
#3408 = DIRECTION('',(0.,0.,1.));
#3409 = DIRECTION('',(1.,0.,0.));
#3410 = FACE_BOUND('',#3411,.T.);
#3411 = EDGE_LOOP('',(#3412));
#3412 = ORIENTED_EDGE('',*,*,#3413,.F.);
#3413 = EDGE_CURVE('',#3414,#3414,#3416,.T.);
#3414 = VERTEX_POINT('',#3415);
#3415 = CARTESIAN_POINT('',(-62.85645185049,-38.54445647464,4.));
#3416 = CIRCLE('',#3417,0.7);
#3417 = AXIS2_PLACEMENT_3D('',#3418,#3419,#3420);
#3418 = CARTESIAN_POINT('',(-62.15645185049,-38.54445647464,4.));
#3419 = DIRECTION('',(0.,0.,1.));
#3420 = DIRECTION('',(-1.,0.,0.));
#3421 = FACE_BOUND('',#3422,.T.);
#3422 = EDGE_LOOP('',(#3423));
#3423 = ORIENTED_EDGE('',*,*,#3424,.F.);
#3424 = EDGE_CURVE('',#3425,#3425,#3427,.T.);
#3425 = VERTEX_POINT('',#3426);
#3426 = CARTESIAN_POINT('',(-89.90921291367,-36.,4.));
#3427 = CIRCLE('',#3428,1.4);
#3428 = AXIS2_PLACEMENT_3D('',#3429,#3430,#3431);
#3429 = CARTESIAN_POINT('',(-91.30921291367,-36.,4.));
#3430 = DIRECTION('',(0.,0.,1.));
#3431 = DIRECTION('',(1.,0.,0.));
#3432 = FACE_BOUND('',#3433,.T.);
#3433 = EDGE_LOOP('',(#3434));
#3434 = ORIENTED_EDGE('',*,*,#3435,.F.);
#3435 = EDGE_CURVE('',#3436,#3436,#3438,.T.);
#3436 = VERTEX_POINT('',#3437);
#3437 = CARTESIAN_POINT('',(-109.1201933415,-8.,4.));
#3438 = CIRCLE('',#3439,1.4);
#3439 = AXIS2_PLACEMENT_3D('',#3440,#3441,#3442);
#3440 = CARTESIAN_POINT('',(-110.5201933415,-8.,4.));
#3441 = DIRECTION('',(0.,0.,1.));
#3442 = DIRECTION('',(1.,0.,0.));
#3443 = FACE_BOUND('',#3444,.T.);
#3444 = EDGE_LOOP('',(#3445));
#3445 = ORIENTED_EDGE('',*,*,#3446,.F.);
#3446 = EDGE_CURVE('',#3447,#3447,#3449,.T.);
#3447 = VERTEX_POINT('',#3448);
#3448 = CARTESIAN_POINT('',(-72.6,-21.,4.));
#3449 = CIRCLE('',#3450,1.4);
#3450 = AXIS2_PLACEMENT_3D('',#3451,#3452,#3453);
#3451 = CARTESIAN_POINT('',(-74.,-21.,4.));
#3452 = DIRECTION('',(0.,0.,1.));
#3453 = DIRECTION('',(1.,0.,0.));
#3454 = FACE_BOUND('',#3455,.T.);
#3455 = EDGE_LOOP('',(#3456));
#3456 = ORIENTED_EDGE('',*,*,#3457,.F.);
#3457 = EDGE_CURVE('',#3458,#3458,#3460,.T.);
#3458 = VERTEX_POINT('',#3459);
#3459 = CARTESIAN_POINT('',(75.4,-41.,4.));
#3460 = CIRCLE('',#3461,1.4);
#3461 = AXIS2_PLACEMENT_3D('',#3462,#3463,#3464);
#3462 = CARTESIAN_POINT('',(74.,-41.,4.));
#3463 = DIRECTION('',(0.,0.,1.));
#3464 = DIRECTION('',(1.,0.,0.));
#3465 = FACE_BOUND('',#3466,.T.);
#3466 = EDGE_LOOP('',(#3467));
#3467 = ORIENTED_EDGE('',*,*,#3468,.F.);
#3468 = EDGE_CURVE('',#3469,#3469,#3471,.T.);
#3469 = VERTEX_POINT('',#3470);
#3470 = CARTESIAN_POINT('',(60.999666218435,-39.3143616744,4.));
#3471 = CIRCLE('',#3472,0.7);
#3472 = AXIS2_PLACEMENT_3D('',#3473,#3474,#3475);
#3473 = CARTESIAN_POINT('',(61.699666218435,-39.3143616744,4.));
#3474 = DIRECTION('',(0.,0.,1.));
#3475 = DIRECTION('',(-1.,0.,0.));
#3476 = FACE_BOUND('',#3477,.T.);
#3477 = EDGE_LOOP('',(#3478));
#3478 = ORIENTED_EDGE('',*,*,#3479,.F.);
#3479 = EDGE_CURVE('',#3480,#3480,#3482,.T.);
#3480 = VERTEX_POINT('',#3481);
#3481 = CARTESIAN_POINT('',(86.119548836887,-40.,4.));
#3482 = CIRCLE('',#3483,1.4);
#3483 = AXIS2_PLACEMENT_3D('',#3484,#3485,#3486);
#3484 = CARTESIAN_POINT('',(84.719548836887,-40.,4.));
#3485 = DIRECTION('',(0.,0.,1.));
#3486 = DIRECTION('',(1.,0.,0.));
#3487 = FACE_BOUND('',#3488,.T.);
#3488 = EDGE_LOOP('',(#3489));
#3489 = ORIENTED_EDGE('',*,*,#3490,.F.);
#3490 = EDGE_CURVE('',#3491,#3491,#3493,.T.);
#3491 = VERTEX_POINT('',#3492);
#3492 = CARTESIAN_POINT('',(96.119548836887,-40.,4.));
#3493 = CIRCLE('',#3494,1.4);
#3494 = AXIS2_PLACEMENT_3D('',#3495,#3496,#3497);
#3495 = CARTESIAN_POINT('',(94.719548836887,-40.,4.));
#3496 = DIRECTION('',(0.,0.,1.));
#3497 = DIRECTION('',(1.,0.,0.));
#3498 = FACE_BOUND('',#3499,.T.);
#3499 = EDGE_LOOP('',(#3500));
#3500 = ORIENTED_EDGE('',*,*,#3501,.F.);
#3501 = EDGE_CURVE('',#3502,#3502,#3504,.T.);
#3502 = VERTEX_POINT('',#3503);
#3503 = CARTESIAN_POINT('',(106.11954883688,-40.,4.));
#3504 = CIRCLE('',#3505,1.4);
#3505 = AXIS2_PLACEMENT_3D('',#3506,#3507,#3508);
#3506 = CARTESIAN_POINT('',(104.71954883688,-40.,4.));
#3507 = DIRECTION('',(0.,0.,1.));
#3508 = DIRECTION('',(1.,0.,0.));
#3509 = FACE_BOUND('',#3510,.T.);
#3510 = EDGE_LOOP('',(#3511));
#3511 = ORIENTED_EDGE('',*,*,#3512,.F.);
#3512 = EDGE_CURVE('',#3513,#3513,#3515,.T.);
#3513 = VERTEX_POINT('',#3514);
#3514 = CARTESIAN_POINT('',(138.11954883688,-40.,4.));
#3515 = CIRCLE('',#3516,1.4);
#3516 = AXIS2_PLACEMENT_3D('',#3517,#3518,#3519);
#3517 = CARTESIAN_POINT('',(136.71954883688,-40.,4.));
#3518 = DIRECTION('',(0.,0.,1.));
#3519 = DIRECTION('',(1.,0.,0.));
#3520 = FACE_BOUND('',#3521,.T.);
#3521 = EDGE_LOOP('',(#3522));
#3522 = ORIENTED_EDGE('',*,*,#3523,.F.);
#3523 = EDGE_CURVE('',#3524,#3524,#3526,.T.);
#3524 = VERTEX_POINT('',#3525);
#3525 = CARTESIAN_POINT('',(168.11954883688,-40.,4.));
#3526 = CIRCLE('',#3527,1.4);
#3527 = AXIS2_PLACEMENT_3D('',#3528,#3529,#3530);
#3528 = CARTESIAN_POINT('',(166.71954883688,-40.,4.));
#3529 = DIRECTION('',(0.,0.,1.));
#3530 = DIRECTION('',(1.,0.,0.));
#3531 = FACE_BOUND('',#3532,.T.);
#3532 = EDGE_LOOP('',(#3533));
#3533 = ORIENTED_EDGE('',*,*,#3534,.F.);
#3534 = EDGE_CURVE('',#3535,#3535,#3537,.T.);
#3535 = VERTEX_POINT('',#3536);
#3536 = CARTESIAN_POINT('',(75.4,-21.,4.));
#3537 = CIRCLE('',#3538,1.4);
#3538 = AXIS2_PLACEMENT_3D('',#3539,#3540,#3541);
#3539 = CARTESIAN_POINT('',(74.,-21.,4.));
#3540 = DIRECTION('',(0.,0.,1.));
#3541 = DIRECTION('',(1.,0.,0.));
#3542 = FACE_BOUND('',#3543,.T.);
#3543 = EDGE_LOOP('',(#3544));
#3544 = ORIENTED_EDGE('',*,*,#3545,.F.);
#3545 = EDGE_CURVE('',#3546,#3546,#3548,.T.);
#3546 = VERTEX_POINT('',#3547);
#3547 = CARTESIAN_POINT('',(-109.1201933415,8.,4.));
#3548 = CIRCLE('',#3549,1.4);
#3549 = AXIS2_PLACEMENT_3D('',#3550,#3551,#3552);
#3550 = CARTESIAN_POINT('',(-110.5201933415,8.,4.));
#3551 = DIRECTION('',(0.,0.,1.));
#3552 = DIRECTION('',(1.,0.,0.));
#3553 = FACE_BOUND('',#3554,.T.);
#3554 = EDGE_LOOP('',(#3555));
#3555 = ORIENTED_EDGE('',*,*,#3556,.F.);
#3556 = EDGE_CURVE('',#3557,#3557,#3559,.T.);
#3557 = VERTEX_POINT('',#3558);
#3558 = CARTESIAN_POINT('',(-99.40921291368,13.,4.));
#3559 = CIRCLE('',#3560,1.4);
#3560 = AXIS2_PLACEMENT_3D('',#3561,#3562,#3563);
#3561 = CARTESIAN_POINT('',(-100.8092129136,13.,4.));
#3562 = DIRECTION('',(0.,0.,1.));
#3563 = DIRECTION('',(1.,0.,0.));
#3564 = FACE_BOUND('',#3565,.T.);
#3565 = EDGE_LOOP('',(#3566));
#3566 = ORIENTED_EDGE('',*,*,#3567,.F.);
#3567 = EDGE_CURVE('',#3568,#3568,#3570,.T.);
#3568 = VERTEX_POINT('',#3569);
#3569 = CARTESIAN_POINT('',(-78.6,0.,4.));
#3570 = CIRCLE('',#3571,1.4);
#3571 = AXIS2_PLACEMENT_3D('',#3572,#3573,#3574);
#3572 = CARTESIAN_POINT('',(-80.,0.,4.));
#3573 = DIRECTION('',(0.,0.,1.));
#3574 = DIRECTION('',(1.,0.,0.));
#3575 = FACE_BOUND('',#3576,.T.);
#3576 = EDGE_LOOP('',(#3577));
#3577 = ORIENTED_EDGE('',*,*,#3578,.F.);
#3578 = EDGE_CURVE('',#3579,#3579,#3581,.T.);
#3579 = VERTEX_POINT('',#3580);
#3580 = CARTESIAN_POINT('',(-70.6,0.,4.));
#3581 = CIRCLE('',#3582,1.4);
#3582 = AXIS2_PLACEMENT_3D('',#3583,#3584,#3585);
#3583 = CARTESIAN_POINT('',(-72.,0.,4.));
#3584 = DIRECTION('',(0.,0.,1.));
#3585 = DIRECTION('',(1.,0.,0.));
#3586 = FACE_BOUND('',#3587,.T.);
#3587 = EDGE_LOOP('',(#3588));
#3588 = ORIENTED_EDGE('',*,*,#3589,.F.);
#3589 = EDGE_CURVE('',#3590,#3590,#3592,.T.);
#3590 = VERTEX_POINT('',#3591);
#3591 = CARTESIAN_POINT('',(-58.6,0.,4.));
#3592 = CIRCLE('',#3593,1.4);
#3593 = AXIS2_PLACEMENT_3D('',#3594,#3595,#3596);
#3594 = CARTESIAN_POINT('',(-60.,0.,4.));
#3595 = DIRECTION('',(0.,0.,1.));
#3596 = DIRECTION('',(1.,0.,0.));
#3597 = FACE_BOUND('',#3598,.T.);
#3598 = EDGE_LOOP('',(#3599));
#3599 = ORIENTED_EDGE('',*,*,#3600,.F.);
#3600 = EDGE_CURVE('',#3601,#3601,#3603,.T.);
#3601 = VERTEX_POINT('',#3602);
#3602 = CARTESIAN_POINT('',(-28.6,0.,4.));
#3603 = CIRCLE('',#3604,1.4);
#3604 = AXIS2_PLACEMENT_3D('',#3605,#3606,#3607);
#3605 = CARTESIAN_POINT('',(-30.,0.,4.));
#3606 = DIRECTION('',(0.,0.,1.));
#3607 = DIRECTION('',(1.,0.,0.));
#3608 = FACE_BOUND('',#3609,.T.);
#3609 = EDGE_LOOP('',(#3610));
#3610 = ORIENTED_EDGE('',*,*,#3611,.F.);
#3611 = EDGE_CURVE('',#3612,#3612,#3614,.T.);
#3612 = VERTEX_POINT('',#3613);
#3613 = CARTESIAN_POINT('',(-89.90921291367,13.,4.));
#3614 = CIRCLE('',#3615,1.4);
#3615 = AXIS2_PLACEMENT_3D('',#3616,#3617,#3618);
#3616 = CARTESIAN_POINT('',(-91.30921291367,13.,4.));
#3617 = DIRECTION('',(0.,0.,1.));
#3618 = DIRECTION('',(1.,0.,0.));
#3619 = FACE_BOUND('',#3620,.T.);
#3620 = EDGE_LOOP('',(#3621));
#3621 = ORIENTED_EDGE('',*,*,#3622,.F.);
#3622 = EDGE_CURVE('',#3623,#3623,#3625,.T.);
#3623 = VERTEX_POINT('',#3624);
#3624 = CARTESIAN_POINT('',(-72.6,21.,4.));
#3625 = CIRCLE('',#3626,1.4);
#3626 = AXIS2_PLACEMENT_3D('',#3627,#3628,#3629);
#3627 = CARTESIAN_POINT('',(-74.,21.,4.));
#3628 = DIRECTION('',(0.,0.,1.));
#3629 = DIRECTION('',(1.,0.,0.));
#3630 = FACE_BOUND('',#3631,.T.);
#3631 = EDGE_LOOP('',(#3632));
#3632 = ORIENTED_EDGE('',*,*,#3633,.F.);
#3633 = EDGE_CURVE('',#3634,#3634,#3636,.T.);
#3634 = VERTEX_POINT('',#3635);
#3635 = CARTESIAN_POINT('',(-72.6,41.,4.));
#3636 = CIRCLE('',#3637,1.4);
#3637 = AXIS2_PLACEMENT_3D('',#3638,#3639,#3640);
#3638 = CARTESIAN_POINT('',(-74.,41.,4.));
#3639 = DIRECTION('',(0.,0.,1.));
#3640 = DIRECTION('',(1.,0.,0.));
#3641 = FACE_BOUND('',#3642,.T.);
#3642 = EDGE_LOOP('',(#3643));
#3643 = ORIENTED_EDGE('',*,*,#3644,.F.);
#3644 = EDGE_CURVE('',#3645,#3645,#3647,.T.);
#3645 = VERTEX_POINT('',#3646);
#3646 = CARTESIAN_POINT('',(-62.85645185049,38.544456474644,4.));
#3647 = CIRCLE('',#3648,0.7);
#3648 = AXIS2_PLACEMENT_3D('',#3649,#3650,#3651);
#3649 = CARTESIAN_POINT('',(-62.15645185049,38.544456474644,4.));
#3650 = DIRECTION('',(0.,0.,1.));
#3651 = DIRECTION('',(-1.,0.,0.));
#3652 = FACE_BOUND('',#3653,.T.);
#3653 = EDGE_LOOP('',(#3654));
#3654 = ORIENTED_EDGE('',*,*,#3655,.F.);
#3655 = EDGE_CURVE('',#3656,#3656,#3658,.T.);
#3656 = VERTEX_POINT('',#3657);
#3657 = CARTESIAN_POINT('',(1.4,0.,4.));
#3658 = CIRCLE('',#3659,1.4);
#3659 = AXIS2_PLACEMENT_3D('',#3660,#3661,#3662);
#3660 = CARTESIAN_POINT('',(0.,0.,4.));
#3661 = DIRECTION('',(0.,0.,1.));
#3662 = DIRECTION('',(1.,0.,0.));
#3663 = FACE_BOUND('',#3664,.T.);
#3664 = EDGE_LOOP('',(#3665));
#3665 = ORIENTED_EDGE('',*,*,#3666,.F.);
#3666 = EDGE_CURVE('',#3667,#3667,#3669,.T.);
#3667 = VERTEX_POINT('',#3668);
#3668 = CARTESIAN_POINT('',(31.4,0.,4.));
#3669 = CIRCLE('',#3670,1.4);
#3670 = AXIS2_PLACEMENT_3D('',#3671,#3672,#3673);
#3671 = CARTESIAN_POINT('',(30.,0.,4.));
#3672 = DIRECTION('',(0.,0.,1.));
#3673 = DIRECTION('',(1.,0.,0.));
#3674 = FACE_BOUND('',#3675,.T.);
#3675 = EDGE_LOOP('',(#3676));
#3676 = ORIENTED_EDGE('',*,*,#3677,.F.);
#3677 = EDGE_CURVE('',#3678,#3678,#3680,.T.);
#3678 = VERTEX_POINT('',#3679);
#3679 = CARTESIAN_POINT('',(61.4,0.,4.));
#3680 = CIRCLE('',#3681,1.4);
#3681 = AXIS2_PLACEMENT_3D('',#3682,#3683,#3684);
#3682 = CARTESIAN_POINT('',(60.,0.,4.));
#3683 = DIRECTION('',(0.,0.,1.));
#3684 = DIRECTION('',(1.,0.,0.));
#3685 = FACE_BOUND('',#3686,.T.);
#3686 = EDGE_LOOP('',(#3687));
#3687 = ORIENTED_EDGE('',*,*,#3688,.F.);
#3688 = EDGE_CURVE('',#3689,#3689,#3691,.T.);
#3689 = VERTEX_POINT('',#3690);
#3690 = CARTESIAN_POINT('',(81.4,0.,4.));
#3691 = CIRCLE('',#3692,1.4);
#3692 = AXIS2_PLACEMENT_3D('',#3693,#3694,#3695);
#3693 = CARTESIAN_POINT('',(80.,0.,4.));
#3694 = DIRECTION('',(0.,0.,1.));
#3695 = DIRECTION('',(1.,0.,0.));
#3696 = FACE_BOUND('',#3697,.T.);
#3697 = EDGE_LOOP('',(#3698));
#3698 = ORIENTED_EDGE('',*,*,#3699,.F.);
#3699 = EDGE_CURVE('',#3700,#3700,#3702,.T.);
#3700 = VERTEX_POINT('',#3701);
#3701 = CARTESIAN_POINT('',(75.4,21.,4.));
#3702 = CIRCLE('',#3703,1.4);
#3703 = AXIS2_PLACEMENT_3D('',#3704,#3705,#3706);
#3704 = CARTESIAN_POINT('',(74.,21.,4.));
#3705 = DIRECTION('',(0.,0.,1.));
#3706 = DIRECTION('',(1.,0.,0.));
#3707 = FACE_BOUND('',#3708,.T.);
#3708 = EDGE_LOOP('',(#3709));
#3709 = ORIENTED_EDGE('',*,*,#3710,.F.);
#3710 = EDGE_CURVE('',#3711,#3711,#3713,.T.);
#3711 = VERTEX_POINT('',#3712);
#3712 = CARTESIAN_POINT('',(138.11954883688,0.,4.));
#3713 = CIRCLE('',#3714,1.4);
#3714 = AXIS2_PLACEMENT_3D('',#3715,#3716,#3717);
#3715 = CARTESIAN_POINT('',(136.71954883688,0.,4.));
#3716 = DIRECTION('',(0.,0.,1.));
#3717 = DIRECTION('',(1.,0.,0.));
#3718 = FACE_BOUND('',#3719,.T.);
#3719 = EDGE_LOOP('',(#3720));
#3720 = ORIENTED_EDGE('',*,*,#3006,.F.);
#3721 = FACE_BOUND('',#3722,.T.);
#3722 = EDGE_LOOP('',(#3723));
#3723 = ORIENTED_EDGE('',*,*,#3724,.F.);
#3724 = EDGE_CURVE('',#3725,#3725,#3727,.T.);
#3725 = VERTEX_POINT('',#3726);
#3726 = CARTESIAN_POINT('',(168.11954883688,0.,4.));
#3727 = CIRCLE('',#3728,1.4);
#3728 = AXIS2_PLACEMENT_3D('',#3729,#3730,#3731);
#3729 = CARTESIAN_POINT('',(166.71954883688,0.,4.));
#3730 = DIRECTION('',(0.,0.,1.));
#3731 = DIRECTION('',(1.,0.,0.));
#3732 = FACE_BOUND('',#3733,.T.);
#3733 = EDGE_LOOP('',(#3734));
#3734 = ORIENTED_EDGE('',*,*,#3735,.F.);
#3735 = EDGE_CURVE('',#3736,#3736,#3738,.T.);
#3736 = VERTEX_POINT('',#3737);
#3737 = CARTESIAN_POINT('',(61.008200599802,39.314828073178,4.));
#3738 = CIRCLE('',#3739,0.7);
#3739 = AXIS2_PLACEMENT_3D('',#3740,#3741,#3742);
#3740 = CARTESIAN_POINT('',(61.708200599802,39.314828073178,4.));
#3741 = DIRECTION('',(0.,0.,1.));
#3742 = DIRECTION('',(-1.,0.,0.));
#3743 = FACE_BOUND('',#3744,.T.);
#3744 = EDGE_LOOP('',(#3745));
#3745 = ORIENTED_EDGE('',*,*,#3746,.F.);
#3746 = EDGE_CURVE('',#3747,#3747,#3749,.T.);
#3747 = VERTEX_POINT('',#3748);
#3748 = CARTESIAN_POINT('',(75.4,41.,4.));
#3749 = CIRCLE('',#3750,1.4);
#3750 = AXIS2_PLACEMENT_3D('',#3751,#3752,#3753);
#3751 = CARTESIAN_POINT('',(74.,41.,4.));
#3752 = DIRECTION('',(0.,0.,1.));
#3753 = DIRECTION('',(1.,0.,0.));
#3754 = FACE_BOUND('',#3755,.T.);
#3755 = EDGE_LOOP('',(#3756));
#3756 = ORIENTED_EDGE('',*,*,#3757,.F.);
#3757 = EDGE_CURVE('',#3758,#3758,#3760,.T.);
#3758 = VERTEX_POINT('',#3759);
#3759 = CARTESIAN_POINT('',(86.119548836887,40.,4.));
#3760 = CIRCLE('',#3761,1.4);
#3761 = AXIS2_PLACEMENT_3D('',#3762,#3763,#3764);
#3762 = CARTESIAN_POINT('',(84.719548836887,40.,4.));
#3763 = DIRECTION('',(0.,0.,1.));
#3764 = DIRECTION('',(1.,0.,0.));
#3765 = FACE_BOUND('',#3766,.T.);
#3766 = EDGE_LOOP('',(#3767));
#3767 = ORIENTED_EDGE('',*,*,#3768,.F.);
#3768 = EDGE_CURVE('',#3769,#3769,#3771,.T.);
#3769 = VERTEX_POINT('',#3770);
#3770 = CARTESIAN_POINT('',(98.119548836887,40.,4.));
#3771 = CIRCLE('',#3772,1.4);
#3772 = AXIS2_PLACEMENT_3D('',#3773,#3774,#3775);
#3773 = CARTESIAN_POINT('',(96.719548836887,40.,4.));
#3774 = DIRECTION('',(0.,0.,1.));
#3775 = DIRECTION('',(1.,0.,0.));
#3776 = FACE_BOUND('',#3777,.T.);
#3777 = EDGE_LOOP('',(#3778));
#3778 = ORIENTED_EDGE('',*,*,#3779,.F.);
#3779 = EDGE_CURVE('',#3780,#3780,#3782,.T.);
#3780 = VERTEX_POINT('',#3781);
#3781 = CARTESIAN_POINT('',(133.11954883688,40.,4.));
#3782 = CIRCLE('',#3783,1.4);
#3783 = AXIS2_PLACEMENT_3D('',#3784,#3785,#3786);
#3784 = CARTESIAN_POINT('',(131.71954883688,40.,4.));
#3785 = DIRECTION('',(0.,0.,1.));
#3786 = DIRECTION('',(1.,0.,0.));
#3787 = FACE_BOUND('',#3788,.T.);
#3788 = EDGE_LOOP('',(#3789));
#3789 = ORIENTED_EDGE('',*,*,#3790,.F.);
#3790 = EDGE_CURVE('',#3791,#3791,#3793,.T.);
#3791 = VERTEX_POINT('',#3792);
#3792 = CARTESIAN_POINT('',(168.11954883688,40.,4.));
#3793 = CIRCLE('',#3794,1.4);
#3794 = AXIS2_PLACEMENT_3D('',#3795,#3796,#3797);
#3795 = CARTESIAN_POINT('',(166.71954883688,40.,4.));
#3796 = DIRECTION('',(0.,0.,1.));
#3797 = DIRECTION('',(1.,0.,0.));
#3798 = PLANE('',#3799);
#3799 = AXIS2_PLACEMENT_3D('',#3800,#3801,#3802);
#3800 = CARTESIAN_POINT('',(-5.846511587332,-0.50669419685,4.));
#3801 = DIRECTION('',(0.,0.,1.));
#3802 = DIRECTION('',(1.,0.,0.));
#3803 = ADVANCED_FACE('',(#3804),#3816,.F.);
#3804 = FACE_BOUND('',#3805,.T.);
#3805 = EDGE_LOOP('',(#3806,#3807,#3813,#3814,#3815));
#3806 = ORIENTED_EDGE('',*,*,#1888,.T.);
#3807 = ORIENTED_EDGE('',*,*,#3808,.T.);
#3808 = EDGE_CURVE('',#1880,#3392,#3809,.T.);
#3809 = LINE('',#3810,#3811);
#3810 = CARTESIAN_POINT('',(-99.40921291367,-36.,0.));
#3811 = VECTOR('',#3812,1.);
#3812 = DIRECTION('',(0.,0.,1.));
#3813 = ORIENTED_EDGE('',*,*,#3391,.T.);
#3814 = ORIENTED_EDGE('',*,*,#3808,.F.);
#3815 = ORIENTED_EDGE('',*,*,#1879,.T.);
#3816 = CYLINDRICAL_SURFACE('',#3817,1.4);
#3817 = AXIS2_PLACEMENT_3D('',#3818,#3819,#3820);
#3818 = CARTESIAN_POINT('',(-100.8092129136,-36.,0.));
#3819 = DIRECTION('',(-0.,-0.,-1.));
#3820 = DIRECTION('',(1.,0.,0.));
#3821 = ADVANCED_FACE('',(#3822),#3834,.F.);
#3822 = FACE_BOUND('',#3823,.T.);
#3823 = EDGE_LOOP('',(#3824,#3825,#3831,#3832,#3833));
#3824 = ORIENTED_EDGE('',*,*,#1922,.T.);
#3825 = ORIENTED_EDGE('',*,*,#3826,.T.);
#3826 = EDGE_CURVE('',#1914,#3403,#3827,.T.);
#3827 = LINE('',#3828,#3829);
#3828 = CARTESIAN_POINT('',(-72.6,-41.,0.));
#3829 = VECTOR('',#3830,1.);
#3830 = DIRECTION('',(0.,0.,1.));
#3831 = ORIENTED_EDGE('',*,*,#3402,.T.);
#3832 = ORIENTED_EDGE('',*,*,#3826,.F.);
#3833 = ORIENTED_EDGE('',*,*,#1913,.T.);
#3834 = CYLINDRICAL_SURFACE('',#3835,1.4);
#3835 = AXIS2_PLACEMENT_3D('',#3836,#3837,#3838);
#3836 = CARTESIAN_POINT('',(-74.,-41.,0.));
#3837 = DIRECTION('',(-0.,-0.,-1.));
#3838 = DIRECTION('',(1.,0.,0.));
#3839 = ADVANCED_FACE('',(#3840),#3851,.F.);
#3840 = FACE_BOUND('',#3841,.T.);
#3841 = EDGE_LOOP('',(#3842,#3848,#3849,#3850));
#3842 = ORIENTED_EDGE('',*,*,#3843,.F.);
#3843 = EDGE_CURVE('',#1938,#3414,#3844,.T.);
#3844 = LINE('',#3845,#3846);
#3845 = CARTESIAN_POINT('',(-62.85645185049,-38.54445647464,2.35));
#3846 = VECTOR('',#3847,1.);
#3847 = DIRECTION('',(8.E-17,0.,1.));
#3848 = ORIENTED_EDGE('',*,*,#1947,.T.);
#3849 = ORIENTED_EDGE('',*,*,#3843,.T.);
#3850 = ORIENTED_EDGE('',*,*,#3413,.T.);
#3851 = CYLINDRICAL_SURFACE('',#3852,0.7);
#3852 = AXIS2_PLACEMENT_3D('',#3853,#3854,#3855);
#3853 = CARTESIAN_POINT('',(-62.15645185049,-38.54445647464,2.35));
#3854 = DIRECTION('',(0.,0.,1.));
#3855 = DIRECTION('',(-1.,0.,0.));
#3856 = ADVANCED_FACE('',(#3857),#3869,.F.);
#3857 = FACE_BOUND('',#3858,.T.);
#3858 = EDGE_LOOP('',(#3859,#3860,#3866,#3867,#3868));
#3859 = ORIENTED_EDGE('',*,*,#1981,.T.);
#3860 = ORIENTED_EDGE('',*,*,#3861,.T.);
#3861 = EDGE_CURVE('',#1973,#3425,#3862,.T.);
#3862 = LINE('',#3863,#3864);
#3863 = CARTESIAN_POINT('',(-89.90921291367,-36.,0.));
#3864 = VECTOR('',#3865,1.);
#3865 = DIRECTION('',(0.,0.,1.));
#3866 = ORIENTED_EDGE('',*,*,#3424,.T.);
#3867 = ORIENTED_EDGE('',*,*,#3861,.F.);
#3868 = ORIENTED_EDGE('',*,*,#1972,.T.);
#3869 = CYLINDRICAL_SURFACE('',#3870,1.4);
#3870 = AXIS2_PLACEMENT_3D('',#3871,#3872,#3873);
#3871 = CARTESIAN_POINT('',(-91.30921291367,-36.,0.));
#3872 = DIRECTION('',(-0.,-0.,-1.));
#3873 = DIRECTION('',(1.,0.,0.));
#3874 = ADVANCED_FACE('',(#3875),#3887,.F.);
#3875 = FACE_BOUND('',#3876,.T.);
#3876 = EDGE_LOOP('',(#3877,#3878,#3884,#3885,#3886));
#3877 = ORIENTED_EDGE('',*,*,#2015,.T.);
#3878 = ORIENTED_EDGE('',*,*,#3879,.T.);
#3879 = EDGE_CURVE('',#2007,#3268,#3880,.T.);
#3880 = LINE('',#3881,#3882);
#3881 = CARTESIAN_POINT('',(-168.8804511631,-20.,0.));
#3882 = VECTOR('',#3883,1.);
#3883 = DIRECTION('',(0.,0.,1.));
#3884 = ORIENTED_EDGE('',*,*,#3267,.T.);
#3885 = ORIENTED_EDGE('',*,*,#3879,.F.);
#3886 = ORIENTED_EDGE('',*,*,#2006,.T.);
#3887 = CYLINDRICAL_SURFACE('',#3888,1.4);
#3888 = AXIS2_PLACEMENT_3D('',#3889,#3890,#3891);
#3889 = CARTESIAN_POINT('',(-170.2804511631,-20.,0.));
#3890 = DIRECTION('',(-0.,-0.,-1.));
#3891 = DIRECTION('',(1.,0.,0.));
#3892 = ADVANCED_FACE('',(#3893),#3905,.F.);
#3893 = FACE_BOUND('',#3894,.T.);
#3894 = EDGE_LOOP('',(#3895,#3896,#3902,#3903,#3904));
#3895 = ORIENTED_EDGE('',*,*,#2049,.T.);
#3896 = ORIENTED_EDGE('',*,*,#3897,.T.);
#3897 = EDGE_CURVE('',#2041,#3279,#3898,.T.);
#3898 = LINE('',#3899,#3900);
#3899 = CARTESIAN_POINT('',(-180.6304511631,-8.,0.));
#3900 = VECTOR('',#3901,1.);
#3901 = DIRECTION('',(0.,0.,1.));
#3902 = ORIENTED_EDGE('',*,*,#3278,.T.);
#3903 = ORIENTED_EDGE('',*,*,#3897,.F.);
#3904 = ORIENTED_EDGE('',*,*,#2040,.T.);
#3905 = CYLINDRICAL_SURFACE('',#3906,1.4);
#3906 = AXIS2_PLACEMENT_3D('',#3907,#3908,#3909);
#3907 = CARTESIAN_POINT('',(-182.0304511631,-8.,0.));
#3908 = DIRECTION('',(-0.,-0.,-1.));
#3909 = DIRECTION('',(1.,0.,0.));
#3910 = ADVANCED_FACE('',(#3911),#3923,.F.);
#3911 = FACE_BOUND('',#3912,.T.);
#3912 = EDGE_LOOP('',(#3913,#3914,#3920,#3921,#3922));
#3913 = ORIENTED_EDGE('',*,*,#2083,.T.);
#3914 = ORIENTED_EDGE('',*,*,#3915,.T.);
#3915 = EDGE_CURVE('',#2075,#3436,#3916,.T.);
#3916 = LINE('',#3917,#3918);
#3917 = CARTESIAN_POINT('',(-109.1201933415,-8.,0.));
#3918 = VECTOR('',#3919,1.);
#3919 = DIRECTION('',(0.,0.,1.));
#3920 = ORIENTED_EDGE('',*,*,#3435,.T.);
#3921 = ORIENTED_EDGE('',*,*,#3915,.F.);
#3922 = ORIENTED_EDGE('',*,*,#2074,.T.);
#3923 = CYLINDRICAL_SURFACE('',#3924,1.4);
#3924 = AXIS2_PLACEMENT_3D('',#3925,#3926,#3927);
#3925 = CARTESIAN_POINT('',(-110.5201933415,-8.,0.));
#3926 = DIRECTION('',(-0.,-0.,-1.));
#3927 = DIRECTION('',(1.,0.,0.));
#3928 = ADVANCED_FACE('',(#3929),#3941,.F.);
#3929 = FACE_BOUND('',#3930,.T.);
#3930 = EDGE_LOOP('',(#3931,#3932,#3938,#3939,#3940));
#3931 = ORIENTED_EDGE('',*,*,#2117,.T.);
#3932 = ORIENTED_EDGE('',*,*,#3933,.T.);
#3933 = EDGE_CURVE('',#2109,#3447,#3934,.T.);
#3934 = LINE('',#3935,#3936);
#3935 = CARTESIAN_POINT('',(-72.6,-21.,0.));
#3936 = VECTOR('',#3937,1.);
#3937 = DIRECTION('',(0.,0.,1.));
#3938 = ORIENTED_EDGE('',*,*,#3446,.T.);
#3939 = ORIENTED_EDGE('',*,*,#3933,.F.);
#3940 = ORIENTED_EDGE('',*,*,#2108,.T.);
#3941 = CYLINDRICAL_SURFACE('',#3942,1.4);
#3942 = AXIS2_PLACEMENT_3D('',#3943,#3944,#3945);
#3943 = CARTESIAN_POINT('',(-74.,-21.,0.));
#3944 = DIRECTION('',(-0.,-0.,-1.));
#3945 = DIRECTION('',(1.,0.,0.));
#3946 = ADVANCED_FACE('',(#3947),#3958,.F.);
#3947 = FACE_BOUND('',#3948,.T.);
#3948 = EDGE_LOOP('',(#3949,#3955,#3956,#3957));
#3949 = ORIENTED_EDGE('',*,*,#3950,.F.);
#3950 = EDGE_CURVE('',#2133,#3469,#3951,.T.);
#3951 = LINE('',#3952,#3953);
#3952 = CARTESIAN_POINT('',(60.999666218435,-39.3143616744,2.35));
#3953 = VECTOR('',#3954,1.);
#3954 = DIRECTION('',(8.E-17,0.,1.));
#3955 = ORIENTED_EDGE('',*,*,#2142,.T.);
#3956 = ORIENTED_EDGE('',*,*,#3950,.T.);
#3957 = ORIENTED_EDGE('',*,*,#3468,.T.);
#3958 = CYLINDRICAL_SURFACE('',#3959,0.7);
#3959 = AXIS2_PLACEMENT_3D('',#3960,#3961,#3962);
#3960 = CARTESIAN_POINT('',(61.699666218435,-39.3143616744,2.35));
#3961 = DIRECTION('',(0.,0.,1.));
#3962 = DIRECTION('',(-1.,0.,0.));
#3963 = ADVANCED_FACE('',(#3964),#3976,.F.);
#3964 = FACE_BOUND('',#3965,.T.);
#3965 = EDGE_LOOP('',(#3966,#3967,#3973,#3974,#3975));
#3966 = ORIENTED_EDGE('',*,*,#2176,.T.);
#3967 = ORIENTED_EDGE('',*,*,#3968,.T.);
#3968 = EDGE_CURVE('',#2168,#3458,#3969,.T.);
#3969 = LINE('',#3970,#3971);
#3970 = CARTESIAN_POINT('',(75.4,-41.,0.));
#3971 = VECTOR('',#3972,1.);
#3972 = DIRECTION('',(0.,0.,1.));
#3973 = ORIENTED_EDGE('',*,*,#3457,.T.);
#3974 = ORIENTED_EDGE('',*,*,#3968,.F.);
#3975 = ORIENTED_EDGE('',*,*,#2167,.T.);
#3976 = CYLINDRICAL_SURFACE('',#3977,1.4);
#3977 = AXIS2_PLACEMENT_3D('',#3978,#3979,#3980);
#3978 = CARTESIAN_POINT('',(74.,-41.,0.));
#3979 = DIRECTION('',(-0.,-0.,-1.));
#3980 = DIRECTION('',(1.,0.,0.));
#3981 = ADVANCED_FACE('',(#3982),#3994,.F.);
#3982 = FACE_BOUND('',#3983,.T.);
#3983 = EDGE_LOOP('',(#3984,#3985,#3991,#3992,#3993));
#3984 = ORIENTED_EDGE('',*,*,#2210,.T.);
#3985 = ORIENTED_EDGE('',*,*,#3986,.T.);
#3986 = EDGE_CURVE('',#2202,#3480,#3987,.T.);
#3987 = LINE('',#3988,#3989);
#3988 = CARTESIAN_POINT('',(86.119548836887,-40.,0.));
#3989 = VECTOR('',#3990,1.);
#3990 = DIRECTION('',(0.,0.,1.));
#3991 = ORIENTED_EDGE('',*,*,#3479,.T.);
#3992 = ORIENTED_EDGE('',*,*,#3986,.F.);
#3993 = ORIENTED_EDGE('',*,*,#2201,.T.);
#3994 = CYLINDRICAL_SURFACE('',#3995,1.4);
#3995 = AXIS2_PLACEMENT_3D('',#3996,#3997,#3998);
#3996 = CARTESIAN_POINT('',(84.719548836887,-40.,0.));
#3997 = DIRECTION('',(-0.,-0.,-1.));
#3998 = DIRECTION('',(1.,0.,0.));
#3999 = ADVANCED_FACE('',(#4000),#4012,.F.);
#4000 = FACE_BOUND('',#4001,.T.);
#4001 = EDGE_LOOP('',(#4002,#4003,#4009,#4010,#4011));
#4002 = ORIENTED_EDGE('',*,*,#2244,.T.);
#4003 = ORIENTED_EDGE('',*,*,#4004,.T.);
#4004 = EDGE_CURVE('',#2236,#3491,#4005,.T.);
#4005 = LINE('',#4006,#4007);
#4006 = CARTESIAN_POINT('',(96.119548836887,-40.,0.));
#4007 = VECTOR('',#4008,1.);
#4008 = DIRECTION('',(0.,0.,1.));
#4009 = ORIENTED_EDGE('',*,*,#3490,.T.);
#4010 = ORIENTED_EDGE('',*,*,#4004,.F.);
#4011 = ORIENTED_EDGE('',*,*,#2235,.T.);
#4012 = CYLINDRICAL_SURFACE('',#4013,1.4);
#4013 = AXIS2_PLACEMENT_3D('',#4014,#4015,#4016);
#4014 = CARTESIAN_POINT('',(94.719548836887,-40.,0.));
#4015 = DIRECTION('',(-0.,-0.,-1.));
#4016 = DIRECTION('',(1.,0.,0.));
#4017 = ADVANCED_FACE('',(#4018),#4030,.F.);
#4018 = FACE_BOUND('',#4019,.T.);
#4019 = EDGE_LOOP('',(#4020,#4021,#4027,#4028,#4029));
#4020 = ORIENTED_EDGE('',*,*,#2278,.T.);
#4021 = ORIENTED_EDGE('',*,*,#4022,.T.);
#4022 = EDGE_CURVE('',#2270,#3502,#4023,.T.);
#4023 = LINE('',#4024,#4025);
#4024 = CARTESIAN_POINT('',(106.11954883688,-40.,0.));
#4025 = VECTOR('',#4026,1.);
#4026 = DIRECTION('',(0.,0.,1.));
#4027 = ORIENTED_EDGE('',*,*,#3501,.T.);
#4028 = ORIENTED_EDGE('',*,*,#4022,.F.);
#4029 = ORIENTED_EDGE('',*,*,#2269,.T.);
#4030 = CYLINDRICAL_SURFACE('',#4031,1.4);
#4031 = AXIS2_PLACEMENT_3D('',#4032,#4033,#4034);
#4032 = CARTESIAN_POINT('',(104.71954883688,-40.,0.));
#4033 = DIRECTION('',(-0.,-0.,-1.));
#4034 = DIRECTION('',(1.,0.,0.));
#4035 = ADVANCED_FACE('',(#4036),#4048,.F.);
#4036 = FACE_BOUND('',#4037,.T.);
#4037 = EDGE_LOOP('',(#4038,#4039,#4045,#4046,#4047));
#4038 = ORIENTED_EDGE('',*,*,#2312,.T.);
#4039 = ORIENTED_EDGE('',*,*,#4040,.T.);
#4040 = EDGE_CURVE('',#2304,#3513,#4041,.T.);
#4041 = LINE('',#4042,#4043);
#4042 = CARTESIAN_POINT('',(138.11954883688,-40.,0.));
#4043 = VECTOR('',#4044,1.);
#4044 = DIRECTION('',(0.,0.,1.));
#4045 = ORIENTED_EDGE('',*,*,#3512,.T.);
#4046 = ORIENTED_EDGE('',*,*,#4040,.F.);
#4047 = ORIENTED_EDGE('',*,*,#2303,.T.);
#4048 = CYLINDRICAL_SURFACE('',#4049,1.4);
#4049 = AXIS2_PLACEMENT_3D('',#4050,#4051,#4052);
#4050 = CARTESIAN_POINT('',(136.71954883688,-40.,0.));
#4051 = DIRECTION('',(-0.,-0.,-1.));
#4052 = DIRECTION('',(1.,0.,0.));
#4053 = ADVANCED_FACE('',(#4054),#4066,.F.);
#4054 = FACE_BOUND('',#4055,.T.);
#4055 = EDGE_LOOP('',(#4056,#4057,#4063,#4064,#4065));
#4056 = ORIENTED_EDGE('',*,*,#2346,.T.);
#4057 = ORIENTED_EDGE('',*,*,#4058,.T.);
#4058 = EDGE_CURVE('',#2338,#3524,#4059,.T.);
#4059 = LINE('',#4060,#4061);
#4060 = CARTESIAN_POINT('',(168.11954883688,-40.,0.));
#4061 = VECTOR('',#4062,1.);
#4062 = DIRECTION('',(0.,0.,1.));
#4063 = ORIENTED_EDGE('',*,*,#3523,.T.);
#4064 = ORIENTED_EDGE('',*,*,#4058,.F.);
#4065 = ORIENTED_EDGE('',*,*,#2337,.T.);
#4066 = CYLINDRICAL_SURFACE('',#4067,1.4);
#4067 = AXIS2_PLACEMENT_3D('',#4068,#4069,#4070);
#4068 = CARTESIAN_POINT('',(166.71954883688,-40.,0.));
#4069 = DIRECTION('',(-0.,-0.,-1.));
#4070 = DIRECTION('',(1.,0.,0.));
#4071 = ADVANCED_FACE('',(#4072),#4084,.F.);
#4072 = FACE_BOUND('',#4073,.T.);
#4073 = EDGE_LOOP('',(#4074,#4075,#4081,#4082,#4083));
#4074 = ORIENTED_EDGE('',*,*,#2380,.T.);
#4075 = ORIENTED_EDGE('',*,*,#4076,.T.);
#4076 = EDGE_CURVE('',#2372,#3535,#4077,.T.);
#4077 = LINE('',#4078,#4079);
#4078 = CARTESIAN_POINT('',(75.4,-21.,0.));
#4079 = VECTOR('',#4080,1.);
#4080 = DIRECTION('',(0.,0.,1.));
#4081 = ORIENTED_EDGE('',*,*,#3534,.T.);
#4082 = ORIENTED_EDGE('',*,*,#4076,.F.);
#4083 = ORIENTED_EDGE('',*,*,#2371,.T.);
#4084 = CYLINDRICAL_SURFACE('',#4085,1.4);
#4085 = AXIS2_PLACEMENT_3D('',#4086,#4087,#4088);
#4086 = CARTESIAN_POINT('',(74.,-21.,0.));
#4087 = DIRECTION('',(-0.,-0.,-1.));
#4088 = DIRECTION('',(1.,0.,0.));
#4089 = ADVANCED_FACE('',(#4090),#4102,.F.);
#4090 = FACE_BOUND('',#4091,.T.);
#4091 = EDGE_LOOP('',(#4092,#4093,#4099,#4100,#4101));
#4092 = ORIENTED_EDGE('',*,*,#2414,.T.);
#4093 = ORIENTED_EDGE('',*,*,#4094,.T.);
#4094 = EDGE_CURVE('',#2406,#3290,#4095,.T.);
#4095 = LINE('',#4096,#4097);
#4096 = CARTESIAN_POINT('',(-180.6304511631,8.,0.));
#4097 = VECTOR('',#4098,1.);
#4098 = DIRECTION('',(0.,0.,1.));
#4099 = ORIENTED_EDGE('',*,*,#3289,.T.);
#4100 = ORIENTED_EDGE('',*,*,#4094,.F.);
#4101 = ORIENTED_EDGE('',*,*,#2405,.T.);
#4102 = CYLINDRICAL_SURFACE('',#4103,1.4);
#4103 = AXIS2_PLACEMENT_3D('',#4104,#4105,#4106);
#4104 = CARTESIAN_POINT('',(-182.0304511631,8.,0.));
#4105 = DIRECTION('',(-0.,-0.,-1.));
#4106 = DIRECTION('',(1.,0.,0.));
#4107 = ADVANCED_FACE('',(#4108),#4120,.F.);
#4108 = FACE_BOUND('',#4109,.T.);
#4109 = EDGE_LOOP('',(#4110,#4111,#4117,#4118,#4119));
#4110 = ORIENTED_EDGE('',*,*,#2448,.T.);
#4111 = ORIENTED_EDGE('',*,*,#4112,.T.);
#4112 = EDGE_CURVE('',#2440,#3546,#4113,.T.);
#4113 = LINE('',#4114,#4115);
#4114 = CARTESIAN_POINT('',(-109.1201933415,8.,0.));
#4115 = VECTOR('',#4116,1.);
#4116 = DIRECTION('',(0.,0.,1.));
#4117 = ORIENTED_EDGE('',*,*,#3545,.T.);
#4118 = ORIENTED_EDGE('',*,*,#4112,.F.);
#4119 = ORIENTED_EDGE('',*,*,#2439,.T.);
#4120 = CYLINDRICAL_SURFACE('',#4121,1.4);
#4121 = AXIS2_PLACEMENT_3D('',#4122,#4123,#4124);
#4122 = CARTESIAN_POINT('',(-110.5201933415,8.,0.));
#4123 = DIRECTION('',(-0.,-0.,-1.));
#4124 = DIRECTION('',(1.,0.,0.));
#4125 = ADVANCED_FACE('',(#4126),#4138,.F.);
#4126 = FACE_BOUND('',#4127,.T.);
#4127 = EDGE_LOOP('',(#4128,#4129,#4135,#4136,#4137));
#4128 = ORIENTED_EDGE('',*,*,#2482,.T.);
#4129 = ORIENTED_EDGE('',*,*,#4130,.T.);
#4130 = EDGE_CURVE('',#2474,#3301,#4131,.T.);
#4131 = LINE('',#4132,#4133);
#4132 = CARTESIAN_POINT('',(-168.8804511631,20.,0.));
#4133 = VECTOR('',#4134,1.);
#4134 = DIRECTION('',(0.,0.,1.));
#4135 = ORIENTED_EDGE('',*,*,#3300,.T.);
#4136 = ORIENTED_EDGE('',*,*,#4130,.F.);
#4137 = ORIENTED_EDGE('',*,*,#2473,.T.);
#4138 = CYLINDRICAL_SURFACE('',#4139,1.4);
#4139 = AXIS2_PLACEMENT_3D('',#4140,#4141,#4142);
#4140 = CARTESIAN_POINT('',(-170.2804511631,20.,0.));
#4141 = DIRECTION('',(-0.,-0.,-1.));
#4142 = DIRECTION('',(1.,0.,0.));
#4143 = ADVANCED_FACE('',(#4144),#4156,.F.);
#4144 = FACE_BOUND('',#4145,.T.);
#4145 = EDGE_LOOP('',(#4146,#4147,#4153,#4154,#4155));
#4146 = ORIENTED_EDGE('',*,*,#2516,.T.);
#4147 = ORIENTED_EDGE('',*,*,#4148,.T.);
#4148 = EDGE_CURVE('',#2508,#3557,#4149,.T.);
#4149 = LINE('',#4150,#4151);
#4150 = CARTESIAN_POINT('',(-99.40921291368,13.,0.));
#4151 = VECTOR('',#4152,1.);
#4152 = DIRECTION('',(0.,0.,1.));
#4153 = ORIENTED_EDGE('',*,*,#3556,.T.);
#4154 = ORIENTED_EDGE('',*,*,#4148,.F.);
#4155 = ORIENTED_EDGE('',*,*,#2507,.T.);
#4156 = CYLINDRICAL_SURFACE('',#4157,1.4);
#4157 = AXIS2_PLACEMENT_3D('',#4158,#4159,#4160);
#4158 = CARTESIAN_POINT('',(-100.8092129136,13.,0.));
#4159 = DIRECTION('',(-0.,-0.,-1.));
#4160 = DIRECTION('',(1.,0.,0.));
#4161 = ADVANCED_FACE('',(#4162),#4174,.F.);
#4162 = FACE_BOUND('',#4163,.T.);
#4163 = EDGE_LOOP('',(#4164,#4165,#4171,#4172,#4173));
#4164 = ORIENTED_EDGE('',*,*,#2550,.T.);
#4165 = ORIENTED_EDGE('',*,*,#4166,.T.);
#4166 = EDGE_CURVE('',#2542,#3568,#4167,.T.);
#4167 = LINE('',#4168,#4169);
#4168 = CARTESIAN_POINT('',(-78.6,0.,0.));
#4169 = VECTOR('',#4170,1.);
#4170 = DIRECTION('',(0.,0.,1.));
#4171 = ORIENTED_EDGE('',*,*,#3567,.T.);
#4172 = ORIENTED_EDGE('',*,*,#4166,.F.);
#4173 = ORIENTED_EDGE('',*,*,#2541,.T.);
#4174 = CYLINDRICAL_SURFACE('',#4175,1.4);
#4175 = AXIS2_PLACEMENT_3D('',#4176,#4177,#4178);
#4176 = CARTESIAN_POINT('',(-80.,0.,0.));
#4177 = DIRECTION('',(-0.,-0.,-1.));
#4178 = DIRECTION('',(1.,0.,0.));
#4179 = ADVANCED_FACE('',(#4180),#4192,.F.);
#4180 = FACE_BOUND('',#4181,.T.);
#4181 = EDGE_LOOP('',(#4182,#4183,#4189,#4190,#4191));
#4182 = ORIENTED_EDGE('',*,*,#2584,.T.);
#4183 = ORIENTED_EDGE('',*,*,#4184,.T.);
#4184 = EDGE_CURVE('',#2576,#3579,#4185,.T.);
#4185 = LINE('',#4186,#4187);
#4186 = CARTESIAN_POINT('',(-70.6,0.,0.));
#4187 = VECTOR('',#4188,1.);
#4188 = DIRECTION('',(0.,0.,1.));
#4189 = ORIENTED_EDGE('',*,*,#3578,.T.);
#4190 = ORIENTED_EDGE('',*,*,#4184,.F.);
#4191 = ORIENTED_EDGE('',*,*,#2575,.T.);
#4192 = CYLINDRICAL_SURFACE('',#4193,1.4);
#4193 = AXIS2_PLACEMENT_3D('',#4194,#4195,#4196);
#4194 = CARTESIAN_POINT('',(-72.,0.,0.));
#4195 = DIRECTION('',(-0.,-0.,-1.));
#4196 = DIRECTION('',(1.,0.,0.));
#4197 = ADVANCED_FACE('',(#4198),#4210,.F.);
#4198 = FACE_BOUND('',#4199,.T.);
#4199 = EDGE_LOOP('',(#4200,#4201,#4207,#4208,#4209));
#4200 = ORIENTED_EDGE('',*,*,#2618,.T.);
#4201 = ORIENTED_EDGE('',*,*,#4202,.T.);
#4202 = EDGE_CURVE('',#2610,#3590,#4203,.T.);
#4203 = LINE('',#4204,#4205);
#4204 = CARTESIAN_POINT('',(-58.6,0.,0.));
#4205 = VECTOR('',#4206,1.);
#4206 = DIRECTION('',(0.,0.,1.));
#4207 = ORIENTED_EDGE('',*,*,#3589,.T.);
#4208 = ORIENTED_EDGE('',*,*,#4202,.F.);
#4209 = ORIENTED_EDGE('',*,*,#2609,.T.);
#4210 = CYLINDRICAL_SURFACE('',#4211,1.4);
#4211 = AXIS2_PLACEMENT_3D('',#4212,#4213,#4214);
#4212 = CARTESIAN_POINT('',(-60.,0.,0.));
#4213 = DIRECTION('',(-0.,-0.,-1.));
#4214 = DIRECTION('',(1.,0.,0.));
#4215 = ADVANCED_FACE('',(#4216),#4228,.F.);
#4216 = FACE_BOUND('',#4217,.T.);
#4217 = EDGE_LOOP('',(#4218,#4219,#4225,#4226,#4227));
#4218 = ORIENTED_EDGE('',*,*,#2652,.T.);
#4219 = ORIENTED_EDGE('',*,*,#4220,.T.);
#4220 = EDGE_CURVE('',#2644,#3601,#4221,.T.);
#4221 = LINE('',#4222,#4223);
#4222 = CARTESIAN_POINT('',(-28.6,0.,0.));
#4223 = VECTOR('',#4224,1.);
#4224 = DIRECTION('',(0.,0.,1.));
#4225 = ORIENTED_EDGE('',*,*,#3600,.T.);
#4226 = ORIENTED_EDGE('',*,*,#4220,.F.);
#4227 = ORIENTED_EDGE('',*,*,#2643,.T.);
#4228 = CYLINDRICAL_SURFACE('',#4229,1.4);
#4229 = AXIS2_PLACEMENT_3D('',#4230,#4231,#4232);
#4230 = CARTESIAN_POINT('',(-30.,0.,0.));
#4231 = DIRECTION('',(-0.,-0.,-1.));
#4232 = DIRECTION('',(1.,0.,0.));
#4233 = ADVANCED_FACE('',(#4234),#4246,.F.);
#4234 = FACE_BOUND('',#4235,.T.);
#4235 = EDGE_LOOP('',(#4236,#4237,#4243,#4244,#4245));
#4236 = ORIENTED_EDGE('',*,*,#2686,.T.);
#4237 = ORIENTED_EDGE('',*,*,#4238,.T.);
#4238 = EDGE_CURVE('',#2678,#3612,#4239,.T.);
#4239 = LINE('',#4240,#4241);
#4240 = CARTESIAN_POINT('',(-89.90921291367,13.,0.));
#4241 = VECTOR('',#4242,1.);
#4242 = DIRECTION('',(0.,0.,1.));
#4243 = ORIENTED_EDGE('',*,*,#3611,.T.);
#4244 = ORIENTED_EDGE('',*,*,#4238,.F.);
#4245 = ORIENTED_EDGE('',*,*,#2677,.T.);
#4246 = CYLINDRICAL_SURFACE('',#4247,1.4);
#4247 = AXIS2_PLACEMENT_3D('',#4248,#4249,#4250);
#4248 = CARTESIAN_POINT('',(-91.30921291367,13.,0.));
#4249 = DIRECTION('',(-0.,-0.,-1.));
#4250 = DIRECTION('',(1.,0.,0.));
#4251 = ADVANCED_FACE('',(#4252),#4264,.F.);
#4252 = FACE_BOUND('',#4253,.T.);
#4253 = EDGE_LOOP('',(#4254,#4255,#4261,#4262,#4263));
#4254 = ORIENTED_EDGE('',*,*,#2720,.T.);
#4255 = ORIENTED_EDGE('',*,*,#4256,.T.);
#4256 = EDGE_CURVE('',#2712,#3623,#4257,.T.);
#4257 = LINE('',#4258,#4259);
#4258 = CARTESIAN_POINT('',(-72.6,21.,0.));
#4259 = VECTOR('',#4260,1.);
#4260 = DIRECTION('',(0.,0.,1.));
#4261 = ORIENTED_EDGE('',*,*,#3622,.T.);
#4262 = ORIENTED_EDGE('',*,*,#4256,.F.);
#4263 = ORIENTED_EDGE('',*,*,#2711,.T.);
#4264 = CYLINDRICAL_SURFACE('',#4265,1.4);
#4265 = AXIS2_PLACEMENT_3D('',#4266,#4267,#4268);
#4266 = CARTESIAN_POINT('',(-74.,21.,0.));
#4267 = DIRECTION('',(-0.,-0.,-1.));
#4268 = DIRECTION('',(1.,0.,0.));
#4269 = ADVANCED_FACE('',(#4270),#4282,.F.);
#4270 = FACE_BOUND('',#4271,.T.);
#4271 = EDGE_LOOP('',(#4272,#4273,#4279,#4280,#4281));
#4272 = ORIENTED_EDGE('',*,*,#2754,.T.);
#4273 = ORIENTED_EDGE('',*,*,#4274,.T.);
#4274 = EDGE_CURVE('',#2746,#3634,#4275,.T.);
#4275 = LINE('',#4276,#4277);
#4276 = CARTESIAN_POINT('',(-72.6,41.,0.));
#4277 = VECTOR('',#4278,1.);
#4278 = DIRECTION('',(0.,0.,1.));
#4279 = ORIENTED_EDGE('',*,*,#3633,.T.);
#4280 = ORIENTED_EDGE('',*,*,#4274,.F.);
#4281 = ORIENTED_EDGE('',*,*,#2745,.T.);
#4282 = CYLINDRICAL_SURFACE('',#4283,1.4);
#4283 = AXIS2_PLACEMENT_3D('',#4284,#4285,#4286);
#4284 = CARTESIAN_POINT('',(-74.,41.,0.));
#4285 = DIRECTION('',(-0.,-0.,-1.));
#4286 = DIRECTION('',(1.,0.,0.));
#4287 = ADVANCED_FACE('',(#4288),#4299,.F.);
#4288 = FACE_BOUND('',#4289,.T.);
#4289 = EDGE_LOOP('',(#4290,#4296,#4297,#4298));
#4290 = ORIENTED_EDGE('',*,*,#4291,.F.);
#4291 = EDGE_CURVE('',#2770,#3645,#4292,.T.);
#4292 = LINE('',#4293,#4294);
#4293 = CARTESIAN_POINT('',(-62.85645185049,38.544456474644,2.35));
#4294 = VECTOR('',#4295,1.);
#4295 = DIRECTION('',(8.E-17,0.,1.));
#4296 = ORIENTED_EDGE('',*,*,#2779,.T.);
#4297 = ORIENTED_EDGE('',*,*,#4291,.T.);
#4298 = ORIENTED_EDGE('',*,*,#3644,.T.);
#4299 = CYLINDRICAL_SURFACE('',#4300,0.7);
#4300 = AXIS2_PLACEMENT_3D('',#4301,#4302,#4303);
#4301 = CARTESIAN_POINT('',(-62.15645185049,38.544456474644,2.35));
#4302 = DIRECTION('',(0.,0.,1.));
#4303 = DIRECTION('',(-1.,0.,0.));
#4304 = ADVANCED_FACE('',(#4305),#4317,.F.);
#4305 = FACE_BOUND('',#4306,.T.);
#4306 = EDGE_LOOP('',(#4307,#4308,#4314,#4315,#4316));
#4307 = ORIENTED_EDGE('',*,*,#2813,.T.);
#4308 = ORIENTED_EDGE('',*,*,#4309,.T.);
#4309 = EDGE_CURVE('',#2805,#3656,#4310,.T.);
#4310 = LINE('',#4311,#4312);
#4311 = CARTESIAN_POINT('',(1.4,0.,0.));
#4312 = VECTOR('',#4313,1.);
#4313 = DIRECTION('',(0.,0.,1.));
#4314 = ORIENTED_EDGE('',*,*,#3655,.T.);
#4315 = ORIENTED_EDGE('',*,*,#4309,.F.);
#4316 = ORIENTED_EDGE('',*,*,#2804,.T.);
#4317 = CYLINDRICAL_SURFACE('',#4318,1.4);
#4318 = AXIS2_PLACEMENT_3D('',#4319,#4320,#4321);
#4319 = CARTESIAN_POINT('',(0.,0.,0.));
#4320 = DIRECTION('',(-0.,-0.,-1.));
#4321 = DIRECTION('',(1.,0.,0.));
#4322 = ADVANCED_FACE('',(#4323),#4335,.F.);
#4323 = FACE_BOUND('',#4324,.T.);
#4324 = EDGE_LOOP('',(#4325,#4326,#4332,#4333,#4334));
#4325 = ORIENTED_EDGE('',*,*,#2847,.T.);
#4326 = ORIENTED_EDGE('',*,*,#4327,.T.);
#4327 = EDGE_CURVE('',#2839,#3667,#4328,.T.);
#4328 = LINE('',#4329,#4330);
#4329 = CARTESIAN_POINT('',(31.4,0.,0.));
#4330 = VECTOR('',#4331,1.);
#4331 = DIRECTION('',(0.,0.,1.));
#4332 = ORIENTED_EDGE('',*,*,#3666,.T.);
#4333 = ORIENTED_EDGE('',*,*,#4327,.F.);
#4334 = ORIENTED_EDGE('',*,*,#2838,.T.);
#4335 = CYLINDRICAL_SURFACE('',#4336,1.4);
#4336 = AXIS2_PLACEMENT_3D('',#4337,#4338,#4339);
#4337 = CARTESIAN_POINT('',(30.,0.,0.));
#4338 = DIRECTION('',(-0.,-0.,-1.));
#4339 = DIRECTION('',(1.,0.,0.));
#4340 = ADVANCED_FACE('',(#4341),#4353,.F.);
#4341 = FACE_BOUND('',#4342,.T.);
#4342 = EDGE_LOOP('',(#4343,#4344,#4350,#4351,#4352));
#4343 = ORIENTED_EDGE('',*,*,#2881,.T.);
#4344 = ORIENTED_EDGE('',*,*,#4345,.T.);
#4345 = EDGE_CURVE('',#2873,#3678,#4346,.T.);
#4346 = LINE('',#4347,#4348);
#4347 = CARTESIAN_POINT('',(61.4,0.,0.));
#4348 = VECTOR('',#4349,1.);
#4349 = DIRECTION('',(0.,0.,1.));
#4350 = ORIENTED_EDGE('',*,*,#3677,.T.);
#4351 = ORIENTED_EDGE('',*,*,#4345,.F.);
#4352 = ORIENTED_EDGE('',*,*,#2872,.T.);
#4353 = CYLINDRICAL_SURFACE('',#4354,1.4);
#4354 = AXIS2_PLACEMENT_3D('',#4355,#4356,#4357);
#4355 = CARTESIAN_POINT('',(60.,0.,0.));
#4356 = DIRECTION('',(-0.,-0.,-1.));
#4357 = DIRECTION('',(1.,0.,0.));
#4358 = ADVANCED_FACE('',(#4359),#4371,.F.);
#4359 = FACE_BOUND('',#4360,.T.);
#4360 = EDGE_LOOP('',(#4361,#4362,#4368,#4369,#4370));
#4361 = ORIENTED_EDGE('',*,*,#2915,.T.);
#4362 = ORIENTED_EDGE('',*,*,#4363,.T.);
#4363 = EDGE_CURVE('',#2907,#3689,#4364,.T.);
#4364 = LINE('',#4365,#4366);
#4365 = CARTESIAN_POINT('',(81.4,0.,0.));
#4366 = VECTOR('',#4367,1.);
#4367 = DIRECTION('',(0.,0.,1.));
#4368 = ORIENTED_EDGE('',*,*,#3688,.T.);
#4369 = ORIENTED_EDGE('',*,*,#4363,.F.);
#4370 = ORIENTED_EDGE('',*,*,#2906,.T.);
#4371 = CYLINDRICAL_SURFACE('',#4372,1.4);
#4372 = AXIS2_PLACEMENT_3D('',#4373,#4374,#4375);
#4373 = CARTESIAN_POINT('',(80.,0.,0.));
#4374 = DIRECTION('',(-0.,-0.,-1.));
#4375 = DIRECTION('',(1.,0.,0.));
#4376 = ADVANCED_FACE('',(#4377),#4389,.F.);
#4377 = FACE_BOUND('',#4378,.T.);
#4378 = EDGE_LOOP('',(#4379,#4380,#4386,#4387,#4388));
#4379 = ORIENTED_EDGE('',*,*,#2949,.T.);
#4380 = ORIENTED_EDGE('',*,*,#4381,.T.);
#4381 = EDGE_CURVE('',#2941,#3700,#4382,.T.);
#4382 = LINE('',#4383,#4384);
#4383 = CARTESIAN_POINT('',(75.4,21.,0.));
#4384 = VECTOR('',#4385,1.);
#4385 = DIRECTION('',(0.,0.,1.));
#4386 = ORIENTED_EDGE('',*,*,#3699,.T.);
#4387 = ORIENTED_EDGE('',*,*,#4381,.F.);
#4388 = ORIENTED_EDGE('',*,*,#2940,.T.);
#4389 = CYLINDRICAL_SURFACE('',#4390,1.4);
#4390 = AXIS2_PLACEMENT_3D('',#4391,#4392,#4393);
#4391 = CARTESIAN_POINT('',(74.,21.,0.));
#4392 = DIRECTION('',(-0.,-0.,-1.));
#4393 = DIRECTION('',(1.,0.,0.));
#4394 = ADVANCED_FACE('',(#4395),#4407,.F.);
#4395 = FACE_BOUND('',#4396,.T.);
#4396 = EDGE_LOOP('',(#4397,#4398,#4404,#4405,#4406));
#4397 = ORIENTED_EDGE('',*,*,#2983,.T.);
#4398 = ORIENTED_EDGE('',*,*,#4399,.T.);
#4399 = EDGE_CURVE('',#2975,#3711,#4400,.T.);
#4400 = LINE('',#4401,#4402);
#4401 = CARTESIAN_POINT('',(138.11954883688,0.,0.));
#4402 = VECTOR('',#4403,1.);
#4403 = DIRECTION('',(0.,0.,1.));
#4404 = ORIENTED_EDGE('',*,*,#3710,.T.);
#4405 = ORIENTED_EDGE('',*,*,#4399,.F.);
#4406 = ORIENTED_EDGE('',*,*,#2974,.T.);
#4407 = CYLINDRICAL_SURFACE('',#4408,1.4);
#4408 = AXIS2_PLACEMENT_3D('',#4409,#4410,#4411);
#4409 = CARTESIAN_POINT('',(136.71954883688,0.,0.));
#4410 = DIRECTION('',(-0.,-0.,-1.));
#4411 = DIRECTION('',(1.,0.,0.));
#4412 = ADVANCED_FACE('',(#4413),#4425,.F.);
#4413 = FACE_BOUND('',#4414,.T.);
#4414 = EDGE_LOOP('',(#4415,#4416,#4422,#4423,#4424));
#4415 = ORIENTED_EDGE('',*,*,#3042,.T.);
#4416 = ORIENTED_EDGE('',*,*,#4417,.T.);
#4417 = EDGE_CURVE('',#3034,#3725,#4418,.T.);
#4418 = LINE('',#4419,#4420);
#4419 = CARTESIAN_POINT('',(168.11954883688,0.,0.));
#4420 = VECTOR('',#4421,1.);
#4421 = DIRECTION('',(0.,0.,1.));
#4422 = ORIENTED_EDGE('',*,*,#3724,.T.);
#4423 = ORIENTED_EDGE('',*,*,#4417,.F.);
#4424 = ORIENTED_EDGE('',*,*,#3033,.T.);
#4425 = CYLINDRICAL_SURFACE('',#4426,1.4);
#4426 = AXIS2_PLACEMENT_3D('',#4427,#4428,#4429);
#4427 = CARTESIAN_POINT('',(166.71954883688,0.,0.));
#4428 = DIRECTION('',(-0.,-0.,-1.));
#4429 = DIRECTION('',(1.,0.,0.));
#4430 = ADVANCED_FACE('',(#4431),#4442,.F.);
#4431 = FACE_BOUND('',#4432,.T.);
#4432 = EDGE_LOOP('',(#4433,#4439,#4440,#4441));
#4433 = ORIENTED_EDGE('',*,*,#4434,.F.);
#4434 = EDGE_CURVE('',#3058,#3736,#4435,.T.);
#4435 = LINE('',#4436,#4437);
#4436 = CARTESIAN_POINT('',(61.008200599802,39.314828073178,2.35));
#4437 = VECTOR('',#4438,1.);
#4438 = DIRECTION('',(8.E-17,0.,1.));
#4439 = ORIENTED_EDGE('',*,*,#3067,.T.);
#4440 = ORIENTED_EDGE('',*,*,#4434,.T.);
#4441 = ORIENTED_EDGE('',*,*,#3735,.T.);
#4442 = CYLINDRICAL_SURFACE('',#4443,0.7);
#4443 = AXIS2_PLACEMENT_3D('',#4444,#4445,#4446);
#4444 = CARTESIAN_POINT('',(61.708200599802,39.314828073178,2.35));
#4445 = DIRECTION('',(0.,0.,1.));
#4446 = DIRECTION('',(-1.,0.,0.));
#4447 = ADVANCED_FACE('',(#4448),#4460,.F.);
#4448 = FACE_BOUND('',#4449,.T.);
#4449 = EDGE_LOOP('',(#4450,#4451,#4457,#4458,#4459));
#4450 = ORIENTED_EDGE('',*,*,#3101,.T.);
#4451 = ORIENTED_EDGE('',*,*,#4452,.T.);
#4452 = EDGE_CURVE('',#3093,#3747,#4453,.T.);
#4453 = LINE('',#4454,#4455);
#4454 = CARTESIAN_POINT('',(75.4,41.,0.));
#4455 = VECTOR('',#4456,1.);
#4456 = DIRECTION('',(0.,0.,1.));
#4457 = ORIENTED_EDGE('',*,*,#3746,.T.);
#4458 = ORIENTED_EDGE('',*,*,#4452,.F.);
#4459 = ORIENTED_EDGE('',*,*,#3092,.T.);
#4460 = CYLINDRICAL_SURFACE('',#4461,1.4);
#4461 = AXIS2_PLACEMENT_3D('',#4462,#4463,#4464);
#4462 = CARTESIAN_POINT('',(74.,41.,0.));
#4463 = DIRECTION('',(-0.,-0.,-1.));
#4464 = DIRECTION('',(1.,0.,0.));
#4465 = ADVANCED_FACE('',(#4466),#4478,.F.);
#4466 = FACE_BOUND('',#4467,.T.);
#4467 = EDGE_LOOP('',(#4468,#4469,#4475,#4476,#4477));
#4468 = ORIENTED_EDGE('',*,*,#3135,.T.);
#4469 = ORIENTED_EDGE('',*,*,#4470,.T.);
#4470 = EDGE_CURVE('',#3127,#3758,#4471,.T.);
#4471 = LINE('',#4472,#4473);
#4472 = CARTESIAN_POINT('',(86.119548836887,40.,0.));
#4473 = VECTOR('',#4474,1.);
#4474 = DIRECTION('',(0.,0.,1.));
#4475 = ORIENTED_EDGE('',*,*,#3757,.T.);
#4476 = ORIENTED_EDGE('',*,*,#4470,.F.);
#4477 = ORIENTED_EDGE('',*,*,#3126,.T.);
#4478 = CYLINDRICAL_SURFACE('',#4479,1.4);
#4479 = AXIS2_PLACEMENT_3D('',#4480,#4481,#4482);
#4480 = CARTESIAN_POINT('',(84.719548836887,40.,0.));
#4481 = DIRECTION('',(-0.,-0.,-1.));
#4482 = DIRECTION('',(1.,0.,0.));
#4483 = ADVANCED_FACE('',(#4484),#4496,.F.);
#4484 = FACE_BOUND('',#4485,.T.);
#4485 = EDGE_LOOP('',(#4486,#4487,#4493,#4494,#4495));
#4486 = ORIENTED_EDGE('',*,*,#3169,.T.);
#4487 = ORIENTED_EDGE('',*,*,#4488,.T.);
#4488 = EDGE_CURVE('',#3161,#3769,#4489,.T.);
#4489 = LINE('',#4490,#4491);
#4490 = CARTESIAN_POINT('',(98.119548836887,40.,0.));
#4491 = VECTOR('',#4492,1.);
#4492 = DIRECTION('',(0.,0.,1.));
#4493 = ORIENTED_EDGE('',*,*,#3768,.T.);
#4494 = ORIENTED_EDGE('',*,*,#4488,.F.);
#4495 = ORIENTED_EDGE('',*,*,#3160,.T.);
#4496 = CYLINDRICAL_SURFACE('',#4497,1.4);
#4497 = AXIS2_PLACEMENT_3D('',#4498,#4499,#4500);
#4498 = CARTESIAN_POINT('',(96.719548836887,40.,0.));
#4499 = DIRECTION('',(-0.,-0.,-1.));
#4500 = DIRECTION('',(1.,0.,0.));
#4501 = ADVANCED_FACE('',(#4502),#4514,.F.);
#4502 = FACE_BOUND('',#4503,.T.);
#4503 = EDGE_LOOP('',(#4504,#4505,#4511,#4512,#4513));
#4504 = ORIENTED_EDGE('',*,*,#3203,.T.);
#4505 = ORIENTED_EDGE('',*,*,#4506,.T.);
#4506 = EDGE_CURVE('',#3195,#3780,#4507,.T.);
#4507 = LINE('',#4508,#4509);
#4508 = CARTESIAN_POINT('',(133.11954883688,40.,0.));
#4509 = VECTOR('',#4510,1.);
#4510 = DIRECTION('',(0.,0.,1.));
#4511 = ORIENTED_EDGE('',*,*,#3779,.T.);
#4512 = ORIENTED_EDGE('',*,*,#4506,.F.);
#4513 = ORIENTED_EDGE('',*,*,#3194,.T.);
#4514 = CYLINDRICAL_SURFACE('',#4515,1.4);
#4515 = AXIS2_PLACEMENT_3D('',#4516,#4517,#4518);
#4516 = CARTESIAN_POINT('',(131.71954883688,40.,0.));
#4517 = DIRECTION('',(-0.,-0.,-1.));
#4518 = DIRECTION('',(1.,0.,0.));
#4519 = ADVANCED_FACE('',(#4520),#4532,.F.);
#4520 = FACE_BOUND('',#4521,.T.);
#4521 = EDGE_LOOP('',(#4522,#4523,#4529,#4530,#4531));
#4522 = ORIENTED_EDGE('',*,*,#3237,.T.);
#4523 = ORIENTED_EDGE('',*,*,#4524,.T.);
#4524 = EDGE_CURVE('',#3229,#3791,#4525,.T.);
#4525 = LINE('',#4526,#4527);
#4526 = CARTESIAN_POINT('',(168.11954883688,40.,0.));
#4527 = VECTOR('',#4528,1.);
#4528 = DIRECTION('',(0.,0.,1.));
#4529 = ORIENTED_EDGE('',*,*,#3790,.T.);
#4530 = ORIENTED_EDGE('',*,*,#4524,.F.);
#4531 = ORIENTED_EDGE('',*,*,#3228,.T.);
#4532 = CYLINDRICAL_SURFACE('',#4533,1.4);
#4533 = AXIS2_PLACEMENT_3D('',#4534,#4535,#4536);
#4534 = CARTESIAN_POINT('',(166.71954883688,40.,0.));
#4535 = DIRECTION('',(-0.,-0.,-1.));
#4536 = DIRECTION('',(1.,0.,0.));
#4537 = ADVANCED_FACE('',(#4538),#4548,.T.);
#4538 = FACE_BOUND('',#4539,.T.);
#4539 = EDGE_LOOP('',(#4540,#4541,#4542,#4543,#4544,#4545,#4546,#4547));
#4540 = ORIENTED_EDGE('',*,*,#975,.F.);
#4541 = ORIENTED_EDGE('',*,*,#361,.T.);
#4542 = ORIENTED_EDGE('',*,*,#910,.T.);
#4543 = ORIENTED_EDGE('',*,*,#3254,.F.);
#4544 = ORIENTED_EDGE('',*,*,#1062,.F.);
#4545 = ORIENTED_EDGE('',*,*,#73,.T.);
#4546 = ORIENTED_EDGE('',*,*,#1126,.T.);
#4547 = ORIENTED_EDGE('',*,*,#3318,.F.);
#4548 = PLANE('',#4549);
#4549 = AXIS2_PLACEMENT_3D('',#4550,#4551,#4552);
#4550 = CARTESIAN_POINT('',(-165.7804511631,-1.833E-14,2.880363033725));
#4551 = DIRECTION('',(1.,-7.7E-16,-1.659E-14));
#4552 = DIRECTION('',(1.659E-14,0.,1.));
#4553 = ( GEOMETRIC_REPRESENTATION_CONTEXT(3) 
GLOBAL_UNCERTAINTY_ASSIGNED_CONTEXT((#4557)) 
GLOBAL_UNIT_ASSIGNED_CONTEXT((#4554,#4555,#4556)) REPRESENTATION_CONTEXT
('Context #1','3D Context with UNIT and UNCERTAINTY') );
#4554 = ( LENGTH_UNIT() NAMED_UNIT(*) SI_UNIT(.MILLI.,.METRE.) );
#4555 = ( NAMED_UNIT(*) PLANE_ANGLE_UNIT() SI_UNIT($,.RADIAN.) );
#4556 = ( NAMED_UNIT(*) SI_UNIT($,.STERADIAN.) SOLID_ANGLE_UNIT() );
#4557 = UNCERTAINTY_MEASURE_WITH_UNIT(LENGTH_MEASURE(5.E-06),#4554,
  'distance_accuracy_value','confusion accuracy');
#4558 = PRODUCT_RELATED_PRODUCT_CATEGORY('part',$,(#7));
ENDSEC;
END-ISO-10303-21;
